tx,gas_used,status,event,data,backend
0x5ab84855cd44a8d3e73fa011ce45c63b1185ab057ef9fa44f6acf3fcfbdda6b0,145000,1,ListingCreated,"{'model_id': 'model_mnist_784_noniid', 'init_cid': 'sha256:06b364374210898ad311c48033620e9576e971969d4d4e64a688b6585949d1f3'}",mock
0xbcc82c1a94a9eb737f316bda0d37a2f10f6524658549d97362c789af5bdd3944,52000,1,RoundFunded,"{'model_id': 'model_mnist_784_noniid', 'amount_wei': 10000000000000000}",mock
0x56de5d0aaffb782f2515a3f28de122d0f879f475684d7e1086d645c0ac382fe5,86000,1,TicketReserved,"{'model_id': 'model_mnist_784_noniid', 'round': 0, 'ticket_id': 1, 'owner': 'acct_1'}",mock
0x8d448dc3c9f321191fe633382ec8f5b41a0028af15c405a6cf6283141511f491,93000,1,UpdatePublished,"{'model_id': 'model_mnist_784_noniid', 'round': 0, 'ticket_id': 1, 'cid': 'sha256:af8431a0cb5b05d4aaf9a8abd987b55a2bfd5ef3748fe10f86af6fe80c11b609'}",mock
0x98f417c27981aadb52337c5c01b04d67258b74be09756b7613c1f98e001de5bc,86000,1,TicketReserved,"{'model_id': 'model_mnist_784_noniid', 'round': 0, 'ticket_id': 2, 'owner': 'acct_2'}",mock
0xab47d20e82e379bc6451adbc2ec5b7e9b2f7b529471eb80e0f6294386c892793,93000,1,UpdatePublished,"{'model_id': 'model_mnist_784_noniid', 'round': 0, 'ticket_id': 2, 'cid': 'sha256:aee267bd3f822b081970ee297fbb426fe404c8cb1657f1b33cafdb931ee37df4'}",mock
0x16ad0475fa80b96c08a184c1a5e1081b2eeeeeff602eda1cfcb58b2846a68706,86000,1,TicketReserved,"{'model_id': 'model_mnist_784_noniid', 'round': 0, 'ticket_id': 3, 'owner': 'acct_3'}",mock
0x2b715feaa3929fed97df0c83b5713431863bfc2ecf780fa4c8e89236330b442f,93000,1,UpdatePublished,"{'model_id': 'model_mnist_784_noniid', 'round': 0, 'ticket_id': 3, 'cid': 'sha256:bc80fa332ea89d6458e7a2b7d66e3d7de5d41af85bcec2bfca63c3f15e1c97a6'}",mock
0xb124742304b2ee9f1e057deb220a654d65bf1b1734a829ce56b6329edca7dee2,86000,1,TicketReserved,"{'model_id': 'model_mnist_784_noniid', 'round': 0, 'ticket_id': 4, 'owner': 'acct_4'}",mock
0x41d0579627e18e60a34c8397d5f418cda8b91305a9229b8e988bcf4de4f061c0,93000,1,UpdatePublished,"{'model_id': 'model_mnist_784_noniid', 'round': 0, 'ticket_id': 4, 'cid': 'sha256:e70fa5bf3ad2ca65b8feb6affda120855cad08fc8410025dd9687707835783f2'}",mock
0x867a272bac6c0cb69eb6995e816bf8044b030d706735039f08bf93cfa9235079,86000,1,TicketReserved,"{'model_id': 'model_mnist_784_noniid', 'round': 0, 'ticket_id': 5, 'owner': 'acct_5'}",mock
0x0e64453b2a4c88f9873a218166519ccd7add61b5933a0acc0b1e809dc9532a09,93000,1,UpdatePublished,"{'model_id': 'model_mnist_784_noniid', 'round': 0, 'ticket_id': 5, 'cid': 'sha256:6498317dae9053d08199cd327bcc56e65ed93f1ac0b3829ab366b2cf19dc45a7'}",mock
0xbaa83c9f322e5fb44f9353acc9597c73afacbac39af8217f9f10aa2a9eb2ac15,86000,1,TicketReserved,"{'model_id': 'model_mnist_784_noniid', 'round': 0, 'ticket_id': 6, 'owner': 'acct_6'}",mock
0xea21faee3a39adaf542f89622cfa664a105c514c98829a998e4e512dbc574e9d,93000,1,UpdatePublished,"{'model_id': 'model_mnist_784_noniid', 'round': 0, 'ticket_id': 6, 'cid': 'sha256:d9623024a9192dd5d0ba7bab14fe721cbf5ad5195c3305866cf345957ee9a43c'}",mock
0x9297619a5cda300ed034829bdc0829342a50955c2179064c13156a6628ba4928,86000,1,TicketReserved,"{'model_id': 'model_mnist_784_noniid', 'round': 0, 'ticket_id': 7, 'owner': 'acct_7'}",mock
0x7c7fefdcff047fa7f6d53a5195f00aff53dd9b27067c76b8d2768d7cbf66c6e0,93000,1,UpdatePublished,"{'model_id': 'model_mnist_784_noniid', 'round': 0, 'ticket_id': 7, 'cid': 'sha256:7dd23b9bd05f9ae486a9792458ec275682e8b79b2bb8d9eb0ea03e2653b70f36'}",mock
0xe16252aaef42f14006135fcc8415a0fd2c49a688bd79b23b7c46b852aeabe31b,86000,1,TicketReserved,"{'model_id': 'model_mnist_784_noniid', 'round': 0, 'ticket_id': 8, 'owner': 'acct_8'}",mock
0x12d984dee7cc7c6d67a2a60653d4268714a45ca391f591c3c0c055ce3b3c81c4,93000,1,UpdatePublished,"{'model_id': 'model_mnist_784_noniid', 'round': 0, 'ticket_id': 8, 'cid': 'sha256:5695f409618e8c392e9e8d47538864a2bad65a401b948e006f9305d581924018'}",mock
0x58496763de3fd1fc7196101d614e1919f4bb13713d8a00040274b8b634639126,86000,1,TicketReserved,"{'model_id': 'model_mnist_784_noniid', 'round': 0, 'ticket_id': 9, 'owner': 'acct_9'}",mock
0xc5f7f80f830778b7ebf507f13f4c48b5c9906cafc018ffc7eb1769782d00ad26,93000,1,UpdatePublished,"{'model_id': 'model_mnist_784_noniid', 'round': 0, 'ticket_id': 9, 'cid': 'sha256:7b258b34047aa99420dc548b0faf9e013380bf88e6d8126cbcddb29b867eacfc'}",mock
0x55604b9dd8aed0da9a6a5cb4a8b85043b140a9a85f21804c5701054226f2c0be,86000,1,TicketReserved,"{'model_id': 'model_mnist_784_noniid', 'round': 0, 'ticket_id': 10, 'owner': 'acct_10'}",mock
0xe485c937dd370d3ab0a970ea43b80e9abbb33e348eda05836537e1897b5ec3e9,93000,1,UpdatePublished,"{'model_id': 'model_mnist_784_noniid', 'round': 0, 'ticket_id': 10, 'cid': 'sha256:3cadcd9afc9679543746e74bfb0a28796033322f2b3607d45b805503cf4b0ec5'}",mock
0x4298e397b5de4359f52a18e92ba392b4c2f2d161348a0d56e5b00cbd8544ac8d,86000,1,TicketReserved,"{'model_id': 'model_mnist_784_noniid', 'round': 0, 'ticket_id': 11, 'owner': 'acct_11'}",mock
0x4c526912c497c1182da98b51f7db830c3ea44b2a49aa4d1140bd895435d4ec9e,93000,1,UpdatePublished,"{'model_id': 'model_mnist_784_noniid', 'round': 0, 'ticket_id': 11, 'cid': 'sha256:6d0e08bd3bc25b8f02cd4ea4fe0e22662c115937c959073c2657bef84c45b6c9'}",mock
0xd610f183ce7b57ed2fc6bd5713c108d3882bbceb982963b0ade812f5efca8624,86000,1,TicketReserved,"{'model_id': 'model_mnist_784_noniid', 'round': 0, 'ticket_id': 12, 'owner': 'acct_12'}",mock
0x05b5a838539e6fe12eb9e80c603c6b12935bac7d53e962f3204e98f8207443b2,93000,1,UpdatePublished,"{'model_id': 'model_mnist_784_noniid', 'round': 0, 'ticket_id': 12, 'cid': 'sha256:e825b91fd95308d8ea0cca2e0d94013573634ced9526130157de242359d4f135'}",mock
0x08dbeabd3d59f480ebce0f46b8957daa985d1719a561338958e6107eaeec1383,86000,1,TicketReserved,"{'model_id': 'model_mnist_784_noniid', 'round': 0, 'ticket_id': 13, 'owner': 'acct_13'}",mock
0xc27d6d77365d4ff270b2764dc5b199e2ac76eef3c06a6291d0d5fefe43644577,93000,1,UpdatePublished,"{'model_id': 'model_mnist_784_noniid', 'round': 0, 'ticket_id': 13, 'cid': 'sha256:356e043b7ed3694957b3edb60b45c840a5414576f9f3271963ba9e8ada3fd466'}",mock
0x19250601c2a6931f9d99f899a3c6f0eb260c7d5459e68c065c2a7ada8b1c6c6a,86000,1,TicketReserved,"{'model_id': 'model_mnist_784_noniid', 'round': 0, 'ticket_id': 14, 'owner': 'acct_14'}",mock
0xb966639b48a88c2b6e0844afcedb6a8dc1d53684c49bcdbb3e2d779bf87d66d3,93000,1,UpdatePublished,"{'model_id': 'model_mnist_784_noniid', 'round': 0, 'ticket_id': 14, 'cid': 'sha256:5d3576ce134b90ceb39eb8f6cb19d4c4c8ac2eaf669edbd7ed2724a4444f0e39'}",mock
0x5d13de7b792d93c950a8d76aed191336f8429c424bf7ac3aaa62011527dc4df2,86000,1,TicketReserved,"{'model_id': 'model_mnist_784_noniid', 'round': 0, 'ticket_id': 15, 'owner': 'acct_15'}",mock
0x06a85590a6ffad92fa41411e21977a4665fbe1d9ef633eacbff09db51492b744,93000,1,UpdatePublished,"{'model_id': 'model_mnist_784_noniid', 'round': 0, 'ticket_id': 15, 'cid': 'sha256:df5c17a915310272befef748009b39aeb75d392d2fb6002e2f10317610d16d7e'}",mock
0xc9de863883afdd3564d39ad72f165e14d9712214c27a3bc5635ff2894e672fbf,86000,1,TicketReserved,"{'model_id': 'model_mnist_784_noniid', 'round': 0, 'ticket_id': 16, 'owner': 'acct_16'}",mock
0x8f2d0cae25a866e52e26dcc0bc6178db03477fbbfd1a9af7ae44e2287869faa2,93000,1,UpdatePublished,"{'model_id': 'model_mnist_784_noniid', 'round': 0, 'ticket_id': 16, 'cid': 'sha256:9bee8b655f3aee809041a6ef14efefd246b73d0f56f569c75e8e32b8fe7db794'}",mock
0xa74fd0054fb3c56b39b7d6c54a1394a470d5c34b6249d1429bc2647bc94fd1cc,86000,1,TicketReserved,"{'model_id': 'model_mnist_784_noniid', 'round': 0, 'ticket_id': 17, 'owner': 'acct_17'}",mock
0x2f6b2536ad386aa5dcf6aac75eb26ff9b8f44225b22471969bca52ea6e4cbe91,93000,1,UpdatePublished,"{'model_id': 'model_mnist_784_noniid', 'round': 0, 'ticket_id': 17, 'cid': 'sha256:03d0bdda82e1780845978c5bd092c146b8fc941240c337dae30f4064b936d071'}",mock
0x0924c61d1a8940f8c065cc322880778e73828712a937ba49e5d7852f38c75be9,86000,1,TicketReserved,"{'model_id': 'model_mnist_784_noniid', 'round': 0, 'ticket_id': 18, 'owner': 'acct_18'}",mock
0x071d2a8030eb4938dd99dfc95bc5b5457cd792f5bca12e91605c8b371dfa5bce,93000,1,UpdatePublished,"{'model_id': 'model_mnist_784_noniid', 'round': 0, 'ticket_id': 18, 'cid': 'sha256:44cce80bebbc3c417fe99e78db85df371506e879a1487c6db533fc52f9e41dd7'}",mock
0x2c54f930d3ac15a6b2117441b923eb90060304f2cd8c5f1db5f462ef16300acb,86000,1,TicketReserved,"{'model_id': 'model_mnist_784_noniid', 'round': 0, 'ticket_id': 19, 'owner': 'acct_19'}",mock
0xe60236d956589aaf5ba02db0647112a88313d08ba15a682fe725059ad19d3570,93000,1,UpdatePublished,"{'model_id': 'model_mnist_784_noniid', 'round': 0, 'ticket_id': 19, 'cid': 'sha256:d19b97efd328371b6b94f7e894371e7203d0199ac40a60eb934115bc0698aaba'}",mock
0x58527fcd130cc70e2cdca042deaa73a8b944ddb7794b5f9035a44d0506897544,86000,1,TicketReserved,"{'model_id': 'model_mnist_784_noniid', 'round': 0, 'ticket_id': 20, 'owner': 'acct_20'}",mock
0x9edd6b6e4a29392f14635832a4e5570a42cf958d50591517f693835c90a36d92,93000,1,UpdatePublished,"{'model_id': 'model_mnist_784_noniid', 'round': 0, 'ticket_id': 20, 'cid': 'sha256:fe64b37e1a70657f7a9f2c6cbd1ba4a2e1c5fa412744c46fbfbe67f8ea94472a'}",mock
0xadf22da06421dc3eed046f970cc90a1fb596168deec507148b8cebd60c791765,86000,1,TicketReserved,"{'model_id': 'model_mnist_784_noniid', 'round': 0, 'ticket_id': 21, 'owner': 'acct_21'}",mock
0x0b69dce91f5022facda0d0c42ca1c2685ff70508eef03a1adc07b4bbe61e8303,93000,1,UpdatePublished,"{'model_id': 'model_mnist_784_noniid', 'round': 0, 'ticket_id': 21, 'cid': 'sha256:cf32ac00934d1c29bf6f541e608889f678a70c6a55d1e4ecc4d25b92104ef1d8'}",mock
0x8acfff3681ee93e7c5c2cc8aae181f37bbeb37f1f863ac852176ab2b7711dbfe,86000,1,TicketReserved,"{'model_id': 'model_mnist_784_noniid', 'round': 0, 'ticket_id': 22, 'owner': 'acct_22'}",mock
0xfbdb8c8c3f3daade0d22a14510cee1f7d4e324f798bc5dd1522d268eb0ef3d2f,93000,1,UpdatePublished,"{'model_id': 'model_mnist_784_noniid', 'round': 0, 'ticket_id': 22, 'cid': 'sha256:8eb18af375fc41369728b20bcedc3687c38abbcc4f47d4478e8fefda17830c0a'}",mock
0xe1ce51d1b9e7bfcc672301a3244b70f7da755d8e67596d12e5e08d987a7b3445,86000,1,TicketReserved,"{'model_id': 'model_mnist_784_noniid', 'round': 0, 'ticket_id': 23, 'owner': 'acct_23'}",mock
0xf4aae7e24275a9bbd20e825dc0594033f32612ba01dd1cc414204c0dd2d19941,93000,1,UpdatePublished,"{'model_id': 'model_mnist_784_noniid', 'round': 0, 'ticket_id': 23, 'cid': 'sha256:9addae1b441eb19eb99b7d184aac240c3952ea67dc551f2f2d663e7719eab1fe'}",mock
0xcac21b64df2e93b9458d8b27714560d191b42fbdd3215b802197e777b927813c,86000,1,TicketReserved,"{'model_id': 'model_mnist_784_noniid', 'round': 0, 'ticket_id': 24, 'owner': 'acct_24'}",mock
0x9b43f8af2ff3fe6dc0111ea9e0313e4f21b4555d6594d143c9cffe25d6c8e5b1,93000,1,UpdatePublished,"{'model_id': 'model_mnist_784_noniid', 'round': 0, 'ticket_id': 24, 'cid': 'sha256:14156d9f05757dae874e76943848911ab0c5be8c48e75e486c79c61f776700dd'}",mock
0x2aeb38b5fc5e49b75266caa6a6048e2d6eacc67edd3db7960fa7078701fbc152,86000,1,TicketReserved,"{'model_id': 'model_mnist_784_noniid', 'round': 0, 'ticket_id': 25, 'owner': 'acct_25'}",mock
0x86df3c8622b485b453d35fdbff72ca0764323e92e010f06d5d2f01d6cf437295,93000,1,UpdatePublished,"{'model_id': 'model_mnist_784_noniid', 'round': 0, 'ticket_id': 25, 'cid': 'sha256:f302c5f5465f543b3442e3402669927b627fe12307810b578063d0de4b30b96a'}",mock
0x62c1581a694fa09333038d9ea3b0b1ef3e74d7c5058f2c428d750acde427fff7,86000,1,TicketReserved,"{'model_id': 'model_mnist_784_noniid', 'round': 0, 'ticket_id': 26, 'owner': 'acct_26'}",mock
0x62e3a968034258392d01f898f7fb1b69424df9b0c197f253f11fb0a998fb2832,93000,1,UpdatePublished,"{'model_id': 'model_mnist_784_noniid', 'round': 0, 'ticket_id': 26, 'cid': 'sha256:afbaf74197504aa19717979beeddfe2182bea961a05b5094849c2a6d4bad9f0f'}",mock
0xfeeedab3f52578c0a0f015632c4038842f28214580f5b39fec08ebeced7c2efa,86000,1,TicketReserved,"{'model_id': 'model_mnist_784_noniid', 'round': 0, 'ticket_id': 27, 'owner': 'acct_27'}",mock
0x016d0adc33e4db7f05ea00ff008c3c834cfdc414dc51fbe766a0fcc16e8fb0ec,93000,1,UpdatePublished,"{'model_id': 'model_mnist_784_noniid', 'round': 0, 'ticket_id': 27, 'cid': 'sha256:ffc054bb83b58aea4b7f75e3988eb4a21d3afb40972e65fa42a26538b70f35dd'}",mock
0xcbc60507315cd1296a60a632e1c6ac8582b94bfa0a2f61ce1f370f5ac04672e5,86000,1,TicketReserved,"{'model_id': 'model_mnist_784_noniid', 'round': 0, 'ticket_id': 28, 'owner': 'acct_28'}",mock
0x594c46f837f93d6619d8b70bb689e9ba4764c880068b18f06d081f5507321cc7,93000,1,UpdatePublished,"{'model_id': 'model_mnist_784_noniid', 'round': 0, 'ticket_id': 28, 'cid': 'sha256:811bccb732bdcf0f04158d70991bab5b2f56f20bf879e6cecdf9b468481c670d'}",mock
0x38ed7c4753f50f61538c61c6a01aa42c5ff04b9b12fae305593f701e4909e032,86000,1,TicketReserved,"{'model_id': 'model_mnist_784_noniid', 'round': 0, 'ticket_id': 29, 'owner': 'acct_29'}",mock
0xb8873843a62cd5096c0b8174a2e11aed1e2d47b3bbfe2a3d69c6ecdf53979d63,93000,1,UpdatePublished,"{'model_id': 'model_mnist_784_noniid', 'round': 0, 'ticket_id': 29, 'cid': 'sha256:606bb06a925d80ecea6e17fb5a9a64ed8dd22a1b71fe3ec81b837b172a287052'}",mock
0xd1785e58c76de358ea6b36f67ff6f500e9ec060598f7f5ea2421c7f972f66807,86000,1,TicketReserved,"{'model_id': 'model_mnist_784_noniid', 'round': 0, 'ticket_id': 30, 'owner': 'acct_30'}",mock
0x151e6790c6a671073187e620db325609d4d0d4036b1f28d2c866fa9ee2cdd1bc,93000,1,UpdatePublished,"{'model_id': 'model_mnist_784_noniid', 'round': 0, 'ticket_id': 30, 'cid': 'sha256:d031262a2f9082981e5d11808e6089dcbc9a204fb6df3acae68cc78f7987da56'}",mock
0xaa5d17e8538988a5ed6a7ecf5104851b01e280088269066663b68d8dc6d43dd3,86000,1,TicketReserved,"{'model_id': 'model_mnist_784_noniid', 'round': 0, 'ticket_id': 31, 'owner': 'acct_31'}",mock
0xd1ff6fa522f91b204ace888189d0a23f1afef5e21c80c94222b3b898dc3941ea,93000,1,UpdatePublished,"{'model_id': 'model_mnist_784_noniid', 'round': 0, 'ticket_id': 31, 'cid': 'sha256:3b7f2aa7261e878a8586b9b344c0e8bb8e2dadb13e76193485240c506ffcbbc0'}",mock
0x80cdfc217329759921846c0a8364c21900e1c58d09b0945263682a5abec48aff,86000,1,TicketReserved,"{'model_id': 'model_mnist_784_noniid', 'round': 0, 'ticket_id': 32, 'owner': 'acct_32'}",mock
0x1db10651af9e01d11b48198f54be11490b53e8ad707bbec9c7c4b888b43b6d81,93000,1,UpdatePublished,"{'model_id': 'model_mnist_784_noniid', 'round': 0, 'ticket_id': 32, 'cid': 'sha256:2b855452d637d30e8e910414245c6ae8b0b926886c4b4b2ec95901ce8fea8719'}",mock
0xe09fff2ee4df33727c3b7aa70238931ae3d9bfd03620e639ed6753c5a4f4709c,86000,1,TicketReserved,"{'model_id': 'model_mnist_784_noniid', 'round': 0, 'ticket_id': 33, 'owner': 'acct_33'}",mock
0xbd48dda3fe34ed83ddc226df8c7cd18ca6efa66cd7c44dedaa23647c47a0e3e9,93000,1,UpdatePublished,"{'model_id': 'model_mnist_784_noniid', 'round': 0, 'ticket_id': 33, 'cid': 'sha256:ec575a1d5b8054299eacc9efbd4b10da34555e21888d166f706cfdaf49205f61'}",mock
0xbf113b600ba237869aae560d327b0f2fb8cae854412c3d7c0387c76d4e550a2b,86000,1,TicketReserved,"{'model_id': 'model_mnist_784_noniid', 'round': 0, 'ticket_id': 34, 'owner': 'acct_34'}",mock
0xd15167c905074543ee89d66fa83d9c7246a0ff8f4446532bfe0fbb2e53417027,93000,1,UpdatePublished,"{'model_id': 'model_mnist_784_noniid', 'round': 0, 'ticket_id': 34, 'cid': 'sha256:21e4314e6e8f8ca9cce0fbdf3141a887b3c3fab21a1afc9f92d556a090321bb4'}",mock
0x13df0a6317139d995ca8008e8920e28a8f4a050a6b457fcc7367c1750d935471,86000,1,TicketReserved,"{'model_id': 'model_mnist_784_noniid', 'round': 0, 'ticket_id': 35, 'owner': 'acct_35'}",mock
0x0a09fe20ff055cc942e55ddeb8e384ef9374fbb07ef07af1d9625df60c8a9964,93000,1,UpdatePublished,"{'model_id': 'model_mnist_784_noniid', 'round': 0, 'ticket_id': 35, 'cid': 'sha256:ac6932fba7420366a0337e756c34d376613fb95ee93c2c0aeab4088af940019e'}",mock
0xdb56c0d96a6e279dd0861f7a21285303dff8e9c37407ead6050ed50f9825eab6,86000,1,TicketReserved,"{'model_id': 'model_mnist_784_noniid', 'round': 0, 'ticket_id': 36, 'owner': 'acct_36'}",mock
0x5604eb193208178b4e2c6be206104bd87a036260a748d6e8cb91331eca8cd017,93000,1,UpdatePublished,"{'model_id': 'model_mnist_784_noniid', 'round': 0, 'ticket_id': 36, 'cid': 'sha256:c0fa39dbb53771d660026de060a0198c11e45dc770bc6e6a8d5e2e155cc9cd16'}",mock
0x01e4dd9b056c018a2ee75eb5afb88d073726b923e609142a6a005ea33d5608c4,86000,1,TicketReserved,"{'model_id': 'model_mnist_784_noniid', 'round': 0, 'ticket_id': 37, 'owner': 'acct_37'}",mock
0x614da7d525252bdf2f75d86015e9ba5533a19054c729b8201ccc8223116b4db4,93000,1,UpdatePublished,"{'model_id': 'model_mnist_784_noniid', 'round': 0, 'ticket_id': 37, 'cid': 'sha256:31b8c15b26e4cf7a2260cef56034926df3ff19189b48cb17f2e1a6685b13fcc6'}",mock
0x2ac3381240414be3afb6db34f99663707d58f117ea4733dbd6f2b2ec134c5d92,86000,1,TicketReserved,"{'model_id': 'model_mnist_784_noniid', 'round': 0, 'ticket_id': 38, 'owner': 'acct_38'}",mock
0x2ba3ee529a0ff0bbb3932de56f100dcb299aea202d1394f7d80fb39ba88e656d,93000,1,UpdatePublished,"{'model_id': 'model_mnist_784_noniid', 'round': 0, 'ticket_id': 38, 'cid': 'sha256:7f3971acb81eb59e4384448e9b3f4350ac1577c9e0c7d84adb58d671b3d4b5fe'}",mock
0xaa7542758486693d20c89ff2cbd0ad6adaf586a21a74ffd40837efe8ca5d45a6,86000,1,TicketReserved,"{'model_id': 'model_mnist_784_noniid', 'round': 0, 'ticket_id': 39, 'owner': 'acct_39'}",mock
0x5e7c3864981e31ee3b423ab22ff33bf603020ab4510b7441260866ff15c2c448,93000,1,UpdatePublished,"{'model_id': 'model_mnist_784_noniid', 'round': 0, 'ticket_id': 39, 'cid': 'sha256:89fd42c000f11328827b18fb135ce0f36de9f1a05c764dd7b368741eac9f6ddb'}",mock
0x880a0545d1bc53526357f63271d23c751e5c58309f1657556b06de352f568de0,86000,1,TicketReserved,"{'model_id': 'model_mnist_784_noniid', 'round': 0, 'ticket_id': 40, 'owner': 'acct_40'}",mock
0xa52224ab882fbc1578e4ce9ef2dd943443cd1222669a8a1371f69ebc52875ecd,93000,1,UpdatePublished,"{'model_id': 'model_mnist_784_noniid', 'round': 0, 'ticket_id': 40, 'cid': 'sha256:91a45dbda6bd10a59d7291615ec2c96544ee567b125938690fdce3234d8f3346'}",mock
0xcc2910efbf12eac1405cb167a1e8924acba165dfa60d902dc8a84fca058c9a60,86000,1,TicketReserved,"{'model_id': 'model_mnist_784_noniid', 'round': 0, 'ticket_id': 41, 'owner': 'acct_41'}",mock
0x90f2f1b3058e3d387745c43557c24cf955876ed0d57d26c2dc11a7b21e34e20f,93000,1,UpdatePublished,"{'model_id': 'model_mnist_784_noniid', 'round': 0, 'ticket_id': 41, 'cid': 'sha256:d2e0eaefb390efde052d3c4203a640a11391c1c142905f8fb261607c7daf42a4'}",mock
0xff14853a374cdcea37ce43e3f81170f41734337e384914d9d57a04a8f9702c36,86000,1,TicketReserved,"{'model_id': 'model_mnist_784_noniid', 'round': 0, 'ticket_id': 42, 'owner': 'acct_42'}",mock
0x0f73523037c4108ae908852e792b04a4c1aa0d21b8f236fe7a19874b9dfeedb1,93000,1,UpdatePublished,"{'model_id': 'model_mnist_784_noniid', 'round': 0, 'ticket_id': 42, 'cid': 'sha256:196c8d2402883477b81620573bec5e93987aa01e32fce3e90f161c51e98f0840'}",mock
0x9ea859dc07d20da2e29cd5dea545f8d84a483099e0667bd1d8be669cde8fc352,86000,1,TicketReserved,"{'model_id': 'model_mnist_784_noniid', 'round': 0, 'ticket_id': 43, 'owner': 'acct_43'}",mock
0x52f23db37147562ba251e5af3e7a732110ce65932b61aed7e053ac00c4b1e017,93000,1,UpdatePublished,"{'model_id': 'model_mnist_784_noniid', 'round': 0, 'ticket_id': 43, 'cid': 'sha256:0f219b8d31c53607a3eedd85bbe127a604274915cd9a7d79ea1b2e6a080490ae'}",mock
0x674e731dc78adaf01b8a58f8cda480c2d6696061599287cd1979a30c7d1ec071,86000,1,TicketReserved,"{'model_id': 'model_mnist_784_noniid', 'round': 0, 'ticket_id': 44, 'owner': 'acct_44'}",mock
0x30328dae582e9392027d26eabd58543418629a27c3c4e41bc1589f5ba0006719,93000,1,UpdatePublished,"{'model_id': 'model_mnist_784_noniid', 'round': 0, 'ticket_id': 44, 'cid': 'sha256:b0f36ed6f989e6c7da5b360cb2431df2c1e7d2726b43d49d08d2c69f23e9ac05'}",mock
0xcba236cbd0e1445a38241478d5e4762dcb4bcfdc7a9ffa4de3066a4a80696854,86000,1,TicketReserved,"{'model_id': 'model_mnist_784_noniid', 'round': 0, 'ticket_id': 45, 'owner': 'acct_45'}",mock
0x98afc4a258d9ae76bd02b98685f74e9fda0b06523b3bc9991eda4adab013743c,93000,1,UpdatePublished,"{'model_id': 'model_mnist_784_noniid', 'round': 0, 'ticket_id': 45, 'cid': 'sha256:ed91007ad592e07461f97f4fdf7959231fbfb7e2af960c5afa36f15182edac4d'}",mock
0x5050e427fdc7104090cd4d672a6f669b16e796c3f099f7360c230cb74d5165cc,86000,1,TicketReserved,"{'model_id': 'model_mnist_784_noniid', 'round': 0, 'ticket_id': 46, 'owner': 'acct_46'}",mock
0x916657a9b6dd73816d2f1b75142fd32d88fb5df663ac4ce5d3cf83ac326281e8,93000,1,UpdatePublished,"{'model_id': 'model_mnist_784_noniid', 'round': 0, 'ticket_id': 46, 'cid': 'sha256:4e03c5824c1b0db6f6212d65f2596b347828785513c27cf44839b457597bb1a7'}",mock
0x7f40204fd38c41e5a1ddad74825953c2bee49eede9475a12169c557708a85f35,86000,1,TicketReserved,"{'model_id': 'model_mnist_784_noniid', 'round': 0, 'ticket_id': 47, 'owner': 'acct_47'}",mock
0x7948252e321128ecb498bc245c746aa7a732cfaef80c090911f1a954cbe0b733,93000,1,UpdatePublished,"{'model_id': 'model_mnist_784_noniid', 'round': 0, 'ticket_id': 47, 'cid': 'sha256:d111b77f40b63acacf88be56986190362d2826fdc003cea1c77958e5a2de6975'}",mock
0x2212c0d2d952b0feb7f8d9a248075fa265a41463b34140493148409e18e7b403,86000,1,TicketReserved,"{'model_id': 'model_mnist_784_noniid', 'round': 0, 'ticket_id': 48, 'owner': 'acct_48'}",mock
0xd0b4729be1bfa5fb8d6f3bbd89a13dc01d991e291064fd61a9b3f45dee8b5222,93000,1,UpdatePublished,"{'model_id': 'model_mnist_784_noniid', 'round': 0, 'ticket_id': 48, 'cid': 'sha256:e032fc448ea8e8eb1f2ae734491c6454557372d522bef9e7442c2496ebc92deb'}",mock
0xb12042b71ce2b540af4d135bfb20a92f4414a0ff9d81fcca7224cd59d2679252,86000,1,TicketReserved,"{'model_id': 'model_mnist_784_noniid', 'round': 0, 'ticket_id': 49, 'owner': 'acct_49'}",mock
0xcd9ee3f8c1e6a886e15a2a914ef41a72db193a53496dc21f656c6e4bd8e04fa9,93000,1,UpdatePublished,"{'model_id': 'model_mnist_784_noniid', 'round': 0, 'ticket_id': 49, 'cid': 'sha256:9cd0172c0c0ce6ac38cc28d10f14c29c3488c5902ec0f8ed3702c4a879f6d753'}",mock
0x3e1116adcd604489d4b3c2a40cfaf8a29989fe693cec69e66af502ed1f632d37,86000,1,TicketReserved,"{'model_id': 'model_mnist_784_noniid', 'round': 0, 'ticket_id': 50, 'owner': 'acct_50'}",mock
0x6ad9f44d038b9528290903ba4819d135e6596c1f5cb297d0153f181a4e9a3181,93000,1,UpdatePublished,"{'model_id': 'model_mnist_784_noniid', 'round': 0, 'ticket_id': 50, 'cid': 'sha256:44cb1550b19733d70a7e9b8236876b711a7d91b4e363bd00affd338e5b364743'}",mock
0xdd20531633a3250351c1a62279d8bb063159a52bfb364882faf2633c998e2b81,945000,1,RoundFinalized,"{'model_id': 'model_mnist_784_noniid', 'round': 0, 'included': 41, 'refunds': 41}",mock
0x71f665feda0d3d7cb720fe4d93348d1cdc22701e10016d37e7acd279334fa579,52000,1,RoundFunded,"{'model_id': 'model_mnist_784_noniid', 'amount_wei': 10000000000000000}",mock
0xe9f360bb96bb82d8e07d15b01ff2c0988a7851ffeed2f49099854a91dbaa118a,86000,1,TicketReserved,"{'model_id': 'model_mnist_784_noniid', 'round': 1, 'ticket_id': 51, 'owner': 'acct_1'}",mock
0xdd22f3654b0212b29b6938246d879b4289ac72fca3f2663bdd1635ff3da4b5ab,93000,1,UpdatePublished,"{'model_id': 'model_mnist_784_noniid', 'round': 1, 'ticket_id': 51, 'cid': 'sha256:79bebeaabfbb5ab5d8c83059d514790be7ff203a3d5680b832e0d936664c0672'}",mock
0x11d9d8862a66de95c71548bf12b4563eabfe8b618e4fe6caaaa9067ad7444fe0,86000,1,TicketReserved,"{'model_id': 'model_mnist_784_noniid', 'round': 1, 'ticket_id': 52, 'owner': 'acct_2'}",mock
0xf80e44d720f149aaba4e0e743d9ea9c07ad5b3878910e1905ec162281a3a1bac,93000,1,UpdatePublished,"{'model_id': 'model_mnist_784_noniid', 'round': 1, 'ticket_id': 52, 'cid': 'sha256:825f3b6df5e9d4939ad4f8e9b2ded23ec4880771944baaf572eab1aa0959f294'}",mock
0xc8096c3545211682205ae445a310f45b528a03262dc2f4eafb57670e024ee44a,86000,1,TicketReserved,"{'model_id': 'model_mnist_784_noniid', 'round': 1, 'ticket_id': 53, 'owner': 'acct_3'}",mock
0x59999227b144f8d756fd82da8005c0985c3106fd91b504e8412646d4e833de25,93000,1,UpdatePublished,"{'model_id': 'model_mnist_784_noniid', 'round': 1, 'ticket_id': 53, 'cid': 'sha256:901fc223e00735498ea9e27da60222c478d24d68fa630bef9663adff59e8e80e'}",mock
0xe6ea3d71d2394bcfb92000c1a23ca411fe32012f17321831464477e379cb90f3,86000,1,TicketReserved,"{'model_id': 'model_mnist_784_noniid', 'round': 1, 'ticket_id': 54, 'owner': 'acct_4'}",mock
0xbc0b6800cffd1f1aa17a1c98230c98f3053024a60f0feed4189b8e63f13ae682,93000,1,UpdatePublished,"{'model_id': 'model_mnist_784_noniid', 'round': 1, 'ticket_id': 54, 'cid': 'sha256:9ec939d7eb92a578fe42e6b46901b9ff1da6e13b7fc7ba74898137f42dc4da08'}",mock
0xf7d057095451716772256ac8e0daf65852efdc6e39ac49c105c42d32d9ed72ef,86000,1,TicketReserved,"{'model_id': 'model_mnist_784_noniid', 'round': 1, 'ticket_id': 55, 'owner': 'acct_5'}",mock
0xc1d583c7372cc23b914905e66fc9434d4f8cab6b9fc3ba2894bee1f4044c73a6,93000,1,UpdatePublished,"{'model_id': 'model_mnist_784_noniid', 'round': 1, 'ticket_id': 55, 'cid': 'sha256:f705e4a13bf241d647ad746b51e23eb8c2b46c4d3bb0d09efd51707dd30c0ea3'}",mock
0x66c1919e693ad733bd04478d36aeee91d02b9aa762535b1b1215ea8c810de330,86000,1,TicketReserved,"{'model_id': 'model_mnist_784_noniid', 'round': 1, 'ticket_id': 56, 'owner': 'acct_6'}",mock
0xca3586b6a452ba127440be5147130f1618726ee15ecd3392909d1c65905c369d,93000,1,UpdatePublished,"{'model_id': 'model_mnist_784_noniid', 'round': 1, 'ticket_id': 56, 'cid': 'sha256:e72df23c2d5012b8ebdd00eda4e591ec54c3c67c63248657b9c2600999827005'}",mock
0x2de7fa4aa3a7ac860d4eb4e02088a111b63b39adcdff23c89887f5dab20d092e,86000,1,TicketReserved,"{'model_id': 'model_mnist_784_noniid', 'round': 1, 'ticket_id': 57, 'owner': 'acct_7'}",mock
0x6867b0f4634d93cd1ba25532e45a0323b343c3500ae8bf461fb401ddba218882,93000,1,UpdatePublished,"{'model_id': 'model_mnist_784_noniid', 'round': 1, 'ticket_id': 57, 'cid': 'sha256:74a64884e804136e4871985166ed95e3f52d2977ad92f8e27dd2619f793114f3'}",mock
0x53a9efe66510937982e8e0815b84ba945e463843363f278b1438212d2b3fc5bc,86000,1,TicketReserved,"{'model_id': 'model_mnist_784_noniid', 'round': 1, 'ticket_id': 58, 'owner': 'acct_8'}",mock
0xf9a3759801926b5d0cfd99ccee6ccdaaef205e9598af207c436e4533df72e34d,93000,1,UpdatePublished,"{'model_id': 'model_mnist_784_noniid', 'round': 1, 'ticket_id': 58, 'cid': 'sha256:d044f98c292d2b620971a194969ac2d052cef52925228426ba25ed173bb0cfc4'}",mock
0xa7fc49b9e4a4cfaa2be035567bf95823216f1b957c99af6a06dcac3a86e4c37a,86000,1,TicketReserved,"{'model_id': 'model_mnist_784_noniid', 'round': 1, 'ticket_id': 59, 'owner': 'acct_9'}",mock
0x9c60109283c7e1ba1908ff97902bc08d17b95a34232aba8c2e6cdeb5792f383b,93000,1,UpdatePublished,"{'model_id': 'model_mnist_784_noniid', 'round': 1, 'ticket_id': 59, 'cid': 'sha256:7249e127aab3875a714bfa5ae735c4d221bc3d4455ad66483486043a4fb03a77'}",mock
0x1e59ce6428f1d6ca2b3059b080398d9cd4819b9eceb0d9b5eeef854afa128b05,86000,1,TicketReserved,"{'model_id': 'model_mnist_784_noniid', 'round': 1, 'ticket_id': 60, 'owner': 'acct_10'}",mock
0x68dbc0fa64d80d8ebb90fe2034a73dc13f8e21a77857818a7c23d0e9e3d01029,93000,1,UpdatePublished,"{'model_id': 'model_mnist_784_noniid', 'round': 1, 'ticket_id': 60, 'cid': 'sha256:247d9422843e332019beac36ca01b4312f879e96ef6ba6c2e47b38db085d853c'}",mock
0x9ddc49ef581cd310bfaa831e026413dce87fda6b4db68a0c3b4c6a9459241d95,86000,1,TicketReserved,"{'model_id': 'model_mnist_784_noniid', 'round': 1, 'ticket_id': 61, 'owner': 'acct_11'}",mock
0xbe02456b246f4d9801464610367336d068de57400c1a3a76d19961ad082f5991,93000,1,UpdatePublished,"{'model_id': 'model_mnist_784_noniid', 'round': 1, 'ticket_id': 61, 'cid': 'sha256:541cd5331d15112a856b0240b2bf1b0c31f9ea09a90b675316d135dcd7236a7f'}",mock
0x32402d2fdb064c29c9d8a06e03277e62012470d64c72789007402a1731575c71,86000,1,TicketReserved,"{'model_id': 'model_mnist_784_noniid', 'round': 1, 'ticket_id': 62, 'owner': 'acct_12'}",mock
0x70c69255209545514d154607b4e8d33ecb11b3fa1188c5a35077069fd6b281de,93000,1,UpdatePublished,"{'model_id': 'model_mnist_784_noniid', 'round': 1, 'ticket_id': 62, 'cid': 'sha256:88c2d87f45d43551d84976193de8b7bcfe647b22b63f9bc7dc6b018766ab41eb'}",mock
0xb20bff4eb64f0437cbae9039dcfc12918f98e3904c8480c9e0f2f2ed08da94de,86000,1,TicketReserved,"{'model_id': 'model_mnist_784_noniid', 'round': 1, 'ticket_id': 63, 'owner': 'acct_13'}",mock
0x96329918f4385699484efc4ea729e4be730f0c8eb4d5486b22388cd2d8c14856,93000,1,UpdatePublished,"{'model_id': 'model_mnist_784_noniid', 'round': 1, 'ticket_id': 63, 'cid': 'sha256:ab0339d37e068f0130186291f220fec9258686d3206e84e1030c1d770594c7a6'}",mock
0x100e4cf85e7b52e036e6bafcdd304262bdef658822f55d23f8f35cc249c3bf27,86000,1,TicketReserved,"{'model_id': 'model_mnist_784_noniid', 'round': 1, 'ticket_id': 64, 'owner': 'acct_14'}",mock
0x2a987f9408d72d71d74ba6f0422d823dd5cb5bbd7a2b8678784f7b9bfb1c81f4,93000,1,UpdatePublished,"{'model_id': 'model_mnist_784_noniid', 'round': 1, 'ticket_id': 64, 'cid': 'sha256:9df188bf29cf370b78571adb7a8c74271f2ae330d2b47456911fb5ddf5587d74'}",mock
0xef14ebe3384ec4ec693f8142c47dbb3cc8d8cbcca880cc39015ea18b0e410fae,86000,1,TicketReserved,"{'model_id': 'model_mnist_784_noniid', 'round': 1, 'ticket_id': 65, 'owner': 'acct_15'}",mock
0x1ec5ba7201bfac97c0333ca3d6856b126c5016ec335b338d553592a41b9f3216,93000,1,UpdatePublished,"{'model_id': 'model_mnist_784_noniid', 'round': 1, 'ticket_id': 65, 'cid': 'sha256:8291d36bc104c48b9e35102022babe22970ebab3ff9ab228f5e8ad72572e6f99'}",mock
0xff0751f9c38f6e3a40ddb97c1e5e2d6bc7d037d62f3f2b9e60cad055535d5084,86000,1,TicketReserved,"{'model_id': 'model_mnist_784_noniid', 'round': 1, 'ticket_id': 66, 'owner': 'acct_16'}",mock
0x72770db54ff933dc69178718cbefd6a5b05cb7298520e759fe4b838d507dbe46,93000,1,UpdatePublished,"{'model_id': 'model_mnist_784_noniid', 'round': 1, 'ticket_id': 66, 'cid': 'sha256:fe2b7b99783889513ff7d55e30181ed428305f57faa5f89c29476ccb65b95472'}",mock
0x725f50c4d57033ba9bd942591478bd7798dd8737341fb4c30a26858abc8a1180,86000,1,TicketReserved,"{'model_id': 'model_mnist_784_noniid', 'round': 1, 'ticket_id': 67, 'owner': 'acct_17'}",mock
0x60444eeb61f59f6deea18668a5a9db4ad6fa029ba0bb6887ce875e4148e96a27,93000,1,UpdatePublished,"{'model_id': 'model_mnist_784_noniid', 'round': 1, 'ticket_id': 67, 'cid': 'sha256:b9ad5078df278fef34165a525c3d2ce3447f51fd2430ee3a205fe9c4d10ff2e8'}",mock
0xaf4794b233b398cd4c8cab5fd9ff8e19e39caa6d04e84ae565c823e292345f70,86000,1,TicketReserved,"{'model_id': 'model_mnist_784_noniid', 'round': 1, 'ticket_id': 68, 'owner': 'acct_18'}",mock
0xe5eef6df90cca7c638be083dbc94d488377f7c3e1778cb5373740065c8c783bc,93000,1,UpdatePublished,"{'model_id': 'model_mnist_784_noniid', 'round': 1, 'ticket_id': 68, 'cid': 'sha256:2da7e138b38da4ad24195a4b6b8ffa1b112ede0cca125ff179b7a55a26c64a57'}",mock
0x1cf4865b3cd8bcfc86ae26314a00e477c92638a13822a799d0f471ea51b1117d,86000,1,TicketReserved,"{'model_id': 'model_mnist_784_noniid', 'round': 1, 'ticket_id': 69, 'owner': 'acct_19'}",mock
0xc795f723b91c25ebf4555b9bce0af602f5da672ac376cdd0ac5a2251f42b81c1,93000,1,UpdatePublished,"{'model_id': 'model_mnist_784_noniid', 'round': 1, 'ticket_id': 69, 'cid': 'sha256:354b0b52f8306a10f8b67c7c397e162903523654590aaf00b010792f54415a2d'}",mock
0x98400e108caf904d012c66340532dbf5adde4fa7c9ee2ba8fd2c4b7baaa4cc86,86000,1,TicketReserved,"{'model_id': 'model_mnist_784_noniid', 'round': 1, 'ticket_id': 70, 'owner': 'acct_20'}",mock
0xddc417b3a4a502c7ebbf463dce91bedc05ad4e24581073d8eb121c0cd9c377d5,93000,1,UpdatePublished,"{'model_id': 'model_mnist_784_noniid', 'round': 1, 'ticket_id': 70, 'cid': 'sha256:ddf6c31b38eb91c9733f2fdf140dca92dc41f53d411d9ab2941bb54b76521f43'}",mock
0x250e725725530c5ae7f85ef890f4bdbc11790da255a8d43598a6317f5fb65fb5,86000,1,TicketReserved,"{'model_id': 'model_mnist_784_noniid', 'round': 1, 'ticket_id': 71, 'owner': 'acct_21'}",mock
0x4eba9b9b02627aa77eda57acbf502b95707c9ac7f057981f36560ff304c71db7,93000,1,UpdatePublished,"{'model_id': 'model_mnist_784_noniid', 'round': 1, 'ticket_id': 71, 'cid': 'sha256:869c71ebac7a9a878816f8b3719f278e677f2f8fa6de6bb2e7416ef2b996720d'}",mock
0x95a8bbbf4b3a230c53a0acd23dbbcf8d910bdc32e97015d88815b03b97fbca8a,86000,1,TicketReserved,"{'model_id': 'model_mnist_784_noniid', 'round': 1, 'ticket_id': 72, 'owner': 'acct_22'}",mock
0x81ea0cf7fae4043b9fd37ff4d6b08a9234978ac09289a060811ec2f2bfcdf83c,93000,1,UpdatePublished,"{'model_id': 'model_mnist_784_noniid', 'round': 1, 'ticket_id': 72, 'cid': 'sha256:282a35914cbf28950c1c946df2abddd41a609bee3566e4557f2f0dc12a0c091c'}",mock
0x692be76086283cf4eb9ade8b3dbc8959ddb121d24d4fcedb3bf6167fdb483f00,86000,1,TicketReserved,"{'model_id': 'model_mnist_784_noniid', 'round': 1, 'ticket_id': 73, 'owner': 'acct_23'}",mock
0x06c067894694e915221924878279018af88883cd2ffd8fe32ce829e061944b42,93000,1,UpdatePublished,"{'model_id': 'model_mnist_784_noniid', 'round': 1, 'ticket_id': 73, 'cid': 'sha256:19e48140f67d910d2395bc160a423e44f075a77aa5e674ff18aa8fe0f9e22a19'}",mock
0x244c9eb6cbdb6a9862195e6e9da67eb33bc660124753a9b9074f35bd7a144a77,86000,1,TicketReserved,"{'model_id': 'model_mnist_784_noniid', 'round': 1, 'ticket_id': 74, 'owner': 'acct_24'}",mock
0xd3b73c8010e9db418a1d7baae29c4f7ae078850a85271739e2fb830d98c5c7df,93000,1,UpdatePublished,"{'model_id': 'model_mnist_784_noniid', 'round': 1, 'ticket_id': 74, 'cid': 'sha256:e00c3a3e06c33328905944621111140b0acff30e88162613a0c806eb0f802a67'}",mock
0x651702d8ed769d989acf6498ff1cec66dcaefa6348310bc8f7bbdbf4238b898d,86000,1,TicketReserved,"{'model_id': 'model_mnist_784_noniid', 'round': 1, 'ticket_id': 75, 'owner': 'acct_25'}",mock
0x57d21ac3466cd493ce42bdfd444388a2452560fba59b89bca58603f989e216ca,93000,1,UpdatePublished,"{'model_id': 'model_mnist_784_noniid', 'round': 1, 'ticket_id': 75, 'cid': 'sha256:35102d83ffc5f6630706c0aa0a9ca8e12eb0af3a35d5e3cabfbb804789a9be43'}",mock
0x734c14811e1f8302fa6dc4bb8e211f2a14f8ea5237df7bf5a5a0da8fae17e86c,86000,1,TicketReserved,"{'model_id': 'model_mnist_784_noniid', 'round': 1, 'ticket_id': 76, 'owner': 'acct_26'}",mock
0x0a9d129784b3a64b057749170814acda5609a992b1fbb1fbe0ac2d4ea91f19c2,93000,1,UpdatePublished,"{'model_id': 'model_mnist_784_noniid', 'round': 1, 'ticket_id': 76, 'cid': 'sha256:9dbd37a5a160b11d106f39ddf2ea570531d308269d63ee6b773dd4456d5edffe'}",mock
0x6e7f0bf90e68ca166d43df04f15e6661f9e53e38ed377dffdfb70b0f688024bc,86000,1,TicketReserved,"{'model_id': 'model_mnist_784_noniid', 'round': 1, 'ticket_id': 77, 'owner': 'acct_27'}",mock
0x04b3c8b42dedfd401007d9d25df4c2adbdddc7ee1865460c7e3b2b342336748b,93000,1,UpdatePublished,"{'model_id': 'model_mnist_784_noniid', 'round': 1, 'ticket_id': 77, 'cid': 'sha256:8a17c9781b406cdf0192441e845b02150747f7d470b140924017fdfb5379272e'}",mock
0xc83d22fc3e73958b07c7c534e7854ee4817a2672f2c8324652ece248ef2d6d53,86000,1,TicketReserved,"{'model_id': 'model_mnist_784_noniid', 'round': 1, 'ticket_id': 78, 'owner': 'acct_28'}",mock
0x28366aae0fc99d5f1df571a718c3abd7100b5de89e0a7b99e916b268874e297e,93000,1,UpdatePublished,"{'model_id': 'model_mnist_784_noniid', 'round': 1, 'ticket_id': 78, 'cid': 'sha256:0935194a4ab95ca132b72cf8ca01b9c091aef30fcd99ec8a4b315653ebce79bf'}",mock
0xac8eff649b3f61492967b87591ed26616b7caafdbec8b26f3c01c2ab0f4f25f7,86000,1,TicketReserved,"{'model_id': 'model_mnist_784_noniid', 'round': 1, 'ticket_id': 79, 'owner': 'acct_29'}",mock
0x62da99393d105c17e6085580fe14c9073f319ea2dfd042c118e33d42ccaee16a,93000,1,UpdatePublished,"{'model_id': 'model_mnist_784_noniid', 'round': 1, 'ticket_id': 79, 'cid': 'sha256:ea88db0301f35c5e38fa238a74c1dc1fde08269b3f3c28389cd33dd040d3d401'}",mock
0x7c98478858802fd35da0a6ed592e6e12297a92635233c55e6707bf5c33063b7e,86000,1,TicketReserved,"{'model_id': 'model_mnist_784_noniid', 'round': 1, 'ticket_id': 80, 'owner': 'acct_30'}",mock
0xc57693b94e05c7e8da23ec68869486546c8594e02efc7530ea1e503a35876753,93000,1,UpdatePublished,"{'model_id': 'model_mnist_784_noniid', 'round': 1, 'ticket_id': 80, 'cid': 'sha256:790dca5855ce03f1bb58b5e870a9e24f8aea1c1215dcf28f69c18581ae7f62d9'}",mock
0x361b033c744454e8f662c1022e6fb78862f7b703fcbe49776954f571a7228e63,86000,1,TicketReserved,"{'model_id': 'model_mnist_784_noniid', 'round': 1, 'ticket_id': 81, 'owner': 'acct_31'}",mock
0x5ece440c1a80a3de5891b25e5cb3959a127c7332bbed47307f60371a3f3b78bf,93000,1,UpdatePublished,"{'model_id': 'model_mnist_784_noniid', 'round': 1, 'ticket_id': 81, 'cid': 'sha256:71bc5177087f32ece85b7f4fee1097fcceeaa48de86bdd995452fdb04ff14e6d'}",mock
0x2a34492a2df7691533370f5f794e4dbd0d81506930d466ca6278c67698704ba2,86000,1,TicketReserved,"{'model_id': 'model_mnist_784_noniid', 'round': 1, 'ticket_id': 82, 'owner': 'acct_32'}",mock
0xa6dd6cbfe2ea4b09854b70a052eaba5dad06051c2650ede861721538ad64a695,93000,1,UpdatePublished,"{'model_id': 'model_mnist_784_noniid', 'round': 1, 'ticket_id': 82, 'cid': 'sha256:376cace3132b99663e25f197216017e3bfa19d3d70fe50c42aba5c10989cb61d'}",mock
0xf8abb91328cfb43f380483969b6624bf4c1ca9bbce54a507ddb3977dd9c260f4,86000,1,TicketReserved,"{'model_id': 'model_mnist_784_noniid', 'round': 1, 'ticket_id': 83, 'owner': 'acct_33'}",mock
0xbe9c7da27b7645f7cbc9aed58566ff7f5030b6e63915062b390bbfdb4ba4742e,93000,1,UpdatePublished,"{'model_id': 'model_mnist_784_noniid', 'round': 1, 'ticket_id': 83, 'cid': 'sha256:f0d06918fde90f9971210066fee310a63eeb775e87427c94912bca3abb12d951'}",mock
0x77854a1028e1c007842c6320f796fe447d5bec511660f48e48658c2d2a9734ba,86000,1,TicketReserved,"{'model_id': 'model_mnist_784_noniid', 'round': 1, 'ticket_id': 84, 'owner': 'acct_34'}",mock
0x9ee930a2627d2ffeabc9c57ed4223a2591665d3a8c6e44c5eab4ec5954aa2d27,93000,1,UpdatePublished,"{'model_id': 'model_mnist_784_noniid', 'round': 1, 'ticket_id': 84, 'cid': 'sha256:86d48437b4ed8f937c45c82e0df067aa413b3397a20a9d0b58a0af9d209e5107'}",mock
0x229d300ddc2aef5f61ef70ee50f8747d5ac15769766b336b1d6de4e268f8f41d,86000,1,TicketReserved,"{'model_id': 'model_mnist_784_noniid', 'round': 1, 'ticket_id': 85, 'owner': 'acct_35'}",mock
0x6139babd8af3bcd0b092b479c9e52e481b2ecab17fe94079ab4e274bdd5667a0,93000,1,UpdatePublished,"{'model_id': 'model_mnist_784_noniid', 'round': 1, 'ticket_id': 85, 'cid': 'sha256:3c06c907012a7e778f018a130a711b8c1f736c5c8c092499c3b5832a1911bab6'}",mock
0xe0dc2e6fe3581081bffed1da0eacc65f405cfc8964d24b933b159eb3208c88dd,86000,1,TicketReserved,"{'model_id': 'model_mnist_784_noniid', 'round': 1, 'ticket_id': 86, 'owner': 'acct_36'}",mock
0xa64e1d6876f3dad605bb87a4d5865feb7014ba0dfd85126ecb4b0b759aab2d36,93000,1,UpdatePublished,"{'model_id': 'model_mnist_784_noniid', 'round': 1, 'ticket_id': 86, 'cid': 'sha256:87b3ac62d51c6d99a72fcc44c87afe2849e73ed8cafaba622f54f5dcf4d4a949'}",mock
0x2bcfd7566d1cddaf2f3bbe2ebba4f8f17c4df33fec0c25ad16a2224ea4b857ed,86000,1,TicketReserved,"{'model_id': 'model_mnist_784_noniid', 'round': 1, 'ticket_id': 87, 'owner': 'acct_37'}",mock
0x4514ac27f4b476806a4d0627428b6754370fa1b9a7ba042f5b64a98bb165038a,93000,1,UpdatePublished,"{'model_id': 'model_mnist_784_noniid', 'round': 1, 'ticket_id': 87, 'cid': 'sha256:80a7275d3d825f1631c525455c5c019a89f5803c6d53bde880e17138d98d793e'}",mock
0xf5f53a85bfe6b7e427610b460233e7be60498a2a54ba2010ad231de31bf144ca,86000,1,TicketReserved,"{'model_id': 'model_mnist_784_noniid', 'round': 1, 'ticket_id': 88, 'owner': 'acct_38'}",mock
0x97be8c171d071fd67ebaef17610344869c866020bc4a9a4851144ac7bd6e1cdc,93000,1,UpdatePublished,"{'model_id': 'model_mnist_784_noniid', 'round': 1, 'ticket_id': 88, 'cid': 'sha256:3ac6988da4ca97c0557d5220bf86044dfe8728de47681bf3cd7af3ba0ee0fceb'}",mock
0x2c78d44b585c2d8cb7e2cd160b21bf585685ffcd8e166333d39be1a3f59eef3a,86000,1,TicketReserved,"{'model_id': 'model_mnist_784_noniid', 'round': 1, 'ticket_id': 89, 'owner': 'acct_39'}",mock
0x35dc4094d365c12842e0841bf5d18d283bd0bcb467916a1c9cb178828c3793b4,93000,1,UpdatePublished,"{'model_id': 'model_mnist_784_noniid', 'round': 1, 'ticket_id': 89, 'cid': 'sha256:dadb29441e23bda0fbc158fbc924b51541a1866a98e51ceb67772c73bbc522ac'}",mock
0x422b8000d2f0dbb4c833db06230723650777d83b890ed6182d08aa3c6b4ffa92,86000,1,TicketReserved,"{'model_id': 'model_mnist_784_noniid', 'round': 1, 'ticket_id': 90, 'owner': 'acct_40'}",mock
0xeccd3ef05979ce81366edb03de24e53ad6a0fe761ab6623601a9d3012f36c08a,93000,1,UpdatePublished,"{'model_id': 'model_mnist_784_noniid', 'round': 1, 'ticket_id': 90, 'cid': 'sha256:238e1f582d3ab298b10013602dc658f735cffc4d2d1e787593d4f5857b656e5a'}",mock
0x30bc77af512a193ea7d2f6dcf1ebc27689cbb3e57393290d1ad0a785068a2b15,86000,1,TicketReserved,"{'model_id': 'model_mnist_784_noniid', 'round': 1, 'ticket_id': 91, 'owner': 'acct_41'}",mock
0x09de0809aa782fcee366f15cebdd2310ef72c8faebfea4409acf346e07764d7a,93000,1,UpdatePublished,"{'model_id': 'model_mnist_784_noniid', 'round': 1, 'ticket_id': 91, 'cid': 'sha256:d634c9dcc3d277be8e26c3533817e8cb9079fe9072de7de863a2543bbf683922'}",mock
0xe76026244b7e0994bb9ba9f51e6669fd6caa4e334434df940b0bcbd70c85c201,86000,1,TicketReserved,"{'model_id': 'model_mnist_784_noniid', 'round': 1, 'ticket_id': 92, 'owner': 'acct_42'}",mock
0xc5395947b039b0eea5b7d64651a5aab54119c739abd5237d9c9e633ae1ee8b10,93000,1,UpdatePublished,"{'model_id': 'model_mnist_784_noniid', 'round': 1, 'ticket_id': 92, 'cid': 'sha256:81eeab75884665b2e302c491cfb21d30386b8fb742ba4b5a1b92a6bcc60e7bb1'}",mock
0xc92134fe66e2bbc6669b020811759e49082e8e67acdf7bcf64c327cefbe4ed81,86000,1,TicketReserved,"{'model_id': 'model_mnist_784_noniid', 'round': 1, 'ticket_id': 93, 'owner': 'acct_43'}",mock
0x15c0af110a6b8db10077c37cdc1fb0b7401b56e59d8996287cf2b8be9724afc9,93000,1,UpdatePublished,"{'model_id': 'model_mnist_784_noniid', 'round': 1, 'ticket_id': 93, 'cid': 'sha256:dc1c5220514fc70a57a97536cc115177e532a72770ad54a69418fe08b1c1402d'}",mock
0xb9a304f063ae89dce7dd4fd67082c16e466b6209ddf99fc8f57db0047138a508,86000,1,TicketReserved,"{'model_id': 'model_mnist_784_noniid', 'round': 1, 'ticket_id': 94, 'owner': 'acct_44'}",mock
0x0acd4686b580dd64c53bba655c80b5b2791a57dbabe3ea53d36a8576fd191283,93000,1,UpdatePublished,"{'model_id': 'model_mnist_784_noniid', 'round': 1, 'ticket_id': 94, 'cid': 'sha256:024aa754c6bff09b48c8922b3f50a90a1d020bd886354afd6964f9d688d365c0'}",mock
0xf0294249f3cefa8e0581fb837eecd3b77827a632ba5e5349b0c653c46ab43965,86000,1,TicketReserved,"{'model_id': 'model_mnist_784_noniid', 'round': 1, 'ticket_id': 95, 'owner': 'acct_45'}",mock
0x33b5629bad12e9f903869c7b2c3a1dc98a0d60501467e32449caf4f50420723a,93000,1,UpdatePublished,"{'model_id': 'model_mnist_784_noniid', 'round': 1, 'ticket_id': 95, 'cid': 'sha256:9927b32c07bf315cb5cdbdab9e3afb4d65fc4a6edb8b2f9307393331ecfcfef2'}",mock
0x436889d1477cbcfa367689431be117bf2b2b8365cec8d12cb623f1263aa8921b,86000,1,TicketReserved,"{'model_id': 'model_mnist_784_noniid', 'round': 1, 'ticket_id': 96, 'owner': 'acct_46'}",mock
0xccf7a9dd9c2332395c359ccf4e7a92f98b5fc42780b734bc0df1b15761825cd7,93000,1,UpdatePublished,"{'model_id': 'model_mnist_784_noniid', 'round': 1, 'ticket_id': 96, 'cid': 'sha256:1d44f7015e47c2553d4a878b0f26a28c40eb3b902cebff655e2e790db6010655'}",mock
0x7685068a5a3bdb901beef14a2a37fc0509def5396ff332e3fa124a65f4689b84,86000,1,TicketReserved,"{'model_id': 'model_mnist_784_noniid', 'round': 1, 'ticket_id': 97, 'owner': 'acct_47'}",mock
0x301ccccaf9cd2405417876033ba0f40ac1ce2fc669574b5069e4fe7b0bc4537d,93000,1,UpdatePublished,"{'model_id': 'model_mnist_784_noniid', 'round': 1, 'ticket_id': 97, 'cid': 'sha256:edc96b08e0d6bc2d718ba1f5b8553937a2f4f11e334ee3a7aac930dbd7e5b04e'}",mock
0xf9668b61fb0c4eeb4ed4bb74c08895ada523a15ef37d84aa4d8f97f0d2766db9,86000,1,TicketReserved,"{'model_id': 'model_mnist_784_noniid', 'round': 1, 'ticket_id': 98, 'owner': 'acct_48'}",mock
0x4dd32bd3e2cd64b85a65c1ca822c8bdee1583b287ecf3554950df7e57591817d,93000,1,UpdatePublished,"{'model_id': 'model_mnist_784_noniid', 'round': 1, 'ticket_id': 98, 'cid': 'sha256:b73328bff42a27a86dec0fa32c913efbf680c57b79a29db225b4b841a68b52b8'}",mock
0xd39d755a5f639dcd55143bf8fad453a76936c9fc3e5642c1c845961d71a84a38,86000,1,TicketReserved,"{'model_id': 'model_mnist_784_noniid', 'round': 1, 'ticket_id': 99, 'owner': 'acct_49'}",mock
0x633604cc7338d1f7249783f68fd4afb827cb407354cc252b6a43bbac417dc402,93000,1,UpdatePublished,"{'model_id': 'model_mnist_784_noniid', 'round': 1, 'ticket_id': 99, 'cid': 'sha256:aa95e419eedc55de8c40916b56934beae6badd5519229628b0eb2b7e57f1cbe6'}",mock
0x8336c84979745cf9a3a50f9f3f744fd03cb62690f26ece25a095b232058d842a,86000,1,TicketReserved,"{'model_id': 'model_mnist_784_noniid', 'round': 1, 'ticket_id': 100, 'owner': 'acct_50'}",mock
0x9e34be9b99a003477b2b778959fe56b2524d9abc79b326b2b491c1dbfee58444,93000,1,UpdatePublished,"{'model_id': 'model_mnist_784_noniid', 'round': 1, 'ticket_id': 100, 'cid': 'sha256:9ecb96e23715fbfe0c48abbc1180a8b35f70850efbd323e2735250f169f74ded'}",mock
0x03b648d0327127af3a56fb7798ea4ab8449d17a3be5d70d47831d9a1920ff159,1045000,1,RoundFinalized,"{'model_id': 'model_mnist_784_noniid', 'round': 1, 'included': 46, 'refunds': 46}",mock
0xccec27948ecf60112e48c2580899cfc401411e2e782104b0531babc277aef74e,52000,1,RoundFunded,"{'model_id': 'model_mnist_784_noniid', 'amount_wei': 10000000000000000}",mock
0x78a6943ed2a973cf52c3bc7bdd398057d51b471e0cd521c1668400bc83d39867,86000,1,TicketReserved,"{'model_id': 'model_mnist_784_noniid', 'round': 2, 'ticket_id': 101, 'owner': 'acct_1'}",mock
0xf1b14807c3a566ce55e5a3de41479774f46294c6870298bf8f544fab721d9f2d,93000,1,UpdatePublished,"{'model_id': 'model_mnist_784_noniid', 'round': 2, 'ticket_id': 101, 'cid': 'sha256:862d7c28065e627c916f738f6341a09f209c337dd8a680454aab8bad21880ef5'}",mock
0x2141564aa12bf6207614efca5b526938fed4353ee700c1b9dd0d4389595f08a5,86000,1,TicketReserved,"{'model_id': 'model_mnist_784_noniid', 'round': 2, 'ticket_id': 102, 'owner': 'acct_2'}",mock
0xd4a99fc6800e63a3a0f286223a352b545510c802c7cc58550c122b6b04e4a5a7,93000,1,UpdatePublished,"{'model_id': 'model_mnist_784_noniid', 'round': 2, 'ticket_id': 102, 'cid': 'sha256:8908d8215e282589015885c42bc2937df02bf23d08aa23e23f1a700b181fe670'}",mock
0x84edbb1a55b34c4372a3f680a13a73fa12cd4db86b430d97fffb9e72ff554b76,86000,1,TicketReserved,"{'model_id': 'model_mnist_784_noniid', 'round': 2, 'ticket_id': 103, 'owner': 'acct_3'}",mock
0xc86467896741c0932ecdd00c7ac13063ffa4fdcc393b7e44977c3ce5bd7e0c21,93000,1,UpdatePublished,"{'model_id': 'model_mnist_784_noniid', 'round': 2, 'ticket_id': 103, 'cid': 'sha256:2e9dca661a856ab89d77b111108978af53f3d5c31b2dce2a008330d6c6c677a8'}",mock
0xd6c30133bfe8a680c89793e14e20610f75646de0e040049410e3506c6138875e,86000,1,TicketReserved,"{'model_id': 'model_mnist_784_noniid', 'round': 2, 'ticket_id': 104, 'owner': 'acct_4'}",mock
0x3bb2203680abce1b87f06ebb797196ef7c7d190aa705594f49a7cdd98dfcbf76,93000,1,UpdatePublished,"{'model_id': 'model_mnist_784_noniid', 'round': 2, 'ticket_id': 104, 'cid': 'sha256:285f4cd91f3effaae3cb498762f861dd3b6a78ee0c8f4af9f025b948dd4d934c'}",mock
0x46b8065d063777460904bc77e20aaa64914b799cc69bf0282f004ffe86ebe69e,86000,1,TicketReserved,"{'model_id': 'model_mnist_784_noniid', 'round': 2, 'ticket_id': 105, 'owner': 'acct_5'}",mock
0x2ddb27f8f1f526092eca788c6865a07582ad746d024164aa364403b182d27197,93000,1,UpdatePublished,"{'model_id': 'model_mnist_784_noniid', 'round': 2, 'ticket_id': 105, 'cid': 'sha256:3b6d770506ca57b6357f5e62e7934ee3efd372ebbab6896ef5f0a3b18f46484f'}",mock
0x99d38fc48fea64180e27c2cbdf834fec287260b132c6c601490c7af12e7f2af0,86000,1,TicketReserved,"{'model_id': 'model_mnist_784_noniid', 'round': 2, 'ticket_id': 106, 'owner': 'acct_6'}",mock
0x067dc7365f80f99f281327bdc30b906a5ff08869dd2af9aef4d88f085aff2ad7,93000,1,UpdatePublished,"{'model_id': 'model_mnist_784_noniid', 'round': 2, 'ticket_id': 106, 'cid': 'sha256:3ccf04259a46c8697a8b0167044f076cdae4a38e820b3db1bf670d5a37acb5b5'}",mock
0xafaef37dd987a44bf949a968b7ece858a513d4fb511c7f246d4b5cd4c66a74cb,86000,1,TicketReserved,"{'model_id': 'model_mnist_784_noniid', 'round': 2, 'ticket_id': 107, 'owner': 'acct_7'}",mock
0x3971dccb7f15e79131a0cfda5df77a674a64d6a308a3b82794ca8fccc1be6727,93000,1,UpdatePublished,"{'model_id': 'model_mnist_784_noniid', 'round': 2, 'ticket_id': 107, 'cid': 'sha256:7c9436fcb28a2da84570b35b60df7114e8ce09ad9b3085754716b0a7b523d825'}",mock
0x965e8ef5766faf405c8b854d46ca5a125203249ac6fa958b962799051e459e74,86000,1,TicketReserved,"{'model_id': 'model_mnist_784_noniid', 'round': 2, 'ticket_id': 108, 'owner': 'acct_8'}",mock
0x2ab5a35426b15a551d4017e7111a5c383793a1d871a2ce530b8b0941b0bcfcf4,93000,1,UpdatePublished,"{'model_id': 'model_mnist_784_noniid', 'round': 2, 'ticket_id': 108, 'cid': 'sha256:89f0d451e650d662e9d2679420323af9ba2d3d85f3431004307559dd7d39e577'}",mock
0x32d5cfe47776b2985b4620e70cb00107ba1078a3b45b807129189403030a93f3,86000,1,TicketReserved,"{'model_id': 'model_mnist_784_noniid', 'round': 2, 'ticket_id': 109, 'owner': 'acct_9'}",mock
0x2bcf1629c62ff8291f4b32ea05e2c7a96cc4f629a6462e706712d5706490d11d,93000,1,UpdatePublished,"{'model_id': 'model_mnist_784_noniid', 'round': 2, 'ticket_id': 109, 'cid': 'sha256:65f794c465c3e4b7aee231080a88616ec29f1db6709ca786c42259b386ab1cb7'}",mock
0xcaca70f4d044976f4209c07b7adf5f9887f1d6dbbd46fe5b2f4b2fdc094f6196,86000,1,TicketReserved,"{'model_id': 'model_mnist_784_noniid', 'round': 2, 'ticket_id': 110, 'owner': 'acct_10'}",mock
0x92ae980ee53a15bad9e6f5b6a3bc9d269903eb8b12aeb40ac80e74d6acb83d8f,93000,1,UpdatePublished,"{'model_id': 'model_mnist_784_noniid', 'round': 2, 'ticket_id': 110, 'cid': 'sha256:054840f02bcf58f7bf917c3e40cf2c3c2a1cc70ab86e88dc5573540dcf11915a'}",mock
0x0bca25c553b00f210b158c652ff733d453174bcc7e253066b0bef4068e0f3c34,86000,1,TicketReserved,"{'model_id': 'model_mnist_784_noniid', 'round': 2, 'ticket_id': 111, 'owner': 'acct_11'}",mock
0x97aee3cf6c48ab3af63ffbb2a9c6bfceda20ecfbeb4a1f3cfec3dc3689247eae,93000,1,UpdatePublished,"{'model_id': 'model_mnist_784_noniid', 'round': 2, 'ticket_id': 111, 'cid': 'sha256:632005daf6056ba90456eb373d4f619c93906022a494c524bfdbd91ba1427cd1'}",mock
0xa968c802fca3ee3ee5a18fb89ae882b2def2b39ab667e34da027def4575e3964,86000,1,TicketReserved,"{'model_id': 'model_mnist_784_noniid', 'round': 2, 'ticket_id': 112, 'owner': 'acct_12'}",mock
0x44a99de46a848d8813dc625b2dbaa5b7f4956623dd32f7be22db58893ac73e80,93000,1,UpdatePublished,"{'model_id': 'model_mnist_784_noniid', 'round': 2, 'ticket_id': 112, 'cid': 'sha256:4d8299af3b64065720bbfc65a53dd3fd84956a48f776c69bd7eab6fe4121e5a8'}",mock
0xc768d3086a7b3ca0c81fa4a0b0055e9b11c838c6c1fd530d1665e516ae601c84,86000,1,TicketReserved,"{'model_id': 'model_mnist_784_noniid', 'round': 2, 'ticket_id': 113, 'owner': 'acct_13'}",mock
0x1008ca86ba806abd7a71689542e4727b75a4822239d55c6475b19853f262348e,93000,1,UpdatePublished,"{'model_id': 'model_mnist_784_noniid', 'round': 2, 'ticket_id': 113, 'cid': 'sha256:5fb23412d9efa06f710dff12fb23d7c09a0d2f73bb0647817feea34e7668df25'}",mock
0x5237c45f144b4d1cbacb8e17c62635868ee76b54e2117573ac25406129166da1,86000,1,TicketReserved,"{'model_id': 'model_mnist_784_noniid', 'round': 2, 'ticket_id': 114, 'owner': 'acct_14'}",mock
0xdf8b1fe7ef9399dda8b2dccbf45c4dc0cecba0cd42eb5843bf44f2a0ebd2b8c5,93000,1,UpdatePublished,"{'model_id': 'model_mnist_784_noniid', 'round': 2, 'ticket_id': 114, 'cid': 'sha256:bfdd6a9a3c0b9fa1d50badf1c2bb28526529e373906678f215ada415800625ce'}",mock
0xf90faa52eda7191bf37163e9660795e7e3cb3f05ee9afe37ae67c58e99e0c60a,86000,1,TicketReserved,"{'model_id': 'model_mnist_784_noniid', 'round': 2, 'ticket_id': 115, 'owner': 'acct_15'}",mock
0xef0f3e1ab4e7c7a81741e8e0aff3d2626708e7864e4f0a83325f3e9a3fdeaa95,93000,1,UpdatePublished,"{'model_id': 'model_mnist_784_noniid', 'round': 2, 'ticket_id': 115, 'cid': 'sha256:286c90b5f664e0272e31a3ac91c33d418c5e1037f15f999bc1be76e04b6c7ff3'}",mock
0x2f42cc58ead8fc7252707ee2f4a92c6525aacc8acb9ef6abb7563b637bbafcad,86000,1,TicketReserved,"{'model_id': 'model_mnist_784_noniid', 'round': 2, 'ticket_id': 116, 'owner': 'acct_16'}",mock
0x92f4fe8f176cfcbb190f9ff5e62d3fbb2768e9a686c3e43be965e4d80ceba9a1,93000,1,UpdatePublished,"{'model_id': 'model_mnist_784_noniid', 'round': 2, 'ticket_id': 116, 'cid': 'sha256:a3b9b99805ce6eeddc586e663b2d6c965c9156a8f2d804058301184a17693eee'}",mock
0xa016c7f8ab9fc4c6b995f5f91e126ca236cb33e82ba68b5207dc36efeaeecef8,86000,1,TicketReserved,"{'model_id': 'model_mnist_784_noniid', 'round': 2, 'ticket_id': 117, 'owner': 'acct_17'}",mock
0x3bf77246664eaee9874c520938c2f2ec08af41f1abb92abc82e21bf01993329a,93000,1,UpdatePublished,"{'model_id': 'model_mnist_784_noniid', 'round': 2, 'ticket_id': 117, 'cid': 'sha256:4140a76860f79bab2fc190cc80dabbacdf92680b09e0fe135748121f65c215a8'}",mock
0xb616432d95f415b1b412a88e14de553b5ebb694ee94d6963d17884faaf4a8c7c,86000,1,TicketReserved,"{'model_id': 'model_mnist_784_noniid', 'round': 2, 'ticket_id': 118, 'owner': 'acct_18'}",mock
0x8608a86142f362106708eb3e8c4103fac7de05ffab0f7398e0fbe094b038c3f6,93000,1,UpdatePublished,"{'model_id': 'model_mnist_784_noniid', 'round': 2, 'ticket_id': 118, 'cid': 'sha256:816604db85e2aae604f66c474465e803d3d59f6a8c4e2737a768d975c7265139'}",mock
0xe219ce7eb7ad068722222e2f7cd3e953ad5b95b04ae3d9f251ed65a28bdcde78,86000,1,TicketReserved,"{'model_id': 'model_mnist_784_noniid', 'round': 2, 'ticket_id': 119, 'owner': 'acct_19'}",mock
0xc7671f312666fad7f9e85f2942e1e0359541e7aef1fa8a3e4fc46caa85292189,93000,1,UpdatePublished,"{'model_id': 'model_mnist_784_noniid', 'round': 2, 'ticket_id': 119, 'cid': 'sha256:0b13e01278f83f38e4d42d5c38d9f866259c6c64311e8404a08639a0c188e57e'}",mock
0x3850b34fde5db10d0c641e4cfc408db3e585ebf192c948841dd16e603420a52e,86000,1,TicketReserved,"{'model_id': 'model_mnist_784_noniid', 'round': 2, 'ticket_id': 120, 'owner': 'acct_20'}",mock
0x3678019cc97adbce773e5615f677329a881438fa1f2541a7887b1d5c4d8abddb,93000,1,UpdatePublished,"{'model_id': 'model_mnist_784_noniid', 'round': 2, 'ticket_id': 120, 'cid': 'sha256:972f1445a53f1d4ccfb06c6029252e93c8b432fe60a1feb8eb7c0a91a0fce51f'}",mock
0x9326c2c6df3b7056364d8fc99181239de76e337ec077cfcbc199d067b8850bb1,86000,1,TicketReserved,"{'model_id': 'model_mnist_784_noniid', 'round': 2, 'ticket_id': 121, 'owner': 'acct_21'}",mock
0x515d2aea61b6e63af9411d2e42c1abfdd1c2121ded2d36cd02b74756b6804bed,93000,1,UpdatePublished,"{'model_id': 'model_mnist_784_noniid', 'round': 2, 'ticket_id': 121, 'cid': 'sha256:1d0df1bb2acebcee1c2f3f32a60661d7e14e3952a6099d1328987121319bea7d'}",mock
0x8588b3903ba1ce2b200d0fc5e6ab1d9b6ba24d6c19a199f9196cade0b4bef535,86000,1,TicketReserved,"{'model_id': 'model_mnist_784_noniid', 'round': 2, 'ticket_id': 122, 'owner': 'acct_22'}",mock
0xdd4a1fbe547033e9d18ff81bd657d8d630945557a466c6f92dfb7476df5fb9fa,93000,1,UpdatePublished,"{'model_id': 'model_mnist_784_noniid', 'round': 2, 'ticket_id': 122, 'cid': 'sha256:d13c275cc760c3d005d4384d4917f20091e469d7c204e8f3e8a4fdcffa7632c4'}",mock
0x8f2063364504350ebdc6d1e5aeb14b203b10e462b9939093e031d7ab04834e4f,86000,1,TicketReserved,"{'model_id': 'model_mnist_784_noniid', 'round': 2, 'ticket_id': 123, 'owner': 'acct_23'}",mock
0xa1b94b1e07e14ad9416949a6b7e8e3b90489121a13862d1acf07c32a349dae9e,93000,1,UpdatePublished,"{'model_id': 'model_mnist_784_noniid', 'round': 2, 'ticket_id': 123, 'cid': 'sha256:5dc1665d0b24b466e7728191e9797e6a66533f80db298d55b95350821553a0cc'}",mock
0xbeb6729baa1bbdb848d0e0da61f6ab951a240308ba05425f0d8cf542b0f31dda,86000,1,TicketReserved,"{'model_id': 'model_mnist_784_noniid', 'round': 2, 'ticket_id': 124, 'owner': 'acct_24'}",mock
0x8748f7d517c5a0b5b985d29044c9554bbc0a62e41b830fbc7883831600a599df,93000,1,UpdatePublished,"{'model_id': 'model_mnist_784_noniid', 'round': 2, 'ticket_id': 124, 'cid': 'sha256:fbd3d32a031df562049d00bdd1e62bfbbae1590acd3ecab17570924facbc3d90'}",mock
0xc3471d57a7445071f8e710a15d0c6c17aae3ede7a5d1e959f9f0d8c6c453f4d1,86000,1,TicketReserved,"{'model_id': 'model_mnist_784_noniid', 'round': 2, 'ticket_id': 125, 'owner': 'acct_25'}",mock
0xd9e2684abc6ea88b9216bc961da8631d50f176d0d2423978ec6494cef5ec2c75,93000,1,UpdatePublished,"{'model_id': 'model_mnist_784_noniid', 'round': 2, 'ticket_id': 125, 'cid': 'sha256:bbe9eb671346aa7b8fb3b28e57cb2cb36b1644c7517578c32ca3787fa1f841f6'}",mock
0xbdf144e8e41eb034955868f0cca3131d2f67c64dc05c75e16492ce19c2ff50cc,86000,1,TicketReserved,"{'model_id': 'model_mnist_784_noniid', 'round': 2, 'ticket_id': 126, 'owner': 'acct_26'}",mock
0xc1f431a5204823c6bda10b4972e0d4f2f0da0622787016ea8e33c82c510f604e,93000,1,UpdatePublished,"{'model_id': 'model_mnist_784_noniid', 'round': 2, 'ticket_id': 126, 'cid': 'sha256:46d7fc2a6405b4158868a1a2cec34aebbbf597d7bbd3d29d0436eccfe8d4dec2'}",mock
0xf7b9d0da5231444052736eb0f51003ac5b47089c379536d7c400ad710f5230c4,86000,1,TicketReserved,"{'model_id': 'model_mnist_784_noniid', 'round': 2, 'ticket_id': 127, 'owner': 'acct_27'}",mock
0xda0859a65b30be6a31adca2d1e149f41a4e4ab72b4637c80e01c500ab2964b63,93000,1,UpdatePublished,"{'model_id': 'model_mnist_784_noniid', 'round': 2, 'ticket_id': 127, 'cid': 'sha256:ad8c643cbab8a2449135480fbfe85169481688b84829aa12f3fd5d34425f3d44'}",mock
0x072915ad79702a7608f8c490422b5e6676f5acd16b13910fe125396626fa2549,86000,1,TicketReserved,"{'model_id': 'model_mnist_784_noniid', 'round': 2, 'ticket_id': 128, 'owner': 'acct_28'}",mock
0x6296e7fdb064195329a93eb019cd237790d1b84086cded12f0a80b68cfbec929,93000,1,UpdatePublished,"{'model_id': 'model_mnist_784_noniid', 'round': 2, 'ticket_id': 128, 'cid': 'sha256:1d4882886ddf87d746dbc14e242623a001e02245c44145c9900ad54156b4d32c'}",mock
0x8f37c659c9e7f41c46769b142042b507d26ab0f8b7e193fc1f9b7a687e088dd5,86000,1,TicketReserved,"{'model_id': 'model_mnist_784_noniid', 'round': 2, 'ticket_id': 129, 'owner': 'acct_29'}",mock
0x38d80da444698adee984182b2fb27461ebc64825264b782c0a4b8d259a551d3c,93000,1,UpdatePublished,"{'model_id': 'model_mnist_784_noniid', 'round': 2, 'ticket_id': 129, 'cid': 'sha256:67e873f5ab0eb381feca8728d9dcd6d0988df38207d8ff670910cbf178ef6f27'}",mock
0x9e97c23ca1e170c3a8c3ff86867ed7e2dafe742f7e9ef840b71284a46a29bfd7,86000,1,TicketReserved,"{'model_id': 'model_mnist_784_noniid', 'round': 2, 'ticket_id': 130, 'owner': 'acct_30'}",mock
0xeafeea8e8f7ae6d35979ea87541b478901436e771079251db1a9e0d1e1d06264,93000,1,UpdatePublished,"{'model_id': 'model_mnist_784_noniid', 'round': 2, 'ticket_id': 130, 'cid': 'sha256:3c464fefdd845423ade9143b6074df18d2bf488213acc936446011ed23f5df20'}",mock
0xec8664c417b010c6038a71fe2639d51a627d95c4a5b92636435893b5aa11ebf4,86000,1,TicketReserved,"{'model_id': 'model_mnist_784_noniid', 'round': 2, 'ticket_id': 131, 'owner': 'acct_31'}",mock
0x5238c070442b828369460092d1b40d15ffa5c1ba58355b78b3e92e97ac4e2dd9,93000,1,UpdatePublished,"{'model_id': 'model_mnist_784_noniid', 'round': 2, 'ticket_id': 131, 'cid': 'sha256:492d77b56ef2bbc341979b9ac1096318f252a6b8224e60a63d927322840b1571'}",mock
0xf909951a2426b8c988cae3f52f2f905e3b64979af115f1c587a62de6889ef575,86000,1,TicketReserved,"{'model_id': 'model_mnist_784_noniid', 'round': 2, 'ticket_id': 132, 'owner': 'acct_32'}",mock
0x3bcc0b7d97e03f9de6ac36bf0570c76dded6f8f11f8924f124d42df4a8aba91e,93000,1,UpdatePublished,"{'model_id': 'model_mnist_784_noniid', 'round': 2, 'ticket_id': 132, 'cid': 'sha256:063b1f7362fdb60cf547a9e4f75b266d1fedefcecc660a9126e0c7510b73c2a4'}",mock
0xcb2a2e4a83cbc7ee3ddfc8cd317c4b109b424b50de0b60263dd7a9620f8fa465,86000,1,TicketReserved,"{'model_id': 'model_mnist_784_noniid', 'round': 2, 'ticket_id': 133, 'owner': 'acct_33'}",mock
0x0710344d60318d4ac92b2085d65282cd6968227509480d8b3aca4062c926d824,93000,1,UpdatePublished,"{'model_id': 'model_mnist_784_noniid', 'round': 2, 'ticket_id': 133, 'cid': 'sha256:0c21882490c5885306989148b0ab0a541554654682edbb55914029866a0c7f0f'}",mock
0x74135abe38975cd25edbd016240183599aab29c4d290dad43a53bef027af975a,86000,1,TicketReserved,"{'model_id': 'model_mnist_784_noniid', 'round': 2, 'ticket_id': 134, 'owner': 'acct_34'}",mock
0x9404934b036a97797c3e2b2fb25d58175d53f0d1deb93dab1d19986b2cfd0420,93000,1,UpdatePublished,"{'model_id': 'model_mnist_784_noniid', 'round': 2, 'ticket_id': 134, 'cid': 'sha256:17d8634fbfd70ddeb56a8c55894659679ca1157fe07824ad397e9abea6287db0'}",mock
0x66c28a0c29afbf4eec17698f7f8ce4b5d550df86d8f0010919ec34cd6acae9ae,86000,1,TicketReserved,"{'model_id': 'model_mnist_784_noniid', 'round': 2, 'ticket_id': 135, 'owner': 'acct_35'}",mock
0xd2511c4c125c8a30c1ba638c882b790611181739d5a709a65298909d0546f9f6,93000,1,UpdatePublished,"{'model_id': 'model_mnist_784_noniid', 'round': 2, 'ticket_id': 135, 'cid': 'sha256:cda0124f2cce12f978a13922bae5ce8915e3bf73be01d37dbd5a1af832aa7ec5'}",mock
0xcc5742853494b4610e94ace1d104648875363e0e578ae0d8618b5ac7fa4aa5be,86000,1,TicketReserved,"{'model_id': 'model_mnist_784_noniid', 'round': 2, 'ticket_id': 136, 'owner': 'acct_36'}",mock
0xb27e782a465b63ff33daa20c1382f6d55bc9556af1d45b5b8976f58361fbebba,93000,1,UpdatePublished,"{'model_id': 'model_mnist_784_noniid', 'round': 2, 'ticket_id': 136, 'cid': 'sha256:7115cd4d3e2c478cced934c040efb1f4d291b71384ecdaba18c75a9c9dbaa479'}",mock
0x84f0d2584768033f0b512dcd2bc5573b32ea085a6f17852c5268824d53c46d2b,86000,1,TicketReserved,"{'model_id': 'model_mnist_784_noniid', 'round': 2, 'ticket_id': 137, 'owner': 'acct_37'}",mock
0x153baf3ea65c1c1103b2a9190b85f28def012d5c6f59bfebf4192fe8ac8fcd48,93000,1,UpdatePublished,"{'model_id': 'model_mnist_784_noniid', 'round': 2, 'ticket_id': 137, 'cid': 'sha256:d1fd94bf1a36166a230aebd1e707dc8bf04fdf91f4a0bfeddce707920ac705c0'}",mock
0x2c329204b2558e887a2eb37ca5b94c40f7b58551d2e2396afa8803c0789bc878,86000,1,TicketReserved,"{'model_id': 'model_mnist_784_noniid', 'round': 2, 'ticket_id': 138, 'owner': 'acct_38'}",mock
0x5aadfb57a80453e32c7b0a2d00807a1af6cb010e18f7fd9fb606af6b458202a2,93000,1,UpdatePublished,"{'model_id': 'model_mnist_784_noniid', 'round': 2, 'ticket_id': 138, 'cid': 'sha256:d8f2e9e0276c5702c8289617648bdfb6dc4ebd6004fc999e9947e6d769faaef7'}",mock
0xd1319538e19fc2ef1e510278467176029605f530966abedc44982671fc21c34e,86000,1,TicketReserved,"{'model_id': 'model_mnist_784_noniid', 'round': 2, 'ticket_id': 139, 'owner': 'acct_39'}",mock
0x54ff79872c066b1caa47fe5a2ed69a1c4ffeb9311c981ba957b9987c08098bd9,93000,1,UpdatePublished,"{'model_id': 'model_mnist_784_noniid', 'round': 2, 'ticket_id': 139, 'cid': 'sha256:8d5db39ab54ef97fb0d2fa1a879dacc646a305276c6e2e43c4168891b335fbfa'}",mock
0xe73d01d32009b1b612a14e65163449fef173c3e5c1fab2aa5eda186498a6d387,86000,1,TicketReserved,"{'model_id': 'model_mnist_784_noniid', 'round': 2, 'ticket_id': 140, 'owner': 'acct_40'}",mock
0x875754324beb3cb51b5b7e457a144b1a4c25c30506a4dd44626cbe18d2cc7f28,93000,1,UpdatePublished,"{'model_id': 'model_mnist_784_noniid', 'round': 2, 'ticket_id': 140, 'cid': 'sha256:ba5953b7a4f05d0d11ef59425cb8c13a4314658a0e0ce90633ada1e7bdf7ffe7'}",mock
0x98b19c15bd7783e48c76ddb7004c45377677df2ea6ff9e4183ba1290eb6b1d3a,86000,1,TicketReserved,"{'model_id': 'model_mnist_784_noniid', 'round': 2, 'ticket_id': 141, 'owner': 'acct_41'}",mock
0xe38c7e36a89c9daedeee3aaf671e1ef1e56bbbd453385a2b72c33ac7edb10b5a,93000,1,UpdatePublished,"{'model_id': 'model_mnist_784_noniid', 'round': 2, 'ticket_id': 141, 'cid': 'sha256:29be6fe555274807d092e2f44bbcaf0cf97801809a3a9f100ea03f4e3140f758'}",mock
0x6e9b6b57b2f2c0f0cf0cb8bade5b30e98d32f4914b737602b54b0efde8314bee,86000,1,TicketReserved,"{'model_id': 'model_mnist_784_noniid', 'round': 2, 'ticket_id': 142, 'owner': 'acct_42'}",mock
0x667f3daf7ca56330eb40381c2be50e60b867fb0da30c9e4394b30dd53cb10917,93000,1,UpdatePublished,"{'model_id': 'model_mnist_784_noniid', 'round': 2, 'ticket_id': 142, 'cid': 'sha256:729d0c0585798fac61d0d71482d6c4b769139a8f3fe9f8ab2d83bf870409bff2'}",mock
0xe96b4292b16ae7a4c96b43a0b1a58bc28c7489d3d4a6ea5590fe1ce51c9fcd46,86000,1,TicketReserved,"{'model_id': 'model_mnist_784_noniid', 'round': 2, 'ticket_id': 143, 'owner': 'acct_43'}",mock
0xfc1793a7b1856326c971df5f34e59e496853a02a52dd91966f25b5ed68c1cf32,93000,1,UpdatePublished,"{'model_id': 'model_mnist_784_noniid', 'round': 2, 'ticket_id': 143, 'cid': 'sha256:da47573d58b5cd6ba35236bdafd2d89868654cb9d5157c2671071acfeedcbc07'}",mock
0x61f290fc0510dbc10130921ca05cb47d31b6210ec112e01ba4691eb29edbd34c,86000,1,TicketReserved,"{'model_id': 'model_mnist_784_noniid', 'round': 2, 'ticket_id': 144, 'owner': 'acct_44'}",mock
0x3a8c482d422ab59fdabb9437f89d9b03eb635c88c944400e073f3e7008611f8b,93000,1,UpdatePublished,"{'model_id': 'model_mnist_784_noniid', 'round': 2, 'ticket_id': 144, 'cid': 'sha256:9ce5fd2c3602d7bca8d3e529ddf15e789560cc7296fbe02951ef28855216fa17'}",mock
0x2be406384e8a246b9e3f542ab185c799720666f102ff34f55b4def916babd209,86000,1,TicketReserved,"{'model_id': 'model_mnist_784_noniid', 'round': 2, 'ticket_id': 145, 'owner': 'acct_45'}",mock
0x09ae065ab6c0a5ed339ea0eaa652331d541c0012dc86c3c6641e7d6f6c524377,93000,1,UpdatePublished,"{'model_id': 'model_mnist_784_noniid', 'round': 2, 'ticket_id': 145, 'cid': 'sha256:beeb339794c65a0ff5fca4b18a44e4b702c0f4b033f72c19eed1842e66f51b3c'}",mock
0x1d91cd076f1a2f44a29832aa5fe0ff50cd8bbdd51c81ba36257b2f02f39b59e4,86000,1,TicketReserved,"{'model_id': 'model_mnist_784_noniid', 'round': 2, 'ticket_id': 146, 'owner': 'acct_46'}",mock
0x9374b3c01b30025cfe6f8369bb16437df056967f1272aedc81391395023a7bf6,93000,1,UpdatePublished,"{'model_id': 'model_mnist_784_noniid', 'round': 2, 'ticket_id': 146, 'cid': 'sha256:0e289334cb555976bcd65d65b050206a95fe0dc09499a0385d5b28d1417672d7'}",mock
0xc137e77caec2be19caf0adf83dc2f98ec4412fa51fa4a81373c2a23dad76fe2d,86000,1,TicketReserved,"{'model_id': 'model_mnist_784_noniid', 'round': 2, 'ticket_id': 147, 'owner': 'acct_47'}",mock
0xee834d335002238b287715304e171d0b847dd34daa36fadde2167c9d083d9f40,93000,1,UpdatePublished,"{'model_id': 'model_mnist_784_noniid', 'round': 2, 'ticket_id': 147, 'cid': 'sha256:08466233c1380e554caa70ccc0ad22810c5488a950b872f4d89a9a336fd454d0'}",mock
0xe3dd536b4a038001723b85b4b35611f604d7cafeaf249de9b6bfab3949e2b298,86000,1,TicketReserved,"{'model_id': 'model_mnist_784_noniid', 'round': 2, 'ticket_id': 148, 'owner': 'acct_48'}",mock
0x70d91423b374d615586850421bf4060d409ee9c141bc306a3b89d9cdf0e1e46f,93000,1,UpdatePublished,"{'model_id': 'model_mnist_784_noniid', 'round': 2, 'ticket_id': 148, 'cid': 'sha256:af2523cd0eb3cdfee8715bb724e48072706dadde161f69b7439e46a060546390'}",mock
0x9d6cccba8cc68455b0bb1dc15fc9234ebc99fb0b8930a1f8c9210d85c90e59c7,86000,1,TicketReserved,"{'model_id': 'model_mnist_784_noniid', 'round': 2, 'ticket_id': 149, 'owner': 'acct_49'}",mock
0xb97ec1857ab11055780f440034de947c5447e122f7ea1cd93f3bf33cd72714c2,93000,1,UpdatePublished,"{'model_id': 'model_mnist_784_noniid', 'round': 2, 'ticket_id': 149, 'cid': 'sha256:c8cb7e148222a4888fe9195e108a3615c7b7021b39b096cb6aa2adbd0c106087'}",mock
0xe1cf16c5f8cdd806d9eb6669423133c6be60a5c4eeee0f014a94a44266f24562,86000,1,TicketReserved,"{'model_id': 'model_mnist_784_noniid', 'round': 2, 'ticket_id': 150, 'owner': 'acct_50'}",mock
0xc4f9d8df6b40178b220f82f77b72b1c2e85fb88efa36803f69d0dd6b74e82163,93000,1,UpdatePublished,"{'model_id': 'model_mnist_784_noniid', 'round': 2, 'ticket_id': 150, 'cid': 'sha256:5718aab95f313771889f643152af8c96a87bc06a5c167ab9fb8c55f9597374fd'}",mock
0xa560ec652972be35329835b5bfb22d57148028fd1eab9de85afbbbc7d1a77a02,945000,1,RoundFinalized,"{'model_id': 'model_mnist_784_noniid', 'round': 2, 'included': 41, 'refunds': 41}",mock
0x11fc22b024ca9a64b7f76a8704091c61cf2315ba1ffbd2634b2b282c182ba2a3,52000,1,RoundFunded,"{'model_id': 'model_mnist_784_noniid', 'amount_wei': 10000000000000000}",mock
0x4df54672b88db7b16bd07334ca0b622a87a3780120fd076e670f38529c42f1e9,86000,1,TicketReserved,"{'model_id': 'model_mnist_784_noniid', 'round': 3, 'ticket_id': 151, 'owner': 'acct_1'}",mock
0x8d12b2fe048434f79d6a9766fcfac62c801d5c92a36dd7043bab9d09928e5a78,93000,1,UpdatePublished,"{'model_id': 'model_mnist_784_noniid', 'round': 3, 'ticket_id': 151, 'cid': 'sha256:bf33c1ec91713633d54a1b98d53c2c37381813f3e633fc1e2d31450951436da0'}",mock
0x04148c2fb0d6b708c71a8ef440420f9877024be1a89454309906e801bb9ae817,86000,1,TicketReserved,"{'model_id': 'model_mnist_784_noniid', 'round': 3, 'ticket_id': 152, 'owner': 'acct_2'}",mock
0xf93e0efbf3a299bb25fc31bd74aa4f3b46607706009a299d553f23c75dad0567,93000,1,UpdatePublished,"{'model_id': 'model_mnist_784_noniid', 'round': 3, 'ticket_id': 152, 'cid': 'sha256:727de3b01d9d4bc0c8b1ac3c516c84a0f17f0e6580baf86ecb7e50c7eb824d3a'}",mock
0x77d75da3d94a136ffb0ab5dc86018149f90e5005781bbb00a88bc836599400cb,86000,1,TicketReserved,"{'model_id': 'model_mnist_784_noniid', 'round': 3, 'ticket_id': 153, 'owner': 'acct_3'}",mock
0x905c3df4866e38d4d905d3c14bc0a02ddaa5f91798be2a292a9f1c500139a444,93000,1,UpdatePublished,"{'model_id': 'model_mnist_784_noniid', 'round': 3, 'ticket_id': 153, 'cid': 'sha256:f9b3ed68c230458212735235a629a08884cc126a448436d1e485d10c22e1be1f'}",mock
0xe66049b1984b644ecc646f77d3f11fb862baeb19b4836b1add34825e0408eaf9,86000,1,TicketReserved,"{'model_id': 'model_mnist_784_noniid', 'round': 3, 'ticket_id': 154, 'owner': 'acct_4'}",mock
0x267d24f2e4df2144fb468f30d4606b73d9d0587b0a05cf802a2d19f8994e8d2e,93000,1,UpdatePublished,"{'model_id': 'model_mnist_784_noniid', 'round': 3, 'ticket_id': 154, 'cid': 'sha256:237b17198c2473d81a98c1729cd40854f1ed98990234b095974b6051756f7262'}",mock
0x84f8556a3f391065089c068006d314c68bf7b984cee3b5927cece1448b0d9968,86000,1,TicketReserved,"{'model_id': 'model_mnist_784_noniid', 'round': 3, 'ticket_id': 155, 'owner': 'acct_5'}",mock
0x45cc63581470bbb285f93918e9bba3614492fddbe51c9bdc6b391079936344b9,93000,1,UpdatePublished,"{'model_id': 'model_mnist_784_noniid', 'round': 3, 'ticket_id': 155, 'cid': 'sha256:78546a7830b6f05548b9655ab008d7d66dbc6571586d13153c98aab8cf9c112a'}",mock
0xafeaefbc1ca2807629cc22cfb1a7fd8698d7da90485d2d34c4bff4e05d3f8d85,86000,1,TicketReserved,"{'model_id': 'model_mnist_784_noniid', 'round': 3, 'ticket_id': 156, 'owner': 'acct_6'}",mock
0x2cce6d170d7e7cd27f20024bacaa18eefc0e049c861257a42268299a0108d399,93000,1,UpdatePublished,"{'model_id': 'model_mnist_784_noniid', 'round': 3, 'ticket_id': 156, 'cid': 'sha256:a0c6ed2bc35d258728e32326085ae7d77d1b694393424ab1ebeb7cf8a9c8aace'}",mock
0x92cc417dcee8eb3a7c12646061688e854cca74a4020076a8f0ae5032a2130ef9,86000,1,TicketReserved,"{'model_id': 'model_mnist_784_noniid', 'round': 3, 'ticket_id': 157, 'owner': 'acct_7'}",mock
0x8fa7cf634c0b8c399885b4c4676e376b7d60ff04bfb1f05100ea9c1325cdbece,93000,1,UpdatePublished,"{'model_id': 'model_mnist_784_noniid', 'round': 3, 'ticket_id': 157, 'cid': 'sha256:fedef3f672f690b67c706b39a95d0015d6ec7511eae8b63dfabfd5151d0a4b24'}",mock
0xdefe0489ff36da73f8314720e5e815973783ee6dbfd8b4dbf064d8445702b77d,86000,1,TicketReserved,"{'model_id': 'model_mnist_784_noniid', 'round': 3, 'ticket_id': 158, 'owner': 'acct_8'}",mock
0x7dd0fc8bee34abdbbd7ff7480cb8b0f0dc2b708ff1d0867be39268799b7b9934,93000,1,UpdatePublished,"{'model_id': 'model_mnist_784_noniid', 'round': 3, 'ticket_id': 158, 'cid': 'sha256:c698befbca7bebbcada1581c183993e491d118a8f4bf8b91fc8efeb9c4b66693'}",mock
0xaa66692a2c7a9a4994177ca61e01196a412f8c2622db832934d1b39df82061d3,86000,1,TicketReserved,"{'model_id': 'model_mnist_784_noniid', 'round': 3, 'ticket_id': 159, 'owner': 'acct_9'}",mock
0x164d700e6b096546eec6799e46e9da41dbbcf56ea7e99ce423dc73cfc4d9495e,93000,1,UpdatePublished,"{'model_id': 'model_mnist_784_noniid', 'round': 3, 'ticket_id': 159, 'cid': 'sha256:c05bf8a69652785878cc6f2a0aa7801ddb82df7360438811d275b1a963d66b71'}",mock
0x63468b6576611a4654834a490d7df5bcd6006af2e1edafce085c9601a3f0e597,86000,1,TicketReserved,"{'model_id': 'model_mnist_784_noniid', 'round': 3, 'ticket_id': 160, 'owner': 'acct_10'}",mock
0xc6e1d57613a03679d79dd1b5e2a0e39d702b4e5005690c438519aef81abae889,93000,1,UpdatePublished,"{'model_id': 'model_mnist_784_noniid', 'round': 3, 'ticket_id': 160, 'cid': 'sha256:a6f52417e3508e3ebdf01e52bc03319c73a747ade0d950c9c4cfe34989f25603'}",mock
0x29f08f1b8ca90f31b8de9c6af6cc94c75f70aa99fdced10459bbed238dbf62ad,86000,1,TicketReserved,"{'model_id': 'model_mnist_784_noniid', 'round': 3, 'ticket_id': 161, 'owner': 'acct_11'}",mock
0xfbc2264df3b6af853ee7a88a7959cbeb3567f1aa8789ca22054c4aa79f70c3e2,93000,1,UpdatePublished,"{'model_id': 'model_mnist_784_noniid', 'round': 3, 'ticket_id': 161, 'cid': 'sha256:0dd2324b9c387ece097dc5e6d135c8c036cac592a55e7937f51dd01217ed5c49'}",mock
0xe3d62a1562ee9911355d740627e71b5b1237b695692247042d098777f7dae2d0,86000,1,TicketReserved,"{'model_id': 'model_mnist_784_noniid', 'round': 3, 'ticket_id': 162, 'owner': 'acct_12'}",mock
0xb43b0e59d44c7c081c71c5838ca5aaf650b0da09777000df8f67851d8fa93c10,93000,1,UpdatePublished,"{'model_id': 'model_mnist_784_noniid', 'round': 3, 'ticket_id': 162, 'cid': 'sha256:b812fd3be5e6f58513108402a52827ca1c32db607e7efa37f91c70fbc179f4de'}",mock
0x133dab58f31be98f6564a56bd641a1f65de7934d721f1af3d17a1b645a1aff1c,86000,1,TicketReserved,"{'model_id': 'model_mnist_784_noniid', 'round': 3, 'ticket_id': 163, 'owner': 'acct_13'}",mock
0xdab7f57b947dc76a5dc33412d02e97ba751f1be80ab83963ad10dd85fa89491a,93000,1,UpdatePublished,"{'model_id': 'model_mnist_784_noniid', 'round': 3, 'ticket_id': 163, 'cid': 'sha256:a816c2cd5723a5e5e3b097818c0991ec35d365057f78743dac174183ad04a356'}",mock
0xfdfa12cd78af86a5fea4d9f16c67fa09c3e923db2e62e58fe55c151237defd5b,86000,1,TicketReserved,"{'model_id': 'model_mnist_784_noniid', 'round': 3, 'ticket_id': 164, 'owner': 'acct_14'}",mock
0x4f1ea13ac68df4431930ae3b4e0d8f064b3416fdaf9f10bde553ddcaf53a96c5,93000,1,UpdatePublished,"{'model_id': 'model_mnist_784_noniid', 'round': 3, 'ticket_id': 164, 'cid': 'sha256:f653cf4d264a0b6e1e49b0aa649e8680e1e124f32141f1af84b6ccaee04ee692'}",mock
0x57f0e54fa226c9845e9e64b3acc2c3273e5a9249ba82da12c8315903fbbb17b9,86000,1,TicketReserved,"{'model_id': 'model_mnist_784_noniid', 'round': 3, 'ticket_id': 165, 'owner': 'acct_15'}",mock
0x373c42787cefa54a86689dedd8bfc155cae73058360538db38026722f55cac08,93000,1,UpdatePublished,"{'model_id': 'model_mnist_784_noniid', 'round': 3, 'ticket_id': 165, 'cid': 'sha256:ffb38f0b34064a6262c31616de18f5c54fc9ab8cb885e0cf2f1d9239f5b91579'}",mock
0x459d038fb79591daa04f4c2f3cff211fa9ad8a917797980da9a696882de8eb29,86000,1,TicketReserved,"{'model_id': 'model_mnist_784_noniid', 'round': 3, 'ticket_id': 166, 'owner': 'acct_16'}",mock
0x7ea6dde6fa24465e80eeff2fe454b3926637b135ddee7b96df88bd96e6309e19,93000,1,UpdatePublished,"{'model_id': 'model_mnist_784_noniid', 'round': 3, 'ticket_id': 166, 'cid': 'sha256:ded2b41f0ae9386a648651a9a7812b4ed9e22ab454c5bbcb385a880348aafdfa'}",mock
0xc11a0a29cbdfb71986d1f08fb8b49669ac82496ec12e94a96e600f3692935aeb,86000,1,TicketReserved,"{'model_id': 'model_mnist_784_noniid', 'round': 3, 'ticket_id': 167, 'owner': 'acct_17'}",mock
0x33b69d615656a7b9a089297ea6abb804ac1ddfa2c5702510feeb4c488c9fb781,93000,1,UpdatePublished,"{'model_id': 'model_mnist_784_noniid', 'round': 3, 'ticket_id': 167, 'cid': 'sha256:599c5705a7421ce83371ba6277d8df5c661210e2fee738ec05e120853e78d484'}",mock
0x64e9c447e25a1fb8b5641e4c1224266aa4c83931c3b56d347eee7d883bcc4187,86000,1,TicketReserved,"{'model_id': 'model_mnist_784_noniid', 'round': 3, 'ticket_id': 168, 'owner': 'acct_18'}",mock
0xd4e780374cccba4c313473e543694842ca9d96574d8c361e4254fa792dd6da69,93000,1,UpdatePublished,"{'model_id': 'model_mnist_784_noniid', 'round': 3, 'ticket_id': 168, 'cid': 'sha256:7ed83d16d3f52a75ef15fea7a028d41569895a8e2005a0c7dc078c34d15cb2be'}",mock
0x4c0d330aed59dbe7822db53e277bd760ca3145f668189b720d747af1658638b7,86000,1,TicketReserved,"{'model_id': 'model_mnist_784_noniid', 'round': 3, 'ticket_id': 169, 'owner': 'acct_19'}",mock
0x1bbcaf1c26d50b725c47601ee691cd639ac830400cbdc0ca46fd1abbfe91b595,93000,1,UpdatePublished,"{'model_id': 'model_mnist_784_noniid', 'round': 3, 'ticket_id': 169, 'cid': 'sha256:0b467a72e3d187ddf4d06d9103bcbc114dd061855d3215ea694d9fddc34813dd'}",mock
0xa4641af0eb499537b68d9959fb39cc037ed75d3f59eee77bc14595f0394dd1ef,86000,1,TicketReserved,"{'model_id': 'model_mnist_784_noniid', 'round': 3, 'ticket_id': 170, 'owner': 'acct_20'}",mock
0x654ba39babd23c5b2464f46a7523f6a9b1009eeae8c90c66f1d8517c86070640,93000,1,UpdatePublished,"{'model_id': 'model_mnist_784_noniid', 'round': 3, 'ticket_id': 170, 'cid': 'sha256:30519acb9092201428d3d6008378b275c49fdf6b6e69b29fa37e62c584aba127'}",mock
0x8e72b1bf59095909aa90c263e92a9a2462e486c7a6fa492d1ff32353d59f4220,86000,1,TicketReserved,"{'model_id': 'model_mnist_784_noniid', 'round': 3, 'ticket_id': 171, 'owner': 'acct_21'}",mock
0xbc792d5415aa792d83b3894daaeee83783a12cfef905e4f824f5a7973e626333,93000,1,UpdatePublished,"{'model_id': 'model_mnist_784_noniid', 'round': 3, 'ticket_id': 171, 'cid': 'sha256:e33c8459b9b71ba3842ade6616c7fd327fe343b67d0d9e67e990eeb09c77c534'}",mock
0x82dad3300c25e2a4647306c622a882ac19dda975a11c68ced86e36d99e079f1b,86000,1,TicketReserved,"{'model_id': 'model_mnist_784_noniid', 'round': 3, 'ticket_id': 172, 'owner': 'acct_22'}",mock
0xd63a9a06e4b3e1415f514cdebafab8b86a435f22f8b61ae09f32bce8e4d52a67,93000,1,UpdatePublished,"{'model_id': 'model_mnist_784_noniid', 'round': 3, 'ticket_id': 172, 'cid': 'sha256:0da5f2a5ffba9122fc7d67475d3f309b68733ce8cb9e5439bebc6da0de7afca9'}",mock
0xdda08fd5a10d83d4b4408feced117ea4b5965f31f9275414229bd3d42d00e2e9,86000,1,TicketReserved,"{'model_id': 'model_mnist_784_noniid', 'round': 3, 'ticket_id': 173, 'owner': 'acct_23'}",mock
0x73eb7ee51c5a4196dae5eba8d475f001e5ada88bc59187a8b6cb83f30f2c1eee,93000,1,UpdatePublished,"{'model_id': 'model_mnist_784_noniid', 'round': 3, 'ticket_id': 173, 'cid': 'sha256:90a51a2f4cd5b5ff3900877130979e93e0f9502f6edc5d109faa34ffa50b8830'}",mock
0x1b05ab46969cf1327ed868ea608fd7284df6f4a60666ab9dc81e4f38b95a922a,86000,1,TicketReserved,"{'model_id': 'model_mnist_784_noniid', 'round': 3, 'ticket_id': 174, 'owner': 'acct_24'}",mock
0xdac80638e7011f0a921342724ebe0f42251e7aecb0333a3a3ce7f78797c59d01,93000,1,UpdatePublished,"{'model_id': 'model_mnist_784_noniid', 'round': 3, 'ticket_id': 174, 'cid': 'sha256:f80c678c352e3328ef3fb5fe190e0ea89a0cd3139aee9f6361c8320a7dd85730'}",mock
0xf30d79f55750171330ab57aebbaa3f115efdac98eb5586c038950085bb8fd526,86000,1,TicketReserved,"{'model_id': 'model_mnist_784_noniid', 'round': 3, 'ticket_id': 175, 'owner': 'acct_25'}",mock
0x934450b64165c9a046e436567330133fe73dea4897b6898fac6024055e228475,93000,1,UpdatePublished,"{'model_id': 'model_mnist_784_noniid', 'round': 3, 'ticket_id': 175, 'cid': 'sha256:a9cd5fd7b565469e63301397589b5f082704edb621c48a93acaaa0eb45678b62'}",mock
0xd6015f549a294fe9fa75ccd52e015d425c3710a726b8c57cc1f54b147d544895,86000,1,TicketReserved,"{'model_id': 'model_mnist_784_noniid', 'round': 3, 'ticket_id': 176, 'owner': 'acct_26'}",mock
0x304e0eac4027397a93cfa54140484576c678f28f36e0b4d5c0e9b7ed64b3c0eb,93000,1,UpdatePublished,"{'model_id': 'model_mnist_784_noniid', 'round': 3, 'ticket_id': 176, 'cid': 'sha256:6115d3618071adb3558eea16e789fdaae83333d6ec34a8f881e5349d32990355'}",mock
0x317fc14d470c1e590ce1d4861f684f7c66298c390a511131c6898fcb3125ac5e,86000,1,TicketReserved,"{'model_id': 'model_mnist_784_noniid', 'round': 3, 'ticket_id': 177, 'owner': 'acct_27'}",mock
0x4572ee30314fbdeb4d8268ac24f75627b2f7f084fae88c74bd73d0f0ee4a5582,93000,1,UpdatePublished,"{'model_id': 'model_mnist_784_noniid', 'round': 3, 'ticket_id': 177, 'cid': 'sha256:caa108debd08110a3932b0f686be39cc4ca7e9ce1014af3eecd07914e7aace6c'}",mock
0x5e2238582a5ac96c6b37bb9418e4485e017a74d0ee2a72d70c5acf0d262c891c,86000,1,TicketReserved,"{'model_id': 'model_mnist_784_noniid', 'round': 3, 'ticket_id': 178, 'owner': 'acct_28'}",mock
0x9239252a70e0d254829de5fa45f307e207f115c2ec63eaa6c53ec995f6c62d92,93000,1,UpdatePublished,"{'model_id': 'model_mnist_784_noniid', 'round': 3, 'ticket_id': 178, 'cid': 'sha256:283fd866b2dfdf90a6f9694c953956880a242eec059f6a89891eb5dad18f7a8b'}",mock
0x7493559b46303576c1b538d406ccb2c9871ca8df4c24a577df84646c03910cd2,86000,1,TicketReserved,"{'model_id': 'model_mnist_784_noniid', 'round': 3, 'ticket_id': 179, 'owner': 'acct_29'}",mock
0x16b0ec9198ff952135166287c5cab849e0885ada2de9ddb680638c859b48ef02,93000,1,UpdatePublished,"{'model_id': 'model_mnist_784_noniid', 'round': 3, 'ticket_id': 179, 'cid': 'sha256:063f18ddf86321e9d160fb38a1c3ae33b259e988a2a76be7619d1accbed68cac'}",mock
0xe345751f0ccbfd007a8d8930bb1322f2f82e91d2eae9f1f6512904e3b4da942b,86000,1,TicketReserved,"{'model_id': 'model_mnist_784_noniid', 'round': 3, 'ticket_id': 180, 'owner': 'acct_30'}",mock
0xfd26175e36d708e9bc324d37b462f3e0f954b687dcd6dd489339b852017a4eb3,93000,1,UpdatePublished,"{'model_id': 'model_mnist_784_noniid', 'round': 3, 'ticket_id': 180, 'cid': 'sha256:a4d02cca8bbacbd0b9a8c5dfd27920a6b00dbcd07140696b485ea06513e26462'}",mock
0x631324d290efadd8f54917c8b8397317c918741ee8a494e9a49190d8fc356fe2,86000,1,TicketReserved,"{'model_id': 'model_mnist_784_noniid', 'round': 3, 'ticket_id': 181, 'owner': 'acct_31'}",mock
0xd0b658cfb881f7ccd05ac120226a0e534353a3d47b1fc4a61481baed362b9514,93000,1,UpdatePublished,"{'model_id': 'model_mnist_784_noniid', 'round': 3, 'ticket_id': 181, 'cid': 'sha256:54e9daa54cee486b71ae169a7af340128044adfc40b54cde831bfae14bbf1566'}",mock
0xcb6ecdb32d59304669d7f9c88d774295f2e17a1bc1a2003787be81cff7f2987b,86000,1,TicketReserved,"{'model_id': 'model_mnist_784_noniid', 'round': 3, 'ticket_id': 182, 'owner': 'acct_32'}",mock
0x907028be6ddc059d738699f2cb2bc3a4147c39fc20037f543444fa5f3c573637,93000,1,UpdatePublished,"{'model_id': 'model_mnist_784_noniid', 'round': 3, 'ticket_id': 182, 'cid': 'sha256:d536503b1fa5dcdede261bd34a97b968bb98e0656d6839cad662e4569dec4c64'}",mock
0xa30f50444ac1919cc33c566b0521ba3bd414bf958c99b1e7b41411c52108293b,86000,1,TicketReserved,"{'model_id': 'model_mnist_784_noniid', 'round': 3, 'ticket_id': 183, 'owner': 'acct_33'}",mock
0x28ccfea3f5a360cec52d9c584608ddc4776384a4ac31a8607a04aeff3696a7e9,93000,1,UpdatePublished,"{'model_id': 'model_mnist_784_noniid', 'round': 3, 'ticket_id': 183, 'cid': 'sha256:e94e245e0ae4165989daeb498233d8319d55d8ca87267553b6f1f1da2fd872b9'}",mock
0xf20a704c3cbec275d127a517cc3788bdb3861483fde849b2c88b7f52ee8b2c66,86000,1,TicketReserved,"{'model_id': 'model_mnist_784_noniid', 'round': 3, 'ticket_id': 184, 'owner': 'acct_34'}",mock
0xcbadbc38efec6438131a42395a419cf6f0c2ab5ff6240b12d925a3fe20dde52d,93000,1,UpdatePublished,"{'model_id': 'model_mnist_784_noniid', 'round': 3, 'ticket_id': 184, 'cid': 'sha256:a368d442da32eb235b84d6f0bd578e5bc28ea23972dcc6ac3be9d346e561fb2e'}",mock
0x909a2cfbd7fd1bcc4c0ac46a082f8ac4fd2318c86b1e70f2ceb53166026e4577,86000,1,TicketReserved,"{'model_id': 'model_mnist_784_noniid', 'round': 3, 'ticket_id': 185, 'owner': 'acct_35'}",mock
0x39dcbb52d0b860117d7e36ee5f5e6bbf6def42b4014ee2fe28868151eaaaa11d,93000,1,UpdatePublished,"{'model_id': 'model_mnist_784_noniid', 'round': 3, 'ticket_id': 185, 'cid': 'sha256:e23059d98555a74792ce31736bad783be0225974dac42ba923432a893570e79c'}",mock
0xb413be74b130138dbe7bb62139dc6e6968a276394a5723ab04d2a2dad9c18192,86000,1,TicketReserved,"{'model_id': 'model_mnist_784_noniid', 'round': 3, 'ticket_id': 186, 'owner': 'acct_36'}",mock
0xbd393296608f532c7da00068b487fa4063d908ec025b050bf2d322d18de20926,93000,1,UpdatePublished,"{'model_id': 'model_mnist_784_noniid', 'round': 3, 'ticket_id': 186, 'cid': 'sha256:ecdfac29474218ac423cffa943949777ebc109d5b1a17af51b50019a8f4cc217'}",mock
0x62e4a65a9434f9ef21de49da31b89da1504d9f3d17cf657b91e3eeb68fcaad2c,86000,1,TicketReserved,"{'model_id': 'model_mnist_784_noniid', 'round': 3, 'ticket_id': 187, 'owner': 'acct_37'}",mock
0x4db460b0f9c6e47fbf59ff37ea7fae46fbe6dbe89bbdb7ac0ad24442131bb27c,93000,1,UpdatePublished,"{'model_id': 'model_mnist_784_noniid', 'round': 3, 'ticket_id': 187, 'cid': 'sha256:53200244d724f1b1c01a4262cbd3f75ea90ed04b5ac2b0b105d452370ab9f578'}",mock
0x714c0622544943d75e7e1efdacd7628a90757406d62d64c3537ae668610e2862,86000,1,TicketReserved,"{'model_id': 'model_mnist_784_noniid', 'round': 3, 'ticket_id': 188, 'owner': 'acct_38'}",mock
0x95921e057f37b2bdf7049d949a24c9503ac4358300f53c6f37a380af67403d57,93000,1,UpdatePublished,"{'model_id': 'model_mnist_784_noniid', 'round': 3, 'ticket_id': 188, 'cid': 'sha256:42682e5815bd285c3fbfb4ca3b2036646d8910b4bc08b24a38b52fba048c25aa'}",mock
0xeae6d84b2f94e8c6800e545a5719ba7076d6353710cefe7d7bf86971e7dde098,86000,1,TicketReserved,"{'model_id': 'model_mnist_784_noniid', 'round': 3, 'ticket_id': 189, 'owner': 'acct_39'}",mock
0x68489806a8d294ccd11bce05a30e12211bd814ba2791de748865e136acc28273,93000,1,UpdatePublished,"{'model_id': 'model_mnist_784_noniid', 'round': 3, 'ticket_id': 189, 'cid': 'sha256:5807bbf2d4cf69596970d32d762862cea7f8288ba13e971edee829d00867bed0'}",mock
0xc827d90812800a3502638cd721c77252e9e3695133322fa191397ae11b8fca95,86000,1,TicketReserved,"{'model_id': 'model_mnist_784_noniid', 'round': 3, 'ticket_id': 190, 'owner': 'acct_40'}",mock
0x825c757b1488ac645cdb964392c8dfd85cd10f15f9228cec597c08a93e77cc89,93000,1,UpdatePublished,"{'model_id': 'model_mnist_784_noniid', 'round': 3, 'ticket_id': 190, 'cid': 'sha256:2c603e0ec6696288e3d59336fbe342b5a457c74cf69a5cc49c797311c8911f06'}",mock
0x2db8228e0fae17471e669a9745a16b1a13b0441ebedce7022591c1f9af8b7bba,86000,1,TicketReserved,"{'model_id': 'model_mnist_784_noniid', 'round': 3, 'ticket_id': 191, 'owner': 'acct_41'}",mock
0xd9989b79e46f18feb3b9555fbfe5c6e191ab015dcbda25966a0eba84d340e3e5,93000,1,UpdatePublished,"{'model_id': 'model_mnist_784_noniid', 'round': 3, 'ticket_id': 191, 'cid': 'sha256:91083cb969c45926f04e7abd3977018269e10ade40d0e88b6f4e5f90516a69b8'}",mock
0x75acdc1c6ac29be7ff671383439c47f486e213518dfad4a30804938e04a991f6,86000,1,TicketReserved,"{'model_id': 'model_mnist_784_noniid', 'round': 3, 'ticket_id': 192, 'owner': 'acct_42'}",mock
0x44dd8e11e67681747220269e30097f4501a5f375d4163d2e3813ed934de0ca9a,93000,1,UpdatePublished,"{'model_id': 'model_mnist_784_noniid', 'round': 3, 'ticket_id': 192, 'cid': 'sha256:f796be4792d5c239525fdfecd97b90cab7bafd93ea00f98846f750ab6b86ae91'}",mock
0x585cea3d9f3f4d95bee80bc54073f2eff6234526db46d87abe9ad86be1912388,86000,1,TicketReserved,"{'model_id': 'model_mnist_784_noniid', 'round': 3, 'ticket_id': 193, 'owner': 'acct_43'}",mock
0x7ca11e120669ea0f2989b64e3ab2c5af4ac09573497f0ed4c709cb55f62eec56,93000,1,UpdatePublished,"{'model_id': 'model_mnist_784_noniid', 'round': 3, 'ticket_id': 193, 'cid': 'sha256:b02cc18bca22ab9447cedf96eedd8779da6c9ceb82cf1a6db9039d2a54ecc836'}",mock
0xd93b092cca04e537a2f78018d793260f5e4597c598e3af81a7b66aa8bf4b00d5,86000,1,TicketReserved,"{'model_id': 'model_mnist_784_noniid', 'round': 3, 'ticket_id': 194, 'owner': 'acct_44'}",mock
0x816cb48507628420d6fb5c6ce247542eb30237c16b953bef4ccbbc6298cbe31f,93000,1,UpdatePublished,"{'model_id': 'model_mnist_784_noniid', 'round': 3, 'ticket_id': 194, 'cid': 'sha256:ba2c6ba7d3639e4794a28bfb8ab70e95ec95335d1a576348ebbed5f1ca143c76'}",mock
0x2d317067ef5a0e2eab557a197b082f99bd4b1e3b911968bf33606db8386ecf5c,86000,1,TicketReserved,"{'model_id': 'model_mnist_784_noniid', 'round': 3, 'ticket_id': 195, 'owner': 'acct_45'}",mock
0xf3865099ad5d1ecdc3bc8e144d8d5390f2332d515af38d698e0ce0ab099b0837,93000,1,UpdatePublished,"{'model_id': 'model_mnist_784_noniid', 'round': 3, 'ticket_id': 195, 'cid': 'sha256:87eec4155c564a174ac53a629fd25235f090a063325e82df7206a2a3c48056f1'}",mock
0xd2ebbad8d1fb57a865ede35cd813c08b142160bb32d72328fde49987722262c5,86000,1,TicketReserved,"{'model_id': 'model_mnist_784_noniid', 'round': 3, 'ticket_id': 196, 'owner': 'acct_46'}",mock
0xa9545451781097d87fc415d7c5a55efd002691539d188169e751b4a76df2c8f6,93000,1,UpdatePublished,"{'model_id': 'model_mnist_784_noniid', 'round': 3, 'ticket_id': 196, 'cid': 'sha256:b7c4101453e46f133df1d301515c42594a51025c9078fa5e9486dd7d1d1fbecf'}",mock
0x1862e5c2f1629c783d033d414d8fa0cce5b43773439c832f5cccc41852b99eee,86000,1,TicketReserved,"{'model_id': 'model_mnist_784_noniid', 'round': 3, 'ticket_id': 197, 'owner': 'acct_47'}",mock
0x1052aa4ea2765b89e7ee1f4644f7f11736925d7cccf1bb5ab9f99fd89bf8f1c1,93000,1,UpdatePublished,"{'model_id': 'model_mnist_784_noniid', 'round': 3, 'ticket_id': 197, 'cid': 'sha256:93ef8948d0dfa2730af4df94614d1074b9779c7b7d811132277a6ae7bc1f713e'}",mock
0x0dc95b03421d82e1c1e9df69cf85db5e41d351ac62354e1f6213173a3f1bafac,86000,1,TicketReserved,"{'model_id': 'model_mnist_784_noniid', 'round': 3, 'ticket_id': 198, 'owner': 'acct_48'}",mock
0x57b9eb2906b1f1c7154a4d7f43b71468f9162ef1a0d973805ced468f13d6a727,93000,1,UpdatePublished,"{'model_id': 'model_mnist_784_noniid', 'round': 3, 'ticket_id': 198, 'cid': 'sha256:25c2072bc94dcfdf6f4d12a035e9aa68d3d3d869dc4160c3d8fcfaeaa01ea8e8'}",mock
0x710304e9d02e2469db53eab5bb51c9ebf8f70f1f7799dd56f72f9fbe3cbfc428,86000,1,TicketReserved,"{'model_id': 'model_mnist_784_noniid', 'round': 3, 'ticket_id': 199, 'owner': 'acct_49'}",mock
0x1418e84e80ea25565c2df39cf0c96d6996836f7c5c0c14205f8e26c821a50541,93000,1,UpdatePublished,"{'model_id': 'model_mnist_784_noniid', 'round': 3, 'ticket_id': 199, 'cid': 'sha256:0f33ce1c124db1b5dee4ce914b953e8719e823af066f9bec0e8749f6e044de4a'}",mock
0x8e2436e3cd87e82dffb733667bc674cdcb46f93cc65bad61efd2084955d18ba6,86000,1,TicketReserved,"{'model_id': 'model_mnist_784_noniid', 'round': 3, 'ticket_id': 200, 'owner': 'acct_50'}",mock
0x8703192f5434fe7e3b860d4fb388ba9bde2ad2bc1af2dde1ce62453a9b64d1fc,93000,1,UpdatePublished,"{'model_id': 'model_mnist_784_noniid', 'round': 3, 'ticket_id': 200, 'cid': 'sha256:8efe23ff4a37b56fd2e0f5e0789281dc1251f0fa3a2ea0bd04d2680bceb65c23'}",mock
0xc10875a8fafb7193fb3ea0694053bd5b927a4f2bf2e37bb56dbe8f275e1cdbe6,985000,1,RoundFinalized,"{'model_id': 'model_mnist_784_noniid', 'round': 3, 'included': 43, 'refunds': 43}",mock
0x534fa8afa5610ab4146e67acfb1da1e87951a5d567dd1aea2dc5dad7263666b3,52000,1,RoundFunded,"{'model_id': 'model_mnist_784_noniid', 'amount_wei': 10000000000000000}",mock
0x129e522a3bc5a641d8ff747fc88d0ee6f7cab7a5f06384074d420ff18d82da9a,86000,1,TicketReserved,"{'model_id': 'model_mnist_784_noniid', 'round': 4, 'ticket_id': 201, 'owner': 'acct_1'}",mock
0xa81b02287ae735e8e729cadc6ad13705a3f394a6d8c68a4ef516dff2ace27568,93000,1,UpdatePublished,"{'model_id': 'model_mnist_784_noniid', 'round': 4, 'ticket_id': 201, 'cid': 'sha256:2d2184408e3c14ca8d166047f248bec82290a82edcb26939ebbba79e4fb08ffa'}",mock
0xfd3335aa32440ead23d4e90fbb26efcb6dc1362a564cf3821548f00033bb7933,86000,1,TicketReserved,"{'model_id': 'model_mnist_784_noniid', 'round': 4, 'ticket_id': 202, 'owner': 'acct_2'}",mock
0xc777c8952641ee45aeea58589dce1ededff9f2e15c19c885f1e99c7a8fbc4e70,93000,1,UpdatePublished,"{'model_id': 'model_mnist_784_noniid', 'round': 4, 'ticket_id': 202, 'cid': 'sha256:e3a96a7c268fbae8ec20046c21b9f2991647977e7e4e2161873cb12789a4e6e8'}",mock
0xc20481b39c88fa992dd9e524becd155809074005173469964526360372fd6534,86000,1,TicketReserved,"{'model_id': 'model_mnist_784_noniid', 'round': 4, 'ticket_id': 203, 'owner': 'acct_3'}",mock
0xb40b46dfce017d225bc0d9d0c769abcd2099c0c8563f4024b52af705d7cbedc7,93000,1,UpdatePublished,"{'model_id': 'model_mnist_784_noniid', 'round': 4, 'ticket_id': 203, 'cid': 'sha256:2a0571573619a9a522bdcd749e0fc10c1a9eb77ec8b7c6acc85d74002ea273cf'}",mock
0x4ab6c29be301e6da75c201fb6beb595c1507867aeb0cb05499f18e9b506db01e,86000,1,TicketReserved,"{'model_id': 'model_mnist_784_noniid', 'round': 4, 'ticket_id': 204, 'owner': 'acct_4'}",mock
0x608ec720aea1790fd683e467ead07a7c338bfa827b4a43e4812a028a23b61608,93000,1,UpdatePublished,"{'model_id': 'model_mnist_784_noniid', 'round': 4, 'ticket_id': 204, 'cid': 'sha256:f5cb5b7fc1241d2bfd8a962db8708e31158c41a1b585ac28a3479d9e8bd8b94b'}",mock
0xa2ebce57949f252faf419381b76f03e04873b659debb1a7a61d9e27466c19d49,86000,1,TicketReserved,"{'model_id': 'model_mnist_784_noniid', 'round': 4, 'ticket_id': 205, 'owner': 'acct_5'}",mock
0x6880b9a4e4fc548049c986005d7945069e81e2fd80ec1fe5dc07f087c6e92960,93000,1,UpdatePublished,"{'model_id': 'model_mnist_784_noniid', 'round': 4, 'ticket_id': 205, 'cid': 'sha256:f99a42f1689e966fdce86afa98fd5fe31de129b976b1a9c2d103162443613205'}",mock
0x62132be0f0ba7da9341fc5f4ebf96fde58cb24bf6442bd8f58e32c62917a130c,86000,1,TicketReserved,"{'model_id': 'model_mnist_784_noniid', 'round': 4, 'ticket_id': 206, 'owner': 'acct_6'}",mock
0x75e31d4da9de25565629ad8cd118cb048a6102736de2570922bf19acb000181c,93000,1,UpdatePublished,"{'model_id': 'model_mnist_784_noniid', 'round': 4, 'ticket_id': 206, 'cid': 'sha256:07139500fd0b7fa33e9e1bcc37bcae7c8bfe21a0dab4088147504c64821365ef'}",mock
0xe7868ee2efb2e5b9bc0c27a1ae3c4973e47161afb0a114c3a07a681ab5e7deca,86000,1,TicketReserved,"{'model_id': 'model_mnist_784_noniid', 'round': 4, 'ticket_id': 207, 'owner': 'acct_7'}",mock
0xc1f01901f7c8e02e54c091885e593ae77d823360e9471b1429458eeb2c78264b,93000,1,UpdatePublished,"{'model_id': 'model_mnist_784_noniid', 'round': 4, 'ticket_id': 207, 'cid': 'sha256:0586f965fca93a0e2a83487d2cfd5e10138ea606fc2ae63e2c99bffb367767b9'}",mock
0x941e7c0baff99ceab30c2c6e07be286de9641544914218dce1847a298449bfd9,86000,1,TicketReserved,"{'model_id': 'model_mnist_784_noniid', 'round': 4, 'ticket_id': 208, 'owner': 'acct_8'}",mock
0xd09858c7f4d5176ac3bc7e92a159dc382cb593861da975d305d884b7829c3893,93000,1,UpdatePublished,"{'model_id': 'model_mnist_784_noniid', 'round': 4, 'ticket_id': 208, 'cid': 'sha256:ca4a80d98e464cc38c2328d4840c6b32b38ad1e640a628a43eb0f87d773e0cb0'}",mock
0x0494654cd44a6d19f49be014512bf2b64ae9719557a776a665ebe26e09014ec0,86000,1,TicketReserved,"{'model_id': 'model_mnist_784_noniid', 'round': 4, 'ticket_id': 209, 'owner': 'acct_9'}",mock
0x19842663df5a745bd7c33b5d54c32d3616a597e0f8924e0dca1982969e6bbf09,93000,1,UpdatePublished,"{'model_id': 'model_mnist_784_noniid', 'round': 4, 'ticket_id': 209, 'cid': 'sha256:b19bf21faf5083f06a472c5fac411333645083e115961f21d49e2877d72b7f98'}",mock
0x5ae16a2cf182c5f276ef2e6748c5a84fd93f8195cb021e932aca5c36c3c6dd6f,86000,1,TicketReserved,"{'model_id': 'model_mnist_784_noniid', 'round': 4, 'ticket_id': 210, 'owner': 'acct_10'}",mock
0xe0fba47f04aea425cba1d7a5a49fcfd2b94c6e3155a6343da8e6f6c1c1384e2c,93000,1,UpdatePublished,"{'model_id': 'model_mnist_784_noniid', 'round': 4, 'ticket_id': 210, 'cid': 'sha256:a5e5c7d4494e5e6faa10f88f75fb3f6a1af50ba74213301a1ce2ed5d03c28860'}",mock
0xa794b573c8dcc9fc01a00e33e73bd0c3d8be0443ea291d71e651d85afc6a2e9a,86000,1,TicketReserved,"{'model_id': 'model_mnist_784_noniid', 'round': 4, 'ticket_id': 211, 'owner': 'acct_11'}",mock
0xf5241eb0ec60da173760a981519a718dde1caad4e7eeec71e8884b3acfdc3f47,93000,1,UpdatePublished,"{'model_id': 'model_mnist_784_noniid', 'round': 4, 'ticket_id': 211, 'cid': 'sha256:5ef16db195a698cec9cc4cb96c4b1325fbe6d8d06b46a180f7aac45685d700e2'}",mock
0x82e932da8f15acedad70adca9b8429798f2772a7a5571230469ae44b8a8097d9,86000,1,TicketReserved,"{'model_id': 'model_mnist_784_noniid', 'round': 4, 'ticket_id': 212, 'owner': 'acct_12'}",mock
0xcb86f0913b2368e618fc0bcfa04d010af5df93dc142e4b012bbf35e4f9875440,93000,1,UpdatePublished,"{'model_id': 'model_mnist_784_noniid', 'round': 4, 'ticket_id': 212, 'cid': 'sha256:ddb275ca8276f049bd74af8d77455f7948a042a186c17490822d533969de5c78'}",mock
0x3bfacbeb7e2ced671bcc8c88815613bf77c66239cd3f484f3dbcb5eb36ade8c5,86000,1,TicketReserved,"{'model_id': 'model_mnist_784_noniid', 'round': 4, 'ticket_id': 213, 'owner': 'acct_13'}",mock
0x87ea2db12e3a7d0e14a65ee82c21c59145c9fac05314b6e99bca0e3124a148da,93000,1,UpdatePublished,"{'model_id': 'model_mnist_784_noniid', 'round': 4, 'ticket_id': 213, 'cid': 'sha256:2cf095587f027cb741c655f90cd4d9d21c7c3a3c0fae81fc617ed4d84e2ef07e'}",mock
0x31cf59ed42d90e16c771c8200f4cdd727c0bb4f56aeaeb769e82504a3cfc1483,86000,1,TicketReserved,"{'model_id': 'model_mnist_784_noniid', 'round': 4, 'ticket_id': 214, 'owner': 'acct_14'}",mock
0x076017a2f41bbd4f8564d3d46166bb9b98b9466761199dad91cb225ef85b0c16,93000,1,UpdatePublished,"{'model_id': 'model_mnist_784_noniid', 'round': 4, 'ticket_id': 214, 'cid': 'sha256:47023caa8eb7c003f9dcab6f25bdcdd979cf7bdd806f00db0a8bbe22559803b5'}",mock
0x61f1d2ae324d5fd0a6463760ade21e8c55113753ed08fccfe5bab91c97ac3f91,86000,1,TicketReserved,"{'model_id': 'model_mnist_784_noniid', 'round': 4, 'ticket_id': 215, 'owner': 'acct_15'}",mock
0x03112e30c288a30a29f6d0657a60db0c58ade873b2359044e8b4e629b2548e84,93000,1,UpdatePublished,"{'model_id': 'model_mnist_784_noniid', 'round': 4, 'ticket_id': 215, 'cid': 'sha256:d910b2f35d5006bead483301c8387f81cc3c63a459156a84bdbd8f0385a70c46'}",mock
0xaf8bc5341fdea00d9e3dcc125436dca4d6f5277152c98e6135d01e0a71e2e356,86000,1,TicketReserved,"{'model_id': 'model_mnist_784_noniid', 'round': 4, 'ticket_id': 216, 'owner': 'acct_16'}",mock
0xc45a449152fd6fb71779be3cc0a6c6b0a19e4a6ca09786858e17a694c3ea146f,93000,1,UpdatePublished,"{'model_id': 'model_mnist_784_noniid', 'round': 4, 'ticket_id': 216, 'cid': 'sha256:c0ebb5c4f738fe0f14559f6e9a805367cd60803940491ba4ade889e1976d3b73'}",mock
0x7f703042f175b210369351084c0b7520468b1433b6240c8cad274ba6849e8330,86000,1,TicketReserved,"{'model_id': 'model_mnist_784_noniid', 'round': 4, 'ticket_id': 217, 'owner': 'acct_17'}",mock
0xf3314628c6ccf9425cf7713b8c566987857fb5c03e054b4a8dd84d1fc0aca916,93000,1,UpdatePublished,"{'model_id': 'model_mnist_784_noniid', 'round': 4, 'ticket_id': 217, 'cid': 'sha256:a63c4c2a909275bd9ba18bea128dca09905033e28e58a56d3f041fef9143f924'}",mock
0x07aece86cb4c70c147cc6754ed2f1b9348a90f2617760e71bf070d7e15aecef3,86000,1,TicketReserved,"{'model_id': 'model_mnist_784_noniid', 'round': 4, 'ticket_id': 218, 'owner': 'acct_18'}",mock
0x2dad271e4749e63a9b11d77557096bba0a01d04b13c752fc84da9f00716c76b8,93000,1,UpdatePublished,"{'model_id': 'model_mnist_784_noniid', 'round': 4, 'ticket_id': 218, 'cid': 'sha256:d2a907f7816ae77e78460c3f192ebab0138160de9e88d72ee01beacd6c5761d3'}",mock
0xb52bb6bb7183a626ac7969dfb8a8e4832819ab0e94b0057791826d7d64452c0b,86000,1,TicketReserved,"{'model_id': 'model_mnist_784_noniid', 'round': 4, 'ticket_id': 219, 'owner': 'acct_19'}",mock
0xc9656845a7beb14ecc0006d98c95b0edc707866ff3c81afb48104b017c6c21da,93000,1,UpdatePublished,"{'model_id': 'model_mnist_784_noniid', 'round': 4, 'ticket_id': 219, 'cid': 'sha256:c4891afe6d9bdf6c15351bc102ea7a4ab1a301a0b5261e89139e43863785eecd'}",mock
0x422058c5592b470fc0b4613a5798bbb0137495a5073a62ac9d2dc78377e5ee55,86000,1,TicketReserved,"{'model_id': 'model_mnist_784_noniid', 'round': 4, 'ticket_id': 220, 'owner': 'acct_20'}",mock
0x35a09f8b5d1e16eb8853b67f2e77aefe8b49fa2182b4c6abc651b2676d6a399d,93000,1,UpdatePublished,"{'model_id': 'model_mnist_784_noniid', 'round': 4, 'ticket_id': 220, 'cid': 'sha256:bf06478ad8c03980568fdbc9861ddc83e3b25a0153dc312f6df2073359fc4073'}",mock
0x8336bc8b517a1f6acae0de0ebdea662c1f5ccacea176d2196b7355f2e69a72d2,86000,1,TicketReserved,"{'model_id': 'model_mnist_784_noniid', 'round': 4, 'ticket_id': 221, 'owner': 'acct_21'}",mock
0xf3420ff21c84d105d13df4fcec19238cc5da2aeba57c87a8d91ba3c1c6ad96fa,93000,1,UpdatePublished,"{'model_id': 'model_mnist_784_noniid', 'round': 4, 'ticket_id': 221, 'cid': 'sha256:9ef94f21add25b7fc24dc30ac24186c84d10ddbda9905d2cb99edec80e9301a5'}",mock
0xa1516702ea80fbf68a772f730f3e91d3e9fcd7b81116bc0b762a6441cc06bdb5,86000,1,TicketReserved,"{'model_id': 'model_mnist_784_noniid', 'round': 4, 'ticket_id': 222, 'owner': 'acct_22'}",mock
0x6eadcec04f5a4343d45454acae36ce406d1046c64eac10d54adc5655598eb5cc,93000,1,UpdatePublished,"{'model_id': 'model_mnist_784_noniid', 'round': 4, 'ticket_id': 222, 'cid': 'sha256:f2e97778ebe445f0e71d4a7122b8b7b7037f3f9a466663ea377e97faf16ae98d'}",mock
0x220464d5803f553741576f69b333b385325ff7ef71b5589f902ac2ea076779ad,86000,1,TicketReserved,"{'model_id': 'model_mnist_784_noniid', 'round': 4, 'ticket_id': 223, 'owner': 'acct_23'}",mock
0x46dd72cf3c962cccbcc804823cc4ba172ab9c0d169229a6c58f0fd32a63048ed,93000,1,UpdatePublished,"{'model_id': 'model_mnist_784_noniid', 'round': 4, 'ticket_id': 223, 'cid': 'sha256:7954877c874bc2f9cdf9b4cd5ddce7457c31949c9a18edcfcf6bfde1e5640118'}",mock
0xcd994ec52ee2129e63276255dafacf2c2039fcd89a16f508e464fa672e30ecce,86000,1,TicketReserved,"{'model_id': 'model_mnist_784_noniid', 'round': 4, 'ticket_id': 224, 'owner': 'acct_24'}",mock
0x9cbd832689e08ee1bef6bbeb85789d25bd0227d6bbf379bf5a76a0df233796b8,93000,1,UpdatePublished,"{'model_id': 'model_mnist_784_noniid', 'round': 4, 'ticket_id': 224, 'cid': 'sha256:402c14057a4c06fa2f162820dc77319d8989265798ab15b8831dba8730dc4d0b'}",mock
0xf4f5a813986c98a9c58975b47b6cf810d2d75fd2c747872edb2582aaf8568197,86000,1,TicketReserved,"{'model_id': 'model_mnist_784_noniid', 'round': 4, 'ticket_id': 225, 'owner': 'acct_25'}",mock
0x678d183fa9eb74eb8cc20ed322fc019b79f9e88b91f4ca8a8b14cb67232b38c3,93000,1,UpdatePublished,"{'model_id': 'model_mnist_784_noniid', 'round': 4, 'ticket_id': 225, 'cid': 'sha256:7a1214d55cf665bb61a0a3d6dccaa2d030df7bfb534aa577f88977de7a832863'}",mock
0xebab9f8fc9a9b04f59f7722010ece1d90d0defb221904f2dccb7884ed9202fae,86000,1,TicketReserved,"{'model_id': 'model_mnist_784_noniid', 'round': 4, 'ticket_id': 226, 'owner': 'acct_26'}",mock
0x45a7264d34e7aa0eff49776be70f9066fb96c170c3badb88a310916f102a5f79,93000,1,UpdatePublished,"{'model_id': 'model_mnist_784_noniid', 'round': 4, 'ticket_id': 226, 'cid': 'sha256:89fb43b8d323d034238126b995fbaf0792d9814050820ad182e14e403c374ed8'}",mock
0x1c78d2cc36cb79666b5d62ce4291bf638238df53435567f213f2621c96bf2910,86000,1,TicketReserved,"{'model_id': 'model_mnist_784_noniid', 'round': 4, 'ticket_id': 227, 'owner': 'acct_27'}",mock
0x79da9c5ab0eaafb5fa5b873e59ee6e32a02baef7ed105c22498a85de6d6a795c,93000,1,UpdatePublished,"{'model_id': 'model_mnist_784_noniid', 'round': 4, 'ticket_id': 227, 'cid': 'sha256:b0f409afd9b824161bb6f11388797e0085b7940bc7f6c183ff1d2afb6be50806'}",mock
0xcc37a9604e7edcf3a7ee81eebf47706dbd8a1ebfe05d18ce4a2e55d17177a389,86000,1,TicketReserved,"{'model_id': 'model_mnist_784_noniid', 'round': 4, 'ticket_id': 228, 'owner': 'acct_28'}",mock
0x979b283e8fef61493a5b823f39695d48f0535a03ccb688cd7ff07b43765e654b,93000,1,UpdatePublished,"{'model_id': 'model_mnist_784_noniid', 'round': 4, 'ticket_id': 228, 'cid': 'sha256:15be0ab6c2f54d279f930b77833deb0dc9da4b58b35f7cf57f49615565c39dac'}",mock
0xb2efaaac0dbd54f5b5ff19f44d78c858403f3f8e812f3fd398018ab7e58240e8,86000,1,TicketReserved,"{'model_id': 'model_mnist_784_noniid', 'round': 4, 'ticket_id': 229, 'owner': 'acct_29'}",mock
0xf83935795f514dab884720bf09763540f43d5a83d4a7feea5eaad14ebea23f44,93000,1,UpdatePublished,"{'model_id': 'model_mnist_784_noniid', 'round': 4, 'ticket_id': 229, 'cid': 'sha256:c9d0f449814b9beb0b468645562ee2f27aad2f7a76e9fe05170eabce8c03143c'}",mock
0x344709ec6f4adefc77231fbdf10c8003dab76d77cdf1ed8f7b8e89dd518bfae6,86000,1,TicketReserved,"{'model_id': 'model_mnist_784_noniid', 'round': 4, 'ticket_id': 230, 'owner': 'acct_30'}",mock
0x64943eae25724ee85e0362c1b8da9522d1a80491ed187924106b2075713f1083,93000,1,UpdatePublished,"{'model_id': 'model_mnist_784_noniid', 'round': 4, 'ticket_id': 230, 'cid': 'sha256:5fd321b2648fa9519448bde9ea54214367339001ce197ba6d17bcb0e2b3e5152'}",mock
0x772a9504103a86477c35de45218d9f49b08e4ac735129d9284f68a43622bb12d,86000,1,TicketReserved,"{'model_id': 'model_mnist_784_noniid', 'round': 4, 'ticket_id': 231, 'owner': 'acct_31'}",mock
0x76342602879b115696018c6ca2f3ddf0a2d298d5fbff52dd77bafc0307da275e,93000,1,UpdatePublished,"{'model_id': 'model_mnist_784_noniid', 'round': 4, 'ticket_id': 231, 'cid': 'sha256:63c3befacca67247f3fe5b0eebf0b21d3d7def5be4474bc0e6316051ff2e54a3'}",mock
0xd3e0b6383006e1d002be25413a0e92653b47df5ed68113599b96c1061eacc5b1,86000,1,TicketReserved,"{'model_id': 'model_mnist_784_noniid', 'round': 4, 'ticket_id': 232, 'owner': 'acct_32'}",mock
0x29914113053cd02ddb9cf4d55952666ac85a509a5b257f9eb6eb3147f39378ca,93000,1,UpdatePublished,"{'model_id': 'model_mnist_784_noniid', 'round': 4, 'ticket_id': 232, 'cid': 'sha256:c86d5cabac2d357f57833b37ee60de2f77cb10ad376c9e24c77e11b045f1ab2c'}",mock
0xfa3998bfec6d0492b5e1ad892b07935086bb41b1c56a8ec9fe362ba20d2d67c8,86000,1,TicketReserved,"{'model_id': 'model_mnist_784_noniid', 'round': 4, 'ticket_id': 233, 'owner': 'acct_33'}",mock
0xd3148bc1241ef76bd32051c8e9fbfcd9b3ba262386470c3cb580279a8e5a94f4,93000,1,UpdatePublished,"{'model_id': 'model_mnist_784_noniid', 'round': 4, 'ticket_id': 233, 'cid': 'sha256:b3cb2e095eb532157f98097dde1237f7bfe3276192290e156c43f706bd3bc296'}",mock
0x6f1c94d115b72c0c0ad2c8b9d1e5ec540d4a59d7a35b49635be0f26d2fd7668f,86000,1,TicketReserved,"{'model_id': 'model_mnist_784_noniid', 'round': 4, 'ticket_id': 234, 'owner': 'acct_34'}",mock
0xf3f5b904bf84be1a83cb4a2d3e7612649cdfe315e749ab1b9d1de913a82eb623,93000,1,UpdatePublished,"{'model_id': 'model_mnist_784_noniid', 'round': 4, 'ticket_id': 234, 'cid': 'sha256:d9ea2dc2e4bfef9087c9b2b14b29fe6f7212d639c08b1d1d0444ce13250dc097'}",mock
0xd4e6151933fc75ebae9c0c189c6a37fd566179f92e24fd1466277bb31f2fd6e7,86000,1,TicketReserved,"{'model_id': 'model_mnist_784_noniid', 'round': 4, 'ticket_id': 235, 'owner': 'acct_35'}",mock
0x6d1f11e2104a61b8fac66d0afb53d64d4e81f87739aaa151faa6c764ab8f6fcc,93000,1,UpdatePublished,"{'model_id': 'model_mnist_784_noniid', 'round': 4, 'ticket_id': 235, 'cid': 'sha256:32e93008f522ea46d6e8724698356f99fb415434af611d13d6a2ab1be16c8d02'}",mock
0xef01c63110e0c493c10ec9475e1c2aea92f7a2e34ec7e0db4e810698be25a29c,86000,1,TicketReserved,"{'model_id': 'model_mnist_784_noniid', 'round': 4, 'ticket_id': 236, 'owner': 'acct_36'}",mock
0x82f85eb3a78e9e96f5893d54ad891844661a4a66e5f13e373f5b04c5e3d82abe,93000,1,UpdatePublished,"{'model_id': 'model_mnist_784_noniid', 'round': 4, 'ticket_id': 236, 'cid': 'sha256:ed885e07d3b761f21ab3ea352ea6e515dfb023434d025d7e79d6e3bacc10964e'}",mock
0xe9f67c46ef6367fd825d79fb37616ff7755f8cf1a13dd1e487645cb899dc17cd,86000,1,TicketReserved,"{'model_id': 'model_mnist_784_noniid', 'round': 4, 'ticket_id': 237, 'owner': 'acct_37'}",mock
0x490bbff15abd368cd165616da79df99ccdf9c1f6864029ace56a89efed27cacb,93000,1,UpdatePublished,"{'model_id': 'model_mnist_784_noniid', 'round': 4, 'ticket_id': 237, 'cid': 'sha256:33cf173238cab822d7904091370885bcded05b994e21d8fa830c0d14e811e5a3'}",mock
0x139fea1579bb1a505012aab14412422e618ab551c2213773d1f78e895c13bcdf,86000,1,TicketReserved,"{'model_id': 'model_mnist_784_noniid', 'round': 4, 'ticket_id': 238, 'owner': 'acct_38'}",mock
0x8452b5b6b2c8686b46ca215b38712734705c6999de5ae2c84dea6e3f792de93d,93000,1,UpdatePublished,"{'model_id': 'model_mnist_784_noniid', 'round': 4, 'ticket_id': 238, 'cid': 'sha256:59f4d3dd028c92ddd40d458defc3f6781d027d79d16a70f5cc93622495cc601d'}",mock
0x10b2bc348e632e963e00cfb9955a740fbb5fe9aeac5ecdbbf5ede8e54142ed0e,86000,1,TicketReserved,"{'model_id': 'model_mnist_784_noniid', 'round': 4, 'ticket_id': 239, 'owner': 'acct_39'}",mock
0x9fc63b9a270ee455586b6b2f893473cb4c12fe86e9546b765071dd96fe5adbbb,93000,1,UpdatePublished,"{'model_id': 'model_mnist_784_noniid', 'round': 4, 'ticket_id': 239, 'cid': 'sha256:e56f290983a1adf4ed0651c70be0ce75883c58016bf7fb47190f9b9c0fa5167d'}",mock
0xf94c8b315049898c5b3fd88967b4ea4c390716fa5a41eaca52a848f96a9e8472,86000,1,TicketReserved,"{'model_id': 'model_mnist_784_noniid', 'round': 4, 'ticket_id': 240, 'owner': 'acct_40'}",mock
0xbab5df29ee8dd8731c07a0d9b59ce506e1078217873faff12b9a416ddb265314,93000,1,UpdatePublished,"{'model_id': 'model_mnist_784_noniid', 'round': 4, 'ticket_id': 240, 'cid': 'sha256:37d86389b9f62f0ffe0197b8dc1b1191b04a44262fd096a547731aacddf3b1e7'}",mock
0x590c3f64be6c1c3d0845241946e7e349e50cc9a258394e5aed35335e8604a9b9,86000,1,TicketReserved,"{'model_id': 'model_mnist_784_noniid', 'round': 4, 'ticket_id': 241, 'owner': 'acct_41'}",mock
0xe6c107c0f44ae988e91c308a2411f5c0cf9be6a43ad1e31a0d020c7b87de149a,93000,1,UpdatePublished,"{'model_id': 'model_mnist_784_noniid', 'round': 4, 'ticket_id': 241, 'cid': 'sha256:16066fc93ec851bb22ac5ca54774aabb59df7cec842c2aee99a2c3b83ac4c2b0'}",mock
0xb3f55713dd22b0cad445f55bd3dd8170b593e733d4b2a4803da8c15dbbf66908,86000,1,TicketReserved,"{'model_id': 'model_mnist_784_noniid', 'round': 4, 'ticket_id': 242, 'owner': 'acct_42'}",mock
0x076e732612e665255274b0774d1c28b7a15362d3b4e46c9b64bbaa739236fb8a,93000,1,UpdatePublished,"{'model_id': 'model_mnist_784_noniid', 'round': 4, 'ticket_id': 242, 'cid': 'sha256:4cc8597ec1f1698e38bb5850a7f7d45ee68f39cf0f4d09b48d72dd3d9d9ea51c'}",mock
0x556b616778d72dabe8ac78e8014041b63995f103d7025252db5cf8365ddae9c5,86000,1,TicketReserved,"{'model_id': 'model_mnist_784_noniid', 'round': 4, 'ticket_id': 243, 'owner': 'acct_43'}",mock
0x1dbd3086183ccea190929b5278dcb9364b746f6acfd871db25925046e26dbdb5,93000,1,UpdatePublished,"{'model_id': 'model_mnist_784_noniid', 'round': 4, 'ticket_id': 243, 'cid': 'sha256:856432090b168ea47fec13077324f0309f9140ca88d8143448b3c351d34859ad'}",mock
0x8d56965f79f42b3ee469f3fc3266be6ab20c08a6fbc8d095667adb03a751e7a7,86000,1,TicketReserved,"{'model_id': 'model_mnist_784_noniid', 'round': 4, 'ticket_id': 244, 'owner': 'acct_44'}",mock
0xcdb6b30530e1d66cbfe49b3f69b65d26a0af17eccd1fa28d81444323b559e936,93000,1,UpdatePublished,"{'model_id': 'model_mnist_784_noniid', 'round': 4, 'ticket_id': 244, 'cid': 'sha256:cfc16345a56609599a8946ca236ef5ab8f8a72f91ffc03b4b17bb57e7999d7d1'}",mock
0x094000eb4f4bbbfa765d1cc441410fc9c4bb96fa0f9ab052bf31e3e97df577e8,86000,1,TicketReserved,"{'model_id': 'model_mnist_784_noniid', 'round': 4, 'ticket_id': 245, 'owner': 'acct_45'}",mock
0x00173d3038c208e8ab5e8c8b4ff74b1d89240707df7482984238c0f86bc8b783,93000,1,UpdatePublished,"{'model_id': 'model_mnist_784_noniid', 'round': 4, 'ticket_id': 245, 'cid': 'sha256:e4d4b25db32019e7125956942e5ab15a0a6e6ea6afef753876c8d5139594d026'}",mock
0x748401eca7f61af43b619f092ab4f700a57337f94358c8a97d1d23f0896f0631,86000,1,TicketReserved,"{'model_id': 'model_mnist_784_noniid', 'round': 4, 'ticket_id': 246, 'owner': 'acct_46'}",mock
0xbb0df723e41c6988bc9d05e0ec3de189f577ed0e439871156d21314649078a2e,93000,1,UpdatePublished,"{'model_id': 'model_mnist_784_noniid', 'round': 4, 'ticket_id': 246, 'cid': 'sha256:720b3b0d9a5c9ac8b3328c06c872ea296e3e5e173c2782019da9b6addcaf71ae'}",mock
0x94c172aa106886a4d7bd98f181648a91811c338cfe7c0908c8de2ed06339e435,86000,1,TicketReserved,"{'model_id': 'model_mnist_784_noniid', 'round': 4, 'ticket_id': 247, 'owner': 'acct_47'}",mock
0x488e6de012262584f31a1674468f8eea70160529ae4dd992c280329bd2016949,93000,1,UpdatePublished,"{'model_id': 'model_mnist_784_noniid', 'round': 4, 'ticket_id': 247, 'cid': 'sha256:535f108e3ffa89c3b98f0aad118163fae27d8ed4a27d7eadeab0d682d4243e2f'}",mock
0x93a9235022054d48acaf19513371647b9ad191177f698efcfe427a8079cb960d,86000,1,TicketReserved,"{'model_id': 'model_mnist_784_noniid', 'round': 4, 'ticket_id': 248, 'owner': 'acct_48'}",mock
0x4863154ebe6e2a58411d5a33df6933975934f64345c2eff3b5486d6f3e7add84,93000,1,UpdatePublished,"{'model_id': 'model_mnist_784_noniid', 'round': 4, 'ticket_id': 248, 'cid': 'sha256:2aecdf81ec1f865dd3831211f4e8d075db7e6f01384949b907f35795a26a6f98'}",mock
0xba97cb3b69e123e4bfa451be5690a7a079ab2a092e5d6e6a4e2e5ccfeae11cbe,86000,1,TicketReserved,"{'model_id': 'model_mnist_784_noniid', 'round': 4, 'ticket_id': 249, 'owner': 'acct_49'}",mock
0x8e7aece76d6e06757363952f90d1979875d27dac71216f37a94714781e711849,93000,1,UpdatePublished,"{'model_id': 'model_mnist_784_noniid', 'round': 4, 'ticket_id': 249, 'cid': 'sha256:dbdddacbfd24c632bf1bbf2f4490474389ad30b5ee0606fe58875ed106edb9fe'}",mock
0x0a42ad5c30ecf923b611cf9b01035244a365dbd90500631ffacc908eac83c452,86000,1,TicketReserved,"{'model_id': 'model_mnist_784_noniid', 'round': 4, 'ticket_id': 250, 'owner': 'acct_50'}",mock
0xb6965edfff89877d1787cf73952c20edb1863c894bad18c19388359b9783e7bb,93000,1,UpdatePublished,"{'model_id': 'model_mnist_784_noniid', 'round': 4, 'ticket_id': 250, 'cid': 'sha256:63326558f233349b315717fe1ca6e04569d53e4d58ff305d60363e011d7f9dea'}",mock
0x29536e7a52bea7d7aa1b998952a4329a90994fc597999708a051c60cf871b6b2,985000,1,RoundFinalized,"{'model_id': 'model_mnist_784_noniid', 'round': 4, 'included': 43, 'refunds': 43}",mock
0x6058baba6cea1a93719590739b7c1fd019c7b3ef08377697ebccc4d8b5d707bc,52000,1,RoundFunded,"{'model_id': 'model_mnist_784_noniid', 'amount_wei': 10000000000000000}",mock
0xc0050100527a3e2756d4d7f7fe04f94b0c0f4899d67eb2e2f2a0fb95c39f927a,86000,1,TicketReserved,"{'model_id': 'model_mnist_784_noniid', 'round': 5, 'ticket_id': 251, 'owner': 'acct_1'}",mock
0x99898c1d839d9961da83a4a3ff8a46286e165847c1cfc6319f8991747edf5ad5,93000,1,UpdatePublished,"{'model_id': 'model_mnist_784_noniid', 'round': 5, 'ticket_id': 251, 'cid': 'sha256:8d7a4cfc4185759abdd60a2d37adbdcaf496b1d35f68afb58cfeeaf6932098e1'}",mock
0x2a39471e69de12fa1799a8c0758288f9ac3ce05d13e8bc5c6aca4ca5e407ff53,86000,1,TicketReserved,"{'model_id': 'model_mnist_784_noniid', 'round': 5, 'ticket_id': 252, 'owner': 'acct_2'}",mock
0xc48696ab37355ee9aa278b99a98b4137bea73f79897ae439a437362114047f89,93000,1,UpdatePublished,"{'model_id': 'model_mnist_784_noniid', 'round': 5, 'ticket_id': 252, 'cid': 'sha256:5e39375a832333fb28e1816f45517dfbbdcc206e51fd731820f86c9570a31482'}",mock
0x0913ea11a8c326bd078c1a45601a2908b1d3c4615d1dd950d2f5cea2911df06b,86000,1,TicketReserved,"{'model_id': 'model_mnist_784_noniid', 'round': 5, 'ticket_id': 253, 'owner': 'acct_3'}",mock
0x466d379dbbb71d2bafc556705908630500ca1677b3e618a689ae79b7af8e34b6,93000,1,UpdatePublished,"{'model_id': 'model_mnist_784_noniid', 'round': 5, 'ticket_id': 253, 'cid': 'sha256:3d545818a16fe5797d87801db86fe7cf4e993c3d2edbbf7529068ceee493cbda'}",mock
0x15285eb888b791578ecaa665ede32eeb3ce1c8dc1b7544c057658657d3a358cc,86000,1,TicketReserved,"{'model_id': 'model_mnist_784_noniid', 'round': 5, 'ticket_id': 254, 'owner': 'acct_4'}",mock
0x76d129ac642519412ebb522754ad3e7bbbb38cc3b93ec9d416527cfe6e250e12,93000,1,UpdatePublished,"{'model_id': 'model_mnist_784_noniid', 'round': 5, 'ticket_id': 254, 'cid': 'sha256:14de4b4147763b921fb536faffde7555ac27368b14f672b07b78de7d894f14d4'}",mock
0xb6d3958c3971cff3faac4cfb4178ee8d9e8d1485fa13acdcbc3d7b5c3d58c3da,86000,1,TicketReserved,"{'model_id': 'model_mnist_784_noniid', 'round': 5, 'ticket_id': 255, 'owner': 'acct_5'}",mock
0xc38b299a483a74e1d4c36a540980c6f94f73ef5dcbe548379e1faf3c69d543a5,93000,1,UpdatePublished,"{'model_id': 'model_mnist_784_noniid', 'round': 5, 'ticket_id': 255, 'cid': 'sha256:e4d8abde373c2eb861a45c7b32a9cc9b2ad065bad7f174391443cf67985fa1f3'}",mock
0x271cdc0bb8d4062060dab12e5c09380939992f79a6e5b90c8ab5dc03e6752cd5,86000,1,TicketReserved,"{'model_id': 'model_mnist_784_noniid', 'round': 5, 'ticket_id': 256, 'owner': 'acct_6'}",mock
0x30613b867f8c19db2a29880c2b0df682164f2b5fd0e898b8586bb58e8d1f3d9f,93000,1,UpdatePublished,"{'model_id': 'model_mnist_784_noniid', 'round': 5, 'ticket_id': 256, 'cid': 'sha256:da938e7c87058694dc6f6f34642da2a2f2ccb905b61650f414cc8f1d087831f7'}",mock
0x5725b4978050988ca6fbb734c1e3ab73c52169de0ab35b46597c660fb58d26c0,86000,1,TicketReserved,"{'model_id': 'model_mnist_784_noniid', 'round': 5, 'ticket_id': 257, 'owner': 'acct_7'}",mock
0x1ffc14a8dc6fb67c98296dc6f3a2b86f520a4f33d73e04f7a04c1ea2ed70494c,93000,1,UpdatePublished,"{'model_id': 'model_mnist_784_noniid', 'round': 5, 'ticket_id': 257, 'cid': 'sha256:e10becc1b095d8ab83129ede5f34bb6ae33b11ba9eb16a85a117c8d919a671df'}",mock
0xd29254a71ab7da7f219fe2cfec8be840492536a6970dd6d534078e076cd8d79f,86000,1,TicketReserved,"{'model_id': 'model_mnist_784_noniid', 'round': 5, 'ticket_id': 258, 'owner': 'acct_8'}",mock
0xec13108d79914e3f6f6d198fe2b9bcd0c0062aac814ce8764b948bb46c247c4e,93000,1,UpdatePublished,"{'model_id': 'model_mnist_784_noniid', 'round': 5, 'ticket_id': 258, 'cid': 'sha256:59d7f601087f47ec051a594f23c960050c888f84ecba764c5ea2df7b06a7e63f'}",mock
0x7fffa8f54aa81aa0289cbb4de7b446822d6774956e30927a426c9bb866ebcc2e,86000,1,TicketReserved,"{'model_id': 'model_mnist_784_noniid', 'round': 5, 'ticket_id': 259, 'owner': 'acct_9'}",mock
0x04c7c12ce1b54018d012d390b3d8f20007b48b704dd4a569ebb2a366867d67aa,93000,1,UpdatePublished,"{'model_id': 'model_mnist_784_noniid', 'round': 5, 'ticket_id': 259, 'cid': 'sha256:30f4fadbba1fb25fd76986a18eb78fa6c96b41393d040b440f5662ae43989521'}",mock
0xa7113a2014231a416c0b9e1c6c92a5c1fd6720a8a41bcce43b91aeda8f2c9fb1,86000,1,TicketReserved,"{'model_id': 'model_mnist_784_noniid', 'round': 5, 'ticket_id': 260, 'owner': 'acct_10'}",mock
0x70e18dab2876d93bb23b15105c4a4d2764e7b60c0a93e13336cdded348677601,93000,1,UpdatePublished,"{'model_id': 'model_mnist_784_noniid', 'round': 5, 'ticket_id': 260, 'cid': 'sha256:d5d58344047ff9e145ffa772d36db5efff4dd1ae89bea860e9d4302f244fb597'}",mock
0xb482e55ea948b2347b8b49be36c17ae00fd7af4da7f5fee03ab360ec1433e397,86000,1,TicketReserved,"{'model_id': 'model_mnist_784_noniid', 'round': 5, 'ticket_id': 261, 'owner': 'acct_11'}",mock
0x2244342d1914fce0093cc1e571c1ae4d8e1c5fc0b6ad37450c099b91518077cd,93000,1,UpdatePublished,"{'model_id': 'model_mnist_784_noniid', 'round': 5, 'ticket_id': 261, 'cid': 'sha256:fb4832794221457384be2b3e7b42ac3abbc8e23be8ebb384511927b6f2c013a9'}",mock
0xf47ce31ba19a7b444fdedc964d4fd14365e8c520d7eb0995ad0e8f9ce0ab1ecc,86000,1,TicketReserved,"{'model_id': 'model_mnist_784_noniid', 'round': 5, 'ticket_id': 262, 'owner': 'acct_12'}",mock
0x15bf00c17d17c84520c725327e7526b563eaf667ffe1e85a7d2206b9fb3496a8,93000,1,UpdatePublished,"{'model_id': 'model_mnist_784_noniid', 'round': 5, 'ticket_id': 262, 'cid': 'sha256:c00fbf4a5062262e4464a5b8331fad043b3a62c60ba11f02615e765a21971e2c'}",mock
0x8115d84c0fef8a73069447c110df5c112b15652cb5fad42907ab123a2af92072,86000,1,TicketReserved,"{'model_id': 'model_mnist_784_noniid', 'round': 5, 'ticket_id': 263, 'owner': 'acct_13'}",mock
0x5cd6379123d6f0bfbbe1a38c0393d7d1ea8cbc13939c535bb40ca4e930a6d448,93000,1,UpdatePublished,"{'model_id': 'model_mnist_784_noniid', 'round': 5, 'ticket_id': 263, 'cid': 'sha256:691b829fa9440e809f6b2d79956c03a49b68bb264c8cca50d14e0585ea8e3ee4'}",mock
0x22f0fa806f5de28a94a38f87b1ee86504ee79fa348b99990df0713d9792c3bcb,86000,1,TicketReserved,"{'model_id': 'model_mnist_784_noniid', 'round': 5, 'ticket_id': 264, 'owner': 'acct_14'}",mock
0xda85bb2097b565d1b1ec02f46959ad02dbc093746eab6067b9fd349e175a8922,93000,1,UpdatePublished,"{'model_id': 'model_mnist_784_noniid', 'round': 5, 'ticket_id': 264, 'cid': 'sha256:5cb7b75b8e83909de8d53eb026b38a6ad7522ce7271a29c897eb801bf07975ae'}",mock
0x8992f11a57c8dff5b6b9bc99fa4cd5275cfbd2193b889406b8a6f21318aaad3d,86000,1,TicketReserved,"{'model_id': 'model_mnist_784_noniid', 'round': 5, 'ticket_id': 265, 'owner': 'acct_15'}",mock
0x8a78902cab7b4dbd3635bca53f1373ca2897e33e8c386cb3b042b420ee8142fe,93000,1,UpdatePublished,"{'model_id': 'model_mnist_784_noniid', 'round': 5, 'ticket_id': 265, 'cid': 'sha256:ecd888b6af04fe53c8dfdf378dd96c6c74b4c1b1a142747c3fe3476d9862c3bc'}",mock
0x5db52e1e97828e468b10a943ca4df9217cd99d7f64164fb4eee141c69014c979,86000,1,TicketReserved,"{'model_id': 'model_mnist_784_noniid', 'round': 5, 'ticket_id': 266, 'owner': 'acct_16'}",mock
0xcce91c186fb75315e880b790f08ffd28d3bb413c3e5fc1df8cc9a03bcd766ead,93000,1,UpdatePublished,"{'model_id': 'model_mnist_784_noniid', 'round': 5, 'ticket_id': 266, 'cid': 'sha256:ed2399b2b355346ba8de433e913ed221ed49c04aeb633308450fbf291c40f391'}",mock
0x17cd7792c32046240e1efcf612842c8a9b6159eb64960f0e6be7643f09fab978,86000,1,TicketReserved,"{'model_id': 'model_mnist_784_noniid', 'round': 5, 'ticket_id': 267, 'owner': 'acct_17'}",mock
0x014350b5782e9f60165cafa9897e42f17c727fce0ab30abffeb3379e956413ed,93000,1,UpdatePublished,"{'model_id': 'model_mnist_784_noniid', 'round': 5, 'ticket_id': 267, 'cid': 'sha256:ed53342c8b32def7abce81a81ee682fe84435baf3d52708e5c24ad19376d04e3'}",mock
0xef3fc5eb5fdf92eece8095d35cbb60e058ccde55384617e297ef71c21d84d36b,86000,1,TicketReserved,"{'model_id': 'model_mnist_784_noniid', 'round': 5, 'ticket_id': 268, 'owner': 'acct_18'}",mock
0x6c195b4c4ce78cbe957e36a1768ec09bc781d9809b38da9e6fa25940a1af7b7b,93000,1,UpdatePublished,"{'model_id': 'model_mnist_784_noniid', 'round': 5, 'ticket_id': 268, 'cid': 'sha256:bc0314619dc0860bc4c8fd66ea5dd318755bca78545a02abaf81b08a73d8c22f'}",mock
0xd5fa582d84d523bdb3afd204b93e6245dcca7df8ca442441aebbcecb0d6b9e58,86000,1,TicketReserved,"{'model_id': 'model_mnist_784_noniid', 'round': 5, 'ticket_id': 269, 'owner': 'acct_19'}",mock
0x2588de892510fcb8dfbe7ccbfa83e859201a988d499bce6d8e74f43d4a38be26,93000,1,UpdatePublished,"{'model_id': 'model_mnist_784_noniid', 'round': 5, 'ticket_id': 269, 'cid': 'sha256:69aacffbba5382ffb6e451607e04cd12d2a448aa46a88051eca380cbea9399f1'}",mock
0x859142a42aafdad4fe5c45987572236365726b9dca19e3bc39daec096029aa1b,86000,1,TicketReserved,"{'model_id': 'model_mnist_784_noniid', 'round': 5, 'ticket_id': 270, 'owner': 'acct_20'}",mock
0xc2decdc03bbc1658d61a0afaef0c2a6f5349ade53e42fe86baa3e6f4a7c21e46,93000,1,UpdatePublished,"{'model_id': 'model_mnist_784_noniid', 'round': 5, 'ticket_id': 270, 'cid': 'sha256:127451ffb759c6838e446cf5ffcd4c18c7527ffbd6ef5d1ac8fa912093bcaf01'}",mock
0x763697eb29755e94b779e258c0fc80c0d5ff8c1627771e501d1d775280df4b48,86000,1,TicketReserved,"{'model_id': 'model_mnist_784_noniid', 'round': 5, 'ticket_id': 271, 'owner': 'acct_21'}",mock
0xed57a7e63b95fc4e0526cce71a8073b457d3b4dfc468423bf711088590051666,93000,1,UpdatePublished,"{'model_id': 'model_mnist_784_noniid', 'round': 5, 'ticket_id': 271, 'cid': 'sha256:785c90c282516aed6da37f89f425fcff009bdcae345d4fd1c49e31b1ef491576'}",mock
0x4f0e288fcc2707488381185b4af87d780db46a97ab4dd2e28989a2d1953454fe,86000,1,TicketReserved,"{'model_id': 'model_mnist_784_noniid', 'round': 5, 'ticket_id': 272, 'owner': 'acct_22'}",mock
0x331dfd8fdc037cec18c9e802191c141771077dc15ed928196bab877d322d07ec,93000,1,UpdatePublished,"{'model_id': 'model_mnist_784_noniid', 'round': 5, 'ticket_id': 272, 'cid': 'sha256:28ff2ea7803d961a5843618fba8e7f2867b2f5480d27d330bcb1aad462154917'}",mock
0x2c7437fb891255d6ec3c14d48564db4d71789be9d201de7aef3d0b9f3a372140,86000,1,TicketReserved,"{'model_id': 'model_mnist_784_noniid', 'round': 5, 'ticket_id': 273, 'owner': 'acct_23'}",mock
0x635c7e225489bb1a7540a2dd3d178e2805a697dfd6b10d9889337f45555c3138,93000,1,UpdatePublished,"{'model_id': 'model_mnist_784_noniid', 'round': 5, 'ticket_id': 273, 'cid': 'sha256:5d44cb72dab473b256c849941106a422f74595a413877777ee3b657389ccf0d2'}",mock
0x05bfd4b2fd69ceafd4277e3ef682f624a523b19609c37d9056aa6a5aa95bdb46,86000,1,TicketReserved,"{'model_id': 'model_mnist_784_noniid', 'round': 5, 'ticket_id': 274, 'owner': 'acct_24'}",mock
0xc4b920bd735ef94c19a61c19830c1b9fe163ca42f8aa124261289c549f2ff897,93000,1,UpdatePublished,"{'model_id': 'model_mnist_784_noniid', 'round': 5, 'ticket_id': 274, 'cid': 'sha256:43111577b889678afb074266c2031ae44322ab44f91217fc0ef73f48036cd304'}",mock
0xa1fec38e31ffcf2a7fa5cf36fe18cbd3b9f28c5f801aa5bc00073f859d337dc3,86000,1,TicketReserved,"{'model_id': 'model_mnist_784_noniid', 'round': 5, 'ticket_id': 275, 'owner': 'acct_25'}",mock
0xc338580d62e5a5225bc5485db0365cf7911fb7a008f0ac5149aed417a17d27af,93000,1,UpdatePublished,"{'model_id': 'model_mnist_784_noniid', 'round': 5, 'ticket_id': 275, 'cid': 'sha256:c299ffb18a48b25da88c8ea07160a1a0abc4bb115d0613303ea050ffda2db2f6'}",mock
0x69ddc95226f9f74747b2985ff3b5c364fcf15e4517c35d2b1e77ffe9201af4c4,86000,1,TicketReserved,"{'model_id': 'model_mnist_784_noniid', 'round': 5, 'ticket_id': 276, 'owner': 'acct_26'}",mock
0xb1b6365d064e7e48cfb8e7c8eb1af4612f90ff1d960fce303886b3ea0f257a8b,93000,1,UpdatePublished,"{'model_id': 'model_mnist_784_noniid', 'round': 5, 'ticket_id': 276, 'cid': 'sha256:e6e3d78ff6ccde3453bef72b64d3a7cb6ddf25d9fe29c8944a6eb3245fb1fda9'}",mock
0xc75b3b30d85a25ac603a0f527dfdadc59f1f7afc9b83e20234f2053d4bde98a0,86000,1,TicketReserved,"{'model_id': 'model_mnist_784_noniid', 'round': 5, 'ticket_id': 277, 'owner': 'acct_27'}",mock
0x96b7771759f09d237671e77f84e5fc796e99ad82bffd4ca1c816de28e3e3b794,93000,1,UpdatePublished,"{'model_id': 'model_mnist_784_noniid', 'round': 5, 'ticket_id': 277, 'cid': 'sha256:12876c9b890dda19b96975fa5431b4f1d01c77624297ab29b0d5d46ccd442d75'}",mock
0x849fb6cad27e3cfab9796dd04867745e0f3c53a74ebbb757fd35f4226379f3d2,86000,1,TicketReserved,"{'model_id': 'model_mnist_784_noniid', 'round': 5, 'ticket_id': 278, 'owner': 'acct_28'}",mock
0x4fa37f3633e193ae28d651b1ebbdeff6160a1f4aa158554d25ba5061db9cbb77,93000,1,UpdatePublished,"{'model_id': 'model_mnist_784_noniid', 'round': 5, 'ticket_id': 278, 'cid': 'sha256:f10bab941ec3147affb4e1162d7cf1b85d3c5206f728e0429ca1fad8c28bc635'}",mock
0xce7d61943349595eda8bbcad48cbbf4954f0c126de4b81657e7bb2f9ce04dcff,86000,1,TicketReserved,"{'model_id': 'model_mnist_784_noniid', 'round': 5, 'ticket_id': 279, 'owner': 'acct_29'}",mock
0x35fe8048bf92523c0c1048c5782862e985241849b3ecb0f3b21efbe467c3d46d,93000,1,UpdatePublished,"{'model_id': 'model_mnist_784_noniid', 'round': 5, 'ticket_id': 279, 'cid': 'sha256:9c142ebe8f8bead490e303014a47e2b1cf278ec9d2e7901ee8655131c3f751cc'}",mock
0x714968945d7a5bb1eb8b50ee568bbcf80476d3d418af1bba9eb98df68d90ad2b,86000,1,TicketReserved,"{'model_id': 'model_mnist_784_noniid', 'round': 5, 'ticket_id': 280, 'owner': 'acct_30'}",mock
0x7e4f3e4670e0be5a332d65a9908c81d7930a7de058a7bd3eb6168d307be290df,93000,1,UpdatePublished,"{'model_id': 'model_mnist_784_noniid', 'round': 5, 'ticket_id': 280, 'cid': 'sha256:e7b2ef858e6bb2459192fe1e37989833902205498ae16fa4b8383b83e88aec34'}",mock
0x9ac240f4508f821a12a9f5be702280a347ac314564851916734294fa52917f57,86000,1,TicketReserved,"{'model_id': 'model_mnist_784_noniid', 'round': 5, 'ticket_id': 281, 'owner': 'acct_31'}",mock
0xea1212ea57580403928c190f290dfffc7df704d7b3607c5a881119e9ea481bfe,93000,1,UpdatePublished,"{'model_id': 'model_mnist_784_noniid', 'round': 5, 'ticket_id': 281, 'cid': 'sha256:a2b91fa855a468e0a4db8f34bb1979348ac6945bd65e7b61c58daae91736b7d0'}",mock
0x9ef2bf68bbf47e84468f0dc5ec3a615e99a7e5868ab6f0b7c3bea4bf8f4e6004,86000,1,TicketReserved,"{'model_id': 'model_mnist_784_noniid', 'round': 5, 'ticket_id': 282, 'owner': 'acct_32'}",mock
0x9ea4b51604afe57672c09378bcec0612da1286d2163511083f1b7a5094d9185c,93000,1,UpdatePublished,"{'model_id': 'model_mnist_784_noniid', 'round': 5, 'ticket_id': 282, 'cid': 'sha256:824b22f88a6d14b709f5901ed5ed2745ef493754790c8bfb468165eb1554d0e4'}",mock
0x91337d6016dd69dbf28d3d57080f04946e421ff789acc2f1adf02a8ef5158366,86000,1,TicketReserved,"{'model_id': 'model_mnist_784_noniid', 'round': 5, 'ticket_id': 283, 'owner': 'acct_33'}",mock
0x24b873cb685ebdddcb73e2578bb7040493ffb87a901dfc93e4c374ded57f95c7,93000,1,UpdatePublished,"{'model_id': 'model_mnist_784_noniid', 'round': 5, 'ticket_id': 283, 'cid': 'sha256:086f62fec0745a3686fe0b615765226a4c5da64f7b68781a5a1e6682bba710ef'}",mock
0x01f5fa3d478192444392acee568b9b38f5b0b82086c72eb5f7902d32bc63db18,86000,1,TicketReserved,"{'model_id': 'model_mnist_784_noniid', 'round': 5, 'ticket_id': 284, 'owner': 'acct_34'}",mock
0x020a26727ffcdf362cd9d4aa74b42aacd24df290dbb673a8f8d4fcbdf7f18724,93000,1,UpdatePublished,"{'model_id': 'model_mnist_784_noniid', 'round': 5, 'ticket_id': 284, 'cid': 'sha256:3be4e807f41fd20b54669d3b472d48f3a31e479fb244c532c53ea13766f13bb3'}",mock
0x332f9ad76eb75a7405415da01a82d1f01647b912f51c88db6e2094584433d0dc,86000,1,TicketReserved,"{'model_id': 'model_mnist_784_noniid', 'round': 5, 'ticket_id': 285, 'owner': 'acct_35'}",mock
0xa165cfd31b3d33a11b84ca11566eaa672aaa47731f35ffdb9f0e367a55a9b75a,93000,1,UpdatePublished,"{'model_id': 'model_mnist_784_noniid', 'round': 5, 'ticket_id': 285, 'cid': 'sha256:cdcf80f99a3a305bb9a6431760d4fbe62f8c4cb7644b7248837a14bb61ef023e'}",mock
0xc5fa5bc960b0b9472eb485b6f4419d66a53ef79d73abeb0cdac5e163ff1e6456,86000,1,TicketReserved,"{'model_id': 'model_mnist_784_noniid', 'round': 5, 'ticket_id': 286, 'owner': 'acct_36'}",mock
0xdc16074154dda723e80e124cda36e1407e52118bef0c9f4ab2fe4f92a5ac49d5,93000,1,UpdatePublished,"{'model_id': 'model_mnist_784_noniid', 'round': 5, 'ticket_id': 286, 'cid': 'sha256:3e63a18f7cfd6803bccf4637467389f12b4b6ef51e13c7305e1db0912810e6a9'}",mock
0x2abc580f70cdb835066bd9bfc1e5ab51ad63e99dc963a123f38a4089d3cd7bb8,86000,1,TicketReserved,"{'model_id': 'model_mnist_784_noniid', 'round': 5, 'ticket_id': 287, 'owner': 'acct_37'}",mock
0x9a7dcb09fb9486b52ba4f39b0d549c817e8785243c08ca0cf9bd9eedc73cce73,93000,1,UpdatePublished,"{'model_id': 'model_mnist_784_noniid', 'round': 5, 'ticket_id': 287, 'cid': 'sha256:059cd08a9624533a2cac29a6013a1e818769be2c8bd00497e44a6106d400ab7a'}",mock
0x1c33ec83ed5282d6bc6245036da87be081b9437cfaf2583bf06f813aa06365f0,86000,1,TicketReserved,"{'model_id': 'model_mnist_784_noniid', 'round': 5, 'ticket_id': 288, 'owner': 'acct_38'}",mock
0x8f6c265c1d000c54941c4df29c1fb5279a1f6fe3cb5b19414df31b7110b98eb1,93000,1,UpdatePublished,"{'model_id': 'model_mnist_784_noniid', 'round': 5, 'ticket_id': 288, 'cid': 'sha256:9963b10749c87a745484e2ece05569d8ed5738fe2c701ee7acc8e647f0cb64b8'}",mock
0xe248d91b2a7cc0b6c23791c8932e0d457629d8f5c37a828e3a22509d35aefc4e,86000,1,TicketReserved,"{'model_id': 'model_mnist_784_noniid', 'round': 5, 'ticket_id': 289, 'owner': 'acct_39'}",mock
0xd7cc37aac2088fc8ac80e272be9a060f7fd8c7b0a79152572c993e4c7d5b4836,93000,1,UpdatePublished,"{'model_id': 'model_mnist_784_noniid', 'round': 5, 'ticket_id': 289, 'cid': 'sha256:cddc3bc5201f919c2418c3ec5c0d77bbfb8737ad9b90dc0a135be22fe0c846f9'}",mock
0xd175a255e57caecf184a7904bf74c913ecaf32468f5981d027d3cd65b0ff1311,86000,1,TicketReserved,"{'model_id': 'model_mnist_784_noniid', 'round': 5, 'ticket_id': 290, 'owner': 'acct_40'}",mock
0x1ff1e9e881bd45867ffb5a49d16514a005e1ef3bfa49aa21e59962ecb84c7265,93000,1,UpdatePublished,"{'model_id': 'model_mnist_784_noniid', 'round': 5, 'ticket_id': 290, 'cid': 'sha256:d7039c75425877f1e2fa4c15589e5272c76d108e6ebb2a7f6a99ca3644063bb9'}",mock
0x74d9e215916db39fdb9db5a1eeb4093888300d1673932fd5501b09e4b4ab8c42,86000,1,TicketReserved,"{'model_id': 'model_mnist_784_noniid', 'round': 5, 'ticket_id': 291, 'owner': 'acct_41'}",mock
0x919166721ea2ccdc4778722bd6e96d0a86b14ffd0431ee42f37a22dc86803d84,93000,1,UpdatePublished,"{'model_id': 'model_mnist_784_noniid', 'round': 5, 'ticket_id': 291, 'cid': 'sha256:fced2a9217730753b2123f6490a9f54a7ab33054396c49338dc589f1e7750ea5'}",mock
0x3327924b3361c55565e960764614d98dadbe646e345bb2a061629ebbe4f3da4d,86000,1,TicketReserved,"{'model_id': 'model_mnist_784_noniid', 'round': 5, 'ticket_id': 292, 'owner': 'acct_42'}",mock
0x115367fa250db7fc0e87cd514f389801b37cfb7d388f1824857ca9520d69b8b6,93000,1,UpdatePublished,"{'model_id': 'model_mnist_784_noniid', 'round': 5, 'ticket_id': 292, 'cid': 'sha256:c8ae23a065b0a4262917f59bf27c729dad0186b92426dfb6ced7172913fcd68d'}",mock
0x95a7b1724d854ab10252e5eb929874876267deeaf8e2b0d610f9109ec4b41c21,86000,1,TicketReserved,"{'model_id': 'model_mnist_784_noniid', 'round': 5, 'ticket_id': 293, 'owner': 'acct_43'}",mock
0x46cc421fe9f8a53f070ef645738117294a5663fd2f5f983dd4e58e04e2d4d47d,93000,1,UpdatePublished,"{'model_id': 'model_mnist_784_noniid', 'round': 5, 'ticket_id': 293, 'cid': 'sha256:4798dc964fbbb4406205bc44a0bb4982c10a912b8c889b8ecbeaaab36d3ab4ca'}",mock
0x49381b3b108997c7008196d9f870c0213886090653a550f25aedece872100f33,86000,1,TicketReserved,"{'model_id': 'model_mnist_784_noniid', 'round': 5, 'ticket_id': 294, 'owner': 'acct_44'}",mock
0x2a3c719e56ce52995139998b41bbfe8aaca8f3769fb7a7d8cb4027076490ddc3,93000,1,UpdatePublished,"{'model_id': 'model_mnist_784_noniid', 'round': 5, 'ticket_id': 294, 'cid': 'sha256:71d25f287d91d8e54ffadaad46ee660a6cc44e66bb7c2fed2445dc066f4f614c'}",mock
0xc05c42b834483f7c515d3753c1dd6fe8721ee2adbc5cfb2b6c90fe19781d608a,86000,1,TicketReserved,"{'model_id': 'model_mnist_784_noniid', 'round': 5, 'ticket_id': 295, 'owner': 'acct_45'}",mock
0x506db833e19bf4f094f7b7ed44ff7f70a60539ea702ee16e7446d6bcc99a29b8,93000,1,UpdatePublished,"{'model_id': 'model_mnist_784_noniid', 'round': 5, 'ticket_id': 295, 'cid': 'sha256:60d690f0cf66517ad2fccd169b1d2c473a642a191fa1cb1af8709907ea6a0b89'}",mock
0x02afd293222f80039b4d051beda3a202927028b13fd31637524ed44613039b0e,86000,1,TicketReserved,"{'model_id': 'model_mnist_784_noniid', 'round': 5, 'ticket_id': 296, 'owner': 'acct_46'}",mock
0xdb0de0c397177470f8dff6ae675e1f17cac660c19b4c56db1c5b792ca8ac06d0,93000,1,UpdatePublished,"{'model_id': 'model_mnist_784_noniid', 'round': 5, 'ticket_id': 296, 'cid': 'sha256:1556d974e9681dbb95d641ca7e20be88749b07865918608367c3c6a455761394'}",mock
0xae2ca86406d145daf4da37a7a9aac26853272b05d5833b8047c11c54c3357ffe,86000,1,TicketReserved,"{'model_id': 'model_mnist_784_noniid', 'round': 5, 'ticket_id': 297, 'owner': 'acct_47'}",mock
0x25512bbb25e517952beb99ad6067fbfcc2b64827da6e6b1f0665abfebf4910e2,93000,1,UpdatePublished,"{'model_id': 'model_mnist_784_noniid', 'round': 5, 'ticket_id': 297, 'cid': 'sha256:a34fcc14a74416192f7c801dc5b3c6c74c571f9ff9659bb45f9430eec5a0c9d7'}",mock
0xeb1751660092da87611fc3306b4c4d254f147f90b5b2789d97fafdd076cdc8eb,86000,1,TicketReserved,"{'model_id': 'model_mnist_784_noniid', 'round': 5, 'ticket_id': 298, 'owner': 'acct_48'}",mock
0xeb5b84468ce3a34f8b3206a854320514cb9acaecad0d01727442c05b495d6950,93000,1,UpdatePublished,"{'model_id': 'model_mnist_784_noniid', 'round': 5, 'ticket_id': 298, 'cid': 'sha256:12c1f240a1599c0eb789f03f5820cb507286abcc36d0d68f538b0eaeb54e8245'}",mock
0xe1963c84289255258613ba43feb1759ab90aa64e36d83d0225680a255b7337f1,86000,1,TicketReserved,"{'model_id': 'model_mnist_784_noniid', 'round': 5, 'ticket_id': 299, 'owner': 'acct_49'}",mock
0x8f0eb11e8d8b944956babf29122317322433b662ccbaaf800919702cc9b24b05,93000,1,UpdatePublished,"{'model_id': 'model_mnist_784_noniid', 'round': 5, 'ticket_id': 299, 'cid': 'sha256:18771c5b5192727903d16890f1f206df7491501d0cd75d153724f3b9bf483cb0'}",mock
0xf1bc69544c2e04cd6d56daf894857ce857f1da1d67355792c481ffb43b692bd4,86000,1,TicketReserved,"{'model_id': 'model_mnist_784_noniid', 'round': 5, 'ticket_id': 300, 'owner': 'acct_50'}",mock
0xcf151ed99e424ba6183e06168d4e077bdde0e413ec15009b065b0a4adf9d33f9,93000,1,UpdatePublished,"{'model_id': 'model_mnist_784_noniid', 'round': 5, 'ticket_id': 300, 'cid': 'sha256:542c6c64e979f3565c62495e3853efcd6796df9f3802c594b92118c5c2ab38ec'}",mock
0xad4ecb68f94e8b27b74c81585b3825d16f04fa9ccd00c5fb84daa2944f43c359,905000,1,RoundFinalized,"{'model_id': 'model_mnist_784_noniid', 'round': 5, 'included': 39, 'refunds': 39}",mock
0x6ce80780919732f1d60c4eb4d05c411205fe65592fac0f9cf32d3243da10ba72,52000,1,RoundFunded,"{'model_id': 'model_mnist_784_noniid', 'amount_wei': 10000000000000000}",mock
0x9aa2dfceb5b5e4a06c068e98aac61f34116ce7bf5bab01f957c2e538f2914144,86000,1,TicketReserved,"{'model_id': 'model_mnist_784_noniid', 'round': 6, 'ticket_id': 301, 'owner': 'acct_1'}",mock
0xd42a02a08b419f3ee1424ba601f1475b0f3e9187000da722654bc78f5f17673f,93000,1,UpdatePublished,"{'model_id': 'model_mnist_784_noniid', 'round': 6, 'ticket_id': 301, 'cid': 'sha256:ea4892ee4183a5240cb75aab2cc35eca31ec7d2b89af6653403015c08f8651a1'}",mock
0xc1d3f269365dd936aa891d171592caa624b3c5f955142746841f8b3f2b384190,86000,1,TicketReserved,"{'model_id': 'model_mnist_784_noniid', 'round': 6, 'ticket_id': 302, 'owner': 'acct_2'}",mock
0xc0730e29b103cdf874f8370065198fd4ec49568a08bf9ae895019c7ff4fa5b44,93000,1,UpdatePublished,"{'model_id': 'model_mnist_784_noniid', 'round': 6, 'ticket_id': 302, 'cid': 'sha256:99ebca645fb9083aa6b113e259d33257332c8ccdc9e21c6dc25464261e871ea1'}",mock
0x8bbd0f6885d60ddab613c4bba7e73f62ef6590cf21f790ea83b0ea7395cdd479,86000,1,TicketReserved,"{'model_id': 'model_mnist_784_noniid', 'round': 6, 'ticket_id': 303, 'owner': 'acct_3'}",mock
0x2a314470b5b23fd6a4d66c69dfaea0c3d0bede39dbc6f97424575ce9bba4c827,93000,1,UpdatePublished,"{'model_id': 'model_mnist_784_noniid', 'round': 6, 'ticket_id': 303, 'cid': 'sha256:05802f4c9f5bce51365213edb8159e00329af41b2503f556558a67be31d1081f'}",mock
0x1076818401f91bb9adf6c72afbad166e84631d8e6e0a5f2962403c5460e8e7bb,86000,1,TicketReserved,"{'model_id': 'model_mnist_784_noniid', 'round': 6, 'ticket_id': 304, 'owner': 'acct_4'}",mock
0xb494bdd7a81054dfcda4752cd0bc5561d2fb34fd500f4f59dc094d66bfe68066,93000,1,UpdatePublished,"{'model_id': 'model_mnist_784_noniid', 'round': 6, 'ticket_id': 304, 'cid': 'sha256:dcefefafcaaa897f8941f7b5b96c2eea2fd436d19eb622334de18e3116cee135'}",mock
0x4d96c5119dbb0e7c5d47c518433f8d413c6fda557eb19abffdff0857566399c6,86000,1,TicketReserved,"{'model_id': 'model_mnist_784_noniid', 'round': 6, 'ticket_id': 305, 'owner': 'acct_5'}",mock
0x5f24adea8ed4fafd37d03db4cb9f0a7eb7f65e9dc2f5d71b8b2f8c9b275e3e45,93000,1,UpdatePublished,"{'model_id': 'model_mnist_784_noniid', 'round': 6, 'ticket_id': 305, 'cid': 'sha256:b7de001e61778008932902b77b17b1fc223b553a4ead8e86a317ecaebb6366dc'}",mock
0x2270481380ee10115c9eca77c01b5f9c12efca846bf9bc47793bd4a55c62c18b,86000,1,TicketReserved,"{'model_id': 'model_mnist_784_noniid', 'round': 6, 'ticket_id': 306, 'owner': 'acct_6'}",mock
0x6ec7b43f4fe22490d3d3b2996f860de30ec316818e8b1d1e7edc4ffd6537aad1,93000,1,UpdatePublished,"{'model_id': 'model_mnist_784_noniid', 'round': 6, 'ticket_id': 306, 'cid': 'sha256:a9e0c2b2290d63bd148fca4ab255a33ffd555a8bc3b2864f4a140436393653ee'}",mock
0x813ae1c2a50602eaf7e9e2f4b922fa02e29f13ba01b9c59ed35b29845c6d712b,86000,1,TicketReserved,"{'model_id': 'model_mnist_784_noniid', 'round': 6, 'ticket_id': 307, 'owner': 'acct_7'}",mock
0xf24a9e38d422ef2c5647b1fdcbecbfbdb82203850e61ff512091d53961d157f3,93000,1,UpdatePublished,"{'model_id': 'model_mnist_784_noniid', 'round': 6, 'ticket_id': 307, 'cid': 'sha256:b082b3ebf182ef80b4267cc5f4b9990001c3f72570ed8492df804ed9b04b43ad'}",mock
0xd83c55110afc7966f0e347c05cd00ca109cf4f998b41dcb7d1f38ba0ab9d91b9,86000,1,TicketReserved,"{'model_id': 'model_mnist_784_noniid', 'round': 6, 'ticket_id': 308, 'owner': 'acct_8'}",mock
0x043d5629b52b18c9b96e4746bf08b55ff091102ffad836bbf188b12af4958534,93000,1,UpdatePublished,"{'model_id': 'model_mnist_784_noniid', 'round': 6, 'ticket_id': 308, 'cid': 'sha256:bdadc1256cf327a1b073b4c7601585f76380ae175fa5b2bd93b32518ddad2aa2'}",mock
0x8dd16eca8865181c952e3a77d42c710df0b24a6432ad33fd8d622cceb2384ae7,86000,1,TicketReserved,"{'model_id': 'model_mnist_784_noniid', 'round': 6, 'ticket_id': 309, 'owner': 'acct_9'}",mock
0x2235009972960b83aa5244d779418143245a03bfa7e37a17701d4a74a8161e2f,93000,1,UpdatePublished,"{'model_id': 'model_mnist_784_noniid', 'round': 6, 'ticket_id': 309, 'cid': 'sha256:4017cef95d709303f78ddb668bfa25b748522bde46fac918da223d2e356a467f'}",mock
0x630ec9e342bc58a8b217423bdd3160570cd3a319adb35f95cec2178981c3c639,86000,1,TicketReserved,"{'model_id': 'model_mnist_784_noniid', 'round': 6, 'ticket_id': 310, 'owner': 'acct_10'}",mock
0x9802078574bcd509b4146627624c44748e80b1893e222dfe12d1b1e626478a8a,93000,1,UpdatePublished,"{'model_id': 'model_mnist_784_noniid', 'round': 6, 'ticket_id': 310, 'cid': 'sha256:b17a6ceee07f3aaf925b2c87d9758d614c14ca0fe8ffdc1cccf7d6e3533f8088'}",mock
0xa25361cdd9a2db2aa7a89722a8a19da59469e54cdf6be2c933d6db528d8f26b0,86000,1,TicketReserved,"{'model_id': 'model_mnist_784_noniid', 'round': 6, 'ticket_id': 311, 'owner': 'acct_11'}",mock
0x08385e51fe4a48b67f59b926ece1fdefc055bde0c5257132d873f0a49903bbc1,93000,1,UpdatePublished,"{'model_id': 'model_mnist_784_noniid', 'round': 6, 'ticket_id': 311, 'cid': 'sha256:4202101943d4782a89d93d27e5c3158798a078ef8c63ef3d077800f32904db32'}",mock
0x0d8f692355356de7468d347b641d583048b018db3f7076a963bc8bf6588b2e32,86000,1,TicketReserved,"{'model_id': 'model_mnist_784_noniid', 'round': 6, 'ticket_id': 312, 'owner': 'acct_12'}",mock
0xa5817d0e487b6577f7dfba2931b9b376cda1049f94271927b9fb22ce2541c3d3,93000,1,UpdatePublished,"{'model_id': 'model_mnist_784_noniid', 'round': 6, 'ticket_id': 312, 'cid': 'sha256:e6a0fc29f0ab5c62c972539661c7760cef1dea6df3196657037e13843af5dab2'}",mock
0x57e16de061c225ca451359016ff7910cd6c92f16936448be3fbd859e4de721ed,86000,1,TicketReserved,"{'model_id': 'model_mnist_784_noniid', 'round': 6, 'ticket_id': 313, 'owner': 'acct_13'}",mock
0x0376e3964ff3c74838e1e42bb10b8278e12f4306e2375993d2aba6f1d4679cfb,93000,1,UpdatePublished,"{'model_id': 'model_mnist_784_noniid', 'round': 6, 'ticket_id': 313, 'cid': 'sha256:8da25538f65a64283fbb77f33cffeb83712eb4f2bf6371da40d2a68bcbf296be'}",mock
0x9f6ffe7f532f8d76a301351e10ed09e1584b46e138bb936a41c56d4ad7507546,86000,1,TicketReserved,"{'model_id': 'model_mnist_784_noniid', 'round': 6, 'ticket_id': 314, 'owner': 'acct_14'}",mock
0xa5af026d247e98d544dcebcce1d718e7f75e4848b3026d0264820947b89f6b33,93000,1,UpdatePublished,"{'model_id': 'model_mnist_784_noniid', 'round': 6, 'ticket_id': 314, 'cid': 'sha256:af4b8647373e58566a27d241ff1e8fb7d1d682a321224d322d9061ac4822ea52'}",mock
0xa878c9ffdfa285b6a63f4b85b75e0cd2df6b2f1fe5768f096a6c8768e31154e8,86000,1,TicketReserved,"{'model_id': 'model_mnist_784_noniid', 'round': 6, 'ticket_id': 315, 'owner': 'acct_15'}",mock
0x0fababf10edae32b61b12027e0158161468335fe65461d5e93b517fcdf1f67da,93000,1,UpdatePublished,"{'model_id': 'model_mnist_784_noniid', 'round': 6, 'ticket_id': 315, 'cid': 'sha256:390b76f305978e01cbf0c4c7790711b045f1e5fdc6b217385d1938b1f14eb6f8'}",mock
0x9bc56901e359fcb3f075be60d5ccf4af55f4f2411cde2f6e662e8be49cdc417b,86000,1,TicketReserved,"{'model_id': 'model_mnist_784_noniid', 'round': 6, 'ticket_id': 316, 'owner': 'acct_16'}",mock
0x071b32bd4fa1c702b9b1d50193ea086c861ad7ae53869334ef2791485254a6b5,93000,1,UpdatePublished,"{'model_id': 'model_mnist_784_noniid', 'round': 6, 'ticket_id': 316, 'cid': 'sha256:b9e5630c68bd2cea042eb4184d0082980f85ce788cfb194272b72b488392d18d'}",mock
0xbffd97c8f6dc0fcc5fffbb6bafe9b997f040570825f8928fd1228c4503d0be9f,86000,1,TicketReserved,"{'model_id': 'model_mnist_784_noniid', 'round': 6, 'ticket_id': 317, 'owner': 'acct_17'}",mock
0x0e4729198bd7fa05d0160bfea49df520255eaceb4f01e4182645ab9a3b6a4edd,93000,1,UpdatePublished,"{'model_id': 'model_mnist_784_noniid', 'round': 6, 'ticket_id': 317, 'cid': 'sha256:6683e24a5c0a49f34c477328cf9802428420fb1ae212d0269213737e4c40f67b'}",mock
0x2147176867cf7264473f8a412f0e882a887b92150dd089932ab9cba06128f9fc,86000,1,TicketReserved,"{'model_id': 'model_mnist_784_noniid', 'round': 6, 'ticket_id': 318, 'owner': 'acct_18'}",mock
0x6ec14138b26f166447837248714c5dd7c7a22dde209a7181276cd6422bbf14cc,93000,1,UpdatePublished,"{'model_id': 'model_mnist_784_noniid', 'round': 6, 'ticket_id': 318, 'cid': 'sha256:99b9c31056be63ca724244dbd0b809afaa9739c2c0836a5b5dc4a1e31a70a922'}",mock
0xf20d73a97c0d2461b5c6aee2a986db652ef2faa8bb9708a8167e6cbe0ac4b12a,86000,1,TicketReserved,"{'model_id': 'model_mnist_784_noniid', 'round': 6, 'ticket_id': 319, 'owner': 'acct_19'}",mock
0xc248f9014206f50e11b5f2c99216e1de47a657dc9055eb39c6129bf9daf70b19,93000,1,UpdatePublished,"{'model_id': 'model_mnist_784_noniid', 'round': 6, 'ticket_id': 319, 'cid': 'sha256:7875bb5e5f309d406d385f9a8a95f1e13cc596d27408264b4246aadc0131cc9e'}",mock
0xbfdb0bcd9630f1cdcca9086c071078953d34b4cc243ad4ca62b9457efeddb14a,86000,1,TicketReserved,"{'model_id': 'model_mnist_784_noniid', 'round': 6, 'ticket_id': 320, 'owner': 'acct_20'}",mock
0x6c38daa24b56af1e8d0ef9d77627e90f54b07d3305d7941660e61416608a273c,93000,1,UpdatePublished,"{'model_id': 'model_mnist_784_noniid', 'round': 6, 'ticket_id': 320, 'cid': 'sha256:fc7da626977ae3f00c4ce74dd3476c307080269ceb800e700f80597cb26985f2'}",mock
0x5dce273ea156a58569ef043a1d1b4bdd3d27b452549a92d8ad37f23200478963,86000,1,TicketReserved,"{'model_id': 'model_mnist_784_noniid', 'round': 6, 'ticket_id': 321, 'owner': 'acct_21'}",mock
0x8efa733086264a09d942904a3bf2325b7f0e132b05462b113a2695888834ada2,93000,1,UpdatePublished,"{'model_id': 'model_mnist_784_noniid', 'round': 6, 'ticket_id': 321, 'cid': 'sha256:86757570eaee3dba7c8e1da4c9e448db8cf8c17be41cab243d781552e7035623'}",mock
0x624ea7f7647bc777c036ead7028b1ca3d9596e0de0892edb485d0291e74d8f81,86000,1,TicketReserved,"{'model_id': 'model_mnist_784_noniid', 'round': 6, 'ticket_id': 322, 'owner': 'acct_22'}",mock
0x107687947c8e9306dcf32e4fd0aa5bb7dce64c1b8f60a1b546b893370ee8e17b,93000,1,UpdatePublished,"{'model_id': 'model_mnist_784_noniid', 'round': 6, 'ticket_id': 322, 'cid': 'sha256:a6ff76103c85255eecf503b7a68cca2ba60f2a1060248e5506384c9875c4035c'}",mock
0x61e8e0489f485f178686f03698a84c1faf8986c08b7de519b4161482a5cdd226,86000,1,TicketReserved,"{'model_id': 'model_mnist_784_noniid', 'round': 6, 'ticket_id': 323, 'owner': 'acct_23'}",mock
0x17a694b409b3d529ac9241dccc14744d83fcb4f84b00242a0b3a166c1dda3244,93000,1,UpdatePublished,"{'model_id': 'model_mnist_784_noniid', 'round': 6, 'ticket_id': 323, 'cid': 'sha256:3d2025d18ddba146180c3e7c46ec4253c2a8866e98c4d7c0053fd560d7ecab83'}",mock
0x8e9f5877a4f965b84a02b32562adad0592fb4131ab6414346fc68c98f468677f,86000,1,TicketReserved,"{'model_id': 'model_mnist_784_noniid', 'round': 6, 'ticket_id': 324, 'owner': 'acct_24'}",mock
0x80ccc4b4e789e6a2563ddb65cf54f89a1b498b78d091fa4836f2df9cda16a52a,93000,1,UpdatePublished,"{'model_id': 'model_mnist_784_noniid', 'round': 6, 'ticket_id': 324, 'cid': 'sha256:2619d8215cc2cd08c9a75860aed133b9688f261bdbc58866d8e2d1be2591a68f'}",mock
0xb3ed7e362ebca934621d4eec6826b58749c6ecef96c4c44ceb5cf3d8cb48235f,86000,1,TicketReserved,"{'model_id': 'model_mnist_784_noniid', 'round': 6, 'ticket_id': 325, 'owner': 'acct_25'}",mock
0x54d0fb74b62b684fe92d1193d6e3bcda24ad914fa8ada847c2e648aaefe63f14,93000,1,UpdatePublished,"{'model_id': 'model_mnist_784_noniid', 'round': 6, 'ticket_id': 325, 'cid': 'sha256:3d24ddb23c444b8e61eaa327ff989f0c8cb937d74738c1937511994cfa0d1482'}",mock
0x14e2d38c2b68f1a79e2e52d80e6ff659409d4ddf151aa7ba835c506e7e814364,86000,1,TicketReserved,"{'model_id': 'model_mnist_784_noniid', 'round': 6, 'ticket_id': 326, 'owner': 'acct_26'}",mock
0x1f74ceb9edd4796ac4b28aaa7ec5bf4350edbe1af0bc42ff0062cd083126c8ea,93000,1,UpdatePublished,"{'model_id': 'model_mnist_784_noniid', 'round': 6, 'ticket_id': 326, 'cid': 'sha256:3fdfa91f07f8ba1097803cb478b7b9055801b34bece864678a95916ddba89213'}",mock
0x49f72a605cb38d3471184e2aa98ff651735bd806bf257c2eafab62fd4d26b208,86000,1,TicketReserved,"{'model_id': 'model_mnist_784_noniid', 'round': 6, 'ticket_id': 327, 'owner': 'acct_27'}",mock
0xd08993bab7facc45ecee88d2cc5754ccb5f6158b890c4dd115274bc83d432ca5,93000,1,UpdatePublished,"{'model_id': 'model_mnist_784_noniid', 'round': 6, 'ticket_id': 327, 'cid': 'sha256:b372adff66ba6847a19f25abccf90f716933052baacea1587d7d6d60dc39d6dc'}",mock
0x35b0de98990f921a3e54651a30e314b818fddf3c74cb06979d4fd8225b38db25,86000,1,TicketReserved,"{'model_id': 'model_mnist_784_noniid', 'round': 6, 'ticket_id': 328, 'owner': 'acct_28'}",mock
0xf27342d140ea63103e1454c565d5bc494b5ceb229841f1ddaf788643bc4fa711,93000,1,UpdatePublished,"{'model_id': 'model_mnist_784_noniid', 'round': 6, 'ticket_id': 328, 'cid': 'sha256:51211463b2e5a12a222cfb942577bd6c61396f3affca55fdc8bf99eaf9f6d57b'}",mock
0xed8007e4e343d272a302b19680f35cd59c3a58c9a9a7484630bffbe079f6bc81,86000,1,TicketReserved,"{'model_id': 'model_mnist_784_noniid', 'round': 6, 'ticket_id': 329, 'owner': 'acct_29'}",mock
0x12717a391691241962f33543236043de1d4eee544a1cdb4aa94e1703e4412739,93000,1,UpdatePublished,"{'model_id': 'model_mnist_784_noniid', 'round': 6, 'ticket_id': 329, 'cid': 'sha256:7582f8775dabcaaea201959fea686e46902373f3fbe0881b41c6034e1d490710'}",mock
0xca875f58f173f69535b87f997b90db9b96748aa605748c40bd14c3e364b37f13,86000,1,TicketReserved,"{'model_id': 'model_mnist_784_noniid', 'round': 6, 'ticket_id': 330, 'owner': 'acct_30'}",mock
0x70618e41967700bc8d6e45f2dc1ca32b04ecbc7e1f492e0e5ca20740464e0ca0,93000,1,UpdatePublished,"{'model_id': 'model_mnist_784_noniid', 'round': 6, 'ticket_id': 330, 'cid': 'sha256:a5fc67b81def584c216072b592efdbead9fed92e5fc0f006fe84ad874407533f'}",mock
0x53c1f30ebdf7537efac3e265b90bafc86e18be9653ee3cfc0d8cccb59fc32c30,86000,1,TicketReserved,"{'model_id': 'model_mnist_784_noniid', 'round': 6, 'ticket_id': 331, 'owner': 'acct_31'}",mock
0xbe45b4277fbcf59b33aae099f0769a9055cc24c5bd4855bc96cb31f1cbdd0c4d,93000,1,UpdatePublished,"{'model_id': 'model_mnist_784_noniid', 'round': 6, 'ticket_id': 331, 'cid': 'sha256:3c36c5c274269678c7646426aa5cbd8a84078c703f75ea697dc1dccdb2f59903'}",mock
0x7f1d5a5d52841ddeb1c3074b77294f287ff6ac597a68febf1a7f755536dc6647,86000,1,TicketReserved,"{'model_id': 'model_mnist_784_noniid', 'round': 6, 'ticket_id': 332, 'owner': 'acct_32'}",mock
0xb4af791d4c8625f1c1348f29bcf4d5d4d872ce41e3388fb421c263d0c0ded4ab,93000,1,UpdatePublished,"{'model_id': 'model_mnist_784_noniid', 'round': 6, 'ticket_id': 332, 'cid': 'sha256:f0f93e7ae02ca69577473de30809174d9d3c52c6a1a4206bca0dcc6a03df3f6e'}",mock
0xe06ea805d48a90f9ab9e6b0c08705d8bd76c5322fd50692bebb0040a74c7a14c,86000,1,TicketReserved,"{'model_id': 'model_mnist_784_noniid', 'round': 6, 'ticket_id': 333, 'owner': 'acct_33'}",mock
0x2d83d2d022a7cd957f7c5ae419dc5a82d35c380c76efe169641151127b8575aa,93000,1,UpdatePublished,"{'model_id': 'model_mnist_784_noniid', 'round': 6, 'ticket_id': 333, 'cid': 'sha256:04383758adc31abd4ad0146d054f3ac77dec8b86cd24215f29f9f973238bb6a4'}",mock
0x83dc863f72d2904777f6125b4db72af3cee8e2ae0ef667eaac95342e14583b81,86000,1,TicketReserved,"{'model_id': 'model_mnist_784_noniid', 'round': 6, 'ticket_id': 334, 'owner': 'acct_34'}",mock
0x61db88cccbf1d6cccf9889bc2417f96228b7861a28f581cef850e9e4933e377f,93000,1,UpdatePublished,"{'model_id': 'model_mnist_784_noniid', 'round': 6, 'ticket_id': 334, 'cid': 'sha256:3fc72713b00e18248dbacedd36d1b89d342425dc5a3d9777d94a69d6aae8b084'}",mock
0xfb982b6fe9be877c930c154b59d926d53d3bc01ab3d30fe67105bbc95f19e0fd,86000,1,TicketReserved,"{'model_id': 'model_mnist_784_noniid', 'round': 6, 'ticket_id': 335, 'owner': 'acct_35'}",mock
0x844cb28cf2e19420bb77bcb938752c6f3cee6cbc98bada57a8af57513d7e0339,93000,1,UpdatePublished,"{'model_id': 'model_mnist_784_noniid', 'round': 6, 'ticket_id': 335, 'cid': 'sha256:04e3bbfc863fb6ce730be30648172d9e103e8bf91797331a48e152130c60fc4a'}",mock
0xd979c1caaf7897e906b94a36f93b74c098a37fa0bb096dc4f87f6b82293a3ce9,86000,1,TicketReserved,"{'model_id': 'model_mnist_784_noniid', 'round': 6, 'ticket_id': 336, 'owner': 'acct_36'}",mock
0x9d7f254bba2c9a87c0185261228fb7730548677b2b68111b2cd1f40d15028b1b,93000,1,UpdatePublished,"{'model_id': 'model_mnist_784_noniid', 'round': 6, 'ticket_id': 336, 'cid': 'sha256:a315aeb9c21e2cd9aefc4a1b5a0a3e458341599f5042a95ba5744b9089d36002'}",mock
0xf30b5c260cf10032134a0a7ccf2dae5913404e15a0112c3643dcb4e3a9fc8668,86000,1,TicketReserved,"{'model_id': 'model_mnist_784_noniid', 'round': 6, 'ticket_id': 337, 'owner': 'acct_37'}",mock
0x4b311fefc324042748741ac7935e6859b7736b283e97cc9a02f408babbbffaee,93000,1,UpdatePublished,"{'model_id': 'model_mnist_784_noniid', 'round': 6, 'ticket_id': 337, 'cid': 'sha256:6b2072666fbf76a4b8d394b7322cb4f01683cb71709de8cfc72cd53f003b2bed'}",mock
0xc6383400d857476b1ef686318675ca200b059f6bff75e5f8c31961507208e1a1,86000,1,TicketReserved,"{'model_id': 'model_mnist_784_noniid', 'round': 6, 'ticket_id': 338, 'owner': 'acct_38'}",mock
0x5cc18ae14bdb432c077e3939417b8707863e46e24d1e2c8579af02468909b3e4,93000,1,UpdatePublished,"{'model_id': 'model_mnist_784_noniid', 'round': 6, 'ticket_id': 338, 'cid': 'sha256:fb7908a97026db97a9ee73b4a52d1a61a3efc5dbbe4d81118158fa6870fe65fb'}",mock
0x4a1a91b558a91778830c327ec76a0d07518cd918c93792f0dd01ca00073c30ab,86000,1,TicketReserved,"{'model_id': 'model_mnist_784_noniid', 'round': 6, 'ticket_id': 339, 'owner': 'acct_39'}",mock
0x5070fa1400a9d11e2d8c8c77bc2d61e830b5d4430e5731a9b4185348d7c9cfdf,93000,1,UpdatePublished,"{'model_id': 'model_mnist_784_noniid', 'round': 6, 'ticket_id': 339, 'cid': 'sha256:713b8aadb4d9047c5a086f3a278001681e83c032f96b1c3c9a664b1e5ac4d35a'}",mock
0x5c90aeac2506b6d8419e39aded52a801976dccd3d31f25a8ad5742f66d0f8f59,86000,1,TicketReserved,"{'model_id': 'model_mnist_784_noniid', 'round': 6, 'ticket_id': 340, 'owner': 'acct_40'}",mock
0x6c8231ccc8013069293f1dd042c83e21cdaec5bb4ec79a4714bce5f04971449e,93000,1,UpdatePublished,"{'model_id': 'model_mnist_784_noniid', 'round': 6, 'ticket_id': 340, 'cid': 'sha256:a3fe13de4125e64fa3c2e7a9b1f145e986c96484bff300ca2db0e67feba1c0a5'}",mock
0xf85b740f5764b5810f54dbeb7bd27a09aef4407dfa405c7f919ccffe9f273b9e,86000,1,TicketReserved,"{'model_id': 'model_mnist_784_noniid', 'round': 6, 'ticket_id': 341, 'owner': 'acct_41'}",mock
0x5465c93c40ed00694e93f7d2ba59b6d16ba6e3bc3307e2310aa68518b5cb908a,93000,1,UpdatePublished,"{'model_id': 'model_mnist_784_noniid', 'round': 6, 'ticket_id': 341, 'cid': 'sha256:e656353fb023d9893ff599461f73ddb84af45ce9a335e44f410ee35e83f821b2'}",mock
0xf1e6bf34e339f7481bc8841292265d6e8a78ed95224e5ac8872c8cf31a33dbce,86000,1,TicketReserved,"{'model_id': 'model_mnist_784_noniid', 'round': 6, 'ticket_id': 342, 'owner': 'acct_42'}",mock
0xc475d0b23b97fc16e5106479c80091873be5fa1ad734cf6db97268daf09c759c,93000,1,UpdatePublished,"{'model_id': 'model_mnist_784_noniid', 'round': 6, 'ticket_id': 342, 'cid': 'sha256:a9da325257b880064345135c6177d8865e3af1fdbe2396ef0144c28325f46466'}",mock
0x4bde6bc975ab8f7cd2719d320b556dbceb4389f18037ea6790ec5f5c71f72866,86000,1,TicketReserved,"{'model_id': 'model_mnist_784_noniid', 'round': 6, 'ticket_id': 343, 'owner': 'acct_43'}",mock
0x38e4d2dd84f116e37eba845c1d9576f0413bd712cf63e4028687e747104d465b,93000,1,UpdatePublished,"{'model_id': 'model_mnist_784_noniid', 'round': 6, 'ticket_id': 343, 'cid': 'sha256:a8298703118f9b540f02948b5b948599b1dd8342c86a42ffed8738881f4791b3'}",mock
0xb572bf5082f0a75b55b509321fe01f35efa2ba2af2336e8c717986e38ec998ee,86000,1,TicketReserved,"{'model_id': 'model_mnist_784_noniid', 'round': 6, 'ticket_id': 344, 'owner': 'acct_44'}",mock
0x7b08de670976838f9cf7d89b13f17e0a6d04b88aef6033ea9c5e7aad109a3b76,93000,1,UpdatePublished,"{'model_id': 'model_mnist_784_noniid', 'round': 6, 'ticket_id': 344, 'cid': 'sha256:241b702050d5d40f143c7225b2dda55950e3129b63cba0e901dd986484fc0f1e'}",mock
0xd7ab18a47e112bb013a1658581296fda8a8839d598d50437fa41594841cd5fce,86000,1,TicketReserved,"{'model_id': 'model_mnist_784_noniid', 'round': 6, 'ticket_id': 345, 'owner': 'acct_45'}",mock
0x7d5d25108e649c1e7002a487111113d549fb393aa7d86ed7dc8c7555949f6c20,93000,1,UpdatePublished,"{'model_id': 'model_mnist_784_noniid', 'round': 6, 'ticket_id': 345, 'cid': 'sha256:10d3ba342c5c21e1d084112df2478e34873422ab2c30c94be7b9d69e1bece5f6'}",mock
0xcaab30b60e1c5f19bb09dab26cd30128389fff6c8294bb1ef0ec492a5f1b6bfe,86000,1,TicketReserved,"{'model_id': 'model_mnist_784_noniid', 'round': 6, 'ticket_id': 346, 'owner': 'acct_46'}",mock
0x3ac7ea55a574f6f0bbb9f77013ce5891d1b0c11815b6ed4e7d214a5a9697c326,93000,1,UpdatePublished,"{'model_id': 'model_mnist_784_noniid', 'round': 6, 'ticket_id': 346, 'cid': 'sha256:b237824d9dc9afa3ac938cb95490d22cfa7e0bf7e69b5489b39b169f1f181491'}",mock
0x15848e7c71c38e8695744bf2fea5dc8c39531f3f3b136788734fc5ff352e0300,86000,1,TicketReserved,"{'model_id': 'model_mnist_784_noniid', 'round': 6, 'ticket_id': 347, 'owner': 'acct_47'}",mock
0x866773bbcac7e723388859ed492dc73dccd76db61fb0d9e5d49ffe9ac671c634,93000,1,UpdatePublished,"{'model_id': 'model_mnist_784_noniid', 'round': 6, 'ticket_id': 347, 'cid': 'sha256:f2129bfd87d4e320ef50dac05f45c1d05d763bc861fa06d1e9232bc5e6c93ab4'}",mock
0xbf30bfbaffca0023688aedf5d2e88462494bfee0d5a90ce773a22757517fc1bf,86000,1,TicketReserved,"{'model_id': 'model_mnist_784_noniid', 'round': 6, 'ticket_id': 348, 'owner': 'acct_48'}",mock
0x1bbd10e9f28f34589beff40b36ad8580804c121dd192fc6ac6769a43074eb924,93000,1,UpdatePublished,"{'model_id': 'model_mnist_784_noniid', 'round': 6, 'ticket_id': 348, 'cid': 'sha256:8c0f16e751bfe7d63b6dc9bdc813247949c67e4555ed27fbc371daadd7d593c8'}",mock
0x51040372615fd902a68918a86507da39a12af786fcae3c74545b20c50891630e,86000,1,TicketReserved,"{'model_id': 'model_mnist_784_noniid', 'round': 6, 'ticket_id': 349, 'owner': 'acct_49'}",mock
0x89289042fdc8bcc50bb42dbbd3a5d852f9900751d6ebc4f4af7a2afd7c70949f,93000,1,UpdatePublished,"{'model_id': 'model_mnist_784_noniid', 'round': 6, 'ticket_id': 349, 'cid': 'sha256:681a1e225403df50eaa3f38fa36e834ab5d6a64a5ea48863b12dbc65dd138dc2'}",mock
0x20c2262f8de027a13f12e9fb40422bde30bc917c081bd25cd2452e352cc811a3,86000,1,TicketReserved,"{'model_id': 'model_mnist_784_noniid', 'round': 6, 'ticket_id': 350, 'owner': 'acct_50'}",mock
0x5aee81cb874dcaaa7b58fa6febb5eb0972b450cb642498fea96a3a223b57606b,93000,1,UpdatePublished,"{'model_id': 'model_mnist_784_noniid', 'round': 6, 'ticket_id': 350, 'cid': 'sha256:bc9bc113d78275dc3350a27ae55e5b34a0d04c361630c6ec8de9fce7abda6c64'}",mock
0x83c4c040ea41cbe3c40147494572cf35e8040ddfe18d42be1cb2a6559b6f5335,945000,1,RoundFinalized,"{'model_id': 'model_mnist_784_noniid', 'round': 6, 'included': 41, 'refunds': 41}",mock
0x2df27144a72c75d29788e44062ed9a98fa10486dcbe0327d698b60f9f89dea4d,52000,1,RoundFunded,"{'model_id': 'model_mnist_784_noniid', 'amount_wei': 10000000000000000}",mock
0x792f6035bef743a078c8ce698671e7e3b76bd2fd87c0b48b045c7c249c78a7bc,86000,1,TicketReserved,"{'model_id': 'model_mnist_784_noniid', 'round': 7, 'ticket_id': 351, 'owner': 'acct_1'}",mock
0xa8b4544dd35a27c4cb711c2de9121eb90fe2e45210253ab510c053f35bba04ef,93000,1,UpdatePublished,"{'model_id': 'model_mnist_784_noniid', 'round': 7, 'ticket_id': 351, 'cid': 'sha256:0580b6b5519b051189d5f66f5e435a012e05d2d7bb28c18be6f8a592e2255d36'}",mock
0x02370a68aa1de893f70fd9ae3d00e94cdc82dd56f6880a4725d0a2cce398f4e7,86000,1,TicketReserved,"{'model_id': 'model_mnist_784_noniid', 'round': 7, 'ticket_id': 352, 'owner': 'acct_2'}",mock
0xecb259ca9f1ddd658a6030757d4e7478bf502a8542cc54ac00ae70d562d7f165,93000,1,UpdatePublished,"{'model_id': 'model_mnist_784_noniid', 'round': 7, 'ticket_id': 352, 'cid': 'sha256:c4c16e85b61f3a2e18ae417da93d6c8de0c6c06af1ca850f8a383fca869f3faa'}",mock
0xb11b19adbbc5935d669f7d2f6a1bf65f4c1684d9c692b92f38b851aa3d8a538e,86000,1,TicketReserved,"{'model_id': 'model_mnist_784_noniid', 'round': 7, 'ticket_id': 353, 'owner': 'acct_3'}",mock
0x4d1274ad82a0ce9cc417c93e95af8d82dd5bd20fd8a8909aac06c508e38972e0,93000,1,UpdatePublished,"{'model_id': 'model_mnist_784_noniid', 'round': 7, 'ticket_id': 353, 'cid': 'sha256:1df967129467b6812cdeb9dbec13d5947128dc20ccd28ed93ee79f5c98540b09'}",mock
0x00f336adc78aabf36298c52011ec34882eea841446195da0195942235cb043bb,86000,1,TicketReserved,"{'model_id': 'model_mnist_784_noniid', 'round': 7, 'ticket_id': 354, 'owner': 'acct_4'}",mock
0xae419bad2a0c48d3da6c4b551f96b75c0bfa0ed133a626aaaf203af99e1d020e,93000,1,UpdatePublished,"{'model_id': 'model_mnist_784_noniid', 'round': 7, 'ticket_id': 354, 'cid': 'sha256:336876b4badc423f2a44ae09be3ac6f3a6b0c94a79bf79ed98195317031f7fb8'}",mock
0x314d86874d332065d3fa238dffd0b81f9e250606b34ee78c084b65bb7ca8c123,86000,1,TicketReserved,"{'model_id': 'model_mnist_784_noniid', 'round': 7, 'ticket_id': 355, 'owner': 'acct_5'}",mock
0x27e2f99a8275cb95e205ea0dcf928545c56997d2ea54e611715cfe5771ed3383,93000,1,UpdatePublished,"{'model_id': 'model_mnist_784_noniid', 'round': 7, 'ticket_id': 355, 'cid': 'sha256:55b002aa5cb108dde51edc1646c10b8742b9de1cdaeedd87b35d331b83b991c6'}",mock
0x1007fb301b6f181d392bc03aa524e303bd1040b4a83ee67ad13cabe697210cf1,86000,1,TicketReserved,"{'model_id': 'model_mnist_784_noniid', 'round': 7, 'ticket_id': 356, 'owner': 'acct_6'}",mock
0x9f86c101f73f8de11e2e2a1fad7c9523fc9c8ba32306dbf14be6e0ae073be624,93000,1,UpdatePublished,"{'model_id': 'model_mnist_784_noniid', 'round': 7, 'ticket_id': 356, 'cid': 'sha256:78e0997e0864f3241a04b648c14098496df256dc563fd1654e896a075bc0dc19'}",mock
0x382a72281fad930b4a69116831fc90bbd722dbcb492e1c6c5db36a354d3b81a2,86000,1,TicketReserved,"{'model_id': 'model_mnist_784_noniid', 'round': 7, 'ticket_id': 357, 'owner': 'acct_7'}",mock
0xaf7f731bbaddcf81bca1cc64a8cfea2ac0bbee0092c24caab0560dfbf1abea77,93000,1,UpdatePublished,"{'model_id': 'model_mnist_784_noniid', 'round': 7, 'ticket_id': 357, 'cid': 'sha256:b24365a4d61f435c8c140b309226d6954263c2a994140d13ad2f297d9225d03e'}",mock
0x85127b46e7654f72e3b5373342d93f3291be11d171736f357744bbaee87e7ca7,86000,1,TicketReserved,"{'model_id': 'model_mnist_784_noniid', 'round': 7, 'ticket_id': 358, 'owner': 'acct_8'}",mock
0xd29093749a5e688a5cc465158581aa554cbc548354fd7266984ae483ff82606e,93000,1,UpdatePublished,"{'model_id': 'model_mnist_784_noniid', 'round': 7, 'ticket_id': 358, 'cid': 'sha256:f65bf118dc36d3abbc868b478f644212d9e59b9b868e623805bb6f5eca593e16'}",mock
0xca91c2df14802c12335f67010957f8d5f5ba2613e09af2e1cf837a1979545d59,86000,1,TicketReserved,"{'model_id': 'model_mnist_784_noniid', 'round': 7, 'ticket_id': 359, 'owner': 'acct_9'}",mock
0xad5d32cf45a523f48160a41a0dad0d601d916b1988b18f658279390f90604145,93000,1,UpdatePublished,"{'model_id': 'model_mnist_784_noniid', 'round': 7, 'ticket_id': 359, 'cid': 'sha256:14a8836c2c36647e3abbceff0d5d297edf9a6816681274e07a8bae7bee7e9cba'}",mock
0x93e8d0adb2a565815e189c267b3ea706ef285048fac633b8e1f7714e494323c9,86000,1,TicketReserved,"{'model_id': 'model_mnist_784_noniid', 'round': 7, 'ticket_id': 360, 'owner': 'acct_10'}",mock
0x0fb6629536a4dd817b9236a6b08ec078eaab7389db7330af1bb0dad2947d7539,93000,1,UpdatePublished,"{'model_id': 'model_mnist_784_noniid', 'round': 7, 'ticket_id': 360, 'cid': 'sha256:6ef82afdc2858965ee603b08b62b237159ddd1c7b53ac66311ebd74f80823edf'}",mock
0xa8a59bd5a4b454d43898cb315689b72deb547a2beb90afe4a736af33712bbd39,86000,1,TicketReserved,"{'model_id': 'model_mnist_784_noniid', 'round': 7, 'ticket_id': 361, 'owner': 'acct_11'}",mock
0x6cb818c001f0b3a7774aec869521a0aad2522d30a06f49ec56e31ed0cdc9567e,93000,1,UpdatePublished,"{'model_id': 'model_mnist_784_noniid', 'round': 7, 'ticket_id': 361, 'cid': 'sha256:6c086d1629a75605a42a82ef89616cc9467669407f54450797d89defbc0ad60a'}",mock
0x0441de4e0821e1fb0dceee38c9a1b210aaa4f2bbb432d3e9ef74fff43af9c393,86000,1,TicketReserved,"{'model_id': 'model_mnist_784_noniid', 'round': 7, 'ticket_id': 362, 'owner': 'acct_12'}",mock
0x5b3f30d09d81507b900ac80704c3e5a1bcfa9a5db31b3d292c3da226af6acc96,93000,1,UpdatePublished,"{'model_id': 'model_mnist_784_noniid', 'round': 7, 'ticket_id': 362, 'cid': 'sha256:7fc07a72053b2b7b869359327512afe98c7dd6fede230ac446fb18d25c54e148'}",mock
0x4c3fbd563ce61493be4e8913c8aef5af2555d6aeaa49d995d2ca6716a7669d69,86000,1,TicketReserved,"{'model_id': 'model_mnist_784_noniid', 'round': 7, 'ticket_id': 363, 'owner': 'acct_13'}",mock
0xd44ee6db4b83cb20cf33bf37664afc459403c318407a355e65c42daaa7c4f051,93000,1,UpdatePublished,"{'model_id': 'model_mnist_784_noniid', 'round': 7, 'ticket_id': 363, 'cid': 'sha256:8e12551644860a14beb64326ef48ce7b2ab8a4c2f7c397dccbd211d96ea55209'}",mock
0x3f323cebd2878a5dee8152c65a868c752b03ace1115aa2522eb13700ddb2ad04,86000,1,TicketReserved,"{'model_id': 'model_mnist_784_noniid', 'round': 7, 'ticket_id': 364, 'owner': 'acct_14'}",mock
0xe2f127841a6a7311ffec7ac0edbc878a1e5d1689d9ef60dc6a9354f8a922ff7c,93000,1,UpdatePublished,"{'model_id': 'model_mnist_784_noniid', 'round': 7, 'ticket_id': 364, 'cid': 'sha256:8c8ae9fa2adc193d11825034de7c431610146d8740233f420044aa3f4fe14d5d'}",mock
0x4d669972ef3c2be20de8ca9c93c5496a86db1618871ebb19a4a431e327cbc278,86000,1,TicketReserved,"{'model_id': 'model_mnist_784_noniid', 'round': 7, 'ticket_id': 365, 'owner': 'acct_15'}",mock
0x8f425c22cfb2bc31e50b0a3eb7caf201645c029e382764e971ac7bcf2ff76096,93000,1,UpdatePublished,"{'model_id': 'model_mnist_784_noniid', 'round': 7, 'ticket_id': 365, 'cid': 'sha256:58731708c7494f5af56b9533c1ec4a114a06c017f8bd402c80b529c358019b91'}",mock
0x9e952c665d22998dc6317ae4101c6da26837a330b80fe95bf35970ffdd664832,86000,1,TicketReserved,"{'model_id': 'model_mnist_784_noniid', 'round': 7, 'ticket_id': 366, 'owner': 'acct_16'}",mock
0x95021008eae99093b3292d25372aa9a38f1e770d9bac0b8ccd07afa1055fb9a3,93000,1,UpdatePublished,"{'model_id': 'model_mnist_784_noniid', 'round': 7, 'ticket_id': 366, 'cid': 'sha256:03570e3bbf3f00a5e72cade291a6495c86ea6ff7d2fb008b775aa901ccd89ecc'}",mock
0x48684180e48698d81796928e979ed601fd6614d5cb346c44451e347a821bddf5,86000,1,TicketReserved,"{'model_id': 'model_mnist_784_noniid', 'round': 7, 'ticket_id': 367, 'owner': 'acct_17'}",mock
0xd3128a908c8ef0ade8de3e032e94f2fbca90ef0dc6895e27b1d978e9fd644782,93000,1,UpdatePublished,"{'model_id': 'model_mnist_784_noniid', 'round': 7, 'ticket_id': 367, 'cid': 'sha256:9a816b8784976caabe31e74b933d1050d1fe6be01bb1ca5920bd5e8d926413cc'}",mock
0xb0070ff3348bc82a698b82fb755aff4a92ed5aa62e45c6dc2b0fb767176a6e0d,86000,1,TicketReserved,"{'model_id': 'model_mnist_784_noniid', 'round': 7, 'ticket_id': 368, 'owner': 'acct_18'}",mock
0x5af57ce41381eeffff9c3c359256d133d175b6fe0c0c66a257ea09c04ef8f795,93000,1,UpdatePublished,"{'model_id': 'model_mnist_784_noniid', 'round': 7, 'ticket_id': 368, 'cid': 'sha256:963963354151c80fc5eb3ac1a8dcf1d24c5481b81e2a93f4f75d300848e5d178'}",mock
0x7ad855d747d79c40ddffd401a7f1b76476fee9147a4f24b7d99d1f90305ebae9,86000,1,TicketReserved,"{'model_id': 'model_mnist_784_noniid', 'round': 7, 'ticket_id': 369, 'owner': 'acct_19'}",mock
0xcb5296f00a56e0ec3317f6af2d89b721c57e143c1f3a52c12b91bc2558f7ba00,93000,1,UpdatePublished,"{'model_id': 'model_mnist_784_noniid', 'round': 7, 'ticket_id': 369, 'cid': 'sha256:0cdd3024c9ceffff7130718594519d5ebec9a6aee6154820b009c3eeb8db3c6a'}",mock
0x9fe35e61eada148e52e9d32ab40f0095971f9b59248026cdebb787d573e2fb02,86000,1,TicketReserved,"{'model_id': 'model_mnist_784_noniid', 'round': 7, 'ticket_id': 370, 'owner': 'acct_20'}",mock
0x483d4ee001e96f9bdce57a263e63301fdb8a936cb58aea4164c5e2e3005b362e,93000,1,UpdatePublished,"{'model_id': 'model_mnist_784_noniid', 'round': 7, 'ticket_id': 370, 'cid': 'sha256:2dce84211ad22d364112efe9bc59a8422c0290fc6644dc32df1a5182437bca43'}",mock
0x58f3dfeec37713f8735446d393b7b39469000abe8a4805ab4deb233044c53daf,86000,1,TicketReserved,"{'model_id': 'model_mnist_784_noniid', 'round': 7, 'ticket_id': 371, 'owner': 'acct_21'}",mock
0x9556ccf829a4b9f5826afcc5496a672743c23fc89320785ef191c35b3d58d688,93000,1,UpdatePublished,"{'model_id': 'model_mnist_784_noniid', 'round': 7, 'ticket_id': 371, 'cid': 'sha256:40e928799a46479562c5cbdd3c567ecce3b89ec5df838827b15f3d70cb21ec33'}",mock
0x555363aa53bb09565ce8aa309525a01759b42b3195bd3466805b78eecd64bed4,86000,1,TicketReserved,"{'model_id': 'model_mnist_784_noniid', 'round': 7, 'ticket_id': 372, 'owner': 'acct_22'}",mock
0x05a00ae201dca236312cc1c034e8cd732d7c2b6623bc6f90b278ee3861c0f821,93000,1,UpdatePublished,"{'model_id': 'model_mnist_784_noniid', 'round': 7, 'ticket_id': 372, 'cid': 'sha256:4c33baa499aa6aaa1da13a4e12a8fdcaa3d2346fcbfcc44f93298767aa9a830e'}",mock
0xffd49fe7d133a6d4bb4793721d59431a773725956bd6cb95fc8ffbd3c16a7b25,86000,1,TicketReserved,"{'model_id': 'model_mnist_784_noniid', 'round': 7, 'ticket_id': 373, 'owner': 'acct_23'}",mock
0xd9d553feb1bce4e31b8907dada8ebd41d2923956fc8ccd9b0617d85e3a2aed5a,93000,1,UpdatePublished,"{'model_id': 'model_mnist_784_noniid', 'round': 7, 'ticket_id': 373, 'cid': 'sha256:4e5a9b70aa0a2f44cad6736c0e660eb0e2857f60154c098a72ba0b0efe03e6a7'}",mock
0xc560561a3eb5cf07c30379babf49d69ee2d117dee730e079c2fae51cff100449,86000,1,TicketReserved,"{'model_id': 'model_mnist_784_noniid', 'round': 7, 'ticket_id': 374, 'owner': 'acct_24'}",mock
0x57582815e95e344d776e29eee5a32441fe34531c5f0084dad9c24f9788e82e01,93000,1,UpdatePublished,"{'model_id': 'model_mnist_784_noniid', 'round': 7, 'ticket_id': 374, 'cid': 'sha256:74086709be46b3bed0c0507fa1cb87910c3776a2646e7efcd1c05dcd45a87d39'}",mock
0x2d3c2bbc821c666c42e56b24a6e2ce12f90007c9faf8ba329af816f545aaa18a,86000,1,TicketReserved,"{'model_id': 'model_mnist_784_noniid', 'round': 7, 'ticket_id': 375, 'owner': 'acct_25'}",mock
0x460249f0fc4007ae133b79e5243e5e7840d2d10166312c5c604e0216428c8e71,93000,1,UpdatePublished,"{'model_id': 'model_mnist_784_noniid', 'round': 7, 'ticket_id': 375, 'cid': 'sha256:1d734ec7f3be8aaa3e11318380d3ad92d6f5446ade795c077b8fcf615a437863'}",mock
0x52e8d4263e476a4a592c3339a57d359964511abf92d8668d8a9627bc9536fc9e,86000,1,TicketReserved,"{'model_id': 'model_mnist_784_noniid', 'round': 7, 'ticket_id': 376, 'owner': 'acct_26'}",mock
0x5f29eaa4783f63f52ba8aa44854c11202037a984b81fea4b869eb5c0c7a315ad,93000,1,UpdatePublished,"{'model_id': 'model_mnist_784_noniid', 'round': 7, 'ticket_id': 376, 'cid': 'sha256:d4414cf593d9e3a003ee99bf21df4bb5f0a0678223045a5f67783d2b43a03ec6'}",mock
0xa22cf4c2545ef3b93878b197ced67002ce2d43029a7551789e1a6dbd24b6cebe,86000,1,TicketReserved,"{'model_id': 'model_mnist_784_noniid', 'round': 7, 'ticket_id': 377, 'owner': 'acct_27'}",mock
0xf18aea6a9e9fc82bac41a7fbba9063a6b06796d8d112a229877f4af7d5f3eaeb,93000,1,UpdatePublished,"{'model_id': 'model_mnist_784_noniid', 'round': 7, 'ticket_id': 377, 'cid': 'sha256:fd515b0a3f89baf6da4b98b6e9d85cb0459abcce2e675cd145ebba21708162d1'}",mock
0x3e5205aefe5278db1b60422462f8fd4b8e760296ca349d1417b44f63bc1e41c8,86000,1,TicketReserved,"{'model_id': 'model_mnist_784_noniid', 'round': 7, 'ticket_id': 378, 'owner': 'acct_28'}",mock
0x2b72c4cd25de2c3b885a6b4a8adb7e0ebc798f842692c277d7cb2634c245e3d6,93000,1,UpdatePublished,"{'model_id': 'model_mnist_784_noniid', 'round': 7, 'ticket_id': 378, 'cid': 'sha256:39960c5dd828090ad6ebd27e7fc7a06225542c888fa9e2f64536f2a4d48ef15b'}",mock
0x67a80dec2d1ff74cfb739a7965a26b8899e768946a2f4ba415ea459a6e0d2e6f,86000,1,TicketReserved,"{'model_id': 'model_mnist_784_noniid', 'round': 7, 'ticket_id': 379, 'owner': 'acct_29'}",mock
0x8883698418d715fd393794780f3c729956a75d6a24d9ba123b149057bdad4de6,93000,1,UpdatePublished,"{'model_id': 'model_mnist_784_noniid', 'round': 7, 'ticket_id': 379, 'cid': 'sha256:3a7683b037ddd8bc2f5e7309bbd273f956a09a2823a49fb5f1383b10784b410d'}",mock
0xdda25a46969d66c72da3d23de5eb3e758b8a77b2fe0be25efdd2bdb3d5b1a75a,86000,1,TicketReserved,"{'model_id': 'model_mnist_784_noniid', 'round': 7, 'ticket_id': 380, 'owner': 'acct_30'}",mock
0xa73a7cb60cf85cc57d234cff8de0b4cd001c8876e022e4ce064f0ed8c0b0949f,93000,1,UpdatePublished,"{'model_id': 'model_mnist_784_noniid', 'round': 7, 'ticket_id': 380, 'cid': 'sha256:a9121249b4a960f61337266c9fb22a36df1df4aa25d10b9aa13bd9195b18d022'}",mock
0xde17fe1c1ab70604d2aaf7f933cab91cb8cc739b5b69887e2a3f296d9efde2f9,86000,1,TicketReserved,"{'model_id': 'model_mnist_784_noniid', 'round': 7, 'ticket_id': 381, 'owner': 'acct_31'}",mock
0x95b4a3d91dee2b2f2c3c362ae294db5367360beef51a6fb3c88bbf18f69c70f9,93000,1,UpdatePublished,"{'model_id': 'model_mnist_784_noniid', 'round': 7, 'ticket_id': 381, 'cid': 'sha256:00d2f401d636321de7a18e6acb3715bc71e68d58915725c2ae78813fad4baf7f'}",mock
0xc0c68775d83e63d969397616f9cfb7fa5b86e17b5432835ede3b70cbb94eb466,86000,1,TicketReserved,"{'model_id': 'model_mnist_784_noniid', 'round': 7, 'ticket_id': 382, 'owner': 'acct_32'}",mock
0x8b5ea0fdc0f21234000a09c3140dead25194138c864d54eb23977b1ce9cfa15e,93000,1,UpdatePublished,"{'model_id': 'model_mnist_784_noniid', 'round': 7, 'ticket_id': 382, 'cid': 'sha256:76710e0dd71ba7df583a7e26e2a70577803f99b3fdd57b1cebbe2066dd97f114'}",mock
0x6e57cccb44b79bbe8abf9ef8a7fdf4e86f20d4a57142f694ff76988e679c93a5,86000,1,TicketReserved,"{'model_id': 'model_mnist_784_noniid', 'round': 7, 'ticket_id': 383, 'owner': 'acct_33'}",mock
0xacf72fc402c04d32b82518e5a4c4446f2bd850a054c0f1b7f943bdbab52a2446,93000,1,UpdatePublished,"{'model_id': 'model_mnist_784_noniid', 'round': 7, 'ticket_id': 383, 'cid': 'sha256:f0ca4981842728f1b2363dfe020bc67382afe1f99ca6b06d26cb76bbcd8b4021'}",mock
0x0cb46067b36afc580b69c496ecb51b3c76616f663658674223417b55a736cf0f,86000,1,TicketReserved,"{'model_id': 'model_mnist_784_noniid', 'round': 7, 'ticket_id': 384, 'owner': 'acct_34'}",mock
0xbfe67616f338a3ee2199196d94ab19d729597514db11def73555456ebc9d9254,93000,1,UpdatePublished,"{'model_id': 'model_mnist_784_noniid', 'round': 7, 'ticket_id': 384, 'cid': 'sha256:da58af3e2e82d645e5aff58d4e7a6f0187facbcc5f27797f66802060fa44b9c7'}",mock
0x3279bbf897d83892cb510c20223d8b9736145e0edd085d03817387609501cd70,86000,1,TicketReserved,"{'model_id': 'model_mnist_784_noniid', 'round': 7, 'ticket_id': 385, 'owner': 'acct_35'}",mock
0x9ea057a44869407a059e5a093ed08a62c6fe0897f7ef0ed48b2a8276c9ec6901,93000,1,UpdatePublished,"{'model_id': 'model_mnist_784_noniid', 'round': 7, 'ticket_id': 385, 'cid': 'sha256:1fe6c1585b908bff43b7f262a370475f4826679adf3117619958c33b49ee97d4'}",mock
0x4382452dab80d48009461d1708237397fdd43d5c433d394b2f67a20a3865850b,86000,1,TicketReserved,"{'model_id': 'model_mnist_784_noniid', 'round': 7, 'ticket_id': 386, 'owner': 'acct_36'}",mock
0xdcdb61a4b012c4e85b76d4aee4ac3013603e67b20a5eff26253331453ac63bec,93000,1,UpdatePublished,"{'model_id': 'model_mnist_784_noniid', 'round': 7, 'ticket_id': 386, 'cid': 'sha256:53ad5b074773e7ee1ab4a77451c5e01cc3a5c5326877636a1af21210d6587494'}",mock
0x070307bb644d1ff20755ee098541bdc3ae8eb0bca62e8f93c0075ffe0b4c6438,86000,1,TicketReserved,"{'model_id': 'model_mnist_784_noniid', 'round': 7, 'ticket_id': 387, 'owner': 'acct_37'}",mock
0x75c4b518e545b35b66dbfb273a2fb308f9ec21864b94b6675618bfa8f55be36e,93000,1,UpdatePublished,"{'model_id': 'model_mnist_784_noniid', 'round': 7, 'ticket_id': 387, 'cid': 'sha256:ddb3e6b9a52e8bd60d716a63e32f6aaebcaa36ede3c103a7f4e099181bc0f37b'}",mock
0xa1a4763b7225cb8d2df242546c8b0675786accf6c93e92e93ee9741b7e2148af,86000,1,TicketReserved,"{'model_id': 'model_mnist_784_noniid', 'round': 7, 'ticket_id': 388, 'owner': 'acct_38'}",mock
0x3c0298a861f409da2afca6deb71516f049683985eab0cef6fc8843717f095968,93000,1,UpdatePublished,"{'model_id': 'model_mnist_784_noniid', 'round': 7, 'ticket_id': 388, 'cid': 'sha256:096a1772d6b0dc72c27dec3e35fb34e0eb94ee1169985000114fd382390091bf'}",mock
0xfc106f99f2a497633b5f81ba7ad622d77295eaec00cc0116a582b1b498ff14a5,86000,1,TicketReserved,"{'model_id': 'model_mnist_784_noniid', 'round': 7, 'ticket_id': 389, 'owner': 'acct_39'}",mock
0x14b1034dfa592c4896e5292d6b9783dfc24728a46dc1b50133ee35ea478720a9,93000,1,UpdatePublished,"{'model_id': 'model_mnist_784_noniid', 'round': 7, 'ticket_id': 389, 'cid': 'sha256:636abcbe8c7e0dacbba5913868d449d6b5aebcf473cba78f97d91dba09a8fc46'}",mock
0x813910a83957a6920216c7246b5d5ff8ff3cd556172a1d0d4a6e195904c93097,86000,1,TicketReserved,"{'model_id': 'model_mnist_784_noniid', 'round': 7, 'ticket_id': 390, 'owner': 'acct_40'}",mock
0x286d711e5ce5fdb75945f219257d74ae130be59675fbc297a637390170cf4e7b,93000,1,UpdatePublished,"{'model_id': 'model_mnist_784_noniid', 'round': 7, 'ticket_id': 390, 'cid': 'sha256:1ece91eca239477f3306669a35741bdd953c59c40c883a47f97239efc38a4093'}",mock
0xdffd41eca3d1640bfafd48fd83026fd124a2a0742844ffa7bd08a7bd9e3e394f,86000,1,TicketReserved,"{'model_id': 'model_mnist_784_noniid', 'round': 7, 'ticket_id': 391, 'owner': 'acct_41'}",mock
0x3752e2db5b656cb643513bcb3382a85c0daea44869f7f78d16180f2df9a3c572,93000,1,UpdatePublished,"{'model_id': 'model_mnist_784_noniid', 'round': 7, 'ticket_id': 391, 'cid': 'sha256:be89f14a8e4ba93f1270cf271a249be79b7481b34483c25142c97349d55241c5'}",mock
0x1813bc80016e4bd214a81fc61b03a557e97fc801f223eb557bdb8f1240ca2f09,86000,1,TicketReserved,"{'model_id': 'model_mnist_784_noniid', 'round': 7, 'ticket_id': 392, 'owner': 'acct_42'}",mock
0x6058b9a5a81f7d570d97523ffd2cc710a731be882e8f23969c12a960cd247494,93000,1,UpdatePublished,"{'model_id': 'model_mnist_784_noniid', 'round': 7, 'ticket_id': 392, 'cid': 'sha256:4cc4300efe52676fcfcd313ec6ec0a3843f105b67c10a55946e4032612cfc257'}",mock
0xf669f8fb963ef1d0b12878f5280711460c68e4190bd55e33c2e6b7736666e586,86000,1,TicketReserved,"{'model_id': 'model_mnist_784_noniid', 'round': 7, 'ticket_id': 393, 'owner': 'acct_43'}",mock
0x2f1143790bfe27d4578e4851e060fc183db4c7d0fb97fe262c21f13de43764da,93000,1,UpdatePublished,"{'model_id': 'model_mnist_784_noniid', 'round': 7, 'ticket_id': 393, 'cid': 'sha256:b893ee11126f5e935c9947a684a86c586a837955c2c596838d46dd1634fbb82e'}",mock
0x5ea712a8bbdcc56a2c1dad62383367a8297897855b2f4b83400af21037e69341,86000,1,TicketReserved,"{'model_id': 'model_mnist_784_noniid', 'round': 7, 'ticket_id': 394, 'owner': 'acct_44'}",mock
0xa965ed62f371242a57b793285152ee240d12f5a166b798706c73be7e22b45669,93000,1,UpdatePublished,"{'model_id': 'model_mnist_784_noniid', 'round': 7, 'ticket_id': 394, 'cid': 'sha256:b6f0aae8e533ac634ed2a7ec301fe57420cbdb69d7765be3d0d9dd15270d2dea'}",mock
0xc6e262874b480e6c5161b7605b9b8269db8ae9e4a9dbba008237cdee58342734,86000,1,TicketReserved,"{'model_id': 'model_mnist_784_noniid', 'round': 7, 'ticket_id': 395, 'owner': 'acct_45'}",mock
0x6dd38da3d9459e42adb9fc3e58974ed141d35453e76b41220817ac58c004c167,93000,1,UpdatePublished,"{'model_id': 'model_mnist_784_noniid', 'round': 7, 'ticket_id': 395, 'cid': 'sha256:817270cfeb5c3734e4acdc29e4cee84265b9b8b2cb85e57233246f5703ed1ce4'}",mock
0xbae631e0a8ec3bf761bc16c07d0a409cc7c33dd2f27ec5fadc72fd9a5cbd77cc,86000,1,TicketReserved,"{'model_id': 'model_mnist_784_noniid', 'round': 7, 'ticket_id': 396, 'owner': 'acct_46'}",mock
0xea4e89f8c4d696ba74c23bb3b4bedb97fe11fe472f1309bddf382faa08171b98,93000,1,UpdatePublished,"{'model_id': 'model_mnist_784_noniid', 'round': 7, 'ticket_id': 396, 'cid': 'sha256:dc6d370938f43c48193d4eab9e1ab999dd4d84b7b2190b5fa95e4aeb039f9ae5'}",mock
0x9d7ada6ef16410fff607b0252aa2d76e0edf9e301c9a099fc8e9daa544b1e048,86000,1,TicketReserved,"{'model_id': 'model_mnist_784_noniid', 'round': 7, 'ticket_id': 397, 'owner': 'acct_47'}",mock
0xda0817709d6b934bef0861ce2e538d7083db4348d92e3e0a8cb91c167ca31517,93000,1,UpdatePublished,"{'model_id': 'model_mnist_784_noniid', 'round': 7, 'ticket_id': 397, 'cid': 'sha256:4555632a42b95b63849f38b05b798437762b2c741b7504bcbc5cb7c31a6c22c3'}",mock
0xb1615513a53c4dd32325f952b891708d0692a2a8f2c89ba53f1172abf09be1b8,86000,1,TicketReserved,"{'model_id': 'model_mnist_784_noniid', 'round': 7, 'ticket_id': 398, 'owner': 'acct_48'}",mock
0x22988477699c51efa5c9c597926c1cec1e80f91253fe985a7c71b634c03a6c3d,93000,1,UpdatePublished,"{'model_id': 'model_mnist_784_noniid', 'round': 7, 'ticket_id': 398, 'cid': 'sha256:ef9aae583197c8ba8c0cf54ca13232d7aa21e8f9cda2c1e371633014db5882f6'}",mock
0xe807330be95b1e4132ab5f99f9c26f0142cdcc5cea106f86fc5ae848624375d5,86000,1,TicketReserved,"{'model_id': 'model_mnist_784_noniid', 'round': 7, 'ticket_id': 399, 'owner': 'acct_49'}",mock
0x63c590de70d7391e72324255c5a70a0521b0e595dc941a9a7dc3d8c7ea2e4c96,93000,1,UpdatePublished,"{'model_id': 'model_mnist_784_noniid', 'round': 7, 'ticket_id': 399, 'cid': 'sha256:30d7c611748afb7da540f56c42aaf36435a93d3fe3bf998b3ff6f00fe7c3a63c'}",mock
0x8685fdb24a42e704aca24489a6208dad018ae67b24e49cf2ff4b35830ee16357,86000,1,TicketReserved,"{'model_id': 'model_mnist_784_noniid', 'round': 7, 'ticket_id': 400, 'owner': 'acct_50'}",mock
0x20ca8946ef84b6ae0cc6aac7e9b291a09abdc6812afe40c591382f9a232a70fb,93000,1,UpdatePublished,"{'model_id': 'model_mnist_784_noniid', 'round': 7, 'ticket_id': 400, 'cid': 'sha256:0c25bb48fd368ad0e1e37351eac990b1c060660994c79cd5966ed8d1aa0b234c'}",mock
0x2d2e44539b172ff33dd8bd32cd666ad853fa97ed532a3f870a8f83bc6a5d80a0,1005000,1,RoundFinalized,"{'model_id': 'model_mnist_784_noniid', 'round': 7, 'included': 44, 'refunds': 44}",mock
0x17d2910d2a30c4f6a00015c757de976881c973059547f134ab74d762b0d5c841,52000,1,RoundFunded,"{'model_id': 'model_mnist_784_noniid', 'amount_wei': 10000000000000000}",mock
0xa03a066942be26d692cdba7d5c08c707472baf2022c67f6f6f4d4943ad780049,86000,1,TicketReserved,"{'model_id': 'model_mnist_784_noniid', 'round': 8, 'ticket_id': 401, 'owner': 'acct_1'}",mock
0x4af47734d1f08898a3bba9afc53859464ec50a26c4064ec86bdb85bb90152a2a,93000,1,UpdatePublished,"{'model_id': 'model_mnist_784_noniid', 'round': 8, 'ticket_id': 401, 'cid': 'sha256:09dab4b28a99c307dba8a07d8c11785d468d8d5075f3e2dc97cc1106f463aede'}",mock
0x04945ef3422ae6619da4863a2e37e6c0e411c8b91514e453d21378579573000d,86000,1,TicketReserved,"{'model_id': 'model_mnist_784_noniid', 'round': 8, 'ticket_id': 402, 'owner': 'acct_2'}",mock
0x299fac19881a04a95a49973dcee5a71fe27a07a08e37fcba296ef3d32195e008,93000,1,UpdatePublished,"{'model_id': 'model_mnist_784_noniid', 'round': 8, 'ticket_id': 402, 'cid': 'sha256:0324cb8f105d7269dcb2634c625eb97ceb06e9d36e8432c5e95dcc8c546f0182'}",mock
0x9ed1ce9b5e72bbe9e70d5ed5486cf18519d777a421737ab78f1ba60eac52294f,86000,1,TicketReserved,"{'model_id': 'model_mnist_784_noniid', 'round': 8, 'ticket_id': 403, 'owner': 'acct_3'}",mock
0xcc09125c8ce54eb0700843da63a71a1f31ee1fac9eaf2ed0df8e9832cd8e4428,93000,1,UpdatePublished,"{'model_id': 'model_mnist_784_noniid', 'round': 8, 'ticket_id': 403, 'cid': 'sha256:6b10690a4eb95baba2bb8bd27739584190623aea64b578443d90d83202a0e5c5'}",mock
0x6ba20cf5889e2000c2aa9fe62481aee4bd1231ea57c712e6b70a8d516b166087,86000,1,TicketReserved,"{'model_id': 'model_mnist_784_noniid', 'round': 8, 'ticket_id': 404, 'owner': 'acct_4'}",mock
0x03450ad86be588dc7693523c6de33d5838ce92b3ede0dd04cfad0ab6d949965e,93000,1,UpdatePublished,"{'model_id': 'model_mnist_784_noniid', 'round': 8, 'ticket_id': 404, 'cid': 'sha256:19354c7bcaa2e0625a31fa783bd5df2c92eb8322480ef161edae2ec7d4a0630a'}",mock
0x6eed98ffe9abce2899d55a119d633103a0681978579a9b545bfbe7d976f1c719,86000,1,TicketReserved,"{'model_id': 'model_mnist_784_noniid', 'round': 8, 'ticket_id': 405, 'owner': 'acct_5'}",mock
0xd237810aa981a371e8f70c9178ddb597a3eee861fcd511990284716b4c8962fe,93000,1,UpdatePublished,"{'model_id': 'model_mnist_784_noniid', 'round': 8, 'ticket_id': 405, 'cid': 'sha256:f0d8ecaedb7293d8c8142089ba9ed88f4a3d994345366f63ceb80218ab980cb9'}",mock
0x9f84a9d1644d3b4cce978f39bfee4f6de04cb394769d19aa35626fbe1396e1e3,86000,1,TicketReserved,"{'model_id': 'model_mnist_784_noniid', 'round': 8, 'ticket_id': 406, 'owner': 'acct_6'}",mock
0x329973b023ae597ca03c72319f7206de8046c9b74e9222b6beae9520bc723ccf,93000,1,UpdatePublished,"{'model_id': 'model_mnist_784_noniid', 'round': 8, 'ticket_id': 406, 'cid': 'sha256:a63c720e0d214119d11e12c1e5cbcf360bcbfbf1122b5b31830e76d6d8f0d914'}",mock
0x642033b403f7754ff6a970aa8717a05e5d56706905234507bea8f7461f3dcaad,86000,1,TicketReserved,"{'model_id': 'model_mnist_784_noniid', 'round': 8, 'ticket_id': 407, 'owner': 'acct_7'}",mock
0xa346ad1150738d0e040e0a20409e111fed9a87d3aee70b94568df24d55958490,93000,1,UpdatePublished,"{'model_id': 'model_mnist_784_noniid', 'round': 8, 'ticket_id': 407, 'cid': 'sha256:abedf6cf4e8d7d6bae6d82f2e2bdcb074d8842ceff274fb2456ef8923a229384'}",mock
0x9648941e0463cf98023e15032293e97d3f0b8aab8d377dca374bdb6f893d8034,86000,1,TicketReserved,"{'model_id': 'model_mnist_784_noniid', 'round': 8, 'ticket_id': 408, 'owner': 'acct_8'}",mock
0x5db870ec3fe128e333878b5bb38d28e1752bb7bf225cd1e304f7085117a48503,93000,1,UpdatePublished,"{'model_id': 'model_mnist_784_noniid', 'round': 8, 'ticket_id': 408, 'cid': 'sha256:5be38df8b9d5976135a45fab354f90c04a0725da5d5e45ef8befb4d8f252c5fc'}",mock
0x132b36de278b4e2c678167d4d423e71fa669cdedf3bf92baa7b45d90528508c2,86000,1,TicketReserved,"{'model_id': 'model_mnist_784_noniid', 'round': 8, 'ticket_id': 409, 'owner': 'acct_9'}",mock
0x7a6ae0dbade0c7aa992d6848cfeb1abedca7f39f623654c2c08eb5dd2f8d2cf7,93000,1,UpdatePublished,"{'model_id': 'model_mnist_784_noniid', 'round': 8, 'ticket_id': 409, 'cid': 'sha256:aed0edcd27d357f8f056a1fd13d793a0b798d57f7667fb90ed4758eed7c9f22f'}",mock
0xa3be4850a70afd6284430066b1e9594d42ac2614161a6c51d852f681d48340fd,86000,1,TicketReserved,"{'model_id': 'model_mnist_784_noniid', 'round': 8, 'ticket_id': 410, 'owner': 'acct_10'}",mock
0xbd3ca4175f14d73e502a571392660ed042da3444219b0d6492853dd16b1a7eac,93000,1,UpdatePublished,"{'model_id': 'model_mnist_784_noniid', 'round': 8, 'ticket_id': 410, 'cid': 'sha256:6892807c0aaa1371ba48a0b62653ba5277ddf6f38f9c107d685a15f7144e525c'}",mock
0xaa58e3d2804f9b2915cc5d81c839f1276c48f46570beba2c9be549a99bcc8829,86000,1,TicketReserved,"{'model_id': 'model_mnist_784_noniid', 'round': 8, 'ticket_id': 411, 'owner': 'acct_11'}",mock
0x85c9f32cc7d20b5a80b818887298ee7e593a92ea3d932ff0c1863ea248f6da90,93000,1,UpdatePublished,"{'model_id': 'model_mnist_784_noniid', 'round': 8, 'ticket_id': 411, 'cid': 'sha256:ba27ac6bfa0cdc0a02da0f051b90a5232dbb64b0ebc2274c52f31bd514d1b1a8'}",mock
0xc5f49aeeb0650dd984e258e782dc65a8ad1d349203408ee6112e45b9bcd3e8b5,86000,1,TicketReserved,"{'model_id': 'model_mnist_784_noniid', 'round': 8, 'ticket_id': 412, 'owner': 'acct_12'}",mock
0x7189a0a0cc36efad3ca21316a7c9baa7dd38f5f31bd871a95e381a0a8a97dfb2,93000,1,UpdatePublished,"{'model_id': 'model_mnist_784_noniid', 'round': 8, 'ticket_id': 412, 'cid': 'sha256:6c06548d520c4ff59acaf4abcc37c6c97e07c1cfc6db23f45d5bfb1f91097c15'}",mock
0xc2867100ecaaaff1cba0e99d9f7b0fb0aaa6b0e49b923dbd4241c9d6fa39d882,86000,1,TicketReserved,"{'model_id': 'model_mnist_784_noniid', 'round': 8, 'ticket_id': 413, 'owner': 'acct_13'}",mock
0xc79a6744229cdeb6fa2151e7d2518b1b00ab0628e310c27be7564c8389a32d96,93000,1,UpdatePublished,"{'model_id': 'model_mnist_784_noniid', 'round': 8, 'ticket_id': 413, 'cid': 'sha256:c0821fceb702b76a36a9de09760b3b4ed26bd6794b262b7abba31cb7070aacf5'}",mock
0xf86e02353f6f53825e955cf939e319b082eb41a8c9e556dd30519f2b3e055bfb,86000,1,TicketReserved,"{'model_id': 'model_mnist_784_noniid', 'round': 8, 'ticket_id': 414, 'owner': 'acct_14'}",mock
0xb1013101d59df1000f9ede91270123425947fcb9deff6cc1af851003a5d50428,93000,1,UpdatePublished,"{'model_id': 'model_mnist_784_noniid', 'round': 8, 'ticket_id': 414, 'cid': 'sha256:40af322e42845fcecc89f46e5d3e1ac0771fe325a649eab1ce49b5ba6b5d4f7c'}",mock
0x2422492c4261bf36490bef34cbcc459de6173e640db2272dce6e87a8464c8d5f,86000,1,TicketReserved,"{'model_id': 'model_mnist_784_noniid', 'round': 8, 'ticket_id': 415, 'owner': 'acct_15'}",mock
0xb2094dd25ad57f7041ef1b77e260c4ca5254b6356ec91b5370b53c8c8c5f4a4f,93000,1,UpdatePublished,"{'model_id': 'model_mnist_784_noniid', 'round': 8, 'ticket_id': 415, 'cid': 'sha256:6ef496288905be48a542caaa5b204c5fefe10464f6228ba6ebe33d47143e2f04'}",mock
0xef423857022d9d7237a1d530ac68c200e2c552279ebde1905528482ed6f1d1dd,86000,1,TicketReserved,"{'model_id': 'model_mnist_784_noniid', 'round': 8, 'ticket_id': 416, 'owner': 'acct_16'}",mock
0xb6376088eb3a06e7c2c4cb0b3bb2cfcb47b38db6a1a2271cf5fb6ddf93a7530b,93000,1,UpdatePublished,"{'model_id': 'model_mnist_784_noniid', 'round': 8, 'ticket_id': 416, 'cid': 'sha256:c81d0a52c56b607586765019cf7a8d6f4f8caea5491c6a3bfb4c4a7e32412b3c'}",mock
0x15ad093663dd7edf290d162ad3c3b91c6f28d2ede054653a8ed36a3d05c4f5f5,86000,1,TicketReserved,"{'model_id': 'model_mnist_784_noniid', 'round': 8, 'ticket_id': 417, 'owner': 'acct_17'}",mock
0x2998a641c42e2a41af16929bdcf14a18c0348d94fc90d30f26082db6c2277289,93000,1,UpdatePublished,"{'model_id': 'model_mnist_784_noniid', 'round': 8, 'ticket_id': 417, 'cid': 'sha256:b1899cf5b6594a005a886cfbd8879b5b532ca907adbd16637767d5ee2df8179a'}",mock
0xba83a7c804a35dbb22db97a1950787d4166705024a2f00224370e4524be49cc2,86000,1,TicketReserved,"{'model_id': 'model_mnist_784_noniid', 'round': 8, 'ticket_id': 418, 'owner': 'acct_18'}",mock
0xb7bfeafd3c8a76a6ca5c351fa66852f2b70b074800f656c04c9da0aee76e795f,93000,1,UpdatePublished,"{'model_id': 'model_mnist_784_noniid', 'round': 8, 'ticket_id': 418, 'cid': 'sha256:5fef8b87314da7679427d21054c8696b854212e841cf89b6da84f59ccb94f380'}",mock
0x25895eecccd9d1c561154b520ac5309e0010c54bb33f517e8f8ad96b7a491d90,86000,1,TicketReserved,"{'model_id': 'model_mnist_784_noniid', 'round': 8, 'ticket_id': 419, 'owner': 'acct_19'}",mock
0x4390b19b0be3470007f654d9571afd6ccfcc5a3d5e60a07669babdb7022a1070,93000,1,UpdatePublished,"{'model_id': 'model_mnist_784_noniid', 'round': 8, 'ticket_id': 419, 'cid': 'sha256:00ef9eed752a274fe65bf7f6eb77ae642c81514077d2bbd63696c9bce0ac20a5'}",mock
0xc3668ce16354c36038a4f6cd92e06eec97aa85a9ee61f15246ebcc9e8380334f,86000,1,TicketReserved,"{'model_id': 'model_mnist_784_noniid', 'round': 8, 'ticket_id': 420, 'owner': 'acct_20'}",mock
0xf37273a0fa257f7fcb0cd37b7ac070f21350bc3b24d1d197a0eb709f15d95fdc,93000,1,UpdatePublished,"{'model_id': 'model_mnist_784_noniid', 'round': 8, 'ticket_id': 420, 'cid': 'sha256:7426be7d7904ec114e3b223b16210d624becc8ad59f61c143f9f4cefcd2900eb'}",mock
0x3de4bf416cb5a577c57b988397bb2b514144202f0795d6fab837f697eed70f75,86000,1,TicketReserved,"{'model_id': 'model_mnist_784_noniid', 'round': 8, 'ticket_id': 421, 'owner': 'acct_21'}",mock
0xcd04d44d3dd76427f01128135566e9ffff2fb9f48152971440b335ed8fb47f18,93000,1,UpdatePublished,"{'model_id': 'model_mnist_784_noniid', 'round': 8, 'ticket_id': 421, 'cid': 'sha256:173919b4784ea2c7a0c085625c86b92c1204da6f28561de0d1f0713df2b81d4f'}",mock
0x8ed0dbedce3d4a862cb61b7b9351056c2ddaa3e0e17c64f0528fe3aac3016e45,86000,1,TicketReserved,"{'model_id': 'model_mnist_784_noniid', 'round': 8, 'ticket_id': 422, 'owner': 'acct_22'}",mock
0x96ad2850a330e8b0a584e6ad9cb4fe94b3f4f985d82bd28aea8b4630735aac9c,93000,1,UpdatePublished,"{'model_id': 'model_mnist_784_noniid', 'round': 8, 'ticket_id': 422, 'cid': 'sha256:27d50e0ee116bc5da52f93f2cab15877c03d83f47257568fd1cc5bc5cd794181'}",mock
0xce724dbbcc6596375b720b0eaaf50c4b450979f5229da2d4696917703cbc1891,86000,1,TicketReserved,"{'model_id': 'model_mnist_784_noniid', 'round': 8, 'ticket_id': 423, 'owner': 'acct_23'}",mock
0x02809ff4019ab622f0b0b1958fa996b87d208d62fa5b3d5c48b1e936a0792471,93000,1,UpdatePublished,"{'model_id': 'model_mnist_784_noniid', 'round': 8, 'ticket_id': 423, 'cid': 'sha256:c3b3434089af4e9f98c4b49b622cc629e3d397a85c74b5d2d6a1f377706d7b65'}",mock
0xfb1bce3136eec23f13fe6a10d1305160e91240dc053061fe9be7712332675cff,86000,1,TicketReserved,"{'model_id': 'model_mnist_784_noniid', 'round': 8, 'ticket_id': 424, 'owner': 'acct_24'}",mock
0x615a3381151bfbac2ce7c25f03e3cb08c18870d29324294c0b6c3b3041b3fec3,93000,1,UpdatePublished,"{'model_id': 'model_mnist_784_noniid', 'round': 8, 'ticket_id': 424, 'cid': 'sha256:6228fa4bcc8a502fd1efc490dff076b6eee6cbecf45dd469a5e55ebbe1264f38'}",mock
0x9542b63bd8c2d636d63372c133dc3eeebd809db65b2322ea71ca2b5a145df715,86000,1,TicketReserved,"{'model_id': 'model_mnist_784_noniid', 'round': 8, 'ticket_id': 425, 'owner': 'acct_25'}",mock
0x8e10e467eab9fff00ce1b2c2f13d4ba73764984ebbcbb828add2fa50c74b08a7,93000,1,UpdatePublished,"{'model_id': 'model_mnist_784_noniid', 'round': 8, 'ticket_id': 425, 'cid': 'sha256:2d8be5424cab4ab5f93398884132739df1f385a017b4f945ebda7f8310fe4ab5'}",mock
0xb9f7bb848d5ac4a5355acda6fa85e7a037dbd0d686f96f8366a9e597a6906143,86000,1,TicketReserved,"{'model_id': 'model_mnist_784_noniid', 'round': 8, 'ticket_id': 426, 'owner': 'acct_26'}",mock
0x3845e733e59387e517b3cd0ffd06fb37cef0d7e0ab613202fe0a614898baf938,93000,1,UpdatePublished,"{'model_id': 'model_mnist_784_noniid', 'round': 8, 'ticket_id': 426, 'cid': 'sha256:feef58c220de714d4a1fe3949d49ec5f89cf3eeafa7b12326de5b92229ae15cd'}",mock
0x7738c01dcc4bdcd9f530aea01b3f9d4e054519d655f5e3b0039a17b022eef9ad,86000,1,TicketReserved,"{'model_id': 'model_mnist_784_noniid', 'round': 8, 'ticket_id': 427, 'owner': 'acct_27'}",mock
0xf6f4f506439efc01312709c368361d7e3588d12689967958c13511777ab74344,93000,1,UpdatePublished,"{'model_id': 'model_mnist_784_noniid', 'round': 8, 'ticket_id': 427, 'cid': 'sha256:25c6c62e3d45a53f7826c201433597557a2a73ce0951daca68b8d1d9959c8bf5'}",mock
0xaabc7f4437aabc121e5e9a2458dd2a068e5c6b90e9e78bda123b25591b9b2355,86000,1,TicketReserved,"{'model_id': 'model_mnist_784_noniid', 'round': 8, 'ticket_id': 428, 'owner': 'acct_28'}",mock
0xadda060b26354e7811dbb68401042dece9c14d1371f2a9bee2f7d8f3bb3af8bc,93000,1,UpdatePublished,"{'model_id': 'model_mnist_784_noniid', 'round': 8, 'ticket_id': 428, 'cid': 'sha256:ae7312bc452570063159f30e3da30732e099477880d6421af8cf444fbb48af2b'}",mock
0x4abbf5c15fc1ae7327f3e0fc4342e75dd14cf745e0d2bd71f62798091c244acf,86000,1,TicketReserved,"{'model_id': 'model_mnist_784_noniid', 'round': 8, 'ticket_id': 429, 'owner': 'acct_29'}",mock
0x746c824eb75be7489df201a00d24d77d0a720c740a3cc3436a644c97111f7177,93000,1,UpdatePublished,"{'model_id': 'model_mnist_784_noniid', 'round': 8, 'ticket_id': 429, 'cid': 'sha256:d7271b8eab6595d3762c2aa8d6063b131239b8736ba22ba1170ade1635fe559d'}",mock
0x52b2760858e402abf7460736607b9b4affeefd36dfa1c3ce3ba017a89ebd3ea6,86000,1,TicketReserved,"{'model_id': 'model_mnist_784_noniid', 'round': 8, 'ticket_id': 430, 'owner': 'acct_30'}",mock
0xaf7b13fefb512493b8c14d55ae0287c6e0fef1d51263ca3e9494ffc474b90909,93000,1,UpdatePublished,"{'model_id': 'model_mnist_784_noniid', 'round': 8, 'ticket_id': 430, 'cid': 'sha256:f32165e98cdc34bb4c91e1713e76c53f376181100ff23746c14e5dea4f8d85d9'}",mock
0x657405375435794f86fa471721688254ac4fe7b7370a56cd5afcdbd59174e757,86000,1,TicketReserved,"{'model_id': 'model_mnist_784_noniid', 'round': 8, 'ticket_id': 431, 'owner': 'acct_31'}",mock
0xa73750a0384d2fb7391dc018fea73cad9b9aae2d34a46120c407ddb951bdd6ff,93000,1,UpdatePublished,"{'model_id': 'model_mnist_784_noniid', 'round': 8, 'ticket_id': 431, 'cid': 'sha256:8827b187c056eb1277c6396f6c53335225e327d9201b3968ff189e7653626e6c'}",mock
0x0c9c5ad5032de2b85709a1dcf764f15945854860e17698c6b89267c5bd14c401,86000,1,TicketReserved,"{'model_id': 'model_mnist_784_noniid', 'round': 8, 'ticket_id': 432, 'owner': 'acct_32'}",mock
0x53345750f90bd1eb080ac5d0d6442809c3f2ce3a17c7fd5cb4cc039eba64f984,93000,1,UpdatePublished,"{'model_id': 'model_mnist_784_noniid', 'round': 8, 'ticket_id': 432, 'cid': 'sha256:6a76bb14823241081be1f18432b08b6d9b1115b78f20aaea148734cff5b14d13'}",mock
0xa998a722a29ac4cbd43a061046925130c31461fe0dfe0a811907209ccacdcfeb,86000,1,TicketReserved,"{'model_id': 'model_mnist_784_noniid', 'round': 8, 'ticket_id': 433, 'owner': 'acct_33'}",mock
0xea3eed648658ff6edca38ec2e2e1e41b4a53ee593be7ef08580d79aba5fef619,93000,1,UpdatePublished,"{'model_id': 'model_mnist_784_noniid', 'round': 8, 'ticket_id': 433, 'cid': 'sha256:7b244ae08d1f74f81c7955f2f88755ce93c16def793cbed1a22610c1c17caa8d'}",mock
0x4147fda9adac32ddb9660e054f8c177c34a0509f321ad40faf4a942463b8ace6,86000,1,TicketReserved,"{'model_id': 'model_mnist_784_noniid', 'round': 8, 'ticket_id': 434, 'owner': 'acct_34'}",mock
0x1d9e4a2164d8e87ed9bf6b2a085f8de386f37c6fb43ab3bbe3a9c61e35fd9013,93000,1,UpdatePublished,"{'model_id': 'model_mnist_784_noniid', 'round': 8, 'ticket_id': 434, 'cid': 'sha256:fd672b30488ee4a4335ec5f5f7a7f9d5232b4004a3d9cedb75cf663e804eab60'}",mock
0xcf14a3fb63379c605596a3580f85a01691eb7b9ddb32a6a61b0bf35316dc4686,86000,1,TicketReserved,"{'model_id': 'model_mnist_784_noniid', 'round': 8, 'ticket_id': 435, 'owner': 'acct_35'}",mock
0x83736f63d8a298fee52c3f9edced44d4c9f87f4ebd10740b94e7228274e32719,93000,1,UpdatePublished,"{'model_id': 'model_mnist_784_noniid', 'round': 8, 'ticket_id': 435, 'cid': 'sha256:5d4687d33181b03b3a8eec215cee98e9e293a2bebd0a483a4a50e8e4921705fc'}",mock
0x8f7a2a4d381eda66eeeeb1929abd063389f460b0ce57de5a153351389f12cdf6,86000,1,TicketReserved,"{'model_id': 'model_mnist_784_noniid', 'round': 8, 'ticket_id': 436, 'owner': 'acct_36'}",mock
0x78c94e09e508bf4dc2ac0c8cd6c184c3225b1b1328d3aeb8b4dce3a0f7f6f1d0,93000,1,UpdatePublished,"{'model_id': 'model_mnist_784_noniid', 'round': 8, 'ticket_id': 436, 'cid': 'sha256:aba0bc52421012316c28de77ca29cdb87172ee2e20fa261acc96a07356ca2e8f'}",mock
0x15c7175af0f31e188dee7f00c5c0ca48ac9b5d9fe1b74773b862928f8d4f40f1,86000,1,TicketReserved,"{'model_id': 'model_mnist_784_noniid', 'round': 8, 'ticket_id': 437, 'owner': 'acct_37'}",mock
0x1ab8d72f93c0106b88d229bd6b412258e351db0213bb08c988666fc1968766c7,93000,1,UpdatePublished,"{'model_id': 'model_mnist_784_noniid', 'round': 8, 'ticket_id': 437, 'cid': 'sha256:e2b6f3ac06f70e81c1ea6f4a9f2c35e8e944a70ee21825429e52ad07054b5fd9'}",mock
0xa702a68932b917ae3555a27b1945dec311edf958a8d2b840690289ce08114fc7,86000,1,TicketReserved,"{'model_id': 'model_mnist_784_noniid', 'round': 8, 'ticket_id': 438, 'owner': 'acct_38'}",mock
0x5e21dfdd6451e09f125ea2184ed9ece95d433b7c785775f05e19249e0c393b97,93000,1,UpdatePublished,"{'model_id': 'model_mnist_784_noniid', 'round': 8, 'ticket_id': 438, 'cid': 'sha256:17265a3b9b8927ae60d738de17d60fd997813bc2b35b3d0abdb243ee4e593602'}",mock
0x9eeba726b1766cc62db9fc6583d6dd84ba0a82624b3727ae90d6f5b1a724f9b0,86000,1,TicketReserved,"{'model_id': 'model_mnist_784_noniid', 'round': 8, 'ticket_id': 439, 'owner': 'acct_39'}",mock
0xb6e1cc260f7d9931cd1e9a16eab56ba16b14456b4591bcc372cff2398e1f99f8,93000,1,UpdatePublished,"{'model_id': 'model_mnist_784_noniid', 'round': 8, 'ticket_id': 439, 'cid': 'sha256:58da69f6990fa7941dfa1a07267093bc3a4403e25f226008d301f25259e848bd'}",mock
0x4726b285b6584683541773d29594ff18e389477b5ae05285ad781abdd7c9c549,86000,1,TicketReserved,"{'model_id': 'model_mnist_784_noniid', 'round': 8, 'ticket_id': 440, 'owner': 'acct_40'}",mock
0x51e5dd19818f7b9f985189a173b59fddae17641c61015d63801ce15491e34e6a,93000,1,UpdatePublished,"{'model_id': 'model_mnist_784_noniid', 'round': 8, 'ticket_id': 440, 'cid': 'sha256:689c780ad8ecfa2e1152c4d5ed0f313db36625aca5c83478dd0f3423a38da98c'}",mock
0x897e4155c4981c98271259dbf158c98a750f6ff7dbe4f4efee3e7cd1ae71435a,86000,1,TicketReserved,"{'model_id': 'model_mnist_784_noniid', 'round': 8, 'ticket_id': 441, 'owner': 'acct_41'}",mock
0xc2755c92efddce37bf2bbc60ffa565a47dfad0fd65039b657e5e6a0a63bddfe9,93000,1,UpdatePublished,"{'model_id': 'model_mnist_784_noniid', 'round': 8, 'ticket_id': 441, 'cid': 'sha256:8bda7d759955c6d6eb0a162cf9f20b3c6c4e3186b4311f8cde029b2588d71b05'}",mock
0x79257e393fe73cfcba697e92357e557b5ac51afd8057d6aaf2fc7c2d504f52a0,86000,1,TicketReserved,"{'model_id': 'model_mnist_784_noniid', 'round': 8, 'ticket_id': 442, 'owner': 'acct_42'}",mock
0x4832a8799f7c96bb7b5adff8e5cac183fba0ddbeb370bd22c9f8095d2ca1bb84,93000,1,UpdatePublished,"{'model_id': 'model_mnist_784_noniid', 'round': 8, 'ticket_id': 442, 'cid': 'sha256:143c27d75f8dcbc52ef760e8ecb628c354257678b21e3c8a50616bcccf2a2d34'}",mock
0xabe8a67b038543434f49a86a344a87b4648e91d585ad2c814b1fa990763bbff6,86000,1,TicketReserved,"{'model_id': 'model_mnist_784_noniid', 'round': 8, 'ticket_id': 443, 'owner': 'acct_43'}",mock
0xbfde4b695552adcc2e1559a655a3784b9acd07302a6972dd244bbe07c8492b36,93000,1,UpdatePublished,"{'model_id': 'model_mnist_784_noniid', 'round': 8, 'ticket_id': 443, 'cid': 'sha256:02b9b1b6855288b6dec497389ea7fd09e8e1660305a159f3b0376358c79d0669'}",mock
0x403d51af11838c4c4783e51dd3e94b6e92ef4648f18285427f3c8be7d4eee58c,86000,1,TicketReserved,"{'model_id': 'model_mnist_784_noniid', 'round': 8, 'ticket_id': 444, 'owner': 'acct_44'}",mock
0x37e27455ecd1441466fe3ee992fa0ef98042a5ba75eeff61d60a1586c3851a40,93000,1,UpdatePublished,"{'model_id': 'model_mnist_784_noniid', 'round': 8, 'ticket_id': 444, 'cid': 'sha256:3a683ee13b7672a465d5b3b1a6e55bb3073626e82905d510f321a6b8a1e1d200'}",mock
0x25d600a0d8912e977915511449a03e463b51cc902857ce273a5cddac52d19809,86000,1,TicketReserved,"{'model_id': 'model_mnist_784_noniid', 'round': 8, 'ticket_id': 445, 'owner': 'acct_45'}",mock
0xa2777be46fde312b06ec3043c0f157ceee754a83c84689a2b9927cce8cf14d26,93000,1,UpdatePublished,"{'model_id': 'model_mnist_784_noniid', 'round': 8, 'ticket_id': 445, 'cid': 'sha256:7ae5318f9e40fac9b2fa799097c7481163e0ccfb5418df47ce28211b1c14093b'}",mock
0x5721066cdf5422e155df1541bc3d70bcf0b799b228f2c5817a469ebf3f3a2916,86000,1,TicketReserved,"{'model_id': 'model_mnist_784_noniid', 'round': 8, 'ticket_id': 446, 'owner': 'acct_46'}",mock
0x8a1eb58c11385c8a2acef8a91e7c554c70155953c12abfe77b2f9831eea7a89a,93000,1,UpdatePublished,"{'model_id': 'model_mnist_784_noniid', 'round': 8, 'ticket_id': 446, 'cid': 'sha256:c95a890c722e94ee9111a9e4922cd382c6cff4642c78122290865c56c760d0d5'}",mock
0xe33b566d38cbf2044d28e1cba0cd9a24ef462b4a70cc435df951d5e9b9f43bc4,86000,1,TicketReserved,"{'model_id': 'model_mnist_784_noniid', 'round': 8, 'ticket_id': 447, 'owner': 'acct_47'}",mock
0x20d643553d875c769632702e35c574bda9e911e9ac35fad4f75133cf012b0be2,93000,1,UpdatePublished,"{'model_id': 'model_mnist_784_noniid', 'round': 8, 'ticket_id': 447, 'cid': 'sha256:808e53daa8174260e88b4343ef650cba17e4440eb98ef2a1e39f4da50153b46c'}",mock
0xb2321fa658ca0ba5660b6528b8f6ce9dc1bd2aaf8306caae0259fb00e73c9cad,86000,1,TicketReserved,"{'model_id': 'model_mnist_784_noniid', 'round': 8, 'ticket_id': 448, 'owner': 'acct_48'}",mock
0x7ed47e748bc51c2d17b77f0edac51ff70ac8f26af183b319153d0d9508c83c33,93000,1,UpdatePublished,"{'model_id': 'model_mnist_784_noniid', 'round': 8, 'ticket_id': 448, 'cid': 'sha256:7417da54126e67e688dc7c5fabe626460ad20f6cacea3659b6f0ad52e4da420a'}",mock
0x4373f902c5898bad14d3e4736e4a6ef2bacd90681cf62ecdd562a099b0fae818,86000,1,TicketReserved,"{'model_id': 'model_mnist_784_noniid', 'round': 8, 'ticket_id': 449, 'owner': 'acct_49'}",mock
0x2aaa1948e8017c838428047805d18cb8253394d6ebd886db1af781ff41b225a9,93000,1,UpdatePublished,"{'model_id': 'model_mnist_784_noniid', 'round': 8, 'ticket_id': 449, 'cid': 'sha256:915a6d0b63c2cdb9b6466bb3e49ecdb8c340eecb3df777a6914c0e828ceaf376'}",mock
0x1c64a6c171fd3e286ce3eb1011f313fea49b4a0c9c3076df7b86ae9e19cca392,86000,1,TicketReserved,"{'model_id': 'model_mnist_784_noniid', 'round': 8, 'ticket_id': 450, 'owner': 'acct_50'}",mock
0xfcf54b74d04ee70b9cb5a0e700f1c0926ede3deb193f90b8ae495d0f50fb8ec4,93000,1,UpdatePublished,"{'model_id': 'model_mnist_784_noniid', 'round': 8, 'ticket_id': 450, 'cid': 'sha256:efa12abc625a862375e30db6cb2880da603c93cc969810b041a1400075f94455'}",mock
0xdc3b7e12b42387ed8ce4d463de24d62d4358925ef09760990608f558f639857f,1025000,1,RoundFinalized,"{'model_id': 'model_mnist_784_noniid', 'round': 8, 'included': 45, 'refunds': 45}",mock
0x21c797bded2c6102527134005402ffe6eb95c7ff133253b22c32710796f0977a,52000,1,RoundFunded,"{'model_id': 'model_mnist_784_noniid', 'amount_wei': 10000000000000000}",mock
0xf6f04d22653abbd91468aff3168444de4f4af83c2efaf6266c7b21cd9d1023dc,86000,1,TicketReserved,"{'model_id': 'model_mnist_784_noniid', 'round': 9, 'ticket_id': 451, 'owner': 'acct_1'}",mock
0x957d69e0941eb56394b9f45d94fe9d10c468ad0c145d5ad639debc437459f080,93000,1,UpdatePublished,"{'model_id': 'model_mnist_784_noniid', 'round': 9, 'ticket_id': 451, 'cid': 'sha256:a3efa5be02602363e010c3d60fe3d7ba009b756b4067c415500e60d00d2d128b'}",mock
0x79159b5e3e9c360bad8484a5c8b2b5f25625c627e2ceebc7bdc35c34092b8e48,86000,1,TicketReserved,"{'model_id': 'model_mnist_784_noniid', 'round': 9, 'ticket_id': 452, 'owner': 'acct_2'}",mock
0x2924bf9907f16afdd3aa78e87ecd35097c055e5b448cc8671764cfd4b8f20b5e,93000,1,UpdatePublished,"{'model_id': 'model_mnist_784_noniid', 'round': 9, 'ticket_id': 452, 'cid': 'sha256:d5a48f20708cd017d565271d4f7c0a256f31ab7f07e2a54ee66b6b3a512fd4d8'}",mock
0xeb21b987abc79a6a3e2c6c7dfc4c2e2cf77faaf634391a131a086786c40f229b,86000,1,TicketReserved,"{'model_id': 'model_mnist_784_noniid', 'round': 9, 'ticket_id': 453, 'owner': 'acct_3'}",mock
0x1c8490499ed820e5c80cddecdc6ed527b91c77188b17da13fe54e794b182c0c7,93000,1,UpdatePublished,"{'model_id': 'model_mnist_784_noniid', 'round': 9, 'ticket_id': 453, 'cid': 'sha256:214386bc280c8950e847ada731c31664ac6a3af9314532730ad5e828bd2c117a'}",mock
0x73e2be4c62d0d58bb908a3e7e7e111c8a8597c1235efc6beb1c125b27a4665bf,86000,1,TicketReserved,"{'model_id': 'model_mnist_784_noniid', 'round': 9, 'ticket_id': 454, 'owner': 'acct_4'}",mock
0xff253649571030a80500c6cd657a1590a287efcf697eb1909ab37cc581a6a842,93000,1,UpdatePublished,"{'model_id': 'model_mnist_784_noniid', 'round': 9, 'ticket_id': 454, 'cid': 'sha256:e305d34291f963c65daf8d3056964f89ccfa10bf86618229f106564e5df814fd'}",mock
0xa434a38903c638d2699a5c40bab9318d757d9466f40d2c037759d06a8f4f5bc5,86000,1,TicketReserved,"{'model_id': 'model_mnist_784_noniid', 'round': 9, 'ticket_id': 455, 'owner': 'acct_5'}",mock
0x0445c1a6dc263372cbd93fc0b3fa354391fa7059aee5d3a6a4f334da8d16eca4,93000,1,UpdatePublished,"{'model_id': 'model_mnist_784_noniid', 'round': 9, 'ticket_id': 455, 'cid': 'sha256:ed9937fe6e9bd42042947de9228d5b588ff8b20a0d98ef5171d47bf6ecec3602'}",mock
0x2096bd0dc5e0306353c58a320c14bfc8532e0e263cba8ca2d4c926dba3476715,86000,1,TicketReserved,"{'model_id': 'model_mnist_784_noniid', 'round': 9, 'ticket_id': 456, 'owner': 'acct_6'}",mock
0x112a42f500e78ae94417833ed04de450d84fd76c1285ad1db408844a5ede6b3b,93000,1,UpdatePublished,"{'model_id': 'model_mnist_784_noniid', 'round': 9, 'ticket_id': 456, 'cid': 'sha256:bbf2d53833c966d078ae788ed9e04e07b9adb830beba92e92427b0445b9d8b67'}",mock
0x6f9f0f5ba8c19486b822b69c8b19e050c36c0895e7e1a2b9b0b7565de05408f8,86000,1,TicketReserved,"{'model_id': 'model_mnist_784_noniid', 'round': 9, 'ticket_id': 457, 'owner': 'acct_7'}",mock
0xc2fbf6282a369250e628b06671729f46a3946d7b8398851dbd060d18d78b590e,93000,1,UpdatePublished,"{'model_id': 'model_mnist_784_noniid', 'round': 9, 'ticket_id': 457, 'cid': 'sha256:bafd6ba656fe9258846704ebf9aee9795395092bb8a817676d1e270580da686b'}",mock
0xde8e39b137d4c7e299252f44be53d5d293b50de62ef3079ea1d0404307b6a261,86000,1,TicketReserved,"{'model_id': 'model_mnist_784_noniid', 'round': 9, 'ticket_id': 458, 'owner': 'acct_8'}",mock
0xb6f411e97d2d91ed069dde2de0a084683705965700146eb85302376fd1f4989b,93000,1,UpdatePublished,"{'model_id': 'model_mnist_784_noniid', 'round': 9, 'ticket_id': 458, 'cid': 'sha256:781f198f487f68f0d61a4201697d29fb34edbb7f308ea0fc60fcf3ed1d99546f'}",mock
0x3a79de3f65ae4ce6b423c4f5252768a1690e772ecd20259afd1a13ccace39255,86000,1,TicketReserved,"{'model_id': 'model_mnist_784_noniid', 'round': 9, 'ticket_id': 459, 'owner': 'acct_9'}",mock
0xaf8197b5a316e8007e1640c304b469230dd83f5d736b9e5b312a450a6c2df1f1,93000,1,UpdatePublished,"{'model_id': 'model_mnist_784_noniid', 'round': 9, 'ticket_id': 459, 'cid': 'sha256:c70088b154f9d8d435eb875860bc928dff29bae5b07d8ef9233110cd97bc4d66'}",mock
0xb84fc8de3113677f1731415d5e3ad952ec13e8a9fdc11ecf774c9f660b2b6306,86000,1,TicketReserved,"{'model_id': 'model_mnist_784_noniid', 'round': 9, 'ticket_id': 460, 'owner': 'acct_10'}",mock
0x52d3988fc78d268abb6485a1a9c63ab15ccc5d0c55fb6213d19399070ab36d39,93000,1,UpdatePublished,"{'model_id': 'model_mnist_784_noniid', 'round': 9, 'ticket_id': 460, 'cid': 'sha256:73c31645fd4ec05a335d5024ba9312363f41dc244fc40087376333e656be7200'}",mock
0x502a27aa0ca28f62b51b8905c2e0525c61bebb90abc391a25c61537400d308e3,86000,1,TicketReserved,"{'model_id': 'model_mnist_784_noniid', 'round': 9, 'ticket_id': 461, 'owner': 'acct_11'}",mock
0xa0ecaff4e31b33d0ed6c86dda00bef6da5d9b87a0962b312d698eb662e0501ea,93000,1,UpdatePublished,"{'model_id': 'model_mnist_784_noniid', 'round': 9, 'ticket_id': 461, 'cid': 'sha256:64fc30e7fe3c0062f5ab82b30308282acea415e64247cb5712a3998facfb5d0c'}",mock
0x7518858075fbba4058544d0fe103b598439c7d833bf7365318ff37cc34252a34,86000,1,TicketReserved,"{'model_id': 'model_mnist_784_noniid', 'round': 9, 'ticket_id': 462, 'owner': 'acct_12'}",mock
0x9d8eb19e9d37424ce599472c189dc380c78b0f6cd617c53e787ea3173c4b9a75,93000,1,UpdatePublished,"{'model_id': 'model_mnist_784_noniid', 'round': 9, 'ticket_id': 462, 'cid': 'sha256:f6c95a7a2366a3a1513376f4bb8221be225a226a2000536b92ec0c8ce7af090e'}",mock
0x817ba30afc67f453cfc8c95f0b211717fab18d3a32e2e8629171804e61cd3726,86000,1,TicketReserved,"{'model_id': 'model_mnist_784_noniid', 'round': 9, 'ticket_id': 463, 'owner': 'acct_13'}",mock
0x8d3bd3621c771aeac4895e53916e28a3fb9db37a86a69d62387be50fb9d26543,93000,1,UpdatePublished,"{'model_id': 'model_mnist_784_noniid', 'round': 9, 'ticket_id': 463, 'cid': 'sha256:cf163474378576ba1f62196ac7fd2347e19eaf341e6f5f02c55b6a425977cccf'}",mock
0x528b9c9492dd1cf1226dd439528c872e29b785930440b9192bbd1c0ad4a07b2e,86000,1,TicketReserved,"{'model_id': 'model_mnist_784_noniid', 'round': 9, 'ticket_id': 464, 'owner': 'acct_14'}",mock
0x13c73a90a1272e1476daa70b6319ae2f66dcba3bd2893a5dc589400bbef54e76,93000,1,UpdatePublished,"{'model_id': 'model_mnist_784_noniid', 'round': 9, 'ticket_id': 464, 'cid': 'sha256:e41862b741a5f9e40237ae8b3d79ab1b6bb7043efdae38b4b0fc2712c459cf75'}",mock
0x5860ae9a9c7917d7842444dee5fa98c6ed366389adb68d4076cae318b175b9cc,86000,1,TicketReserved,"{'model_id': 'model_mnist_784_noniid', 'round': 9, 'ticket_id': 465, 'owner': 'acct_15'}",mock
0x1e43fe0d702e68cec9a9d17533771b3f4b4bd73aae5854e801416659fab9fc8f,93000,1,UpdatePublished,"{'model_id': 'model_mnist_784_noniid', 'round': 9, 'ticket_id': 465, 'cid': 'sha256:b23d542be0c0d2f1d10adfcfd1fab4ba157c20414a387f04d0f78d8c150a13e1'}",mock
0xa4981a3d95d72eb5f18986511a6934e219dd1268c24199d7f45f5352100c2277,86000,1,TicketReserved,"{'model_id': 'model_mnist_784_noniid', 'round': 9, 'ticket_id': 466, 'owner': 'acct_16'}",mock
0xb636a3ac07ca1fe33e96ce8cd0539ae2751a14faf6d3d05a179b1984e3d6e723,93000,1,UpdatePublished,"{'model_id': 'model_mnist_784_noniid', 'round': 9, 'ticket_id': 466, 'cid': 'sha256:58867e5c847c81b21978cb6c88fa1b4581ed486153af9632279c8eae912240b7'}",mock
0xbdb5a3a0210d3e19dce77bfece8669086c43f1fa4da1968d6867a61c011d9757,86000,1,TicketReserved,"{'model_id': 'model_mnist_784_noniid', 'round': 9, 'ticket_id': 467, 'owner': 'acct_17'}",mock
0xd88428d9fdb4619d0fbe262809f408881cbe6904c68d2b5a4d79dfd42446235b,93000,1,UpdatePublished,"{'model_id': 'model_mnist_784_noniid', 'round': 9, 'ticket_id': 467, 'cid': 'sha256:1032e3bc73d965c93129af17dbb29e620d402b9725716a10f6cdd084ba5abfb1'}",mock
0x5a78a55aaf83daccd279c945770eb6e02b5593cd5b00b7d4863ef6f9fe3a7db6,86000,1,TicketReserved,"{'model_id': 'model_mnist_784_noniid', 'round': 9, 'ticket_id': 468, 'owner': 'acct_18'}",mock
0x83b38e4d7c06fcd454fd33ebe9ae21a2589f6ae804a36ca91602b3510f7d9e75,93000,1,UpdatePublished,"{'model_id': 'model_mnist_784_noniid', 'round': 9, 'ticket_id': 468, 'cid': 'sha256:086dc27053f0420a92da7be310fb871830d72a9f8c88c311bbd659234cf89217'}",mock
0xbb41d55d57678845daaa8d960540d724112e7e7b03a5760715ba754b2c96a01f,86000,1,TicketReserved,"{'model_id': 'model_mnist_784_noniid', 'round': 9, 'ticket_id': 469, 'owner': 'acct_19'}",mock
0xddc60f46aa486c370dc4adf4413f3d7d4a6b8d0641ee69a2b0a2617032aa6f52,93000,1,UpdatePublished,"{'model_id': 'model_mnist_784_noniid', 'round': 9, 'ticket_id': 469, 'cid': 'sha256:e2564c2fa31bdd05f4a7ecacbb8763753a14f2d638c3837d06b09231b849044a'}",mock
0xbe644d06d2f4619b06495f80b84e6d7e4a62b9e9cde5deadee463594d151403b,86000,1,TicketReserved,"{'model_id': 'model_mnist_784_noniid', 'round': 9, 'ticket_id': 470, 'owner': 'acct_20'}",mock
0x5a5a45387e2111280556b34d99aa94f092652fc09b61d3f96982b5e15d1a4e2d,93000,1,UpdatePublished,"{'model_id': 'model_mnist_784_noniid', 'round': 9, 'ticket_id': 470, 'cid': 'sha256:58b2c85893916f32b454c8b8e8ffea86a616248e2379023346346987985b9c9e'}",mock
0x2da490e261d1a312d5c3b8245ae5a8431ce4f82fc3709b29b718f802f9740305,86000,1,TicketReserved,"{'model_id': 'model_mnist_784_noniid', 'round': 9, 'ticket_id': 471, 'owner': 'acct_21'}",mock
0x315692d8336d6bae761e193f83e33f113d0bbe67e2eadebf752abbaef6ff71f6,93000,1,UpdatePublished,"{'model_id': 'model_mnist_784_noniid', 'round': 9, 'ticket_id': 471, 'cid': 'sha256:874b9205f03256d4cb3de63f9ef3c5a1feea37416703025023bd341ca0dcda62'}",mock
0x69a1961027c5de0ffba8afda22f43d8ad1a329b9eeca2ac728f254e33bd08d60,86000,1,TicketReserved,"{'model_id': 'model_mnist_784_noniid', 'round': 9, 'ticket_id': 472, 'owner': 'acct_22'}",mock
0xcdaba5c1258f0f9b0c92868b9b69a4c69308ff0c6e7ea9985adfa3a8847f882e,93000,1,UpdatePublished,"{'model_id': 'model_mnist_784_noniid', 'round': 9, 'ticket_id': 472, 'cid': 'sha256:22171adedf10a7fda815218d15b41ecedb3abeeb5fd55fbe712b2508d60cf935'}",mock
0xc4226da6635f6c4b4516d4b52a8c556b260ab8d23a6800dd6d7cb3f52983545d,86000,1,TicketReserved,"{'model_id': 'model_mnist_784_noniid', 'round': 9, 'ticket_id': 473, 'owner': 'acct_23'}",mock
0x3ca11bc609a42b9fc1fbbca1ab2854fc20818303fecfd62cb4998d697f11bc1a,93000,1,UpdatePublished,"{'model_id': 'model_mnist_784_noniid', 'round': 9, 'ticket_id': 473, 'cid': 'sha256:647a8347119bbfe49a79083e37525fb0277dd153c46ee504a677a35709341ce2'}",mock
0x4024c84a695bbd09c779798e8db8b7014672ac2a61a0dd649442d70d0def3d01,86000,1,TicketReserved,"{'model_id': 'model_mnist_784_noniid', 'round': 9, 'ticket_id': 474, 'owner': 'acct_24'}",mock
0xc6cf7e21333c85aff55b7710647da188f4841f8e511bac6dcca680e4cedbdc41,93000,1,UpdatePublished,"{'model_id': 'model_mnist_784_noniid', 'round': 9, 'ticket_id': 474, 'cid': 'sha256:9bb2b0a10b56e35f95174bc93492017e5927b73ea5cf15ea998145bb708ecc0d'}",mock
0x17e78862469ceb99f8c292e7e01cab8829ad86d7874d81b9eb7e5fc7172d2cbf,86000,1,TicketReserved,"{'model_id': 'model_mnist_784_noniid', 'round': 9, 'ticket_id': 475, 'owner': 'acct_25'}",mock
0x9dba6a89001cabffa1c7b5ad5b3777ff3ef049c2fedc304a0c82717694f0a1c5,93000,1,UpdatePublished,"{'model_id': 'model_mnist_784_noniid', 'round': 9, 'ticket_id': 475, 'cid': 'sha256:1695b4a63fce42d6abded361e21d04269fbd52b481e6ef128e7f51a49d2fa830'}",mock
0x986396d75795f567f6edda39099ce2284fc856b0d84516179d84dc9933c76855,86000,1,TicketReserved,"{'model_id': 'model_mnist_784_noniid', 'round': 9, 'ticket_id': 476, 'owner': 'acct_26'}",mock
0xe21d58e2563392720e13059db6627ce4d5ceb8b6dddf8d7b250abf2fa26fc5ae,93000,1,UpdatePublished,"{'model_id': 'model_mnist_784_noniid', 'round': 9, 'ticket_id': 476, 'cid': 'sha256:b9073ed6bfc45510b6849a6204b5cb9ff355058d0ef38d6bf01d6de0a7a8839d'}",mock
0x30e2eb7c3e9db6709551ad95aa7e5c40aa0a063fd429b920d8f85063340f0c68,86000,1,TicketReserved,"{'model_id': 'model_mnist_784_noniid', 'round': 9, 'ticket_id': 477, 'owner': 'acct_27'}",mock
0xd7d4938ee30a48298e5cb7559c8f2e548874d78fe971bce63c4563639306ee28,93000,1,UpdatePublished,"{'model_id': 'model_mnist_784_noniid', 'round': 9, 'ticket_id': 477, 'cid': 'sha256:b1dd907daaf92d1ac73b8affb5d4ed4d2ade0e6811777bd8a21544b40cba49ca'}",mock
0xd5f0753abfc50dea01bb71c2ae0b01b3381a79928087eaedfadfe2bac666c7d0,86000,1,TicketReserved,"{'model_id': 'model_mnist_784_noniid', 'round': 9, 'ticket_id': 478, 'owner': 'acct_28'}",mock
0xa84655632a5262786f0a7bc8eb9096ed4b30366aef2091140e65bd481ebb10e8,93000,1,UpdatePublished,"{'model_id': 'model_mnist_784_noniid', 'round': 9, 'ticket_id': 478, 'cid': 'sha256:f086cc3d5e713166a8a8bc89f2b08c76fe46e68e716312038867e3d89ff3a66c'}",mock
0x4ff70bbf106f23fec919e4ca55fc518674afc5a952365c5c1e163fa74dbf3302,86000,1,TicketReserved,"{'model_id': 'model_mnist_784_noniid', 'round': 9, 'ticket_id': 479, 'owner': 'acct_29'}",mock
0x656eab3806d79eeac6cdbe84a0cc61908d49402d71737a695aabfeb1c924961a,93000,1,UpdatePublished,"{'model_id': 'model_mnist_784_noniid', 'round': 9, 'ticket_id': 479, 'cid': 'sha256:c973500dee83fe3b1eca327f1194049ea28a74a1211e0107468c8de44b18ce50'}",mock
0x5bd5b98d7bf261fe51fc2c65991accade6599114582427191e6917832013c8ee,86000,1,TicketReserved,"{'model_id': 'model_mnist_784_noniid', 'round': 9, 'ticket_id': 480, 'owner': 'acct_30'}",mock
0xfbb34048c3032c1786e32ee8648faf2b8a29801ecd60b0b2206eb710e355eb9f,93000,1,UpdatePublished,"{'model_id': 'model_mnist_784_noniid', 'round': 9, 'ticket_id': 480, 'cid': 'sha256:f000ea53d8fdf21dfa277e5fd2c351bf37b1a80bf5edcd426f63a8e4c356bd52'}",mock
0x30c67dc5d4dc9f2e43ecec2b223eaa47bde493096939f6004e5c040513975ce8,86000,1,TicketReserved,"{'model_id': 'model_mnist_784_noniid', 'round': 9, 'ticket_id': 481, 'owner': 'acct_31'}",mock
0xa5005bddd017eca7b7b5493eee1a5f89db3d379297a73d2f475281376ac8fe83,93000,1,UpdatePublished,"{'model_id': 'model_mnist_784_noniid', 'round': 9, 'ticket_id': 481, 'cid': 'sha256:3b4064d96c747c7ca9b9fbdc71307a7d003b12f52eaa884fa0dec729660e7ebc'}",mock
0x49c44163003f769e3eeba90065b33a7b384d91fdd2300d4fca8693b7256488a5,86000,1,TicketReserved,"{'model_id': 'model_mnist_784_noniid', 'round': 9, 'ticket_id': 482, 'owner': 'acct_32'}",mock
0x98282a74d1ec648c43fddba994838b67566d7c1a5e8cc8f541b70ce2625d560a,93000,1,UpdatePublished,"{'model_id': 'model_mnist_784_noniid', 'round': 9, 'ticket_id': 482, 'cid': 'sha256:bcb030e57019f4d0f28c7d3d61478c737aa6d3febf1a829aa6104176498e4fb1'}",mock
0xb442bde686f430d5f75f3373a7524dd5f5889cc563bf5af0e9eeec6233516197,86000,1,TicketReserved,"{'model_id': 'model_mnist_784_noniid', 'round': 9, 'ticket_id': 483, 'owner': 'acct_33'}",mock
0x9b2af86fd8489877d7163f15402dc7416fdd68883cfeb7dcff7a20245ded0874,93000,1,UpdatePublished,"{'model_id': 'model_mnist_784_noniid', 'round': 9, 'ticket_id': 483, 'cid': 'sha256:1fb8a2a4e34533f51cebecdcb21064edc4eb5c97aacda22f5c31f132ad237c82'}",mock
0xf83cde7ca7227ab806487a9c876829b73983b7c743da73e3457a3eb3c59908dc,86000,1,TicketReserved,"{'model_id': 'model_mnist_784_noniid', 'round': 9, 'ticket_id': 484, 'owner': 'acct_34'}",mock
0xe03d7a5370d7795b03c9ae3d50ccc80ff67d7755dabc8b625e77dfb6bbbbf8a1,93000,1,UpdatePublished,"{'model_id': 'model_mnist_784_noniid', 'round': 9, 'ticket_id': 484, 'cid': 'sha256:9c1909b6773a960791529e9c45f0a4538955349e3267576b56d664347eb0761c'}",mock
0xa9dd0d2505924d3c87640d13a74a56c51c4b517235a3eb9ae8344cdecc1145b8,86000,1,TicketReserved,"{'model_id': 'model_mnist_784_noniid', 'round': 9, 'ticket_id': 485, 'owner': 'acct_35'}",mock
0x777ca10b7e7c56c72f02d73273d861dc87919e29a6a21c4234250c0ebd12a792,93000,1,UpdatePublished,"{'model_id': 'model_mnist_784_noniid', 'round': 9, 'ticket_id': 485, 'cid': 'sha256:530845b67b7e9c349c979df191a22c4212a5545917937ef1c99443dbfb6b47b5'}",mock
0xe6c9fb879fa82592b38b6ca47a32c8e60e108eebce28a8e1c0aeef08e28f00bc,86000,1,TicketReserved,"{'model_id': 'model_mnist_784_noniid', 'round': 9, 'ticket_id': 486, 'owner': 'acct_36'}",mock
0x67d406103cd7cc4a11239d8eb373b92371a9e3eb87ca1799f276ae1eaae7d1df,93000,1,UpdatePublished,"{'model_id': 'model_mnist_784_noniid', 'round': 9, 'ticket_id': 486, 'cid': 'sha256:d1d4037e1811f6db373e5fa5e296061afdad086c4177cfe36d3a2945c4e812ea'}",mock
0x4b4fc68d2c0bab3807947806fffd5f566afe8152d6baea809f7df1a0f1d46845,86000,1,TicketReserved,"{'model_id': 'model_mnist_784_noniid', 'round': 9, 'ticket_id': 487, 'owner': 'acct_37'}",mock
0xfd9ca9d8f70253e9f36b7adf4ddb4c6dea9aed3a33e92a9aac4b922d376c6ead,93000,1,UpdatePublished,"{'model_id': 'model_mnist_784_noniid', 'round': 9, 'ticket_id': 487, 'cid': 'sha256:52387a2fd8d968f7c6db7afb3d1e1b36aaa6233ce1f41ce9666f4d5ee34ee71f'}",mock
0x5d3dc00d0cf1813ddf2b1aa61f1efc354e23062fbfe9afec204bd263a3553aac,86000,1,TicketReserved,"{'model_id': 'model_mnist_784_noniid', 'round': 9, 'ticket_id': 488, 'owner': 'acct_38'}",mock
0x846a3e52ff68b81c6f3d62aed7fc77e2604753cff23c1cfd56d9a76346238016,93000,1,UpdatePublished,"{'model_id': 'model_mnist_784_noniid', 'round': 9, 'ticket_id': 488, 'cid': 'sha256:2d333ee8d05ccfaa1f6d464a1804fcac588a9633d3707fc8eeeab90b5b6f43a5'}",mock
0xbd1be7948e230cf3828d3acdfd0d73534605859f7ba05ff172bef23029a3d4d2,86000,1,TicketReserved,"{'model_id': 'model_mnist_784_noniid', 'round': 9, 'ticket_id': 489, 'owner': 'acct_39'}",mock
0x2bf41b4a949bb276410e59d1ee8648d3c5c5e6bba6387af85b55b39a5e240aee,93000,1,UpdatePublished,"{'model_id': 'model_mnist_784_noniid', 'round': 9, 'ticket_id': 489, 'cid': 'sha256:0b3c3f4e1020fdb4225b9fb74ab54b3ce49d945f0ceca5fc6595955fc3590428'}",mock
0xdcab879ca8d4ad8b9badc22ed8d3490ca1625d1b399cffeb51b2225e24b9863f,86000,1,TicketReserved,"{'model_id': 'model_mnist_784_noniid', 'round': 9, 'ticket_id': 490, 'owner': 'acct_40'}",mock
0x0e80ac7272006b8dacb4da2dd05d3c2d65e5e6496f239553b39f30a96a427e56,93000,1,UpdatePublished,"{'model_id': 'model_mnist_784_noniid', 'round': 9, 'ticket_id': 490, 'cid': 'sha256:02ea7eefb97f73f66172a68f22b86b47bc5c62edd075bbdec2b65e5f542676cf'}",mock
0x4831d25547ded7ce3ef53fcd4aea90156225f70fa54185d65ed3afcacb9e87a4,86000,1,TicketReserved,"{'model_id': 'model_mnist_784_noniid', 'round': 9, 'ticket_id': 491, 'owner': 'acct_41'}",mock
0xa1c5cd4f1433e096c3b76800c01c217506aa996a7cf02071bd908cbd2d0d602a,93000,1,UpdatePublished,"{'model_id': 'model_mnist_784_noniid', 'round': 9, 'ticket_id': 491, 'cid': 'sha256:58c3ed3d46b1c341e4e05ab691f32bbb60fb47dc44348c0505ad299475517b2f'}",mock
0xdc77ea68f14c833e79601f43b13ae063a96b5907e31855f0fbe16e3fa7eb27b1,86000,1,TicketReserved,"{'model_id': 'model_mnist_784_noniid', 'round': 9, 'ticket_id': 492, 'owner': 'acct_42'}",mock
0xc7eda768da75135f7f5c19c5f13ac671fd93b9e70101e24b2855221d0b3ac5f5,93000,1,UpdatePublished,"{'model_id': 'model_mnist_784_noniid', 'round': 9, 'ticket_id': 492, 'cid': 'sha256:fb00fa20a3c41abfa5b7f538736eb76111d5b9eb12ac6f9083978e03dfe006d4'}",mock
0xe6d4f571d006ae2737e8de33d8ba6e271be27d7f38686dd9957b94f27efa29d7,86000,1,TicketReserved,"{'model_id': 'model_mnist_784_noniid', 'round': 9, 'ticket_id': 493, 'owner': 'acct_43'}",mock
0x7e95d543662c683ce2f537f9ccb07aa006db943df436021a960b9f304d440dec,93000,1,UpdatePublished,"{'model_id': 'model_mnist_784_noniid', 'round': 9, 'ticket_id': 493, 'cid': 'sha256:c7e5c6f2926046d83c7e75a46b7fbe9b025fc30914f98bce1ddbc0b5635ed5aa'}",mock
0x84fb46ce987b59db5e14d7088421c281ebc492554bad7fc86ebd2b9ca2a5daa0,86000,1,TicketReserved,"{'model_id': 'model_mnist_784_noniid', 'round': 9, 'ticket_id': 494, 'owner': 'acct_44'}",mock
0x27710555e241950a5334efaa4322fce2ee7513ad9f3b30665eb1b6501f018a38,93000,1,UpdatePublished,"{'model_id': 'model_mnist_784_noniid', 'round': 9, 'ticket_id': 494, 'cid': 'sha256:1f792bb31b18d338e8ada6fca01b937855757098cea1a92995ba35c36eaf3e99'}",mock
0x9d1cb270f71ece72490e3c9b460a72429d8b4c8e65685a63d91179a909213039,86000,1,TicketReserved,"{'model_id': 'model_mnist_784_noniid', 'round': 9, 'ticket_id': 495, 'owner': 'acct_45'}",mock
0xd4daa29686f6d2a62c1a32ef749c621d0fce15a5ab315141a4584ee32c410222,93000,1,UpdatePublished,"{'model_id': 'model_mnist_784_noniid', 'round': 9, 'ticket_id': 495, 'cid': 'sha256:fc2d0dfbe68f435e7a1fa61c81bf5ab002adc5145f3c6b7ab761ce4f0e6fe0f3'}",mock
0xa93c902de0e4cbab8cfd9bf77dff6d10e663e21c1f86548b6b14b002daa7c03b,86000,1,TicketReserved,"{'model_id': 'model_mnist_784_noniid', 'round': 9, 'ticket_id': 496, 'owner': 'acct_46'}",mock
0xa3d52f568d93fee3ca5eecc1fe568f96a23b3240df8652b3596123175b89f18b,93000,1,UpdatePublished,"{'model_id': 'model_mnist_784_noniid', 'round': 9, 'ticket_id': 496, 'cid': 'sha256:6868038c6f02656e692d5e2cbead857e2fc4855ce91aa159709176e66ef2ebbb'}",mock
0xe53d1a9912e8c2346b2bb71b9d9420b68b946fc8490c2ebf0bf462b6a466f330,86000,1,TicketReserved,"{'model_id': 'model_mnist_784_noniid', 'round': 9, 'ticket_id': 497, 'owner': 'acct_47'}",mock
0xefcc86e79d672098bb6518b57c79f79735f1de9c9288c59ba27ee1e909df0b4a,93000,1,UpdatePublished,"{'model_id': 'model_mnist_784_noniid', 'round': 9, 'ticket_id': 497, 'cid': 'sha256:26f816a41fa96278c4690f4b018a9e2befd9073822b9a48f1a281a8f290be3ab'}",mock
0xf95e9a37939d874b417e574c75355f6bd792748f056d5b0ec509b2d6b5b251a4,86000,1,TicketReserved,"{'model_id': 'model_mnist_784_noniid', 'round': 9, 'ticket_id': 498, 'owner': 'acct_48'}",mock
0xae86735e83b6483018513c256ed7378b93073137f4dd0d1d46b0c2e75707f1e2,93000,1,UpdatePublished,"{'model_id': 'model_mnist_784_noniid', 'round': 9, 'ticket_id': 498, 'cid': 'sha256:565b6a970a05127c8a5173d483d7ae42a0433918c1b03b4ca0d32687103d3ecb'}",mock
0x51a22f76bc900bcedf0a2753182dbeee17e0eb27cfe35de91ec4c496cfae59d7,86000,1,TicketReserved,"{'model_id': 'model_mnist_784_noniid', 'round': 9, 'ticket_id': 499, 'owner': 'acct_49'}",mock
0x57304b072f43a9f776af58f0ca7355a7a9887e5655b5817c99099e319524b18d,93000,1,UpdatePublished,"{'model_id': 'model_mnist_784_noniid', 'round': 9, 'ticket_id': 499, 'cid': 'sha256:2cf8b2a3704583fde2165f06b29644243f5197d715cb4cb4fa5e031a95873ff5'}",mock
0x6c3c9b048d15c273ef5287d86db1561b27c9cd890e3b7f697e4e320dbdb31183,86000,1,TicketReserved,"{'model_id': 'model_mnist_784_noniid', 'round': 9, 'ticket_id': 500, 'owner': 'acct_50'}",mock
0x5c5ee59707c4a1c9b0b8d40ba9e8ec42caaeea52a3ca6760aaecd4fe7b276d82,93000,1,UpdatePublished,"{'model_id': 'model_mnist_784_noniid', 'round': 9, 'ticket_id': 500, 'cid': 'sha256:6084e392ef81ffe7fb62280f8994c4f18163b572c6dde1df12ff23d61431d8ff'}",mock
0x7e0ebce00f59b858977c305bf0045d09c837ca6278f429dfef3aab5b6472cfc0,965000,1,RoundFinalized,"{'model_id': 'model_mnist_784_noniid', 'round': 9, 'included': 42, 'refunds': 42}",mock
0x202c9f8463a9485d2d93c72308ecea5ea9158fdb33f5f01136b7451c1fa93243,52000,1,RoundFunded,"{'model_id': 'model_mnist_784_noniid', 'amount_wei': 10000000000000000}",mock
0x875f0c76dd50a933b676e2d6eadefe86f6cb7241ce56f95d60ad3a87865b0792,86000,1,TicketReserved,"{'model_id': 'model_mnist_784_noniid', 'round': 10, 'ticket_id': 501, 'owner': 'acct_1'}",mock
0xfc641cc3a1fb52de0823e7b9e7e04a7b0e837ec427f9311ffd022c799bb5a3d1,93000,1,UpdatePublished,"{'model_id': 'model_mnist_784_noniid', 'round': 10, 'ticket_id': 501, 'cid': 'sha256:3fcb0ffbdfa45cdb0d3945511760ecd9759e46184b1b2c44a04915ddceb8b2e2'}",mock
0x473c8c96864b8d14d32bfcc76cd9104be5f50660c96986424a6b8c41b5a3bc68,86000,1,TicketReserved,"{'model_id': 'model_mnist_784_noniid', 'round': 10, 'ticket_id': 502, 'owner': 'acct_2'}",mock
0xa5204ea461020fc71fbebc526bbda93936eb51b33aebbb8b89a839f6194a58a7,93000,1,UpdatePublished,"{'model_id': 'model_mnist_784_noniid', 'round': 10, 'ticket_id': 502, 'cid': 'sha256:c608239f43dcf5266e4bb44ef38a4e8ebdb1e30aa47fe6cb00051bcf88fad1e6'}",mock
0x8ff38419d0164c5e57cef0a683612e94c04d57391943baf2010d64afd9a620c9,86000,1,TicketReserved,"{'model_id': 'model_mnist_784_noniid', 'round': 10, 'ticket_id': 503, 'owner': 'acct_3'}",mock
0xed7d96decc28c61d34ce42fb84b38bef18686840803a1f2ec94fca25f606419c,93000,1,UpdatePublished,"{'model_id': 'model_mnist_784_noniid', 'round': 10, 'ticket_id': 503, 'cid': 'sha256:0a1bf84181c7c3efe358ca3bcb456e92b8a7447a7bba463be140ed2bb8bcb582'}",mock
0x35ce2f3fc426e22664943efd95f19d0341d29749e1b9ab6d44a00a46c87d5bdf,86000,1,TicketReserved,"{'model_id': 'model_mnist_784_noniid', 'round': 10, 'ticket_id': 504, 'owner': 'acct_4'}",mock
0x2f140a5d7df025c84443575ea1438e432f6241df5b664ff8ee2c9a34bae1e22b,93000,1,UpdatePublished,"{'model_id': 'model_mnist_784_noniid', 'round': 10, 'ticket_id': 504, 'cid': 'sha256:a5a6382275a5abe8b6ec8c81786b9c74368e2ace3c6612d15cbf8b1fac520709'}",mock
0xfd9da98c10080881d89b430f2c2abb56d53d4703b271bb0ef77d1edcbb156621,86000,1,TicketReserved,"{'model_id': 'model_mnist_784_noniid', 'round': 10, 'ticket_id': 505, 'owner': 'acct_5'}",mock
0x0983032579a055ea806e59788606a772075855c6bdd2b99e3c4275506834582f,93000,1,UpdatePublished,"{'model_id': 'model_mnist_784_noniid', 'round': 10, 'ticket_id': 505, 'cid': 'sha256:a9ddb2b62e3fcf0e581c45e694cdc0dcec040e72711e53bacfd59dd249965957'}",mock
0xba76594f634c51c035e14c625a06fa79f73fb2950adf043ac8e5c291eb089e22,86000,1,TicketReserved,"{'model_id': 'model_mnist_784_noniid', 'round': 10, 'ticket_id': 506, 'owner': 'acct_6'}",mock
0x3ff41fc09cdfd3103278d0e59a951e19ccc53f236ba47b6031c6cf53b29a3445,93000,1,UpdatePublished,"{'model_id': 'model_mnist_784_noniid', 'round': 10, 'ticket_id': 506, 'cid': 'sha256:c954259459b78bd82e26dde888efa7b280485abe72cade6244629b8eb94f6066'}",mock
0x2e3f6a35346ade821a0fa0b6a0181c3bd87efdcdf8e576ecce081c1078fd923c,86000,1,TicketReserved,"{'model_id': 'model_mnist_784_noniid', 'round': 10, 'ticket_id': 507, 'owner': 'acct_7'}",mock
0x2e846a53bcce752451b116095bc29510dbf943682ca52fd8ed1437d5801a88ea,93000,1,UpdatePublished,"{'model_id': 'model_mnist_784_noniid', 'round': 10, 'ticket_id': 507, 'cid': 'sha256:1285da36aea9d22732bf9cb76f3fb9237499e11547f62702720c0d24fb3a434f'}",mock
0x27a70b648990df3ed81bffca1bd0b9c840c1f675a74fa8976395d743ddd827e0,86000,1,TicketReserved,"{'model_id': 'model_mnist_784_noniid', 'round': 10, 'ticket_id': 508, 'owner': 'acct_8'}",mock
0xce7aa194d82551a89735607758c17b8623f4649e38c1ab5c08a58f5deac9516b,93000,1,UpdatePublished,"{'model_id': 'model_mnist_784_noniid', 'round': 10, 'ticket_id': 508, 'cid': 'sha256:b5bf8654253f626bf5e1e1f2d6d9fee3ba40dc7a44d1ec1e003900362b5694e5'}",mock
0x4ed4456f975d9dd64dd8e15e0f1b53d59703e59b50656ddfe95d794fc09ab6a0,86000,1,TicketReserved,"{'model_id': 'model_mnist_784_noniid', 'round': 10, 'ticket_id': 509, 'owner': 'acct_9'}",mock
0x375ed4eec8a8afd8638feaac42a3b049bc072258facad627ca244ee2ede3f533,93000,1,UpdatePublished,"{'model_id': 'model_mnist_784_noniid', 'round': 10, 'ticket_id': 509, 'cid': 'sha256:0321946d6e5a823b78756f07ab94d5659b49eb33af6f2c1885a21c429e218f52'}",mock
0x469739b4028968d77c20c90fbbab3b24bd924fc420e3459ee4873d06c8aac5fc,86000,1,TicketReserved,"{'model_id': 'model_mnist_784_noniid', 'round': 10, 'ticket_id': 510, 'owner': 'acct_10'}",mock
0xf3ba5f28673df5c4ef69772ab6b6524c9d585ab868676912886428c12180771e,93000,1,UpdatePublished,"{'model_id': 'model_mnist_784_noniid', 'round': 10, 'ticket_id': 510, 'cid': 'sha256:f810c58c6fa3934fed38d850038a4469c5d610f26cd6ba7aaabd572b63bba19b'}",mock
0xc97b4a201e2a60d37cce3cbb886c41eb4615681c955feeae30892214d2ae9ab7,86000,1,TicketReserved,"{'model_id': 'model_mnist_784_noniid', 'round': 10, 'ticket_id': 511, 'owner': 'acct_11'}",mock
0x65204f247125706a5b1027e2b29f7d510124e344d808501358b0218b57f6179c,93000,1,UpdatePublished,"{'model_id': 'model_mnist_784_noniid', 'round': 10, 'ticket_id': 511, 'cid': 'sha256:84edb7f083bc8f76a6fb3b2bb5725336937a0b0cc79ea452225b48fda5473f10'}",mock
0x32f68109ad6866a5f7eada10d2619da35db61b55418a4b4e7fe73033ea59ff6f,86000,1,TicketReserved,"{'model_id': 'model_mnist_784_noniid', 'round': 10, 'ticket_id': 512, 'owner': 'acct_12'}",mock
0xb187f4d57b056bcd3bded5b1bff57a65072dd5eeee2fe5a69af97fb3b0da2624,93000,1,UpdatePublished,"{'model_id': 'model_mnist_784_noniid', 'round': 10, 'ticket_id': 512, 'cid': 'sha256:de0f7bd16ddb2942ee2b92fa1068e50189a0ceab369668dcc7141340b9805ac4'}",mock
0x097d43385f1b29cb30e7c9713f44c019a190c449ef7823a9de17ebbc5a60eba1,86000,1,TicketReserved,"{'model_id': 'model_mnist_784_noniid', 'round': 10, 'ticket_id': 513, 'owner': 'acct_13'}",mock
0x2547f12057c16505048c72b3c7c8777d3dba11076e55ec283d0c828fd7ff8913,93000,1,UpdatePublished,"{'model_id': 'model_mnist_784_noniid', 'round': 10, 'ticket_id': 513, 'cid': 'sha256:100f6dbec7f6f0dbae3b38fa172b0171d79a7266eb1e62571f0e32887300693e'}",mock
0xba967c8f03525e5982ce90da9f3eaa007c8a0c2f1d3db95c376e4f64e4e822b4,86000,1,TicketReserved,"{'model_id': 'model_mnist_784_noniid', 'round': 10, 'ticket_id': 514, 'owner': 'acct_14'}",mock
0x62a737188b82cb9565b684a4bf1c3f516632ba0c94cf97e277115a87a2227a8e,93000,1,UpdatePublished,"{'model_id': 'model_mnist_784_noniid', 'round': 10, 'ticket_id': 514, 'cid': 'sha256:68430688b3a05dd1e2c312d94c76c5e4344616b5b2d310d338cc4e21c4d798f5'}",mock
0xc2cd6875603f91a154baacbaf5a7512e55e6edd8a1c80352bc0ae10f0f3aff44,86000,1,TicketReserved,"{'model_id': 'model_mnist_784_noniid', 'round': 10, 'ticket_id': 515, 'owner': 'acct_15'}",mock
0x07f27db7286851e58d20f460969c334b6e22e0252daa31aa95ded6c93b40424b,93000,1,UpdatePublished,"{'model_id': 'model_mnist_784_noniid', 'round': 10, 'ticket_id': 515, 'cid': 'sha256:20fc0e4bc0a8dae83e076a903b91f7c9514c02a7745f99d8a736b8b8b01e3c73'}",mock
0xfb30a5ea3cc62b92b988410c97b2e70d7acbe20a3c2f5d8924d1d1a45950faee,86000,1,TicketReserved,"{'model_id': 'model_mnist_784_noniid', 'round': 10, 'ticket_id': 516, 'owner': 'acct_16'}",mock
0xe0849c41484576247568c2ef42dc4049f21cd93d32b9c0e5807bbda84748fd21,93000,1,UpdatePublished,"{'model_id': 'model_mnist_784_noniid', 'round': 10, 'ticket_id': 516, 'cid': 'sha256:390b6e69905ff51153f5f94da167e7658fd92814cb513ebb714c9c89ac7b46d0'}",mock
0x877927d5cad941adeda3cce0dbc010efb93f89426dce8c0538f3def57d062851,86000,1,TicketReserved,"{'model_id': 'model_mnist_784_noniid', 'round': 10, 'ticket_id': 517, 'owner': 'acct_17'}",mock
0x46fdbc885e538db0c0cb77f6ccf0ad76dbafee1d4cc780a778e3f6e220c226ca,93000,1,UpdatePublished,"{'model_id': 'model_mnist_784_noniid', 'round': 10, 'ticket_id': 517, 'cid': 'sha256:ba723fbd98fe57040f3d125ca1b4be22e29c0db34dc720f020d01314219e8018'}",mock
0x28c4aaa138c7caea4ecac5701e660965e3fef5dafbcea3b51791931b00912d2a,86000,1,TicketReserved,"{'model_id': 'model_mnist_784_noniid', 'round': 10, 'ticket_id': 518, 'owner': 'acct_18'}",mock
0xb5c0c449a7530523bd1c370b48cdc3dcd89f99c88dd0c1908adf62b75c765550,93000,1,UpdatePublished,"{'model_id': 'model_mnist_784_noniid', 'round': 10, 'ticket_id': 518, 'cid': 'sha256:310e5d23a3cf4682e9f2c0ee8d367a0ec66669df4676b1f9245b3f70dd25280f'}",mock
0xac59652d87ca08b1db43c02b10d7548e38bfd19ca5bb5231e703863aadd1cfcb,86000,1,TicketReserved,"{'model_id': 'model_mnist_784_noniid', 'round': 10, 'ticket_id': 519, 'owner': 'acct_19'}",mock
0x0acf82b19ce86091af51c39c8b054821d0ed0d019bfc4a0a039a074ffef6db75,93000,1,UpdatePublished,"{'model_id': 'model_mnist_784_noniid', 'round': 10, 'ticket_id': 519, 'cid': 'sha256:1f9d4a35d30858228a8fab88e9f2f38033f008d0107eaf982ffa75e56eeb0ea4'}",mock
0x0c04f0bbe5ff898d5e86958d91963a57db5526356fbac08b8316dce34cc4aeca,86000,1,TicketReserved,"{'model_id': 'model_mnist_784_noniid', 'round': 10, 'ticket_id': 520, 'owner': 'acct_20'}",mock
0xe3ee962e288fb0903c7476812d949fd31efe8245d8866e37297de196c69dce9a,93000,1,UpdatePublished,"{'model_id': 'model_mnist_784_noniid', 'round': 10, 'ticket_id': 520, 'cid': 'sha256:3f3dd538da16e2ca6e052b0545168de94a642fb595d48e107347aca889c48c3e'}",mock
0x4dd4b118722a433e5e763d334f5c7bad8a5ac2fa078ef5b8aa27ae25c85d62b8,86000,1,TicketReserved,"{'model_id': 'model_mnist_784_noniid', 'round': 10, 'ticket_id': 521, 'owner': 'acct_21'}",mock
0xda9539ba964f7b87b979124ca03fa0ebe93cdf08153cadb3be2005d46848b115,93000,1,UpdatePublished,"{'model_id': 'model_mnist_784_noniid', 'round': 10, 'ticket_id': 521, 'cid': 'sha256:208c1dcf7a8091a59db299a602b365445bd7fad1c7567e94ea220a8fb2ddefd7'}",mock
0x40ffca26c3e3e3025120ac308d0dd54d632c270bde54125166bb0e46b709987b,86000,1,TicketReserved,"{'model_id': 'model_mnist_784_noniid', 'round': 10, 'ticket_id': 522, 'owner': 'acct_22'}",mock
0xa117de8adacbea8a612a97df13e5c6a44b5b08cfca05dc2c95f8e663911f412a,93000,1,UpdatePublished,"{'model_id': 'model_mnist_784_noniid', 'round': 10, 'ticket_id': 522, 'cid': 'sha256:e2d1d142d2a85f0049b0e8cda73aa450aa9b116417e0861c424d9bd69e2bbe0d'}",mock
0xdd0ccb251a8341988f302ae59c1508a3d8692778e6892d1fd70169b10e47977f,86000,1,TicketReserved,"{'model_id': 'model_mnist_784_noniid', 'round': 10, 'ticket_id': 523, 'owner': 'acct_23'}",mock
0x8d442ed95101158b1744ce7e1e0537b4f24224158283ccc7fbd522135692703c,93000,1,UpdatePublished,"{'model_id': 'model_mnist_784_noniid', 'round': 10, 'ticket_id': 523, 'cid': 'sha256:cbf69c49e96cfb8362e27f0bfaa30facf4b15cf840caf01de129a28633bdce95'}",mock
0x6415283768edb2a64404299948c6b9a6efb14a18ee709c8b89e11e25bc9a2ff8,86000,1,TicketReserved,"{'model_id': 'model_mnist_784_noniid', 'round': 10, 'ticket_id': 524, 'owner': 'acct_24'}",mock
0x2598b62477362abc81b642c7fc28cd721583279944e65e324ccf18220ea76f18,93000,1,UpdatePublished,"{'model_id': 'model_mnist_784_noniid', 'round': 10, 'ticket_id': 524, 'cid': 'sha256:0ce41f8f9a0ae044803a7324bde05d15fc54d830be1778f61c86fdf981191993'}",mock
0x005fed43aaeea03e606ba33703464db93938295fdc1ab7996c0ac19ce7b549eb,86000,1,TicketReserved,"{'model_id': 'model_mnist_784_noniid', 'round': 10, 'ticket_id': 525, 'owner': 'acct_25'}",mock
0xb60a3f0a91368c5d845af1dc7c83bf9c03f9078ce37d2915f29b7cd6d4df1bd0,93000,1,UpdatePublished,"{'model_id': 'model_mnist_784_noniid', 'round': 10, 'ticket_id': 525, 'cid': 'sha256:a13216881f1210f8aed85878b62cb256eb180305181eaada111f3cad5d16c601'}",mock
0xfa9b31d74dca4589b7ace2b94a28041a94de0e67667894cc10a5088540ce5017,86000,1,TicketReserved,"{'model_id': 'model_mnist_784_noniid', 'round': 10, 'ticket_id': 526, 'owner': 'acct_26'}",mock
0x5aae05e73e098f8759a886192f233afc0c82307e502d05eaf2013a611970befe,93000,1,UpdatePublished,"{'model_id': 'model_mnist_784_noniid', 'round': 10, 'ticket_id': 526, 'cid': 'sha256:b493b8b4841dc49955c9e75ddf547cdee371551664c6eb5d0a8ee5664a2a099d'}",mock
0x812bf6df8b6953a8c10bb1d6ed0bdce0617ddd4f92e1799d3d16360ed36e2d40,86000,1,TicketReserved,"{'model_id': 'model_mnist_784_noniid', 'round': 10, 'ticket_id': 527, 'owner': 'acct_27'}",mock
0xc441fd65b258c144929a7d4c28db9519f2306038ab4f93bcbcbb74da33c32a0e,93000,1,UpdatePublished,"{'model_id': 'model_mnist_784_noniid', 'round': 10, 'ticket_id': 527, 'cid': 'sha256:7a310b60b2d1e348fb1680f7a325aaf752681c232309cf330174ed7980723415'}",mock
0x62dff9a6446aa5490011f4208e5406b561786790e7624a62e23f93aa21715367,86000,1,TicketReserved,"{'model_id': 'model_mnist_784_noniid', 'round': 10, 'ticket_id': 528, 'owner': 'acct_28'}",mock
0x6a41d9ac4f36cef32ae6e09f09c59590283a5d6e89dd7b8d3ca2959768979239,93000,1,UpdatePublished,"{'model_id': 'model_mnist_784_noniid', 'round': 10, 'ticket_id': 528, 'cid': 'sha256:d70629ebba46e3ba2bdba46c4ce920e020afc0d7a8925a97d1cc83e382cae957'}",mock
0xdb87c42248f31187c65ce42aefe87abf0ea0d384c09186b6ffe2ed4435e6c935,86000,1,TicketReserved,"{'model_id': 'model_mnist_784_noniid', 'round': 10, 'ticket_id': 529, 'owner': 'acct_29'}",mock
0x1da215a55a9fbe049585b947a5b19b351acd72de77564bde45a03b04352c4cb9,93000,1,UpdatePublished,"{'model_id': 'model_mnist_784_noniid', 'round': 10, 'ticket_id': 529, 'cid': 'sha256:4bbc2ddfbdebf1c1cf8ea46f35515edbaffc0354123267abe1c74a579ae74dfb'}",mock
0x1228260b0ee458e2cbcfb53a54465c447a6015a59e515adca82207423e0ba796,86000,1,TicketReserved,"{'model_id': 'model_mnist_784_noniid', 'round': 10, 'ticket_id': 530, 'owner': 'acct_30'}",mock
0xf0c5347ab96af027e5fb388c8d3aa8005954e709fc6d8f2d272722b219cd7bf9,93000,1,UpdatePublished,"{'model_id': 'model_mnist_784_noniid', 'round': 10, 'ticket_id': 530, 'cid': 'sha256:46e69aec52b2ce4cbd45861859afab8093be476ee10aa59e727debec3c543ea4'}",mock
0x98765f69d75e7f300541ebd4112668d5ed1326374f49301bd1e86771283c0888,86000,1,TicketReserved,"{'model_id': 'model_mnist_784_noniid', 'round': 10, 'ticket_id': 531, 'owner': 'acct_31'}",mock
0x5b531bd582813d16c7082b86fa58d377f266b8dc0f004beeb2afcc3a5ba8078e,93000,1,UpdatePublished,"{'model_id': 'model_mnist_784_noniid', 'round': 10, 'ticket_id': 531, 'cid': 'sha256:8b4c83061dba83b781d1ee99c64590e710067cfbbd665e5cd77a3e6d462f6d87'}",mock
0x3c7caed3cf789119474081a7c52cb933315ff7e950e741ec5cb64007344ad89e,86000,1,TicketReserved,"{'model_id': 'model_mnist_784_noniid', 'round': 10, 'ticket_id': 532, 'owner': 'acct_32'}",mock
0xdc4c5a5133e4e6c08a170ff4ef11a3c22ed98392db6cd5dba22a0e001a38f1eb,93000,1,UpdatePublished,"{'model_id': 'model_mnist_784_noniid', 'round': 10, 'ticket_id': 532, 'cid': 'sha256:6979a15e16d702f3ca8c31cacfa950ec1124b45918d0f1406426667feb8ad9dd'}",mock
0xdcbb8cfc8eed30f543bdb4b76d09c2bbd9d77b0db01fcc476181158802343ff4,86000,1,TicketReserved,"{'model_id': 'model_mnist_784_noniid', 'round': 10, 'ticket_id': 533, 'owner': 'acct_33'}",mock
0x41ac6a6e8548df46b304eb9574d05f22556a5b84a6217232bdb1b6767934f87a,93000,1,UpdatePublished,"{'model_id': 'model_mnist_784_noniid', 'round': 10, 'ticket_id': 533, 'cid': 'sha256:ec764e4b377f24d489f494f0624e21d9b1ce3296a688fbb68afa5ddccfa5af25'}",mock
0xa1bd15040b0cbafe220f3bc467120fcc464b64c50ccde89edf4e8983ea2621d8,86000,1,TicketReserved,"{'model_id': 'model_mnist_784_noniid', 'round': 10, 'ticket_id': 534, 'owner': 'acct_34'}",mock
0x5c193a8f1e6f04ef8acbe7723a99fbfb71526fe9c23e0683b2733d3b4d84f7a5,93000,1,UpdatePublished,"{'model_id': 'model_mnist_784_noniid', 'round': 10, 'ticket_id': 534, 'cid': 'sha256:10557a517152829da992fe833a63ebbd7bef79cb4c44b14512add561fce7c49e'}",mock
0xb2149d51496ea065f30f4e41978a1e8d7f1ccf0ee45edab6aecc4a1510933003,86000,1,TicketReserved,"{'model_id': 'model_mnist_784_noniid', 'round': 10, 'ticket_id': 535, 'owner': 'acct_35'}",mock
0xa37efe610a6c8a24dbd2d77a4a2b42b00d0a117923123b4616294f864f078ced,93000,1,UpdatePublished,"{'model_id': 'model_mnist_784_noniid', 'round': 10, 'ticket_id': 535, 'cid': 'sha256:164353e0c96581e398ac643fe128d85f3e29a95692670ffa42ebf8d3b84c9b58'}",mock
0xfa49a15bc56d75561778bce88288abe6f8b1d5934cd5e40a44ea53ceae5fcd43,86000,1,TicketReserved,"{'model_id': 'model_mnist_784_noniid', 'round': 10, 'ticket_id': 536, 'owner': 'acct_36'}",mock
0xb65e94610f562afe4fa69916e9411a5274d85081bd494b2685717836606312c8,93000,1,UpdatePublished,"{'model_id': 'model_mnist_784_noniid', 'round': 10, 'ticket_id': 536, 'cid': 'sha256:0cac1a9320fb0faf5dc9bebc9ae3e755c732a940163364eae5575e6fbab31b93'}",mock
0xbff13246aaa929f921018cbe0e404a86ff4fefafbb8bc8183e4b30c8be279b4a,86000,1,TicketReserved,"{'model_id': 'model_mnist_784_noniid', 'round': 10, 'ticket_id': 537, 'owner': 'acct_37'}",mock
0xaf5bde7000648c1ae9fc6154801d5ada827fedc543b6c0a946deccefa298b5d8,93000,1,UpdatePublished,"{'model_id': 'model_mnist_784_noniid', 'round': 10, 'ticket_id': 537, 'cid': 'sha256:fed7fe86e006d0c9cdcc9ac087db9dcff05c934673d6f09bc0e706ef6939e685'}",mock
0x24695f00cbee9d0c61212d888250cb54fba96a5b3e4acddf088b88612679dbc8,86000,1,TicketReserved,"{'model_id': 'model_mnist_784_noniid', 'round': 10, 'ticket_id': 538, 'owner': 'acct_38'}",mock
0xc585f1fcf6e5cc1f8c6c6d08110cea6b52ac8a7a9345fa54a13c6df7d954e2e3,93000,1,UpdatePublished,"{'model_id': 'model_mnist_784_noniid', 'round': 10, 'ticket_id': 538, 'cid': 'sha256:5e8133a0a04dfb0c593a9598cc2a36fc564c68f2581b03e016e8819db751dda9'}",mock
0x316ecb578049321ae46abbe1385407c66bc32b243cfeef90648eab65bf754ca5,86000,1,TicketReserved,"{'model_id': 'model_mnist_784_noniid', 'round': 10, 'ticket_id': 539, 'owner': 'acct_39'}",mock
0xf1fd51a8c1c140c5efff83f81eb25fbbe31ec78178faeecd904a0b6484c63ed9,93000,1,UpdatePublished,"{'model_id': 'model_mnist_784_noniid', 'round': 10, 'ticket_id': 539, 'cid': 'sha256:65c371f3c5b08ac2b49963e5bc2c59ffde32fba2bcd4ff1a35f297df7b301977'}",mock
0x5f86315195ae41c5f523473a712cd94ae549e9579e579e04ecf3e3bb50323620,86000,1,TicketReserved,"{'model_id': 'model_mnist_784_noniid', 'round': 10, 'ticket_id': 540, 'owner': 'acct_40'}",mock
0x02e2aa09ad601de5db0cbdb478735560678deea1f2604cffcd2360f2e6e6db29,93000,1,UpdatePublished,"{'model_id': 'model_mnist_784_noniid', 'round': 10, 'ticket_id': 540, 'cid': 'sha256:1f94a4d3ecf477a34d9b8be36be65825b9766f6b3c802d9d128f86bfb06de2b7'}",mock
0xdfd3a96460610cdc4268a0be763af3f0ef65d1bf8162c2e061ee4e58fdc92ee9,86000,1,TicketReserved,"{'model_id': 'model_mnist_784_noniid', 'round': 10, 'ticket_id': 541, 'owner': 'acct_41'}",mock
0x06496b53dcd57d92c29ec8db726c7ebe43d17e55fd9e8d9b5c37a49bdf54e37b,93000,1,UpdatePublished,"{'model_id': 'model_mnist_784_noniid', 'round': 10, 'ticket_id': 541, 'cid': 'sha256:940d6ef7cf9114570e517eb62246b53f78e2a975b8be125cb158e906a91c969f'}",mock
0x259e3014624113d86763d52447039418614fae92fec307f7dbc218ce3289739c,86000,1,TicketReserved,"{'model_id': 'model_mnist_784_noniid', 'round': 10, 'ticket_id': 542, 'owner': 'acct_42'}",mock
0x3eb6c2194639bb3721ccb316455335e703256a1c319f8b63754009cbd878616d,93000,1,UpdatePublished,"{'model_id': 'model_mnist_784_noniid', 'round': 10, 'ticket_id': 542, 'cid': 'sha256:7e48acc26c3f516e586fa0a5de1badf5e54a77a5f48cb8a584e19ae4d24620f1'}",mock
0xc9833e75de473968a92c236dd63a2d58d28ef4335df6b9a17606afdea9301f93,86000,1,TicketReserved,"{'model_id': 'model_mnist_784_noniid', 'round': 10, 'ticket_id': 543, 'owner': 'acct_43'}",mock
0xe18e47a2c9bcef6487608ff97c33c46d1c4c034a30b16f7e503df5e9258fc875,93000,1,UpdatePublished,"{'model_id': 'model_mnist_784_noniid', 'round': 10, 'ticket_id': 543, 'cid': 'sha256:bf0d6b027a719aae04fef100a33d351093a81ff147bd01e6c5923f5bfb8cd760'}",mock
0xd71c18cd9cc8cad2ba9a4fed633ed0e9f399baa9651345ed612f76c9ed425c20,86000,1,TicketReserved,"{'model_id': 'model_mnist_784_noniid', 'round': 10, 'ticket_id': 544, 'owner': 'acct_44'}",mock
0xf877888f12c115098077f91c3d9cf097cfbe6f5bbbdea76384437e262928dea0,93000,1,UpdatePublished,"{'model_id': 'model_mnist_784_noniid', 'round': 10, 'ticket_id': 544, 'cid': 'sha256:0a2193fb8f1402ce0181b79b79654b5f312425519a5c13b7d4e56f8eb6d0b76f'}",mock
0x283ee33d5eaacd27e06cab2b63bc1127f840cc1caa6043a38b595964f371297e,86000,1,TicketReserved,"{'model_id': 'model_mnist_784_noniid', 'round': 10, 'ticket_id': 545, 'owner': 'acct_45'}",mock
0xedacf77e2ca399511b41f2415da89fae7385f45f8b306cc938002c8a09a0af05,93000,1,UpdatePublished,"{'model_id': 'model_mnist_784_noniid', 'round': 10, 'ticket_id': 545, 'cid': 'sha256:aa75eee09f93e72a634a4d60aaf883100ca94f5ba0b0ccb4359cfd1b5ad892c2'}",mock
0x3e70149b9fc8b18504071b9288a2752e32adb7057e90aad6c84ceb92c375da16,86000,1,TicketReserved,"{'model_id': 'model_mnist_784_noniid', 'round': 10, 'ticket_id': 546, 'owner': 'acct_46'}",mock
0x85403a0304d36c695b92a869d9de298ae500e5b668e9b2ddcbe88d9036fec157,93000,1,UpdatePublished,"{'model_id': 'model_mnist_784_noniid', 'round': 10, 'ticket_id': 546, 'cid': 'sha256:5bf5ee587166b4a4c2247c15ebace183be5c188d639d2aa15d0f92b1490756d8'}",mock
0x6aad107f8a7e398de9b7e7b1d98234d670d5aba68eaca20b10fa254f9bd81b11,86000,1,TicketReserved,"{'model_id': 'model_mnist_784_noniid', 'round': 10, 'ticket_id': 547, 'owner': 'acct_47'}",mock
0xaddf07eeec270b277c9bec93628868e2d5b04013b017b7fadc29f3fbc8e9d200,93000,1,UpdatePublished,"{'model_id': 'model_mnist_784_noniid', 'round': 10, 'ticket_id': 547, 'cid': 'sha256:a1b6c1bac6fcff0bb35e1c71ecf0d0b55eaa383ffc5ed9273bc4ed86f8bbb76e'}",mock
0x92a603203e5abff3cb7a427c5122e25711920ad03ce903954b76822254f36896,86000,1,TicketReserved,"{'model_id': 'model_mnist_784_noniid', 'round': 10, 'ticket_id': 548, 'owner': 'acct_48'}",mock
0xa0fe5b7800e3da068cc164761d1c3f4c1435d056329d7d4125a81ba7f8ae27f9,93000,1,UpdatePublished,"{'model_id': 'model_mnist_784_noniid', 'round': 10, 'ticket_id': 548, 'cid': 'sha256:5d68c457ff7daaf6bb481ad813a2eecc11e7db526f423b2d4ebdb522923a4dd5'}",mock
0xd7d4935048c96f7a7778b75c41188ec147f7801e1ca1df8e9c44b1c4f4215c96,86000,1,TicketReserved,"{'model_id': 'model_mnist_784_noniid', 'round': 10, 'ticket_id': 549, 'owner': 'acct_49'}",mock
0x992c5da0b40fa03abc606dd869961142fbc1d73264944a96955290e18c3d80ed,93000,1,UpdatePublished,"{'model_id': 'model_mnist_784_noniid', 'round': 10, 'ticket_id': 549, 'cid': 'sha256:8be4c562358c694c4249231486d1b6d921e37d47623803893f00108e91aa84d5'}",mock
0x848daebe089f6738a99d30a76619f98015e909be03ea763de950ece1dc0290a2,86000,1,TicketReserved,"{'model_id': 'model_mnist_784_noniid', 'round': 10, 'ticket_id': 550, 'owner': 'acct_50'}",mock
0xf77333e6ac3d96ffb597731d6f57798b38d629026f41dda4d622e02a58ad9ad2,93000,1,UpdatePublished,"{'model_id': 'model_mnist_784_noniid', 'round': 10, 'ticket_id': 550, 'cid': 'sha256:ca5ebec7585cbb45281406ff45a18d1184dc4f0d34ad32d738b5da5b17dc532a'}",mock
0x3da730e0d6ea0a242ed30c395d1588b078248269344ff122796ece06306160c9,1065000,1,RoundFinalized,"{'model_id': 'model_mnist_784_noniid', 'round': 10, 'included': 47, 'refunds': 47}",mock
0x536d8f5d4ff59526776a14afbd4e8d95244ae0d52c3d15b416b2f5635f17c48d,52000,1,RoundFunded,"{'model_id': 'model_mnist_784_noniid', 'amount_wei': 10000000000000000}",mock
0x002415f51041305e157c3cda22e7c80fe40d388014a2650089576447c3781b9d,86000,1,TicketReserved,"{'model_id': 'model_mnist_784_noniid', 'round': 11, 'ticket_id': 551, 'owner': 'acct_1'}",mock
0x47552aeafd9b8a504c0ae4972b083f34dfa1ca256459e08eae3ae65a008b8ee5,93000,1,UpdatePublished,"{'model_id': 'model_mnist_784_noniid', 'round': 11, 'ticket_id': 551, 'cid': 'sha256:17555e157918abfee76e0ea04c46232d9c4dff09e79d1e44474b20248c21ea7c'}",mock
0xd59d725438062d511be603a5f4a14af4e07333122d72ffdcecac14185eeb87bd,86000,1,TicketReserved,"{'model_id': 'model_mnist_784_noniid', 'round': 11, 'ticket_id': 552, 'owner': 'acct_2'}",mock
0x8e1fc8ea88ad3e5ab50291f08a16a148a966c2f8e88d2df7e76d287b195827ef,93000,1,UpdatePublished,"{'model_id': 'model_mnist_784_noniid', 'round': 11, 'ticket_id': 552, 'cid': 'sha256:f6bfba95598aa06e568991f25360397ebf34a3297bf0fdcd6fe7addf09132787'}",mock
0x2b41d42ed7e1491d43815b455f5d79b10984cd942bbc436329dc4cfbdfaa1d1e,86000,1,TicketReserved,"{'model_id': 'model_mnist_784_noniid', 'round': 11, 'ticket_id': 553, 'owner': 'acct_3'}",mock
0xb083661f59246861a6173d6d2b45d26812e892b219a0487c8c98e99a3bb05b74,93000,1,UpdatePublished,"{'model_id': 'model_mnist_784_noniid', 'round': 11, 'ticket_id': 553, 'cid': 'sha256:e17c5570abfac04b8ee9b8469af341d7ada1d92c8961b3af54832f6c959e6318'}",mock
0x2448857856bdbca0348073f5fb9c625ced7e2460ca54f84a37a81bac985c5823,86000,1,TicketReserved,"{'model_id': 'model_mnist_784_noniid', 'round': 11, 'ticket_id': 554, 'owner': 'acct_4'}",mock
0xd6e114226f73e9408aef4179c75f5fab0e46b9ae55fac3e0082ec187b6e2534c,93000,1,UpdatePublished,"{'model_id': 'model_mnist_784_noniid', 'round': 11, 'ticket_id': 554, 'cid': 'sha256:55bef46d780e9a003eaf1e164170d924b9d64b41da01b1305c859998308d380e'}",mock
0xd51779fa4e29f4266d1c39519e02e53253fe60b3e2ebb2a28ccab3495c0b0649,86000,1,TicketReserved,"{'model_id': 'model_mnist_784_noniid', 'round': 11, 'ticket_id': 555, 'owner': 'acct_5'}",mock
0x933085fd78fcea0ee4a1906e2332419ce3fd52e6e3d06ec13f98d24c814cacf8,93000,1,UpdatePublished,"{'model_id': 'model_mnist_784_noniid', 'round': 11, 'ticket_id': 555, 'cid': 'sha256:f4adbfa676ee7e7ad25b61f9d44c5db9681a181d74d601dcabcbefbd51c93fd5'}",mock
0xf5078e52e05fb6026978e702a98d98a4bd0d1bfe749828ca96df51129f65dcec,86000,1,TicketReserved,"{'model_id': 'model_mnist_784_noniid', 'round': 11, 'ticket_id': 556, 'owner': 'acct_6'}",mock
0xc5ccfc44525de22cd6224290685be7db7228d93efd8ac4a044c23e9c10665cee,93000,1,UpdatePublished,"{'model_id': 'model_mnist_784_noniid', 'round': 11, 'ticket_id': 556, 'cid': 'sha256:7656e9c712e5e9bb33362d8908a98611664b421502dcb14dd2818a718a5d4a1a'}",mock
0xbb30e187d30f3005cb1870ef8a75b080fa8cdf4f6b1fff9f39da98b8f5429933,86000,1,TicketReserved,"{'model_id': 'model_mnist_784_noniid', 'round': 11, 'ticket_id': 557, 'owner': 'acct_7'}",mock
0x76662bf13f4e21080a6f551e0871dc97af48aefe03f42c5c8f3fb11763c38a7f,93000,1,UpdatePublished,"{'model_id': 'model_mnist_784_noniid', 'round': 11, 'ticket_id': 557, 'cid': 'sha256:9061667310d6925c419d4ff6187f7b01476c644a1946f79e1b7a57e6a46a191a'}",mock
0xf62ce0cd415d03f4c058431fd54f575e66ad56779118fab95627478736a7d031,86000,1,TicketReserved,"{'model_id': 'model_mnist_784_noniid', 'round': 11, 'ticket_id': 558, 'owner': 'acct_8'}",mock
0xa5074778f4713d72d02404305750a2f125564727014a5d84bcc30334fcacfdc3,93000,1,UpdatePublished,"{'model_id': 'model_mnist_784_noniid', 'round': 11, 'ticket_id': 558, 'cid': 'sha256:504cd6c8ce92b32e9748657acda42b9d9b93151733119dcaf896de20d733f2fb'}",mock
0xec4a2922caa32420cb90aa3c9cdc71efd56d05abf595867240d96f0365f2bb51,86000,1,TicketReserved,"{'model_id': 'model_mnist_784_noniid', 'round': 11, 'ticket_id': 559, 'owner': 'acct_9'}",mock
0x80bf2b81074e9ade6e1557f3a010d0186e8eb245e4f600f2353a9c0d734d81b6,93000,1,UpdatePublished,"{'model_id': 'model_mnist_784_noniid', 'round': 11, 'ticket_id': 559, 'cid': 'sha256:6bd6ba985c23d20c142b8abf55b5e339ded6345d81e2f26d21c70a003a98297c'}",mock
0x9a24f6d42b23be7f01192f0739048ebb189ca718b1aa4bf1cee955f690ec35b7,86000,1,TicketReserved,"{'model_id': 'model_mnist_784_noniid', 'round': 11, 'ticket_id': 560, 'owner': 'acct_10'}",mock
0xd36a6b254be8a316e66bc0fac989aa623a332c61230c2125a688f890804dcf07,93000,1,UpdatePublished,"{'model_id': 'model_mnist_784_noniid', 'round': 11, 'ticket_id': 560, 'cid': 'sha256:df8b3715a567b0f50dd71cf34e52a77165b9c900cd18688d145ac4c10cd4de04'}",mock
0x539ea12aa3ee27d195c1bdf60f79e1929d5eacca29eaab93d21f17fc5d63126a,86000,1,TicketReserved,"{'model_id': 'model_mnist_784_noniid', 'round': 11, 'ticket_id': 561, 'owner': 'acct_11'}",mock
0x50a01ffbbc6eff4aa33df8ae2dd69e1edb21ecb46367df5be57fdd497ead4723,93000,1,UpdatePublished,"{'model_id': 'model_mnist_784_noniid', 'round': 11, 'ticket_id': 561, 'cid': 'sha256:46ad61e036625aec05415d8048d0f736881d28716e3372ca40a190d314ac7ad7'}",mock
0xe299356fff3a8a2925a607afcbf25cb187ef7ae188eb1c84d9d4487f2148f93f,86000,1,TicketReserved,"{'model_id': 'model_mnist_784_noniid', 'round': 11, 'ticket_id': 562, 'owner': 'acct_12'}",mock
0x87b8cc4add90cd40c02cf3cfe9c00165aebd3225f70d4e7f3c7443d7e3e3a401,93000,1,UpdatePublished,"{'model_id': 'model_mnist_784_noniid', 'round': 11, 'ticket_id': 562, 'cid': 'sha256:181783f902751ec4470df04c6c217065fd64bab3b5808f74a7e7d386d431c84f'}",mock
0x6ae9612a3b6291aaa73fd3585d23290dc745b8f0cdb0e51239c24f2621d7a0c5,86000,1,TicketReserved,"{'model_id': 'model_mnist_784_noniid', 'round': 11, 'ticket_id': 563, 'owner': 'acct_13'}",mock
0xea4db83b660aaab317eff4c367c1fb4180f54323a6761a7d77d3c5798d2f6f9e,93000,1,UpdatePublished,"{'model_id': 'model_mnist_784_noniid', 'round': 11, 'ticket_id': 563, 'cid': 'sha256:f45438ac98061ba24ff977ac9554a298fe22b5d3157adbf79140c847cb7e8ef3'}",mock
0xbaf6839e3262d2a5707667afbcfa05a04da5857c4d7fa903cb8293fec7ddf682,86000,1,TicketReserved,"{'model_id': 'model_mnist_784_noniid', 'round': 11, 'ticket_id': 564, 'owner': 'acct_14'}",mock
0xb95c6934eaf12be1272661013a7b21311243951f70a1046667474f2612c4f8fe,93000,1,UpdatePublished,"{'model_id': 'model_mnist_784_noniid', 'round': 11, 'ticket_id': 564, 'cid': 'sha256:cdc35a1589954486aa9e717dc401aa49261975a31ca141d36f73751c70444d88'}",mock
0xadb34e781abac1bb5c5d1e37fb5d9b6ccadeb543df53581394a3819dbd1201d6,86000,1,TicketReserved,"{'model_id': 'model_mnist_784_noniid', 'round': 11, 'ticket_id': 565, 'owner': 'acct_15'}",mock
0x07ad46426eba85d0c4e4a92ff06329fb287f2cacc1d776c7b9bc012843904508,93000,1,UpdatePublished,"{'model_id': 'model_mnist_784_noniid', 'round': 11, 'ticket_id': 565, 'cid': 'sha256:7f3c15a30c21eefba5f7261e5f6c8560fd9fbfee2b1f9e683bbc04e18abbb174'}",mock
0x38a2725349c97fc2528e38b98c50e57bdba0c16680da23abe5ab01a59e2f2584,86000,1,TicketReserved,"{'model_id': 'model_mnist_784_noniid', 'round': 11, 'ticket_id': 566, 'owner': 'acct_16'}",mock
0xae7e72b88345d869ae1774c1ea83b73e5b8b11a4131e220eb32b3f92350e2f60,93000,1,UpdatePublished,"{'model_id': 'model_mnist_784_noniid', 'round': 11, 'ticket_id': 566, 'cid': 'sha256:7bcd48cb33b13992931835582703f6bb30f0da469d9b729697e5f6a8e0573973'}",mock
0xececd2b28cb7482ae84b713b40de82245937788a53cd32efba59f110ba69dc58,86000,1,TicketReserved,"{'model_id': 'model_mnist_784_noniid', 'round': 11, 'ticket_id': 567, 'owner': 'acct_17'}",mock
0xfebc490d000148496857e43926eda986bc5abdf4ae98b59c12eebb2772121986,93000,1,UpdatePublished,"{'model_id': 'model_mnist_784_noniid', 'round': 11, 'ticket_id': 567, 'cid': 'sha256:ac3c67ab6a31c19b6ca15b078f6b5bfb1b90e680d51103011ec85eebc18b2bad'}",mock
0xb6799a468b1a68489dbee2e9d339d0fa8ad18eee8e316ad10fff8bdb7fc69208,86000,1,TicketReserved,"{'model_id': 'model_mnist_784_noniid', 'round': 11, 'ticket_id': 568, 'owner': 'acct_18'}",mock
0xd1108586c452375288dce8c9e03027467297b8fb8173cd159d4f0fff29d82795,93000,1,UpdatePublished,"{'model_id': 'model_mnist_784_noniid', 'round': 11, 'ticket_id': 568, 'cid': 'sha256:0253793d7266ffe10a0c018e6502b61b3a0c94c8c1f64f09e58f66481907db07'}",mock
0xe35bf58b581d836f04c9b95ec86c16f52ee4710bf792dc0535d63580306502b0,86000,1,TicketReserved,"{'model_id': 'model_mnist_784_noniid', 'round': 11, 'ticket_id': 569, 'owner': 'acct_19'}",mock
0x9fc6e513def192bcca62c2efe861c6441c87bace1f607f6ad38482c8c0d65165,93000,1,UpdatePublished,"{'model_id': 'model_mnist_784_noniid', 'round': 11, 'ticket_id': 569, 'cid': 'sha256:fff41f6a7cc2510bc2daaf59d673708833418f2a7e74e26dd377f0703fbc3d2a'}",mock
0x5b47c1e7d0c89e3484376f4448bc35c58aa01e89754784744c6f9bb28450e71f,86000,1,TicketReserved,"{'model_id': 'model_mnist_784_noniid', 'round': 11, 'ticket_id': 570, 'owner': 'acct_20'}",mock
0xe2d2f6369ab3386475792a85527cb6c61490e9990744f3cc354694fb8f558910,93000,1,UpdatePublished,"{'model_id': 'model_mnist_784_noniid', 'round': 11, 'ticket_id': 570, 'cid': 'sha256:a0222920aeb5c900c9b948ffc057b3f4fac074cc16eb6d7006eea4906db0bf4d'}",mock
0x9ac8e1d8db1205a7e7d9e68310ea05c382219c58c6f40229a8e1de5db717d065,86000,1,TicketReserved,"{'model_id': 'model_mnist_784_noniid', 'round': 11, 'ticket_id': 571, 'owner': 'acct_21'}",mock
0x4f041cb65b16a6d7496d5efe4b1126c83847c357215c0cd1e557378849aef3cd,93000,1,UpdatePublished,"{'model_id': 'model_mnist_784_noniid', 'round': 11, 'ticket_id': 571, 'cid': 'sha256:4f53962dfd6c871f22b8a8072424bdcfb5f9c564d191926256ea4291579ba163'}",mock
0x34f309a4795811cc68a7693b0f6a6318677ae5c4bf5b85a7a4d43c7ebf48cf07,86000,1,TicketReserved,"{'model_id': 'model_mnist_784_noniid', 'round': 11, 'ticket_id': 572, 'owner': 'acct_22'}",mock
0xc471990626aaef34963d4cf8c0d508db61d9b68f4da1a092e24abdb7e15155ed,93000,1,UpdatePublished,"{'model_id': 'model_mnist_784_noniid', 'round': 11, 'ticket_id': 572, 'cid': 'sha256:43528adc84db1c0a454875b764ff4b792b85bac631db7f48ef0c75277e3e25c8'}",mock
0x8f49dc11056213007b2d26cdba21a4168691de6877139a84a2caea915d312f72,86000,1,TicketReserved,"{'model_id': 'model_mnist_784_noniid', 'round': 11, 'ticket_id': 573, 'owner': 'acct_23'}",mock
0x48ff803cc3ce0d06ce4b56cb445b9add11a8a918bea7e386e0ec939de4bf6bd1,93000,1,UpdatePublished,"{'model_id': 'model_mnist_784_noniid', 'round': 11, 'ticket_id': 573, 'cid': 'sha256:3a8e7588c474b14e5fac8d9bb835f6c7d8e3821f0dae048a95016e15c0c5eda0'}",mock
0x738093fa9b54bd4b6b661a3cdf8b5d38e1dde71853a5d0e3b255e0ebd0e57e96,86000,1,TicketReserved,"{'model_id': 'model_mnist_784_noniid', 'round': 11, 'ticket_id': 574, 'owner': 'acct_24'}",mock
0x1fac39493a95f7ce6359ea59ea89f9324b9dc08f7d3b79fe9e50b4dc77b037d1,93000,1,UpdatePublished,"{'model_id': 'model_mnist_784_noniid', 'round': 11, 'ticket_id': 574, 'cid': 'sha256:ad6213f5f04654ba3776000b4db5be5b42f1f2a23fa7eb920b9dcf795f9b683f'}",mock
0x9338b2e2b9573023b167200e6887886b1f1473f4d89c347c0d06ab10e4d082a7,86000,1,TicketReserved,"{'model_id': 'model_mnist_784_noniid', 'round': 11, 'ticket_id': 575, 'owner': 'acct_25'}",mock
0x20ae516037932c61a593169fda590d5f97600f12ec53fa56018d2345d6c2c7bc,93000,1,UpdatePublished,"{'model_id': 'model_mnist_784_noniid', 'round': 11, 'ticket_id': 575, 'cid': 'sha256:158fa529b6b7a2c71d33d48925a4efe74ec926517e97a32b9eb91b668c62fc34'}",mock
0x55a57b28a16c50ec3f6e659bfbfdca7695a18e5965d349ca02d6c1e3257c782a,86000,1,TicketReserved,"{'model_id': 'model_mnist_784_noniid', 'round': 11, 'ticket_id': 576, 'owner': 'acct_26'}",mock
0xcf5472491c7da24d38222f61044d8c61b1ff367d2e489c31c076c89209616f28,93000,1,UpdatePublished,"{'model_id': 'model_mnist_784_noniid', 'round': 11, 'ticket_id': 576, 'cid': 'sha256:b5af5426eb1f5452b785c4d81dbb0b67b422525174c8e4cf126598b6352ec055'}",mock
0x017d0bf210ad2165da13871f2409a6e7485d1fd967d720b9e10ee775265a15b9,86000,1,TicketReserved,"{'model_id': 'model_mnist_784_noniid', 'round': 11, 'ticket_id': 577, 'owner': 'acct_27'}",mock
0xaa9d0e492b5dd43dd2c574b6eff8491ee6e2d2deb3fa0b6d23c095953038016f,93000,1,UpdatePublished,"{'model_id': 'model_mnist_784_noniid', 'round': 11, 'ticket_id': 577, 'cid': 'sha256:6a630b5b5a50f854e8a4a4f6382c177a3e6f0cabf8851f47890fd786cc4d5c52'}",mock
0x97dbd24330112e2f9c3717241b48b3ba9dd9c4670a40cc64b418c63a631dc8f4,86000,1,TicketReserved,"{'model_id': 'model_mnist_784_noniid', 'round': 11, 'ticket_id': 578, 'owner': 'acct_28'}",mock
0x067a32f3f900321f6bc45104984bfced2eaaa8bb1db71779321f1cbe26a435fd,93000,1,UpdatePublished,"{'model_id': 'model_mnist_784_noniid', 'round': 11, 'ticket_id': 578, 'cid': 'sha256:170b87e63244d1c8a55821c8738e733d596317a5b3492868ab828383336d4efa'}",mock
0xd252ec5e0bfad401f41a4b279062188bb1d58fa31e8b827ebc172383eb48de87,86000,1,TicketReserved,"{'model_id': 'model_mnist_784_noniid', 'round': 11, 'ticket_id': 579, 'owner': 'acct_29'}",mock
0xd528b3e45e4e28034adc56d7c87a63168d84d86832f19380cd09dcd21557d481,93000,1,UpdatePublished,"{'model_id': 'model_mnist_784_noniid', 'round': 11, 'ticket_id': 579, 'cid': 'sha256:4642bfcbbbe5fd6af2688486c48696598bcd88456fdc74940c4de1c30504e9ce'}",mock
0x511061fb450b6d0698e2a80f590ba2f990d976abeb3f34e4d83a019bddb2fdbb,86000,1,TicketReserved,"{'model_id': 'model_mnist_784_noniid', 'round': 11, 'ticket_id': 580, 'owner': 'acct_30'}",mock
0xf099d5404dc1728e519cdef128aa4827cdb5e80b8bbd97b90176b0a4b42493a5,93000,1,UpdatePublished,"{'model_id': 'model_mnist_784_noniid', 'round': 11, 'ticket_id': 580, 'cid': 'sha256:d7163896b401380f0db5cbae7053b5b98e9217da81f2ba6ad9814c5cb366d872'}",mock
0xa19a5d5a73f7ef9c794f19cb265ec9e38eb2261a5bcecd1d93fd53c56430220b,86000,1,TicketReserved,"{'model_id': 'model_mnist_784_noniid', 'round': 11, 'ticket_id': 581, 'owner': 'acct_31'}",mock
0xeaead044d4fefc4c1c52a668c2783711c9d33236576443936bc437f14106cb4e,93000,1,UpdatePublished,"{'model_id': 'model_mnist_784_noniid', 'round': 11, 'ticket_id': 581, 'cid': 'sha256:fffe7776093998525f43a315baecceb8c5969ca9bb361ee77856fbfe60a57906'}",mock
0x46ef136284eaa1a2cd7a05f3a2db785ede7fc5bcf4fbee90f4f5029411f6cdb9,86000,1,TicketReserved,"{'model_id': 'model_mnist_784_noniid', 'round': 11, 'ticket_id': 582, 'owner': 'acct_32'}",mock
0xaf02f05ee5cd90ec910afe72aa49eadeaa15e8b811890578dcfd9eade1db3a6e,93000,1,UpdatePublished,"{'model_id': 'model_mnist_784_noniid', 'round': 11, 'ticket_id': 582, 'cid': 'sha256:cd39d3e9aa059d84980fc1b2c5c43e5875fb2c2239baa410535ba1cb9db776c2'}",mock
0xce93ece226b4f78d1aa376355c6076b44915626054ffa2da396683e8c206c8b1,86000,1,TicketReserved,"{'model_id': 'model_mnist_784_noniid', 'round': 11, 'ticket_id': 583, 'owner': 'acct_33'}",mock
0xadd8b7ec8bcd7dbeceb9daea5d73b889eb75f4853181195d6653990a382c0afb,93000,1,UpdatePublished,"{'model_id': 'model_mnist_784_noniid', 'round': 11, 'ticket_id': 583, 'cid': 'sha256:d564055fa65ee231c7c92250dbc951509ed438c82934b82019722f2cc4e0b72a'}",mock
0x0e8df95d5b1b705fd64bb6a73ff035526a87b5866d65c8e9337c3f9437a33dd8,86000,1,TicketReserved,"{'model_id': 'model_mnist_784_noniid', 'round': 11, 'ticket_id': 584, 'owner': 'acct_34'}",mock
0xec948d7e3a4e384582b1097f72e780dc29ff47397baf24993f9f54a4c2efe88a,93000,1,UpdatePublished,"{'model_id': 'model_mnist_784_noniid', 'round': 11, 'ticket_id': 584, 'cid': 'sha256:5809a6223dc74d190c736f76fbc709b1fe83d466a201c40e5f20d86eba06e093'}",mock
0x8f083c5e8f7f8b0950f1ce4e48968b31ec4f908f5df5200030975582ef08d373,86000,1,TicketReserved,"{'model_id': 'model_mnist_784_noniid', 'round': 11, 'ticket_id': 585, 'owner': 'acct_35'}",mock
0x1913fcbd5265725e1fde4d68e60b2a20e7ceb2ccd71450aaa11c3f92e4b6f00f,93000,1,UpdatePublished,"{'model_id': 'model_mnist_784_noniid', 'round': 11, 'ticket_id': 585, 'cid': 'sha256:588a842b5c6aed1bfb0297332b2b7c999d54eb5ed7af28b504d6f21331106776'}",mock
0x72030ee08606e4e2820e4f342c73dc9d60c87736b2d74d4267b22d0ebb9c1230,86000,1,TicketReserved,"{'model_id': 'model_mnist_784_noniid', 'round': 11, 'ticket_id': 586, 'owner': 'acct_36'}",mock
0xed73d39794603b5cc0cac124558415dcce39915692e02bb7a077329d1a8fc3b2,93000,1,UpdatePublished,"{'model_id': 'model_mnist_784_noniid', 'round': 11, 'ticket_id': 586, 'cid': 'sha256:f6ae70a8a47a7ef602359807072f6f1e2c86fc6ce6cc6c2efe95e7d49629521f'}",mock
0x679e00b6f755614c0898545532cbdf88d7c689a36346111057528b2f4c313a12,86000,1,TicketReserved,"{'model_id': 'model_mnist_784_noniid', 'round': 11, 'ticket_id': 587, 'owner': 'acct_37'}",mock
0xe818c30e18e71748773a2b0d93618e84fbb79497bf74b2118e5737db3f9bf3a0,93000,1,UpdatePublished,"{'model_id': 'model_mnist_784_noniid', 'round': 11, 'ticket_id': 587, 'cid': 'sha256:40d0e06ca14295ffb90ea90104b73a0d2349cb9b206710b90b7c821f49541c30'}",mock
0xf21a2b9289f3ffdc5eea63492301380a53f24f62b9db1a7613cca70d51ecb073,86000,1,TicketReserved,"{'model_id': 'model_mnist_784_noniid', 'round': 11, 'ticket_id': 588, 'owner': 'acct_38'}",mock
0x1d97ca9d73aed935e929425283a8c4ec55bccbafbc569bfaedc077494a7075be,93000,1,UpdatePublished,"{'model_id': 'model_mnist_784_noniid', 'round': 11, 'ticket_id': 588, 'cid': 'sha256:ab2ecae0b9307a23ab52b7fd52d8fcb968d8375ffbd6000d3b3000ac9a9943df'}",mock
0x069a148978fbc50b6e9f0110fe6bbac385961cd4f8c49110e517896775cc2033,86000,1,TicketReserved,"{'model_id': 'model_mnist_784_noniid', 'round': 11, 'ticket_id': 589, 'owner': 'acct_39'}",mock
0xc0a45ab12a8e48d13aea3700c04a14d0fb7ff05436bafb148a916b213dfd1367,93000,1,UpdatePublished,"{'model_id': 'model_mnist_784_noniid', 'round': 11, 'ticket_id': 589, 'cid': 'sha256:0145a648adf031bb7838ce76516c243ca157b9f4f5d0c7362a9540798d1aebd6'}",mock
0x9a972ad7e540b28a4a0c8c8a43d1d4772649084908014bb953949add3a062ffc,86000,1,TicketReserved,"{'model_id': 'model_mnist_784_noniid', 'round': 11, 'ticket_id': 590, 'owner': 'acct_40'}",mock
0xbe0e012019d0c3d5c2e3fcdf1a35369838538fbcac9a6657753e7433f215ad62,93000,1,UpdatePublished,"{'model_id': 'model_mnist_784_noniid', 'round': 11, 'ticket_id': 590, 'cid': 'sha256:3b9d579df49f08b90cb6fc6bb36f7bf4e424dd6a01a1dc804d97f609e1fb35d0'}",mock
0xc5e9e5ce09142e882121fcf535a0962fc81a584527e18d19aed3b04f4b3b3412,86000,1,TicketReserved,"{'model_id': 'model_mnist_784_noniid', 'round': 11, 'ticket_id': 591, 'owner': 'acct_41'}",mock
0x0032e9c744fef505bd074fc6467bcbdbcbd7328ceb01894df7d35fdb47cc6fca,93000,1,UpdatePublished,"{'model_id': 'model_mnist_784_noniid', 'round': 11, 'ticket_id': 591, 'cid': 'sha256:cc6eae12b3cb3f3c77a59626b21b776692be61cd7fac8f5e940b9cd3fe21e608'}",mock
0x6dbfe4b7ade8b22993557d87d22ce5827c1d486405a42ac5f7d3d297aaca39af,86000,1,TicketReserved,"{'model_id': 'model_mnist_784_noniid', 'round': 11, 'ticket_id': 592, 'owner': 'acct_42'}",mock
0x40b9440f4e51ac438dae616b0a7bef7e3e7540d52c58c3f3cf3067990ddbb594,93000,1,UpdatePublished,"{'model_id': 'model_mnist_784_noniid', 'round': 11, 'ticket_id': 592, 'cid': 'sha256:458170ecbd1c21776c63061e42076cd20e6b085006e6ac9b50b4d2db3af018fa'}",mock
0x173303ada01a80fca697783fe5688df83f1115eb210b0ec74b1eeaeeb470c4ce,86000,1,TicketReserved,"{'model_id': 'model_mnist_784_noniid', 'round': 11, 'ticket_id': 593, 'owner': 'acct_43'}",mock
0xa355a250579912d4be74a46a98e4b56e98b073efc1875662623caf9a2ea1dde3,93000,1,UpdatePublished,"{'model_id': 'model_mnist_784_noniid', 'round': 11, 'ticket_id': 593, 'cid': 'sha256:349358f713b5ac48c734a70e3c16c3cd409cffa545562d352a12b6803477c925'}",mock
0x58f263127293722851fc3746492fe65d271ca20a964fce481a19a633c3f68c02,86000,1,TicketReserved,"{'model_id': 'model_mnist_784_noniid', 'round': 11, 'ticket_id': 594, 'owner': 'acct_44'}",mock
0x21c8ab6bf4bb902173e6e32f4dde3adee4286a3c17bd1d6cb072d12f2a901c6c,93000,1,UpdatePublished,"{'model_id': 'model_mnist_784_noniid', 'round': 11, 'ticket_id': 594, 'cid': 'sha256:7d34980d76d22be0871ca28e0aff8e7f0e320d31ad3ef10d3b9e66356192312a'}",mock
0x220798b60237a85ec27f120b7971f6bd886d8fe42a23a4a90845c0b3f270f3e1,86000,1,TicketReserved,"{'model_id': 'model_mnist_784_noniid', 'round': 11, 'ticket_id': 595, 'owner': 'acct_45'}",mock
0x741e5daf744826a96db00bc9cf95e298bdd6c17415e3d881f8af8ca6b793df3f,93000,1,UpdatePublished,"{'model_id': 'model_mnist_784_noniid', 'round': 11, 'ticket_id': 595, 'cid': 'sha256:a8c29c4b428eb7070ebe3e9541297d52b839e64ef6823ab92fbf2b61c74d5ce7'}",mock
0xedf9bc46af547e02b09dec14dbf5432427c38715b3cb9911818875606e0e8378,86000,1,TicketReserved,"{'model_id': 'model_mnist_784_noniid', 'round': 11, 'ticket_id': 596, 'owner': 'acct_46'}",mock
0x4d4733c67bf6b5be79486e0e140bfc56478be292321b36fc5284e5772a97d6c5,93000,1,UpdatePublished,"{'model_id': 'model_mnist_784_noniid', 'round': 11, 'ticket_id': 596, 'cid': 'sha256:1536ff597bd785d108a69933564e1b0d29552aa665e15a15ec46dc956f52e2fd'}",mock
0x967b6835d9c2a574f0715c599da75f79a78395b5ae826d26d36c9cf84b6eedea,86000,1,TicketReserved,"{'model_id': 'model_mnist_784_noniid', 'round': 11, 'ticket_id': 597, 'owner': 'acct_47'}",mock
0x4c688081e10dff8a6185a0486b8a2e8b8ba13a0eb5e05e54e826bcc56f525026,93000,1,UpdatePublished,"{'model_id': 'model_mnist_784_noniid', 'round': 11, 'ticket_id': 597, 'cid': 'sha256:d811d38fd9ee9df75a621e3d0b0ba8c7b1a603291f5e86d3c3cb094ecae9b0f2'}",mock
0x20a2435c101884c3bd8d9279f141a13211f24a58a0194e1cf036df09c1066fbd,86000,1,TicketReserved,"{'model_id': 'model_mnist_784_noniid', 'round': 11, 'ticket_id': 598, 'owner': 'acct_48'}",mock
0x1cc1a46d1f20a3962527e27a67c19c01907015e12fa1e912e349b8bea846f789,93000,1,UpdatePublished,"{'model_id': 'model_mnist_784_noniid', 'round': 11, 'ticket_id': 598, 'cid': 'sha256:ed382a49e0efe94a2817ebfcfa5c26b9816d61ed628c2be24a54c673eb8afa87'}",mock
0xa24a7ab8be64d108bc7f709d7f5ffbd7fed75c64cd387a32ed496750be08c0b1,86000,1,TicketReserved,"{'model_id': 'model_mnist_784_noniid', 'round': 11, 'ticket_id': 599, 'owner': 'acct_49'}",mock
0x2718b40bbb775103d2cc70cffc0cfe95ac1a2a8d72339bbc5e2c0b5740e572d0,93000,1,UpdatePublished,"{'model_id': 'model_mnist_784_noniid', 'round': 11, 'ticket_id': 599, 'cid': 'sha256:e9801c8cbb4e9601cc0d5c3b911c8e7ff24003d9a5dce4cc179375821ced8776'}",mock
0x38e93639404e94ce67109570209c9d13a033d37f6f658193c1a578e108be5f1b,86000,1,TicketReserved,"{'model_id': 'model_mnist_784_noniid', 'round': 11, 'ticket_id': 600, 'owner': 'acct_50'}",mock
0x902a66a3e5a9e695b110f87a2874c339caa66cc29e65e4a502b00c05a5e9ea3d,93000,1,UpdatePublished,"{'model_id': 'model_mnist_784_noniid', 'round': 11, 'ticket_id': 600, 'cid': 'sha256:f897841daa024a4fbbe7f2a77f7b3d662b997fb44e025d6de4ebd9e17a0a47a6'}",mock
0xb6a3faf033ec5fba53361a502588586f1d45daae0bf95ebb3782b72903ff465d,1065000,1,RoundFinalized,"{'model_id': 'model_mnist_784_noniid', 'round': 11, 'included': 47, 'refunds': 47}",mock
0x8d5a0a376014628e0697b3dc1789eedbc5ee350bd23452f556dae8808c2174d9,38000,1,Claimed,"{'model_id': 'model_mnist_784_noniid', 'account': 'acct_1', 'amount_wei': 11063384241801161}",mock
0xc2d97ecb71844b7e03d0675c7e9713b5fc7bd5a1427c4b3b7ee4ab34022c8774,38000,1,Claimed,"{'model_id': 'model_mnist_784_noniid', 'account': 'acct_2', 'amount_wei': 13551189119849941}",mock
0xc0165adadbef392e5646b1b2d7a3c22c504f840ae4fa76921f716e08943d1996,38000,1,Claimed,"{'model_id': 'model_mnist_784_noniid', 'account': 'acct_3', 'amount_wei': 12307286680825551}",mock
0xfecc2f5badcb19e11b7c4ee1a0957f29a729f0f92c12b56519435663623332aa,38000,1,Claimed,"{'model_id': 'model_mnist_784_noniid', 'account': 'acct_4', 'amount_wei': 12338423162403133}",mock
0x85ac07800552d5567e632274666e7f80dbe78f26633cc3c32a61d32ed52d08bc,38000,1,Claimed,"{'model_id': 'model_mnist_784_noniid', 'account': 'acct_5', 'amount_wei': 12323429799067364}",mock
0x5b1ef82f168cda205b73e43d847434fbdcbc28e43b5e1fdac22ccf728a33a957,38000,1,Claimed,"{'model_id': 'model_mnist_784_noniid', 'account': 'acct_6', 'amount_wei': 13561525037162602}",mock
0xf30032d337cf82fde3fa554e57769979b13cb5231d0a2a9cc2a8c2548d56c2a3,38000,1,Claimed,"{'model_id': 'model_mnist_784_noniid', 'account': 'acct_7', 'amount_wei': 13566355955036999}",mock
0x56ff4ff62ca7923b60644c385ecd9e2dd3d44812761dac05a7f0b584732ec5ee,38000,1,Claimed,"{'model_id': 'model_mnist_784_noniid', 'account': 'acct_8', 'amount_wei': 12289241764879331}",mock
0x8487e740a6697a863921bbd728ef77174648c267203169a4d4a3e241d7535908,38000,1,Claimed,"{'model_id': 'model_mnist_784_noniid', 'account': 'acct_9', 'amount_wei': 13539844820360435}",mock
0x079e782e7164c14db58be9609514b89582b78cccc02c016d440c516a8331e688,38000,1,Claimed,"{'model_id': 'model_mnist_784_noniid', 'account': 'acct_10', 'amount_wei': 12283434563950179}",mock
0xdf23a297d96b36181448ca6137acb360efe6b9a7f277ee7abda7a5bc6154ea14,38000,1,Claimed,"{'model_id': 'model_mnist_784_noniid', 'account': 'acct_11', 'amount_wei': 12289241764879331}",mock
0x95a717f4cb6d1046d554970de69ebb1e0dc19b717afebe6f73159f290d706103,38000,1,Claimed,"{'model_id': 'model_mnist_784_noniid', 'account': 'acct_12', 'amount_wei': 14783747259384825}",mock
0xa3c5fba37e54f132db94d125ef70b17ad980660adfa112836c255a065c7aa6c0,38000,1,Claimed,"{'model_id': 'model_mnist_784_noniid', 'account': 'acct_13', 'amount_wei': 12283434563950179}",mock
0xe686d2789cd4c975c7ba2bbdc98be993211b07d52d14f299a003be2030d36696,38000,1,Claimed,"{'model_id': 'model_mnist_784_noniid', 'account': 'acct_14', 'amount_wei': 11099806135640899}",mock
0x49f0d6185b476c7f0855367ae8382e51c8cf9cd5c54b2913be8b88bccc31f8ee,38000,1,Claimed,"{'model_id': 'model_mnist_784_noniid', 'account': 'acct_15', 'amount_wei': 12332886063842779}",mock
0x0b57629a632e1e07a97714e62a04b5ad2240bf4304000b727c5923203321a822,38000,1,Claimed,"{'model_id': 'model_mnist_784_noniid', 'account': 'acct_16', 'amount_wei': 14783747259384825}",mock
0x6699544b160447cf8e0cf5f8d9ac47080142aa8d64e7da642fc58f665f553548,38000,1,Claimed,"{'model_id': 'model_mnist_784_noniid', 'account': 'acct_17', 'amount_wei': 13527337002974569}",mock
0x6a728f4579f186ae4b66f927e2f63490712167cbea905e1f6b10f1cee09a790c,38000,1,Claimed,"{'model_id': 'model_mnist_784_noniid', 'account': 'acct_18', 'amount_wei': 13545652021289587}",mock
0x892bca5f392561163bfc749044148fadd98710518e28b753446d30e505b8cb85,38000,1,Claimed,"{'model_id': 'model_mnist_784_noniid', 'account': 'acct_19', 'amount_wei': 13551189119849941}",mock
0xfa63d5017d3a17c7afc8536072b36fc8a50fefc506bbe67750563b60bcef4fb4,38000,1,Claimed,"{'model_id': 'model_mnist_784_noniid', 'account': 'acct_20', 'amount_wei': 12327078862913626}",mock
0x28af7c8c887d6ddddde9807f41d4951374ad0beca5f67bcfd789156981089d82,38000,1,Claimed,"{'model_id': 'model_mnist_784_noniid', 'account': 'acct_21', 'amount_wei': 11050876424415295}",mock
0x30c3d0dfad2c142c40eba4bdd99d033fb3721958101511d4594aa9a4facf32fb,38000,1,Claimed,"{'model_id': 'model_mnist_784_noniid', 'account': 'acct_22', 'amount_wei': 12322453516012609}",mock
0x9289ddd7a7776bd25a01d7f5f3382ae82e823032e557eace7741af5f6851d625,38000,1,Claimed,"{'model_id': 'model_mnist_784_noniid', 'account': 'acct_23', 'amount_wei': 13566355955036999}",mock
0xdc7fb84666117b05d730724ea17eee9a9d4f750b4ace1f14f7ac4be06b9727b3,38000,1,Claimed,"{'model_id': 'model_mnist_784_noniid', 'account': 'acct_24', 'amount_wei': 11068669654063318}",mock
0xc1677372070ec430b2ebb1bfae6c1520a31c97175a369054dbe8719eae5f7d8c,38000,1,Claimed,"{'model_id': 'model_mnist_784_noniid', 'account': 'acct_25', 'amount_wei': 13539844820360435}",mock
0xc5d743987f7b4788877ad481b78b2303edb5e27930b726dd300812310a16b4cd,38000,1,Claimed,"{'model_id': 'model_mnist_784_noniid', 'account': 'acct_26', 'amount_wei': 12295942381336045}",mock
0x243d7f00f5249e7d82232b4858ef4f4aa60d1cccc75ef7cc3b3fe66631bdd758,38000,1,Claimed,"{'model_id': 'model_mnist_784_noniid', 'account': 'acct_27', 'amount_wei': 12295942381336045}",mock
0x424c67259e2c6d7eb5c8db6e7d3895945b8ec6aea3c7bf335dc3cf6e04984e6f,38000,1,Claimed,"{'model_id': 'model_mnist_784_noniid', 'account': 'acct_28', 'amount_wei': 12334252309889875}",mock
0x20d1bafb0679f6ff6ea897b10572c94ad31e50c601c9036094d26b46c6d723fc,38000,1,Claimed,"{'model_id': 'model_mnist_784_noniid', 'account': 'acct_29', 'amount_wei': 12283434563950179}",mock
0x052bc9a75287f75232b8d5d66ae1510514202da5687ad699a23a728d7e2f69cd,38000,1,Claimed,"{'model_id': 'model_mnist_784_noniid', 'account': 'acct_30', 'amount_wei': 12323916392577214}",mock
0x5423b5d87a9d7b8755b1eda5ebebf38dfa1c7b44ca969cb1708486bf1cbb6d19,38000,1,Claimed,"{'model_id': 'model_mnist_784_noniid', 'account': 'acct_31', 'amount_wei': 11087298318255033}",mock
0x7f12d61d885d46af7561d9cf5a71c3a8733d4a372d84ffe8cdb3a939ddfb2c45,38000,1,Claimed,"{'model_id': 'model_mnist_784_noniid', 'account': 'acct_32', 'amount_wei': 9838110466968487}",mock
0x44c2c48fa36ad3dab3d599e41ac8596c8519f5e82690f17de7360641c62f442d,38000,1,Claimed,"{'model_id': 'model_mnist_784_noniid', 'account': 'acct_33', 'amount_wei': 14783747259384825}",mock
0xfdc2562ba030f33558b0fb41e2291133550282787a60e3215a44a231b6d670ed,38000,1,Claimed,"{'model_id': 'model_mnist_784_noniid', 'account': 'acct_34', 'amount_wei': 14783747259384825}",mock
0x20858528a6137fa55108349bdf17731b50a2fbae56b4936220db99bdb5b8341c,38000,1,Claimed,"{'model_id': 'model_mnist_784_noniid', 'account': 'acct_35', 'amount_wei': 12328966897627718}",mock
0xd4be02dc208e41f79b631a62798f24dd38128df2ec43af0316781a4d880afbdb,38000,1,Claimed,"{'model_id': 'model_mnist_784_noniid', 'account': 'acct_36', 'amount_wei': 12295942381336045}",mock
0x554c2810f0ebc830486e16d5cc470849de75e8406639ef50d76c996ba66f62d8,38000,1,Claimed,"{'model_id': 'model_mnist_784_noniid', 'account': 'acct_37', 'amount_wei': 13551189119849941}",mock
0x6e0f8d58e8b58e48e14c1e7edacb710d1d8619703175e8a7eb2bc9add90a9743,38000,1,Claimed,"{'model_id': 'model_mnist_784_noniid', 'account': 'acct_38', 'amount_wei': 11067506136166958}",mock
0xbd183d687b8b5036aacf2bc4811eae4188f75f2074d216a989dec956e41c8163,38000,1,Claimed,"{'model_id': 'model_mnist_784_noniid', 'account': 'acct_39', 'amount_wei': 12313093881754703}",mock
0x56e39bb5801aa7093b0c6cfff9f7b898606e1567bf69861b37ec393143713069,38000,1,Claimed,"{'model_id': 'model_mnist_784_noniid', 'account': 'acct_40', 'amount_wei': 14783747259384825}",mock
0x52401a23f051756111301d5da96f7b787f4e7459b4bccaa8ad4cff27624536ba,38000,1,Claimed,"{'model_id': 'model_mnist_784_noniid', 'account': 'acct_41', 'amount_wei': 12301749582265197}",mock
0x71ec3ace0cfa79e554e95908ec1c9d5739c9be717c101569adddf122c288b09d,38000,1,Claimed,"{'model_id': 'model_mnist_784_noniid', 'account': 'acct_42', 'amount_wei': 11087723476404520}",mock
0xe0177c47b708447f8a2fc22153fded96273017a148959da4620b0f6e3c0126ab,38000,1,Claimed,"{'model_id': 'model_mnist_784_noniid', 'account': 'acct_43', 'amount_wei': 12295942381336045}",mock
0x63ce5495600dec8d3195d7e0acd60f2a1682dbb93154a3c1dac50f3253a452d5,38000,1,Claimed,"{'model_id': 'model_mnist_784_noniid', 'account': 'acct_44', 'amount_wei': 14783747259384825}",mock
0x2bb7d8bc786437c95af8d758a6187cfd5df21053a01c2d8e9bd8aabc143e22c7,38000,1,Claimed,"{'model_id': 'model_mnist_784_noniid', 'account': 'acct_45', 'amount_wei': 13539844820360435}",mock
0x065d24adcb71742261f4988ca6e82c165c403d689362f99551fe009b1bb7f27c,38000,1,Claimed,"{'model_id': 'model_mnist_784_noniid', 'account': 'acct_46', 'amount_wei': 14783747259384825}",mock
0xf48daf08fe0c8d153b1d3e73cb745eb83a95a50b44255341adced237dc6484be,38000,1,Claimed,"{'model_id': 'model_mnist_784_noniid', 'account': 'acct_47', 'amount_wei': 12313093881754703}",mock
0x62e5ee68d28d152fd6669e66528313bc3c6d7b0bd8c89b79d874597960ae1f00,38000,1,Claimed,"{'model_id': 'model_mnist_784_noniid', 'account': 'acct_48', 'amount_wei': 13539844820360435}",mock
0x1f97d7f453da206fdbdc55eacc389a8b7a1eb8c21f41e1e3021aaa8e22daddf6,38000,1,Claimed,"{'model_id': 'model_mnist_784_noniid', 'account': 'acct_49', 'amount_wei': 13551189119849941}",mock
0x8c8218834cf18ec74b14f16f646b9310b2c2d883bdf80089e374ae843ff17b29,38000,1,Claimed,"{'model_id': 'model_mnist_784_noniid', 'account': 'acct_50', 'amount_wei': 13539844820360435}",mock
