tx,gas_used,event,backend
958bd85f9eff95183e9481641572595a32fe4822d80e0b3faea150c85536aa58,1391031,Deploy,anvil
fb9a59e771812e364640032db97ed2a0fd6b01b5ca827fcbb7895c7ff686d275,210803,createListing,anvil
6b77446cdbbf367325c9a464058810c90d77c39d30a32b63bfdc698e1a69d7a9,48356,fundRound,anvil
23b73f6ac06365372aeb92c0805b438471836eed6c0b16f1d93a23c4bae0d394,112690,reserveTicket,anvil
99836542e594ae5dd1c5c7dc11f124a5f6b89046df09fe9d82fbd68b4c7b5934,170280,publishUpdate,anvil
8a4a753d4fb303c30631367f8938d187d625c0bfef129c1fd5a8d22e89d66531,112690,reserveTicket,anvil
ea0b9435b83f10753750c57fb58f1e0ce70ea5eefadfe92a2b493a34ac3fc9e1,170280,publishUpdate,anvil
2da352cf33ddeeff7b5b5b3f6ba759eb3353cedc0c10d9c8a7f940491e9e136f,112690,reserveTicket,anvil
995cb973f4f3f830cbf46dc79687d7f902730779dcd9ef0d90eef4cfd2d5788b,170280,publishUpdate,anvil
96a0d5e00ecc5fa430f765cdd378dba01b645806307389ce4216d21efadaaaf1,112690,reserveTicket,anvil
49fb875d29643e0b292fdf943a91aa7745f96fe111718a94e2446ab675ad1286,170280,publishUpdate,anvil
4097a5020e416c59dc92251a89c1413e0fce694354fed6ab13ee224b121d7b6c,112690,reserveTicket,anvil
e53d6a58c71c811bece1fef06e0b17e9ec8d2970bcb4fcca734160e6fddbc555,170280,publishUpdate,anvil
497458c3910b6fca2f5e5000e67e3eeb885a57a4cf025223c7c2e853b8d8afef,112690,reserveTicket,anvil
96ebaefe35fefed3943a27685c0535c068cc3d601a401cf2fb06e33951ae3857,170268,publishUpdate,anvil
89742b2024604a89b1e8a07df5566fe81b14672ba0eae9cbe8aa15259a367d82,112690,reserveTicket,anvil
f445e37d19c3403336bae4b0ee55a7fcf598f6abcd6d84496a6f4f2b3356cb7c,170280,publishUpdate,anvil
89a009d3dd250c704cd732f561633a4d62848d974fb5d04a26bb858921d96ca7,112690,reserveTicket,anvil
31969f4ccb2198f9bf4bc21d711c884d68fd2a842512d357ce0206a91d6928f5,170280,publishUpdate,anvil
5279fb4c946e33a8edb36ceb8853bbadc0271e24fbeb4d2387831f4d313f0b20,112690,reserveTicket,anvil
0fc93bbe7ed9b96bf7b4aa0b3f2bd7977e750a6c6061f44f2d01c3a3cd2e0893,170280,publishUpdate,anvil
671908672817b778f612be06383a65ca9856653590a10176e6ad4a009776f0f4,112690,reserveTicket,anvil
4196f32661bb9ee69344a6c2651be0fee974087fdae2f84221e370d83aa1727e,170280,publishUpdate,anvil
b552f4a5591f1a942003a16cdabeff57b8fb3f69bba50ea8c1773fc97a338b99,112690,reserveTicket,anvil
341a1b0c0865174e1848820c5a7aa537abe36b6bccdf354dfee288777eec09a9,170280,publishUpdate,anvil
9113824fb0a47dcf4e8b373d02717671297df2c66411cc34e8f7f00f5797f78c,112690,reserveTicket,anvil
13c72c6a5b9039fa926d43dd8f1d46ec21b9acb9dbc1e6174bbb8f1a4cf06a5b,170280,publishUpdate,anvil
c663db33d40935f248aa637fb240bbcdfb1b3131fe1cca429d3e141041b21047,112690,reserveTicket,anvil
b42a457d211369160c8125513f275ee04c1c395da60ee6f4e13734793a828e1c,170280,publishUpdate,anvil
1a6b186116548db9fdcd9c7928c37e59dfe3f5889d4203b45f37aefc18c67301,112690,reserveTicket,anvil
f21a71d926d3d131c60c4fcbded58e9b899071cc1e515e33ce58c94518b6f85a,170280,publishUpdate,anvil
95c58769b2ee0fcc8f2e51f791bc0f5424830bfdbe40360bef8cf69ca4e1e446,112690,reserveTicket,anvil
9ab698da816930f9af27de22c1fc9646263e61fbce20ab0a0ce103c314c661f9,170280,publishUpdate,anvil
10e3bd91310fbb9e4afedb496f0866a7c7992714d2bea23869c83cc103f8a6d9,112690,reserveTicket,anvil
4fdc83d94c255fb34c55e004029f52f0032ab982e8c81419a06132abd3ad2e94,170280,publishUpdate,anvil
b3d5d33bdac092d1e6d2040711edd09200c79a6c4e42e09b37394d485a3f7896,112690,reserveTicket,anvil
25221f24389e18cecc38cd52eee9e0a98a3d92ef21423aee4d93c6904768bd76,170280,publishUpdate,anvil
c8933b4d4de3d78eecc2b6122c9ca2e1c64a6cef44cf06ce06e4797b680df28a,112690,reserveTicket,anvil
2cc2196056ad748a9b5d5347b425f3438e576340fb6119c412f46c5ba345d265,170280,publishUpdate,anvil
5becf95c9e871b82eea15be8c7e139a166f6fef4f3e6f08d8a653a9e468eadf9,112690,reserveTicket,anvil
cc9b61007e107baa06daf3f5c00ca76220b141f99f1df6103967fde60ac987a1,170280,publishUpdate,anvil
4090604cf43374e87b8de53b64c56006cf012d5e201f584127594c9b4ce3165f,112690,reserveTicket,anvil
bc497a253b9f58adbe1df1935efd0817a5d694ac0874bf1c09e718351e2f742d,170280,publishUpdate,anvil
8c05f17fe48b622a44319271aa1bef08c15634a8b8df1a93e8ea67bf6c02a3cc,112690,reserveTicket,anvil
b228126ae8d054d26673481edfc7b92835fcab00a1b6e787d88ba332562c46d6,170280,publishUpdate,anvil
5271c2a5b87f13dd4124924592caf6f7e62dc6aa5cce606a488b12b99914418d,112690,reserveTicket,anvil
aa4ba81156e46cada56c5a1cd232fbd1a19dcb9bc643793272ffc7d4a5ced199,170280,publishUpdate,anvil
bd8ee446f8286fb62c72d13a5fa2dd9cf0a19fc92db9dc4fb709955c13c84cc4,112690,reserveTicket,anvil
0ff1bc627957ea23bb9300dcf53088e682ad08eb952472db6e96fa0543aabcbf,170280,publishUpdate,anvil
74ba99e61fd7bad35561ef586594557bf2815afb94e78ec3f3d5c68a78a7c824,112690,reserveTicket,anvil
ce8858b919d990dd6cd0ed314f4dd2e04f67e003a833dc8057646f1943871690,170280,publishUpdate,anvil
54748ccf1b4e21a6445797491e435d40821ef565bf444f66aa8424e3fe77acde,112690,reserveTicket,anvil
64559b7460974a2a3f543c7aef6c17b9f62e635f497fb8aa6caa173280c6eef5,170280,publishUpdate,anvil
4660f8d16d6d9cb3b9b1b04dbe3feb2c748f9bd9700e5725ce3a176d719c0696,112690,reserveTicket,anvil
aa33d20377deb5823ecbcec550ac160eb3f5b3d224f5f6c9fd640e6a9b9d5bd6,170280,publishUpdate,anvil
7901bd6206ccad93d1d9535f7e277722adb3fa4cf0f1fcd47ac2c10768bb5597,112690,reserveTicket,anvil
53fb04cd4ba84623b2345f1eeced421676548f710fd89175f1545901af9199db,170280,publishUpdate,anvil
03302e0f1fe3a8f5590507cf85951e47cef2fc018e26b5ceb85fef50a151f0e2,112690,reserveTicket,anvil
aecb13753094cfff346743cc8ad99a1a1109090aff000cfb0d2d4b58e9a8a2b8,170280,publishUpdate,anvil
a2f9f515c8df77b23c450d8c5a4ae0c4cf2c0e6d949b543fb4ce07fc17a45e6f,112690,reserveTicket,anvil
a49fce8790106de0b0c496f33f60e5145a88ff6cbc5ee52b67c25c1c5ce5df08,170280,publishUpdate,anvil
0bb2a0e8d4b90bb8335f67421fb2ce8a350e493edda42b33d757ec57466d5113,112690,reserveTicket,anvil
ddac8d1999edbc10d1c5b692392643721b94061de67cee339ef564f871840cde,170280,publishUpdate,anvil
a862eabc42226240fe7b9676ac4d7777fe6b6885336f28358d604ee2f9eca075,112690,reserveTicket,anvil
bbe9668a655d8f703e6a34b819ad5c3f1c8d7f19354f7628df7f6133635ab29b,170280,publishUpdate,anvil
81c96f4d1c005d3e21b9190bd3530f5bdcadfde2c9156b5000bfc951a31becc7,112690,reserveTicket,anvil
6bf92cd36d189076a3cd9f03843fc8da0d0dabe914c614d2b38eca26ca8a39a8,170280,publishUpdate,anvil
476bce28b730880a34a918dc4fb17b75e8f1a0083a72bcb3e8a789dd39a1967a,112690,reserveTicket,anvil
45fcdab50eca4e3b795934880d4ebf47f8e3747360a048fabe590c15582f44da,170280,publishUpdate,anvil
e5d4506dff712c6c768f9d83075547ba6d9b0f99afae4f22127cc618288abc75,112690,reserveTicket,anvil
06a0f327331af6a4031ac3cc4b0cd86cb69893a1213210b9eb8afd32dde3b783,170280,publishUpdate,anvil
0584605b3200d4166a5a62b9f4e0a429ea8759b3e0c32d4691108f10bb7d8c70,112690,reserveTicket,anvil
2e4ec5cea298b3af62d5328fc58112d1ea6b41aee073d2e2c873efffe0566c8f,170280,publishUpdate,anvil
96ca33edbe48c0061b0178db295da50b87477b11a272ea1a58903bbc826e3418,112690,reserveTicket,anvil
a44c6ec4cd9a6f8f78f13cf82a24e248d758cbfe04d14d30ec3a20822303c3f3,170280,publishUpdate,anvil
d3eac85a5fc25a4f7a468187b362542bfd65737ff80a2d386e5d46df4b3e08f7,112690,reserveTicket,anvil
24e433bae99149a3f810e018af1c6f8d447e1e216414b457b6c288b5a65c57d0,170280,publishUpdate,anvil
dad4ecb80916dcbcb08a0a8e6d69f53383213c9e0ac8811666336e816bad5b9a,112690,reserveTicket,anvil
bc248663daac9fe10d69a9be6df801b8ad4c58d80e51886abfef7fd1c16f9759,170268,publishUpdate,anvil
5e0633baf167faeabffef0532ab03b8646b65750249c58697d6ba8b29433de18,112690,reserveTicket,anvil
fccee2551551ca64bb8c17b663b5176d9ed8f7d36407e9ad5627c88677f24e09,170280,publishUpdate,anvil
3a93f1658eab6265e91ce8d25cf59b5457473c708193cdefce6d220d9da17401,112690,reserveTicket,anvil
46cdaf81987e40a01eb68bc994339312fde4416e0375de7038ee0880118bc434,170280,publishUpdate,anvil
a19d1dbd9dd372cb891d6e0b1b0fdf17b9150dbc1ba11426c6e611e580205fd5,112690,reserveTicket,anvil
91cea6df979a52e27353f672b7b33b57d55e2a20d73b7dfc17ae15aa245062d9,170280,publishUpdate,anvil
7c18adf81d877016c8070b6a6cf19d2f821219e7935bb4aaef1be587f9ad9d32,112690,reserveTicket,anvil
6a42ae9775fad87d7e056dfec004e96bc6b8d94f14c8adb4ea5d757156fddfca,170280,publishUpdate,anvil
4bc2484d9ffc2e809d7dd9b9226680ae6bdac898e1a79c237f5da9d932b2d8e3,112690,reserveTicket,anvil
c2a0ef34133d47c4440e79ed53d4d096c0fc8ccbb3c5815804dc25bbbd1e52ca,170280,publishUpdate,anvil
ee355c48bef30318f246608affcec0f881bf3d63195945504354b406325ca099,112690,reserveTicket,anvil
872ae69ce986a9d88cc9fbda5ec66ca629255bd192005acea42e805e453b8a84,170280,publishUpdate,anvil
c45599b2ae13761e08bf39680567007ad9fe41f7003dfa31aac136fcf7c4c7cc,112690,reserveTicket,anvil
a3f5e051e5c55d2ba321656fd7931e0dfd96015b3a0eabe33ea73c88f67bb3d5,170280,publishUpdate,anvil
832d35916030a7db2b58e13a0f947cfcb6df47a758af063a53c39cf84b29cc4e,112690,reserveTicket,anvil
c80fd82248772eabb7dd6a9a0dcf3ff3c55cfcf6174980d1fcab7ad317cdbc24,170280,publishUpdate,anvil
0c0c5bd683de5bdc08c5d9cf5aa8738120dbc464d751de8a457f4cda2e2aace5,112690,reserveTicket,anvil
9a1d5f045680fd01eea6cdfe209f8730313881334fd024eadc458fba84a1690f,170268,publishUpdate,anvil
7ff51d149f80b3b31c3f090a3e927c53baea20dd803ecc1084d95f3f89b791ec,112690,reserveTicket,anvil
820ccf77e9ec837a70f69dbc240b6b9b350e9d3f5ec6020a7ffcc13a53969aa1,170280,publishUpdate,anvil
2c24254a7197843ad61019cddd9d17e5d46f6a009e6e490ea1b2dfc421f97272,112690,reserveTicket,anvil
9aeca390a3e66292baf58f3f0a2a9aca68aa67d77c4707aa50516a4aed6d17c4,170280,publishUpdate,anvil
950a1623a7f363be6cd418f1585a17b8e46bf450f0a93af5785bde05a8ddb6a5,112690,reserveTicket,anvil
9bf536831d39b0783b5e1846d535da6ed90ef9d90a9cdd6b58a03e66aa1c8b71,170280,publishUpdate,anvil
e38b4ebff073bffd346d27e22cba9f3aeb902689127e8c31011cdb3eb69c4b65,112690,reserveTicket,anvil
8d377a763bf329705eafc8df7f65158a57200b8eae7be5ab4937c7c95e91a6e0,170280,publishUpdate,anvil
a189568a307bdd3861be976e0c1128e847a46bd92fdd9cc93c0b54af59c0a077,112690,reserveTicket,anvil
1c25ad39d872fcb69c2eedd3389e3bc32ad38e8d91c768f8f5f9e85261b54631,170280,publishUpdate,anvil
2897a10d21339e09c5071d92eedda6274df36e1a891b1647f23a54197bd7333a,112690,reserveTicket,anvil
39fabf98ed5e601c71ab86589a6a83892bbb0e88817950e2e5843b0ce287b5fa,170280,publishUpdate,anvil
329314c8e5db3ace3e72d70f9ecc33443bbbe0ff5e8816a4fdc75fff13887c8c,112690,reserveTicket,anvil
5fc89eab1c593fcf234feec693ec9764f4379f109d0ea98a1eb0c1646a262784,170268,publishUpdate,anvil
b2f27701f9648c0488f8a83eb2559161a6fd337abf88ebb71e3d0e91133d0518,112690,reserveTicket,anvil
29a7fafc90487d6eafef81b3e6bff060e447dd872581dadb1739abe038d7a5be,170280,publishUpdate,anvil
9d1de9e4cbec6a77105711072f2c15bbd1b1442814f7a1fa21f5f12387fc08ae,112690,reserveTicket,anvil
9c76c35c1745dd31e430650f88d73fd3ddc39c06d446f7594c07e408fea8ebc1,170280,publishUpdate,anvil
73a8f382dec872e6eeb80f794092236f81321d13a316b8edd630efaae98e3f05,112690,reserveTicket,anvil
54bfe68b506cfa33cc4e98fe49c25b794bd1e3c982253ed82e33106cfdd658a7,170280,publishUpdate,anvil
4b1d00945c1397d970804d983fe266aa0d1e18b5a7a392d4193a62ec0c8c2be6,112690,reserveTicket,anvil
79f8f2068c217b10cb6c6f83423214c077bf533c1e9245a054eb4f32cc44d12b,170280,publishUpdate,anvil
a6deedaccfb49596b3f40bf180386ae46773be61f6b17b9e377ff7f5d7265aa7,112690,reserveTicket,anvil
f4801c0910aa0f306276bf4fa6c4b7948096729a13bb8ceee1e07726730c9ddd,170280,publishUpdate,anvil
89c6c8e07884a8b432b2f3bedd6618eaf535ee410b78af3fc6d962e79339a99a,112690,reserveTicket,anvil
6d76f9c77449b3fc7feb593d3e0516469017f2e97929ef92d43bc1bed849e4bd,170280,publishUpdate,anvil
200c91d76907b0cacfe08e9a2cf4c5b2af5d40515e56e38c1c5ce22f51fa93e0,112690,reserveTicket,anvil
05660fc0e8eb81cc64a8141c9d7c7096203317d622465d70393010137fe85c1d,170280,publishUpdate,anvil
1aa930d0178def7ab4642d7ef9ac1b847547426f3e52b11265feef2fed7e0c13,112690,reserveTicket,anvil
505738db39f54827116bc3f7eb04662630b279ee85ada4002c75534d9d3cd022,170280,publishUpdate,anvil
8fcfec6fc7bf6f4500a73173746788305b091ba2d40b20008b69839db9cb4fbb,112690,reserveTicket,anvil
5eac6ca9cd04a2789490bdf1b9c6af64d0262a2bb9871a2d2bc81445fa829152,170280,publishUpdate,anvil
eca3ca52db2b105778d852a7aa84a99db7bcb6ee783c01e675c4551b00d2dce8,112690,reserveTicket,anvil
90e88f8810191dfc88e272eda81a3018b23dd3953f279c7ca54cd7479c0a9b87,170280,publishUpdate,anvil
fb60430880fbe5d0dc69f1d6931b0dadfee6952cabdbbd85978d2de7672ccf6b,112690,reserveTicket,anvil
30bce1915d982e88871cc276d60cc7aa11857584d2bead2f65039a9520af0db3,170280,publishUpdate,anvil
d606d66951bea8bd6c4e496a93fc954962842b549f223d390a2ab6b6017152dd,112690,reserveTicket,anvil
3c7c91ff5211e1514f0750ecf1e56917ed2c7963e9644d446b8f2ae6faec368b,170280,publishUpdate,anvil
b533401c3163542177025a4be04ac830a6b4ed7d5e6b6b899be0535806ddc0b9,112690,reserveTicket,anvil
e2aa6a3221df4be96a4c2a0e4ee650262b533d62b9ebb33c104821f69c402c7f,170280,publishUpdate,anvil
9dc5829421c68de73eebf017637e84c78485c2e28e82c3f22ef61e1b0997e565,112690,reserveTicket,anvil
640d1e301608bd4b8b5a6933b591ee526ca9ff7021e383d54d43c11129e43e5a,170280,publishUpdate,anvil
d192e750a121216efd9f137e81c3c3c2074f0dd8d0d17fb29f2c075953f61527,112690,reserveTicket,anvil
2f134d24852aee488cfb624664047f601d5ce76a43be757f326d661885bce55d,170280,publishUpdate,anvil
6c306489cb7cf200935b33d363420bca8c85c083d5ce47b216c8615248cd4ad8,112690,reserveTicket,anvil
fd0fbc52c6e100a18e9e81acbfe14f8e086c6b465813d7419f183cc53e889022,170280,publishUpdate,anvil
2a27c255821b6b82c69bf98a5e01b5555c27084e84a73d0b4a47c1b46a4d5819,112690,reserveTicket,anvil
b6665aa49278a276f140177fa066a0659053821f1e0768e9131f32429237e060,170280,publishUpdate,anvil
0967e7bdce3f14190375c38270e67c92d57a5b46b6f49248867c589fb598806c,112690,reserveTicket,anvil
ee8e0a761ba72a0547c161c02545772a948b88ce82dafe3a5d63b82f6765fe86,170280,publishUpdate,anvil
3ddfd0f01e9dd995c3de5131356c5146d5884acc162b156e8232f251e9b8544c,112690,reserveTicket,anvil
f1fda32af97d7b259f673e43b917cfc99b24989b6e94e9dafab9621851993308,170280,publishUpdate,anvil
3d2d50124f3296ef0eab80b6ae6467d1451a4ea04b11b4a65c33ec16fc807cb6,112690,reserveTicket,anvil
cbb9a0c7ab4bcd414dcbf675877e452ffd305cd3d498b07c8d08dce034df19ee,170268,publishUpdate,anvil
f664c514fc7d612ae0ab64599627797a09f6b35a35a221f7cd3d0883d0b163a0,112690,reserveTicket,anvil
af983fdae8db3f0542952d520003f90529fef4bb7e3939b94ca7f6d4ebe0605e,170280,publishUpdate,anvil
2d0b5bcb01619340045f845df6e4d9bb9d97ed188e17f68c184e523a35a0ca28,112690,reserveTicket,anvil
d1ffbaaddedf640dc436a3304e250013409ce616778e8f552c541d2bfcc84c78,170280,publishUpdate,anvil
b6e1c344d3de117c8f94573a98b17063c08201e9b165f0f563ba8d73737cf558,112690,reserveTicket,anvil
7ba28c38fe2a67066acada22848abac3edf9efca0bef0d374fbea2ed4dd9e8c4,170280,publishUpdate,anvil
5b67e5c4747fd0385eaace20909398d35b509e8b80c51e4c4b2b73f3cb055468,112690,reserveTicket,anvil
b60a04197120c400856db63a1cf22e72e3d9346f20da4022cd551dce6006f8e9,170280,publishUpdate,anvil
e3a85296a2af569334c444f1eaee8f9306d7b11d1939bc37851bc87aa95a7e14,112690,reserveTicket,anvil
46fa5ee3efb4a561811a5e5ac83120d508ba45a7a28b6fc5aa19ab36b1a3bd30,170280,publishUpdate,anvil
586b0b8472c6504d61559dbb8141f165b3b0a4df41e5bcc6c6058c5116f30dd6,112690,reserveTicket,anvil
4d2814abc7a609a68e010dade6137b49775fdacd4d7db6c005821f300f3ba2ec,170268,publishUpdate,anvil
3c4d28db3d57afe3948b4dcb28ba1a253aaf66f7c5f402e57bbea3104de97a30,112690,reserveTicket,anvil
b50909f4c63a1c672168630dfb7fec229de6f5a173b8fffe542107c0de055214,170280,publishUpdate,anvil
a31af769d56ff6cdcba71fb1f761b3da45d2245cef625e2c37d58220f31373b5,112690,reserveTicket,anvil
b95ebef4f0cf57b5d8600e901c256bee5c554b30539f49ea270376af69aaaa8d,170280,publishUpdate,anvil
256c6ef164abf10660ca52558f615c5e7c5386ac8c166d7464798dc63aa5c65e,112690,reserveTicket,anvil
4890f10cdac203baf8f222fd7194c7a94d9df6eb2b618f949ae03a98ef616b91,170280,publishUpdate,anvil
e2139385b302a1bcd80a8e24675232ce93634f12ea3e14dcbf5c0c8e86161296,112690,reserveTicket,anvil
3fc8a220e65b6c512f3c9d81da98bd87536270f5c4303ca038a57f3cba44045e,170280,publishUpdate,anvil
ccb1cc7b4925c8730f34d4e4bda31efddd1ce5e8c56c0f68c19acad21e2b0e06,112690,reserveTicket,anvil
09902a03f2ab605e593cd89388201ba6e3e84397d49c8c47af34eca98a91e6f0,170256,publishUpdate,anvil
52f7e6ccac1d808b0b78514d6639bb47d733666f572cccb5d3db290af4ae1fb8,112690,reserveTicket,anvil
21a5254485a834ea666a29e738f86abaa6ac2bdd16f999404eda58b1c56b909e,170280,publishUpdate,anvil
774175f723a634941382d30330e9670037fed83bb9ca73955f839a0ca55deca7,112690,reserveTicket,anvil
5f2c1a8ee4bb1b3a0f7564376d50fe2c08aba6de7cc61427b073766ed85f18ca,170280,publishUpdate,anvil
c73e1c1a1091ea22c28ea2ce73976ee0db03ffe1f15d323d9e8f8078c882961c,112690,reserveTicket,anvil
0df3f25775ba7d93cd95f991c7dd0fb6df756279d0b4810ebb1b6fc1aec07fcd,170280,publishUpdate,anvil
d61ae3054fd37d9f7e849fd53f6c52bab82f18ea86a648245da1b35d0da5a1eb,112690,reserveTicket,anvil
7c9eaf996578dc167a1bac7ce94d815d5df7a04faa621522d30a114b6fe47fa7,170280,publishUpdate,anvil
bdb4b817636c6768312936ee9bb214d143adf77b43c44f20956f798e20fbe3b6,112690,reserveTicket,anvil
49cdcfc868d690253e883b62091668f7503eaf29e0f2edbb6a02cb18d0ceac92,170280,publishUpdate,anvil
998ff7ae76e76fd8ecca325265b610a57a834a1bfaf3d5d9ad5da1eb8bcfb04e,112690,reserveTicket,anvil
08af3c91dcb09b9a51698f79468a480f545ea2f122d5976a315e021c93273f19,170280,publishUpdate,anvil
4eac7e2559e40acfddff64b65530e6ca857eda4fc6d2fd19e66c1cdd9a2ff15b,112690,reserveTicket,anvil
ba971253d3a1f5b367fd3ca76fc8852ee22926372e2b30d95dcd26ebd316e04e,170280,publishUpdate,anvil
75b23e8b5f0dc554af2e61bd5ebad192425e35fa6ec01df01862dca698161efd,112690,reserveTicket,anvil
b75a9ba7d2fa91624e1a7735b318b963a4d4ce615fe5d32f7bbf7920fc14f51f,170280,publishUpdate,anvil
e6c3e4c5bb4539c9eb37492631484589bfc93197669b6a41f03b1d861e27b8c5,112690,reserveTicket,anvil
e91591eeecb9da62cdb5aaa9c47a55108ad0837ac1ab35fc60eaa994e6290c84,170280,publishUpdate,anvil
af37b1016064044d3edc0abfbe14f7d40c37ca41acb9ad8af3b47862004e934f,112690,reserveTicket,anvil
59782861afef2ab93e12e10b9dd22b54be4abfe78c1ef5b3ef91258545c1e24f,170280,publishUpdate,anvil
4311c2a4f0bbc20c7fff2b66d05e02d96dc8b37f0fa9a22e811cb8e7dc9c036b,112690,reserveTicket,anvil
6a503da15bf27af5da8f1e52e7c16b0a18f26699212e5d0927f58200fa0ab104,170280,publishUpdate,anvil
c65c6de883da87e2b8a7003d91906d97db1a7721c2dc3e966ac81e2340fd49bc,112690,reserveTicket,anvil
b291a269f2e2a821012c52344dfa5d25254df18663fb74d2d9617b6f4951d9d7,170280,publishUpdate,anvil
0c00d4b926eadda95819a90424717460ecbab6e11cfe00922d33fdb6dee30729,112690,reserveTicket,anvil
c4bcd67cda8bb23cae9b113028a2c3b1fd3e297571aa9a1976c412e6493b8300,170280,publishUpdate,anvil
86abf6d0e4e6e5d092430232ab2bf277b14dbb8e1abcb1bc85f1aa3ed2ac9d97,112690,reserveTicket,anvil
2b4c14d0672291fed281a00622bbdafa229e39c686a89aa62fad335b26946632,170280,publishUpdate,anvil
45f8adc9c472f34c944d7ff9d150b3d601e5e0a86343be399d6f12094c961401,112690,reserveTicket,anvil
8a84949b46685a4d17f9cb27ecd23e0791a286ff6dcbafa2618a76322866ae05,170280,publishUpdate,anvil
344b806a0a3cfc10cec94188c4f5a336fdaa4dede5f717ec86d0bb73d2b180a6,112690,reserveTicket,anvil
6fe8fdde443a052fd268fa28598c119092e991e327939465340491288576efcb,170280,publishUpdate,anvil
7ce8c2341be92f8d56447d752c0773a2fafcf691b0af8716e6a90d4e8c7d0690,112690,reserveTicket,anvil
6088e976f4566ec5fe7855d8589f7ba09e181ced7d669cbf3c01e8eedae20af8,170280,publishUpdate,anvil
e07024f56edfef3adb20ae0f953471b115502034437b2aab74b371973329f9c7,112690,reserveTicket,anvil
b933b75d765ec4bf9cd643b9f26f0773452c62b89cec769c5702c2726221654a,170280,publishUpdate,anvil
ceba7cac3e8e63907fe177191678fcf8642731d7428f8b8244b2a1957c8625e1,112690,reserveTicket,anvil
6897a91d259bdabcd53bfb9a2c1f67c3996fa2d39621f92b1f98e9f606175af8,170280,publishUpdate,anvil
fdfb7461915ec2f2b47b85f767383f74dbddbf7543d00ae20bcbe1f79e650d35,112690,reserveTicket,anvil
cd503cbef628b96facacf1aa23f4210973f6d13e22bb47f299269fd10fca7f24,170280,publishUpdate,anvil
9f5d111ee8e394b848907cbb8d98471210edc945ef792f79167d573c251ddc83,112690,reserveTicket,anvil
d7fa6f6eaf4d6d604bb962fb2f78985eeedc6a14c8de9fb141ddf0619badd94f,170280,publishUpdate,anvil
0d218cfd642baefb4cdb00211f5dbb701d05890a138a8a6451dea4f8438ce58b,112690,reserveTicket,anvil
035361b1c8c4d4003ab095a4517770e277c7d69086a2b4e40854d52323f10f21,170280,publishUpdate,anvil
637d478715583da7e8ec720da006a7d0d7f1ec8b10bc580a8c29d37796a96ccb,112690,reserveTicket,anvil
c0ecb23e2315ac04c46366bc12c480b7b924f22726849e82a0404d269c10aadd,170280,publishUpdate,anvil
fe31daa96107b02d495bd277f366f8f9a06fb205890bf826dcc7689e7d42e6ee,112690,reserveTicket,anvil
15545c2a89293e6a6f3f1d5c93f2b672737d82cec337eaf6bccdb740f884a752,170280,publishUpdate,anvil
047254958681f0c0867e00b110e5a90fbcce811b1aa14bd2db2cb97aeaf039eb,112690,reserveTicket,anvil
f679b8e90187a23e55fe39f8c673e59ab6a0a86289d0e156ccc0f0f7c8816259,170280,publishUpdate,anvil
8db3ded65f60aa9bc28b1f72934e00de9cfae27f1f152a3d6a2289831cf2f13b,112690,reserveTicket,anvil
6a4d7f065b5d8fe3c3aec04c667cb91d8c5442c21c8981bda6c3e53f5fd863d2,170280,publishUpdate,anvil
74e9e843dcc76aa6806a63b79b7f74dcb2b657ab7b9225e259c1507baf705781,112690,reserveTicket,anvil
a94ed8c9a717f645b322a36dca830eb4a2aaa96ef143152067a128b3e768b0c3,170280,publishUpdate,anvil
531c40c7d8ef400bb0257783a24432a052691b06ffe6080cec4a67d0ce193613,112690,reserveTicket,anvil
b1d4fa7a6821033dae6ff03220b80d81292e574263ca8cdac09f036fde19a79b,170280,publishUpdate,anvil
663e084455b5bfbf8fcf65e23a08734abfc67a1011843e2a9d25291a2c039596,112690,reserveTicket,anvil
b2715c559f55c95119ee211eeb2f9b92e71a19c6d1be35388f79609877c4d354,170280,publishUpdate,anvil
82b531b98e16858f60e65faa37b5e5af8085ff9f6a20fb93304bd4e3106397c2,112690,reserveTicket,anvil
6da51c0b00d13ee9c427fcd8ebe67cb6bd2c7e836c9bc3d55fb93b26277a90bd,170280,publishUpdate,anvil
e21cf5f1966794b8412c99295b39a2818852a3c67a792843adbe4f68a1f6381f,112690,reserveTicket,anvil
1baca4d57a4526c10066673b312d8512b3992a3033900def69ab7701f34195e9,170280,publishUpdate,anvil
55b052b6dc7baadcfcb189e7e843599f2d867624ae8f32a5e74717adb916b90c,112690,reserveTicket,anvil
aed4b831235fd905d7d19398f91ca74b80268989058ee7ec34f2c376fb3dda6e,170280,publishUpdate,anvil
c1b3de1b5d81531ae991c597841e0f1d0424be74253f1caef5a74b852ad17f44,112690,reserveTicket,anvil
a3bfc4d2b8955e4c576624de3620e460e0bab5c96726515a43169e93cbec8a94,170268,publishUpdate,anvil
5f6d98e1b936e031aa4747c4baded35c7ec2e95d1db88ee73c7107e32eacb21c,112690,reserveTicket,anvil
b716b3f4a91c6f7fbf8ad22eb5f9a16ecf5bdeff3b676612864b2919a3f2d8b6,170280,publishUpdate,anvil
9d4fb3695f89f01c4c32ae0e353d5bf81e9f89c5c2dfa105ac2f1ee7b0be8c14,112690,reserveTicket,anvil
206918553e95d90e6abc909d5daa44ad117a442ab9f9621dde5c059c007658dd,170280,publishUpdate,anvil
50882311e4f6a59bf368fffb450ad3ab4c3e3bf8303a4def34d3a881e083102c,112690,reserveTicket,anvil
7d657585bdb95a9970753ef95ee78389be5ddaedfe890fd5647d6b4f2f1274f6,170280,publishUpdate,anvil
de7f056a614b07768762eebf969513708230ea572191626a7d60ca7109acb1c0,112690,reserveTicket,anvil
9ac006d07788b2f3d30902b214c60582d279ec54d7a7e51fb8138f3cd7cebbcc,170280,publishUpdate,anvil
4a0a5f062d8a22d2eda27d58ce60f26c57527f50be79e589e3c1c02a20933b0a,112690,reserveTicket,anvil
6862836486ac350c5e1408a25870467c6b2374b55aa0fab47b44955d9cf83855,170268,publishUpdate,anvil
76bb8525726f204fb15e085a01a67f9480a976033959672ffe06da4673a5fc98,112690,reserveTicket,anvil
7ea8c9003f742fea5db320487fff4f7fc3c71eb61c24fd9d70d49185adc2f2c7,170280,publishUpdate,anvil
daa384563998e37577ddc55585b4c894cd0e0438de303a2bdd5b38c654344862,112690,reserveTicket,anvil
de9ae91b2116494dfa014708e20febba7f0f95fadc227edb519501005c19be0c,170280,publishUpdate,anvil
db601f1a2a6afefd2b609fbf6cc3582eb731b592c11a01aff5d3a432aa62b9fa,112690,reserveTicket,anvil
d50c6281cb9d38da2f8bdd7f178524dea61e7932f63888ea509516a4a21d23db,170280,publishUpdate,anvil
448e99eb2a7f6c02e31c4e3785d7b9eae3f3cd22969024d26f6e8bf98cf9d5a3,112690,reserveTicket,anvil
342bcd125a99c01c82e71587843f487a1c75b924de168580767c70e5274b0dd3,170280,publishUpdate,anvil
e519565abe10975389dcd3b5a249d9ce7e7088e29435d29c117d3feefd10ec62,112690,reserveTicket,anvil
9100e5ed7d4fe08602ecf1a0988312878efa27ff9f7305d40b62896cb963972f,170280,publishUpdate,anvil
59434d9b0fb04466acbad0c4f6a7727b5ea4a3917253f7022d1d854ce4f7852a,112690,reserveTicket,anvil
18e504163a1d62935dd6f4a58bc999ece52340ac47ca5d2c1c039e732d3b4a2d,170280,publishUpdate,anvil
6981f0faba7a17cb0c1d2694fa463fd6f932a309be5c7e9cd401a2f7c5721eb1,112690,reserveTicket,anvil
224bfd2d1bc517bc3ff30d1e14e1cc2eb4ea222249aeb5c4241b82bd3260fefc,170280,publishUpdate,anvil
6387be31e40368091b81ba4fe57372d7114389cb865495815451b031e300faa2,112690,reserveTicket,anvil
7040f9b804ddda9a29478969b25fc3337684d7e9babc8ff84971e347ca38b5c0,170280,publishUpdate,anvil
8c6367ab6274c33999dc1a2fbe1119b48feaeab58c793e5982ebe0fa9f2e0793,112690,reserveTicket,anvil
f60fee24166979afe068d27c9efb6945e21124ea5e7916e3ea2df5761904e7a0,170280,publishUpdate,anvil
0903c0fc02c457a511d859c63aea98310d06a77c7df37be0334824718ff4a56d,112690,reserveTicket,anvil
75ce7043d94f6fab1a4bd0b91e75f895bfe5b80363e7ef5184d8ecbbff227150,170280,publishUpdate,anvil
57237ee2701e7f93c0c7f0f23993474fe691d1ff34ee0775d467caeb73e34e11,112690,reserveTicket,anvil
575e6933adb73d5533cc85e6a61acf8adf22bb550a345fedbaf801a304854aac,170280,publishUpdate,anvil
59d22add93119169237baf495e030f5d49ffe7dcaca512a7641e62f8bedb1721,112690,reserveTicket,anvil
8763206f17ed6515e5843b9d24b21f6840676741529958e9831b53a9ade889c8,170280,publishUpdate,anvil
43fdba30a11f8261a1b20562a38e00bf8c95be8f5ba56b3d0473a654e1a1c510,112690,reserveTicket,anvil
f5ac78a60de69360c7aaa9fca00c37badd06106095ae6000e18f62fd109ccf5b,170280,publishUpdate,anvil
ed6cf84de63bc6983006c3dbe1ba3892ebf804908d29817b342fb3fdab378c35,112690,reserveTicket,anvil
b9bcc6a0bca446181e5d6907b490185016bf98944faf080d463c3e8b676950e7,170280,publishUpdate,anvil
66c76e642f15b854ada12bc86ac0b44c62938db13ea2679bffe9e4dcd5e85ff3,112690,reserveTicket,anvil
5b9a0d95fbb7baa7c8fa379451874988a7867660d5d11ffbbf4ea8992bbbee75,170280,publishUpdate,anvil
3fc09e743741716ef3c8745e1bd1faf144fa8db26fb03747a575d907dfadd014,112690,reserveTicket,anvil
d6f06b62ee454294a3ecec2e88ba08fbe2ef17b1a273d5f4146bc6261090610f,170268,publishUpdate,anvil
09547bc7ec2e0ca0f9612d417449f5b9b60d2ae0e4a166f94b340b05830a03a5,112690,reserveTicket,anvil
f3f0fb12c3f219b4c05fc7b2c2d740cda4965f3b35d1faf59d18cdff2783745d,170268,publishUpdate,anvil
47fea4e77c42648c0ca098243c6d6af2a37084af8f819aac7cd07a808defcde1,112690,reserveTicket,anvil
cab13a3467a63ce332c283966aaee59d8e0c13cde1c9a7c2cc78a03d2d4eb733,170268,publishUpdate,anvil
a3e8354f1e26460c3a7f5c14352f839292c3e7c48e2023ef403fbcfec273800e,112690,reserveTicket,anvil
2777f1a18687394ae5b502f267e276aedddfdc90c5461f950c2c0ccc2ce81e51,170280,publishUpdate,anvil
2912db1b24d5571df561c14c884ff90be9c46bfc85e7bc8f96236f773a741dbc,112690,reserveTicket,anvil
194a36f1aab3df5092c1adce2edefe5b50ed2fee60de3f4d72d4b73f4ff304b1,170268,publishUpdate,anvil
b80d440eddf267c20f3a6942be3526425484d19b26a717533b2e1cdafbf69cb1,112690,reserveTicket,anvil
d22549ab8b88a059bff5e2993105daf55d47163b036475be2bea44353658fc5e,170280,publishUpdate,anvil
1dbabf42386b633b05b2d0e6ffd86569e28952bdba79bdfcfefe2153d32c3d82,112690,reserveTicket,anvil
047b99d5c5e895e693abff92d61d1aebe77fd283382241b8fddfe6618fee1c83,170280,publishUpdate,anvil
f5a21dc22e63bc6a49f698f66fe1cc187947b4afb3c986bd324fefb724112bc2,112690,reserveTicket,anvil
50d4e19308ddad22591bb3fa3538bc90cdff01abd7e2155cd0660572905a1931,170280,publishUpdate,anvil
e22ae55c35280622e5172ddce508c08e611037462c0b03e0aff94b609a2b240c,112690,reserveTicket,anvil
8d0a50a151695eabbc9c36329950cbd151d97d73ffd649a0d60a84affb485072,170280,publishUpdate,anvil
21ddb2813bdaf414e2510016af7977d47401c3d101ad3d4ecff1c7dfc793baf8,112690,reserveTicket,anvil
b2ce1b00989ba2bd548fb5b4b4cfea620ea2cf943c3e44bdb20c24ea467a8cc6,170280,publishUpdate,anvil
d7640ebc8bb9df4743f2fbbf41e53bf9586a888e7acd646ea49b05a1801a3b3c,112690,reserveTicket,anvil
afcd8a99475ec8b3777fc614ba19229e724c8dfb152240ba6d627f31fc2d0be2,170280,publishUpdate,anvil
ad6fda6e4ed5302cda8c0a5a3e349c3fd97a6ade82155f33df0d0f8f9b658004,112690,reserveTicket,anvil
e03d189a68ac5c3b747b10f548f4df0cc6c0074811cb1b40341bdb2afa601997,170280,publishUpdate,anvil
173c19e8ff9fcfed5f8cf669886d57e03a24fc00a9651ea94b2e32b003b459d7,7745905,finalizeRound,anvil
af77e68c02a06abfe42c7870625f1329a0616e75db69702fb550a895478b4934,31256,fundRound,anvil
f2375a43832013cd093fdf2623078bb4ce2ed136e1c2a2219a5b37dabbd04799,132602,reserveTicket,anvil
ef247aba5c1ff879b8f1f4f41abfe2c1e9a9039460697a701b7f63699676add0,170292,publishUpdate,anvil
47a029eef00bc6a3ed109b70ba31cc692683ac2af9e0c819eae73c1c54df155a,132602,reserveTicket,anvil
754b102f1ec25fae53325c0182eeaed777a0a04d81687de9b428a419e034ef1e,170292,publishUpdate,anvil
6a21dd506ab34f2befeec95a49a1e44eae2f1dd7a13261fe7ddf68f92160dd31,132602,reserveTicket,anvil
4768e9f5cf91c36bf20b700f51f26b11b36abfe09cee4c1b38a6526c80e96c5a,170292,publishUpdate,anvil
3966f01a49ddcc33440acb63017b4a38689b80153dfb95cad0c21f52b2a34b00,132602,reserveTicket,anvil
26ec21b4cbdd026ebf8a89f1822c030dc394adb6ea88c857a8943de712190b57,170292,publishUpdate,anvil
47b2bb4065442cf5ed5f2842123fb991fcd20b7633e2b381b0a1bf5f07b43a5e,132602,reserveTicket,anvil
6922f4bbbb29c37a671d64ca6583a9083b69a03ece31b4e36e655d9399858155,170292,publishUpdate,anvil
f6009ca7fda86bfc13b3ae3c2e0e74697887c1868f3cb8e9534ff8db4edcef60,132602,reserveTicket,anvil
82c5110eb3e06305d0aa602b1c1abf78272b38e85d5fe67d78fa06397d0ab6d7,170292,publishUpdate,anvil
35c4c7dbaca075e0d831918040c574418d0e4a7b91dae480bbf95a5d4ff9c2e3,132602,reserveTicket,anvil
1e5e1d84dfa735357ed45453122b39e9f4139c4e69150a7db68c09827849392a,170292,publishUpdate,anvil
ff6dd29989ebbc7eb79224264c040aa029fca3fbdd023a53879913e1e60d5657,132602,reserveTicket,anvil
68109f46fcca5da9a29c5db9cc80db894ebf0af7462d1160d01473b45d3c6024,170292,publishUpdate,anvil
19dc7def9fc5bceda2f39f28682bec95875c53132c03fde87d73c306d08ed6f1,132602,reserveTicket,anvil
2cb1026c8cd69f4794f4f343d1769bd99c30741dab7cdc4574e4c32151dae4c7,170292,publishUpdate,anvil
4fa874e0c128baf34b8cc1ed039da7af039da97401ed907953e23e44c0cd7693,132602,reserveTicket,anvil
8abac75100651c050492b8f6928b5877b74b4694a958651aca872e299c569ea6,170292,publishUpdate,anvil
3a11426d29261bab24ef6b656fa7619c26fddad12657f72feb7d646636511697,132602,reserveTicket,anvil
fec6757ca1c22c71fa0c43ef55fec879f31aea84602dc568f54f3c050d50701d,170292,publishUpdate,anvil
1d540768f7e270923a0b77dd2a8abc012f090c88e6209d2cd693b7de38b6254d,132602,reserveTicket,anvil
9d6246e8d37f0cb15dddcf64fea6c88484448407dc8a3c8817414198e9cdb669,170292,publishUpdate,anvil
ba06bc2ff54a91c3cb1138551d119569466e9f97eaca21d511bed9225b250d74,132602,reserveTicket,anvil
521f35774832c7ccc8ecb2dd72c86098ebcd210e26bb83a640cb49dbc5551f17,170292,publishUpdate,anvil
8f5a8f4b3bb0c41f949ff1227327181e7b22f2b67000749d1fa7c537be3c42da,132602,reserveTicket,anvil
7eb9dc6ff3e01212a44e356ac1731c5b28d67e6e0822a3ec642dee6e0c5d3bf9,170292,publishUpdate,anvil
fded2f3bc611dee87b8e5130c4e073217d5c2ba7b5fa275f44ccd8a4579ff490,132602,reserveTicket,anvil
2e00190a253d093bfce9d828df3284daacfbeb0a37540130187f8e1276fdf224,170292,publishUpdate,anvil
047a38f4c8cc2ce44bd02cf7aa4f1a8c47089772483146246ad845325683bdf7,132602,reserveTicket,anvil
2f6fd12d142fa0ec5279bca50f19b161ae43c11421ef569c4ae099a99ca5b19a,170292,publishUpdate,anvil
925d44f702ff80958560cc824c39a494e4ed14e16da341b76a627fe3a8e58034,132602,reserveTicket,anvil
e44827ee7597aee3365eb1d3571e936286bee13146f93f37303d7895fcbb6aaa,170292,publishUpdate,anvil
e4dc2b4c683262c47df32fd042deac8a55215342c01bbf00fedb8348f665a189,132602,reserveTicket,anvil
78cff7ce49695bcd65c4f8d2ab4ddbb7ddf5cc8bcbeb67e08889bee25c527c51,170280,publishUpdate,anvil
48f13433b8da583d4b9814740d6958bee2d86b2cefa77092658129e2b93615d9,132602,reserveTicket,anvil
4ed32efe8a22789a5b0af4cabac0b9929ab9bd596db3f55f44d9ffac2a624dcb,170292,publishUpdate,anvil
3fd9633ac03d4cb57049bfc461365098e8783c60d98a4b25811ca98c6e3f6942,132602,reserveTicket,anvil
5edd1b3dac10d9626b18988c7bd6a897ae2be7360a058ac7389c4082cbec592e,170292,publishUpdate,anvil
89f25ec8a188d55bdfcb70c7066bea7b4cf3cf4340b9f870ac63e31387324256,132602,reserveTicket,anvil
7f7fdded59f6651605e238bd71e75816fa95e4c1ef08a52b6babdce32cf48766,170292,publishUpdate,anvil
19d4fdd4b44fad214a51b7cb9f9c099063667eafca58270e78263dd400c63a17,132602,reserveTicket,anvil
d1f108dee96871b08e3e9b144db083cc04a18a3a1f3b390c200a443adbf363e6,170292,publishUpdate,anvil
d9eaa504d0b9b4274cbeeb83a1bc7c68fcea2978558f3d4b72503d5b7469db96,132602,reserveTicket,anvil
0db5d7bb321be5f666f2fb514f61a6b5aa48e90d3903830f73fcbc67e3726f8d,170292,publishUpdate,anvil
875e2616adb993cb514460f19e822790f6a6cdb4558eb29fbb970db9296c1074,132602,reserveTicket,anvil
2a0c9affd7d8130d2ed12948f4e435296ad56c8310209d9e8a75f97645733994,170292,publishUpdate,anvil
1c1af9cb60eb65484444a2f91887bee9abdd0a19c32e19ae5ce86c1cb04dc991,132602,reserveTicket,anvil
275423e8842c612e88e8a3cdf7f59487c7c395e6907daf3ab5550ae3369518d9,170280,publishUpdate,anvil
b17d68186e6245678cfe70f4a5c0c483690d8a64744be082738635320220c0da,132602,reserveTicket,anvil
938acd7ae6cc5ebf5b57165a47831794c12401f12e7dbefb2613a3afa2cd341c,170280,publishUpdate,anvil
37a8c56277e03322529b936290ca45640ae522c6eea0a283456cd193ca316900,132602,reserveTicket,anvil
f9c68e7fdb11670b301084a579e52535c2242cca23db552cc15e0b1ec1de0d43,170292,publishUpdate,anvil
0d591f14ba379f63fd898d6f4bd4124e2ed4fd671eab7ba3b881e13ec0c11c5f,132602,reserveTicket,anvil
4f4afb5963bf35238c476aff8a78758022eae9fc8d0f27b752318e6dbe3d5455,170292,publishUpdate,anvil
a37168e79197289eafa5f9b2237489426e47eab29c828ea9af7665db2406c91d,132602,reserveTicket,anvil
0609c05774b1ea7c20e975f956e8bae04209a7368adfe183a7adf1d731f0f73e,170292,publishUpdate,anvil
325f5b2ae18a4d4727c26f9d7dd029fd89a4b23091754fe12125a157d0721840,132602,reserveTicket,anvil
a0bce8ea34c0cd0c7fcbbf716fdb4a20a8fe893ba759ee10ee534aa75fb134bb,170292,publishUpdate,anvil
b0f21328d786e60212f4bdcd9983859c5f819d996a11e756a5d2b3c55fcaee21,132602,reserveTicket,anvil
1a08bcce001dd46b2d88297ba2dc044365415b6f192f03d930e0b72277d735a9,170292,publishUpdate,anvil
22208cae27570f8df6b56622497857c92a17e5370f7eecc31653d44e32eedbbe,132602,reserveTicket,anvil
568b29aca105873f0c86a24aac18d2594c84977ae4f7f671d1ce280996c77bbd,170280,publishUpdate,anvil
dceeebc1ee4ebf7cad395b561b191976b68408568643cca9e44f4a424f672133,132602,reserveTicket,anvil
d0d9e4940e75ec170805c248e7edf7d145c13875c78752be1d0947b3c0a7b8be,170280,publishUpdate,anvil
7d44563a9dedc3bec7fa2436b403f28804c952b192e5fc77feb1ceaa6262bd8c,132602,reserveTicket,anvil
62cc4176b89abb3b7750ca9a1742c72b7c0fefc44f8a217fbfb9966455343ed7,170292,publishUpdate,anvil
8ca142f08e4b3f31b9205f07752693b3bb6a45c672e4b40dd5e47b6becbb5877,132602,reserveTicket,anvil
0a5a45e93756391da1a83e60e4ce11e46fa691d42d0109daff3fdb4516c37a50,170292,publishUpdate,anvil
07b7edc86a8f7fac5035f07d6c602d468ac6f714bcac74fdb95ee4aa25c38954,132602,reserveTicket,anvil
0455e4ea6715935eeb1a32a9928a91960c108eaed0e26d4463f526b23e5c3a6a,170292,publishUpdate,anvil
fbeed8f56a165b09ddf624136f71c103cb24e34af9c5be584bb06d68daf912b1,132602,reserveTicket,anvil
5b90e8aab0bb24a126682560203f6fbaf620f2b1938cb64ed6d8227198ff1598,170292,publishUpdate,anvil
e3f1f72a574bb918292c817c8336eca51f2c63567b83bbba8343de08258086de,132602,reserveTicket,anvil
ee84b3af86cd39b02dece5003d6ab243b7d4e9b96580bf1199430e085a810e61,170292,publishUpdate,anvil
5075e62d4dede9bd0fe26044f690e0806bd2d4b9bc949fcdc586d23c89efd273,132602,reserveTicket,anvil
8e9a225ba8aa65b6be8fba7e1781b676be9fa808b3a43ba1c11c4902adc84408,170292,publishUpdate,anvil
808368d8da960e1ff27f85a20faeeb50104cb0c3f7d9610af6d014db17bf1bd0,132602,reserveTicket,anvil
df7593d7fe6f184fa4f44fe8ff904bbb7fed450461d040e8c4d0d878725fef0d,170292,publishUpdate,anvil
c9d0ddb7ef4c5bfa6aa881791551d1a02b74dc4ca7d4b63f6b19ad6898eee1fc,132602,reserveTicket,anvil
cb3653966cd44753a3d928c915102c2974b55f38f1f0935b09da51310b84e15f,170292,publishUpdate,anvil
dbc97051a70de98ca37d4248468cc9986b407616ed5872057e96ddbd3aacd9a5,132602,reserveTicket,anvil
0597ca6b0c13ca3dcd1051fcc7ea7e98c957cbcd20f71f4c29d17a4f9ef381ad,170292,publishUpdate,anvil
05a16398194ae0e7267a9ad89ecc8c26528b81a9c9a0d9f55b85e55efb5a1383,132602,reserveTicket,anvil
52cccfb4cbf3e2be770141617980dacfe942de4eefaee46343e5e058ee471c81,170292,publishUpdate,anvil
b9e189dd4a1ad6abb630b9f4ca2a1cea179951cdefd37329531794c123fc0a63,132602,reserveTicket,anvil
13b8195c5689ecba8e2e30dff2bb5d026fe3648b820c06b0d04266c82a50df2f,170292,publishUpdate,anvil
24592dc665c38f79e90ddad2f2730729aaf586906ebd2ab48c0d142f541b9ed4,132602,reserveTicket,anvil
2f86080b6a51f5b85327495401566e780619f7882897cd5e22de3253687fcf7f,170280,publishUpdate,anvil
15cd2636d6e1975dca587dbdbbd9db60e670fff3f476a560a7979c0c4a1dcb04,132602,reserveTicket,anvil
3ae41867a1870c0a6c21c2f8774cc20a86480c5663413aa7ca3b38d159b19deb,170292,publishUpdate,anvil
b7901e76af2035e0fe700fe032565e023a8ec8f4ac256a1cb056db5c78984793,132602,reserveTicket,anvil
669a4e5057474f2fc23c3f0c21501cdc72d221f3a67f71e4823625abe11ed7c9,170292,publishUpdate,anvil
4831e25a67443bad3c76280ef486d05c5fb9bbf817ed4fba5e3ea0826bb0d834,132602,reserveTicket,anvil
11c4502fec497bccc574ff55541f429824d80fea452f0408c0cb28c97c7f289b,170292,publishUpdate,anvil
631a8e5840918e290307bd4fed5edf10ab25fbf301e1408ffb32dcbb772eccfb,132602,reserveTicket,anvil
cd3f68359b74d6ce53fcf9a001861d6e072c95a537d25ee94c4e9ad4bec64d26,170280,publishUpdate,anvil
9232fd500d8c253832710143942b55e6694d759c1019a7f4094d89931f3bc3df,132602,reserveTicket,anvil
3695f9de670382f7979765890db406e96c19dc1766d471daf723a99da86772fb,170280,publishUpdate,anvil
4dcdc3cfc033a57d4937a7ac0c4ad33d2676f93533b093ddc9a2555c4078ff30,132602,reserveTicket,anvil
af61a9403c2d5b0784cfe31ba24f4974ad5387016a7b517381c7e132f2ad286b,170292,publishUpdate,anvil
6af2d6bbf073ff5de134c92b9f0778cf3bebdb3ba0e0492ad59ca3c0237cabf8,132602,reserveTicket,anvil
cc6cfec05f5fbf706dde86e57e240b022d0824b07a659fbd34fe11e9f53ca18a,170292,publishUpdate,anvil
fedfca08b338c2626d1577c614fa8203a699e54f90eb7ca9fd1ff4592b9d04cf,132602,reserveTicket,anvil
fc1c36d1fadda1c5b98721ebfbeb4ba996b3ff8622e50f115d9dc87b2c342a05,170292,publishUpdate,anvil
695b52c88201cd29a8151de48989a30d11296f770e656503da9db085a096d778,132602,reserveTicket,anvil
1e523e68eb9d496e1fcaa3f9c2a5fb56f90733da2a71894479ad49d9cc9f15ce,170280,publishUpdate,anvil
72902e9c95e4594ebea2d19efbb34af5ac554c9cc3731a95d1cc5af4bb0416d3,132602,reserveTicket,anvil
08421b1b122695569cf0696411fd76f24f1416758abe9b2518a9e71af8a2c749,170292,publishUpdate,anvil
146d5167078369ded8205437e9085aa672f858621806476c376d598a27daa90d,132602,reserveTicket,anvil
bb5acff869eb10f7b616d7d2ab73cc6d2074d0cf8454f5965c6c4b89a830d4b7,170292,publishUpdate,anvil
01f92195304306327a6a3e4c74d1890c9f024cefa79fc5827310bbde53a64d9d,132602,reserveTicket,anvil
80aff7d645dec6bda1eebe625d99a72ea6fcd3c10d09237f0594ab6624272b3d,170280,publishUpdate,anvil
becd05317e02348e39755e09e5e69bc383a3611632d1837a2d0412faac640dd2,132602,reserveTicket,anvil
c7e3b9e10c4e1363e4911cda9bcd80bc4cfbe0d6cfc0fb8d3992e552cfd88aa7,170292,publishUpdate,anvil
1adc493c2ed2c128061e0a00b2e96a0ce1a9041206794f77c8286c6a50a04834,132602,reserveTicket,anvil
d3eb221a3bd0895b0707f21882255be9ecfda622a41e501021a5211d7cd2ef6e,170292,publishUpdate,anvil
ebe41abc1c7eab26cc0c235731e49beed670aebc015ac1225beddea45f0f63ca,132602,reserveTicket,anvil
a641118e84be4692e7f3a6854320c14e75ecb2063b969153839797415eb73c8c,170292,publishUpdate,anvil
ccaba42b949df8698929aa7f96746d31d44c28beaed29447177c30c0ad5ddb2b,132602,reserveTicket,anvil
1a355fe26690bca2056b61768048760d5bc2d6fd1c44423fe5fee1df7c1603c0,170292,publishUpdate,anvil
85963be78ed005eac1a997a85f57cc1434fa103c191e42e3e5f90b3c0d2ebff6,132602,reserveTicket,anvil
e1a5287bcdadbf88bd9581ba0ed4b2f81008b87d948b60d9d8226fc473c02797,170292,publishUpdate,anvil
7bda36a5488410c3f86285e0b400975f8962ac7d83998877e0e97b605d678b68,132602,reserveTicket,anvil
024e158643397f328eb7574ccdd0554eec55c0c749d0cc7f939d8d7da6f438a1,170292,publishUpdate,anvil
5319d125b06b4c4c5ffbd8609ee4bb4ebe9216eda7e5096ac87a06a87eb2e290,132602,reserveTicket,anvil
77be520439e6bf0d99424739c898a84384b5088f2841dd4adfc76b137871ac8b,170292,publishUpdate,anvil
e9752392dbdf3ebed7933817b7fa0a52d0e8755054b311611e77866d8e0290a6,132602,reserveTicket,anvil
ef56aec9a0ee5f025239837fc3a34ec48238641a13d71e338e1a06c8c5593bf1,170292,publishUpdate,anvil
2ee9027f1e4d5e35f10897c0942df350ab17089be654c04ee98b7de80959cd01,132602,reserveTicket,anvil
132349666c3f5e8f23ef7bc89577018ec96380822f6fb1c9c5514d0d28de4a23,170292,publishUpdate,anvil
2e1992579acd9c45628f315ed603dcf6f0221fcff13b951eb7245a8a5a26eddb,132602,reserveTicket,anvil
ca011b3d2be41c464f060dd86a42e0d7facf5b47a7162f74de4d16889f665cf9,170292,publishUpdate,anvil
d718c8e9c6e1acdf11e6c3ce2c5912e950cba87a8d47aa0098b4098a308101ba,132602,reserveTicket,anvil
3dd80d440585321e12aa8ad8f93bceb95f43965a8b153a8f4abcab51295e0248,170280,publishUpdate,anvil
a61900e34a8c1069492541bac358c302f03c435aee961947b97abce632663095,132602,reserveTicket,anvil
4c816f43ac0f66612c99bf6c37294d0a8d70abb11f653ed7e8c840c36302311d,170292,publishUpdate,anvil
3751d684f09e96b8d9403624d605f4e098c977383df207380b5310a0fcd31fc8,132602,reserveTicket,anvil
bb5ee245dd243b3878ec2bb0062b4fa23886bb4feef54ffcf969cd42969b3c51,170292,publishUpdate,anvil
b095a17ae9f26700fb771d069d7d39323cb90471fd3afdc7100cede9deea2dc4,132602,reserveTicket,anvil
653a8ec9c1de331e3edd2211ff56c6e5bb244ba3ce33686c2bd56af6fceb6c78,170292,publishUpdate,anvil
e40dc701b5ff98259ace49d03ef2f675a7879bc9ff216f9b948b0ca2ae40ea9b,132602,reserveTicket,anvil
cc6f16d0468a44fe19a7f350ef7359ede017408e13c561f1a9fce4f43d3e7695,170292,publishUpdate,anvil
bdbfe09d13f751f8cb0ef1d3b5a8e387fbf83fd0ee2cb0db4e2eddb1766b1eba,132602,reserveTicket,anvil
30470e59372aed67c4b001b8e901e263775967347ed596ec61edca6919256137,170280,publishUpdate,anvil
40cbbcc84b5dcbb165e9cf5a6bff5621a3966415356608d20bc54d2286229f8e,132602,reserveTicket,anvil
1a2fe80c0a5f7334d50114c18670feff0333a13cf51871f3a6905e029bd0599f,170292,publishUpdate,anvil
af8027ae065f74af7f6af041272c86733b0f4555476cc9166c9cb2ae94aa5899,132602,reserveTicket,anvil
771b501bce07e52d339697f5623375bb7c5d5ce0f337924c149654d0395eef55,170292,publishUpdate,anvil
b49b2003c25a9ba6f93c22ea657904993fae74f54b868ebc92ee7de05759f45e,132602,reserveTicket,anvil
13a5e2de20efb893134535eb5df142d20d7b89c2424df3402912d45ee9cbf69a,170292,publishUpdate,anvil
da79ba3001ec969d711a2955088604df5da1690ddfdd93b73d7745ba62a2b12d,132602,reserveTicket,anvil
1fd9fd2b5bc0f2ba24be30ed610194f00207f82dac2a2a97d6ad317aa37c93c9,170292,publishUpdate,anvil
a1739af915a87b0c488feaa50a88745b7af9343ba0f5e5f9c539f104bf307978,132602,reserveTicket,anvil
f1eebd61ecfcb43eac0348a4062fc4cb41317ab018c2f7b8d3d1bcb6be535280,170292,publishUpdate,anvil
ac65867e64ccec528fb46f9f21d6b075a22635f3695fc34799e714a0a1c957ca,132602,reserveTicket,anvil
46a6c846d1d7f42f2980d8fd97af961f0d99a6223542bafc38379e78d265fd30,170280,publishUpdate,anvil
7fb090f8abe155e0a6b50131ba78b9fc440ba147de013e89dc6b3449df212110,132602,reserveTicket,anvil
61ac4ab59bd1e51b53205788842dfd21cdda20779edec85eca185bb92f2db695,170292,publishUpdate,anvil
2fa1b3dbb6a43d61156f50983beb3f95eeae0969a5d1095f2eecbb2808d072e1,132602,reserveTicket,anvil
d7ad3af60c06337317ea6b30e19806244a2c2bcb3f2ed867b3616fd6046788ec,170292,publishUpdate,anvil
e1a3c4c5b381d8d1588a780796269ac470da7b040e3238ca65ded828b1011dbf,132602,reserveTicket,anvil
84ab230ffbf775c86fbeda7f81c837e4a77534d556f9d7da1e8cd331955b6082,170292,publishUpdate,anvil
65770cd5fc40e90dfa1cb3a3b10b7e4126de82cac0dad54cd753902ee807501b,132602,reserveTicket,anvil
8707b6837714db2cf10e0edabd8834f06a259e73ca95303a5f30ec1e4206a638,170292,publishUpdate,anvil
7d324fd1cf6ac8284b14a2c874b7d746fa3e515b70af267b8c30e2b5d676d71d,132602,reserveTicket,anvil
a4574d12280d3459801229a3def4b22345523de670327b064bf0e8f227f1118d,170292,publishUpdate,anvil
873de4f5a5c5871a28130a683622ebcd681b49877faee241b9efe282080ae293,132602,reserveTicket,anvil
6236ea4d0d632206129815a4c905770e868a847efb915db95952cf5c162704d5,170292,publishUpdate,anvil
3cbd68cd69c563aca45f3a8d96655c78fca7d2effc2dbfb58459165ee434b4e9,132602,reserveTicket,anvil
cb47157bbbd571d14d4ca7790c45aed7a6c8703b212df78a4544030d892c8262,170292,publishUpdate,anvil
250da8705e1c3350d45b544cc3dcd85d906e896a407ec366624162f06f6e2629,132602,reserveTicket,anvil
45fac676aec3c0bdae4e6cb353c2a179e3c425cb41e66d068ec20c46efccf259,170292,publishUpdate,anvil
b5c11d7c0d45b31cdb3ba2b7bbeabe7867a3a07f9788d119402f0ec6f104acc4,132602,reserveTicket,anvil
a8529a4e3adb3a72476431fa6d084ebf21ba75be71abe9222196d0fc31cfd417,170292,publishUpdate,anvil
cb2b7fbf23565d305f30277e479aaa7d2e60f6e171d774ae49dfe30a91019a53,132602,reserveTicket,anvil
bba7e523f7bc3a37a0396c57b0288fbeb6ed28c8c575b7e77734bc6c364a064b,170292,publishUpdate,anvil
9e06ab1b03b8e7262e7360fbbde9090c0dc7c8a554feb3bdd1094c965749e756,132602,reserveTicket,anvil
2d43da6889377c26867672e0ee7dd20e41a0f8f39ad715dc9bf60580b4795528,170292,publishUpdate,anvil
b5cae34ab39f696918af97b873baf9281b9736d75d337f57a9858ade38bd2fd6,132602,reserveTicket,anvil
4b9a688fe30bcaaa6763631ded8f37e476e683d447d78ecbd330439b965690b0,170292,publishUpdate,anvil
6116e243bc5ed39f03b39c5a54f05294961ee5baab42cdf451179a8bd8a452b9,132602,reserveTicket,anvil
97bb86bc9271a58948d9dd04d39811a662377c6adffedce8dfcbafe25804b371,170292,publishUpdate,anvil
a938dcf1d41e167663ce9e90f5ac12489f84d606a99656dd7d70a21c32e28304,132602,reserveTicket,anvil
4629d6d52537f6c20519599b34a5c1bfebf7cb5a2f66ed4a40bedc12eb65095d,170292,publishUpdate,anvil
2419e1606568f74f70ba6940c83d56a58dd16a7fa35a0a2d5b65a7b9e157f0c1,132602,reserveTicket,anvil
f5cd3fba64a101094d29c53cf11b2a27ada8747285568c9d1916b5d0da471e44,170292,publishUpdate,anvil
bf23fd85a3425ab95fa5d7a97af9d682de56bb288a088aefa64caa70a94b7134,132602,reserveTicket,anvil
4357ba7ee27a99ef633ba2ca824a21dfa7db5616a5858867609249fbf809a986,170292,publishUpdate,anvil
ef8e2adba0565032c4dd6af6d9bdf29cbcb00259a9aa82ff6a9e576d37b9db36,132602,reserveTicket,anvil
a365c6c7558865a08e7fad0b5127d5d94a371aa5e48a01d09da176f16efc8027,170280,publishUpdate,anvil
2d28139d667ae0e05775bc3f5d5427c524aec184b86755e8353fd544c01c0623,132602,reserveTicket,anvil
f8fb661da3bdd9f33480156e7ee9803a8f73cf28f297fb7cebec8ed19a4c5980,170292,publishUpdate,anvil
f6494f0a2b16a3c8600fd792237fd9721ecd6e429dfb24047bda1f886f203cc1,132602,reserveTicket,anvil
e4d1e90c48e6ea1959c7b4354e1aebb8fe7b44c2c533cd314610eceb5e4ab34c,170292,publishUpdate,anvil
a31cedf88acb93ba75c852e9e1ad51eb54d3f9d6749cafd5eac38a6f5eb4fca3,132602,reserveTicket,anvil
4c8804d515be023e8cf4d7f8b064c30bc0584d3f847d80f43e0b9a07d0cfcb67,170292,publishUpdate,anvil
a6b7769f02932248e4f263ed7da73cabba8cff175fef6ec92a8b0a47d61d8848,132602,reserveTicket,anvil
f683f056f887b124f0ca4b7207ba54b3354446d42192b70a74f5c60deada02a8,170280,publishUpdate,anvil
935ef0a74358cad4e8603fe3647cf03c8d5923c7def6bcdd0fe522872c272c6e,132602,reserveTicket,anvil
3ab449b1f877efde9924fd23b1c12349e49cd3b8010caa48fdd0d83a68e38792,170292,publishUpdate,anvil
b87cfaa4e1b04be87c80ba558806d2e03e9dfb6da5b07b2af1372b977ffc30b7,132602,reserveTicket,anvil
dd48369ce78b84df7ed54c9606e6856a95209055eb05e37c2ab55c3847f65e5a,170292,publishUpdate,anvil
a82bd71b460f7500c8a10c5800afd8501e4d2111cf8a5d04dc810862f5a4c9e6,132602,reserveTicket,anvil
a013c1e5fd7e016f3f31a9fe1c0bcef631abb8673631341cc4b2fa902863750e,170292,publishUpdate,anvil
d809b90f2af1728c70e418ec898ecad08f2aa97e909bbf803facf7b8f8f2957a,132602,reserveTicket,anvil
45bc0387414b4142d14b890c95dd01fbafc6bbd442a862fb281b4e031e8c80f0,170292,publishUpdate,anvil
9d29f1d7d527fb26b513d99b182e17cc24799e9c9960f75b59a256de1e5a8487,132602,reserveTicket,anvil
458e6cb7ee55b2c5dcd685021a413a6f5a29c32a619345b22f05a6408f367013,170292,publishUpdate,anvil
176745c6548ae8a59481ef248b435c61ca893ab65b8e093473a09f0af1c0030e,132602,reserveTicket,anvil
c20536a1e51a727f6c64a9ea25db9a285c749740b86b3617a5e11d7609e422bc,170292,publishUpdate,anvil
fa236a65ea08c002c1fa8c4dd3d00803fb679fbb75f8bedafbce6559214bbdad,132602,reserveTicket,anvil
04ef4c4ca23d4cacc9b1bc17f625f4a8b93d7cab05bc9adadfdee8b5b22d86f5,170304,publishUpdate,anvil
0b7dc38bf0ac3ac8721c8a11d998daf9c0844f871bd03b9a3c0d96c6fe8102c9,132602,reserveTicket,anvil
a21679e9245fe00833ffd392fe65fed9367000feb040d6947a45b28bfd210afc,170304,publishUpdate,anvil
7b52f25bd56010721e77bac99e11709ff62724e98e65070fb31bf51371f682bf,132602,reserveTicket,anvil
2d7cb203a8c56672e45c5b917f7fdd73a6adfb71416bac9f89b593c72b69918c,170304,publishUpdate,anvil
afda5b763f2103fb0d483f969a6357c77897669c59d78e997c53cf1b273c47ec,132602,reserveTicket,anvil
63ca5dba57a934d04b613c81ad8684855941267982ae689fcd1b78046860bca3,170304,publishUpdate,anvil
1e8c0e1291eaf0752c9a1bfd10799ab031e1cb15c6d0c49566693c7f089fdd48,132602,reserveTicket,anvil
872adf226c9fc21d0dff9900c6fa1de96ac8823dee3fbea4582a49aa8358b754,170304,publishUpdate,anvil
fc3c9f3976d329c6c0050cac632afece1b8f3d62226d263d68d36fcae0897a85,132602,reserveTicket,anvil
70b0f25adc02798f2a4b966fd61bdf5cb24a89baf4ef3624003f5976cf0e077d,170304,publishUpdate,anvil
a89c03f3802502abcf4f2f8b8e2fed16c9d03e204d1ba3e396fbf2b3150c0daf,132602,reserveTicket,anvil
6a5f8c321cbacc35aac7968a0159ee2ac8ea9ea452e3ee43161b2724d639314a,170304,publishUpdate,anvil
5a8803cee4b1ab283004bd47a9aa4d768f9ef5ba36814b02828baa94db16e50a,132602,reserveTicket,anvil
243bfb741f26e899b6de3709550f48d0332794702b695d3aa9c41b74ab44657a,170304,publishUpdate,anvil
41e1cf3c9d5ff313f9ad061d4a7ddfb7892a637a29c1232750ec34e054d7f571,132602,reserveTicket,anvil
c3c3054618b0b6c8a618407cef0a9139d69049f8584f218f06829a7da96e1b4a,170304,publishUpdate,anvil
cad8ae51cb281d988fed56d1304d18d6226894e5e8c87fd8fcbeb25cb10202c0,132602,reserveTicket,anvil
efa6d0bb65ccad1b15e9edb773207a7113bc3a34071f76c857b6aaf529840d66,170304,publishUpdate,anvil
835ad5a4dcae8a760474c13baa1fbe6589d7cfd8a100af35ea302350947e25de,132602,reserveTicket,anvil
afe2686b7bc8539cc006bd8f86c902d1d3b41abb158d49c5f304b79f5855ebc7,170304,publishUpdate,anvil
1907524abae867bca6d7baf618eecc3448b5381817f8e9803c80e8f94db02e41,132602,reserveTicket,anvil
678fe867b797122705418746c052befad1edeb4cfc7e7082a959a286f9376206,170292,publishUpdate,anvil
3e9cec50f7688fc7220508c7ac672ad122558ea50fcac459350559d7661ea341,132602,reserveTicket,anvil
7443abe01a36cfef852fdc604179322d7771570bca13a73015a648f3f2eb34b7,170304,publishUpdate,anvil
c5b18856d7e92da0840ca2154bad0cd9e6e5943311411fc8255c9bc16bd3c68c,132602,reserveTicket,anvil
0e2136e97a11dcd34d0c8d1e64850b5ab8d20d0efec86a4a0cbff888e32ace6e,170304,publishUpdate,anvil
8682d81e2da8532615c5154d519b22694b41da1adc2e82d9dad4b19042b0a8cc,132602,reserveTicket,anvil
754ce353bef8820af5da4920ce7d5670cdde9c8fc250a377c1596f0784a53621,170304,publishUpdate,anvil
b65b9941371176aecac7469235bb04d9403ad173b647f02e1518052385f97d49,132602,reserveTicket,anvil
23c87d86b6edf84b3faff912f51e6d74fb7403def65ae4d10ab6a746d661c9a8,170304,publishUpdate,anvil
8ae4a5576d8e5ed9b3ee51291f17b642d385ad36713fc99a7ed724a1b1c1eb4d,132602,reserveTicket,anvil
f0000825bdb7001eb4b846c66fbb07755c9d5566769c162d964fdfa61c0ccc3e,170304,publishUpdate,anvil
2d05cee300f96a044a978931de030f1add45db8f5fac4f60ab2c933d9df37e1d,132602,reserveTicket,anvil
f8aedc383974ac78c5a54b2a5c8d2e7b05c892b2a8ebfb6074558e6b081f7e3c,170304,publishUpdate,anvil
e8b5a6bb81594b53c80cd494cfcbff0186d762f04773d2b31422788adb240bd8,132602,reserveTicket,anvil
473054424d7a4c9b5b3e882efd8d1463a73e27da44ae5de892f98f41523e76a5,170304,publishUpdate,anvil
7753f9d23549ba44cf22df3d553ba7a1cbe8f6dfab5328c4144dc833dc8c0c64,132602,reserveTicket,anvil
981212915a518de4b66664571c7301d9c11c9400e9ec1725e0000f6ae9af4c19,170304,publishUpdate,anvil
774fc7b5a371930b79c73fc6a0bd18f14f9d6ec2705dc57b9d7b978290f921e2,132602,reserveTicket,anvil
632a40810a9dcadee525b6e4b1d41db26f6a8d17b9cc24fc52d1650d204b5075,170304,publishUpdate,anvil
2e691d54a35fa75a0a3ef8727ce93f1de40c9da3e15ee833917f403d7c97516c,132602,reserveTicket,anvil
5989182dca16e041873f61fb158ae0e7ebce0c60088e5b1f7aa59cf10c67ff72,170292,publishUpdate,anvil
d736ca0e94a71dcadeeb489442dda98fcfb33185dfa37c4ae815685578384011,132602,reserveTicket,anvil
4eeba5839a7b14fb844b7c1ae16f8830af81124a90f9b93bbb3df59d0707a703,170304,publishUpdate,anvil
245d8b47fbc5a3a7c74229a32f3f1dfee627455f6db872111699f9977b9b17fa,132602,reserveTicket,anvil
29e22625ba152fad9bfcce60450a8b13f84b1a67a08282f1b00f194b6d4c9945,170304,publishUpdate,anvil
cd3f7b4343d7c49d5b49288d539ed9a88635e86d1e22e6aa0eccd9824454182e,132602,reserveTicket,anvil
4e8725c1d7d377ac5644c5b6989159cd93ffa2732b0a8a8be65c377f5130b76a,170304,publishUpdate,anvil
966f3e1035602ddcff677c1b5f1b16a9c38f1b584131b112f2b4771705cb2e9c,132602,reserveTicket,anvil
635b204f8394ac5dfb7666824f5a97cb9482da9229922cc3a9e64a87ef947009,170304,publishUpdate,anvil
700f07f836baaa5a89b6d80fa9277cb901dce2b27b82e92d95eeb614a374e6c2,132602,reserveTicket,anvil
957b761850fec88a4d74c5704565055eb1e3ca0154ea1c332e4f9ffb1ec9e13e,170304,publishUpdate,anvil
240ed9931b2337021b254656cd4ffbd31fc55be086ad9eb16e39b6da349a1ba4,132602,reserveTicket,anvil
1411bf8bd6cce758a77c447d07f8a7379c8cd9e35fdb6c40a758c6cf830bb138,170304,publishUpdate,anvil
a0263661612992131079c91e2bec1069315d2562d9b4a7a9154bf6da3f0292c2,132602,reserveTicket,anvil
df2a707dfe1ffb14419a6106a5f51da923628019f5a36468b0f542e99c613d61,170304,publishUpdate,anvil
56794148920db429244d8994cf92ec6902cbef6ead03a280d5b1ae191c1d0353,132602,reserveTicket,anvil
430f3d50bc39f70624fb81e69c063b64cfd4bc43ffbd4c98004b4fe9dd03ae94,170304,publishUpdate,anvil
dbaf53eb5dd211e9f52ecc0a862b94c6990c3f1f153ccc8ef88ad7492cfd503c,132602,reserveTicket,anvil
2caded84e9a8d3f89c885ef44f0db30e722a5b9e5fec4959c12cd92968b59886,170304,publishUpdate,anvil
15e4f027e8145ce2b7d83c96da4e42c3c2f377ba531596b4a9b9e7bbbb2c30cd,132602,reserveTicket,anvil
588fe6e54e9e6ab2ca7f013899ac25db030bfd3a6dc890f78d4cd7320f28e9b1,170304,publishUpdate,anvil
48a8c453a335cc73d3986ff5405bb6a6e2ea956733e44b64daecbc95f81a3f62,132602,reserveTicket,anvil
6e3924123b2959bb574d7c4e260cb230a6a7dd4d04d32e8c558a395a2ce3652a,170304,publishUpdate,anvil
0041a0c09515db2779c0aa1c80026d8e5dd61085d637a4ec9c029fba73e3cd89,132602,reserveTicket,anvil
321114985336f01a77529b43e31711df161cdc1adf2867166271063caad222ab,170304,publishUpdate,anvil
b196d5a6d39f090292da0eadb9dc50324fd0871520bf6e891ce0b53000a681c5,132602,reserveTicket,anvil
3197183232273fbcf5ee3eeccb32d51092619c1d9d1c4be7f3e50414248db3d9,170304,publishUpdate,anvil
63e7b1416c2434a20184b40b8500f0650d4ac76b2f908a6807c58e02c42caee8,132602,reserveTicket,anvil
9a09917bed1044965ac410b33c15637f274f71d9fb9626e22fb70da1cb5dc78d,170304,publishUpdate,anvil
bc8a51c8bf097fea3167dee8f5ec7e8f3f4c4e9e8066f3c5ff975b6892530ca6,132602,reserveTicket,anvil
4b2e35b322a49cbacf764b4cecc151e6e03ac9884a5cd735f92f26270781fa99,170304,publishUpdate,anvil
097a4245d4b8cf10f94757fed4a7e26741f7f2e55ad14cce4e74bcc1f28d48ee,132602,reserveTicket,anvil
4681623da5f6f9626df1e8223e41e1d94678be7fa3154676f3dd33cf23835867,170304,publishUpdate,anvil
9fa9f8345f741c77596f0bd6719648c81d9f8776f77e6300582eeda73065699e,132602,reserveTicket,anvil
a09cd1c62ab2bfb57c62f8d752e30385d9171900c4929c4bb6d34e190e65b7b5,170304,publishUpdate,anvil
ad73998c59a11988dd20f2253f241833debcc01bafc5dde107caff2c730f0281,132602,reserveTicket,anvil
4a98fbac9fecd6fce0b81d2ce214890a89d4a1cf920619eeb193b1f67c1fb19e,170304,publishUpdate,anvil
8e7540195d34b3da68ed24b5fe0e82371e3c277dbb4752b957ca6c8ead3dd56f,132602,reserveTicket,anvil
aaf08d1b9fffb05e1b57d59ecb3bf9f7268533994fe5ad85aeea17f79556424f,170304,publishUpdate,anvil
a345ef38b2135dc4afb6da1534e8862cffdd25414aa69d1f2fd06740881f2ce7,132602,reserveTicket,anvil
144cd9ae15bd3ec4f807a469e48ebd0846d33fd31b7f99472ce4af079597f426,170304,publishUpdate,anvil
a8253e3db422737feac929365ca0781e4b1ddc4de1c51ad35b83d3e75f87a1d6,132602,reserveTicket,anvil
7c158f1efed8a073356027673ff4a22eeb1ec45673a701bb068f1b166b88e172,170304,publishUpdate,anvil
90a7036c1863c9de437d91775079ea8cab4df4243a7d83c193ac05cd35aa647f,132602,reserveTicket,anvil
ce0a16da8e63cae8e0cd65f5e27f003540716b104d81e378d536b34a03d0f42c,170304,publishUpdate,anvil
257949c6e16907b1dc3c42ab7e507f32199735905c44c739dc15ba4642f7e3c4,5164873,finalizeRound,anvil
25f2677b522ef863e78cb7c1f8c79efa1579fee73ffb652093064158e3d7975a,31256,fundRound,anvil
c02e1ac780a5dc5096030a05f6439f20779c7427ff30a0d7a64eba1babc1b25c,132602,reserveTicket,anvil
a7816ef1057e193be2c6c496c708263b8c883c207588f3a3c4430d7d59c278b2,170304,publishUpdate,anvil
e82c82bf4c9ed788f6a0a4805b9057d49a9fb14c5719a880417da62932960855,132602,reserveTicket,anvil
61087efe3ef8236c7df275db5428978f73ec8f582b547bf4853078d3c229b2ba,170304,publishUpdate,anvil
25faa07dea9570f0ec917317f34b31752cc1803125ca455ca67fa0ba4fcf3660,132602,reserveTicket,anvil
5fd55dbc6ea5279b01e0248c7975f8be95b59c40da34f520707f1a4c551447cd,170304,publishUpdate,anvil
d0ae3d8beb515945d03f69eb939c77e66ff56cdc1d7c26548266fd2677916989,132602,reserveTicket,anvil
1a022470b65d17ad040ee80c6688cf99e1375c35782e97c03d2b719fd0fb8ea5,170304,publishUpdate,anvil
3a5275cd9886cc8d2c4a0bdee0223ba2757d02843918a49d1680998ed9d96dc0,132602,reserveTicket,anvil
8eda89d2878fa99334a8b7780bfe583a0d1d84c38d4cd1daf475e11b6e23049a,170304,publishUpdate,anvil
f6f9e6e46459ab26cebb265649aef4c6d5b1bcdb70e5d27a5fedddaaf17e53ab,132602,reserveTicket,anvil
2fe82485909d24436609444c8a401319ea95ecb654f64cfd74ea0177d4a07346,170304,publishUpdate,anvil
ffb8788575efdcccd81bd0e76fdb16f64aaee5ff69c01032dff766167e85cdc0,132602,reserveTicket,anvil
614da61b07e2e41817ddd414c59ad31ad9f5eed2cd84619e7ab048ec15e78000,170304,publishUpdate,anvil
4cce8a5ded97bf605a8ef793006b66b7e460e4aa9b77328a0c49381c81c760a1,132602,reserveTicket,anvil
0104bef8125d0aca18f783762a6b5b48cdda7cf08d5b74e9aa58f5786542c714,170292,publishUpdate,anvil
d89db04a45ea783e5e9ada36fa72c52716a9f815a81e45db37b94b2da99a0d61,132602,reserveTicket,anvil
300c7ac733261e19af1fab0260be5b79e26b44b1a882b1f0b358ed823f724ff2,170304,publishUpdate,anvil
4104c398446b774c22424ab89ad8f3453b66e3e2d86bd7d75707b69955116d1c,132602,reserveTicket,anvil
e089e2fd97e02fd56e4f8f4cf97f8e23b5f929c0aaddd0d58bff7aae4f4f2413,170304,publishUpdate,anvil
34e6b103c7a62c44693334f05637a9a540a0d4cc52b0676b16e46c4e0d2d0ccf,132602,reserveTicket,anvil
45c3eacfc213a21e5895eeaa94d71c746d77b14709ea2e175f5612aa23a2b0b3,170304,publishUpdate,anvil
120d34d9505f7fab7bb3145ea28415b420182f8ae2390a4257c5c4ef679fc940,132602,reserveTicket,anvil
611587f8af46886afc512b683781709cc3e0e78a6a068742a70181e30d2410e6,170304,publishUpdate,anvil
c14a19604515b2778cdbf9759fb49a93a3c90c03e821ab55a65ab27fd9949a3c,132602,reserveTicket,anvil
fe83c0c87d5638fb044a440c53e419ade23f6a689dfd43297a2121c603942f9a,170304,publishUpdate,anvil
4ffb11100fee5e065d755d53873c5605edccb1aa09a999f2b030370eb28333f5,132602,reserveTicket,anvil
eb0b3e72db8ee906b1cdaa9fa3dc8ee93db8f6986e643dcd33c33102c1932530,170304,publishUpdate,anvil
957005a3bb1ab88081d75854aaa3a447e974befbb932571279756a75558b1062,132602,reserveTicket,anvil
5df76575ae243dc60d392982b0ffea9ab93dd9ab591b563df776693ad45662e7,170304,publishUpdate,anvil
941287aabeec5e93ad407a22e593089e99416159598d6896033dbabfe374b757,132602,reserveTicket,anvil
fc4805af051d1d1e51f6f8c9680b0746f9c41cf0f4584e344be53c29cbdce913,170304,publishUpdate,anvil
e79634a8cc28dba6e9d8adf7c995a09489dd2a2199b435593a0f8fb48aa4e9fb,132602,reserveTicket,anvil
a260a7e7793356b7114c8e509145136cbd9ac684184d395332273ff6b45f4328,170304,publishUpdate,anvil
c228c017f1bbea28142f7b7ef8a170c84e867a2bf86639cbcdb2bcb7a6573dd6,132602,reserveTicket,anvil
be72fa72d0d985306e7f2360ab8a1e79904c162fdf32f89af324181f989a7186,170304,publishUpdate,anvil
b7b8beb53f405d84342589bea0070baa86a969a121cd6d40bb0d66d5ca3b9e05,132602,reserveTicket,anvil
603069723a36f7662075fb8a78d1e68752e81887e660ac2df92520315fa8ba0c,170304,publishUpdate,anvil
32e3e036213408b81f78c65dfaa9326f93e5f17618d62e1957c3eef2f46d674b,132602,reserveTicket,anvil
fc110d5f3798bd5116157aa42cdd36a3f17b6355a29c20c7f51f931367789610,170304,publishUpdate,anvil
48a2abff0f01369955d7a41c6b6be48b7a2ce0cd907782448566fb8a8544b247,132602,reserveTicket,anvil
d9e454699f910e27ae8710d16578b6e46b1e1fb3994f2155793b284a5b112eae,170304,publishUpdate,anvil
4edee6df6547789dd29440770a5ccc6c49b9f0cc6bbc9585795a498fe811113f,132602,reserveTicket,anvil
1ca92f7984260c9d634c6affe15b9d354f34a4c5439dd3a55e19e9e3d1635df2,170304,publishUpdate,anvil
61d074ecd41f6641bc545ede3531d0722bcdb9ea4e6abaa6c7078f6f8affdd43,132602,reserveTicket,anvil
961443c15eff5fc7ab0535d84b452a9387c02eb5969ef569fbbbcde9233699ad,170304,publishUpdate,anvil
ece575e9110f305c4597d2aedf0814b40cc47e55a0d9a32eb1bc9e93f5f16ead,132602,reserveTicket,anvil
16ca8740d33d2008f52bc1d434bbcb77c040c924a907eb9424bac857a1d9ae77,170304,publishUpdate,anvil
bab55a36e2a4df9446a1ba3a27f6c0669e4e4d3396b9a6242a527410638550d9,132602,reserveTicket,anvil
1a3ee1fcd1eab4d5c5111951bb657adac0257ab4e8181370a594cb8e2bda7077,170304,publishUpdate,anvil
6cf7c1350cef289d920f8b65f874a8ce2a679373776ef2b90f379b54a2860f10,132602,reserveTicket,anvil
89072f9b45665859d0c100e9f8cef549e38d52c631e96ff34855d5402f43d349,170304,publishUpdate,anvil
788aa0f257b001325d73c98ad399f1800d59c859e7baa625e12f7853b700b4de,132602,reserveTicket,anvil
84fdba35eba9ece2a69b1c77e76661fe743564d6c3438a4d88aea654e2915d21,170304,publishUpdate,anvil
f8d7870c6ba7b7c0169995c18ea842335c26355cc8522a1185a78f701564deeb,132602,reserveTicket,anvil
68bc57d9ac6ea6f79e9c5379138aa36ca44ee9936d423e1c10450dc087f3a4d1,170304,publishUpdate,anvil
955ea8994da267cd44ade2e71fbcea25040b59559d0a230dd7412019bece4c4c,132602,reserveTicket,anvil
dd4690953ba4e0ac8fcb655aa44a87c4239eee9a43786c84f1acb2ccc1649630,170292,publishUpdate,anvil
0c7c2ad1da4550c4418a325bddfebd01226afdd34309350f422ba0e443160c3a,132602,reserveTicket,anvil
84c1a12a9d9a979a15f1c15e3eb3b46e904793633b7c212b3ef9399d21723345,170304,publishUpdate,anvil
a973690882a7d0e34cc56a9a1bf8ae06db1f1f6e465042c8384aae4e95c70a9d,132602,reserveTicket,anvil
f03f9bc8ed4a4ca7fa59e38c630b1bbbef17c5a51b49bc2cac1827b60c138d65,170304,publishUpdate,anvil
7513e69dc6211cd5170773db89c9f1b80a004169da94babe85a35787ad9258c4,132602,reserveTicket,anvil
84b65ae6e61e76421ab7b6c882b5eb2fff537847d764b4a54ec34fde5a7d83bf,170304,publishUpdate,anvil
bd0165b3ed94a51ef928eea6e91f3a83f1be144e915082f41a903ad4ebac04c9,132602,reserveTicket,anvil
3fb1b91c2b4082faa508b0038d824b244302e7406bf031b027085159ccc7ee4d,170304,publishUpdate,anvil
fadca2ae44df5b15c015bb5e93e7e862756532a8e33834b8f5910dff26d35be5,132602,reserveTicket,anvil
70d4fbbdbf5048fb9517ca9a05a538bcb13309b7b9e7f92538fb789bdc784073,170304,publishUpdate,anvil
baa8a7c17e3879594d7196cc3ef6504201853cb7991a4a3411e67c4a141e68dd,132602,reserveTicket,anvil
f71ee4d3250be80baebada9608d7f066a4db3398ba41c3241b100783a3c72cf0,170304,publishUpdate,anvil
3f9dcac91e10c9581db1625ca79a8ff45510c85a60203bbaf07cedba5e2cac2e,132602,reserveTicket,anvil
2f17b9c8811e3bbaa33842de278655a95d78f185acaf2e1083a7d713d962c887,170304,publishUpdate,anvil
5d7c5f4f3fd313ff83b6d4281b0265e9e31147d401aee71a169742851373c413,132602,reserveTicket,anvil
1b4abf3c1f315180123b61befdaaffb747eb4aa0ed11bafa8f3416e5cef1e142,170292,publishUpdate,anvil
d6a82c8d88b43238307eb2ce9817fa1afa96276cff7fd8f54d7e2e5bcfb30613,132602,reserveTicket,anvil
07d56dad1112f7330faa01bac52d9f2cd097d14afd0da483e3430ffffd27f05a,170304,publishUpdate,anvil
00564c80ad1c414d1e355e4d424736e622687a422912c4a8768d24126211b28c,132602,reserveTicket,anvil
66ac96087f057fbc6e50fc2d0eecf111bdc2401f7c51c4192444350614eba37d,170304,publishUpdate,anvil
f1275b3e1ca31630ac4553644da086661f8bff4cfc717e593eec341a6cf0551f,132602,reserveTicket,anvil
dff0eed8547444ecfb49ee5f203f47a986f2a2bc2a509ff71433236aaef82ce9,170304,publishUpdate,anvil
e4f6b770c95d4a75ba0cf9810c66f0835862603d49f1fb0ba8c6a30a140b5dc7,132602,reserveTicket,anvil
aecf0cccf7bec05af8745865259a689eb6e174fcde9104147dd1c237d76d9365,170304,publishUpdate,anvil
2e02550c5dbc5d284e750592b2d2f57d16c8747d8bfff6632c4c2161fd6dc21e,132602,reserveTicket,anvil
292b16fba4859c68192461728d67c4f774759082790ff446764cc060c4bc4da5,170304,publishUpdate,anvil
e2aebfb467249cb2b524e40371b3d40a87bd82866b8c6bf20546300e3ac48bab,132602,reserveTicket,anvil
e636c504d779a7ab96c0fd4718ef15a7cf8ff99c9adf7bc25ed308fab34f7876,170304,publishUpdate,anvil
03706ff0bcfaf516205adce0c75bde971f9e1f905391d649ed652337cecaf111,132602,reserveTicket,anvil
ca2ce4eb18eaf0c7900d1838fcb49d17d362497c231328b317ea0f26c03e0725,170304,publishUpdate,anvil
0c75011ea204dd27d582f65830ca727853da8e1358ffd7c811db8de5929ecad6,132602,reserveTicket,anvil
fa8725d2077e3ed348aa839b431cc0d059218dd70872f0631dfee30bec5281ca,170304,publishUpdate,anvil
6f5413c91192a631dcf971da9d3fc53029244728a30f586817e661974af0dfbc,132602,reserveTicket,anvil
fc8536ccadb398f177a931c98ad8581ae47ea718b1144a8f0a475fdf3432969c,170304,publishUpdate,anvil
cdfea2738f9d0465913abe5c45b45bdd1e73ff3eff41e4691ea6882d393c537e,132602,reserveTicket,anvil
153d1b5a665b176073db23acbf689bc2257aa707abfa89a46ee96e26636da4ad,170304,publishUpdate,anvil
505548e2620b1d2c0d942ffc273edb57c03f90661874d56123b74c93b6d49107,132602,reserveTicket,anvil
3aa591e01a00fc1a2945c2763a1f4d3f9afcc07016b8a99416f5f49d952d5211,170304,publishUpdate,anvil
7ae68e969eb7aa3fff8ccb3d3d60a0733a10fc96bfd8499de86ef5c16e5035e7,132602,reserveTicket,anvil
39a85f74d7c3bf0c85d59325252768d70aeb21eff46e670dd2f7a5a09679e6c7,170292,publishUpdate,anvil
7f7f2710f82f6961954f80fa73f6f9e56f1ab05a0f54ec2a0e11ef630387ad1d,132602,reserveTicket,anvil
77ab7d0b4df924cc82cfee5a0de4101d494b3883b2e1e8524e49a484ac1d2bbb,170292,publishUpdate,anvil
7bb38ebca071e5c8f577302a98eb17649930692f9152ee16c5f11c797d0a7623,132602,reserveTicket,anvil
710a0b047751533186f47d7bd7bb20cdd3fe7954960c571d88f245e09c5f0e36,170292,publishUpdate,anvil
650ca84c497e4da70c9c169b0fddd9712a7d52818707b5c1406487139716aff7,132602,reserveTicket,anvil
296a73a71435295559bc35b8ce3d3d787d8a4bb25590461b12509f06adb5f29e,170304,publishUpdate,anvil
8c02bcb4a18e37b02c90363befacf18f98f1a1a77cf197eb220985d5aa192969,132602,reserveTicket,anvil
fb4059976e841808fbaf366c187b8f8f9d38fdc4fbd35238e42819f487f09b23,170304,publishUpdate,anvil
536fb6a989f1792743c049cba114d64ffe31c0b5225665d517e694002f5e1de3,132602,reserveTicket,anvil
80776c58ec2011179d6a70b7416aa55c572d6c89946ed8182bcdd06b74dcc9ee,170304,publishUpdate,anvil
b42432598d7b48dadbee911577b29f5df142081a5fd80a0fc56ee004dacaa14e,132602,reserveTicket,anvil
f4b7602e8383ed8ceea68775432aed941ef4c09f756a6169cf3fd05cf66b1453,170304,publishUpdate,anvil
cc50651f5ea1a1d67fb7c4f39ba48772b71295635c520d70010f050c753ccf6e,132602,reserveTicket,anvil
93e54220d27090c8bce819b9d6daa7c16290d54d8d3fbd52093c93ea2c31dd5f,170304,publishUpdate,anvil
233f554453f0654eef724d200e4037644aeb393ed9fc1753a772b9c0545354fe,132602,reserveTicket,anvil
eaadda5181aaae8633d56f18ef8c3f4bc673be07ee4ad81a8ad3c70edb0a19de,170304,publishUpdate,anvil
69cb178ed2ce9a56eccc7afe7cb0d2eee5b656aa895799d0c3778fb5e29c3df5,132602,reserveTicket,anvil
f7c1a2e0779d973fb5ac1bda8dba5d1ebb2c5c1948032b78b32600921e0193a8,170304,publishUpdate,anvil
7d6063146ddd51d2cd47b8ba66259220efb55219b878de9fd74fa4c17be72115,132602,reserveTicket,anvil
baa5dc57ddb4e2b16f969f91854f72187073b44575a2de78d53ce74c25d99983,170304,publishUpdate,anvil
e8f056106b95e3f1f0e0b3f48a002e4ea9b96e0d0258d07ab56109ac98581951,132602,reserveTicket,anvil
45404dbf0a60f33646ca6b5b51d5cabf373d9a6da613110471e3c8bcb224626d,170292,publishUpdate,anvil
dfd68239593429d9d6a0543869a9ac3c6d21f227b82d00aff124a0e4eb37c537,132602,reserveTicket,anvil
62ade5091d11f842abc668d446d82ad1044b9cd98e782ea22892665d6150af54,170304,publishUpdate,anvil
8a8a78a4cbd6afbc29512d5fffd1daff681f1edb49621ede0eacd669f976f1ae,132602,reserveTicket,anvil
d39503eb76196f349882f41d0c0df2fb17854635c340016cc6bf62a05e2d701c,170304,publishUpdate,anvil
fc314f0e7ce9e522a94c643601997ee013ca2d7c6ded51dcc26f830b0aaa4748,132602,reserveTicket,anvil
84b5bf45d999c518832626fd6e187bf0bd845312d14a0941fa92fc98e588a7aa,170304,publishUpdate,anvil
b2d0fc14314b49d060e307c1e324e20186e41e1dc9609da0ae5e2e13813d1610,132602,reserveTicket,anvil
dbd3cbdce07e2379f2390b81c360be89fe416e7ca26fe44dfc3b2de080aba67e,170304,publishUpdate,anvil
79c501d9100f7cc52e3a806a094cb0098191403575a7513887ad5eb25ea1a292,132602,reserveTicket,anvil
5dea0105beb7af25dc496534befc52d282470e49a2642acece7df589ed678de9,170304,publishUpdate,anvil
5481cb5e4415b3d112112008347eed38b6aaa6080361ab07aed8ccd46a972ebf,132602,reserveTicket,anvil
7eea467f47ff2f944e690436b3398172ff049b7f0d186b80b9452678b802de6a,170304,publishUpdate,anvil
7dd39f8ab00ca46e214b1ec8b478fd3b271cf7852196763e2e2a5b935d9b0ab3,132602,reserveTicket,anvil
efb066665aebcfa3500d999d9a543dd601273252a39532ad5121bb687c01da83,170304,publishUpdate,anvil
030653a75c383e06502898dd0af30ae70630da7cc70de673ed4da2c22690f095,132602,reserveTicket,anvil
32308d03f13a7544d7ecc08b72e18db95c499036a6b4afe84278f755988a991d,170304,publishUpdate,anvil
5de7d0d6e7c1bda76267459dccc100074627a99ff774e32a9fd9aa8510b3eef1,132602,reserveTicket,anvil
d44493382e28a39f3134e35bb259cc86627d9fb4ec15f675be7afea7ec386105,170304,publishUpdate,anvil
cde969a477741033cf0b3371bdfc43630bd93da7a0264053717861bb0ebc8ade,132602,reserveTicket,anvil
4956603c3e688775ed3195aca66976f810f1882b8abdae6f61d7dcedc6dc69d9,170304,publishUpdate,anvil
06e7760724b346cdeff453e6f211e63082e6bb5e155477660348d73668618757,132602,reserveTicket,anvil
8df28e5acd6e927474a484fe58b7a51f6df24abf9850b4f1e6bec05a43273273,170304,publishUpdate,anvil
4db4830a7e0a362743b6d6e93d20f4dc70bd7817bd31905de80a15e7a4472fdd,132602,reserveTicket,anvil
49790b70db097d5382388347b9fd7ad555cdcf5baced7cef9243d95d48cd515f,170304,publishUpdate,anvil
880b79b34ceb3f06a9240e1979f000550a6b8a2e2c93e49fe9101709ed959d87,132602,reserveTicket,anvil
cc626e9e05b68d79d1ed74d9110cc329fc4f2009bb6dce1e1ab2bb88a5904b75,170304,publishUpdate,anvil
216d249e659e698a433bd271a5b176e0e2706912a92e37ca05078e0556241707,132602,reserveTicket,anvil
048ccc083a9fbc72d75c6f63b2d1e91e8dafe2ca7aa302c3a461fd43add0d10a,170304,publishUpdate,anvil
20e5ac75e60113cfa38de51c6a44cb37865aa14cd31210410e3e8d40a6d54286,132602,reserveTicket,anvil
a630787a3ace3004cf7efc9f96a6c9f35a87ba79f3d7c818d14b4d94b63d093b,170304,publishUpdate,anvil
70847e6459d578513c567b6bae17273ca5c2dff65c7ff35c2bff64d1e4099e84,132602,reserveTicket,anvil
9bd8a4816d94dcb6cae71d286c5bc27266bc905ac353a3721d1cbb64406299df,170304,publishUpdate,anvil
7713eea84db477c88b1eff781e849afbc0754e6bc25b21cd7d5a902ba54e774b,132602,reserveTicket,anvil
da78006c623cd6e1fdb423bfd03c26f3210d164c7603b9594a4bc780a7749675,170304,publishUpdate,anvil
de1a19d113a90af818401e5d782c939dff2783ea46d0215223f57083f8f919a8,132602,reserveTicket,anvil
91541464bdd7fb8e28a2c0b5b2a50eee746c3f235a3e3bbd09d8708e691e51ff,170304,publishUpdate,anvil
7101c3f5b242cf2f96050617278b19ace1fa0329cad983d3d447c2da64f4a133,132602,reserveTicket,anvil
acafcf05f884d81d003f91e1a89f772f2c5b25a1735dd68a3547cb60db08f0e0,170304,publishUpdate,anvil
796f854d742bb1077aa11e63c08bc252ae29754176d161eb0d7a0ee9c1bbcb3f,132602,reserveTicket,anvil
34bd8d132c5d47ba646fd233dcafee778bcf4beffcd593985468849e3b5761c3,170304,publishUpdate,anvil
7547fb9d46e776ef956af6f434f23e5e4561ae54dc725ffc1935e7f190a65245,132602,reserveTicket,anvil
309e2efd7290c50d2a7e73c10bb23c87031334e7a61417b84be485b3f89c4fd8,170304,publishUpdate,anvil
7eff72131e850115346b46781434b8027d6ebe79ff414edd0b904f9f51d08bf6,132602,reserveTicket,anvil
2f9a229f1c06bc51c2c9b8eb3f1bfcc54179270eda7c0e024765f01309957c88,170304,publishUpdate,anvil
a9c11cdc1b04cc209ce6fc78937d6ebc8e07b720ffc102e56b5d3e5210c43eeb,132602,reserveTicket,anvil
8b2fb0ce1e2640ac6cf595bddc633e715c4a6594bb22cb228ba299559e6e03c2,170304,publishUpdate,anvil
ad7d021206aac222fc73912f5c22b21522efd0d721360ce32820ef57788a4ea6,132602,reserveTicket,anvil
9cdd1817c97ede10383f45b7638cc019a18bcc8747195267996454a90cd0dcdd,170304,publishUpdate,anvil
496fe904d94205f624ed6620eceb2d1ce82c5b19f3cc3f27f55e83df9adc2c6a,132602,reserveTicket,anvil
a9920fb4813a77a309d08b27c6498b3e2def0af2c43fa089cfc57620ad7b12cf,170292,publishUpdate,anvil
f4cc751150fc92d2eb960a86bdae399aa8daf37bd0904f16d8d7818180077e7c,132602,reserveTicket,anvil
1ceebe265c6242949539212229f10a37fe36988865c96a071156cc5b1dc6922d,170304,publishUpdate,anvil
a9a6e2427f0c582a2020ddee43c9bfd449c3eb4ef81981ba40263beea09c5a5b,132602,reserveTicket,anvil
f80670208d0f58ef713fbfe8fe547a5bf2decf9ae7b78e7fddb6d10ee11a1a40,170304,publishUpdate,anvil
fd0435742131cddb574a67f0704b2aeab2fcd55e6314f8b35fb20669b0e575d0,132602,reserveTicket,anvil
cbc13ee0627a8df7b005314904c893ae850e01058a07993f9bc9983ed82511af,170304,publishUpdate,anvil
2859d82484ff850485cf69418dac4c8dc584faf57e188c0665a5b22816052aa8,132602,reserveTicket,anvil
441c2b730e1a67914e01c190b98d7dfaa9ff11d43a86fb0401fc73a1b8d603e1,170304,publishUpdate,anvil
f8ca6198d10365eb0ff85ef5d567c55415caaa584a3a25b5bec0aa1bc2d4167e,132602,reserveTicket,anvil
d64a29baed13753227fbd736f4c5000639100b816058dea76668ef76ba132bae,170304,publishUpdate,anvil
2ea0d163e2ca766a4c3c1260e3a49ac77b29a69e423ae598dc4ff8a4b80fe560,132602,reserveTicket,anvil
08e2be92853339bd728d652447652da0c49b191530461479324a931699449f97,170304,publishUpdate,anvil
45201fda8059712cb12a18391fa82ac376da8f7696a845e5f803a7ec0d976a6b,132602,reserveTicket,anvil
24ecb11a77056b4a8fc1adfd7ba30a5e8982b0e6dc519f7257507ec0211ce1ef,170304,publishUpdate,anvil
d4d5d62b3a64697bea363d56a4f7f8556e8d98a134ea84034035203dc00af404,132602,reserveTicket,anvil
07eaf91e4c3b320f30bd2a0770b180c98d0324f0a3757c248646e9dafbcc5b46,170304,publishUpdate,anvil
9fd39d6c7199c340e042bde44fc4606e8f00360a0db88411dfafa4dc5b70d744,132602,reserveTicket,anvil
47713f6af7e2e9b47c9ca6acbe8b63668ddfaa67ef3594164af87a9120632a8c,170304,publishUpdate,anvil
f141d3de067396ad41c833bfd76c29c0ed09bce40790822fa5b44fdc74a7abac,132602,reserveTicket,anvil
ef2404670cbe49e08ad18a1a588c257dac5c32cb46e3d76373916dc97ad8e892,170304,publishUpdate,anvil
b22bb284726327b0dc99435ea8983203d5923216004d7653339b039a914a96c2,132602,reserveTicket,anvil
a1f6fd8eb80a0129e809ea37d785459c7f4040144507ecfd14c5b228ba0a71b9,170304,publishUpdate,anvil
ea3136310067d955e6d4ed448dba6666ad9b08facce5f325559a2e52728e3bee,132602,reserveTicket,anvil
6ce48dfedb6186212f8f55685cd8ba4988a36e22e797b6a221c9f05557da1fff,170304,publishUpdate,anvil
f1363d1844f3c0ea56aadf80b470433ab6b6687e027fca3728717f3992afba11,132602,reserveTicket,anvil
83ae56d36bc9a0a2701e469f20bc8dd9439fe731ede9eabd0d24afbf6d048fd8,170304,publishUpdate,anvil
74761b7a035528920cbf8d54269347d7f3ff5d2b720438e442d7e2918dd2654a,132602,reserveTicket,anvil
eb8ba9dd19c647426b2f5bba53f6dbe1c99e06dcae50923413b6c3cf9e904efb,170304,publishUpdate,anvil
21c80c9ce025bdb0274898858401b8291236824e41c9dbd669919a11eb6ba034,132602,reserveTicket,anvil
c3de8cbec7b5854afe17cfa85e73fdba377566c76eac253433af1bc69b1ed375,170304,publishUpdate,anvil
54a0c1617eb670c9bf542821d9e43109882ff575c448e194906de1defc98536c,132602,reserveTicket,anvil
3306fa8c95b7c4d8dacb421e1d9a62d0f165c0a9d8537a989c994c324aee8831,170304,publishUpdate,anvil
1e865864f1a8fd4deffe869f11da9ddcc3923b1da7101fdffda4f5629da09d71,132602,reserveTicket,anvil
694ade650be0ed2fe07d19e796a27e1216826896bc74f647c82aa812cc0f4bfc,170292,publishUpdate,anvil
9b9cdd80b74888a0a7a7f7d39a3e2f395dabcdb62ea9d85583615939d710832b,132602,reserveTicket,anvil
109b44342b10408147d5a900cb59e9dae6f1262256c5c1d72f14f9a2f441bb7e,170304,publishUpdate,anvil
4faee9bcd7378692bd947b5823be0ab2c66b82d9918ab96cc5a61cd6c619487a,132602,reserveTicket,anvil
0c1ac42bf7061317bbd564a9f049534598373ae8e7ec76a55e8cc14dd4e4e3ad,170304,publishUpdate,anvil
fe9db0be733df33413ecde2ec71c8a1da6b68ca58e3a6d6719b2f7088b91241f,132602,reserveTicket,anvil
e44f5b190b3d94e69435b9e6a9e8fba367deb12e67dd56bd805e6b96e9430e47,170304,publishUpdate,anvil
3e5c89831edcef546c66d7b8bc33fcb247387a866ef34ca7a0791a52046c2c83,132602,reserveTicket,anvil
367878c20b56e9589cad000b8dd7ae6c4450958ebeeadd41823b2e7fc7061880,170304,publishUpdate,anvil
87b3f2f6c9f3eff65e04c5d630d780fd2d62f4241408d24c76f6188d837b4a30,132602,reserveTicket,anvil
f99bfac1f96486d31f03ba7f0993dd02794c70c6bfd33ffa2bbf6c1ce6a97132,170304,publishUpdate,anvil
573123f7bddea1198cabe4d5b54b82a20e881f1b788667e8702872c602ea4bfd,132602,reserveTicket,anvil
2677c40cfa52c39b0c9f9518a77ad447922ab0b7f40c329b6268c4a118a2aeee,170304,publishUpdate,anvil
05a26c2789d5a48a2849a05779fadd80ffa86e0d618276a22708510ee95464bf,132602,reserveTicket,anvil
b2f10c8c4b97f0607a6b80d759f31b7578e5c59e83f4dfd5f7aa98dab4845974,170304,publishUpdate,anvil
1f9be1a56bfb862711efcc665e17ca9862dfadf054f00419e44b6c29b1c17057,132602,reserveTicket,anvil
28f1334337f596254386025f89873c7e24d323c33e4e3c554b2009cb948414fc,170304,publishUpdate,anvil
892f2b28d87811601ef65b07cffa07fa436a597377887d564421fa0b0f77964b,132602,reserveTicket,anvil
b650a3c6c7d49b7fd69ddef067f999b28be278e504658399676028f7bdf5e896,170304,publishUpdate,anvil
5c444a248e4c13bd322fa6cd0525fddf7b08346644914ffa339c1d54123d9dbd,132602,reserveTicket,anvil
7132aec6623ece4c1f90e249f8b8d6fad1aa860e2c107273c7bee7ff98195f27,170304,publishUpdate,anvil
5bd7ce69c13e87423b8a1086dbe46433c58ba29e9cfdd04b6d3187135c86baa5,132602,reserveTicket,anvil
d7f11494cbabe101c601a0871b84d55af451f927e5719515dbdc89ab7398be3e,170304,publishUpdate,anvil
681f5cad94d4e335fa3fef91c8a2172c8ddda0e2c307605b58afd46a0ebfc78b,132602,reserveTicket,anvil
c93cffad1bfbb60fbec1d89780b7d4a294992c1e183cbd71df2d069bce4ae63b,170304,publishUpdate,anvil
1bb5203abd8b82c519b9b5d3356f112c68a54781b5413c9d5a5b0782f9f2cb98,132602,reserveTicket,anvil
735f137909a9c2656a76acfc7a26adfd009c13e2188d68d49dde38dd862a6f00,170304,publishUpdate,anvil
bd4c0338fac6b6339541f48d49d472f85be1ea9e8325bfeb4e9181c63361b9ef,132602,reserveTicket,anvil
0b163486b1f12c58d432cf68bbd74a7f9cd6a839f5471dba4265b8fd85c0f4f3,170304,publishUpdate,anvil
e0d4f967b031bfa078590a52e4ab101279d63c8df134d6de5be9c1051e87b7d2,132602,reserveTicket,anvil
e01c57ede3902dca3ce6cebde3c4351886d9e0cc2442c1312a9f3512686a7f7d,170304,publishUpdate,anvil
cad9c20a70d1efb70bda998ade7ce50c83b851c673cfd842d46174cf549052ca,132602,reserveTicket,anvil
92259d967a9371bc871809fa9841ef12048d923add7673aeb2b7177413c11642,170292,publishUpdate,anvil
137d73ede6459d16de6ad78432ae3280dd2cebbb35e976f005344e47a5f94675,132602,reserveTicket,anvil
4d0994aa57d3bb61574e500bd7cb91cc878493a6f379f891769ef877829982c2,170304,publishUpdate,anvil
98747f6d6ba35e9ee07967a1ef5190a822930522d6c82137d6c6d91b93690f0d,132602,reserveTicket,anvil
ff5c2721220eddd20fac9be51f9d91a14a06714490e318eb6754112d1977f98d,170304,publishUpdate,anvil
2336b5a06292405a1d49566f3d56348c02cd3a2bc22ad2c128e9ce569bea7a8b,132602,reserveTicket,anvil
8039b996b9307291c7793295b20284356cbc3c76bc4b2bb0d223d856adce47fb,170304,publishUpdate,anvil
32bb0808b28d5de3ad778d59681468f178b72fd64465f3c9fa3a2f6338eadf6a,132602,reserveTicket,anvil
e2c5d8913c7b026972af407fe4f270a18a6e9eb007b2718bd7ac85b7faa2e4ea,170304,publishUpdate,anvil
119fb972e8c95b140d18f7c6fa28edc465207bd7a69aaa6a4955525b2160df0f,132602,reserveTicket,anvil
bed0097deb3c054225b6f7ce40612cddaf1798ad7df4cc4ce8108d66e177a113,170304,publishUpdate,anvil
e3ddce172ffb58b828a370b5974285a77f26c6eceb616815a2ba9245ef149411,132602,reserveTicket,anvil
2f3c12f9225a7b0f013446d49a837c80bc12bc52e23942fdebac43dbf7d8bf31,170304,publishUpdate,anvil
8851230139c62fa286a5f566c0a595f143e8b0e5375cec08a16edb59031298a4,132602,reserveTicket,anvil
31078c4f72f5c1aa2ae0084cdf5b825687707dd3d1eaec5b4b2fcdd65f790654,170292,publishUpdate,anvil
4e0bee1d33c879f9026a0daf5eb6563b694e9591c6e920f6041d5149f2308188,132602,reserveTicket,anvil
898c5971b18dfb178a02f11e4e09e0bfcb454269ea2af4f807f6706e712712bb,170304,publishUpdate,anvil
0e2b9421a201aaf752299b4cfbf921cef19e24e485b041d8508a61c4607c4436,132602,reserveTicket,anvil
9fc3818eb5d3eee013645b32866b379a8540420c79840618a84ebde9bcf04857,170304,publishUpdate,anvil
d113e44e0fac6981041888583bd0f3693176adccaa7a53071c1c8fdb66378722,132602,reserveTicket,anvil
e190aa9fa3db72e85cefecb0a9d2df8dea9cee012e53651d39937e36e109fd72,170292,publishUpdate,anvil
01cac56babb4aa1dfdcbcb86b7ab7946f165d5480dc82209a26c68f8043f234a,132602,reserveTicket,anvil
618d1e3a161d4995776d24bd987f1a97f999bfd29a171cf379b2f9f76dfc2658,170304,publishUpdate,anvil
80a7f20f721632b86be209b7b1afc7e4e5063f5829892bac8279459a49abe763,132602,reserveTicket,anvil
590abab31f8cb6c6ce5456f59671e381223baf55915d0a7432df23f2c8628b19,170304,publishUpdate,anvil
eb8b8dddd726c476191ad07dacd52ac0755fdb5293cd2ae109db04f1564a306d,132602,reserveTicket,anvil
c77e0079405e14777b04038da2060c421f351dd349a6b32a32d97b82ad8f7957,170304,publishUpdate,anvil
68d974338bd5a9a7b10940a7d49906fecfb9e5de5ef87cfd8acc04653ec7c1e3,132602,reserveTicket,anvil
5239afe2324af2d15c8f89bcea5535d766ab5d4be597d95c41f887e8cdfdf786,170304,publishUpdate,anvil
41d00cc7e1f3e31703276a64ddea981dbb4c63fd56b8e68781b8a38c8d5ecbd5,132602,reserveTicket,anvil
a7e18c65657275f6f6a46eda5205d7e410128193cceeabf780f86bde115f523b,170304,publishUpdate,anvil
5c3c97fe572e337adf4de3c4078c43767aeaba0d3af5a260cf1cc222ae745486,132602,reserveTicket,anvil
41bcb0d1d0f1d69f7d7ed053ada05af1ba97496925122bf39e81ac7cb2e23080,170304,publishUpdate,anvil
d12fca78a689d4c8fcb507ab403253929f8a742a636775fb320e6d4a106a515b,132602,reserveTicket,anvil
b2aa4806c7d19fb44914d26e498412a36944e7cf6ec4d27caada4a02f7bff991,170292,publishUpdate,anvil
f23846681547e2979cfde9ed6ee1f7fba65abb0211eea93f12402fde13220b91,132602,reserveTicket,anvil
339da9d97895673592533e18a97be5736ea676af22c4f3b764234d9b9e560b7b,170304,publishUpdate,anvil
9a70b8eb0c52c393d294f9aaf8d0934a8068e6a24bd93e206b7697c91b84d7a4,132602,reserveTicket,anvil
5df40fd1232857c62dd9f45f6ebe0f06e33066faf9c20299040b246ddd80b856,170304,publishUpdate,anvil
f7b5b43075b27ac3b069eaef2849a886a134de6898e6935f1008b771e9c00183,132602,reserveTicket,anvil
f5b948d427440e9311402f464622105cbba9a1baa38aa17ea80f335486394567,170304,publishUpdate,anvil
a5753e094b8f2003f3b744c356da6369b7be7c7f6d0acb6828c31ef50387e9e3,132602,reserveTicket,anvil
98c7916347a70ea0cbc6b0bfa19c97a8c4bb9acab522536728125a550c31275c,170304,publishUpdate,anvil
cc4f64257a126c70344e12598bc1bc1ddd556823544a6ca0072366b6f49e5d9d,132602,reserveTicket,anvil
8bdac6e9a883e867cdf6b7ee34e8f60be4a150c56e4e63421463568b3627d062,170304,publishUpdate,anvil
ed1ac8e361776db8ef237ada9c004274fe4776bc31869fb3211a54131d44a962,132602,reserveTicket,anvil
66e022d94d0b6ca19a1ee7f2ae9676650034121f0aa222b0c526704fe16ccfff,170304,publishUpdate,anvil
943ab07a763bf2650c7b63fd644f70cc00b59245a087086e71395e953ae50b4d,132602,reserveTicket,anvil
9cb2a9a95b737e12e92408bd0e93184ec52525974fddc0417c725571fdcc1bf5,170304,publishUpdate,anvil
c9e94b049ed8f2454b6633c5f63fb7cabfd9f9afd2b85332aa25c0afce2df504,132602,reserveTicket,anvil
635b20b41908721555f7e4bc65477f1197e3d9dd332cda8116ed617c4297d929,170304,publishUpdate,anvil
c473972908ce84661c39e53f7446aff4982a774b06a5fd87cd45472ff4d8c606,132602,reserveTicket,anvil
57e47f82ad526508b2bd26c3b023094c79c0804c621cc7a1e0194786a72fb524,170304,publishUpdate,anvil
027b6d27e5b8a1b24e827c7891b3596b27ac269cf807868b3becdc8c9cec68f9,132602,reserveTicket,anvil
07043b8a71e73649b4956eeba6494903dc0417cf72548c0cc142c8ee594033df,170304,publishUpdate,anvil
f23ca228cb4db4f040e41e06b33e54376987a91517b6c57e6ea6cf183ff61108,132602,reserveTicket,anvil
2579cf2b3200b7119a5ec59db5f8f8895f0d5a8242d05ef202c300f3de8958a9,170304,publishUpdate,anvil
891d16ba86cdbe497ab2b67c0b4e82ad577a735fbb258438fc78440680cfb842,132602,reserveTicket,anvil
cbd0de5bc9acc731e11b276ad44bf92a871fdecc0a7172d814f16eed6d06e817,170304,publishUpdate,anvil
9032480701d07b4d555fefa4118f21b91066154f1cd2482de7ffe7df6302e4d0,132602,reserveTicket,anvil
e4d11dd62619d7c4957aec73dad7c4931f90ae1b4ff532168cf68133354dfd4c,170304,publishUpdate,anvil
851cb0555a5d707001cff4873fa3a422b8e32cb90541cb04c04d0270c0fea682,132602,reserveTicket,anvil
ab34eeeda699affff85d118d1909484e981c1cde11becea8bb67e38231feee1e,170292,publishUpdate,anvil
223b306db5d299a18047c3143aba034759f0ea5eb0dc7141836943ee2d7f8a5e,132602,reserveTicket,anvil
644c0e2923cf329f19e48c5ebd4793cbdd1fa143948a03fccb30f72bbe8eafd4,170304,publishUpdate,anvil
7df54f0007dbe35bcf5691aebfb638607b459c93272cb6bc923d475c07f8b9b9,5162617,finalizeRound,anvil
5b98b853558234fb051e15c657040c5e3e9b61e479a1b238c535f849d6eb8f18,48356,fundRound,anvil
b234d19a8fb147575cf82de5e88eb449c51973cc6bdd25fe6b49011b9580b6b6,132602,reserveTicket,anvil
cd32362a4bb3dae7431542a79aec955e8ac1e9a3a3eb7ad43a082fb4daa81b3d,170304,publishUpdate,anvil
ccc39884cee97e76eb6226cf3fe5e75d54c819982adf634549d19798040a461f,132602,reserveTicket,anvil
9920e23d4a5aac890f39c0edbe52b7b549849857ce6a49539015765d7225761a,170304,publishUpdate,anvil
f1f8d323e079d91a856bb64720abc75651573bb9e6b0790bafec1e4567e10d74,132602,reserveTicket,anvil
2212bb79af98aeb69f99da2eb43a9043d8ce0d485941322e2003be4f4e215624,170304,publishUpdate,anvil
d3a840523d04e72da6d72d2e2b5b8cdc02be675059b5e9c9282644debd621112,132602,reserveTicket,anvil
2d8b8a09f68e8d9da173a246513abab6f64df6ab8b56b195d9451bf1c331c1b9,170304,publishUpdate,anvil
21826e7ee1e2d79642a167e78ea3521d45a8c667c4f7ee048b2296de615c33be,132602,reserveTicket,anvil
b93c183663833752ce33a9f2da6bfc6b3118ade27cad3c84fb1f877039acb350,170304,publishUpdate,anvil
3f162a2fc9fa7495be51caffac5ebe35e3da8bdf0f06d36c8c02d6cc750285d3,132602,reserveTicket,anvil
5da0ce15cb339a8ab647552438c93c9a9c5dadc50e634bff279e39e0d5c1a48e,170304,publishUpdate,anvil
32d641a59eb99b312e60579ce7fedc7233947f245c926310eaffc39db47ae35d,132602,reserveTicket,anvil
4726b49ff93d4b1ba4f5dea9b677af40bf998a5dada6128584bd31db8c3fda5b,170304,publishUpdate,anvil
f1e85bf78f1fd5413e6bac6c8659714ba8129b990b8cad68dfe78f5a88b756c4,132602,reserveTicket,anvil
677743876dbba0b50c4f26824f3bbbab21d80a84a7c50ba1c23e49a401e8a5ea,170304,publishUpdate,anvil
6084f8e8d39bb9f67fc494e179b7ef50410fff4676aea6f44bd55941b41d46c8,132602,reserveTicket,anvil
f6bda7b59729cb08624ca838d25f69ecfdf6c607bdf94ffcfe53364e124e5597,170304,publishUpdate,anvil
b36b4946762b5921d35056b00d5575a337fcfff41003be356f698720a1c1a387,132602,reserveTicket,anvil
af2725cfcb12de1bba5287f71b54969c3aa3b3642a8dc495c00051ac5b8f0817,170304,publishUpdate,anvil
4adb9dc378cfb0b2e0fa941f8b6d14ae2f7e24cf2be22e5c19b968f55edef568,132602,reserveTicket,anvil
a5353a063bfef7f661c58331a6dfb5601d75a76bd63427aecdcf08e5dcf12256,170304,publishUpdate,anvil
d91b04cd20dcf6c7b0142e37bff62db278befeb5475dfb967ddafff5cb011db5,132602,reserveTicket,anvil
3e7dbf705f022681c18f90aa012bd15796ec35621fc0ca2d0ae021c0f97e6f29,170304,publishUpdate,anvil
bcd7ee11a9f47ec8990b0340db66e3b2cbdd30a6a05e01a542fa8d1930c9ad65,132602,reserveTicket,anvil
48e80b32b1f99ad4d53d9ccceacb0d73044f760df848c7ec95561b36e45609ea,170304,publishUpdate,anvil
389bee1adabe38063c4c00768671b0722c3ff7e0439632e746141f983570e2fe,132602,reserveTicket,anvil
9adeb0e2c940f6a78f14e409b0f0585f3b3a863833c7308f7c0ca80fc768fe69,170304,publishUpdate,anvil
1fb48f7bc80354cec8115798cd711cf817e6316c914fb3d5150d8e38bb690b6f,132602,reserveTicket,anvil
b1ff8c747a5111145f8541a81c9c30022732b8b6c35ae5e08dc9927f4c704650,170304,publishUpdate,anvil
669defec8e0eff930ad051e3325f46c0ab8ee4566599105aa9144c74d508d0e2,132602,reserveTicket,anvil
0537929d75a528234eecb1455323be4d243013cd6584ed883aba9cea77ba51a9,170304,publishUpdate,anvil
54e8f333ece3069afec977a352d638762d3e47c6a6608fc33cd5c995bdab81b5,132602,reserveTicket,anvil
9051f5464eaa07222ff76e60e12b7a68289e7af083c676af26f01ebbf3189560,170304,publishUpdate,anvil
3daf65a2bf1f1d5c5c0128cd71fe4aedfa45557214ce7e15611882038901bf4b,132602,reserveTicket,anvil
24414c92d889a8340809a03cb9d045a408373594f768e68a021d41f45c275d44,170304,publishUpdate,anvil
d1d7c60cfb1729bb93cf2ede0a4604d7b48ffd300b0ba5a4b6c24f59ec2373a9,132602,reserveTicket,anvil
84720cad9e2de77755d7cfe03db21de6ed6c63b20be565d609b6a48c0d702190,170304,publishUpdate,anvil
a3caec00df7242217e8c864698756e9d4f64f76eec9ec8fb92a54238f1ebf497,132602,reserveTicket,anvil
3dcfb1d89b8171c3eae2df03e734a65aeacd4625b8ef529161ddc672c5867474,170304,publishUpdate,anvil
6859574f9f5307b4593615fa44ad32d2b67a87069ac0c4fd060fbe193db5ddcd,132602,reserveTicket,anvil
7e112f454529e410026e4b2caeb431480a73aad7587d4b093c6ca7b3250add49,170304,publishUpdate,anvil
12e25265aed757610bac72f90b18789c5135e453086dc4d19670a1a7a71cfc53,132602,reserveTicket,anvil
fa748704609680a4d3eb0f8340231138f4117fb11aae0d7cff40049c4e2180f7,170304,publishUpdate,anvil
6c3bdf04a10d59195b9f67551182b74226e7fa0c8d7c8ba40842666adcc952fe,132602,reserveTicket,anvil
20fa2d4d569d97c069fb1ac6f15eba11d3706140061f41bd79069ff32269cf0f,170304,publishUpdate,anvil
018b99bffdd779d6d6318caf7fe980e4575e3044c1d82b21e6f1f7b4181a7d1f,132602,reserveTicket,anvil
ede5774b492a0daa316ff118c68164985340f5c8725bb9de54a38b1e25abff22,170304,publishUpdate,anvil
97083763d3b56c9de6288d5625cc270b86d06e2ceab096f1c9f44ebadb11843f,132602,reserveTicket,anvil
bbbd62b3f0ac099f2c981daa5a3db0b78532cad69024250c56d6fb86e2fba238,170304,publishUpdate,anvil
32b56a07186a1a9fe54057e34431d9c1451df65d41b6fc38ebd1db3d7ce16eab,132602,reserveTicket,anvil
a823bcca17090852c7b078f4e32b9828be06cab6946cdf9e011eefbbb934d32d,170304,publishUpdate,anvil
5545efce1aab306a965aee3d87af098edf5c5355195a5002fc4b4437dc6bbfb5,132602,reserveTicket,anvil
0889a883fc30eeba055552344af03bcc3644052ca4809544a594647f0a22c155,170304,publishUpdate,anvil
d8d63d9e500d26de1623ca9687c2c01b91f2dbcf2ab623707afa70fa3d091cde,132602,reserveTicket,anvil
08fe18133db2fa3de77b2f69f59ae1ec15215839cfca755f0a10c2c6da279f86,170304,publishUpdate,anvil
c7ff45ad14592702afdb3750e6722efa0958c6a2d6db32ec4f34783c113b0e82,132602,reserveTicket,anvil
6b3dc724a4cf033c03ffd111ad9eb34f7be2fd53ed42f780c58d240dfb7416fb,170304,publishUpdate,anvil
19f8d5d33748368b90b13d7f8e151f46752fb678a0a711cb65b763a34bb16e65,132602,reserveTicket,anvil
f4b987bc7f1b92f707f132b2cbe1d308a78437f492301ae9178a1a2f8718233d,170304,publishUpdate,anvil
59852bfc1c5405685e346dd956b60957a3d435daec254d877c7ffcf3333d8f41,132602,reserveTicket,anvil
d03adc53747e40691438ed78dbdaa08057604da10bbff5463fe5916edf48a214,170304,publishUpdate,anvil
63316070f32d05432d9249695cc37c8ae9920099442a628312916e5232a01e12,132602,reserveTicket,anvil
bf3cfb629f850490a073c77a652dbc60ce2d69062684a769a2b99acc20c94a98,170304,publishUpdate,anvil
1605eb84a534ef4f927dc3747de2499a4c3a288e8368bd9c44649958897f2a65,132602,reserveTicket,anvil
aa0809d7e101a3efde3fc18c506b06316078c438125e9404c95b0b12ca62a89e,170304,publishUpdate,anvil
5c0500df74d8d9893673dea38919bc8fd4511ac416602d7fa32a9912338a1871,132602,reserveTicket,anvil
0d2ba6f9ef397660effccab6669519e51b2e21548ca98aeb19d73f9a7f3787bc,170304,publishUpdate,anvil
822a9b22e8285161efb8dea9ba43e1a7744b74c633c0d00aeef42c211ea481ae,132602,reserveTicket,anvil
4ea5b3402c8618953965a13a45456ec4a66228f5dd3c87457f3b2ab301c11d8c,170304,publishUpdate,anvil
53c8403c0ab8bdd42dccea0361b30b9584690fbc8d49d632b90f1d32617758d6,132602,reserveTicket,anvil
4e637fda3ced1c32349c5a2bd15012c0e165543e1d1a6bd00593248d981cfd03,170304,publishUpdate,anvil
0bcfbeac79c0f4ed41884b527bed9f1f1d3dc577ac6664683eedd996b7ab0c36,132602,reserveTicket,anvil
b23012bded8889100066909d2c0c1438981eb1572864677b5584cd179f464e40,170304,publishUpdate,anvil
aa0796a691b6f2af9a6777e820ddaf24292cabc0970e6499a04e0ebab92c5d92,132602,reserveTicket,anvil
51fd769f326ff21502d3926b59e835b09a129730f3f2ed21d9fc0061d20f611b,170304,publishUpdate,anvil
40fac23b4d20467060194c28f5afc2366c6e372139b46d9b06753adf3aa26937,132602,reserveTicket,anvil
47f3e49d9112f76af3653b4ac14289a2307d83f844d3e4cd5054c243f3990dbd,170304,publishUpdate,anvil
fbd31d7e4bd80eec832ee4e26f128a37e78e597811970bcb5a4d2391e8c98106,132602,reserveTicket,anvil
568a96a44d70f2a2835a46e264371134835d4be35ba5b41d0dddad659f0c2907,170304,publishUpdate,anvil
4d2c5f257fd7e7287155fb2114d586bf275e31419b92cf7be9ea9c38cae3d507,132602,reserveTicket,anvil
981e3d6802743ab2a7dd8d8a95a9dfd99f8b3dd3fe4f3b70effa464312b52ca6,170304,publishUpdate,anvil
dfe468528a46e3d52a10252a1494988093732eaf04301a7296f4f213573d9177,132602,reserveTicket,anvil
a5e33fc0095d733f41ef6a93561960b749f590865f64d3db887588daafb2a850,170304,publishUpdate,anvil
176bc7b653853f0588526692eeb4a952c58964265e7e767734f473b2b0704255,132602,reserveTicket,anvil
d73323904be9c49e53b7b024d85e82b5d193b63b32ade8fb6dfec2683c57ecdf,170304,publishUpdate,anvil
f88dfc6e885f9fc7c75c3afe6edff0e50e5d13b4da4dd1289bde59c686ce8bc6,132602,reserveTicket,anvil
c4b65b50441a718a7689b3db61e10a8d654a0db3ebb242dea4c62282625b1405,170304,publishUpdate,anvil
50f12afc27e2451e18a6310392edf836b50aca0af621760b011c05d626fb04da,132602,reserveTicket,anvil
e49eada0bdc26bf24f3fbe8af3718838d515ea031fb7e13d52c3ee893b36ebab,170304,publishUpdate,anvil
e9ed32d5acba41bf4623dd710bc5d50b39ec50640465b640309592bf42dac081,132602,reserveTicket,anvil
b1ac1b70fd0bce78ee89c712591d11335627c0c4b73e00b07d75951d1c6baab2,170304,publishUpdate,anvil
fe6aab41c54d8ef108a6a7295c8eaf1b76bf65dba31475b999020f8026f48f94,132602,reserveTicket,anvil
8ad7237902257cc5897db7a8b4357963bd8c207268c97d3c5dde0eb7705cbb61,170304,publishUpdate,anvil
913716733b06e767349fde96e24195976bc997a537f53cfbe93170145568bde1,132602,reserveTicket,anvil
ec450ebf05551fd763945ab970793dcbe61740988e69947d34da8755a7fcd8c9,170304,publishUpdate,anvil
e599221a9e266c97ddb1323719f4efa3e0b5ccb29da3e922723c4aed5528f947,132602,reserveTicket,anvil
d88729976da4bf7120fa7d9d7bc098f9b3d48156b09e1773c4bbf0ef8a8139c2,170292,publishUpdate,anvil
82c23e4ce2473db558109fcdff1199d348403206002b51106b0b2635df2f89dc,132602,reserveTicket,anvil
ea0b40dcd0e804af76f2861e1254d7fa83989d88dd37fa39d77f3d118a2e9717,170304,publishUpdate,anvil
08e05f1af1c38866ad719b3d3ec79969ba5a69324d3316eed73e075ed9a29671,132602,reserveTicket,anvil
4d984f6e36bf263831d0a6d082b086ac2b4725a7e652b71bd0da9eacdfa9ee1b,170304,publishUpdate,anvil
2d65aec35cd48fada805908f57fcfe04bd6a724b4103545df593107e9eaa548b,132602,reserveTicket,anvil
7dd8091bea9e0ee19ad814be2f634cec7059cdfd3dd6b8cbe93d19bc6cf9b133,170304,publishUpdate,anvil
b30cfc3ecdaae9c0f911fa50419ff303bc4f444f08e4212b0b4206548386ae61,132602,reserveTicket,anvil
a105dbaead727dafaf2ac93d45695bd88aa60ef1552126404b4d1f58d6b0ee30,170292,publishUpdate,anvil
6b5223c83f6da6c1fbc2b82530a1377c6ae22df2879de2663c5cb419adf38d16,132602,reserveTicket,anvil
fdda7f858bf24beb2569380bc42ded651e064757aee8d7d60be00fb00803986f,170304,publishUpdate,anvil
284fb8aa77f9b0927fc1df5503d9d79d6f4ca8ce0802e0b3de5e378075696a02,132602,reserveTicket,anvil
94cd7bc20fb0a957c418a9cd0ad83b8107359f83697adf8ce1a761973990e944,170304,publishUpdate,anvil
dbecedee8a25bf4d91358e40367c202f0fcf5dc5a0727f4d1b8581388d93680f,132602,reserveTicket,anvil
2e0b97d7dfdb742a30524d3121b9b606e14b1637a1898ec0fbb781fd0d1c3b5e,170304,publishUpdate,anvil
87fcd75da71800e1a3785cc7e32c49adf04bfb5757b5efba28e23af4c7420458,132602,reserveTicket,anvil
452d0da7f5f46dfa9d0a54502398faae08ae54f2d33e9a28a5f81976c3108ed6,170304,publishUpdate,anvil
986d0bd7e0335af4d5c4ee04ac5184f1d7cdde8d0b29bbd75d41e8b36986f693,132602,reserveTicket,anvil
05aad245a8feb2dbe2bc8aba9ef517cb6b1c69be1da48e1767788ecb8dc1cb3d,170304,publishUpdate,anvil
0392b2d7f784b941ec4044f1ff092319d43934e7248b23c6b97a87117506f5a3,132602,reserveTicket,anvil
430551ebb79b033fecf2cdb806caa9b45e543daf7f3f4675118348bf8677c2e7,170292,publishUpdate,anvil
bb02c41e4a06a92f788c70bbfd83e17ace982027b142d4a3f7c693326a62072b,132602,reserveTicket,anvil
91c96cfa27ac4d91e6df5a30c4df8f6144873ecca2e4db8ab693659e0eaeb0e1,170292,publishUpdate,anvil
4b38b29076ec30174d0b05d8d8d2fa1a705167325f3f688f58ba638b909968f5,132602,reserveTicket,anvil
65db2a2c026816cd5e99f0a6114a5e599fb53ba7f60bba312d26f2a1b7dbf4f5,170292,publishUpdate,anvil
2fe38c2a6cb81fc1077486b0990eafecfbe1485cfd8e6464eedbb409d4d8d606,132602,reserveTicket,anvil
d78d3863d857a3be8fd7cab61ceea46c5bc5acf3c34e68da40e894ba66257c87,170292,publishUpdate,anvil
2c00b9441b02a9d8dbf4ba619c4150b066259845df6511eff32f154656847ac4,132602,reserveTicket,anvil
a03e3d04853c6a0758604e14eef03d329c60c96efd7be746a33c4433adb47513,170304,publishUpdate,anvil
087f6e45f5d829a046701142c564d0c374dcff4ec337605463df1c7b5910a7c6,132602,reserveTicket,anvil
d747ad15134009e13cd33e539bfb1ee49bad8ab1429ab7f995d447fc74de5a3b,170304,publishUpdate,anvil
ccc26126d77cb33d94ac171f237732b737a9f91cc541636012a13c067db0819b,132602,reserveTicket,anvil
19701f99ebbb0f228423d3b8405dea382f96e180adcea0b251cf5a65a913c91b,170304,publishUpdate,anvil
4d83d6eec7e5f2fca454565a86e527085f9e96b7b90fa9a7f9ece8e36df76d2d,132602,reserveTicket,anvil
0af08ac9166b20f8180caf7941009f098dc92369d674afa2fa02d276d439d2d9,170304,publishUpdate,anvil
e3b64d2ea3067cbf1ed059b5026943b736b0339dcb26b4906992ad813b872df9,132602,reserveTicket,anvil
13078b66c7933b0e4477de1b58df9faa79c6d1b8a0500e21d9cf2b4e5d1b7601,170304,publishUpdate,anvil
fea31e71d8be249ce23eb65aa9efa3e43178268944d32e2d67a84a4e0906b180,132602,reserveTicket,anvil
357a2145e481b1fa69e4f5161a4a2f88c2e081965f93476c8c58f43e203d8a3c,170304,publishUpdate,anvil
144510657403e96eb21938275d4c844388311431619f5ac7f50d1f8a3c9f7b3a,132602,reserveTicket,anvil
ed4dc1829698b08d8a727e1fd7c651ade71b47cbba56e1600f34bfbe2d692877,170304,publishUpdate,anvil
5d557a6305a23d45d3d0f97b0c9cc71840e3b062c9541367e8e7614abe64bdce,132602,reserveTicket,anvil
e30d1b00e929d3e620360a732cb96e6c41adb6a913cf5fdd5f8de45b11003fa5,170304,publishUpdate,anvil
4dca91afdb75f973dbd0938b892124113830fb2ff73d29096a78684e2e0459af,132602,reserveTicket,anvil
db8d9b933692016cdb43cec88dc1a92dbb3c254c22afb5593cf2cb1de9df329e,170304,publishUpdate,anvil
17cc2e753714a9fcd0922d9b534680dbfb3b8796cf8cf0441f33e75937e6a371,132602,reserveTicket,anvil
4f8290a097e040f73b267325d111315705c3aa640a2c19bbf751720ab2e43bc0,170304,publishUpdate,anvil
da3efad534f74c9668cbb72371aaf1e627e73bd60f7ef33bacdee25df0fd446b,132602,reserveTicket,anvil
adbdd73662585c21e29d5c978d4f69b1adf9bc70c15496bccedcb797cb724c88,170304,publishUpdate,anvil
ff4885880a7f916849871cb7883aeb689941978b9499c509b65ae8140ff1cd0d,132602,reserveTicket,anvil
75d264009fc69936f75e8813c44cc7e789b4ee51e3c4ad2736dd1c67da4b162e,170304,publishUpdate,anvil
66364c1e87312d94c0db921355e97e964d67431be386c85bdd403be1d4de819b,132602,reserveTicket,anvil
7b5f03696dc27c5d4835454629f77e886010bc83646a71b45092b7d6ac0561b7,170304,publishUpdate,anvil
2663930e9ce4ba5c127139366f2dca1f85fffa3581500339597cb0cf126420d4,132602,reserveTicket,anvil
73bbd9b99a0c9702884cc026cf94a0801113929901709f2e90d7fe9cfa7a3d8b,170304,publishUpdate,anvil
a7c22ef5426d21e40c1fb829263985dda99bfc2ba8dbecb400def193653e46ce,132602,reserveTicket,anvil
bf18d767573cbdcbca8b560c5585716f9730179bd5afff09a651d763732c3c9d,170304,publishUpdate,anvil
9e95b3484c28397c875eb6921bc7e29cb4d0d1b04e8239361eceef675ffebac1,132602,reserveTicket,anvil
5bcf2d41255dc5292f0a3378132b49610dfe49d286411bee43e5b3b655374a3d,170304,publishUpdate,anvil
be9496c9f0767030aab0a6ef16129a54e19593d33f9699483800c6a630b14494,132602,reserveTicket,anvil
d2f854a904f5f1020f1f0b2f9dd91ae093309b99fdeba870abe9195012363b2c,170304,publishUpdate,anvil
3ef9857649b1633a4872136f2594a2ed6c1b7d385d9283971e559e6f75446499,132602,reserveTicket,anvil
bc2e0ba211275bcd579be984e0cbf332fd2d547f5922b66fe5979e2c42332636,170304,publishUpdate,anvil
6ffd51e120d3bfd49f202c56b2de2798b5b1635010b157161a5f9e6e723ddb76,132602,reserveTicket,anvil
20d34ab0ca12c1c57a76f37301522341f7df729f0c2add40d22b0f3327d54190,170292,publishUpdate,anvil
50226eea746c2cb59ccb06e696dbd2333910b4e790d34d2e74099aa2b3cec038,132602,reserveTicket,anvil
c72a8dfba26a52cef5e14e05a797aaba3ea124ba887020394eb563da71ec3654,170304,publishUpdate,anvil
e8491afe3fb51b604911eb2999adb5115d8a2a4ebd2987e80addee9eed4a43b9,132602,reserveTicket,anvil
45c5a2071fa367b4535c68322db743f53815acfe566d796389ae89d9d51578b8,170304,publishUpdate,anvil
a471b1a6d98602624963613a67d245d02e10ca4f02209cd63d6821bf0f30c6a1,132602,reserveTicket,anvil
0e30af986b8548269ea59b3db932dc480bb979363cf518519e6f09d34dd0ee47,170304,publishUpdate,anvil
3205387758b5d1905f225dec09600cf507e50a85eb91bcaafc8ab60c9ce1c741,132602,reserveTicket,anvil
26e3cfecf52392697b78cc2b75f82277f0744a25d7167f23cd607a7e217cf6cc,170292,publishUpdate,anvil
776d6793d166317e571eabf091790a59a2f603b0c90223dba71fc0bc8480fb8e,132602,reserveTicket,anvil
7ed279c09364bd6f03508a88592bf46075ff6dbcff81beb72f5e86ac09c27a6e,170304,publishUpdate,anvil
5151dbc6c48ee7a5c8169969537d5ef594a100b7b67e4b4ae85b8d6f1ca3c1a3,132602,reserveTicket,anvil
74d949e83aedd1419c1581832fe88fd6f228b02d5e7c2f0f4d4359536fc30561,170304,publishUpdate,anvil
680b0733304647b35d2d6a966679ad1ad6f6078f0bf25c7fd2391cf9585a91a4,132602,reserveTicket,anvil
fe9dde95e001af4c3b1c9f49cb22991c59addc59139a3827f2e20e552347ff8e,170304,publishUpdate,anvil
41df141c947ef650666cea29ca3049406d3c9c99e1cac61259c6efb48a2df52e,132602,reserveTicket,anvil
4475fe6d425ed0023cb13d7830cb044e0b4775ba24c65d5f9e7b072a648d77c4,170304,publishUpdate,anvil
98dd489ecedbae964d8d04455a8d951edcff092bbe56e8f855ffbb9ba3aba307,132602,reserveTicket,anvil
ed4aa06967a2f17177160139681c0f0b757ad4fbadada3fa6256275d19dc26f3,170304,publishUpdate,anvil
633b59d4498016d204585f0fac13172e13c91b5c2302920a3554132c97499626,132602,reserveTicket,anvil
8aad09ef7f471188502bf7ef549db4cec305bdf4f1e42d43ab39e11187357c3a,170304,publishUpdate,anvil
68eccbcf556ae5d7bb7fd0ade5061fd070f3cca405351942782e04e064c06ce6,132602,reserveTicket,anvil
2e9c2169db61dfdb9a08de20ec01a9c323b3422905e078025656f11ca79a37ef,170292,publishUpdate,anvil
7bbc1fb02cd96fc28b8089520fd0363a81e3bc11179ee7f0661700eff30e8f2c,132602,reserveTicket,anvil
bcce9d9211ec48af8e9da80605c0535f969d9ea3b9a7495db83e0cc174d18805,170304,publishUpdate,anvil
6f92feb7036bfbfbd68c49e66d4957d87dd615eb6ba4e8d8abbc171ba0b8d0c0,132602,reserveTicket,anvil
ba70b8c3d40e3c6cc4103be73f3740f7515eef2bc1da60ab7b7ea7f695c10873,170304,publishUpdate,anvil
fa1e9ceb2c2b6668b542788a399392ba3b941b2ee607aad6ed4ce52c11e11d7d,132602,reserveTicket,anvil
049aa9357391a341ccb35cfe044dd7a3a70d0ceae72909325792564dce8c18ab,170304,publishUpdate,anvil
4ec81bbb0931029a89487be3e4911d7a513928db0b2d84383c173b9dd6992452,132602,reserveTicket,anvil
e856bb7796ae24c4d9e6b7e7a3f2cbf8a4851092c5afa4ad60e765bd7ee44489,170304,publishUpdate,anvil
e695b73f5001ebedb6962a45ed4e5a06303d799bb7edb37b726a567b8283ae63,132602,reserveTicket,anvil
e88cf07c636322d6a7e14f426c441de0ed8c33674e745a465e2a0c70cefa90bb,170304,publishUpdate,anvil
c79b476e4d1c8d8e98568bb93e04a7efab84f97629d92d2897776575c4d63836,132602,reserveTicket,anvil
2a2214e7c1e8f702d629942abaebd1c321c9730b4333d6b5920c9b9e144d82fb,170304,publishUpdate,anvil
a8c6c8b1668531209bca3eac6b7e428637088f4662b219886155638b3c9bc605,132602,reserveTicket,anvil
fe6f22441574077dc67a988083990f95bd8c7723b3e323de814326e4b4f754d8,170304,publishUpdate,anvil
92e5bba1e3dd53d3e5eb8110cdbb730ac413ef57fd7cbedecb000e4d022bd84c,132602,reserveTicket,anvil
ff5c582bd1965a6454f7aee8dc4a44c545e558b5640c77b863b2cb8db79f7125,170304,publishUpdate,anvil
b9e72d940298dcf96f376cacf99ce6cdd6e49e1cfc99bbdd89193bf2debf4483,132602,reserveTicket,anvil
baab46876712886888b821c2488ee5819820f1a0f5e89080dbf467a3af10914b,170304,publishUpdate,anvil
ddf776d0d6b243838e28bfec043e23766b6f859c347b79fcf9d81aa3f4edb62b,132602,reserveTicket,anvil
12a34825a202b4f1bc5db7c33bdabbd72eb43d88eb3da407db008af86c879e1b,170304,publishUpdate,anvil
69ba2b202d8a1963b36eb0d3638a9f642e5b81c1231230aa35520e478d75a35c,132602,reserveTicket,anvil
e2e124e37abe7060aba84e67d32a04716da11a6e64cf78d4bdded48bcca7cce0,170304,publishUpdate,anvil
86f2d2e9c35ebb60a44802111c541f9dcaa262aaf72592cbf71928e4321dc908,132602,reserveTicket,anvil
6cf13431c06c50273cd64f1da5673de2c4138aa813e1249ab189d6f381a3c754,170304,publishUpdate,anvil
8c7327d8efcb5802bf2e59c0e61581f71136d7eac834e983ebeac4229a5259ab,132602,reserveTicket,anvil
513c6d5e4fe9294d65ef15cafaea5c5f993eb0d6155e1732006ad8ea0cadeac1,170304,publishUpdate,anvil
e5d7895b61e1a787915533ad17c6e30875fea6b5e0b99d397392bf6c715b57fd,132602,reserveTicket,anvil
cbb7ffc7e8a3873a3817f9ed3bd6aecf3a10559857578fe9e154aca33860f1ec,170304,publishUpdate,anvil
5bfdec39e198cef5ba0e58aadff6fa171f219f40f5b6ac64f2d84184f84b24b5,132602,reserveTicket,anvil
bb230c90ed81b5b782f300015f9bddca046c03cfc24ddc3004e4397a04859354,170304,publishUpdate,anvil
766eba0b8d3745daf68a54af7f95db80a8af11eaafeaa0dddd8757f72b99a4c2,132602,reserveTicket,anvil
320faa81df3a77d5555acc821f017648efb31b35848d4df93688eb6ac9a7d419,170304,publishUpdate,anvil
2108f1bf204e22b522a57e547d3d3a26a123c9b30d9d127f58e732ce1879f1eb,132602,reserveTicket,anvil
2057b80cfd1651791fb3e6b2d783ea0ebce8c0425670dbd3ccbdd694e7307144,170304,publishUpdate,anvil
96b84e36e9986e3685479d90d9e21dd652cf22cfbaf5d3722706fb661c1fdbb0,132602,reserveTicket,anvil
b779480fd325e62feb64da06c95916e649a956eb73b2ab23774dc587e525547e,170304,publishUpdate,anvil
331c0b460c2acda1cbda2cce0d0d0cb5ff3f31ea7e3a51b878ccea9d0ec976ad,132602,reserveTicket,anvil
01cc2dada6660cd9c8b2bbba480e237bc6ebc53f5af6541c7d2d2b34fe7a3ca0,170292,publishUpdate,anvil
034888f4b09d52c3f4d87192eb11804938e5e45c3b467212c09b2a3c8f3afd20,132602,reserveTicket,anvil
4b0420c493818fda891e418a27be1e24ea12f73e4291f149840a96f6c79fa63f,170304,publishUpdate,anvil
803295c42cc2de62fb9a884f65dd3d58f5f7c10966a25a4351ec946c4cad78c6,132602,reserveTicket,anvil
2e6d7ba1b90eb9a35591f0eafbbde116023071df7da15c9184591d430a708ac1,170304,publishUpdate,anvil
8c85d4827b728734855361eb3124c7f968b915fdba4b866671cb1b8ef28d42b9,132602,reserveTicket,anvil
3e5c8cc726f399b50041bd27adaa6e0a7b410a50b6f30b3c1ef02b7e408438ff,170292,publishUpdate,anvil
2ba91d4ade283c79fe4a0a57696d3f0a1c3cbae95e7f50f4652ce4158811da9b,132602,reserveTicket,anvil
1e06fbee396213e8ba64a181697259c46dfb4b2d00fb92920653c320fdcc061e,170304,publishUpdate,anvil
e994028c4ec05394812e0818ec3939636d281d795ef957adafb84ec497816cd1,132602,reserveTicket,anvil
0d172612ed11d77beb6d5ed4de2b3be56908a497dcc1ca0fd039ff7ca8cb93ff,170304,publishUpdate,anvil
bfa24c7c2fe4ed79a105e57d1c383ac35dd98d263f39f05d8de1a293ffc269ec,132602,reserveTicket,anvil
63e170763816573f1873f3fd141b6c0439580790c7708b239ab80ac9fa369dfb,170304,publishUpdate,anvil
3493803f09ef328c237f17a05ca14f3bd6b34459ea67ce682e362cfeaeb76836,132602,reserveTicket,anvil
4105bc0a1320be28ac3fa8a1cb96d142c86f7c1968b76f27fd139cb09ecaf056,170304,publishUpdate,anvil
a212c3fc436b5d0ffb1b9a62f04e91f69a510a431df57cd712b362d886aef279,132602,reserveTicket,anvil
62c0f0d943d063f9aa6e8c6d91fa8612dfff1bafa18a1e1df6f4b2c99edf85e9,170304,publishUpdate,anvil
a6e263c4c046f06f43132c16a050c8f3060cb7ca7957153590a54f4694879830,132602,reserveTicket,anvil
1c4f352015b2263cec8388085a5adadb9346afa90db529e7c4c8b78987d74ce4,170304,publishUpdate,anvil
bfb824517e6962cfef6202c5f7443324bb3e1d04426c922925213d540e678530,132602,reserveTicket,anvil
90b72f691c783c211bcf568032e12946167776a57de8c15b2afb183f2e4de6ba,170304,publishUpdate,anvil
5a469749e1ae8dc80e4d21337d9083524fb851ac71328d8d03ef1344beb7ad78,132602,reserveTicket,anvil
8c4932a7f1e51aaf5b16be5e70b3b331936ddc6b0fa7e4abdf20c2e03f54a660,170304,publishUpdate,anvil
29bea4799bff8aff72d2ee94fa024fa3de7f752b31e0a11e9e38d657fb8c6f12,132602,reserveTicket,anvil
f6015f1550bb2e9917f9ead1f30e3db4d46ff6816ddd94a7ca7749c7cb5d5b46,170304,publishUpdate,anvil
bb0b275a7d17b8ec246991c237ea8ba15b411d16705d89dbb7b9d96dedebcfb4,132602,reserveTicket,anvil
0a047722efd8a21fc046afe3d408f2d62fec933fdde50aa3e6b6d5f8591ada7e,170304,publishUpdate,anvil
91038edc59b709f22c18ed99359efe73722a291538d9a65ac7131624a477937b,132602,reserveTicket,anvil
87fe768b6c0be0dccdfb62a847861ef36c8c5830257656e24315e1995dcdfe0c,170304,publishUpdate,anvil
7f5babc0f4ee155f8140b370fcbb5513b89caa440d27bd99cb700d47cb013aa6,132602,reserveTicket,anvil
d4c2e14ca55311e23aceb50ed4c339885f0efe52df463d038f09bbf1869d4302,170304,publishUpdate,anvil
8794077c0c7af0bd0bf03df92e457d59a3c4a02a937ea598ae03b248efd260cc,132602,reserveTicket,anvil
c255ecfca2c80958a5325dc630fe9678277e6ff20890de55583699db1c164521,170304,publishUpdate,anvil
90fbcca1ca92a3fa16f122db86213d8c6e43c79bb11a078e318e661d96056cd3,132602,reserveTicket,anvil
33eadbfa0ace0f178f15aa8ea3e9dfe53e244a6c0fe5a3c74224e2daa5802c4f,170304,publishUpdate,anvil
74acbc41454c843ce4786f4d93f1589ff8e4f4820bb0bc08556fb2cecfb37c70,132602,reserveTicket,anvil
7ea40688cbd58d988eb54f87dd557961bd35f8c8ec818c972a8288aa751f668b,170292,publishUpdate,anvil
68430869aef46cce99a97a1d69a19854c8f4d949a3035aacafc3c9309412ece5,132602,reserveTicket,anvil
a6c7deec62d97288a8c44ae3c7302a05d30d969a07573be52c59a19d95970e4c,170304,publishUpdate,anvil
b082eae445048dfff456eeaf884f5c23e5ecaaf6a4f068000991f5bee26c8ac9,132602,reserveTicket,anvil
3206528ceb8e2c34b1d8aecb1e081e2fffbd0a361bd21734fb4d8ea58cace841,170304,publishUpdate,anvil
72473d418d55a92433b7a5b4804afd5911092795242b99e2c93561b59545a745,132602,reserveTicket,anvil
f8d3f9bc073f10546c9528b7f2c1e942122db473713c30365e06db61a0d19e04,170304,publishUpdate,anvil
c88e1915b6aca57857306916251979867392cefa907b65dc7855c74bcb39a9c8,132602,reserveTicket,anvil
8931fdb43e2034e93864e6177e22ea9e30bbcb16d2bf530128f36f9142779366,170304,publishUpdate,anvil
434d66f7c8bdf65979b8d42726b4c2519edf96600cb6b56990a8f0647f3d3db0,132602,reserveTicket,anvil
0db8051499f068f2c597172daeb212d611bd14f9041c8b52c2b9510fcf38064d,170304,publishUpdate,anvil
6fcbf62de77c2e8e93c5acbad5022c4c369418dab2da1348d72b1fdf82d6b6af,132602,reserveTicket,anvil
e2227deb198d30e2c9db6b54aa6251c358d4abea6a00699d220a8e2088eabe5d,170304,publishUpdate,anvil
0576f113296a46e8a73a98823bfd60e4f7c0f344385670e5160138620da7c1b8,132602,reserveTicket,anvil
f38ba572d5b35876b3cad34d11d34bc8d5832083a0385d7c0fa0b44dada7df6d,170304,publishUpdate,anvil
f7a46d4fdfc503754974e5adb95de39ed04845d7a9fb6dee60f0b247c2e77ddf,132602,reserveTicket,anvil
7d9520deb6f73a28ae6a3d1d892316de7aa6290468e70e1e0e765bb83d9de9d1,170304,publishUpdate,anvil
bf950ba20235df370f60971a1867df3100a9efed9b273694e11288312751a336,132602,reserveTicket,anvil
4554784062051e3e7b3f3f3b86c62aed95e7b2526a020db5df6990b48a1619e0,170304,publishUpdate,anvil
71a14d5d8572a642c9112ef11f8aeebe40e88b0ea6f85f6f849d3f52865ca9c6,132602,reserveTicket,anvil
c7dab6fa1ba2ebe635803f18b78f2214f8e4cfd199959dd6c6d5a3e3d38cfa2f,170304,publishUpdate,anvil
42ea1458054371441af6798801f36bea6139acfc010cabaef4b10804df64b469,132602,reserveTicket,anvil
6bf45fb939a559d279a22944d74f1768b7b48817ccb926fcfb83d7ccfb65b14e,170292,publishUpdate,anvil
2bb06c3b1ae75e9600cc807878321805758adf2babf3f13f02ef0ca3a7ecd6f0,132602,reserveTicket,anvil
945c1cdc104475be3adb605548df70faff53f234815ceac00cb331b4d8af3e76,170304,publishUpdate,anvil
1be9b9c3d5db860482390ea32e8502a3179642e72a2379cba336f573bc8b837d,132602,reserveTicket,anvil
c9fdaff1f562ba17eac14a05d8289129f880f74fe76de9bf0470c461c7ec932f,170304,publishUpdate,anvil
2e4fcdb1e60d83f8324a2783bac71fa4ded4faf53f99c879df31dd9113086f22,132602,reserveTicket,anvil
05fb4e28b62717fff7ffd822308888960a8270ff1e260239c8615120fad4f93a,170304,publishUpdate,anvil
4eb1860ba36cef5ab250b70a77874d47137aaf13501cc2ac72692f9988dec1c9,132602,reserveTicket,anvil
bb6543fe550d44f38e47988ab774268ef6d749efbfe9d1ea2fab571e1ec5420e,170304,publishUpdate,anvil
2efe3895357a3326542a1140ee084875c8234b976d0caedf227c0a6cf65a5c5d,132602,reserveTicket,anvil
099a7a7a2ba7cba4f2c448328d4f3554f69487d95d7873b41751bc86d12afc8e,170304,publishUpdate,anvil
56109cb687a7c3038cd0ca03b4f249d7ff2fdfb48451418b38bfefff4359953b,132602,reserveTicket,anvil
f296b5fc36b30ad277d8ac0cb13c2f135d65f5c2581069b686448bcc8035e182,170304,publishUpdate,anvil
7644e1ee8528da0fe4ff097ae0c9aa647916d009a3604460d3665e4bf739996c,132602,reserveTicket,anvil
cc6933836428b8d1336193ca6fac8ecf4808f7fa94dde444ba9cc0a235fc6abc,170304,publishUpdate,anvil
10017a80e5827e3c61f6346ee39ab04734a93b31ce60cbf5bece553e4ae9a04a,132602,reserveTicket,anvil
f795590bc630bd4315ee38362d5ba5a9f04d088daffcea6d952437bb59996536,170304,publishUpdate,anvil
209f0ed1c59a60bc92fba97ba003c37ba609abd490d5b2df510c2916f7df71a0,132602,reserveTicket,anvil
5eeedc2ca758ec2fbab36fad30249bcb4e2cd879c08b4f316cc81a53b3f8a8e9,170304,publishUpdate,anvil
7186215284fa2af7c6ad3c6933bcf3c47ca7e1c9d02ad747ed502c398247ca6c,132602,reserveTicket,anvil
24b3d0be880ec1d86a1047d51d01ff22af79c1c29e95767ec6ccecd968a480d7,170304,publishUpdate,anvil
a5d8f6fbc17ea380f7b87c42631c3889f8829a147c6a25049c55ac8768f4514d,5167393,finalizeRound,anvil
d8fb6c85501e7c255e791e9595011dea8b251369b97db68f20eba71f8c7729bd,31256,fundRound,anvil
d18761a1ae14514de80907c2208ec40049ffa4a4248da4ca09c5d47981acd2b4,132602,reserveTicket,anvil
fef1946bc537e13c2e149b65c731fb202748888cc550c267f30755e9c5158341,170304,publishUpdate,anvil
1ab445a95132b1b4909f2101f73023567f2a20a99db9e57aafd7c1894d396c53,132602,reserveTicket,anvil
e9692ca2421f1925c3bda8b2d5c7f94db7ebc733e207e664be217ad6a0dec2be,170304,publishUpdate,anvil
207f38f6da5c5468c7a3372ec720810f0da6464d336c697a5a93857c2382bd3f,132602,reserveTicket,anvil
da0dea86f3f12531abc6aed4f642671b531c2daef6a8ad9e294b98c9e12f492b,170292,publishUpdate,anvil
bf2a34d8acbc33676a1b1662355ec90f970e0dc55b697171ce27f4d53f019c71,132602,reserveTicket,anvil
fb6708ceb80c07a31d88a1c5f5eba50a441b5918dbd8a7dd2265c7109bb40b6c,170304,publishUpdate,anvil
6475ebf165042404dfe5044a3a8324442d419cec444dfbacd1ca6b35c8e2505c,132602,reserveTicket,anvil
99761ea8fb81aaa60654519d1c388be0793cc0ab67b0705ee0fa8e5ce92eb326,170304,publishUpdate,anvil
7ccfab1c4ed4cab4da0ad6b929d91dd6a1db85cbff9c8af3c8d16d9b7dcc60f5,132602,reserveTicket,anvil
88f0d60ea1f7a0a156f4c7fa26c8403b89b67457e9415d950e141a0e004f361d,170304,publishUpdate,anvil
2e8c819ff25023061526157e99208e22c952f2d68a83ba632cf0ddc9bdf34a91,132602,reserveTicket,anvil
97eea70a05624b6f98f5194298ed39f3c7dcf8f1ecd079c9557a61fe7a52c635,170304,publishUpdate,anvil
a0d4dbc941b2a1b950056df5ee1b6536374cd5a821bce985d35dc308762af1ef,132602,reserveTicket,anvil
e643538dbe2d247e3b81e12fdd6279eae707ea1c59f7a156ed3deb0697e9d9fe,170304,publishUpdate,anvil
2e998e41350a2f06fbd59445da92440598361cdd4c806afcd982a5f15b87be8a,132602,reserveTicket,anvil
e883e2d08548541dff30de2196ef541b7a8240c1955fe44e559371e070818f5f,170292,publishUpdate,anvil
df2c7d087495733880b4904abfa11a919bbc803935bdafa6384e9645bb53a20b,132602,reserveTicket,anvil
3c2ed3024deb62f01b74f637dbde8fedf448fe65c9e9425d6082da7aeb8326cb,170304,publishUpdate,anvil
4ecb8873b1d87212519d84dafdc2eeb19e1a38dad7ee5fe8ba93d42412d0e7e3,132602,reserveTicket,anvil
540d8fcf369cc8a87bab618ef3e217102ff0c743f9fbebc4e0fa9f7c8a91c9c9,170304,publishUpdate,anvil
df4a36260cd7b3b354bab8a54dac70eb54fda192bfc286a16d0e2b2f09fc5c7e,132602,reserveTicket,anvil
feaa3aaebf91fa20bc445cef3a8c92158e19919e1cb89d3caf3c2ed7a2b0809f,170304,publishUpdate,anvil
bc4838b609e6841905f8729964e7f0c256d2b6272a3ca56a09423665b5685799,132602,reserveTicket,anvil
145bc5d2b2f3522efbc795a3d03c03be0f65a1b3df23e6f9dc44a8491e3e41a8,170292,publishUpdate,anvil
9adbd4d233a85dd7ffc17c423738d62825dbafdef447a78f1c495fc5421d92c3,132602,reserveTicket,anvil
5261813b89b83bdddfc4a051aa4cdc707f5b9c644b949adec0651b4712eeedfe,170304,publishUpdate,anvil
7308129faeb06765b94da78fe5e64ef2a2be718a7d31c08de8ddd2cf2d4ecbd5,132602,reserveTicket,anvil
8ed566e7fac0b8b8958df9baf9d0fa394802142dd3217184d24ba7af50a0c2e0,170304,publishUpdate,anvil
d64c3cd1421006fb3cc43c1c8d4901a2075903aefa0ecb9c43cc6a8635826fdb,132602,reserveTicket,anvil
944a7635593c97fd3801b3f62b9b51e6cb9a0a5c9535f67c10107adcd96df670,170292,publishUpdate,anvil
6e0f8fac2b75ab2dffd1d04cc4f1904109733aaa27ee355b2aaf2fb6fa45a50f,132602,reserveTicket,anvil
ac5f5cfcc033ccdbe3631d78300b28d73984f1f21fd792437faea68e7f718335,170304,publishUpdate,anvil
01eeea63bc94e23e6f06e2f5392b1ae33e252bc81f51fc3d459144676dd97703,132602,reserveTicket,anvil
d7aebd6c29f9413fd656984891f7307a022334d3848c91aaa28f1296bf2e0410,170304,publishUpdate,anvil
a7464790290b2df531a8b5a9759f91355d48e9320df00f7bbf8fe037bdf35cd6,132602,reserveTicket,anvil
b890ff7ff0e5f4d34360cad01abb5c717c8ec1fb84467aa7fd63a88873a700c1,170304,publishUpdate,anvil
4075dc1d4e18acf43933302e4691520e201e9bc0b5660d6e4ad579c1ed44bb59,132602,reserveTicket,anvil
2f554fb1f1fa81176ff6d3940707276d0919b56cafa82f8b4ef8661e98393f4f,170304,publishUpdate,anvil
3ff12d582a5019ff06b67db3871b35f70ceecb317286899857f689eee57dd2ce,132602,reserveTicket,anvil
38b03fbdebd56de1bd16228ff90f36bc8685f133b69056c5501937585aadbd89,170304,publishUpdate,anvil
9bc05a059df3c1df0bb499a1ffbdc678793986eed8f247b192cb51e7fe63935b,132602,reserveTicket,anvil
6e13dd5a6e03ef9dc17b6f832e029afb6fe60fa4dfae8407d02dce51b241bc5a,170304,publishUpdate,anvil
17382908f536f4864ac158718d456b69e7e4161c760815e6f058cec06c4f9ea4,132602,reserveTicket,anvil
0bf67cbf054052b84c92c17ddb853effbc044029878f02860c5c41a965dfc4ff,170304,publishUpdate,anvil
6e2e1c92cac3f6c86e54a8a67f007e7f3b0fcfec9657f2eea0b4500fbff2d946,132602,reserveTicket,anvil
ff7a736316adc10f22bf956ff315fc672f10d47770b6a434ee29c12aebadf2d8,170292,publishUpdate,anvil
0496c1ae195ad066e8af027f98afcef242d3a4340dd07e3b35eb2686ed1cc08a,132602,reserveTicket,anvil
d5e5c8d37e2938187097aa3048f09c297719a49e38bd2efd1d9f9eb834f5cfba,170292,publishUpdate,anvil
3159501a08e66c7ea6e7f3fd9826172302e671c0ad8aba847de60fae18585366,132602,reserveTicket,anvil
3ec4a077a0212439119a64af1ea7a58be7d24029ebb18f7aad2e5655645bade9,170304,publishUpdate,anvil
ac7d1d99454e6128cf06c8dea68ce978c7c29714ab064f9df13883ba51e3616c,132602,reserveTicket,anvil
03c8b21af07f04f3369b3da28f40e5fd0fad0e6dd2e77be5b5ae5a8681d7ecff,170304,publishUpdate,anvil
4fcf1dc4a88cd4d5299ed5b3d157ea6c1143a096af7f253f33807e25b21c15a5,132602,reserveTicket,anvil
dd83bd9cc8f905f94a1043c8d426c4117a86e5cf2bdfd9e51d666cf04f58321d,170304,publishUpdate,anvil
def60c1b100d75bfb72f522e78ea4bc4237a0b112a51a7dba1be75abd400910e,132602,reserveTicket,anvil
4e55dee943e402acab409e8fc537404d79381ccc87f7d66585699789d34e58f8,170304,publishUpdate,anvil
bac1c58af7ebf794c6a33197fb359e9f6357de414262ed32e06c5d225cc757d4,132602,reserveTicket,anvil
3a0d6c5005160091aa31ee5096f11e1585693935d69088a6d79c9db96a40bc6d,170304,publishUpdate,anvil
495fad9a15fa678efd9feda9b3a6e6033b31c4aa28aca743dd3f4f420ed30450,132602,reserveTicket,anvil
c747641c9d6cf25ffd31f92189bdc51557c0ba33f5588eb1173b2d692b73cf47,170304,publishUpdate,anvil
f3d903452400c97ddabf5389ae5a51c37aa282800a1858d1f17bcbbf3ab45c8f,132602,reserveTicket,anvil
5b7eaf7651e279890042f2c9a9f09b4f8220b59bbd34fefe8408a7f653521978,170304,publishUpdate,anvil
7bd2b3aa8287d91e71406cbc30e7392b6910e39726bdd61598cca0c0d77d938f,132602,reserveTicket,anvil
37874e90814a4383290484771118fd733da7d0655c67f4bad410c999a7df4bda,170304,publishUpdate,anvil
76b9c88d55c5996eae2577205015e6a99693f1de21d71a9c79ebc4f9d59a8034,132602,reserveTicket,anvil
758347e351685d2eb6bc20c718cde2d07effc8c5fec46f1c8d2b399a5b28b543,170304,publishUpdate,anvil
957f7091f2138adb91051304aac07b681a65ccf8ec433e0ae2f4cf80f821148c,132602,reserveTicket,anvil
11e3cecaa69426ad4bea90da691b09a193259fc4c1a7b5fd5849b83ae0d1043a,170304,publishUpdate,anvil
7f2ab8d14c4e934776534f777387bf40ef98b3e7dfc579487b88e89f4ef7dd33,132602,reserveTicket,anvil
fb03dd361ef9c84a6ea51ce0b0b719f432bc951f3e58f78ca3f9affee08bcb5c,170304,publishUpdate,anvil
839c213e02ee46acf71d6b3373faca06d4b3c19a22ea12e17cf5579ba68d09b2,132602,reserveTicket,anvil
dee8c765d334e3933db69e53f430f30087855c1433934f7a23b134f26f57c286,170304,publishUpdate,anvil
1f1237b95ae1c4441fa073a13ef03df119904f85ac1e61cde48f918b7b26bcb3,132602,reserveTicket,anvil
df90a7c07f2cdf89a9ba71e4093b4c1cebbcbc5b3b99527b988d5c29bcdcad19,170304,publishUpdate,anvil
d997d6d065e8abe1fb9c9f666e64d198aae6bfccdaeadc0e7cd5e0c40494c013,132602,reserveTicket,anvil
9eb4df83b68b55a0a058dfd31f55b0ea37d6cac5a2ebf41f967f225b30424d74,170304,publishUpdate,anvil
8a5550c0a972aa4dcecf900e94f8f2c83ad9b75bd7c00500824f72248fa343f7,132602,reserveTicket,anvil
fcee4faa2619b054f50e04b1564e8eacd08232dfdaa3641768318730ad0bff38,170292,publishUpdate,anvil
2d3e7fad14afb312b3497553d068c48b38a62673d88acd9a21e3f2955bbdbf2e,132602,reserveTicket,anvil
4063a18a8ea7368adf812bb273239620e9f83c9e0ba8271e419854b98939a256,170292,publishUpdate,anvil
dd0d0675acca7db2f4d600b58ed2db3b752396aa48afdeaee0cd9de06b2f0013,132602,reserveTicket,anvil
d06543527ccb7b48b1c1548300e3563769659da9a28804a7e27d1bdd996d6318,170304,publishUpdate,anvil
1129ddf9731b371d688906bb0391d78bfd84ffe96524cbe7d941f8215c28ebfd,132602,reserveTicket,anvil
35cfcfc453e201f7b021c98383511b89ec8fd336da1bae0f7f3d6810d8897e3f,170304,publishUpdate,anvil
47aeb1ee9e4c15e91550c736222c1c9e97f9d4c8e0d73d8f4cd4887837a42e8c,132602,reserveTicket,anvil
8c3dc4f562968538e6502cabd90129d304c5244940cf0b16d3ba76eb91dd744b,170304,publishUpdate,anvil
ed25059b9327d3ce3e6edf9bd8018d05af2390184bf07caf78ddae08cd43164b,132602,reserveTicket,anvil
63cc3b71845f490b8dc03e8d116d58fb0936effd1121696dbb12a48ceb29e16b,170304,publishUpdate,anvil
d5a81b69241e508cee530670dcf3eb20fde5fc8698a671bccc7c711ef4ac61af,132602,reserveTicket,anvil
4d8bd62822575ed7ec9ccce52ed66a2487431dc2c874c144e9213837da9bde3c,170304,publishUpdate,anvil
1418d04b7e688ba8edda8fe690af4ba1543d7d257055da79a7ace7623b7105c0,132602,reserveTicket,anvil
37a829bdfc1e8da3ce35ffa9ae59c2d42c4a8e9289d04fc1e76019d7a384465a,170304,publishUpdate,anvil
973bf8dd6a33ab561745342bdf398a9790a9feb5c93edd91ec0e46d7d33797cb,132602,reserveTicket,anvil
d985cc95d26909bcb61ba5eab91922ea5c1be210860f1d90e30f4966c44d070e,170304,publishUpdate,anvil
4c24e22add1928eb0b99b26fdac832a6ff503a1e571496dfab512aa91b58944c,132602,reserveTicket,anvil
65e3c379f3823452aab7775705904294898b50fe511e576d5b405f9e62eb665a,170292,publishUpdate,anvil
fea93bb0abb1b4272d5b63b58c60b652b8ef269df256928fc48cfb3c0f567a64,132602,reserveTicket,anvil
8d356b23e1c868520f46dd85468bd790947630be271909f01d9c74852ed6526d,170304,publishUpdate,anvil
0605f912111be4e123c005612612589bc82f8480c0899a625e25c2faa450f6bb,132602,reserveTicket,anvil
32b710156e9ea0684f6e7e76880dfc2d1c4c0d3f23b13a14bf4e5db0675ae96a,170304,publishUpdate,anvil
d63190664dbee0d6e743083a6d0f74309fad29794e1c6c9a00f10a4e99df681b,132602,reserveTicket,anvil
8ee3b49270e99db10d32d72ff60e103c49755530417b9aaeddaf4b98847b87b1,170304,publishUpdate,anvil
98f53bf72517357d66e6ea2c695883bc4737cd768abe21ea4f2cb703b1a0f5ff,132602,reserveTicket,anvil
8b1f28aafe4c0e179a80252fe58c2be1b1342a4a78a20d521e2f6f69320d9798,170304,publishUpdate,anvil
b0abf8d0a2d8a64f1ccb981977c25e251a70c59d1275b2e541affa60a1ec99e6,132602,reserveTicket,anvil
d73e06af560f23c18f6a472b556029d67a32320e1abdb1ff5d5dbf2cf8ce3f3f,170304,publishUpdate,anvil
746920316fd53d622c6d7178b62a6d3043fcdaf79adb4bf6b41bb787106b5cd8,132602,reserveTicket,anvil
4c9116790ebeb04cd6be0fb59e2beead925006dbb9caa3814b1cd0ad205c1a78,170304,publishUpdate,anvil
8414247872b25fd0091310f587d1eca22a20bad27b74fadb639f15dd1bb5e00d,132602,reserveTicket,anvil
3ea6930a096767a63508a9de19cef4bc5d7f5e4d2a6a80c3006fec8be9a91d74,170304,publishUpdate,anvil
610c6ca89a5eb77cbf594ee34eeca8c69077da97bc04324a01445ff74a00f6dd,132602,reserveTicket,anvil
1042a5f9a67a51cc05ede706899f22bc2aa81aec6b40394f5a0b2e0dcb31978b,170304,publishUpdate,anvil
b0476b98a691cb56c086782ab0fe75e3f5e228bd6016965f3ee48dba0e55ac90,132602,reserveTicket,anvil
be182748f37032763b1fa099f799f4a8f3408c6b80ec177bb41d6be17e09e8ae,170304,publishUpdate,anvil
de70de6f46a7f0b74fe1cdded760e8f78ffa861660d83aee712a5c2484be25ce,132602,reserveTicket,anvil
d964e4922307689e89018df6c73a1d607a89c5d1f7e33ba1fc11542bac3619a2,170304,publishUpdate,anvil
a389997d2319516372467d0e83ddee370383f971cb2ed03a885e5bed06618c7c,132602,reserveTicket,anvil
6b5688ba3b038ed34a3ea007cd7902dc6b1b43ddcd82588b052b705de09ae3f5,170292,publishUpdate,anvil
1c494d8e8d7ae17acd7759ee9c5f912e5c4ecdf008c75ffa88739aaecc8afe2f,132602,reserveTicket,anvil
bd7b42fc7b38286641aaf782b3adeb16cadc07ea1ed89e63a2dcfed9d87405de,170304,publishUpdate,anvil
58487b3255e1db4167af1f4e633c4df1af6d8f92d7ebae8c2e57cb123ba9d2e3,132602,reserveTicket,anvil
56e2ce8b0c2cd248167f73521fe4b769dd12a0e51943fe6f83886e85117ad44c,170304,publishUpdate,anvil
643d800458ed00133a4d4ab6414be15f01e717045a11e3ccf11e43e8315a10ea,132602,reserveTicket,anvil
1931e3922941a6d2e8f4d844716bf2ec778a893090f5f91de6956943d5fe9112,170304,publishUpdate,anvil
53a48c2ec729d0fa65d63bbdee4073f04056d8affa38145174f746fb415bebf9,132602,reserveTicket,anvil
10e68c76793121deb9ca6fb3636ae0c6e7d7e69d81f714a3ac8abb546eae66af,170304,publishUpdate,anvil
5febba29f1cd1dc2dadfaae261222a65da6ca9b6a21eb4374afe4dfe4b212cab,132602,reserveTicket,anvil
4e44ff76f9ad597d8c33abb90e004251370cdde94d1b5326b1588cd2ed42ace6,170304,publishUpdate,anvil
55872b481abec33e5f2f278dc4c029399a428dfa65e79436a1affb6cd4571fa3,132602,reserveTicket,anvil
42d06ddd9c98bdd3747e7a2d68d86524691dc21fddfcd1eb104ed276e8c5463a,170292,publishUpdate,anvil
d15a7ae637d40029750d73f900456a7ce6759dac0e1895d4b1479aa557688f6d,132602,reserveTicket,anvil
44ec7803832d0004e53c2bddf0a2f22477de24055bb7e2e5477a3deabf820dd5,170304,publishUpdate,anvil
119bae153f3bfc85465dbaadafd6082ac89629ed50044e1cea6eeaefbde707e9,132602,reserveTicket,anvil
f031cc38dbfcca6eed84d620a1e3b65caa4462730dda7f0606b5d2e1abf6fb4b,170304,publishUpdate,anvil
16988f73aa3784e6c82c1d97b6c6dff18541fce9a52cf54830ca4ebf46b182fa,132602,reserveTicket,anvil
cb41a1fc55fb9884127d8fc1c257cf2b24f0f91a0924870f0bd542804243e842,170304,publishUpdate,anvil
12f8ad7c435c1bbbd81e15fd393285a9da701c387431a7347b1140342fb076c6,132602,reserveTicket,anvil
4bc4235abf888cebd2536942ee3e7f6d2575883bb5ba15e30a1ac4a83493f597,170304,publishUpdate,anvil
2e53813110ef062d6be99bd5ba77329d73ca9d6d2ccad30ae6b442ca1c710bd9,132602,reserveTicket,anvil
c9cfbacd62baf73a27b50cc31c5478aab052051883166a9c29ebc7edcdef50b1,170304,publishUpdate,anvil
29bab35424a54c04910a377e3da76a70f577aab4065b3b950f3a218be5287f31,132602,reserveTicket,anvil
58b675dac7c1df76426705170c05569b610fa41efe8609ad5552f0cd3540e990,170304,publishUpdate,anvil
ace077e2f8e3702b13ac0fb1e0dc976e347bec8dc249b1a988abc4ff7093e322,132602,reserveTicket,anvil
451c1c79a1b744c0ceb25e7129816598caac9560b1f73f566a535cbeaef6ebfe,170292,publishUpdate,anvil
0684d6b8453880f49c8910727b20b44c193e074cd9410ec40af233a7bdc1e656,132602,reserveTicket,anvil
ba71240a220b88dce01ceb9e007ef1010402f37484b48089f4c7c6f0812fcbb5,170304,publishUpdate,anvil
bd9c5646a21b94c8a4c38b18637e835e0b9980b4573ef7d7ac15eb6220b6e651,132602,reserveTicket,anvil
00a4449f974a597bc193aa840cf70766c212eb0d53d9c08f3028141a2f822a07,170304,publishUpdate,anvil
f4e289f70468ab4ed9892785eba36ddbc314876d96a2ffd94ddb6d1157dfe4b4,132602,reserveTicket,anvil
c029ccf221bf2983f9d4de78618cd5c4fc0d57424c419aa8079fe96c4eb4a9ba,170304,publishUpdate,anvil
4a48dff1a0c59b6776236a891b9b3b30b0778b7e94c975747da6c4697ed61a37,132602,reserveTicket,anvil
f355b34ea18ed83cc4f044cf8173ce5f8569c7b29d47c4ea1c9c17b75dd7634b,170304,publishUpdate,anvil
b9b418a2fb195ac9c654a12bf6452da5f250e9cf52665eef8e7c7a1c0330b1c3,132602,reserveTicket,anvil
f7019e648d688f18558b00ce6d714f10e1a47ca8f098b3d7cb7c480e485860c3,170304,publishUpdate,anvil
d41b289e2c0780b3108d8369b890215b194ee33d170583df82d87458a56ec46b,132602,reserveTicket,anvil
6e5362d0ba29903fb16c2f146ddb12a64983f010b56bb9cfe8b4c3f5b019d4b5,170304,publishUpdate,anvil
a86c150779bf65a694c2f0b07ff2dfd1b4beccbb217dc9fdfb6f7f73dd41d069,132602,reserveTicket,anvil
99a0d0578481398d49eae137a252e9fab433e87444b79ea4898ffd0151fe3c30,170292,publishUpdate,anvil
87f566f7798e96597fe3d18fa4bfb9d5b2c1ba93616fb6f8fc3250536ded3901,132602,reserveTicket,anvil
741ad0ab3a7687cfd21157790a47b35b40bdba2941e871ee4c407915dcbb713c,170304,publishUpdate,anvil
a67662d96865a989338c10299333c0c079c603288f8806a0e35ca01df5eecd9c,132602,reserveTicket,anvil
824538fe026329e8c2706c083eabbd6beba93ce87fdee541d04413e6d053583c,170304,publishUpdate,anvil
ad526c85d56df9112066cea264221bdd1aac4ca35935610e5ad454c1a5b48aa3,132602,reserveTicket,anvil
e8d82a664acc77e221b7c2741690928970c470aedd63dc4f26165407a0f7e79c,170304,publishUpdate,anvil
10680ec3d38869729fc6923709f2dd7d2ad52169650392d2fb61b71c2a625404,132602,reserveTicket,anvil
d730b92dbedff6bafe9615a0bf665ad4e1ec7624a396a0d7d2e08edb05fd6475,170304,publishUpdate,anvil
3d958325bbcb3c06affb49101a8c9710619c56ed1cddd39122cd930bc3a6b30d,132602,reserveTicket,anvil
fbd504163d0b4be5c9f42029d357baa6e6a33b51aeef3e3b02c1d3e773ca9795,170304,publishUpdate,anvil
1a1b4960c3869241fa1b1e556886da006d39e7e3e5d235a4b861407bfa199f0f,132602,reserveTicket,anvil
248e0716f70eb2e9d75ba59acc282f701fd17bb6e640c03233816b60bf92c01f,170304,publishUpdate,anvil
6558069620b317750844624e762a0e926bf46a756fe18d96f0ec0604f12c680b,132602,reserveTicket,anvil
99192ffbdc9b9cc3bc44f4c59b004d380c47e43ce40d882bb3482ffe2bb90ec8,170304,publishUpdate,anvil
6e00f3421e396a8349d7858dbf8c49d096eb05129697e69aad0c50ef54a82741,132602,reserveTicket,anvil
44621d1a530bc3c11cf624e9daaa6889d7b58fb6c007127f7f6d7791c42be78b,170304,publishUpdate,anvil
a44a052a0578d8aecc04bbe818d8ebb026a3c3f1c21054ce4dd3bd23b789efde,132602,reserveTicket,anvil
c239af0638deec13bfaaa5ab5885aaa49b56e3a309a3dce72b932fffb1f94b19,170304,publishUpdate,anvil
91addc3f2a6c5b00b9bb1561996a0e92195c03682961cb1a511a7de372ad9a1e,132602,reserveTicket,anvil
c928f8c70b13981711f297294e04785cb58ae8865a9d1335a123fc0194222a77,170280,publishUpdate,anvil
8ae61863458942815125deffaa7a01e6c0e1f1e0747defec5fd4c4cd55c4b67b,132602,reserveTicket,anvil
603a68b93e863ec32ea1544181c8491a5221afbd3cc094a3e7820bcb3a150964,170304,publishUpdate,anvil
d45aca2461ae06ff7b160f0c6c7ce0930606629db4d3ed3349fbbe4207eef41c,132602,reserveTicket,anvil
0949da6354c6e506b1cb2a8e4f9bc6b258567dca045e35eda147ba40d1011e6a,170304,publishUpdate,anvil
5fcbd6a0a74f10bcbfbdd2b7310236cd38bce179100a49c771473ab50a50dc2d,132602,reserveTicket,anvil
c873fde8268a3fada20ec086c4c2f9ec9dd129d716d2e8f8331513da6a8f881b,170304,publishUpdate,anvil
da57029b266ae57d20eb0cc3ad1b24150f80a950461eeed956b7e3c22118076b,132602,reserveTicket,anvil
d7f90d331a03a6660670a136607332b66766b33257e664d40e42c651e4c70c07,170304,publishUpdate,anvil
65210875f945faab13754cb6680366183b47ca9708da991eda6bea7b5ca5c41f,132602,reserveTicket,anvil
2e35a892061d3a29c2947ebbe4a59256194d764df45bd262092e290f8ce8b519,170304,publishUpdate,anvil
e706baa8fd869cc6c721948c94b99b11779647879f7da5bf8cd3ef22f2c15b95,132602,reserveTicket,anvil
8f4e72e89941c1e00e447df47380497b69ee6bd0a154413a12fc0d73aba75e3b,170304,publishUpdate,anvil
986172752567170bd0bf7e4393a2d667e088a066b2448f3feed5b577ff2a8c52,132602,reserveTicket,anvil
bbe90910246730a6a6eaedd15bd605992cefba5f49cd4a544c96d952ab9322d4,170304,publishUpdate,anvil
292d9dc760cd6ea37c8aa5b7942a7c2c88c1e6553d88c0424ed6985f5c4647e4,132602,reserveTicket,anvil
04ea2d4282520bf3a715bdc75212d5ced82e1dc3012df9851cef3084e82c97b2,170304,publishUpdate,anvil
c689da347d8cb85e6356b3137613bb841ed57c350729957d08f5c1b49122f2db,132602,reserveTicket,anvil
373a6d2819a0d4ebfc7607a0868fa64d5114d6b2264f2d864f066047a1d7196c,170304,publishUpdate,anvil
ad95bb8ab161f90af6d4b563b9c95bb5d464fe06820ecb020367f0b0758dbb05,132602,reserveTicket,anvil
a5839966466f5a05766c1ad535757e144cb40dade63d5aba36a31c9c6b57738c,170304,publishUpdate,anvil
c27897b29ac4c68b7995a88a05b8bd0e4ead1fa836c07519b2304963f5b84c27,132602,reserveTicket,anvil
070de786710517767543f64fcf5e9af5556d322728d84464d351d7dc61533b78,170292,publishUpdate,anvil
04e4bcc8157f74d806a0cffb559152b9f2e7c1fcc8902ffe1435cf14ebe94fa3,132602,reserveTicket,anvil
752b13f995b7c9d8a4d93d588f2f836199f4121521bc08c4d88d6a0f38a7f101,170304,publishUpdate,anvil
8231f1fe8fe9c0d6a95ee7bfbc2f51a7cc3eec39fb34981572b1aa922f9232a5,132602,reserveTicket,anvil
a5fa18d8d45a1389a80524abf19c342b3c7492713ea3514c8c318fff03228ec9,170304,publishUpdate,anvil
71aa90ff78859b0fb8179f64c0c14fa3930b5a00eeb82e9c34f2e8f708c8fded,132602,reserveTicket,anvil
bb055b5d29688e8ecf0968f8fcfef65478ea81e0d7115e5a9a76a327f7f5d7c3,170304,publishUpdate,anvil
de76cde659c16566438ab68ea8f70525489f0cd244a079c621653f34a0c1eb39,132602,reserveTicket,anvil
80d041adf9e1388580fe0a795e82a6330216c4f58b10384cc0f97e28cf4da1d7,170304,publishUpdate,anvil
d9738020b0cfe4b81001b60d78219e6471a2ef73a7a662c74684bbb01afa8f5c,132602,reserveTicket,anvil
6dfa2b3a8a24dd1779eb315180fd6e2c81c7e7653de69af133883bd30e994a21,170304,publishUpdate,anvil
ffb48ed9e582fd43a9dd1773ddf7caf19f36f0f37fe7006a30056462b9c94d5c,132602,reserveTicket,anvil
6bed3838e38271f4d3ca416080acc6c26050c35ec76f633f9a1a47d9ef0dbb9f,170304,publishUpdate,anvil
ae793540705c78f5945e4fa0b1f2ab600697227d91ee223ad146bc2ff73bed15,132602,reserveTicket,anvil
d1185ea7a3d4c26106aa51ec82d521792dc706bdf63a8e94608e5a498c16237c,170304,publishUpdate,anvil
84a93d366302ee9e55c2669c22244f90f9966ee484002cc5d99569ad6e301643,132602,reserveTicket,anvil
fd7f1243c3f404ea582d2145b7561e9aaff84dda0db6030262b864532e67e209,170280,publishUpdate,anvil
7fd4aef9116950f876d3be4496e6af886fad4c9413b9b69f0795836bda92b5a7,132602,reserveTicket,anvil
fdc7b967ea82d0868f90ca1cd5840db27691b865d4ef5f8e795d40aaf9db4f7f,170304,publishUpdate,anvil
c488d11d1552d157f33c03dbc87a2fd7e52ddb58a8a37c1557da1eb5f3cca2b1,132602,reserveTicket,anvil
3660d3f45e7309294f78ffb983b5aaf8698ec3b018f95c5c24c18d42bddd85c8,170280,publishUpdate,anvil
ce8872f74a25ca78d3c37cef095221837e3e2ff72e0e69cd069b167a1fc3c2ce,132602,reserveTicket,anvil
2ecf8e422bc7052e529296a3f0dee213a26417c29383743fb453046974cbe5c2,170304,publishUpdate,anvil
1dfd92afba89e4fe3949d63682b0735012402cbbed9330a2199f8164cf44ffbd,132602,reserveTicket,anvil
13c6b4dd134d98d5d2c30f7af1738e5fa25d300e59036e1b8934ecadd2723022,170304,publishUpdate,anvil
f6d2049b0ec88dcd5af4b12b4cdd54ad578c15f40627519bd18137b92c2f7476,132602,reserveTicket,anvil
a6d65f02c382080b2e42ad4c8d92bedd259154b32c094b6262f789bcdad7db2a,170304,publishUpdate,anvil
8d0985528d22bc18b113488ebcc4757254f93720133beb6b17cdebac84683ce3,132602,reserveTicket,anvil
3a8825341a69d6530a6ee00b37655da98386b0aa64441eb101ecdd4b75f74f37,170304,publishUpdate,anvil
1b06bb1c3e795d5a5bd0fb47e0020d002b9ebf4d4b156e47f0a2407eb2f3381e,132602,reserveTicket,anvil
1df55752f7331ab8f27aec35458c03d4c6798a625502631f75e5651f608f7378,170304,publishUpdate,anvil
d8825c636f36f3d80e30c5311015cd1f03c9831f7448b335379d1d5e129255b5,132602,reserveTicket,anvil
66e8fcb3bacfdfce6851b083727faf158f052c1412381090f515c8d6d4cced0d,170304,publishUpdate,anvil
f2c08c5a9aed5e8751b28c68bb1203be1d17abc74e1e2ca54eb5737f9a721cf3,132602,reserveTicket,anvil
dce4e372c1653f7c3f26e8607d722a83b5d3ea96cf3bb5510c6f3f480e04429f,170304,publishUpdate,anvil
e638ab501fc7fcf5068d0805c0f2d77466dbe57264ed79ede521e7bc3a5e8e03,132602,reserveTicket,anvil
85127e8e17a0f8e3d278d1325540cf96634da23c50bfa223bfce93abe3551e71,170304,publishUpdate,anvil
47400dda69e9c0d5b89c22f9225bde84959edda1a218d8d7b96d7027b3580d63,132602,reserveTicket,anvil
7afb7de6142f5abfc51a18ddf3b7ac884e30feacd41424f8098f832f8c9c154c,170304,publishUpdate,anvil
8d3308eb0b54d7fa3a797e5efb01f0f61f51bc0ccc00bcaafb5813791a4c285e,132602,reserveTicket,anvil
7410268fb4857df06a38a5fd661a9cd41376996d8ed9b715233dbfc62692ec82,170304,publishUpdate,anvil
9dcefe6ac33507c34f78ff899984f2834d3c43c833b31dec27720814ca6b447f,132602,reserveTicket,anvil
d99c205dff3d4a6d1712aaf1ad1f8fa5780056189e76ce76bbcf0e567888fc8c,170304,publishUpdate,anvil
cf16f443cd38883250a449df288127a99ee7ef1588bf5cc2e3f25b2c809e20ff,132602,reserveTicket,anvil
6daef7cd9f59f97d80be6fa608050f7d99b99ece6c8893873304e1db8153b720,170304,publishUpdate,anvil
304aeef6601c9eb1ff5754b92ce977c930edff88f6d978dff38516c27e778933,132602,reserveTicket,anvil
c77eb20a14f09790b0df4735548c9e99632605fed64f5165aff62c3e97fb069c,170304,publishUpdate,anvil
99cd4a6962b11a18f4b572d5158fdba80b74f5f150397221548eb21eeb7e565e,132602,reserveTicket,anvil
0bca09c80c8b1fcbd2b613e46bea9348a6f3643554a2cdedb331ff18f299422f,170304,publishUpdate,anvil
3b78a5c661d54b8132bd82215311b6a764666ab14a57e5c90fae84901c3916b2,132602,reserveTicket,anvil
afcac0b9e43c25e20aa76d696822e725ac3d7a3d34fb2b0896133b974e43f453,170304,publishUpdate,anvil
981e6fdbc98b0557c872433698c0e274c242ebe5724d4a8e0e43590143372644,132602,reserveTicket,anvil
e08612cf993f166ac8f2c735b97bf264ddb1a349fc36057191c8052c3907cfc4,170304,publishUpdate,anvil
afadb970c6c7a67722432818e200e587720445d973df7c6409d9999d49e82514,132602,reserveTicket,anvil
c21dd30622e98850723c47c85773fd11a1786db38ceffcad3521aab53ff6bc0c,170304,publishUpdate,anvil
acb64fe3e8532f0fcdce603f3a0ec6a7653aac4e780017c7b71a192ace242368,132602,reserveTicket,anvil
73fb22acebb1b7fafc1b53d0ce3118f96e51751176b1cd6a9dce01aee320654c,170304,publishUpdate,anvil
4e52d7730b4e982c89c1feb98f0868ee813c8654527464764263c51ea8b5269b,132602,reserveTicket,anvil
9a8001c05a432e8e47e3f3cc5bba790aacf2f000ee212685d338f5aca005cd2f,170304,publishUpdate,anvil
1183964794638492ecaf55fbf9495b517ba117cdbd74cc6d4d6873c00fafaab1,132602,reserveTicket,anvil
f5a089c202db17e09b23af9c209f698a361f6780dabcdd5e1228726a2f6258e0,170304,publishUpdate,anvil
e6ab493937fc587b8746ae986a223ab20f559f5017a131824d327321a16fb678,132602,reserveTicket,anvil
a711418b9a187f32caab3aa5d68c0bd6a8c814ce466718472e02dd9068a22c35,170304,publishUpdate,anvil
819f2c24a41b114e148336350731b282729049fcdc4d90ef6e53969952466c75,132602,reserveTicket,anvil
b341763d124afef6357f0a1af0aa2f51707748e01140eaec7ed3d9492f86c203,170304,publishUpdate,anvil
15f732b548637044272d4133abe4e10318e19ca5a659080d07d08535f367c4e8,132602,reserveTicket,anvil
8e10db29e45b6f0a1269da3e3b32f4cbef00d3e3fc0154f68cc84d22798826f6,170304,publishUpdate,anvil
47c53cf5c60704325da5d391194b445057c19ac0847be1ad4803823827cdda63,132602,reserveTicket,anvil
fd3730333563ca509e2548e4b8aa0e73dd3abdaaa56e4a2ab13dd0f7f6bff95d,170304,publishUpdate,anvil
9528a781c56a49466fd1e19f0f8df4554b153a3fa147c5f413abb689c4b5dbf3,132602,reserveTicket,anvil
d86a9eaf361c27be37785427b117c021d1454fd620c65f591e904f4525936869,170304,publishUpdate,anvil
5c0541c1756a06e5c4dcac2d5bc962593c047ef4866c86addf2eb937cd519a51,132602,reserveTicket,anvil
c0fa51d7e33c46faa250d9d50c70c66d63103c7d6d3b46aafa05c46856e97571,170304,publishUpdate,anvil
560b054b300b7bd9a0e98fdbc79d23ca44f079e3659c68aa15c2a54458cccb7f,132602,reserveTicket,anvil
150e79a65d1b2a8395efad118bdce2a47e9809c02c08461c0749ca6484686ca2,170304,publishUpdate,anvil
05a9c494830db2eeb43daf6918e0f1ff93c948be9a363210ada0c7c0a462104e,132602,reserveTicket,anvil
6c634ad6becd481e719d29f26471fd971b3eee8a77b43864a323be3bfde75c75,170292,publishUpdate,anvil
6e6fca6507dfabc641711b4bd38a819f9240987af7a84888b4f8b419fe144127,132602,reserveTicket,anvil
a80bb75d4743a3ccdec109bf750305c532aa6e8318604d91b769c3fad1edff95,170304,publishUpdate,anvil
45da61500be2c5d1d82398e75013ade303d8b348f8bec17b5da092696f9816dc,132602,reserveTicket,anvil
3f74b2b63658f5bf7f7a3897ac1c85cf02ad04e90b48855ebfabebbf1497ae33,170304,publishUpdate,anvil
f230b3eeab840e3039f656a0c6d8800405653b1f402139cd12433c8eec9ad558,132602,reserveTicket,anvil
c4c0bed16d134a6e49fd0bf447d8b0000da7de9c64a41d2afeb9581074b7f890,170304,publishUpdate,anvil
9916bb9d6ceeacea0c1f153e7eeadbaf23b8d9f09db6b17a680bbd58cacccef4,132602,reserveTicket,anvil
8248e6da7c85df0eaca15f867c87241ebd0fac4003b799be5160a15a669b643f,170304,publishUpdate,anvil
41194c09626f6913f0f69a6218057e3d5d85744680f89374959e0dc79405eaa0,132602,reserveTicket,anvil
a4fb968ecd27765f5a293913145ec5f41d2d909921645ebf90e04250a0544b6a,170304,publishUpdate,anvil
faa4b9c88e96eeb9298db7a9d88e1633dff8664e309bf7ebdf33e5db30f3db60,132602,reserveTicket,anvil
df7dc4cfb711f9ae50aea1fd50c5553b0d6e986e5b65fa88fcb37d69d4535c57,170304,publishUpdate,anvil
90f08a16bd36522f49f9382e712bcdfa0d39af977f2e04adc85dced89ea1a798,132602,reserveTicket,anvil
566e2365198618d3babe2c4a1b05b3f4909ff995344328ac2654db8350d4ae2f,170304,publishUpdate,anvil
33333ad07f199120683c679206939e3d22c38bcbe46b6b52a34b5a7e5746f200,132602,reserveTicket,anvil
37970932a58ea7ccb6f7c5739d2955c89e8685c840da03cb0deeeeab72d53411,170304,publishUpdate,anvil
57a19fc0d40d4c36f419ab7f57c48a743c5773fe56186160507ae4189d588416,132602,reserveTicket,anvil
facf9ab7570cc836cdc9d8063a54643450f28f2cad2c84f8c374fe35d07923e3,170304,publishUpdate,anvil
511edb9edbfb79dbfc669a518b89e984320a84c004c5ce0028447212382ae7d9,132602,reserveTicket,anvil
1b4f9ddb9b218a115cfb04a6e3a9c61dd014a1fd42a9698c18975777c665d38a,170304,publishUpdate,anvil
a707a859e6e29afa7b61d4d4c6f9ca0e0f6a5034c4a9d239b0e4582a59f2bfe9,132602,reserveTicket,anvil
89930a931806ce420a684253f956cd8bfc863ea3e7a6263435ab4c58515f267c,170304,publishUpdate,anvil
36036ce90d4cfbc5fb1d8315bd0f61cc034fbac29cd22cdf736bfa7baca8c531,5167417,finalizeRound,anvil
6e87f67eeaaf3354d188593bb7e82e3f573eb5a4059785b63aa672ad1c4a8116,31256,fundRound,anvil
3e611042e44066714a0cfaf897d3cf717f5dd3da8945f5bce5a7b65b8fa8496f,132602,reserveTicket,anvil
16546c0c05b1efe2ef35a025538cb039a4b86ba6638fad6ce73ff01835f3550d,170304,publishUpdate,anvil
09e79917f8e45285c60e8b4a992d35bc224d9243eac4d2dc4849cf1123a114ac,132602,reserveTicket,anvil
b0e94d65354e90fb4e489d5442f1db88df98bdec736d4798f6198d6acdc21d78,170304,publishUpdate,anvil
33469904127d13f0f2aa70b44c342d2b2c33c7c3af95fc31067f40f5a78be6ea,132602,reserveTicket,anvil
329d06458e904a0c6c1cb5b656ba5820dafc7ba5aa53112f4a7e0f31b9c4a18d,170304,publishUpdate,anvil
690c5c2b5f20a2b60cba93f0a60cd668f57b3daf9394a2d543584e97bb02d763,132602,reserveTicket,anvil
d0dc355a424a530de05728711ad93c1466e43774c0b41efcdb07fc1376389d2f,170292,publishUpdate,anvil
31fe16ffd34ea575f264fe3866a8d6dc8fb2af47fde7a65610829f4b7bd94594,132602,reserveTicket,anvil
f014eedafe444a91df5de0f5e2f7b8d45fbab0611f1801c4109fae452988b649,170292,publishUpdate,anvil
b6c5d9687effdd3f7dd4cdf02c20d084d0fa308eb2793b1ca686c519feffc88d,132602,reserveTicket,anvil
196451aff15d4e63f66382e9519ab08468769ef57cfc7160cf2cb19215324872,170292,publishUpdate,anvil
cb77648ac747d6b4502715421a693989f47e2b08c9f366f1f177bd7168d709d2,132602,reserveTicket,anvil
4d7d46c02960edd06141995779f5d36fd51f09c6bc3a23db15e700fa06b14cc1,170304,publishUpdate,anvil
61ae20822c7e7186928925bca272b5a103f1e76d2849d407f1fc2f72066b228b,132602,reserveTicket,anvil
5822ea5b1ac83205f6d3ee7e40e9beeb638e6d3b776fcfd8c3e995cff91e002b,170304,publishUpdate,anvil
613ae9d63e4881dabae2cd9c29781e1efecb199f16bba1cfe6983cf75182d8ee,132602,reserveTicket,anvil
450589194a0637d62c5eea9b4d94529c744eaaed449838c7a49b6bcb394de021,170304,publishUpdate,anvil
0f361c250949ebcd8d3fa4fea54cf7a4a6010356a9e375cae0fc99df6a961fff,132602,reserveTicket,anvil
0fcea1f5019adc6bd017827d42ed3f14582f01775db7ac88426babe760835a49,170304,publishUpdate,anvil
5fd33a779a573aba0408c3957a1196010a6847bba1419776f41d62137b0c2ebc,132602,reserveTicket,anvil
ae91f99c65cbf54772bf9c3132355e04589509e15878a5c0d6b6c0fa8166f129,170304,publishUpdate,anvil
988509a46d72b85081aaab569f4fc0cf2ba3f783d97b017dfa450edd19a75c17,132602,reserveTicket,anvil
5cf7bb1a0662634ce89de3ac2385b585b49da4a4d675e1998f284023b5e89b90,170304,publishUpdate,anvil
5c9ddda185f7d76069da1a9cb8796f04b4f37d65d6833adf1bf0adbd28974154,132602,reserveTicket,anvil
11afeed927fd2cfbdf7e6c65b03e4ad13f2de9716ae2e612a832e9df367071bc,170292,publishUpdate,anvil
0ecb4540d4eb9eca6ded865014488b43b4f92ff2e3b439e6070d4e847e458877,132602,reserveTicket,anvil
932ae5bd80a86f4c99d3a2d7461bccccc04ab05b7b73d735e78b4b746cccf709,170304,publishUpdate,anvil
ff2fd8db354689f3551bc5c3817bbc7ae7af0d98caa498dcb40415cfca35cc9e,132602,reserveTicket,anvil
8f50dbf3e40edf6cea53022749423f276e11aea03a59eb13bfeb5b0a47eadff7,170304,publishUpdate,anvil
799f32028ad0c1256817f7c17a5e4594e90b99e65991515f9b72d17701b3f316,132602,reserveTicket,anvil
8787c49fe139740206d0892eabaddddc4a746c29e1568902b4ae70f42bc1fb35,170304,publishUpdate,anvil
231e9cc5be1e36b01d96e44c5020a0a18d209f7fb0dcdce635f861005c87667d,132602,reserveTicket,anvil
25928527365807fe1e5af4d4442c3bb3dda961ef58f66159b731712bc162cf26,170304,publishUpdate,anvil
8a163ae09becdef7dfc8a285cdf51aa29628eab8ace5759e9c24a835a9205b72,132602,reserveTicket,anvil
5fceada29a005042670ecd5755b546d67fd007e950acad012d41a57d3694789e,170292,publishUpdate,anvil
4e72263deef99ba1742c1af2e66fbec108414b922d5d01d4d08c105418308290,132602,reserveTicket,anvil
46a357ac6c2f40228a16bfa9c4a9b479a1e78054eeaf27579ef441860da916e0,170304,publishUpdate,anvil
260541760bad937dd54a2059b49c7af19c125e52ce26192e7614576b7c412845,132602,reserveTicket,anvil
ccd5777898f4a68cfb5c9118b357662adadb970a04e7442a25ecce878f7497c4,170304,publishUpdate,anvil
85f2e23f822a52996e3608d6ba64f86bfd5e69abc23f77e7872b432c0e7c6e79,132602,reserveTicket,anvil
b893cd5b5d3ec823a0593872b4380db4a60c35c25eb5d5ff27f16b5dac45ba1b,170304,publishUpdate,anvil
5ec28db28c7ed267f23c94a719ea26b6d6ee1f5d92a91a882f57f1934f556bca,132602,reserveTicket,anvil
ecca3ee92d99dcef047a664ddbfcd3610cb55ba0bb9a34e0e9175c804e9aa334,170304,publishUpdate,anvil
2e75d75857d3b08fe45f694b1d10267b53f4ef1d32aac3419c32682cd71c3d3a,132602,reserveTicket,anvil
8043c5fe1b8c018b524cd2e3ca2775f104eae9961ab4b7c4ac973d66c4ab3a28,170304,publishUpdate,anvil
41845ed678e7f929bd075e5747bf662cbfd52b44a2549fea93b54a7e112da0fc,132602,reserveTicket,anvil
0b207be8fee5d95732973091280888074e03c77146b4a1010bdcdd0c8ff85c9f,170304,publishUpdate,anvil
6606b590a8ec36060a560c2464d1559e219c667134917c5cf252cf78db924404,132602,reserveTicket,anvil
68976ebddbd523fa10a7cfff75287d94a3e5255d5364bc4f2e2d03bb5b9b485f,170280,publishUpdate,anvil
ac7501ed6f6a1e4dd9d7caef02f266985487a4c34077100158f2e4741b736aae,132602,reserveTicket,anvil
97ac9b827732b32d2aa2f430799eaeb7a4cb922aec97043f47bb1a817b69fefa,170304,publishUpdate,anvil
3d754e7d3f17cf56826d2a6bc42d9cfb08419328ee8fbee62356547a54d4abc2,132602,reserveTicket,anvil
ccea119ff9c9aa975c51950b1dfded8b7500e6a3dfd7ec692e2ce241f1efc21e,170304,publishUpdate,anvil
41c09ba8ae9d1bb9ba5e5d587621b9321b5f9f573ff54e968e675e3ac03a75af,132602,reserveTicket,anvil
69ba5ef0d03665823c397f38f4a665ad41d89f692d69a97ebb625c187adde71e,170304,publishUpdate,anvil
f04d8b156a28128a5b43ca48d5135683d81d369afe4c6d773a45f17f4a3b3b84,132602,reserveTicket,anvil
71107ebd0db3d906bb46f5db8bf23214fdeb8b57ea9b4f230143fe845cdc9bd3,170304,publishUpdate,anvil
1db78871a4df7c6719c2b7226b9dfb86b3e5bef5ff8d875d45aa9396d0aa84cd,132602,reserveTicket,anvil
0d56f11cd9c59d3b33a24243388b1dfdb5b8bed974ff0e253f7659561d42a027,170292,publishUpdate,anvil
ac960683a7fc271f85705abcfcd876ec2515bf9c67dd0029ad7f1c46355d844f,132602,reserveTicket,anvil
5b4e9446c2d1ed10887d4b30ea40d63d2b018c65ed74aaf58eab51958e5f43e8,170304,publishUpdate,anvil
706c18d054d401bdbb8fce8e9d66d4a119910996a11fff64e1884bfa14eac55f,132602,reserveTicket,anvil
2d72540656820dce583285bc6e237e4d4d423a0aef695a85374fea9e730f61d4,170304,publishUpdate,anvil
b6749e1e09c613be2b4d99d8a9e57cc2ae6125de3a119e154e931257d0814bdc,132602,reserveTicket,anvil
1218eae3ed2370c14bc99afb4f86f4d7ececf1647f7d262ada58e21c75efff4c,170304,publishUpdate,anvil
cb486acf85ed212782e4962624520308121d925c33dd3f8f788401fe2f501615,132602,reserveTicket,anvil
b94fb8230e350b300edde3c8bdaf017ef6579c22a58c4f8f97bbd36fc8978980,170304,publishUpdate,anvil
989f3a5fed6331ba45f57d9dde1c51650a5727fa1c4802bbec9a385b695c6574,132602,reserveTicket,anvil
7501a358c86050c1701a56683f9dd61f50e19448395cbafab1965e4b9583da80,170304,publishUpdate,anvil
c87eab3034b6ce9df057b940667311f76cb88268c6ba89080c9d707b56f448d5,132602,reserveTicket,anvil
dcae0000947cc805dd99b97e1bbd83c5d89b99a80f7ffd198982b9ca69ba7cb4,170304,publishUpdate,anvil
1b848f7d6acc0c75b8dcc741e21e21ca638765df5cd6ea6c16241c838148a2d7,132602,reserveTicket,anvil
5eb5aeeee2106056fc2a0756ca70108daf110c7d7e8de720ca33463daae69872,170304,publishUpdate,anvil
00ccd5d0119724d8c4637c34755d77a10e9b9319689fccb67b6534d8cb214b9a,132602,reserveTicket,anvil
20af45cc6049c4fbae6e4a8d24493962a254bb705ee0a12e2c75e99777ff93d5,170304,publishUpdate,anvil
a30ba2df29f5840cc9e55ce45e7bc5ae518cd0c07f66bfd917fdf5b2fa9342e6,132602,reserveTicket,anvil
c4cd0002398885b2b912daf2ccd942c83418ed128c5dfbfd01204143ca393e3e,170304,publishUpdate,anvil
e14a37f0fa7c5f382d446691963fe53a7be8c29eabecf3bca058cbce3291184c,132602,reserveTicket,anvil
b434939ad7f6fb6c39599e75ca48b480f76f06423edc93e49aef9c93daea3716,170304,publishUpdate,anvil
73410db2e00fd4132da39ef3925721bffe69457a9ceb769177bf9e05a31fed3c,132602,reserveTicket,anvil
b31caf1a7f31b9934ba1d221b62d08aba66921db447e3c6ca09fbb2577a4d6df,170304,publishUpdate,anvil
2801360d422da629c3778775629631bd75eed99ad115336c1f6dbd523bdb7859,132602,reserveTicket,anvil
6c6d0a6e9d79ed1ede0fe3df9e8a85172d81886675c9784ed72f9f4dd6833265,170304,publishUpdate,anvil
7c491fe0d4853ee772dd8aca59f3451d109f29d2fcb25b004421706614e5f7c1,132602,reserveTicket,anvil
e66660e91d31b56eeb3abe08c1f4ee61755831269eeb1db66e5cf36e96a4e6ac,170304,publishUpdate,anvil
e4f1d87980cf636aff4330706c339c6faded041b43da7292ab93624ad59bf586,132602,reserveTicket,anvil
b324edeb04d497fd3ea6c5c446721e21e129b68ad5a67d4baaf3a4e036cb145f,170304,publishUpdate,anvil
3b09035b8d743af48f2d5381c5f8d68f67aba028cd10f6bd5fcd66a9de33be6d,132602,reserveTicket,anvil
4f5f4959cd4c3f744330c9387d4fa784b304b6040be2c18b5c7a119025924c76,170304,publishUpdate,anvil
6166822169402ba5da6a3840e3248a9e33d37b5f710ca2b52a6774952c13f281,132602,reserveTicket,anvil
82a936b386166e7902afd5d0c06f8a2ce6127d08186ef76bd0392af5acdcd325,170304,publishUpdate,anvil
bd352e79bdd5156a7d73f7e8285ed342ada15ff7ff0e3e24c5098610c4df2335,132602,reserveTicket,anvil
934c68fcb1e3023593c6045eb10402bd94a77a7b00db95cfd0c914a9cefd0501,170304,publishUpdate,anvil
fa6bb230d3b44c046b12dba5950737d63e3bfa88883dd67775b769876e6e726c,132602,reserveTicket,anvil
1316398dfdda2bd1edd38114e6da22243c4302fc0c06cc6c05f0c6f0659ce42e,170304,publishUpdate,anvil
2ebb9b5b0c553892ce3dfc8406e7b61a79701533458162b82579efe9476c940e,132602,reserveTicket,anvil
1d83a3d2c75f9c4307661d1c4d691c03d4c0d4964af4ff70ffbfc407df4c6399,170292,publishUpdate,anvil
aa34bb8df207609b993b5b3f6e9cdb38bc487594217c3ffff7a57bd0cc598ad0,132602,reserveTicket,anvil
001ce10b48f5f99251aade9d14b099cfa4e8ee6bcc1d1e69271f7932bd1ae0af,170304,publishUpdate,anvil
90fbc050c73cc63e929ed70116e63881652f5eebbc6f44b8f7f5dd93f1f8c191,132602,reserveTicket,anvil
fb9ddb0c7d45ae91a666d3970698f909bffe348eed3f61a6bf5d5544f88a8259,170292,publishUpdate,anvil
e6ce8e0d4339ab3b90b9b42fe9bf188828e033768fb4f72cac21e4fa5b0adfad,132602,reserveTicket,anvil
8dffdcef9b9bc5372e767407228304cccc9773671b40498bfe67d1c94d90ad73,170304,publishUpdate,anvil
370312e41c822391badd68f963581721d703d3fded43961469d89863dd8cd9d9,132602,reserveTicket,anvil
9b1fd8071f116d80fcf36e1def5995689e4a78fbda526a7dfd24d11efaa1758b,170304,publishUpdate,anvil
f434b807bf32a434918ea6dc30982b3491f1a44498e986a8dcb90c718b7dc6f3,132602,reserveTicket,anvil
46e0f75e5ccea7f28742cd96eb9ff4d1732d331f5e48eb176c9f49fd84d0c30c,170304,publishUpdate,anvil
a91e85e8a7f74160ba1ff79f28df861006c9d4a16d2d28e02090cf51fbedff48,132602,reserveTicket,anvil
096d7b937f3981534b0b3a7fa6d733187760cbcbc98ad638c51074214f2fdb98,170304,publishUpdate,anvil
b6facf3e38807baaa3e45266d2d38f4474fed0a26555eaafea3128d612daa112,132602,reserveTicket,anvil
002449d80857a3adfde38bf0a4b3c1ea59e00342a7bd35c8145406f5fb8c2603,170304,publishUpdate,anvil
6b454917a534577453014cbda1349bd02155d7a513bd574e4a8c8de5d2810867,132602,reserveTicket,anvil
199578ef570c5a3aa5da65e6887a960dc1cdfedbeab07b81bfc6deb50c9542d1,170304,publishUpdate,anvil
6e41770e730d496af602161bae4c14e3a6957c0eb605559dd55599cf98d42607,132602,reserveTicket,anvil
6e5cd4a0d71b69cf34c7d86ea27176ee1fdc8de0c542674a5a9fccc6e666fdc1,170304,publishUpdate,anvil
759ac65aef2cdf41a7facdcc85c9b4bfd507d8245bda0024014abb5c34ceeb60,132602,reserveTicket,anvil
6c61c9db36dde2192de831c350ef4e7c34d235860857975d96c4666c5a022886,170304,publishUpdate,anvil
b4c71f7ea5f498f3e7e04171da1fca48ccd517275dd5f92371c6f1b62c56337e,132602,reserveTicket,anvil
40763866d5f039c04a56c18e4cf21cc7206c9688e7b57f29ebbb3e5c967be1fe,170304,publishUpdate,anvil
a4c279cafad67293658ff9f29807f21d4b01c11ae4e8f9413dc025e03ae4a9fb,132602,reserveTicket,anvil
870c9712a36b8a9c56cd5a5a095384d6cda1c103ea768eb4fbcd6cf91a2cc75a,170304,publishUpdate,anvil
a63fe31252150c45bd4f4c2504d1aafd56a47bd1813bf261e66876b6c4190d54,132602,reserveTicket,anvil
c89e2fd3f949c439054fb52413d4cdc9164bcdf886e5bced09005301cfa1411a,170304,publishUpdate,anvil
ccec9303264686ff43feac8541be8e865315b731053007bb9cada89edbc2188e,132602,reserveTicket,anvil
d44ff87335784cd8784bab167d11b79ebe042a5ce94671238717a2a69f498841,170304,publishUpdate,anvil
b59b3fb5f6a4f370a1650f24055239880f9990f87d7141c8f78d199bcd9b069a,132602,reserveTicket,anvil
fc00e1c80d604190df56df5638c9771117f7c21f5c50e457fc01d22398ff4e48,170304,publishUpdate,anvil
9f2a6d28129db3a1804160f740115b4f7fe2ecbe21054c0858ef20041c61b996,132602,reserveTicket,anvil
0aafa800b924b3e3fd6e294dde5a81197806d4ff8b44dd5846e49d403f02160b,170304,publishUpdate,anvil
c1b9e89b5e974c60bdd63dc80d060b73f543aa5d3ef9f7e0bc5837cef7567083,132602,reserveTicket,anvil
e227a20e3966e38291f5430eb33f4b4511381784d56c436692b0c912ff80efce,170304,publishUpdate,anvil
8acae45999d8ea1ca6cbb067ef91651f0b1a6b0765d702d6fdcde06576030414,132602,reserveTicket,anvil
23fc30cd2d8d57f3725d9a8fef5bc0d09ef5d00a9251006b0d23b2ef44c8b0be,170304,publishUpdate,anvil
cb71bc224427eeb7c5976fde87b0524156104a967087e9741085a0d9ccae8c7d,132602,reserveTicket,anvil
234e9acbb75fe902a5b75ad7c185b1008484beb871744735ad42d8a128de1acf,170304,publishUpdate,anvil
26cb6de54392b4e7aa19c9ecbe50438e34cd4bf1599998e6801f1729535508d4,132602,reserveTicket,anvil
c28dc9586ec328daabb1fa50c6369ace0d85d0b449923f13988c8677c1c39b17,170304,publishUpdate,anvil
a5f852686653937910f2bb60f4532a03b70c6cb24a6beb1e1bb0120ac5213d39,132602,reserveTicket,anvil
d93e40c20fd50f40e256f4d82d1936d4a2b6b63f31b92815f51d443bd96e776f,170292,publishUpdate,anvil
d664cad1abfc4fb57e542a16b562d3bb09ee8bba6d349dadcd58a49a8001fde8,132602,reserveTicket,anvil
481483b23ec1873d7fcac82ef59101f61be15df4bd6dcf48cff9d534bd196fca,170304,publishUpdate,anvil
b607a224aef1923aca153ee407615c5c7c811a49d812cb0045d8a26e2b6eaf50,132602,reserveTicket,anvil
b0f1847ae7e6fdbc50c486f304dd4a0b39c2c466fceb917152bd0de899f76724,170304,publishUpdate,anvil
c382b11af1a4f4e1d22a5c93d68a5a962de51620bb493a565eb8d2cc65e6d714,132602,reserveTicket,anvil
468362449b15a66eb57a7973ee436df43c86673c0d76fffd9491e778c08baa3a,170304,publishUpdate,anvil
1d96f4962a534858b94895fc39a328d7cb2d1dff5721077325fdaedc18070c4e,132602,reserveTicket,anvil
baa082b710823e3fc72ce84d7d7342e2b7a9369cce46db6fefa77b1a0b5be085,170280,publishUpdate,anvil
bd72f40c7aa070f1ef0928f19f9b3d65656ef5d4e3cff07926a2e702843326c3,132602,reserveTicket,anvil
c119772af54f8c5267b85933c6edf5d014220fd862e1556da94ced4293eb101a,170304,publishUpdate,anvil
82b78fee1554eab6b8605ed13e3fc7a6bdac4e1ec83b353936934585147eab4d,132602,reserveTicket,anvil
1caba2aeef063986c83c9c922db500480120c053ea56a5bb8332584579804eba,170304,publishUpdate,anvil
ec8ccd28b929e1f96f36b1a95917b8716da910d092186f38d4120112badc8d6e,132602,reserveTicket,anvil
78c38aec3be6edb78f62fdbb3ec1cad30809293a5f31b58e208f1401919f8826,170304,publishUpdate,anvil
0cf99a41b0d3c6f4dd515b12020cc115a66c8bdb11e0cbee6efe4465515b707c,132602,reserveTicket,anvil
e32c141a24d5d5de06dd9a5b644e740b225b951874c9ad557204a75560d2bc93,170304,publishUpdate,anvil
dc362e789504c9abb133dab0316595488ebef5dcb18fcac365d9751c227d6f46,132602,reserveTicket,anvil
67e2ebb882a2cbd393e5e7a0f089dd331ae32ba65437e3ff072ef926af5e41b4,170304,publishUpdate,anvil
0ab1dd605aaddd628b330c3b31b04d9b27e45438fc68979cab108958b219a3eb,132602,reserveTicket,anvil
f2a2011d1e75bfd9e3cd08b472ec38d34bb7ef12fd477d927469734eeb4df360,170304,publishUpdate,anvil
98300317627211d6eb842dfec8b02f53ae67565960acef10b41298b18ba83114,132602,reserveTicket,anvil
b0d8a00b2132da58c9b5b6fce7818dd7e0a8a4b5af17bd23b0c5e6c5bf7c8231,170304,publishUpdate,anvil
69465b53c5efe88dde81d5aa40d07dc3fc0dfcd9eb96954462e620e05038d661,132602,reserveTicket,anvil
3b3a1b4a12e757ec13530de9e09d45b491ff155edcb9b07e84a76900da53e7d5,170304,publishUpdate,anvil
f60967e4c4acc079d191b19516bd4e3bd0202832841c00aaa9be2376262dc503,132602,reserveTicket,anvil
be406d08d7172b08cf31a7e92daa9d0d030f16dfeee8ab811c45cd01661c7311,170304,publishUpdate,anvil
af7de7da95bead9d310454e589a02b51aa31292975b6e68edf853d7cf7cf8fec,132602,reserveTicket,anvil
15b5b73d9d57ce1cb235555eda14765462450466023bffbc54b0bc1d3df03590,170304,publishUpdate,anvil
e20be19f525956ba6ad862ffecf34757ca913d7dd72d90c712b2a5aea6200f3e,132602,reserveTicket,anvil
26e57a3462ab6fa6d28227c723dc47c3cc48031ca41b61dc236680da2e6b7039,170304,publishUpdate,anvil
3422e4e8a812e1f4a8b7262fb192cede31c03f709e68878e8ac0713f31464393,132602,reserveTicket,anvil
278a87e15673d9d2cdbaf4fc07f503f366c34737129473ea86ae9b0a2cd7cfd0,170304,publishUpdate,anvil
9bc346c8693e6cf1d825c9d6dbee87b2ba6fc1d859a44b4b4065083285325841,132602,reserveTicket,anvil
49d1d71a7d4db3bda919b3ae22b74672bd62ccfbdd952fe747df89bb4b569c9d,170304,publishUpdate,anvil
4fc65ec5a6699b2196e6d641106b69d9a3079744ab920573b46e3a9c5de219f7,132602,reserveTicket,anvil
d26ea6402df592aeff3bedce89d2b8926f7f48e952be4bad93ebb0e3e2337584,170304,publishUpdate,anvil
1003642d02f30d07a5cfeddd3eb2a6345eba122040d109531d81115072645bbe,132602,reserveTicket,anvil
190bfff8ca9fdb80699c3328b5be5a3acd58df66822fb31ccb36c211db8c9ff2,170304,publishUpdate,anvil
990b86e417a2296561d2b7c3bc0eb3fee39b6e29851f22db6a94ba8f3956fc73,132602,reserveTicket,anvil
885fb6b377481cc57983c0055e46374eecbc16bd41fb2b2a38020958657efec1,170304,publishUpdate,anvil
8d22e80e7836d25e57722c2ec86ace88ab3d3aa853f8c0449afb035ce878702a,132602,reserveTicket,anvil
4ac3969edb4694a245923da7a06989772f524875f063a446ab38732dbc497ad5,170304,publishUpdate,anvil
4d7a6a98c045c66a8e9e713b5cfd61f8b96ab068cb768ea435e8efe6d36e7cbb,132602,reserveTicket,anvil
03164eab20b4a10eabfdfd00eb6782a694c6ae9601b31eb8aafeb90bac06004c,170292,publishUpdate,anvil
302567e38cf1e4bc916bb103cc130ee94d4432d21e9d7488eab218d8bd6e7f3b,132602,reserveTicket,anvil
066c24b099336a38c950f33529f9509d150741d8d0f931cdd3e748be27569246,170304,publishUpdate,anvil
965f3eb7178b1d0a6e1f3b87428ad52f854a4f15d656ce83e82307a9c9e0c57e,132602,reserveTicket,anvil
bd4eebda02b2c32df41554859c1e43e87c85b1c59c152146c2e3c46d52cce528,170304,publishUpdate,anvil
e2e6adeabea2343770eaaebf213404a5e1240adf94a79fd79ed45a3bf9593434,132602,reserveTicket,anvil
5a7b8916ffa6d4baddcf409aa8695a9dac370192338dd6d31a3e5e3f0202e7b1,170304,publishUpdate,anvil
60c2ce74c0e8b75b47c4e3b872cba88d3c91a9bdd062e2c774a64c1349be23f3,132602,reserveTicket,anvil
26cd39b7576bd320ea8035467fd677a330e6a6533a0a27004ee6bee41918c10a,170304,publishUpdate,anvil
5155bb038992aa4fd4831f3f7e6c470098a02b802f1c3635f402483e954011c8,132602,reserveTicket,anvil
9db3acd4ddd1ff4db1384f23851346a39b35aaf01377bedcfddcb0b867009907,170304,publishUpdate,anvil
45b7254b69a89b8577aee293fee48336857a0bea6f42bf409a9f52471f56cbdc,132602,reserveTicket,anvil
b781ab2719ae27e0738e68faa1e98c92b83f746f7bd79747ece93d517cc49772,170304,publishUpdate,anvil
c291bf37ebd53d7c0dda3965c6ac757be4b0c562b8248fdfea15ca99a1c0bb53,132602,reserveTicket,anvil
d599c9e1302372a14fc0cb86fcc5c9d40d94de9d73ff9408c4577431b152e7e9,170304,publishUpdate,anvil
61aa7d5b1c405a2b796be7775a86947c437748f06b7691d3dd1ee70f0507a435,132602,reserveTicket,anvil
439b038bb2744008dda30af8ce0c6b2715d347bcfcaff3b0a3b97d620cae5de0,170304,publishUpdate,anvil
9ea5e99b13aa21837dff058793f39806ed64d834aa7db005f7df1ccda55d4899,132602,reserveTicket,anvil
01f8d3a3f8a7862bfa79e1b4834d15eec388cd40ca8e4d84250b1e8a0878c31b,170304,publishUpdate,anvil
31dd911c7a30718d6deb8f4e6dada8eef1aa6ee18995694e2252ff068bbab470,132602,reserveTicket,anvil
bcbaa878d6dfc8ace8bf069bea1541d49e454121c8d58bb777d56af14245046f,170304,publishUpdate,anvil
369da188bb6631e05aed7a5836520da2b75f063fcffed4667ea8fa440850311e,132602,reserveTicket,anvil
f03818d32a033c69395005f665a2568339f9c4e2686812983e1a23dd02ae6906,170304,publishUpdate,anvil
853c0b659d6ba160e7f9a4938b3720b206c14b0c7b3fd48650554ed27ae74a30,132602,reserveTicket,anvil
ebcb81d08f00c60fdd90a0b228379a3324fe139953722e90a8939170a3534f5d,170304,publishUpdate,anvil
9f7a914fa5152e418ff604733b8466b12909e17499c10b96d5274378305766fb,132602,reserveTicket,anvil
f9e64f1347bc4b04a710ce2600d0965e67760d494953038d969c755ff72d83b5,170304,publishUpdate,anvil
80b89e51d893bff0067fde086f4f042a1b7bb8f176cbbab9ea736697c2bcc330,132602,reserveTicket,anvil
2476749ef1cb2fd4065c4b594df49c815e4648efe27dfdd77dc9ab20e5c28b93,170304,publishUpdate,anvil
cf69f6097a7387dcc2cb7f52bc930bce4c9cfb470fd16294287a68540caf9152,132602,reserveTicket,anvil
7833b3fd2429a3786fa902981616f19f72b1b7b223c26a50c4e2dc0807b8966a,170304,publishUpdate,anvil
e366caee29a34985339ffe2a00cef6be761fc9458970bb4e53e597e109b16e30,132602,reserveTicket,anvil
692ee2756448c5ce0b00614e2b69d10f32a371ee687b69dfd14b4d269a517656,170304,publishUpdate,anvil
b278ec0d613c69e0ec44c17adb9d6f5f0217f10246a2044c7bd57b16185ef56a,132602,reserveTicket,anvil
5ca81bb29ee54e53e699ae232149ab31516e36603d45f1866bfd2817729eeb42,170304,publishUpdate,anvil
fc08c904dd8fd2dc113a630f65528906bf5d6034f07fb4c08ae93028a3625ea0,132602,reserveTicket,anvil
a81357e57f2be8b399177250671550f3605c0d9dcc7571f4fb36d0482f5fcb37,170304,publishUpdate,anvil
33578cd5ab46e56909f7c3a414b5be47e0764985afdfd8fe8f59e622b52e4779,132602,reserveTicket,anvil
0d6ab77b3c091823953e935127a074cf363b7233dd99cf6c3baac9a24fa88c45,170304,publishUpdate,anvil
22ec307013538c1fb68eab3e9bf9e8542f0bb471217dde52e219feba18eebcf2,132602,reserveTicket,anvil
015d9970e4715b5e93e9cc8562a730aaa42d9629a4a7e9c76ed3710b443e9d8c,170304,publishUpdate,anvil
eaca77a8a0e00c26c1118298e595f248242d0ecd79b8b11a95d83aa47248ee59,132602,reserveTicket,anvil
efc2d942bf5ab429598cddd755f121201ea706f52824923a1bb1eeb548cd1442,170304,publishUpdate,anvil
1dc6ce7813cbf44ec36f882ba6d9c4d56dfe442e1ee82829e9bc7b54396f894c,132602,reserveTicket,anvil
cdd89c126e20f5884956e04c84202b03bff699e802c71b805d987c5487938219,170304,publishUpdate,anvil
b898057752c0adebec3c9462020f625b5e870453e602848f705790c673d1822b,132602,reserveTicket,anvil
c859f9cbdf146fc0f072e17a90f0811797fe770409f53666359dd1c4ee91b48f,170304,publishUpdate,anvil
403337f7b012afc3dc47cb7a768177aee0bec59a4d32b128675ef0f16102e9ca,132602,reserveTicket,anvil
e20d3879d923e9ec688aa4bdd99f10701e18291b7bb3cc1382edd5c3c313b518,170304,publishUpdate,anvil
768f7810c839f1b3cf264586b8cc90d833553ea6838dd13a098d60dd34f79605,132602,reserveTicket,anvil
55bd79554f95a2d95f4d1e7b47a390ceb15c9d5c6da3296d99b5a30de574a50f,170304,publishUpdate,anvil
d28e4e42af500d0d9154fa03a141dd8fbf8cfcc8abb961d4b559db4d5cbe7083,132602,reserveTicket,anvil
246956c53c47ee88932c94e05cbaaa951c6eccdf47742117e0a87e39f9402605,170304,publishUpdate,anvil
97a1968cf669ed5d8cd9d5cd9e409707a6ead8c17446a86d1d56d7372e571ef9,132602,reserveTicket,anvil
4239ff3eb68fb5839179483b2e3e26d4ab9d1b799f6fc435dc70c99bb7c65807,170304,publishUpdate,anvil
2f53bf937d6008bbc1bc53d6f5bdff8b6ab624e5d4c944db1fd71d65887a2be6,132602,reserveTicket,anvil
37b76975af8f75bf5d7891171818fd25ff5a2e13cb3134aed462607151c4d17e,170304,publishUpdate,anvil
1bd01baecdb4bbb60001b80c7f1f640d3f0215d40bfb1c87f744d8e1d7b3289f,132602,reserveTicket,anvil
7ec0850b0ecd815e581fd1ef090f82fc528256a5ce4a372c40b9e545fd0f890d,170304,publishUpdate,anvil
0f8c7940594c116b305cff19ef8960937cc6a1668454e21d443f683f12d58c5d,132602,reserveTicket,anvil
83d995a380cc89e7cf8e6c97e2f0ee8e59e6cf8e59c2d2a0b08d5aef747d7578,170304,publishUpdate,anvil
c01e10c938a52093af102145a6aba3497403dd69cf7a856295b7088bb1569790,132602,reserveTicket,anvil
ee71b414fb70c5241102b9991f6908ef7b7ca60c60a668c122339ab81d2dab37,170304,publishUpdate,anvil
252071c54eadb395d3ea639771c96d963d2f65c57251040e52ed74f80e27ab14,132602,reserveTicket,anvil
dae3c1e0e88f824b9b69a053e248ea40786ba5ef124a3538fdaede035bf33657,170304,publishUpdate,anvil
837fa035e30b26a8b802ce5a152be89b1ae7557ed1ce0ac203a293004345ad09,132602,reserveTicket,anvil
00e74041aa0777630eea82da1d478583f0529df5a294e126580fa88d21dcc7e8,170304,publishUpdate,anvil
697c2d2cc5b696de72253bd900ae7576443841bc2c072fd26e167a177aa61637,132602,reserveTicket,anvil
e27aea18e3a905719f5b45e37fac3da3a0033d35f76f4b08104f3c3b58efb796,170304,publishUpdate,anvil
641f379c2fa9ee998dd2d1158d76a6c620b275dd8a3304ddef26d9108ef9829e,132602,reserveTicket,anvil
4b50ab0017c915b9884d4f9ade9fe3f7d0e378a386fca15df2f15361c9e71b60,170304,publishUpdate,anvil
b1269c69f6c58a6f4e5e06e355edf110d134551c2c4a85c8e55973a7b084b6d4,132602,reserveTicket,anvil
871d6891de5e426f004e15893dc8a30f6fd4e7f656e83f0440718a774a0d2743,170304,publishUpdate,anvil
60ca8f0e7262892a72e00e01b15cc26cdd9528ece78152f9fef696a0d41052f0,132602,reserveTicket,anvil
89b97c1becf477b38ccb8264b02f21e69af6fd9d76bb3cf530eb7e8d50e71b89,170304,publishUpdate,anvil
d8999810f0ad38c4d3267aa5ef08010a406b112395f2258c438d4b49ca4d76c1,132602,reserveTicket,anvil
d405ddb20d1453bc8e1e7c410c656a8c692e83c1a8118163991c2ec9d1f7eef4,170304,publishUpdate,anvil
d849e48e63786b506f04b69ba6285a8bfacd8ca77fd3206da7249848d5b7fa60,132602,reserveTicket,anvil
87bcb7cec473ea32da5bf8238bb50802ab0a2c516fff6008b91c839ff057f7f6,170304,publishUpdate,anvil
d5c38fcea3621a794c61a2be589bf906b35a63f4acc96206f60b19201786322f,132602,reserveTicket,anvil
67d8ac1eee87224196a249ee803e2c22c6041bd25ddb48bf16b3b83fa816da53,170304,publishUpdate,anvil
43ee9995d3cb68bdc08a891bd9e0ba42efc1faaafbd99a97c85d83d93c4601bb,132602,reserveTicket,anvil
f1c03f9c6f062829321577bff22f7fca41e53747b08224b7d493bd15e9ebc072,170304,publishUpdate,anvil
d900362d1200cfde832e3ce7eb730d048d1d03131439f44c3bc3608e49e0403a,132602,reserveTicket,anvil
edf3b9273b8fedec7610aa1d372d5069d4913347f4ac48de8f8efdc7293f101e,170304,publishUpdate,anvil
253a53a532d95ac3c619602647c9383e212fc4507028de6614389f7aaed85649,132602,reserveTicket,anvil
1deaf3ec855cf11ffbd71411fcbde602bf7649106624b02558717f9e62394606,170304,publishUpdate,anvil
573cf1a91f2c7f780f3062ff64a810356f8531c1ed535bc0e263820a1bd54b34,132602,reserveTicket,anvil
cfc4ea1abce616cb30d65e026c6979026c15f022d54b1ae77e53832d1e894b3a,170304,publishUpdate,anvil
68241ac83a0648ce51600f43e0a56da737c37233bd005bc6e67b26d88e59e7e1,132602,reserveTicket,anvil
9b23f08b17c7148f642382e8ff075b8f174498e1f9c1f2ff5123f5427908160f,170292,publishUpdate,anvil
2ae40eb758a7bb8d038034d7cbb2b3153dc0e89d4ae58305411795000954ee7b,132602,reserveTicket,anvil
5f439130b08a53f5de5e71f0ff5b2b513045945e730d54b5f9dd719785e7a704,170304,publishUpdate,anvil
5bfd79ddc8b06d82e8716432558f93d3e13c3af82812fc0878ab834a49435e16,132602,reserveTicket,anvil
7c5681d8ec7a25f737bea40039b4f0a445eff36ac64236baef6949bca0c1ac87,170292,publishUpdate,anvil
2336fc099a6a4a4864ba78ccf2f728929d83ac91a0933eca030d361778de6ba5,132602,reserveTicket,anvil
8fb54febce98601e52618bd8ed4e6b586faff70caf290158c0ea47f46bb5a0f4,170304,publishUpdate,anvil
a65835720432cafbd16466cae5e60c63e2da490f23549aa483b02b63acdcb2ac,132602,reserveTicket,anvil
361892e6dcf5d688ccb83e9a38b4a6db95755ea70dac3c0648fdd7326859659a,170304,publishUpdate,anvil
183607977a0f9f09a9f01c35318a1661bfd38a21330a3a35cbe1c691323d58a7,132602,reserveTicket,anvil
13f739dc4c0df1291eea821d76ba92f702ca45464b4ce196dad5c693cd088dbc,170304,publishUpdate,anvil
f19e1bcec9d2d5ad1b30152e26163eaede0fa54fe877f56bcc052cb30c07ee39,132602,reserveTicket,anvil
2bb26bdb55fac0b09c1937870a4ed6c8b28da3d90b29e6ec7f2daa16396308b5,170304,publishUpdate,anvil
bbd2d4bc61d2e8603e3f9a99dcce33ad11242498af7ab8d83980cc7cc96cfa57,132602,reserveTicket,anvil
045e0c0812297526d4663deaa54b6c7457c25f201ccf403b994eb528434d7c88,170304,publishUpdate,anvil
9417f08dd674a83e98c72d3bf506adeef3c6c0364b121f7bad116ef6e65b15f4,132602,reserveTicket,anvil
56935e618bf1ab4e141f07c56ef70eb78dbe704cbb2acc42d7ac85bb1617c39f,170304,publishUpdate,anvil
19f0ebd5a9b2a1fe5a69e7acb6de3255f349abf19c30ccd7ae34425add4b1cdc,132602,reserveTicket,anvil
d10ddc5345cef957605ea83733729124f4e314a593ffda5361189a01304c3181,170304,publishUpdate,anvil
910174b28d050178fa4370478096dbfe5a4672acea7c2fab08eb059838caa981,132602,reserveTicket,anvil
a65ddb0600345ca6b13ed027423109cf1f4edf294fe567abbcfc4bd37c90ad92,170304,publishUpdate,anvil
8cd7f8c536f824261f9b87b340ead760d023f57552abed49a24019118ee267c8,132602,reserveTicket,anvil
e1f904f66bfe3a16c7f6ad407f7e70d9c3ed74e8673c6add637c7b43617cde7c,170304,publishUpdate,anvil
c6f58661cbd8f4a785c21a646587f5e153f5b8a93f8250d338c1d3a36b5d88e2,132602,reserveTicket,anvil
7d3232db0cf3c48a2b197cc49b63bcb72b55b2b8dfd1bd43a799cfa7ea903dcb,170304,publishUpdate,anvil
7f7a75bfe37000846d0abd3d679db5e9e399567df45b3c6347a6d32fb729c848,132602,reserveTicket,anvil
f15b7123d5151d45a16e6d1f92b9809f7d2d8e69b60f2a13c9ae957a3b494a48,170304,publishUpdate,anvil
1f8597ab63019985784f359af9ca521bf5676acbd660c905d118a95e20708bf6,5162593,finalizeRound,anvil
ddc60907758eb01d81b03ec0d2eda2b878258775f0e9666a3a2a10018f86a53d,48356,fundRound,anvil
35ea0e4597fcbc1920456abd3f54dd6aba4126f74ae591a7c896b1618406e83d,132602,reserveTicket,anvil
c0fcb7093a39b643825ccec8a3687936e449088dd26182f90e864419c87a57de,170304,publishUpdate,anvil
95900241a2e17d23b0765081f5c9aa3fa59ef8882aefe3483ebe5bc37cabe8f5,132602,reserveTicket,anvil
fd46f4565eb14e2fa9f76014ed76876133138cfd3c253ae0d50735885df559ce,170304,publishUpdate,anvil
6e472ef98b18b3d27eaca6aec864b1ffe5e3985acc97d90a50a90351e1a82db3,132602,reserveTicket,anvil
2b6ec9b5f19162df5c18e32381e0277a5a238f2f112f4dbf21889e40110c3340,170304,publishUpdate,anvil
1f9ec9047d601f8e0cd4ac5fb50d11dc130cf82ef07b31a316d43061592782d0,132602,reserveTicket,anvil
edcd5a5f2557aaac45ec1bc1a0188ea708286ff23f2c76faf536dedf60b2aa71,170292,publishUpdate,anvil
92a9aec6c371f8443f532ca3b8c7a2217558c89eb28641b8c2a273c6000cf99f,132602,reserveTicket,anvil
1b696096e9b423cb39416f5e20ced7643eaeecbb8a8d0c1894b77cec9d27a952,170304,publishUpdate,anvil
9937614146c155b117efc4c302f6160030544b9482d4cfa1d8c2e0e15cff86e1,132602,reserveTicket,anvil
5302d9774ea2399919027fc1f99916adbab7042476d1b79e9314cb2cb2ab2144,170304,publishUpdate,anvil
2bcefae6180e2254a8e4e842f123e5f942bc0d9e837a9559cebd121fb9c10f6b,132602,reserveTicket,anvil
01ebcc33682b0cd40b1d5c09fb34bdb04e79b07ad87a8995da15225c2ac00b1a,170304,publishUpdate,anvil
b478c440dfbca45d59576b9a904dcf95dd12729470a70f31ccc3544c11a33b15,132602,reserveTicket,anvil
023a3247e4e6b972c62f8214c8e4106e00a2a19b62270b157b35ef4f258b4b64,170292,publishUpdate,anvil
48935e103c6a190e8f2f9057b547e0b5e926a371092880306d8c80af6ae2824c,132602,reserveTicket,anvil
16b974ff0dbc260bee3d2fe4fbcaf4945384e577a814f3354b7bad0600707b64,170304,publishUpdate,anvil
5b72e2ee9050b98060c8802c691205b6136fb76c691ae970dd0192881f512ac9,132602,reserveTicket,anvil
daa94a2d8c2df591e71604996b1beba3b0873a777d5fb31b15c9f6ed4d7a600c,170304,publishUpdate,anvil
3c2421a8a3d96bf7d2cfdc68a90edeb86fe4a4ac4a5aacdf89c4a3b7c7a4f2c5,132602,reserveTicket,anvil
96fb3f20d02f0667a0ca0eb048e21a611610d62cfc179d25f40c3ceb7a220cbf,170304,publishUpdate,anvil
9f119735ac4c6afa96b7e72933fc6ec8e4689e61157a674f2538a13cb4f48e6e,132602,reserveTicket,anvil
a7fdf219d7f1d2657b4ffd5132ae469216c2cd6ebf39e0a0a202385b007ef439,170304,publishUpdate,anvil
e99b633763b3770b25b3006cf8fccdd8c4bfa8982bb5b38b0c0d18ebf9f67016,132602,reserveTicket,anvil
e195914470154dbdb8129b2e28b38414acee2051ad4e9e6e65f56a064745eeef,170304,publishUpdate,anvil
79686facd30855369b1eb1f2b5c3fb8aca669539efc28de1ac2da1618bf45a68,132602,reserveTicket,anvil
1cc97374300b19c7edf7ebc1be7b11d73cff48f2378dc4133b77d8430be33f10,170304,publishUpdate,anvil
8523851a7132b77ee066aff4d6253bc1715df81a1d986e1e855dbf3dd891d76a,132602,reserveTicket,anvil
7b3c2869bfb3af901d1d9ee3f9247e5b385725aad53ab1068bd87f288b66f707,170304,publishUpdate,anvil
795e0af4887de3fdbb1d09ca6609e4ee6ca5e0ed9319891303a85ecbe81c4c9a,132602,reserveTicket,anvil
9803a70bc92d9e5621211f1537b983776c315ad2561b007a69511b963b436173,170304,publishUpdate,anvil
b28c7d78f5fcccb20d253b5b00dab13cc539e004b88ec1e6bb16d5bb6baf3c6a,132602,reserveTicket,anvil
fd67ad6574a8ed5aaf64e7fa1ac1382f2eb62eb7262a02f6620bd23b5e56c679,170304,publishUpdate,anvil
ecba6abda83428ddcaf4d613a2cf84649416c1c1bb9f579ebe17f505dc98c639,132602,reserveTicket,anvil
173a0c5ea89729c6f8dc6b7c04d1dafa6d6b1e5af088b05f788ce8dcd5bd5e15,170304,publishUpdate,anvil
95381b44c72e02794d96b7cb5315bf0529822d6bc8e7c0b050b5b29f4dd2b10a,132602,reserveTicket,anvil
5623682b0387c4b842868bf26536c91cca0830cf60c003bec51e56d6b0d90fb4,170304,publishUpdate,anvil
cd1f17bfa820bac96f59f4f01fb813f4f1a6396b70b3013f31da49e15407cbf7,132602,reserveTicket,anvil
a47ff5d61ba0af3dee310ae3740e816aa1b41e3f0324e6267d09d117abda2446,170304,publishUpdate,anvil
4fa7a28c155ea0f32d35a64c956070c9943a25b39a205044419478a77bb1943b,132602,reserveTicket,anvil
fd0a82c3a1fce2d50614619611df55b0fd48bf560a2ff0fd5e88aaa416c7b379,170304,publishUpdate,anvil
d9646a1a40e3805736541b1c9e141d92f5dc842f852a8a4066d3151c9c791f9d,132602,reserveTicket,anvil
9eaaa6c31e2fab8daa1daacdc48b0b84e8f45347c5793f9897b0dcd123a07b0a,170304,publishUpdate,anvil
706fcfb1708ea7d0bf0f2fa61968547d937ed8d1d4757f44a8579e399f73f96d,132602,reserveTicket,anvil
e1b99abea9902524c7f2697b26274ddb6a664a9f3d99b635d9b4b7be46ff3067,170304,publishUpdate,anvil
7cd91690eea190c81f286543881069d4f81de3c1caac7f301a09eb50f28a39c6,132602,reserveTicket,anvil
f9d2d5c8655eea10f8bbdf532be66094538058b4644278c6b069642a301cb4b3,170304,publishUpdate,anvil
541b921de3d21c92526d98f2c64ca698c63a53f69a3b33e9d6c210f8b54bd3d2,132602,reserveTicket,anvil
be15fcd8835092d61821e4e809dffa22302523a9f019eed7d461c6b13f03d0ea,170304,publishUpdate,anvil
294dee16c42efb738ba3811e30a2c68fbc680c7284bbbf566a54296d12037889,132602,reserveTicket,anvil
e2efde88902fd8968eeb7e037646541bc5e9cceedd91fd5a68851ae0efbf5f21,170292,publishUpdate,anvil
f9839c435192e8bfdad2bb6e9526f771f3825e167d88ab6abce9d67b9280aa15,132602,reserveTicket,anvil
be93a127c54327be8be95ba580f3c75634e53ca22e5074908c8e6cda5b0bee59,170304,publishUpdate,anvil
9f6ba074f35e864b61e87a3e038882e4cfb61a4e204ea00ace63954d3e3ba1bb,132602,reserveTicket,anvil
a580be42796fd928efc666f4a202f6049f92b6f1bcabfd215be35a1f07370c4a,170304,publishUpdate,anvil
5accf9b2b04fc656f071a599930f1336dec265c58f27e8873199b025eb2065d4,132602,reserveTicket,anvil
5803d0b0ae3d90d3c24d21d34e53760cc33b70a4190401bfd4028f47b236e3aa,170304,publishUpdate,anvil
7e30881340d0f92c9eb1bbc44d72c964663ee234b4ede0cdddf9a3290d809d1a,132602,reserveTicket,anvil
14b5fda7e0939fdc3fa7eadf88104452ac4c41fd890a7a2f031e5500bb028b72,170304,publishUpdate,anvil
c9bdb401ab72a53a4100596affbb27823c1c8951ddb059a180bc6e82f0e667f3,132602,reserveTicket,anvil
df8d6993d0544b1997811448321d641854490e5b148d05f7262209321f8d6ce6,170304,publishUpdate,anvil
cb942548b9a7ccfe947ee23a8bd213a9bb6d2a1715ae31192cdc5325a3b1fcca,132602,reserveTicket,anvil
810683426c023227ea0fa048098cf09f7914aa21e634284e05ac587bfe9e6b80,170304,publishUpdate,anvil
318ad4d367c09b630d683384be8de83fa183f35bea8500fe03377ae5d0a448da,132602,reserveTicket,anvil
c7e45bd5aad18f6d660f1ca30cf1c26566f01e89fb1c1fb45bada40c2205c24c,170304,publishUpdate,anvil
8c18dd523f53dd609d9910eb7f9dc66c2b8bd00cf577b43f6d9f93364395ac9a,132602,reserveTicket,anvil
45218fc56ab42e1b53ad2310711a7ad4c883641c3205dc8f1b2f24ae2bca983c,170292,publishUpdate,anvil
1aeb115b3aa4a0692ad6c0a4e61969da06a236428d5041558fac4b25b11beaee,132602,reserveTicket,anvil
6355419277766cabb57cc0da7f577aa35e0c2e7571b424a35775a913cc94fd9c,170292,publishUpdate,anvil
acec9f3219c6876bfe886bd960a9ba729f0dd1adeee646fe350a63dec63baf65,132602,reserveTicket,anvil
dff2a0c1be4f26a8262f987f507bd24f7583d882bc0152943535a8afeeb2c91e,170304,publishUpdate,anvil
94060c7c4b0b800de68eae5bee11ce08b54dc4e00593a0f809298d39a489b738,132602,reserveTicket,anvil
d504d5c00e5edcc907ad7aba8bbc2385c2caa4313417b16a35acd650495b642c,170292,publishUpdate,anvil
3fa899fc9b02456da98786e4eef7d235456e0fce2f2732fb8a2f158e09087636,132602,reserveTicket,anvil
40e0e86bff90018c8e1f44d923d372ff8518300006eeddd774b41943b01073a4,170304,publishUpdate,anvil
7a80f0ed26703095b887aae0165e68d8f390fc6b3812651aa0be504d0686090f,132602,reserveTicket,anvil
a666b45e4df1f9365b2163a065c5287607aed3f636549c53915f58a3eda02a40,170304,publishUpdate,anvil
cf94f851a17a0736c6d7e811bf97376faf25aef2e18d3cdcbe57266ad36ec292,132602,reserveTicket,anvil
8f615106e1e6f7732f534e409a8b49b577b46d2e8f47cda58e5f00b4b1b58a6c,170304,publishUpdate,anvil
d653df0dd58df3cda781d65bb516a974e9cfeca7b7d1ed40bb11024ad9833fd5,132602,reserveTicket,anvil
e90882ae25fd3a2134c7d579944553b25a5bd869cf347806065dc1c3a10c1abe,170304,publishUpdate,anvil
9674e14d602007410bdc1b5f33b3eb42a183fd157f4f285a45789709e6eb87d9,132602,reserveTicket,anvil
4c941563889e1fcbc44d8b1336a6e4575f077b4dc5c1bda8983ea7ec05cdcbea,170292,publishUpdate,anvil
bcb459490a7cde47095425ece6716b7cf500416631cb4ac7e4144b93a831e2c4,132602,reserveTicket,anvil
1405d22d1382762c4d4d6c448831b8f0e3fc8200ee7c52d6d58c0645e087d980,170304,publishUpdate,anvil
940badc2094fea9d665e25586ae8732c24e68a777e4400a4e354a8a3c884123c,132602,reserveTicket,anvil
a246bc1f91c4a2ca5bb351a3de7269ae5e67b9fadc76d7ff9a33ec0c9e83495f,170304,publishUpdate,anvil
c70be629a4839fac57fd88c9bca8c714502e0a309d1bb06ede56e1ba4b79e31d,132602,reserveTicket,anvil
08bbeb5c5b7e783832debb75baae2a5fc6c85d366c4eed7d04ef6c9bbd9110de,170304,publishUpdate,anvil
72829e621963181d0a555a1298874d4437f90e474208b4af2da59a913bb64d7e,132602,reserveTicket,anvil
9ac00260d5198a911ed35d4ac9e100e8d9ae9bc594a0aed7ec0ee175963de06e,170304,publishUpdate,anvil
f187ecf7102bce5667d3fe86e60b6271973f42659b7c929fab9d8aab653bf968,132602,reserveTicket,anvil
51469a91a54f79af67e2d91520ec398cefdcad499687d4b8e3bae2c94c1b7975,170304,publishUpdate,anvil
cd80b3c4a1097eabff3645fb6af67a42cfe8d5d5eb89d2be1397afd4f1d6413c,132602,reserveTicket,anvil
810c536690bfb103539aa395442afcc8fee5421af16817011a46c4a7c2875349,170304,publishUpdate,anvil
fb95040949a0ae0e8a5b2f5e1a9d7dfcc0acbccdcf44421ade33d59f0b4f5b61,132602,reserveTicket,anvil
debb00498538d033250e4bd3fdc800bb9929839434dca4deba596c9c0599900a,170304,publishUpdate,anvil
97ca9ba2434696eba8a2f6573ec2114cc2b64c6aa9ac2209cb3d6c781a15ca80,132602,reserveTicket,anvil
19a3785bc702c6e12a91e370ee7d6a72d7b5a0f14c889406018043d285b733e6,170292,publishUpdate,anvil
25b83f3968f3c5855a151e383c37eef5556519efd2e8a5a466787768af11e6ad,132602,reserveTicket,anvil
43c0ed5b603ca09d5b374a86ef096f5bd3cb8eb19c20dc512d3216b4155d8631,170304,publishUpdate,anvil
7f11bac067661e6d85e9a91cedfa94dc65fc568a1ae38347fdda7d418415b2a0,132602,reserveTicket,anvil
913b69e24b435fa75daacfb8efd40663a8a4fa533c5bf33aa96b0bf54c474c49,170304,publishUpdate,anvil
90947d507ad970b7fc24af463e2a648c4f72b47304f64824b0339bb1f3cd8a53,132602,reserveTicket,anvil
9d374415dc6f9faa2d0aa785fbfb577c5b42e6aeab7cd0fcddf5ce78682e9aac,170304,publishUpdate,anvil
b8ce998ded96b8b4cbe22750b43fce891ce93610cc03807556dfbf3b1479ef54,132602,reserveTicket,anvil
26b45fc6f02e2d6876f0c10e9604b640c9fb94dc2fa1a2b6beef74c921726274,170304,publishUpdate,anvil
60ddfe6997aa8ed1bf877002f88ceeaf276af3b65017c7a6f2804e6ce4d001a1,132602,reserveTicket,anvil
f99872f5130d148f9c7f80cf98dee357c865e849b068e20375ac2491d5016119,170304,publishUpdate,anvil
42cb45272a2c7b41acd41536406bfd99f7ab5e248d2c6afb25276fe572acc6b9,132602,reserveTicket,anvil
bde174811dd5bab64c12471827f15d485e755783a05a3da5f61642c4bd5840a1,170292,publishUpdate,anvil
3aa346efc7b3a19eab8264838c8613abc3beaa1508ebe507bf70f4412375358c,132602,reserveTicket,anvil
5be420f407690cd3aa7239de00b955db045827f605c20214c7a9e8ea54da946d,170304,publishUpdate,anvil
e88d16d8632171f5cde26b0a0b1bce4a76089937216193774f972b7a96f9467b,132602,reserveTicket,anvil
7098c092fdffdcac4254a39a6535b550637ffa8edbd24202e5be8254f2d13f38,170304,publishUpdate,anvil
d5dca1c1036bcb398b5f9a271f08c96c74ce964a1800cbb7041f74f4bc42f73b,132602,reserveTicket,anvil
07a42088172aed924250372b00da65536282bc57ed62e764c2a348e78646f745,170304,publishUpdate,anvil
9ac852370cea38b347d88900bbe706efa6a58b686c1e335556d8ea700d25c9c0,132602,reserveTicket,anvil
ac5558d21cc0ad09973e982e3b1324f8383995f1140aa81261e96580a601ba4e,170304,publishUpdate,anvil
06c28408594a2ee11c422c9ce2be83cd9de32cc3d4bb5d1aa0b056d7b833c3c3,132602,reserveTicket,anvil
8e9813d1ab182a3dde0c2c8e3b54fff80e33f2d19bb7343b8b66efd7303c9a45,170304,publishUpdate,anvil
9610ea64f78082f4646da5919daefadcc6c01d6912b60f72585036ecbc83380a,132602,reserveTicket,anvil
bd8fa07f36f4180397812ffa2bfb8773ee9389a1811f8d9c72974ef7b700172d,170304,publishUpdate,anvil
20ee2d6c99e546234850ea7e51696cc961b147efb0cc193c5eba31a40710a57d,132602,reserveTicket,anvil
89b14da98b9e13412588642553cb57e0f77cbe13ff37658ad716f10c987b0975,170304,publishUpdate,anvil
41728f34d0c0c17a5726e9187e5bd30cbe3bad2af32a6c39c7bba0a4b99cc1f7,132602,reserveTicket,anvil
a19652754e74c2310eb11e280d7b7fc2223a878e6041e7ca2cbaa2993243fa7f,170304,publishUpdate,anvil
5baf91d2aab30d34405251fdeb38ff802282a368dd7f025a8c1a8922691287aa,132602,reserveTicket,anvil
eb6e1821b505a163f94a461f41d343b6b21862b7c01b635bef9299f9577d3a1f,170304,publishUpdate,anvil
e28183138c8c6403e0761c7634523f0badfcd1bfb4351a1c2415341377bc3eff,132602,reserveTicket,anvil
e294f880ccc2cce84e29824b84e9df971d69dd97e00c0ff9f55e1f27b492b123,170292,publishUpdate,anvil
8d058b2474bb44a310d72186da93d8190ff7944dcb49f90ea04512f08c30dfb3,132602,reserveTicket,anvil
a991d8f8c5480d3b266e93ada62922765910f1ab81a301f0d6fd3b63d09db252,170304,publishUpdate,anvil
4d9272f4bb33494e813e64d6afc11d90772fcf98a0a4a11a92efc34970be1282,132602,reserveTicket,anvil
a4301125a430c9201d3560f5d703e5a3dcd9f9aa8fdaef2c2ad8927876789d99,170292,publishUpdate,anvil
db4148942fd572332ec52d33958ba0dafcf5244eca64a6ce1ad871fb180d2cff,132602,reserveTicket,anvil
0e28700373fd0ff338e52fe2dd10f93f65f1aa4d0cad9788c167bb130171b404,170304,publishUpdate,anvil
1bb658b9fd065f3a9613414015a66603be86ddfa5cabe7a2d689cffeaa140965,132602,reserveTicket,anvil
c06037b868d44f6183b54f8290fe3f5d963f45aaeb5a04b5eb8bcf5c6ba846d2,170304,publishUpdate,anvil
e9fcfd5c5ab2b89a0048014d2c74ae128128c6b73837fce01dfcd9ba2307e387,132602,reserveTicket,anvil
c5c260b67aab317f68041c2a5a81538dd41edd2113fcba4282747c7b21939907,170304,publishUpdate,anvil
06b5dd90329759fc9b1e4b85ffaa4cea7cdadb99d3f2d569c89348b47f173e87,132602,reserveTicket,anvil
73a3f32bc11c60dbc2394858bf7ce46f4c74fad8ab581275b62862ac2d8dd017,170304,publishUpdate,anvil
7a9110a009114f4b38d231b73f99dc3a21869d6d68cbaf6cf8924c2ffb9041d6,132602,reserveTicket,anvil
616a09ad5dcd768578a529d152f9bd81e14922bcd81cf956d3990546b125c112,170304,publishUpdate,anvil
f2ba030911268c80d4b9e840c1e5bb77967a5862169902c2bcba20cc846a1c13,132602,reserveTicket,anvil
dfedc15de151ecc0a89df248ce039d6abe6243427bb680ecd03d0f5eea18467f,170304,publishUpdate,anvil
9c5822c59d21835a2341a3e4e61237facecb10204846a4e7a041523375c1437d,132602,reserveTicket,anvil
a2c98c7874302a3f6d44b2ca38693b48ecc1969c756280c6bf31436241ad5d61,170304,publishUpdate,anvil
17fcc8c178ce148aabfe9937b21e56450cbc191a0768638a7d4cee5627bc950e,132602,reserveTicket,anvil
ab970790022ff10c2586e4cc3668231f1620c97c60dfa7c6008df49318f293af,170304,publishUpdate,anvil
3a7db425857941532bd5c15e87bae9799c213e216015f202a0ffba358e798922,132602,reserveTicket,anvil
450d65286942516bdc876baa422b719d199deecaba195fefbe0783dc14ea82e6,170304,publishUpdate,anvil
1bf29b3733322e9759efdb6ee41c64be8debe200eae3c3fe7a659dac277a1d6a,132602,reserveTicket,anvil
7718e6dcd95c36c1208a27675336be44edcab6f5940209b3508426e05bbc40f8,170304,publishUpdate,anvil
174b172a7ffb7a201b292adbe8b536c382aaeb608446fd18021e0ce20522666c,132602,reserveTicket,anvil
cb4490a80fc59e417f039194cad56e44249752cbb4ae535ab7635e57646db355,170304,publishUpdate,anvil
877408f8fead70359d90b4304c9d54107eaf783552e1e17e3f533237557bd507,132602,reserveTicket,anvil
4b17e446fb6367a46189de15530fbe6485f3ef262adaf51eb57afe3867e04deb,170304,publishUpdate,anvil
d9a66941f928e991458862648ecf68ab4e2407c2c1a61d0b044641f453639578,132602,reserveTicket,anvil
3852d883ad636bdea80428632716617d699569e3c64eed120d3b224d7c12f2ab,170304,publishUpdate,anvil
21abcd0b3b3ecb8db523898a3f327aec0cf4095b32ffd87c64eddd0fea4b904b,132602,reserveTicket,anvil
9cdf86b0d8add8766b60103905ea0211168f03011388097929b5395742d4e498,170292,publishUpdate,anvil
3180189f7dab1ce6bea76792ff23708df84048cd1a06f40aa95044b3deb65f7c,132602,reserveTicket,anvil
ac89745cb070252b4b5d060f1f21e8a2da236e992676b12fb6e73ac78bf3fd36,170304,publishUpdate,anvil
0cadaab1b5f38189e53281e15411a468bde1951247b9889231c89d160bb6f90b,132602,reserveTicket,anvil
06fe34e660851da6398a8a7b3d2ca77158f65ee5a76d06de5e52ebcee32624d0,170304,publishUpdate,anvil
0cc5fbdbd5978b04acf54b0e7e101549ec8a8a6ff932a9941bc3e0a706ad92e0,132602,reserveTicket,anvil
29b08631d6ef05d0711c0d842e82dbb06e74841b6ee8f77e1ed4528a17a2c7f3,170304,publishUpdate,anvil
02513b0511cdccf61e2444f4c8aafa791e70041c072f6834f33872a9d2e0c811,132602,reserveTicket,anvil
057390261a9eac476b16f618fdefae8ed6145d17fc502d35915e1ce29c8b0fd2,170304,publishUpdate,anvil
2857c189d3f098b3c07f818387a60593c7af5599325fbe7000e0266e32d45b0d,132602,reserveTicket,anvil
ae1ef86d56f1cf61f0d11036c6919496d57e130eb381b38ecf1824143ad14241,170304,publishUpdate,anvil
5db4cf1da421bae7acee953f13d896099ca5a73c63af8dbdb87b472f9b971c11,132602,reserveTicket,anvil
ddc570fc2b2e82c1331639b07c130e026ae143198389d4fdd35dcef621d0c7bd,170304,publishUpdate,anvil
110afc1543a34079dddf34eb89b0e6d400c386ec65f2ccae81dbf8cbc93a0311,132602,reserveTicket,anvil
cb3071e123e42a12b284a538d2d998a6744206234fb0294244765e087607aacd,170304,publishUpdate,anvil
cbc6684dab9386b7c36cd2959e9731e9c10bb74435a9d8b5a703d2dd073058e8,132602,reserveTicket,anvil
37c1e96d9479d925e30dd63be0f4226789939eb472d7b164b0954e32f4f721bd,170304,publishUpdate,anvil
154d1762f2d939f628bb677d9497950d9f4ab830aa374019880c3352ac8dcee6,132602,reserveTicket,anvil
1c7fd84781bee3e27938880676a515f164b59aafc73cd8e89a528ed60bf26ccf,170304,publishUpdate,anvil
1d9c74d99db274661590ac8fea0797d3ab1e6f959aea8c4b444eb73cf2a9911c,132602,reserveTicket,anvil
9ab0e557bd33ac40fb125f1ae9a46699978ec8211643db084a121a95626aeaef,170304,publishUpdate,anvil
b9eac17e8b2709d8e9e69fcf6ace34d34b2e3ba75947ccc2fac092ddc895eb3a,132602,reserveTicket,anvil
5b6826c791ee94d2695155a1cb993d529fa7a354b6c9654b5ec0535496e0fa5e,170304,publishUpdate,anvil
ce1199e9e2014e6ba02c43d5dd8a09082cb41184209a06b5f1d45087dc058d31,132602,reserveTicket,anvil
6a9ebdc86291f4ab1ba1fda7ce0c7a08ade97bf9165b14eb78c98fe7560dffef,170304,publishUpdate,anvil
5fa68851b3c2d03e6d8c17239e29bf652742e66a72bed9ab0e7e8a9163bd2524,132602,reserveTicket,anvil
33eb17e2ce9ba657f37e0c1cb57745eb638ff14b310d35de94f4374341e97361,170292,publishUpdate,anvil
448af433f8f06d38c62303129bc6aacf7071c95c0a2a598acf39673d31838fb8,132602,reserveTicket,anvil
27d0c9017871758c8013958e79c4e4d26b490cd1952d7a4a9317c15873cbb341,170304,publishUpdate,anvil
e9aba66a1d97c2672daaf2e33694cdf85be934d51abfc41fbab537a874c59fd9,132602,reserveTicket,anvil
10a93f9435f92a1e773038af3b3cf417fb6e2ed202d7068f4c8453a109e4f33c,170304,publishUpdate,anvil
1022358b258f7fe0739d01a54db5fc2c0c4226730330a883e7cc0b466e6c6496,132602,reserveTicket,anvil
2cea6950d55c0f1a52510914c0554498a5c3d0657222e07bd4b78f48e6279ecb,170304,publishUpdate,anvil
848d709b785d9d5467370ea3eda6f2a5625e82ea4ffaa92f526580c0d16d36bd,132602,reserveTicket,anvil
fa01435ce51a8b5a0ccfc8a001a0fcd4840c832759d0d2c6e3b635f1a9e14e53,170304,publishUpdate,anvil
c3337c29bc89861a4f09ff2f093c4081b4ad113456006827a1b3d765952f8202,132602,reserveTicket,anvil
12fda3fc38abfaff952be937e565300489c9190a41d281e58e24dd2c7f247040,170292,publishUpdate,anvil
2f6e4894fc4f8925e8e1a9afc8471f214504751b40ea0993ce69f84bc6e4878c,132602,reserveTicket,anvil
fa03436cdd9e3becade1197fd2e5c8cf1d13a25af0b9d88c5bd720bfa00b7e7a,170304,publishUpdate,anvil
0646bb96272c905200da4cc4bb7a42e981d883c7e7f3bbcb96195484bf711b10,132602,reserveTicket,anvil
c1c9a0751f056bfc176cd51265773b9b3e1aeb5b4f51857d1d60c8150d0ddbf3,170304,publishUpdate,anvil
ac21bc6fbbe2d63f24b5f185e5dcc6889583f2999de4c9f10423d143fb03bb52,132602,reserveTicket,anvil
ddd3a44aee3b7eeb5b8694966455ddecdb6d43f301fbf4865621e2a29a1a9d26,170304,publishUpdate,anvil
b8740d6f30dfeec9c1dad32e00cbeb802b0511918fa7e8d760b45704829868c0,132602,reserveTicket,anvil
28d67a4f0134a864eb745b7c968b03f37359d8f59772b7ad46acd1d0eafafe99,170304,publishUpdate,anvil
1d15365c72c884d2aad341919f8d1e427d90c2d5308c03af47dabcc9dac3a578,132602,reserveTicket,anvil
0e1b2e0d107e544d57f87e24be76ff433c00ff3cca54719337a14c83d32df91f,170304,publishUpdate,anvil
6f620994ca8dbe55f9e013b0780da9d0fba38529dad302cfdee09e7c94e594b4,132602,reserveTicket,anvil
acc3350af7496b3bb5fb42ccd0a73aec376fb92ba16df5ee8a24dc59064dcd52,170304,publishUpdate,anvil
a8e3d89855d9d6c59d1fc74e19b543f865d2d96199f075fdb184e6af207b4395,132602,reserveTicket,anvil
27a9f137921112a07c1575be28f3d1620fd067d39a8a09012edd076f905bbd40,170304,publishUpdate,anvil
663f0667e2d79d366fc9484af36473fb8e40805e3dd2c749686a2cf20213dfab,132602,reserveTicket,anvil
c69beea8dbbff8a26db3ef4a54e33bc85eb13d4d47d6ffbf96d63d2f22e6833c,170304,publishUpdate,anvil
0721d3a40cac218f441ab2760f8f9ca5a32303cafec533fd6851fe2b88317c3e,132602,reserveTicket,anvil
55ea06a7d23ef9922e4f4459124fa1e6223b48097984997c2413166f1f6574f7,170304,publishUpdate,anvil
4ded894e22bf3636530362e76c6fa69b2e72f59a13e3e9ad5912e5682891c163,132602,reserveTicket,anvil
141fa9d031ffa1c8c5618582af186f1d59c46f18a4ff05d70f8e40d1b63ec707,170292,publishUpdate,anvil
8b2c3f6422db92b57cef32687293494e2f2ec197ecde719515d8a511f59d6132,132602,reserveTicket,anvil
600eeb54d87487491ec5a1f14873c4cd1a2c65a988c12bb020a4857437af6f9b,170304,publishUpdate,anvil
2e6b974c017eae086a52cf08288dcede796b46e3d19f512e97cd143c2031d799,132602,reserveTicket,anvil
f659fa350ee3bddc4dcd0fac9293946dadf5d85384c492a9bc44a28069942521,170304,publishUpdate,anvil
24ca831bda046a45dd805cdbc590294f986d1393c0acb84dd33519b6884a6bd1,132602,reserveTicket,anvil
bed61f3bd40921013a758050fd531550e3c36efb10ed69ca869db0ee15bcba99,170304,publishUpdate,anvil
c061de56251f5058d812070745efe5d755fb39e25c6dd3c00a1432874f520e96,132602,reserveTicket,anvil
441ace6e57c53194313960153d37c89c600da5dfec17c39305a76486c907b2af,170304,publishUpdate,anvil
c57b717070eb60d50d1500d7c88783fcea9f33d0cf7f44ec588fff8a195f4e06,132602,reserveTicket,anvil
4db014c9b5f5831b4594f0511b5bd1d67ecc6f66979c865ca1f6edb441fe4571,170304,publishUpdate,anvil
5b5430577d02f6845ea997bd1e50a62663df69a4cf3e16e85e5727c1e734794a,132602,reserveTicket,anvil
9b1725f1a940bd7502cdc2ddceeb1d59c312955aa275120d3c55bb2191674e3c,170304,publishUpdate,anvil
b6fd35da1cce1fbe4a64ab28da0cd085d16e9b35dd14b41914da3777f8b4c940,132602,reserveTicket,anvil
b331eec6cb24e91ac84305192f54067777d2f56fea290e973f293eddf7602c37,170304,publishUpdate,anvil
96a482e043ffc05cf7bcd57141d9945c9f0f708b4d6896add906fe7ab94f86b3,132602,reserveTicket,anvil
fbb1883538ba2ca9b64059dc995ba113850d8dcfa6285e500d962408df235f4b,170304,publishUpdate,anvil
f96755bd5c9b811a0475c0b485ed243c5c8cff7b5e2524d20501000c9b22cfa1,132602,reserveTicket,anvil
02bdd90b889f0b88437ef6192498b5eafcb5ffc5d43f23c2cb746cd4b76fd89b,170304,publishUpdate,anvil
c30febecc321c44cb50bff72cb31252b6ab3063651f1b3f183bdccac28d11777,132602,reserveTicket,anvil
a60b326c8a6ca7d82737208030eabaddeff39d3b90b1a9b1ccfabb1192b2017d,170304,publishUpdate,anvil
38e0c876e1339312ec3be09e61dfd2f140dbaa9da8c1eb3326a24ba424c6f54e,132602,reserveTicket,anvil
2508c7ffd6168083b56c4688f31bfe0d180b6d3727ba57211aa910199af65567,170304,publishUpdate,anvil
aee255f56bef9b4655c9fcecd7fafe2a087bc2959871a4e47133abcf41151cbc,132602,reserveTicket,anvil
43a72bcc1c5c3486f589f28a1ccc83595117b3fa6563eb354d0329a7932e62f4,170304,publishUpdate,anvil
798ccfd12d87725607f185ded1f1fdd9e0ef21b2673ff156948f331e2d880c6d,132602,reserveTicket,anvil
2b36ae3ad48b32810fbcbe8fee4c517da1eaf99928b297ade4fc70af033686c9,170304,publishUpdate,anvil
876dee3f8616eb26c550dea3b0935833c94219e0c5adf16fc8d7cb06f9032ef8,132602,reserveTicket,anvil
655d7a3902ed75eb74c361edf736e6a39b090c6a015e3b19c6434be4dbf84666,170292,publishUpdate,anvil
f0d458ba0454c4ee052028400c596f84072490412ee3acdbc046c82f0cdcca34,132602,reserveTicket,anvil
c962ee036985b8547f7caa4560462ed387d5afd53e1b42c13dcad8f4079a993b,170304,publishUpdate,anvil
aa655b310c8aa444b119651185ab40459818a898015c8da971686d4e36955681,132602,reserveTicket,anvil
eee64924de9a0d33a2cfa09c250fddd55aec18e14ca5d0d781c52dbed5ffea36,170304,publishUpdate,anvil
be2ccc5438146c808fd7f6594f83dad201d391d82be52e71327e90eabb558628,132602,reserveTicket,anvil
21adbc7a73d3fe81fdfb655f90a805fbbfad5aa71d4f0960067456910fc037ad,170304,publishUpdate,anvil
edcef72c15f9bc80213b639fec27206233a9904656c643ad4755d3e0900f3e68,132602,reserveTicket,anvil
e5232a125a90aeec9ef1fe045234c5b89d311dc13bdca29b6f938d0872fe9a25,170304,publishUpdate,anvil
ca394a2b3cc8751ff3fb29a15330453061a2b23ea23c89fad9eeb7e19a6c7fab,132602,reserveTicket,anvil
4474bc4ebb7f7e7e3b00d95a69cadde612d9788510e47f8da7c4e48f4b8ea20c,170304,publishUpdate,anvil
07f6885cb7ce067fecf924ed406c2748c204160cc1266e7444dd6eddc427f3fd,132602,reserveTicket,anvil
fc448e6bc1a7e8da6dbff3ce269d4473832427ff7b771da0f4a8e9f587ac4b48,170304,publishUpdate,anvil
48e4f2f9cd8417f5dfbd6e65d6d3ca3707f2b9bd8d1777656425542fe31a814f,132602,reserveTicket,anvil
5f20766c47a79107f824e16aea999086c7a55ce3e410286b472a954d08b84cca,170304,publishUpdate,anvil
19706eda312571c033b2f1781d0341bbaf53f96bc1563b9dc944d947fafa9f4d,132602,reserveTicket,anvil
bbe41fcae3b8b1f56db502e470af9d5e513dd477d91440b376dcc88cbbae7b10,170304,publishUpdate,anvil
1207b93298f770241149b7536ee601e44ac371c746da4893570e1d5cd4432eed,132602,reserveTicket,anvil
5f3309397f4c0a7b1b038d8154a0a8027ee8d7434247a19e18712c7320e1f941,170304,publishUpdate,anvil
aa9613dbae5ab6705fbed50c421db4511c39dfd71c17d36758900da490c25c7e,132602,reserveTicket,anvil
deb459e61ed84a9e815f3155d24d6a0b182c839719ed73644db8e882cdd633a8,170304,publishUpdate,anvil
d29faad8f28ace450167b143d3e9444a2463524743862e6cce229dbec5f5cf0c,132602,reserveTicket,anvil
0e709ea64ba6eb9af8bd3dff32b6c358b9dac6511dafc567b1aa22047f234178,170292,publishUpdate,anvil
0396f50eb581510cfc86685e14a72d4c72aaaea98d510cbaa4ba547b8faf065b,132602,reserveTicket,anvil
0ed8281732782285aa9f16ecffd4c36e8861fafb358d3c554f4147668d1a3118,170304,publishUpdate,anvil
30c817f0f73d2790ee4d66b9c26014e184fc8df5973342835c3c7915f62be211,132602,reserveTicket,anvil
011198951994e56cedce5ec0a5e29b92a8a0ae03bdfe98f97d2b11394a2c4141,170304,publishUpdate,anvil
0bb50a7d05145f1459df295ad0ab5108da27a5d0f78c9f438d2c1553d5da0a28,132602,reserveTicket,anvil
ef01626c5a99a57100847a2573e70b229bbb7de3900f8f7d9bfe097a01562635,170304,publishUpdate,anvil
ebde3c9a01c2891b659e8b99304a8f08198b60d9f73530e66defc698f311050a,132602,reserveTicket,anvil
50e9c2239ba406ae5817f514ac97aeb3f4f470fa7bdc79a2bafcb99b0e118614,170304,publishUpdate,anvil
50f7f8b7974aef5c9c361fd136d98b744548a6f29683d3f68d21819d43218153,132602,reserveTicket,anvil
74e6998c7cb47ef13ef67205c5b543027927ffda035e8bf4e43e50894029c6f5,170304,publishUpdate,anvil
34eaef6b50eb7f7fa1f2616f90dc18b9f0d7307aace99288c56ebd7178c04b80,132602,reserveTicket,anvil
1f1dc556e8a98e8d17f257cd43340635f87e18403000a997f0ba13afa3cb99a7,170292,publishUpdate,anvil
b8f20ca516b5f8df558b069d259c3fec4b457582770f8a1ceef25884f23cb631,132602,reserveTicket,anvil
9f8a70613effce3664bd736893ae7b0dc185c80ada876d69268a2204af6c9532,170304,publishUpdate,anvil
54d9f8e307805d007a0984d9c20af330797ad16d05f668efbf9942fa4a236991,132602,reserveTicket,anvil
29e2d5be27a996119ce23810521c483beb65f970f42139917b81b5961c1f2d0b,170292,publishUpdate,anvil
2d2a323a2249f9430023387c02f8e982d804c4dda02d8699e782f4c581222b64,132602,reserveTicket,anvil
1c8e5b5cdd227259f1318bfb904a8decca99b4033be98468d4206f96f3cbe30e,170304,publishUpdate,anvil
6a392b1fd85d0ef71cb8d3d6f9adc4f674b901b04bacade964ac50bb4dce015b,132602,reserveTicket,anvil
542f1f87e8420bbca19431d00ebe32f023403fcb0ccf600793f03d5a9a1eda10,170292,publishUpdate,anvil
8bebd6f177ddc179d2b9d525920b9e3a3711d3fe07b41ec553a922cd1298587e,132602,reserveTicket,anvil
cd85425a74c07a9ff613935c6f8541ef0d28bd65dac385c7f5691515bae6ba30,170304,publishUpdate,anvil
cbe31a647e54970404116421489d3ea2738a22704f1ae8be418ff3980db39547,132602,reserveTicket,anvil
588465914336f421da7cf9fab9ab29d396d28b34857b9d9e991bee37c5b12fe8,170304,publishUpdate,anvil
1ad777e5d65fb803b32f8e531bf6bf9980d0cb8647833061e1fd98c71d26b9b7,132602,reserveTicket,anvil
a3d06c11b343385e491301188ad6d617236512ef1f25ee5650e1905217e6547a,170292,publishUpdate,anvil
7f9e789a00c99b204e7cd58a743ef6ee64d3b0fd89f671e6cbc1ff47878fc564,132602,reserveTicket,anvil
5e259f4fe985da3618e21d9c1907dc13c0773d72a09801a0a43b659e1d74cb60,170304,publishUpdate,anvil
5c93c6f8f41575215572b881481908e4d785d92656704480d716c789809fd960,132602,reserveTicket,anvil
7077fd36abc2bf6c852dc01add29fa7ac23d6431bbdbff3f1cafa60b87181045,170304,publishUpdate,anvil
2ecf0b4ccc95c38d1ad88fce4fdc0279f8e26ddfa4bacc12c7b73bc9a7902770,5167393,finalizeRound,anvil
8893a36070e3c7b764177bc5875889ea0994499bf379c976c7ccbaf602272279,31256,fundRound,anvil
22169c4dd3ed3640574550a1a0d0ccc04569623458530c278731d49ff1afbf6f,132602,reserveTicket,anvil
c4a0f56e5ef3d987f80ad70a9ba1bca9c4ef8294a9fb0db7d414feeb58d9752c,170304,publishUpdate,anvil
86096b1a97b71eb29905561c979e1612fee6198fc2cf172b52363a544042c5a3,132602,reserveTicket,anvil
f7b71881c323dfe38813f03f0477540a79aebb4568ad5e34200850bf12890156,170304,publishUpdate,anvil
b9e0d7d094bec68cba1d0bf4e5fa1796a7281c418c82ead83544c00c30e30200,132602,reserveTicket,anvil
3312c9890a2c096eff3739396f9863bdfe138241025f70dbd3fe8dffdfe6c053,170304,publishUpdate,anvil
95e68238765cfef7657e6b8c15a52f21058c388c481efdd0a8ed9aae91430ee2,132602,reserveTicket,anvil
2b95dfd8428eec8d80cf9c86b9f71ab0808107259086518cd3d5a4a653211ade,170304,publishUpdate,anvil
1151361aeff7929a67aa3bd062567e3f0f951079daabf2a69345a6b5803ad96a,132602,reserveTicket,anvil
c3794dbe56835656ee5ae9e6a01cca1c56d1ff062eac9919d8bdf0d90c6e1c7e,170304,publishUpdate,anvil
ced7b36b82daf1aeed7227e6eb74adb835fb6b4ee6b852c378c93427f21afe37,132602,reserveTicket,anvil
1540beba78e26fe6cc692a09a375e9d7637ce17a0921c0605b21437bb1cfbd66,170304,publishUpdate,anvil
1c98c25c6f7d740e3e4c641ad7df5e23b46d405d71aaa2571acdb250803cfdd0,132602,reserveTicket,anvil
ee9569a4e79b3ff66a81594a8860fdb7051e54be60a04007025a3ee98c118678,170304,publishUpdate,anvil
b5b7069a0407d3b5356c72dc1e18c8d242a2e0379726375b48e5f59086c20e5e,132602,reserveTicket,anvil
f32e14041410c2a82faff398380479ccf1b1c0e8250d2e5f9f9ac72d5e8b36f6,170304,publishUpdate,anvil
bb36ab6b833657a10f300a87395bc4e5e2841454617c9e37e8c3f9b4abb7d27a,132602,reserveTicket,anvil
4a2e4bfeefdbbf469e4c569f89d7ee2a39c2721329aa8ca013d33bc3d055909e,170304,publishUpdate,anvil
9a9eb6358f303f89f4227e04d77a88d9802653bcd0731b0b393b0792bc4794e6,132602,reserveTicket,anvil
f573240a3dfe332abc4748129e9b94c29952ff665182c8fc2cd306e693ca30ec,170304,publishUpdate,anvil
f489774e93b495173cfc3d0957e54365aa8614392384178eb83253052b2cfd98,132602,reserveTicket,anvil
b463a9a6a6c9ce1d68042601ebedd50689695d159144b9a4dc4e6a158e74e721,170304,publishUpdate,anvil
48d54664e8b0e4fcb33690668bbcab179900dce3bcd9b1f1fb95aa7949191108,132602,reserveTicket,anvil
b2d6afe0677eed7b13a9ef53e47717b7f83b2410ce417cf2d081ac41c085479b,170304,publishUpdate,anvil
4794616bb07009917a00a1c3f279c581ae1f6cff13b04c300d4466d2983c7595,132602,reserveTicket,anvil
80c978e458e424df504091d4225a05970548ef955380e16c0f5649a119d992e2,170304,publishUpdate,anvil
919ff56a9950da25ccbd1f87068b3b7fa850a451e4fe6b181b3fcb2c56a9da36,132602,reserveTicket,anvil
e1f6fd2d5a09d7471c0d8e96ba9ee8db92d5b74b0981b675d9ce654bde907426,170304,publishUpdate,anvil
0865aa678cd791040e9aba08aad8eba1525e3e6b9bc4547fcdbc061a3b679eca,132602,reserveTicket,anvil
35623539f6bb9a1df361c7eb00a4902e65662196b057e2eb044f464d9198eac5,170304,publishUpdate,anvil
28d500dfb646fac776e76060e4ab814c6a1e4921ea36dba282efcb4628bc8d25,132602,reserveTicket,anvil
5d029c2063a188f1b4ec531f5203b25edd1d110f7e6de9c8991a7e07c90d2907,170304,publishUpdate,anvil
52960875c74eb8e4b64cbc2630c6cf95ef5ee078750179b415a8a02273c4d2d7,132602,reserveTicket,anvil
0222fb31cc24a16ee69e0ecd12722334612d2b948ccbf64a72767b1d41b6e1d4,170304,publishUpdate,anvil
900d154448ea879877415fd357d6d571e0453a5e1278bcd4828f73d3deedc83d,132602,reserveTicket,anvil
bccc88343be58af4c10840ac42d859ecc3af0d3bf9675c21b311c12c02ef2bf4,170304,publishUpdate,anvil
c73d3fcd14220f4feb15c1a47441c04b67fca555e1f930918c843d47c12513fd,132602,reserveTicket,anvil
db4ab1182a434ede962dd7f786f0e308a76fcd7017f75805684748798bab757c,170304,publishUpdate,anvil
bdfbfeccf07036136b891aab8c7017271555625305f05538cd45d35e4c47c97a,132602,reserveTicket,anvil
2c3349a1eac28a11f3033f7328cf4d81eaa439013905b8d0a94dec30e32d1561,170304,publishUpdate,anvil
a4bb93b41fa7cdee69111e76b2bd3a62f659987ded711ce5749514b85f108d71,132602,reserveTicket,anvil
256228203c316324f8cc3d14204e2e3dbe2273b719e8f0be4ac1926060c19e3e,170304,publishUpdate,anvil
cf433599f70edcbceecf39e8eb0509ffbe063d3d843640efb76214ad2e076fd5,132602,reserveTicket,anvil
434221a43b9f7e38b0368e3b1e8902bd17c38b80a8894d1885ace9e166f004d0,170304,publishUpdate,anvil
6ba808fee40869596c5c907f99dc1a54bfd64266eaf0ea402b5b5555e0250d9e,132602,reserveTicket,anvil
bf80ef0290a145795fe03eaae11162165c900ef52bba05db9e4f13472e484183,170304,publishUpdate,anvil
953b7cf06576fcf2492c08297c24ea8fbd86b97ef2b332f29b0e976addbd1e7b,132602,reserveTicket,anvil
b1378e7b9c7c34f6469d3c28cec7e3857a0e08279ca976ad15740da70a18e696,170304,publishUpdate,anvil
362111eff4d6a4469598fa9a13b211dd7c44193ad84b765ca5d085bf761d0967,132602,reserveTicket,anvil
f1f1644c57adaaf858709a0f4181f628a30d7f6cc92fa2f7d70a26aaa2231a93,170304,publishUpdate,anvil
32ca826a8b549c97223d16b465af42fced7a62e8b7aa5f359b6c93e7c48a4fdf,132602,reserveTicket,anvil
94fed10707fe5cdb0d454039eb42e54ad4449819980a981f713acd6c16759379,170292,publishUpdate,anvil
e598a0ae196067ace7251d0d8aaa2aece230d7c5e130932b22f0d73ea16a83f5,132602,reserveTicket,anvil
896c83c1900fd0eeeb9b7ba9506ea281ccbede9986060fa8f4d1c425250e4411,170304,publishUpdate,anvil
2b6ee16df3387d1885012e19b38f817cf64dfdb16851951d9cf4d28dffef5035,132602,reserveTicket,anvil
d9a427e89e17718e9bbacfc0069fde4e3ba34b39446888e588b5726178cc8362,170304,publishUpdate,anvil
c96a2704d156aa52324c6385ce030fe7e56d1cb234936456f97b39fbef7e2306,132602,reserveTicket,anvil
01a46c379c6a9c74f83ae69ec1891f1152a739c3ef116457761d14a9d8868ea7,170304,publishUpdate,anvil
01aa7cf7eb5adc9b0eea372534f86f8ff5db77543316100f01470af16f40964c,132602,reserveTicket,anvil
8c3420ea86423bfb0f44af324ece6bfc4906ce8b94da0f7d3781c3711c6631b0,170292,publishUpdate,anvil
5079b324e366fa2af43d0adebfef0de8dc8a457efbf7e2bded549f00b4347aa8,132602,reserveTicket,anvil
1c42fb6c4b019d4e490ec523c392642ae510ea3b3142bb29ddd8b0e5143f5b6d,170304,publishUpdate,anvil
838e3cc16247d5ad6a8e6acb618bd5fc69081de1b19df2dd210da5291fbce98e,132602,reserveTicket,anvil
173ee315652a8805fc085b894dc0a3e3490ffc37db80e829b9e74c3dd403cb58,170304,publishUpdate,anvil
9650f54fe7ae505dfbadbbb5885a7efef557e2f7eeb0ff740776699f7a73e05d,132602,reserveTicket,anvil
fbf4cd7fb1118d9b078867f384e46ac1d112c0ccc7b8a098e3f8efe6bb062c31,170304,publishUpdate,anvil
6dd485aca1e7e2bc033eb9a3b1d4e93494fde6486a71b7b4126c1ba12ffbbfad,132602,reserveTicket,anvil
948c0b15a37c7f428639be9626d615bccc9bb97b528836ab6374b9acaa07391c,170304,publishUpdate,anvil
946f840b84be5d9b91b624a0c6f37ed872f24da2ea8629fbc77c2619d7fbd87d,132602,reserveTicket,anvil
91cc9768f91a1ec6db2d6977355f5303ec9e22f13a5a1b4ecf2cabbc47ce548d,170304,publishUpdate,anvil
28393c16c535cdc626d2c8407545c04a547e6a6d07c7ad5fad8a9641d3378468,132602,reserveTicket,anvil
787aa306a2811318cee66ea778e222399d1cebd2530304f3352deec6c42c4b09,170304,publishUpdate,anvil
ccc59397025d18541c65d2730eab4d1cb65310be9a389aa4b734e3acfc70d179,132602,reserveTicket,anvil
e05717e73f0088163ce4a119ea6329369674fd0d89cd977054916a332cdf954e,170304,publishUpdate,anvil
71f937dacddd8be47879dc67ab2e1fcc9689e660309e73f022970f50ebe2adb0,132602,reserveTicket,anvil
5040dbb000f95076643d8c474e2d69d57a5187ce59f97c7aeec76aed35e5cf4d,170304,publishUpdate,anvil
508e2280a4d645cff46131e21b040d267450d14f895705b8bf94773cf99af9a4,132602,reserveTicket,anvil
05b992cac94b96f780e564e08af5b17b00afe8680050f5ad6e47fd1905ff3f8b,170304,publishUpdate,anvil
43f5565a1c223a35e2d9c1a654016c6f5129892eba94d0d2aaca724a3accd1f1,132602,reserveTicket,anvil
8de2453a7c17d5dd3c8922de1730f947e0ae5d0a49c522e3ffad18bbb77f0f52,170304,publishUpdate,anvil
4555fb3aa318aa1ada25288fc593e7f8b0c61f9e58b2603ea5128db2bdd618b2,132602,reserveTicket,anvil
0bfdb737030c11312785059fff86b08a60c93f3387196af155cd8c34edb0b02a,170304,publishUpdate,anvil
f405196035d7ccacc7a165d099d011ff560cf8472d692ca6b08fb04849176758,132602,reserveTicket,anvil
5833cd251cb11f37e32cd27f816cba27593086287c51988284d34dd465f1b122,170304,publishUpdate,anvil
579c096d8e5f01550648a64eef30dcfa68f0d664c8d7c81a422c5b5c00b9701c,132602,reserveTicket,anvil
d8e35f6b69c807d6c2d51818262b7b0bdbf975d15064373eaec0f60bbcf8f5d0,170304,publishUpdate,anvil
0e87bf63a533263e635bc81cbc29a672d5fa278a197d1e48f8ae7b1bf84c49e0,132602,reserveTicket,anvil
b7dd5eccec5db5d8f9dea57b6643a741859097c1f229d318003a84e04ea18fba,170304,publishUpdate,anvil
93faaabbc7c1d0c486deae2a5be274f21dcb9b5a3683231ff7a8275b917536d3,132602,reserveTicket,anvil
bc49b8e987555bc71586a5f297b5f015c35b6285ef87ccf077d6b7788718cb56,170304,publishUpdate,anvil
de85930a70d095032863b7ead60f52ae1d7e1663a2333b2ad1fd4b2e5f501907,132602,reserveTicket,anvil
0bdbb37e49c4acec03bd072363607fb8dcccbea213deb8f326ad3bcb046e9ed0,170292,publishUpdate,anvil
42a2f55060d5cd60e6161a89e9f0c80012b61f56b9ca730dcd1ce36b16253167,132602,reserveTicket,anvil
aa3ccb233748fba5ad755658eb1963bf406968367d3d6d6c27e4148623ef6ecd,170292,publishUpdate,anvil
456c2efca5524f058cd317bf14084c614232c9e41f564f95313cfbccaa6973f9,132602,reserveTicket,anvil
b0ee222bf054dfdf535fb4fe4b983aec3610651fb7107348587663b2e7bbc779,170304,publishUpdate,anvil
a28259b2e1146791d3e14c0beaaf05debff9db7349db627b89621eeb69b2b5d6,132602,reserveTicket,anvil
574d036d8a34e9c43026c2b2fa942e7b6b37238e6015226482510949199967dd,170304,publishUpdate,anvil
083f6d731f661efabda0f182f1e82687af488a1d623208ae4e3ae2897472e40c,132602,reserveTicket,anvil
125f42fcd41a047fb3e82c6ef1da8110d3dca8923bde29a044142e77e19f166d,170304,publishUpdate,anvil
1a96c2b2a1a589e2e29805a3544b489162564620374cad009ded1bbf447a120e,132602,reserveTicket,anvil
17565def7ab0f9be66e66e47f191388583de1449e4535677d879ac3ea2a8a5b6,170304,publishUpdate,anvil
5fbe73e0fc500713f5bf67d95deb94f51b73748ad4449c99ccb8e84c45a4354d,132602,reserveTicket,anvil
e936722193015cc596e9be72977f0a60701c4a68b4fe6e7dfe69079d40991e58,170304,publishUpdate,anvil
0de2ac09f104f6eeda8b455dbd2d9a57910aa531b5e55da82a40b756bb0a0b80,132602,reserveTicket,anvil
ff0e4cbc73040c73b950c2fbaacc512aa604f81f1cc1b7cef16d79da49a40a02,170304,publishUpdate,anvil
bde100b28b20949a26f22f05897aaf9d0f0978d547afe398ef73d2f4a215af19,132602,reserveTicket,anvil
4bec958c6cf33961a4b6059a7eec088afb083422284b390022109c6cb90a5f20,170304,publishUpdate,anvil
d5d06f5a7fd483353ae6a986b799a2fff59ff83df85509caee0c37a331e96982,132602,reserveTicket,anvil
a4074852803f12424efec40000a8fd724ad04aae6b8b5742f7d2bc2462c1adf7,170304,publishUpdate,anvil
78cdefab8893ad92cc07f3fa30b775ef44eb8962ee5fbfefe3e09bd0d96ba81b,132602,reserveTicket,anvil
5cdc53dfee8981ad46e4f68558bf7341cc87d2aba4b34398ee71cbbe337e0697,170304,publishUpdate,anvil
73108bf822c0f59ae162446e0123662d0edad020ff1bb54a7e8af439345c1c0d,132602,reserveTicket,anvil
48908ab916006f1fe8e56d6309c66153ff5a2a0bcd77c2391f6bb2eb4c522602,170304,publishUpdate,anvil
543e4dadcb76c947f87a7443b53639332e6d66370b848ac00674e4c0011ab731,132602,reserveTicket,anvil
63e8bbd903f0c4b3cf3c9398b290b5481c7fc920e0d402a9e207413e2f225d39,170304,publishUpdate,anvil
32543e19020dfaf1a4fb29783c60c64740c57aae3db3cfc0d340128adc491512,132602,reserveTicket,anvil
8c93294797547c77b85831ce4d56b8b9d2263cc4c056fc3968d53cbf2588fe1d,170304,publishUpdate,anvil
179d54ecaba4f3376a6131291dfccd17f5e616e7a9aa0b78048e8dba5ce4a12c,132602,reserveTicket,anvil
634a90a1fde0b50dfaef360d7b8532bc8df97d137e11ec2bdff3b5804d13f748,170304,publishUpdate,anvil
9726c4fc1337d896d0d1adefe456987416d2e91a2a5aa237626a62769786cac5,132602,reserveTicket,anvil
864046d1ba79602c0a70bc19d89763a3140ccc68a056efb8ab0565c5db8c17c7,170304,publishUpdate,anvil
5f4b6ff5ba64300cb7f58fe3059a266410085856ebee27347757cd7d8e7e8e61,132602,reserveTicket,anvil
1d995203744657cdc5945020d0809affcae31f21515e1332a7cd872d32ac5004,170292,publishUpdate,anvil
6dc378fbf9a431a034a45561c57ee3c51f8d6ad167c51b4c45cb7eb9f054200d,132602,reserveTicket,anvil
7d38f98a380026654afd9f91ac8048eeea52a99456ee27ffcad384a42f2d108c,170304,publishUpdate,anvil
e935230be65c105b4f8de3df996f4e4377e926da235fbc067624737bafa655ae,132602,reserveTicket,anvil
a219156b4a6a8c67f9bc7e88f9e9490776f4976a32fc9ffe14688ca0d8341bc5,170304,publishUpdate,anvil
256c85ee6805310b136197444df4dd75bfe0a9eb5f90ab09df47faefb8e99058,132602,reserveTicket,anvil
cddb95f7bb9fc2ecba331726e57d513e82f958411670a121bd1f01153a1caa83,170292,publishUpdate,anvil
2b0bb911f9464020cfd7be3f787b7248c0051048be81ec043b79daa92bf405f9,132602,reserveTicket,anvil
e796de4f25f505c4220e87ede66c924fc1de354dfcabe801585e16039cc55a94,170304,publishUpdate,anvil
4eda6f1aabde72cc1ebbcc9ae0022233e03e32e81b2737a21e86da9025359445,132602,reserveTicket,anvil
ac324581cf31ef4358606540a989b5a2cc328a0683b8e8836465fcdce9013b2b,170304,publishUpdate,anvil
f240b9a6ae4309d8dd0fe0e74a6eb484fd6fafdcafb1ea61ca185ba074db70b4,132602,reserveTicket,anvil
1cc36f3cf2b0c202578d98aa75c403b133b852a87e3a9c34e235d4676da67e30,170292,publishUpdate,anvil
31fe816d9cf11f8eb536a46ad4ec0e8eccada2a46de053f39cce9382f7463fc2,132602,reserveTicket,anvil
e8aac9571fd7100cae695cd0958a9527cc3f977de7bfdd6e72ba32343524187b,170304,publishUpdate,anvil
72ba55c66809a2a4fcba49c93fc812358c8d8ca5149d674aab0862c6d71fdfd2,132602,reserveTicket,anvil
647215157d10626bab5ef6e8e471c900c64fd3b4cfb2551722736ed7b7273fac,170304,publishUpdate,anvil
ec5b1c6ca81024c380de63f56b612ba96e1fa167d52dc129a6d4f0827ffb028f,132602,reserveTicket,anvil
c022e8b95b69fa11491ec445cb8ffc7ddf73a92edf690874c31cf05299755180,170304,publishUpdate,anvil
8b6e147d8d8c2965291c148fe6552e09d1784cb40d93540ce311c1a52d2e1482,132602,reserveTicket,anvil
2c2034ba7328f567e973450692caed042edd35422e1e83d694a5d55337af2252,170304,publishUpdate,anvil
eddbf047455223dd2d29633481f473a59f158d43b7b84e6ade6d498be3ca0d08,132602,reserveTicket,anvil
5c35176d3ca71244d5defe4670faf8db381f2d4f41079aa04f825b95cabaa4df,170304,publishUpdate,anvil
a4c98d85ebb5e2a18c178c0bc3df31f655e71395fc8bd7b05aa0babd5490aefd,132602,reserveTicket,anvil
8b923987a940cb0f7f1d10c1d25c0eb5bca6adcaaf1a65aa9af97afc2c21a00d,170304,publishUpdate,anvil
fef7725b9f7f2c6ea600570857cc6ed03cac2f89a85331903eb60e3d5091edc1,132602,reserveTicket,anvil
58850978e33635e3ee797c038c909e402cfc55829dc6e5bf2160c5e899d4911a,170304,publishUpdate,anvil
acf6e67dcbca119e5450f5ed197724310fa8cc21e294126880abea98d2100d99,132602,reserveTicket,anvil
011d2e35154e1ac02d5cf27569761ca80634f928d6b58f4df4e12c3f4165899e,170304,publishUpdate,anvil
d4be611f325ed99f1da701ef7c2e9e21b8d11bda2e7f9756404b844f928f19ad,132602,reserveTicket,anvil
2fa487efc32599c7b746c5c351c7ebdc41bd3ca49aba0b88d6168ffcd4e23890,170304,publishUpdate,anvil
673a1a64e6d8cc4cdb20149a43a2e4b5c1004f41bc1b243d0f9cbf1dbf4f907f,132602,reserveTicket,anvil
aec7bfe46df8bdf4fe36907b80a88ceb4d749bba14c1bb2206ed033b679a5aa0,170304,publishUpdate,anvil
bddb93706072748482146990cc5e49cd0c2f73a28b2e3cd8bc57ba8f1b952680,132602,reserveTicket,anvil
e3a37b6e5d2c141c7b3b683582c646af3590e34acb3ffc317afb97a49ed67326,170304,publishUpdate,anvil
0342a7069fdd7f76d3d8066f062b1f0cf72d74c073fcceab82815a0adf4ecec0,132602,reserveTicket,anvil
d104a4dd623dcba95557328dc9f77650711a6e8a0dcd84a613f9d46c6a62a4ef,170304,publishUpdate,anvil
9bf0c509892de40ad24fa30e74139e7e075ff2cea258547cfa7fb248a7b39927,132602,reserveTicket,anvil
b151c98e08d0c748410518a61705f49df3c4c6e3bb1f31c3bc5bdb3725c85a03,170292,publishUpdate,anvil
e20bc13439cae40d3f6ce7f3e2947d784e5982e63b4891854454c521361f865f,132602,reserveTicket,anvil
15e524f7a0424f3fa22431a74811501c475dc4472d3ea4c2171483ee9b95c3ac,170304,publishUpdate,anvil
0d8e7a03865acb8875b62560a5b547d1fff90c5ebe04de828fbe7a960d06470a,132602,reserveTicket,anvil
bd7c93ceb235bae2d4de2f6328455e6b24867676889e48e46610826a3d94d1e4,170304,publishUpdate,anvil
ef30ceb77ab473f16cc3bb0006b22bda04b94bcd7fc6b61b07db3732b0f68177,132602,reserveTicket,anvil
9b713d5678d20f209726daea88b24c31e7a72ee00ffd6f47fb6a5e5f3b33c58c,170304,publishUpdate,anvil
7cf1583f5f38ba4af31ac6f5289a0c9562c2ecf1ce499a3db0f406952353c4cc,132602,reserveTicket,anvil
988976158687b54a4e76b4437679c388df960cf9ce1d71e491303c533f8a7f31,170304,publishUpdate,anvil
cecfa64b3a2754328b706ccd0c8f5365cb0af3fccedc3e861df05a50e0f7a87e,132602,reserveTicket,anvil
c849a3dcfd5cd20ebc3d9d67a6b4c3b9f54a74f1035b4886b34cdc3f3e2579b0,170304,publishUpdate,anvil
45b9201d4c79a47479f0b28519ff1ebc53bcce1228809db108c92f5aef396702,132602,reserveTicket,anvil
d93d90a6cadbfb4c3f62a0e77de9f60550357335f69f7b72be9937e571a4b64c,170304,publishUpdate,anvil
5939865208d340ac4a1925b934dc573f9fd79d6ce2f512e8892bd90bc0904c92,132602,reserveTicket,anvil
98f5701afda80ad079ed6dec46b3c0dfe5aff516224f621b0a84fc0c991484e7,170304,publishUpdate,anvil
178f8cf676925f3e63ca1e191ad61b40ec3c3c6b8dc673d6d62dc2d659f28e41,132602,reserveTicket,anvil
17b4fd2c4ef26377040d718a54c2abbe2e4b93972351e0b15e3a408bc48d05dd,170304,publishUpdate,anvil
646b2192537faeb51530bb63d876603f90ddf67d2838161aff9dec0420726bf6,132602,reserveTicket,anvil
959c2fb32f5ed523f29397e85fb94a6cd19fd653d22ee0147ad5dd5d0352cd4e,170304,publishUpdate,anvil
7b46ccf2429f466c7cdaef413698c8ba97f2e9477bd907c38f73b2e121f38b1d,132602,reserveTicket,anvil
dbdebb6810cbe3ef63eace92aa81cf67f1e22c57b16ffcfc36f9949e59819b34,170304,publishUpdate,anvil
28ae51ef65969548ffd268eabf4df0081f76e3ea646cf9403db59c9ef7ab8c1f,132602,reserveTicket,anvil
3b2fa2fabacc70d1190c9df6a69cc90e7c571688b43ff523138de61dffdd887a,170304,publishUpdate,anvil
8f325014ad20c1d4c3c6d525af4a8a8d996643c6b6eff288acc5b7d52113b128,132602,reserveTicket,anvil
428dbc95f1825b06ca0ed57ea329606a03c693d5100ee4956f4d5b37603e2ed5,170304,publishUpdate,anvil
0b4826767c0d644281c34bd225969386ccacb67650f4b6777e4ff13634a16c84,132602,reserveTicket,anvil
39ec8bf55cb4cbd40f9a20e80beddc4d19395018c8e963e6815f7bc523fc9690,170304,publishUpdate,anvil
568fdd070a764787fc2677af49616220201f0337fe0dcb3c49a136f52617ed48,132602,reserveTicket,anvil
f69c24872cd95a006628e4e8cdb3bc1370c677772fa75ab92364ff92a9c9eefc,170304,publishUpdate,anvil
6fd4022f0d96c46bd219eb3de85866c0a12d1832e109762c2a3a54dd056e67c4,132602,reserveTicket,anvil
848cb554f38aa87889e7ac5da28b9c8612263b7398c093ed0ea4263d75acc244,170304,publishUpdate,anvil
bcf53ab0ed7845e67585c1cfdcd696bae671385d4ae78cdcdc3bb397121dfa34,132602,reserveTicket,anvil
97bd18d8197efd5c2d39c562f3554ad15c18d936f525e28ae947804889f8dea0,170304,publishUpdate,anvil
11290000c1b4a05d2c0959a2ef8f4a4d102db6f72e4a98945655919a830ae552,132602,reserveTicket,anvil
5a2b6aa50bd27c831c1adba4531de507ea3a1d9781fc0fe91c43141c770a364a,170304,publishUpdate,anvil
5cff2c29a2f4bf35651336981b2d605956a82f96080d25558f686ffdc3942104,132602,reserveTicket,anvil
52371b5715b9397e89ca6c3e45440c3ae91bf9e48e29a3f8a9285c7489693af6,170304,publishUpdate,anvil
514014c0d2f7f5d9c0306339d13fa9add44fa8f82f3c68dc85706898cae54420,132602,reserveTicket,anvil
79c8265425104bd575ae5d422f4e60e56f294ee10e34dcb0d7e5e71b2d7bed12,170304,publishUpdate,anvil
109566cc7ed6a840ac03f194d7e872b221757850237cc1ba57950604f96c99c4,132602,reserveTicket,anvil
cfb58e34c474408fab66b01f0a49c7f88debf709ae3a1c6bd9592fa5714628fe,170292,publishUpdate,anvil
4f949c2e7e38ba3f7a5f97b0174b9f93959347b619d9682bddc024ce7164d47e,132602,reserveTicket,anvil
a9ca5d4e33540b567e37c0f6484f6b20db9c9ed21690ccff8eb2091e26670502,170304,publishUpdate,anvil
8ea9c95af0b78ebd3e3a3fd158bf78076b31aba56b4a1c906a21befc12f17f57,132602,reserveTicket,anvil
31dc54ab2b872082deae48898111aaa770c46d8208e316d763bd09d0c45a29a3,170292,publishUpdate,anvil
949996be51e8213c1a6444d9561907cd042529470acd482505fa0bdf92c3bc67,132602,reserveTicket,anvil
3a227b5903221e269aca3433ee721827745bb42a7f87dadbdcbe156dc1192aa9,170304,publishUpdate,anvil
2b488e349139abfca32809ad66dd96dba096609d1fbe55132cc1a9d4368e59f1,132602,reserveTicket,anvil
bebab39167c2347f0b9e0a1bd386cc73413a3007b59dce3979d96f56f30ff68e,170304,publishUpdate,anvil
dffaa129adad2a8af7180cc3ee1bdc151f33d3daacbd9c47a0e03a2c793b01ed,132602,reserveTicket,anvil
95f9bb657e7443dfd145612a626216ee8bb12028899bc721a1c838ba1c9b2caf,170304,publishUpdate,anvil
89182e8b05885a524eae52bdd00b454d22328475255165209975c769f6c424ca,132602,reserveTicket,anvil
5f90802307395b76d40654bc93405af4dd7d62874fa8c05408b430eac52fb416,170304,publishUpdate,anvil
3e3a44972c238e476301ef97ff306024c15007956bf66d7024a238cbaaada5c0,132602,reserveTicket,anvil
e294aea78bf97b44383232e0fb19820dc807e537cd3041db05d3118a57f7809f,170304,publishUpdate,anvil
a611933032cfe122f48a0877d8f11d7d7e8c1177927b38bfc42c07a3ed9658c3,132602,reserveTicket,anvil
279e6bb31fb736830fd5422f405f9f2745935cd9c4c7003e911b0517adc84779,170304,publishUpdate,anvil
1967d43511aa274b70068445103691520528ded66b5f061ac427a72ecd3c304b,132602,reserveTicket,anvil
7902182bbddfe1f527b761443f4ec23893d8e6d7dbd04970c707515bd7e515bc,170304,publishUpdate,anvil
2003164930cfe288f5407cd7371ee35210e6f171041ca539f1a44fe58057c5ac,132602,reserveTicket,anvil
97d10c48d1bbf7284529f198e4efdd42a057bdf710c29f779c3feec2339e58a7,170304,publishUpdate,anvil
e3dc62cf0f12a6ed6dc3601ac16a09d44a5de08e40065861009cb6b13b46f98d,132602,reserveTicket,anvil
3df034b876f96f3f63a849f9f0a69533b448ed8d1c0bf2ad8fc4fef37b19015d,170304,publishUpdate,anvil
04d286b07759da448ff3d715b24f9eed964443d4f358f9612aa84672ab6bb2be,132602,reserveTicket,anvil
17c17eb20de911f0bd778e2c8b80b55667e2874d031c8d3fb7c25bcaaf05930b,170304,publishUpdate,anvil
14ed5af8852fb9dc29c712d5539e752333b6e3fbafe053081a0bff8647452abb,132602,reserveTicket,anvil
8855a03f28f15b7294fb1e47af414f16d44d4a413d5c58bd92a7310192c64cac,170304,publishUpdate,anvil
155fe229938dea0d5534f9d2bc2a9d262372cb90845f6b97a0044b976f89dc5f,132602,reserveTicket,anvil
53457421471ae0669de6cdb8c6c257f58fc3966aa9bfe9ae90a81814e028a9c6,170304,publishUpdate,anvil
9bfa613a298fb0a5f03cbca06601c09de0cc760539552c1c8b67e6ed63c534d7,132602,reserveTicket,anvil
98b54d80e5c321c14684d694df98dd6502578a2c1e0b496bbdd5d8737b3fed26,170304,publishUpdate,anvil
e163b97a1a6cb2fbe6f74bba69c394cd2c3f355e6fe7ebb5e73dd48d558dfdbf,132602,reserveTicket,anvil
30c9208eb7656b3193d227373024c14c9faba543965b8e198006a1396a309c6d,170304,publishUpdate,anvil
5e884027e5bd541f23c5c558bb9318760ac5888b031dcbd92939c72e79669c16,132602,reserveTicket,anvil
52c7d9591a3213a67accc75c1d1b77704dfa5b520e8dad40cfaa18f406e35cb8,170304,publishUpdate,anvil
b7a8e92958e39852391f54b8c4d4cb2ce574827526afb7a92dd5ab25c866809b,132602,reserveTicket,anvil
98ae23d3a8eba70d57d82ff918df3d7150c72c1479e0d1b8e04cb6b632ad0931,170304,publishUpdate,anvil
338e6b356c31b1e73abfc248d5fa9764f8f65d8c6975f0b2a4c415e1c7c8834c,132602,reserveTicket,anvil
11cbed4c3d1bec9386464b31b02f1755205e2bd489eec7a4a80a1617711a9d44,170304,publishUpdate,anvil
8649be1e91ee09ebd6ba5419a7bf0e17178a46b012bba9509753e010252d6100,132602,reserveTicket,anvil
fbd393db78327683664a473eb783dfa52fe336f2cb708bc67c3310d38caa1ad2,170304,publishUpdate,anvil
5dd79a2a4991133e1cd46315733377aef1caedeb194568a5dbf3426bf691caae,132602,reserveTicket,anvil
ef72356f1d799c5e28f37df8986155762134f70b95fba13457ebe39dc3dd1ed8,170304,publishUpdate,anvil
5abb0528a99ce881d71741d0c5c0a15710bd0c0a863904c9fe9e516ccb1c8a83,132602,reserveTicket,anvil
3a3882aed644d5da912d5e11356e137e1c1b93aa731b42fe6743049b0866ed49,170304,publishUpdate,anvil
39d05b0e60d9c3499613a50e326bca33a0d8118583ffdf590c2ee35edca48632,132602,reserveTicket,anvil
e5b2f6df9073450c7c2a8044e478c52ffc316ff0c532a8202d5a5479eb5ca5b6,170304,publishUpdate,anvil
d4150f60408adc0d6bb0d206eab662840c1c56b4f0793a1a03a63906b14dd835,132602,reserveTicket,anvil
ecc118786f69811071f70c02554f45f6aa18fca236b62a672d118c9891c4ff8b,170304,publishUpdate,anvil
9961674880980ef0d45e0100ef58e1320516db0834f477be58960136104c51bc,132602,reserveTicket,anvil
e1dc9bab700329ee9f1a4d3f5dd8755f8e71a7d27143e486eef418a8928b577d,170292,publishUpdate,anvil
1209d0d814df06b8f39ccbdb5ec2c96ddc50b5f33d13e3c8269dde21017ef093,132602,reserveTicket,anvil
6db01329f4bc2a852b8fd83cc436e60653e37191770e1929bc5afdc9e1773b9e,170304,publishUpdate,anvil
9b8746a2f8f1ae18f0f15ce2698b9c6cb539ece8761f2b4da6b1cb8be23e8977,132602,reserveTicket,anvil
5df8ae13420334b7fa5e5dcb62a23bc959e6be81a8166afcb27bb7086bd3408c,170304,publishUpdate,anvil
0fd87272c7eaa77ecaddf60c393149af77de1d486185c5e9ca03def493acce26,132602,reserveTicket,anvil
4b1427fd817745a1235339cfd5f05651f65ee97535b8a2c2fce613639c771e3a,170304,publishUpdate,anvil
02b71b7107db032b91cbe5b4e3b0ef26871d9f27b241c82f3c1f3d01e6884d62,132602,reserveTicket,anvil
f085f2c2e6d5c4ede227b2018ba18e01bd7abaec702bca50b45f0228a97c09e2,170292,publishUpdate,anvil
910058ca2241334ce0cd06ec7297bb607598f044b426bb2d82c3db922165abb9,132602,reserveTicket,anvil
437add56bc5e51bd8caef546a0f0580099a681252c705f77a8715f9b7b40737d,170304,publishUpdate,anvil
bbcc9477c80a7e5c9b1d378904ebbd20ce3c79903d758957ffeb7a5bec973ed0,132602,reserveTicket,anvil
8a7082308c985df8086afca766ab7073fa818ccc71af215a8039e7a33a1c7a10,170304,publishUpdate,anvil
121451ee2c55cc1c5de0bc40cf202f1339245fee89b6647604e04d9483879e9b,132602,reserveTicket,anvil
6a26c008e26dd16be3233f74f7d8b4141a2712909be157de64700307b9e5bacb,170304,publishUpdate,anvil
fc1ea229ad5b0ef0857ee209077b204a9fa1ccfe4efefc8bb3d5a1b7d0c50eb2,132602,reserveTicket,anvil
68ba87e245862ab29b40832eb7b9b54aea706cf5014fa0dfef3ec90cfd6fed24,170304,publishUpdate,anvil
db7eab333bc581d8d4030b4b7125899e042f392d8ed7fb8502183c6a36d0aa4c,132602,reserveTicket,anvil
fb8997cbc9381ae03aaf0f4a43abf2744d5b6f493675e913eecb2150d4666348,170304,publishUpdate,anvil
679ecf443be25e66e8ee86ae73313099441b496654d8a6a3bab10f9d9f70d28e,132602,reserveTicket,anvil
3c1933fb9dc2d48e516946400a23871628ba4d3d8cab98421e14f83d4689d432,170304,publishUpdate,anvil
e4d7cade661bbe990b3351ac68f8310471b3eee95c8323f29b38893d0da8b3ab,132602,reserveTicket,anvil
78db69730d89a02efee144fb079905908cad19c72bcdc92589c0cb2e1d0986ea,170304,publishUpdate,anvil
2a9e34d2f488ca60bc3a74a2d1e7034d1b78fdc287481f1154d01c0961e0de6b,132602,reserveTicket,anvil
d1b65d3a426ebed670f41bdc5d09d588f0e793870cd4b1c76a9d93f46eff96a4,170304,publishUpdate,anvil
339d7e89e72744506f7929c0aa46b6e554973531701928cb4ba098b6f2b2903e,132602,reserveTicket,anvil
af10811c1f03daed41edbbedc7975f932c94de1fc9c6cc917cb1cd4719b2f251,170292,publishUpdate,anvil
c6cba3ebee2de7e5583a639bc0e883282c4f3f5fcfb4551b88b14e32c49cf298,132602,reserveTicket,anvil
32e37a11f1073ec7627b264adb878257577ea73ec9d20de3775d9f117f1bcec4,170304,publishUpdate,anvil
67c137828279b46d173d72f557df16305f1241aebaeb7eeda5ed1e66e49cc9d3,132602,reserveTicket,anvil
4cb72ada0ad4468f08f51ec53762c95e5dbbb103e12d0ca7e9adea947a45d672,170292,publishUpdate,anvil
23f92ed11af5307c17ad04c61296554f76a62442a3341f3e1591c6076e1b89b8,132602,reserveTicket,anvil
7e3d82ce1c56ee11dbcdbcbc2dbc03a6497dc917f5b3f654f422d5f7489a9cea,170292,publishUpdate,anvil
d26886d9f466f76e5c27d8f5fb83b83524311857ecf6c077b82cb4c676d1790e,132602,reserveTicket,anvil
e50d8de8d4506411e919630ad4c938537a1ac2eccdf397fbd7631edb5ef1b475,170304,publishUpdate,anvil
e483c689515bd6baf5c2d4acda238d6b1594842f9917ad4b8367a9fec3afe59c,132602,reserveTicket,anvil
55ff9360d5a0af50211bca279776a67217f5ef5d72886c64b693833ae010daa3,170292,publishUpdate,anvil
3453b2e76895a7529fdab44bfb4ce33ba0f474d4925f40df3cbf47d28c9ede77,132602,reserveTicket,anvil
faaec4d4825f08ae154109e66620e38f0bca4ac6b7fb82254c1b6f69620d08e3,170304,publishUpdate,anvil
5a3e9e4fec78cbffff704742ed2b9f9851654353a5b531db82cec8fdd61253c2,132602,reserveTicket,anvil
3f65ece4bafa49c2e7733fb48375af389d765a9e84544d85f285ae09ae5ed69c,170304,publishUpdate,anvil
1e7e8a236b0a619c96d1471cd6e4db72f617d3e1de3cff2c7bc70b5a2c4ba762,132602,reserveTicket,anvil
e9d88b6150c9b72a7dd992d20b39f1eac49b2286eed47832167e529b1b9a063e,170304,publishUpdate,anvil
5ba8c0986b6a86edfbd6956b0851cda8616b1bde1f938db50bd957b431fa38a8,132602,reserveTicket,anvil
7efc46fe677b0ef05e84a873b94a9208d52a385e15de0a65f6d9caebbf8968f7,170304,publishUpdate,anvil
2df7e3a9d7e122630ca3c610f3a407f0283fda6a50d393d25777c1b595d385ae,132602,reserveTicket,anvil
44dff37567162993abeba2a16f96207886dbbaddd70ac7e1481da73cf5385d17,170304,publishUpdate,anvil
15747843cc2bd39dc542e657be92bc1bfe5c3f47a9da4a30da22a55bca5e016a,132602,reserveTicket,anvil
45657467d926d9e10b169d7dfc0a979fb9f9173523d48b750e4810feb27398f1,170304,publishUpdate,anvil
0b621e17b4a75eef8c924bf3daafdd1078d42ba507c21a9d2ef87d3a399937fc,5167417,finalizeRound,anvil
5fe31d722f2b866686ce1be01a7be086ef37ab793f75e69a8324059b81de2ab2,31256,fundRound,anvil
bac17bd2f2fda43757ca085b207602d497ef4483cb27a55470c2ac944b30ecc2,132602,reserveTicket,anvil
cb8f1e85db3fce89084465b8eb5348e8d72540a8b68a67afb03f799f9e6ddd2d,170292,publishUpdate,anvil
4671be73d0dbd3dd0beba76147fb8983e358875b453b47c2948012510d4c66d7,132602,reserveTicket,anvil
e0c8fcc4a27ad646171e2262d1b318e939d27889b3e6df7083c0c7783b1189b4,170304,publishUpdate,anvil
02a86a536ccf2175fc8880fccf510d5c20f59a767de47d18ee51f572d3e4ac93,132602,reserveTicket,anvil
2026f3e90fe37fa65166fdd7451838936c3a7d42157cf271ba1836715d5f4ed5,170304,publishUpdate,anvil
5797e6f6f4ec0a0e51a0a42929d85cd57e278b4e0d9f97696c0c69c2ee587375,132602,reserveTicket,anvil
6ab984ca53a5fc73ea5863b04693bf918230ca3c248f9e9b079d70fa6c7cbaea,170304,publishUpdate,anvil
c291adf1a2a917a220e0fd3c3b31f1578c1c0ad12c41605364b033c8476bbdce,132602,reserveTicket,anvil
39cb458cf26cc8c6275a376393fabb57a21c0dedfee28e727e1619db6de59ac7,170304,publishUpdate,anvil
5a7359265e285163345eecfaebd155bd1dbfa8ea245e0672bff4e381871b8ff8,132602,reserveTicket,anvil
1651040548087ccdcaef8d20af0f1a607f02afffe7da9f62cd92e04829e33b1f,170304,publishUpdate,anvil
94c54bddfbba80a245f4f3d931ae7801a1ad678298cec41cf40f2945481c037f,132602,reserveTicket,anvil
c175a3723799922ee2126c9c62ae1a6a42b1bb45cdd96dee27836061e00e3b66,170304,publishUpdate,anvil
e6f05ca8bbca16c3128ced415501a9b6c2c5128e1548818bdee85a44710afad5,132602,reserveTicket,anvil
a70d31da74a3fa75ab3c645ef162d315b5cb51258eb94d7b6b42e4e8eba431cc,170304,publishUpdate,anvil
4b1512c8042740e1f57f3e21707f1443e8a041892762e0883b1aec4d35a1cb35,132602,reserveTicket,anvil
ba48f0fee5cf4b58048a4d2e93a6afa40e2de4edf47d91456aba23f6b97ff337,170304,publishUpdate,anvil
6f06457b74e7a71af1ee25f90850448ef0f1b0608fdc83e170ca312b45bb179b,132602,reserveTicket,anvil
f9b2b1a3a30a6faf9c7f6f75d0b2448e29259beacdb562f1a9f1180ab854d2e3,170304,publishUpdate,anvil
f4d6cda9af7abd8c1a650299d3e2fb21dfd0803090a8237ae3818cf1a9f48adb,132602,reserveTicket,anvil
09318e48bc32aae8c97c348f3aaa08050685e4bb989af03dc5b4d095cdac4097,170304,publishUpdate,anvil
f0d2d5fd2ccc69422a0e635efc9de342cfc8128f94ef83715a67eee772689258,132602,reserveTicket,anvil
5ff5ab9997ccb4ae7a56fc26991cf56d14604ddf65248c8d2b2e619d558edc5f,170304,publishUpdate,anvil
7d9d654d023404c335ffc8bb69c62461d17c60d4b68adea8757dace5e9974a55,132602,reserveTicket,anvil
4c3f0c01c48dc7402da26cab24d7ba780d7f548f83a9c39394e5177040c57b6c,170304,publishUpdate,anvil
1420dc692be038a860a4794e932370a882bc0fd5c21fe7d313d2036b0a285c9c,132602,reserveTicket,anvil
ab065a8a1439a172fd78049346a3c44c31701238273417e41a7ef3a0339607ea,170304,publishUpdate,anvil
fb6db3faf24ab0e9de9929bd29301241c2eb386a53ae7b80f2e05db5e773fa1c,132602,reserveTicket,anvil
6448cd27d3a905d32ac7555254a5d99eb02f3fc153cb7efdd3a351bc76ab5220,170304,publishUpdate,anvil
5460f1ac1e5accc046c270c8acef2373911be3081c1877a501767c4e12a880c7,132602,reserveTicket,anvil
e55c5758da0853fb3a80d3741beabe54c107ad3067920bf320f9d17762fe5e09,170304,publishUpdate,anvil
f9cb1bdbeb6d176ddbefb42f246f25f4c018ca1d50d2025cc7ae5c1d6a5848a7,132602,reserveTicket,anvil
6545650a3f0de95c1f1d18079e57276d7a0b90cca4fe85d6ab848f37ed5e6c79,170304,publishUpdate,anvil
7651ab841f9fc09d94d081b5b31c9ec24abc1a1d6303296f27e2dde5e0db9fae,132602,reserveTicket,anvil
0fcbc1e97e192c803e90377b86121797d5a439283af8eee073daf08adc425f52,170304,publishUpdate,anvil
32417fb881b7fca6c8355e0c47ef871b581a416d7f92749c981d6655ea945d29,132602,reserveTicket,anvil
743d8277f06825949bab99c3f86cd6075a7fcac69847a5fe069b15aefa3c3969,170304,publishUpdate,anvil
76c6f73aed7539d3c34e584fff8512e05321d50c9d890ef24a9b0453a70e2469,132602,reserveTicket,anvil
b5ea7694f6e8ffbc3be7f2f23bc208c25a24b439969041b4a6ed3a9069027ad0,170304,publishUpdate,anvil
611b756032eccb436cdd10f70c138839eb34a816ee9a6aba75f87671b85688c2,132602,reserveTicket,anvil
6cb331783dece6d96ed098d01bc45b5270488915344170c50726f0d9c9dbe6ac,170304,publishUpdate,anvil
1a0288abe7e94cca50a9c7a09c2c464e88f95596e8bf1faf11307447004f90d2,132602,reserveTicket,anvil
a07c3772ad2a32152b636c4a2c5a30a87e5c8f1c62a37213c18680020780e99f,170304,publishUpdate,anvil
c10b9951f441af5f8ef5edfd53aff464e93511422584c643aae661a29212fa2a,132602,reserveTicket,anvil
46b8983e9ed080617e63db48b59e733b96465f829a45de07e685cee7308272af,170304,publishUpdate,anvil
a333e39d383a8416989dd919581d3b88fc2142e8fb05374c7f23db30018cb24c,132602,reserveTicket,anvil
5f394b7e4a010ac361c45a61e9c3fbb898d9dff9edb99626d6861e5e98b5cb19,170304,publishUpdate,anvil
a978db088dad4439debb9666d3deb5b804854f441d2b092d00aa8791c2bc8303,132602,reserveTicket,anvil
26f54f829b02c5ec9049a94ca15f08e3c9d702a7301ac1a867584c1386fdf895,170304,publishUpdate,anvil
c90855a095a3066e0d258c5310d942781e1dcd97190a306e109b962970172bef,132602,reserveTicket,anvil
ccd2c608857b106cc582e9b986036e2189ab74a0ef259af0c80aee7af585d965,170304,publishUpdate,anvil
91fc17aec7ffde1648ddcf564e715a3849c7603de4f0bc33e98d6dfb198c61f7,132602,reserveTicket,anvil
5ee624dc00fc727db23e3a6c856f0e13c98620c9271dfd70782d678f7d9cee8e,170304,publishUpdate,anvil
d35835186717eaf7022422f0f15ab04155fddbf33b9e729e6ae21013d21ac9de,132602,reserveTicket,anvil
a4c28b70cf9a771e11a48212eca43bbbe671d5a4bdeba19ddda5fd34cbaecefb,170304,publishUpdate,anvil
2ab3ea88e5091c76428c309f09fa52735359162ffdd9534f14448659170e7c2e,132602,reserveTicket,anvil
ed04920714c1597b78809fcc7e3f611d54fc6c2204acd02c8b15befa3a758729,170304,publishUpdate,anvil
4b27944fd23f189f1425d2e4c649dcaabc36f2f2fb6ad2a3a9d9340ade82746d,132602,reserveTicket,anvil
bc3cf1fb1d8659056fcf3db97bed285a09b1051562c42b8b47b850109f14fe47,170304,publishUpdate,anvil
ce32193889bbfc5511c57beb9b9de965e21a2091452b9d65c91eecab3d2e4e99,132602,reserveTicket,anvil
235bd19dbcc42b17615dd1e0a4e8176eea328dc5d0581dcb9fde199bd0a9db7f,170304,publishUpdate,anvil
373d9faeb10698e89b674ff97312b85e684ee794b45b35f4d87f6c9443359a65,132602,reserveTicket,anvil
5fe77c6cc38d4da0713a8a49766929b454af4e0d15de9f6fff73d920815609ba,170304,publishUpdate,anvil
34ebd8160312b73fd0c0fec39fcda471b8ae329d2efdd6d2f76b10c352b0dd03,132602,reserveTicket,anvil
dc118f1bc470cc86a9fcaf36a97de6f0ff05f0cca073dcae0156f5b19b274e17,170304,publishUpdate,anvil
3eae7d0e1703f54a4451a94e5898ce289de037d6a7b10471c5f0a547735719da,132602,reserveTicket,anvil
3d8d5f6228b7fff0507da748025e1fc6be8f68b2749a9498ca9f968e09228ba1,170304,publishUpdate,anvil
b8c6a5529dedbc9e7d9f2a637395eec7b71fbf84425a9b6eb82d5df3e605e340,132602,reserveTicket,anvil
dd90bc6096442acbc21b0635ef939199549879ecc4d5d94ffbe7a214188df8e0,170304,publishUpdate,anvil
d739e009f366e07aec12e673c9d62ff9d00290a72f02c2df164c3d65d64ffd2f,132602,reserveTicket,anvil
277507c2c7efc7f88b13ee25ae75a4acb072dce2b76667df0bd7801387cfa83c,170304,publishUpdate,anvil
6409a5e59d88e929f8a598af87b40ad304580bcf48496cb63142f25800dcfc33,132602,reserveTicket,anvil
77b5a9bef854eb73d5b1998d4e931304cc9ebdc94ea84383d05d8a1b872632b1,170304,publishUpdate,anvil
dfc93a9d2bdf91d4d841a8837a801abf7948f8ef5d0babe0344e48e2357ff7de,132602,reserveTicket,anvil
9225bafb19834e3d954a5efa3dc08f56650ac7fd1e4094a78ffd368f439c99b8,170304,publishUpdate,anvil
66d0de39b4276f37c59b0e7559daee8d90b3a8535205b86764c7f56f7b39dd51,132602,reserveTicket,anvil
21d005447dd5dbf167828e09ebbf7a7bbf1a06b0e104ef71012e6b513e6d2b4d,170304,publishUpdate,anvil
fccec88017e3297c8df5a3e7efbd1c2460d5cb0a468d63811d5b6f9a2304759a,132602,reserveTicket,anvil
77697a307e8368594fc4d75b8d923590948f23c9ec45e873c67626f3ab491c00,170304,publishUpdate,anvil
32b2aea75c7c4f29a27a8e66ab0169cae6b24b7ac8d2ec02bbae3521059a2955,132602,reserveTicket,anvil
e8816e4edf352842cb917deda0d98ccc3a749c2f21966a68f11395fab29536fd,170304,publishUpdate,anvil
f0201a0461cfd4ed13d527c2b421e0f157ef1e610a1da1e0c6802d809c834153,132602,reserveTicket,anvil
c7447ba2e80e1aeaa5dd48dcccf1a45aec9718ccba7885d05e14987f5a5b6a24,170304,publishUpdate,anvil
2f33dae8a2aeadaf3e75a970bf7475116d6d090ed98f680260444635eec530f2,132602,reserveTicket,anvil
2f601be1eaae9e973c7ec317a390468437a8269d0532eabfe0647241be58f398,170304,publishUpdate,anvil
0fcf18e3f119b7b05343b3b1d96a297751822193349895c596a9dc0697d88564,132602,reserveTicket,anvil
c51e6a665b87ca8f4ae99f5edd4e09cea550ed6349a56fb342909eff66768f76,170304,publishUpdate,anvil
7528f62a10a435fefdd127763926b048a3549e7cf8c9a320b3f0ad126fc8460b,132602,reserveTicket,anvil
ec12da629e7777f00ac49897043141f2c36266c7f49d31c7ddfbbbf3a5b60674,170304,publishUpdate,anvil
33c94294d2af484fe31589c9b02321195ebb81db14ac60c3654f2f9770d5525c,132602,reserveTicket,anvil
fbc0fcaaf0d2e0ca509b0417ba7e6d2f7f0382bda941f71a9f6ec9b316202833,170304,publishUpdate,anvil
6cfb558d5178527cb6c5f9aefcb043df20271bac29a2b5939af647524611e1d9,132602,reserveTicket,anvil
1f7a21cca769003d9d2b12d6489ad03c4330e76d1b2fb5312b651a9d4d5e50d0,170304,publishUpdate,anvil
c58e547f1866a052bf6e7ad3bae966657216ad8ef90c19cee00206dc48f4588c,132602,reserveTicket,anvil
0cb30612c407e46c684252a45b14b89aab2c5e9af0d2848352963681f1c2cbe9,170304,publishUpdate,anvil
aaad143d21136ac8973877bed9b7d08935d1da934258b057a4cb0801953adfd1,132602,reserveTicket,anvil
9f9004306e61dc29a5d794d5972783d4c65164291a1fc2d87d8949e3725f5226,170304,publishUpdate,anvil
0a862a2bb154647582b33f6b7820fcb7817846c022d6d4074e6dd53267ce2ce3,132602,reserveTicket,anvil
e2f264e8712b05b27eed2a037682943825f05e2f14493e764cd1abc17df6e083,170304,publishUpdate,anvil
edb177252d3e5ffacd60d0121dac1016bbc103b053fe950fef549b8f4386d75f,132602,reserveTicket,anvil
d87add1d89a7ed663aeb5e8e322f31bf594d5c73b3207a9795a4a5ed8be99964,170292,publishUpdate,anvil
412068ab63422d530d09d6f878a4ad90ef5df7a9c240cbdb566be1230a79fdbb,132602,reserveTicket,anvil
ddd516cf25d1a31cbecc91e555e0ddeeae7d08d69783f181b53d51d817c88a85,170304,publishUpdate,anvil
353f86415802cc524d9c99e9ce159e63557e6f6cc5bee37a794bfae5505e15f1,132602,reserveTicket,anvil
5d0a6c9de763fdb65fd08118f3eac44ab05cc2e5403f259223cb4a641edaa776,170304,publishUpdate,anvil
1106f3726eabe37c66e82fc4519adb9e599a94c5659bbe0fe4905c273aacfa6f,132602,reserveTicket,anvil
4df9547a097808ac3b4becc9237a4d6aa388badbaae449c4cfa68d74f6a67012,170304,publishUpdate,anvil
49f2896b706e1167ad86592609ff7c8d8c5a5b51922d9f067389d572ec88f659,132602,reserveTicket,anvil
db781d99de045d0e154f917fc288b7fcbb930d88aa0102f83ea1d2c9564e576b,170304,publishUpdate,anvil
7ae453a9c5fb0bdfaad727e5d6812d139c4625fe3beb71bf2c46a5db5418453c,132602,reserveTicket,anvil
9a6a8c554bc8903ff256c1f064c628e68f6f9b773149c6fa855b8359f2998fca,170304,publishUpdate,anvil
2f96cdf1b7942e668d365e9cf4568d8f2f8120fa5b3a236e92f0ef4aa05b7244,132602,reserveTicket,anvil
9543c5a6be4c75ff3b49a14a47c4b880136ad6ca8818cedb386d71348c7fef40,170304,publishUpdate,anvil
9141e8be70b7d07d200cb68a450e789329353a53a249a37db12559c74a97d920,132602,reserveTicket,anvil
cfac9eecfce169531a8552e240af201ab64cd53fa3fdd687e268e56ae1e3c89c,170304,publishUpdate,anvil
42abd5c4ba224b5f8ddceacae1f0bd8d2ae21cb2a235e0bc45cd94319b82bc95,132602,reserveTicket,anvil
c541b0f26d219fe0db9bf15fcfacb7a4cf59444daa1f8b0ff4e9d19737d74a92,170292,publishUpdate,anvil
2fb39ed5cf0ba63523c2c42ed7f10e235f9c78cd1f19ee5d79143dab5d80f572,132602,reserveTicket,anvil
44316fbacfb5682d28c52c0ed0cac5e5ff477d630e27e4ea1dc09fbbb4eff28f,170304,publishUpdate,anvil
a22c00c51458664cf68db82fb207c8f5dc07a8c92d48363e81848ecce31e04f5,132602,reserveTicket,anvil
3642bd1f85150dbe30e700862fc8bd833b2a93651bcf8c7169ff19945648c6ae,170292,publishUpdate,anvil
6e50fc834919ed0bc273e20c3d9a794d24ce085359c18b8c9f67fffdaec8ce8d,132602,reserveTicket,anvil
381f7d69351a79cfe9afa2b6d1765037a115c0a5d5c51e4bee064974dcac12b5,170304,publishUpdate,anvil
a4e3b7df63075fa821bf62f69671ffd9e1c2ae6add3e095d0832c96a550e61b0,132602,reserveTicket,anvil
98e4146294223403799ea220ca83d635385705babd37b1d12b1c2db4e53170db,170292,publishUpdate,anvil
8cfcb69eb6320b2099ea8082d64e8fb3aaa03df030b0e7747cca4031b9be5f9b,132602,reserveTicket,anvil
93620bbf2576ec7c64e5e7b3cae40a2a2fc4adfc68eaa3ca3fec8537c688058d,170304,publishUpdate,anvil
7fdb9351ead4af0ea823f93f32ba9f068450fcb2bc16e65190451d773a7475e8,132602,reserveTicket,anvil
6ae3eed9bfd7fd77aa2ca94c0affb61d49a8ed7ed796a9d45224abc39f8a469d,170304,publishUpdate,anvil
c9bb54ab45d20b7ca87bea6c4bc15591eb182df5c107ee08874d36bbaf88d608,132602,reserveTicket,anvil
8cdfa7956c145151da183f39284328c9b07adc357593e46b9d48a0d840a2975b,170304,publishUpdate,anvil
dfd7e89b18e9e6803a407b91ce44bd11f898cf59774a322ffac48aef827d5cd7,132602,reserveTicket,anvil
613bcd721d0cfdc4fd65f78b397fae7e713273af7c12637af3d39c1dba8e0d1c,170304,publishUpdate,anvil
21608b9bce07f9e65b4d6f735965737d3da1cc9831cd83e61a524c332939330b,132602,reserveTicket,anvil
8c240f14e0df385048518122187295e47e4b12585a9df7af5fedce1b9ff953d4,170292,publishUpdate,anvil
616c0b4214ef1e5453a6841dd40fdb8561f751c3e2da0893a7117bdcd982d685,132602,reserveTicket,anvil
c321c2ba57248ae7fb0c3385f2344ffe584e1e20892c1a82fa8f7f25bb05e004,170304,publishUpdate,anvil
bf44b132075e5e437d2936d728e38866972c921ec4793723a23080ba7d723995,132602,reserveTicket,anvil
fb35dae74d3c738b60fc5277451da8de990cb44edea46e39708294d7ee7a90b4,170304,publishUpdate,anvil
4e6f5e7393de3099932e4497620f9283d582813a57721e8df713c75b6b35385f,132602,reserveTicket,anvil
05e2bfa75e656fbe7f3a3b93bc859f5f9790f1ac43c791633cb4f8108c5a1766,170304,publishUpdate,anvil
dff050ed843b25917c443debd1367f1990008278f133b0ffb68c2ec964969ab1,132602,reserveTicket,anvil
a97816856521b5a8ec3caee27cb9c183e7c240416f3612957421b86580502346,170304,publishUpdate,anvil
3dc9af8f42621e570b0622169c1d9e50303ee2f259da22a8f8886d49c7745d3b,132602,reserveTicket,anvil
a8e9cbae344961d7888abec0608c670dbc4e99a4eaacc8ff7e3c394760ab2734,170304,publishUpdate,anvil
938b6f5591822df245dc45ae5b017323ebf468608bc1177ec5e769ea2815ee5e,132602,reserveTicket,anvil
1ca904362b6c4ea132e4211b628a5ff8a3b615da5e9e72a5de90af0b303d2b74,170304,publishUpdate,anvil
0a204f061c1ef009c817d797e59b17c536340468753086c63aeca0f639274d69,132602,reserveTicket,anvil
97f71336c4a88853b5837e81a69a2a47c4dc00c2e51405131636e3136e49b3b4,170304,publishUpdate,anvil
b78f13aef5352ca538f2babd117bc3488a2bff52741ac23df994cbe7c746e842,132602,reserveTicket,anvil
ab606925625d18a50a84b63ac262f6b647b706023e07939b00836d855ac95722,170304,publishUpdate,anvil
65cef7bc8a0072c1683a270dce089e40434bdeef83a4fefc176513ecfc4e0775,132602,reserveTicket,anvil
8115d3ba4db3f034d6b6ddf6c41662eafe63388e2b22124157f5973a6f04986f,170304,publishUpdate,anvil
62e19e54d7b58fe4ab37eb204ba011e38f7eb9980ca5949dff8681cb19ae6887,132602,reserveTicket,anvil
7de0aedcaeebf7c37532ef5d8d473916ee91b6e44718b945572ae39af86b7208,170304,publishUpdate,anvil
43c9cdb3bfd71fd297b82b4e758b7d1ac946d6beb33a74d5e69335533969ae68,132602,reserveTicket,anvil
09a8b22e966fbb50cceafd9e748003913d13fb29990aba68ae8ec1fd57eb30ae,170304,publishUpdate,anvil
539162e0c4d680ed4fb0343ba49c2cb79575db37f6456e5450828d519abb8e21,132602,reserveTicket,anvil
ed2d906c12dec7892c1c2e8c8c5aa5b8c24142d687f45f29cee5bf7a71b97b5f,170292,publishUpdate,anvil
63e21f70f17e6751eea083a5d55f395fc49b1222d960e7eea88a8b8c4f1902f3,132602,reserveTicket,anvil
26f76d208f35eb4508e3e33c54836f5c6755a86993953b00584cd94e53c4c112,170304,publishUpdate,anvil
ea1e7fcc95fba40133e8906a11b6b505edace132d85fd5e42b7027d649546d68,132602,reserveTicket,anvil
eab1d3a304a2a50e57a0463eabaa2a9f32d60dd4c9793c67110b974650b691bf,170304,publishUpdate,anvil
2fc9c48679ac568b24541201533cb2c43708fc861cc76555a622a2a3103c429e,132602,reserveTicket,anvil
11281af3ea4c4922fb28cf05c5025228a1fbf82e7e1b0b16121d8fa1f22740b1,170304,publishUpdate,anvil
8b9047769dfd3c94fd97ce7e51ce64206e0e7b4896da62d211f765480a35fd7b,132602,reserveTicket,anvil
295a4c1a3ac3492898936f5ca33e3b2bb3ad64f2b8841ea281b18f8bf7ad348c,170304,publishUpdate,anvil
5f8e90455b647af9dc660ed29827256f66982e9b451fbb4015f9b7ccf6795523,132602,reserveTicket,anvil
b2a493a372127373be8561781002e6c31a7688ac53b0dbb656eaf57c64860fc7,170304,publishUpdate,anvil
551d754f33669ea7486d58699d42d1ba01d40b39e2eaf6fd49504555e0bbd281,132602,reserveTicket,anvil
02b23f9e682216dc34a021a5c482b32db19fe6a6ef4950462bfe5a986f2fe6c7,170304,publishUpdate,anvil
adaba49fca66b3faad0c1d4ec8ef262946e683847170dba97994b967cf93fff5,132602,reserveTicket,anvil
da80c069ab67cb47a4ecd21da302e4139c110b7504b5e6dfb6b43e290b46b990,170304,publishUpdate,anvil
da165b590b0d9024ca738e80617e63fe8feb042a3f7b1f2478db47a56464afb7,132602,reserveTicket,anvil
091a970eb3be8553f32902ad57605d7f43c37f4720768a52d7e9b0b8e5be32c9,170304,publishUpdate,anvil
53a607c9761636a13e5dda28688affa52e5738eb8e1ab2aeff27c4ce73577111,132602,reserveTicket,anvil
3765c2b8d38b93a4d2585b5104ac0229b8a27869d2076f24878f049bdde6d8e6,170304,publishUpdate,anvil
c51948ae4b769621ead3e9f6fd75a6796a3dd2a531ab9c66fcb1b316192ab437,132602,reserveTicket,anvil
a6d16bd1632b08c3b0f731d59682c348709a24fe4c652d54f5fb032b992d346c,170304,publishUpdate,anvil
b6b6d5e3ba7b505d6f7f1a84c87652b1ded962fbcae304daba22695f48ce0c5e,132602,reserveTicket,anvil
dd1ffc4781533c0e451cb4c9b54254a43186c5267b76cde3292b5f7fd2ba7eed,170304,publishUpdate,anvil
4f7d3326dfe34ade45a51429bff15461ca9b413712dc02a1de38c398c570fdb4,132602,reserveTicket,anvil
3bcee9bcc538032f984286925671b5fdffc08621992a556a6b1f0686ac898e06,170292,publishUpdate,anvil
4e86c7070bec9a9f6f468349f40b664b47c0f691ad5828f3fcc9dacb0cdcebae,132602,reserveTicket,anvil
1cab166b016142a73fd2da7246bd1d4006b7acc3b70a7a4afe8f741dde3bb1b4,170304,publishUpdate,anvil
11108ce6217315453980e96113c1f60d31ab571992a3e94443f734a7ee9924b6,132602,reserveTicket,anvil
4cc70fff5bf030d26b40a03f53d6a8264337d26bf7a36417eb5782679f1ad978,170304,publishUpdate,anvil
bd0fc4805d561e42f8ddbd9c6ce43be10d45569df36fa3a8ced401c83a736849,132602,reserveTicket,anvil
d12251a6556a1379335f85551322e3afa5cf1adfdf909d4af623551c8e9ac057,170304,publishUpdate,anvil
14e600698f94d5f0fb7c0ff58a2801fc222b3bed59909a892eca0b3933209748,132602,reserveTicket,anvil
a834efef27a294aa3e0b8c9ca0a90e10bb69f6fa6b15769d2165637501b6b919,170304,publishUpdate,anvil
c1d295ae5c6ec168f15865944ff09364ff66646adc09f57b22f095859cee913c,132602,reserveTicket,anvil
3258b2d86599f6e6b8894658c57809f86d100b22adf80388bb28b1d110918344,170304,publishUpdate,anvil
48d6fe4303a53066d10aa6835e157c3b7b9548a10dc459674ae7bf962786a077,132602,reserveTicket,anvil
452f5e11808b696666c80afdffb82a5efbc6c9a55475b1df49efc900ce15942e,170304,publishUpdate,anvil
8e30bd94819119ab42b65e663275e93f8ab91733bc81026e54c2ed0dabdbad7c,132602,reserveTicket,anvil
c1d62b3b413d06d4db6fecbbc1e58fc901f77f55181559957fb75ec8bec81893,170304,publishUpdate,anvil
748278783c9596b3299eaa05d57dab6e00e25e8d6563af954f7eb39215f5346b,132602,reserveTicket,anvil
3776f8aef507fe3e772a679133360a05752676e4900024e9043096ee5ca49b05,170304,publishUpdate,anvil
0dc39455f0d3a19a1671bf3af98cc6238f3f0a2f9ee6618b28734c56b5e869d3,132602,reserveTicket,anvil
7f32f02e7214e128a4cb1c22cb33122f715594263d75fc54af7f303f9f9308a4,170292,publishUpdate,anvil
fec2c2451d516a9d653c510aa50191c3a4a80d9bca06af519bce37aef8aa15c1,132602,reserveTicket,anvil
fbb2181f18b4583477928d9d354c34c5a8ef9db5a8128f0b111dbbb84c00f23b,170304,publishUpdate,anvil
443805f1f5496bad41281b4c8f040c29e67fea1bd0c41bd4ab2befe7a5dc013e,132602,reserveTicket,anvil
a47675388e28e0492f59b2cc6f43be5cc85efac53ef0a2c24abbb3bd42452dca,170304,publishUpdate,anvil
4d8d55975471226fe3feda6183eaf34c12c61c2cd530c4c28a7809ebd944fdaa,132602,reserveTicket,anvil
7515c5244b56e2c31f87bd4aac619cb1649f60d40faf9a41af00ed62e32aba6b,170304,publishUpdate,anvil
d27ccd8fd327b5f53fe7d000f429b42ede66011846e0666b1f220d4d9073cb1c,132602,reserveTicket,anvil
482cc61a26aa51e35969f20b9e9955b414af2a524693a5602523fc7a8ad4d31f,170304,publishUpdate,anvil
78c177913d833c0991a54cf910164538f91c05b54816f3e6a5468c388b6a5b33,132602,reserveTicket,anvil
044fa92d0e608a54a372a8483ab6f7998a0db9ee23ef1cec55966c2d0e1c4b47,170304,publishUpdate,anvil
ade6c44decbf34a74fa7e2e816e061e92d79c8f6123e3fb0c32074b6581fa643,132602,reserveTicket,anvil
8c39b31c71d5caabfa2940a5a6cb84865a63915f13644b7c5ea6e9653ec56b8e,170304,publishUpdate,anvil
e9b9ebc4081dfb2bd1b94891ae433f3356580ee2e390482d940940672b688f12,132602,reserveTicket,anvil
78b6bb6be8daa1abe32c70e8765ca681407f774dc1f0a08f18fa55f50820bc0a,170304,publishUpdate,anvil
1d85c616802c56b8401756356ab6539af0b2cf482bbc1e8b5f6dcee2b96cfdb6,132602,reserveTicket,anvil
2ac1476fa622210a7e5f64c0eaca930fdcd7d3272df7a2f7bd16aaa6611e783a,170304,publishUpdate,anvil
6ae58da72d1ff75711763c1daf9319b81ed0eeba58871b4fceaf57b4b9d1a119,132602,reserveTicket,anvil
5e6d8c6a32b7141f338a451f8eb74f43a897da8ab03e80b52b38755de02d2e24,170292,publishUpdate,anvil
4628bcde2cc8503b86fbde7323ac2d2dd33bf1b1caa70dbbc4a77d7d921354e4,132602,reserveTicket,anvil
63e38fc02737f2425dd98083da9fc05f26e3bbe30029bd06c9826e6bd9d5ed3f,170304,publishUpdate,anvil
c0cef4b496a1f74633a9bb24d588d3fd9358b3753ee746a66e561225908cf937,132602,reserveTicket,anvil
2475991b4bd8e44126f4028348899bf0b27703ee7ac284033b9e961d70ef651c,170304,publishUpdate,anvil
0e232cf9c9312d6bcf3f6cc924026fceae5a321dd348ef987f814fa877dd7677,132602,reserveTicket,anvil
4f2cc28029383e7aeb5e520c3a5300c3ea3ec3a6947d9194e4adeefbb2699fc0,170304,publishUpdate,anvil
c085bd59aee983de79107b0f401ee2a715cff2c5357dd3ce61331a193e3c9352,132602,reserveTicket,anvil
3df12c866fd252fc5c0dd25031c411dc8cc33519da637eca7040b70959624e15,170304,publishUpdate,anvil
dc4766f22d3c229b2d709c0a0aea441311aebcbfd2c0ff829095f87c2d2d27d9,132602,reserveTicket,anvil
120f3b54f6dc839a480fa7be4fdd042bab8899fe68244aeb8ed76cbe92c70eca,170304,publishUpdate,anvil
c5a168e3fc3836437156bd49b345aa00180c123f88109171300d07855f53896b,132602,reserveTicket,anvil
35f7ab8ca556d1333cf53758b64a01b68dbe525806d9138e70a83b36d80f9ac0,170304,publishUpdate,anvil
eb514f87149600dd0bc9b1d9e32c3dba10adec1a7c41a4ae593d32a51cc1f755,132602,reserveTicket,anvil
d085efa4b17478ef3412332b75c737a23f4f2be4473db16d44dd2f6016b3a6bd,170304,publishUpdate,anvil
2c4604556363d1e0d1023200031ea6dd0668fbbce1893a946e80203ce62d2366,132602,reserveTicket,anvil
263b3ca6ecba7dd6e5a17b2827c03d26f9c8b0e41b0386abc35e131d8b92c7a7,170304,publishUpdate,anvil
54d59d7346d4a6a424f2c80b2ed9eb6b0b039c6e961fdfc57dd2177c20958493,132602,reserveTicket,anvil
33e966ecec0337f4ecadac5f8de4c080bd1e5f1b17478c19e4ad0ee4134a4ea2,170304,publishUpdate,anvil
679b8d92effe9d3a35bb46e349da7ebad8c139b22001653a94e95e0b31403f97,132602,reserveTicket,anvil
759decb3df650a6eb4c85d1e45b81517f4954f117815c332dd623e95c74270e0,170304,publishUpdate,anvil
f2ee7238238c2a8bfdd0dbf55172479150cd14c1b8f88edfbe05a714bf9ab8fb,132602,reserveTicket,anvil
0177b856927c2b784299f02a7a1e00d134a97cb6643559b2377f4890f080a0b6,170292,publishUpdate,anvil
186b62241027211c5a9fa250de82df41b7f8e19a23c43d0680fb18d703a732dc,132602,reserveTicket,anvil
f4d1a1d465ff1ded9d5cc9b2c130b98328b5f6a37f827dca98a03f690e3215d4,170304,publishUpdate,anvil
032dfd3f92f52c558e6c8d3e285112d7111f607177bbd8f047a516037b8506f8,132602,reserveTicket,anvil
c746e8373ff0f3da75dd52cfb315930f60c1cde6e74fbda5a0a036eee199c625,170304,publishUpdate,anvil
150d285270c74084a07011596758716ee213630ba07d4610863f23e8acce6b53,132602,reserveTicket,anvil
b531cf6bf634441a6835f78b35e37379e1214d3a19f7c15657f6d99d6dd09b6c,170292,publishUpdate,anvil
83e0352b5cc834dcc4365fe311fd0760b731e50f303952d4a7f9f80c89d28ee6,132602,reserveTicket,anvil
cd893ce7779739771362a846270bf91ff59c324e62695b464b7fc63c6880cfa5,170304,publishUpdate,anvil
f9a82e85a1dd6e12a833e6894c97557bb585be49c1e1d6c5313f902809484bab,132602,reserveTicket,anvil
d9cacdf2f0b3f56fb7d9cdc9cdd0026b61b8f2c551208dd1be83a83166b243f3,170304,publishUpdate,anvil
17bce84d252ac2a19052adbeffb239d3cdc2019c63e784de6d35e51b4e76ae83,132602,reserveTicket,anvil
12b92c7645e9d6e89fa9099885897df80843dbe50b0d76fdc24dc618e3e4b351,170304,publishUpdate,anvil
2facbc00551632014e424451a69476d9b09c4b287ff6c8a645ca0be8443819d0,132602,reserveTicket,anvil
92b54f9f676f932352ae745e04bb5a73138a573cfcc1f54731456d3a4628f530,170304,publishUpdate,anvil
593f45a74a7f94fb8e1e6a708044f6e247ef4b1e50b4d7f0c47ffc71987b9edb,132602,reserveTicket,anvil
c422a525e20506c3c278d28cda78bf9739e1ce2a651c72ab78c756adc5b31ca1,170292,publishUpdate,anvil
d8244644c7f96ec595b2fd70b70ad3007325aa3f81a4f89fe6ede579a7140022,132602,reserveTicket,anvil
df1e28003ebc7dd97ba8760be58170bd4111631af21e715c06b3747da34acf29,170304,publishUpdate,anvil
69d92103bc32c82defe080365a59d67043c3e25a8b1a44e5599fe385fa01f696,132602,reserveTicket,anvil
8201f0567b8b8121c44e3629be64e4e0a02ce696a7cb76ad7366d2df833eb35d,170292,publishUpdate,anvil
0004c2a2a5c172b63d8d9228169bab3b23bf6d422c2b0438794f275ae1c85669,132602,reserveTicket,anvil
f5fb0632b38182aa932b12f358530fef165817fd377eaea455f1ac9ad0500dad,170304,publishUpdate,anvil
1ddeab84187719f4107e3290d8dd3cba53ad56edbae72930670ee4dec2d8663f,132602,reserveTicket,anvil
d8beebda22f2fe5247dd107b407cfb09aca31784e36f86dbd7b8d4a189ab381b,170304,publishUpdate,anvil
27341d43732424538237e0060d8f34988601dcab5a7ef032e6ae1b0901ad86ea,132602,reserveTicket,anvil
13cdb2d0e82b7f785879d0c77e017fe8f7a20b2f9af52427037049fec460da66,170304,publishUpdate,anvil
6d900dbde37a92cc2811a2a06813e82ba9bd1e6b4a2869a540dea00d1dafa6fb,132602,reserveTicket,anvil
3988d62e224cbb4d7e5bf563cc072f304048df2552c043175f7bd314ffced570,170304,publishUpdate,anvil
18f1ee0cdef5d768dcecd2175a37550c57e677b52c9d7df0bfd77fd60e213d03,132602,reserveTicket,anvil
5d40b7f36b05acf46b635493f3613633f0d2278227a43e87febfb63dbaae911a,170304,publishUpdate,anvil
f6e0294ebd95a88f98cf96c6a0c4be63ba04a7da28d8b1c0067039c4d48bcc9d,132602,reserveTicket,anvil
5d65f616088beb07c21da8921c08290be21482daa7f5e12f73c68fe7889e8ac8,170304,publishUpdate,anvil
30e20201e11e24a620926ed9dc57e2da926f3a9f10727795b812916c44461bc6,132602,reserveTicket,anvil
bde97c63fb70fc2a9fca760b77aced722a80db10f05a33e66ded0f56deedf283,170304,publishUpdate,anvil
7bd1dcda1a587dfb8de08d9cf6846817d94d5e3ef07974abe5a68ffd4d9c6aed,132602,reserveTicket,anvil
0f8bc6b003175403dc79a2dd0b0cf2086c83eab959ed3d7df2c5c19c0bb3f1f9,170304,publishUpdate,anvil
19fa0dab8ff47be3ebfe3bd843d6316ea99b537de0dd5416aeb3b2d889c2cde3,132602,reserveTicket,anvil
abf88cfd02afb4585b41d166f80ca57ff9d03b80a35f3eb5a20f4817d2c3455c,170304,publishUpdate,anvil
361d6a4edf9be62d433ac87dcf46e9c23c18d2b5d9d4f1194ec4d344ff5019d4,132602,reserveTicket,anvil
a452358fa072a380073b66d028a9b4ccbadc7185d1674406a0bd822736234b79,170304,publishUpdate,anvil
bd972d97345f7e48e6ce0214811b09ff744b22f266eb782eddd745dc6502f8f7,132602,reserveTicket,anvil
d545aae933d6fb161e5d4d97050afa5fba6933924748f924591880372bdd91e1,170304,publishUpdate,anvil
8eb2499a95795bc49769e7b9af812112b212ab738cab45484499348c865ccc60,132602,reserveTicket,anvil
afa68061cf3f80b56aee645aa6b1e9a64bacf261a5e0047c1a409d51db633214,170304,publishUpdate,anvil
aca5480fa6821aaed57cf44baa19c8f8ceb58a38b76a7b4090b7c577c0b088f1,132602,reserveTicket,anvil
d35cc34d0fd9f95e84e58b4eed93a12998e68160b9dcf4e50138670932979bd8,170292,publishUpdate,anvil
403a1640cf5e3830b2000b45ee14205859cb87361e8a3a282b461ba0276b605a,132602,reserveTicket,anvil
929df1756fd561643321f531154d7ad13d79d16ea2579fa2e233aa837b00998c,170304,publishUpdate,anvil
da95b5b94d8e320a564df831a04e79a5130f93cfe68c887e7aadb7dc1e4fc1b8,132602,reserveTicket,anvil
8e7f98a5c012572866fd24ceb4a7e680e56f8ac91e19e72787b40ffe8ea1e0d0,170304,publishUpdate,anvil
81b480e4b2a0d58f0b060f7b02a419c5017e57b52ad0302f5731188b606434e3,132602,reserveTicket,anvil
f67040e23521031ffa99e9f4b59b395422ab37290edb339499a874b8de841651,170304,publishUpdate,anvil
dabd09f513a4e6c102fd85f3e8bf605490eaa1957097a72e9173ba0cf6265c30,132602,reserveTicket,anvil
0e5035643743723c7159cd9826fe42abccd61833b24baabadf3d277437cbc307,170304,publishUpdate,anvil
48084f57de4219aeab11916a8bee406d0b3b8b0ef06e992bc0fecd9cd4ad61e7,132602,reserveTicket,anvil
2973f4102fe8e77fe92c15b871424bfe72ba3dd85980136464f0e8920efe2e0f,170304,publishUpdate,anvil
03c64b8b1ff25c084dd859bdb1ab057876f2b3e2f94dc4de804f56167f309ece,132602,reserveTicket,anvil
c4054093b0204e269d356e5fd2a36604846bba80b4f7caf6a9de4c126a95979d,170304,publishUpdate,anvil
647a39d1e68f7cc7d31c4a57ea2011eb7e5e9aec76a06ab94943164ff597c936,5162593,finalizeRound,anvil
0a7814da00d0d537bec1872427aa468fb034254daefba2c5a3554cdd32097688,48356,fundRound,anvil
4c849857b815cc9246db2135e386cfab22385a2735b78c45779e4a52d2bf872f,132602,reserveTicket,anvil
aa490416892ade6322b856818d5f7314dcc866f811fdf3327e5076328a9ba77b,170304,publishUpdate,anvil
85e869280bfa46aed7bfb54f4f71c1e75f12c4d64e5c6e936675be6aa22990ab,132602,reserveTicket,anvil
f7d02b9f69127ded9cccf1243972a6b18b2fb1a9eb686bbd863834e41b441119,170304,publishUpdate,anvil
583d0f66a8fe94bb0ea609feef063c9389adccdd236c733c3e5817673b743ac7,132602,reserveTicket,anvil
26b81ed40aef132676c7edcbd515cdea2e801c351a2977a567d2e8b8f32322f9,170304,publishUpdate,anvil
3c529bd2df1eedfa1f29cc96d27c32023a7ced068410ea30bd0c215f74e254dc,132602,reserveTicket,anvil
848e3f2358be5f020bad3a2246b89170b20749b7296f1c976d216add52b198fa,170292,publishUpdate,anvil
97a86a4427f45697e1b755f22cee7b6f1a050180d6445d331643ac392da6d507,132602,reserveTicket,anvil
0e17ab995c62fc24fcc19ae026a920ff1853d0e1df0b537c8f148cc7fa094162,170292,publishUpdate,anvil
145e60912e56e5882cdc0a10558c53eec78e46d26cd4b0f0b70fac0ea708f0af,132602,reserveTicket,anvil
fb40d83cc034fd06abf1e1a46b2db396409cae32060650abc15f5b3299be7cde,170304,publishUpdate,anvil
4fce832cbd9d6e659fda0543e100052ece6377dcb156dae17cbb60f4e6406f81,132602,reserveTicket,anvil
4a37462e50b0ae67c5edea5a506046552b81fe89250ab03edd6b3844324a6e16,170304,publishUpdate,anvil
dc37a1a0b2e065fa84fe6c415fc185d6c53887755a8cc685c125c4aa627a11b4,132602,reserveTicket,anvil
70731da4a88d5d791bf6e061edcd41303e4cdcf7e6338e3ee29a73f3dba94046,170304,publishUpdate,anvil
a4e0c0313d3257c674754b319dca091839cfc4dddb562a496cdb717d261750fe,132602,reserveTicket,anvil
fcc701c05faba5e9e18a60e0aa43c71a3579ec5c70a22d46cb175a4f0fca475b,170304,publishUpdate,anvil
7c0ef41d71135b10e2a620b51a3a48738e01de50ad0a72cdf712a6f9a8847a02,132602,reserveTicket,anvil
d771c4839b691ffb155d4784824dd265b1bab5786b4c494b09cbb404dd9a2a08,170304,publishUpdate,anvil
513260d225f99e00dd7f87e4ed830e4870c519d657a3cc84ce52517d4f6d1a21,132602,reserveTicket,anvil
e7f20e8761aa405fea2b251fbc5c7b55e2871c5de8c9be77b31ea200f7a282c2,170304,publishUpdate,anvil
96c8a3c23d66f6b16d1ce1fd4274c3727edc89c73c62149e38b20c0816852356,132602,reserveTicket,anvil
dcd0929b094b4af55ecb50fc17939e5cb5c0c18b43bc5ac1143bc9bf5419ac0d,170304,publishUpdate,anvil
f023ebdaef1e1effc2cc853a1e3c604aa6110d4b708e7f91c29f312ba58bf9b8,132602,reserveTicket,anvil
51f9e041aac27ccdb2e81621e14248cc77474788ddfda1c26e99ec41f997cb72,170304,publishUpdate,anvil
f004a7c7f13445b36efab016213bb2aadc7afed06ee031210ea17ed7f30bfd9a,132602,reserveTicket,anvil
5a5f39f01e15b214fe60e5c6ce45e719ab899fe146a8394d46b6bee591e8251e,170304,publishUpdate,anvil
69155a35ab4e2a48795e044d02949cc8827dd0b4015fa5e379f4fe838cb87675,132602,reserveTicket,anvil
6acc8301fcd199ad4454181ae88da9308da91ae7cdb0eb32de1138008e4275a9,170304,publishUpdate,anvil
de88270ec015b6b08463119631506b087f6d6908826a518945ad54cf201a0180,132602,reserveTicket,anvil
9a693842cbf138b27468f5503ab8e387809a9d05314c729b5bf7c73c775227cd,170304,publishUpdate,anvil
03dbaa419270e0f45c151efe17125d36625390a99c94bdfb9e04fce34a723c64,132602,reserveTicket,anvil
46762da8d6d864e66c51a98038dd43d50076b7d34b7d865ff55461957418f7b2,170304,publishUpdate,anvil
81b1a091eb94d5ef72c0a802b23a74908059245bde59b9945fa6cf911db2e6f6,132602,reserveTicket,anvil
d9fdce89d9fbcc586246d47fe8dfc387b82c769318d8fb2d603e08d515e7caa3,170304,publishUpdate,anvil
9d957f7e6e0ee9b2ad9e3d161cfd529ee4b625ba67092f33f2ddefe0b937d42a,132602,reserveTicket,anvil
7d58edfa13e3ad1fc1f8199719ccab6954b77a7a8b4c8c0a29a29cdd04a19b4e,170304,publishUpdate,anvil
87dc5908156137d12bdadf35b294fe654af2fc69763be959578f8d071c9262e1,132602,reserveTicket,anvil
8e1223e6620773204628f52161cea75f04037e03f6b01c43b93da439c7fd456a,170304,publishUpdate,anvil
98c06898d07d572283e06521b32f05034abe6e63e2b8817427ee25713b962c2b,132602,reserveTicket,anvil
0f23b31bcfcb212f6885bb12ba900deaff6ed129e5eedad2f1f73e2afcabf916,170304,publishUpdate,anvil
c92261abed8351956b00fdadf4c33237398adac3ea92ad3f4308485fb1129232,132602,reserveTicket,anvil
99553bad8a7951904b7f7e3824e1f07a50b2948eab8ea19f79b6434c6807ad44,170304,publishUpdate,anvil
87953fb6325fd84fdb1bf8cb61e0b47e16559a3284301ec2bf188203428ab0e9,132602,reserveTicket,anvil
a5d843df369c82c1b704648bb25de507ece483b4ed8e200ebd46c36247e5c968,170304,publishUpdate,anvil
7392692fe17ea440b271af80623d696f7fe6dd85331b1b8546c985a0f40d6d78,132602,reserveTicket,anvil
31f9ece92d39160c0f9737bdd8b019de78bf21d3d1b0618bc7a3b11dfa973585,170304,publishUpdate,anvil
a74c0b482c2504273d41dd50a21a518cf2d325504086ecf308f6f3b7377c0a49,132602,reserveTicket,anvil
3100ecbff0fa9bfc4f6d098e5a938e3ba6c27a6001db5774ace10fa972288889,170304,publishUpdate,anvil
b225f8fbb45504c60e3aea1137a4fc59e27eac15691a5d3960bb9d801f564f8b,132602,reserveTicket,anvil
1b641ca5d27e022c954c2c30020bbcde1b60321f828f9cccf7ea9c14b46ad0de,170292,publishUpdate,anvil
b8c8b00776ccd4024dda426bfa2b05b8dda6843a3f0960abe52a7f3a077fd8ec,132602,reserveTicket,anvil
dfa25786473b705c236a59f42e28d1fe21eedc6601b63b6856c30ccb0c1f6ebd,170304,publishUpdate,anvil
76068e8935a2192e8c12c410507e3a7147ffeed01f1f846e6089c7c59e8063b5,132602,reserveTicket,anvil
682159c24b6cf707b11d80cf9d60136bda5e81c780c4254a79054ba7fe7b7bc0,170304,publishUpdate,anvil
9abe344cecbe786824152ad98643f2673693af8b10aff6e8c66bf473dacdfc0a,132602,reserveTicket,anvil
126cc31fb22ce06708279d5abd3f0c15c6244dc2993b45486965b9801be3d4a9,170304,publishUpdate,anvil
4ddc870a78b4b51e9735bb38a451739280901b4c7549bbf0cf0b9907d53baea6,132602,reserveTicket,anvil
5b2bd969d5f20940e4ff6c8beb20c21d5aaeeed1f7aa3877b7b1378baf2013a8,170304,publishUpdate,anvil
5ea0a9eb1c40281d3daf0874a825cc08accb15dd0ee6777279de779c7f1c43af,132602,reserveTicket,anvil
738b83422d82f9dbeb2bc89dc3cbe80a79a546130e9b345b524a6eb69ad4639b,170304,publishUpdate,anvil
ae00f0cbf71f6e2f1ad50b669b9198cb9956b627bbb63e96ae541b43e9db195c,132602,reserveTicket,anvil
8e430017265f754d55b74716a8b37c6b54d97e815e26eb303e63f4b1db0f855c,170304,publishUpdate,anvil
e6e35a9737ffb0b98eedabc680017245388bb41325558db7e9de1a69877672fd,132602,reserveTicket,anvil
6cbfc502f524d872cc5976b759a4b5644a93dce507ead16639ae1813467e56c3,170292,publishUpdate,anvil
48c2719ce30f06659433c903a9b89cfdee3824b1dc65565c5e9e65064ea1846a,132602,reserveTicket,anvil
9fc8b4e60edd9b7c163c8539565b6052502908fd6bc6d87984aa707900a70698,170304,publishUpdate,anvil
c25899337712a6851a5ebc1b81a46afc4785b75b4a8a405cf324e0ac6a439af6,132602,reserveTicket,anvil
6b032e404bdc195b9fbb6f62c249dae52965968cc56f940b7923ba75b11991ee,170304,publishUpdate,anvil
f4e2ae3eeed0fe577345c3b3c0bb8a9baeaf47316dcdf561a216cc68da463db3,132602,reserveTicket,anvil
544dbc5cbd8de7203e334253183e1f45a631d668633c20cff0fdb98d0e47822e,170304,publishUpdate,anvil
f67cefe94921e2bcea9b001dab9162292fae2de3e2660152af55d085ec9dacfb,132602,reserveTicket,anvil
aed8596ccdc229a79e7ef6d2feb346e1d59f435a915442a172a1fc17d97fe585,170304,publishUpdate,anvil
de58bdada13cfe7fdc82855aa437e473a8e33fccd6e16c8aac05dc2e1872f9d9,132602,reserveTicket,anvil
d667b6f2cea1dbc09a5f0503f321d1edbaf030768b31c4abbe0a16bd46ecfc0a,170304,publishUpdate,anvil
902f1e500a84b4f519276b7a4a66dd9f35e3ad90cd8dc948d780be242c6d6de4,132602,reserveTicket,anvil
79a0f29f4bf2684734fe02dead5a126d99dea7094ec55ee0df1d6a2d2c7c2065,170304,publishUpdate,anvil
a1e9a43ec736ea292daf04355403370a422f02ee7990f50693106a6864379276,132602,reserveTicket,anvil
be3f7482527cfceb72a0efee68f6bb60ce242b2687f1d6b69a548d3569e55763,170292,publishUpdate,anvil
285cacafcffd80bebe1981028173c6fc0507d7efb3a392b221d4ecced6c5cb37,132602,reserveTicket,anvil
61cc5411de6c9713206ffce84081440c69a86e454601f4228c716a3a448fd99c,170292,publishUpdate,anvil
197b6243570d2288e5d689d3ad9a6f213f7227fcb63777f81db8b3f0ea1c9a70,132602,reserveTicket,anvil
13166601d13876c747afeefa74446a69396b821599a64b2136993830ff79cf30,170304,publishUpdate,anvil
452a712f67a44621814bc3c752d8ecdf905e3c18047ea646df0801a64c108c2e,132602,reserveTicket,anvil
441c0cef2add72b242ef30b733026dd65e854682f1e6d0a7f91a1154d814a18c,170304,publishUpdate,anvil
98bc86f466c8f18610027ef7ff3cef8753f158a04dc36d3048304e416b42f638,132602,reserveTicket,anvil
fa9a15409aeb0e882951856ef4f1649204c60fbf8861e806a08c5f633058c40a,170304,publishUpdate,anvil
4865895f23f0ac4b8b917b2aae086da911571e4074d0bc4c553a045b56f0ac9a,132602,reserveTicket,anvil
cd082344219c384c81e090b2f1c848f5b677e68a05a9b4a5f1cc8abbb0387676,170304,publishUpdate,anvil
287bcf1da9eb8b55e883e419128408e6abf1b1df0fe97e7e87bb9c87069874c4,132602,reserveTicket,anvil
98348b0e01e6f786ab4ad9e30ecd438efa4f723992aabdb86f54f79dec87af9c,170304,publishUpdate,anvil
0b358719409147308b7423d1bdd8477d76259fdfbb7f1990813c472c9b518f11,132602,reserveTicket,anvil
ae253f2ad67d2e3e9955ea3c13964d0cc402c14907b6dfc08b80819e4b47f6c8,170292,publishUpdate,anvil
8954e78be00ce75384a2f0f3e6424e87ec99f4515554ab2b639238c19ae2eb69,132602,reserveTicket,anvil
9acdd0457f750411651c9e9959ae5576d91d204930e364bda13ed6289c0a40cc,170304,publishUpdate,anvil
76db0c1819a69fad1c1b1d8b3b2a9573800b91bd41c3ba3eeab6c14f2ebdf48e,132602,reserveTicket,anvil
6f938b773780870664b69e769108208fc73b9a9524a430014cd91934ba0ece74,170280,publishUpdate,anvil
9d16464d99afec6db1d525a0db4f2a229dc20bb2785486084e2bd429aceaf8d6,132602,reserveTicket,anvil
942c35f4100182db978896f69acf491ae6113183d6c1d1480794225e92f70851,170292,publishUpdate,anvil
2a507f800c564239d2a8b56b799339800e183c9a06388843a616095b4afd15c4,132602,reserveTicket,anvil
c03366e80c3ff59d468a8d86c554c420e44eedc00dbb1798c217830aae5f8d5a,170304,publishUpdate,anvil
3ef2d0ed9c23fa126a16ffc103867ee580b37c7710d048473372b126d85a7fa8,132602,reserveTicket,anvil
b32ae65ebd6836c1b6893c1e19c2e113e58d01b8841c256293612b15ecba26d3,170304,publishUpdate,anvil
75ded64b3ad174c2d1508b3fea175649a32f908021ab43195e739e336ed0aae0,132602,reserveTicket,anvil
1724be79230c46b2c36781a101d1bb014be6f900a8969885b430ec3be9235485,170280,publishUpdate,anvil
ea436c6327ad1485529bdec29e37ae75327458719fee4eaeb52496c77af84918,132602,reserveTicket,anvil
70b2b0459c854b869dbee43629ddfaf49fea563fc78327822146befb75006fd8,170304,publishUpdate,anvil
2b4c9c8efa8c949ba452dd30c70a001602546cdbf83c63ac8595da946b0f9ed3,132602,reserveTicket,anvil
dcf4c8fe29ccc28b1bfe758aebd40d884495ea2f9be2d1d0641e1318f1a20610,170304,publishUpdate,anvil
7b1d589f2d1780dcbaa75c865d0c533f96f299e1852b6fa3ca94cf4e55dc478f,132602,reserveTicket,anvil
98c6121449c602c7535aef17ab972c45c4395cb91813ca3632dbce142d0cd32e,170304,publishUpdate,anvil
79037106e352116f7957a88b28472dfa56a9ee4fe974dae6a5f006947cf0ad5a,132602,reserveTicket,anvil
f40028bd35c070e6792475b27458adc6c3f777862fadd80a268c2c3591a3d6d3,170304,publishUpdate,anvil
adeb5e655753d87f3e1cd93f6b4d720e911ecce3183f6c4d6420cd608ca31ae8,132602,reserveTicket,anvil
90840f8577fcb5c05a1c10b4c4fa03606b10e6ae20ff66f7f9c7a8309131ce52,170304,publishUpdate,anvil
ac0c1bd406dbfb2e9881e341e2bbd0cedc018f0275e3d1ee07d9cecb442bc065,132602,reserveTicket,anvil
4892cc471f02e333f8ae9638237facb6e8817adcd4a1a0f926f453407b2449e5,170304,publishUpdate,anvil
006b155dce95174d6c834fee0db607f46f549e80a510a0cd4f8ca5b726268597,132602,reserveTicket,anvil
52a67d35701b4cd797f8bb14cffe8022232a9f0c7b393b8dced55b2a929b10a6,170292,publishUpdate,anvil
61f616e7f12ea7595a8991c63bfd0dc52469c71258152dc9f84e64a7482460c3,132602,reserveTicket,anvil
b46d69d000881210684add2b23f2b0869d36bf22c8abea50dcaa4f5432834a7d,170280,publishUpdate,anvil
b3a915df4f4ab7ad4ea86b57be1dcb1e3381818fa9dcdd6038dfd8547fddf049,132602,reserveTicket,anvil
7e333d92392325c8498bf39deef6a820be105327d9e57bac9cfb5d40d5a961e9,170304,publishUpdate,anvil
ae9801513d861f03b68447a68229d2896c9b60721b91acb50a241e94b316a426,132602,reserveTicket,anvil
c3865286a955a67f525c67eecfc635235d1ed36861de890698bbdbc226ff84bc,170304,publishUpdate,anvil
a4d4b22c3faed0611ebd782412f77a8c2490fbcc5ccec19cc12879c8d34e27d1,132602,reserveTicket,anvil
d74ba0a6ab477abea9dcd7deb59dcb1c1a92aea73fcb0ac45b1ce6db74b2b627,170304,publishUpdate,anvil
ee2e519646dcacf787df5027f6d2757f649e41ea14acf6ed242d513b2591af29,132602,reserveTicket,anvil
1ae1d905d91bd009ee349ecf4e7d2b934fa3101a6565e155365c6a105053f46a,170304,publishUpdate,anvil
5643305a033d269056e7395cfab11a8f4346205c5f8a0ec59398385ece62b431,132602,reserveTicket,anvil
43ddb4bb3bd4782b0383e5ee82f7c1764eb9d14baad5b1bc0f68f377272c0092,170304,publishUpdate,anvil
ce37f57e743e55b95079c7df1b0d2126a246fa2bfc45dfc2fbb94a004e620e84,132602,reserveTicket,anvil
0e81b8a3488a8fd97d8ad1798e3bf24ba778a867f8025924b3b3209881ca23bb,170304,publishUpdate,anvil
a3c032c160d42f804ebd75827886cc8e9f20d889087ce0cde5699d9cc509267c,132602,reserveTicket,anvil
711288d4aeffae986f291092c2c0f8ce7687440323d0299e07a6482ac12002e7,170304,publishUpdate,anvil
09952c401379adf6e34991d6ed9bc4e69004511a183d5a2e419d053fd115f446,132602,reserveTicket,anvil
ceef13f7d65a298e6b78e6744e9532c1d17e2a454b64c4db5aae2e647548a984,170304,publishUpdate,anvil
eb09faae8f5e69ff607669f7fc8bfe5fef60461299ffa128f4d2c5214edb6961,132602,reserveTicket,anvil
9430daec1e72d399a9ed3de687d79ef802ae51722733842d175fa0521aab2932,170292,publishUpdate,anvil
9932e67cb3e2bdd2c4a5b7ad516ebce8c8d507f165211e0d81b7b38cd304edc4,132602,reserveTicket,anvil
43fab7dbf034f72e5686ebfd02d061614093ecd2ebc249d217e1f56ce33de5c4,170304,publishUpdate,anvil
e85992ce15aaeaeb35e54950126dd6da8afd087e7d2b520075cec8bf7cfb06fb,132602,reserveTicket,anvil
abe7b141b6fae3ae464831763266e0972ecee89fd1ec7d79b9b7e0f56dbd481b,170304,publishUpdate,anvil
d75c3b30ee56e3816c2947ccff21f58aa8a25cf165354e8c955ea7d2d330247c,132602,reserveTicket,anvil
395a3a6e732cb405e1eaa685c7c48252eb33c3293585bbb0d08a0dd52b2c287d,170304,publishUpdate,anvil
eca71c6cc85a1a18d284da1cfda053a7f88f96b5836c6f8dfca8562f354fbfa2,132602,reserveTicket,anvil
6a8e0a5c4912f979eb29a5cd60d155da08eb28d31efb200ee5ac936ae066d455,170304,publishUpdate,anvil
9e499424a082c211a073681398446a4bb2e9a7f23d000bfd7e32eafe61f4b242,132602,reserveTicket,anvil
5c5f2fd0364ec06ab7aa6855f0802c5e06430e0f8697bad247f4920985cb65f2,170304,publishUpdate,anvil
ce2312cba4a7b266991afe9c953b7d75cad5cf0839724ee1b9efc1df18f55e3a,132602,reserveTicket,anvil
0ab8d289c17ca27821a4a5f4b0462ac58ae41e2d6f4adac3b075b2cf88f448d2,170304,publishUpdate,anvil
9da229b76dc95ec6682c78374c06d173eda3283f31098615f231b3ffd8e86032,132602,reserveTicket,anvil
feccc123450b78d17c6b134c41df0b63dafbf02830816fc61aab6d8bf0105f85,170304,publishUpdate,anvil
cddfbb489aae9145465233d4d4532c4f46a5c0972fb4d7fde2c6a93858924269,132602,reserveTicket,anvil
b4935d6e81f00bbb502e80b592cc93f0d07b33ae5262450224382794a5326710,170304,publishUpdate,anvil
478152967ec3d692aee218445afc56403ed2545e2464541194fa9a9e4be000c4,132602,reserveTicket,anvil
f38f6a12c9d70569b07032987da19d55f26aced1b3a8bba6c77f273a8b650e52,170304,publishUpdate,anvil
0fa523cc5f4fa21613a9a7951758f91c088bfc4c9b02c7d93c3fe260f9022197,132602,reserveTicket,anvil
9336054781f359a276afccab1e9f6d2d205ffe462fcd3acc9fa7c29bef1bc624,170304,publishUpdate,anvil
17b9932c06825f90d7e02a73ee0f0244ea5cda32d5539bb95b376c26cda9a859,132602,reserveTicket,anvil
bb8c5e98d6abc5584e79756c79c6c0b9c829af3c06bbd084efc062cd4422d3b1,170304,publishUpdate,anvil
2d01a49cca4799a1e834f9506676f632d59c942005fe4db39584d0dad1c7f6ac,132602,reserveTicket,anvil
d7f30da27c573661b6dfd9e83fd7f77b5d40838b072be3ce2626346b6a7fd8c5,170304,publishUpdate,anvil
2b49ec71b22d210f117709c053b704aa996465cc6a41262bfc822ef553a217ca,132602,reserveTicket,anvil
ff56196d0d9b704c870d5ffba01a1847c2a9f3d192918f939e4ad42715d1aa9a,170292,publishUpdate,anvil
30d690d33bab09f01160929fe38125368554b3d435251994c57ceeac279141e4,132602,reserveTicket,anvil
2558deebc26639da0fd79d5e348ec4399478fd2702101322320e0b95ce10d316,170292,publishUpdate,anvil
99083650d4ad75001a9a99f0611520835e8a6f970c84f1555dd2363a1d06c0b1,132602,reserveTicket,anvil
02ce63b503f36b05346f1036e70daef94d7e789ef3accf76fa2cf379421b0530,170304,publishUpdate,anvil
27e7872816ee3bb7f5818f5869d36b685fdccfaa0b4a1382f89f62d1a5a3e225,132602,reserveTicket,anvil
6c229057bb2079b69972ed7dbbe43a10b066ff8c9811f3240c7c9394f4edac38,170304,publishUpdate,anvil
fb040ef4c8cf7f82c2f4134caf9cee3c0dd42ad07026814ff5e1504e50445f51,132602,reserveTicket,anvil
cca7afd8278b846c6806fd7ebe4f6199f02c7f25d4e3be658ba3ef4be14260d8,170304,publishUpdate,anvil
dae7f4d4972dde13525df0b4d049c9b29238b377e35c5ce7bfca07b2df617ffe,132602,reserveTicket,anvil
90d49cf873f9c3fb661d25ecd94b278f1e68b275d32ede36996400e48130e614,170304,publishUpdate,anvil
81821cb293925f75f26828efdf2536dbdb9fa903aee786daa651d83e76233072,132602,reserveTicket,anvil
1f2740f1f5f98aa5362b29ab7c9e0439ec1ba1e9455523f3200603932274a377,170304,publishUpdate,anvil
1078df2d3ca628cca387c9bffca69c61cab3521767436727dde63c118f82f4dd,132602,reserveTicket,anvil
5977229787cf14c8030fc9717635f0d5e36eecc821aab9baaa36ea58e55b0b49,170292,publishUpdate,anvil
c2181f8f4c06e4cfd46e1addd09ac0edc84dcc3c59fd0fcc5fbbd1609919667d,132602,reserveTicket,anvil
21c4596715c6308dbd4b910a8f565bd55235e814887cba9d34cbf7201cfaeb30,170304,publishUpdate,anvil
e75b4bb40e3efad25fae42f6fc191a11a2af27d76c0394247764d962cd685d9d,132602,reserveTicket,anvil
cb0afcc2c30f24bb67204addbc5dcde2f8e12f5ccfa5c2539bc1b10d8b7f127c,170304,publishUpdate,anvil
5c04aa0cb289d97e31e05956968aea7741509533b6387ad74b68763eaa3cd6bd,132602,reserveTicket,anvil
4de85daf481080cd223a08592d147cee1c4a717bd60621403782160f27555058,170304,publishUpdate,anvil
094c80c2e4d230ef72c35ecb2c1a4833b8ef9b492ee72e3d634a755f94c86c9e,132602,reserveTicket,anvil
037a524c8288a1fcb4b9c959f42769e601ec799d180579074fa0eb7fc4c4a76f,170304,publishUpdate,anvil
2e3caa303081599019998d93244a0752c93bdfb439805d0b0bd0282ca432ee41,132602,reserveTicket,anvil
8d517fc3746ac28bbb1eda0d38a7af9b31f36ae4e30a0f50200c702646d2943d,170304,publishUpdate,anvil
e83ee260d8253452d7ebd291b2ec896936ebfe738e9923b7a66515ed69b8e65d,132602,reserveTicket,anvil
42c37c20794ff6e720b8ac32e0d30d4905921eb3c1097e9430557f51261af8b2,170304,publishUpdate,anvil
a8518923ea0d7d2d3cab66568fed836b40aeb85c19d7e3544a0ce9457b7b6b4e,132602,reserveTicket,anvil
1f13e1721fff86a82e8eb1aea94a7252e7f33f730ef36e229bbc0ade0c601cdc,170304,publishUpdate,anvil
a21ab181cf0c8e7cf106c8f0365ac87d313cd64c486be63e3c29e41d1045ff0a,132602,reserveTicket,anvil
fa9453a2089a8a088b6fe5b7e3d466e5ea7dfb8dc75a4bd49acd6ecbd4b2119a,170304,publishUpdate,anvil
00f46c5727fed6d4ec2bf2617d8e7be925e0856255aaa74fe8d1c30018ee1f4f,132602,reserveTicket,anvil
79307e984f7bfd993e04e341942afc267a37d2c70e22697c9a4bc8ab42f547f6,170304,publishUpdate,anvil
6a28462f4d19115c04e1cb85ffae9fcbd37fafcdacff52adeb57a6652be84612,132602,reserveTicket,anvil
196c20f5f92164eed23360e6f82347c113108c9810c7c8baeb5f8ded1a2f5fb4,170304,publishUpdate,anvil
50ebe21c492270528c3ed5fa680594748a1b0d937f8f12a94ee2a85412d4ac9c,132602,reserveTicket,anvil
257245ef63e42eeb63390a79ff0634c6cd6e4c1112615bbffbe768bdf6340463,170304,publishUpdate,anvil
caa0bc9368b8d29484cbb23877252e9548b18e72e43f186ca32079a50f384341,132602,reserveTicket,anvil
ba06d6f7e0738cae1e91470ff98974d7eb60de397835f8249fe8ccdda6094014,170304,publishUpdate,anvil
c986804adc17f472c831a71c037967bf1212bd346cf8ccde20467bfb8d7801ce,132602,reserveTicket,anvil
e78cb847d8696e80ef77579dffdc5e4f37165ec0990a84c278dd8ce2852bc634,170304,publishUpdate,anvil
8c64ddafc0edcdcbde93901f4962bb17a7b086c1c1d635c4f312e768ea3e2f8e,132602,reserveTicket,anvil
4bf015e6bde0dc464dc29f34829840f7a78fcd0aa1ae10918bff53423cf54d93,170304,publishUpdate,anvil
8a757d6209484cb40d945a17b168c54aebec7c42a860197a57a32288717c83a0,132602,reserveTicket,anvil
241f04d83b73b31fbb36617b01289fe90b8522aee8b0cde99b176f1b48f8dd4d,170304,publishUpdate,anvil
b108eea960101c27a6c041a0b7d5cb7202268318ba4effcf3b2c1a36f35e3d4f,132602,reserveTicket,anvil
3feeaf0b05c9aa2367952e5fe55dbf63c41c7643cd2a461185a6ec4dbd188214,170304,publishUpdate,anvil
cc1dbf9566d0c091e2f1630ae484fc3dc6fd9a914a1ba862d0f4156692c89b33,132602,reserveTicket,anvil
8591dd07c0cff08c3e7b1f8f5fe565f7f05401d9d48656b6ed861e2fd52f0a25,170304,publishUpdate,anvil
113042fdff87ca3c5d964e1e25f301b8d30252853efc9b09496f0488d8ce2f09,132602,reserveTicket,anvil
62e06533eff20f8689f6f14dcff9673e1be111bf5749745c160d28fe21bb688d,170304,publishUpdate,anvil
274d3be0caaea4fee4e8f1806fad1b99442b6f205c52e726b102f19f84516d28,132602,reserveTicket,anvil
7fa89406d96602457693d64da4c64636387ad69c2b2479046ea90683735022f6,170304,publishUpdate,anvil
e6c85fb05a06e5896df4e01f61af6576a51d652996ea8ebd0212290f9aa2c128,132602,reserveTicket,anvil
d4826ef791f228d12d52c4f69fe53ea33c013337489b215fe57106483c90d91a,170304,publishUpdate,anvil
8042618f370bcc2a2d33080ff19059480b35986459e107002c600cddb3c9a2ce,132602,reserveTicket,anvil
1bb84f873260bf9ac4a3daa4df9eca5ee4353ad9576e3485a1d8277843ad45f0,170304,publishUpdate,anvil
73d7fd3b0b394a6f4fdc79c04be7963fd8363c9213e0fe7269516ff63d6e6b47,132602,reserveTicket,anvil
8d7af97cb852bb0a087a47e8027033cb9dbe8f190aa783607d8c4457dc9b18b0,170304,publishUpdate,anvil
5fc02e1f58d4973374e5e9e91022fbb55a573f3fc4b221ab20ecdec058838467,132602,reserveTicket,anvil
489eb8f23362eb6c5930272a0b8bf3cc808e03b654ddcdd2febb5d6c03795e77,170304,publishUpdate,anvil
adcdfe9575b8381b888e1412a1c064de449f5d9f92808d88d45a04c1a18619a0,132602,reserveTicket,anvil
09772f7c0845d585eb7a83e0ce0a7de342d3c832f99f2bbcc46c7c24257df9b8,170304,publishUpdate,anvil
1bd0b8eccfeb7c92305af5ea392173142389f8cdf540a79528f03a7da906e1a6,132602,reserveTicket,anvil
c706ca239c40e7d656f2fe0bd83cb3c7c096d72c32cad6c3788b8428d41012f0,170304,publishUpdate,anvil
e57ec0ebc90f099eaeb5cf0b22687dd383121aa61b765a71441ff44578de68f0,132602,reserveTicket,anvil
e02a8e5ba9c38746f78f2ab0ee28ab520847a546c25e26c2c0542bb2868e18eb,170304,publishUpdate,anvil
7a6182fc430f80600969bf823714a4a4c542aabdd12317dc4f5b40c1c7e120c1,132602,reserveTicket,anvil
138152f7e729e7ad63cf78ae9a6f4b2a5630d12c579e8abc9557b743d44c2233,170304,publishUpdate,anvil
c377bfc153f3b06e30405490f986c919b623b37bb7698042b6bfce6b0a539e83,132602,reserveTicket,anvil
197b60049a0fed26dc7833062356b99d6048ef3df4fa9d3137d90c920d0878d5,170304,publishUpdate,anvil
68e2df0b4a71bb68bf62c5e55b76f8fa0ecebd19e90b7d9a51af9bdfabd95c87,132602,reserveTicket,anvil
f1104400e483c052fa54996043730837fadf9636ac28161c3d97f3a348460423,170304,publishUpdate,anvil
4ce0752c72dfca24b65d2536f1a302bdfddda813d215e3670f8a46ea85234377,132602,reserveTicket,anvil
706f2c287a5eda845bead23b3684f8b48ed1e20394989348e3ef4a73ff875845,170304,publishUpdate,anvil
dd85e275a51e8dd52c0558b809cd2870560c66f169e520eae49cce35bc7907e9,132602,reserveTicket,anvil
a4beb193c61b4b7cdc39e2de9d6bcb846e6c9ae175196f417a32460262b57fe5,170304,publishUpdate,anvil
50de20e9e577c2149e0f12022bbcd0b6a82c4a0c396ce99d5ac587f023f15405,132602,reserveTicket,anvil
7ac29fed923a3bae110bfd251bc369a3ccd9cd00e5c6be835189f7448f94a9f7,170304,publishUpdate,anvil
c8f6c9b816bc37af6a9e671d6b3e32a62188a8038249cc3687f694a0ecfc2637,132602,reserveTicket,anvil
9814b708ae50efc5fe42f978244575d3cd277f93341855456d230b98c53bf0d1,170304,publishUpdate,anvil
d842780b942b70a5676e2fe3460e481c0c490b1a200d033bf3e5e35b5433c4a0,132602,reserveTicket,anvil
b72859d0bdd4a0961cae3276bbdb518c2e34490b3471feb57ddd823d696a5a38,170304,publishUpdate,anvil
e17689fd76d8dbc779ffaa090fe6739a3504596ea6136d7fb06c0ae966804716,132602,reserveTicket,anvil
a01cfe3792d135836a4be23c8528f2bc494ac9e7dbf3578a1de0a850eae82bcc,170304,publishUpdate,anvil
cdc5f3b04319c06d117d5230f0b4e90c77aeb80db636d13367f45c0d45252ef4,132602,reserveTicket,anvil
cf24482d1520d3935cd1df3f3b9727bb8c33440c5c5527a97d77e02eace910c1,170304,publishUpdate,anvil
706ac1ec7018c39ede51688deabb74bb45bfdd1308f0167d15f34dd490fbd98d,132602,reserveTicket,anvil
9a48233875c0e9b3508cf4263616d4f17a063227ce514d568bb3a786250aac5e,170304,publishUpdate,anvil
48c86349ef9cf2612084bd21f3461cca4ccff8d0d6af54ba85d05d3b430272fb,132602,reserveTicket,anvil
8e07c285347784df524fd8e233853a1432d954e0dcf9d031bffdd05bbce7130c,170304,publishUpdate,anvil
bb1181cce73cb3e18194fa33512d1cee4afd9c0120cdd935c1e263197f1512eb,132602,reserveTicket,anvil
3d6e8b72fcf801d1427d1767c07fa649808136cf9de4eb0c971f0d30f4fba068,170304,publishUpdate,anvil
0d1f4a342fe32cdff8994bf44bf293dbcb50563f7abab15e50a7a93cbb8758fe,132602,reserveTicket,anvil
6aa896b4a394996cdf0b18c1bf9f559712e48a5e2d59778d091127d3d388c953,170304,publishUpdate,anvil
b2ced93a9136fa34bb5ef544e1dba02a2fc0b0c1c4fa730ed48021ca518c2094,132602,reserveTicket,anvil
850e2c5a92f17a2ecd9563f9d7be2a7135735da97f570459fb5791a6f2d26fef,170304,publishUpdate,anvil
0152e15cf4d3b05a4b5c300d2c922400ec4fd5771d41e5674874d06e6bb26f91,132602,reserveTicket,anvil
7980b45f0028f4fa051053dcd63eaf5d5722beaf381582fe01f5bebcfbeaf069,170304,publishUpdate,anvil
4a831deb732b33e67a45e458be848ec8a1d58a3f637f5e6b49d32b255bf6cae2,132602,reserveTicket,anvil
de62be320b684b9ccc77365c58781c9ae1fc08fe2799befdb84492475506bc50,170304,publishUpdate,anvil
5cf0ff44907611053483236fa6e33c8d053ab3f27e3f943bc4e2e7b94169c195,132602,reserveTicket,anvil
fa4d249121c8b0334dcf5584f1d7df3d6a459ddc64ff66fc5984fcfe0e3195dc,170304,publishUpdate,anvil
85d314101b9c87c9866eb118778c48ed4fe057764efb9d29c04b47822c3874b6,132602,reserveTicket,anvil
b091c4161736a4e537d11f025816b26c70b5cdb5fcbaf100201b7f1302751347,170304,publishUpdate,anvil
15f18ffbba95b96befa648343e22b9c51bf1efa818b874f9741b83eb938a30de,132602,reserveTicket,anvil
47e1627e811a84984535f62c388a5734c5fb61bfd2c14aa622801654cadadbf4,170304,publishUpdate,anvil
aec1e0e48d1a328d73a6ac72ee9691a3ccc3f43d401eff875b043e77491311bf,132602,reserveTicket,anvil
5a3ca909e44de9a595bd7f2578a09a56f0bff56f3c0b893e5adafdd7c85e38ee,170304,publishUpdate,anvil
34b2679c6ef3f8f87d1aabc2264898aae1dcf3387ab2f254be0351d0125c0e41,132602,reserveTicket,anvil
baa834d0ec4ad1472171ec0d05fe7017db20abfd4692a3a113153d3697d45f83,170304,publishUpdate,anvil
541ba447058fb97612ad189e132859c79509288a78a7c68ff65ed6c3aece991e,132602,reserveTicket,anvil
2590d01946c6ad50c1eb8f181242bf0c6902bb77a27b7e328065a7b40f606757,170304,publishUpdate,anvil
42b9e48d8a1b69267c2121e2ba50297aaf3ae83180c4f83ed4b96c499a33fa60,132602,reserveTicket,anvil
179e78416fe41dc23f1693f018ee86e4875bd53e2aed6602197c5044b65c59ea,170304,publishUpdate,anvil
2f000bab90d6f17673d085caa86630781786fd9bbe7582ea273d96f9f96f48d1,132602,reserveTicket,anvil
19729d7cd0dd7efe5848444cb81e61c14a4dd41faf2cc2189eec96d1226ec1e6,170304,publishUpdate,anvil
14e4c96cf7d35445d5343cf382282a89d4896e467996371041ff1bcddd9e5aa6,132602,reserveTicket,anvil
83be5fc5820905bd8bba388e33f01e5513013fa1f231a0c85aa073cea989e0c5,170280,publishUpdate,anvil
f76530949124a965e3c76161ff395727e3d64c4642ae653a3d1567a1dc157b76,132602,reserveTicket,anvil
f3f6885bbaf7f1424507ce9dc630bfe525d89e5367b221ffd358072a1afb6955,170292,publishUpdate,anvil
f54f6d2efe2082a19c7cc6a474369cb29cfdc2839aac02e9f696abfc59561d3e,132602,reserveTicket,anvil
56c70361160819fd4e1576bbd1ecc0c46a67c4defacea46330f5675c4a3e6c7e,170304,publishUpdate,anvil
7c9333273a31997a6331dc224aba31e88516b0c58bf46843ac13eb52310de908,132602,reserveTicket,anvil
1f3bbb5e044633ebd9fe1dace320c438fe38e8f7ef1191a18f936bfa134ecb19,170304,publishUpdate,anvil
a43fe91f9650031848ae56c9352b8a5d20faa1f249f749ccf4f1cc1b5e176e0c,132602,reserveTicket,anvil
107a6e32246cfd6c27766eb7729ac5530b7c8ddc8be44a6c0bada65d4775dbbf,170304,publishUpdate,anvil
55d1e412c38270786a9ff8122b83f884fb230e293c1799a9435ef9ba4b724bcb,132602,reserveTicket,anvil
7ce4cdf526aac7eb22ad57aa3cb9779d9f6a52ff2ab814d950a60195a9267a8f,170292,publishUpdate,anvil
34bc58c9dd505c19117ebe829824f1ebe299b3639da6b181bf9e62994231e5b8,132602,reserveTicket,anvil
f36574de8be59b019ac104c364602361f2a8bb43c1ac0c2cc204ee461159ba67,170304,publishUpdate,anvil
01b0f04cad882fc5f2d17182e6646a21bbfd70b04acc97050094e27a7af9c0b2,132602,reserveTicket,anvil
30fa439e522651f2a0edc1f266b5a18b1119e5a214fdd41c57a1e91838f83489,170304,publishUpdate,anvil
93252dcc4bae2995da63ebb4a00a2a0c8391d76c7c4c4b57436a56c35de5148e,132602,reserveTicket,anvil
ef7925b192571bba67a4ab2c68f1004a2b559a53c4058c3a2b01eb90fd84e734,170304,publishUpdate,anvil
f9734a3eabc101b0b2020d1b9be313d0dd6d404163f0772601549a1c217aac0f,5167405,finalizeRound,anvil
4201d1dce38999bfa194040b06b9fc2d25f99095d1c21bf9634e2b680f6ac0c8,31256,fundRound,anvil
4dcebbba906cc70354a1d3b07d8cc77b1608cf22385bbc1364e19f1c03a7ddcd,132602,reserveTicket,anvil
8edc85c695a407b8b53646c25eef0990294f8d69b8bc72233155399bef6c062b,170304,publishUpdate,anvil
81d1ca32ada4befe4c469a2291b65824dae423a752e013dfc88d7a975c1dbeca,132602,reserveTicket,anvil
853fe00a6c873818df311a6c643037f1824aa7284af7844dd3df86191a2a3c62,170304,publishUpdate,anvil
8e9db5768cf0e66a000b80ff99a10ce65a8e0383e30903261d03631796428e7d,132602,reserveTicket,anvil
42e87022d45343a9e603e090cdbc658425eef9a14dff8a2aa8bddb831af70bfa,170304,publishUpdate,anvil
56dd40c348036ab80b3a7fada96467880c6722dcc254489bfa3438c2062b6236,132602,reserveTicket,anvil
9754a32997d840161aa29500b7ac747e187b709a92f8d8219ede72c3998ba2f0,170304,publishUpdate,anvil
3076613dca926d306e193d65da7dcf6392bccdaf9b56ad8b79f56420507ecd35,132602,reserveTicket,anvil
e65cf9905f43bf344657409770b896d3034689c7abd59de74b68e635f546c758,170304,publishUpdate,anvil
f5a997401cceceba8922a649fc29dae1507dbdf8d1e53e5611501b8fead5e6e6,132602,reserveTicket,anvil
c5ed6317d62d31c1b153debede9ca5967115e2841ced886ff576e47f51cf10f4,170304,publishUpdate,anvil
26fa3ce07a52fe6f1bbcfa06e3e8c21e90ca538e6dd1e0762780c875f9b95925,132602,reserveTicket,anvil
27ce7cecdf543b5f448b6466e7288858ef3874658c257700668a6df1ce72c90d,170304,publishUpdate,anvil
d1b8b339657babc8a4a491895bbfff8dd81657f98ea845d91f21c7d5a4b8d9f8,132602,reserveTicket,anvil
1f6e5bf95c157d19f058a43bfc4198252f5cdf7bbf1ae79fdae8239005ef5a57,170304,publishUpdate,anvil
be7c8f547d6c658fc1dd826d6089f51ce25e62f88b5df5798078a53bd64b6123,132602,reserveTicket,anvil
4114899675d090a57cf14c9c6a644540429a318a5eb7dcd31c025332d110b572,170292,publishUpdate,anvil
5a566d25ffdb5ba5df543144993dff10cf543018649e455f4f460dfb32cd2f7d,132602,reserveTicket,anvil
c20f099dcd84f195dbda4e83d698c58977509791e7a54b2996e85e4e1f739bb7,170292,publishUpdate,anvil
432f47693bcfa5d5c9098c3ea3f9064044df9cf3478a23520645494b60e28ac4,132602,reserveTicket,anvil
99cef1441640902b1df6ca032651b13c79442927f70a53ae78626a68347bf47e,170304,publishUpdate,anvil
7c5ad5b6e93c0323129a7743de5946e0fd748df5bad1aba66eb6fb2d02890204,132602,reserveTicket,anvil
962d2b244a791bb63395163082aff94b1447bfad217e1293e8dc412e89be5cc2,170304,publishUpdate,anvil
60a3a0139270f8a432540c19b41d43467ed560638da9173b4f8d0146bb54ce8e,132602,reserveTicket,anvil
8cf9b2b0a45ef514190ef608854696f20ec976f23da92d7998ecf74f9147ded2,170304,publishUpdate,anvil
263d6e0d4356dbdcfccaf98ebf918f6966a03d5f0bf343be52481f1757ddb84a,132602,reserveTicket,anvil
091c72387919377446f080fbcc2e5c34a31a32a743ff1271b539398eea62cb3a,170304,publishUpdate,anvil
26e57b06650662cff9250b394a4592ac1655d994a34f7673504ff2385581a57d,132602,reserveTicket,anvil
7ec9a4171b02157e3a86a0f9fc059edb84665725f2664741714753d8925d6047,170304,publishUpdate,anvil
6c6731fc280fd629fba6863895a40fa56b888484227d169bc2fb5345fcbf46ac,132602,reserveTicket,anvil
d49611213ba9b582795ab7fa7861c988533193e75b869be07e81981ee4e661d4,170304,publishUpdate,anvil
48893cdf0acac862a96c95d525573a39fa001a07bb37505401cdd2ef4253a881,132602,reserveTicket,anvil
fd221f8b1fe02c896df9a727c62bd5140b85b3e09a604cee27dfc698e3246c40,170304,publishUpdate,anvil
ebffacace6852788af2faffa84fe54bfdc92054c9044f95a0b4a9aa57fd32e45,132602,reserveTicket,anvil
85900b523caf93658edf02563565247935598659cf0e0cfa9e1d1cd253595521,170304,publishUpdate,anvil
42b07c6cea2d0796850141fd06fced9a245f8943eba8ef4dec8f0c7f68da34c5,132602,reserveTicket,anvil
b14183261bd266841e42894d0a2850fe42b264bb7aa081b1f9dcfc101d137b94,170304,publishUpdate,anvil
8893c3ee212d8924d66e82b7c38bfeda23c2f10e60f370c2e0c0f42599f4c90e,132602,reserveTicket,anvil
1dec5313eba4d95196ee8a713761715c92c98d157b1604e48da6337adbe6e900,170304,publishUpdate,anvil
f82d8e34ea831fa1b5f39597664fda370090cf816e36714f7bb3efc1941d3953,132602,reserveTicket,anvil
9c7e632d7769a370e2d38ce85ecc112cd1825e0b09a255e27403bd61a08f7dc3,170304,publishUpdate,anvil
a47bfbedfa85a08b2e5e764660a2486cf56767b268ac03e2bb21f26f658da42f,132602,reserveTicket,anvil
5072dc9312ef0201c4fd48872f86091e6faec2f9ebb4197a1b5eef77affb062f,170304,publishUpdate,anvil
aa197a6e4ef976201f7841f73dd3159b0bd133ea50f895210dc9e3d78d96d91c,132602,reserveTicket,anvil
d174d0bf050984d82bcd9e309be3bf3dc55fbf606cdc6910145e7a2749432d55,170304,publishUpdate,anvil
38796c19ec5019f9b73154b6716aa02aceee48b46a3c30427e4b683ade7c294e,132602,reserveTicket,anvil
9480a51c65c4789fbc22289c2b97ea95c575a8adddac7fdd32c24e7c6e3fbd35,170304,publishUpdate,anvil
e6536e1cc84093a4c002df86ffafcded2e67b7f2ce30c89aa31b4c929544a72b,132602,reserveTicket,anvil
aa23b2fe375f587f18d76aa217cf58e7b7de677a52808323b573ce2934000e23,170304,publishUpdate,anvil
a2b9e84c63ed9391e324a3f0b2f7c3ffee376a3391a9cea4637d5228e3b08f2d,132602,reserveTicket,anvil
b7a3319712b15d7fd15738e78b8ef4c11e8506edf68ec250a75dda4e6e50c4bd,170304,publishUpdate,anvil
55c246baf0549a4c3e270fcee4ad03a70bb17eb21e9b971f61cb966d380d8348,132602,reserveTicket,anvil
6a4d100c768e097b859d5059c6fc500d4043b937eb052752e69f829b2e41762a,170304,publishUpdate,anvil
fe5e2e369d0f76f7409b3b3a0284267587ab5b7d4bebb035b56a629e3042898a,132602,reserveTicket,anvil
3310c8f294e046f7e810c63d4640ad1753e19e887c2c6836b19736570579a421,170304,publishUpdate,anvil
abe0a023e3d7406baaab0272e8e419b1d0d8674a6008ca0e75b053bb500aaaa5,132602,reserveTicket,anvil
b0e765f657ae4c07592be24ad552adbdc31230070e4d9bb57df1bd73dae7ced4,170304,publishUpdate,anvil
ea97709159598a6fcd9033232c0e1ec53549f33a82b13a10942c32fb968a6f8b,132602,reserveTicket,anvil
872d46a08b36bfda23f599c8157b1f3c84e03a4d9b6e7a7ac71cba493246234c,170304,publishUpdate,anvil
b4b2071683ba4a55e225454e996a31047a026d067715fd76d60dfd7d93517cc3,132602,reserveTicket,anvil
6f46e569bc5077f10a4caaabd335cac6b42404428395998a836bfabce68f8488,170280,publishUpdate,anvil
31d8c08f9d705c5ae38e9e39ea30445efd3bff357d230614b884dce562c25f3f,132602,reserveTicket,anvil
3d8fb1faf39b1463cd2a8a434982632f6a6012df57cb7681ea04f3cb727bd278,170304,publishUpdate,anvil
2c9b89bfa4c68748cc8aacaefa9b97574d7e8116cc3f1c016c71687f069f2959,132602,reserveTicket,anvil
57a079450c5e301f0a918527d76df06ff3a9ad6c0370d94b2baae83fa301b0c2,170304,publishUpdate,anvil
7d13aa4174e72a8f6b1c467f6579aac47972f4101a41af346b393c959cc0124a,132602,reserveTicket,anvil
08bffb0dfed4b46c47b70576ef1d500be34711a476b0f7374be5e208eca9c3b8,170304,publishUpdate,anvil
6171d6d33df0baef3752bd35369b5e9bcdf4ab2db3791697cb3b9c870c372c29,132602,reserveTicket,anvil
b55a4155636bb23e02faf51f0c2aba79bc661ef8f1fa7a74e667c8f30b312f9c,170304,publishUpdate,anvil
0110a275fcf178dc516f22a180f788ad543c5a7574d4c7384173f19769e44a48,132602,reserveTicket,anvil
ac3b03347805abb3748d29685da93344da16abae10f00cfb07c150b616baabe9,170292,publishUpdate,anvil
58ebbfb5a24c3a3f630320b19a34c9218914cf35476e0f6749bf6f8685a3c421,132602,reserveTicket,anvil
ceb4a776a7a891d419da4a4032ea31bd0f42738d6306fab9127a58874f46e645,170304,publishUpdate,anvil
24c1de12d879beddc54fe4412d4980a9328d8298e0f54b862cc20a6f08dea6ab,132602,reserveTicket,anvil
20d8b30dbe9e4116883f64a3e97a19179ceaebc6c1a8c7982539d93ffb69688c,170304,publishUpdate,anvil
b9c573f40f58f36305e1bf013606e72238f767501d46ff7d3678777b1351ce6c,132602,reserveTicket,anvil
08eed5039c1a8501836ea670a972c8c7eed7bc54f566195ac2ebcb06c9f9123e,170304,publishUpdate,anvil
255baa46ec05fa3b4e1f1b3c7ffe176add07252242c46d3175b1d04f532f090e,132602,reserveTicket,anvil
5dfd58622c58bdd37098948eccf723bb4231b626f8874d9d02ed963477aab0f1,170304,publishUpdate,anvil
6ef3f91a246c811348ad3f99ca1e027422141523aa42f6c1db479428caf0e131,132602,reserveTicket,anvil
be6129d4a740b7d64b4ba2ab2276a447f589973a3a70182b0dd75a86f3190bce,170304,publishUpdate,anvil
64dfa4924693a56ded3b8a8eeea44d14da9d3beb19fe6a5fce12c7ccf11d4dca,132602,reserveTicket,anvil
6d8081247944a18be1c891ec047a6ef25794329ba0d263aee5b50084c976c5a9,170304,publishUpdate,anvil
56e1d72b9c2e7710c00c2956e64e3f4b6adbcd7a8b728413be222a958f5e1e84,132602,reserveTicket,anvil
d14d306f4d2da36d667db33eabe4dc4f289096800126a9ce826c5df405f1fb41,170304,publishUpdate,anvil
fc9248fe064ce5a88b773118452033cf63089ea015ad74669f6b9c059662e00c,132602,reserveTicket,anvil
c5b11c8eea171a841981576dcf5e84c5cb21d51f7c7c78dae5d58c1d414c542d,170292,publishUpdate,anvil
aeef2d5a4ea2637b2002a1129e2c912bde30dff08550ad4ccb64829ea47c170b,132602,reserveTicket,anvil
d89441a780d2ed4ed09e1b6ce3bb1a01d24d40a9e9399710bf7da728cbcba02e,170304,publishUpdate,anvil
46cde51cc15e6edd425302502e3cfa4f945f7f48d1da5a4e2be35572fccc1e9c,132602,reserveTicket,anvil
8b5f9f9283ef8c971b6ee872b1f2acb661c29f86c1e6749a13dd454b501a2751,170304,publishUpdate,anvil
bcc82911a006b5e860944a6b21e8b39386c9b3d8607e44848dc8ad38570137f2,132602,reserveTicket,anvil
bc131c8f10c4fa681a1ee7e0743e070d053ab464f32264e48830f32405a48a64,170304,publishUpdate,anvil
ce6ca09f8ac8678e4806be95970b634d9d4f78c187790ba120ad879daac651f8,132602,reserveTicket,anvil
d6ccea657059271df80a4b016e4e3001f06e05fa6b885ca570e62878aca191c0,170304,publishUpdate,anvil
e04b51671a1537597a4a0e8f9c3d9792f245e77376686c784009c79e0858f4d0,132602,reserveTicket,anvil
7e7069c25dfa08144ff1f07573692979d1fe0da599ea1db2b122ee2501bdda36,170304,publishUpdate,anvil
a59416f719566415f0a66b4824bc384d601e41b9ee6becff219668f64231e749,132602,reserveTicket,anvil
8a050e3d03301c45ac7259dff459197a770055105d51133e31461f1872db10f0,170304,publishUpdate,anvil
f99f4e6b4ab04931f1b9851bc51c30aa6bd6fca546fd39553d8e2c0364a12064,132602,reserveTicket,anvil
90590c9dec87d61a3c66e97bae57b43755bd4cb49419f193afb4981a48b2d0a0,170304,publishUpdate,anvil
b60cfb3df985ff2e786012c36195f1ca563bf6605bbe9d25af86a6c227da9e31,132602,reserveTicket,anvil
4950b131607eef7dd9ca2be02989378217ed03ce7cc86cd21d9dae0b3b35efaa,170304,publishUpdate,anvil
6ef97d6571b83096d6479ef90a6a6378040c849c1e2ead699f86bb576911882f,132602,reserveTicket,anvil
59c78f79c95b4774541cf3485b3d603c221702093c7b0564556eecec81a6c48b,170304,publishUpdate,anvil
49e6644d8fc0d5462de476e244c02ea47fec63af5691ec6597918847b15bc125,132602,reserveTicket,anvil
c7fcb5eaa261fa26d4db3d95707e15fd568bccf75c3e9341b7b16414b48f021a,170304,publishUpdate,anvil
045fcddc36a4fd098e2b8c95716cc1e58b78beab4ae343c4364aa152b97a1aa6,132602,reserveTicket,anvil
f72515dd21fcf4b3768081585c9f3c4bc50a13305a61f7c88c25499f4f5ef6fd,170304,publishUpdate,anvil
526555fe913c057ac56a16fb0f05fbf609a1b8382473c41b7d9d96aef96decda,132602,reserveTicket,anvil
d6bf8c5c586618d489c75db1e2d6869ec46dfbf6502ba792813d981500ab064c,170304,publishUpdate,anvil
a322b7693f33e1149e088696adc9a70072aae1788bdeca9fab4f4d81ac09478e,132602,reserveTicket,anvil
d654722ab91f9f7ee4da6355ac7f3549fa3340ba0f6c546e224c460f610a8e90,170304,publishUpdate,anvil
fec2fed7758acec4b74adf33f36ec4dcf07f9c76604dd949c81e8990eb747d00,132602,reserveTicket,anvil
ed30a20a366ad71b78094836d9dcdfcd7d1ccd89d71dfffbeac0ac72796f36ee,170304,publishUpdate,anvil
ed95333d4c8185b2deb81e570f2fcd7938b6730da880c40add285558368b33e6,132602,reserveTicket,anvil
e79ee2430e436fca8d4ce7a267888c51b552b54fbdfbd3f1331ddb1eac7940ba,170304,publishUpdate,anvil
9c35956ab4fd51aa794bf5a6ef8f453591d509cb56d73d7b82bdeb72943b7ba0,132602,reserveTicket,anvil
a27eb344c855474dceed2fa825a0169349d498ddc2e6daeef0f66d5c6ad11e38,170304,publishUpdate,anvil
251869bcf173a3c61daacf67e9c3532b3ee70e563251a3aaa3da90e578513840,132602,reserveTicket,anvil
fcec5cc092231cddf8539dae6069256146ad5d3555fa033da38b59e273b491d5,170304,publishUpdate,anvil
a955b1f39a896ca30d1df40cb75ba25ec555f1818b4790a138d819a11455f0a2,132602,reserveTicket,anvil
3a3b4c7a4abd58053589a216b7d4939c9134f066552bc8fa3e618c13a9110d8b,170304,publishUpdate,anvil
77f839a778a8adf6bae4515d8998beeee2c2d8244d885cc0dc5b46677364cd73,132602,reserveTicket,anvil
dd4f63e7960843667f1da89379177b900f363d332cb8f77fe9941a785a70ae6d,170304,publishUpdate,anvil
1e26b3ea8aabd2e7a883f8180f18a27d685c29d06ef8ebcee08d13e9f6272822,132602,reserveTicket,anvil
d72df28cf7682748f3bc93becc14390b1dac960513d6f2af27007e15b3ce7a52,170304,publishUpdate,anvil
77bc8bb48c872cd0b1c4f192114cfe62adfa35576241afb31d89ef0bf2866dca,132602,reserveTicket,anvil
fd7e05af60d42208d9d5f7bcabcb94ae6d0db3558700ef8976896055c525be71,170304,publishUpdate,anvil
7140536fba3d39b09ce1f5b91a9e09b0143461d6d529304a41a41ba51222e3f1,132602,reserveTicket,anvil
3430b271b9f9c02c45b105e3c2ed5d2a8239fb8d54952c6ea6d495b56397345b,170304,publishUpdate,anvil
08c1f4c7292417eb3ff0ae74e3ec85e2cd83f5bdebdd65721f2d5fa814c17c93,132602,reserveTicket,anvil
619794d5cd5f4cbfd143391d34a4fee57bcbeccb20106816b8249be95d56575d,170304,publishUpdate,anvil
ac659441c68d83d2b6dbb71f036e8099ce17d3a186bd7cc093ffac13031f6332,132602,reserveTicket,anvil
b103c8b94cefa49d4c26c17b1dbb3c9c6e38a58a5fc07d51193f1065ca9f8eb2,170304,publishUpdate,anvil
337a760d32d25db3217d46aa467f14873fdd7dac96da044800ee72c43410a9e5,132602,reserveTicket,anvil
8330a7577f95c3b6daa6076aaa3896de8706b738caedb4b1ed06045cda15eed4,170304,publishUpdate,anvil
631e18c37a249869b3db3cdd1301fe2cdf70cdb0638d630c11adb23436adb3f1,132602,reserveTicket,anvil
9d118956a909d5277e269f472969f4b5a22ed0ee59389dee7aff31b1f84c0b12,170304,publishUpdate,anvil
88ad1e7113d99ddfcebb2e426ffad0b6a6c3439f60e01b60dad60754bf9c63d9,132602,reserveTicket,anvil
8d9abb6894497659559f857bce5479486ba809057b921785984b92600dd867fb,170304,publishUpdate,anvil
73f672e4baa6c8a193b8ff64f8070bd0d2a1e250fe586e7e971fd1ab96051cf9,132602,reserveTicket,anvil
3ae198df0190b5ef26cc039ce1e8f09f1506f2d4056f9d0fdec8b04d0ab464d2,170304,publishUpdate,anvil
a4328f1f68df4bf38f8fc2e640f5a0f11a2ee62db90de0fed3b7723f2fb0faa3,132602,reserveTicket,anvil
afe821b449594afb3f75308fa02b6ab677122e1d53eaa5bff61709d1833fdebc,170304,publishUpdate,anvil
96c0fd6a71b78792ca093212c0d9793a7c3b725ab0ab0b60413fa410d6318f91,132602,reserveTicket,anvil
5ea4da30a3a92b6754a44b4432a534e115ea5926743997bf6be5e46f33941ed4,170292,publishUpdate,anvil
7f2e9edc9372c0c3776f53600f4eaa480fd2059e9df83b7279627b52b69acfba,132602,reserveTicket,anvil
23173737c304d829dedc6075b5e7b9ac163c2ca73fff8ad294bc4f2b1abdd4aa,170304,publishUpdate,anvil
c6d4e3271ce19d535d6c52abe3035cd42cafe4d5e61dbce1ed21853edc99668e,132602,reserveTicket,anvil
358b3750352ba2d68729caaf5689888a7fe03eeed23789684ffb3b1151642d9e,170304,publishUpdate,anvil
8136a87552042748385b6f28786f4fb9b9cf3959ddf57456e31323a0e78621eb,132602,reserveTicket,anvil
d1b0ecf4770d62ad84dfea37531a198cff2643358c37aadfe0240b942e173380,170304,publishUpdate,anvil
2403e5c268231fe6d52affa8b771cebf8b44d35bd15aa0d2f741bf998737086a,132602,reserveTicket,anvil
b45e38ccb8c729da60528483d8c50b8cf5fbd80c4365fad5aa41b5146d362546,170280,publishUpdate,anvil
8fc8e8277a703dca01c4b5c977d1af253b6241ca920be4382606b429f8dd6070,132602,reserveTicket,anvil
3139379c40eb552e4468cfbd93a87693877de60c10ca839ef743d8115b5135d1,170304,publishUpdate,anvil
13b88b21ff16705c6b1153b8e2642f31cec80a8448bb328599b4f836df46a589,132602,reserveTicket,anvil
cce1b0d90ee2a6d2d80e6a43193210c38823f4ef71bef755fd3853b2bf6e1df9,170304,publishUpdate,anvil
26839bb45b41a0fe6cb138649d74a254dcdfe09f4d3f6060a1f881aa30fcfd13,132602,reserveTicket,anvil
a5c9e087c899203bf79cf943567feb4370e752895eecb2887e019764262d26b3,170304,publishUpdate,anvil
816f975ea6d189d482b4ce0cc5c905cc82b5cde7e547a82f72e4571c5f5ec9c3,132602,reserveTicket,anvil
30e496a395d21ee44a404c08c70508c771dde4f52dbc64c54f4a6be8df5ddd34,170292,publishUpdate,anvil
adc83e88daf36c8d964abbc9a9a8cdea1976264917df7f1210adf5109755d13f,132602,reserveTicket,anvil
5d99df36dc26c23e08935866daf6e4737f050cb074c62a2495afc2591ae9d61f,170304,publishUpdate,anvil
938165fa501f792c6606d51baeb1b9c383b14cfba28b187ebf0ed9dad20226b0,132602,reserveTicket,anvil
4cc319d0d75222957a5f87148acd8d4f8ae5108cc824dcdb0ea2f221a48f350a,170304,publishUpdate,anvil
71b5f063cff046e64aac9f0c9600ff9831edb4666b14f91b65a436ec47c363b8,132602,reserveTicket,anvil
4a4c45ef32e3025e96d882bebd2397dfabc14be091a1821d9ddbca7b7dc0a4f5,170304,publishUpdate,anvil
8d48ce2835c169d8ff154ce533284b81b0f2753599514876a2e8b5afb4b4969e,132602,reserveTicket,anvil
6b1fcf3a62578d574b78b4b3977fe1cb8bc5f6691913180990538c9bdafb59f7,170304,publishUpdate,anvil
0469153b839adea1aa555177020f156cbfed80a7aab46e4bf37c054b2d6ec80d,132602,reserveTicket,anvil
72f5beff09e5c9f5f1b9563df33c2bc26f45b2883733c5f2379ca1f376287bac,170304,publishUpdate,anvil
1ce005d9ecb911ce790d6735a94b66b4891969f0411061f44d912dde3f36feb0,132602,reserveTicket,anvil
0d23b8c72097ae76c6282985d208437fe7857bb57358af41a76c32da7e1e68f0,170304,publishUpdate,anvil
dfb10b56fd5aa5c2d12029c35b9e40a8c74b6c540b1650977d08ec74e3297822,132602,reserveTicket,anvil
24981a28dcd6015c258d44c726765dbc068d224f814d022e08651bcba21fa219,170304,publishUpdate,anvil
c3a496ec9b5394611ce74c48e45c3e2abe8dfe04b795103fbd0a382f31148a25,132602,reserveTicket,anvil
483206f7f6ad772abd051302cb79829b8fe158ce9ce6755e4472d1d9d96dd31e,170304,publishUpdate,anvil
be1bea1d713aa566da64502975760f48ca6ab1775a711adc21020ed778599899,132602,reserveTicket,anvil
ed1c36520ead116c1dac29a6e742d0c894a120ca4f2dade556d73e32a1c5f2b1,170304,publishUpdate,anvil
4396e3c1af43b7f6290b30e58d82e8ec0b2feec614cbfcfd0b8220c6e0ca26e3,132602,reserveTicket,anvil
3369a7bb79615dfff8e0860580d4379f0b24690ec4eb4e4b0cdd072bdb5626aa,170304,publishUpdate,anvil
5da5e4a92a5935b48e1781968a09c875010f5a8fdc1d4bf44c02c7d5aa9ac7a8,132602,reserveTicket,anvil
c566a0c5fef51188b3a3616db534f392da8db92004949aa522e8fa37111437ae,170304,publishUpdate,anvil
b0de0c79a2aaf9c9cfdf5480c86c72c7f30d684a06252f7eaf370e1794523840,132602,reserveTicket,anvil
836b64fc67c4375a6756e08567447f178cc2eca82da1974ac4668c64ffe1627e,170304,publishUpdate,anvil
e92ddc5c125396d50b09726dfb22901321d86172c64c296b6e87d26b27454ace,132602,reserveTicket,anvil
a9665c812b95b237bcce24933f742f8ee7dba398cd0d4206d6b5fb5f57bf81d5,170304,publishUpdate,anvil
bcf6d9f9d290f79847d831ff34d9c83481ae35cb646039ac9558aabdb450478a,132602,reserveTicket,anvil
8fd7e3036b253d4b7e01184427bf1bbd7dd8df9bf281a664e313f1e814b32b2f,170304,publishUpdate,anvil
6a4e19218056e9f0b774037333da8ffaa6d27dca72d41a9c45681490e6ae6104,132602,reserveTicket,anvil
2d5377172a70900829397536743d8ba956fe6f34111dc4da26970448a102cac4,170304,publishUpdate,anvil
c1a1857f4199b0d10028ca139fb0a7fc336ca529c9bec49e4b8eb0b44493ed95,132602,reserveTicket,anvil
cef60ed4fa8c62b0b52b955996068bddb35ee7b506f7ca767e3729def0c93269,170304,publishUpdate,anvil
964b9577b07bcc3c29ac79cc5cb7710c00cc7616e3496feaec40d507f73856dc,132602,reserveTicket,anvil
39bc6445070cb7f998975c8cd15af12d4dca33a142dd2c6507a552141c9329e4,170304,publishUpdate,anvil
b94cf834478f24f60e181c237c369d99b7dd9691592fa199bcafacc10ee04ced,132602,reserveTicket,anvil
13303dc21ab1ff3aea5ca4de7caebb24da24caf9c54b3034d4e373f64a3f069e,170292,publishUpdate,anvil
134b9a8d2d6b93e6340971987977e41dd2964b3a0451399f80870d6167d39351,132602,reserveTicket,anvil
742fefdcdf7a9695b02e0841fa60b040b610836c57d3e517ded6b06b922a45bd,170304,publishUpdate,anvil
eec99c8d259ce6dd647e633ae94d6bb1b49b0762f6e8f7577f6980350aa5aa12,132602,reserveTicket,anvil
ab7c1934beadc88e1aeaeac66eea78ec032c2286dc2bec557ef8c656ca4b5ecc,170304,publishUpdate,anvil
10a39ba3759178be062bb2788b270af5ccb6a55ad5c40275fb87ca40bd8c9dc1,132602,reserveTicket,anvil
b12f34b37a0a7b49483ae9d1b66b3140da190e1b7e67f897075b736c2e3c0141,170304,publishUpdate,anvil
3a301c8ce747d9b8c3aae8ef6bddeb853a060fce1cb17559a5aea46498f4c3b2,132602,reserveTicket,anvil
ce50eea25039246697d006aa19f7532a7a9f57b56abf03b7ffe6f919d0990459,170304,publishUpdate,anvil
10daa8ffbe9962b10f5303426655a1fda6eb3f1c6e370104778de5ef1b0a11ba,132602,reserveTicket,anvil
50897841061b098e98502b6b718daf0c888b213c5ac684d7da2b6962eb314330,170304,publishUpdate,anvil
dfdb457808837fefce3f9e7517a52857da615d89b0d836ebbcdb4f2f389a7fb3,132602,reserveTicket,anvil
9bcc5a760b065ecb8f8e34dfeb032462f2743691b83e3497681c799b528049e3,170304,publishUpdate,anvil
b043fdbbd1760b4d14f6a408f5ab059bc86c2fad32f6f66904595bfcd333423b,132602,reserveTicket,anvil
9bc84999591e809a2720ebe8867144d065da5cb62f85701c7d9655174a5f1456,170304,publishUpdate,anvil
fa2f824a16353f1ba44ca0d3871862512ed2f992ed5e3449a74b5c45f1022e84,132602,reserveTicket,anvil
92aa08b99039b20f98c56af6d9016db377a89154cc378b86d9c2e6f736593430,170304,publishUpdate,anvil
706a79d58f659270cde54a78ec221f4ce922247d600938361b91735077447245,132602,reserveTicket,anvil
7d278d0a7a376243f91191f7771420659f4733d83f5d743d037965447c01faf4,170304,publishUpdate,anvil
32e2530e76cb010ce1170ea1da0ecc911f6bd319d1ceded700fbdb0c657be5e8,132602,reserveTicket,anvil
57146c97c89be3ea905615b79e5804f1dc328386380f4f15349a2f7fac1eff1f,170304,publishUpdate,anvil
91d46e02bf4be08a341ab150493181ecc629be362eedf7ca0141f4b5bd0164d3,132602,reserveTicket,anvil
cb57605e8d92377344ab64d51d3a5e4b2482d0214a9bd63b42bfd1f1af82e44d,170292,publishUpdate,anvil
a8e361332fde61ffd0d118e899c62cef48ead6a1ffc6b9e3135ed0d570ac4054,132602,reserveTicket,anvil
6f894c136cdb6a999d394714c44f10e34498d21f06c877adc5ff5bd8ea89908a,170304,publishUpdate,anvil
1ca51d13ddf2c2f12bb613f8bd5066ece69e8dcee88ad4c6485b19fb23d2a8fb,132602,reserveTicket,anvil
f2b55f13b1f5ab7c26d4f844d16b03d1c1effad8164ef10096313c4af114b239,170304,publishUpdate,anvil
c1fe674488c9ff4ca096d60e6df06b06c1c81f9c0015fdf835cc4ef4196f312d,132602,reserveTicket,anvil
753bd10f3f72ee51ced0ace43b08f7f49fd6b78f32d01f4d50b1aaa2ced520c3,170304,publishUpdate,anvil
7e162de838d506608e3b5a352d252b053888891ef34cb52ee15525a7ecb1133e,132602,reserveTicket,anvil
54f5fc47a3e2be9e52ac3330c8484d94212ff907d79c9132f92f7cbf2d1a35b9,170304,publishUpdate,anvil
939d7123637e08095d0d13a6e25a20435f08cda97a96ac37d7563e0a9c5d1e8b,132602,reserveTicket,anvil
f7160051e9118b7791d3b4c09e0947495a9a3957ade5de1a19d80a52f6d3ada3,170304,publishUpdate,anvil
45dcdd3f66be473f1fe3ce9180107c2145592702cfba5ccf607f206f1fabd6fa,132602,reserveTicket,anvil
5717c967b8ba618b3598231b24224b3dd6c20042facff90f9e4fdcef31e87fc2,170304,publishUpdate,anvil
b1455e253fe8ba008977a6baece40d14b6a48c078e580eee9cf693c128b19074,132602,reserveTicket,anvil
0b262a0fd6647cb6991b58e59341e3c0eb4bcc99e741229db91cae4f9b441277,170304,publishUpdate,anvil
4b451b084b328c9df149c7f066fdfc3264e1910bf7d7a783c72ba599e74b4cf1,132602,reserveTicket,anvil
c503552a9fb50c51fc6dbc70427c30ad1269a7cd5f78bfbd27928a0274f9bd89,170304,publishUpdate,anvil
bbc6f7eac58177f5cc23850219eea60e2730458bd3ec791f56628b657b0157c2,132602,reserveTicket,anvil
2f0a04a2dab92f5e9966a5359e6fea280b4f050730b308c289010184d4d70e11,170304,publishUpdate,anvil
1bd87492d24bcd5ca10c1f51d7bbc8a8bfe8a78f5813f541f0a641b8fdea8d20,132602,reserveTicket,anvil
26c187417c29865037d18dde59605e7877f5d168a81b7795b20220d91715f604,170280,publishUpdate,anvil
194a3df19d563bc4fb709a13cecfd0a3f5fecc133ad97f4b54d916e29e95d569,132602,reserveTicket,anvil
4bcb3a4827b52f6d7be053170ac40fd97df6c76228fdbd26c9363e2e30d7061f,170304,publishUpdate,anvil
7b832d706bb31f2615ce855652c1bd190c0b150c32e245e6b4be3b0d9be442db,132602,reserveTicket,anvil
1307986a23678df7d8c48408e6792b3b1e98f84b4abf626bcce3e1fe751627f6,170304,publishUpdate,anvil
79532cedd04468424dd875d4c91bf9d5e9bb691c31040b2773cb2945afd85000,132602,reserveTicket,anvil
5777a7534cbcde28ae2660a3f51785ad77ebd2ca80b56f37ef72e389e0a7b85d,170292,publishUpdate,anvil
9db26b355538f479ac7396a4f685ddfb8ff54231bdf836bd6a2ce93c852e6add,132602,reserveTicket,anvil
42ccc19c3fa3ea8738643c050ba5251c8047210448993584a5b24ed0c9eebb9d,170304,publishUpdate,anvil
b8b662fd6934acb941a9ecefcdb7640ee131b11ffffbb7d328c8c46b2c333c96,132602,reserveTicket,anvil
5b5307823830502c8c281dcd587b355b86f0ed5b5b04f2abc4b1970fa0a2b0af,170304,publishUpdate,anvil
a79a597bf681d4539f5e226b8f4a3fc19e0bec71643a295c6502215a792b5bb6,132602,reserveTicket,anvil
912f4b866ae198675c062d497721e56ef962461b147e943e0c73dd2a01d835c1,170304,publishUpdate,anvil
9612b1e19d2ce5d4e5f9809b60bc0295df307aa41b664be3e0e7b503f42ff821,132602,reserveTicket,anvil
9313d9011005603859494c196f32964113eeabfdd82f3040ee198ebfb10fdf3f,170304,publishUpdate,anvil
2398d99211fda9a061951318bb9cdeca5a6ca0aad6afc6b86f4832229482e4d4,132602,reserveTicket,anvil
d20200639f7e43f19252c65fd830f7b698d4e13c67b1a461c2d336ce13524a55,170292,publishUpdate,anvil
577db82ae4b6e6905b63635646532cb315e08b0eb86b0cdf574db85b1737fd18,132602,reserveTicket,anvil
d2e289e85fdb6581a6b9c65be362bd30b7734fa9d92bc69371407d4934851bda,170304,publishUpdate,anvil
585f735d3c96d98a672c6e5a76c164344a11a6ae0c695fda7988cce62c965517,132602,reserveTicket,anvil
fb6b8b48e5c8b2e07181d56bd29e2c4beda76be14a7041351035fa2622c7d276,170304,publishUpdate,anvil
1088db3508a34af132ab7b000dbbecf2b9bd5940e995d27dbc7c4563921225f4,132602,reserveTicket,anvil
77d6d5c2694a16fbb9c60a12e4c4cbe401a98ff797874521da0eea9214f0bdcd,170304,publishUpdate,anvil
e4173fd1ae3f459270a32cb8abf5da843d5978dfc59d7122e6399bb606d18ed8,132602,reserveTicket,anvil
4f8b7fe7f60a869ff65a7c55e77a92b7151016402e27268386c91e7a0683e657,170304,publishUpdate,anvil
60dd90e6f4c715c02b0926473b3496b4bcb1e54c8786243c4be2b34256f4392e,132602,reserveTicket,anvil
2e44bd84f01a0ee496e1104731dbdc62e44ca05ba609e01eb74b794a23051373,170304,publishUpdate,anvil
2db5587e9513ac612c877a2e46994086cb4526a0071d945b3124e79470610b17,132602,reserveTicket,anvil
7610dee7acb60527b47ac0fb8bdafa0db15d9860f5427522f5f96f4226924801,170304,publishUpdate,anvil
6c5036a7fc31a5a5c92ffa66092338624ee5de34f60ca0f0f430d27e1674baf8,132602,reserveTicket,anvil
91ad3d085204a1cb6f7f60d3f63caf1cef077ed3d5c3e97a2f149c2e7c9a56f6,170304,publishUpdate,anvil
ac2be441833dc66d3d63dbff6283a8c3d31172edf9c52298d5cf3cf53104b7f2,132602,reserveTicket,anvil
a7433d1b0ea496835cc3c342b7f1f6c70ff72533e9df528b37f87f62a115b3a9,170304,publishUpdate,anvil
8289bae7f7611b152bece6f06160aa7f653912cd8d08c70b84d9c5d846369f04,132602,reserveTicket,anvil
d7e25cee3e20d80f1033864c23792cd8cc65292e0f47fed4dac60fd8cf5e0457,170304,publishUpdate,anvil
ad7f7f0ed60be741d18ea5b26a103cc86215693733a7fd69660b2decdcf0e531,132602,reserveTicket,anvil
29847bf6782b4fcf268e3d3e4be1ff6250c8d53dff283788f816d147aee10495,170304,publishUpdate,anvil
294d32963ea9740b218b0df769753115560cc8cd303b5983362eb11c11287812,132602,reserveTicket,anvil
875aa1a09c7e683fbc20d8735b0cefad6f91b77415aa9932023840700cded1c3,170304,publishUpdate,anvil
8fb8f52c1e7e35f9f2d202e0c7057ee3d026e40ef53c795bd4df566d9a011407,132602,reserveTicket,anvil
9586364e18794de46ebcea24e1c76c231b94f6e47575363e824b1561f7b27e38,170304,publishUpdate,anvil
16b44a9417be8699a8179487ad91444d1b07571663f69eb882ab6bba937ffb1c,132602,reserveTicket,anvil
096d5845c30e34451239ec00390f3e2a877c4bd7965713d492f866d7b0b9df59,170304,publishUpdate,anvil
d92e6c007843653c8670debedc4034db2c1042ed4d90a254bcdec52b2791940a,132602,reserveTicket,anvil
6cb58f61f6264d49fa9e9e7ca1e0f65a1471bfa3cb62f1a95bbfea78030dc51d,170304,publishUpdate,anvil
c0b9253e0809d88ec603421b6afa6957122e8742e26840bb41a4b1f74f1fecce,132602,reserveTicket,anvil
a9e02120f0f4f67f9db85ee365e0f93204ebc4dcb7f59ede60e8a64001e3e6c6,170304,publishUpdate,anvil
8e8bb91b8094474ffc78259e7dfedf209aeb982bba199d62e57228fcc80456e1,132602,reserveTicket,anvil
01a9c12a066a46761ced505d09c6a90cd65ef2f64a9fc6c00e46011960e3f7e1,170304,publishUpdate,anvil
8a43bcc9a85ce3ae5c686b53097c0fff5c4ddee72e88877514d9c10237d1f6ec,132602,reserveTicket,anvil
822bda9599c216e3b8a1f1acc65e1e244e5641b277fd45f1c8752900bedf19db,170304,publishUpdate,anvil
fb24ca6ded762cac7bc4a8a7deb41038bd64e86606b6763841d4b0565ae6e295,132602,reserveTicket,anvil
6c5df052f7134852a40e27552c9c692cffbacf36d02c4900e6d5c9a9377eb50d,170304,publishUpdate,anvil
fc9c890a8a10f214e2d56ae1a521e674c0a099c88b1139b56c23fcfd607f558f,132602,reserveTicket,anvil
2bf32ac01cd75882b461da8448d838f95d82e0c078d813b1b68faa89a58e2787,170304,publishUpdate,anvil
0960101a0149488859856959cba3db434f01abfc5e998d79f3cb373c97229ab7,132602,reserveTicket,anvil
37b79410cef124690a15243ae51cfd3a7c301b758f90c705675d9a810337b428,170304,publishUpdate,anvil
c46f98d570823f8e7c93645c9c092307cbf1b6d19be5c6c8d19a95003390bba5,132602,reserveTicket,anvil
8bb74617dcfe6ef4c3baa355b704a4c9dc3b58f9e9cd70f1a14d22bb8818105b,170304,publishUpdate,anvil
622fa2b555a24df9b3de5ee67110590b91c55c982e2bb754eb2be4470bbddea9,5167393,finalizeRound,anvil
88624f30abb1eb0a9b942031f97320908ecbb75ea30481bf7e1d00d362de5cad,31256,fundRound,anvil
6d4ef9c20085a53bdd9cbc30e051152ba492a08f84f520806cd2cb61a7e6eb2d,132602,reserveTicket,anvil
829ce2da6056fd083ce6018c694320d32042c01d97135c28be63f73286484b91,170304,publishUpdate,anvil
db347da2e0b66339158b13a1530050ba808425e3d672a8e6dd4fed82e7f78e53,132602,reserveTicket,anvil
06ff7a6dfc7cedd1f6a7d375ce090ec563b5a6e33e985d3563947a67c0a4ff84,170304,publishUpdate,anvil
57fe12c439d0163ebf05bcf67647f5f9a22c24ee7c67c002b88905874e046d61,132602,reserveTicket,anvil
322da02212051477205e612ca7e2416cfdac4753a86cd85bc0752b08e89bb9ca,170304,publishUpdate,anvil
f8df3a328c51f5000bbb14bc4732584e4c0b791296e40a08e6c977806f51dcfa,132602,reserveTicket,anvil
cc045e22cdcb37240f6cf1c43bb2b36e32cd567d7f176d81e514994f846659b2,170304,publishUpdate,anvil
4a34a151dd01c077f6125ebfa97f458e09a2a234f359ac7da26b2a469997c207,132602,reserveTicket,anvil
4f611eee6f1dc8d32186b246af9ae53ec366f3c3bfaae5fff973d393990f476a,170304,publishUpdate,anvil
906b77a03b5de73aaef74ca4f1bbe058aba9ec5913e39ab40fb6aa3ffb4b15d6,132602,reserveTicket,anvil
6ee654b8fc4ff7dc9689efcee3241178168dc3765ee3f7f07aadfe103938a117,170304,publishUpdate,anvil
edf549d6f4604676774d0abcb1cb67e55b0a8c4ea8851fa1ce4019853a7eb95d,132602,reserveTicket,anvil
ab6ad7f494e61818a6867b5aeaf89e5aa775ccf91f3b97eb3e5028c14e45f698,170304,publishUpdate,anvil
fd1d0a4df6446d64af8436d23bf2770fd402031cf889a610fc27149f69dd23c6,132602,reserveTicket,anvil
8ae628779d80bf75e173ce1658082c13acadd3c461ccb210e2dfce0d3e1ffae3,170280,publishUpdate,anvil
f68ab1d8d48f6dd41dfe1c63290c94f08a906fe52f7a711322ad00e050e66b3f,132602,reserveTicket,anvil
df7b641261abb99bd3395e6487d1f3c60774bec0be100cd929f53b38212f4693,170304,publishUpdate,anvil
27ed301c5a704ad935b8125accb4af57789d3bad5447ef016fd51458aade89c6,132602,reserveTicket,anvil
9a6f380e2e2476136320629acae347e10c70d0eb71874e59fe1518e4e07048bd,170304,publishUpdate,anvil
62e2fa9b0e8b126e737500bbeb3444168950f41f7fcd6e97ddb342478da62c6a,132602,reserveTicket,anvil
142c362b3c74e01f8c6600f804b1d2d8a0c4fb2aa224ac1fb1c17a37ca9abc49,170304,publishUpdate,anvil
babbc942e05b5378d1236eec451cfb754462c5b71e079775f1790ad9139a3cc2,132602,reserveTicket,anvil
f71bba6bb535ddd7aabd957406f8b5c7569ef67ee021e1238e908792484df241,170304,publishUpdate,anvil
28543cd9ec43bfacff8c76e10bab477bf412c6df851ecc1a098e1635fdc1b9b9,132602,reserveTicket,anvil
e74a676557415179b36c225c9193fc278da2614e19ee940ee6c97f8e34664fc8,170304,publishUpdate,anvil
392568a9c6e090e15d8af39ebcbd4a41969527b259a1026e5d078c42545aae7a,132602,reserveTicket,anvil
b23b5653351d9e11c6fe1189601baf003964329afffb016ec02ac104f2913c7f,170304,publishUpdate,anvil
8d0ecfbd42862c01d7dbf6597b0b6d4d21feeb94d9730d45fc986919bab02cf0,132602,reserveTicket,anvil
92a70b29f6525c76224a421995816bb343d9c55d9f8927e18b7efd2f2039337f,170304,publishUpdate,anvil
1b1cb90f2818d71c611c38b61083bbec128db0c79b9bee4fed02c400e73ca07b,132602,reserveTicket,anvil
e7d55e53061b3dcd4f4a98f7a55bc59d4e00603ff512d9342e93185ab8be6ae0,170304,publishUpdate,anvil
6cd27e20a4eb1d2088d6ae1fbfe2cde1f82dabb164d6f6530ecb0c698ce07bdc,132602,reserveTicket,anvil
4de9e1515c643109fbd95f69590ab11b3245863a4b5ff3709096e8c8fb260592,170304,publishUpdate,anvil
9a3b77050a794fb3e16b396b12a1532641df4b0bfb94e17cabd50fba0b04d595,132602,reserveTicket,anvil
e7a8e3f0a932c042614e5de2e9798bd8a7606157ca0698eec6bb00c16244748c,170304,publishUpdate,anvil
14a240884ffe16b5cf76a6459fed6beed0c5801a31bf5b025f53da22adbf5a22,132602,reserveTicket,anvil
9be8de73f5f9f5b37923044147c2eafbf7e101d6b90b5f4b6593df133cabb6fb,170304,publishUpdate,anvil
f65dbcc2dcfcb0fc45e43a2dd520e5035318a3d72d7246bad1d4225b1e16a506,132602,reserveTicket,anvil
695511bb08174422a138377e5d63bebfc810fec4a49dfbaf7faf0e534f279dc7,170304,publishUpdate,anvil
dfd6e62d6a196d7989b4e4c64862dd57717c88012e38615534f818b3b3af872e,132602,reserveTicket,anvil
84eb8018163db065b901776ec537dae6df9f9fb00e38d092839f47bfa7f1405c,170304,publishUpdate,anvil
37716f5145cbce33b91e98a5c55aecbf0a9f62e1673622d0f7f968dd9fceda83,132602,reserveTicket,anvil
d998d25d07c9a88c38294d85fbaa3198581c8cda119264e9a8557045001117d9,170304,publishUpdate,anvil
02ba263b7a525ea3156dce17ccc54f61e1a0f362862d1ec1f5bbf10ee733ce8e,132602,reserveTicket,anvil
da22796f36bbef32e4d7786850da01b4a0a0a9da479874d6a4f302fac34a3703,170304,publishUpdate,anvil
1e10a946405e15d3bcb630a1437731088758f78cbeb0777bcbe82dddedf46484,132602,reserveTicket,anvil
5f0083d914a8ac6619d611c2197d5cbdefe54fa41546277c47b15ae8f68116ea,170304,publishUpdate,anvil
c43023344c7a483e5ed17245bb396a2c95a575aac273945f79138d4afac10b5f,132602,reserveTicket,anvil
a3254a4740fe92535552643b065b467f9eaa15a9858b75a3c98e996f44413904,170304,publishUpdate,anvil
354174db14be8d59a79ed40db611cf0dd3060403015c74ac10cee284a1d66286,132602,reserveTicket,anvil
d8117807c451c1ea52716b1050ace9a5c261a53c83e6631b5d21c29a6bc9033a,170304,publishUpdate,anvil
5fabf18a4bc3fdde08ff6d00b047685af324aee422dbfde103411a8956564c27,132602,reserveTicket,anvil
c737524c684201c86471e3fe8b8f750525697f26df0580fc18cb12d82f7b3a9e,170304,publishUpdate,anvil
70550ca9bf7d2103b6cee9cd59795e9efecdadadb8137a305e7d3ece16ec19b5,132602,reserveTicket,anvil
0027abddbe2bee25e7eac057a6b69c30124ff84e2a1dd6414ae1d500b1070ce3,170304,publishUpdate,anvil
87452d6420f81d468fbdc4409ac42c7110853b6cd4c92162654030692e0863d5,132602,reserveTicket,anvil
1fae3a814dae2681407546e2b686a83034dcaf5b4711b6e07c5409f325abf821,170304,publishUpdate,anvil
db9503b9594b6481552f5431bcc90bde269ca8cee8374b27e1d37a33e7f5bd40,132602,reserveTicket,anvil
e1f43f5904fd76f405d5c86a2f09f5f41e4af3d634b9ebb2dda02b427ec9357a,170304,publishUpdate,anvil
7bab1d03524fff609d2215149b860aed0060f12714511f1fb452a9277d86ccb7,132602,reserveTicket,anvil
5bccd2bb3901b3e113b025b828b31e3e1e75bf9ed1da115a4786059b9b49fd52,170304,publishUpdate,anvil
016e557425ea3b1d748ca2a1f411e0b608d20ea141a534c561d0a6ce2491774e,132602,reserveTicket,anvil
2341954025a8490cceff00a9adb6e4a1c4d81667e538db27eb032cb597aa7a88,170304,publishUpdate,anvil
eebd7906943a80b03a290866b81174a32a998ca0e2ad16a28e9511833a142fd9,132602,reserveTicket,anvil
4299b2a8ab00ce2951192785ce7f3fc471a856dff625330993fe7ed09be69ca1,170304,publishUpdate,anvil
9eaaaf757e098eb05da9ef99c243f3b7115c5aa7fa778ace84662e97331bd2a3,132602,reserveTicket,anvil
e0d5040c69ee41966d042e9bdb7b64e737bfd3eeae640d0f4b838862861428e8,170292,publishUpdate,anvil
44c817b516cb950ff6728defef878303f2a36d2e3f3fc356a7a54958638d6a3b,132602,reserveTicket,anvil
72b89555453b2e36f0636730d4198f768466b625e239149bb852eb654c183114,170304,publishUpdate,anvil
ba5a0bf64d6330104fabf5b7b1681e54b911e94f7278e809188647f0b0fd6854,132602,reserveTicket,anvil
fc7d35902d05524eb6224e9b07a16557c55e39c844de2689069e2497ab27ba0a,170304,publishUpdate,anvil
71dd52a85b783d019071cff96463e9e0e46ad3eb8e8794defbd45f1c0d5c7f3d,132602,reserveTicket,anvil
d04fe3bf7d7081aa739984c14b9b02db37739b09849a7ed7cea339d472574df5,170304,publishUpdate,anvil
029ad5fa846d7463af1135230ec28f71bc1a81bdfb13ad4dbe6a37361a6678f1,132602,reserveTicket,anvil
734e6aa69b92051390bb36c38af5403a73ee5e9c992c086f021e9dcbfbdf1ca9,170304,publishUpdate,anvil
b15dec8d8d010ecb1f8164be379374d46f273771d2c901b104379c70de024719,132602,reserveTicket,anvil
802ebd148dc734189c92be77ac9b18795db9736d34a0aa8e3894a814e505b841,170304,publishUpdate,anvil
2a2494f86c744786501b2ad580342fe77e8d154a9f77fb6df0a482c58e575f33,132602,reserveTicket,anvil
fd8dcaadd13fe7130c1691a27d2527afa9ed919583313b9ee3b44055e08fdc6e,170304,publishUpdate,anvil
55273f9a281099aae20c2da969cc7b0c09264ad17513f222723914669cad909a,132602,reserveTicket,anvil
a3cf4e2a86cba042b1466598b4e60e53a9f2d61f106584ce6d7181c6f6cb9ddc,170304,publishUpdate,anvil
1caa9feecef61f261b889e83c46c0d393dc3607b1e7122daf8853758f5eae501,132602,reserveTicket,anvil
427ec73dce303585b9cd800968e9a6d7605aee427c2d9a86e54d541bd4900c28,170304,publishUpdate,anvil
723b889ab5b906cea37a3bb787f037599122e28ce7de7376bb1552042ed31b4b,132602,reserveTicket,anvil
57bee385e94e1e9636476a4300ab78ac25193fd8246c3dbcbd6acca985018da3,170292,publishUpdate,anvil
b0034c27b620648f73d9629b27e2796156e169608dfcaba246b91e03e9e4be2f,132602,reserveTicket,anvil
7f6d61f24bd3eb394f3855c1ac0505008a178d4a320492701a9149e574f1baa9,170304,publishUpdate,anvil
80df52127f42172a48cd643bf227fae4cf559592cbeee4870bc2855ba21b9c4e,132602,reserveTicket,anvil
6f0a0871a6508ece5fccbd3ac1f42f6dab9131c263cd1aec290efda530a13a72,170304,publishUpdate,anvil
2f3dd01fe1e542f321a404c29fa4eb36c132b38b7d3a4fad5768748e93f6f17e,132602,reserveTicket,anvil
8bd7971d17395a3a6ddd6cf7802e2b6ef1a7f124e669f06e731bbaf0aaac9582,170304,publishUpdate,anvil
794a6ad5aabf9a53c23c7d9eb1d8dbc87c9eea97e5519bcb65b0237b7a29ac9d,132602,reserveTicket,anvil
e93db351ac6b9994c7a19fa58087d25bf70d5d2abbcca66cd4b2e0aa0e7bad6b,170304,publishUpdate,anvil
1518f2ef7580714834f8ba218ce28655c7082df2ace8ff608be139f5f4e2aba8,132602,reserveTicket,anvil
43efb780183fc8892a23635cbae34a61ac538d43c1e61b60d7ace9da50c02e7b,170304,publishUpdate,anvil
f91e6bed33f81d8de261eb69d8504f7c285dc15eeeaaffe55a9f2eefe4e8faae,132602,reserveTicket,anvil
48ad104f96e0a338eaf28913b7233a4d828e286f518ecc20e758b6916329da86,170292,publishUpdate,anvil
08f308f49b80ddff0c0da5928ba93309c5809f6855637d3d72c88832f6b66519,132602,reserveTicket,anvil
a4260480261e9fdcb4f6007b1f6b67bc765756e76f92a9c1cbda88a8678851a6,170304,publishUpdate,anvil
ed7b172f22c8d9319fe8fb2f15c5a7128b36dad520496a0305aa3bd1521a47fc,132602,reserveTicket,anvil
a3a4cf3e9dfb37b260538405a97769e3be6e420da763d51f3ad68240afa98910,170304,publishUpdate,anvil
b180e5aff3e48a3a40dfbd0a7cc99278a0d3026efb43a7ef9ca29c2853a8bf87,132602,reserveTicket,anvil
2e487de9b2144b09e4e166e674e0feb55a3a82c8102b3bd92c75beb50502dfeb,170304,publishUpdate,anvil
cf8eafd59f8a84727745adce8fa8539a28fbde6fab9edfec21f53c921955481c,132602,reserveTicket,anvil
2f1c58a2262d2fb4e3a990d1031104c65805af630ac7b7194fd8f7ee6763ad22,170304,publishUpdate,anvil
64831d5b6ecffb9ac49146e3d1aac04a559c9d52b1a3e48e1762a6b11deb5e59,132602,reserveTicket,anvil
f74deb29162c2307add590e9cb7ed1cce623c7545a48e8c37db02c5562317df2,170304,publishUpdate,anvil
b41dcf3fa39a98f43480228586bd2dfa0eb784033b7757c6a3e20ec42b07c06f,132602,reserveTicket,anvil
dc6a6295a3df6215dcce54f805a26e8099a967ac2159af142f1afd36f8031c32,170304,publishUpdate,anvil
289c46dc142c621d9316ca9313aedb2c6dbfc600b04d330e3db97d839208e611,132602,reserveTicket,anvil
c471acc85a5e2e1690fa9ab33e9950beccef82715144711eb532ced8faef8648,170304,publishUpdate,anvil
db38753615a577a8def61a129c84d80fb3084745f76f61d05293ec6adadfcdc1,132602,reserveTicket,anvil
541c6e926bf3f8570f6388577f0aadf34a1b429af8f34336884ee72c5ce7621c,170304,publishUpdate,anvil
90e24c5592993b883e47ccd183360db7d8de2c722d1aee2416b2504ca78c7c24,132602,reserveTicket,anvil
3ecaac614fa5ba406849621ba92e337073652b28d13b881e224a2077d1452049,170304,publishUpdate,anvil
9ac8f7a27dbb30a8f4400285d4900a0e2d471c52c7895046dd43cc06e8a9b771,132602,reserveTicket,anvil
768a136046df229e6b43cb0021797945cb204cbc42f9cb87a1b9fd8dc409f767,170304,publishUpdate,anvil
a0a4522ce5ee6b319561a521278b806f18112136647a3e65c94f4edce4551d02,132602,reserveTicket,anvil
8a92283dcc23eb913871ba81cb2d1ef69e69483a870b3db645c465cb163a4609,170304,publishUpdate,anvil
7e08299cce69cb24a2ded85ed8be26d5a71a61568ba6c6d40649bda1406ff30d,132602,reserveTicket,anvil
a3b3c1dfa160c60b5712ec5519e34af966d3393f78869dad81ba45274dd8ea9d,170304,publishUpdate,anvil
6450dd714b19f736c200dc957ffb27792ebbf73c5005b1a2d4d67c72b922fc83,132602,reserveTicket,anvil
0b54795d0a24cf467d044806a615bb299226f41d39f49ff77cad131a1dc8480a,170304,publishUpdate,anvil
f6580da32f5df0eff73341b5fcb89a2084f231bd6447f8e6a38600b4cd009aed,132602,reserveTicket,anvil
54addcb4badf8fcd631bbc7bcfadb5e6e7febd34805b2507eb4440081c78be91,170304,publishUpdate,anvil
39378e888603b0869c11e56872c4a1de267e5d24f5992a5f0c03004c6900079a,132602,reserveTicket,anvil
1d650912e8b1abbb1bf3077f29d7f03b45da0c5e3100d27c4df8fe9863c2e388,170304,publishUpdate,anvil
74d3342c3e3fcaa429cc13d79786f5691a43b9bed2d455e906e810ba25b76672,132602,reserveTicket,anvil
028e1a5da74086382bbc8b5b9926221efaef0679dad20baab0ae3c40b2f5d2d0,170304,publishUpdate,anvil
bf20d31552dce039212bab55d4cdd2368c003cfa2d4c9d3e714a3c9dc9f9c898,132602,reserveTicket,anvil
600bc30f0ff90eb1089945a9bd3e6a5a7eb8b64c2b9728a58a46fe55aa481ffe,170292,publishUpdate,anvil
272a8512693e879e95aab8d2a50a2f3ff4e126d925db27901afe7ea8880e779f,132602,reserveTicket,anvil
c1fd7521d25c864d57640915dff446d0af4cf23150a7b72f0aaafd60218d9855,170304,publishUpdate,anvil
4c4fe4edf0016318197c2fabd78a0272bcffffaedf2e69c5c2f9ff3757a78a8d,132602,reserveTicket,anvil
df92ca0fd94305d95665de3029632975e1cce947eae056787b9f7c3785b9373c,170304,publishUpdate,anvil
ab1f4c3f1bc4e583aed817e3885dd1299b42c6a404db2136f9330dc74e13dee4,132602,reserveTicket,anvil
9c7d809b53e26fc08e8233d59338f202d3f7f065170f6431dbcf07da19627a3f,170304,publishUpdate,anvil
99d3fc82869fcd7c666e487f5612f2cdb4eecf6aec28053da803871ee0e1293f,132602,reserveTicket,anvil
d52e63ff747b85eaec5d3c2537aa0b05382b95d5f3cc2e5c9879f50a40ef9d4d,170304,publishUpdate,anvil
82b2b8e6818c38cc7fb67cd76cdc4b2d6ccf7f35a164b810843634e5fd17f5e0,132602,reserveTicket,anvil
1a7a32c27d204b8e49d12250f4fee6f76988c8120c08cb4d66194f755f1f00ad,170304,publishUpdate,anvil
74c57514543df6473488bf1dbbc67a39e712c784a7517208f63722c65e03e230,132602,reserveTicket,anvil
f6ed0ef102288b7f8a2f97a6db531eaef539d62183eb8504416cbdad97121db8,170304,publishUpdate,anvil
d417f39ba465f45bc0030647537dde48f55230f5b3d92e50bf43a7cd4d85ac7d,132602,reserveTicket,anvil
f37ba863e9eb3624e335c6d2d043aa36a4d64f1ca47eeb474f5971da085df07a,170304,publishUpdate,anvil
e397b3c0a38b86195d00ece00a64df5586886f8a3a8b875c3094c5d89846c9d6,132602,reserveTicket,anvil
a2e7c71d4e68561cdca1015a47ce0f4791a3679f4c6561c13ff05d1c5effbf58,170304,publishUpdate,anvil
1a76e122855cf2d0c1d5a23b49bba0bdb4dbfbed1c158b9c13073ffacf47ae89,132602,reserveTicket,anvil
6d077f4383717b45e1f6c165774dfcd3926186c8266ff6c42a6de6753d349216,170304,publishUpdate,anvil
859c0ba0e0f8635c952002a7d391da673b1609cb096ee90935b961c95cd4c405,132602,reserveTicket,anvil
2c4c68ea585cb1f658fd066c3031a7c305cd4dfc8e321f67ade8961211bf531f,170304,publishUpdate,anvil
364b3415dd0f05951de01702b69c4d574510558e9e691cb5c72b77a90cddeb5f,132602,reserveTicket,anvil
3f8eb2a975c1605e1a060eecd73e57ba077841852e8f5ab8788098153f2a16a2,170304,publishUpdate,anvil
7207477ba323b07cd37965c0a32bf5783da040e852bce2231b9dbc3b7bd41fe3,132602,reserveTicket,anvil
19143a4862c1c5daef224c11c2b31e3f3bbe68b1e1ea879f47a5f773b005c7e1,170304,publishUpdate,anvil
402658422c34bbacb7e9e552b9f2c7744bc55d303c17adbc781ab39046219c9f,132602,reserveTicket,anvil
246257724c401e7b9bb9c27a918f07dad479494c98cc79435bc8568efc659554,170304,publishUpdate,anvil
af0d6c057a7559ebfdf64e98777e3737146c512e22f82264575bb63edbf6a3f8,132602,reserveTicket,anvil
2e5eeda42987457c11b7a980cd6e14007e095260dcd1fa194fad2e8f829ded18,170304,publishUpdate,anvil
bf3e1a78943a64e40e85e261d3a6ccdbf78f56d5d2b4e3d3f8961153911e87d5,132602,reserveTicket,anvil
09301f33950241b6d712b5a11dc07a4ae6e12664279e555bd357022e9dd62610,170304,publishUpdate,anvil
9d4acb15d96f915ea481f3d7abce10806c8ce6e78835585bc8350f91d11cb4d9,132602,reserveTicket,anvil
4373690767c16d2aba11b35513db38bf4846e88e184c95482eff0d52f2ef3a51,170304,publishUpdate,anvil
0abf5ea77e320fda43dbdae08928bbd888c73211645e1042d0d75142a221c2c4,132602,reserveTicket,anvil
c0b41ad3768c4894f57c03869ced9e7c3e8578c17d15747a76b4f9ee8665fb8a,170304,publishUpdate,anvil
edeb945b019351b72de05221aca7a365a464ec950b81414e18d83b646d2ab8e4,132602,reserveTicket,anvil
31bfbdbcdfcded22bda9e994c7eec9eee043ae148b183b86484994cc1ef33fd5,170292,publishUpdate,anvil
0e20de05765963bed8dacfcf059120fd7a6f5cf53ff9ac5435e355e4cb4d4caa,132602,reserveTicket,anvil
1b70e04ae62ec30681d93ece0bb64b1f55d7b8659f9cb7a7165fc75421f861f3,170304,publishUpdate,anvil
b9a11d6ce886b3d99ce3513773d6c7398fd447c905eda0386846579fd7ef8cad,132602,reserveTicket,anvil
ceebc6af975ff360557ad1aa83718f98b55bbb7d88e02a853774cbc0e8d34788,170292,publishUpdate,anvil
455181fd00470ff8e31e5a43960d144f64deb2683b8ad099cc61fcea164421a3,132602,reserveTicket,anvil
a76817f4a0ce2e8ff3c6a4160cdf37774b0fad43ab141f1c3145a74ed59ef59f,170304,publishUpdate,anvil
fd728ef5ada97b6fad8546bfa69ca0a31f4904f94656a40866b970cb5fdc780d,132602,reserveTicket,anvil
e189ad7d8c30457ede31c9fded126347573d86a4d1f8b02a6fb34492fb597a0a,170304,publishUpdate,anvil
4e01ad7c0925abafb8464d0cda69d6c4125dd80857fb94630be2052d6b640f52,132602,reserveTicket,anvil
003672de2cba742518a1cd819361c190da465cc8ed5458c7a58e4ff5e578a9b2,170292,publishUpdate,anvil
a7ef9819f0f88c7850011b716a22fa9f8f06be0bee4faca6cd8b51cb846860b6,132602,reserveTicket,anvil
4ecaa4846538c893c8e2cdfad530e2f900d0dda8bd4c40e96130e09630cae703,170304,publishUpdate,anvil
7b1cb409f6e4ebed9173d0eddd602583ee62465b4304cb08d477b15c0a442261,132602,reserveTicket,anvil
29337b523f90019eb6d776bdd2df5180872cac2be4460cf3a2890bd741edfa42,170292,publishUpdate,anvil
73eba38d399d76e40af2333aa84c900a8c8a1af105a2d723ff26c1fff37951c1,132602,reserveTicket,anvil
0e4b47565fcf496bb7315b522307075308406fb9a2dbb035c551009c6064e193,170304,publishUpdate,anvil
9e6dab8feef8e20ca5495d90eb0a3fd7c673d6ca6890da89d5e1fc389a73971c,132602,reserveTicket,anvil
e516d090ee71efac7644508623a46aba529ba27173795e648ccff4ed7837a027,170304,publishUpdate,anvil
45fee1e465cba343745b6149d98ff2056e7ea57fa3ebdd2d4d8df2727f5388a8,132602,reserveTicket,anvil
66e82c7560eb40ce7afd322e4548708e2d04ffc1e82dbb927c2cf59c6dd2bbe3,170292,publishUpdate,anvil
3afd189f342cbbb34ec8ed337918d398c6bc1410a218fe51635d026a27a65478,132602,reserveTicket,anvil
fc82b354c315e9dc50f22de5f17edf5b77881b9761fa226c9afd6b5f62bec19d,170304,publishUpdate,anvil
890707d4f645b82f72ad41672e0936f5ce39f4cd383152bf9d7b36803186ea18,132602,reserveTicket,anvil
0820d9d44e0312184eb5f959e53ba3095428367c9c4251a67f0114f03cc69cc1,170304,publishUpdate,anvil
498dcf7939b3ec0fe19eac6164e7df49cbeaad70714a09ead4ffdac68cf652a1,132602,reserveTicket,anvil
deb6e3823504d277accde6ab31b17c3069601add18e6074321d61562a6946a40,170304,publishUpdate,anvil
705808cd09c1decc1ca57355118a9177d96c5bd9d5c55a40fe8faae5366e89ae,132602,reserveTicket,anvil
e2bf99698e251cfa52407e2efcdaf282d69eb4f6589c6eb27687f20b7763ba9c,170292,publishUpdate,anvil
5221f87a4bf1ca04ac5668357a170726ecb22349fbb285ab77bffdf6cbcee45a,132602,reserveTicket,anvil
26785b223695d3005a5a6f30ba7e107cd747c46d96a884f550e8718449246e61,170304,publishUpdate,anvil
015dcdd73741f78ca377aa4a5b37d79d82d95e08971c689af5bc0dbb3e04dc6b,132602,reserveTicket,anvil
0f193b7c231dee4d4790a38992e19e2655c0da601d5265e2abb0324c9b16845f,170304,publishUpdate,anvil
8c0552d5882c4e50fb0f447d800cc7087ab5069773904872848f3d5825415cfb,132602,reserveTicket,anvil
af8fc26fbc7b979113909df48c0bbe8bb552550d72e17f2760d7a3705c2ed99c,170304,publishUpdate,anvil
301af72eab590f028b5f510a076ed84df027610e0ef307ae9f8bc37ab93357d8,132602,reserveTicket,anvil
891e4adddb85ece6e5d2ae3483a1e339f14bb3b6b5a5f279eb03869136423f51,170304,publishUpdate,anvil
5fb160afe5161c4c2575c1a03fd223789e6c08e99706632bd21894f0653c325f,132602,reserveTicket,anvil
c7fa3291976af33cb9fa03be4ab952b0f66776db5d9c8115a270a849557e116d,170304,publishUpdate,anvil
22891e16d478cff610c7e0a47f6ffb1c2642011e8007ea50afcc100c1a1e6782,132602,reserveTicket,anvil
3a3cf712b0d751e8574ffd2427d19c94afe5488360f52148dbd5a0ca7c6eb19b,170304,publishUpdate,anvil
8b34bab829d14740b9555f64ede5f474b032ce8689451313efc76044ddcf0b7d,132602,reserveTicket,anvil
4f3afb8d80c5a93f6b6e02a80e628719bc0b084523c66eb9acef0065b9e717f7,170304,publishUpdate,anvil
2700a5c550497c6dac48f402c649e07d6d84d7246317d1550d05e5d75b9f62bc,132602,reserveTicket,anvil
bbcf01f30bb6aded71ad411b865255f6d85faa34566918836fa1d649b2ab2ed6,170304,publishUpdate,anvil
83b3e24493efa95d04f8af70e5a7d9159803f12494dde28185ffe2c51982d5a6,132602,reserveTicket,anvil
c163ad8b89f55d0c5008ca7b4e2c9820300c025cffb93e689f5a4c24be6013b1,170304,publishUpdate,anvil
f51851c80ebe11649f06c49b32489e3aa765d70e2645532525faa04ea5e9ddfb,132602,reserveTicket,anvil
d3715749405afec1529b12520aa2fa3680dd6b6acea676db69e55867dcafcbea,170304,publishUpdate,anvil
5bee6e89655391458970d41f2a6ab60be484790c28a6ee5084bd93b7a82cd3da,132602,reserveTicket,anvil
9d78f62d1d41773eaf8d1d478212573cbb528d693f8997fe0c8d055f4c5e2070,170304,publishUpdate,anvil
a146c3727ac8c85bc20df4965ce140bc86b73b28e5bbd2d96df938fe2e0b5165,132602,reserveTicket,anvil
4f0714bac2a39d95d4286c52ed68ba5b066b822689d8c9aff5b813a266a1b10a,170304,publishUpdate,anvil
513e728bdfd4689608982419b8183017726d9d6f6c66d4f940adbd2bc7c5c1d7,132602,reserveTicket,anvil
cb8426fe8a01da7b5df6984113965f2759ba2ae14913572a62f6cebabdf5fb73,170304,publishUpdate,anvil
9ca3759dbad62b1afd378eab9aba26526b03fa11a9f90a0bdcc027e254df94c5,132602,reserveTicket,anvil
66b85969992b67de383614f9ca527a5d704e1257e5547bc0ba21b67b1dc5cfce,170304,publishUpdate,anvil
fbb1a0bf6016794b3d6b6ffcd02ecf18608ee00ba3a1cfb6d8b01211d8617409,132602,reserveTicket,anvil
6f88975c13b82f86bf3989d2246c13f0d6671d01a8c1cc352a0d388c305f93c5,170304,publishUpdate,anvil
e180deb02ad3136e25b92c098c08b82224b4f1727adbf015aa17eaa945658867,132602,reserveTicket,anvil
881f10134faf2bd9aa0a6966bb041930928ffe66d9f5882fb448a51d4599590c,170304,publishUpdate,anvil
2317f623e1bb323b085d59502a16ac291f23b675fbc742a4c6d2c3f143578a9b,132602,reserveTicket,anvil
5b3ac249a85f3cd6f40cc72f2eea6a75fde0d2ad6db8d776d056c5e890a915d8,170304,publishUpdate,anvil
2ca79f90692a5bf81d3b0cd952be56c329e3d6dcd67fcd26899bc464741eda5d,132602,reserveTicket,anvil
4399782a0f289015d2ec9fad3731cc71ac00ed7f77aed8dcba1514f9b7c8f759,170304,publishUpdate,anvil
d19cc04f0b56583d851fd785366189b1813a30557bdb8bbf11f0603e2de1c0bb,132602,reserveTicket,anvil
0311a7001755602e11842ef26bdf3d8354837b00d5f048a0eacbd3e304d54884,170304,publishUpdate,anvil
1f97f1107ef33ae88530835f0905b5f2ad964b653752d934127a02f843d036a4,132602,reserveTicket,anvil
5fdbc9ca1026135a2f8afcbf5088f54809d6360fb43e6e536412b0253f10b344,170304,publishUpdate,anvil
1cd3ee1d1fd8341b7b1761a52d78957bdaf2a44f7b7da5322f68696bc0c88870,132602,reserveTicket,anvil
53884c7bd65dde794c8b07814be617cfc91d4ce480e73723e3b257a2f27b0de6,170304,publishUpdate,anvil
4aecf974ad9b725be853e438a8d543b95c3dc1c167e56c5b57916b959bdc8cf6,132602,reserveTicket,anvil
44c0efad7e6cdbc5f28826b899bc0ed9b5aec3b485f9c1a735edbf0c9887fd56,170304,publishUpdate,anvil
447adf19598bcab56a72cf538e286b229da4a9036af476219ee78a3215673326,132602,reserveTicket,anvil
a2dd85d0a7e465c402327770062fa146bd00223e6705c06773f99707c5232eb7,170304,publishUpdate,anvil
39ee55944d1bf67675d7c05eb1999f883609e9a03ccd5ef784e2e6c158c793a2,132602,reserveTicket,anvil
b0b1ac9bfc62945762dfb656cfce52cac49ecd64579b6b6f8a3ae2af18f24fdb,170304,publishUpdate,anvil
ade992928519e8400c17f419dc3d30238835318b7db8a36bce9722b863f2a1ce,132602,reserveTicket,anvil
d8a08ab0ce454e9700cb74ab9af431467ef95d378224b99dc7d1576894d0403c,170304,publishUpdate,anvil
6c3484e971d8b26686faa62487842c9f7e7c5eba084dd7bd308691584c3e902b,132602,reserveTicket,anvil
a80fb39367c09add237feeb1baf37ad021a0bdfa5591981dee1ff540760b7bbb,170304,publishUpdate,anvil
65747878aeff53b9d80400383e94cdc2aa516c0a92de63661049108a6ace1890,132602,reserveTicket,anvil
2222bd4a644daa0b3bde9ff01a7b26f5eab9a6dbc37a0ddaf3ef33f1b0b85cd4,170304,publishUpdate,anvil
0e145ed2d1955a1de70f87f107aeeb6fa4a2e905f6687a77d76fd7350738a110,132602,reserveTicket,anvil
4da1bcac2a718605dfa3f549c507d12c5c218d54ec73f241a75864bd8418ae3b,170292,publishUpdate,anvil
cd1a333ecb10e689d31456ec1377bb87981f5587a475458ed99d4d17a97428f6,132602,reserveTicket,anvil
b12fd60d1af5560f996cb2a97f3090b227a6db87ba5ee7403c84036aef1557cb,170292,publishUpdate,anvil
efcadb97d9917584ac9133b49c5ea5431ea9f8126c40081bbdae7eb195a5a892,132602,reserveTicket,anvil
20803173aa05db6f7d6eddef81940f5202df90329fdf8595c0a29a4f62e02b43,170304,publishUpdate,anvil
ac461a8da982828b8c4ff0e08270257faf0d2199f5afe316d222e9a754fcff07,132602,reserveTicket,anvil
d68121cafda7a9495dc66fdb83f78cb2ebaffb7f25b5b31a6d17e215209dcdd8,170304,publishUpdate,anvil
0cbde8f4f2b775335dc6eb1d51372e20be2da017c6df055a7e90e2693210805e,132602,reserveTicket,anvil
366ae8d059157987b237a785e148131c948d65a4a20c761abb1a50ef2f2a2de7,170304,publishUpdate,anvil
834c729814af628b1cc96f3545fa004a396957db17b1e6573a8257e08e063232,132602,reserveTicket,anvil
436d32b9914f014d458d8ba71d9667d342fb5f512cdc760dae77a17c84a5cb76,170304,publishUpdate,anvil
ca946bdfab5686911e33dcf76a6988b4cc871a95136875524ce397b0298468af,132602,reserveTicket,anvil
0914e3985cf569b6567249e54d7d8c944c0a7e89fad6a7b4e2fb8f8da19d4924,170304,publishUpdate,anvil
ed7fb702630382542283ab7712b75d2ff0232db8e28247f45f77675eec04950e,132602,reserveTicket,anvil
11a4848963d7fc1a815a8d349b742f2f778d937139e2eea2ea6fe4b0b92fc6d4,170304,publishUpdate,anvil
68e2f8f80867479acd4599830bf708c99abd88157b9674257d9d202215b9ebbe,132602,reserveTicket,anvil
abf154a196114cf8134b6d54740fe68adcfa94f5aaa09529f11f8272ea91f623,170304,publishUpdate,anvil
cd7020e25da20475c22ecaf6fa0ccff273bc515059dd8e7e9a7736ee9f3683c4,132602,reserveTicket,anvil
54caad072f3aa49611c244c99539218c4fd645ebcf058ef0820d5c763b696286,170304,publishUpdate,anvil
adf5d096a98b0f2ceece949320da5ec74a1b1faf4a8bf4478ead54c01b8e2f90,132602,reserveTicket,anvil
7c65bfd72c9c614808868cdc8d7228bf64c47855f849202d6f6b1ae15484d538,170292,publishUpdate,anvil
ba98ad28a2c85a8dd2e177a0d14a9e02867ed1268b492fc19bed7232d5b98db1,132602,reserveTicket,anvil
2d781da8d9e876b1c36eb8d45e558b5b759e87b3d6a14db95a36ff69e7d1d291,170304,publishUpdate,anvil
810b8bd72e9e152f7d1270d3ff375132410da66d4034eecee493e1d5eb363309,132602,reserveTicket,anvil
f11654bc627e8b506c722d38d7189fc72702035dc6d06ef83d3aa7cc6ae1cf3f,170304,publishUpdate,anvil
8a09c6e5474688796f873f0eab40d5c4bfc04103358ac857777bc16d1c5194c8,132602,reserveTicket,anvil
ab7c521c651f16ff1f364bd128714b9f5914e33fe558658e0e426a7d6b894dad,170304,publishUpdate,anvil
60741c80e9f0a29ba365f04dabe6a0e9c37b0dd48eef56d9f8076892d5701a94,132602,reserveTicket,anvil
81291d031a5f83cad680d78f300f8fde0efaf4c278755de2de2abffd16a1c096,170304,publishUpdate,anvil
d0a0fc4e26174a8876f05579f6dec6069e8c87e50dc8d77810379e25a5d09dc3,132602,reserveTicket,anvil
5c47c4f926aaa744bfec49a109f4c84d98756449c0f7729451da5a51e41eb07c,170304,publishUpdate,anvil
c9ca6df724b2cfbd349f899c9f86b7fe613d24e77c17823bffb8b0e73eba9860,132602,reserveTicket,anvil
6887d4f80b7ac13ddc419d83832a01064478b5f99692875a7bae96a37c171c6e,170292,publishUpdate,anvil
2e1944e5df2f4b60733600d5183e5f750e1d5ad31af7894640825a2b31c15abb,132602,reserveTicket,anvil
8021c9533e912a5651b3c0c9d5f1fa3b9c4d30d678bddd4b7a94855e35d6e8be,170304,publishUpdate,anvil
04fc9b900e9aab1c2a1ca623411d087be8b998652a46cddd609c9d1e56b0c0e5,132602,reserveTicket,anvil
0aaea34219b10822e21e54efbd800d1c638d805edd119f29e78bb68f38f68467,170304,publishUpdate,anvil
3433d9844ea1ca36240aff54c108492f35c9f43fd0e033b78be08d6dc03f256e,132602,reserveTicket,anvil
fda2cc2fc1584434f9b233a78a961e4502bef3eb71033378613ec23bf9a30550,170304,publishUpdate,anvil
ccaabd41b9aa67ecb1b42152d6bbcaaa0dc88c0516661b6a93e394fce2423b24,132602,reserveTicket,anvil
f349de44de11e2654b85ac1a1e43cfa22699354407924b3296989ebeb8dbf312,170304,publishUpdate,anvil
e2ca83acff9dc4d4f6de98aaa93a0849a60c9b57a84bea95c7b910eae55e1cff,132602,reserveTicket,anvil
dd3d29fe8bd4439c7873ad231de17a43e0f86e23e825b1adf0097d9e652e1da3,170304,publishUpdate,anvil
a1e96462e5b581bf892fd9287d5007cb6f83b6650040a9cc44869346f6d6150c,132602,reserveTicket,anvil
04470524d6fba01e498831fd7412c9b62c684505c4e93b9d288417862e3868c9,170304,publishUpdate,anvil
502a4b02b5e8a9f79787260a5702c9ef575abc6537830e3f8a8e1b2db597a1a6,132602,reserveTicket,anvil
5d67bc4a78c4484b3b267ee41b47dc13069235e484677c55404ea09a44344250,170304,publishUpdate,anvil
47acf73807218b625c51bef13034fffa8d134f7bb3a48b94936fcc628e7c7f00,132602,reserveTicket,anvil
cf5bf6fd8230aa77f942456c372f661709a83b8577919f2ba3f3d0d3777d56df,170304,publishUpdate,anvil
eb047dcd193adc8ec4b45160279143d799751cdf7b6f18f1e87018c018ddcf2f,5162593,finalizeRound,anvil
7455f90e4495429ac442a9592178a1884988a454ac905740ba40ebecfee19cef,30943,claim,anvil
a613b3d129a60aa2d11871b3f9eab0ee21c69c49e5ef46a401324a1a01eb3274,30943,claim,anvil
8bbc4763c451102b0f463b821ceb59b76a3f7a59c6e1145afa0e0dab1d23cbc3,30943,claim,anvil
474bdb7dd2fbd6e27dba63479be6ee2f5b362477f5f34346fbd0ba67137a4a75,30943,claim,anvil
d7e8fd1e132f4d10b67d7d2f0d2ff0052a983f4e91ce97d6ca38c42aba0a94e7,30943,claim,anvil
d52becb13e7b72ef770f74f64bbd6f077355a373ba5c4f7fefdc1d130884b9b7,30943,claim,anvil
8e08e455511f2e8a2d870cae25f0766a4350e1b82c8600e7a7fb3e13f5b92f92,30943,claim,anvil
a38573e397d75594530893ed312a573b2c930054935a6f01fe4a5b0cfef35703,30943,claim,anvil
56264f30005f671d67bc9aaad43df03b30572d515af4f27b0d4b5dec303d978e,30943,claim,anvil
7a2b2d3bb23093a968bbd0d8ef501c3bee212af9d145e7200c5bf312c6eb2771,30943,claim,anvil
88c3fe291819893e1044ee94424e8bf66e1b97c9b1f40283df6008795e2182dc,30943,claim,anvil
f67c2b830f00fb966a9a2032818af283e56374d174c4f8bb5e1c75eabf503cfa,30943,claim,anvil
7ac29274a9ce417bf151805b7703209f729e4893593c8aaadf22896191edc2ed,30943,claim,anvil
ef978555d4e53cc2e6f3565c6c591c6bfdb8a830654a34d1df8eb70c2418385d,30943,claim,anvil
ce7226393597f9ac4bcd66f411a723a1ef8da7ba267f305bd8539d85be729538,30943,claim,anvil
16651c59c7fb182c94265f6deeaa99b9fc8c7f806959421351b7743ccf6d2d92,30943,claim,anvil
eee501b6eac88768e3a117dc7df72329e1509970f4f08357d89e1702ee45e4a5,30943,claim,anvil
d60cfaf1015ce1845d59a03a84627126c71e0b3bb67550932706008a1932aeab,30943,claim,anvil
9050b470ce1a8fc1a4e688789817a76c359ba20542f41bd9685365bccf9bec1d,30943,claim,anvil
77e9cc651dabec6a11aa8291fb8a9fbbdfe628dfd1b505f62eb26ccd282db2ac,30943,claim,anvil
1b332d39023ec7c7dc3184ea42b9c950d5857fa43300f5519ef75cfe085c31f4,30943,claim,anvil
43c620d95fd78c0d439ed581b4eb8f9961b93ab71f63854e8369a7618f0ea734,30943,claim,anvil
f67c8920556c97cd3af0b4c21dd0868a894fd163eb3401b8c4184ba286a235b7,30943,claim,anvil
c4b20d9b88086a23f39aa14b4e39e237f55572e1530c4d308d442a7976e64587,30943,claim,anvil
64f1d7a8a47279cbf56484e2ae37cc7694af9deeaa416d4ed242a630818925c2,30943,claim,anvil
b8177c389a1952a087f0e917a25c5d6e3999633afd4dfa2a4d869d54c20be8db,30943,claim,anvil
55c1142b072aca7f5d2c8dde4a4682012401c3ee1c93bb0ed49414f2dba29974,30943,claim,anvil
9e07b2d4409831759119d58fccbd8af30a6db50716c88e25129b330fa36c6362,30943,claim,anvil
3a5029b0a5b848b8f132d1d4ab524448e20f30652177072fe0c82ea93c64c706,30943,claim,anvil
592f5857688786bb9968594a7dc1e48a8f1b04e5e855cf51cf6630e367370c41,30943,claim,anvil
a8e408c4d76f75752fa89655f75572d893adaa1e3a62ebb7b672a24461051671,30943,claim,anvil
73cb394a54fffb40cdf51e7307eefbc3c7960cd4b1871227ec61048727022d86,30943,claim,anvil
211e2b0280d84d8ef86402edd478598ca8f58aa65f5fd04d31c2635ea3e2d784,30943,claim,anvil
d3280f33b373c71dad183a900694ab962a4148d148289a07e4b15ab8a0e676a5,30943,claim,anvil
e67f79928488ec93c7f1662dbda67450fd573c0e6c5848b6ebf36f9393cbefa4,30943,claim,anvil
19ef315548d9c9a253df706920cd73ba6deef2213bf0bda6c9ea9e2e4f738c2c,30943,claim,anvil
a3040cbc627a5d0c5fe7743ccb9e05be5f311e5e636e46c062c9009e73ef87c4,30943,claim,anvil
68be79d1e9a161ae0f7f77ea97ff2834b5c01cef8feeb2b3d67c0ff3b81523d7,30943,claim,anvil
16008ccf54803dd0e628784d096edd89a62a5b0ba51dcb7c81b5dbd5a42dd79d,30943,claim,anvil
6de5e38f4c6957bca91e75d250b68e31ec00ab15e6d7cbc3c913c506fd0f6188,30943,claim,anvil
01200ee2b61c8416961020ff8d64b1f6ee0c03ebe85da6f5a108395638883ed3,30943,claim,anvil
c52c8f17d224d1218477dac455336d2b491860c5f37bed575caa6fd4e0d285fd,30943,claim,anvil
e3a7e4ea740afabe24c9e8db9ebc2c2d8ce1375943ac9f5011ac03f031f112fe,30943,claim,anvil
4393972b3ebdef1bd0824613eeea98275582e64143ff8cad82ace92b2fa1ae90,30943,claim,anvil
6e3e8c5e39e9f0fc90d2c3c44dd9216e9c1988f4c7024010964999f1e34f496f,30943,claim,anvil
329404c352972f034abd6989c9430d97e0f0af560364d330c8b5afd37e30dc6b,30943,claim,anvil
2892d1807fcb1c2cb553eebce0cdc927d72f17472d52743fa9900f3edd1fbeda,30943,claim,anvil
95f5f9b24afa42bf5efd5afd0eadee3c6293e7f3e9e70103cab682fc16fe8d43,30943,claim,anvil
712034b6c5a2dc099daa3359c92e47d74f1b79bed136ea36be8edfaaa404cc97,30943,claim,anvil
515b79b62953c42b776598a15584d04ec35debd296e4f833e9d50ce14fef6bd9,30943,claim,anvil
eab4e51dd6a0e175f7d34dbaafc50dcf9366219d7a5f1da9000cce7f475c7122,30943,claim,anvil
fb52ec05273c93a500ece131e6544985e4e6ae6e8e70214c7f182eb365eb6024,30943,claim,anvil
1fdd6bd0bf8d75d7570187941a3d079a1449d13d1f9bd4cb334fe87e30bc3274,30943,claim,anvil
eb930f9863099b0b221fcefa5b0aac7c9caad4f07ca535becd2a0ba36aaa225a,30943,claim,anvil
4118173701ecbe8b6c06c51350aa17f34b7205a3b2531bc8415b7de9e6476b9e,30943,claim,anvil
b6499223b26bfa2a2727030662581afff91af33270bca3f80190407655f0aad8,30943,claim,anvil
4a373522ec4c71c08d5e28b98c70a6c51d103702d9201d0344d4c8965a70f5ca,30943,claim,anvil
bfb764cb1eae7d4ff2189fa401e6a153e15e791aa652abfd1c41599b52583a2a,30943,claim,anvil
23c06d4f030f78c943350581435184d3deba31d3d1e3e987dad43fb7eb2835a3,30943,claim,anvil
8f28733406bc26d2187c8fae047ae6de8725a24d72d6bb843540125e696e4d8d,30943,claim,anvil
c8bd46a3e65ac68b998a240d975ed40c1ff0518cc62d079116db21061615b08a,30943,claim,anvil
23ac286c43df3d4d1a6ff542c1ba0c29bc7c8f7a35fd0f3eae97fc303f136723,30943,claim,anvil
ea2f9f2600534b26265a50b1779061bdc306ce6fd3e35dc6f83aaa78ad426b49,30943,claim,anvil
9aab5484da914682b3024b4a93e0674ef4b40f62c8814210f1839d3157dcffc9,30943,claim,anvil
b844f304297aaa03f5b057f63e7e566e725d507206a06c8b2beaee5dd30baad9,30943,claim,anvil
95a517ce68df6cae5bec947109c0de57c30787a9bb31ff044fda59c7345e51ab,30943,claim,anvil
904c781347d5c071408f32476e93c9715d9b1ed7f165bdafb571438eeb0d4fb2,30943,claim,anvil
d564f4e86dc970c2415bafac3a6091c8f56b8292584926483bd36f8900cb81f9,30943,claim,anvil
592c7b303d13d5dcd78a83207bb127a2582937517d5c5439099cefb41762f1ad,30943,claim,anvil
b841ea9cb7cd7ee4007cfdcb849303d6183171e6079d1269e5b8cd2b0221d972,30943,claim,anvil
2a160eab39d6420e243469c489913feb54a60ae59b258e51ebfb979aca37b1f2,30943,claim,anvil
f241d807214c5f118f3f81fdd4023442b39fa3c55e6e9d4259245e81793e0866,30943,claim,anvil
e93794924e17904a4b5937726e50ba363b5e53353f89a27c0ff4d557f41c424c,30943,claim,anvil
401703c5976f844791714357a7e272dc6f034a9520bcbc060de9cd7d04839105,30943,claim,anvil
0aa56a72b57b72b1ff125bfecf9e4f09536657200e6f0d3654c6ab09240ecf28,30943,claim,anvil
6bf640795ecdadd76df2ac66fe0f1c9c124203cb4dea3f305b0a9cec14bf4624,30943,claim,anvil
0f710bd840c251cc43b1466e0f1d1ea98ad5782491fb711b16dcb9792739aaaa,30943,claim,anvil
c1c9751028896df4d8643065e61ddfd1cc605fbc2c3960c55de78ecf1961ca54,30943,claim,anvil
ced79a7346f6b7302ca724fd119bbde462a90ebc2e761d8c36c18ec293da459e,30943,claim,anvil
a2f51d77b7ef888c75ac22f49f79fc6165f23f081426175c89cf60bfc6ba5cc3,30943,claim,anvil
13e868fabed7904cc0b84036cd0c184dbc9d6d9cc54947da450c2a26efde5f13,30943,claim,anvil
c1e05c14038e188e19dacceda44b4c694c0bb1a10adc3ce00d8abda0dc9422f6,30943,claim,anvil
6d06ff2d7008f5686595bb9493060518a3dad44012b9541f525af0362396ab81,30943,claim,anvil
421a4af4e6a0b8b264ac0410c980b0205969905c298ab7e71f23e53781638b5d,30943,claim,anvil
5c67418a4ffec0492624d759b24e61eb4b8d82c11742c876de6df7229814e896,30943,claim,anvil
29e298b77f6d1c005f06b9072591f2eac95e860c185f8b925667e94e4e5e0416,30943,claim,anvil
089aaade936cc8281d45973e229aae2fa3982cb286f83a103dd06ea0878efddf,30943,claim,anvil
170e77d8be86cd5cf82323174ff321b07be69341aafbc9710ca5eaae21faae1f,30943,claim,anvil
3d6a0da270ca4fa7b5b58fd77bd5b71f3f598a7ec67d980a71b134bdf18cd2db,30943,claim,anvil
ac74c49d77c939a4103ff5a285d4e2e7dd6303a5a79d53b5967323c8a11bab43,30943,claim,anvil
36dcfdffe43073cde7873d754733f80cd11813fbd049d01c85bfdb2195cfd636,30943,claim,anvil
eaa5843fcc5af51d6abb171fa0f4a39366ead1ce364ad32d292b220cb4148f4b,30943,claim,anvil
31e45238ae02867bb5af9283deb32f78de77f0ecaaa132fc0fb43ebd9ef31e94,30943,claim,anvil
c09725aab39ff8a8203e44c458684ac89ff03add2a039c0a72506f8046e0ec0f,30943,claim,anvil
0be17599134ada8d6eded88117889aa482dc4934cb9bb8a01b6761fd4edc1494,30943,claim,anvil
a9a02eea76adf11db0847f50e46f06435c96b337e77d8b4f82ea97e6cd019069,30943,claim,anvil
b4163e18af67d6f8bb6bab8b58a14791fe39947bd810913067367adcfddc650d,30943,claim,anvil
406b7e6bc73910f1bf956ca8217be41b550bd63b0cfb3743113386de517c60ec,30943,claim,anvil
1866565bed6329eb75b8732f4cfb5f37c95ae309a70153ed53ca0f3bce3f86d8,30943,claim,anvil
ac96194a1048e8213045e6fcd195b75eb60f7b203440c3fd2f3802e3706e156a,30943,claim,anvil
7ed2e2ba38b562df375b27c2e525cf359d01e092ef78d8b01224a7d709d66589,30943,claim,anvil
b5ee8f90299398aa1fb060c4f555b580fbc362e01cce9a9102b730e8afdea2d5,30943,claim,anvil
800819e1e673279edc391fe4d906b3f3087728b3f07c5f72592170e09f8d5996,30943,claim,anvil
73e2d2fb20abe10bf231b90bdee8300b24fcdb8ab9a3eb7d9c760183e00cd19c,30943,claim,anvil
f05b016e3358d06762d385d9e6103e73c7afc8b12993032837f5f520ef915381,30943,claim,anvil
8b6d7f7aba814569ebd3783e0d264db914438e79b3dcbc9ad3ce2fc812e6d3d6,30943,claim,anvil
abd5c21a79d43876343dc199b977a5292152852543c9259fafef65c169d2b5fc,30943,claim,anvil
4094b67fd5579b3318e17ebbe2dd5e012bd0559c02675dc03e2a23e427c62290,30943,claim,anvil
fabbd29506ca84a5cd4120394359220f07e26e009133affe743669974dc725a4,30943,claim,anvil
9df58f545a2e5f24b70e48505a3ecd7ab909fbc47958389a4cbb6b7e77fb08bb,30943,claim,anvil
0e0a6aa44de61bcb0647ff4fb64397aa9193634f8cff5dffe367071dac6631c4,30943,claim,anvil
3fc82e78b652118f009611b3e1ef462587bf7f2e2d12c7d961a7b77f40a3d054,30943,claim,anvil
8d443781d1b184ab9303f87fcf78445c8d48bfb77a184bde0da07eedc3dd89b7,30943,claim,anvil
90680ec22147900dff6b24a49435be0e575c365a64d49814da3fff16af89b2bf,30943,claim,anvil
66b3839931381ce067b400ded7db22252a5589e8eee822a54d585ad2df631b40,30943,claim,anvil
0fd4166ce7e6d768c83210a942483bcc760e28048586ce48706579856966f134,30943,claim,anvil
69c2941ff1a03a95fa9da6774a0dd881c172c46ea2f91490728e453bf0a8ba60,30943,claim,anvil
07a7c7a843fa17a568733aa027b905b1e056512b1f84ffe2a4358b4a210b7af3,30943,claim,anvil
3293df3d2108a5cb610a2626dcdf88a609d6d4e27a2b149138ec92ec03c15584,30943,claim,anvil
a0b8426c3897482af742cdaa8849535302d625849358cba1a631b0bfa1758523,30943,claim,anvil
95441335725480c1ba16618ff88e72a85398d7aeb878264ef67772b19b7b1a5d,30943,claim,anvil
fdc67db69e346217fd1443f86078b4c190e49d3215d17823cf6768e0621dbc50,30943,claim,anvil
43238bbfc06b3cd13e3e0fce5cb3442d6b957baaa3fe9a9e1c6dcbd6e04d690c,30943,claim,anvil
ab683b8e1fb53360c5db749217050f0a4b06b4952c1c43209c291b6349b01632,30943,claim,anvil
1ea8df8c6a365c91c36dca01dab29c81d1b06af40945a41e8e23da1ece76f306,30943,claim,anvil
7665c0f1c5517c6a3681dac4f4c283ba46ae86359147efb1f600dca0203cfbf0,30943,claim,anvil
1b60ec50a166d41b0912258dec602f6ddc1e1b8d4c61395552804edb6547d0e2,30943,claim,anvil
a939527a99f5df8c6a48903cc206fbe230dc37672239d533bedf9f12dec87027,30943,claim,anvil
ddd9d2341ad4a5e9394f16bcea4641feca6626d3271343f167a803e7955591bf,30943,claim,anvil
45ad4ba63e17d6e75e976ae9eac4b750a866de31baddc004099148c5bdb47fcf,30943,claim,anvil
1f71dee186f53742cd92c72eef1abc191a489127a7bbe5d86380970f4961300a,30943,claim,anvil
5f4cb6d57d6716ac4699e96893505fdde256e4cf45af5358c902697bcf21c23b,30943,claim,anvil
d3ca117ba7a23f0c4860713d4b7d9bb854d6da9852713c83d6c88dcebb14ac41,30943,claim,anvil
7d933be03bc1378b9d0ce2bee10189940ca2960bfaa9159bbf11d945ca6e987a,30943,claim,anvil
d566e08e895f22dfb0faa24d88ee4d46ae8e366d3072a24c24d87069d7ff33f2,30943,claim,anvil
5b96332c8a0fb13c59543ef2b8b8e391bd5bc8060a10adb4035b75ed399860d1,30943,claim,anvil
b4bc9d4bc1d35bde91c55ccc823386d7e16c5c6c8e975adf4a4f12cadac0b30d,30943,claim,anvil
e60d803e567dd550827af40e72ca52433397685fe091a6d9bee7eb773c1a0bfc,30943,claim,anvil
7b911536027d6a4fedd17c9dc5800fa1f29f94b537096ba49950a4b26956cfca,30943,claim,anvil
8fc3f056c3cbb9396aff3ca17d0ed4f716bc450cd1e1f15e23d2d003b1c014b4,30943,claim,anvil
79484f1c43ad9e93dc8826bd2c93e6d4f3d96523b632c8543c329bc26e8afb30,30943,claim,anvil
8632ed76cb4fd47956aea572d3502fc02d92724908d4c4f9c8179e971cbaf21d,30943,claim,anvil
68a753667f6e20fb60834e0f6233664513f709005429c3bb20703590be3cc7ea,30943,claim,anvil
24fcfd52bf63a56daed790ce0e62d5673e16fdeac1a2b05315bf8317169fac84,30943,claim,anvil
1586b93da66db35f2b62e81adb0d4b6a659c53df8e8ea370abf17b32e82410d2,30943,claim,anvil
7555caee336cab648d8a253d38e6764b100c42d6aacc54f5212136caace1f4ce,30943,claim,anvil
b7a9a2a37188f880aeb03906ce0709ace009d0fea78f0b222d5fb03805159e7f,30943,claim,anvil
f0cd9ee3c88c153e86e92f3aba519f1db4a2e108af4e063c1446128075237374,30943,claim,anvil
ac611cd35a506f05a5208d1722991bd64505d581f829f1915bd81768a204442a,30943,claim,anvil
bece25fb798f474eb05c0062b35477b06388cd7a17081622f2fbcbb08acdd5d8,30943,claim,anvil
