tx,gas_used,status,event,data,backend
0x5ab84855cd44a8d3e73fa011ce45c63b1185ab057ef9fa44f6acf3fcfbdda6b0,145000,1,ListingCreated,"{'model_id': 'model_mnist_784_noniid', 'init_cid': 'sha256:06b364374210898ad311c48033620e9576e971969d4d4e64a688b6585949d1f3'}",mock
0xbcc82c1a94a9eb737f316bda0d37a2f10f6524658549d97362c789af5bdd3944,52000,1,RoundFunded,"{'model_id': 'model_mnist_784_noniid', 'amount_wei': 10000000000000000}",mock
0xe627b07735af1a35ae72ffd9cbe1f5ef259b6bf9ba370722a502dca595990f52,86000,1,TicketReserved,"{'model_id': 'model_mnist_784_noniid', 'round': 0, 'ticket_id': 1, 'owner': 'acct_2'}",mock
0x30d5bc8417065cd3142a57d1aa3f7b2c7b7feb776bc52f55d48994cd0fda2ea9,93000,1,UpdatePublished,"{'model_id': 'model_mnist_784_noniid', 'round': 0, 'ticket_id': 1, 'cid': 'sha256:aee267bd3f822b081970ee297fbb426fe404c8cb1657f1b33cafdb931ee37df4'}",mock
0xa2f84fb83f64f2ed178bae4b3d34534d25326396d4937f8549a7dc64dcc6320d,86000,1,TicketReserved,"{'model_id': 'model_mnist_784_noniid', 'round': 0, 'ticket_id': 2, 'owner': 'acct_3'}",mock
0x2c948dbbc11e239e1bc62dc6f90da4c11c44a0f454e9386a85b96a523d058651,93000,1,UpdatePublished,"{'model_id': 'model_mnist_784_noniid', 'round': 0, 'ticket_id': 2, 'cid': 'sha256:bc80fa332ea89d6458e7a2b7d66e3d7de5d41af85bcec2bfca63c3f15e1c97a6'}",mock
0xc96553d53a59d4a2138ddfce0c3f0e991a519b0039698447425beed2402c5712,86000,1,TicketReserved,"{'model_id': 'model_mnist_784_noniid', 'round': 0, 'ticket_id': 3, 'owner': 'acct_4'}",mock
0xdb36ecf8503dd19f680698e694fed686c5b4fe76086aad014fd1a3e671665de8,93000,1,UpdatePublished,"{'model_id': 'model_mnist_784_noniid', 'round': 0, 'ticket_id': 3, 'cid': 'sha256:e70fa5bf3ad2ca65b8feb6affda120855cad08fc8410025dd9687707835783f2'}",mock
0x10039cf328ad78f88fd22be86274f7c59677d3fa136984195d35ac0bcaadf198,86000,1,TicketReserved,"{'model_id': 'model_mnist_784_noniid', 'round': 0, 'ticket_id': 4, 'owner': 'acct_5'}",mock
0xe946f8a2f627e53275e52d5ec25069bf04601cac2adc45e3c3b3e0be0151a2f3,93000,1,UpdatePublished,"{'model_id': 'model_mnist_784_noniid', 'round': 0, 'ticket_id': 4, 'cid': 'sha256:6498317dae9053d08199cd327bcc56e65ed93f1ac0b3829ab366b2cf19dc45a7'}",mock
0xf071c0c8ee76dde9b9c6e41df2dfee9f625bcbbdbe8e0d178774235e037a9672,86000,1,TicketReserved,"{'model_id': 'model_mnist_784_noniid', 'round': 0, 'ticket_id': 5, 'owner': 'acct_7'}",mock
0xbb1ddddef1c8ad1e4dc393426ec110af43b1ddda829de57c387c58dfb8f105a5,93000,1,UpdatePublished,"{'model_id': 'model_mnist_784_noniid', 'round': 0, 'ticket_id': 5, 'cid': 'sha256:7dd23b9bd05f9ae486a9792458ec275682e8b79b2bb8d9eb0ea03e2653b70f36'}",mock
0x9436f12b8810ca3a4301a0c3abe3178dee6fa041fc2d608d86a136e53474d823,86000,1,TicketReserved,"{'model_id': 'model_mnist_784_noniid', 'round': 0, 'ticket_id': 6, 'owner': 'acct_8'}",mock
0x0a5eb5abf94795dccc36f223c9ecb72679f7522f77525927489b36af0d3275d0,93000,1,UpdatePublished,"{'model_id': 'model_mnist_784_noniid', 'round': 0, 'ticket_id': 6, 'cid': 'sha256:5695f409618e8c392e9e8d47538864a2bad65a401b948e006f9305d581924018'}",mock
0x8cd39982d200137155f66d02e88fd2d360186a43a52728773a0b55e8b45102f6,86000,1,TicketReserved,"{'model_id': 'model_mnist_784_noniid', 'round': 0, 'ticket_id': 7, 'owner': 'acct_9'}",mock
0xc42c3f70422c65aee724209b86be13eb01d52f76cb31b5e895e448aa94608c9a,93000,1,UpdatePublished,"{'model_id': 'model_mnist_784_noniid', 'round': 0, 'ticket_id': 7, 'cid': 'sha256:7b258b34047aa99420dc548b0faf9e013380bf88e6d8126cbcddb29b867eacfc'}",mock
0x8ebad595b88734919e7bfc3d0f721878bd713b50d23a293ddf5d3de3e0986976,86000,1,TicketReserved,"{'model_id': 'model_mnist_784_noniid', 'round': 0, 'ticket_id': 8, 'owner': 'acct_10'}",mock
0x0d03e3071980c064da8e5a8e911eb564c12916e9715979c99a5cca1c2b3c2239,93000,1,UpdatePublished,"{'model_id': 'model_mnist_784_noniid', 'round': 0, 'ticket_id': 8, 'cid': 'sha256:3cadcd9afc9679543746e74bfb0a28796033322f2b3607d45b805503cf4b0ec5'}",mock
0x7a271ee2b75d4e456a80270dd14c365db142540559b29dd1a05313c6ea64bdd9,86000,1,TicketReserved,"{'model_id': 'model_mnist_784_noniid', 'round': 0, 'ticket_id': 9, 'owner': 'acct_11'}",mock
0x989f88a4c4027c4d502167fa16f581868f3c504837b48ee99294e034749e4e8a,93000,1,UpdatePublished,"{'model_id': 'model_mnist_784_noniid', 'round': 0, 'ticket_id': 9, 'cid': 'sha256:6d0e08bd3bc25b8f02cd4ea4fe0e22662c115937c959073c2657bef84c45b6c9'}",mock
0xc17e72d912a20a58e7cb85d0937ec1503ced7574b14a3bf7d5fbfc552859c8b7,86000,1,TicketReserved,"{'model_id': 'model_mnist_784_noniid', 'round': 0, 'ticket_id': 10, 'owner': 'acct_13'}",mock
0xe1656f7e3831743c2eb161e994b3f04205538934be735ea012ea1168fea83561,93000,1,UpdatePublished,"{'model_id': 'model_mnist_784_noniid', 'round': 0, 'ticket_id': 10, 'cid': 'sha256:356e043b7ed3694957b3edb60b45c840a5414576f9f3271963ba9e8ada3fd466'}",mock
0x202e3e3914a3df4a51e08449e7c9a698915e3b7b10702f4e9fbffa7894c2300e,86000,1,TicketReserved,"{'model_id': 'model_mnist_784_noniid', 'round': 0, 'ticket_id': 11, 'owner': 'acct_14'}",mock
0x08065a7def54913cdbc5be11f4f38b49584853b123fcf662ac857c98d9d0d1b5,93000,1,UpdatePublished,"{'model_id': 'model_mnist_784_noniid', 'round': 0, 'ticket_id': 11, 'cid': 'sha256:5d3576ce134b90ceb39eb8f6cb19d4c4c8ac2eaf669edbd7ed2724a4444f0e39'}",mock
0xa8ddeb3a7891fff83938aa926cdaa850fef88fdbf268a7e27e5e18dedf5c8e39,86000,1,TicketReserved,"{'model_id': 'model_mnist_784_noniid', 'round': 0, 'ticket_id': 12, 'owner': 'acct_15'}",mock
0x7e42766249492e04ce208743384ad9833378a9c26b6d20796beec2130a4ff651,93000,1,UpdatePublished,"{'model_id': 'model_mnist_784_noniid', 'round': 0, 'ticket_id': 12, 'cid': 'sha256:df5c17a915310272befef748009b39aeb75d392d2fb6002e2f10317610d16d7e'}",mock
0x347fe9be211b92a8bb5ba530dc1ae4c6f6f116b23365e9cbfb51408b953019ef,86000,1,TicketReserved,"{'model_id': 'model_mnist_784_noniid', 'round': 0, 'ticket_id': 13, 'owner': 'acct_16'}",mock
0xfe018fede13ff85a0312ff835d6f6dd6953592310926ed10cb10091cc270b2d9,93000,1,UpdatePublished,"{'model_id': 'model_mnist_784_noniid', 'round': 0, 'ticket_id': 13, 'cid': 'sha256:9bee8b655f3aee809041a6ef14efefd246b73d0f56f569c75e8e32b8fe7db794'}",mock
0xadd999fda5b371f66bcc26817e67cc255b0b76059cc8f2728f059a21752f71ae,86000,1,TicketReserved,"{'model_id': 'model_mnist_784_noniid', 'round': 0, 'ticket_id': 14, 'owner': 'acct_17'}",mock
0x687351333ad154856524e4bbd217cf762bd046790e7f4f9b5410fb6b76a5a90f,93000,1,UpdatePublished,"{'model_id': 'model_mnist_784_noniid', 'round': 0, 'ticket_id': 14, 'cid': 'sha256:03d0bdda82e1780845978c5bd092c146b8fc941240c337dae30f4064b936d071'}",mock
0x2d0a011339888901ff245f688af40a2b00483c01b20ebadd61588b144ba9312f,86000,1,TicketReserved,"{'model_id': 'model_mnist_784_noniid', 'round': 0, 'ticket_id': 15, 'owner': 'acct_18'}",mock
0x5611708e88c92beb5fa1b65e9ad05d49da985788bedece53b786b0895d5cc9d4,93000,1,UpdatePublished,"{'model_id': 'model_mnist_784_noniid', 'round': 0, 'ticket_id': 15, 'cid': 'sha256:44cce80bebbc3c417fe99e78db85df371506e879a1487c6db533fc52f9e41dd7'}",mock
0xe930f563d225dbfeb32aa3f4688785524194ec01740dddf4a7b99f7b5fcd9f93,86000,1,TicketReserved,"{'model_id': 'model_mnist_784_noniid', 'round': 0, 'ticket_id': 16, 'owner': 'acct_19'}",mock
0x21fad538c45de0df47c8fda862859416d44198bc740bb35ce4bbfba22e2f7992,93000,1,UpdatePublished,"{'model_id': 'model_mnist_784_noniid', 'round': 0, 'ticket_id': 16, 'cid': 'sha256:d19b97efd328371b6b94f7e894371e7203d0199ac40a60eb934115bc0698aaba'}",mock
0xc30a16b6333f73d2a3860c2482ba88040c8060796bba78ab27cc94d85b806814,86000,1,TicketReserved,"{'model_id': 'model_mnist_784_noniid', 'round': 0, 'ticket_id': 17, 'owner': 'acct_21'}",mock
0xfd6ca82da209edea31d97dc77cca22e8e7355e05571df7ab8e0266e4928a0749,93000,1,UpdatePublished,"{'model_id': 'model_mnist_784_noniid', 'round': 0, 'ticket_id': 17, 'cid': 'sha256:cf32ac00934d1c29bf6f541e608889f678a70c6a55d1e4ecc4d25b92104ef1d8'}",mock
0xd2d5c4ace76bf93e428e10776fbba6c80d46acc6429b2c9852d1ad957451be73,86000,1,TicketReserved,"{'model_id': 'model_mnist_784_noniid', 'round': 0, 'ticket_id': 18, 'owner': 'acct_22'}",mock
0x037bdd46fbbd23d10ad69b3a0533d77e444db38a7993b33228026ff1da8bc780,93000,1,UpdatePublished,"{'model_id': 'model_mnist_784_noniid', 'round': 0, 'ticket_id': 18, 'cid': 'sha256:8eb18af375fc41369728b20bcedc3687c38abbcc4f47d4478e8fefda17830c0a'}",mock
0x498da854693271c8513dad8a563b40aaca234f04e41a8a9fb8e3680460f55da0,86000,1,TicketReserved,"{'model_id': 'model_mnist_784_noniid', 'round': 0, 'ticket_id': 19, 'owner': 'acct_23'}",mock
0x2e602533755ed0f85a99e1c3bb47459b11aff4424f89310c86451e6be3df087e,93000,1,UpdatePublished,"{'model_id': 'model_mnist_784_noniid', 'round': 0, 'ticket_id': 19, 'cid': 'sha256:9addae1b441eb19eb99b7d184aac240c3952ea67dc551f2f2d663e7719eab1fe'}",mock
0x74aed3e091a00cb339cb5ec9213ec0601fee5fc03c6d72de96beab353f2096bd,86000,1,TicketReserved,"{'model_id': 'model_mnist_784_noniid', 'round': 0, 'ticket_id': 20, 'owner': 'acct_25'}",mock
0xb4678cda3479f76d97af34a2f767362f90655330835981f9e59aa8649d7cb65f,93000,1,UpdatePublished,"{'model_id': 'model_mnist_784_noniid', 'round': 0, 'ticket_id': 20, 'cid': 'sha256:f302c5f5465f543b3442e3402669927b627fe12307810b578063d0de4b30b96a'}",mock
0xa5660b5baba0ba1fe3577a7d688bdd37c44373619f5fa5f8b59c6180e916355b,86000,1,TicketReserved,"{'model_id': 'model_mnist_784_noniid', 'round': 0, 'ticket_id': 21, 'owner': 'acct_26'}",mock
0x4e76f6918e57e82731923fec2355cea21de77c0f755828cc6e07e39fa3596c88,93000,1,UpdatePublished,"{'model_id': 'model_mnist_784_noniid', 'round': 0, 'ticket_id': 21, 'cid': 'sha256:afbaf74197504aa19717979beeddfe2182bea961a05b5094849c2a6d4bad9f0f'}",mock
0x8879fcd868f1c0d0d3c7880f98383b0f02195311e5aa8bf4fb6dfbc405e86015,86000,1,TicketReserved,"{'model_id': 'model_mnist_784_noniid', 'round': 0, 'ticket_id': 22, 'owner': 'acct_27'}",mock
0xac073d6e9b2b5b4485fc08785625f315c4ce4253530d7d1b7483806993a0e061,93000,1,UpdatePublished,"{'model_id': 'model_mnist_784_noniid', 'round': 0, 'ticket_id': 22, 'cid': 'sha256:ffc054bb83b58aea4b7f75e3988eb4a21d3afb40972e65fa42a26538b70f35dd'}",mock
0x27f4acb0959b156428e80fd9f1249d4466bd819ce32702576d5ff835a528b0c0,86000,1,TicketReserved,"{'model_id': 'model_mnist_784_noniid', 'round': 0, 'ticket_id': 23, 'owner': 'acct_28'}",mock
0xa2f23d65fc7f6d69fae4855a187a1e4f163dc194681b7e4d2c6e0fc0af6600a8,93000,1,UpdatePublished,"{'model_id': 'model_mnist_784_noniid', 'round': 0, 'ticket_id': 23, 'cid': 'sha256:811bccb732bdcf0f04158d70991bab5b2f56f20bf879e6cecdf9b468481c670d'}",mock
0xf9c28fbbabd58e6988a05bb78332b7383cf6b2c4596d36a18b0018a33dc3510b,86000,1,TicketReserved,"{'model_id': 'model_mnist_784_noniid', 'round': 0, 'ticket_id': 24, 'owner': 'acct_29'}",mock
0x6d3647979251acb267088ec4e1d1287006168a875d3b56e4f5da9858c8bd9eca,93000,1,UpdatePublished,"{'model_id': 'model_mnist_784_noniid', 'round': 0, 'ticket_id': 24, 'cid': 'sha256:606bb06a925d80ecea6e17fb5a9a64ed8dd22a1b71fe3ec81b837b172a287052'}",mock
0xe548f446ff4360f349ae03b949bd2caccae2a93a408d5fb39aa6274111b1384b,86000,1,TicketReserved,"{'model_id': 'model_mnist_784_noniid', 'round': 0, 'ticket_id': 25, 'owner': 'acct_30'}",mock
0xfbc84f5483274baedf9cda91701d94e9f45b2276286ed2773cbdf4a8ee28b71f,93000,1,UpdatePublished,"{'model_id': 'model_mnist_784_noniid', 'round': 0, 'ticket_id': 25, 'cid': 'sha256:d031262a2f9082981e5d11808e6089dcbc9a204fb6df3acae68cc78f7987da56'}",mock
0x1a63d35a343ed3ad8ae42e5f704d96e5d63ef72d19a6d4ca08ea0a3873789cb2,86000,1,TicketReserved,"{'model_id': 'model_mnist_784_noniid', 'round': 0, 'ticket_id': 26, 'owner': 'acct_31'}",mock
0x7de073f3916f318fd0cf7f71ea6a978c8f164a552bd930f1cfaf4fa9099350d7,93000,1,UpdatePublished,"{'model_id': 'model_mnist_784_noniid', 'round': 0, 'ticket_id': 26, 'cid': 'sha256:3b7f2aa7261e878a8586b9b344c0e8bb8e2dadb13e76193485240c506ffcbbc0'}",mock
0x4febeab44ce9f05068b56acd4da76d42ff0b16237676560a2eab0c1c2684f78c,86000,1,TicketReserved,"{'model_id': 'model_mnist_784_noniid', 'round': 0, 'ticket_id': 27, 'owner': 'acct_32'}",mock
0xb8f69b5060457db0539625725b7072f306026c501074fdc05be3ff1028c2a68b,93000,1,UpdatePublished,"{'model_id': 'model_mnist_784_noniid', 'round': 0, 'ticket_id': 27, 'cid': 'sha256:2b855452d637d30e8e910414245c6ae8b0b926886c4b4b2ec95901ce8fea8719'}",mock
0xd7de68d620c209c159b1c00df530df4ad3829c822845e8b8bcbce814b58dd650,86000,1,TicketReserved,"{'model_id': 'model_mnist_784_noniid', 'round': 0, 'ticket_id': 28, 'owner': 'acct_33'}",mock
0x901d6f32a7109aea72bfb5a5a8e5bafb1fa230b381c4e98e3097d3b10dfe631e,93000,1,UpdatePublished,"{'model_id': 'model_mnist_784_noniid', 'round': 0, 'ticket_id': 28, 'cid': 'sha256:ec575a1d5b8054299eacc9efbd4b10da34555e21888d166f706cfdaf49205f61'}",mock
0xbb5c6771fc115b5b56f7a8e3e9af3623bfbad0583f103fc85da9806186c5151e,86000,1,TicketReserved,"{'model_id': 'model_mnist_784_noniid', 'round': 0, 'ticket_id': 29, 'owner': 'acct_34'}",mock
0x829227bf1bf5bd0ca5cb33ec8c550d83072cd737eeacb9294703ba272d48d2f9,93000,1,UpdatePublished,"{'model_id': 'model_mnist_784_noniid', 'round': 0, 'ticket_id': 29, 'cid': 'sha256:21e4314e6e8f8ca9cce0fbdf3141a887b3c3fab21a1afc9f92d556a090321bb4'}",mock
0x2977a52c67592729462bdd196d176a3e0d6491e185d284585538ca7215cb30ef,86000,1,TicketReserved,"{'model_id': 'model_mnist_784_noniid', 'round': 0, 'ticket_id': 30, 'owner': 'acct_35'}",mock
0xd10520baf867e61d1a1847a30ebef03b79cd821cb519c1481d8528266be1a1e0,93000,1,UpdatePublished,"{'model_id': 'model_mnist_784_noniid', 'round': 0, 'ticket_id': 30, 'cid': 'sha256:ac6932fba7420366a0337e756c34d376613fb95ee93c2c0aeab4088af940019e'}",mock
0xfdec0d3f9b4d0a25d2d23cc1ed1cc75cda5402220e7a3b8a5290f3aa14564723,86000,1,TicketReserved,"{'model_id': 'model_mnist_784_noniid', 'round': 0, 'ticket_id': 31, 'owner': 'acct_36'}",mock
0x74d5d77ab2436698750c0932cc4569a3f15871d713d2179442aee2ff15e396a6,93000,1,UpdatePublished,"{'model_id': 'model_mnist_784_noniid', 'round': 0, 'ticket_id': 31, 'cid': 'sha256:c0fa39dbb53771d660026de060a0198c11e45dc770bc6e6a8d5e2e155cc9cd16'}",mock
0x8cf020aa8b679d3de62d0ecb8c83f4d80343ef998009faab20179194b8f6edc4,86000,1,TicketReserved,"{'model_id': 'model_mnist_784_noniid', 'round': 0, 'ticket_id': 32, 'owner': 'acct_37'}",mock
0xa8710ee71fa63029d2b72e4043ab1d4ff720ae97157660c82a25aa76b30dc72f,93000,1,UpdatePublished,"{'model_id': 'model_mnist_784_noniid', 'round': 0, 'ticket_id': 32, 'cid': 'sha256:31b8c15b26e4cf7a2260cef56034926df3ff19189b48cb17f2e1a6685b13fcc6'}",mock
0x0eda894dfbdd186ec22474bf45bd7481dcfb54b3844ac9f30751cfa073b9a0ec,86000,1,TicketReserved,"{'model_id': 'model_mnist_784_noniid', 'round': 0, 'ticket_id': 33, 'owner': 'acct_38'}",mock
0x96bfbe9e6007c05172018aaac0d01e429066bbc96b12ffe78a99639af4b4e972,93000,1,UpdatePublished,"{'model_id': 'model_mnist_784_noniid', 'round': 0, 'ticket_id': 33, 'cid': 'sha256:7f3971acb81eb59e4384448e9b3f4350ac1577c9e0c7d84adb58d671b3d4b5fe'}",mock
0xde225d26e5539cb0ea708afe7e9d0d686c4f8c6496cd50b9f72639948982368a,86000,1,TicketReserved,"{'model_id': 'model_mnist_784_noniid', 'round': 0, 'ticket_id': 34, 'owner': 'acct_41'}",mock
0x99b4410444627bc6cd6319c5e594f1e75bc656559d54ee5c674c4a3e4dab3487,93000,1,UpdatePublished,"{'model_id': 'model_mnist_784_noniid', 'round': 0, 'ticket_id': 34, 'cid': 'sha256:d2e0eaefb390efde052d3c4203a640a11391c1c142905f8fb261607c7daf42a4'}",mock
0x44163c6189b31c222c26d13e3ff5b40be30a7bcc63a5ca2e2c9529994109f7b7,86000,1,TicketReserved,"{'model_id': 'model_mnist_784_noniid', 'round': 0, 'ticket_id': 35, 'owner': 'acct_42'}",mock
0xaaf9cc50879ef51ec49bcf943af0e959d9e72c642e6bdbebd9b6ad2e533609d1,93000,1,UpdatePublished,"{'model_id': 'model_mnist_784_noniid', 'round': 0, 'ticket_id': 35, 'cid': 'sha256:196c8d2402883477b81620573bec5e93987aa01e32fce3e90f161c51e98f0840'}",mock
0x78c7c790e481e71be5e43a2ac6aad2772b95a3da244a79e7f412d03b45c768b3,86000,1,TicketReserved,"{'model_id': 'model_mnist_784_noniid', 'round': 0, 'ticket_id': 36, 'owner': 'acct_44'}",mock
0xfc45796e14bc6bc5dca79f2788c338d7d1148ae771b0a98d3286f6a061ec95f6,93000,1,UpdatePublished,"{'model_id': 'model_mnist_784_noniid', 'round': 0, 'ticket_id': 36, 'cid': 'sha256:b0f36ed6f989e6c7da5b360cb2431df2c1e7d2726b43d49d08d2c69f23e9ac05'}",mock
0x6b62b7585f28990ff39e8a432029e253f5e6605d2165ffb617c891abe61c1fb5,86000,1,TicketReserved,"{'model_id': 'model_mnist_784_noniid', 'round': 0, 'ticket_id': 37, 'owner': 'acct_45'}",mock
0x741ede200da14429b9c2039aa83c9ae2f0152566fce3eee4d6861668c1019ce3,93000,1,UpdatePublished,"{'model_id': 'model_mnist_784_noniid', 'round': 0, 'ticket_id': 37, 'cid': 'sha256:ed91007ad592e07461f97f4fdf7959231fbfb7e2af960c5afa36f15182edac4d'}",mock
0xb75cd7e40cd2e0277bc89717884dece5a731f8cd5b1220fa6783c1dc12f73d55,86000,1,TicketReserved,"{'model_id': 'model_mnist_784_noniid', 'round': 0, 'ticket_id': 38, 'owner': 'acct_46'}",mock
0xb67f39ea161ddfd0c58dac8bd8612e02693abd54dc86d66b5f229a42468f3a6f,93000,1,UpdatePublished,"{'model_id': 'model_mnist_784_noniid', 'round': 0, 'ticket_id': 38, 'cid': 'sha256:4e03c5824c1b0db6f6212d65f2596b347828785513c27cf44839b457597bb1a7'}",mock
0xc856a61d7fbf14d69d391af04cf713464f5341f357b176a8549edb4bcbde2717,86000,1,TicketReserved,"{'model_id': 'model_mnist_784_noniid', 'round': 0, 'ticket_id': 39, 'owner': 'acct_47'}",mock
0xe79cf12045c318aa6e4f192161363b0bf10276ad4b0018ce7810c48488b13161,93000,1,UpdatePublished,"{'model_id': 'model_mnist_784_noniid', 'round': 0, 'ticket_id': 39, 'cid': 'sha256:d111b77f40b63acacf88be56986190362d2826fdc003cea1c77958e5a2de6975'}",mock
0xe48546587951ab4a4d5cff0336720c79b96884423453a185ef51b2d4573caafc,86000,1,TicketReserved,"{'model_id': 'model_mnist_784_noniid', 'round': 0, 'ticket_id': 40, 'owner': 'acct_48'}",mock
0xe0bec303fa9d6c48c799112cb1614f00ba72fe949b7d5f4283feb4fdf08462ee,93000,1,UpdatePublished,"{'model_id': 'model_mnist_784_noniid', 'round': 0, 'ticket_id': 40, 'cid': 'sha256:e032fc448ea8e8eb1f2ae734491c6454557372d522bef9e7442c2496ebc92deb'}",mock
0x589c1977fbee9161cb53dfbaef5418a3ca0c59fd06710a6b810819e7af2fc27c,86000,1,TicketReserved,"{'model_id': 'model_mnist_784_noniid', 'round': 0, 'ticket_id': 41, 'owner': 'acct_49'}",mock
0xd9ac07d6537fa1c7b37e1c406104ba3178364fca53fd3b9ae90f4a2be552040f,93000,1,UpdatePublished,"{'model_id': 'model_mnist_784_noniid', 'round': 0, 'ticket_id': 41, 'cid': 'sha256:9cd0172c0c0ce6ac38cc28d10f14c29c3488c5902ec0f8ed3702c4a879f6d753'}",mock
0xa32728978f6a6872bd670b3fb9592ea248dc1e5467c0ef7edd72ed633766b874,86000,1,TicketReserved,"{'model_id': 'model_mnist_784_noniid', 'round': 0, 'ticket_id': 42, 'owner': 'acct_50'}",mock
0x82d467e8f095e9fb9bfbd5e0d4d0cf7ff0c9a0ad06b504ddb27641730c9201df,93000,1,UpdatePublished,"{'model_id': 'model_mnist_784_noniid', 'round': 0, 'ticket_id': 42, 'cid': 'sha256:44cb1550b19733d70a7e9b8236876b711a7d91b4e363bd00affd338e5b364743'}",mock
0x062297c6facb7ce40eda63913672d0c745f7f285acb131505976acb932c6ace9,965000,1,RoundFinalized,"{'model_id': 'model_mnist_784_noniid', 'round': 0, 'included': 42, 'refunds': 42}",mock
0xfdfec9e05f949b5684c8694d52004e49c556945ea83ac7b15a5a6a4f4fa8a9e9,52000,1,RoundFunded,"{'model_id': 'model_mnist_784_noniid', 'amount_wei': 10000000000000000}",mock
0x033dd8eb96a413ddf858e9fe7b78990235156fe560b8d16f575c4fbc46d35490,86000,1,TicketReserved,"{'model_id': 'model_mnist_784_noniid', 'round': 1, 'ticket_id': 43, 'owner': 'acct_1'}",mock
0x036c66e7baf8a169bf3bcdf6875ebff725312cce7b71274e879d1832633ea20c,93000,1,UpdatePublished,"{'model_id': 'model_mnist_784_noniid', 'round': 1, 'ticket_id': 43, 'cid': 'sha256:2f43e6c6be23916d2dac9effdbfb26013d146b8fb762c84e89611db4f424dea3'}",mock
0xc1762717c7e396f0cef28de51bb08e904fdfb891a3cd2a9f726acd2a2000f322,86000,1,TicketReserved,"{'model_id': 'model_mnist_784_noniid', 'round': 1, 'ticket_id': 44, 'owner': 'acct_2'}",mock
0xf2fe9cd118a8d07888a5968b3721180f93dbc08daf94ef7c9000bdfbaecc5470,93000,1,UpdatePublished,"{'model_id': 'model_mnist_784_noniid', 'round': 1, 'ticket_id': 44, 'cid': 'sha256:5136432ad10105f2568b4ddb5afaa93a2e3c8338a55776d4e63433c00de8014c'}",mock
0x81457c14e8a632bd9e162091da596c03a4b9158a74d19cf46ae2544adfb0d52b,86000,1,TicketReserved,"{'model_id': 'model_mnist_784_noniid', 'round': 1, 'ticket_id': 45, 'owner': 'acct_3'}",mock
0xde6dcb61fb4a8cf0157c30b362172fed940cb04f0c139d0d64abe8c182d52165,93000,1,UpdatePublished,"{'model_id': 'model_mnist_784_noniid', 'round': 1, 'ticket_id': 45, 'cid': 'sha256:4a38d15841a9398ae72e7271fada3bf17469e0f226bbb41ba69376afa91908e9'}",mock
0x2322c80fc75e45720d237d66eab81b40102e2b578c6b200839843e8b10fdecd1,86000,1,TicketReserved,"{'model_id': 'model_mnist_784_noniid', 'round': 1, 'ticket_id': 46, 'owner': 'acct_4'}",mock
0xb7ab8f97f509f11861fa5e3cb16708946fc9ef514cda7d19794251489b0825df,93000,1,UpdatePublished,"{'model_id': 'model_mnist_784_noniid', 'round': 1, 'ticket_id': 46, 'cid': 'sha256:d42e71f2069b1e0e2bc6d1693d73a739f52087f5362947e1d7539a32d3be61bf'}",mock
0x8177db67caaacf329d5533a7893adbb465d62442ba78195ddf621fad18b54d73,86000,1,TicketReserved,"{'model_id': 'model_mnist_784_noniid', 'round': 1, 'ticket_id': 47, 'owner': 'acct_6'}",mock
0x824bb4267cd34d5480c6cb1755bf8da2457c459124df638c2a51f0d72f651778,93000,1,UpdatePublished,"{'model_id': 'model_mnist_784_noniid', 'round': 1, 'ticket_id': 47, 'cid': 'sha256:8eee3cf6666c043dc5ad1b47d5f50a5c1df219a54f74e36c43fcc937fc8c7eb9'}",mock
0xd8b9491f4bf72f6daa1addbac306bc1f0eb5c852280bd28b8964a0d3c9abcefb,86000,1,TicketReserved,"{'model_id': 'model_mnist_784_noniid', 'round': 1, 'ticket_id': 48, 'owner': 'acct_8'}",mock
0x29b4d59fd387d61f4228fa4b5fade5b81897bcce848c5ae0d7b6758e367e64fa,93000,1,UpdatePublished,"{'model_id': 'model_mnist_784_noniid', 'round': 1, 'ticket_id': 48, 'cid': 'sha256:5074eb314e162e82fc55747cfd3bea863a66d6b23e4b1df626a2aba2d5958139'}",mock
0x7ec4ee58992a4c0e7f468af5bf8de08df2f1bbbc1035275dfa0d32eb4c8ba314,86000,1,TicketReserved,"{'model_id': 'model_mnist_784_noniid', 'round': 1, 'ticket_id': 49, 'owner': 'acct_9'}",mock
0x5c2e923a7468c492cfe6761f74eaf34a120794e4355d2f42e4559996eeb2fbc6,93000,1,UpdatePublished,"{'model_id': 'model_mnist_784_noniid', 'round': 1, 'ticket_id': 49, 'cid': 'sha256:a0847ba80fdedd81174b3db6a9001147487796eb61c59b14198d76c2b4a4f84f'}",mock
0x93a21beff7ace22fa326253848c6b0612dacf5fbeb94e6780b659af43173c944,86000,1,TicketReserved,"{'model_id': 'model_mnist_784_noniid', 'round': 1, 'ticket_id': 50, 'owner': 'acct_10'}",mock
0xe882a0c7761a101d87c48574cad46651a161c02ba6a4d29a4de069c7dd9e524b,93000,1,UpdatePublished,"{'model_id': 'model_mnist_784_noniid', 'round': 1, 'ticket_id': 50, 'cid': 'sha256:573246b5d7e1921a401df136261ab84a42e13d23062daa1af43c9ef9156e82d9'}",mock
0xeaf54fd1ef31b542980edd3718ff5351734f00915682001396bd617045b0e09c,86000,1,TicketReserved,"{'model_id': 'model_mnist_784_noniid', 'round': 1, 'ticket_id': 51, 'owner': 'acct_11'}",mock
0xbea84cf4e160b68d7c875546e8ecebfe095d79810714ac978c5e39be7b5e0eae,93000,1,UpdatePublished,"{'model_id': 'model_mnist_784_noniid', 'round': 1, 'ticket_id': 51, 'cid': 'sha256:3fcf55f45d9a18700cd8d2518adf4e2be92f321e3b6afd6cbf6b5cff6c2f7871'}",mock
0xf66f3ff90b4a11da5903fdeae534ff5f2a021dd7c58cec2b736346ff16395eb4,86000,1,TicketReserved,"{'model_id': 'model_mnist_784_noniid', 'round': 1, 'ticket_id': 52, 'owner': 'acct_13'}",mock
0x2015ae30518c621fc4275edc3eae73c620489853d77503dcae12e3a8dfaafc79,93000,1,UpdatePublished,"{'model_id': 'model_mnist_784_noniid', 'round': 1, 'ticket_id': 52, 'cid': 'sha256:66ca26b8d6e25a890d421dccfe663e9c89e0103af29185a3cfe65069ad9a5d9f'}",mock
0x7ffb8a86233278521a1663c23a37f0c07a9aba358f7f4d303608ce5295a80b87,86000,1,TicketReserved,"{'model_id': 'model_mnist_784_noniid', 'round': 1, 'ticket_id': 53, 'owner': 'acct_14'}",mock
0xf7670c5e1553d1d316abc8779d277d55b27c33e51122628923cdd1385c918d49,93000,1,UpdatePublished,"{'model_id': 'model_mnist_784_noniid', 'round': 1, 'ticket_id': 53, 'cid': 'sha256:b29a0b71de8b80d1c155e79fee7ff6fd634e319d154af74aedba8b16f570c4f0'}",mock
0xd0dc3a81e9982043a4e261d7be8f6159e69c5f42c1a64d437db9d09dff3e688d,86000,1,TicketReserved,"{'model_id': 'model_mnist_784_noniid', 'round': 1, 'ticket_id': 54, 'owner': 'acct_15'}",mock
0x43f37ba490687f7f85dd09524f3fcb03c5a3e2b709ba027c5d58b5a744495dc7,93000,1,UpdatePublished,"{'model_id': 'model_mnist_784_noniid', 'round': 1, 'ticket_id': 54, 'cid': 'sha256:660e5969072773da104423c01c6bdc0180aab00877ce8bc3f2dfe41ed2ff3d92'}",mock
0xfb281fc7e73d13a358b7699167eb433e3ed55479b545bf4b3e6fc33a137e31da,86000,1,TicketReserved,"{'model_id': 'model_mnist_784_noniid', 'round': 1, 'ticket_id': 55, 'owner': 'acct_16'}",mock
0x0321cc35080222dd399b3d46768b3e3884f026d592091cccb183b4cd89a66eb4,93000,1,UpdatePublished,"{'model_id': 'model_mnist_784_noniid', 'round': 1, 'ticket_id': 55, 'cid': 'sha256:bf50d024f31fec5c2cafbd1a9fcc2442a4d3cbfafcda269acf9a09a70c291aa6'}",mock
0x7882f381a637784edd37da258fbab3364deb754c304cff1638cdda363c9223f7,86000,1,TicketReserved,"{'model_id': 'model_mnist_784_noniid', 'round': 1, 'ticket_id': 56, 'owner': 'acct_17'}",mock
0x537ed8d613c71f6b143869fa7b1dfcce2094a0a00b3e1a8d005f1d0db76548a3,93000,1,UpdatePublished,"{'model_id': 'model_mnist_784_noniid', 'round': 1, 'ticket_id': 56, 'cid': 'sha256:2f3570a7f4880d315daaf2a56128561769533dc4ac954e5344228a478d934756'}",mock
0xca704535b364f8f51841aee0957ef60c5c1cc5b747adb21b456e2c212082b7f5,86000,1,TicketReserved,"{'model_id': 'model_mnist_784_noniid', 'round': 1, 'ticket_id': 57, 'owner': 'acct_21'}",mock
0x3f55da53459d82a8d8cf2f6bbad0e3450874a0b1df3a0969d67c56dccc0ab56e,93000,1,UpdatePublished,"{'model_id': 'model_mnist_784_noniid', 'round': 1, 'ticket_id': 57, 'cid': 'sha256:131130f9087f6888e236dc6ad5a4f46f2c0ec0b16132f4092940319c7d38efb1'}",mock
0x803506adf4091692bdec8842c6411cf278d5497f6608e44c9a0dd9bbaa288c95,86000,1,TicketReserved,"{'model_id': 'model_mnist_784_noniid', 'round': 1, 'ticket_id': 58, 'owner': 'acct_23'}",mock
0xd7e81c15bc8bc89f71624f7eccec4712790af8f74ce9234cc9938136bf4a76e2,93000,1,UpdatePublished,"{'model_id': 'model_mnist_784_noniid', 'round': 1, 'ticket_id': 58, 'cid': 'sha256:ef22ffd7dc7a0c09bafa13fc79d156e4b045635cf321193a25eb7ad02338450c'}",mock
0x74ba520d093e1c55bec883cf7844600416b21efa0e133ea7aa123d681ae1b9e4,86000,1,TicketReserved,"{'model_id': 'model_mnist_784_noniid', 'round': 1, 'ticket_id': 59, 'owner': 'acct_26'}",mock
0x1cb0773f76f84b8f70a01965fec830e75a5b3aca5637ac39474680e7634e9b8e,93000,1,UpdatePublished,"{'model_id': 'model_mnist_784_noniid', 'round': 1, 'ticket_id': 59, 'cid': 'sha256:68aa29a10a210c0973a9455f79508b7f4bb80107663bc7d09141c23216588d83'}",mock
0x5372910637a437da4969f94c6bd0b74b995bc11668080ee9aa4693f18083fa35,86000,1,TicketReserved,"{'model_id': 'model_mnist_784_noniid', 'round': 1, 'ticket_id': 60, 'owner': 'acct_27'}",mock
0x538dca605a11d293dbed477b0ac27c794a3cf50acf9609f74431bbf606239b9a,93000,1,UpdatePublished,"{'model_id': 'model_mnist_784_noniid', 'round': 1, 'ticket_id': 60, 'cid': 'sha256:f937291bed546dc1d1a8f2031a711ca8050331e828646fbcb66107d2a18dbbfa'}",mock
0x401d747b1da7f57fa0d6e3f0001ee28c3f8f56950c0252862cbbc8ecc22fbbd2,86000,1,TicketReserved,"{'model_id': 'model_mnist_784_noniid', 'round': 1, 'ticket_id': 61, 'owner': 'acct_28'}",mock
0x0de133268f03d20a8ae204e791d66618c409db9010c1a2a484dc9e1efc7fa71a,93000,1,UpdatePublished,"{'model_id': 'model_mnist_784_noniid', 'round': 1, 'ticket_id': 61, 'cid': 'sha256:1866cade9ebf41592e72cd6b31df8cec40316f25ff52c934a9937081815a1eef'}",mock
0xa409c7b660f50a1b4ff338bd73115dc25bfd1fb479b6dc4b95e93eadaac1d6ee,86000,1,TicketReserved,"{'model_id': 'model_mnist_784_noniid', 'round': 1, 'ticket_id': 62, 'owner': 'acct_29'}",mock
0x579a841dfb9283acd1a104e3161d7275411424b0b2b0cf069165279ffcaeffa7,93000,1,UpdatePublished,"{'model_id': 'model_mnist_784_noniid', 'round': 1, 'ticket_id': 62, 'cid': 'sha256:f1de699853573fa1fedace44963d751b119818b22360249b8f1807cfe8f9330f'}",mock
0x5904fccb5ad32bc6e4f31619883281435c5983496596b622426a4b683bff6a14,86000,1,TicketReserved,"{'model_id': 'model_mnist_784_noniid', 'round': 1, 'ticket_id': 63, 'owner': 'acct_30'}",mock
0xb6de9c2feaa4b4a50297f26d37965551ac943ccb044996fe140ce93f7065bbeb,93000,1,UpdatePublished,"{'model_id': 'model_mnist_784_noniid', 'round': 1, 'ticket_id': 63, 'cid': 'sha256:9289510843b79196fdc05f7cc2a6b671ab42c876e27a7df8c437dc9c1d9fd501'}",mock
0xcfe0fb5728ce23026804d918862b065a4b7329fce1f7e5c3056774a1ebdfcde6,86000,1,TicketReserved,"{'model_id': 'model_mnist_784_noniid', 'round': 1, 'ticket_id': 64, 'owner': 'acct_33'}",mock
0x3fa53fcee424e592b869927262053c539923d2461ed5e07092a6ca123ed36ad2,93000,1,UpdatePublished,"{'model_id': 'model_mnist_784_noniid', 'round': 1, 'ticket_id': 64, 'cid': 'sha256:2582673acc28cebc39759dcd4a12250c7843a63422feab36ab7751755ac75564'}",mock
0x83f495d9e4bfaf0185214bf1df6ec261234ef296334c740b6e4bb78ae9f76675,86000,1,TicketReserved,"{'model_id': 'model_mnist_784_noniid', 'round': 1, 'ticket_id': 65, 'owner': 'acct_34'}",mock
0x9d156639ff7352ed7b3040f5b4963a370f495a8f9a88ad3cd9f8d87b3f9e677e,93000,1,UpdatePublished,"{'model_id': 'model_mnist_784_noniid', 'round': 1, 'ticket_id': 65, 'cid': 'sha256:0261bf63e83102ccaa4fa3db66c17f536480641c4f0c36f875f873d0d906c7c2'}",mock
0x82821082577e26fb32eef5748d5b8c82797935f1397050dc2e166233b5a4a433,86000,1,TicketReserved,"{'model_id': 'model_mnist_784_noniid', 'round': 1, 'ticket_id': 66, 'owner': 'acct_35'}",mock
0x96c6b415e3643917efcb7ed15e5d3459ade93c055653c6b5aeaf6b4d519354f0,93000,1,UpdatePublished,"{'model_id': 'model_mnist_784_noniid', 'round': 1, 'ticket_id': 66, 'cid': 'sha256:cb57c1fe90d2e5059a671cbc89e3931c054e4c3e9d71b1b0be5f691993d7c9b0'}",mock
0x28707987e64d77f085e30c61d46725804040ada9b0d18d4cc686602ab282ac5e,86000,1,TicketReserved,"{'model_id': 'model_mnist_784_noniid', 'round': 1, 'ticket_id': 67, 'owner': 'acct_38'}",mock
0x33462e8ed633b377d8452ca8c00445c98fa14bde84e9354cc863e6bcd597e810,93000,1,UpdatePublished,"{'model_id': 'model_mnist_784_noniid', 'round': 1, 'ticket_id': 67, 'cid': 'sha256:b8ec598eaae53263c097742552b2f15105d4ea08dcc3a5dd095540f8fefbeadb'}",mock
0x1f8aa9a4ac06f88f2b0b5d9dba1e3e2b87f2462481cd783d5f9c6dc4f9d67d80,86000,1,TicketReserved,"{'model_id': 'model_mnist_784_noniid', 'round': 1, 'ticket_id': 68, 'owner': 'acct_39'}",mock
0xe9f286664ee41ef2fa3bb0f233bc8bbe718c8003605adc326c058d992fec57b7,93000,1,UpdatePublished,"{'model_id': 'model_mnist_784_noniid', 'round': 1, 'ticket_id': 68, 'cid': 'sha256:c76d7cb68e592b4f3842e301b0aba6fd544081ff1472a8b60f14300123dfd20c'}",mock
0x57df8ce230a16febff4008eb18785dc0d5af91ddf13c9d79126a353ddacfc44d,86000,1,TicketReserved,"{'model_id': 'model_mnist_784_noniid', 'round': 1, 'ticket_id': 69, 'owner': 'acct_40'}",mock
0x5fdc297a74e01eb637868ce12cfd4af8fe89311351ebee68c9a80f3c391da013,93000,1,UpdatePublished,"{'model_id': 'model_mnist_784_noniid', 'round': 1, 'ticket_id': 69, 'cid': 'sha256:355b7279e41c4f3a38433bb2a5d14f475ff911b50f34f5dcfa0c4f44eeb07021'}",mock
0x4ec541029dbce03c3fb766bdc3644cb01dfab9e4b4e59daff460cfe198ded286,86000,1,TicketReserved,"{'model_id': 'model_mnist_784_noniid', 'round': 1, 'ticket_id': 70, 'owner': 'acct_41'}",mock
0xf1d15149381471d789b12e190a6952909759d316193b605f5a76abddf2b01656,93000,1,UpdatePublished,"{'model_id': 'model_mnist_784_noniid', 'round': 1, 'ticket_id': 70, 'cid': 'sha256:71f59b0d74c4170360c8ee0a1a4a322e182cda7ca30dd8a1a8e292360158625f'}",mock
0x630d50c565e766572d78501f5eafc8cbc89dc72c8097f63ef651dac0af12b767,86000,1,TicketReserved,"{'model_id': 'model_mnist_784_noniid', 'round': 1, 'ticket_id': 71, 'owner': 'acct_42'}",mock
0x19510ea933a17d3a9d982e3b37c846e59e4eab32bd26633020638ff5e935b2e5,93000,1,UpdatePublished,"{'model_id': 'model_mnist_784_noniid', 'round': 1, 'ticket_id': 71, 'cid': 'sha256:b0bdba2e3188f572e5116b99acc113dde68867cbfd2a85238c10c2c3590d3ca1'}",mock
0x07b50c244c42cb028923381cfbe15642237a9d35b34d026d602e3df6c506e47a,86000,1,TicketReserved,"{'model_id': 'model_mnist_784_noniid', 'round': 1, 'ticket_id': 72, 'owner': 'acct_43'}",mock
0x14faaae46cce24bdc70e18a7950cf96eec5bc0eb5cc9a336780c80014627bd81,93000,1,UpdatePublished,"{'model_id': 'model_mnist_784_noniid', 'round': 1, 'ticket_id': 72, 'cid': 'sha256:24b1219b854fd04934e1d71e9fe29925f7d4aa1856625ce5e63f34b22149d449'}",mock
0x707b29a047644b6d2d7fc2fdd0680bfad7d5d1a827db8bca55c9ff1369daa00e,86000,1,TicketReserved,"{'model_id': 'model_mnist_784_noniid', 'round': 1, 'ticket_id': 73, 'owner': 'acct_44'}",mock
0x4637151061f3df88fca313858083bf1b74bbd2ddd5b35456870da80eec196dcf,93000,1,UpdatePublished,"{'model_id': 'model_mnist_784_noniid', 'round': 1, 'ticket_id': 73, 'cid': 'sha256:750acde0027d96682918961d1f5294407747008cd3e7e3a9aad7b6f132811689'}",mock
0x17ad030113e3aa4de719b15f446cb5e33258705af681443b69c1bc333151f827,86000,1,TicketReserved,"{'model_id': 'model_mnist_784_noniid', 'round': 1, 'ticket_id': 74, 'owner': 'acct_45'}",mock
0xf05fc9cd764cd48796fcb39169a1734c607785131939e28d3eacc2abb2cf435e,93000,1,UpdatePublished,"{'model_id': 'model_mnist_784_noniid', 'round': 1, 'ticket_id': 74, 'cid': 'sha256:f8a398b38e9e9e859737429d89f871150b46d91b5b21fb4f08ea34e7e4c72fbe'}",mock
0x7941b092f29bfd89880ffd0a7866dd7acda9ddd4172b2d39ca16b31931612110,86000,1,TicketReserved,"{'model_id': 'model_mnist_784_noniid', 'round': 1, 'ticket_id': 75, 'owner': 'acct_46'}",mock
0x5a03c4b6eb7beef1eff5e310a620bb26ff73b35aaf0121602f33a3f66344fdeb,93000,1,UpdatePublished,"{'model_id': 'model_mnist_784_noniid', 'round': 1, 'ticket_id': 75, 'cid': 'sha256:871ecbc9bfd6d5e9496a0e42c7e7c615da6197de8bb81c409421ded09bf81975'}",mock
0x065230b3b540605104448e7b36398fe23fca9a5ed8d67afa34f5af03e865ef44,86000,1,TicketReserved,"{'model_id': 'model_mnist_784_noniid', 'round': 1, 'ticket_id': 76, 'owner': 'acct_47'}",mock
0x183394ca75df8f8cac0780b312be869755022883b76c43789f0a31cc4e3ed631,93000,1,UpdatePublished,"{'model_id': 'model_mnist_784_noniid', 'round': 1, 'ticket_id': 76, 'cid': 'sha256:30f2232de4aa5c0c3117f062284602d0002bf3ef2565562265d0d9f03befa82b'}",mock
0x4f6725a88dc329f3569273753b1621ec94aeb9ff00ba96e058b13508a1d95969,86000,1,TicketReserved,"{'model_id': 'model_mnist_784_noniid', 'round': 1, 'ticket_id': 77, 'owner': 'acct_48'}",mock
0x92a62e8903196dff31c5849e163648425f3a1339f0f13bd5fe1f1d25ec7fe995,93000,1,UpdatePublished,"{'model_id': 'model_mnist_784_noniid', 'round': 1, 'ticket_id': 77, 'cid': 'sha256:dcbbeda3fe83f47b5a8091d47e0e7ee1bc315b3fe6d24cc12ff259d91a2ce962'}",mock
0x7330f0a3ce981f05a0117e5d4f137956257bf8772532a780e8e9b4d4fe9294b2,86000,1,TicketReserved,"{'model_id': 'model_mnist_784_noniid', 'round': 1, 'ticket_id': 78, 'owner': 'acct_49'}",mock
0x13e86a7989da07b529f0235e9edc9a073c0e2ce2e49278d3678b55a0ec3fa898,93000,1,UpdatePublished,"{'model_id': 'model_mnist_784_noniid', 'round': 1, 'ticket_id': 78, 'cid': 'sha256:6aa5e065b2394cc2885f2706c7027b7bfc639bf7e2b9bb7a1e22bed1f7244a7d'}",mock
0x056515d768dc395aa8bc17e1f7fbacb4a2df91135550db017f3e0024ea0c4220,86000,1,TicketReserved,"{'model_id': 'model_mnist_784_noniid', 'round': 1, 'ticket_id': 79, 'owner': 'acct_50'}",mock
0xe8628c826a38216169abe4dde0a8ad5988b52e035b570fdb9e23edf3de2d58e7,93000,1,UpdatePublished,"{'model_id': 'model_mnist_784_noniid', 'round': 1, 'ticket_id': 79, 'cid': 'sha256:f8d7c7cad67b0a9020c980cedd97d0beec7ca210b4093985fb8e03c61ea51155'}",mock
0x335e1dab3a50d80871f2d26a91be4e6cdd8c41ed00e138c471530c0be73376a5,865000,1,RoundFinalized,"{'model_id': 'model_mnist_784_noniid', 'round': 1, 'included': 37, 'refunds': 37}",mock
0xe887c7f0d0b2526791ec1acfe724b5f9f0ac9435759e4f76b12841f27a5204d2,52000,1,RoundFunded,"{'model_id': 'model_mnist_784_noniid', 'amount_wei': 10000000000000000}",mock
0x60498060eb84935304dcaa084703a89d7d8482919f461615f7ffc9cda91827be,86000,1,TicketReserved,"{'model_id': 'model_mnist_784_noniid', 'round': 2, 'ticket_id': 80, 'owner': 'acct_2'}",mock
0x1fb76c576fe761c1093a0d40534727194eea96689bebda0b549fed7214126287,93000,1,UpdatePublished,"{'model_id': 'model_mnist_784_noniid', 'round': 2, 'ticket_id': 80, 'cid': 'sha256:622191843bd1f4cc0aa7467cff9143019f38d24b652eb5539142fada1ceac811'}",mock
0x680803ffc51399bc4a5f6edaa9bcdea467a1bdc572b71116dbb7a4407ae69834,86000,1,TicketReserved,"{'model_id': 'model_mnist_784_noniid', 'round': 2, 'ticket_id': 81, 'owner': 'acct_3'}",mock
0x3489ad8879aea012bd3ff39fd5e6609925a86e0006b934a6735c20fb1a637392,93000,1,UpdatePublished,"{'model_id': 'model_mnist_784_noniid', 'round': 2, 'ticket_id': 81, 'cid': 'sha256:4680b9d315b3cd38e9480f7783a4077b300646ac9f9a8763c6ebbec63eb92786'}",mock
0xd90b159987aa70fa2e2c764a50d61106be246df0394bd123ecebd4bd165c7cfe,86000,1,TicketReserved,"{'model_id': 'model_mnist_784_noniid', 'round': 2, 'ticket_id': 82, 'owner': 'acct_4'}",mock
0x639f2b7458cd64711d9f0239045666369938c6f3e1aeb092f2fe240b428af8a4,93000,1,UpdatePublished,"{'model_id': 'model_mnist_784_noniid', 'round': 2, 'ticket_id': 82, 'cid': 'sha256:6c331905898019a6ae0bc60435164fe03dfc4333c30dd89ce3e902ac600a4b7c'}",mock
0x35141f2f13925a06cd518f39df32bee631b69be7680c888b16e10574aed42886,86000,1,TicketReserved,"{'model_id': 'model_mnist_784_noniid', 'round': 2, 'ticket_id': 83, 'owner': 'acct_5'}",mock
0x96b3225e2b91913a6f954d451dfb8d0fdcfa17838e8afe388a6172a51384c9fa,93000,1,UpdatePublished,"{'model_id': 'model_mnist_784_noniid', 'round': 2, 'ticket_id': 83, 'cid': 'sha256:1abe119c151b350e1e79859f087b52fc2c265abb65b7562fed071fdc016adf94'}",mock
0x7d68df1b5e1beea44e01ec93326823b50d8acefa830c33f6705babc8a74b0ded,86000,1,TicketReserved,"{'model_id': 'model_mnist_784_noniid', 'round': 2, 'ticket_id': 84, 'owner': 'acct_6'}",mock
0xfe75199280c4729e7aea707394d6dc7e710d274c24d26aa3c7ac606b1f63d36b,93000,1,UpdatePublished,"{'model_id': 'model_mnist_784_noniid', 'round': 2, 'ticket_id': 84, 'cid': 'sha256:7f5227336c1946e184932574ad02be154682eec3d65a30b198dac1bb53391ffb'}",mock
0x99b89cb9cfec5b18e63507e9934c6fb9cfcd92d589afcaaf7bd642ff811479c0,86000,1,TicketReserved,"{'model_id': 'model_mnist_784_noniid', 'round': 2, 'ticket_id': 85, 'owner': 'acct_7'}",mock
0x21033e84d5d3987d56f5783a7106d5527450c49f26a9995c9eb53be77a11cb55,93000,1,UpdatePublished,"{'model_id': 'model_mnist_784_noniid', 'round': 2, 'ticket_id': 85, 'cid': 'sha256:c27139b419683061956e77e46838edcb9f86b4f906acfc2d4941820de0f78ff3'}",mock
0x45e38d68b3bd6c9a374ae79a95f542f2310106f2256f80ac425dc759ec5a0251,86000,1,TicketReserved,"{'model_id': 'model_mnist_784_noniid', 'round': 2, 'ticket_id': 86, 'owner': 'acct_8'}",mock
0xd66dc94ffe16db2da850d4447e73e8589c5b4a19fa15734c046319ea1464942c,93000,1,UpdatePublished,"{'model_id': 'model_mnist_784_noniid', 'round': 2, 'ticket_id': 86, 'cid': 'sha256:226270bce4516cbb812a55b7b690761f793f17b2912bea258eaef6ca8b18f2a8'}",mock
0x72d2db97dd399c74df38ee352ffcea0c35b82ea12ab5f39a87636bf178f2b4dd,86000,1,TicketReserved,"{'model_id': 'model_mnist_784_noniid', 'round': 2, 'ticket_id': 87, 'owner': 'acct_9'}",mock
0xef1d05a1abce3e2537010527ff22df9313005861eeea5a5cb3f8d87483354831,93000,1,UpdatePublished,"{'model_id': 'model_mnist_784_noniid', 'round': 2, 'ticket_id': 87, 'cid': 'sha256:35fcf3b45627c5fb93bbc3030b3bf18f97ace837dc17a3906b4854db05fb1598'}",mock
0xaf6462043be4c43c15930f5742decc2de432d616851eedcc9e31f75b4d81243d,86000,1,TicketReserved,"{'model_id': 'model_mnist_784_noniid', 'round': 2, 'ticket_id': 88, 'owner': 'acct_11'}",mock
0x9d2806b717ba89131fbfc9bd6dd9d955c9754061df2a9daa340aa4e9f00abb05,93000,1,UpdatePublished,"{'model_id': 'model_mnist_784_noniid', 'round': 2, 'ticket_id': 88, 'cid': 'sha256:910b81cff31668f7c5c88f4161589e6200512254876440a8529799b258015a92'}",mock
0x09bc085bbb7dfbbc58f2c2496e9d5da5a1012a4805b3a2bbd963a56211807309,86000,1,TicketReserved,"{'model_id': 'model_mnist_784_noniid', 'round': 2, 'ticket_id': 89, 'owner': 'acct_12'}",mock
0x6e575c64bb1cca563e31f0059692e9e492fbf26fe485e65b4b827d272763de34,93000,1,UpdatePublished,"{'model_id': 'model_mnist_784_noniid', 'round': 2, 'ticket_id': 89, 'cid': 'sha256:0a507b1b170f17da9bf347f3ce52bd4775d4b1495b577419d63c1761265c5936'}",mock
0x9673148e84ce1ce16b67cde91e632dcf6fecc9e028fa98b01b56e991f6dd7f2f,86000,1,TicketReserved,"{'model_id': 'model_mnist_784_noniid', 'round': 2, 'ticket_id': 90, 'owner': 'acct_13'}",mock
0xe3c53ac71555d4dc3156859cccdc35403767451f448a46ecfa7593edf4e441c7,93000,1,UpdatePublished,"{'model_id': 'model_mnist_784_noniid', 'round': 2, 'ticket_id': 90, 'cid': 'sha256:c47cb27a6b3d8d6dc18b61da1f555552bf39fe11f118a21a3a13e570c82f7801'}",mock
0x0ebd4e3ad3053f8cb938fd8dcea5fdb756a750449c61f1911af702feab402ea5,86000,1,TicketReserved,"{'model_id': 'model_mnist_784_noniid', 'round': 2, 'ticket_id': 91, 'owner': 'acct_15'}",mock
0x12b466e33809430457793bfe0ab118893f76c5eec196aff94efd8e012b1d7b2c,93000,1,UpdatePublished,"{'model_id': 'model_mnist_784_noniid', 'round': 2, 'ticket_id': 91, 'cid': 'sha256:024cab1dcbb3e6e1c0fec7ef2b3d3424f008e68bcf4326b74b2d54d53d707951'}",mock
0x6d979fe7f1c03555183fa56168173c67b9860ee8ab36a26116d0434110016c13,86000,1,TicketReserved,"{'model_id': 'model_mnist_784_noniid', 'round': 2, 'ticket_id': 92, 'owner': 'acct_16'}",mock
0xb9e48be80a969f23dbd7f39a2157171b8229994c790be013ca18e01c45fdd3bc,93000,1,UpdatePublished,"{'model_id': 'model_mnist_784_noniid', 'round': 2, 'ticket_id': 92, 'cid': 'sha256:4bc6ec99a33069c796d0b66be402c865ebc49ae7f98d286be4ae0978729aa734'}",mock
0x87109faf83faac5b0e5adde5930dfd688b581b44b65142fc667b53e2864bed20,86000,1,TicketReserved,"{'model_id': 'model_mnist_784_noniid', 'round': 2, 'ticket_id': 93, 'owner': 'acct_17'}",mock
0x2ff58fc176d1eaaa5073d6bcca57de23cbc74d980d38d6228723e37e13ff82f3,93000,1,UpdatePublished,"{'model_id': 'model_mnist_784_noniid', 'round': 2, 'ticket_id': 93, 'cid': 'sha256:e7210a109a67487ec64c3140a86e1a43b830a43f61899528338ce8ebd5b7a43b'}",mock
0xb6c3356a4638032944bb7510195d1b95311d235ff8494b7eccb519cf05dad55e,86000,1,TicketReserved,"{'model_id': 'model_mnist_784_noniid', 'round': 2, 'ticket_id': 94, 'owner': 'acct_18'}",mock
0x6209c4d786d2953b8256b74cb0d194d32a866c45b755f6bd270494895a86a9ce,93000,1,UpdatePublished,"{'model_id': 'model_mnist_784_noniid', 'round': 2, 'ticket_id': 94, 'cid': 'sha256:3a0dc7ee8b308f2510fed58c8127c29fd82ad0ef799e9beaa57d139d8a6350ac'}",mock
0x55d02bedd41968074094dbb769284043f16a63dd3c24b47b31bc3e6a92ac0efb,86000,1,TicketReserved,"{'model_id': 'model_mnist_784_noniid', 'round': 2, 'ticket_id': 95, 'owner': 'acct_19'}",mock
0x034305b0d444785141897b097c5f3969bf7e5d7a8710b77470817d42f0f809f3,93000,1,UpdatePublished,"{'model_id': 'model_mnist_784_noniid', 'round': 2, 'ticket_id': 95, 'cid': 'sha256:470c4aec466b8574b85ea80a26b80652af5071a5656882affb467942c221a59e'}",mock
0x4065eaad9f16e087b79a1e68c38fc17d86cae510ad18cc62f1e16e58e815ebe9,86000,1,TicketReserved,"{'model_id': 'model_mnist_784_noniid', 'round': 2, 'ticket_id': 96, 'owner': 'acct_20'}",mock
0x3e93fe8b3ed4fcc5c938e8b1b6db58d92f0c8434049d1346e6b112e043cfbae1,93000,1,UpdatePublished,"{'model_id': 'model_mnist_784_noniid', 'round': 2, 'ticket_id': 96, 'cid': 'sha256:5758caec2ab7b90e7ac1fa1accd57e1698d4f6099bbed162440cf3ed8e7f9d65'}",mock
0xfb046427d47001888f483f20ee8b2e6a3830fbd75ee1216cbe24941ed7d07f34,86000,1,TicketReserved,"{'model_id': 'model_mnist_784_noniid', 'round': 2, 'ticket_id': 97, 'owner': 'acct_21'}",mock
0xd9db7d3e0e2f50161f44a18de410ea7514ac6f4830cd5bf176177171a509db97,93000,1,UpdatePublished,"{'model_id': 'model_mnist_784_noniid', 'round': 2, 'ticket_id': 97, 'cid': 'sha256:db433c16797f799eaf500b2251aa44b002a0b039d59a610ff97b0dd4d2bfe19b'}",mock
0x2235304d00c883dfdbce92c5647a3f35f76558600d59586dc9a8436ce97cb4bb,86000,1,TicketReserved,"{'model_id': 'model_mnist_784_noniid', 'round': 2, 'ticket_id': 98, 'owner': 'acct_22'}",mock
0xed550e2aa0c46ecca63696c063afa0bcc3a557f1a29ccf0b0d2678feada00efc,93000,1,UpdatePublished,"{'model_id': 'model_mnist_784_noniid', 'round': 2, 'ticket_id': 98, 'cid': 'sha256:baa6dd21c45220d7e77680b5ca3be7872836d3ed0f51fa79d41894fd13090499'}",mock
0xadd4b060fe56ac84d85490603faf8878662a972640c51f69c9d35faa8b3f283d,86000,1,TicketReserved,"{'model_id': 'model_mnist_784_noniid', 'round': 2, 'ticket_id': 99, 'owner': 'acct_25'}",mock
0x82c8ce4911f76af759ff6483bc5ed943121f5693f1479c3f658100631f2311f4,93000,1,UpdatePublished,"{'model_id': 'model_mnist_784_noniid', 'round': 2, 'ticket_id': 99, 'cid': 'sha256:c27a0a372f28e06bb5f7b033982a4829b398a6a8e4cb4864b56e4f3a419d6ac6'}",mock
0x5064dc1c04fa27e57bc272c8c7753686efb661ee01e01a31d227ae0363622b98,86000,1,TicketReserved,"{'model_id': 'model_mnist_784_noniid', 'round': 2, 'ticket_id': 100, 'owner': 'acct_26'}",mock
0x2a569ef4fae5ea5f24b943e85fc096db9591d25a60823c680d2f0e3ac1ab449d,93000,1,UpdatePublished,"{'model_id': 'model_mnist_784_noniid', 'round': 2, 'ticket_id': 100, 'cid': 'sha256:9f823d7afba0a6131c4c7e061c38ea93d49cc4171625e694a6f913b6e9738754'}",mock
0xd85a6954bf7a34dbd6f5580ff4c4d8af681a5dfcd8e4b262947015b96762c4c6,86000,1,TicketReserved,"{'model_id': 'model_mnist_784_noniid', 'round': 2, 'ticket_id': 101, 'owner': 'acct_27'}",mock
0x87feb99f0805a1f7b9244ce045cd24b1d699e7fed27ee09cfefbcbef9f7396a6,93000,1,UpdatePublished,"{'model_id': 'model_mnist_784_noniid', 'round': 2, 'ticket_id': 101, 'cid': 'sha256:ac6c2dd10f29c78cb0616dc9b4650684a0fe75be081b041dfae68fbb43a39f00'}",mock
0x105ff5df114defdde4e7d2fc4ce01b38d74500b3456903987c0ba0792f5f84a6,86000,1,TicketReserved,"{'model_id': 'model_mnist_784_noniid', 'round': 2, 'ticket_id': 102, 'owner': 'acct_28'}",mock
0x051883caa115da5d02d7feabaac11dbaa593320ea5dfed1d294624a79de97ec5,93000,1,UpdatePublished,"{'model_id': 'model_mnist_784_noniid', 'round': 2, 'ticket_id': 102, 'cid': 'sha256:8e433d816fc5dfbc1e1cb352de132b2f0a4a9368a303127285e8a47b1a7d5669'}",mock
0xa6af62a9831bfa612dedaa535f27192b378cc775a8dafcd893bffce012576ff0,86000,1,TicketReserved,"{'model_id': 'model_mnist_784_noniid', 'round': 2, 'ticket_id': 103, 'owner': 'acct_29'}",mock
0x64cd0b41a5178f7955732bac47b6be2d1fa4b62a557338cf51f149cc9c83a4ef,93000,1,UpdatePublished,"{'model_id': 'model_mnist_784_noniid', 'round': 2, 'ticket_id': 103, 'cid': 'sha256:ab832402af3177f6e6f8f90694a2e788467231b3620594bd020c5f1b3086f7e3'}",mock
0xf8ec4325e5db8039ccc6983a86f3b8255c92a1a86635aa24fdaf24c12663416d,86000,1,TicketReserved,"{'model_id': 'model_mnist_784_noniid', 'round': 2, 'ticket_id': 104, 'owner': 'acct_30'}",mock
0x5569c525e6e934b534c3bfbf5ad0b89217e59254c83abcbcb036912c4cfc2e7f,93000,1,UpdatePublished,"{'model_id': 'model_mnist_784_noniid', 'round': 2, 'ticket_id': 104, 'cid': 'sha256:84ed972a9c2ea823cdffcaaf35f333f14034a055176eb2d90249c130cd7465e4'}",mock
0x207afb20ab87ff945a5a0bb7c1413a61c69391822c40176531bf54a80055a678,86000,1,TicketReserved,"{'model_id': 'model_mnist_784_noniid', 'round': 2, 'ticket_id': 105, 'owner': 'acct_32'}",mock
0x664dfa63a51c3150c0fd676fc17a4a1323d7d27e18f6496b1efd2a3601dd4a8f,93000,1,UpdatePublished,"{'model_id': 'model_mnist_784_noniid', 'round': 2, 'ticket_id': 105, 'cid': 'sha256:83c3dd23b5b2c1d0765f2b3bd1314fdb6fc2b772dd713b7abaeeea5486d3e1d3'}",mock
0xb30b8e2640081f800097a0569533f0dae1f1c8fb31fe02f714e0951b1af9fb8d,86000,1,TicketReserved,"{'model_id': 'model_mnist_784_noniid', 'round': 2, 'ticket_id': 106, 'owner': 'acct_35'}",mock
0x1b8014841a46274cda512a291260f330b65668bb855b5c3470b22c75e1f0b140,93000,1,UpdatePublished,"{'model_id': 'model_mnist_784_noniid', 'round': 2, 'ticket_id': 106, 'cid': 'sha256:74616405f2fca0a93087b3ecc9e4928982d2cf5dfd2ee1ba3457b25b62cf0ac8'}",mock
0xcfff6f967ec15210eca2b07923cd43da4fbdafe393b6b08ba0979c0729d051bd,86000,1,TicketReserved,"{'model_id': 'model_mnist_784_noniid', 'round': 2, 'ticket_id': 107, 'owner': 'acct_36'}",mock
0x461074e5aeb97a37042f91d3abe0b306838f785c3295e788eb0957043d24fa5d,93000,1,UpdatePublished,"{'model_id': 'model_mnist_784_noniid', 'round': 2, 'ticket_id': 107, 'cid': 'sha256:1e264db50ddbb4a63707fd2cf0d4a1fcbb1443d287c070ee907653ad6a229179'}",mock
0x8e94ed661c5adf9b6424a6b0af3976bda6633f465ccfc1ef541416b3f104c543,86000,1,TicketReserved,"{'model_id': 'model_mnist_784_noniid', 'round': 2, 'ticket_id': 108, 'owner': 'acct_37'}",mock
0xcfb763c5176dd3ea24a3c212026cbd4af208baba1cdf95e741bb6992224e2e86,93000,1,UpdatePublished,"{'model_id': 'model_mnist_784_noniid', 'round': 2, 'ticket_id': 108, 'cid': 'sha256:7439965cc880a1f399af5a06aa646cd9245be0e7155a8e23e31d6ccaba8b53ae'}",mock
0x7b14d6e5ab9847e12c6d8517a444bd0cbf70d951e435711e41abc5617dd41e9a,86000,1,TicketReserved,"{'model_id': 'model_mnist_784_noniid', 'round': 2, 'ticket_id': 109, 'owner': 'acct_38'}",mock
0x39c839feaca6f1c78c74f4c36dcfb292e31350223a739e4018ab47444e09844c,93000,1,UpdatePublished,"{'model_id': 'model_mnist_784_noniid', 'round': 2, 'ticket_id': 109, 'cid': 'sha256:dd58653b677c0411697885f8d1c8d91f999c8885372ae3f2007e2f1d9fea5ab8'}",mock
0x108e3596d7f121ba9159c88a97e5ae7ec6adeb0688f705f24ffd61b68e44599e,86000,1,TicketReserved,"{'model_id': 'model_mnist_784_noniid', 'round': 2, 'ticket_id': 110, 'owner': 'acct_39'}",mock
0x15ae142582bb12dd5f65249ab6c7beb1bd24eab2b6256869827a4254758f39ff,93000,1,UpdatePublished,"{'model_id': 'model_mnist_784_noniid', 'round': 2, 'ticket_id': 110, 'cid': 'sha256:f9612ad71de3a5f4e563dfea54ecffbfc9801a585c859ca26589ec7da902d612'}",mock
0x0dfc2da5fcbd0f5eb4fc94d2c5b1035a98fc117371d720f3933ac1e6cef5de5c,86000,1,TicketReserved,"{'model_id': 'model_mnist_784_noniid', 'round': 2, 'ticket_id': 111, 'owner': 'acct_40'}",mock
0x737bf2637900ea84ceda1ed5de92c68ebbda79075b33d481dd85f3c1c20676cc,93000,1,UpdatePublished,"{'model_id': 'model_mnist_784_noniid', 'round': 2, 'ticket_id': 111, 'cid': 'sha256:e2f254baad80225a1237d9ada8f278e78d7136f3be3fe9c888b1bb7c8477cc0d'}",mock
0x03bd3bc059c622abddf6d9a3c2e316bd3ae396d02bfc8f48480821eb069314eb,86000,1,TicketReserved,"{'model_id': 'model_mnist_784_noniid', 'round': 2, 'ticket_id': 112, 'owner': 'acct_41'}",mock
0x61ceeebb9d78c582d89b1fd86fc2b19899b6dffff607cbc589fba5b9d3491063,93000,1,UpdatePublished,"{'model_id': 'model_mnist_784_noniid', 'round': 2, 'ticket_id': 112, 'cid': 'sha256:7dbf569f19e27503f8fe5b76be0d8977e0d9fb0d139328c10d638f273b2f7db3'}",mock
0x600365b274cf99d75e91df9bdb1814e72e6ac78704c69684a288aa5beedd2c78,86000,1,TicketReserved,"{'model_id': 'model_mnist_784_noniid', 'round': 2, 'ticket_id': 113, 'owner': 'acct_42'}",mock
0x984aff168b3b0d7d9f2e1fbd821c3ca984c743d6a92834b7a32c616c99eee7a7,93000,1,UpdatePublished,"{'model_id': 'model_mnist_784_noniid', 'round': 2, 'ticket_id': 113, 'cid': 'sha256:046b488a7dff4ff84c79e35c3ccb73d4ba7f79e886ffef7e8a8b7adef8e70971'}",mock
0x4e1766c0019d42af80f0ece5d638238a3f202387992dd49bc7f9a4640559c5f9,86000,1,TicketReserved,"{'model_id': 'model_mnist_784_noniid', 'round': 2, 'ticket_id': 114, 'owner': 'acct_43'}",mock
0xac5c7f10ec90eecd76cd24bff497f07d9a76f9a022fc0908b4607994e4e2d9ca,93000,1,UpdatePublished,"{'model_id': 'model_mnist_784_noniid', 'round': 2, 'ticket_id': 114, 'cid': 'sha256:7fce98c746ab2f7ea93ab9acc5d44d21085c74b0c7e5b5cf3563d2ec09da742f'}",mock
0x42852e5d5dc277b3f850dc6293efe2b30fba7402c437aa23e2fb2296d43b8e41,86000,1,TicketReserved,"{'model_id': 'model_mnist_784_noniid', 'round': 2, 'ticket_id': 115, 'owner': 'acct_45'}",mock
0xe6c7e05b67733d47d11528df38400403761454aa86148294c0fd77c0ccb75c14,93000,1,UpdatePublished,"{'model_id': 'model_mnist_784_noniid', 'round': 2, 'ticket_id': 115, 'cid': 'sha256:58e3559ee1cb79ea36f5464996efbf6eb9672a3e66afcf466eb6d9d413003e08'}",mock
0xefa1d08c042a950ef4a715aeaf7b5310f6234edf61a400c27fea074eb6b48e1b,86000,1,TicketReserved,"{'model_id': 'model_mnist_784_noniid', 'round': 2, 'ticket_id': 116, 'owner': 'acct_47'}",mock
0x58f4f0fac431121291b0b04be3ca1ec84acfb50ac0225b175f02031485281888,93000,1,UpdatePublished,"{'model_id': 'model_mnist_784_noniid', 'round': 2, 'ticket_id': 116, 'cid': 'sha256:ec6e1d05c01380c145241a8966ec413424e049093c74739c1cc1c4772b4c1a22'}",mock
0x2b2a2b8f16a32152eaf21a98afe824c016bcbfc1bb07b9178fa8dc729374485e,86000,1,TicketReserved,"{'model_id': 'model_mnist_784_noniid', 'round': 2, 'ticket_id': 117, 'owner': 'acct_48'}",mock
0x773d2bf4aeaabb48701571f1100b2010b45ef7361f17d022dc81b07ad2dfb6a3,93000,1,UpdatePublished,"{'model_id': 'model_mnist_784_noniid', 'round': 2, 'ticket_id': 117, 'cid': 'sha256:c7cc3a094e6df0a52ac49433b00da3597015e6040372a30591adc7f8fe756f0e'}",mock
0x2b1ed150c244b8a058fe9e65c841fc7d517a6c9a9443853d44ea1e8202c550a4,86000,1,TicketReserved,"{'model_id': 'model_mnist_784_noniid', 'round': 2, 'ticket_id': 118, 'owner': 'acct_49'}",mock
0x9a2be72d94dd1b2e1ecd57cdeaa0459777703aaffc89df3abdc83e74f2861b2f,93000,1,UpdatePublished,"{'model_id': 'model_mnist_784_noniid', 'round': 2, 'ticket_id': 118, 'cid': 'sha256:69843da85ac64d2842b6d681df52424bc0ab1635997658716ac68fc64ed20e9e'}",mock
0x0e3112050737d724dc88ad38f6e3d45afc64cd3715d72ad32c34bb0f456acb9a,905000,1,RoundFinalized,"{'model_id': 'model_mnist_784_noniid', 'round': 2, 'included': 39, 'refunds': 39}",mock
0xd6db0320c0097d24a7f896bc4c05616736eac3feb0e75aeb1e5e27a088602a37,52000,1,RoundFunded,"{'model_id': 'model_mnist_784_noniid', 'amount_wei': 10000000000000000}",mock
0x8f33d0ec04d72d7306bb2d61cc2d76e1eeb3898d464df8ead054cd8ce54d722a,86000,1,TicketReserved,"{'model_id': 'model_mnist_784_noniid', 'round': 3, 'ticket_id': 119, 'owner': 'acct_1'}",mock
0xb752f49d6630c7225dcdcc5253a4d6ff809cbdca517953cb8840fdf0060c8557,93000,1,UpdatePublished,"{'model_id': 'model_mnist_784_noniid', 'round': 3, 'ticket_id': 119, 'cid': 'sha256:c85c869c370743e10a39171bd510d1ae003e5eb2d20d0455b2ca4f456e5410e3'}",mock
0xcd87567f0f4c349610b521902dc0b44f401b1a926a96d9fda55a0462939881f5,86000,1,TicketReserved,"{'model_id': 'model_mnist_784_noniid', 'round': 3, 'ticket_id': 120, 'owner': 'acct_3'}",mock
0x6249ecfaa3592308cf6eee9c4306e703962504d2238f332441aa8ec054531629,93000,1,UpdatePublished,"{'model_id': 'model_mnist_784_noniid', 'round': 3, 'ticket_id': 120, 'cid': 'sha256:16c8134c89919f623191504ac53af8937ce0ad7993a1683944450baec3102d69'}",mock
0x7c806253744acdadbe84b9160fca99134f43497ec75f4ea49e8bea81fbe62ffb,86000,1,TicketReserved,"{'model_id': 'model_mnist_784_noniid', 'round': 3, 'ticket_id': 121, 'owner': 'acct_4'}",mock
0xb92b0bb4a12ee354d5bbd9cce5f3011d01e14c26b194225e0801a6c648393e10,93000,1,UpdatePublished,"{'model_id': 'model_mnist_784_noniid', 'round': 3, 'ticket_id': 121, 'cid': 'sha256:907687a49196f2d3596625cacb6bfccdb82d214a2da1c6252cdafa5bb371ca28'}",mock
0xdb45815a7dd028fe2871bcf6ab322f47b467046069ff8ed8a5976dc1dbaf82a8,86000,1,TicketReserved,"{'model_id': 'model_mnist_784_noniid', 'round': 3, 'ticket_id': 122, 'owner': 'acct_5'}",mock
0xf45a35f267c323fde307663337b34b8cbb840794775058fb4fc007f4416a8f6e,93000,1,UpdatePublished,"{'model_id': 'model_mnist_784_noniid', 'round': 3, 'ticket_id': 122, 'cid': 'sha256:37325a00ce1141c81145444b5c96e89457a90e770731063f4b9a836154adf747'}",mock
0x6c5fcbf386368ebaadc44789342bd6f281d437282256dcefaddcdcacf91e7870,86000,1,TicketReserved,"{'model_id': 'model_mnist_784_noniid', 'round': 3, 'ticket_id': 123, 'owner': 'acct_6'}",mock
0xe28729d68f5341f3ef266adec71a4b4c2aba913a31285e9679e04d0d86e48e51,93000,1,UpdatePublished,"{'model_id': 'model_mnist_784_noniid', 'round': 3, 'ticket_id': 123, 'cid': 'sha256:f5449e2ec6a9510018abfa540e3b9558fcd63e7a733f11133799c9fa78297eba'}",mock
0xfde71bc552a36f07da223dd8a6c2a68a491490f925259f23a06fcf149f52b4c2,86000,1,TicketReserved,"{'model_id': 'model_mnist_784_noniid', 'round': 3, 'ticket_id': 124, 'owner': 'acct_7'}",mock
0x9831caffb0d2e1e86bdad2fca351618ba179fc420ec33c0e25415f4d2d661be3,93000,1,UpdatePublished,"{'model_id': 'model_mnist_784_noniid', 'round': 3, 'ticket_id': 124, 'cid': 'sha256:35d2c6f537d4353a4ca6591f7f7f688e34aaef9779489c6a5f82ff5091862f15'}",mock
0x35374a1e2a073adff12449664579cb54ba8b17e8c61a920bf8b36d1d49866293,86000,1,TicketReserved,"{'model_id': 'model_mnist_784_noniid', 'round': 3, 'ticket_id': 125, 'owner': 'acct_9'}",mock
0xec220030963ff808d3a77a3ba78a94987a4e61f006b2ceba5a25925fa61d87c6,93000,1,UpdatePublished,"{'model_id': 'model_mnist_784_noniid', 'round': 3, 'ticket_id': 125, 'cid': 'sha256:6f1438679848cdf1f750d5eddd0e79edd32343e046bd9e9b3d05f556d740c4b8'}",mock
0x6871e8779e50d6b0133730c774c56c90cb502b0af83422e1e57c337f98634267,86000,1,TicketReserved,"{'model_id': 'model_mnist_784_noniid', 'round': 3, 'ticket_id': 126, 'owner': 'acct_10'}",mock
0x9d1291c13684cb0540e317b362c55c9d44fc4cb45cd636a47386897e92889828,93000,1,UpdatePublished,"{'model_id': 'model_mnist_784_noniid', 'round': 3, 'ticket_id': 126, 'cid': 'sha256:4c226550624c2533ee8cb8966239c062ae3a2478a2ac42b9387e0955fce64e80'}",mock
0x2a56bd31ee130dd809575293eabde3952311fc09d2a0000d25f94c52224d14da,86000,1,TicketReserved,"{'model_id': 'model_mnist_784_noniid', 'round': 3, 'ticket_id': 127, 'owner': 'acct_11'}",mock
0x0f33151b91a49bced0be2815b9ff9fe8fc571050fece9415a55586cb9f00553f,93000,1,UpdatePublished,"{'model_id': 'model_mnist_784_noniid', 'round': 3, 'ticket_id': 127, 'cid': 'sha256:0bf14640f55aa2acb87b09fde1db782e7cc190f683a00f37f5772226ea349c46'}",mock
0xf884eeb10b5fa6fb9e736c5c3398c98584959786fca7413a97faa8ea863c2245,86000,1,TicketReserved,"{'model_id': 'model_mnist_784_noniid', 'round': 3, 'ticket_id': 128, 'owner': 'acct_12'}",mock
0x58567f009bcd9709337cf5990e30e717973144c810a5f3fd67b9c5daa168514d,93000,1,UpdatePublished,"{'model_id': 'model_mnist_784_noniid', 'round': 3, 'ticket_id': 128, 'cid': 'sha256:2426afb1b9d3c09582095323c72d285edb40b067a169680f688c557ac21db7fd'}",mock
0xe44eae9dcb608f4bf81e8072f447218aaf8b9322f1a71b1cb549a34fc6c7da53,86000,1,TicketReserved,"{'model_id': 'model_mnist_784_noniid', 'round': 3, 'ticket_id': 129, 'owner': 'acct_13'}",mock
0xe57d06a929c72ec7d2753460c3dade74ce7750b65341836f8c3a7bb2dc90b273,93000,1,UpdatePublished,"{'model_id': 'model_mnist_784_noniid', 'round': 3, 'ticket_id': 129, 'cid': 'sha256:086ac22a8e06d3f8944a5307900be4f24b204cd793c7536abcd9fb94454023fd'}",mock
0x0d9836ea1129e59843863d1db19c23d1158cd04dda7e20da17cdd2c09e7f62d2,86000,1,TicketReserved,"{'model_id': 'model_mnist_784_noniid', 'round': 3, 'ticket_id': 130, 'owner': 'acct_14'}",mock
0xd2d4a74269ba770e849d69ff307c5e1fec7f7b07bb9bed1b47d443e01d3f70d7,93000,1,UpdatePublished,"{'model_id': 'model_mnist_784_noniid', 'round': 3, 'ticket_id': 130, 'cid': 'sha256:83a0dbf6d691cf88ad3764cdb1bdc63ab85f2097501c14caf02b3fb26bd128e7'}",mock
0xc0d765ad0371d46cec9d88562b5c15f42b1a6ebb3ebf8176b209dbb9de28b5a0,86000,1,TicketReserved,"{'model_id': 'model_mnist_784_noniid', 'round': 3, 'ticket_id': 131, 'owner': 'acct_15'}",mock
0xd8778e26d0ff80e0cd1408481cbb11fb60579c5bfc39e43d965cf5acfcf8beea,93000,1,UpdatePublished,"{'model_id': 'model_mnist_784_noniid', 'round': 3, 'ticket_id': 131, 'cid': 'sha256:d67846c0f5b015570f77d2b16ba6dd41a5a90017606b6ab7fbcc17580080c53b'}",mock
0xc6587ce7743ee40f64313b484b4b8fd05f96290d3f21aa0d3853620eb1e129b4,86000,1,TicketReserved,"{'model_id': 'model_mnist_784_noniid', 'round': 3, 'ticket_id': 132, 'owner': 'acct_16'}",mock
0x301ff1729995bce40885bee97cb9df033c2ea6de451a1c163946d17a0cd5b310,93000,1,UpdatePublished,"{'model_id': 'model_mnist_784_noniid', 'round': 3, 'ticket_id': 132, 'cid': 'sha256:d4beea29390199ca22839e923dc9e4ff948e6e386c451a716b864578cbe9fe52'}",mock
0x6a7ea7fb8e63544a4977dda857b7691c5e69744367452248e476473635e2e7ea,86000,1,TicketReserved,"{'model_id': 'model_mnist_784_noniid', 'round': 3, 'ticket_id': 133, 'owner': 'acct_17'}",mock
0xc858256fff8bb2881d3c716c9f339c75ab630e8d18f499b64381ce26485abedd,93000,1,UpdatePublished,"{'model_id': 'model_mnist_784_noniid', 'round': 3, 'ticket_id': 133, 'cid': 'sha256:8d29ca335579176035c676252af63f5a7e54713be5b9d010e99963879d58d955'}",mock
0xa5318dcc8502e55bb06e49bd3c1b53a128cb09a764c8bf271e60e51b88944577,86000,1,TicketReserved,"{'model_id': 'model_mnist_784_noniid', 'round': 3, 'ticket_id': 134, 'owner': 'acct_18'}",mock
0xf9d9c476b63022a6b3f4f3b72611412051ea4abd467303032b82a6985e8aec41,93000,1,UpdatePublished,"{'model_id': 'model_mnist_784_noniid', 'round': 3, 'ticket_id': 134, 'cid': 'sha256:800494d503182f8ab61beda2464c843db45e9f9dfa6f3ebc77301dadca1b1f2c'}",mock
0xc6ea24a071151d5ccdeeeeb83414bcbdc84633aeac156f00496c68aa8fc84f48,86000,1,TicketReserved,"{'model_id': 'model_mnist_784_noniid', 'round': 3, 'ticket_id': 135, 'owner': 'acct_20'}",mock
0xcfcad7c3a8a4968c35017b0900837921fd5df27f4f010f20f524ac95b4ff13c8,93000,1,UpdatePublished,"{'model_id': 'model_mnist_784_noniid', 'round': 3, 'ticket_id': 135, 'cid': 'sha256:e4df2a1b64503fc5b23d089fb502904ee8eeb12867b1aaa7123d805602d5ad39'}",mock
0x148d35425913c56953c48a56da834d158dc31ba72600fad2fbe619413d101571,86000,1,TicketReserved,"{'model_id': 'model_mnist_784_noniid', 'round': 3, 'ticket_id': 136, 'owner': 'acct_21'}",mock
0xfd8be5f00b8a03600fbd421d0a4c078417b869d73750824f995d06dce7bd7f4e,93000,1,UpdatePublished,"{'model_id': 'model_mnist_784_noniid', 'round': 3, 'ticket_id': 136, 'cid': 'sha256:a195241c40753faeb7929be1b6b558de41f80320a7598aa962ce12e0a8966bc4'}",mock
0x5dab5f694f1f6107addec709b41cc1bde865891a7da61cf9de0c5c10a1ff3b2c,86000,1,TicketReserved,"{'model_id': 'model_mnist_784_noniid', 'round': 3, 'ticket_id': 137, 'owner': 'acct_22'}",mock
0xc4d781b88efa418c40319242c2907a12ee6dc5af5e36ff8624f74e940dec491e,93000,1,UpdatePublished,"{'model_id': 'model_mnist_784_noniid', 'round': 3, 'ticket_id': 137, 'cid': 'sha256:5ae53d055065c77c0b440a7dd8c47a5f83da56d4aa3602d6135be8836b554fc6'}",mock
0xe15828bb8de655706f99cc83504f0c2b806d7435dbae5adceeeade629efc76bd,86000,1,TicketReserved,"{'model_id': 'model_mnist_784_noniid', 'round': 3, 'ticket_id': 138, 'owner': 'acct_23'}",mock
0xc695fbcad031693fe18e328fcaa282fd3da39d7a29eb4da891f670f2f373bed4,93000,1,UpdatePublished,"{'model_id': 'model_mnist_784_noniid', 'round': 3, 'ticket_id': 138, 'cid': 'sha256:b49a739800378a7c79ae03b61236e4926d4e371e27c0c66e84c0f9325c22deea'}",mock
0xa07f5ce03b8063661fab973617739f449bd54472081c10eceaeac40a740915ab,86000,1,TicketReserved,"{'model_id': 'model_mnist_784_noniid', 'round': 3, 'ticket_id': 139, 'owner': 'acct_24'}",mock
0x07c5a235f2a29ff1fa8dfca442e531394839b47f83c392ab13ccf9ff7500a98b,93000,1,UpdatePublished,"{'model_id': 'model_mnist_784_noniid', 'round': 3, 'ticket_id': 139, 'cid': 'sha256:7a2afad9a90e85d22872c6cf341428125f21065941f434fa9a5bf39e3a58f7d4'}",mock
0xdf759850edb4d42d56abdaa590918a8e3b429bf78bc3857bc34266e8b56e6308,86000,1,TicketReserved,"{'model_id': 'model_mnist_784_noniid', 'round': 3, 'ticket_id': 140, 'owner': 'acct_25'}",mock
0xc5c2fba593eea007d64dce1949a74744a2ee2b9ccae0bb69f688345e7146687f,93000,1,UpdatePublished,"{'model_id': 'model_mnist_784_noniid', 'round': 3, 'ticket_id': 140, 'cid': 'sha256:14ce56f4c540a4e61b70eedcdeae2cdc4800505fe93f909dc1f95965fdcc697d'}",mock
0x23007c260fbda0759326cfc113dbd8b9b58782483ab2687bc905e54ce2f48dce,86000,1,TicketReserved,"{'model_id': 'model_mnist_784_noniid', 'round': 3, 'ticket_id': 141, 'owner': 'acct_26'}",mock
0x7453d93dad9aff4e8118034622b51b334292f541060870759a6a94e9230c9bbe,93000,1,UpdatePublished,"{'model_id': 'model_mnist_784_noniid', 'round': 3, 'ticket_id': 141, 'cid': 'sha256:b7f0f2a0771c06e21ef3300faa5631c74e65627b885f737b4173e3419ad2acfe'}",mock
0xce089ffa5da05f1cbeec062b6ed85cfa2782ba65ffc6518a00e85ed14947270d,86000,1,TicketReserved,"{'model_id': 'model_mnist_784_noniid', 'round': 3, 'ticket_id': 142, 'owner': 'acct_27'}",mock
0xe1a309c547b14600db6a84ba11674248ab316dcb4b0c10fe1f2e3a1fd48bcd10,93000,1,UpdatePublished,"{'model_id': 'model_mnist_784_noniid', 'round': 3, 'ticket_id': 142, 'cid': 'sha256:783dcb6e557abdd2a011a629c45e6ba39114a7b48252514d8a090bdcf9bd1f7a'}",mock
0x3f557f4fa7b464575fba9ce143898a4f32fcb3ddca0b5467014d93b939c45a05,86000,1,TicketReserved,"{'model_id': 'model_mnist_784_noniid', 'round': 3, 'ticket_id': 143, 'owner': 'acct_28'}",mock
0x7ed0b4f34f338234157b77b1e1583689db330bdb77a0445d9cc57b46ce54ea19,93000,1,UpdatePublished,"{'model_id': 'model_mnist_784_noniid', 'round': 3, 'ticket_id': 143, 'cid': 'sha256:c0a85e368c2272571bcb116b5602a9076640eb21b5441ed5d1f89e3c5718b189'}",mock
0x040f9e45e1e9c919b0df1d77f96381b801ad5cfe8ed0fdd9cc661acf3c597093,86000,1,TicketReserved,"{'model_id': 'model_mnist_784_noniid', 'round': 3, 'ticket_id': 144, 'owner': 'acct_30'}",mock
0x760209697025abec4f27e9837538acb81c5fe4e6b6a06282c7c89bad54bbb4d7,93000,1,UpdatePublished,"{'model_id': 'model_mnist_784_noniid', 'round': 3, 'ticket_id': 144, 'cid': 'sha256:4624ebc40d3c7b6b4fed76d4603ffa099da4ed8e47c4e89bccdd42ca38410ad2'}",mock
0x45a03fa430566ed1cd28a0b8f8adc280f6dfd3d21c018f3f65cf79d8345ca6c1,86000,1,TicketReserved,"{'model_id': 'model_mnist_784_noniid', 'round': 3, 'ticket_id': 145, 'owner': 'acct_31'}",mock
0xb3a04b5e3ed1ea69b96039dee14b434dcce789692183f1e9412761fafb95f54a,93000,1,UpdatePublished,"{'model_id': 'model_mnist_784_noniid', 'round': 3, 'ticket_id': 145, 'cid': 'sha256:8364a2e1e75acfb4ee256391eff4974329534dad218db3b50c83ffef051a9b68'}",mock
0x30df58e2fb955f3f584dfa924e53adddac92f19e8439ca2291b4871bbdabdcad,86000,1,TicketReserved,"{'model_id': 'model_mnist_784_noniid', 'round': 3, 'ticket_id': 146, 'owner': 'acct_33'}",mock
0xbd2fd78e373d621b2ab79d87323d1c26f7d42b58cea0d0a14df944417f5099aa,93000,1,UpdatePublished,"{'model_id': 'model_mnist_784_noniid', 'round': 3, 'ticket_id': 146, 'cid': 'sha256:00f1b9f2f5185ae2a62e8e7123fbb5823a82317270a375eebe2e23bcc8cfd62f'}",mock
0xd111de893a59660d9db5d06c612f44dc189bcd07066597dbd94e3d9f80ac1bfc,86000,1,TicketReserved,"{'model_id': 'model_mnist_784_noniid', 'round': 3, 'ticket_id': 147, 'owner': 'acct_34'}",mock
0xb8523acfba956079ceed1e9f7d85f42fcf9475562b9b4e588dc13866c2a661dc,93000,1,UpdatePublished,"{'model_id': 'model_mnist_784_noniid', 'round': 3, 'ticket_id': 147, 'cid': 'sha256:066c5ecb391512651ab6eabd4333c876c073ed0c66b7b83934ebf9f372a0124c'}",mock
0xe149aaf79dc7da0195502263898c88dc733c5b958fad94d5f23accbeb9580364,86000,1,TicketReserved,"{'model_id': 'model_mnist_784_noniid', 'round': 3, 'ticket_id': 148, 'owner': 'acct_35'}",mock
0x47236d2169f6ce1ae94f454291aefe80806f4537f74dc5cbcc1b713d50d9d6fa,93000,1,UpdatePublished,"{'model_id': 'model_mnist_784_noniid', 'round': 3, 'ticket_id': 148, 'cid': 'sha256:d6b3ad41c41f1ae01e1fa4a6952fb12d6ac8d039daf19e739bd717ded64da26c'}",mock
0x9528726ec052f766ca56f6394b820fbddd2b5093daa5db5ca6b6cd68299c3cbc,86000,1,TicketReserved,"{'model_id': 'model_mnist_784_noniid', 'round': 3, 'ticket_id': 149, 'owner': 'acct_36'}",mock
0x0439aff0a429723f530e1dd17e6d7579ce01c63d8459df7a89e1f3ed0c191239,93000,1,UpdatePublished,"{'model_id': 'model_mnist_784_noniid', 'round': 3, 'ticket_id': 149, 'cid': 'sha256:4d173d5a40300b0ef11f7ead49098061e1f669ebefc10c6c4ebbaaf26b68ca05'}",mock
0x19788c42ba2a42380c35f79c561db83ae60dff5ba1dbc36a28b3f4dcb77b2afc,86000,1,TicketReserved,"{'model_id': 'model_mnist_784_noniid', 'round': 3, 'ticket_id': 150, 'owner': 'acct_38'}",mock
0x05b8dbaa34fb3a146f044cd02326075172335de3df61cbd8fa681bb82c4af344,93000,1,UpdatePublished,"{'model_id': 'model_mnist_784_noniid', 'round': 3, 'ticket_id': 150, 'cid': 'sha256:57feb157385160239b00f8394af44e3aa259b8138a3a0f7acf92b25a6fbc7371'}",mock
0x5eb527847ad671b5a49058dc58956462c2dd74abd3b460c7b0f048f7075ccbcf,86000,1,TicketReserved,"{'model_id': 'model_mnist_784_noniid', 'round': 3, 'ticket_id': 151, 'owner': 'acct_39'}",mock
0x486fb2d5e183c158e43e4753e2926e248851dd65849c718ed0bc09b4683a6ad7,93000,1,UpdatePublished,"{'model_id': 'model_mnist_784_noniid', 'round': 3, 'ticket_id': 151, 'cid': 'sha256:45c19958db0409f90793c8a5b64eec7fdc0f6b48033e80cb4d53224b7500570a'}",mock
0x1a1de0597e385fa3ff5690b4e7e5215ddb2f1fc0bb73448a288533598dcc35f6,86000,1,TicketReserved,"{'model_id': 'model_mnist_784_noniid', 'round': 3, 'ticket_id': 152, 'owner': 'acct_40'}",mock
0x443879bfe74d63ca4905f2267ccdd3fcbdea43e62f6db0f43d8ac0972bfadfa1,93000,1,UpdatePublished,"{'model_id': 'model_mnist_784_noniid', 'round': 3, 'ticket_id': 152, 'cid': 'sha256:8de0c67992d4fc77afdfd62e5b4c4bd636c1c6620c5a8dbd27a0ac3a3d83e2a0'}",mock
0xddf0e8ab05e5b70e916bdb9003f82d339fb425798f7ee91727ecb40b570807aa,86000,1,TicketReserved,"{'model_id': 'model_mnist_784_noniid', 'round': 3, 'ticket_id': 153, 'owner': 'acct_42'}",mock
0x1c9436d50c5942987a4ddab24817023e6af7d8d8a90fde318d7faea4ee43de4e,93000,1,UpdatePublished,"{'model_id': 'model_mnist_784_noniid', 'round': 3, 'ticket_id': 153, 'cid': 'sha256:fe246044ca2b30388eefcfe1322495cc29a50950ac5ed92c37de589a51df3c26'}",mock
0xa265ae6d889b7bd7c1b45727ce93f958404b6d3f157b4e2c70c7ca4a7c59e5a7,86000,1,TicketReserved,"{'model_id': 'model_mnist_784_noniid', 'round': 3, 'ticket_id': 154, 'owner': 'acct_43'}",mock
0xb915baa588f7aa41a3dc1d795043b5ec4ff2ebdc2e5a22fe9908b86e03f2333a,93000,1,UpdatePublished,"{'model_id': 'model_mnist_784_noniid', 'round': 3, 'ticket_id': 154, 'cid': 'sha256:cb9c9405d12d30d20deb04ce12dc25dc18a22afa7824e511fba57e296d9ca230'}",mock
0x535ebde5e193a5128aa1ceca0375421ea7e009d8c55af4cd79c59c1956dbb3cb,86000,1,TicketReserved,"{'model_id': 'model_mnist_784_noniid', 'round': 3, 'ticket_id': 155, 'owner': 'acct_45'}",mock
0xda49e92fe8e105979a7df7ed26bbecd11b41864b38619036ed4b37974bce4cae,93000,1,UpdatePublished,"{'model_id': 'model_mnist_784_noniid', 'round': 3, 'ticket_id': 155, 'cid': 'sha256:aad68407a4f11f9e9b38b6035377f85e82c703e2540400bddee98212d8b0c12e'}",mock
0x07108b9228975edda92ba30a1fb6abb1f1d9d1b37c066754e040d4812629608b,86000,1,TicketReserved,"{'model_id': 'model_mnist_784_noniid', 'round': 3, 'ticket_id': 156, 'owner': 'acct_46'}",mock
0x97aa4ff2a1b83ead4010964e0117b1e42ac41c3509a585fc945cb915047edc36,93000,1,UpdatePublished,"{'model_id': 'model_mnist_784_noniid', 'round': 3, 'ticket_id': 156, 'cid': 'sha256:631ca55461430f4d7cf2004060929ee589dca4b6a15e2320a396666eab1768ba'}",mock
0xd7f604dc1e061d0850823181a9c141668fd49fa72d5d7d3833220c6ce7390836,86000,1,TicketReserved,"{'model_id': 'model_mnist_784_noniid', 'round': 3, 'ticket_id': 157, 'owner': 'acct_47'}",mock
0xcc70ef5af3560048edfee4560f165230ec09b944f63198bebb06f38b10f2f2d7,93000,1,UpdatePublished,"{'model_id': 'model_mnist_784_noniid', 'round': 3, 'ticket_id': 157, 'cid': 'sha256:2261388ef747585038894c35635793d78fd5126f7447f31d185abdd80cd5d35a'}",mock
0x65e21f5413638265f1c1d8f10f28815c345c5a6306e92e6e8b802c989256d470,86000,1,TicketReserved,"{'model_id': 'model_mnist_784_noniid', 'round': 3, 'ticket_id': 158, 'owner': 'acct_48'}",mock
0xe7aabaae5d96d08336b6f0f895628a55d6b6a0e053581fa6438a8903f38f9644,93000,1,UpdatePublished,"{'model_id': 'model_mnist_784_noniid', 'round': 3, 'ticket_id': 158, 'cid': 'sha256:9b51516a54744dfba992759333cee5b0ccd4d5832a864c4fd96e2a6d51e15711'}",mock
0x6376f34e830dfe08fb7d50f0c4e98c54402290f1283cf74381f143d5691b4d77,86000,1,TicketReserved,"{'model_id': 'model_mnist_784_noniid', 'round': 3, 'ticket_id': 159, 'owner': 'acct_49'}",mock
0x4289ec9ed8da991294a7d1eaf4dd19404c07721ac601d71df636af5a379f2da2,93000,1,UpdatePublished,"{'model_id': 'model_mnist_784_noniid', 'round': 3, 'ticket_id': 159, 'cid': 'sha256:940d337cfa102695a04c780bf118302af6a356c5057544e03f311165cab9a7e4'}",mock
0x202407c9c7e6f6cb55d1ca0e5da618e706e6f1d4eddf2153ffc1e7a5cf5c8ede,86000,1,TicketReserved,"{'model_id': 'model_mnist_784_noniid', 'round': 3, 'ticket_id': 160, 'owner': 'acct_50'}",mock
0xff15abb1d56fead9a74ee658690d70d0726cc7dc1c53aa1583a9eb660d8f497a,93000,1,UpdatePublished,"{'model_id': 'model_mnist_784_noniid', 'round': 3, 'ticket_id': 160, 'cid': 'sha256:40e4b39c1335a05bc2e02923278292d5476292daab0bb4a3b4a036b1672012e2'}",mock
0x316350c269e32838881740fffb6011d5c0536714c6f636227225c4a4eda0b304,965000,1,RoundFinalized,"{'model_id': 'model_mnist_784_noniid', 'round': 3, 'included': 42, 'refunds': 42}",mock
0x7903908c5fd410bddd6127d5d5bdc0ebcb740b25747baf2dcb521efd364298d3,52000,1,RoundFunded,"{'model_id': 'model_mnist_784_noniid', 'amount_wei': 10000000000000000}",mock
0xa658eaae82836c3cb66502002605a6ddb21f425082aa18d8122f50c21c719c8d,86000,1,TicketReserved,"{'model_id': 'model_mnist_784_noniid', 'round': 4, 'ticket_id': 161, 'owner': 'acct_1'}",mock
0xed82179e07805faaef1b64b4b52bc0cd8b82941fd8d28fc7d18506a405f16910,93000,1,UpdatePublished,"{'model_id': 'model_mnist_784_noniid', 'round': 4, 'ticket_id': 161, 'cid': 'sha256:600135a9c78cc3b502774e47b133a0470a182ad33ef3780bc3e51f4f344194ca'}",mock
0xa7991f9b227ce9a6f8ddffba778f35c357bee658f96d01a9f3a539edd0c1a049,86000,1,TicketReserved,"{'model_id': 'model_mnist_784_noniid', 'round': 4, 'ticket_id': 162, 'owner': 'acct_2'}",mock
0xf782dba7339179ed7fc8f9f9d095fe2cb06f7e03ba5a7d7383c74c54e1ebc092,93000,1,UpdatePublished,"{'model_id': 'model_mnist_784_noniid', 'round': 4, 'ticket_id': 162, 'cid': 'sha256:325beb69f0a07b3af65ce36132dfe19ed4553d8183a8cba438891b66f720059b'}",mock
0x77f1a695482759a37e0970f3303d36a722e38a50746523d8e8503e988299adb5,86000,1,TicketReserved,"{'model_id': 'model_mnist_784_noniid', 'round': 4, 'ticket_id': 163, 'owner': 'acct_3'}",mock
0x0731c8c9db031a63ff0ac56c3ae475e1a8db60b7525a794ad1cb8dd15cfeb067,93000,1,UpdatePublished,"{'model_id': 'model_mnist_784_noniid', 'round': 4, 'ticket_id': 163, 'cid': 'sha256:a00562bfd96d08975a10cb18e79ed5a8906d86c3caeb508a39a766e946002960'}",mock
0xa2b267a15a0d1e1818e7997645b045a62c6892d1e365faa03da353e50ae5e60c,86000,1,TicketReserved,"{'model_id': 'model_mnist_784_noniid', 'round': 4, 'ticket_id': 164, 'owner': 'acct_4'}",mock
0x7bcd16134d5e9f3df570a14900dca3289421819846e240f474a02f38aa58f9f7,93000,1,UpdatePublished,"{'model_id': 'model_mnist_784_noniid', 'round': 4, 'ticket_id': 164, 'cid': 'sha256:b33b9951427dac6611f12ec3499574b17a8209e6fd9ff4cce0de4da6f14a665f'}",mock
0xf97e3c7bec4b7a318b2ba82141a73cf6e4dc754c1182d6747b4db9a5d23806d2,86000,1,TicketReserved,"{'model_id': 'model_mnist_784_noniid', 'round': 4, 'ticket_id': 165, 'owner': 'acct_5'}",mock
0xb4d4af5e92e3d085f33a282cf4b9ece42ad7ef789eec43bcf7a08dc63c56eabf,93000,1,UpdatePublished,"{'model_id': 'model_mnist_784_noniid', 'round': 4, 'ticket_id': 165, 'cid': 'sha256:86c270d5fd315f530961533f1b18b25f8e2e7595952e199e6ab8614b6a5443d1'}",mock
0x251758e33cc4def2d10ae23196d0a51740ce592a39f80c75e90a5cffd08314bb,86000,1,TicketReserved,"{'model_id': 'model_mnist_784_noniid', 'round': 4, 'ticket_id': 166, 'owner': 'acct_6'}",mock
0x17ee68c8cf49456fbc392d3eaf20429c454c0486737f3b82e6af603ab2fb2aef,93000,1,UpdatePublished,"{'model_id': 'model_mnist_784_noniid', 'round': 4, 'ticket_id': 166, 'cid': 'sha256:ae5a4e8c7f9ea157c2da9dc0f23b02ab470f8ee3444745de4aa8834c096620d6'}",mock
0x4fe886a07c700621595207ca777c36e020ee556b9d7f564843e9edfd75c8f0c5,86000,1,TicketReserved,"{'model_id': 'model_mnist_784_noniid', 'round': 4, 'ticket_id': 167, 'owner': 'acct_7'}",mock
0xdef092ad4862819461fce12b0bac8b9d62381ae52b22f249846bdea3df1c31fd,93000,1,UpdatePublished,"{'model_id': 'model_mnist_784_noniid', 'round': 4, 'ticket_id': 167, 'cid': 'sha256:373bd78a37989c5491b26be7e2dea722c8f2a501183d6df654943217fba64872'}",mock
0x186e6a091fe486693c1d073567e035dbe584c7c4dede7c381f9cb5accf875568,86000,1,TicketReserved,"{'model_id': 'model_mnist_784_noniid', 'round': 4, 'ticket_id': 168, 'owner': 'acct_8'}",mock
0x942450d7c8f0f88eb8b81a4c68f54c20c98385767571a7bfb0e282bea1cc9110,93000,1,UpdatePublished,"{'model_id': 'model_mnist_784_noniid', 'round': 4, 'ticket_id': 168, 'cid': 'sha256:c60137d3c14cd5d60f672255c73325386d5edac6c36e02d50b911e57712ce368'}",mock
0x4298be804157835ba39d9b8045a8fbf70ea15dbd05d180b6eef8df3baf1ade85,86000,1,TicketReserved,"{'model_id': 'model_mnist_784_noniid', 'round': 4, 'ticket_id': 169, 'owner': 'acct_9'}",mock
0x516119f11e23351d50c55d63336c34dd0bf11ac21bf4c8e82c1a8592774dae88,93000,1,UpdatePublished,"{'model_id': 'model_mnist_784_noniid', 'round': 4, 'ticket_id': 169, 'cid': 'sha256:32dd989a58509b9113b25d0c6f3c905fd7843ba5e7f0fa08b07ad2dd6d06a43f'}",mock
0xbe76b38f53ca0749505baa753c1c339523b534b95143841d9665ea281a7e6906,86000,1,TicketReserved,"{'model_id': 'model_mnist_784_noniid', 'round': 4, 'ticket_id': 170, 'owner': 'acct_10'}",mock
0xf54cceba2eb7692a8ea3f03aaacff91f40368cd8d1d37772e7dee0329fa4dd28,93000,1,UpdatePublished,"{'model_id': 'model_mnist_784_noniid', 'round': 4, 'ticket_id': 170, 'cid': 'sha256:4e1ea010e056a91b07700401d8314a1e6a15cfdf5177f06dc88911e32b16dc3a'}",mock
0xf4d4368e3acb5436f49bae683f0d46adb1626500d1e147a3f47c3c2f0e27c19b,86000,1,TicketReserved,"{'model_id': 'model_mnist_784_noniid', 'round': 4, 'ticket_id': 171, 'owner': 'acct_12'}",mock
0x8356a2e16abe5ff48de92c26aee0cac9c41bb82670bf1c1fcf0f04267d103913,93000,1,UpdatePublished,"{'model_id': 'model_mnist_784_noniid', 'round': 4, 'ticket_id': 171, 'cid': 'sha256:8b454857b59d3bbeb9b533593652ed443e97a506b09c129381cc00e37b68fa4c'}",mock
0x4d721ba7a170d58cd41e466d1421b87f4dd298a26219ae1ec8a09e41ed6a764b,86000,1,TicketReserved,"{'model_id': 'model_mnist_784_noniid', 'round': 4, 'ticket_id': 172, 'owner': 'acct_13'}",mock
0xf78d036dd69fab1d7a6b3fcac9f5159c4124795c8aeda9e952b57face3978526,93000,1,UpdatePublished,"{'model_id': 'model_mnist_784_noniid', 'round': 4, 'ticket_id': 172, 'cid': 'sha256:6b1978d96ce17c4a3b51e0332598d1db6daaf39b68077640f9a43a56f4c7a7d3'}",mock
0x3b4ddb81a13ada1eabde2302f9d5b793269df5014c837263e09bcb06abc0a295,86000,1,TicketReserved,"{'model_id': 'model_mnist_784_noniid', 'round': 4, 'ticket_id': 173, 'owner': 'acct_14'}",mock
0x6a6558ef3efa76fd05478228ce0dddca0230e11da8bba41182c084f09dd2a926,93000,1,UpdatePublished,"{'model_id': 'model_mnist_784_noniid', 'round': 4, 'ticket_id': 173, 'cid': 'sha256:5362e4264d8a187e8dd8ca434e76b4c833b2a57d6425ff4229883c0c02d807b0'}",mock
0x06ead85f1558f488750cd6d4644610c91255790b65a38f720a290918784a260d,86000,1,TicketReserved,"{'model_id': 'model_mnist_784_noniid', 'round': 4, 'ticket_id': 174, 'owner': 'acct_16'}",mock
0xc88050d6a27f37f5e47bfcba3b6be5d29afa0264cc88ced5c3c89e97d84c57a6,93000,1,UpdatePublished,"{'model_id': 'model_mnist_784_noniid', 'round': 4, 'ticket_id': 174, 'cid': 'sha256:93c0f5e264b97f2007d10db45046d4f5e0646f2b9c470dd759e658ee9b3fdc5c'}",mock
0x73094529145827490533b5ed9f47ce1c973debd02fa7b5dbefe28ac20445c8df,86000,1,TicketReserved,"{'model_id': 'model_mnist_784_noniid', 'round': 4, 'ticket_id': 175, 'owner': 'acct_17'}",mock
0x9623ec04bd43883803384c40994347714cb9ecc91ec7d3117814a978a0a03b81,93000,1,UpdatePublished,"{'model_id': 'model_mnist_784_noniid', 'round': 4, 'ticket_id': 175, 'cid': 'sha256:9616f6c1fda26b910f1775eced0f4f2fef0f9ac5655be3b45f11dd0b261d7420'}",mock
0xfafc5b3f92a499395ce297321fbf2aa4aceb8b870d471041cb88b97a9cca536e,86000,1,TicketReserved,"{'model_id': 'model_mnist_784_noniid', 'round': 4, 'ticket_id': 176, 'owner': 'acct_18'}",mock
0x962a0c58030afbf00556587e50c4db81a79691b70de05c2694acfc0dab9c9b99,93000,1,UpdatePublished,"{'model_id': 'model_mnist_784_noniid', 'round': 4, 'ticket_id': 176, 'cid': 'sha256:26df0ab7e08600dc929507d08834b281f349093488ea996a08d4da1af4c9a533'}",mock
0x5c0ea96dd6139fdac28a25d22bda40efc312deab0c309b08a448319b8db039b1,86000,1,TicketReserved,"{'model_id': 'model_mnist_784_noniid', 'round': 4, 'ticket_id': 177, 'owner': 'acct_19'}",mock
0x6183e0db80c531a6a73bf44211d006db5a433c102a46fdee8b90c8ddeff1e2f5,93000,1,UpdatePublished,"{'model_id': 'model_mnist_784_noniid', 'round': 4, 'ticket_id': 177, 'cid': 'sha256:3937aa9f80b67c65b12a3b4d788cb67f9543c7adbd0b6cf6bef2dc6cf70627f7'}",mock
0xb1dec6f9f24b45a53f36d291664bb7f6ffcb7a1f3bcdfb105929db727235b39f,86000,1,TicketReserved,"{'model_id': 'model_mnist_784_noniid', 'round': 4, 'ticket_id': 178, 'owner': 'acct_20'}",mock
0x616659e5021eecc2b91f2ba2b105b9b9d4f25399ca98e49ecee70767f63679fb,93000,1,UpdatePublished,"{'model_id': 'model_mnist_784_noniid', 'round': 4, 'ticket_id': 178, 'cid': 'sha256:b1a189db7fd918187b96e62071890229e1a4098387cfb3ab6cbcc903d189349a'}",mock
0x75c7e8ed6f1b6554d585e8589bf71baa2ea9d570a285aba379f0f77d5b49213c,86000,1,TicketReserved,"{'model_id': 'model_mnist_784_noniid', 'round': 4, 'ticket_id': 179, 'owner': 'acct_21'}",mock
0x6f88234bb1caff49f622c47121cc340463fa2f89de083a108a62a1a1b295ed71,93000,1,UpdatePublished,"{'model_id': 'model_mnist_784_noniid', 'round': 4, 'ticket_id': 179, 'cid': 'sha256:b8b734617435b64b487d44a30748f9f40c23fe84c8863152a7b55f87d24aa2cb'}",mock
0x4250f29238653ba4a3f07734cf9f937b5826fd8750fb96534c4c7457be4e4c28,86000,1,TicketReserved,"{'model_id': 'model_mnist_784_noniid', 'round': 4, 'ticket_id': 180, 'owner': 'acct_22'}",mock
0x036db39881284ebf4b8a07527a07e04d03700d8bb169f7945a576f985aa20c9d,93000,1,UpdatePublished,"{'model_id': 'model_mnist_784_noniid', 'round': 4, 'ticket_id': 180, 'cid': 'sha256:548ee1d1e2b5f264ce8168f4a142931fe3151ed9756a57ae1608240e5995218c'}",mock
0x2aabf635cb91f2c4d5a6ef1a8d326be6fe013306d9cac199cb0a21fa63e64938,86000,1,TicketReserved,"{'model_id': 'model_mnist_784_noniid', 'round': 4, 'ticket_id': 181, 'owner': 'acct_23'}",mock
0x7393a8a4bfd51918a4dfb7671780034e6f03d172e841aa01e77bac0d8fe17219,93000,1,UpdatePublished,"{'model_id': 'model_mnist_784_noniid', 'round': 4, 'ticket_id': 181, 'cid': 'sha256:00a1c88eed316e911653f457bbbfcb84f4847ded523ac0250c973d0fb416ab3d'}",mock
0xf1fc41ad749fd8256415a44ef7eaf833789e429126799d15ecdc641a6899d4b2,86000,1,TicketReserved,"{'model_id': 'model_mnist_784_noniid', 'round': 4, 'ticket_id': 182, 'owner': 'acct_26'}",mock
0x11523d0dfb36b704979ab8b85e2fa1eafc0e3ab525c1833ab2ebd3b51a6197cf,93000,1,UpdatePublished,"{'model_id': 'model_mnist_784_noniid', 'round': 4, 'ticket_id': 182, 'cid': 'sha256:f9decc8867548a17e60dc47ad4b336a0b2fa1b84a9dfd61bf405e597e5913bbb'}",mock
0x449db7959490d73a0a296f640f2b6b32a9710f4897ac0d94bd709a810649bdf0,86000,1,TicketReserved,"{'model_id': 'model_mnist_784_noniid', 'round': 4, 'ticket_id': 183, 'owner': 'acct_28'}",mock
0xc5cc210c866001eb14ffef3aa2acc5b3a73b6b0883d83111ad98d7d9d5de3f76,93000,1,UpdatePublished,"{'model_id': 'model_mnist_784_noniid', 'round': 4, 'ticket_id': 183, 'cid': 'sha256:c98fbf005ddaa2d40dea2ac9e0d5492e74064590186be370d60550fbe9a3660b'}",mock
0xa81e38673e0876e49b3db4bb7111c191b13852c3a4a134175d7944d61faf79f9,86000,1,TicketReserved,"{'model_id': 'model_mnist_784_noniid', 'round': 4, 'ticket_id': 184, 'owner': 'acct_29'}",mock
0x08addcdb7296e80fd86d42404f0147d6f4726c109ddf6f36afdb23ddd1f8a8c3,93000,1,UpdatePublished,"{'model_id': 'model_mnist_784_noniid', 'round': 4, 'ticket_id': 184, 'cid': 'sha256:d7aaf30fc41c9e9c19610ef75be3586d2c46b224c18fa466d37d15d47e4b48a1'}",mock
0xb6e9ad86d10bb2d6e934077e56f6939b8ca8d28dab0539d88c8b13a99686fcef,86000,1,TicketReserved,"{'model_id': 'model_mnist_784_noniid', 'round': 4, 'ticket_id': 185, 'owner': 'acct_30'}",mock
0x798dcab5b1952f16d962cc6961fda9932260206d72fd63a187e42a08464fd69b,93000,1,UpdatePublished,"{'model_id': 'model_mnist_784_noniid', 'round': 4, 'ticket_id': 185, 'cid': 'sha256:4e199461dcdd1724323df36fa2b86c7d8563bce5072a1882d1e8ab1173bb03c3'}",mock
0x3579cb41dad25552beb21a41055ec571cef13d79f0969296517612d64e827703,86000,1,TicketReserved,"{'model_id': 'model_mnist_784_noniid', 'round': 4, 'ticket_id': 186, 'owner': 'acct_31'}",mock
0x8d8a539f0a2171cde9aff723b57e7ffe1875b4bd082b730bebc6068f7fc46b73,93000,1,UpdatePublished,"{'model_id': 'model_mnist_784_noniid', 'round': 4, 'ticket_id': 186, 'cid': 'sha256:78d48b8d232777dba51ae34cc0c4debf244bc500e822f79a5b0d997370a1047a'}",mock
0x0b9eeb70fb9a46d93f145bb299627fcdd049d40e0c373a5f3c32767d6a5dbcf4,86000,1,TicketReserved,"{'model_id': 'model_mnist_784_noniid', 'round': 4, 'ticket_id': 187, 'owner': 'acct_32'}",mock
0x2cb05d7ce519faee0bfcc937c7ff9457a91cf7fe937db01dd628ed1f47255b3c,93000,1,UpdatePublished,"{'model_id': 'model_mnist_784_noniid', 'round': 4, 'ticket_id': 187, 'cid': 'sha256:9e7ebdfa3b4a5824e350c80828a87547e19e92333da708ec8455e1268982e501'}",mock
0xf434fce811af4c43d7aa4215492ad3c8d6189f6ca6283908c82fee1dac7c240d,86000,1,TicketReserved,"{'model_id': 'model_mnist_784_noniid', 'round': 4, 'ticket_id': 188, 'owner': 'acct_33'}",mock
0x94d44b1983f7ca33c7bddffc38bf72727aed6a3e70e26824c86b3cf360ca3a91,93000,1,UpdatePublished,"{'model_id': 'model_mnist_784_noniid', 'round': 4, 'ticket_id': 188, 'cid': 'sha256:0aae80037842659ffa2e87bd72d558702ceac8b5a3d4469072597f2b5e7264e9'}",mock
0xf61c1f772856f424271bc4113498042a1fe02fc0fe9d1bad5ec96e2001c6935c,86000,1,TicketReserved,"{'model_id': 'model_mnist_784_noniid', 'round': 4, 'ticket_id': 189, 'owner': 'acct_34'}",mock
0x875b805594d94c8aeb86ee2a79a0800f9b31f0d3c3a82cddd0a1fbb715e7142f,93000,1,UpdatePublished,"{'model_id': 'model_mnist_784_noniid', 'round': 4, 'ticket_id': 189, 'cid': 'sha256:33a95e6ee7572a18f41b3afcd47612b6d023e6add46f48ae5380800569a24d9f'}",mock
0xa3cbc28f645865e3c09524685bacf8ef8a9bd9c006c7ce409b5f17402d42dc82,86000,1,TicketReserved,"{'model_id': 'model_mnist_784_noniid', 'round': 4, 'ticket_id': 190, 'owner': 'acct_35'}",mock
0x08aa8f41812222654f9f469e527a376e2135d101f4e1f1943201636def157e03,93000,1,UpdatePublished,"{'model_id': 'model_mnist_784_noniid', 'round': 4, 'ticket_id': 190, 'cid': 'sha256:11c4b7ad426a012d58cab020e7fb030ebc8e88d6c8afa65b4b7f4def0ad6ef66'}",mock
0x7bbdd5fdb547ec4690547b2bd9fce4286062ff3141e36336c96ad668639b9ed0,86000,1,TicketReserved,"{'model_id': 'model_mnist_784_noniid', 'round': 4, 'ticket_id': 191, 'owner': 'acct_36'}",mock
0xf0f63d3f31f661caba89880d1edbdfa43060b1da431c59e0778cf53da3f6f155,93000,1,UpdatePublished,"{'model_id': 'model_mnist_784_noniid', 'round': 4, 'ticket_id': 191, 'cid': 'sha256:e4b7ee38068fd4ffd5f22882bd5037dde8ead165c68c6515f0462f56a8bdd643'}",mock
0x04e8bd67b19b98f84a3cb3e8ae69dda13e72489758fd05fc75051202989f3124,86000,1,TicketReserved,"{'model_id': 'model_mnist_784_noniid', 'round': 4, 'ticket_id': 192, 'owner': 'acct_38'}",mock
0x28e9a3796922839db404fef6af57111e0f7c27082849c26db585b05abdb59c44,93000,1,UpdatePublished,"{'model_id': 'model_mnist_784_noniid', 'round': 4, 'ticket_id': 192, 'cid': 'sha256:c3d3d4e6880bcd4810dca50eb85c6209fc0a7c52057c2377d42fbc49f99c54e5'}",mock
0x7955314c05cebdb323a00145973f13bf583ab0d8c55e6d7933843d6e067b689e,86000,1,TicketReserved,"{'model_id': 'model_mnist_784_noniid', 'round': 4, 'ticket_id': 193, 'owner': 'acct_39'}",mock
0xd087cf14068a684616cfcf736955dc84863393f3b3906ec84d6e2af7aef644e6,93000,1,UpdatePublished,"{'model_id': 'model_mnist_784_noniid', 'round': 4, 'ticket_id': 193, 'cid': 'sha256:80606644c03ee8c73da7bc60122b4465bc177604050c1c8256587955538b5211'}",mock
0xc1988b9947a7b501b1a9112b5db9a7e7084dd4abf9db165b0cf58431587d9925,86000,1,TicketReserved,"{'model_id': 'model_mnist_784_noniid', 'round': 4, 'ticket_id': 194, 'owner': 'acct_41'}",mock
0x8101dbf8422cc310cea7ef0cc569c584bbaee6b5cb7a39c504ad083d55e4c168,93000,1,UpdatePublished,"{'model_id': 'model_mnist_784_noniid', 'round': 4, 'ticket_id': 194, 'cid': 'sha256:63f75ec43eec4814774ea88d99165474845fe701837b5324731f7133c2b0bd14'}",mock
0x54ec7a85aa4f1b8c74877bfb3be8965dd3ba8ef613ae3db3ed43a9dffc0cbe89,86000,1,TicketReserved,"{'model_id': 'model_mnist_784_noniid', 'round': 4, 'ticket_id': 195, 'owner': 'acct_42'}",mock
0x63357ec40009daf09825f3973276de745f1d9eaefedd2ea0cc8b291a9e04e4d8,93000,1,UpdatePublished,"{'model_id': 'model_mnist_784_noniid', 'round': 4, 'ticket_id': 195, 'cid': 'sha256:cb671fc61fbe8a998023efb51624a090c74de9e22a0ca5b63c949fa772d9d850'}",mock
0x0735f16842639edca99c71b3df9b4c775dc2e2d19c118ec4b0ad92baabaa5d56,86000,1,TicketReserved,"{'model_id': 'model_mnist_784_noniid', 'round': 4, 'ticket_id': 196, 'owner': 'acct_43'}",mock
0x9f40726d781c5206621ac78983345af5f3554415f54389fbef790f7dc7d85799,93000,1,UpdatePublished,"{'model_id': 'model_mnist_784_noniid', 'round': 4, 'ticket_id': 196, 'cid': 'sha256:e692a41784e5d4767c034dc68a6ac4df63a2323f7725ad91bebb447e96bad231'}",mock
0x5c1e19d95c0c53657715067919fb039e87c898d1c2c9d5c773502ffe6d699ce5,86000,1,TicketReserved,"{'model_id': 'model_mnist_784_noniid', 'round': 4, 'ticket_id': 197, 'owner': 'acct_44'}",mock
0xff0bdcdc49f0b663e0bb5938092b8d7999b9f36a7a82f142f207c5c86e4dc6fb,93000,1,UpdatePublished,"{'model_id': 'model_mnist_784_noniid', 'round': 4, 'ticket_id': 197, 'cid': 'sha256:1d0e44fcf004da8f0b576e4ef9dc2f4aede9dd8f7e66e33b3cbfacfb43dedddf'}",mock
0xa2609e0d11f34204bd636b101874737c370e13a722147fa60978ff7ec23a08c2,86000,1,TicketReserved,"{'model_id': 'model_mnist_784_noniid', 'round': 4, 'ticket_id': 198, 'owner': 'acct_46'}",mock
0x2317aa5daed3fccf16b40e1b853070471e43cafbb49fbf7416dbc37c4a24244a,93000,1,UpdatePublished,"{'model_id': 'model_mnist_784_noniid', 'round': 4, 'ticket_id': 198, 'cid': 'sha256:ded72eb8b06446b6522de9ab469600b421575d29fef2dcedeaebc3d5cd3adbf5'}",mock
0x20f07db2d59328764cd0f5696922b6457654a8a608d2ca2059a2d14f73ccc401,86000,1,TicketReserved,"{'model_id': 'model_mnist_784_noniid', 'round': 4, 'ticket_id': 199, 'owner': 'acct_47'}",mock
0xff49b0e53bf2810d471d8c685e83e0076d8146b5802ad44c1b98d7d7a127c628,93000,1,UpdatePublished,"{'model_id': 'model_mnist_784_noniid', 'round': 4, 'ticket_id': 199, 'cid': 'sha256:ac44a0ca8cdf7c8e0515e6002994c4ddb6982154f5b33b48f7da79b723479df2'}",mock
0xb4293d429701aa9237c16fe3b14d7e9297958aaa722df3a140e25c315091ce63,86000,1,TicketReserved,"{'model_id': 'model_mnist_784_noniid', 'round': 4, 'ticket_id': 200, 'owner': 'acct_48'}",mock
0x071ad7827bbb9ee0779dedaec798ab2b258de741464c8fc73e3a6d528a483ddd,93000,1,UpdatePublished,"{'model_id': 'model_mnist_784_noniid', 'round': 4, 'ticket_id': 200, 'cid': 'sha256:8f01d2ce8fac940339d4492470a38f9d98943798d16b9d8896f5072fd7f72109'}",mock
0x8e519709535554832017100fa103ab9bdb7d73d1e4aedf448fc0c31810bdc825,86000,1,TicketReserved,"{'model_id': 'model_mnist_784_noniid', 'round': 4, 'ticket_id': 201, 'owner': 'acct_49'}",mock
0x2f66ba31f0eea8d38a7d7bce3c358e575deac1273554d10bfddde54483490f75,93000,1,UpdatePublished,"{'model_id': 'model_mnist_784_noniid', 'round': 4, 'ticket_id': 201, 'cid': 'sha256:5c3eac8c4ffbecf4911e9b084c01a26d367d7463640ea12cae6487a33553ffee'}",mock
0xd414c8d3b8afb3c41d602636fed1ba0dc21741625bc279af3ca0c4bda8307d69,86000,1,TicketReserved,"{'model_id': 'model_mnist_784_noniid', 'round': 4, 'ticket_id': 202, 'owner': 'acct_50'}",mock
0xfbc4b1b501fd9b3f096f041e47632d620e6eaae43fe8d1f4bd2e279aa4df6c9e,93000,1,UpdatePublished,"{'model_id': 'model_mnist_784_noniid', 'round': 4, 'ticket_id': 202, 'cid': 'sha256:06d44b8c631937a3c94eb6c97f2f8e3b32d71a8e76e0f6a95e7bef16936c1e29'}",mock
0x81ce1148cb567fb3ea43e5ce405e7d69c5e6fe3b838fe080289e741d40aac7ca,965000,1,RoundFinalized,"{'model_id': 'model_mnist_784_noniid', 'round': 4, 'included': 42, 'refunds': 42}",mock
0x1f570442eef7958c117a946ddbb917bfb36014ac096d3d8b4e28caeb3436dac9,52000,1,RoundFunded,"{'model_id': 'model_mnist_784_noniid', 'amount_wei': 10000000000000000}",mock
0xf04030ac0b62a7afc41609d90f222df0e12fe1b9240c650fc85d64c026dffd25,86000,1,TicketReserved,"{'model_id': 'model_mnist_784_noniid', 'round': 5, 'ticket_id': 203, 'owner': 'acct_2'}",mock
0x06d5de9ff7af8b1d3732f5b999e24808cc6675a5ef61ea65a4e54a0091253550,93000,1,UpdatePublished,"{'model_id': 'model_mnist_784_noniid', 'round': 5, 'ticket_id': 203, 'cid': 'sha256:5bc9f6719948c1c503f9cab77936d7de63124d8043077865577a5481785fc537'}",mock
0x6c4baa180468cbca2491ec4e708e4f9643df7b6ad758ecad5f6b32221194db21,86000,1,TicketReserved,"{'model_id': 'model_mnist_784_noniid', 'round': 5, 'ticket_id': 204, 'owner': 'acct_3'}",mock
0x652f10c828cf1ff972304ee2487cc59d0a99b59ae659a4d406a95ecf132f24b2,93000,1,UpdatePublished,"{'model_id': 'model_mnist_784_noniid', 'round': 5, 'ticket_id': 204, 'cid': 'sha256:4b3f3fd226c5b47ec9c6fd48cf03facb51b928c156432f9f6351ff98630e1c86'}",mock
0x14a12673076862ce1783f1063314e460da222c7ac2256bf4abe9b6d8a8054ed8,86000,1,TicketReserved,"{'model_id': 'model_mnist_784_noniid', 'round': 5, 'ticket_id': 205, 'owner': 'acct_5'}",mock
0x937ef79763e502c784e13c02adf1cc2cd947d3584a93d7de3bd1e20f62d2ca2e,93000,1,UpdatePublished,"{'model_id': 'model_mnist_784_noniid', 'round': 5, 'ticket_id': 205, 'cid': 'sha256:f8361915abb5e64b4cd8181dba5dc4f020ecdcad9fa19510fe0243add1b074c7'}",mock
0x1e550c7046b1fcba9a480cc0be1c3c852ca82d5050a0cb370f8fae05612ccedd,86000,1,TicketReserved,"{'model_id': 'model_mnist_784_noniid', 'round': 5, 'ticket_id': 206, 'owner': 'acct_7'}",mock
0xa424d8aa3506e48df71e4782edc2e9d484e93dcfc288fb3c53587c93bd6d2509,93000,1,UpdatePublished,"{'model_id': 'model_mnist_784_noniid', 'round': 5, 'ticket_id': 206, 'cid': 'sha256:b4cbc0360294102e33749291e593fffe55e10289597b70611cb7035f7fd81cab'}",mock
0xfe6a1608453e680982e9d77574f8217c2f8dc27e3ddf8b145b07595f206b3f96,86000,1,TicketReserved,"{'model_id': 'model_mnist_784_noniid', 'round': 5, 'ticket_id': 207, 'owner': 'acct_8'}",mock
0x8bd205a14aa7de81ff8c24840eb09bd8c7ba6eb624446cb83ab09e6a9e785963,93000,1,UpdatePublished,"{'model_id': 'model_mnist_784_noniid', 'round': 5, 'ticket_id': 207, 'cid': 'sha256:2bfed483f8809a89fe854d0e10591a370bf51b3499c5947acba5f25df1c35ed1'}",mock
0x16d8dfdb5463b7686ff2e495ae740dc50d903fbb3c970b8368d7ae536c184ee3,86000,1,TicketReserved,"{'model_id': 'model_mnist_784_noniid', 'round': 5, 'ticket_id': 208, 'owner': 'acct_10'}",mock
0x1bb9e50d8168fb571fa0c393a2f4a645d12559b1ce5019896875d9e20b061f16,93000,1,UpdatePublished,"{'model_id': 'model_mnist_784_noniid', 'round': 5, 'ticket_id': 208, 'cid': 'sha256:c0e5f552d453d19ef7d4bfb7c2075b4f5c5aa0d2d3f720a63e7f6a32814a7c2e'}",mock
0x225c31cf9f989d17aedd486a6d0cec2b5b77ede849a6d9ff8e8af35cdfaa6fcc,86000,1,TicketReserved,"{'model_id': 'model_mnist_784_noniid', 'round': 5, 'ticket_id': 209, 'owner': 'acct_11'}",mock
0xdce1d259d3e4174f0ee8a415b239ec7f76e69b13baaacc772400bf368e4ade36,93000,1,UpdatePublished,"{'model_id': 'model_mnist_784_noniid', 'round': 5, 'ticket_id': 209, 'cid': 'sha256:07265147ad91f00128f263b9b8cbf50087a0b51700d8ce99596485fa89e3d817'}",mock
0x416000dbf34b85fd65236af2b25581ae5ace05a21e0b46b0bafbe544e06af7cf,86000,1,TicketReserved,"{'model_id': 'model_mnist_784_noniid', 'round': 5, 'ticket_id': 210, 'owner': 'acct_12'}",mock
0xdcbcf785c9c2ccab9ff375450d9ec85294049de570eab4a1dcd5aadb4530db13,93000,1,UpdatePublished,"{'model_id': 'model_mnist_784_noniid', 'round': 5, 'ticket_id': 210, 'cid': 'sha256:0140656a0cdd33bc20ea6aaee00031a303c18297dec5f509dd02809dd5a1fac4'}",mock
0x32fbef6f41483c99260e7bba76c2f59e78d97dd79faa93eb25b2c4dd56c1a09c,86000,1,TicketReserved,"{'model_id': 'model_mnist_784_noniid', 'round': 5, 'ticket_id': 211, 'owner': 'acct_13'}",mock
0xd1f5bddc632198cb7f7f6443709224b47b3199dcbbff1a67c079c27789e112c6,93000,1,UpdatePublished,"{'model_id': 'model_mnist_784_noniid', 'round': 5, 'ticket_id': 211, 'cid': 'sha256:9acb2e36abc1ce3681af4ef835c155e2b90d4771874ffca41bb2e697d931365b'}",mock
0xf1696ae89b7aa43c918ed05246b4fbbff3cda0221edcf8efc079a87493d4e4ef,86000,1,TicketReserved,"{'model_id': 'model_mnist_784_noniid', 'round': 5, 'ticket_id': 212, 'owner': 'acct_14'}",mock
0x92f6c81cbce2a5d9c7295ddb999b62089c4121cba10b302a390b8938ec01d0c0,93000,1,UpdatePublished,"{'model_id': 'model_mnist_784_noniid', 'round': 5, 'ticket_id': 212, 'cid': 'sha256:0785b54f94442368e565d5216a802cf6da8c907fec1c6fa8c16c82d1beb61016'}",mock
0xcc430a66e1ae9288d688910e759c8d0669550f823c35b0869ec26f43fe29432b,86000,1,TicketReserved,"{'model_id': 'model_mnist_784_noniid', 'round': 5, 'ticket_id': 213, 'owner': 'acct_15'}",mock
0x27a14dbc031761a1bfcb4e6ad4d6af3d016e1663aa70e1ca2798979c64975085,93000,1,UpdatePublished,"{'model_id': 'model_mnist_784_noniid', 'round': 5, 'ticket_id': 213, 'cid': 'sha256:16e8da8acd369d74e57ced47dc82ede30016558622df9ea2f99198b89d68f766'}",mock
0x3f1b5bdabdd8e0bc1086487397cda24896af08c138229484dfaec8f44ee6ac19,86000,1,TicketReserved,"{'model_id': 'model_mnist_784_noniid', 'round': 5, 'ticket_id': 214, 'owner': 'acct_16'}",mock
0xca896bf8b5b55776a6160ec271dcf60adf6da63f9a2995c29f4d31eae5aab5d9,93000,1,UpdatePublished,"{'model_id': 'model_mnist_784_noniid', 'round': 5, 'ticket_id': 214, 'cid': 'sha256:ea331003b23e081f0d30c34f3dc2cd019c41acb308ddde616bf53b14b58a80c1'}",mock
0x73c554974dff18280d42e3d47e48369c74e3a3e832aca7b9be41ae4ed4138430,86000,1,TicketReserved,"{'model_id': 'model_mnist_784_noniid', 'round': 5, 'ticket_id': 215, 'owner': 'acct_17'}",mock
0x48bc5ca7e37d58878f85bfdb8d56220906289050c3705078ba203819cb25a932,93000,1,UpdatePublished,"{'model_id': 'model_mnist_784_noniid', 'round': 5, 'ticket_id': 215, 'cid': 'sha256:db0b759417fa24d564149ecaee250feb45d96f9ab062536df759b3a9b17e6627'}",mock
0x89accee2c59734c4e4ba278b5bb7d9004152f7c0bfc3fe0276f7139b051d33ed,86000,1,TicketReserved,"{'model_id': 'model_mnist_784_noniid', 'round': 5, 'ticket_id': 216, 'owner': 'acct_18'}",mock
0xae09260e91e1b4f8a14248f35638cab2e25a4eb687434b382c3be656aee68c51,93000,1,UpdatePublished,"{'model_id': 'model_mnist_784_noniid', 'round': 5, 'ticket_id': 216, 'cid': 'sha256:48f1e7f99706e4d5a8b6011fbf827539f160b2aec48a3b75c34ca286bf58f63b'}",mock
0x9ec6fa1ca4c5158cd0ce003cf443df95448e249fc573e037f560d9c54f66444a,86000,1,TicketReserved,"{'model_id': 'model_mnist_784_noniid', 'round': 5, 'ticket_id': 217, 'owner': 'acct_19'}",mock
0xca5cebd66bb31bdfb5dc1b3ace61c7cc2b168aa640bf240df9fae93e7d8ef941,93000,1,UpdatePublished,"{'model_id': 'model_mnist_784_noniid', 'round': 5, 'ticket_id': 217, 'cid': 'sha256:ea6f8aefbdd6fc2e2084936693edff0a756f0bc990fe98e17a5234ff9bd524ab'}",mock
0x14da26ff17daf67e61683e28bdbca879abff63c27cd3776ffad597fd6f0ae45b,86000,1,TicketReserved,"{'model_id': 'model_mnist_784_noniid', 'round': 5, 'ticket_id': 218, 'owner': 'acct_20'}",mock
0x006a299fe05ba216c6b6c64523a648aea804ce164db5f4e03a03cffe3232a673,93000,1,UpdatePublished,"{'model_id': 'model_mnist_784_noniid', 'round': 5, 'ticket_id': 218, 'cid': 'sha256:f6f72bfeb5712397841f9b74dfa01ecad984673377fcdfe9e53ea0a81a78e0ce'}",mock
0x932a7cca72d381a87565428247850e7cfec923468f660300861691400f0784de,86000,1,TicketReserved,"{'model_id': 'model_mnist_784_noniid', 'round': 5, 'ticket_id': 219, 'owner': 'acct_22'}",mock
0x3dacf69011120a4f10ceccc4c3610411424aa9f22d95974e7a13a820b025ffa7,93000,1,UpdatePublished,"{'model_id': 'model_mnist_784_noniid', 'round': 5, 'ticket_id': 219, 'cid': 'sha256:3d7374f621890b6e500e664399b0a8871aef580be6b443f6a8b864ef82afe315'}",mock
0x50916fb0ab38ca637013f124c739ceab7cfc2bac513d83d84441f14e0e38b53e,86000,1,TicketReserved,"{'model_id': 'model_mnist_784_noniid', 'round': 5, 'ticket_id': 220, 'owner': 'acct_23'}",mock
0x44877c6332e1255a18d5c24e58b4e54349446c3056c6e056fed2ffaf30b4d3e3,93000,1,UpdatePublished,"{'model_id': 'model_mnist_784_noniid', 'round': 5, 'ticket_id': 220, 'cid': 'sha256:4235464edf8852414b1d13b17c747ed6232a3a644562ec6ab4121ee65e65152e'}",mock
0xa1ab845131559e8497bd87c58773d9053c2b632e737161c9abcd707180fef295,86000,1,TicketReserved,"{'model_id': 'model_mnist_784_noniid', 'round': 5, 'ticket_id': 221, 'owner': 'acct_24'}",mock
0x478b57536d80a8f90ce19542e60389a3df2e4c5738f00d8b5936d6ee9a020f8c,93000,1,UpdatePublished,"{'model_id': 'model_mnist_784_noniid', 'round': 5, 'ticket_id': 221, 'cid': 'sha256:cdc269a611bb21f80df52889fd22b09e54d204bbe8adb05153f95e58ae597e43'}",mock
0xeaf1627b1c1dbea81cc4db4c46097af05087f0ebb158d1b87f3851ec940e94b0,86000,1,TicketReserved,"{'model_id': 'model_mnist_784_noniid', 'round': 5, 'ticket_id': 222, 'owner': 'acct_25'}",mock
0x6ba8fd6f5420f8de0cbd91a7035aadc2c645a90bb2df2fa9d8b83063d603699c,93000,1,UpdatePublished,"{'model_id': 'model_mnist_784_noniid', 'round': 5, 'ticket_id': 222, 'cid': 'sha256:e1bc538c39022b6b8842ce20f6f5ef47d5303b1b7160ddbe8cd9effc9f3efb40'}",mock
0x7f72eba032b15107502ac877b72b573d2cc29611743fbd609112cf26772f7512,86000,1,TicketReserved,"{'model_id': 'model_mnist_784_noniid', 'round': 5, 'ticket_id': 223, 'owner': 'acct_26'}",mock
0xa66fa48ac687232c4105027b6d76b079f0fddb9a5eca092a8058237a102b8235,93000,1,UpdatePublished,"{'model_id': 'model_mnist_784_noniid', 'round': 5, 'ticket_id': 223, 'cid': 'sha256:8042d050560ddb5d23164c168d93173d43d511eb400f15f41c9e61066807a5e8'}",mock
0x028f7390dd5f4a4918649dd13bb65e04e7ff0fa88e769438f8e3d661236f8588,86000,1,TicketReserved,"{'model_id': 'model_mnist_784_noniid', 'round': 5, 'ticket_id': 224, 'owner': 'acct_27'}",mock
0xb32f6e1a526954744a288c89dbab2e42059540a848104f6f02cb51c85acc4c1a,93000,1,UpdatePublished,"{'model_id': 'model_mnist_784_noniid', 'round': 5, 'ticket_id': 224, 'cid': 'sha256:c009cf997106961ec630a111f5808b806d4945ff762e048924fd6680ca3995ba'}",mock
0x1b1b684f399a3ae96d9b3c1bd5db7621737480392dd9e251f7fecc24f8e33357,86000,1,TicketReserved,"{'model_id': 'model_mnist_784_noniid', 'round': 5, 'ticket_id': 225, 'owner': 'acct_28'}",mock
0x7945fc127dcf4db9a0782f5973962f60f2e6033bb4aa09a7af74f0b3f3960f6b,93000,1,UpdatePublished,"{'model_id': 'model_mnist_784_noniid', 'round': 5, 'ticket_id': 225, 'cid': 'sha256:9ab9f532b5c0cd87ed138eec22fbeec508bc28d5ed26a0282b23d35b08d0a5d0'}",mock
0xf46c8214d7615e255044176db34d0556743ce94320c4f56b1df1e66238e337ad,86000,1,TicketReserved,"{'model_id': 'model_mnist_784_noniid', 'round': 5, 'ticket_id': 226, 'owner': 'acct_30'}",mock
0x24c698f8da7d8036fc2c85c11ce160390721ef1db6e84533fddb5f4644905ce9,93000,1,UpdatePublished,"{'model_id': 'model_mnist_784_noniid', 'round': 5, 'ticket_id': 226, 'cid': 'sha256:fcc713b91e71375c5f29f908d2f57ad3ccc2726b105a2072207f0f7b45b9d673'}",mock
0xd7a3852ff22dd2bf00451a25c50fee7453fa3a1701f03c49b64571df4d6de0a5,86000,1,TicketReserved,"{'model_id': 'model_mnist_784_noniid', 'round': 5, 'ticket_id': 227, 'owner': 'acct_31'}",mock
0xc69ca18ea08a391b0b73480b3b725546b84c3f59408007132df78a8a612d35a5,93000,1,UpdatePublished,"{'model_id': 'model_mnist_784_noniid', 'round': 5, 'ticket_id': 227, 'cid': 'sha256:8866e5ccbdfd3d8e44a6a366a2953fe6464671f57a759de577780a0e37619df3'}",mock
0xfd99722ac9bf4815b2f1385f2d0a51033b9a9033e1b3d73c3f43f6b3ef8372cf,86000,1,TicketReserved,"{'model_id': 'model_mnist_784_noniid', 'round': 5, 'ticket_id': 228, 'owner': 'acct_32'}",mock
0xd3005d0c4948daddc8039ae965937469298c89a2624735f62729cc368d8474e2,93000,1,UpdatePublished,"{'model_id': 'model_mnist_784_noniid', 'round': 5, 'ticket_id': 228, 'cid': 'sha256:e1ff53f4c9b42583073b6be93733330a50bd8fbfe6f4c7d8f339a85c2580ca08'}",mock
0x3d656525a19b4c3d257878831cc7cd19726024c72e3e6f1f88a60b79704bde59,86000,1,TicketReserved,"{'model_id': 'model_mnist_784_noniid', 'round': 5, 'ticket_id': 229, 'owner': 'acct_33'}",mock
0x117da79488d18c227e925b0d90d3a0c283500627c313507d515f0c5edbdc986b,93000,1,UpdatePublished,"{'model_id': 'model_mnist_784_noniid', 'round': 5, 'ticket_id': 229, 'cid': 'sha256:8509f4ac93d73207d9027fd257aad72b09a4137de3712d9a857006b743062fa2'}",mock
0x606cb1763e38a78ece81d7318a28262d6f7400168e9e64c2fc9ade62ddc0ac53,86000,1,TicketReserved,"{'model_id': 'model_mnist_784_noniid', 'round': 5, 'ticket_id': 230, 'owner': 'acct_34'}",mock
0xa88adb9272e1f39107977bdf8e1ee7674367ee105548b040ca96fe9fa72599b8,93000,1,UpdatePublished,"{'model_id': 'model_mnist_784_noniid', 'round': 5, 'ticket_id': 230, 'cid': 'sha256:8e4201ab01dc8081478bd13712936b21b7de446dc61bad1a630d297c248a1697'}",mock
0x6c4771ce08d0282ae46e5e58751c707bfd72b440955ae447e8bd47f31a51331f,86000,1,TicketReserved,"{'model_id': 'model_mnist_784_noniid', 'round': 5, 'ticket_id': 231, 'owner': 'acct_36'}",mock
0x9b3a67564bd2cb50dbdf0e51e8f14f1039cfb0e2def681682dbc2bc57284b037,93000,1,UpdatePublished,"{'model_id': 'model_mnist_784_noniid', 'round': 5, 'ticket_id': 231, 'cid': 'sha256:1019b7d133b95765c8e9be9422568ed6d4b2f260e3daf11efa81b6dd8c7f4633'}",mock
0x1014956b41f9b72fa789ead10634c40dd400f67a8f1e4a6f5450838724fbc3af,86000,1,TicketReserved,"{'model_id': 'model_mnist_784_noniid', 'round': 5, 'ticket_id': 232, 'owner': 'acct_37'}",mock
0xcebc8042837dc3f357dbcc995dee36a1acc19e848480fe549d0b79c148aa9f48,93000,1,UpdatePublished,"{'model_id': 'model_mnist_784_noniid', 'round': 5, 'ticket_id': 232, 'cid': 'sha256:471d39ea91aff5fce817edb9a7d0ee8555b0935a5fecd8035c7b43d9e3026935'}",mock
0xc1731153fcd10003aa3f289f2f9f6cd249ad0c5359c2265206ac1aad42014409,86000,1,TicketReserved,"{'model_id': 'model_mnist_784_noniid', 'round': 5, 'ticket_id': 233, 'owner': 'acct_38'}",mock
0x349dcfb98cd8d293d2c775905f59caeee8b1bd1b0e8bf79d24a07fe40b1f0f3e,93000,1,UpdatePublished,"{'model_id': 'model_mnist_784_noniid', 'round': 5, 'ticket_id': 233, 'cid': 'sha256:d82a15afb58554a4ecf129bd12afcc7628bbd6f6553a5de149575f5fb075d66e'}",mock
0xcbf055ab37a03e7cb229881d30bb9c722cc4b136b0d62f0434c44e4ea2f39025,86000,1,TicketReserved,"{'model_id': 'model_mnist_784_noniid', 'round': 5, 'ticket_id': 234, 'owner': 'acct_39'}",mock
0xd675ab2b8d81ecf92723e9b5237675ddac333e21aede73a4ebd6571f64075775,93000,1,UpdatePublished,"{'model_id': 'model_mnist_784_noniid', 'round': 5, 'ticket_id': 234, 'cid': 'sha256:88aaf7c03842a8cec4ec324dfe2ed739bd3adccc172f0b8fc4329552d976dffc'}",mock
0xada22af191354c2ff3f10e17773aa297068f0cc14444202e7e1e7f259e6af7ff,86000,1,TicketReserved,"{'model_id': 'model_mnist_784_noniid', 'round': 5, 'ticket_id': 235, 'owner': 'acct_40'}",mock
0x5788626753983159774d36bb79cab0c2e442a15f4ca06f71e048dca5e98ba1e7,93000,1,UpdatePublished,"{'model_id': 'model_mnist_784_noniid', 'round': 5, 'ticket_id': 235, 'cid': 'sha256:c2f5f4be3364319dcbb9193d0967e2ab673965b0ebc929eccd34d7ae050fa0e5'}",mock
0x60d40abeae9246ab3d7c4a6de87b4276d4848eb2f8d2589e2aa0430fb30d7192,86000,1,TicketReserved,"{'model_id': 'model_mnist_784_noniid', 'round': 5, 'ticket_id': 236, 'owner': 'acct_41'}",mock
0xa670c77ccd1437e3f35cbf9df020f2caaa4c51f06e6c8c7536795a172a5c2dc1,93000,1,UpdatePublished,"{'model_id': 'model_mnist_784_noniid', 'round': 5, 'ticket_id': 236, 'cid': 'sha256:8661d7a58897d5e71b2a87fad24b862b1a8a14359b2acce5fb63072bdca1da1e'}",mock
0x191e5e47591d006eb1614c612b27ba1bb07348e92538d55ebe10239abe5ed60b,86000,1,TicketReserved,"{'model_id': 'model_mnist_784_noniid', 'round': 5, 'ticket_id': 237, 'owner': 'acct_43'}",mock
0xd63eed38f21cbc947e511656a62f8b10ed24af61e4e4b5d3538e459b7757d2fa,93000,1,UpdatePublished,"{'model_id': 'model_mnist_784_noniid', 'round': 5, 'ticket_id': 237, 'cid': 'sha256:27e9f88b9ed71aa92b8b6f284acdee745f1044040cc3a3f43d12019c2fdba4bc'}",mock
0x13e3f0d06c5c4ee93d74bc158d3f290e7b7e6b104aabb96067cd6509c13add12,86000,1,TicketReserved,"{'model_id': 'model_mnist_784_noniid', 'round': 5, 'ticket_id': 238, 'owner': 'acct_44'}",mock
0xa89ec39d5b2e25f4a15a2e7cc1348bbaa2e26e2ed65629c2a15198dc310f8378,93000,1,UpdatePublished,"{'model_id': 'model_mnist_784_noniid', 'round': 5, 'ticket_id': 238, 'cid': 'sha256:9224a339a266367c9c441f37e08042689623f2de019731a04a1331e55e7d7517'}",mock
0x27eadc37940e536b2713c72963ae2623058750435efeae6981ce982c5bda966e,86000,1,TicketReserved,"{'model_id': 'model_mnist_784_noniid', 'round': 5, 'ticket_id': 239, 'owner': 'acct_45'}",mock
0x22494cc00138a89e680d7ca7a1f5d9aa39cdb773399fd844603009c66d926fac,93000,1,UpdatePublished,"{'model_id': 'model_mnist_784_noniid', 'round': 5, 'ticket_id': 239, 'cid': 'sha256:797a6b988d29636a3fe5f404c05ae7225c8a3f480dab3a8cb4155111b3287466'}",mock
0x573a8a2854cd74b17fc4aabb4a1022b4dd69390178d0d63ea77258e6b646e238,86000,1,TicketReserved,"{'model_id': 'model_mnist_784_noniid', 'round': 5, 'ticket_id': 240, 'owner': 'acct_46'}",mock
0x769ad638cd0797e42cc639c94e6c6a56855243323760abc9bb649105fe640fb8,93000,1,UpdatePublished,"{'model_id': 'model_mnist_784_noniid', 'round': 5, 'ticket_id': 240, 'cid': 'sha256:02a985d01f9aadc072b72c3da7102276513ecc80a0ad654c28894e95e512086c'}",mock
0x1833f53fb8b699a95e78afd8f7e12102f1d9eaffa1650c81c37af12d23eefa3b,86000,1,TicketReserved,"{'model_id': 'model_mnist_784_noniid', 'round': 5, 'ticket_id': 241, 'owner': 'acct_47'}",mock
0xe9f84e8e4b40da95b2b3273682161aa653cc4e2603113950f7918f631b6a4591,93000,1,UpdatePublished,"{'model_id': 'model_mnist_784_noniid', 'round': 5, 'ticket_id': 241, 'cid': 'sha256:44220cbefc60ca65e9c14206f5c2eaff5ec1468d3b9f9e8a7d0f3be4d3aa3176'}",mock
0x207f50dfe270a4e314851394df249ab3002aa5e0a9fd9c852e63b083115cac39,86000,1,TicketReserved,"{'model_id': 'model_mnist_784_noniid', 'round': 5, 'ticket_id': 242, 'owner': 'acct_48'}",mock
0x2d97e9c736724ec65cf7dece43f5e921118a3be4b5612a8ed28d13d33188e7bb,93000,1,UpdatePublished,"{'model_id': 'model_mnist_784_noniid', 'round': 5, 'ticket_id': 242, 'cid': 'sha256:49ddb4dbfba1a1ece611cdef37de6ffb22ca379d0f072e5e0811f57dfeab3e62'}",mock
0xb6b5af7aae04a4cb421b87267067f3921628c23a5cc53d5fa30d96e04be234bd,86000,1,TicketReserved,"{'model_id': 'model_mnist_784_noniid', 'round': 5, 'ticket_id': 243, 'owner': 'acct_49'}",mock
0xe3e3a94e67c1ffa1d5f2bced780e774703bf40ffac6ced544a81e5577ce62d1e,93000,1,UpdatePublished,"{'model_id': 'model_mnist_784_noniid', 'round': 5, 'ticket_id': 243, 'cid': 'sha256:a85b4dc15db6cf32becedaa6645df40f20aca41ea4d4b1f3c9bc4693163addbc'}",mock
0x873959605568fe0c32fe5249b8f9f017d39ce35bb1edacb7634517dafbe16e2b,86000,1,TicketReserved,"{'model_id': 'model_mnist_784_noniid', 'round': 5, 'ticket_id': 244, 'owner': 'acct_50'}",mock
0x1ffd52e2c154af8cb523b76ab8bd4483e8ac84813a4d9423f5c73bbc3a0d6f83,93000,1,UpdatePublished,"{'model_id': 'model_mnist_784_noniid', 'round': 5, 'ticket_id': 244, 'cid': 'sha256:d85199aaf8568a2aa326bfd4233f2b7687c759fc6bb22a35228bf7e83c0d87de'}",mock
0xcc6d11e067d4255fac2dc3fd0266756594971e4db68294a1e2eb2c4017debdb4,965000,1,RoundFinalized,"{'model_id': 'model_mnist_784_noniid', 'round': 5, 'included': 42, 'refunds': 42}",mock
0x060c85accd76acc7bb781dd99c65809ac38bf2a7c964ee8c3b09667be3005f02,52000,1,RoundFunded,"{'model_id': 'model_mnist_784_noniid', 'amount_wei': 10000000000000000}",mock
0x23a4e4f10f076e5cf5ceed6a71fa715d925e11b70e29253504b9c900d3f47432,86000,1,TicketReserved,"{'model_id': 'model_mnist_784_noniid', 'round': 6, 'ticket_id': 245, 'owner': 'acct_1'}",mock
0xf18f50893c531f3f4e7d32a39ce1e7e8650bdfdfb5973f84dce8f8d83e4a4935,93000,1,UpdatePublished,"{'model_id': 'model_mnist_784_noniid', 'round': 6, 'ticket_id': 245, 'cid': 'sha256:5a5a1c733cb105baf1bc22c0026800f0f0c7db4c2ba1c1475bae386bfaf9e6f3'}",mock
0xcff712546c2684e1db6e06d3486acff40abc20a9b6df164367e5bafa75fe6b91,86000,1,TicketReserved,"{'model_id': 'model_mnist_784_noniid', 'round': 6, 'ticket_id': 246, 'owner': 'acct_2'}",mock
0x1bbb7f1e4f462d1ea1ea0879fce63e46d45050fc1a6fdf0714f561a52ee5fec5,93000,1,UpdatePublished,"{'model_id': 'model_mnist_784_noniid', 'round': 6, 'ticket_id': 246, 'cid': 'sha256:a0a5b777035911eb991ddef56be3ccc977131d12b143e4faabcdc7f332b3c885'}",mock
0x94644a7eee20633691837f3e6b46b0d454d2ac5aeb2b9e5a98157f5b7392d391,86000,1,TicketReserved,"{'model_id': 'model_mnist_784_noniid', 'round': 6, 'ticket_id': 247, 'owner': 'acct_3'}",mock
0x326885925dbb3774d17be5a06094c656c9a0929df8560154ae60d12c5519f961,93000,1,UpdatePublished,"{'model_id': 'model_mnist_784_noniid', 'round': 6, 'ticket_id': 247, 'cid': 'sha256:b14a2e2685f4a8666308ff39537b3307cf7af6d05ae4c91d3aa7b26ecd2755d9'}",mock
0x3912c3d5aa49e3373d6c1f6916246f6fe2d66d73c5e59090408636c968d758c1,86000,1,TicketReserved,"{'model_id': 'model_mnist_784_noniid', 'round': 6, 'ticket_id': 248, 'owner': 'acct_4'}",mock
0xab4b90959f2636d2435020ce5b5cd804c77e955d10399263636410867c40ef4c,93000,1,UpdatePublished,"{'model_id': 'model_mnist_784_noniid', 'round': 6, 'ticket_id': 248, 'cid': 'sha256:2c65c2d97ee86c4302b8ff1f52ecf33a2341758b005b356daaea0272b3f91834'}",mock
0x0c54c10d2f8d403d8fcf31112a24765ef19fd9c7ed322d910e22ac2819bc70e8,86000,1,TicketReserved,"{'model_id': 'model_mnist_784_noniid', 'round': 6, 'ticket_id': 249, 'owner': 'acct_5'}",mock
0xb9f55e9f4a59f5b2e5bc51d391ad057dfe7915cf09a037c9234c257def3009d1,93000,1,UpdatePublished,"{'model_id': 'model_mnist_784_noniid', 'round': 6, 'ticket_id': 249, 'cid': 'sha256:d0d98a2f5ed4a851ef8e1af27252e3189c6a2b9f93a75502831614475c843dc3'}",mock
0xb05dfecfe903e7f79a03b0b858ac12bbb3d500b37d34d3768046ebd376609f99,86000,1,TicketReserved,"{'model_id': 'model_mnist_784_noniid', 'round': 6, 'ticket_id': 250, 'owner': 'acct_6'}",mock
0x81899e466160ea48c6e1bea7220bf8cfa8126eff952d5e1c857b1c642c1d8878,93000,1,UpdatePublished,"{'model_id': 'model_mnist_784_noniid', 'round': 6, 'ticket_id': 250, 'cid': 'sha256:aa1366f10416d1ba9bc3fde705f1ecf960dc695fc8bb3b2d95a98988ea5ab40c'}",mock
0x549ab4e4e976c8e572da3607cfef6e316bd2abb9ed9cc7b79cc5d18829889776,86000,1,TicketReserved,"{'model_id': 'model_mnist_784_noniid', 'round': 6, 'ticket_id': 251, 'owner': 'acct_7'}",mock
0x24549035b12c5f40f5073a09c3b4b5f42bd37f7d6e686b177da32dbe8a159bab,93000,1,UpdatePublished,"{'model_id': 'model_mnist_784_noniid', 'round': 6, 'ticket_id': 251, 'cid': 'sha256:b313869e6d8b39b44df7d9c388512c2fbb196bf48d6de84948dc3933e8ade0a6'}",mock
0xceb363c8356075a621ea04cedf47ff08bfacae22f0ade252d94e93a5a9021cf1,86000,1,TicketReserved,"{'model_id': 'model_mnist_784_noniid', 'round': 6, 'ticket_id': 252, 'owner': 'acct_8'}",mock
0xd782193eff90a883ffbfd5e80d7f4d58f0eb465c86107355a73928698485e72d,93000,1,UpdatePublished,"{'model_id': 'model_mnist_784_noniid', 'round': 6, 'ticket_id': 252, 'cid': 'sha256:852a459eb8978239ed1594bac785d3c8bd3403e7c0383a36869bdfd49cf5df47'}",mock
0x53988c52d3e25a90768e43df509c665268b03999e4800f719028262fec0db658,86000,1,TicketReserved,"{'model_id': 'model_mnist_784_noniid', 'round': 6, 'ticket_id': 253, 'owner': 'acct_9'}",mock
0xf6e11394e1f970b3b95b18e4749ea3429932c9128fceaaed44d9ff729289b647,93000,1,UpdatePublished,"{'model_id': 'model_mnist_784_noniid', 'round': 6, 'ticket_id': 253, 'cid': 'sha256:be97ebc7f9814d24f065bf43449ba7df520633c026b3aeed4a84e04123d40118'}",mock
0x9be97a481487fe4b639482ebebab63ba3e8b90c6b7d4c9f6e35695703a96d418,86000,1,TicketReserved,"{'model_id': 'model_mnist_784_noniid', 'round': 6, 'ticket_id': 254, 'owner': 'acct_10'}",mock
0x208f79ee50764e23b00fede38a15622d634632da4edddb89f3a0b20e20423cac,93000,1,UpdatePublished,"{'model_id': 'model_mnist_784_noniid', 'round': 6, 'ticket_id': 254, 'cid': 'sha256:7e789ce50633cae17192816e853e89f533d0c0a0b433ed6ee37e2beb07c10ccb'}",mock
0x8b6061898f84d4446ecc0db599831e9ffcb17c658fa2b40a1f104a01ada7ef8d,86000,1,TicketReserved,"{'model_id': 'model_mnist_784_noniid', 'round': 6, 'ticket_id': 255, 'owner': 'acct_11'}",mock
0x1792c18d1046df10fb18c70acb3cce9b413571339202ec1e2418d0a6d456d96b,93000,1,UpdatePublished,"{'model_id': 'model_mnist_784_noniid', 'round': 6, 'ticket_id': 255, 'cid': 'sha256:f82aeeabe5ade1fa872b67e960fc0d35dba87be8b8e5d38129b99560dc6926c2'}",mock
0x020144c7e4676193a04908946f4a351b3b26854675c358c3e6d4ca8e4249dced,86000,1,TicketReserved,"{'model_id': 'model_mnist_784_noniid', 'round': 6, 'ticket_id': 256, 'owner': 'acct_12'}",mock
0x80785a79a24626ea141e0679e7aa721290d06c6c172afb38c6d06dea0baae181,93000,1,UpdatePublished,"{'model_id': 'model_mnist_784_noniid', 'round': 6, 'ticket_id': 256, 'cid': 'sha256:1a1cf43d5d3954d7f1354df2a33afb868acdb3ed1825c507ed7b8dd8054e96d9'}",mock
0xddb4d28ea198a94d34d0eeca0d1f499146f675c684c0bd17be73ce6cd5651dd2,86000,1,TicketReserved,"{'model_id': 'model_mnist_784_noniid', 'round': 6, 'ticket_id': 257, 'owner': 'acct_13'}",mock
0xb61189922e07a0fd10e1fcc1e0e15c8ce03873b74e0571220057e428b1a3b0d3,93000,1,UpdatePublished,"{'model_id': 'model_mnist_784_noniid', 'round': 6, 'ticket_id': 257, 'cid': 'sha256:9bf1c17499ededdfb3e7691d5d059b46a101b590e8718d5860bdf64ed1c277e0'}",mock
0xf967142f813456f84777033c3ab60e33bac5391924483246e506c024da042ee1,86000,1,TicketReserved,"{'model_id': 'model_mnist_784_noniid', 'round': 6, 'ticket_id': 258, 'owner': 'acct_14'}",mock
0x5fb14b32ab14e735639f2c0e2339f3ab09058ec839381c5068da4e9893a6ff0e,93000,1,UpdatePublished,"{'model_id': 'model_mnist_784_noniid', 'round': 6, 'ticket_id': 258, 'cid': 'sha256:d9bbcdb411695f025bdda8c43f52bf815f926d10ff8bd7b0fe406a45eb7e7680'}",mock
0x6360027daab4fefad4a42ca167442ec33a436947d574c68b12b166a675bd2fcc,86000,1,TicketReserved,"{'model_id': 'model_mnist_784_noniid', 'round': 6, 'ticket_id': 259, 'owner': 'acct_15'}",mock
0x209834b3f5f6714780932ed222480cd00160916680824ae9765357f29993e2cc,93000,1,UpdatePublished,"{'model_id': 'model_mnist_784_noniid', 'round': 6, 'ticket_id': 259, 'cid': 'sha256:4b579325eadcddfffe84e62709aefdaf86d69e537f4877cb1071184d70aa8476'}",mock
0xd6c583aa41c84200fd134b80a7262f52badc6ea16c8d7aa8afa260b4c0e2eb9c,86000,1,TicketReserved,"{'model_id': 'model_mnist_784_noniid', 'round': 6, 'ticket_id': 260, 'owner': 'acct_16'}",mock
0xf814d971bcce65893246981a8a826db875d204b3341bb203bb21df6c382676fc,93000,1,UpdatePublished,"{'model_id': 'model_mnist_784_noniid', 'round': 6, 'ticket_id': 260, 'cid': 'sha256:f39b3fd93e4586e64ca87a48706625349acb2667ed42fc888f6ae46c4185e368'}",mock
0x21ee41c7ea37969711c9dd558ce57890a45d483c88fd446d2ee21f3bd1265441,86000,1,TicketReserved,"{'model_id': 'model_mnist_784_noniid', 'round': 6, 'ticket_id': 261, 'owner': 'acct_17'}",mock
0x7cd8a877221b2cf178b110d91500193cdc14ebbc6530838efefc4b1eda8ab7a2,93000,1,UpdatePublished,"{'model_id': 'model_mnist_784_noniid', 'round': 6, 'ticket_id': 261, 'cid': 'sha256:19198e1d4c7a7a0302073b891fb52c58546638806777db40378be897a76da615'}",mock
0x92363bb56c386179682856ea627c0f8bbe4313ba14579ef5eb8f65978ef33b26,86000,1,TicketReserved,"{'model_id': 'model_mnist_784_noniid', 'round': 6, 'ticket_id': 262, 'owner': 'acct_18'}",mock
0x2cf9192e0d310f51e8cbc307085ea26164060a5c19ee8e27b39a0beaeb7293a1,93000,1,UpdatePublished,"{'model_id': 'model_mnist_784_noniid', 'round': 6, 'ticket_id': 262, 'cid': 'sha256:e2d669ed781e161eee8b5ff67d205e8ebc0ef9a015d9a67a79fef91dc20b4992'}",mock
0xc4a26f08fe35c221e53c7e18c39e0642b08220773e7d41fc6ba0615bd3d0a80c,86000,1,TicketReserved,"{'model_id': 'model_mnist_784_noniid', 'round': 6, 'ticket_id': 263, 'owner': 'acct_20'}",mock
0x1df94d9420a63c7b5e4fee278ba2eeda6c4b47d45cdf10458c94800e347cba1e,93000,1,UpdatePublished,"{'model_id': 'model_mnist_784_noniid', 'round': 6, 'ticket_id': 263, 'cid': 'sha256:8825e309b3cbd9bb8f74332db8eb094b5fc4806bb3a7f57be33db6ccc2c84f3c'}",mock
0x78f6413cce90af1c9b8ee26b5b84c748c7df255920c1e2912c584d0592eb8ade,86000,1,TicketReserved,"{'model_id': 'model_mnist_784_noniid', 'round': 6, 'ticket_id': 264, 'owner': 'acct_21'}",mock
0x8f1fd5f0ccfee9b523db961077e33ce165839ed34e9462588106cbbccbb678a8,93000,1,UpdatePublished,"{'model_id': 'model_mnist_784_noniid', 'round': 6, 'ticket_id': 264, 'cid': 'sha256:eaa1aac068729dfe293e1c7fac65fb8b80605ec382d1f66aea718b39d5cf2e1e'}",mock
0x03ba9d84e5f59f02d8d622013b17b23f956c70851e7fb3c9fcac887a58b59429,86000,1,TicketReserved,"{'model_id': 'model_mnist_784_noniid', 'round': 6, 'ticket_id': 265, 'owner': 'acct_22'}",mock
0xa87d6a1efab046d49741434cf1ec696f88058ca1aff431f4476c70647f74ce7b,93000,1,UpdatePublished,"{'model_id': 'model_mnist_784_noniid', 'round': 6, 'ticket_id': 265, 'cid': 'sha256:22befc834bdb9de333fd0f873968b99237db42bc2b3d69ff7b794f62c2ec6026'}",mock
0xb5b2e76a683620e506516c31949fcae07524d24bdeea67d8ddf3d5b383bc7b65,86000,1,TicketReserved,"{'model_id': 'model_mnist_784_noniid', 'round': 6, 'ticket_id': 266, 'owner': 'acct_23'}",mock
0x2a2a03fdda360936bc6267a159d975a3d177847facc79ac718c35287aa59788f,93000,1,UpdatePublished,"{'model_id': 'model_mnist_784_noniid', 'round': 6, 'ticket_id': 266, 'cid': 'sha256:a1c802e8f66e5dc3e02c4e537e89d73e3105114214cb55d1a76945a73488547d'}",mock
0x85c20efee41b26e3a1f54f6db2f83b24f8be6d195aeb1b35e5fa2c9b0875bcaf,86000,1,TicketReserved,"{'model_id': 'model_mnist_784_noniid', 'round': 6, 'ticket_id': 267, 'owner': 'acct_24'}",mock
0x096741dd99dfb060a572acae2ff3360367bc7990d1dd6e15f4013f50df8cf4ad,93000,1,UpdatePublished,"{'model_id': 'model_mnist_784_noniid', 'round': 6, 'ticket_id': 267, 'cid': 'sha256:c3a93b938d41cd384a665ea01314a09a2d4c5cb6fca67cc6498e8de54c0f6024'}",mock
0x53672bf3629776594ec867b75a9aaf8dd570b4498d27ebff4d234ef075b48c02,86000,1,TicketReserved,"{'model_id': 'model_mnist_784_noniid', 'round': 6, 'ticket_id': 268, 'owner': 'acct_25'}",mock
0x1d095c36f8b36735cece2f950dfc6eb8052d90b3329b997284471f7b4359813c,93000,1,UpdatePublished,"{'model_id': 'model_mnist_784_noniid', 'round': 6, 'ticket_id': 268, 'cid': 'sha256:afe2d2ad048fb6954c97119b4124a3f0560f06cd3467de0529274cd368cbedfc'}",mock
0x6cd565b2e7f8247bd21cb43b423b92c7c7d86a867e7994acafb7aadfb5d8ae28,86000,1,TicketReserved,"{'model_id': 'model_mnist_784_noniid', 'round': 6, 'ticket_id': 269, 'owner': 'acct_26'}",mock
0x382f2003d9f3a3cc37e8eb23c4fd0d5e7b6c14b276e3afcc72009e00ac3b3347,93000,1,UpdatePublished,"{'model_id': 'model_mnist_784_noniid', 'round': 6, 'ticket_id': 269, 'cid': 'sha256:de2d33bdc02f8542d894236e5c10ef54351a7d99b7de6ca26a8d1d923c86f7a5'}",mock
0x97c062d074aefcd373e6c8da98bf4f0bc824d224b2ea0cd81577d970684b5c55,86000,1,TicketReserved,"{'model_id': 'model_mnist_784_noniid', 'round': 6, 'ticket_id': 270, 'owner': 'acct_27'}",mock
0x673d8160b94bda15082fa6b932e7df32d542c63d9b1e976b3cbdc360d0d3f3fa,93000,1,UpdatePublished,"{'model_id': 'model_mnist_784_noniid', 'round': 6, 'ticket_id': 270, 'cid': 'sha256:065d8e61728cdab454cd2fdd1c5bb8b3ef7be0457d519feb9ef90091ada17950'}",mock
0xd00f52cc9f6f95134808870cae8f81423489f3573b236f08fc06d9858050e3d0,86000,1,TicketReserved,"{'model_id': 'model_mnist_784_noniid', 'round': 6, 'ticket_id': 271, 'owner': 'acct_28'}",mock
0x28ed6283ebc95215452c85e6308c7cd6297bd0f52fdc0e52f22ed7f6f249ac70,93000,1,UpdatePublished,"{'model_id': 'model_mnist_784_noniid', 'round': 6, 'ticket_id': 271, 'cid': 'sha256:2a67e259b70ff0dbf670597636c1b84afbe14e2a1eb9017374ef35c1326b3db4'}",mock
0x2a6d4434e8a2880b2e58258f7b45908c53907f3d1e181104590c53a152c2d5bb,86000,1,TicketReserved,"{'model_id': 'model_mnist_784_noniid', 'round': 6, 'ticket_id': 272, 'owner': 'acct_29'}",mock
0xa2994047da786814ab05cb7ee091be89e8691a375975a0d8c60ca7754c471b04,93000,1,UpdatePublished,"{'model_id': 'model_mnist_784_noniid', 'round': 6, 'ticket_id': 272, 'cid': 'sha256:b29e345b2682b61af7d013ac7e001b5b703f568a0d2c742bbf15bbd29ccd7c43'}",mock
0x38c0457ae4efe8f992eb94f5250cf42d68974892ae4c5ee58c71ed2e8b20eb9e,86000,1,TicketReserved,"{'model_id': 'model_mnist_784_noniid', 'round': 6, 'ticket_id': 273, 'owner': 'acct_30'}",mock
0x4c7a57996b1e3ee80a331a2962001296f56f5b68dc6fb08ce2b64c087c49eaf5,93000,1,UpdatePublished,"{'model_id': 'model_mnist_784_noniid', 'round': 6, 'ticket_id': 273, 'cid': 'sha256:6f7c5109beb926ca4ef38da499b564b6124429f46cf0ee15223092fc1d3c0418'}",mock
0x3159c8b9af815ed8ab1da4321551b0ed631b91a3d14bcedfedf2f87f3de0c636,86000,1,TicketReserved,"{'model_id': 'model_mnist_784_noniid', 'round': 6, 'ticket_id': 274, 'owner': 'acct_31'}",mock
0x489ba393fc44a2c1a82fcb5776aa4f48bbbc02f219022f31c40f187f34ddd394,93000,1,UpdatePublished,"{'model_id': 'model_mnist_784_noniid', 'round': 6, 'ticket_id': 274, 'cid': 'sha256:d20b7647fb115067e83086828e9875407540c21d4f72bf0ac88ba77c639a49c3'}",mock
0x4813f37de91dd2222280cba662c356ca59b5df8cbdb6b657b69d63a503ec52ba,86000,1,TicketReserved,"{'model_id': 'model_mnist_784_noniid', 'round': 6, 'ticket_id': 275, 'owner': 'acct_32'}",mock
0x523d918faac9d26dd3acc58f09330ef8043a73e29ebfab227d036dc7f786107c,93000,1,UpdatePublished,"{'model_id': 'model_mnist_784_noniid', 'round': 6, 'ticket_id': 275, 'cid': 'sha256:e592102aa8e55925cfaa34886b12f9542d0863da8cc4fe363812ca6b3ee10afc'}",mock
0xfa76aa55f135928632bdcb7a3ba09be3b53772bef48b253c194a23e3b122e4a8,86000,1,TicketReserved,"{'model_id': 'model_mnist_784_noniid', 'round': 6, 'ticket_id': 276, 'owner': 'acct_33'}",mock
0x4a772434c8577052b065882ea2199055b92a09903fd5341953d521c5e48ceb66,93000,1,UpdatePublished,"{'model_id': 'model_mnist_784_noniid', 'round': 6, 'ticket_id': 276, 'cid': 'sha256:45de809c52f2b6343bb65c577c64197db49f1389ab5bab85f7eb644bbf6a2c8b'}",mock
0xa2242cabe616c10f3e445b286e905b50debdf59ab5743c812f46eee18bf21adc,86000,1,TicketReserved,"{'model_id': 'model_mnist_784_noniid', 'round': 6, 'ticket_id': 277, 'owner': 'acct_35'}",mock
0xe2440a2dd256fa19c721c905a3da5da420c8418ff5caf83b0444eabc1d9bc53d,93000,1,UpdatePublished,"{'model_id': 'model_mnist_784_noniid', 'round': 6, 'ticket_id': 277, 'cid': 'sha256:018adead2b26da342ea647bd953dd25539630338ae3ed8a6452eb9d280d1a965'}",mock
0xb24e489b85f4e03e3f307bef3f0c2a608db48f889d61123d0fbed60c8cb67d3d,86000,1,TicketReserved,"{'model_id': 'model_mnist_784_noniid', 'round': 6, 'ticket_id': 278, 'owner': 'acct_36'}",mock
0xf10328beec610b714bb323580c9d84ffbd965a82a6f7ae9c6702765c379f2ac7,93000,1,UpdatePublished,"{'model_id': 'model_mnist_784_noniid', 'round': 6, 'ticket_id': 278, 'cid': 'sha256:95909a324b4f7d2c19cfc67208727aeb06b173d0dd19dcb317bce7042092eb01'}",mock
0x58ef61b1dd8a7d7cf30c8e1b9d26026c1023c375e9c9e8abb594668502074634,86000,1,TicketReserved,"{'model_id': 'model_mnist_784_noniid', 'round': 6, 'ticket_id': 279, 'owner': 'acct_37'}",mock
0x84ebf116f3bb962cc840c1aae5bece387de752500d24a22b6de553681d24d537,93000,1,UpdatePublished,"{'model_id': 'model_mnist_784_noniid', 'round': 6, 'ticket_id': 279, 'cid': 'sha256:ac4845ae341c6a22bef70038396bbcfec4e2c08f502c0952d64e2bd837cb653f'}",mock
0xaab89babe4aa329e87ec1fd0c6c2fa4156d07d6414a8d71299e92442bef72928,86000,1,TicketReserved,"{'model_id': 'model_mnist_784_noniid', 'round': 6, 'ticket_id': 280, 'owner': 'acct_38'}",mock
0xe7a426246dc9136e3a6a9cc17ecdc7396ddc860364e3de5ee24adda7c5006cc5,93000,1,UpdatePublished,"{'model_id': 'model_mnist_784_noniid', 'round': 6, 'ticket_id': 280, 'cid': 'sha256:1a93fc21b3308b6e27138a3dfc07799b6cef4d8f41dc73bb45a1ded75780fe52'}",mock
0x18e3eb11de1693cd621c9c1561f0b56849dcdc2f52134402fcc39c985da0cbdc,86000,1,TicketReserved,"{'model_id': 'model_mnist_784_noniid', 'round': 6, 'ticket_id': 281, 'owner': 'acct_39'}",mock
0xffb1202f57146c30a3069298f12303571403c5ddd7182389a0e791049c2ad94d,93000,1,UpdatePublished,"{'model_id': 'model_mnist_784_noniid', 'round': 6, 'ticket_id': 281, 'cid': 'sha256:62f2ca3c5b4a4a4b74c972cb067181d16f7c82467f4740de3e2ae120693aa5e7'}",mock
0x33c665d79f4b9ea07bdafdafcb1bdacec054ae2b94eb6da509c9356ec4e0130b,86000,1,TicketReserved,"{'model_id': 'model_mnist_784_noniid', 'round': 6, 'ticket_id': 282, 'owner': 'acct_41'}",mock
0x75aed09eadbecdb58fc991cd0588875373c49646732ca77ac7fda3c422f0f74e,93000,1,UpdatePublished,"{'model_id': 'model_mnist_784_noniid', 'round': 6, 'ticket_id': 282, 'cid': 'sha256:ccc5d9a3e8c6b36b6ae5b5c8ef85cc368039d99b2f96bec0b77adf97f76e610a'}",mock
0xb3821bdd0308cb84591b05a614f27f3e57d6887e8f09a1ba366339d9e66db508,86000,1,TicketReserved,"{'model_id': 'model_mnist_784_noniid', 'round': 6, 'ticket_id': 283, 'owner': 'acct_42'}",mock
0x1d587a8e118b6f6d8fd6e07935fe9768237f6ec670f399cd59b88662503a4a59,93000,1,UpdatePublished,"{'model_id': 'model_mnist_784_noniid', 'round': 6, 'ticket_id': 283, 'cid': 'sha256:b68c6f4c6fe60c42eb9b70d5370448802001534b8250c6b061e0c976123bbc6d'}",mock
0x634a8797d1f79ec37210f0e2cd5e277343d6e7cf12cf367ea64b7250c488258f,86000,1,TicketReserved,"{'model_id': 'model_mnist_784_noniid', 'round': 6, 'ticket_id': 284, 'owner': 'acct_43'}",mock
0x0fb793b25a2d33c940ddc50bcb40477f152d5a4f8dbbd96776c1ad8d66250082,93000,1,UpdatePublished,"{'model_id': 'model_mnist_784_noniid', 'round': 6, 'ticket_id': 284, 'cid': 'sha256:857b09c4d64307834db21e89cc83156b88c062254c2bbc20431bc536c9bc560a'}",mock
0x1aaa3bf21993d87f6968e715efb358bbb32dc1c6f155112985e8821489447a1f,86000,1,TicketReserved,"{'model_id': 'model_mnist_784_noniid', 'round': 6, 'ticket_id': 285, 'owner': 'acct_44'}",mock
0x03695f808456ca06488c46be019e8180219fe40c0fe563c6a6cf17a502ca08a6,93000,1,UpdatePublished,"{'model_id': 'model_mnist_784_noniid', 'round': 6, 'ticket_id': 285, 'cid': 'sha256:0d0fe6f32ba16470fbabb49527f1f630a1884701873b794da89b7935b9bfe877'}",mock
0xea6bebb074744c38fc6645b63360badbeb714efb83d07d2aacbbb0eee566abc2,86000,1,TicketReserved,"{'model_id': 'model_mnist_784_noniid', 'round': 6, 'ticket_id': 286, 'owner': 'acct_45'}",mock
0x9f7a6ea37ed0e18612b2a4e8a70acd508c080ebdddee13f26808c0ace13859bd,93000,1,UpdatePublished,"{'model_id': 'model_mnist_784_noniid', 'round': 6, 'ticket_id': 286, 'cid': 'sha256:7ee9861c9796da37213095f715b3ed9ccb6c64e550043471ef42560a6607dd99'}",mock
0x434ba10b634d0d47df8f2a575035185954bd9cb4450bcf58574affbe327270ad,86000,1,TicketReserved,"{'model_id': 'model_mnist_784_noniid', 'round': 6, 'ticket_id': 287, 'owner': 'acct_49'}",mock
0xcc478a60a087c62a44a81c68dc666c8b51a457581287c4ccded3a3324388f9e7,93000,1,UpdatePublished,"{'model_id': 'model_mnist_784_noniid', 'round': 6, 'ticket_id': 287, 'cid': 'sha256:a77773198c07d086896069ade392f78ac241499632f740d612f79a15221fc6ad'}",mock
0xbb05fdcc7dbd0d050077bff80347f2851fd2cca0c032e62a1f2ed88e7b18eb15,86000,1,TicketReserved,"{'model_id': 'model_mnist_784_noniid', 'round': 6, 'ticket_id': 288, 'owner': 'acct_50'}",mock
0x84abcf3d468b6dec5164ccf780e0b6e5f6f9276aaf517e0a97ce3fce391dc799,93000,1,UpdatePublished,"{'model_id': 'model_mnist_784_noniid', 'round': 6, 'ticket_id': 288, 'cid': 'sha256:ed1f9eda199e9d134f388d23d226b4b5a5d5ec5fab236d0faa26039006635271'}",mock
0xbdad1b404912e347de4420fb1003ca5c370f8957a10dcc4e77cd1a70d50362c1,1005000,1,RoundFinalized,"{'model_id': 'model_mnist_784_noniid', 'round': 6, 'included': 44, 'refunds': 44}",mock
0xaec413c3a38a31c22985862b8e58a840c98fcea0fd377af4eed0180c273fccb6,52000,1,RoundFunded,"{'model_id': 'model_mnist_784_noniid', 'amount_wei': 10000000000000000}",mock
0x6939778fc0fed4e582e15663fdd81bfbaa965bcfdb7013896c7ba65cabf54d77,86000,1,TicketReserved,"{'model_id': 'model_mnist_784_noniid', 'round': 7, 'ticket_id': 289, 'owner': 'acct_1'}",mock
0x45213854468135887a2c1e321aa9479a0e2acc8df1fe6bbf5dbddb25967df943,93000,1,UpdatePublished,"{'model_id': 'model_mnist_784_noniid', 'round': 7, 'ticket_id': 289, 'cid': 'sha256:06cafe661224af406521718a3161e84ae7a0ab8dd74e2fd318ada1b674a5815d'}",mock
0x8f1b81f0daaae188e74920609ddc33e305dcbb8939f4d45b038ad2880e909bc2,86000,1,TicketReserved,"{'model_id': 'model_mnist_784_noniid', 'round': 7, 'ticket_id': 290, 'owner': 'acct_2'}",mock
0xa7f31586649033a5b8fc9af8691b30d4abd936cbfcc077e96787f8dda5f41961,93000,1,UpdatePublished,"{'model_id': 'model_mnist_784_noniid', 'round': 7, 'ticket_id': 290, 'cid': 'sha256:899acc105f8eaac69ec3d681a830df7d2fc7efe7cd6a82eac9112c70fef075b5'}",mock
0x5176598e198f228717a00cc0f5a539d9a1f42256cf7fc8b2721382b94591432d,86000,1,TicketReserved,"{'model_id': 'model_mnist_784_noniid', 'round': 7, 'ticket_id': 291, 'owner': 'acct_3'}",mock
0x9c2fe0a38027d2f7dacc960cf0982f3f41d3c8291e5d5bad0bafff288c7949e9,93000,1,UpdatePublished,"{'model_id': 'model_mnist_784_noniid', 'round': 7, 'ticket_id': 291, 'cid': 'sha256:8684fb1bee2d8f4c858d5683140ec1d63f6db8cad8f13eae6a9fb7e75ab17623'}",mock
0x8307d4976fc2efadb217e1da4a6289b8e5db95c56f879e0acf82ae2af305a7bd,86000,1,TicketReserved,"{'model_id': 'model_mnist_784_noniid', 'round': 7, 'ticket_id': 292, 'owner': 'acct_5'}",mock
0x141124aa4ad8e424e360393279e1c2a58a85346ca7e73bc3613192060b0e032d,93000,1,UpdatePublished,"{'model_id': 'model_mnist_784_noniid', 'round': 7, 'ticket_id': 292, 'cid': 'sha256:ddf8aa3f9d97fb74d7f5286720041b60d8b94aa895ec07a86972cd5abd0420fb'}",mock
0x9166a8dc8a94c37e5570f4b571c2f12927007c0d5a28a1e4727b2fca36fbe718,86000,1,TicketReserved,"{'model_id': 'model_mnist_784_noniid', 'round': 7, 'ticket_id': 293, 'owner': 'acct_6'}",mock
0x19bb0ae7709399f005cca461fd6c1810ed251ee69c58cfe3cb9b01e1cb660b98,93000,1,UpdatePublished,"{'model_id': 'model_mnist_784_noniid', 'round': 7, 'ticket_id': 293, 'cid': 'sha256:b5bac1643676580329fc30ea933cdd5e7f96e2c0e7783ef7ba80b02565e0ecae'}",mock
0xfdc101c05537b87a57be3f287998f5cc7f66cc4f6748e9732e72afbd6620c5e7,86000,1,TicketReserved,"{'model_id': 'model_mnist_784_noniid', 'round': 7, 'ticket_id': 294, 'owner': 'acct_7'}",mock
0xbd45043b0f1bec8f7681beedf4de9bdfe5604f0a71c82422343ab1e5caac84b0,93000,1,UpdatePublished,"{'model_id': 'model_mnist_784_noniid', 'round': 7, 'ticket_id': 294, 'cid': 'sha256:02f3f2cfa025456529b52c5ecb7605f21f6b82278b1c8723ce1417b2af9f19f0'}",mock
0x20b8bcdb6053f33f1f3acb4aeccb968a4ec328684f6bd4c228457cf703d9e6ae,86000,1,TicketReserved,"{'model_id': 'model_mnist_784_noniid', 'round': 7, 'ticket_id': 295, 'owner': 'acct_8'}",mock
0x50a2d4d936a1772a8345b33813fea4cd92fca9a0fe0828f2962513702cd3804f,93000,1,UpdatePublished,"{'model_id': 'model_mnist_784_noniid', 'round': 7, 'ticket_id': 295, 'cid': 'sha256:c29d56364c44a8f8da252d1d59a92cc31f763ff8b16fbeeddfc6db57fd0d9aaf'}",mock
0x4d13d1b5cf1a9cb7a97c813f6fe4c0da14774220ac6894141c1480c9fed8776f,86000,1,TicketReserved,"{'model_id': 'model_mnist_784_noniid', 'round': 7, 'ticket_id': 296, 'owner': 'acct_9'}",mock
0x7ee0e82bd5a72faf7337a35a4482f6c8125dfc5ac5efc999b6b3ec83f0efc141,93000,1,UpdatePublished,"{'model_id': 'model_mnist_784_noniid', 'round': 7, 'ticket_id': 296, 'cid': 'sha256:e87e56dbe9f8e25c5c5b7eebc941e7ac0e85d41e702bdf4090f50ed1a709e532'}",mock
0xbac15083221686a9ceab37df2205f9049ecde10f4f92256810b43cf297b288df,86000,1,TicketReserved,"{'model_id': 'model_mnist_784_noniid', 'round': 7, 'ticket_id': 297, 'owner': 'acct_10'}",mock
0xd845e1bb3612cbfbe667a4d303e1d0b3e19920dc4fd6baa139a5f3117aa6b132,93000,1,UpdatePublished,"{'model_id': 'model_mnist_784_noniid', 'round': 7, 'ticket_id': 297, 'cid': 'sha256:f3b369624f08b58f30381ad39d4e129d2e9831de921a63124c353d191b06bb20'}",mock
0x273b5e5bbe8c78ed286b8f1f37128fcce117ffc9af3d902860aeca8e235621ee,86000,1,TicketReserved,"{'model_id': 'model_mnist_784_noniid', 'round': 7, 'ticket_id': 298, 'owner': 'acct_11'}",mock
0x13248d11e542fe59f55f861229df8efd36618e8d3d5fa06eec6a706ea3a2b583,93000,1,UpdatePublished,"{'model_id': 'model_mnist_784_noniid', 'round': 7, 'ticket_id': 298, 'cid': 'sha256:0290ac27d40c13555aeb18cffe5557ca1c84c5b74183fa134a152ada50402801'}",mock
0x15d2e7e13cf890e068f059345f52be2bf01a546adb44951714dc4ec33d2b1da7,86000,1,TicketReserved,"{'model_id': 'model_mnist_784_noniid', 'round': 7, 'ticket_id': 299, 'owner': 'acct_12'}",mock
0xce96ef06b4b4563697f09d41981cbb26afbd49ae7890a9065189f8e39285662c,93000,1,UpdatePublished,"{'model_id': 'model_mnist_784_noniid', 'round': 7, 'ticket_id': 299, 'cid': 'sha256:a034d3606a05a0009414a76d50cce6fae1f8afbe539df948a622a7bafcf7cd85'}",mock
0x7ca360962f67734924e343fb14a0ba81907da96fe492cf16da4ff9f29836fac7,86000,1,TicketReserved,"{'model_id': 'model_mnist_784_noniid', 'round': 7, 'ticket_id': 300, 'owner': 'acct_14'}",mock
0x620ca12a510a173b7a98a6d67f243a2036d42c0cc6c19d99e4eeebe6cca0e834,93000,1,UpdatePublished,"{'model_id': 'model_mnist_784_noniid', 'round': 7, 'ticket_id': 300, 'cid': 'sha256:f5c77cd9099168cc4e03c7bd0526299907c5cd8cf5624b714b4b6432c94f41fb'}",mock
0x8cdebc4dd05dbc4ea14c37851b7d2a960a7f6b1517c4311d77a909765a4ab8d6,86000,1,TicketReserved,"{'model_id': 'model_mnist_784_noniid', 'round': 7, 'ticket_id': 301, 'owner': 'acct_15'}",mock
0x804fb61561fe6eb41be5b8a98dcc213a8ddb9cee669f3149a5d033992086033a,93000,1,UpdatePublished,"{'model_id': 'model_mnist_784_noniid', 'round': 7, 'ticket_id': 301, 'cid': 'sha256:c6c4546ac1f412e93bdd490861f9c77060d71d1736e9f5b2b152b25baee04322'}",mock
0x6a93817992166cb1d5b1e791b02b540fd73f23bc554d225fe618a5dcd064930c,86000,1,TicketReserved,"{'model_id': 'model_mnist_784_noniid', 'round': 7, 'ticket_id': 302, 'owner': 'acct_16'}",mock
0xb43717371a0ff38e74099817b7e63722e44017d1250b5711921d98f394826aad,93000,1,UpdatePublished,"{'model_id': 'model_mnist_784_noniid', 'round': 7, 'ticket_id': 302, 'cid': 'sha256:f2cf71529ec3bfa34594b5c0413ad6e375a40a47a47266cb1af3f432e2b8204a'}",mock
0x26e70a4fcea637964e832ce5c94552fd41d97dca4d2315c9547d70aaad41de4b,86000,1,TicketReserved,"{'model_id': 'model_mnist_784_noniid', 'round': 7, 'ticket_id': 303, 'owner': 'acct_17'}",mock
0xbdf9095ce74dbc0a4cf1502162e63472b9c13cc0dbf7241e5f74823fdc947fbb,93000,1,UpdatePublished,"{'model_id': 'model_mnist_784_noniid', 'round': 7, 'ticket_id': 303, 'cid': 'sha256:7e07695c5f35aef744540daa8547ec5ff92d1c2659aa1f28e3e3e83c003b9227'}",mock
0x1f572a359e85aacf1007c2362608a5b793401cacab36dfc8734268323f1df087,86000,1,TicketReserved,"{'model_id': 'model_mnist_784_noniid', 'round': 7, 'ticket_id': 304, 'owner': 'acct_18'}",mock
0x402c31da661c11fb6dc414ac2ccfd0f7664aa3c0e3be6041d8a1584690081e2b,93000,1,UpdatePublished,"{'model_id': 'model_mnist_784_noniid', 'round': 7, 'ticket_id': 304, 'cid': 'sha256:534fc82f10c7a819dc39b45a4df691e50e73d216acb575da35aeb3d21974f3f2'}",mock
0x0bc5a0cc8465e0d3795d0d653698c883104ad3bcdb9790ed8f87d737ee27eabd,86000,1,TicketReserved,"{'model_id': 'model_mnist_784_noniid', 'round': 7, 'ticket_id': 305, 'owner': 'acct_19'}",mock
0x82dcc58f6adf4aaf343f1bc2342fa0b40d388514ad4fe3760fe99cdb8166e83b,93000,1,UpdatePublished,"{'model_id': 'model_mnist_784_noniid', 'round': 7, 'ticket_id': 305, 'cid': 'sha256:66f1faa6a077e6c8a91d86a9b4e6da512257c06919433c3ac7b485f8250b372e'}",mock
0x9374df2ed671fd7df4abec87386b38c4575282dcc03495a851ce72442070c7e8,86000,1,TicketReserved,"{'model_id': 'model_mnist_784_noniid', 'round': 7, 'ticket_id': 306, 'owner': 'acct_21'}",mock
0x452852837720d477d4954957ba9e400935e5224c1c62ab77ade3db8e5eb60de0,93000,1,UpdatePublished,"{'model_id': 'model_mnist_784_noniid', 'round': 7, 'ticket_id': 306, 'cid': 'sha256:61562d0776b08efcac43f7e93165db3e6f7305f43412359318d23c57cc8805c7'}",mock
0x3883e66f1f2e39d9deb7bad71dbdab8899d53290c3f452bba3ce42fe94692da7,86000,1,TicketReserved,"{'model_id': 'model_mnist_784_noniid', 'round': 7, 'ticket_id': 307, 'owner': 'acct_22'}",mock
0xe74edb71d6328b5d1a626e1776af737533fb07c157eb9aa12a2be70a8f562dec,93000,1,UpdatePublished,"{'model_id': 'model_mnist_784_noniid', 'round': 7, 'ticket_id': 307, 'cid': 'sha256:3d8abde8d1c110f5890e2f33bfe2afc616f8275d9ebd46b9d003bbfb8bd81a8a'}",mock
0x7b58b8ca1dae1d0f80ed14abad4d9ed013fde3e2e056bebf59832e64d4c0f1dd,86000,1,TicketReserved,"{'model_id': 'model_mnist_784_noniid', 'round': 7, 'ticket_id': 308, 'owner': 'acct_23'}",mock
0x7b09ceaa8b8dadcf28e7d2b017423c55fa8ef3359ec754c5aa277c0012f2cfc9,93000,1,UpdatePublished,"{'model_id': 'model_mnist_784_noniid', 'round': 7, 'ticket_id': 308, 'cid': 'sha256:8cf3d76b9dc92e8131fd8239fa429bea6e04e886e6aba7e9ced2e1bc75e5430b'}",mock
0x32367767ff1ebf41d04e19ad1054af31f2373051806f12ffffec9decc9ef6569,86000,1,TicketReserved,"{'model_id': 'model_mnist_784_noniid', 'round': 7, 'ticket_id': 309, 'owner': 'acct_24'}",mock
0xef356cf49cde486a1d6fc4a7ab0b19b9203747e1f565ed4621c37d12c5f6e8d2,93000,1,UpdatePublished,"{'model_id': 'model_mnist_784_noniid', 'round': 7, 'ticket_id': 309, 'cid': 'sha256:8b38be734d050849fa6a229cdcd6c961c997dad265b6f47dbf55abb21e89f546'}",mock
0xe03f258170a4ea1de38a73e561dc1800c1ce9327af7bc504aa1f081c8d4eb698,86000,1,TicketReserved,"{'model_id': 'model_mnist_784_noniid', 'round': 7, 'ticket_id': 310, 'owner': 'acct_26'}",mock
0x797c882d9916e4da5ef692266344b780481064e9375b1a7ce1e5a557b1e286e6,93000,1,UpdatePublished,"{'model_id': 'model_mnist_784_noniid', 'round': 7, 'ticket_id': 310, 'cid': 'sha256:ff4683c475cc0fa1b380b16a8a635bc85cd9cd9c7b6cdc5359e2cc779cd5926a'}",mock
0x470c5370ee1cf723df388a0a030f1f0887dfccc91997edce1e00ff4e2f911fc3,86000,1,TicketReserved,"{'model_id': 'model_mnist_784_noniid', 'round': 7, 'ticket_id': 311, 'owner': 'acct_27'}",mock
0x78f6b49699e8c9c1705630c304979c5b1493315dd7ab088ea888ac40ade51864,93000,1,UpdatePublished,"{'model_id': 'model_mnist_784_noniid', 'round': 7, 'ticket_id': 311, 'cid': 'sha256:c2adbdbd0f89714602cd6fd7dd91190f3fc920bde78bd31ea3bae19dd482272d'}",mock
0xee5459222be7bc2d803f28243b70fb788b9da039b51168748f75e1c9a9ea256b,86000,1,TicketReserved,"{'model_id': 'model_mnist_784_noniid', 'round': 7, 'ticket_id': 312, 'owner': 'acct_30'}",mock
0xe8c59df432680b57c643d0ff5787f11aab62a1ba241249c3b530ab68bd710e83,93000,1,UpdatePublished,"{'model_id': 'model_mnist_784_noniid', 'round': 7, 'ticket_id': 312, 'cid': 'sha256:8b91eda127bcd4780d862bdb136b19c7ded60a8a488b45d7fc58c378b5481301'}",mock
0x175d4521b988e02fd5559e4c91361f68adc193e40812f0620d5c687d644f23eb,86000,1,TicketReserved,"{'model_id': 'model_mnist_784_noniid', 'round': 7, 'ticket_id': 313, 'owner': 'acct_31'}",mock
0x409490cc543a5454586493d7158b51db7128b02d065d790a1672b40880d1e97e,93000,1,UpdatePublished,"{'model_id': 'model_mnist_784_noniid', 'round': 7, 'ticket_id': 313, 'cid': 'sha256:b0ac6a64c2126e32a203a2aefc612097036bce597dc765f611b0b29697b3c55b'}",mock
0x0d95b26b64b24051d807de01c36598628f113bac60f389dc0b88c64d1b047613,86000,1,TicketReserved,"{'model_id': 'model_mnist_784_noniid', 'round': 7, 'ticket_id': 314, 'owner': 'acct_32'}",mock
0xfe574dd47b44da4748c2a0a2165e677458efad483e15416f949646150ac78319,93000,1,UpdatePublished,"{'model_id': 'model_mnist_784_noniid', 'round': 7, 'ticket_id': 314, 'cid': 'sha256:9908ad8f7ae8bbfaed014ca2ad64218cd456804679aa189af815a775f535407d'}",mock
0x25531176beb4fbd05c093c1d5df54005eb1a07c77db936ab942cfd5f5bfa4209,86000,1,TicketReserved,"{'model_id': 'model_mnist_784_noniid', 'round': 7, 'ticket_id': 315, 'owner': 'acct_33'}",mock
0xde8a1e16a5fe83de8f9c1babd9266bd2cedf543b678e5d88a6abbb1ee87d8b29,93000,1,UpdatePublished,"{'model_id': 'model_mnist_784_noniid', 'round': 7, 'ticket_id': 315, 'cid': 'sha256:3ae2403d95aa02efb55bbe9142da06004fb1023d552b155c412ce4729e7f5c1d'}",mock
0xadcff1a4086993ed989f514ecab89b039994595b6e74c4ea1dad9f48aad20e27,86000,1,TicketReserved,"{'model_id': 'model_mnist_784_noniid', 'round': 7, 'ticket_id': 316, 'owner': 'acct_34'}",mock
0x2f6af55a64d958362c177316e86e81dcc28c60e3e65057ccdd456d11c4564d16,93000,1,UpdatePublished,"{'model_id': 'model_mnist_784_noniid', 'round': 7, 'ticket_id': 316, 'cid': 'sha256:ba7545e84dfab8bec53ed916b2a73d9328bf89b1ae84d3e2db5e3400366f9315'}",mock
0xd19b2c49ddac0af9716fa937740c81d1ba77ffbad75c679ae88ad2a2c4364937,86000,1,TicketReserved,"{'model_id': 'model_mnist_784_noniid', 'round': 7, 'ticket_id': 317, 'owner': 'acct_36'}",mock
0xf18abb1e8285dd7d050bca6c27a40d0f72c6380a76356d13bf2dddf6c06b2a48,93000,1,UpdatePublished,"{'model_id': 'model_mnist_784_noniid', 'round': 7, 'ticket_id': 317, 'cid': 'sha256:1a829d6bf3fda0eafcb2c47785f0cbf8486618f2bf667d54018227acfa058ed0'}",mock
0xcce7e417e04ed427dc0e344e6962468bb9a35fca781dcf514a73b90d8c99d59e,86000,1,TicketReserved,"{'model_id': 'model_mnist_784_noniid', 'round': 7, 'ticket_id': 318, 'owner': 'acct_37'}",mock
0x00c61b4aeef7934cb74f2648a5777073e6ac60d201fefab74ac2823e6188cbf7,93000,1,UpdatePublished,"{'model_id': 'model_mnist_784_noniid', 'round': 7, 'ticket_id': 318, 'cid': 'sha256:7fed64267ff0ac4623abc8fe7a09ca19b1561001f14d5865e029fcbc11296154'}",mock
0x9fcb2a4c8661d1785867dc1859b0e7d24903200ff7d6fbc2e5377b3981753f38,86000,1,TicketReserved,"{'model_id': 'model_mnist_784_noniid', 'round': 7, 'ticket_id': 319, 'owner': 'acct_38'}",mock
0xc151b67fc77bf746f2f47fbcc6c4a054c7765cfd4c84e7867cbc5412ba06f7d1,93000,1,UpdatePublished,"{'model_id': 'model_mnist_784_noniid', 'round': 7, 'ticket_id': 319, 'cid': 'sha256:c48dc86c76fc465ecf944834297396e92b9f05b8f1e1566410c02f53998b68c1'}",mock
0xf4eca3da49b5adcf5a93ebd18f9b9f03749595d10a0c225f7dbb65497a2af0cc,86000,1,TicketReserved,"{'model_id': 'model_mnist_784_noniid', 'round': 7, 'ticket_id': 320, 'owner': 'acct_40'}",mock
0x7f422dc10e824fd5b40f0ecec8bf14b629826d5fac2bcfca024e641e23034c30,93000,1,UpdatePublished,"{'model_id': 'model_mnist_784_noniid', 'round': 7, 'ticket_id': 320, 'cid': 'sha256:5f1b48564a27541165eb8990a0282da12f6ad8e61a1a95df962ab81965f137cc'}",mock
0x7af73256a1181b64d736bc4dc3c0a310942a69c5b61f22d0c11b64e9cbe3ef82,86000,1,TicketReserved,"{'model_id': 'model_mnist_784_noniid', 'round': 7, 'ticket_id': 321, 'owner': 'acct_42'}",mock
0x68b9ddfc1d019f8cae8225f6683144136dd623583ec97e39326c73100fcc03e7,93000,1,UpdatePublished,"{'model_id': 'model_mnist_784_noniid', 'round': 7, 'ticket_id': 321, 'cid': 'sha256:0998791307d2ba287c728b3828f4995b4a07d3ba3efdce6898ae59e4bb680f00'}",mock
0xed27f998f432697af075cc07b46243f5afb106c04be93109e16eeb8334bed9ec,86000,1,TicketReserved,"{'model_id': 'model_mnist_784_noniid', 'round': 7, 'ticket_id': 322, 'owner': 'acct_43'}",mock
0x0fbe1105decd0c213d300520cfc8c406e4c187b11c16197f41ccecd3c550697c,93000,1,UpdatePublished,"{'model_id': 'model_mnist_784_noniid', 'round': 7, 'ticket_id': 322, 'cid': 'sha256:106975614e566451f2798c0a9236c94e446107f71fc51ef62602904f592ac5c7'}",mock
0x0accc3a447b81e073990726eadc81c8411d136638b591d83125d8804066647c1,86000,1,TicketReserved,"{'model_id': 'model_mnist_784_noniid', 'round': 7, 'ticket_id': 323, 'owner': 'acct_44'}",mock
0x83d62ef9c0e273bee722ada2d7b120b1d2caedd4c1eb3cb2487b286dcc8068c9,93000,1,UpdatePublished,"{'model_id': 'model_mnist_784_noniid', 'round': 7, 'ticket_id': 323, 'cid': 'sha256:e9daab2de2382f1b9991cb8876190167982cfaa40dc974280f5a597337da60ca'}",mock
0x50a98036e89ce230a151431d4aa94bdb4d300b4fff04f3a3f6f7440b5fd4051a,86000,1,TicketReserved,"{'model_id': 'model_mnist_784_noniid', 'round': 7, 'ticket_id': 324, 'owner': 'acct_45'}",mock
0xe414078c00e328ddb6df674710fc9be8a9ec9bda14d1c1d020ee1108a2f9207e,93000,1,UpdatePublished,"{'model_id': 'model_mnist_784_noniid', 'round': 7, 'ticket_id': 324, 'cid': 'sha256:e4561b3bdacaa9d640c95723d7493ad5036e93eb5b04a1ace75d61bd44928014'}",mock
0x846e77ef800dfa9f7ac0f5ee9c7067fb0b22f943439f99ee432b955a3e4d4dae,86000,1,TicketReserved,"{'model_id': 'model_mnist_784_noniid', 'round': 7, 'ticket_id': 325, 'owner': 'acct_46'}",mock
0x4281c0681b80bee34617b4001185b8d64ffca51eedff49dbf44c99659aacd3ba,93000,1,UpdatePublished,"{'model_id': 'model_mnist_784_noniid', 'round': 7, 'ticket_id': 325, 'cid': 'sha256:d5909fab821975ae279987ee0da515203e20e79b4b09ff4144363329da250d6c'}",mock
0x2dcf0daa5027022c9e69c611ec3d38226ef29fc5528ee14e8870529ce94fcc9e,86000,1,TicketReserved,"{'model_id': 'model_mnist_784_noniid', 'round': 7, 'ticket_id': 326, 'owner': 'acct_47'}",mock
0xe5f863785987daba08ba0060fbff4aca464e1098c44c36ee758948252dc17f5d,93000,1,UpdatePublished,"{'model_id': 'model_mnist_784_noniid', 'round': 7, 'ticket_id': 326, 'cid': 'sha256:0acb095692edbedd9239e06ea4fe613b5b91e868579340e7b8f5ef040473f705'}",mock
0x19d388cb5b5bc6983231982caea0d8cedc5c3af399b80ce441098ada8cd7bead,86000,1,TicketReserved,"{'model_id': 'model_mnist_784_noniid', 'round': 7, 'ticket_id': 327, 'owner': 'acct_48'}",mock
0x9b246556004f03dee8f61caefd8cb34f1f2089f04f36189c4d0617118a3b8c35,93000,1,UpdatePublished,"{'model_id': 'model_mnist_784_noniid', 'round': 7, 'ticket_id': 327, 'cid': 'sha256:dd84bc0aeb0fccfa532f4e34c76946c93e04fcd89b4d238024303daa08479a10'}",mock
0xe84e44740b24125d26ed8d4f7b90941645c50e06857be201cf0c568f5696c29b,86000,1,TicketReserved,"{'model_id': 'model_mnist_784_noniid', 'round': 7, 'ticket_id': 328, 'owner': 'acct_50'}",mock
0x140e996fec4e8db1bac42eb13b67620c8bc93cf85977ffe2645bdb0b760b6d13,93000,1,UpdatePublished,"{'model_id': 'model_mnist_784_noniid', 'round': 7, 'ticket_id': 328, 'cid': 'sha256:938138589859bde300aed254c24523525eb0d9a994990527b322de73475e406f'}",mock
0x57a98058a929ed42f93a51605e7f2393604ce3cb91e90b6ec3404adbf8b371db,925000,1,RoundFinalized,"{'model_id': 'model_mnist_784_noniid', 'round': 7, 'included': 40, 'refunds': 40}",mock
0x4cd9141b0232ed8cd73b6688857bf71311bc168d5ca943005c5cc3cc20f97da2,52000,1,RoundFunded,"{'model_id': 'model_mnist_784_noniid', 'amount_wei': 10000000000000000}",mock
0xba8414e16351404b4047b47328d593d666fdb969c813a2e11c242e2b818c9cf4,86000,1,TicketReserved,"{'model_id': 'model_mnist_784_noniid', 'round': 8, 'ticket_id': 329, 'owner': 'acct_1'}",mock
0xe0be30ad05629dc2d86aa8d52c2000e226c7d2902f0aee951f0c4d927e76610f,93000,1,UpdatePublished,"{'model_id': 'model_mnist_784_noniid', 'round': 8, 'ticket_id': 329, 'cid': 'sha256:78752644d15084342c798058db22a1a5411152e1fd88cd4fa9bd9986579d4394'}",mock
0x5c4e3d90af3a5c3c717af6860aacb237623bca35a0517ad212d399075d4d565c,86000,1,TicketReserved,"{'model_id': 'model_mnist_784_noniid', 'round': 8, 'ticket_id': 330, 'owner': 'acct_3'}",mock
0xc69e6513f041384aeabc1d5298db0bac3a0da5a55dc6d35bf10ba727d8f377a6,93000,1,UpdatePublished,"{'model_id': 'model_mnist_784_noniid', 'round': 8, 'ticket_id': 330, 'cid': 'sha256:25ffc2c86e5d6ba4aabd9eb912bba6496ceae3cdeb4dc2ca5e4255e20c406b1f'}",mock
0x9fd724547f64408aa33f200d0fc14da7bda972b0640c1e18d5ad04e17b831fda,86000,1,TicketReserved,"{'model_id': 'model_mnist_784_noniid', 'round': 8, 'ticket_id': 331, 'owner': 'acct_5'}",mock
0x619b036f8e582d760440f3cc9844f0c017ea5b47187df93496018657f03e596f,93000,1,UpdatePublished,"{'model_id': 'model_mnist_784_noniid', 'round': 8, 'ticket_id': 331, 'cid': 'sha256:602359f6d4845da30a9b1015593a457408e12a5b132fd443a466c4d53a375357'}",mock
0xe25ec7b9068e1e2b9233adf2ab29e041c9423439a680fbacfc822f147dc86d62,86000,1,TicketReserved,"{'model_id': 'model_mnist_784_noniid', 'round': 8, 'ticket_id': 332, 'owner': 'acct_6'}",mock
0x40f09bcd27873af4fed0f64e6d3ffe44155ae025d4ccb3095399e4209769e37c,93000,1,UpdatePublished,"{'model_id': 'model_mnist_784_noniid', 'round': 8, 'ticket_id': 332, 'cid': 'sha256:16f538e07c622aaebf68da1bee918a4aa3fb258ab237502c092abfe66ca96680'}",mock
0x05550ba81142050f35619dea59f175e45a232a4a2db48016352a5c83f46cb9ca,86000,1,TicketReserved,"{'model_id': 'model_mnist_784_noniid', 'round': 8, 'ticket_id': 333, 'owner': 'acct_7'}",mock
0xb61e1bd09d124a0dbd6e13155bfbfec5872dbade700a618ffe95878e3af52820,93000,1,UpdatePublished,"{'model_id': 'model_mnist_784_noniid', 'round': 8, 'ticket_id': 333, 'cid': 'sha256:1c208aed1776160fe0db8117c50b4c9fc7d2a0989a931f91d2f3683a319f3c5b'}",mock
0x7cdae32048c2736cd207d76010961c323d7a60a614e088dc0612666b0a476e5e,86000,1,TicketReserved,"{'model_id': 'model_mnist_784_noniid', 'round': 8, 'ticket_id': 334, 'owner': 'acct_8'}",mock
0x884c354b1ae58828a0031a3023da30ba29c52f7a3a17ac120f433809e737df0b,93000,1,UpdatePublished,"{'model_id': 'model_mnist_784_noniid', 'round': 8, 'ticket_id': 334, 'cid': 'sha256:e4fa1a5914f3054633dff85f085435a97b8c53e16feafd19f883642b282189a6'}",mock
0xec71356878c101b28409d424cf78789100d85447d481961c9673e3678e5695f2,86000,1,TicketReserved,"{'model_id': 'model_mnist_784_noniid', 'round': 8, 'ticket_id': 335, 'owner': 'acct_10'}",mock
0xea356726ab1db9d27f66e0158e1a5a5ee57c52dd0e17cf283ec269f7c9aca3d8,93000,1,UpdatePublished,"{'model_id': 'model_mnist_784_noniid', 'round': 8, 'ticket_id': 335, 'cid': 'sha256:b0ce55ebe5e711de9a19a1fe4521283d9dbad3a2460dae3c6112384180fd3865'}",mock
0x8840f477dd8929b40817370d6f64c5d98c6b6785d57955e7f9e4b61b8ae65801,86000,1,TicketReserved,"{'model_id': 'model_mnist_784_noniid', 'round': 8, 'ticket_id': 336, 'owner': 'acct_11'}",mock
0xc5f45b69d483d52998be71e935b8f3cbc2964e89ff142e3dbfa4352542162451,93000,1,UpdatePublished,"{'model_id': 'model_mnist_784_noniid', 'round': 8, 'ticket_id': 336, 'cid': 'sha256:52e3794f576b47ee9feb2e6d4e956be3317a2b9f75f6e7756df2058af83226af'}",mock
0xe8e61f9a8985c31a939de0004bf995f3b8959c2b111daeefb2a62eefb816a14d,86000,1,TicketReserved,"{'model_id': 'model_mnist_784_noniid', 'round': 8, 'ticket_id': 337, 'owner': 'acct_12'}",mock
0x5c5502051ba9105bbcb9b29f4655e6f2a1c254b2371181770cd8740cefe00f3f,93000,1,UpdatePublished,"{'model_id': 'model_mnist_784_noniid', 'round': 8, 'ticket_id': 337, 'cid': 'sha256:e4b51e3f84d08f180165d3eb9485a124dcaedf914fc375c3a29af4f42854553c'}",mock
0x35c9ccdbcb5d9534c8742ed10a3e74ac8c191e783d689bae1fdc133a3292d6bb,86000,1,TicketReserved,"{'model_id': 'model_mnist_784_noniid', 'round': 8, 'ticket_id': 338, 'owner': 'acct_13'}",mock
0x265232795120807a01e52893e5330ed0cb510cf6810496678aaa29fe65a4bcb5,93000,1,UpdatePublished,"{'model_id': 'model_mnist_784_noniid', 'round': 8, 'ticket_id': 338, 'cid': 'sha256:b1ca154ccc5beaa8f6bba50fa68a5d8bdb727d4e309b7f339bc7b36ed9e91ea4'}",mock
0x1b119bb2b761aadbfc17c27afdcfd3385179c333d9b39731e099d5e2d583a743,86000,1,TicketReserved,"{'model_id': 'model_mnist_784_noniid', 'round': 8, 'ticket_id': 339, 'owner': 'acct_14'}",mock
0x0a7a6cef6c730f1f42e1a97fbbc54bb053b3301978f0fd2ae7c1005b58493685,93000,1,UpdatePublished,"{'model_id': 'model_mnist_784_noniid', 'round': 8, 'ticket_id': 339, 'cid': 'sha256:f011ec643ab2390e6e101ad4611a50a1531ed70f43472099d1ebf3b39c2a0c83'}",mock
0x19c841bfa48e2937365aafb19e8995e47e397fdd4ff5c538ffd94bb3e70fc905,86000,1,TicketReserved,"{'model_id': 'model_mnist_784_noniid', 'round': 8, 'ticket_id': 340, 'owner': 'acct_15'}",mock
0xe5b0c86bfab2b1bdd4f8071fe81e2df6e69609f55af2bdbf568e69b6933c8a5e,93000,1,UpdatePublished,"{'model_id': 'model_mnist_784_noniid', 'round': 8, 'ticket_id': 340, 'cid': 'sha256:da1804ad99d584d013a0d912129627a8e3fe7d25bc5be01657a5d5804565b5eb'}",mock
0xeccdcfd9e995b3b16d01afb5f38f9d7f5bd6d616e7ce2196a7625c3ce6b8a676,86000,1,TicketReserved,"{'model_id': 'model_mnist_784_noniid', 'round': 8, 'ticket_id': 341, 'owner': 'acct_16'}",mock
0x98bfc29ac3a98ed82ced07fdb60775ea729bc0c1c5d466ad49ebcacfd7e04734,93000,1,UpdatePublished,"{'model_id': 'model_mnist_784_noniid', 'round': 8, 'ticket_id': 341, 'cid': 'sha256:e97731641b5e324b9b41e8bf9080448cc264f1be95ad6b5b5ffb8c51cf5993df'}",mock
0x70cdb4f0299bf3491fae76e80df78a22e9674aa6cc0b3ef06b17d29a7de7918a,86000,1,TicketReserved,"{'model_id': 'model_mnist_784_noniid', 'round': 8, 'ticket_id': 342, 'owner': 'acct_17'}",mock
0x55e779a7d71be418ce33e03b7248b9fa56f065f857d62607d1b19d2487259436,93000,1,UpdatePublished,"{'model_id': 'model_mnist_784_noniid', 'round': 8, 'ticket_id': 342, 'cid': 'sha256:33a1bd4d28e7e21b9dfc84668b4e01ae174415ec3a784b4c039d3b337750d934'}",mock
0xc96bc5c7ecfe163c5e31f4fd21eaf83d20f0990630feebd98f2a82d73db09b76,86000,1,TicketReserved,"{'model_id': 'model_mnist_784_noniid', 'round': 8, 'ticket_id': 343, 'owner': 'acct_19'}",mock
0x0bebe47025ed0309f4ce1411964b7779af66e84d21b9642117971810e52bc1a5,93000,1,UpdatePublished,"{'model_id': 'model_mnist_784_noniid', 'round': 8, 'ticket_id': 343, 'cid': 'sha256:8074100f7c63be069aebc8023a69374d009d5f1591cf2bb01dd6ed35aac18647'}",mock
0x8e8bfd787708d91e7e603e49d85481bf634d673d77588562a995a125a25c0c6a,86000,1,TicketReserved,"{'model_id': 'model_mnist_784_noniid', 'round': 8, 'ticket_id': 344, 'owner': 'acct_20'}",mock
0x2d58caddecd1f9c32561ed965a71b7db9e6e89cda9b8d0e6292abe5a5347c015,93000,1,UpdatePublished,"{'model_id': 'model_mnist_784_noniid', 'round': 8, 'ticket_id': 344, 'cid': 'sha256:6cf47acbf488baab5ccfcdea4ff9064955c34ba07a902f49a8804a5f98b6c5e7'}",mock
0xee6ad4b33affe01f04edaa143e738faf2f53b34828e547ef1f43bea831440fae,86000,1,TicketReserved,"{'model_id': 'model_mnist_784_noniid', 'round': 8, 'ticket_id': 345, 'owner': 'acct_21'}",mock
0x23266e4994b299134ea2d139f1a6d29698f46b623551138dc628c198a68f82aa,93000,1,UpdatePublished,"{'model_id': 'model_mnist_784_noniid', 'round': 8, 'ticket_id': 345, 'cid': 'sha256:76402463ffaee80751203ad106562862369f30ec998ea26387365bb2c4dbe75e'}",mock
0x557adb553800e5170be13ba0b09e5a337e607b4c2affda459a223ca97f300d8a,86000,1,TicketReserved,"{'model_id': 'model_mnist_784_noniid', 'round': 8, 'ticket_id': 346, 'owner': 'acct_22'}",mock
0x94e1a8f4f2241c3d180940aeb7e04ffa03bdea6965e122c6ddf401a2f37b6b5f,93000,1,UpdatePublished,"{'model_id': 'model_mnist_784_noniid', 'round': 8, 'ticket_id': 346, 'cid': 'sha256:b45a50b8b191e05d847e592532c0923cb48796289ecdbbebd11d63674c817a22'}",mock
0x0718c8b1bddd074ccdd5341e025b58b224ff388a58647b3d52ba2f8af63a14c6,86000,1,TicketReserved,"{'model_id': 'model_mnist_784_noniid', 'round': 8, 'ticket_id': 347, 'owner': 'acct_23'}",mock
0xb2b7f3fd87b8001a2c2a81bfc6ed8d61479e55d94ed5312b4f48da1385c0a039,93000,1,UpdatePublished,"{'model_id': 'model_mnist_784_noniid', 'round': 8, 'ticket_id': 347, 'cid': 'sha256:6a2f33834a8a59a21fec516faba109b9d8e1350690f9d36b1e28ecb9276dac54'}",mock
0xb95aa8ae745449c0bcfbbab0246a9ace6bbbf0cea4898b28a8322c2bd16c7ac1,86000,1,TicketReserved,"{'model_id': 'model_mnist_784_noniid', 'round': 8, 'ticket_id': 348, 'owner': 'acct_25'}",mock
0x3bf47e2959fc663887b6aa70d6269a9021934def4ed640cac6373921ccc487dd,93000,1,UpdatePublished,"{'model_id': 'model_mnist_784_noniid', 'round': 8, 'ticket_id': 348, 'cid': 'sha256:fbfabc322cc4b31dee911e430743293f084a750dfa328923e3e2a9852b1e687b'}",mock
0x73bb2bdb88af36e6116c4e5013baa3e0f4182d3aa38c3563a241774746bad9b4,86000,1,TicketReserved,"{'model_id': 'model_mnist_784_noniid', 'round': 8, 'ticket_id': 349, 'owner': 'acct_27'}",mock
0xc1d28043b2f2a776f04b4fec30f37f621e5cae21248729926621f618d851fb24,93000,1,UpdatePublished,"{'model_id': 'model_mnist_784_noniid', 'round': 8, 'ticket_id': 349, 'cid': 'sha256:6d76cececb987a5a24826d463ccc56aaad5c732b480909aa51e5121c5b1b4d59'}",mock
0xfac9c18636c69ca9908618d412a5fdc1dccd91b2109a5f13585404c293bc9e80,86000,1,TicketReserved,"{'model_id': 'model_mnist_784_noniid', 'round': 8, 'ticket_id': 350, 'owner': 'acct_29'}",mock
0xff4fabfa351d67c5143db43f353381b486f1b919e33b8d6f8513afdf821059af,93000,1,UpdatePublished,"{'model_id': 'model_mnist_784_noniid', 'round': 8, 'ticket_id': 350, 'cid': 'sha256:bf2c6ef6e2b35dafde18d76fca5bdfa95c2395251aafde23abaeedbc0ed00462'}",mock
0x79d8567be0fe919fd48dfdac7a2a326e0024b1ca11019f02928e57fe7e22aed1,86000,1,TicketReserved,"{'model_id': 'model_mnist_784_noniid', 'round': 8, 'ticket_id': 351, 'owner': 'acct_30'}",mock
0x6edd1c128bd93ec11f55af316459205f1d9678a9a0ba7e58ca8eb5a894100f3d,93000,1,UpdatePublished,"{'model_id': 'model_mnist_784_noniid', 'round': 8, 'ticket_id': 351, 'cid': 'sha256:65e7285077e9586e12476600e15afae5fdef228c2b452caf9373efd0470e3dd8'}",mock
0x26d3e5863978a0a66d02f1095442c2693962a2d32a1aa751c9650a84be20d8fb,86000,1,TicketReserved,"{'model_id': 'model_mnist_784_noniid', 'round': 8, 'ticket_id': 352, 'owner': 'acct_31'}",mock
0x45d4ab93d81fb7d83865a5863bb01d63191a4fb18936694d3819b4a0436d8999,93000,1,UpdatePublished,"{'model_id': 'model_mnist_784_noniid', 'round': 8, 'ticket_id': 352, 'cid': 'sha256:1c6d5850940966210254a9944bd1c89d84241d1fa382a1f468c7e2b23fade7ac'}",mock
0x1b7d86f178fb02f3732938ea48e557276522e0334effe69e9746fbd025662491,86000,1,TicketReserved,"{'model_id': 'model_mnist_784_noniid', 'round': 8, 'ticket_id': 353, 'owner': 'acct_32'}",mock
0x7ad2321ea9b90d508c2a237b0adf3eac53d3a7e5af3bd549ef1097091af85a47,93000,1,UpdatePublished,"{'model_id': 'model_mnist_784_noniid', 'round': 8, 'ticket_id': 353, 'cid': 'sha256:27d7f82eb8e8fda2e0878aa13c4748fd9f321cfff924d4535bb0bc100cfb356e'}",mock
0x7e0c7ef95dd5f6d37ea01a3cdc8a51530212f6c8b897ac5f972f3ed9379ae04c,86000,1,TicketReserved,"{'model_id': 'model_mnist_784_noniid', 'round': 8, 'ticket_id': 354, 'owner': 'acct_33'}",mock
0x61e9053b6fa05d1e5a551cfdde8f8b430fc237e081fdb68b58867cb04f859389,93000,1,UpdatePublished,"{'model_id': 'model_mnist_784_noniid', 'round': 8, 'ticket_id': 354, 'cid': 'sha256:36a315a81c9bae14a17817d81a476ca33575b777db6cc4f863f683d5c7924173'}",mock
0x17231d7b1ad16f0ed00d7aae5c41194faff7b9cd8a03ecb26967810b1590e95c,86000,1,TicketReserved,"{'model_id': 'model_mnist_784_noniid', 'round': 8, 'ticket_id': 355, 'owner': 'acct_34'}",mock
0xd163263597b6fab285fe87c3fc18d1f0c4b1b774b64e17b1b1bbbec6735846af,93000,1,UpdatePublished,"{'model_id': 'model_mnist_784_noniid', 'round': 8, 'ticket_id': 355, 'cid': 'sha256:365e73c35990b314495422013fd553ebc9d746fbd7c022bdbc746f43cc017ed1'}",mock
0xec81c399a73d3719f4aea88e5e28d8e0b539dfca92ee5988872f1477fa2ad30b,86000,1,TicketReserved,"{'model_id': 'model_mnist_784_noniid', 'round': 8, 'ticket_id': 356, 'owner': 'acct_35'}",mock
0x59e947a4d1b2c6c6ff436abe7c5eef0826e43587aaf7ce50297781ebe0c48c5b,93000,1,UpdatePublished,"{'model_id': 'model_mnist_784_noniid', 'round': 8, 'ticket_id': 356, 'cid': 'sha256:820aa06612ac88e201e8381c5b36518cc0f79ad627307b32d7c425671ecc08bf'}",mock
0x510d26e935d3edfe2d7cc3e68ad149d76b316a900bc865dd2bab5f6c1846d5c8,86000,1,TicketReserved,"{'model_id': 'model_mnist_784_noniid', 'round': 8, 'ticket_id': 357, 'owner': 'acct_36'}",mock
0x982e7b3b5ee3bc1a3ec7d74e6404279d5c8dcd9dcf31c785ede39272cdeeca85,93000,1,UpdatePublished,"{'model_id': 'model_mnist_784_noniid', 'round': 8, 'ticket_id': 357, 'cid': 'sha256:40045d07396d85ddc1b197a931f8dc92cd2982a404c4c4f5a7f6dc201f708d50'}",mock
0x1bb289504b1deca2e449a7bf6fe5f4d3eb336871737e5367085ab8c67a7a1692,86000,1,TicketReserved,"{'model_id': 'model_mnist_784_noniid', 'round': 8, 'ticket_id': 358, 'owner': 'acct_37'}",mock
0x2f9562c675d84d185944919e3b5428d88044bd9d4b34be43c9b4478f4d5b1c6b,93000,1,UpdatePublished,"{'model_id': 'model_mnist_784_noniid', 'round': 8, 'ticket_id': 358, 'cid': 'sha256:09f37315138db1418f03a7f4ea840a9e990308c4ef0973306a5a45fbf90facf1'}",mock
0xc80c078f85b62455fc9a12987cd935717f96e72891283ef220fb73a9aec14143,86000,1,TicketReserved,"{'model_id': 'model_mnist_784_noniid', 'round': 8, 'ticket_id': 359, 'owner': 'acct_38'}",mock
0x077e2bec504fd8ee307c2213bbbf4861d849e3b2062b56de69d21d8d43d79f5f,93000,1,UpdatePublished,"{'model_id': 'model_mnist_784_noniid', 'round': 8, 'ticket_id': 359, 'cid': 'sha256:60b0b8790b28aeef2f076c6b19356b17541c21c786d3a6844e9c1d9673e79c61'}",mock
0x7aeae5da48eefb69527e248c071a76388338227ba8125ce8b6069de39bcdf6d7,86000,1,TicketReserved,"{'model_id': 'model_mnist_784_noniid', 'round': 8, 'ticket_id': 360, 'owner': 'acct_39'}",mock
0x87d120dcd5102a4aa2c39396eeae6fb79f8b7b866aea2f61d78ca95694e08f48,93000,1,UpdatePublished,"{'model_id': 'model_mnist_784_noniid', 'round': 8, 'ticket_id': 360, 'cid': 'sha256:0df5087cf40c32e901bd56f28a1455e8b2e3c41456387d67d87f3a8e39eeb67d'}",mock
0x7388d842e540236cfec15795a162185ec17aea04a2bcc82d70f5e10d3917dd05,86000,1,TicketReserved,"{'model_id': 'model_mnist_784_noniid', 'round': 8, 'ticket_id': 361, 'owner': 'acct_40'}",mock
0x6cac9af82ec6de52568bd8a87b316f6fce340ba33bd9df3f06ce5a66ef1537f7,93000,1,UpdatePublished,"{'model_id': 'model_mnist_784_noniid', 'round': 8, 'ticket_id': 361, 'cid': 'sha256:c7f92cad84b31c145f7b5c05a3e4586565476745f6362b1045ba1264131808a8'}",mock
0xd4a0b6089f52f8715b43efbd4f878db4d8ed1efd1f49e90bc406e71a03e967c3,86000,1,TicketReserved,"{'model_id': 'model_mnist_784_noniid', 'round': 8, 'ticket_id': 362, 'owner': 'acct_41'}",mock
0x6df8f565e4e3437a06e2b33d6c4d4246bcc45208ffd4ea2fd5a7b7a7f0d87764,93000,1,UpdatePublished,"{'model_id': 'model_mnist_784_noniid', 'round': 8, 'ticket_id': 362, 'cid': 'sha256:e511fcb518f9ed4a34198c2347a6a3b51e0e0644675ad584eb4e1c95c0e2659a'}",mock
0xbef008800f315043a1de214602be40837315dc61616122ed0596bf70616a0fee,86000,1,TicketReserved,"{'model_id': 'model_mnist_784_noniid', 'round': 8, 'ticket_id': 363, 'owner': 'acct_42'}",mock
0x1d65d86d7e969bb1e10e6749a60fcb3c20907c154a2071697998b444a0083adf,93000,1,UpdatePublished,"{'model_id': 'model_mnist_784_noniid', 'round': 8, 'ticket_id': 363, 'cid': 'sha256:1bbc45be4e77a090326c0c13cfcfaef5b27e19ea24388782306a1d67a9932b59'}",mock
0x4b57ac5437c3792f6084f887017cd28b4f4c05aa2efcde98dc98716511560914,86000,1,TicketReserved,"{'model_id': 'model_mnist_784_noniid', 'round': 8, 'ticket_id': 364, 'owner': 'acct_43'}",mock
0x64f357d41bd52d8b9de1f9dcaa8cbac21fd90b709cf4a2ed9cfd17808c0da19c,93000,1,UpdatePublished,"{'model_id': 'model_mnist_784_noniid', 'round': 8, 'ticket_id': 364, 'cid': 'sha256:248c423217785971bdaced5b3ff2d6f687a9356dde4c174bebd8fa772b709b21'}",mock
0x457d87fef6c5476ace760c2012b7d28a846ae42d6ff8af2c48180618f42806b8,86000,1,TicketReserved,"{'model_id': 'model_mnist_784_noniid', 'round': 8, 'ticket_id': 365, 'owner': 'acct_44'}",mock
0x050f51c277051e8a0470eee5697a285b2f188fff5b73cc204387811e366afa9d,93000,1,UpdatePublished,"{'model_id': 'model_mnist_784_noniid', 'round': 8, 'ticket_id': 365, 'cid': 'sha256:7538e4ee0ac741217a6ff5873400a78d898ac3944536c5a8d727426e617b4288'}",mock
0xd772c78dc9f923ac18e4680033dca9d378b46c6cd0c1a79d7dc0cc2a39a10b17,86000,1,TicketReserved,"{'model_id': 'model_mnist_784_noniid', 'round': 8, 'ticket_id': 366, 'owner': 'acct_45'}",mock
0x3babfeeff67cc394f7c1db8cd93ba57bf27b0233f9bcbb2b5b7aa13e27f431d3,93000,1,UpdatePublished,"{'model_id': 'model_mnist_784_noniid', 'round': 8, 'ticket_id': 366, 'cid': 'sha256:9581f4dac94a4fe0feb9525b7b60f41fe705a33def976b843af0ee3beb6575cc'}",mock
0xff854cfea2965a222ae41484415dd653e129327ec513f3aeb5a1158f975d188d,86000,1,TicketReserved,"{'model_id': 'model_mnist_784_noniid', 'round': 8, 'ticket_id': 367, 'owner': 'acct_46'}",mock
0xc32761d03ee495e9fe9e661b6be0359b5ddd0d67ad194b3f17545f85621fd187,93000,1,UpdatePublished,"{'model_id': 'model_mnist_784_noniid', 'round': 8, 'ticket_id': 367, 'cid': 'sha256:5da99bec266772be43f22f16bc29c6fd7e09f3b47fcfc7f8665d3c148f17eac2'}",mock
0x95390f21d784ff2960eeab7a67274cbcf6049b312a6a439c3bfcb1f5dc8c9e33,86000,1,TicketReserved,"{'model_id': 'model_mnist_784_noniid', 'round': 8, 'ticket_id': 368, 'owner': 'acct_47'}",mock
0x82be33d2d47c5571db0c70e15931942a5eb2cda5d5162e32dd9528a561d3e3b1,93000,1,UpdatePublished,"{'model_id': 'model_mnist_784_noniid', 'round': 8, 'ticket_id': 368, 'cid': 'sha256:a515061ee0b5f5180bb00c8c4d6bd31117c219127c41674eed4e0c2b43d1c1a3'}",mock
0x2e72377264f8826b2c95368754be031e5f215544ec9908f20ae025b54535e9bd,86000,1,TicketReserved,"{'model_id': 'model_mnist_784_noniid', 'round': 8, 'ticket_id': 369, 'owner': 'acct_49'}",mock
0xf6769362c2c751c5e6263e2b7c3eed2bfe68766cd5effaa7bfecfb3ca51b380d,93000,1,UpdatePublished,"{'model_id': 'model_mnist_784_noniid', 'round': 8, 'ticket_id': 369, 'cid': 'sha256:25e58a913e174af198879a6416ef0d6de2b7bca2772a5b30a17b5b61d884942e'}",mock
0xc2ca4aa11b3b3b4164270b8939ce2df812761b2dbe65a65b068caeea19a89af8,86000,1,TicketReserved,"{'model_id': 'model_mnist_784_noniid', 'round': 8, 'ticket_id': 370, 'owner': 'acct_50'}",mock
0x31b0eef750e6dbd3b3f42437d629e6c5749d57677ea3546b6591539630b8790d,93000,1,UpdatePublished,"{'model_id': 'model_mnist_784_noniid', 'round': 8, 'ticket_id': 370, 'cid': 'sha256:86a4396177886c98dedbf70ad8ad07c5826b9f7785b837824d535aeeac6e9e36'}",mock
0xcdc8ac8c244e2d39d47896aa7e6ec82e663dc5bbba775d6fee1c9127b5f651ee,965000,1,RoundFinalized,"{'model_id': 'model_mnist_784_noniid', 'round': 8, 'included': 42, 'refunds': 42}",mock
0xc22e34282ffcedc5605da577ea09d9f2f79985f9f47511febc7bd6d90e227b85,52000,1,RoundFunded,"{'model_id': 'model_mnist_784_noniid', 'amount_wei': 10000000000000000}",mock
0x510c050c5f09c03e62e77e968383b72176a034f5f2718a13bc547bf99f727708,86000,1,TicketReserved,"{'model_id': 'model_mnist_784_noniid', 'round': 9, 'ticket_id': 371, 'owner': 'acct_1'}",mock
0x21d7a13703ba1f5fb3dc12ee74c7775ded54bc652376d627697a0e221db47d6c,93000,1,UpdatePublished,"{'model_id': 'model_mnist_784_noniid', 'round': 9, 'ticket_id': 371, 'cid': 'sha256:e1d122d376b4431b7e961943f815269d404e4251e58e3ec5da6d8cb9fb1a6c86'}",mock
0xa72e28d67201ab6d3ed7e08679ea6f6f7c17d2b603a5b36c39b530ef8b598629,86000,1,TicketReserved,"{'model_id': 'model_mnist_784_noniid', 'round': 9, 'ticket_id': 372, 'owner': 'acct_4'}",mock
0xff42ab6b94dc333b90765aebb16c759031807deaf013cee35111ce44b6c28932,93000,1,UpdatePublished,"{'model_id': 'model_mnist_784_noniid', 'round': 9, 'ticket_id': 372, 'cid': 'sha256:d828b6e5692fe6f87a063a3d89d59f15f05111688ddd5717b832f69daa3007fd'}",mock
0x49e46e8b808350f6111efc59c824ffdbe718afdae80ccb9b547a3443941fe42c,86000,1,TicketReserved,"{'model_id': 'model_mnist_784_noniid', 'round': 9, 'ticket_id': 373, 'owner': 'acct_6'}",mock
0xe248f663d264057476ac0eef4949279a3f76ca9b94ef6dffc9e306b1bb4fac5c,93000,1,UpdatePublished,"{'model_id': 'model_mnist_784_noniid', 'round': 9, 'ticket_id': 373, 'cid': 'sha256:95df8b8ba16483abdf64832438c79cff9a6c5bfad3594a988b56c5158b0348cf'}",mock
0x12842d36f8d2d579ef41a23a1a1df4cf920bd9fff8fbf33103643fcabc4ad29e,86000,1,TicketReserved,"{'model_id': 'model_mnist_784_noniid', 'round': 9, 'ticket_id': 374, 'owner': 'acct_7'}",mock
0xef3c72732b5838200d4d8b86546eda99e74ee7e0f77c401adb21f6674b6770aa,93000,1,UpdatePublished,"{'model_id': 'model_mnist_784_noniid', 'round': 9, 'ticket_id': 374, 'cid': 'sha256:2282197025b58accca98909cd6be8b8f23ceb2629088f73b9bc2f86e3c3ec9e5'}",mock
0xcbd078a1b8ca7acf0e46fad897bd7cdefdfe1c66a1aed21a34d59f419dd9304f,86000,1,TicketReserved,"{'model_id': 'model_mnist_784_noniid', 'round': 9, 'ticket_id': 375, 'owner': 'acct_9'}",mock
0xebf2bc71a96446ad15c90a96e29f1247364d3fdf33cca368d8e299a78a6c984a,93000,1,UpdatePublished,"{'model_id': 'model_mnist_784_noniid', 'round': 9, 'ticket_id': 375, 'cid': 'sha256:85a34d384764c442cff6f16aa691ff1d5d181e9c954f17c7acdcdc6c23f3b1d7'}",mock
0xdda32357601f38914c1a94d9fc2a14a8ae2fb787d2f63d7cb1068121cb1683fa,86000,1,TicketReserved,"{'model_id': 'model_mnist_784_noniid', 'round': 9, 'ticket_id': 376, 'owner': 'acct_11'}",mock
0x93ce9fa93ed5cdd48a0e106ff48960d488c6d4d12ad62b5e59c07035e053b793,93000,1,UpdatePublished,"{'model_id': 'model_mnist_784_noniid', 'round': 9, 'ticket_id': 376, 'cid': 'sha256:d221d32db1c17de24914a91f84893d549fc18f7d48d5ea9af759c7dce1df23fc'}",mock
0xff4970bf52aee8f77c8975affad385ec41b36fb340f537b0d7ec05192aad548e,86000,1,TicketReserved,"{'model_id': 'model_mnist_784_noniid', 'round': 9, 'ticket_id': 377, 'owner': 'acct_12'}",mock
0xbbcddd13704464d699a21a42f349587a24398d5e86b6a2e179548b9202cecb93,93000,1,UpdatePublished,"{'model_id': 'model_mnist_784_noniid', 'round': 9, 'ticket_id': 377, 'cid': 'sha256:e57d5b6b6768993d1aa60b48eed99b85316efc2a5f359ada8dc2bf0e6b6964ad'}",mock
0xfd45224be17433f037fdaaef5610d7269ceb0c9ccc86e4af5577b95ac1406a64,86000,1,TicketReserved,"{'model_id': 'model_mnist_784_noniid', 'round': 9, 'ticket_id': 378, 'owner': 'acct_13'}",mock
0xcd5cd6f64b3f4bc066fa911ded383314eb3ad403b966b3cbb1b727d50de5b80a,93000,1,UpdatePublished,"{'model_id': 'model_mnist_784_noniid', 'round': 9, 'ticket_id': 378, 'cid': 'sha256:2117feabd49c98f7aba5b3ff15823e4693967bd7c6e37dce5471b4f011b312e6'}",mock
0xaa78099f098697776054afee817851daf2ba86dfa0c3ec61df40cf68a30f408e,86000,1,TicketReserved,"{'model_id': 'model_mnist_784_noniid', 'round': 9, 'ticket_id': 379, 'owner': 'acct_14'}",mock
0xb38987c93556e29c7783dcace9b093f38797acafb873335c77f5ba673a5333c2,93000,1,UpdatePublished,"{'model_id': 'model_mnist_784_noniid', 'round': 9, 'ticket_id': 379, 'cid': 'sha256:1e75ddd7dbb9790c5f40e6d7bddef7b75e7641a902f2e69f0287b578218d3553'}",mock
0xf7c459ebe411f6209a8ee8460e23d14699b2b06d58d734ef4219c58f100b1cc0,86000,1,TicketReserved,"{'model_id': 'model_mnist_784_noniid', 'round': 9, 'ticket_id': 380, 'owner': 'acct_15'}",mock
0x98e78ed7c8f67a714652ece608754b901387e6e3bae24820e0f0612c877974a9,93000,1,UpdatePublished,"{'model_id': 'model_mnist_784_noniid', 'round': 9, 'ticket_id': 380, 'cid': 'sha256:bf811f0cc38191f8e2bf64ca9eb1b7bec51c6cc66c128ac1595439a4f5fe7e21'}",mock
0x371c2cd7814d6376526d43293f937dea8a583856b31d32ab7c1850490fe23a52,86000,1,TicketReserved,"{'model_id': 'model_mnist_784_noniid', 'round': 9, 'ticket_id': 381, 'owner': 'acct_16'}",mock
0xfde67bc90e3be21c1e067878d2fbd997841ddfb1ce50fe54cdfe2b70f2119965,93000,1,UpdatePublished,"{'model_id': 'model_mnist_784_noniid', 'round': 9, 'ticket_id': 381, 'cid': 'sha256:7a948efe13d75d885dd8d52dbbd94a8eb1fd5cfed0cd04547c790374d8060814'}",mock
0xcd869c8fc857516e616b764764d1e16a789bf876aceadc737c7d2c97d1fc5605,86000,1,TicketReserved,"{'model_id': 'model_mnist_784_noniid', 'round': 9, 'ticket_id': 382, 'owner': 'acct_17'}",mock
0xcd82f942f38c5865ae6a75bd949c6b138a21db7d2bea0e64b62d9c37731ac334,93000,1,UpdatePublished,"{'model_id': 'model_mnist_784_noniid', 'round': 9, 'ticket_id': 382, 'cid': 'sha256:164f1209653990ed7581ad16d2b14f7f1b13615e1663be947fc42c14c32ee5cb'}",mock
0xa31afa54a1bbfd970c3cc3465348f19083d47a73d5462451787735f02a2194ef,86000,1,TicketReserved,"{'model_id': 'model_mnist_784_noniid', 'round': 9, 'ticket_id': 383, 'owner': 'acct_18'}",mock
0x576978078051a608698bd862dca3ca7439bc841b1cbfd9cf691bf5e62387c0ca,93000,1,UpdatePublished,"{'model_id': 'model_mnist_784_noniid', 'round': 9, 'ticket_id': 383, 'cid': 'sha256:a13508d7fd40b5ef8f317d0171c97c54e5aff510e70d28908714542b5b86b0c0'}",mock
0x06c8419cdf3df99637d9123a4bb73354c4c50419c6cbdefdd2b3e09a5e8866a9,86000,1,TicketReserved,"{'model_id': 'model_mnist_784_noniid', 'round': 9, 'ticket_id': 384, 'owner': 'acct_19'}",mock
0x05f7b3c5c19eff8fe56f26a03a55451639b90ceead98b4ba32d68fd7e629d134,93000,1,UpdatePublished,"{'model_id': 'model_mnist_784_noniid', 'round': 9, 'ticket_id': 384, 'cid': 'sha256:711732c25b74543a6eb6fc7f89a36189c8cd851da0e205bf208f67004eeb6394'}",mock
0x53b630a0a77ee04da04a540d4020d54acb2bf10745ad302aa7c8287926e1567d,86000,1,TicketReserved,"{'model_id': 'model_mnist_784_noniid', 'round': 9, 'ticket_id': 385, 'owner': 'acct_20'}",mock
0x2a033ff85dea39bcc06705c2e1d7bae0d6fe5236b45d64fd12cbb16bf541a1fb,93000,1,UpdatePublished,"{'model_id': 'model_mnist_784_noniid', 'round': 9, 'ticket_id': 385, 'cid': 'sha256:0a2436183362bfbfbfcca56e5f6fe900d1de7d5d1547dd2d44ea52aa5e073ecf'}",mock
0x35f3cffec0815fb43bd81cd9b85de5a36ef3a7ccebd77984517b66d395f4cd79,86000,1,TicketReserved,"{'model_id': 'model_mnist_784_noniid', 'round': 9, 'ticket_id': 386, 'owner': 'acct_21'}",mock
0x9bd86a7e60101b8ed24129b45ec5fd5b572587154d6c60adbe044bd1ee6f98ea,93000,1,UpdatePublished,"{'model_id': 'model_mnist_784_noniid', 'round': 9, 'ticket_id': 386, 'cid': 'sha256:9099bd317cf220ffb1af48ac6e558fce3caa0a20d4e7d824b3024261710785ee'}",mock
0x9492fb8c10fb8a8ae70c331a1cd6697677533d2b313161edb84e01c76a9983d0,86000,1,TicketReserved,"{'model_id': 'model_mnist_784_noniid', 'round': 9, 'ticket_id': 387, 'owner': 'acct_22'}",mock
0xdf79a32266fc8cbfda5b4ba1400f2d983c77d01780518eb5b047adc260d5b6b7,93000,1,UpdatePublished,"{'model_id': 'model_mnist_784_noniid', 'round': 9, 'ticket_id': 387, 'cid': 'sha256:96c6292fd48e0f9d017406e42e02fc575fa418bff3a8e9304149a6066768fee1'}",mock
0x6bfd0ebc53d0fd341d438b5208d81a5e42bc52f5a7046d9c229d99537b5c7d6a,86000,1,TicketReserved,"{'model_id': 'model_mnist_784_noniid', 'round': 9, 'ticket_id': 388, 'owner': 'acct_23'}",mock
0x74eb1be1d33bb19fedbb82bfa8bd4a49b42d20d58453f1ca317fab0023b14af1,93000,1,UpdatePublished,"{'model_id': 'model_mnist_784_noniid', 'round': 9, 'ticket_id': 388, 'cid': 'sha256:2acd709b4a9995631f2af6f744cc36a18ea5bbbf1b143ea93eea6efb3dd2a998'}",mock
0xfb28f1739020e2349fd63cd78f6af04e5cdbece8705ce1b339b0d77002c8ff89,86000,1,TicketReserved,"{'model_id': 'model_mnist_784_noniid', 'round': 9, 'ticket_id': 389, 'owner': 'acct_24'}",mock
0x8469c1390619d41d50fbd27cbf54df68da540dc03698297e8f4b81d0de5f257c,93000,1,UpdatePublished,"{'model_id': 'model_mnist_784_noniid', 'round': 9, 'ticket_id': 389, 'cid': 'sha256:1e51cd74fe3080a58b7d776e914052748d3ce8355d597bb16a63fbc75d9996ff'}",mock
0x35ccbc2b4a29d5d88a76618d4fa4e003db347143b782b3585577535699510b0c,86000,1,TicketReserved,"{'model_id': 'model_mnist_784_noniid', 'round': 9, 'ticket_id': 390, 'owner': 'acct_26'}",mock
0x4e99bf135af044b939ff553c903f02b57349fd6a89e07dbe6e63aab33025ef04,93000,1,UpdatePublished,"{'model_id': 'model_mnist_784_noniid', 'round': 9, 'ticket_id': 390, 'cid': 'sha256:24ce5465f2a3f6d7eff7f840c3c2db22525e52a6648929330f6c083f21a45f3b'}",mock
0xf889a57b7404f7a8f37eac7654d1fbdffc71b301a3555bc401f75c5d01ec771c,86000,1,TicketReserved,"{'model_id': 'model_mnist_784_noniid', 'round': 9, 'ticket_id': 391, 'owner': 'acct_28'}",mock
0x401b87657fd158596f98c3055eeb8df92025a46ac78363034a0b8a58010c669b,93000,1,UpdatePublished,"{'model_id': 'model_mnist_784_noniid', 'round': 9, 'ticket_id': 391, 'cid': 'sha256:ef1f0681a1395e1a27c32c15b0483100f4a643f20c28ef8db14ecc3e0c170abb'}",mock
0xb9988988f61061bef2d2d80723f9c21fdfea5effe5b26d70d0070b2aecfad090,86000,1,TicketReserved,"{'model_id': 'model_mnist_784_noniid', 'round': 9, 'ticket_id': 392, 'owner': 'acct_31'}",mock
0xc4c95c1ae3d936fd396dfe1dbd3cc8ab2386d17f5aaa77b5366f70533096dcc5,93000,1,UpdatePublished,"{'model_id': 'model_mnist_784_noniid', 'round': 9, 'ticket_id': 392, 'cid': 'sha256:1a4cefa0daf11ef3d3ad751c7c6cdf4bae4d17256cc694044042c56ad6e0d0ec'}",mock
0xbdc099a1f63e6b9ab3aec952d0183bdb3bc0ed0bdfa064652c9a5fb898d40fe6,86000,1,TicketReserved,"{'model_id': 'model_mnist_784_noniid', 'round': 9, 'ticket_id': 393, 'owner': 'acct_32'}",mock
0x558cb673dbfbbc081b3fb522afc9f53c3177a26bb07cbd0af8979b00b5211deb,93000,1,UpdatePublished,"{'model_id': 'model_mnist_784_noniid', 'round': 9, 'ticket_id': 393, 'cid': 'sha256:a64117a1b92f1b1f2082b92e47eb59951b21f224bc1fae2ccdfc6208686ab29e'}",mock
0xab9b36d02f8d826cedbb2151a934e4e7d7e33388597b5920cce980c69d89f92c,86000,1,TicketReserved,"{'model_id': 'model_mnist_784_noniid', 'round': 9, 'ticket_id': 394, 'owner': 'acct_33'}",mock
0x6edb031037ec4b461f0f1e76c1ef3e00984bb2fb6291b920d97616572a44dcf0,93000,1,UpdatePublished,"{'model_id': 'model_mnist_784_noniid', 'round': 9, 'ticket_id': 394, 'cid': 'sha256:cb76441b01eac12d59a68af6a9e63271419e6e7168b438566095f4074bc28f6c'}",mock
0x3a3ac20b99d700e8ad7f7d7d52e3b60dd0ca90e6e88dbac691fbca6ddf13eb97,86000,1,TicketReserved,"{'model_id': 'model_mnist_784_noniid', 'round': 9, 'ticket_id': 395, 'owner': 'acct_34'}",mock
0x60db3dbcece1c2ddbbb5d9de20a0e5f860eebb54df292554070db7501c0570c1,93000,1,UpdatePublished,"{'model_id': 'model_mnist_784_noniid', 'round': 9, 'ticket_id': 395, 'cid': 'sha256:3f84ba37e7ab744c82314170f2920a5e8c07454547756f39c796124596e543cf'}",mock
0xa101bec0f2a86949fcbd0cd58556ac64d21c80bcb934cab12f0355111a70d221,86000,1,TicketReserved,"{'model_id': 'model_mnist_784_noniid', 'round': 9, 'ticket_id': 396, 'owner': 'acct_35'}",mock
0x244b4f74a92a567d4e8a7d58d7ea76234e600a97c039d1d78c981a41d7bc83c7,93000,1,UpdatePublished,"{'model_id': 'model_mnist_784_noniid', 'round': 9, 'ticket_id': 396, 'cid': 'sha256:a0c1d1d0ed260f50b7a86eb1946e25b619ae651a9171e0a4acf00a9ecc666945'}",mock
0xbf12aaeb9c6e5ae2b66d18dfd8d4c2b25b9709a77ba9e11f31c87ffbc280b153,86000,1,TicketReserved,"{'model_id': 'model_mnist_784_noniid', 'round': 9, 'ticket_id': 397, 'owner': 'acct_36'}",mock
0x92385589f8cd55d845d34e231d4a8895c61cba8685f006417b346c757f14d1f5,93000,1,UpdatePublished,"{'model_id': 'model_mnist_784_noniid', 'round': 9, 'ticket_id': 397, 'cid': 'sha256:bdbcacea6cc5f053631302efda9d651af15d936b68596c58200ccac91229fc5f'}",mock
0x7ece77f112a893b98f269aaf4366947e398ea94ecd9dacd76cfbc7a4f4949769,86000,1,TicketReserved,"{'model_id': 'model_mnist_784_noniid', 'round': 9, 'ticket_id': 398, 'owner': 'acct_37'}",mock
0x1c681e55121571df4e37d5ef5f87e95fcf75b6733154c71abce29240b7138da1,93000,1,UpdatePublished,"{'model_id': 'model_mnist_784_noniid', 'round': 9, 'ticket_id': 398, 'cid': 'sha256:96fb994189962fc8120302d36554c9ec0efcb35dd04dcad66e032541432005e1'}",mock
0x68306320f0e3fad8a132b8ef61ac227e244587cd8cf779381a946cee07108ff9,86000,1,TicketReserved,"{'model_id': 'model_mnist_784_noniid', 'round': 9, 'ticket_id': 399, 'owner': 'acct_38'}",mock
0xa8e5e05362ca9f23e1190a37960e011879c8d4577e07efda4ab0f0b01529a1a9,93000,1,UpdatePublished,"{'model_id': 'model_mnist_784_noniid', 'round': 9, 'ticket_id': 399, 'cid': 'sha256:40d3504ab0ea22080c84912f0823c5df40ef6075007f821dbe8ecb8a3c4203d8'}",mock
0x5f113035373625844aae996368afa5dc26be6ec58854646b9762b48401d91080,86000,1,TicketReserved,"{'model_id': 'model_mnist_784_noniid', 'round': 9, 'ticket_id': 400, 'owner': 'acct_39'}",mock
0xf1a987b9528fefa0b55a76ffc4ae27c13144be06bcfbe3b54a56e3d8bec5d98e,93000,1,UpdatePublished,"{'model_id': 'model_mnist_784_noniid', 'round': 9, 'ticket_id': 400, 'cid': 'sha256:70b07e5a848fc64682ed371f004902438ced10d66334d64daa08b7cb5755c697'}",mock
0x7456c1b1921a8cfb0b23aa002a73f42e518865553aef65ebed655d8e5fc7cfc5,86000,1,TicketReserved,"{'model_id': 'model_mnist_784_noniid', 'round': 9, 'ticket_id': 401, 'owner': 'acct_40'}",mock
0x39fa41464465fa05e8407fbf5dd4fd4745cf91155c44c6597cd3fc49800f2e1c,93000,1,UpdatePublished,"{'model_id': 'model_mnist_784_noniid', 'round': 9, 'ticket_id': 401, 'cid': 'sha256:96ffaa7aa9098a2fbda51f154471c0e51419fc1126c56d3cb50eea1a914ede8e'}",mock
0x9ef54cf8da83651f1b74df2087d433e217aac307097a167e8168f77242db02cc,86000,1,TicketReserved,"{'model_id': 'model_mnist_784_noniid', 'round': 9, 'ticket_id': 402, 'owner': 'acct_41'}",mock
0x1fb4cba4bfaa2309de44e6a58ef9def2fa43f5c0199c8f6d752815ed317753ca,93000,1,UpdatePublished,"{'model_id': 'model_mnist_784_noniid', 'round': 9, 'ticket_id': 402, 'cid': 'sha256:250cf5e0819357206af06f73c23788cc8127dcb47cc6f2c6fd7a8c5ae5f9aa69'}",mock
0xdbd572ec7d8f7f3b55c5241f9c558f5de9c7067cd1b2577ca6cba1be1a8dc1fd,86000,1,TicketReserved,"{'model_id': 'model_mnist_784_noniid', 'round': 9, 'ticket_id': 403, 'owner': 'acct_42'}",mock
0x3c026d480f2e0e524c3f1e61cf34f707cf4cf4c8e2788e69f502cb9220ff523b,93000,1,UpdatePublished,"{'model_id': 'model_mnist_784_noniid', 'round': 9, 'ticket_id': 403, 'cid': 'sha256:8982a3c912e6680118eff5c2eb7195ddca9052d9962c522d27b37c326a30ea1b'}",mock
0x27f1e926e2756e9c3624a06695355542ca2a20528f39b8f5e6f7707e683639d7,86000,1,TicketReserved,"{'model_id': 'model_mnist_784_noniid', 'round': 9, 'ticket_id': 404, 'owner': 'acct_43'}",mock
0xd0a3262e88715aa7bc9366aee4e98be0d3cb89067612d772fa6e21bfda143bff,93000,1,UpdatePublished,"{'model_id': 'model_mnist_784_noniid', 'round': 9, 'ticket_id': 404, 'cid': 'sha256:2c34e24500f39ac29224de98e7014cccbdec091672389874cf66e17efa2daffa'}",mock
0x15801c83c1628dba108cae5a2fabf94f362890e5ecb163ed8188a46c8ebcb70e,86000,1,TicketReserved,"{'model_id': 'model_mnist_784_noniid', 'round': 9, 'ticket_id': 405, 'owner': 'acct_44'}",mock
0x07a3cc4987bed1ab77544715754392f1cc59a9f5cdb5720b4c9bd6d9ed3fcb10,93000,1,UpdatePublished,"{'model_id': 'model_mnist_784_noniid', 'round': 9, 'ticket_id': 405, 'cid': 'sha256:c2f077725f851744c63dc3f29d9eac229f3daa86205c61807ee6fb31c64d4cdf'}",mock
0x4f2ac7a60387270a8189bd05df86ba52021ccc5b8503738d4dae69ad1cdb4515,86000,1,TicketReserved,"{'model_id': 'model_mnist_784_noniid', 'round': 9, 'ticket_id': 406, 'owner': 'acct_45'}",mock
0x30018ce960c182c466decdd19004d89e003712d9f5d3ea95227d45170a5e958f,93000,1,UpdatePublished,"{'model_id': 'model_mnist_784_noniid', 'round': 9, 'ticket_id': 406, 'cid': 'sha256:505775be7b850efefe8be355bca4249a0c60610cf5bb1031fce9b316d408f044'}",mock
0xe4d666ec92d2beeeeb257e9a9a422e03e8fc30a4ebcf61369895fe858f62dabb,86000,1,TicketReserved,"{'model_id': 'model_mnist_784_noniid', 'round': 9, 'ticket_id': 407, 'owner': 'acct_46'}",mock
0x4a9b324e26f11e17ea2dbf55054a304ce6d3bdf6cfe16ea4b5c97a0773bbcb03,93000,1,UpdatePublished,"{'model_id': 'model_mnist_784_noniid', 'round': 9, 'ticket_id': 407, 'cid': 'sha256:ce4baff198be1dd4ac61a2249e435f12d9447f33df7f9f2c94ce39221d1627b9'}",mock
0x0a8797255f48de3d7f08cb7123e050ae22b421e8e7478212131f4b5093a41956,86000,1,TicketReserved,"{'model_id': 'model_mnist_784_noniid', 'round': 9, 'ticket_id': 408, 'owner': 'acct_47'}",mock
0xfb710426f72d9c008bbdcd9649f5a2967763555d207320318c6c1d08cfab7745,93000,1,UpdatePublished,"{'model_id': 'model_mnist_784_noniid', 'round': 9, 'ticket_id': 408, 'cid': 'sha256:1e0600dce173c3ea48303297988ffad57aeae703b5cb109c6c6e4d14296de52f'}",mock
0x0f8c5d10b17898fe681c2a741fa8d6649849846d67946ab8e76a8bf0ec14c05c,86000,1,TicketReserved,"{'model_id': 'model_mnist_784_noniid', 'round': 9, 'ticket_id': 409, 'owner': 'acct_48'}",mock
0x3cfd79a17ff3ecb5d6d8496f925c7691457c474c1c67ba916a4f6ecca27f3d28,93000,1,UpdatePublished,"{'model_id': 'model_mnist_784_noniid', 'round': 9, 'ticket_id': 409, 'cid': 'sha256:fd8483c031be1ca66038a6874187b9ed2664c84770514f71a0d8758ee0c9fa3d'}",mock
0xc0c06527510e4188a1f0797521795e51a5634edcec0a7121dee74193bef1a906,86000,1,TicketReserved,"{'model_id': 'model_mnist_784_noniid', 'round': 9, 'ticket_id': 410, 'owner': 'acct_49'}",mock
0xe4a8ce762af1e7ac533a1c1290d8ce8c7e354b8b4fc8620cf37308d57a6b139e,93000,1,UpdatePublished,"{'model_id': 'model_mnist_784_noniid', 'round': 9, 'ticket_id': 410, 'cid': 'sha256:84e0c245308d1c7a7fb74336e7120efbca0ed505241aff76165c0c3f87eeb551'}",mock
0xf5b0cc6ad2dbd646a630bcae49b7f1f29dadf24bc39f4f5690f318e38653cbab,86000,1,TicketReserved,"{'model_id': 'model_mnist_784_noniid', 'round': 9, 'ticket_id': 411, 'owner': 'acct_50'}",mock
0x61d7c5c2f28eec55e77c21fa9364896e8dbe2fdb16d02b57d4673790b3c0abf4,93000,1,UpdatePublished,"{'model_id': 'model_mnist_784_noniid', 'round': 9, 'ticket_id': 411, 'cid': 'sha256:d8b746f70f59832fff6aadba4d52c337da25ae209e207d3ac375a2caa2f22137'}",mock
0xa353ff67a8881eb7b24230e15dcf2e0334d7ac3cc02791cdae12ecb7b5e269cf,945000,1,RoundFinalized,"{'model_id': 'model_mnist_784_noniid', 'round': 9, 'included': 41, 'refunds': 41}",mock
0x396539864de7aa114d0df29b11f84b429326a32f874ea1e93cb1bca84283be4e,52000,1,RoundFunded,"{'model_id': 'model_mnist_784_noniid', 'amount_wei': 10000000000000000}",mock
0x3df63d75bb51c9461775e4956d8ebbdbd6cb574a7a3168be833493723af6ce50,86000,1,TicketReserved,"{'model_id': 'model_mnist_784_noniid', 'round': 10, 'ticket_id': 412, 'owner': 'acct_2'}",mock
0x10659028ac1cfa4169b71c60571544e111f20dc6348164d111fb693c8f899a21,93000,1,UpdatePublished,"{'model_id': 'model_mnist_784_noniid', 'round': 10, 'ticket_id': 412, 'cid': 'sha256:fec4e4e28640bd72e7e3268be5c197e470ea7d2be315b3588842ba1ff8f263c3'}",mock
0x4b870d538702a2772be185361e9496bde337ce338a31bd4bf3936da376677e25,86000,1,TicketReserved,"{'model_id': 'model_mnist_784_noniid', 'round': 10, 'ticket_id': 413, 'owner': 'acct_5'}",mock
0xe0586c0e6916446b3d526790cbe6462d797244f73fe56926003dbfaecceeb2a2,93000,1,UpdatePublished,"{'model_id': 'model_mnist_784_noniid', 'round': 10, 'ticket_id': 413, 'cid': 'sha256:426a169cd228f56dc21c426db383f3e1b2a0029b40a4136b531478036dd5cf05'}",mock
0xcc559a6f3f8f24ec338f2b41de233c1fedc0e54e5504d8e386b498f6539ce33c,86000,1,TicketReserved,"{'model_id': 'model_mnist_784_noniid', 'round': 10, 'ticket_id': 414, 'owner': 'acct_6'}",mock
0x832b33febd8edcd0ba76cff1b8ad8a99257df108cc048b1843daa2561e81f9cb,93000,1,UpdatePublished,"{'model_id': 'model_mnist_784_noniid', 'round': 10, 'ticket_id': 414, 'cid': 'sha256:838cfb94d5183d452839a815d7ea53555bc8f318d02d5dd4e37d7a5c805e2aef'}",mock
0x2cc6b7e605940d567000ec2c066f70aa405067eb245f31826fb11a0ecc82aefc,86000,1,TicketReserved,"{'model_id': 'model_mnist_784_noniid', 'round': 10, 'ticket_id': 415, 'owner': 'acct_7'}",mock
0x9344f775aae9625e563e298661e7297cd3a3bf58830b5bcab9aefcbff5c6a0c7,93000,1,UpdatePublished,"{'model_id': 'model_mnist_784_noniid', 'round': 10, 'ticket_id': 415, 'cid': 'sha256:155dc58a665ec5f344f75b5655e81b4a9cb23063ba716eb9d7b049895688ece1'}",mock
0x5bb0af8c4ceecd3219688d86d2eb3e588242dfbc711f3c84aa058475b3837a52,86000,1,TicketReserved,"{'model_id': 'model_mnist_784_noniid', 'round': 10, 'ticket_id': 416, 'owner': 'acct_8'}",mock
0xe3a0c315011042037021f912b2e26a1249394fef3255c0c7889adeb8feedc1c2,93000,1,UpdatePublished,"{'model_id': 'model_mnist_784_noniid', 'round': 10, 'ticket_id': 416, 'cid': 'sha256:7878273c5c87fcd0dc527ab6082e2b4c524d344d25d7ce7bc696b22aeae88ad8'}",mock
0x8532f38bead129c5b23ccded803f4a42e721c8608d3012a94ef84d7cc0951382,86000,1,TicketReserved,"{'model_id': 'model_mnist_784_noniid', 'round': 10, 'ticket_id': 417, 'owner': 'acct_9'}",mock
0xc47c4187f2680c4d7675b3c8bb0461404b834819c888f5330895dd8321ba5eca,93000,1,UpdatePublished,"{'model_id': 'model_mnist_784_noniid', 'round': 10, 'ticket_id': 417, 'cid': 'sha256:44ab0d5dec944179ecc498a6a82e1609d5f0f4b0087a72dd7c2f8e0a52133a2a'}",mock
0x82ffc97bb67ca75508d2810f7caabead0085d0a1c8a20502ebf37c8b8dea6f4a,86000,1,TicketReserved,"{'model_id': 'model_mnist_784_noniid', 'round': 10, 'ticket_id': 418, 'owner': 'acct_10'}",mock
0x0807f02fdc77c8009876589dc40ac00f02a5a184f6239da5ca28f421a7524ba1,93000,1,UpdatePublished,"{'model_id': 'model_mnist_784_noniid', 'round': 10, 'ticket_id': 418, 'cid': 'sha256:c6a8d9d2bdc4475a38967daf36329160c681ee617770d83190813ff192377aaf'}",mock
0x52f14d70d61c787da47237027f9e7b93d5de0319c54686cd2c66c5d31fbb89d6,86000,1,TicketReserved,"{'model_id': 'model_mnist_784_noniid', 'round': 10, 'ticket_id': 419, 'owner': 'acct_11'}",mock
0x6512b8dca2225f558346142e8207761e351dd717cae180a5dba9a3a4ecdddfb3,93000,1,UpdatePublished,"{'model_id': 'model_mnist_784_noniid', 'round': 10, 'ticket_id': 419, 'cid': 'sha256:162f0934724d9e939fa8c839c599a1cc0f8b107b45b934daa170a6d20693a955'}",mock
0x4513a5b028361b5e57e0be1626bfcffd7d89b678e326bde26648845d6e3ff1bc,86000,1,TicketReserved,"{'model_id': 'model_mnist_784_noniid', 'round': 10, 'ticket_id': 420, 'owner': 'acct_12'}",mock
0xc9990ec2daa546107ed59e71c18ed010be2bb5c60f930cedbc21f734feb1f9d3,93000,1,UpdatePublished,"{'model_id': 'model_mnist_784_noniid', 'round': 10, 'ticket_id': 420, 'cid': 'sha256:d37eb0cf1d136b5fdbe5164e5b9f3461f79a04bf072aba9ba0b1af8792603607'}",mock
0xc69b0e348535c6cc9365d5ebc99062234f227944e27c588a461ccc41bdfbd4de,86000,1,TicketReserved,"{'model_id': 'model_mnist_784_noniid', 'round': 10, 'ticket_id': 421, 'owner': 'acct_15'}",mock
0xe0482f7317d1ea8aa04c1699d09435a9aaaf0ccad5e57c9456798a5bed24e156,93000,1,UpdatePublished,"{'model_id': 'model_mnist_784_noniid', 'round': 10, 'ticket_id': 421, 'cid': 'sha256:7f7e49350d05aca13a7bdaf535c528e126411dcb4a5a8dbfb3ebe953ce6b690d'}",mock
0x413b20723776fa31fc82cc0363bb8fff3e64d6750bba7e54e4d4fad5e2db002c,86000,1,TicketReserved,"{'model_id': 'model_mnist_784_noniid', 'round': 10, 'ticket_id': 422, 'owner': 'acct_17'}",mock
0xb244790ca1da792e30ab6d19328142b8e46bb065abdea6c9b51ad4330d185dc4,93000,1,UpdatePublished,"{'model_id': 'model_mnist_784_noniid', 'round': 10, 'ticket_id': 422, 'cid': 'sha256:0147ede4331bc2092b2d056d922a9b57727a65b576e4621351fe2e141218b967'}",mock
0x801c1db3e063a21f7461d79bbd3a17304fbc4a0da3b1fbc41cd06712f986906c,86000,1,TicketReserved,"{'model_id': 'model_mnist_784_noniid', 'round': 10, 'ticket_id': 423, 'owner': 'acct_18'}",mock
0x3921362f09ca75619c32f65a9f4b365a264b9ee792da72d8113e2f4a0937c5b9,93000,1,UpdatePublished,"{'model_id': 'model_mnist_784_noniid', 'round': 10, 'ticket_id': 423, 'cid': 'sha256:7a599e141974ff36ae585148cb0046cc77e97a71f7b0d5daadb630831fcc1b25'}",mock
0xfc9defef0344c358e4bb0e1e0c74c7edd04f9ebd8068998487e60e8f3828a949,86000,1,TicketReserved,"{'model_id': 'model_mnist_784_noniid', 'round': 10, 'ticket_id': 424, 'owner': 'acct_19'}",mock
0x9fcfcc2ab467a00af6bb74e5b5e49d487594ea4b4a73a07e49a065da90b0c6c7,93000,1,UpdatePublished,"{'model_id': 'model_mnist_784_noniid', 'round': 10, 'ticket_id': 424, 'cid': 'sha256:b37b67b938b400bd77f9bbe91d86c1ae6ee2559d9e6e9947a6e1d584c0c5b4eb'}",mock
0x0c0efc4ca82c37c13e3a956798825525057f108e98dc023ef23c663b2d3a8efc,86000,1,TicketReserved,"{'model_id': 'model_mnist_784_noniid', 'round': 10, 'ticket_id': 425, 'owner': 'acct_21'}",mock
0x73244d0e61d9e4a88c09d866629861ffe5a673ae898ed388c285950f8e48c594,93000,1,UpdatePublished,"{'model_id': 'model_mnist_784_noniid', 'round': 10, 'ticket_id': 425, 'cid': 'sha256:3333d437628ca4f7359940a0a32ecb90e4e7c235b235e02dd1a1451366e52e36'}",mock
0x3960afb2f976250d11a942cef5bfc21e8835dfb5ac9670a4cd688119c7daeacb,86000,1,TicketReserved,"{'model_id': 'model_mnist_784_noniid', 'round': 10, 'ticket_id': 426, 'owner': 'acct_22'}",mock
0xf30841e368d4a536715bf86e99464346bfdf46e3e6035f1cdb5121f2785ab944,93000,1,UpdatePublished,"{'model_id': 'model_mnist_784_noniid', 'round': 10, 'ticket_id': 426, 'cid': 'sha256:0ec1c3d87f7195b2c010bf6c419de6f68a8a00c7494147bf33e49e3b24de7c2d'}",mock
0x2fbd9f274e93186c3c1e48804fe6804344059f508fd1c9c404b1055a1ec57ea6,86000,1,TicketReserved,"{'model_id': 'model_mnist_784_noniid', 'round': 10, 'ticket_id': 427, 'owner': 'acct_23'}",mock
0xd4edbe96c0d8e88d2dc0c3ab76f602faa0e993d9d8dfe0858bf8d80816b735aa,93000,1,UpdatePublished,"{'model_id': 'model_mnist_784_noniid', 'round': 10, 'ticket_id': 427, 'cid': 'sha256:44e720ec700ec564132c65b38d59b521755c74397deed4f9fd5f9fd3496efb83'}",mock
0xa555e2c7334cae1b30be310a9cfb094768c8ecc132efeaeab08e3d6b35f0bb8a,86000,1,TicketReserved,"{'model_id': 'model_mnist_784_noniid', 'round': 10, 'ticket_id': 428, 'owner': 'acct_24'}",mock
0x9d78b48f538c6582a4e35ebe32f983c897bf1becb9cccdece3a6dd24e9eac2bb,93000,1,UpdatePublished,"{'model_id': 'model_mnist_784_noniid', 'round': 10, 'ticket_id': 428, 'cid': 'sha256:041a02ddc3b6a7503e5879354898d9262ec2092cdcaabc9731773e6e00299688'}",mock
0xc9471a182809a75e68316d36963ed99a622379783ae0c2cee215fb03d83dd120,86000,1,TicketReserved,"{'model_id': 'model_mnist_784_noniid', 'round': 10, 'ticket_id': 429, 'owner': 'acct_25'}",mock
0xd2b3570a55ee3d4a1914a0dcff4bbb6f58140c0f07b0169952ea804edd8f6871,93000,1,UpdatePublished,"{'model_id': 'model_mnist_784_noniid', 'round': 10, 'ticket_id': 429, 'cid': 'sha256:afacc37fba83443848711793266e7ff9ea3d455ecd5107bbcb7984805e570d13'}",mock
0xf0a4a635f65f521a70500fee61facb1e98c1426d0189ccbdda18b13c4f604101,86000,1,TicketReserved,"{'model_id': 'model_mnist_784_noniid', 'round': 10, 'ticket_id': 430, 'owner': 'acct_26'}",mock
0x6a335225b8a83e0b96e75472e5aeb3fb21cc9ccd8e5931cf5e088b4a5ee4b078,93000,1,UpdatePublished,"{'model_id': 'model_mnist_784_noniid', 'round': 10, 'ticket_id': 430, 'cid': 'sha256:eb4e8bf88ef808686407f37d5b7745c0e8248d7532466c30be142ddc5481fc9e'}",mock
0x9006e652fffba94d71a3bc469a054375893bbfcd15d4d7caae77bb23d1356133,86000,1,TicketReserved,"{'model_id': 'model_mnist_784_noniid', 'round': 10, 'ticket_id': 431, 'owner': 'acct_27'}",mock
0xdf99832dd07e5b6392fedd9c036b6474a1012395886698dcee90c014f5823c8a,93000,1,UpdatePublished,"{'model_id': 'model_mnist_784_noniid', 'round': 10, 'ticket_id': 431, 'cid': 'sha256:19504584f6c6e4c4c1f80d9fa27078356da2319fe3548e02289158ab377aa076'}",mock
0x837d60a5714ed11fc3017f9b5dd6ee0443b94442b1823f0dffff032763a6b3a3,86000,1,TicketReserved,"{'model_id': 'model_mnist_784_noniid', 'round': 10, 'ticket_id': 432, 'owner': 'acct_28'}",mock
0x0d625a5f49975917043847e9b69110c2e390a3a38c6db0d67560047ded30b55d,93000,1,UpdatePublished,"{'model_id': 'model_mnist_784_noniid', 'round': 10, 'ticket_id': 432, 'cid': 'sha256:ee997daeb8c18d6b69858a5781ce79b5923d0b77ddf0937146ec36a3a9991cd9'}",mock
0x4bfc59467b198f814f054be143fe6963ec8d0cdc008c5fd0f06dd93fe81fde29,86000,1,TicketReserved,"{'model_id': 'model_mnist_784_noniid', 'round': 10, 'ticket_id': 433, 'owner': 'acct_29'}",mock
0x7a5fb2bd8e60d7de2ee3f05181dfbae2ecc4ef498964c3b5bdce8fdbcd5097ba,93000,1,UpdatePublished,"{'model_id': 'model_mnist_784_noniid', 'round': 10, 'ticket_id': 433, 'cid': 'sha256:5944e50025641bc4c1ec513a17177b2c31a295a45b4adc510073722c1e6baf32'}",mock
0x18fda9924e5eeb4f25898bb2aeb55b0c6e7c1874e58f6aa327ad7c58a81274f2,86000,1,TicketReserved,"{'model_id': 'model_mnist_784_noniid', 'round': 10, 'ticket_id': 434, 'owner': 'acct_30'}",mock
0x3f2ace93f823371948399edd212ccb7d0987cb6b3f1371444b087841ee6e88c0,93000,1,UpdatePublished,"{'model_id': 'model_mnist_784_noniid', 'round': 10, 'ticket_id': 434, 'cid': 'sha256:cee29961fc9e1f32bfdbf32ac1ca6adf9a404842b2cc58c0c7ea341c71cf6941'}",mock
0xe3c5ab6e8ee71d56c3d28add1d7e70011050f3dd23459a8a6ed817f3dae7a09b,86000,1,TicketReserved,"{'model_id': 'model_mnist_784_noniid', 'round': 10, 'ticket_id': 435, 'owner': 'acct_31'}",mock
0xdb2834d90e5e752964448d29be66b7e2ea4ca40862208dd8bef5d0e5b28ba037,93000,1,UpdatePublished,"{'model_id': 'model_mnist_784_noniid', 'round': 10, 'ticket_id': 435, 'cid': 'sha256:e9697b28056d0a027191df9fe0c861783310107edb72e6bac88b52b43a4b44aa'}",mock
0xfda205be4fc73b07db7f783125bfad2aaed4bacd1970befdf37d67bcfde2cd33,86000,1,TicketReserved,"{'model_id': 'model_mnist_784_noniid', 'round': 10, 'ticket_id': 436, 'owner': 'acct_32'}",mock
0xbf384424490bcb3078c5eba27abfc5b0e57e74d3253f6899828aaa56115563e1,93000,1,UpdatePublished,"{'model_id': 'model_mnist_784_noniid', 'round': 10, 'ticket_id': 436, 'cid': 'sha256:8404119b6af1aa33d03bf1defb894f8bb5437405eef837f21c29dd3f569901e5'}",mock
0xf035d21f1b201bc27994dd0e67bf59816ec117eb05dfbbf3c754f6a2407fd496,86000,1,TicketReserved,"{'model_id': 'model_mnist_784_noniid', 'round': 10, 'ticket_id': 437, 'owner': 'acct_33'}",mock
0x6b9fbee2393819f267bccae2643b0f634deca266bc040e07dd68483ef31c6ffa,93000,1,UpdatePublished,"{'model_id': 'model_mnist_784_noniid', 'round': 10, 'ticket_id': 437, 'cid': 'sha256:60eacbe7eae34db2ce2268d846ad60198225f629ec05c53f67259bd7ca3e5cb3'}",mock
0x802e2250d03a599b47aaa586eb6ebb406b14bb78225ba2fd12e0071fba069930,86000,1,TicketReserved,"{'model_id': 'model_mnist_784_noniid', 'round': 10, 'ticket_id': 438, 'owner': 'acct_34'}",mock
0xe029f076337dfeaf8575d840ce349dabfef9daab88c5f9f1813b166aac6e28de,93000,1,UpdatePublished,"{'model_id': 'model_mnist_784_noniid', 'round': 10, 'ticket_id': 438, 'cid': 'sha256:588e44de1e380431651ca48c2aee8cd55558afd196b61852de3faee235121083'}",mock
0xf6496a639a2eedf5eecaad39bc59d017e12d7ddaf972a289a9191141fac01487,86000,1,TicketReserved,"{'model_id': 'model_mnist_784_noniid', 'round': 10, 'ticket_id': 439, 'owner': 'acct_35'}",mock
0xedbf0c6353507a64c370585681a0b76f35582984215a5be14bd77c5c7c488418,93000,1,UpdatePublished,"{'model_id': 'model_mnist_784_noniid', 'round': 10, 'ticket_id': 439, 'cid': 'sha256:fb884cc182b8d6c0b0af2f259235bc270e621993604a0ee72b4501ee63ffc4be'}",mock
0x60c3e657a69623751d222e7f33ecaec20f34da6e966c1fb365570da9abee4470,86000,1,TicketReserved,"{'model_id': 'model_mnist_784_noniid', 'round': 10, 'ticket_id': 440, 'owner': 'acct_36'}",mock
0x12ca601bf2c45483ee61f067bc751faf166fff5f7f66592370be687fd0103b3b,93000,1,UpdatePublished,"{'model_id': 'model_mnist_784_noniid', 'round': 10, 'ticket_id': 440, 'cid': 'sha256:96f5f83936420488f322758807ca8022161b400616c31a80ba86c2bb31b24042'}",mock
0x3c7c7943778d7795ba7a7aaa47bcf124c430b52c4340ebfcbd77c26fc6d88583,86000,1,TicketReserved,"{'model_id': 'model_mnist_784_noniid', 'round': 10, 'ticket_id': 441, 'owner': 'acct_37'}",mock
0xcb3f17752d89c543326ceb76c74eef5b671d619c8bb52463a10943640bf1e962,93000,1,UpdatePublished,"{'model_id': 'model_mnist_784_noniid', 'round': 10, 'ticket_id': 441, 'cid': 'sha256:7290c60a5fc5843d7c15c9496f709e5c8549368a9640bfc266b389eea51e1c11'}",mock
0x4889da2be3b32a10d115316aa0b3b19367eeecf639d09475bb662c6b3baa50ec,86000,1,TicketReserved,"{'model_id': 'model_mnist_784_noniid', 'round': 10, 'ticket_id': 442, 'owner': 'acct_38'}",mock
0x81b80773f3a5366b59c08b18e5bffc22f60c16b7346643892a693856903d8395,93000,1,UpdatePublished,"{'model_id': 'model_mnist_784_noniid', 'round': 10, 'ticket_id': 442, 'cid': 'sha256:6619632ea7b45cece26993e31ae76768831d98ca6331d1d11e2a7f64df68537d'}",mock
0x0d32e2550eae9f83d20c4ae822da16490a19e68a0f8bef6037fca7af4a5f7c8b,86000,1,TicketReserved,"{'model_id': 'model_mnist_784_noniid', 'round': 10, 'ticket_id': 443, 'owner': 'acct_39'}",mock
0x1f27018138f29b283f60b715478a4479978e5617560dfcdd6ff60d13e7d7613b,93000,1,UpdatePublished,"{'model_id': 'model_mnist_784_noniid', 'round': 10, 'ticket_id': 443, 'cid': 'sha256:0d872f1d18689b09680fe124003df6e129ccf9d3738c4f4ac01420d8cd152955'}",mock
0xdf7b97bb58d64ebf6fb55ca4712aa39ebaed48c3ebf001575a78872a53690b0b,86000,1,TicketReserved,"{'model_id': 'model_mnist_784_noniid', 'round': 10, 'ticket_id': 444, 'owner': 'acct_40'}",mock
0xc81cc5d70503f3a51b9c91c9ed8bc2409260162a998383a3c47cf0f83af055fd,93000,1,UpdatePublished,"{'model_id': 'model_mnist_784_noniid', 'round': 10, 'ticket_id': 444, 'cid': 'sha256:9b70d31c8fc66d2c6841aaa7b6621e58fdeaf6534c4adb2295c8df957dca66cf'}",mock
0x0578cfcf7a6e498b30412db210f21573aacef3becfd4ac82998d761f7ab43fc8,86000,1,TicketReserved,"{'model_id': 'model_mnist_784_noniid', 'round': 10, 'ticket_id': 445, 'owner': 'acct_41'}",mock
0x497a63a7faa8a3faf0007a72916c610e5553327b7c589e0b6e375e69122fc8b5,93000,1,UpdatePublished,"{'model_id': 'model_mnist_784_noniid', 'round': 10, 'ticket_id': 445, 'cid': 'sha256:01e6c8509bd53eb5d00963a8063a5423cace1b06ed3b2360471cc01b71cd2458'}",mock
0xbc6b00fba0c9a2469cfc31003295dd28388947d4ed546234f3190c35bcd01a24,86000,1,TicketReserved,"{'model_id': 'model_mnist_784_noniid', 'round': 10, 'ticket_id': 446, 'owner': 'acct_42'}",mock
0x3720144870b7ed38091ca26de9b616ab15aeaa8b3f9a0e0658724f06548495f9,93000,1,UpdatePublished,"{'model_id': 'model_mnist_784_noniid', 'round': 10, 'ticket_id': 446, 'cid': 'sha256:4ac4935a5ff19c2a837ed54a75cccf9d29466c97aacbbb92d2c5ae07fefa972a'}",mock
0x4209398a70142c6ae420ed94f135ca73fee015de359a1e209f51e39820f73c8f,86000,1,TicketReserved,"{'model_id': 'model_mnist_784_noniid', 'round': 10, 'ticket_id': 447, 'owner': 'acct_43'}",mock
0x24fe211499ad6a9dfc1c7f05f2a67f66ae915bde1665deed0fd22fd1ddc69fa2,93000,1,UpdatePublished,"{'model_id': 'model_mnist_784_noniid', 'round': 10, 'ticket_id': 447, 'cid': 'sha256:34d90d8213399feec0e13336f6b7c9344c7a561bf07b1a16f82725051bb54611'}",mock
0x5fc8acfa322b1985710ecf27b8414afc45b4d84256e03a2eefb0bf6b3322fe91,86000,1,TicketReserved,"{'model_id': 'model_mnist_784_noniid', 'round': 10, 'ticket_id': 448, 'owner': 'acct_44'}",mock
0x52ce28e8108e93e52eddf7b315889511287a83c17a73820425db8f551ba9493a,93000,1,UpdatePublished,"{'model_id': 'model_mnist_784_noniid', 'round': 10, 'ticket_id': 448, 'cid': 'sha256:9a2487bb679102cec08e3ad0c8141aea22b2406bb3e1c84adb0108011531f855'}",mock
0x160e5787087de6273cf9f6e20a773caf9017ccfdbef0bed41c752ae94e3b9c68,86000,1,TicketReserved,"{'model_id': 'model_mnist_784_noniid', 'round': 10, 'ticket_id': 449, 'owner': 'acct_45'}",mock
0xb024a31a81e9702e3fb1c2a1b95b7bd19a3e023ff81358ed5b1f3bafd7865043,93000,1,UpdatePublished,"{'model_id': 'model_mnist_784_noniid', 'round': 10, 'ticket_id': 449, 'cid': 'sha256:32d7ee64191f1ff6e31f00e37badb83d987e5332c000a5b6289c9880812b413b'}",mock
0x37ad35192dbdb4c163ab5805e80276ba97d3c42fbff1d92bbfd9f1746a7fe8e2,86000,1,TicketReserved,"{'model_id': 'model_mnist_784_noniid', 'round': 10, 'ticket_id': 450, 'owner': 'acct_46'}",mock
0xd4e39c15e526d51623b96f58d35b50c6709cc30298700ab9f41b7713a44b5d66,93000,1,UpdatePublished,"{'model_id': 'model_mnist_784_noniid', 'round': 10, 'ticket_id': 450, 'cid': 'sha256:576c268c8b36bbc8f459a40d36ee2fde2c4997d0ba1a362545b4df28b57a833e'}",mock
0x11a425a2480c31ff282b273ad7e72af43de222b4aa797fa22502259270aef7bc,86000,1,TicketReserved,"{'model_id': 'model_mnist_784_noniid', 'round': 10, 'ticket_id': 451, 'owner': 'acct_47'}",mock
0x0efb3918dd5c602c62a98df32142c9064b54f8e0517146e9a63334c8b1c008e6,93000,1,UpdatePublished,"{'model_id': 'model_mnist_784_noniid', 'round': 10, 'ticket_id': 451, 'cid': 'sha256:57d2d71b969fabd159ff4c72da15a182b3d4ef6e5177c5d4e02d391422e11a40'}",mock
0xee5d488f4c4186581c5f97f7004f0590f1a2ce6a281e1d8c390c841f6a9a438f,86000,1,TicketReserved,"{'model_id': 'model_mnist_784_noniid', 'round': 10, 'ticket_id': 452, 'owner': 'acct_48'}",mock
0x5baee7bc96f249e87d25404ee7d8f2a8e2cef2b2126101eaf37309703aa88cd6,93000,1,UpdatePublished,"{'model_id': 'model_mnist_784_noniid', 'round': 10, 'ticket_id': 452, 'cid': 'sha256:595a66680032e155bc9e9fa822f756a130ccc50416b63dfb2bffcd726e811656'}",mock
0xf05ed235e500de0adcb8b16ce3f41c1643a7bd7edf7e61b12602acbf2eac27f0,86000,1,TicketReserved,"{'model_id': 'model_mnist_784_noniid', 'round': 10, 'ticket_id': 453, 'owner': 'acct_49'}",mock
0x247d621f0eea1539b7ca2acea25e883a169581d2bca274193121932302ace4f0,93000,1,UpdatePublished,"{'model_id': 'model_mnist_784_noniid', 'round': 10, 'ticket_id': 453, 'cid': 'sha256:5bc6a06559bfc8e7137072b7b277ff7b7ee8ec32c253faa4f0b39b66d4effa36'}",mock
0x9b349921927c76f3b5bfb590f33cf03c64e65c1a1fff45f7f0efe96f625352df,965000,1,RoundFinalized,"{'model_id': 'model_mnist_784_noniid', 'round': 10, 'included': 42, 'refunds': 42}",mock
0x06f29f738f773c4e309eb34c798f06311053701a0be59b46d50f358b5ac8d1c1,52000,1,RoundFunded,"{'model_id': 'model_mnist_784_noniid', 'amount_wei': 10000000000000000}",mock
0xca472b0827b27f4e1edefc08a949e11497f689ef93582f061b2b75d55d384128,86000,1,TicketReserved,"{'model_id': 'model_mnist_784_noniid', 'round': 11, 'ticket_id': 454, 'owner': 'acct_1'}",mock
0xeda56071fad694e27a540026d8804b62f59a7a7850ea3c69cf08d6f75815cbef,93000,1,UpdatePublished,"{'model_id': 'model_mnist_784_noniid', 'round': 11, 'ticket_id': 454, 'cid': 'sha256:9b726894d2f8b650f364823aab32d655a07085ce7d1a7996487d3fb0f772dd4a'}",mock
0x2ca69c3c1b3b59199f38a36550ced2c5136c7a4cbd615b2ddf8e495e9aed5256,86000,1,TicketReserved,"{'model_id': 'model_mnist_784_noniid', 'round': 11, 'ticket_id': 455, 'owner': 'acct_2'}",mock
0x81672fa5c7ca9db57a07304aa08a54394fc6f4311bc7a5e0f6533c8acc0dcdc2,93000,1,UpdatePublished,"{'model_id': 'model_mnist_784_noniid', 'round': 11, 'ticket_id': 455, 'cid': 'sha256:413ded02f0669993a2a29f9694b9f3fe71dadeacc29def55c3e962cd62fd5de9'}",mock
0xfa7798bd3c5232d1d12b002f0967468f1a655b204f633010f7ad2e4554cd6a9f,86000,1,TicketReserved,"{'model_id': 'model_mnist_784_noniid', 'round': 11, 'ticket_id': 456, 'owner': 'acct_3'}",mock
0x9054b225bcdd70c2222aed8e5b4fbb0591014b3a46c8ca13b6322cf12371b3f6,93000,1,UpdatePublished,"{'model_id': 'model_mnist_784_noniid', 'round': 11, 'ticket_id': 456, 'cid': 'sha256:f940516d69319c683ea52e00602c235c0ddf08cc5b73a9cb022939594281b7f1'}",mock
0x69b0e0e749700d73aa902d944df9973d3b1835a5cd3c7a235017b26047d9b8cc,86000,1,TicketReserved,"{'model_id': 'model_mnist_784_noniid', 'round': 11, 'ticket_id': 457, 'owner': 'acct_4'}",mock
0xb6700104ba9ad06fb4d7df2fbd090c91d4f3986aa8177f829fd19e981678bc37,93000,1,UpdatePublished,"{'model_id': 'model_mnist_784_noniid', 'round': 11, 'ticket_id': 457, 'cid': 'sha256:404b3f144151846bd68ce6f5a99db103fad1d07596a9354be183ddf80db583bd'}",mock
0x94d4a035d2b9540146d03276d37849b7d09a541307e548d6171b8970bebaf321,86000,1,TicketReserved,"{'model_id': 'model_mnist_784_noniid', 'round': 11, 'ticket_id': 458, 'owner': 'acct_5'}",mock
0x931e752399b6b63a6d852a7f55dcccbe9d76b4ce499207cd988a8dda9b2a6222,93000,1,UpdatePublished,"{'model_id': 'model_mnist_784_noniid', 'round': 11, 'ticket_id': 458, 'cid': 'sha256:1343f868c9da654c29414add9fbeb8aa31e27e4d6d922180af7df2d2716025d2'}",mock
0x1e9b555e6ef8d91089b9bb63610a9ee9b4cd6222c86537089310ae74a15d6691,86000,1,TicketReserved,"{'model_id': 'model_mnist_784_noniid', 'round': 11, 'ticket_id': 459, 'owner': 'acct_6'}",mock
0x43b835e145e4c3fcf388f77702181c3916e9a6da63c7e1081afa394c779f15a2,93000,1,UpdatePublished,"{'model_id': 'model_mnist_784_noniid', 'round': 11, 'ticket_id': 459, 'cid': 'sha256:e4b499545ffbcbfb34c50961fc03f4126c338e842e02d4eaf7edca507dc6dcca'}",mock
0x80b8af38fcff941c5be64a35c2def4717964dcc4de681688a0a502adc61e38cb,86000,1,TicketReserved,"{'model_id': 'model_mnist_784_noniid', 'round': 11, 'ticket_id': 460, 'owner': 'acct_7'}",mock
0xcd964c74b13a259824957bb7a9fc4e93e6ac75d8e679ec4ad4a5b5a89ef7783f,93000,1,UpdatePublished,"{'model_id': 'model_mnist_784_noniid', 'round': 11, 'ticket_id': 460, 'cid': 'sha256:143247408b874c16dda6272f0a307aa0d4e3de01186fcfa2416fb95a53b8989d'}",mock
0x1c009afb0f491e58d1fe821195cfad7c706f7e386603a55902313b5d494465ab,86000,1,TicketReserved,"{'model_id': 'model_mnist_784_noniid', 'round': 11, 'ticket_id': 461, 'owner': 'acct_8'}",mock
0xa82eb6c5b87f5095f118825f5edcb900037ee3f5b7484c6d743670d03e6915f2,93000,1,UpdatePublished,"{'model_id': 'model_mnist_784_noniid', 'round': 11, 'ticket_id': 461, 'cid': 'sha256:87b8bbab12ac7c8f8847faed92dc70a10557d424e7a2c7b4425bc8c228a14243'}",mock
0x55b2ea4b6845efbd21d7219737466ef034759d57d387fee8da9bde92b738eb54,86000,1,TicketReserved,"{'model_id': 'model_mnist_784_noniid', 'round': 11, 'ticket_id': 462, 'owner': 'acct_9'}",mock
0xc63775ac0d378ccf772d618cd4024d8ea5a342511538f55cb64e56ebfba7b5c2,93000,1,UpdatePublished,"{'model_id': 'model_mnist_784_noniid', 'round': 11, 'ticket_id': 462, 'cid': 'sha256:0a5edf1ab86e817729c039ff2a9aabc0f6e6761e87ae5bb731b84cbc78745ab6'}",mock
0x7fcba346fc88d3fad2f8aa7746e839d0382edc0f8b6b7c0f91b6139ddb2f1aa7,86000,1,TicketReserved,"{'model_id': 'model_mnist_784_noniid', 'round': 11, 'ticket_id': 463, 'owner': 'acct_10'}",mock
0x8bb4a9b7e39f35a0396867813cfddaddc19b8c44475deed5d27390c240bbc3f8,93000,1,UpdatePublished,"{'model_id': 'model_mnist_784_noniid', 'round': 11, 'ticket_id': 463, 'cid': 'sha256:36c867bbb161b5eacf0f061e42a5b8fda5e5021d2719b04f84db78cf7f91caa0'}",mock
0xe30bc5de0a3ca9447cf20f1d9a4d657d5bf2b6314774c0b336823c91276fb9cd,86000,1,TicketReserved,"{'model_id': 'model_mnist_784_noniid', 'round': 11, 'ticket_id': 464, 'owner': 'acct_11'}",mock
0x9c7aabfad6e58e48cf7f4f4b709738ea19d9c6b1c9ae394485600897f441f495,93000,1,UpdatePublished,"{'model_id': 'model_mnist_784_noniid', 'round': 11, 'ticket_id': 464, 'cid': 'sha256:94bfcf0eb05633ba9dcba33ceb77d674772171dd896b554d0d96f0780e129496'}",mock
0x0ef65d395bd0da82704e733a54c06130bcf8c352e9fa0fb6912cb2282931e674,86000,1,TicketReserved,"{'model_id': 'model_mnist_784_noniid', 'round': 11, 'ticket_id': 465, 'owner': 'acct_12'}",mock
0xd47e033f7dbaccd608e8e43a884cfa5d3eb9f707b0729ddbdcf857ce3583eb31,93000,1,UpdatePublished,"{'model_id': 'model_mnist_784_noniid', 'round': 11, 'ticket_id': 465, 'cid': 'sha256:0083db264acf760cafbad42f49cdf12a634a038fd47db5cf83d4828223e0bf16'}",mock
0xb606a3f1782837b9addcecfd49d9e05d013ac55604fba77f53477226642a310a,86000,1,TicketReserved,"{'model_id': 'model_mnist_784_noniid', 'round': 11, 'ticket_id': 466, 'owner': 'acct_13'}",mock
0x22c2c89b1451b09239a3ba5ca8a310a7d7d646c63b2786662ec94754a1f46e53,93000,1,UpdatePublished,"{'model_id': 'model_mnist_784_noniid', 'round': 11, 'ticket_id': 466, 'cid': 'sha256:c6f16c28b7b4f0dc64e75aadb113245919d94971ce99cfe92efe89c16dbba2b8'}",mock
0x7d815b379b5ba088f2bc401eaaff9872f497fa88c34c90d282f3746963274131,86000,1,TicketReserved,"{'model_id': 'model_mnist_784_noniid', 'round': 11, 'ticket_id': 467, 'owner': 'acct_14'}",mock
0x1557ac35af5c1013c77df7defb119521ab1608c0788591829b5bfa4c55bb6a70,93000,1,UpdatePublished,"{'model_id': 'model_mnist_784_noniid', 'round': 11, 'ticket_id': 467, 'cid': 'sha256:785917b04e270e7022c0a958def6fee705936612a4ebbf0e461277e1ba4348ef'}",mock
0xb55ad10fb523172fe113213f56fc1b9c316c536402394d42db1ed5c3043b8dfe,86000,1,TicketReserved,"{'model_id': 'model_mnist_784_noniid', 'round': 11, 'ticket_id': 468, 'owner': 'acct_17'}",mock
0x9e1feb8b4959c36a230969e6b28b647a27a51bcadc317c1d4c957c7075277749,93000,1,UpdatePublished,"{'model_id': 'model_mnist_784_noniid', 'round': 11, 'ticket_id': 468, 'cid': 'sha256:d15b131d2e3f05d4407b8caf19dbf994b9ad150d548396b8c0e9580413946b29'}",mock
0x1fe3628f6d42ac9be986849235efc2fd1ad49555e59d64ae98d58a82d719d098,86000,1,TicketReserved,"{'model_id': 'model_mnist_784_noniid', 'round': 11, 'ticket_id': 469, 'owner': 'acct_18'}",mock
0x5a0056b1d98800b034da61c0910fa181f4f550c4452ed91436cabd82e8edb0c7,93000,1,UpdatePublished,"{'model_id': 'model_mnist_784_noniid', 'round': 11, 'ticket_id': 469, 'cid': 'sha256:82d113441a4ee2d056e72e49d46b745047efcf630432af99b0347d4c96414783'}",mock
0x4b606aa7ea5ff0b9b872936cc9fe117e3f7d09dc2343471ae239c95e41cbce24,86000,1,TicketReserved,"{'model_id': 'model_mnist_784_noniid', 'round': 11, 'ticket_id': 470, 'owner': 'acct_19'}",mock
0x1390733e8a92c8263a0a2bdab3def9154aa82c8df35a88a9fb938f3ad556195c,93000,1,UpdatePublished,"{'model_id': 'model_mnist_784_noniid', 'round': 11, 'ticket_id': 470, 'cid': 'sha256:8de87a89a953d2b65d3357aa1cc13d7dc5f04d697c17213cf821a5871ac9cfb6'}",mock
0x887e983d15d99229591aeb88c2a1afd9d5a6d673515a89e62df906cc2de555f4,86000,1,TicketReserved,"{'model_id': 'model_mnist_784_noniid', 'round': 11, 'ticket_id': 471, 'owner': 'acct_20'}",mock
0x1865820ff6919d7e4ff39c96fd84c667964300d5c464be1d2f55cdaabc81f519,93000,1,UpdatePublished,"{'model_id': 'model_mnist_784_noniid', 'round': 11, 'ticket_id': 471, 'cid': 'sha256:4f47f5100ce92708667f256530bc6b42d9e6df3d4a1482494bdae42bd6a398ad'}",mock
0x52a6625daf44ddeb89363ba879f24186fec9fab4cc013b185779e0799cab5f2d,86000,1,TicketReserved,"{'model_id': 'model_mnist_784_noniid', 'round': 11, 'ticket_id': 472, 'owner': 'acct_21'}",mock
0x154c26fbaad34d0ba772fbc5541c97bb0faf9a02ac1eb2b9f06802d5caa03a98,93000,1,UpdatePublished,"{'model_id': 'model_mnist_784_noniid', 'round': 11, 'ticket_id': 472, 'cid': 'sha256:8148c1792711dad8fa5b7de400645c320298114d3f8792e51f634427a29fd312'}",mock
0x88f8f28ef0ece295ca023adab5c3998931b02a5a050700daff5090b02f8b1f95,86000,1,TicketReserved,"{'model_id': 'model_mnist_784_noniid', 'round': 11, 'ticket_id': 473, 'owner': 'acct_22'}",mock
0x33c09bd68ec3ebee5f8bc602bf1c08effdf04782b6bc246c67b454977d8f262d,93000,1,UpdatePublished,"{'model_id': 'model_mnist_784_noniid', 'round': 11, 'ticket_id': 473, 'cid': 'sha256:4d23aeaa6de568e5ca86ea1446cac30c3b5f13cb8824b377c757f448db0a79ac'}",mock
0x7e2215b30b6077ff2c64ce8b48d8071dcd21bd471c9780fe26ddac91b256437f,86000,1,TicketReserved,"{'model_id': 'model_mnist_784_noniid', 'round': 11, 'ticket_id': 474, 'owner': 'acct_24'}",mock
0xda330ea1baf1991b2c91cb5ad00ff61481892ade13566897736dffb364017c44,93000,1,UpdatePublished,"{'model_id': 'model_mnist_784_noniid', 'round': 11, 'ticket_id': 474, 'cid': 'sha256:9e4ce8e9fba763fb3325410bea105fae5d1ecf973c0609a9b075512c55cadd66'}",mock
0x07c9da7a4ef328874d784f7ae59aadad5b810c7c9ba9f4c7e5adfa5246447e88,86000,1,TicketReserved,"{'model_id': 'model_mnist_784_noniid', 'round': 11, 'ticket_id': 475, 'owner': 'acct_26'}",mock
0xcfa81226470524e65edbd4d6afc1443177255dcef9c28622727089b1c3b2d2f5,93000,1,UpdatePublished,"{'model_id': 'model_mnist_784_noniid', 'round': 11, 'ticket_id': 475, 'cid': 'sha256:3155f429d90fb83ae264b244d10d9a8af87d20217bfd20d6c53dc7b8bcfbef9a'}",mock
0x6edb30d71a2b52875b545368a6961ea38caf5a385b1b9841fbe5654e53a8d65b,86000,1,TicketReserved,"{'model_id': 'model_mnist_784_noniid', 'round': 11, 'ticket_id': 476, 'owner': 'acct_27'}",mock
0xc1df9d570d461843b34fc916a425ee8256726bcd94bec55dc2b8ca0225041891,93000,1,UpdatePublished,"{'model_id': 'model_mnist_784_noniid', 'round': 11, 'ticket_id': 476, 'cid': 'sha256:886e1fc3e9e266695a77f971d5fe08dd7c606e8c56fd609aad9484a2798aa405'}",mock
0x69e0070c6c08b9804179c61848cec9d99dbf519e8286ea8d51cebca063236223,86000,1,TicketReserved,"{'model_id': 'model_mnist_784_noniid', 'round': 11, 'ticket_id': 477, 'owner': 'acct_28'}",mock
0x1a92b506c42af1bd2f23b6e7ff642b99454eb4050fefdd9a3e17023213f01c78,93000,1,UpdatePublished,"{'model_id': 'model_mnist_784_noniid', 'round': 11, 'ticket_id': 477, 'cid': 'sha256:31ef801cbbb314ce79af39e12e391598a1ff3912035c40d6b3036ac211efc53c'}",mock
0xde0ea726dfb4f45bb157571f4bbb30d22092652bc0bfcedc42e2ddcf0e647b1f,86000,1,TicketReserved,"{'model_id': 'model_mnist_784_noniid', 'round': 11, 'ticket_id': 478, 'owner': 'acct_30'}",mock
0x1d9dd18b28d3ca0017c6789c143546cb7fcefc677f7e4d8f9a18dcfd6ff88900,93000,1,UpdatePublished,"{'model_id': 'model_mnist_784_noniid', 'round': 11, 'ticket_id': 478, 'cid': 'sha256:784ec75eb0a1d854f7f4362952d6e9a71675f912336f4a3dbd08deeff406ea0f'}",mock
0xbee853f8f2d0157effcbd81fb0e539391efa5a2731870106ee25fb95cd3e9bd1,86000,1,TicketReserved,"{'model_id': 'model_mnist_784_noniid', 'round': 11, 'ticket_id': 479, 'owner': 'acct_31'}",mock
0x2008245bd0bb5df9c258fbc0eb12ea46c578ae32c61868bbdb1f0b388687004e,93000,1,UpdatePublished,"{'model_id': 'model_mnist_784_noniid', 'round': 11, 'ticket_id': 479, 'cid': 'sha256:1ca3c231d1b59f869024d7279b59bd9345d5b795e991d814d8dc2027ead3f559'}",mock
0x500909d658ba7488b8a68abf7aff8e98f25bd17038cc09632906877ce0c0d9d7,86000,1,TicketReserved,"{'model_id': 'model_mnist_784_noniid', 'round': 11, 'ticket_id': 480, 'owner': 'acct_32'}",mock
0xf8d0d4414703871f51fdf88a5a43a2f8d9a496574fae66faced93a9e08ed121b,93000,1,UpdatePublished,"{'model_id': 'model_mnist_784_noniid', 'round': 11, 'ticket_id': 480, 'cid': 'sha256:d60ecb58c6c406fe541bd65c802a3701efd482ff16824e8e29c73cbf10501e4e'}",mock
0xbb1fa954bbc47b3f3a5d684c37ec42c8901d6c770222bba25b4fb4c81baa9738,86000,1,TicketReserved,"{'model_id': 'model_mnist_784_noniid', 'round': 11, 'ticket_id': 481, 'owner': 'acct_34'}",mock
0x42972f632af0069bcc13109a1a1fb7505815a20dcf0469db3b2304de4fd2b412,93000,1,UpdatePublished,"{'model_id': 'model_mnist_784_noniid', 'round': 11, 'ticket_id': 481, 'cid': 'sha256:28cff6ba37cf826cf169d03b6e02a1c129c8b05337574e340c9e676363ca6950'}",mock
0xb8d66b5849842de744736caffd75db53462880f5c2f0c65056a0cb55ca86c6fd,86000,1,TicketReserved,"{'model_id': 'model_mnist_784_noniid', 'round': 11, 'ticket_id': 482, 'owner': 'acct_35'}",mock
0x629b102a9d2c6fca099379200c764899ef175d041dc2e5369379b92fb98bb5aa,93000,1,UpdatePublished,"{'model_id': 'model_mnist_784_noniid', 'round': 11, 'ticket_id': 482, 'cid': 'sha256:22ecc3c9b69ebc1e3cde0764095977b2a1219677e6c8ddd22a0fd31b8dec7c2b'}",mock
0x5791e870443709f22bd3765a4a9f715d80a6745863bf11495bb556fae3c149a2,86000,1,TicketReserved,"{'model_id': 'model_mnist_784_noniid', 'round': 11, 'ticket_id': 483, 'owner': 'acct_39'}",mock
0x2f99989de63e27a52fd3c93277b7c19d11eb55ebd1b05f89932cedea64e2aaea,93000,1,UpdatePublished,"{'model_id': 'model_mnist_784_noniid', 'round': 11, 'ticket_id': 483, 'cid': 'sha256:65a771420f3e3c572fae585d18656a7a7890726498bf23480f8318d8d09dd262'}",mock
0x8f0970726ba92a135e33e6ae2313285527d77ba8487c67a5dd161219f421b3e2,86000,1,TicketReserved,"{'model_id': 'model_mnist_784_noniid', 'round': 11, 'ticket_id': 484, 'owner': 'acct_40'}",mock
0xe25e04cb5dab675c350fadf00cd48e7830e43c9f28ca613eb45a217c72546172,93000,1,UpdatePublished,"{'model_id': 'model_mnist_784_noniid', 'round': 11, 'ticket_id': 484, 'cid': 'sha256:6747473a6652931e8acf68b5c68f239c32b1b4e1502abc92bba03763927ca7ed'}",mock
0x12e011ed5f66ff67f8d624ee443ef15e8c597c700e50d5e6ea82c91e3f0ac34e,86000,1,TicketReserved,"{'model_id': 'model_mnist_784_noniid', 'round': 11, 'ticket_id': 485, 'owner': 'acct_41'}",mock
0x741213c8b93d1419ec4fe74f3bfa73db61fef86040b5e5bd92c1e6746588dcff,93000,1,UpdatePublished,"{'model_id': 'model_mnist_784_noniid', 'round': 11, 'ticket_id': 485, 'cid': 'sha256:54a304b7eda25e7e4adaa0df278742f8b4910109b605edb22bd872da5a311457'}",mock
0x88bbaa2ce548e6f17a8a1313392efee8e9991aa02e334b621604dfe009f27a93,86000,1,TicketReserved,"{'model_id': 'model_mnist_784_noniid', 'round': 11, 'ticket_id': 486, 'owner': 'acct_42'}",mock
0xf7aa5c88e9349856b4fa88f7ccd0d2c4fa898c5dae5e89a92d8816dd6ba1f6a5,93000,1,UpdatePublished,"{'model_id': 'model_mnist_784_noniid', 'round': 11, 'ticket_id': 486, 'cid': 'sha256:6e133fdd3e5d4968f59504b3d043635fe9313f4f155b06a8eb559f136fe9ed52'}",mock
0xd7b38ed84866d8c87bd5eeeb0d2f77d83bdee97d31ec7cd5ced95960f323efc2,86000,1,TicketReserved,"{'model_id': 'model_mnist_784_noniid', 'round': 11, 'ticket_id': 487, 'owner': 'acct_43'}",mock
0xd204facb9da25ad5a41a77e545d7b5ae2e0e722c1ac4674d7a8b979f5ccbcacf,93000,1,UpdatePublished,"{'model_id': 'model_mnist_784_noniid', 'round': 11, 'ticket_id': 487, 'cid': 'sha256:7b0f4d951bc80daf1ae6520308ee6c91951002c40c57e1b0a083035fd6fd6ea2'}",mock
0xd67b689870fe5b5c2675609c3197a017a5628c8150e35433e062e3989a3472a0,86000,1,TicketReserved,"{'model_id': 'model_mnist_784_noniid', 'round': 11, 'ticket_id': 488, 'owner': 'acct_44'}",mock
0x514417c9e6fe87af1392897d79982ef32c91d508a4b213998f003ff7b40dfcde,93000,1,UpdatePublished,"{'model_id': 'model_mnist_784_noniid', 'round': 11, 'ticket_id': 488, 'cid': 'sha256:a3aaf6922575cce53411f91cc8ed8bb5aaea0bd29a7da3ff15f30145725e2c9e'}",mock
0xbe2bf8e7e3d2fb82cb8737d04bcb749a060be869255b141913d8bef988aa4e2f,86000,1,TicketReserved,"{'model_id': 'model_mnist_784_noniid', 'round': 11, 'ticket_id': 489, 'owner': 'acct_45'}",mock
0xc71516538cdba522bb02eec184bedd1ab7d716deb081776bbdffa716211db4c4,93000,1,UpdatePublished,"{'model_id': 'model_mnist_784_noniid', 'round': 11, 'ticket_id': 489, 'cid': 'sha256:64f6bfe84c7bca20504fa89124b2081a6e261e7d681ce2e2ffbcfa20e396119f'}",mock
0xf15585d38fc44e66c9a9c4556f9a748b7352bee582dc7d31f0fd9ee6f620ad90,86000,1,TicketReserved,"{'model_id': 'model_mnist_784_noniid', 'round': 11, 'ticket_id': 490, 'owner': 'acct_46'}",mock
0xd18d591cbe51b591792805c7f5c640f298fc1c7683b6d38fdb099d5e4f3b9ba2,93000,1,UpdatePublished,"{'model_id': 'model_mnist_784_noniid', 'round': 11, 'ticket_id': 490, 'cid': 'sha256:16627cda382df92f985d081c0e0b90acbe2806a3fb5451101f2f22dad774a58e'}",mock
0xa67b899d42ce0ec649b3e6509969e80e774419ccc6465d486d3d9745c478f922,86000,1,TicketReserved,"{'model_id': 'model_mnist_784_noniid', 'round': 11, 'ticket_id': 491, 'owner': 'acct_47'}",mock
0xe15907d2a30b729abb3dbd6356fc7ad0f7d6f71a844f37657d25826705a8f699,93000,1,UpdatePublished,"{'model_id': 'model_mnist_784_noniid', 'round': 11, 'ticket_id': 491, 'cid': 'sha256:c91bd3d0621730fd796413017c3005aaee25623acfca5f131169dad0264f8fab'}",mock
0xbc9996b3c09e08cd1e226e51e8f21487b78235c21b8254041838f9e8f4a7631b,86000,1,TicketReserved,"{'model_id': 'model_mnist_784_noniid', 'round': 11, 'ticket_id': 492, 'owner': 'acct_48'}",mock
0xb0f29b1f4c4cc8524de2660f0009cd34a7dbbe9c7c2599dd2af0a15719e30923,93000,1,UpdatePublished,"{'model_id': 'model_mnist_784_noniid', 'round': 11, 'ticket_id': 492, 'cid': 'sha256:199cec207f67d073b1cc56a518602bc0a590a120af8fcc5a710b6ec5c287acde'}",mock
0x760aaa0ef0f0145f17c75fc42e5fc7cf9835670a552fe1a3d770860768f8ac6b,86000,1,TicketReserved,"{'model_id': 'model_mnist_784_noniid', 'round': 11, 'ticket_id': 493, 'owner': 'acct_49'}",mock
0x99ddae59938117f7834124fc85f93245cf0d3754cb9881a0c65e2aa801cfd109,93000,1,UpdatePublished,"{'model_id': 'model_mnist_784_noniid', 'round': 11, 'ticket_id': 493, 'cid': 'sha256:0540b99a617eae0ec9cbc8a804bc54ea7ee30250d5e68c1f5aa27daeaf02e731'}",mock
0x005ebcce7746315e3db7b73b66e90342ad163307112df110870f50053db59ac8,86000,1,TicketReserved,"{'model_id': 'model_mnist_784_noniid', 'round': 11, 'ticket_id': 494, 'owner': 'acct_50'}",mock
0xa0cb3075d0bc1183accfc6b39a84046294cb259530989d74c74e45497a95773b,93000,1,UpdatePublished,"{'model_id': 'model_mnist_784_noniid', 'round': 11, 'ticket_id': 494, 'cid': 'sha256:579e3742fceb85fc1830e8773f3cced88451822805016ee475da069fbadd53c8'}",mock
0x000d4e9a0cc4fcd8827a8c909d4ae585723ef777a2a4bbb11f5e7de22d5504d6,945000,1,RoundFinalized,"{'model_id': 'model_mnist_784_noniid', 'round': 11, 'included': 41, 'refunds': 41}",mock
0x54a783b0479beee32c8e7d635e892f015ec8cd5be3d681a7ac78232e70a0d167,38000,1,Claimed,"{'model_id': 'model_mnist_784_noniid', 'account': 'acct_1', 'amount_wei': 9949633589877491}",mock
0xe196071e9c0e7f80c749b9a38c039b5e6ab13e9bc738f385ae64cb002058246f,38000,1,Claimed,"{'model_id': 'model_mnist_784_noniid', 'account': 'acct_2', 'amount_wei': 11200236645358596}",mock
0x5e2349e83821dcfcc88ef25c9d9189f059ae0c28c3ee7c49b7dea4a64f3747a6,38000,1,Claimed,"{'model_id': 'model_mnist_784_noniid', 'account': 'acct_3', 'amount_wei': 12438331883453834}",mock
0xa6b331a4047d4b6e70d2ba11db722a7482802b5c6b95de0b751783f5b4ad6c89,38000,1,Claimed,"{'model_id': 'model_mnist_784_noniid', 'account': 'acct_4', 'amount_wei': 9956043846287747}",mock
0xc476e2b32f96e5a8693ebcffba60522e7b90500ca276ee9e44bd24de191ef41b,38000,1,Claimed,"{'model_id': 'model_mnist_784_noniid', 'account': 'acct_5', 'amount_wei': 12406156851278802}",mock
0xf860101f4b4d1161b1607177fd5ba6aff119a622d7f37e9cf175f93ba9c7658e,38000,1,Claimed,"{'model_id': 'model_mnist_784_noniid', 'account': 'acct_6', 'amount_wei': 12444139084382985}",mock
0xeaa32d6ccf5bf484dc5e695350afca1b077528279effbd896f4050862f007d51,38000,1,Claimed,"{'model_id': 'model_mnist_784_noniid', 'account': 'acct_7', 'amount_wei': 13650059290303192}",mock
0x0cc2fe74f18c38b57ab91354e88056a9ddb3648fc5b951b516668254852677fc,38000,1,Claimed,"{'model_id': 'model_mnist_784_noniid', 'account': 'acct_8', 'amount_wei': 12438331883453834}",mock
0xd4d535d1f6c94c5ad067c40648d8b4f4d668f23317cec4b7223a7ce1a37724a9,38000,1,Claimed,"{'model_id': 'model_mnist_784_noniid', 'account': 'acct_9', 'amount_wei': 12444139084382985}",mock
0xbde8d22ffcc51060b4fadc5591427ed977a4108b079096ba885a8ad776d4c4a1,38000,1,Claimed,"{'model_id': 'model_mnist_784_noniid', 'account': 'acct_10', 'amount_wei': 12420016865138816}",mock
0x01e39f7739f7274395ce99d452d055f18f6fb5b3cb0949d99f33c58fe4f162c6,38000,1,Claimed,"{'model_id': 'model_mnist_784_noniid', 'account': 'acct_11', 'amount_wei': 13682234322478224}",mock
0x9747617caa833199d0720ee2e045d10e25bf15c88ef66f1c4c01b1d9036f52c6,38000,1,Claimed,"{'model_id': 'model_mnist_784_noniid', 'account': 'acct_12', 'amount_wei': 12411964052207954}",mock
0x1aaf8406b37b3c995acdb5544bf5d494dd505bef35e6164f442b047ccfc6e592,38000,1,Claimed,"{'model_id': 'model_mnist_784_noniid', 'account': 'acct_13', 'amount_wei': 12432234322478224}",mock
0x0a83e763994866657b5d8e4cf138d7f9694d98c63a2f516cf3c3f90f80ee927e,38000,1,Claimed,"{'model_id': 'model_mnist_784_noniid', 'account': 'acct_14', 'amount_wei': 12425824066067968}",mock
0xcabe1f211c40aad5b102c25cac5620d384c8a7fe0cc5c7108aefc75c11554a1a,38000,1,Claimed,"{'model_id': 'model_mnist_784_noniid', 'account': 'acct_15', 'amount_wei': 12438331883453834}",mock
0xd90dce59b747b3bfb584e1e16c0145f41b25d9e2c8a406057e5226fc6e8f5c52,38000,1,Claimed,"{'model_id': 'model_mnist_784_noniid', 'account': 'acct_16', 'amount_wei': 12438331883453834}",mock
0x00d2304e7af03353bd9939a4149098888b2abcb5d2e1c14de37bb56ee5a56c4e,38000,1,Claimed,"{'model_id': 'model_mnist_784_noniid', 'account': 'acct_17', 'amount_wei': 14920329560573462}",mock
0x6ede8911da0ccdfa69c7a8722d15cf7c9c2014e471490538bf0060eae3214bce,38000,1,Claimed,"{'model_id': 'model_mnist_784_noniid', 'account': 'acct_18', 'amount_wei': 12411964052207954}",mock
0x828274c81e63f5e714c3e4d2501db74f30502cc2f2073d6d4cfc4bd25ea8a299,38000,1,Claimed,"{'model_id': 'model_mnist_784_noniid', 'account': 'acct_19', 'amount_wei': 11184691324935227}",mock
0xf7398f82235e12b8775d4249df4d8115c44aa304ff36fdfc83ae7845241c296f,38000,1,Claimed,"{'model_id': 'model_mnist_784_noniid', 'account': 'acct_20', 'amount_wei': 9923868814112716}",mock
0x96fa2029b319e80b8c7ca0125884adb2794c29afebc6219bf7ad048b25c4d0f8,38000,1,Claimed,"{'model_id': 'model_mnist_784_noniid', 'account': 'acct_21', 'amount_wei': 13682234322478223}",mock
0x567817e55a48b87883398fc6e3a2526cad8c9a4d24166f9976b32362ba219f85,38000,1,Claimed,"{'model_id': 'model_mnist_784_noniid', 'account': 'acct_22', 'amount_wei': 13650059290303192}",mock
0x721d2a19162e1e4209cf23ca97308a0deca389dc7000641d69e28fac585aa21a,38000,1,Claimed,"{'model_id': 'model_mnist_784_noniid', 'account': 'acct_23', 'amount_wei': 12420016865138816}",mock
0x79bbc67445d81acdc7dac08b6b5e7fc08b0135b54303ed0679e6ed3f10745dc8,38000,1,Claimed,"{'model_id': 'model_mnist_784_noniid', 'account': 'acct_24', 'amount_wei': 8679363319607222}",mock
0xb75ee12c9ff9807814bed510ba43890544b89204930051e2a72d327a0e4b2044,38000,1,Claimed,"{'model_id': 'model_mnist_784_noniid', 'account': 'acct_25', 'amount_wei': 8674159174159174}",mock
0x0afab86eac7c0c71f5ea32df057997dab5ae312f600ca598b472afd2ab252cda,38000,1,Claimed,"{'model_id': 'model_mnist_784_noniid', 'account': 'acct_26', 'amount_wei': 13682234322478224}",mock
0xcf4edd98b9f833b4a0c3c5d0f44fd566f2c674e4f9b124e35d8d33f84eb3fd38,38000,1,Claimed,"{'model_id': 'model_mnist_784_noniid', 'account': 'acct_27', 'amount_wei': 12438331883453834}",mock
0x504e4edd16fb4051f53f14730733f78290af1d5a6d1f6b787c0dd7dbdf1279be,38000,1,Claimed,"{'model_id': 'model_mnist_784_noniid', 'account': 'acct_28', 'amount_wei': 12432234322478224}",mock
0xf41c74e2617fcb06546b9c70b692847c42c5e8532c09c58e91b5265afd54841b,38000,1,Claimed,"{'model_id': 'model_mnist_784_noniid', 'account': 'acct_29', 'amount_wei': 8706334206334205}",mock
0xa764aa459633ee5a5bf6eccc58980a2818a4e40a5c23a713ab873f65d1e0ad41,38000,1,Claimed,"{'model_id': 'model_mnist_784_noniid', 'account': 'acct_30', 'amount_wei': 13676427121549072}",mock
0xc48b39b1f5a5a1ac8f3a94d599196c8380f70f7450f03ea5e900fe14b1ff3d05,38000,1,Claimed,"{'model_id': 'model_mnist_784_noniid', 'account': 'acct_31', 'amount_wei': 12393649033892936}",mock
0x6d61c5748bdcd1e36a4356f7ebed1b1e2942560ed525b808d6051f6ca016a2f6,38000,1,Claimed,"{'model_id': 'model_mnist_784_noniid', 'account': 'acct_32', 'amount_wei': 12411964052207954}",mock
0x755014c9f380ba34315d534c3f3a88a742c3ef5bf8a732ac57f9c2b7d9a10476,38000,1,Claimed,"{'model_id': 'model_mnist_784_noniid', 'account': 'acct_33', 'amount_wei': 12420016865138816}",mock
0x5391f5c0ebd35474af6cd6d52e24a38b9cb4588a24f68c48bb6587716657834d,38000,1,Claimed,"{'model_id': 'model_mnist_784_noniid', 'account': 'acct_34', 'amount_wei': 12436646576890479}",mock
0xd93e80ff11ffed411cff4938898e7852894f8de4733e2313f77713e0e5ac57cb,38000,1,Claimed,"{'model_id': 'model_mnist_784_noniid', 'account': 'acct_35', 'amount_wei': 12432234322478223}",mock
0x63e8678cfb5ad6259bce4a231e9b0e428073fcb54ab5ae35e932741a87e37e8b,38000,1,Claimed,"{'model_id': 'model_mnist_784_noniid', 'account': 'acct_36', 'amount_wei': 12406156851278802}",mock
0x2429461ef04f5c992d154db1c4ebf814e17cee824887e308a2b7ee2dcd1136e4,38000,1,Claimed,"{'model_id': 'model_mnist_784_noniid', 'account': 'acct_37', 'amount_wei': 9929966375088326}",mock
0x91d8b59747bb6e1b97f8f977319aa23bd7152f931d6e8a480d3567be331c2d43,38000,1,Claimed,"{'model_id': 'model_mnist_784_noniid', 'account': 'acct_38', 'amount_wei': 13676427121549072}",mock
0x55ff9d5a09e91d10c5151bef27ed34e8edffe888cd585f3579700e7b1b038ebb,38000,1,Claimed,"{'model_id': 'model_mnist_784_noniid', 'account': 'acct_39', 'amount_wei': 12432234322478224}",mock
0x23ef2f9be5e06515ec9fec28d3051741e7b3a3b526e51a32d8d425697edf03c2,38000,1,Claimed,"{'model_id': 'model_mnist_784_noniid', 'account': 'acct_40', 'amount_wei': 11216866357110259}",mock
0x0d4736e75c02c5c39ec1c5e9fa0d75da57e05cf322933876b6cc2b3cdb605e99,38000,1,Claimed,"{'model_id': 'model_mnist_784_noniid', 'account': 'acct_41', 'amount_wei': 12432234322478224}",mock
0x83c73257291d76bc065b1ac3e5e8bb98f63dc1a3d737fb012c6a0a59cd941473,38000,1,Claimed,"{'model_id': 'model_mnist_784_noniid', 'account': 'acct_42', 'amount_wei': 13682234322478223}",mock
0xfd2315d32eebe705887c357a13b0834815488635f34670ef3b4d25b9af7539e6,38000,1,Claimed,"{'model_id': 'model_mnist_784_noniid', 'account': 'acct_43', 'amount_wei': 13682234322478224}",mock
0xa984e0cd2d6e1b2c7f1dc483ab3227cf097ef54ef07a111d4a362c04a9702a15,38000,1,Claimed,"{'model_id': 'model_mnist_784_noniid', 'account': 'acct_44', 'amount_wei': 12425824066067968}",mock
0xa24a79e439266f7bd99b404e1de14ef18fd910263a70c9e0fcbe1e5e11ad4ab5,38000,1,Claimed,"{'model_id': 'model_mnist_784_noniid', 'account': 'acct_45', 'amount_wei': 13682234322478224}",mock
0xb33f67b5ff08ddd1ea9c28bfd45acb50759ad35f0342f8836c05ad7676339c3f,38000,1,Claimed,"{'model_id': 'model_mnist_784_noniid', 'account': 'acct_46', 'amount_wei': 12436646576890479}",mock
0xf4c86dcdfc220766e566a9de673cbb9134c815bf8d236b7230f1a31a1a415203,38000,1,Claimed,"{'model_id': 'model_mnist_784_noniid', 'account': 'acct_47', 'amount_wei': 13693056833300735}",mock
0x224113ee35104647160f74503ec4ca3375fd031f048406d736292efb5657abb5,38000,1,Claimed,"{'model_id': 'model_mnist_784_noniid', 'account': 'acct_48', 'amount_wei': 12454961595205497}",mock
0xfb01ccb69b09d64f9f02d935297003e00b3e3fc6764b5364ac6f5591572938f8,38000,1,Claimed,"{'model_id': 'model_mnist_784_noniid', 'account': 'acct_49', 'amount_wei': 13670329560573462}",mock
0x73bd7feb025f627022c784fea80facf0199f8c988ebe364275be329512ba607c,38000,1,Claimed,"{'model_id': 'model_mnist_784_noniid', 'account': 'acct_50', 'amount_wei': 12425824066067968}",mock
