tx,gas_used,status,event,data,backend
0xbfecccbf5c78efdd3cb75ed541bc52407421eca9d5ed576c78be5c4729ecd651,145000,1,ListingCreated,"{'model_id': 'model_mnist_784_noniid', 'init_cid': 'sha256:e7417794aa108be740bb733ce0b24847f721b240e959c238fee0f16cb48c2898'}",mock
0xbcc82c1a94a9eb737f316bda0d37a2f10f6524658549d97362c789af5bdd3944,52000,1,RoundFunded,"{'model_id': 'model_mnist_784_noniid', 'amount_wei': 10000000000000000}",mock
0x56de5d0aaffb782f2515a3f28de122d0f879f475684d7e1086d645c0ac382fe5,86000,1,TicketReserved,"{'model_id': 'model_mnist_784_noniid', 'round': 0, 'ticket_id': 1, 'owner': 'acct_1'}",mock
0xa9513f15885d141b8f95a5072b501442768c8a9dff6706a0a142ab905321d9d3,93000,1,UpdatePublished,"{'model_id': 'model_mnist_784_noniid', 'round': 0, 'ticket_id': 1, 'cid': 'sha256:3c4053d48ad698129a8067884417107ec7ae3db2ee3aaed77ddea0349abf8c53'}",mock
0x98f417c27981aadb52337c5c01b04d67258b74be09756b7613c1f98e001de5bc,86000,1,TicketReserved,"{'model_id': 'model_mnist_784_noniid', 'round': 0, 'ticket_id': 2, 'owner': 'acct_2'}",mock
0x84e0751cd53baaced4e29fc052010282bfbe021513fd03b1eced1059137b20b6,93000,1,UpdatePublished,"{'model_id': 'model_mnist_784_noniid', 'round': 0, 'ticket_id': 2, 'cid': 'sha256:9c7f206e6828cef63ad5ccd5f3b1d440b01f893d1c5f418a58cb248e6be67c7f'}",mock
0x16ad0475fa80b96c08a184c1a5e1081b2eeeeeff602eda1cfcb58b2846a68706,86000,1,TicketReserved,"{'model_id': 'model_mnist_784_noniid', 'round': 0, 'ticket_id': 3, 'owner': 'acct_3'}",mock
0x4b046286b8a67554f646ccd7e5d757b1ccd70c8c2c36add807fa7329f02301e4,93000,1,UpdatePublished,"{'model_id': 'model_mnist_784_noniid', 'round': 0, 'ticket_id': 3, 'cid': 'sha256:d9a0b0c6356a4cab2e03647aa0b7d7b2c07ca927d1a9a5c7e48d722a179d8c11'}",mock
0xb124742304b2ee9f1e057deb220a654d65bf1b1734a829ce56b6329edca7dee2,86000,1,TicketReserved,"{'model_id': 'model_mnist_784_noniid', 'round': 0, 'ticket_id': 4, 'owner': 'acct_4'}",mock
0x122ee373a80886acb10c8059dbc962f0e29d03b501d5453ec9f35c64180e6527,93000,1,UpdatePublished,"{'model_id': 'model_mnist_784_noniid', 'round': 0, 'ticket_id': 4, 'cid': 'sha256:4455f1615469e5941a60cfe1f1a1dd731ef696620ec68e2ba340500493b6fdae'}",mock
0x867a272bac6c0cb69eb6995e816bf8044b030d706735039f08bf93cfa9235079,86000,1,TicketReserved,"{'model_id': 'model_mnist_784_noniid', 'round': 0, 'ticket_id': 5, 'owner': 'acct_5'}",mock
0xca3deda78ea297bc8c7c0afc367711dc4ca955164d8ddf203dbc1b62b8848396,93000,1,UpdatePublished,"{'model_id': 'model_mnist_784_noniid', 'round': 0, 'ticket_id': 5, 'cid': 'sha256:d15ae1836600c1248c58f78a5179925a08e93f93445d669ea8789aede20fad22'}",mock
0xbaa83c9f322e5fb44f9353acc9597c73afacbac39af8217f9f10aa2a9eb2ac15,86000,1,TicketReserved,"{'model_id': 'model_mnist_784_noniid', 'round': 0, 'ticket_id': 6, 'owner': 'acct_6'}",mock
0x888be2772db1c19fd79a240c89f2e3884e814b27300f05622fe24752755b92d9,93000,1,UpdatePublished,"{'model_id': 'model_mnist_784_noniid', 'round': 0, 'ticket_id': 6, 'cid': 'sha256:0eabb4ea0cf9e2c5e0c843cd068575ce171a5ae4520ec49e32de808d4cad21d1'}",mock
0x9297619a5cda300ed034829bdc0829342a50955c2179064c13156a6628ba4928,86000,1,TicketReserved,"{'model_id': 'model_mnist_784_noniid', 'round': 0, 'ticket_id': 7, 'owner': 'acct_7'}",mock
0x9765978fc1de67f70858024ea9d8b32c74fbba9838513d16e26820612ce123f6,93000,1,UpdatePublished,"{'model_id': 'model_mnist_784_noniid', 'round': 0, 'ticket_id': 7, 'cid': 'sha256:61544e0c6e7ed92f18b814399fa3ea17e9625b2a706f4aa8295da2a3991cb8c2'}",mock
0xe16252aaef42f14006135fcc8415a0fd2c49a688bd79b23b7c46b852aeabe31b,86000,1,TicketReserved,"{'model_id': 'model_mnist_784_noniid', 'round': 0, 'ticket_id': 8, 'owner': 'acct_8'}",mock
0xebd74b545e33376ab34f03e0e33c0750682fe3b8a6195f376ff042659b6a5c29,93000,1,UpdatePublished,"{'model_id': 'model_mnist_784_noniid', 'round': 0, 'ticket_id': 8, 'cid': 'sha256:e7b7de368a79a511c892a29f4483f26cceb46ddee7e10f40a98e7245ffa2d44b'}",mock
0x58496763de3fd1fc7196101d614e1919f4bb13713d8a00040274b8b634639126,86000,1,TicketReserved,"{'model_id': 'model_mnist_784_noniid', 'round': 0, 'ticket_id': 9, 'owner': 'acct_9'}",mock
0x49dc7eae6ca0b74cdf8675ae5e6c1570584ca92a6fa6857adc487fff3c560efe,93000,1,UpdatePublished,"{'model_id': 'model_mnist_784_noniid', 'round': 0, 'ticket_id': 9, 'cid': 'sha256:13c547c30cf1da13fccc29e5cf043b7e96f9b5ed08e762649e0408ecc1011e66'}",mock
0x55604b9dd8aed0da9a6a5cb4a8b85043b140a9a85f21804c5701054226f2c0be,86000,1,TicketReserved,"{'model_id': 'model_mnist_784_noniid', 'round': 0, 'ticket_id': 10, 'owner': 'acct_10'}",mock
0xe49943729909dbad60ae8cc69f6620d9dcf8151bc18bdb59fd5e5818692b0710,93000,1,UpdatePublished,"{'model_id': 'model_mnist_784_noniid', 'round': 0, 'ticket_id': 10, 'cid': 'sha256:cf85bcb371923f383b7a9b8e092274a3b10d8750aecc0d6c1764fd81a0b60eb9'}",mock
0x4298e397b5de4359f52a18e92ba392b4c2f2d161348a0d56e5b00cbd8544ac8d,86000,1,TicketReserved,"{'model_id': 'model_mnist_784_noniid', 'round': 0, 'ticket_id': 11, 'owner': 'acct_11'}",mock
0xa02a83bea35c7343987438ff7ea089177d728703cb79b3e03722b2e8d66d56d7,93000,1,UpdatePublished,"{'model_id': 'model_mnist_784_noniid', 'round': 0, 'ticket_id': 11, 'cid': 'sha256:432b3b59ee451113bbd5bfc146ae0076e11c076b748a3f3d64d46ce0aa2ba574'}",mock
0xd610f183ce7b57ed2fc6bd5713c108d3882bbceb982963b0ade812f5efca8624,86000,1,TicketReserved,"{'model_id': 'model_mnist_784_noniid', 'round': 0, 'ticket_id': 12, 'owner': 'acct_12'}",mock
0xd09987d0caad1fea9fb3875acd37f15551c51c368593d49cc7555f5f03f5e05f,93000,1,UpdatePublished,"{'model_id': 'model_mnist_784_noniid', 'round': 0, 'ticket_id': 12, 'cid': 'sha256:bb5cb4bf5ca5178da7f77d4278ffdad74ad5d8bed5ebf3130ed5ab6e7a2b0791'}",mock
0x08dbeabd3d59f480ebce0f46b8957daa985d1719a561338958e6107eaeec1383,86000,1,TicketReserved,"{'model_id': 'model_mnist_784_noniid', 'round': 0, 'ticket_id': 13, 'owner': 'acct_13'}",mock
0x62ccea7bff97dfe510bf69251a22d9388359e7180f2ea2b536d3433a2e233dcf,93000,1,UpdatePublished,"{'model_id': 'model_mnist_784_noniid', 'round': 0, 'ticket_id': 13, 'cid': 'sha256:3e2fbb39805bb9a056c4ba13f483c5dc91a8d13ac2dc885e66923aef974c7559'}",mock
0x19250601c2a6931f9d99f899a3c6f0eb260c7d5459e68c065c2a7ada8b1c6c6a,86000,1,TicketReserved,"{'model_id': 'model_mnist_784_noniid', 'round': 0, 'ticket_id': 14, 'owner': 'acct_14'}",mock
0x1e85266519869c5053d07f462283b5f6ea2c973b9b2190048ce86066451579ce,93000,1,UpdatePublished,"{'model_id': 'model_mnist_784_noniid', 'round': 0, 'ticket_id': 14, 'cid': 'sha256:c1ec5f042dfeda1e1ae6d27ee3d702107dc5783916ab263326c2354cf6c0a74a'}",mock
0x5d13de7b792d93c950a8d76aed191336f8429c424bf7ac3aaa62011527dc4df2,86000,1,TicketReserved,"{'model_id': 'model_mnist_784_noniid', 'round': 0, 'ticket_id': 15, 'owner': 'acct_15'}",mock
0x201441be8079854bf64b045fd134483b92224fbbb0f78c112c408191db1e7b97,93000,1,UpdatePublished,"{'model_id': 'model_mnist_784_noniid', 'round': 0, 'ticket_id': 15, 'cid': 'sha256:bbbe7c007cb7542e30a4dc0330db54e48afbc84e58f6bed7cc18754ab8123080'}",mock
0xc9de863883afdd3564d39ad72f165e14d9712214c27a3bc5635ff2894e672fbf,86000,1,TicketReserved,"{'model_id': 'model_mnist_784_noniid', 'round': 0, 'ticket_id': 16, 'owner': 'acct_16'}",mock
0x131cc44322c116d3d4c32138b9aedcf61a6529d08c88b4f98307104f9ddef082,93000,1,UpdatePublished,"{'model_id': 'model_mnist_784_noniid', 'round': 0, 'ticket_id': 16, 'cid': 'sha256:89f3d1933cc7c5e108abab991cf4be1a080ac2d7a335847edb76f864c18e63eb'}",mock
0xa74fd0054fb3c56b39b7d6c54a1394a470d5c34b6249d1429bc2647bc94fd1cc,86000,1,TicketReserved,"{'model_id': 'model_mnist_784_noniid', 'round': 0, 'ticket_id': 17, 'owner': 'acct_17'}",mock
0xeb7f728b2e26bf39fd21f71da19e71d9e29c8631783adc2e03bb78c5499c3dbb,93000,1,UpdatePublished,"{'model_id': 'model_mnist_784_noniid', 'round': 0, 'ticket_id': 17, 'cid': 'sha256:7e03919af095f0c2064a96b3af97e0e2e9c91d5225366d7e33adff867163e64b'}",mock
0x0924c61d1a8940f8c065cc322880778e73828712a937ba49e5d7852f38c75be9,86000,1,TicketReserved,"{'model_id': 'model_mnist_784_noniid', 'round': 0, 'ticket_id': 18, 'owner': 'acct_18'}",mock
0x97f0a7a62ecfb3a59378db0dbf8e383dafdd7a76033205e42a2c9432f37414b6,93000,1,UpdatePublished,"{'model_id': 'model_mnist_784_noniid', 'round': 0, 'ticket_id': 18, 'cid': 'sha256:4cb137a50a95a246bc9b51fb52d3c2ccd75e3d43796581725b8e831269c3e151'}",mock
0x2c54f930d3ac15a6b2117441b923eb90060304f2cd8c5f1db5f462ef16300acb,86000,1,TicketReserved,"{'model_id': 'model_mnist_784_noniid', 'round': 0, 'ticket_id': 19, 'owner': 'acct_19'}",mock
0x52a89c8fe6b17adb2ae6d5a1c20368567d292d24ba4da68734b9ceb6bce2fd60,93000,1,UpdatePublished,"{'model_id': 'model_mnist_784_noniid', 'round': 0, 'ticket_id': 19, 'cid': 'sha256:50184316cbfdf032b87b2e32878a995b3fbe3cad86eea17558255b868f3a02c9'}",mock
0x58527fcd130cc70e2cdca042deaa73a8b944ddb7794b5f9035a44d0506897544,86000,1,TicketReserved,"{'model_id': 'model_mnist_784_noniid', 'round': 0, 'ticket_id': 20, 'owner': 'acct_20'}",mock
0x49e98803a3e76fb0209ef5636f24fd9a3adac5e68eada6db6d5e162f4bd1a3cf,93000,1,UpdatePublished,"{'model_id': 'model_mnist_784_noniid', 'round': 0, 'ticket_id': 20, 'cid': 'sha256:9e655688cc0d06638c621e0930549dcb6e3af5ba7addb159a0d8a5e24a327f35'}",mock
0xadf22da06421dc3eed046f970cc90a1fb596168deec507148b8cebd60c791765,86000,1,TicketReserved,"{'model_id': 'model_mnist_784_noniid', 'round': 0, 'ticket_id': 21, 'owner': 'acct_21'}",mock
0xa7e3a03750beff8d84c9a2eecf35107560129da11e0aee136fc9355a8c342288,93000,1,UpdatePublished,"{'model_id': 'model_mnist_784_noniid', 'round': 0, 'ticket_id': 21, 'cid': 'sha256:9257802f71231e051902b049205c7147d8aeea2910b424f1fe60c1e0ffe56e53'}",mock
0x8acfff3681ee93e7c5c2cc8aae181f37bbeb37f1f863ac852176ab2b7711dbfe,86000,1,TicketReserved,"{'model_id': 'model_mnist_784_noniid', 'round': 0, 'ticket_id': 22, 'owner': 'acct_22'}",mock
0x1b44ed8109dde7546ade1a3e529000e33efeef7b0a39334d58b022e3ae65b999,93000,1,UpdatePublished,"{'model_id': 'model_mnist_784_noniid', 'round': 0, 'ticket_id': 22, 'cid': 'sha256:4b1f90e3a708865580128c9e954682ef7566fd92f7e4a34c3982a57ed1aecd19'}",mock
0xe1ce51d1b9e7bfcc672301a3244b70f7da755d8e67596d12e5e08d987a7b3445,86000,1,TicketReserved,"{'model_id': 'model_mnist_784_noniid', 'round': 0, 'ticket_id': 23, 'owner': 'acct_23'}",mock
0x51157de10eed5f9549d5a23341de3a3d54c544f704a0c065ad0a1c72a86ea1f7,93000,1,UpdatePublished,"{'model_id': 'model_mnist_784_noniid', 'round': 0, 'ticket_id': 23, 'cid': 'sha256:015da666cfef1e61b293a01f9969c8e9c41f764e285b75b2890ef9669353ad20'}",mock
0xcac21b64df2e93b9458d8b27714560d191b42fbdd3215b802197e777b927813c,86000,1,TicketReserved,"{'model_id': 'model_mnist_784_noniid', 'round': 0, 'ticket_id': 24, 'owner': 'acct_24'}",mock
0x1db53b5c20e34ad0058bc5b27cad72e1222e6a47385d2ffab4de7ea1f437134a,93000,1,UpdatePublished,"{'model_id': 'model_mnist_784_noniid', 'round': 0, 'ticket_id': 24, 'cid': 'sha256:8107a1fb20cca349570f06fd79a2b7972244063dcdd011bf10bb0fe598e40081'}",mock
0x2aeb38b5fc5e49b75266caa6a6048e2d6eacc67edd3db7960fa7078701fbc152,86000,1,TicketReserved,"{'model_id': 'model_mnist_784_noniid', 'round': 0, 'ticket_id': 25, 'owner': 'acct_25'}",mock
0xd9bdb9a70cc906d911ac406328f4959988a7425dee4908e0b347eaf9b0a254bf,93000,1,UpdatePublished,"{'model_id': 'model_mnist_784_noniid', 'round': 0, 'ticket_id': 25, 'cid': 'sha256:dc30b2d10f6864c39dc07dba834bcb668c4b9535d815d1c5cfaeb5217b6baa97'}",mock
0x62c1581a694fa09333038d9ea3b0b1ef3e74d7c5058f2c428d750acde427fff7,86000,1,TicketReserved,"{'model_id': 'model_mnist_784_noniid', 'round': 0, 'ticket_id': 26, 'owner': 'acct_26'}",mock
0xc88015d9e104566608ef99f8268ad021785908a2bb71266a4b91b8cf3eb7a308,93000,1,UpdatePublished,"{'model_id': 'model_mnist_784_noniid', 'round': 0, 'ticket_id': 26, 'cid': 'sha256:228d7ad3352320633b2906af4b48fd80455f6e8a1a03913ae13f50d4d2d9f56d'}",mock
0xfeeedab3f52578c0a0f015632c4038842f28214580f5b39fec08ebeced7c2efa,86000,1,TicketReserved,"{'model_id': 'model_mnist_784_noniid', 'round': 0, 'ticket_id': 27, 'owner': 'acct_27'}",mock
0x3261d7a054f8fddfa9556d5d4d65d58db92f50b43764fe06fe9a48cef16335db,93000,1,UpdatePublished,"{'model_id': 'model_mnist_784_noniid', 'round': 0, 'ticket_id': 27, 'cid': 'sha256:eb15360bba23d2a63b2c0e05b5ca653c9a3781a13005a3e94f50952551ab90b2'}",mock
0xcbc60507315cd1296a60a632e1c6ac8582b94bfa0a2f61ce1f370f5ac04672e5,86000,1,TicketReserved,"{'model_id': 'model_mnist_784_noniid', 'round': 0, 'ticket_id': 28, 'owner': 'acct_28'}",mock
0xbca719d976286da81ed6a35b9b718b8cd0a0dab63cdd59c1357ccd99eec0a7b8,93000,1,UpdatePublished,"{'model_id': 'model_mnist_784_noniid', 'round': 0, 'ticket_id': 28, 'cid': 'sha256:9e0e38301db984a1e234bbaca74dcecbb347800f10bfe9f23188dbc1d2821091'}",mock
0x38ed7c4753f50f61538c61c6a01aa42c5ff04b9b12fae305593f701e4909e032,86000,1,TicketReserved,"{'model_id': 'model_mnist_784_noniid', 'round': 0, 'ticket_id': 29, 'owner': 'acct_29'}",mock
0xd412910bbd7820090fda5095a5e0168ea615dea28d3c38b692684aabe13585c1,93000,1,UpdatePublished,"{'model_id': 'model_mnist_784_noniid', 'round': 0, 'ticket_id': 29, 'cid': 'sha256:332a31dd6ccb0cc91325fc39d00b3ecd7505593514bc055b1f9a3daf230ac935'}",mock
0xd1785e58c76de358ea6b36f67ff6f500e9ec060598f7f5ea2421c7f972f66807,86000,1,TicketReserved,"{'model_id': 'model_mnist_784_noniid', 'round': 0, 'ticket_id': 30, 'owner': 'acct_30'}",mock
0x2bb6106915f3016cd4dce13d8a976e89907bbf46186a545f20f0d439425008c0,93000,1,UpdatePublished,"{'model_id': 'model_mnist_784_noniid', 'round': 0, 'ticket_id': 30, 'cid': 'sha256:bec6ca96b48a5ddc0321c1087d52217e89552cac85c10558e482c7715145da9b'}",mock
0xaa5d17e8538988a5ed6a7ecf5104851b01e280088269066663b68d8dc6d43dd3,86000,1,TicketReserved,"{'model_id': 'model_mnist_784_noniid', 'round': 0, 'ticket_id': 31, 'owner': 'acct_31'}",mock
0xa55c950a0cbb20777ab53c04f5cf2f35679eb438f5d657610226f1b6e4d5c852,93000,1,UpdatePublished,"{'model_id': 'model_mnist_784_noniid', 'round': 0, 'ticket_id': 31, 'cid': 'sha256:7b7898723f435e7d8bfa44e8fddfed567c4768fa1b32831fe9a74d4e04a59d43'}",mock
0x80cdfc217329759921846c0a8364c21900e1c58d09b0945263682a5abec48aff,86000,1,TicketReserved,"{'model_id': 'model_mnist_784_noniid', 'round': 0, 'ticket_id': 32, 'owner': 'acct_32'}",mock
0x993d490ad192090d11b0bcee6a2d9611011a7ab1cd344b82f64a98603e930a85,93000,1,UpdatePublished,"{'model_id': 'model_mnist_784_noniid', 'round': 0, 'ticket_id': 32, 'cid': 'sha256:94c84e7bfcc56e9384d7d06c473f08cbcca3d337797d8dcc187c80b62f2f7fa3'}",mock
0xe09fff2ee4df33727c3b7aa70238931ae3d9bfd03620e639ed6753c5a4f4709c,86000,1,TicketReserved,"{'model_id': 'model_mnist_784_noniid', 'round': 0, 'ticket_id': 33, 'owner': 'acct_33'}",mock
0x823ea31728889e032c8484d7a664a98cde22068ed708a062f9a5bb9cd3c01c66,93000,1,UpdatePublished,"{'model_id': 'model_mnist_784_noniid', 'round': 0, 'ticket_id': 33, 'cid': 'sha256:774abfbf6742e6343ed2b9184c945881a759de155ca51c50569a55328ac2ef57'}",mock
0xbf113b600ba237869aae560d327b0f2fb8cae854412c3d7c0387c76d4e550a2b,86000,1,TicketReserved,"{'model_id': 'model_mnist_784_noniid', 'round': 0, 'ticket_id': 34, 'owner': 'acct_34'}",mock
0x310ff40549a92ab7d89ebd1b069923e1986944023fcba0c1e8197c53881cf290,93000,1,UpdatePublished,"{'model_id': 'model_mnist_784_noniid', 'round': 0, 'ticket_id': 34, 'cid': 'sha256:f6cf0979ab93b2f89842bd4531c4f136418b23c7b282079cd22011f113eeefd6'}",mock
0x13df0a6317139d995ca8008e8920e28a8f4a050a6b457fcc7367c1750d935471,86000,1,TicketReserved,"{'model_id': 'model_mnist_784_noniid', 'round': 0, 'ticket_id': 35, 'owner': 'acct_35'}",mock
0xa92b659e657f42c5f6d2912b6597cf0ea622d87ebbb5f7eea4d3332d846fa1d8,93000,1,UpdatePublished,"{'model_id': 'model_mnist_784_noniid', 'round': 0, 'ticket_id': 35, 'cid': 'sha256:64b5793ca3459aa62a0e2b5f534a344752e3b3604e0ee90a79b4bd4766f7e377'}",mock
0xdb56c0d96a6e279dd0861f7a21285303dff8e9c37407ead6050ed50f9825eab6,86000,1,TicketReserved,"{'model_id': 'model_mnist_784_noniid', 'round': 0, 'ticket_id': 36, 'owner': 'acct_36'}",mock
0x2a71f378d8a06fdd53f887d05552b1b22eb670b29936a657d3bd4df98252960f,93000,1,UpdatePublished,"{'model_id': 'model_mnist_784_noniid', 'round': 0, 'ticket_id': 36, 'cid': 'sha256:8fe0be23314109ca971b0d1e026949a9700a47a11fe21f718a81b2ae12f0df23'}",mock
0x01e4dd9b056c018a2ee75eb5afb88d073726b923e609142a6a005ea33d5608c4,86000,1,TicketReserved,"{'model_id': 'model_mnist_784_noniid', 'round': 0, 'ticket_id': 37, 'owner': 'acct_37'}",mock
0x7ab3bdbe779b76d69dd2af1b4ad9efdff1f641b2735e22c5fdc2c08d83ad1967,93000,1,UpdatePublished,"{'model_id': 'model_mnist_784_noniid', 'round': 0, 'ticket_id': 37, 'cid': 'sha256:8a633b4a0766fcf89b37b5e738495a3b6f850451aa94b7d2292c3c816bca4ead'}",mock
0x2ac3381240414be3afb6db34f99663707d58f117ea4733dbd6f2b2ec134c5d92,86000,1,TicketReserved,"{'model_id': 'model_mnist_784_noniid', 'round': 0, 'ticket_id': 38, 'owner': 'acct_38'}",mock
0x845dadd459fc90ef38c7b1093c28769c781d55007694678a5464ec6b02316491,93000,1,UpdatePublished,"{'model_id': 'model_mnist_784_noniid', 'round': 0, 'ticket_id': 38, 'cid': 'sha256:b73f491577267da85b489cc2595cadab11310063add0d5c60b8d9a843d75fbfc'}",mock
0xaa7542758486693d20c89ff2cbd0ad6adaf586a21a74ffd40837efe8ca5d45a6,86000,1,TicketReserved,"{'model_id': 'model_mnist_784_noniid', 'round': 0, 'ticket_id': 39, 'owner': 'acct_39'}",mock
0x1a440d6b91e15097637515d6970a46d78c5a4e1b7d688c4a136019d567abea79,93000,1,UpdatePublished,"{'model_id': 'model_mnist_784_noniid', 'round': 0, 'ticket_id': 39, 'cid': 'sha256:39a7180ff93caf1f1de43a7b377d55de9c404c07f83d85b8e7f8cdacddefdd20'}",mock
0x880a0545d1bc53526357f63271d23c751e5c58309f1657556b06de352f568de0,86000,1,TicketReserved,"{'model_id': 'model_mnist_784_noniid', 'round': 0, 'ticket_id': 40, 'owner': 'acct_40'}",mock
0x301537a59eb9db0a4cf457260e8f35cc121227fdfe864373c924eda667b44221,93000,1,UpdatePublished,"{'model_id': 'model_mnist_784_noniid', 'round': 0, 'ticket_id': 40, 'cid': 'sha256:c91d62756916241b04203dbcae7799862124dc8e5c5b785cda1765375d14d48a'}",mock
0xcc2910efbf12eac1405cb167a1e8924acba165dfa60d902dc8a84fca058c9a60,86000,1,TicketReserved,"{'model_id': 'model_mnist_784_noniid', 'round': 0, 'ticket_id': 41, 'owner': 'acct_41'}",mock
0xd1622c8bd50ed97c7b8d3c27265914aef4e85667144b0ef93b00e38aaf9f35ce,93000,1,UpdatePublished,"{'model_id': 'model_mnist_784_noniid', 'round': 0, 'ticket_id': 41, 'cid': 'sha256:6743efe6938e426986f27f369409fc90c61f559f6443817fc239239f1af2602c'}",mock
0xff14853a374cdcea37ce43e3f81170f41734337e384914d9d57a04a8f9702c36,86000,1,TicketReserved,"{'model_id': 'model_mnist_784_noniid', 'round': 0, 'ticket_id': 42, 'owner': 'acct_42'}",mock
0xcb04fab68ece97b9816a886e5865ea62d9c9fb69d3afdff8ed3b556e50ef17e9,93000,1,UpdatePublished,"{'model_id': 'model_mnist_784_noniid', 'round': 0, 'ticket_id': 42, 'cid': 'sha256:e2dcad292c679e9c6543db1a942653aa3d0c190f9b7cf70ba805d35cb8980911'}",mock
0x9ea859dc07d20da2e29cd5dea545f8d84a483099e0667bd1d8be669cde8fc352,86000,1,TicketReserved,"{'model_id': 'model_mnist_784_noniid', 'round': 0, 'ticket_id': 43, 'owner': 'acct_43'}",mock
0xf128e999349f5d79e1a112e8c58f8d34ea0b7f0dcc0b187f2f3eeb3fa140ea23,93000,1,UpdatePublished,"{'model_id': 'model_mnist_784_noniid', 'round': 0, 'ticket_id': 43, 'cid': 'sha256:7a5c483d3b37b40bc38e0863d7ab1e4db4fd29a37fae8c3c9e9db9679fc3e4cd'}",mock
0x674e731dc78adaf01b8a58f8cda480c2d6696061599287cd1979a30c7d1ec071,86000,1,TicketReserved,"{'model_id': 'model_mnist_784_noniid', 'round': 0, 'ticket_id': 44, 'owner': 'acct_44'}",mock
0x23ea9a44988c6b0555139677e9642fb91e7207b11f3d316167f415a62641ef0c,93000,1,UpdatePublished,"{'model_id': 'model_mnist_784_noniid', 'round': 0, 'ticket_id': 44, 'cid': 'sha256:2b1ba18a3510cbd3b89769b8001846e1175aedf2a150de97ddec099857ea0a4c'}",mock
0xcba236cbd0e1445a38241478d5e4762dcb4bcfdc7a9ffa4de3066a4a80696854,86000,1,TicketReserved,"{'model_id': 'model_mnist_784_noniid', 'round': 0, 'ticket_id': 45, 'owner': 'acct_45'}",mock
0x96fc25d74906ba2fc9c1a8a2c151d236889068411d656335ed133bc87b9eb8fe,93000,1,UpdatePublished,"{'model_id': 'model_mnist_784_noniid', 'round': 0, 'ticket_id': 45, 'cid': 'sha256:99e84c4628a050d506e97fffc3425279144981ba6dc087b86fd075bdc077f7df'}",mock
0x5050e427fdc7104090cd4d672a6f669b16e796c3f099f7360c230cb74d5165cc,86000,1,TicketReserved,"{'model_id': 'model_mnist_784_noniid', 'round': 0, 'ticket_id': 46, 'owner': 'acct_46'}",mock
0x1b6ff9b0a1d13f7f22f5dc2ebd74d9c660ab0c665fe9a4d824c3e84d661340da,93000,1,UpdatePublished,"{'model_id': 'model_mnist_784_noniid', 'round': 0, 'ticket_id': 46, 'cid': 'sha256:2ac8193a267476d0b07bb2ca83a884a90ae5256fd9ade7d819a052c0388477d3'}",mock
0x7f40204fd38c41e5a1ddad74825953c2bee49eede9475a12169c557708a85f35,86000,1,TicketReserved,"{'model_id': 'model_mnist_784_noniid', 'round': 0, 'ticket_id': 47, 'owner': 'acct_47'}",mock
0x75016efeb50385148b4aa09b3ed1a1c16015b2d5835ff59e44b424c77658e2dc,93000,1,UpdatePublished,"{'model_id': 'model_mnist_784_noniid', 'round': 0, 'ticket_id': 47, 'cid': 'sha256:1b31c6e2d6f46b78d8c5b8657e76b77fbc08a1e3f216ac7daeeebbd50d691d69'}",mock
0x2212c0d2d952b0feb7f8d9a248075fa265a41463b34140493148409e18e7b403,86000,1,TicketReserved,"{'model_id': 'model_mnist_784_noniid', 'round': 0, 'ticket_id': 48, 'owner': 'acct_48'}",mock
0xf02654ddae6f0520a24c670e688c566b4d6abb0654311b3d6b57ab88e48fcb35,93000,1,UpdatePublished,"{'model_id': 'model_mnist_784_noniid', 'round': 0, 'ticket_id': 48, 'cid': 'sha256:11ba765b593e84a5d95d48337a5f554a579ba6379799bab135374403e48a12d2'}",mock
0xb12042b71ce2b540af4d135bfb20a92f4414a0ff9d81fcca7224cd59d2679252,86000,1,TicketReserved,"{'model_id': 'model_mnist_784_noniid', 'round': 0, 'ticket_id': 49, 'owner': 'acct_49'}",mock
0x342a55ece6b234ab5874b377ea7c4d71beffa915db2c1cf0b5a17bdd01cd1314,93000,1,UpdatePublished,"{'model_id': 'model_mnist_784_noniid', 'round': 0, 'ticket_id': 49, 'cid': 'sha256:9b8f4975a9adbd41d04583666f348c2f6e03e7c6fd1b22c95b8a9bd45a5f73fd'}",mock
0x3e1116adcd604489d4b3c2a40cfaf8a29989fe693cec69e66af502ed1f632d37,86000,1,TicketReserved,"{'model_id': 'model_mnist_784_noniid', 'round': 0, 'ticket_id': 50, 'owner': 'acct_50'}",mock
0x5e5a149edfd60aaa5dd10abb722668b2d99de7d33f4ca3f904acf556d9068b4e,93000,1,UpdatePublished,"{'model_id': 'model_mnist_784_noniid', 'round': 0, 'ticket_id': 50, 'cid': 'sha256:c154a943246aaa272da862b2f730605fe0679dc5ca25286f6231da9fa89ab8bf'}",mock
0x706d8a73af11876a9c93497794deed32bd00b888265d644416848cc2ac386950,915000,1,RoundFinalized,"{'model_id': 'model_mnist_784_noniid', 'round': 0, 'included': 29, 'refunds': 50}",mock
0x71f665feda0d3d7cb720fe4d93348d1cdc22701e10016d37e7acd279334fa579,52000,1,RoundFunded,"{'model_id': 'model_mnist_784_noniid', 'amount_wei': 10000000000000000}",mock
0xe9f360bb96bb82d8e07d15b01ff2c0988a7851ffeed2f49099854a91dbaa118a,86000,1,TicketReserved,"{'model_id': 'model_mnist_784_noniid', 'round': 1, 'ticket_id': 51, 'owner': 'acct_1'}",mock
0x839553558c6df47d1671d03dd82f334365ed877d005ff785d238926f65c49b71,93000,1,UpdatePublished,"{'model_id': 'model_mnist_784_noniid', 'round': 1, 'ticket_id': 51, 'cid': 'sha256:211924621157aa84f92ba6c4d82bd2b92fa6b5934ad22f7c3107b2c358b54d0a'}",mock
0x11d9d8862a66de95c71548bf12b4563eabfe8b618e4fe6caaaa9067ad7444fe0,86000,1,TicketReserved,"{'model_id': 'model_mnist_784_noniid', 'round': 1, 'ticket_id': 52, 'owner': 'acct_2'}",mock
0x984662ffad3d2116b9b24f08b7e80ebc7777a3109aa4c74b51867f1b3e4bdb3c,93000,1,UpdatePublished,"{'model_id': 'model_mnist_784_noniid', 'round': 1, 'ticket_id': 52, 'cid': 'sha256:e45d57065568986c5b9b296e0e01383866cf12134978439a6fee3e39f446baab'}",mock
0xc8096c3545211682205ae445a310f45b528a03262dc2f4eafb57670e024ee44a,86000,1,TicketReserved,"{'model_id': 'model_mnist_784_noniid', 'round': 1, 'ticket_id': 53, 'owner': 'acct_3'}",mock
0x4ffd7c71b41c6eaa35069ed7c2a10cf5c644d8c29a04d0ffa31e1725d0d5ca6d,93000,1,UpdatePublished,"{'model_id': 'model_mnist_784_noniid', 'round': 1, 'ticket_id': 53, 'cid': 'sha256:46ffeeed27c50cfb8877cb0f4f6fb243d444b6a404d2bbccb2cbdc2c635b562c'}",mock
0xe6ea3d71d2394bcfb92000c1a23ca411fe32012f17321831464477e379cb90f3,86000,1,TicketReserved,"{'model_id': 'model_mnist_784_noniid', 'round': 1, 'ticket_id': 54, 'owner': 'acct_4'}",mock
0x34db7204a020e9f6de837515a5fd7a741cefe2df61d5d1254a10bc45bfd7f568,93000,1,UpdatePublished,"{'model_id': 'model_mnist_784_noniid', 'round': 1, 'ticket_id': 54, 'cid': 'sha256:7133910c720351042f714c41b4902d6aa51fdcde5a36c955ba1c79f6e167e91b'}",mock
0xf7d057095451716772256ac8e0daf65852efdc6e39ac49c105c42d32d9ed72ef,86000,1,TicketReserved,"{'model_id': 'model_mnist_784_noniid', 'round': 1, 'ticket_id': 55, 'owner': 'acct_5'}",mock
0xb037e7956e6139efa696be3f90fbeae7d5ba428e5fd80cbb8f0c6337a3461e26,93000,1,UpdatePublished,"{'model_id': 'model_mnist_784_noniid', 'round': 1, 'ticket_id': 55, 'cid': 'sha256:a6558374c2b47ac30d76677a4425a6ad297fcc292116f6f44c6c68c4ae202de2'}",mock
0x66c1919e693ad733bd04478d36aeee91d02b9aa762535b1b1215ea8c810de330,86000,1,TicketReserved,"{'model_id': 'model_mnist_784_noniid', 'round': 1, 'ticket_id': 56, 'owner': 'acct_6'}",mock
0xdb255966afd05db363e04bda008156a8d8bbf04c92defab73a32241aaa6801d4,93000,1,UpdatePublished,"{'model_id': 'model_mnist_784_noniid', 'round': 1, 'ticket_id': 56, 'cid': 'sha256:a0a25acbd550e09c084166d68878b5134b8c27a39f4fb367140b51a7bf478e9d'}",mock
0x2de7fa4aa3a7ac860d4eb4e02088a111b63b39adcdff23c89887f5dab20d092e,86000,1,TicketReserved,"{'model_id': 'model_mnist_784_noniid', 'round': 1, 'ticket_id': 57, 'owner': 'acct_7'}",mock
0xdc88b10c10939621032ceca29263540c29c6ba6d6c9c19f06cad6b924459cca7,93000,1,UpdatePublished,"{'model_id': 'model_mnist_784_noniid', 'round': 1, 'ticket_id': 57, 'cid': 'sha256:6df95a3271ab3bf364f30c9f8f16b511f790f6b712d4fc8842859f0e19595914'}",mock
0x53a9efe66510937982e8e0815b84ba945e463843363f278b1438212d2b3fc5bc,86000,1,TicketReserved,"{'model_id': 'model_mnist_784_noniid', 'round': 1, 'ticket_id': 58, 'owner': 'acct_8'}",mock
0x175e8b31ca0503051b3c9ed794e9aaaba4d0db5906826750d58195e83db4852f,93000,1,UpdatePublished,"{'model_id': 'model_mnist_784_noniid', 'round': 1, 'ticket_id': 58, 'cid': 'sha256:dfdb384fd023834ffdaa40ff616e71e8e400d81f2821f73ffd16ef2af28d906c'}",mock
0xa7fc49b9e4a4cfaa2be035567bf95823216f1b957c99af6a06dcac3a86e4c37a,86000,1,TicketReserved,"{'model_id': 'model_mnist_784_noniid', 'round': 1, 'ticket_id': 59, 'owner': 'acct_9'}",mock
0xc72bc88c511237d345a02f07e2fbd549f69134b27c72a72f8dbc0fbab5d2b243,93000,1,UpdatePublished,"{'model_id': 'model_mnist_784_noniid', 'round': 1, 'ticket_id': 59, 'cid': 'sha256:164b54cd5740f9a11866590668bd2b8b6b303594a35a7042a22ce354400f8c85'}",mock
0x1e59ce6428f1d6ca2b3059b080398d9cd4819b9eceb0d9b5eeef854afa128b05,86000,1,TicketReserved,"{'model_id': 'model_mnist_784_noniid', 'round': 1, 'ticket_id': 60, 'owner': 'acct_10'}",mock
0x02794e51293eab2588ab431ef8ed1671b5a706ab1b0da63ff558076da394bee2,93000,1,UpdatePublished,"{'model_id': 'model_mnist_784_noniid', 'round': 1, 'ticket_id': 60, 'cid': 'sha256:731b5cab75058fe5a258c51096803757bddab2f8f43cac7478fb0633dfbadedf'}",mock
0x9ddc49ef581cd310bfaa831e026413dce87fda6b4db68a0c3b4c6a9459241d95,86000,1,TicketReserved,"{'model_id': 'model_mnist_784_noniid', 'round': 1, 'ticket_id': 61, 'owner': 'acct_11'}",mock
0x26151a871faa97aadb3dfc82777d780e49adea7c55dcbe2e2509144410b26b82,93000,1,UpdatePublished,"{'model_id': 'model_mnist_784_noniid', 'round': 1, 'ticket_id': 61, 'cid': 'sha256:99bd259d4ac39f267f88cbd58399cae9f1c8b4544e1c739f525e4304112134db'}",mock
0x32402d2fdb064c29c9d8a06e03277e62012470d64c72789007402a1731575c71,86000,1,TicketReserved,"{'model_id': 'model_mnist_784_noniid', 'round': 1, 'ticket_id': 62, 'owner': 'acct_12'}",mock
0x352b2560ebfa0b09d77e96497afb96e6bc78e28a3ff70ceca78c3c75fd8e5f98,93000,1,UpdatePublished,"{'model_id': 'model_mnist_784_noniid', 'round': 1, 'ticket_id': 62, 'cid': 'sha256:e601bfd783a8f3fd63cb607a99d5f34fb5fec1f2017377e466f7c404c0e42751'}",mock
0xb20bff4eb64f0437cbae9039dcfc12918f98e3904c8480c9e0f2f2ed08da94de,86000,1,TicketReserved,"{'model_id': 'model_mnist_784_noniid', 'round': 1, 'ticket_id': 63, 'owner': 'acct_13'}",mock
0x6401a99f25724ea0178efd6d72a5e28fb2b0e0d7dc0638aff4417ec27d300e00,93000,1,UpdatePublished,"{'model_id': 'model_mnist_784_noniid', 'round': 1, 'ticket_id': 63, 'cid': 'sha256:c593301d16e5d80266c0265c62994fdf9922c22c19f9dcba4a14964bb5b246b6'}",mock
0x100e4cf85e7b52e036e6bafcdd304262bdef658822f55d23f8f35cc249c3bf27,86000,1,TicketReserved,"{'model_id': 'model_mnist_784_noniid', 'round': 1, 'ticket_id': 64, 'owner': 'acct_14'}",mock
0xd07230e39ca97a2647df148a24d470d2bb3baba7ecf3d71d3ed1afe7c60390f5,93000,1,UpdatePublished,"{'model_id': 'model_mnist_784_noniid', 'round': 1, 'ticket_id': 64, 'cid': 'sha256:dc82d20659cbe099f375f5349758e5800e2cffe4ccddf4af90f6dd83f27e480c'}",mock
0xef14ebe3384ec4ec693f8142c47dbb3cc8d8cbcca880cc39015ea18b0e410fae,86000,1,TicketReserved,"{'model_id': 'model_mnist_784_noniid', 'round': 1, 'ticket_id': 65, 'owner': 'acct_15'}",mock
0xd17757d53cabec28223cd50100982c185ed312a33bd64d4af26275f35341d801,93000,1,UpdatePublished,"{'model_id': 'model_mnist_784_noniid', 'round': 1, 'ticket_id': 65, 'cid': 'sha256:3be64a9d47926c176ea6cbc449319c266b9a401ccc5f1d16cb28afd48baeb705'}",mock
0xff0751f9c38f6e3a40ddb97c1e5e2d6bc7d037d62f3f2b9e60cad055535d5084,86000,1,TicketReserved,"{'model_id': 'model_mnist_784_noniid', 'round': 1, 'ticket_id': 66, 'owner': 'acct_16'}",mock
0x78338125bbef487008291a43ec59dea5797b3348795b2d0b9c7db9c0ab6032cd,93000,1,UpdatePublished,"{'model_id': 'model_mnist_784_noniid', 'round': 1, 'ticket_id': 66, 'cid': 'sha256:4264935e0b75febb671d104c3c71b9eb2de83318b0b4ede195f804df5d15a0f6'}",mock
0x725f50c4d57033ba9bd942591478bd7798dd8737341fb4c30a26858abc8a1180,86000,1,TicketReserved,"{'model_id': 'model_mnist_784_noniid', 'round': 1, 'ticket_id': 67, 'owner': 'acct_17'}",mock
0xca1b0d98f7681043ea443e4b850c9cff09e889980346dd491bbb241f7788f2d4,93000,1,UpdatePublished,"{'model_id': 'model_mnist_784_noniid', 'round': 1, 'ticket_id': 67, 'cid': 'sha256:e7aecb7a77420c86f273bbe3329350eea06bf0e09584f7bc298de56a47c433dd'}",mock
0xaf4794b233b398cd4c8cab5fd9ff8e19e39caa6d04e84ae565c823e292345f70,86000,1,TicketReserved,"{'model_id': 'model_mnist_784_noniid', 'round': 1, 'ticket_id': 68, 'owner': 'acct_18'}",mock
0xd2d192acd44c31b30bdc4999e6699da3598db00d44a297716a25e7b6dbad50fb,93000,1,UpdatePublished,"{'model_id': 'model_mnist_784_noniid', 'round': 1, 'ticket_id': 68, 'cid': 'sha256:870cc91dee6de8a3dd3dc3693de9869137d08d3717352e7afc78a56c47bbd3fd'}",mock
0x1cf4865b3cd8bcfc86ae26314a00e477c92638a13822a799d0f471ea51b1117d,86000,1,TicketReserved,"{'model_id': 'model_mnist_784_noniid', 'round': 1, 'ticket_id': 69, 'owner': 'acct_19'}",mock
0xff531e906540f4b2da1f313102b5a144c202cb0d165f507e74beb974ebc7c1ba,93000,1,UpdatePublished,"{'model_id': 'model_mnist_784_noniid', 'round': 1, 'ticket_id': 69, 'cid': 'sha256:61c6a24ec8bfec7b4d49b0cad436e5852a3fbc9b65ae5284a152a2fc0b16fac1'}",mock
0x98400e108caf904d012c66340532dbf5adde4fa7c9ee2ba8fd2c4b7baaa4cc86,86000,1,TicketReserved,"{'model_id': 'model_mnist_784_noniid', 'round': 1, 'ticket_id': 70, 'owner': 'acct_20'}",mock
0x1f7350430b4c1b9e9e0b05fb2c6d34394df6ebb8150f0054bc27642b5edeef2d,93000,1,UpdatePublished,"{'model_id': 'model_mnist_784_noniid', 'round': 1, 'ticket_id': 70, 'cid': 'sha256:68acb6221ed1f4c84ff907f0fff69eda591fc75872ecdfa15258bbff34ee90f4'}",mock
0x250e725725530c5ae7f85ef890f4bdbc11790da255a8d43598a6317f5fb65fb5,86000,1,TicketReserved,"{'model_id': 'model_mnist_784_noniid', 'round': 1, 'ticket_id': 71, 'owner': 'acct_21'}",mock
0x15a72d3487bf4b902ed0921d54b9d847a267027b1f31036c605f9a6feb30a4ca,93000,1,UpdatePublished,"{'model_id': 'model_mnist_784_noniid', 'round': 1, 'ticket_id': 71, 'cid': 'sha256:3abd52c1e7dd3577aba31ed3475bc00ebf318bda24952c823c31c7afa73c2537'}",mock
0x95a8bbbf4b3a230c53a0acd23dbbcf8d910bdc32e97015d88815b03b97fbca8a,86000,1,TicketReserved,"{'model_id': 'model_mnist_784_noniid', 'round': 1, 'ticket_id': 72, 'owner': 'acct_22'}",mock
0x3fdbedb680388c8ce9b0af2a969784f49f250a1ed0718a0e374278f93754beed,93000,1,UpdatePublished,"{'model_id': 'model_mnist_784_noniid', 'round': 1, 'ticket_id': 72, 'cid': 'sha256:3dbe41c3df91ffc6186a706e4c7c34df10d09fecec69ac62d2c420e26b605ccf'}",mock
0x692be76086283cf4eb9ade8b3dbc8959ddb121d24d4fcedb3bf6167fdb483f00,86000,1,TicketReserved,"{'model_id': 'model_mnist_784_noniid', 'round': 1, 'ticket_id': 73, 'owner': 'acct_23'}",mock
0xb9e2f63f65e574b1fc5c8988a734466dd70492b6471d23d7098f16418b88f4fc,93000,1,UpdatePublished,"{'model_id': 'model_mnist_784_noniid', 'round': 1, 'ticket_id': 73, 'cid': 'sha256:4bedddacb0b9d68c3dca29eb7a83e247e6cbb4c3c9249172384dc3f1f92ffe5b'}",mock
0x244c9eb6cbdb6a9862195e6e9da67eb33bc660124753a9b9074f35bd7a144a77,86000,1,TicketReserved,"{'model_id': 'model_mnist_784_noniid', 'round': 1, 'ticket_id': 74, 'owner': 'acct_24'}",mock
0x57c12ea7f65bf7b1eb902c6d70510df28c6fa12ab895b67337a2b9fd092ac98a,93000,1,UpdatePublished,"{'model_id': 'model_mnist_784_noniid', 'round': 1, 'ticket_id': 74, 'cid': 'sha256:51b7d1e3841a6d6723d258202a4c32103f8768208467408660debae6eddf4a42'}",mock
0x651702d8ed769d989acf6498ff1cec66dcaefa6348310bc8f7bbdbf4238b898d,86000,1,TicketReserved,"{'model_id': 'model_mnist_784_noniid', 'round': 1, 'ticket_id': 75, 'owner': 'acct_25'}",mock
0xca31ad7b52aaf0dad3680717a42db78dbf1cb89a6e21a974588a65f9a27f6662,93000,1,UpdatePublished,"{'model_id': 'model_mnist_784_noniid', 'round': 1, 'ticket_id': 75, 'cid': 'sha256:be2f3bc2eb3c891f447fa321fcaac76d29fb07abd266b89136bae35fcb20536d'}",mock
0x734c14811e1f8302fa6dc4bb8e211f2a14f8ea5237df7bf5a5a0da8fae17e86c,86000,1,TicketReserved,"{'model_id': 'model_mnist_784_noniid', 'round': 1, 'ticket_id': 76, 'owner': 'acct_26'}",mock
0x626cddbd6858326d3b5e4d69543c776deb849f4a43bf43639f7d240c721a8ec8,93000,1,UpdatePublished,"{'model_id': 'model_mnist_784_noniid', 'round': 1, 'ticket_id': 76, 'cid': 'sha256:53d4e430be042a0691b9c7da0c22b2d5fa1e24af526d37b4f5471d5e553408c4'}",mock
0x6e7f0bf90e68ca166d43df04f15e6661f9e53e38ed377dffdfb70b0f688024bc,86000,1,TicketReserved,"{'model_id': 'model_mnist_784_noniid', 'round': 1, 'ticket_id': 77, 'owner': 'acct_27'}",mock
0xc51b353a3e560df48647a5cd4dfd2f1cafd444cd78688c89788f323094bedca5,93000,1,UpdatePublished,"{'model_id': 'model_mnist_784_noniid', 'round': 1, 'ticket_id': 77, 'cid': 'sha256:d3cde8b2b7ec97e00d53cde5081954ba35b59fca2780af562fabf7aed0e7c73a'}",mock
0xc83d22fc3e73958b07c7c534e7854ee4817a2672f2c8324652ece248ef2d6d53,86000,1,TicketReserved,"{'model_id': 'model_mnist_784_noniid', 'round': 1, 'ticket_id': 78, 'owner': 'acct_28'}",mock
0x5e3559eeb1e8664f4aedcbba8f9fb43cbbf3fe74830c5223858848d39f3ccfb9,93000,1,UpdatePublished,"{'model_id': 'model_mnist_784_noniid', 'round': 1, 'ticket_id': 78, 'cid': 'sha256:4cd275476e0b7c512da7b65b8bb32dc28ec753413f3a321688105820dc881364'}",mock
0xac8eff649b3f61492967b87591ed26616b7caafdbec8b26f3c01c2ab0f4f25f7,86000,1,TicketReserved,"{'model_id': 'model_mnist_784_noniid', 'round': 1, 'ticket_id': 79, 'owner': 'acct_29'}",mock
0x47ed96233e8d0e7564f7d1189bc35af2d6a364301478c0a5b5b792feb5615152,93000,1,UpdatePublished,"{'model_id': 'model_mnist_784_noniid', 'round': 1, 'ticket_id': 79, 'cid': 'sha256:a7a36db28cdb09ac65a75d20e48608546d8852c5fd1c42c92801b95069b5f711'}",mock
0x7c98478858802fd35da0a6ed592e6e12297a92635233c55e6707bf5c33063b7e,86000,1,TicketReserved,"{'model_id': 'model_mnist_784_noniid', 'round': 1, 'ticket_id': 80, 'owner': 'acct_30'}",mock
0xea31031bbe9f3ad6d8426851e5d5f562dfad02887ec020e83d3bdf744f7ff8a8,93000,1,UpdatePublished,"{'model_id': 'model_mnist_784_noniid', 'round': 1, 'ticket_id': 80, 'cid': 'sha256:b94434c9c2f25226f22ed99130b02b470bc2df0cd014846143677ab143bc77a5'}",mock
0x361b033c744454e8f662c1022e6fb78862f7b703fcbe49776954f571a7228e63,86000,1,TicketReserved,"{'model_id': 'model_mnist_784_noniid', 'round': 1, 'ticket_id': 81, 'owner': 'acct_31'}",mock
0xba2815a24bc94d4a16256854546692adb2fdfc6c966b6fdbde63768ec13c9952,93000,1,UpdatePublished,"{'model_id': 'model_mnist_784_noniid', 'round': 1, 'ticket_id': 81, 'cid': 'sha256:7203bca8cdaa9b7dd73e08f534197cbbb40e5a81ee604cf6fa008fce95666673'}",mock
0x2a34492a2df7691533370f5f794e4dbd0d81506930d466ca6278c67698704ba2,86000,1,TicketReserved,"{'model_id': 'model_mnist_784_noniid', 'round': 1, 'ticket_id': 82, 'owner': 'acct_32'}",mock
0x5e52850c16f4ab6e2ec1942102123a968cdb8b9c3d6306fbe50a36cdf9b70e35,93000,1,UpdatePublished,"{'model_id': 'model_mnist_784_noniid', 'round': 1, 'ticket_id': 82, 'cid': 'sha256:8decc823fdbab63f00c610065da31dc161fd3d818f0427b41ca48e3ae2b2b6e1'}",mock
0xf8abb91328cfb43f380483969b6624bf4c1ca9bbce54a507ddb3977dd9c260f4,86000,1,TicketReserved,"{'model_id': 'model_mnist_784_noniid', 'round': 1, 'ticket_id': 83, 'owner': 'acct_33'}",mock
0x9ef1d7a386b3c71fe82e7dd58ee6d89992a2b21799d833aae9adf7f367e25591,93000,1,UpdatePublished,"{'model_id': 'model_mnist_784_noniid', 'round': 1, 'ticket_id': 83, 'cid': 'sha256:3cbfc88ee836ee5a9c9c3884920e05d1b0b5926109b8e42fc14c91919e069e84'}",mock
0x77854a1028e1c007842c6320f796fe447d5bec511660f48e48658c2d2a9734ba,86000,1,TicketReserved,"{'model_id': 'model_mnist_784_noniid', 'round': 1, 'ticket_id': 84, 'owner': 'acct_34'}",mock
0xf1b83715df417d314b8081d8e1e0066b977631591e6588932f83e4124ff5f7c4,93000,1,UpdatePublished,"{'model_id': 'model_mnist_784_noniid', 'round': 1, 'ticket_id': 84, 'cid': 'sha256:6e4fdc19fe7530cf426d68ae6651b22cb37371b361c071b95732ec6fea9c6ae4'}",mock
0x229d300ddc2aef5f61ef70ee50f8747d5ac15769766b336b1d6de4e268f8f41d,86000,1,TicketReserved,"{'model_id': 'model_mnist_784_noniid', 'round': 1, 'ticket_id': 85, 'owner': 'acct_35'}",mock
0x7cf84354ece64ed3b4fdce1ec0f5f84e602c7ef5be611a72bdddcb8f5dbd0948,93000,1,UpdatePublished,"{'model_id': 'model_mnist_784_noniid', 'round': 1, 'ticket_id': 85, 'cid': 'sha256:6777a529f25f1c6d095f5945f2a6e492f8356b14236cf2e54bbbf0414d88fed0'}",mock
0xe0dc2e6fe3581081bffed1da0eacc65f405cfc8964d24b933b159eb3208c88dd,86000,1,TicketReserved,"{'model_id': 'model_mnist_784_noniid', 'round': 1, 'ticket_id': 86, 'owner': 'acct_36'}",mock
0x2b5b89c445893b3d7c6d0b2dad2b735c13b700a0e228c9a2011c332c5a42f08e,93000,1,UpdatePublished,"{'model_id': 'model_mnist_784_noniid', 'round': 1, 'ticket_id': 86, 'cid': 'sha256:ec297edc866c98243fa2d4b58c295395831d4cd5aefad310f1530d6f61364bd5'}",mock
0x2bcfd7566d1cddaf2f3bbe2ebba4f8f17c4df33fec0c25ad16a2224ea4b857ed,86000,1,TicketReserved,"{'model_id': 'model_mnist_784_noniid', 'round': 1, 'ticket_id': 87, 'owner': 'acct_37'}",mock
0x27dc406f14efc343438ebb5731c630fefd84ca6d82c9dc9119fb2a8689feb6d4,93000,1,UpdatePublished,"{'model_id': 'model_mnist_784_noniid', 'round': 1, 'ticket_id': 87, 'cid': 'sha256:763200dacfd7d7541d040f9b3672b3119303f891d06c9af066909c1fc2e6a9ff'}",mock
0xf5f53a85bfe6b7e427610b460233e7be60498a2a54ba2010ad231de31bf144ca,86000,1,TicketReserved,"{'model_id': 'model_mnist_784_noniid', 'round': 1, 'ticket_id': 88, 'owner': 'acct_38'}",mock
0x7c593bb9c74b00b94064b0b8b9efbfd7d2f1d1e7f80c94dd85e004def31a0bd3,93000,1,UpdatePublished,"{'model_id': 'model_mnist_784_noniid', 'round': 1, 'ticket_id': 88, 'cid': 'sha256:83a96df4d2470b1f5ff8be33707493342966583b0fcdbe66b860223fde6689fb'}",mock
0x2c78d44b585c2d8cb7e2cd160b21bf585685ffcd8e166333d39be1a3f59eef3a,86000,1,TicketReserved,"{'model_id': 'model_mnist_784_noniid', 'round': 1, 'ticket_id': 89, 'owner': 'acct_39'}",mock
0x40a170df4f7dfe518b8caf80356714dbda73b19e89d17403d77f6c4c56b9fe93,93000,1,UpdatePublished,"{'model_id': 'model_mnist_784_noniid', 'round': 1, 'ticket_id': 89, 'cid': 'sha256:b6460fc46a9f6e7f24ed7673a0b18dc8bfdbb4b23e944b0c4929d572c7a5d956'}",mock
0x422b8000d2f0dbb4c833db06230723650777d83b890ed6182d08aa3c6b4ffa92,86000,1,TicketReserved,"{'model_id': 'model_mnist_784_noniid', 'round': 1, 'ticket_id': 90, 'owner': 'acct_40'}",mock
0x983acd572bebc8d6bb0e6c1ff79e2a550f3b5f73b65e041240b193e470717268,93000,1,UpdatePublished,"{'model_id': 'model_mnist_784_noniid', 'round': 1, 'ticket_id': 90, 'cid': 'sha256:202caf14c364d9684b05d0808446f762e3a8bbd6e92c006233dd34d4fbd6924b'}",mock
0x30bc77af512a193ea7d2f6dcf1ebc27689cbb3e57393290d1ad0a785068a2b15,86000,1,TicketReserved,"{'model_id': 'model_mnist_784_noniid', 'round': 1, 'ticket_id': 91, 'owner': 'acct_41'}",mock
0x2cf10217fab8f12a22db813e0523488a00098c52021b611f54ff5f39202ba3c8,93000,1,UpdatePublished,"{'model_id': 'model_mnist_784_noniid', 'round': 1, 'ticket_id': 91, 'cid': 'sha256:4cd5fc5914e5091eddc7c3f79064736f738d7ba0b6f94672768b4919c55d8727'}",mock
0xe76026244b7e0994bb9ba9f51e6669fd6caa4e334434df940b0bcbd70c85c201,86000,1,TicketReserved,"{'model_id': 'model_mnist_784_noniid', 'round': 1, 'ticket_id': 92, 'owner': 'acct_42'}",mock
0x7d7d19c3f818ee65a2d951950940b46010ccc9572798e875150cfa40b8751bb6,93000,1,UpdatePublished,"{'model_id': 'model_mnist_784_noniid', 'round': 1, 'ticket_id': 92, 'cid': 'sha256:34fa9443a2d6f2e3562bd512fec65a746cdc2f84d88335ea2af6285b01b6d0ce'}",mock
0xc92134fe66e2bbc6669b020811759e49082e8e67acdf7bcf64c327cefbe4ed81,86000,1,TicketReserved,"{'model_id': 'model_mnist_784_noniid', 'round': 1, 'ticket_id': 93, 'owner': 'acct_43'}",mock
0xb331e37f58e926b027c53f71ba50b61944325e1e41e59470a4904d32ed9db9fc,93000,1,UpdatePublished,"{'model_id': 'model_mnist_784_noniid', 'round': 1, 'ticket_id': 93, 'cid': 'sha256:d3e2d9da3cf90e5f54aed6f8b5c70fc96db8c065a074ef498fd61c4109afa1ff'}",mock
0xb9a304f063ae89dce7dd4fd67082c16e466b6209ddf99fc8f57db0047138a508,86000,1,TicketReserved,"{'model_id': 'model_mnist_784_noniid', 'round': 1, 'ticket_id': 94, 'owner': 'acct_44'}",mock
0x4cde3fe05fe57c66ee75389daacbddca043669824814d48c0a4b70a73485c568,93000,1,UpdatePublished,"{'model_id': 'model_mnist_784_noniid', 'round': 1, 'ticket_id': 94, 'cid': 'sha256:bc843c0785a8817ea62b7417652a4ca5c194a14adf77a69b3ac4bbbbcd4762d4'}",mock
0xf0294249f3cefa8e0581fb837eecd3b77827a632ba5e5349b0c653c46ab43965,86000,1,TicketReserved,"{'model_id': 'model_mnist_784_noniid', 'round': 1, 'ticket_id': 95, 'owner': 'acct_45'}",mock
0xccb44d4a17c1aef38e237c08df3053bc3d5c4bd17af6a00e700aadbad487f434,93000,1,UpdatePublished,"{'model_id': 'model_mnist_784_noniid', 'round': 1, 'ticket_id': 95, 'cid': 'sha256:b69c8a91b8169d799ad4e3dcc8bf58a6a9ae20f7a125b24ad5c38a8e0c286727'}",mock
0x436889d1477cbcfa367689431be117bf2b2b8365cec8d12cb623f1263aa8921b,86000,1,TicketReserved,"{'model_id': 'model_mnist_784_noniid', 'round': 1, 'ticket_id': 96, 'owner': 'acct_46'}",mock
0x6936785b86d32380e3e8951670d50ecb912bfad264d6675e7e71ad2c150b3a49,93000,1,UpdatePublished,"{'model_id': 'model_mnist_784_noniid', 'round': 1, 'ticket_id': 96, 'cid': 'sha256:aa71537fe37907270e8be5103a20901ce4356f8008b3c87ca4e93b97648294c4'}",mock
0x7685068a5a3bdb901beef14a2a37fc0509def5396ff332e3fa124a65f4689b84,86000,1,TicketReserved,"{'model_id': 'model_mnist_784_noniid', 'round': 1, 'ticket_id': 97, 'owner': 'acct_47'}",mock
0x4c2d7b7f50058224947c11bd7e37ec975757dad60b83598fd14ece236cd9f25d,93000,1,UpdatePublished,"{'model_id': 'model_mnist_784_noniid', 'round': 1, 'ticket_id': 97, 'cid': 'sha256:67ae4998f3c0fb4fe93c7afa58e921cef3e1407647a075c2afe3f0f036ddcc1f'}",mock
0xf9668b61fb0c4eeb4ed4bb74c08895ada523a15ef37d84aa4d8f97f0d2766db9,86000,1,TicketReserved,"{'model_id': 'model_mnist_784_noniid', 'round': 1, 'ticket_id': 98, 'owner': 'acct_48'}",mock
0xb15c98e1c41fb0fa66c3e6db3d72880b1e2a6fadb6292226f914cf8453549723,93000,1,UpdatePublished,"{'model_id': 'model_mnist_784_noniid', 'round': 1, 'ticket_id': 98, 'cid': 'sha256:685aa17c2e75cea97389c0dc31cbbb15286f980a48269e8d0260f9be032fc8b7'}",mock
0xd39d755a5f639dcd55143bf8fad453a76936c9fc3e5642c1c845961d71a84a38,86000,1,TicketReserved,"{'model_id': 'model_mnist_784_noniid', 'round': 1, 'ticket_id': 99, 'owner': 'acct_49'}",mock
0xf4ab1bd0adc1bd7392c0dd73fbdc88b7b785d2b9bbda70e5b238ab2e65fa1e05,93000,1,UpdatePublished,"{'model_id': 'model_mnist_784_noniid', 'round': 1, 'ticket_id': 99, 'cid': 'sha256:0c7664fd63e4bff05c62a1ac4a25b3285d0e00e79a7a835cd3f5d564f21432b8'}",mock
0x8336c84979745cf9a3a50f9f3f744fd03cb62690f26ece25a095b232058d842a,86000,1,TicketReserved,"{'model_id': 'model_mnist_784_noniid', 'round': 1, 'ticket_id': 100, 'owner': 'acct_50'}",mock
0x0be692e19f9e2d768f677121da7a03d8e53be692e0609caec8640440eae076ef,93000,1,UpdatePublished,"{'model_id': 'model_mnist_784_noniid', 'round': 1, 'ticket_id': 100, 'cid': 'sha256:746d23389def0f2eb67128a63f3b83eeb6d7744af71adf69171e1dc2b482ce15'}",mock
0x4174fa41755e1774db672ddea33a8eaec65545b0f739655ef3a317b8f8c392de,885000,1,RoundFinalized,"{'model_id': 'model_mnist_784_noniid', 'round': 1, 'included': 26, 'refunds': 50}",mock
0xccec27948ecf60112e48c2580899cfc401411e2e782104b0531babc277aef74e,52000,1,RoundFunded,"{'model_id': 'model_mnist_784_noniid', 'amount_wei': 10000000000000000}",mock
0x78a6943ed2a973cf52c3bc7bdd398057d51b471e0cd521c1668400bc83d39867,86000,1,TicketReserved,"{'model_id': 'model_mnist_784_noniid', 'round': 2, 'ticket_id': 101, 'owner': 'acct_1'}",mock
0x72a8dd84dd078e4b9326fe7994746b2b314e6d84d13743f897fc8e3bf7ec1998,93000,1,UpdatePublished,"{'model_id': 'model_mnist_784_noniid', 'round': 2, 'ticket_id': 101, 'cid': 'sha256:43ac55cf9501627013c1e715cd751e3888c96b0a6086583500dc087879f5385f'}",mock
0x2141564aa12bf6207614efca5b526938fed4353ee700c1b9dd0d4389595f08a5,86000,1,TicketReserved,"{'model_id': 'model_mnist_784_noniid', 'round': 2, 'ticket_id': 102, 'owner': 'acct_2'}",mock
0x9faa57f9e43131b32e396f3df30a0de4655f79e0ddce296cd2208fd07b48e63c,93000,1,UpdatePublished,"{'model_id': 'model_mnist_784_noniid', 'round': 2, 'ticket_id': 102, 'cid': 'sha256:4928f3bd4f213e1171b8a32e9d4493eedd48d3a4fffef970212da6b039819890'}",mock
0x84edbb1a55b34c4372a3f680a13a73fa12cd4db86b430d97fffb9e72ff554b76,86000,1,TicketReserved,"{'model_id': 'model_mnist_784_noniid', 'round': 2, 'ticket_id': 103, 'owner': 'acct_3'}",mock
0x6f30422158b0557cefad3e631a78c4bab9753024693ab17328578ad115c8c95d,93000,1,UpdatePublished,"{'model_id': 'model_mnist_784_noniid', 'round': 2, 'ticket_id': 103, 'cid': 'sha256:15318f5c7d02e09cfa2e656f100de1d1b5d144e9de478fafbdec8e5147fd32d7'}",mock
0xd6c30133bfe8a680c89793e14e20610f75646de0e040049410e3506c6138875e,86000,1,TicketReserved,"{'model_id': 'model_mnist_784_noniid', 'round': 2, 'ticket_id': 104, 'owner': 'acct_4'}",mock
0x31df7e61763d47b0063bf5d9753a34cca4873a67875e42f00658a38c4154676c,93000,1,UpdatePublished,"{'model_id': 'model_mnist_784_noniid', 'round': 2, 'ticket_id': 104, 'cid': 'sha256:d169b10c75a13bcd65978d667591f7205823a241b7bf86e66d8d83cb523ce5c0'}",mock
0x46b8065d063777460904bc77e20aaa64914b799cc69bf0282f004ffe86ebe69e,86000,1,TicketReserved,"{'model_id': 'model_mnist_784_noniid', 'round': 2, 'ticket_id': 105, 'owner': 'acct_5'}",mock
0x75b1301ac7191ea12efbf53d6f4c054aba21aca96fe7bab473658629e2a7e53a,93000,1,UpdatePublished,"{'model_id': 'model_mnist_784_noniid', 'round': 2, 'ticket_id': 105, 'cid': 'sha256:078771aa32532e89816d6914f87ed481067d08151851a0156d2bc50e2f2956aa'}",mock
0x99d38fc48fea64180e27c2cbdf834fec287260b132c6c601490c7af12e7f2af0,86000,1,TicketReserved,"{'model_id': 'model_mnist_784_noniid', 'round': 2, 'ticket_id': 106, 'owner': 'acct_6'}",mock
0x17e1c656052c618af3b62df382ec1c4e02a038f42253d128c1da7ff54833f60c,93000,1,UpdatePublished,"{'model_id': 'model_mnist_784_noniid', 'round': 2, 'ticket_id': 106, 'cid': 'sha256:1411cfd7b854706f3d8619e7142d33d153f3be415b4fba0a927d5b5431bb012d'}",mock
0xafaef37dd987a44bf949a968b7ece858a513d4fb511c7f246d4b5cd4c66a74cb,86000,1,TicketReserved,"{'model_id': 'model_mnist_784_noniid', 'round': 2, 'ticket_id': 107, 'owner': 'acct_7'}",mock
0xbdc134598e604f22e086ecf392efb393395ea35f546d1f8b07e0ee28f9ddc40f,93000,1,UpdatePublished,"{'model_id': 'model_mnist_784_noniid', 'round': 2, 'ticket_id': 107, 'cid': 'sha256:49685563b491e01f8c1f6149c880727d015f94339602b443bfc30f31f6ec4c47'}",mock
0x965e8ef5766faf405c8b854d46ca5a125203249ac6fa958b962799051e459e74,86000,1,TicketReserved,"{'model_id': 'model_mnist_784_noniid', 'round': 2, 'ticket_id': 108, 'owner': 'acct_8'}",mock
0xa15d6b9bb099cdc3a5b677c825d15f2a828c9cba575029d4c4daaecccc7980bf,93000,1,UpdatePublished,"{'model_id': 'model_mnist_784_noniid', 'round': 2, 'ticket_id': 108, 'cid': 'sha256:eba27441f889b5dbf3d1a4ff0922c9af6261b98d14a36449b15189f2f702c0fa'}",mock
0x32d5cfe47776b2985b4620e70cb00107ba1078a3b45b807129189403030a93f3,86000,1,TicketReserved,"{'model_id': 'model_mnist_784_noniid', 'round': 2, 'ticket_id': 109, 'owner': 'acct_9'}",mock
0x2d3734bc43a1aa5c7b6d1ee81889ac505aa7c2d35d5239187ccd3f1851a0f255,93000,1,UpdatePublished,"{'model_id': 'model_mnist_784_noniid', 'round': 2, 'ticket_id': 109, 'cid': 'sha256:7d545f7801860c2e89e8656c9c7b5ee3a15b669273db7b043c24cb15d3d0348f'}",mock
0xcaca70f4d044976f4209c07b7adf5f9887f1d6dbbd46fe5b2f4b2fdc094f6196,86000,1,TicketReserved,"{'model_id': 'model_mnist_784_noniid', 'round': 2, 'ticket_id': 110, 'owner': 'acct_10'}",mock
0xe124a8ce309c4741feb32009eee1311750960783558620ef1bd9cbc37c896eb9,93000,1,UpdatePublished,"{'model_id': 'model_mnist_784_noniid', 'round': 2, 'ticket_id': 110, 'cid': 'sha256:4f8a793d9ae921b2f7f6f157b7ea428498381bad44f77537aaf3abb334c2942b'}",mock
0x0bca25c553b00f210b158c652ff733d453174bcc7e253066b0bef4068e0f3c34,86000,1,TicketReserved,"{'model_id': 'model_mnist_784_noniid', 'round': 2, 'ticket_id': 111, 'owner': 'acct_11'}",mock
0x79e56418870a2360a526ba7837940e71072e954ccb81fad02d23016d075559b5,93000,1,UpdatePublished,"{'model_id': 'model_mnist_784_noniid', 'round': 2, 'ticket_id': 111, 'cid': 'sha256:2c897c3a4d5761c42798eafbc9e4f1c0501e6c32903ac791e258ea5d85416494'}",mock
0xa968c802fca3ee3ee5a18fb89ae882b2def2b39ab667e34da027def4575e3964,86000,1,TicketReserved,"{'model_id': 'model_mnist_784_noniid', 'round': 2, 'ticket_id': 112, 'owner': 'acct_12'}",mock
0x3b8d0c20e90850bb6d12da5ba922549210d20b692691c09d4c22986244de7a2a,93000,1,UpdatePublished,"{'model_id': 'model_mnist_784_noniid', 'round': 2, 'ticket_id': 112, 'cid': 'sha256:456b3648019b77a2a16bb9c1290c03892ed2e988e94092330f35896b8d0aa897'}",mock
0xc768d3086a7b3ca0c81fa4a0b0055e9b11c838c6c1fd530d1665e516ae601c84,86000,1,TicketReserved,"{'model_id': 'model_mnist_784_noniid', 'round': 2, 'ticket_id': 113, 'owner': 'acct_13'}",mock
0x51f7feb3dbdf20c55323ca2b80b7076f107e26050b06698603f16655b1594e7c,93000,1,UpdatePublished,"{'model_id': 'model_mnist_784_noniid', 'round': 2, 'ticket_id': 113, 'cid': 'sha256:a3d59c58839414b34822ef44a7dfe0fb282edc74c585ecd97018b948c3afa0b8'}",mock
0x5237c45f144b4d1cbacb8e17c62635868ee76b54e2117573ac25406129166da1,86000,1,TicketReserved,"{'model_id': 'model_mnist_784_noniid', 'round': 2, 'ticket_id': 114, 'owner': 'acct_14'}",mock
0xd7b5002df66bd7659adefa5042456f149aeed7ce958a922c9d337ac754e39fd1,93000,1,UpdatePublished,"{'model_id': 'model_mnist_784_noniid', 'round': 2, 'ticket_id': 114, 'cid': 'sha256:4ac1f6985c700c7c1a46f5161b159a51743aad8872103876ab5fe54844ff8e59'}",mock
0xf90faa52eda7191bf37163e9660795e7e3cb3f05ee9afe37ae67c58e99e0c60a,86000,1,TicketReserved,"{'model_id': 'model_mnist_784_noniid', 'round': 2, 'ticket_id': 115, 'owner': 'acct_15'}",mock
0x3f7a58595dff3391840ac7355cdcdbc6689a6e848ed887601442fb8d51f58c0f,93000,1,UpdatePublished,"{'model_id': 'model_mnist_784_noniid', 'round': 2, 'ticket_id': 115, 'cid': 'sha256:9826d25acbd1f4d20708a414d409621da59542663824d4ee6a76f052fe935c39'}",mock
0x2f42cc58ead8fc7252707ee2f4a92c6525aacc8acb9ef6abb7563b637bbafcad,86000,1,TicketReserved,"{'model_id': 'model_mnist_784_noniid', 'round': 2, 'ticket_id': 116, 'owner': 'acct_16'}",mock
0xb7abe2d95788fa285fd11eeff4c52021b232f6b050b276b9ea4d3d8c0de36ec9,93000,1,UpdatePublished,"{'model_id': 'model_mnist_784_noniid', 'round': 2, 'ticket_id': 116, 'cid': 'sha256:34d13f17239ad1c0fe1219910039b654e0291e780ae66f6f2f2c19b7a9da6790'}",mock
0xa016c7f8ab9fc4c6b995f5f91e126ca236cb33e82ba68b5207dc36efeaeecef8,86000,1,TicketReserved,"{'model_id': 'model_mnist_784_noniid', 'round': 2, 'ticket_id': 117, 'owner': 'acct_17'}",mock
0x498df530f363b36bcb4b6e3101408ab45e3fb0878893b666d2422bad3302be37,93000,1,UpdatePublished,"{'model_id': 'model_mnist_784_noniid', 'round': 2, 'ticket_id': 117, 'cid': 'sha256:4f7306c797b29b99cfb9157a75131c6ce993a51bfb9ae0b6ba6b9ec558794fbb'}",mock
0xb616432d95f415b1b412a88e14de553b5ebb694ee94d6963d17884faaf4a8c7c,86000,1,TicketReserved,"{'model_id': 'model_mnist_784_noniid', 'round': 2, 'ticket_id': 118, 'owner': 'acct_18'}",mock
0xd39a92c13d68511a108898657e033c14e67764bf83dd503c464de82bdde425c3,93000,1,UpdatePublished,"{'model_id': 'model_mnist_784_noniid', 'round': 2, 'ticket_id': 118, 'cid': 'sha256:7ecc025a6d468bed586e333fea6e07c5660ef92bdb67bfebe6f797eabdcff560'}",mock
0xe219ce7eb7ad068722222e2f7cd3e953ad5b95b04ae3d9f251ed65a28bdcde78,86000,1,TicketReserved,"{'model_id': 'model_mnist_784_noniid', 'round': 2, 'ticket_id': 119, 'owner': 'acct_19'}",mock
0x8243e5a6328525982e73e71f536d78ef0d43fc4bed9bb3ce6fd5dab7f639fefe,93000,1,UpdatePublished,"{'model_id': 'model_mnist_784_noniid', 'round': 2, 'ticket_id': 119, 'cid': 'sha256:84c748033a7a96e27c907cb5d3ef90f22948d50b2e75119cba1b358ceccd2755'}",mock
0x3850b34fde5db10d0c641e4cfc408db3e585ebf192c948841dd16e603420a52e,86000,1,TicketReserved,"{'model_id': 'model_mnist_784_noniid', 'round': 2, 'ticket_id': 120, 'owner': 'acct_20'}",mock
0xe87462efde6c25483ebd48e1381b744239accfff10bbfdae7de2c6959d7fbfcb,93000,1,UpdatePublished,"{'model_id': 'model_mnist_784_noniid', 'round': 2, 'ticket_id': 120, 'cid': 'sha256:7b044a9edf7d40ef265ef64fe3e9f62fd1474afffec9710e5fb29f6aba0ed646'}",mock
0x9326c2c6df3b7056364d8fc99181239de76e337ec077cfcbc199d067b8850bb1,86000,1,TicketReserved,"{'model_id': 'model_mnist_784_noniid', 'round': 2, 'ticket_id': 121, 'owner': 'acct_21'}",mock
0x192eae343de4bff08722665a16d0c556ed46adf6bceb2bf0cf2478c0134cd2d2,93000,1,UpdatePublished,"{'model_id': 'model_mnist_784_noniid', 'round': 2, 'ticket_id': 121, 'cid': 'sha256:c8e05756d106ca624599c707ee21427a76644a23b86f5d0e4547bcd0a68e3ce0'}",mock
0x8588b3903ba1ce2b200d0fc5e6ab1d9b6ba24d6c19a199f9196cade0b4bef535,86000,1,TicketReserved,"{'model_id': 'model_mnist_784_noniid', 'round': 2, 'ticket_id': 122, 'owner': 'acct_22'}",mock
0xf69a652b7073cbee3dceeca64d6b7a78a7c4164d1d0e9f342124481ef7f889ab,93000,1,UpdatePublished,"{'model_id': 'model_mnist_784_noniid', 'round': 2, 'ticket_id': 122, 'cid': 'sha256:d8e60ae18e7ccf26e3af7c628a89711a76e6f389398a2687520fca4d69867742'}",mock
0x8f2063364504350ebdc6d1e5aeb14b203b10e462b9939093e031d7ab04834e4f,86000,1,TicketReserved,"{'model_id': 'model_mnist_784_noniid', 'round': 2, 'ticket_id': 123, 'owner': 'acct_23'}",mock
0x46d22d067d7135b7a3203c937ec285552a0fd6ff5cadf39f4284741dd49d3362,93000,1,UpdatePublished,"{'model_id': 'model_mnist_784_noniid', 'round': 2, 'ticket_id': 123, 'cid': 'sha256:e7ef5af3b52577ff8d79df7330db288c8f8b3900f886f8308d768b433fc4b896'}",mock
0xbeb6729baa1bbdb848d0e0da61f6ab951a240308ba05425f0d8cf542b0f31dda,86000,1,TicketReserved,"{'model_id': 'model_mnist_784_noniid', 'round': 2, 'ticket_id': 124, 'owner': 'acct_24'}",mock
0xc7212a79b294598ecaa3e609f75e076d58945faeb35bdcb9bafdff182023bc35,93000,1,UpdatePublished,"{'model_id': 'model_mnist_784_noniid', 'round': 2, 'ticket_id': 124, 'cid': 'sha256:f60a48689b5d764ae3ad9f375a029b6f403a63c480cc9e99efad93f7d360eb46'}",mock
0xc3471d57a7445071f8e710a15d0c6c17aae3ede7a5d1e959f9f0d8c6c453f4d1,86000,1,TicketReserved,"{'model_id': 'model_mnist_784_noniid', 'round': 2, 'ticket_id': 125, 'owner': 'acct_25'}",mock
0xea0fc5682367fe074f54bc898ea5d78789a39f89c086920216bf3708d6d02bb9,93000,1,UpdatePublished,"{'model_id': 'model_mnist_784_noniid', 'round': 2, 'ticket_id': 125, 'cid': 'sha256:8eaab8f31bfbb67a74804b0006100120e34e6286cefd43daf40aa293e9d4413d'}",mock
0xbdf144e8e41eb034955868f0cca3131d2f67c64dc05c75e16492ce19c2ff50cc,86000,1,TicketReserved,"{'model_id': 'model_mnist_784_noniid', 'round': 2, 'ticket_id': 126, 'owner': 'acct_26'}",mock
0x32978f8e8e7f5241b89a32e11ca3bc32fffad78450518c181d9a44b8727f4f71,93000,1,UpdatePublished,"{'model_id': 'model_mnist_784_noniid', 'round': 2, 'ticket_id': 126, 'cid': 'sha256:8df2d06f10807579138ca90ca6088ca9f0af6516e02a7d710328867cfb90e2fb'}",mock
0xf7b9d0da5231444052736eb0f51003ac5b47089c379536d7c400ad710f5230c4,86000,1,TicketReserved,"{'model_id': 'model_mnist_784_noniid', 'round': 2, 'ticket_id': 127, 'owner': 'acct_27'}",mock
0x974aaa3580ec1dc215c5ac7f4aae8f65926c2a2006d513aec3b9e89720c2b443,93000,1,UpdatePublished,"{'model_id': 'model_mnist_784_noniid', 'round': 2, 'ticket_id': 127, 'cid': 'sha256:b6fca8987247869f942b4b81f7c11295b40ed5141785f94aa3d42a95bc4bab73'}",mock
0x072915ad79702a7608f8c490422b5e6676f5acd16b13910fe125396626fa2549,86000,1,TicketReserved,"{'model_id': 'model_mnist_784_noniid', 'round': 2, 'ticket_id': 128, 'owner': 'acct_28'}",mock
0xc49b27ea408f644c2dd00eec62b7e953808e81bb9fd64069d4ecb6a6815d0cbe,93000,1,UpdatePublished,"{'model_id': 'model_mnist_784_noniid', 'round': 2, 'ticket_id': 128, 'cid': 'sha256:445616a70569382dd12e9ffa4baea2f3b497707ecb4d85aaa5128c716331479e'}",mock
0x8f37c659c9e7f41c46769b142042b507d26ab0f8b7e193fc1f9b7a687e088dd5,86000,1,TicketReserved,"{'model_id': 'model_mnist_784_noniid', 'round': 2, 'ticket_id': 129, 'owner': 'acct_29'}",mock
0xa5f99c55df273c161cbe75ef012d8b68608a75ad0d712ae0663a061ee1c99eb2,93000,1,UpdatePublished,"{'model_id': 'model_mnist_784_noniid', 'round': 2, 'ticket_id': 129, 'cid': 'sha256:32e0ead157967de17ed921a2fdeba0fe3b2b9d00b196b7a85fc51f1c6b8f6d44'}",mock
0x9e97c23ca1e170c3a8c3ff86867ed7e2dafe742f7e9ef840b71284a46a29bfd7,86000,1,TicketReserved,"{'model_id': 'model_mnist_784_noniid', 'round': 2, 'ticket_id': 130, 'owner': 'acct_30'}",mock
0x86506a62fb695dbcae72c3fc3d9b3ac2d691bdc8bbbd9a6496929089f300e1f5,93000,1,UpdatePublished,"{'model_id': 'model_mnist_784_noniid', 'round': 2, 'ticket_id': 130, 'cid': 'sha256:4a2695a4bc4423ed620c5db5a747ecf81c0d12a5fdf4a9ded6fd18fa86ea4eef'}",mock
0xec8664c417b010c6038a71fe2639d51a627d95c4a5b92636435893b5aa11ebf4,86000,1,TicketReserved,"{'model_id': 'model_mnist_784_noniid', 'round': 2, 'ticket_id': 131, 'owner': 'acct_31'}",mock
0xc4f7f31b1f79945c4024a8dc3506b1b385af690bd07872929c951dae146c540d,93000,1,UpdatePublished,"{'model_id': 'model_mnist_784_noniid', 'round': 2, 'ticket_id': 131, 'cid': 'sha256:3492425875ca05f6f1cee9d2aed000caa4f28c431a33269c9c4f2714771dd3c6'}",mock
0xf909951a2426b8c988cae3f52f2f905e3b64979af115f1c587a62de6889ef575,86000,1,TicketReserved,"{'model_id': 'model_mnist_784_noniid', 'round': 2, 'ticket_id': 132, 'owner': 'acct_32'}",mock
0xba6bfe292a0cb96ee8c4d670fb5ec616bf4efaaeb54d8e15555601fb5ad24f3c,93000,1,UpdatePublished,"{'model_id': 'model_mnist_784_noniid', 'round': 2, 'ticket_id': 132, 'cid': 'sha256:4dbb9c889a076f05b8b033a13c8b3839f675e11101ee06ffe2c080cd0a3ed6f2'}",mock
0xcb2a2e4a83cbc7ee3ddfc8cd317c4b109b424b50de0b60263dd7a9620f8fa465,86000,1,TicketReserved,"{'model_id': 'model_mnist_784_noniid', 'round': 2, 'ticket_id': 133, 'owner': 'acct_33'}",mock
0xec39696a82fb614a577f52ce6e1d775649c7820b4a01dfbe46a7531ede820b5e,93000,1,UpdatePublished,"{'model_id': 'model_mnist_784_noniid', 'round': 2, 'ticket_id': 133, 'cid': 'sha256:1b5a43cd8b43e0d3f422dee7d86a9f32247f2f3fdc49a4f594fa86388522b6f8'}",mock
0x74135abe38975cd25edbd016240183599aab29c4d290dad43a53bef027af975a,86000,1,TicketReserved,"{'model_id': 'model_mnist_784_noniid', 'round': 2, 'ticket_id': 134, 'owner': 'acct_34'}",mock
0x5632fe01adbd808c6156485282525798fd5e5c9691d3f949d2606c03b4017309,93000,1,UpdatePublished,"{'model_id': 'model_mnist_784_noniid', 'round': 2, 'ticket_id': 134, 'cid': 'sha256:d988ad50d58f9313232aff8b910306e206ab6918d4375fda6dc764eb09fd07e0'}",mock
0x66c28a0c29afbf4eec17698f7f8ce4b5d550df86d8f0010919ec34cd6acae9ae,86000,1,TicketReserved,"{'model_id': 'model_mnist_784_noniid', 'round': 2, 'ticket_id': 135, 'owner': 'acct_35'}",mock
0x91d956a356126a50690f3f8103eaabd204b06a93bdc3ac2e1cd175b3894cfd9a,93000,1,UpdatePublished,"{'model_id': 'model_mnist_784_noniid', 'round': 2, 'ticket_id': 135, 'cid': 'sha256:a36233685731c87ff639d0d0035b2c3fcf2c4ae0380ceab5543a18c1a3c70239'}",mock
0xcc5742853494b4610e94ace1d104648875363e0e578ae0d8618b5ac7fa4aa5be,86000,1,TicketReserved,"{'model_id': 'model_mnist_784_noniid', 'round': 2, 'ticket_id': 136, 'owner': 'acct_36'}",mock
0x46629eccb8ca5a226ea266e66072693e301c9ff155e11607ffa056bc452b8605,93000,1,UpdatePublished,"{'model_id': 'model_mnist_784_noniid', 'round': 2, 'ticket_id': 136, 'cid': 'sha256:8474f7bbe4e303eb6285cce0050a49a6af3e74ccf91a5993d846c5a6159cac7b'}",mock
0x84f0d2584768033f0b512dcd2bc5573b32ea085a6f17852c5268824d53c46d2b,86000,1,TicketReserved,"{'model_id': 'model_mnist_784_noniid', 'round': 2, 'ticket_id': 137, 'owner': 'acct_37'}",mock
0xb2023e329182879eaa3735d74059e2adadfe08acf97b19e04251c3ecfc16e621,93000,1,UpdatePublished,"{'model_id': 'model_mnist_784_noniid', 'round': 2, 'ticket_id': 137, 'cid': 'sha256:ac3dd5368b9198d44e1828f3e62e1727ce0eb88054d81ccbec6008bafa819ef3'}",mock
0x2c329204b2558e887a2eb37ca5b94c40f7b58551d2e2396afa8803c0789bc878,86000,1,TicketReserved,"{'model_id': 'model_mnist_784_noniid', 'round': 2, 'ticket_id': 138, 'owner': 'acct_38'}",mock
0xe6ce89361aac3d442576f6d74d0b78cf52aa3568dbeacd30564baf3f7e23cef5,93000,1,UpdatePublished,"{'model_id': 'model_mnist_784_noniid', 'round': 2, 'ticket_id': 138, 'cid': 'sha256:a43ecae24d0963a8c7658f58d62351f1c91f0551186e0476282fc9a199ef3b81'}",mock
0xd1319538e19fc2ef1e510278467176029605f530966abedc44982671fc21c34e,86000,1,TicketReserved,"{'model_id': 'model_mnist_784_noniid', 'round': 2, 'ticket_id': 139, 'owner': 'acct_39'}",mock
0x5dad480452abb0d4cfd595b1f9482fbd849b47b2cb5b5635956e4dfb94843fdc,93000,1,UpdatePublished,"{'model_id': 'model_mnist_784_noniid', 'round': 2, 'ticket_id': 139, 'cid': 'sha256:2c02a9c0e591588859e84191854465cbeb561285a52321e605754eac5bf482d7'}",mock
0xe73d01d32009b1b612a14e65163449fef173c3e5c1fab2aa5eda186498a6d387,86000,1,TicketReserved,"{'model_id': 'model_mnist_784_noniid', 'round': 2, 'ticket_id': 140, 'owner': 'acct_40'}",mock
0x4ca3b83fed9460610d9fddd134c7b8123812cb3155ac0e2eaf0cf0f79f3dd9d0,93000,1,UpdatePublished,"{'model_id': 'model_mnist_784_noniid', 'round': 2, 'ticket_id': 140, 'cid': 'sha256:c4f4b85633ed0c615df229734cb73a2a171460f29725e5688fe99c8158f7b828'}",mock
0x98b19c15bd7783e48c76ddb7004c45377677df2ea6ff9e4183ba1290eb6b1d3a,86000,1,TicketReserved,"{'model_id': 'model_mnist_784_noniid', 'round': 2, 'ticket_id': 141, 'owner': 'acct_41'}",mock
0xe38b69fa2b8c69829f6d4a466b3efebce00e40677c2e2e88396df957fccb58c5,93000,1,UpdatePublished,"{'model_id': 'model_mnist_784_noniid', 'round': 2, 'ticket_id': 141, 'cid': 'sha256:39144c35af7e6e5df8977d3efd9e18f8ed2856a33a0b81020c77c505ed53786f'}",mock
0x6e9b6b57b2f2c0f0cf0cb8bade5b30e98d32f4914b737602b54b0efde8314bee,86000,1,TicketReserved,"{'model_id': 'model_mnist_784_noniid', 'round': 2, 'ticket_id': 142, 'owner': 'acct_42'}",mock
0xa5121da088b90cf1b5a9978dfdde0c519c33541e828e27d3bd35b37028df29e4,93000,1,UpdatePublished,"{'model_id': 'model_mnist_784_noniid', 'round': 2, 'ticket_id': 142, 'cid': 'sha256:8e93cdab98a6ef64642cc2702736c037be12f3cca92c9efeb47dfbc17c6dfe18'}",mock
0xe96b4292b16ae7a4c96b43a0b1a58bc28c7489d3d4a6ea5590fe1ce51c9fcd46,86000,1,TicketReserved,"{'model_id': 'model_mnist_784_noniid', 'round': 2, 'ticket_id': 143, 'owner': 'acct_43'}",mock
0x73d25142819d86d1497369f78117ba8b0ae804744805d8242f853cf97023530b,93000,1,UpdatePublished,"{'model_id': 'model_mnist_784_noniid', 'round': 2, 'ticket_id': 143, 'cid': 'sha256:a3e6725512a396eee036c97bef6f4fc037f68ef4ccd7066aa37553782e90e1cf'}",mock
0x61f290fc0510dbc10130921ca05cb47d31b6210ec112e01ba4691eb29edbd34c,86000,1,TicketReserved,"{'model_id': 'model_mnist_784_noniid', 'round': 2, 'ticket_id': 144, 'owner': 'acct_44'}",mock
0xf5c860ca5dd67e46538c0aed72df84184e42391c79acb8615dfbcaccfc34e18a,93000,1,UpdatePublished,"{'model_id': 'model_mnist_784_noniid', 'round': 2, 'ticket_id': 144, 'cid': 'sha256:832b0ab2a40bd794be86bd19e9e9be95de3b61a4e6f9906e732daba2b28105d8'}",mock
0x2be406384e8a246b9e3f542ab185c799720666f102ff34f55b4def916babd209,86000,1,TicketReserved,"{'model_id': 'model_mnist_784_noniid', 'round': 2, 'ticket_id': 145, 'owner': 'acct_45'}",mock
0x2e2300ac4a3cab7140f644bc2b8ee188fde8b0639f77e155d5369308a87a3bdd,93000,1,UpdatePublished,"{'model_id': 'model_mnist_784_noniid', 'round': 2, 'ticket_id': 145, 'cid': 'sha256:378ad9c8bb3ee237a5b206a553504cf120f71e67014becd7522c2b2e9b639e56'}",mock
0x1d91cd076f1a2f44a29832aa5fe0ff50cd8bbdd51c81ba36257b2f02f39b59e4,86000,1,TicketReserved,"{'model_id': 'model_mnist_784_noniid', 'round': 2, 'ticket_id': 146, 'owner': 'acct_46'}",mock
0x97335437eadc84f5b24faff4e02e8ee5aef33a7b0766aff69c9067dbd153e643,93000,1,UpdatePublished,"{'model_id': 'model_mnist_784_noniid', 'round': 2, 'ticket_id': 146, 'cid': 'sha256:378bdad4182c6a9dd4118edbbd65f4ccaf985fe52afeb188b8d4d0001e7af31f'}",mock
0xc137e77caec2be19caf0adf83dc2f98ec4412fa51fa4a81373c2a23dad76fe2d,86000,1,TicketReserved,"{'model_id': 'model_mnist_784_noniid', 'round': 2, 'ticket_id': 147, 'owner': 'acct_47'}",mock
0x2fa205d5e41db47cc00dccaa30e620e22e4f1389b8f6355c22c0df166580585c,93000,1,UpdatePublished,"{'model_id': 'model_mnist_784_noniid', 'round': 2, 'ticket_id': 147, 'cid': 'sha256:d6a5e07ab40a5504b615ff3c5ae199119b391513dcb9fd7c38be34e64ca6f0cc'}",mock
0xe3dd536b4a038001723b85b4b35611f604d7cafeaf249de9b6bfab3949e2b298,86000,1,TicketReserved,"{'model_id': 'model_mnist_784_noniid', 'round': 2, 'ticket_id': 148, 'owner': 'acct_48'}",mock
0xd9f2f716779d579662277aed7350f06cbfe6d3d5595b9739e7c57b22064ab5ef,93000,1,UpdatePublished,"{'model_id': 'model_mnist_784_noniid', 'round': 2, 'ticket_id': 148, 'cid': 'sha256:403cb35d852c0c78ad3accc47d70a9d2f97526a1e6120667819f30753dbb9bb5'}",mock
0x9d6cccba8cc68455b0bb1dc15fc9234ebc99fb0b8930a1f8c9210d85c90e59c7,86000,1,TicketReserved,"{'model_id': 'model_mnist_784_noniid', 'round': 2, 'ticket_id': 149, 'owner': 'acct_49'}",mock
0x09011da53164b41c2ce2b3ac7d0a8a718676d4aeb0858cf246953a8a3a9df537,93000,1,UpdatePublished,"{'model_id': 'model_mnist_784_noniid', 'round': 2, 'ticket_id': 149, 'cid': 'sha256:e2e06a5fecc7a14165dffeb5c164a6e79febd4b7a413571c10efb3172940a28e'}",mock
0xe1cf16c5f8cdd806d9eb6669423133c6be60a5c4eeee0f014a94a44266f24562,86000,1,TicketReserved,"{'model_id': 'model_mnist_784_noniid', 'round': 2, 'ticket_id': 150, 'owner': 'acct_50'}",mock
0x768b4d698242247f7e6fdb40ec6a4f2d993252d5e53c585efbb604f6c56e4fcc,93000,1,UpdatePublished,"{'model_id': 'model_mnist_784_noniid', 'round': 2, 'ticket_id': 150, 'cid': 'sha256:f1c8c76a9de2adcadbba0d50b81e5ca9397c56fbab7fbb506e0cbe3bbcb1b65d'}",mock
0xb284d866ee3d412489e309e90e9ff9aa9f1698698183697e15c14f0b4eaf4e23,955000,1,RoundFinalized,"{'model_id': 'model_mnist_784_noniid', 'round': 2, 'included': 33, 'refunds': 50}",mock
0x11fc22b024ca9a64b7f76a8704091c61cf2315ba1ffbd2634b2b282c182ba2a3,52000,1,RoundFunded,"{'model_id': 'model_mnist_784_noniid', 'amount_wei': 10000000000000000}",mock
0x4df54672b88db7b16bd07334ca0b622a87a3780120fd076e670f38529c42f1e9,86000,1,TicketReserved,"{'model_id': 'model_mnist_784_noniid', 'round': 3, 'ticket_id': 151, 'owner': 'acct_1'}",mock
0x84693c1c293614ce5177d5699f49fe2639b24dde09a5beebbabc3dc5441d51d1,93000,1,UpdatePublished,"{'model_id': 'model_mnist_784_noniid', 'round': 3, 'ticket_id': 151, 'cid': 'sha256:c408892a2fd37c36470f73707a09f449da3c2026c328370ac3762e94c7c4c021'}",mock
0x04148c2fb0d6b708c71a8ef440420f9877024be1a89454309906e801bb9ae817,86000,1,TicketReserved,"{'model_id': 'model_mnist_784_noniid', 'round': 3, 'ticket_id': 152, 'owner': 'acct_2'}",mock
0x813335ce27a8193d01245c178eb04b7fcf24e46a65dffe8cfbda584ec0d8e70f,93000,1,UpdatePublished,"{'model_id': 'model_mnist_784_noniid', 'round': 3, 'ticket_id': 152, 'cid': 'sha256:385700443954defa416fa01b68148b73afc9ecad47c558576f5410baed6f7bbd'}",mock
0x77d75da3d94a136ffb0ab5dc86018149f90e5005781bbb00a88bc836599400cb,86000,1,TicketReserved,"{'model_id': 'model_mnist_784_noniid', 'round': 3, 'ticket_id': 153, 'owner': 'acct_3'}",mock
0x4010132611143d3c28eea027a1762de0d52f00e0c42ff3a17f13ad4df6246e0c,93000,1,UpdatePublished,"{'model_id': 'model_mnist_784_noniid', 'round': 3, 'ticket_id': 153, 'cid': 'sha256:8de0258612489b76db53a1f3d4d801bf02c98eeeb21d5c75aa1672af570201cc'}",mock
0xe66049b1984b644ecc646f77d3f11fb862baeb19b4836b1add34825e0408eaf9,86000,1,TicketReserved,"{'model_id': 'model_mnist_784_noniid', 'round': 3, 'ticket_id': 154, 'owner': 'acct_4'}",mock
0x7288bfe1bb62e1a1d29a268ae5aeadd2b8aba3f9ef05d41a96eed44733936684,93000,1,UpdatePublished,"{'model_id': 'model_mnist_784_noniid', 'round': 3, 'ticket_id': 154, 'cid': 'sha256:f0ecf42127d2b368a7c6f2eb951737552ff2f443eabda0343243b68f01d52ed9'}",mock
0x84f8556a3f391065089c068006d314c68bf7b984cee3b5927cece1448b0d9968,86000,1,TicketReserved,"{'model_id': 'model_mnist_784_noniid', 'round': 3, 'ticket_id': 155, 'owner': 'acct_5'}",mock
0x0a667cd7239e404dbdb29a8993d0aba0e46148236012a7e1aac1529ae7b20abe,93000,1,UpdatePublished,"{'model_id': 'model_mnist_784_noniid', 'round': 3, 'ticket_id': 155, 'cid': 'sha256:196fc94408dfd0f05e4049f2f2df705ec03459fe13d5964a20b3a7a92002668c'}",mock
0xafeaefbc1ca2807629cc22cfb1a7fd8698d7da90485d2d34c4bff4e05d3f8d85,86000,1,TicketReserved,"{'model_id': 'model_mnist_784_noniid', 'round': 3, 'ticket_id': 156, 'owner': 'acct_6'}",mock
0x41d52bac40bd51e17baaecbc9a70cbc91e7d5eee0da4bc7db88e13c1463456e7,93000,1,UpdatePublished,"{'model_id': 'model_mnist_784_noniid', 'round': 3, 'ticket_id': 156, 'cid': 'sha256:f8e2ebc1e37bdc56d4df685cd52af677d253e040e3236fa13539cd2b72eb7844'}",mock
0x92cc417dcee8eb3a7c12646061688e854cca74a4020076a8f0ae5032a2130ef9,86000,1,TicketReserved,"{'model_id': 'model_mnist_784_noniid', 'round': 3, 'ticket_id': 157, 'owner': 'acct_7'}",mock
0xc60cf5114368c37008fd365f268290f698200a82dbaeaa34c887acb0c6ce7d89,93000,1,UpdatePublished,"{'model_id': 'model_mnist_784_noniid', 'round': 3, 'ticket_id': 157, 'cid': 'sha256:94dc1524b89bb84b474b96c9ca6271f7493b95e4e5b2248765a7ab6a1112a5ae'}",mock
0xdefe0489ff36da73f8314720e5e815973783ee6dbfd8b4dbf064d8445702b77d,86000,1,TicketReserved,"{'model_id': 'model_mnist_784_noniid', 'round': 3, 'ticket_id': 158, 'owner': 'acct_8'}",mock
0x93421acbd1e09f4c1c8e6c1f4d56126e9df620abf2b4515f07c8443a7f792611,93000,1,UpdatePublished,"{'model_id': 'model_mnist_784_noniid', 'round': 3, 'ticket_id': 158, 'cid': 'sha256:725590162909249a36b77e183494c1bb271715cacd75d70947b16576b2b0b1b0'}",mock
0xaa66692a2c7a9a4994177ca61e01196a412f8c2622db832934d1b39df82061d3,86000,1,TicketReserved,"{'model_id': 'model_mnist_784_noniid', 'round': 3, 'ticket_id': 159, 'owner': 'acct_9'}",mock
0x7edb5f03ad1dba6b860cf751341c7d051bf19402190432fca9d943c71eed74ff,93000,1,UpdatePublished,"{'model_id': 'model_mnist_784_noniid', 'round': 3, 'ticket_id': 159, 'cid': 'sha256:61dbda4a9a83d7e069ed54f61c4ade8820e81883ac8a64a09283be7ff87f67f1'}",mock
0x63468b6576611a4654834a490d7df5bcd6006af2e1edafce085c9601a3f0e597,86000,1,TicketReserved,"{'model_id': 'model_mnist_784_noniid', 'round': 3, 'ticket_id': 160, 'owner': 'acct_10'}",mock
0x63ccbeaa2b3e8c0fda520263bc63765c9314958f0384ce80ae732bf921dfa68a,93000,1,UpdatePublished,"{'model_id': 'model_mnist_784_noniid', 'round': 3, 'ticket_id': 160, 'cid': 'sha256:4116f24c7aea796bd155c3c648fcca7c998e3152453daa0fc6b2efa1af83c9cf'}",mock
0x29f08f1b8ca90f31b8de9c6af6cc94c75f70aa99fdced10459bbed238dbf62ad,86000,1,TicketReserved,"{'model_id': 'model_mnist_784_noniid', 'round': 3, 'ticket_id': 161, 'owner': 'acct_11'}",mock
0x52018863e3017bd320337f4506c90be1c17bca01f67a2ecb9e5bcb56fa9e9884,93000,1,UpdatePublished,"{'model_id': 'model_mnist_784_noniid', 'round': 3, 'ticket_id': 161, 'cid': 'sha256:f59ec580a479221411126e523f04eda7250082b7f71c51bb215f33fe17082ba3'}",mock
0xe3d62a1562ee9911355d740627e71b5b1237b695692247042d098777f7dae2d0,86000,1,TicketReserved,"{'model_id': 'model_mnist_784_noniid', 'round': 3, 'ticket_id': 162, 'owner': 'acct_12'}",mock
0xd4d9cd486dde9c8ba5bb0f77e98bea1bed2a3d15365c106aed7ea127cf70960a,93000,1,UpdatePublished,"{'model_id': 'model_mnist_784_noniid', 'round': 3, 'ticket_id': 162, 'cid': 'sha256:c41be2dfcae81b7140157cebd5dd9f6fdd5b578118964a2d28388fde23babd96'}",mock
0x133dab58f31be98f6564a56bd641a1f65de7934d721f1af3d17a1b645a1aff1c,86000,1,TicketReserved,"{'model_id': 'model_mnist_784_noniid', 'round': 3, 'ticket_id': 163, 'owner': 'acct_13'}",mock
0xf0870987772aaf7934ec1ab607390be655b5d2de198b298670781d8d7186a587,93000,1,UpdatePublished,"{'model_id': 'model_mnist_784_noniid', 'round': 3, 'ticket_id': 163, 'cid': 'sha256:21b8f9cf5c22f91e5bf5d68cc8d1c6e845e960ad7a84ac7913766b3d165c6403'}",mock
0xfdfa12cd78af86a5fea4d9f16c67fa09c3e923db2e62e58fe55c151237defd5b,86000,1,TicketReserved,"{'model_id': 'model_mnist_784_noniid', 'round': 3, 'ticket_id': 164, 'owner': 'acct_14'}",mock
0xdb4039d6a3938adc6c6d5ead4c8e58d5be842a582d7448097505d44e3606bb5c,93000,1,UpdatePublished,"{'model_id': 'model_mnist_784_noniid', 'round': 3, 'ticket_id': 164, 'cid': 'sha256:09a36cdfdf0226de9612fedd2d9369c7bd2c451a263f4dea51676950873592a5'}",mock
0x57f0e54fa226c9845e9e64b3acc2c3273e5a9249ba82da12c8315903fbbb17b9,86000,1,TicketReserved,"{'model_id': 'model_mnist_784_noniid', 'round': 3, 'ticket_id': 165, 'owner': 'acct_15'}",mock
0x3c4d5b05ec2ba4f5efa0e3d62a59b3469db87a08e434a24a8d41fff4b3bd616f,93000,1,UpdatePublished,"{'model_id': 'model_mnist_784_noniid', 'round': 3, 'ticket_id': 165, 'cid': 'sha256:60f2fffd1caca44b44029402402b45d44435517f6919aebc17447e8415002893'}",mock
0x459d038fb79591daa04f4c2f3cff211fa9ad8a917797980da9a696882de8eb29,86000,1,TicketReserved,"{'model_id': 'model_mnist_784_noniid', 'round': 3, 'ticket_id': 166, 'owner': 'acct_16'}",mock
0xc48dba457fc585122e4f6d35a4cf30f337728eef8eabe6d35b3c97b4f419d297,93000,1,UpdatePublished,"{'model_id': 'model_mnist_784_noniid', 'round': 3, 'ticket_id': 166, 'cid': 'sha256:1edd703b5d831d732248e124d283e60efeea01f0210ef7e89598f5c17e1bf8a7'}",mock
0xc11a0a29cbdfb71986d1f08fb8b49669ac82496ec12e94a96e600f3692935aeb,86000,1,TicketReserved,"{'model_id': 'model_mnist_784_noniid', 'round': 3, 'ticket_id': 167, 'owner': 'acct_17'}",mock
0x8a751423bf2a825e9cf6f014c8df709284c45cfbc1b335a4b2bfb1a59b412c45,93000,1,UpdatePublished,"{'model_id': 'model_mnist_784_noniid', 'round': 3, 'ticket_id': 167, 'cid': 'sha256:0dd21bc106c1e3c739b3fcbf0dca94cc0f155d1163f3a06e92503787e2c9aebc'}",mock
0x64e9c447e25a1fb8b5641e4c1224266aa4c83931c3b56d347eee7d883bcc4187,86000,1,TicketReserved,"{'model_id': 'model_mnist_784_noniid', 'round': 3, 'ticket_id': 168, 'owner': 'acct_18'}",mock
0x6eb4fa03d31b6bc3f1be7070d78c6cb641aa6d7b411617a8340d1cee579ae409,93000,1,UpdatePublished,"{'model_id': 'model_mnist_784_noniid', 'round': 3, 'ticket_id': 168, 'cid': 'sha256:ff523a99c5af66fbcb5c162c8c399f956099a6c371f61d4959098b010f1e63ac'}",mock
0x4c0d330aed59dbe7822db53e277bd760ca3145f668189b720d747af1658638b7,86000,1,TicketReserved,"{'model_id': 'model_mnist_784_noniid', 'round': 3, 'ticket_id': 169, 'owner': 'acct_19'}",mock
0x222f6c73459615a169d431c2b7e1b1e7195270ed9f5e1ebca8d7d20c52b4b3b9,93000,1,UpdatePublished,"{'model_id': 'model_mnist_784_noniid', 'round': 3, 'ticket_id': 169, 'cid': 'sha256:4d3dc089e03dea7ed21d8f45f466cf097da5f994b92161d164f464133b7fbbf2'}",mock
0xa4641af0eb499537b68d9959fb39cc037ed75d3f59eee77bc14595f0394dd1ef,86000,1,TicketReserved,"{'model_id': 'model_mnist_784_noniid', 'round': 3, 'ticket_id': 170, 'owner': 'acct_20'}",mock
0xf03e70be46b574286beca0869834d557350b1f7950f0448eeeff174ffff7ce65,93000,1,UpdatePublished,"{'model_id': 'model_mnist_784_noniid', 'round': 3, 'ticket_id': 170, 'cid': 'sha256:c1b015cad7b87a118fcafe8dc202a6afdd1230ce9c9813f82d4de8199f76dea7'}",mock
0x8e72b1bf59095909aa90c263e92a9a2462e486c7a6fa492d1ff32353d59f4220,86000,1,TicketReserved,"{'model_id': 'model_mnist_784_noniid', 'round': 3, 'ticket_id': 171, 'owner': 'acct_21'}",mock
0xf1e8d4a809a519c116d76257ae424b5ee59c1bb71c994b1c0aaa34b587d8c92d,93000,1,UpdatePublished,"{'model_id': 'model_mnist_784_noniid', 'round': 3, 'ticket_id': 171, 'cid': 'sha256:7acb3ff91275e7404c03c5be8e3513fa31a24c3000fe4243c73afe471d0dd89a'}",mock
0x82dad3300c25e2a4647306c622a882ac19dda975a11c68ced86e36d99e079f1b,86000,1,TicketReserved,"{'model_id': 'model_mnist_784_noniid', 'round': 3, 'ticket_id': 172, 'owner': 'acct_22'}",mock
0x4c1a45dd482ef3a9eaf22693215e31b396a9c0b92eabb193c26297548b3a1234,93000,1,UpdatePublished,"{'model_id': 'model_mnist_784_noniid', 'round': 3, 'ticket_id': 172, 'cid': 'sha256:7b48c6fb66c0f95c95ad87ee0a2e48974e9c32f219ac72f8ba175f1764f0a985'}",mock
0xdda08fd5a10d83d4b4408feced117ea4b5965f31f9275414229bd3d42d00e2e9,86000,1,TicketReserved,"{'model_id': 'model_mnist_784_noniid', 'round': 3, 'ticket_id': 173, 'owner': 'acct_23'}",mock
0x8388a85fb1df25c97de847b337f8afae39728d503e1ce3a48562bb6387c93092,93000,1,UpdatePublished,"{'model_id': 'model_mnist_784_noniid', 'round': 3, 'ticket_id': 173, 'cid': 'sha256:e2a0b42ecfd5148f4c38d8b30ee0ce1dd084f8b285da9cca5fa049b836722074'}",mock
0x1b05ab46969cf1327ed868ea608fd7284df6f4a60666ab9dc81e4f38b95a922a,86000,1,TicketReserved,"{'model_id': 'model_mnist_784_noniid', 'round': 3, 'ticket_id': 174, 'owner': 'acct_24'}",mock
0x971bb5e1958b593138cddc050be18becf16ee6d76c15b4691625a247058a02ba,93000,1,UpdatePublished,"{'model_id': 'model_mnist_784_noniid', 'round': 3, 'ticket_id': 174, 'cid': 'sha256:af39d304ed70301d2a8e61bc4bc25121af64fdda7ff87371979a054e344e0cdc'}",mock
0xf30d79f55750171330ab57aebbaa3f115efdac98eb5586c038950085bb8fd526,86000,1,TicketReserved,"{'model_id': 'model_mnist_784_noniid', 'round': 3, 'ticket_id': 175, 'owner': 'acct_25'}",mock
0x3b774a9f7091ed161192ccbbcac55e3ccbf4f40a1195bd46603b6841b0036dba,93000,1,UpdatePublished,"{'model_id': 'model_mnist_784_noniid', 'round': 3, 'ticket_id': 175, 'cid': 'sha256:8782f790f0f0b90df6f7078204990bb2468a621f1fe290546820692efb3fbc2e'}",mock
0xd6015f549a294fe9fa75ccd52e015d425c3710a726b8c57cc1f54b147d544895,86000,1,TicketReserved,"{'model_id': 'model_mnist_784_noniid', 'round': 3, 'ticket_id': 176, 'owner': 'acct_26'}",mock
0x9068787d6fcac8864b9d178eac18c04f83d7762a6268426466e5dcf7a7f236c8,93000,1,UpdatePublished,"{'model_id': 'model_mnist_784_noniid', 'round': 3, 'ticket_id': 176, 'cid': 'sha256:0f9422e6ded008ad5e8a10c629907067ca6b4019b64ffc1b98ba51f6f1dc72ae'}",mock
0x317fc14d470c1e590ce1d4861f684f7c66298c390a511131c6898fcb3125ac5e,86000,1,TicketReserved,"{'model_id': 'model_mnist_784_noniid', 'round': 3, 'ticket_id': 177, 'owner': 'acct_27'}",mock
0xc0151458735574b57cd60a4a4bf1337d65e5244689574be3565b119d57cab77e,93000,1,UpdatePublished,"{'model_id': 'model_mnist_784_noniid', 'round': 3, 'ticket_id': 177, 'cid': 'sha256:8bb6650a896f84b9865901bcaf7178bb94bda3d41dad97d9dfd5edceb6425081'}",mock
0x5e2238582a5ac96c6b37bb9418e4485e017a74d0ee2a72d70c5acf0d262c891c,86000,1,TicketReserved,"{'model_id': 'model_mnist_784_noniid', 'round': 3, 'ticket_id': 178, 'owner': 'acct_28'}",mock
0xe3944ffc57ad8ae7a6387fe0b7ba100a278b675b80d11f9c0323e6418ee3fdb8,93000,1,UpdatePublished,"{'model_id': 'model_mnist_784_noniid', 'round': 3, 'ticket_id': 178, 'cid': 'sha256:f8fff37c82f4b191576d49917b1eb4167c4484a95c332f7c6e9fcc3fec2f1a19'}",mock
0x7493559b46303576c1b538d406ccb2c9871ca8df4c24a577df84646c03910cd2,86000,1,TicketReserved,"{'model_id': 'model_mnist_784_noniid', 'round': 3, 'ticket_id': 179, 'owner': 'acct_29'}",mock
0x4dfb6f4136cac86a4d99de29a2786bcbd6dacac1a69dee41cb00bc1c7f7c8ff8,93000,1,UpdatePublished,"{'model_id': 'model_mnist_784_noniid', 'round': 3, 'ticket_id': 179, 'cid': 'sha256:db0150640e4440e99e9f57a64c98052fbdf0f778d418e7a57912b07d186501c1'}",mock
0xe345751f0ccbfd007a8d8930bb1322f2f82e91d2eae9f1f6512904e3b4da942b,86000,1,TicketReserved,"{'model_id': 'model_mnist_784_noniid', 'round': 3, 'ticket_id': 180, 'owner': 'acct_30'}",mock
0x0a22b4947635e6f94988618da61a6406327b5472d502beb26026b41af60248da,93000,1,UpdatePublished,"{'model_id': 'model_mnist_784_noniid', 'round': 3, 'ticket_id': 180, 'cid': 'sha256:e9a338940ea398c86ffa86b85b1b2a51e2f37d2e54417003b7cc8a049ca4a51d'}",mock
0x631324d290efadd8f54917c8b8397317c918741ee8a494e9a49190d8fc356fe2,86000,1,TicketReserved,"{'model_id': 'model_mnist_784_noniid', 'round': 3, 'ticket_id': 181, 'owner': 'acct_31'}",mock
0xf5a966672ee9d1113cb737c702185a71c80c8136c64052285bd04e2f4cad2a5f,93000,1,UpdatePublished,"{'model_id': 'model_mnist_784_noniid', 'round': 3, 'ticket_id': 181, 'cid': 'sha256:2850205bdf0cb4761c58948aca441131074c98be872560acbee6fb922d7c9d2c'}",mock
0xcb6ecdb32d59304669d7f9c88d774295f2e17a1bc1a2003787be81cff7f2987b,86000,1,TicketReserved,"{'model_id': 'model_mnist_784_noniid', 'round': 3, 'ticket_id': 182, 'owner': 'acct_32'}",mock
0xdf3a638cfd78c415f5ec8fd37878ddb7e72916c4de6f79460ed9a6a6911fcbf1,93000,1,UpdatePublished,"{'model_id': 'model_mnist_784_noniid', 'round': 3, 'ticket_id': 182, 'cid': 'sha256:c92734c371359bd615874e557f196d0af055e333b61cf20068de4ca7cb086c8d'}",mock
0xa30f50444ac1919cc33c566b0521ba3bd414bf958c99b1e7b41411c52108293b,86000,1,TicketReserved,"{'model_id': 'model_mnist_784_noniid', 'round': 3, 'ticket_id': 183, 'owner': 'acct_33'}",mock
0x480f18f39641d53353b6cfe4cbadf2160763f89fe85a946dd1e7daa292340b5a,93000,1,UpdatePublished,"{'model_id': 'model_mnist_784_noniid', 'round': 3, 'ticket_id': 183, 'cid': 'sha256:d09bc38842291a1fb3c45292a8f28bb2c832659f147d9dcdc353165c5b556647'}",mock
0xf20a704c3cbec275d127a517cc3788bdb3861483fde849b2c88b7f52ee8b2c66,86000,1,TicketReserved,"{'model_id': 'model_mnist_784_noniid', 'round': 3, 'ticket_id': 184, 'owner': 'acct_34'}",mock
0xb0c366908671794763f39bcb908eacb1aa65cc2409e5872aed3f292e11a95400,93000,1,UpdatePublished,"{'model_id': 'model_mnist_784_noniid', 'round': 3, 'ticket_id': 184, 'cid': 'sha256:7a46fce6038cb3003f361dab26f294ce018c1b12136ecf52104842c2bf0658cb'}",mock
0x909a2cfbd7fd1bcc4c0ac46a082f8ac4fd2318c86b1e70f2ceb53166026e4577,86000,1,TicketReserved,"{'model_id': 'model_mnist_784_noniid', 'round': 3, 'ticket_id': 185, 'owner': 'acct_35'}",mock
0x0b8ffd4361e0abe3d053c12a2e0fe16edbb95788d12e54f84dd5bc7b004c83dd,93000,1,UpdatePublished,"{'model_id': 'model_mnist_784_noniid', 'round': 3, 'ticket_id': 185, 'cid': 'sha256:e8d2b068eaa29ae248e52cd7ca013c725ff1bd0c13dd22247884a23b8be737f9'}",mock
0xb413be74b130138dbe7bb62139dc6e6968a276394a5723ab04d2a2dad9c18192,86000,1,TicketReserved,"{'model_id': 'model_mnist_784_noniid', 'round': 3, 'ticket_id': 186, 'owner': 'acct_36'}",mock
0xabe81907046c8c39cd191a2cb2c37f9bf30bcb779f495d1dbb5e1138701d0d4f,93000,1,UpdatePublished,"{'model_id': 'model_mnist_784_noniid', 'round': 3, 'ticket_id': 186, 'cid': 'sha256:4abb47157e72995ad9a26ee5e2e4cb393163b11392ce662d3635a8283f63e3e2'}",mock
0x62e4a65a9434f9ef21de49da31b89da1504d9f3d17cf657b91e3eeb68fcaad2c,86000,1,TicketReserved,"{'model_id': 'model_mnist_784_noniid', 'round': 3, 'ticket_id': 187, 'owner': 'acct_37'}",mock
0x6e44c36963dec9c2db205e912c669375ce5d36f94abb66f242ab6cd4931ae2c6,93000,1,UpdatePublished,"{'model_id': 'model_mnist_784_noniid', 'round': 3, 'ticket_id': 187, 'cid': 'sha256:56eaf99bf6d980f1d6ba45bf78854eb0bf9a0532a3983e40f40bbf0f470f95e4'}",mock
0x714c0622544943d75e7e1efdacd7628a90757406d62d64c3537ae668610e2862,86000,1,TicketReserved,"{'model_id': 'model_mnist_784_noniid', 'round': 3, 'ticket_id': 188, 'owner': 'acct_38'}",mock
0x80e3b9be7d33be2f223fb35f38463857aace672c4f0b2885fcd500aab8f55be8,93000,1,UpdatePublished,"{'model_id': 'model_mnist_784_noniid', 'round': 3, 'ticket_id': 188, 'cid': 'sha256:db94440b8fd4381a6c8f344f75be96216680e14d6b3dc50a961893f74627293c'}",mock
0xeae6d84b2f94e8c6800e545a5719ba7076d6353710cefe7d7bf86971e7dde098,86000,1,TicketReserved,"{'model_id': 'model_mnist_784_noniid', 'round': 3, 'ticket_id': 189, 'owner': 'acct_39'}",mock
0x8ba3087465812b39e57052519dbbb375dbe5045920c3831f69bbb12acc4c06f1,93000,1,UpdatePublished,"{'model_id': 'model_mnist_784_noniid', 'round': 3, 'ticket_id': 189, 'cid': 'sha256:8a160bf69c4d6b959902074e75b63c3b97bd54575b15146c44a9746177fa3f5e'}",mock
0xc827d90812800a3502638cd721c77252e9e3695133322fa191397ae11b8fca95,86000,1,TicketReserved,"{'model_id': 'model_mnist_784_noniid', 'round': 3, 'ticket_id': 190, 'owner': 'acct_40'}",mock
0x2cf62c664d70d9307895d62810e54233a5fd61d28b25ceaa183395e0de975539,93000,1,UpdatePublished,"{'model_id': 'model_mnist_784_noniid', 'round': 3, 'ticket_id': 190, 'cid': 'sha256:21c3465b7ec7fd0200ac8f211aac82a8f70b45da28cb085e5c15693c5d23fbaf'}",mock
0x2db8228e0fae17471e669a9745a16b1a13b0441ebedce7022591c1f9af8b7bba,86000,1,TicketReserved,"{'model_id': 'model_mnist_784_noniid', 'round': 3, 'ticket_id': 191, 'owner': 'acct_41'}",mock
0x0fff687cd72ea56fcf6c072c544f1cd2c122131da1f28ad5396dc82bd6e934a8,93000,1,UpdatePublished,"{'model_id': 'model_mnist_784_noniid', 'round': 3, 'ticket_id': 191, 'cid': 'sha256:fd7c46f8bce49f61689f1ccbc3321f9a34ec51fe14f49a6d676f7a00e638c216'}",mock
0x75acdc1c6ac29be7ff671383439c47f486e213518dfad4a30804938e04a991f6,86000,1,TicketReserved,"{'model_id': 'model_mnist_784_noniid', 'round': 3, 'ticket_id': 192, 'owner': 'acct_42'}",mock
0x725796f3ffb609bcfe4297c69cb36cdfc56a386e919a852d7a5011aca8689912,93000,1,UpdatePublished,"{'model_id': 'model_mnist_784_noniid', 'round': 3, 'ticket_id': 192, 'cid': 'sha256:35e597c23cc4b971feaee521366037e3cfef479bda7c6b6768090d537b933da2'}",mock
0x585cea3d9f3f4d95bee80bc54073f2eff6234526db46d87abe9ad86be1912388,86000,1,TicketReserved,"{'model_id': 'model_mnist_784_noniid', 'round': 3, 'ticket_id': 193, 'owner': 'acct_43'}",mock
0xf82f472025394a26823148c8f7d51d1d87f507c5338061ff28f3e73f92ec0dce,93000,1,UpdatePublished,"{'model_id': 'model_mnist_784_noniid', 'round': 3, 'ticket_id': 193, 'cid': 'sha256:3cd7587d5ee2830122fa0a515fe9aed614853cd0c396400d0675dfb4ee09da58'}",mock
0xd93b092cca04e537a2f78018d793260f5e4597c598e3af81a7b66aa8bf4b00d5,86000,1,TicketReserved,"{'model_id': 'model_mnist_784_noniid', 'round': 3, 'ticket_id': 194, 'owner': 'acct_44'}",mock
0xce88c6ccae83d42ab046f8bf9c5d6e1a4cd5b7959e0a72e2ec08a812dd217383,93000,1,UpdatePublished,"{'model_id': 'model_mnist_784_noniid', 'round': 3, 'ticket_id': 194, 'cid': 'sha256:7ba7e64520b64c77ac358ecfae95468e43815eabc5ef287e7b41ddd9e6eeeba8'}",mock
0x2d317067ef5a0e2eab557a197b082f99bd4b1e3b911968bf33606db8386ecf5c,86000,1,TicketReserved,"{'model_id': 'model_mnist_784_noniid', 'round': 3, 'ticket_id': 195, 'owner': 'acct_45'}",mock
0xc44cfc4ddd219555903ff25ca29a1112a8f4ce2e4309cee379718b54b2f93872,93000,1,UpdatePublished,"{'model_id': 'model_mnist_784_noniid', 'round': 3, 'ticket_id': 195, 'cid': 'sha256:0fa0acc5967ab53697277315f06b8c58cfeff0568924919e57e7445e73291e08'}",mock
0xd2ebbad8d1fb57a865ede35cd813c08b142160bb32d72328fde49987722262c5,86000,1,TicketReserved,"{'model_id': 'model_mnist_784_noniid', 'round': 3, 'ticket_id': 196, 'owner': 'acct_46'}",mock
0x092177de9cfa25b7c4a1aa7cfa6af5144157007634eb4434527212b6fb8b5e3d,93000,1,UpdatePublished,"{'model_id': 'model_mnist_784_noniid', 'round': 3, 'ticket_id': 196, 'cid': 'sha256:6f0e3d25b04e57e332af9add07e6794016dbacade88dd92f222da8674cd440ff'}",mock
0x1862e5c2f1629c783d033d414d8fa0cce5b43773439c832f5cccc41852b99eee,86000,1,TicketReserved,"{'model_id': 'model_mnist_784_noniid', 'round': 3, 'ticket_id': 197, 'owner': 'acct_47'}",mock
0x4b56c10ef0cfe1b3aecc5b9e0ddfd7b58505b02bac4a466b19bc561b6991419d,93000,1,UpdatePublished,"{'model_id': 'model_mnist_784_noniid', 'round': 3, 'ticket_id': 197, 'cid': 'sha256:fab8b493f7ce004e05869b78757c045dd80163c97c517676a0d115c5cfcc5b0c'}",mock
0x0dc95b03421d82e1c1e9df69cf85db5e41d351ac62354e1f6213173a3f1bafac,86000,1,TicketReserved,"{'model_id': 'model_mnist_784_noniid', 'round': 3, 'ticket_id': 198, 'owner': 'acct_48'}",mock
0x2180a7f3578f747797f2082e064763faae6048fc9a73baab47a97a35f94ed3bf,93000,1,UpdatePublished,"{'model_id': 'model_mnist_784_noniid', 'round': 3, 'ticket_id': 198, 'cid': 'sha256:7b13e16a2ff0df3a97c4e99484cfa5ae4e89f5ae53bea5a5328d1ce0d9eb3833'}",mock
0x710304e9d02e2469db53eab5bb51c9ebf8f70f1f7799dd56f72f9fbe3cbfc428,86000,1,TicketReserved,"{'model_id': 'model_mnist_784_noniid', 'round': 3, 'ticket_id': 199, 'owner': 'acct_49'}",mock
0x878a68d06abf2c37a3e6317b1e04f0eacd0e9fa768efef091ed667c11e12a51c,93000,1,UpdatePublished,"{'model_id': 'model_mnist_784_noniid', 'round': 3, 'ticket_id': 199, 'cid': 'sha256:829bf6d041bcb74a831322ad46b676412e0fa2c8d72bff1b6488cca26d3dc9aa'}",mock
0x8e2436e3cd87e82dffb733667bc674cdcb46f93cc65bad61efd2084955d18ba6,86000,1,TicketReserved,"{'model_id': 'model_mnist_784_noniid', 'round': 3, 'ticket_id': 200, 'owner': 'acct_50'}",mock
0x604092bd4234439caba60252430f0f4a1c1bb5a9afb06bff4887deea22e9e73d,93000,1,UpdatePublished,"{'model_id': 'model_mnist_784_noniid', 'round': 3, 'ticket_id': 200, 'cid': 'sha256:585a7244fb0a6bd14fc6ec034ae9c519d36039ba6bd26fee8b9fe20e58e9b831'}",mock
0xbc1e02fe7b2176d482ecac95824204dc225d23a50a128b88ca6e508566b8a260,955000,1,RoundFinalized,"{'model_id': 'model_mnist_784_noniid', 'round': 3, 'included': 33, 'refunds': 50}",mock
0x534fa8afa5610ab4146e67acfb1da1e87951a5d567dd1aea2dc5dad7263666b3,52000,1,RoundFunded,"{'model_id': 'model_mnist_784_noniid', 'amount_wei': 10000000000000000}",mock
0x129e522a3bc5a641d8ff747fc88d0ee6f7cab7a5f06384074d420ff18d82da9a,86000,1,TicketReserved,"{'model_id': 'model_mnist_784_noniid', 'round': 4, 'ticket_id': 201, 'owner': 'acct_1'}",mock
0xf09ef41b2c5c7bca1f9d426a92839309fd2ca8629ad7fbc9c6e72057caeef60d,93000,1,UpdatePublished,"{'model_id': 'model_mnist_784_noniid', 'round': 4, 'ticket_id': 201, 'cid': 'sha256:5f7eb75d71bd43d7846abca51fc161d0fe55ffd21972bb1915775fcb12f286d9'}",mock
0xfd3335aa32440ead23d4e90fbb26efcb6dc1362a564cf3821548f00033bb7933,86000,1,TicketReserved,"{'model_id': 'model_mnist_784_noniid', 'round': 4, 'ticket_id': 202, 'owner': 'acct_2'}",mock
0x1be7dc2f2b1adc056a927b662c414a415892673841f99e5fc22ac17bf1a2c73b,93000,1,UpdatePublished,"{'model_id': 'model_mnist_784_noniid', 'round': 4, 'ticket_id': 202, 'cid': 'sha256:dd8a0bb3e55a84b5415ccf7feb61261060e371258ab4cf29cb007e58531cc569'}",mock
0xc20481b39c88fa992dd9e524becd155809074005173469964526360372fd6534,86000,1,TicketReserved,"{'model_id': 'model_mnist_784_noniid', 'round': 4, 'ticket_id': 203, 'owner': 'acct_3'}",mock
0xc27b2a1b39606973356538e29237f7d9543e5c6b62f2bad2ababd6fa819c7680,93000,1,UpdatePublished,"{'model_id': 'model_mnist_784_noniid', 'round': 4, 'ticket_id': 203, 'cid': 'sha256:6777391f73688c3f4f7c0f67a779c724c4e96f3996419dab74dbdfee878c5f32'}",mock
0x4ab6c29be301e6da75c201fb6beb595c1507867aeb0cb05499f18e9b506db01e,86000,1,TicketReserved,"{'model_id': 'model_mnist_784_noniid', 'round': 4, 'ticket_id': 204, 'owner': 'acct_4'}",mock
0x556c7206375a287637c90bb9c082d96afa3477ba840b11d75111cd87953c20eb,93000,1,UpdatePublished,"{'model_id': 'model_mnist_784_noniid', 'round': 4, 'ticket_id': 204, 'cid': 'sha256:b17e7f15ed320646608d55e866fcf5793715715e713f32dd09665f4d01fe91dd'}",mock
0xa2ebce57949f252faf419381b76f03e04873b659debb1a7a61d9e27466c19d49,86000,1,TicketReserved,"{'model_id': 'model_mnist_784_noniid', 'round': 4, 'ticket_id': 205, 'owner': 'acct_5'}",mock
0x5c6603fa984b7f8fc0596550b5a3ab2276e956df5151aa24745876c8bb406953,93000,1,UpdatePublished,"{'model_id': 'model_mnist_784_noniid', 'round': 4, 'ticket_id': 205, 'cid': 'sha256:ee33640569bfe1ec5ce8c4bfc1a28e7a9aa3052d1c7a92ddc1dddb4847535f42'}",mock
0x62132be0f0ba7da9341fc5f4ebf96fde58cb24bf6442bd8f58e32c62917a130c,86000,1,TicketReserved,"{'model_id': 'model_mnist_784_noniid', 'round': 4, 'ticket_id': 206, 'owner': 'acct_6'}",mock
0xf504bdc7b39649497ed58f865be7051020c1a3c295decacf4658b8889ff255f3,93000,1,UpdatePublished,"{'model_id': 'model_mnist_784_noniid', 'round': 4, 'ticket_id': 206, 'cid': 'sha256:627fd7dcdb971e270dc1c7ac4d020c172903dc95da952d11504dddb3efea925c'}",mock
0xe7868ee2efb2e5b9bc0c27a1ae3c4973e47161afb0a114c3a07a681ab5e7deca,86000,1,TicketReserved,"{'model_id': 'model_mnist_784_noniid', 'round': 4, 'ticket_id': 207, 'owner': 'acct_7'}",mock
0x08b2d1280c42cfecaccfefff17778e282bab6105b617bda927d7ace3e3afb472,93000,1,UpdatePublished,"{'model_id': 'model_mnist_784_noniid', 'round': 4, 'ticket_id': 207, 'cid': 'sha256:80247fb6f1dfc683103c060466d322d9ecd01702906270b9d0edd3aca29e1ebb'}",mock
0x941e7c0baff99ceab30c2c6e07be286de9641544914218dce1847a298449bfd9,86000,1,TicketReserved,"{'model_id': 'model_mnist_784_noniid', 'round': 4, 'ticket_id': 208, 'owner': 'acct_8'}",mock
0x2570f947c7060a7672668d8c276300ed172d85cc63a54af94b18dde53f50b7a9,93000,1,UpdatePublished,"{'model_id': 'model_mnist_784_noniid', 'round': 4, 'ticket_id': 208, 'cid': 'sha256:c5f7ec95f480ef1231cf0add69eda1e360b8791030e6cf1b178a7a026750d130'}",mock
0x0494654cd44a6d19f49be014512bf2b64ae9719557a776a665ebe26e09014ec0,86000,1,TicketReserved,"{'model_id': 'model_mnist_784_noniid', 'round': 4, 'ticket_id': 209, 'owner': 'acct_9'}",mock
0x7a2e29a8b92c116b2cdf83d86e98057aca9e12e77176896b7ad99d0dae4e4e37,93000,1,UpdatePublished,"{'model_id': 'model_mnist_784_noniid', 'round': 4, 'ticket_id': 209, 'cid': 'sha256:358cdf31e0521713ebffb89b57f1cd4ef9514f8d34ebab6df6cff47b9238bcd7'}",mock
0x5ae16a2cf182c5f276ef2e6748c5a84fd93f8195cb021e932aca5c36c3c6dd6f,86000,1,TicketReserved,"{'model_id': 'model_mnist_784_noniid', 'round': 4, 'ticket_id': 210, 'owner': 'acct_10'}",mock
0xb4b12c38cfacbbb38bc1f5f20d6ca4a8580308989e60a72f252ee6813aeb26ce,93000,1,UpdatePublished,"{'model_id': 'model_mnist_784_noniid', 'round': 4, 'ticket_id': 210, 'cid': 'sha256:b6b32fce39198db420f5c470004f94b3b6e6ca9973eaef3b524eb3e89ade38f5'}",mock
0xa794b573c8dcc9fc01a00e33e73bd0c3d8be0443ea291d71e651d85afc6a2e9a,86000,1,TicketReserved,"{'model_id': 'model_mnist_784_noniid', 'round': 4, 'ticket_id': 211, 'owner': 'acct_11'}",mock
0x193686ecaf9607a8ec51f23249c7f54b4ec45c052f01258dfecf0f405e0c0f89,93000,1,UpdatePublished,"{'model_id': 'model_mnist_784_noniid', 'round': 4, 'ticket_id': 211, 'cid': 'sha256:967d73446fc0848df22d41dffe6b2bb8e3461c51e3ce738bf140c9efa68db338'}",mock
0x82e932da8f15acedad70adca9b8429798f2772a7a5571230469ae44b8a8097d9,86000,1,TicketReserved,"{'model_id': 'model_mnist_784_noniid', 'round': 4, 'ticket_id': 212, 'owner': 'acct_12'}",mock
0x27b1c74f3b768b431a5c86e06abdf0b6f50636aed1098b2390dd55a8e0491647,93000,1,UpdatePublished,"{'model_id': 'model_mnist_784_noniid', 'round': 4, 'ticket_id': 212, 'cid': 'sha256:e2a29a02f8e4cab9bca62fb1988c91c329cdc939f95bda037bec997879fdb91e'}",mock
0x3bfacbeb7e2ced671bcc8c88815613bf77c66239cd3f484f3dbcb5eb36ade8c5,86000,1,TicketReserved,"{'model_id': 'model_mnist_784_noniid', 'round': 4, 'ticket_id': 213, 'owner': 'acct_13'}",mock
0x48e0e6bf06eef16c9e42e2b4fc28495f398237d30fd91d1a23fe98c52f3153b2,93000,1,UpdatePublished,"{'model_id': 'model_mnist_784_noniid', 'round': 4, 'ticket_id': 213, 'cid': 'sha256:e9ea551191fa0adc7ed2ccd573db7389d943652b86a48183f8abe303396b36a5'}",mock
0x31cf59ed42d90e16c771c8200f4cdd727c0bb4f56aeaeb769e82504a3cfc1483,86000,1,TicketReserved,"{'model_id': 'model_mnist_784_noniid', 'round': 4, 'ticket_id': 214, 'owner': 'acct_14'}",mock
0xf7ddce2dfcc50dfcc94bbd7564c0f9ffd8d3503d85ce107308d9f0b6dee621bb,93000,1,UpdatePublished,"{'model_id': 'model_mnist_784_noniid', 'round': 4, 'ticket_id': 214, 'cid': 'sha256:9c8885a472318eb0f24f53361477c269a798ea7fc85d8e3f831c4e989d3a84a0'}",mock
0x61f1d2ae324d5fd0a6463760ade21e8c55113753ed08fccfe5bab91c97ac3f91,86000,1,TicketReserved,"{'model_id': 'model_mnist_784_noniid', 'round': 4, 'ticket_id': 215, 'owner': 'acct_15'}",mock
0x827920130d4fb46b48a42f663ce1c091438479ea1ab98a0ae702a41bde375b24,93000,1,UpdatePublished,"{'model_id': 'model_mnist_784_noniid', 'round': 4, 'ticket_id': 215, 'cid': 'sha256:d697308c7cacf521fa491423dfb0fb1b67ce0d01bc24a126e47b713c7562abff'}",mock
0xaf8bc5341fdea00d9e3dcc125436dca4d6f5277152c98e6135d01e0a71e2e356,86000,1,TicketReserved,"{'model_id': 'model_mnist_784_noniid', 'round': 4, 'ticket_id': 216, 'owner': 'acct_16'}",mock
0xe065d980ace90f1a60acf0ad10be1342774edbc1ec91f182664d15f6067e6ed1,93000,1,UpdatePublished,"{'model_id': 'model_mnist_784_noniid', 'round': 4, 'ticket_id': 216, 'cid': 'sha256:7fea013042d67112bdeffbfa842830c5d35d1fcb1f3a153da6711811f2af2db9'}",mock
0x7f703042f175b210369351084c0b7520468b1433b6240c8cad274ba6849e8330,86000,1,TicketReserved,"{'model_id': 'model_mnist_784_noniid', 'round': 4, 'ticket_id': 217, 'owner': 'acct_17'}",mock
0xe6da2c126b1b5e18ce85e3c4c45ccc3d02ef67a5777c2767e891c7588e3aa648,93000,1,UpdatePublished,"{'model_id': 'model_mnist_784_noniid', 'round': 4, 'ticket_id': 217, 'cid': 'sha256:342794aa2e288ec61b30c05631b75f2eb3cd73cbfb320ad0a9eedc0d2f9fadb1'}",mock
0x07aece86cb4c70c147cc6754ed2f1b9348a90f2617760e71bf070d7e15aecef3,86000,1,TicketReserved,"{'model_id': 'model_mnist_784_noniid', 'round': 4, 'ticket_id': 218, 'owner': 'acct_18'}",mock
0xe3dbb35fcaa57e7fc3e6b1769e92596f3e40d99365fc97cc2ebb8e1f41e3dff0,93000,1,UpdatePublished,"{'model_id': 'model_mnist_784_noniid', 'round': 4, 'ticket_id': 218, 'cid': 'sha256:10ec732476124beaf3848e69aaec254070697599f10ac6b1afaa361aca12b933'}",mock
0xb52bb6bb7183a626ac7969dfb8a8e4832819ab0e94b0057791826d7d64452c0b,86000,1,TicketReserved,"{'model_id': 'model_mnist_784_noniid', 'round': 4, 'ticket_id': 219, 'owner': 'acct_19'}",mock
0x7d0ceabc149ea044247c59a3e4e029fcf63a780c3d9f97b614246876e3df8a37,93000,1,UpdatePublished,"{'model_id': 'model_mnist_784_noniid', 'round': 4, 'ticket_id': 219, 'cid': 'sha256:008e6bdb07387f88ebb47036157cc2d65b3be2874f366f30090264290dbae63e'}",mock
0x422058c5592b470fc0b4613a5798bbb0137495a5073a62ac9d2dc78377e5ee55,86000,1,TicketReserved,"{'model_id': 'model_mnist_784_noniid', 'round': 4, 'ticket_id': 220, 'owner': 'acct_20'}",mock
0x7e170c0cf4299863df43680c3319cb4378817730410ff195e5b684a165e013e2,93000,1,UpdatePublished,"{'model_id': 'model_mnist_784_noniid', 'round': 4, 'ticket_id': 220, 'cid': 'sha256:6db32b758599888901b20ab47ebc48da9a282f57b8e538f53adbe51a535ec0cb'}",mock
0x8336bc8b517a1f6acae0de0ebdea662c1f5ccacea176d2196b7355f2e69a72d2,86000,1,TicketReserved,"{'model_id': 'model_mnist_784_noniid', 'round': 4, 'ticket_id': 221, 'owner': 'acct_21'}",mock
0xdcbbd169e9b42a7df4ef158e00e56957247ebbfed9f5a694f9ccffdd6f2c056b,93000,1,UpdatePublished,"{'model_id': 'model_mnist_784_noniid', 'round': 4, 'ticket_id': 221, 'cid': 'sha256:cb92844581a79bc5f330ddab635cb01166054502eb1709b9c76c0a555b4552d1'}",mock
0xa1516702ea80fbf68a772f730f3e91d3e9fcd7b81116bc0b762a6441cc06bdb5,86000,1,TicketReserved,"{'model_id': 'model_mnist_784_noniid', 'round': 4, 'ticket_id': 222, 'owner': 'acct_22'}",mock
0xa0f43f9552c3fc5fc4e288f0204a4471ec54bcb803837e93899dfa943c8fc583,93000,1,UpdatePublished,"{'model_id': 'model_mnist_784_noniid', 'round': 4, 'ticket_id': 222, 'cid': 'sha256:714e1a9a2f3ad1301737b248ef13de91e7f60210371e3b02066878ccceebff28'}",mock
0x220464d5803f553741576f69b333b385325ff7ef71b5589f902ac2ea076779ad,86000,1,TicketReserved,"{'model_id': 'model_mnist_784_noniid', 'round': 4, 'ticket_id': 223, 'owner': 'acct_23'}",mock
0xdb3891f352756d445ea36baf772054d74b7e10b48b91e8cf0432b4510aa74f08,93000,1,UpdatePublished,"{'model_id': 'model_mnist_784_noniid', 'round': 4, 'ticket_id': 223, 'cid': 'sha256:c193916322e0c7e0f5bbff6bbe7ee961e5f8145df6b2b44d9c9ad8637ea292e3'}",mock
0xcd994ec52ee2129e63276255dafacf2c2039fcd89a16f508e464fa672e30ecce,86000,1,TicketReserved,"{'model_id': 'model_mnist_784_noniid', 'round': 4, 'ticket_id': 224, 'owner': 'acct_24'}",mock
0x2ee0007b5d2e8a440aa0e74c488759bf163b6b273b51e96d06124b4d46fa0e24,93000,1,UpdatePublished,"{'model_id': 'model_mnist_784_noniid', 'round': 4, 'ticket_id': 224, 'cid': 'sha256:872813f3184462175439aaf7fc747c0562ef07d865e8152a9e77ae6fef20ce85'}",mock
0xf4f5a813986c98a9c58975b47b6cf810d2d75fd2c747872edb2582aaf8568197,86000,1,TicketReserved,"{'model_id': 'model_mnist_784_noniid', 'round': 4, 'ticket_id': 225, 'owner': 'acct_25'}",mock
0xaac554d050406bb1254a62b69252dcc4a4102a325b29e89ea86bb3d0135a772b,93000,1,UpdatePublished,"{'model_id': 'model_mnist_784_noniid', 'round': 4, 'ticket_id': 225, 'cid': 'sha256:b73e8595e6f3921ebb0598090c458bed060582e66da6a33194120603318d5007'}",mock
0xebab9f8fc9a9b04f59f7722010ece1d90d0defb221904f2dccb7884ed9202fae,86000,1,TicketReserved,"{'model_id': 'model_mnist_784_noniid', 'round': 4, 'ticket_id': 226, 'owner': 'acct_26'}",mock
0x1057006018138560526bc32b71064a52f15a8d70a08a2a6568afaa158e0b539b,93000,1,UpdatePublished,"{'model_id': 'model_mnist_784_noniid', 'round': 4, 'ticket_id': 226, 'cid': 'sha256:12e37577fa050a2e21636b62e6a528fb3c53ddea657deaa984b66b3bbfccc818'}",mock
0x1c78d2cc36cb79666b5d62ce4291bf638238df53435567f213f2621c96bf2910,86000,1,TicketReserved,"{'model_id': 'model_mnist_784_noniid', 'round': 4, 'ticket_id': 227, 'owner': 'acct_27'}",mock
0x4ba215ac6e21be4d7f4e983285c2ee5b593715a1ccc3273c88d564a050a83610,93000,1,UpdatePublished,"{'model_id': 'model_mnist_784_noniid', 'round': 4, 'ticket_id': 227, 'cid': 'sha256:35c909ad8b200bbc1c4d468075e3988ff5547234e60ca59fdee2d3ac658c82e5'}",mock
0xcc37a9604e7edcf3a7ee81eebf47706dbd8a1ebfe05d18ce4a2e55d17177a389,86000,1,TicketReserved,"{'model_id': 'model_mnist_784_noniid', 'round': 4, 'ticket_id': 228, 'owner': 'acct_28'}",mock
0x13f589e9d8e87793da6b3e5a72413cec19f29aeb9aaae779c58f031694db62f5,93000,1,UpdatePublished,"{'model_id': 'model_mnist_784_noniid', 'round': 4, 'ticket_id': 228, 'cid': 'sha256:1625db1a7e7976231c94b445d8e9cb3b285397ec65fb233218ecba95ad89da06'}",mock
0xb2efaaac0dbd54f5b5ff19f44d78c858403f3f8e812f3fd398018ab7e58240e8,86000,1,TicketReserved,"{'model_id': 'model_mnist_784_noniid', 'round': 4, 'ticket_id': 229, 'owner': 'acct_29'}",mock
0x9a6574552d063af519956086553ad1a10a013ed4eb752ac4496b0be54c711300,93000,1,UpdatePublished,"{'model_id': 'model_mnist_784_noniid', 'round': 4, 'ticket_id': 229, 'cid': 'sha256:524c3458e627757cea3860fc9a69ec6466bcc89dccff6e520b7e623a4cac3acf'}",mock
0x344709ec6f4adefc77231fbdf10c8003dab76d77cdf1ed8f7b8e89dd518bfae6,86000,1,TicketReserved,"{'model_id': 'model_mnist_784_noniid', 'round': 4, 'ticket_id': 230, 'owner': 'acct_30'}",mock
0x74949da7a9cd7746ca6eec442f764f2d04a5017a861967bb5265d699827da65f,93000,1,UpdatePublished,"{'model_id': 'model_mnist_784_noniid', 'round': 4, 'ticket_id': 230, 'cid': 'sha256:f714a595f0794096989f7691d4e713a3721326221648a368bbd3897abc8fb05e'}",mock
0x772a9504103a86477c35de45218d9f49b08e4ac735129d9284f68a43622bb12d,86000,1,TicketReserved,"{'model_id': 'model_mnist_784_noniid', 'round': 4, 'ticket_id': 231, 'owner': 'acct_31'}",mock
0x27a615586042779b9f164efe100bcfdb1b79956ceb63730bc93fbe9afd0e4144,93000,1,UpdatePublished,"{'model_id': 'model_mnist_784_noniid', 'round': 4, 'ticket_id': 231, 'cid': 'sha256:96132f02aa6da6026e510921b5695ce8dfe650119930f9b8bfae768352191e9f'}",mock
0xd3e0b6383006e1d002be25413a0e92653b47df5ed68113599b96c1061eacc5b1,86000,1,TicketReserved,"{'model_id': 'model_mnist_784_noniid', 'round': 4, 'ticket_id': 232, 'owner': 'acct_32'}",mock
0x46a15fe67aa39097b81f1b3adf39009d89337150b2ca5a659ad44e3d422f6799,93000,1,UpdatePublished,"{'model_id': 'model_mnist_784_noniid', 'round': 4, 'ticket_id': 232, 'cid': 'sha256:50a0fc91bd9119bb15d45349cdabb911a26ee0c65543eeb0e69f8373c729ee5b'}",mock
0xfa3998bfec6d0492b5e1ad892b07935086bb41b1c56a8ec9fe362ba20d2d67c8,86000,1,TicketReserved,"{'model_id': 'model_mnist_784_noniid', 'round': 4, 'ticket_id': 233, 'owner': 'acct_33'}",mock
0x6da5b9a7a1fe162f5accc958527ae863d1fb560317828a50b2e9e784a1c401cb,93000,1,UpdatePublished,"{'model_id': 'model_mnist_784_noniid', 'round': 4, 'ticket_id': 233, 'cid': 'sha256:5016550fed13430bba7d09a8fd30e7877a407118eea6798303d6eb52681fcb30'}",mock
0x6f1c94d115b72c0c0ad2c8b9d1e5ec540d4a59d7a35b49635be0f26d2fd7668f,86000,1,TicketReserved,"{'model_id': 'model_mnist_784_noniid', 'round': 4, 'ticket_id': 234, 'owner': 'acct_34'}",mock
0x3df2d8c00f87b754dd6f6c02ea60b01991634438737534abc889fb87385a8668,93000,1,UpdatePublished,"{'model_id': 'model_mnist_784_noniid', 'round': 4, 'ticket_id': 234, 'cid': 'sha256:c93b3e7671666da53f0c6e109757569e1a7cd8bd22eab4ae2d55b30a21513d6c'}",mock
0xd4e6151933fc75ebae9c0c189c6a37fd566179f92e24fd1466277bb31f2fd6e7,86000,1,TicketReserved,"{'model_id': 'model_mnist_784_noniid', 'round': 4, 'ticket_id': 235, 'owner': 'acct_35'}",mock
0xd74dec51aefa4350f9edc09dac1b7a0e27629273786ee58f952eee2fb3d7329c,93000,1,UpdatePublished,"{'model_id': 'model_mnist_784_noniid', 'round': 4, 'ticket_id': 235, 'cid': 'sha256:69a25340129561f068705e61a9405431409cd8689bde266ea1acca33145c249b'}",mock
0xef01c63110e0c493c10ec9475e1c2aea92f7a2e34ec7e0db4e810698be25a29c,86000,1,TicketReserved,"{'model_id': 'model_mnist_784_noniid', 'round': 4, 'ticket_id': 236, 'owner': 'acct_36'}",mock
0x20f352eca906cdeaf3888c31e76f202d3acd8a890bbc03ea99e5f234616caa0d,93000,1,UpdatePublished,"{'model_id': 'model_mnist_784_noniid', 'round': 4, 'ticket_id': 236, 'cid': 'sha256:5b8cdbafae069383a1b5d4d7fc4ff208485fcf0cafa030cab0dbb68841bd3336'}",mock
0xe9f67c46ef6367fd825d79fb37616ff7755f8cf1a13dd1e487645cb899dc17cd,86000,1,TicketReserved,"{'model_id': 'model_mnist_784_noniid', 'round': 4, 'ticket_id': 237, 'owner': 'acct_37'}",mock
0xae1d58079bb38e3620eec8cbffbab7dcb0d97ae7730eb1c1ccfeb6d526aa3ee1,93000,1,UpdatePublished,"{'model_id': 'model_mnist_784_noniid', 'round': 4, 'ticket_id': 237, 'cid': 'sha256:caa37f9177dd758a5f9f0cf5549129c463a62a5dbc1c36cf9b8fa76121f8336a'}",mock
0x139fea1579bb1a505012aab14412422e618ab551c2213773d1f78e895c13bcdf,86000,1,TicketReserved,"{'model_id': 'model_mnist_784_noniid', 'round': 4, 'ticket_id': 238, 'owner': 'acct_38'}",mock
0xda135261e423e5d362bbf1816b3904709defc6d03d2608feada36a6bdb5ac540,93000,1,UpdatePublished,"{'model_id': 'model_mnist_784_noniid', 'round': 4, 'ticket_id': 238, 'cid': 'sha256:f17812405ea2f35f4783463d989865b8c628098a470adbbfa2e3979fb2a27f4f'}",mock
0x10b2bc348e632e963e00cfb9955a740fbb5fe9aeac5ecdbbf5ede8e54142ed0e,86000,1,TicketReserved,"{'model_id': 'model_mnist_784_noniid', 'round': 4, 'ticket_id': 239, 'owner': 'acct_39'}",mock
0xfba8a51dc783c95e2904b3eae1151e9d101d874032a86501181622d36410373e,93000,1,UpdatePublished,"{'model_id': 'model_mnist_784_noniid', 'round': 4, 'ticket_id': 239, 'cid': 'sha256:bbbe41fa66db9f8230329ebd69693e2e630faa7efc224ae069e0a2b6d7d35c9f'}",mock
0xf94c8b315049898c5b3fd88967b4ea4c390716fa5a41eaca52a848f96a9e8472,86000,1,TicketReserved,"{'model_id': 'model_mnist_784_noniid', 'round': 4, 'ticket_id': 240, 'owner': 'acct_40'}",mock
0xa9d2687cb1f8b507e57bc00f2f7806cc25f8b121f7bd91c4a5a10ba1c8bcc870,93000,1,UpdatePublished,"{'model_id': 'model_mnist_784_noniid', 'round': 4, 'ticket_id': 240, 'cid': 'sha256:aff55344518a27002159d6ed217f4866e5aa301ee67ba699f346415da4716d55'}",mock
0x590c3f64be6c1c3d0845241946e7e349e50cc9a258394e5aed35335e8604a9b9,86000,1,TicketReserved,"{'model_id': 'model_mnist_784_noniid', 'round': 4, 'ticket_id': 241, 'owner': 'acct_41'}",mock
0x9d3f4e153cfce620e8e5b524cf69330020935c4eb3c67bd67c7b39a8a1052967,93000,1,UpdatePublished,"{'model_id': 'model_mnist_784_noniid', 'round': 4, 'ticket_id': 241, 'cid': 'sha256:70e91c59ed6210fc5a3aed38354ece9bfb043053986c0143a0f6423fcb1c76f8'}",mock
0xb3f55713dd22b0cad445f55bd3dd8170b593e733d4b2a4803da8c15dbbf66908,86000,1,TicketReserved,"{'model_id': 'model_mnist_784_noniid', 'round': 4, 'ticket_id': 242, 'owner': 'acct_42'}",mock
0xbafb0f2fa58a53386174404e5e957b17b8e749170914b7cf7088b8d4097ca2b1,93000,1,UpdatePublished,"{'model_id': 'model_mnist_784_noniid', 'round': 4, 'ticket_id': 242, 'cid': 'sha256:f46ff66df2d4ca430619320607dc02b04237fe9ba0dec50022c98c7ec6d6ec7b'}",mock
0x556b616778d72dabe8ac78e8014041b63995f103d7025252db5cf8365ddae9c5,86000,1,TicketReserved,"{'model_id': 'model_mnist_784_noniid', 'round': 4, 'ticket_id': 243, 'owner': 'acct_43'}",mock
0x9f0a239aacf6b658cca07430e186fdb5a3bdb3c03a025b085a680cc1907992d4,93000,1,UpdatePublished,"{'model_id': 'model_mnist_784_noniid', 'round': 4, 'ticket_id': 243, 'cid': 'sha256:0caedeb7539531ba0741515c6903f6a30d3325e96c7a53c4a6b5bd20643ec588'}",mock
0x8d56965f79f42b3ee469f3fc3266be6ab20c08a6fbc8d095667adb03a751e7a7,86000,1,TicketReserved,"{'model_id': 'model_mnist_784_noniid', 'round': 4, 'ticket_id': 244, 'owner': 'acct_44'}",mock
0x43e54e9dc28218c6ba8c4a421b3f7eb2a8a94b58fc4fcaa86357d99e7b19a170,93000,1,UpdatePublished,"{'model_id': 'model_mnist_784_noniid', 'round': 4, 'ticket_id': 244, 'cid': 'sha256:89a44a7e5182f4aad9d35b86125d1f869843c54d940bee61881dda64c43150c6'}",mock
0x094000eb4f4bbbfa765d1cc441410fc9c4bb96fa0f9ab052bf31e3e97df577e8,86000,1,TicketReserved,"{'model_id': 'model_mnist_784_noniid', 'round': 4, 'ticket_id': 245, 'owner': 'acct_45'}",mock
0x81c70fe56d00ad4794b7b48cfcf6bac048d03ed6d8db20a7797dced02ff6a5e1,93000,1,UpdatePublished,"{'model_id': 'model_mnist_784_noniid', 'round': 4, 'ticket_id': 245, 'cid': 'sha256:6d9ff47cf0ffc9111cb1333ff384be2e4da24ed1fcd0e18b06013a31c55153cd'}",mock
0x748401eca7f61af43b619f092ab4f700a57337f94358c8a97d1d23f0896f0631,86000,1,TicketReserved,"{'model_id': 'model_mnist_784_noniid', 'round': 4, 'ticket_id': 246, 'owner': 'acct_46'}",mock
0x758ac1b8d0e795a7b984ace4a115bd622967fa75808901904d3cdc4370cddb39,93000,1,UpdatePublished,"{'model_id': 'model_mnist_784_noniid', 'round': 4, 'ticket_id': 246, 'cid': 'sha256:4dc5344fef68f8bfb33a36e80df6e1a9c12db73af31a494f4dd0f88b74849bf8'}",mock
0x94c172aa106886a4d7bd98f181648a91811c338cfe7c0908c8de2ed06339e435,86000,1,TicketReserved,"{'model_id': 'model_mnist_784_noniid', 'round': 4, 'ticket_id': 247, 'owner': 'acct_47'}",mock
0xe357861059783ec804dd4ede2246765a91286800f28ab5a8b927f3c39efff646,93000,1,UpdatePublished,"{'model_id': 'model_mnist_784_noniid', 'round': 4, 'ticket_id': 247, 'cid': 'sha256:3be404d61a7c9d349950a1f545202c07d29670e79318ab330c6df1d5a14319fd'}",mock
0x93a9235022054d48acaf19513371647b9ad191177f698efcfe427a8079cb960d,86000,1,TicketReserved,"{'model_id': 'model_mnist_784_noniid', 'round': 4, 'ticket_id': 248, 'owner': 'acct_48'}",mock
0xc31d8871d150d333be0314f3e2ec0a6592bea6bb2bb6f5c349cda8682da61b7b,93000,1,UpdatePublished,"{'model_id': 'model_mnist_784_noniid', 'round': 4, 'ticket_id': 248, 'cid': 'sha256:c522b1b2ccd1761f81463d062f5ff8ba8007624186f67fa6dbedec14143bb0a8'}",mock
0xba97cb3b69e123e4bfa451be5690a7a079ab2a092e5d6e6a4e2e5ccfeae11cbe,86000,1,TicketReserved,"{'model_id': 'model_mnist_784_noniid', 'round': 4, 'ticket_id': 249, 'owner': 'acct_49'}",mock
0xe2f469bd4cbe6d81c69e4b17fb52318de1af915ab1bb508f4a2144378b550f76,93000,1,UpdatePublished,"{'model_id': 'model_mnist_784_noniid', 'round': 4, 'ticket_id': 249, 'cid': 'sha256:405a1fc769868d4e9fe38dd5804187fd40a1b0ef323b5e87fd6bae926d8392cf'}",mock
0x0a42ad5c30ecf923b611cf9b01035244a365dbd90500631ffacc908eac83c452,86000,1,TicketReserved,"{'model_id': 'model_mnist_784_noniid', 'round': 4, 'ticket_id': 250, 'owner': 'acct_50'}",mock
0x45722a9f979a2643c3062ed82eda03180172a0be6d836082b125d6a43629bfae,93000,1,UpdatePublished,"{'model_id': 'model_mnist_784_noniid', 'round': 4, 'ticket_id': 250, 'cid': 'sha256:164de3267d6f0617328b559e3355657ca929d204e7ff07ad893137efcf377ec6'}",mock
0x8c39913d2971de8f0752b7b96d5ccd06efaeb13e64b5812cf4d800d560529117,865000,1,RoundFinalized,"{'model_id': 'model_mnist_784_noniid', 'round': 4, 'included': 24, 'refunds': 50}",mock
0x6058baba6cea1a93719590739b7c1fd019c7b3ef08377697ebccc4d8b5d707bc,52000,1,RoundFunded,"{'model_id': 'model_mnist_784_noniid', 'amount_wei': 10000000000000000}",mock
0xc0050100527a3e2756d4d7f7fe04f94b0c0f4899d67eb2e2f2a0fb95c39f927a,86000,1,TicketReserved,"{'model_id': 'model_mnist_784_noniid', 'round': 5, 'ticket_id': 251, 'owner': 'acct_1'}",mock
0x1f0d91cefb53f92f62331aa37b69d13e499e30770b70ba8f07e2928e7179893a,93000,1,UpdatePublished,"{'model_id': 'model_mnist_784_noniid', 'round': 5, 'ticket_id': 251, 'cid': 'sha256:1e31e0685467bf4c69edcf4febda770061ac56d4a012d0912548cafd823eec34'}",mock
0x2a39471e69de12fa1799a8c0758288f9ac3ce05d13e8bc5c6aca4ca5e407ff53,86000,1,TicketReserved,"{'model_id': 'model_mnist_784_noniid', 'round': 5, 'ticket_id': 252, 'owner': 'acct_2'}",mock
0x0871196af7edae307cab961afe06aca4a8e21a11446d283862d8240835560108,93000,1,UpdatePublished,"{'model_id': 'model_mnist_784_noniid', 'round': 5, 'ticket_id': 252, 'cid': 'sha256:f2dac2c4ccec9ccc2332b82848f4bf95533edbbe85031052651c78024b9f65b9'}",mock
0x0913ea11a8c326bd078c1a45601a2908b1d3c4615d1dd950d2f5cea2911df06b,86000,1,TicketReserved,"{'model_id': 'model_mnist_784_noniid', 'round': 5, 'ticket_id': 253, 'owner': 'acct_3'}",mock
0xc51e826536e657c73ca2358be3d0b5da53a74ce3af026221aa56554eec8926f3,93000,1,UpdatePublished,"{'model_id': 'model_mnist_784_noniid', 'round': 5, 'ticket_id': 253, 'cid': 'sha256:cc7a22bccaa3490e20c97c0cbd572f54ce4145099725e977733606ae0ab8694c'}",mock
0x15285eb888b791578ecaa665ede32eeb3ce1c8dc1b7544c057658657d3a358cc,86000,1,TicketReserved,"{'model_id': 'model_mnist_784_noniid', 'round': 5, 'ticket_id': 254, 'owner': 'acct_4'}",mock
0xcfbdb76b5c375ccadbfd6fa4a6ec64bce2a39bc81e0e923c11b084049898397b,93000,1,UpdatePublished,"{'model_id': 'model_mnist_784_noniid', 'round': 5, 'ticket_id': 254, 'cid': 'sha256:5991d8d489823f50add015a080ae928799df3e334ad11d44c887b52e18ec677f'}",mock
0xb6d3958c3971cff3faac4cfb4178ee8d9e8d1485fa13acdcbc3d7b5c3d58c3da,86000,1,TicketReserved,"{'model_id': 'model_mnist_784_noniid', 'round': 5, 'ticket_id': 255, 'owner': 'acct_5'}",mock
0x30b8cf4f7ac5eb0a24b573247eee08f84fbe173510d6c83722b065cbd21030a4,93000,1,UpdatePublished,"{'model_id': 'model_mnist_784_noniid', 'round': 5, 'ticket_id': 255, 'cid': 'sha256:c6520e4215894db84ece576bd1c24cd3dc5c6465001038e4c51d991124c6d80f'}",mock
0x271cdc0bb8d4062060dab12e5c09380939992f79a6e5b90c8ab5dc03e6752cd5,86000,1,TicketReserved,"{'model_id': 'model_mnist_784_noniid', 'round': 5, 'ticket_id': 256, 'owner': 'acct_6'}",mock
0x3453eea7cd80727f0f391e991c60f29d57130d90eb839a16a0a20e372f7cb26f,93000,1,UpdatePublished,"{'model_id': 'model_mnist_784_noniid', 'round': 5, 'ticket_id': 256, 'cid': 'sha256:fa0e9504d2a43b4aa3fba91b37fedbc16c6921599fccce114a20b794501b8c47'}",mock
0x5725b4978050988ca6fbb734c1e3ab73c52169de0ab35b46597c660fb58d26c0,86000,1,TicketReserved,"{'model_id': 'model_mnist_784_noniid', 'round': 5, 'ticket_id': 257, 'owner': 'acct_7'}",mock
0x38f7f8742d85133a4060d3f5e0381d7278cf39d90ad47ecde5d9e4e3145f11ea,93000,1,UpdatePublished,"{'model_id': 'model_mnist_784_noniid', 'round': 5, 'ticket_id': 257, 'cid': 'sha256:16d1115a22a6e202772613a160e348521cdfcea3c29a9e6f60960857bae13084'}",mock
0xd29254a71ab7da7f219fe2cfec8be840492536a6970dd6d534078e076cd8d79f,86000,1,TicketReserved,"{'model_id': 'model_mnist_784_noniid', 'round': 5, 'ticket_id': 258, 'owner': 'acct_8'}",mock
0xf77cf948ec5ca95797fd85b33f1e2fde2511e5eae64c59e48265889fd0eb5b19,93000,1,UpdatePublished,"{'model_id': 'model_mnist_784_noniid', 'round': 5, 'ticket_id': 258, 'cid': 'sha256:41818514605bedc3d16cc05b42366534b792fcab0e5a190d10232cd40e8ddf43'}",mock
0x7fffa8f54aa81aa0289cbb4de7b446822d6774956e30927a426c9bb866ebcc2e,86000,1,TicketReserved,"{'model_id': 'model_mnist_784_noniid', 'round': 5, 'ticket_id': 259, 'owner': 'acct_9'}",mock
0x2ddd61094ba546b582c4e7e0349fa2efaa2f418e45d022bbd75b6e7e167ed653,93000,1,UpdatePublished,"{'model_id': 'model_mnist_784_noniid', 'round': 5, 'ticket_id': 259, 'cid': 'sha256:1b21e66dcb31128a975bd47d58db5b5943c94c35e6cac4cc26515a9b0a741e69'}",mock
0xa7113a2014231a416c0b9e1c6c92a5c1fd6720a8a41bcce43b91aeda8f2c9fb1,86000,1,TicketReserved,"{'model_id': 'model_mnist_784_noniid', 'round': 5, 'ticket_id': 260, 'owner': 'acct_10'}",mock
0xdae7d7f1365fb3a8ff5e1128bbe133f8dd29b50e5a5c8e30299fb1d4c4f7b2c8,93000,1,UpdatePublished,"{'model_id': 'model_mnist_784_noniid', 'round': 5, 'ticket_id': 260, 'cid': 'sha256:571486dca7d46a69b11ab197778ad27af34acfc85774cfb2a795ac0b94e188a8'}",mock
0xb482e55ea948b2347b8b49be36c17ae00fd7af4da7f5fee03ab360ec1433e397,86000,1,TicketReserved,"{'model_id': 'model_mnist_784_noniid', 'round': 5, 'ticket_id': 261, 'owner': 'acct_11'}",mock
0x53729547cfd6a1a526fc77f5c23a36225d8af5f11619d4cacfa8604561268ecf,93000,1,UpdatePublished,"{'model_id': 'model_mnist_784_noniid', 'round': 5, 'ticket_id': 261, 'cid': 'sha256:e5b0966360edb7da4d05396ec31d352a1fdee27474ef26eda1d2dc8563866aae'}",mock
0xf47ce31ba19a7b444fdedc964d4fd14365e8c520d7eb0995ad0e8f9ce0ab1ecc,86000,1,TicketReserved,"{'model_id': 'model_mnist_784_noniid', 'round': 5, 'ticket_id': 262, 'owner': 'acct_12'}",mock
0x0b11beac8eafaed0228c25c2f4f02ea62678155fb31d914d7f0795dd6c7eee0e,93000,1,UpdatePublished,"{'model_id': 'model_mnist_784_noniid', 'round': 5, 'ticket_id': 262, 'cid': 'sha256:9d3d48dc2d047f2143d91fcf73de9a9bf0ac963f516e53543eef239246350340'}",mock
0x8115d84c0fef8a73069447c110df5c112b15652cb5fad42907ab123a2af92072,86000,1,TicketReserved,"{'model_id': 'model_mnist_784_noniid', 'round': 5, 'ticket_id': 263, 'owner': 'acct_13'}",mock
0xc3ac2b793b5f828b266e72b43e90b73f2ce185d414b025912884d5d0975e4355,93000,1,UpdatePublished,"{'model_id': 'model_mnist_784_noniid', 'round': 5, 'ticket_id': 263, 'cid': 'sha256:4b367870289ff5fc3d858e49a7dcc146cb2edfff7d298f403d1c5f2686b4859d'}",mock
0x22f0fa806f5de28a94a38f87b1ee86504ee79fa348b99990df0713d9792c3bcb,86000,1,TicketReserved,"{'model_id': 'model_mnist_784_noniid', 'round': 5, 'ticket_id': 264, 'owner': 'acct_14'}",mock
0xf61538c1c99c274d6963c00a2c2f496091a17afd327ca46daa120d7af4783c1d,93000,1,UpdatePublished,"{'model_id': 'model_mnist_784_noniid', 'round': 5, 'ticket_id': 264, 'cid': 'sha256:ccf44bc00ed1bccda8c7562e88e97692019f63c88d68a0c952429c6028730317'}",mock
0x8992f11a57c8dff5b6b9bc99fa4cd5275cfbd2193b889406b8a6f21318aaad3d,86000,1,TicketReserved,"{'model_id': 'model_mnist_784_noniid', 'round': 5, 'ticket_id': 265, 'owner': 'acct_15'}",mock
0xe7ba412796514d606134a56884f1b59d91f8fa386d94741391fd8eace9a77a3a,93000,1,UpdatePublished,"{'model_id': 'model_mnist_784_noniid', 'round': 5, 'ticket_id': 265, 'cid': 'sha256:3d47b0b84cd790de82cf1d18b76d6055bfb89c17f59c5b15e7e826986d4f132f'}",mock
0x5db52e1e97828e468b10a943ca4df9217cd99d7f64164fb4eee141c69014c979,86000,1,TicketReserved,"{'model_id': 'model_mnist_784_noniid', 'round': 5, 'ticket_id': 266, 'owner': 'acct_16'}",mock
0x8278bbfdd62683d092df84150900c6e9c03bc47f02fce9f5cc90be8d34398e6e,93000,1,UpdatePublished,"{'model_id': 'model_mnist_784_noniid', 'round': 5, 'ticket_id': 266, 'cid': 'sha256:153fd3f2fc785ca3cecb11b221debd21d66806c53ea3cdb53fc53251a8f90118'}",mock
0x17cd7792c32046240e1efcf612842c8a9b6159eb64960f0e6be7643f09fab978,86000,1,TicketReserved,"{'model_id': 'model_mnist_784_noniid', 'round': 5, 'ticket_id': 267, 'owner': 'acct_17'}",mock
0x6c2b95a8056eb5ec428ba1a7b3cdbeac4434e0ffff25beed8a5d281b10e059a7,93000,1,UpdatePublished,"{'model_id': 'model_mnist_784_noniid', 'round': 5, 'ticket_id': 267, 'cid': 'sha256:110d1f2756b3136c944788a890d6a3a5320ad76aa975375c265c5d2c7d8cd4c8'}",mock
0xef3fc5eb5fdf92eece8095d35cbb60e058ccde55384617e297ef71c21d84d36b,86000,1,TicketReserved,"{'model_id': 'model_mnist_784_noniid', 'round': 5, 'ticket_id': 268, 'owner': 'acct_18'}",mock
0xbd4aa4270deb1a8636d7ecb680f08fe27724502d1e7a8746ca27bfa6e087ef21,93000,1,UpdatePublished,"{'model_id': 'model_mnist_784_noniid', 'round': 5, 'ticket_id': 268, 'cid': 'sha256:46f0a82e695cbf31ad6c63251ff6d1df5ea9d39b8d130b20a0cfbf2ca2bd9167'}",mock
0xd5fa582d84d523bdb3afd204b93e6245dcca7df8ca442441aebbcecb0d6b9e58,86000,1,TicketReserved,"{'model_id': 'model_mnist_784_noniid', 'round': 5, 'ticket_id': 269, 'owner': 'acct_19'}",mock
0x8ee57dae2b101cfd2e095893caccbaed12b12b260a8e48a58aa42f2b0b90898b,93000,1,UpdatePublished,"{'model_id': 'model_mnist_784_noniid', 'round': 5, 'ticket_id': 269, 'cid': 'sha256:f4e6d4b02fde09f0efcb79156cc0c955148efe14643877b2211468bb4b3df26b'}",mock
0x859142a42aafdad4fe5c45987572236365726b9dca19e3bc39daec096029aa1b,86000,1,TicketReserved,"{'model_id': 'model_mnist_784_noniid', 'round': 5, 'ticket_id': 270, 'owner': 'acct_20'}",mock
0x098a702c91f2a15265e76c215a151260b844f69d83c1f0868e76d0d39116dddb,93000,1,UpdatePublished,"{'model_id': 'model_mnist_784_noniid', 'round': 5, 'ticket_id': 270, 'cid': 'sha256:c2df71d81ded65dc722c4f73ca36b80b9dc5f76d9feb329437b41480129a0cef'}",mock
0x763697eb29755e94b779e258c0fc80c0d5ff8c1627771e501d1d775280df4b48,86000,1,TicketReserved,"{'model_id': 'model_mnist_784_noniid', 'round': 5, 'ticket_id': 271, 'owner': 'acct_21'}",mock
0xf9ac203068883bde694d8f5d06fc7665631f67f0eba67100abc9792dfc06d67f,93000,1,UpdatePublished,"{'model_id': 'model_mnist_784_noniid', 'round': 5, 'ticket_id': 271, 'cid': 'sha256:24792c12e626814749fbec932dfbac464d1aa137238233c2225fab815dbe80a6'}",mock
0x4f0e288fcc2707488381185b4af87d780db46a97ab4dd2e28989a2d1953454fe,86000,1,TicketReserved,"{'model_id': 'model_mnist_784_noniid', 'round': 5, 'ticket_id': 272, 'owner': 'acct_22'}",mock
0x087ca255445c0f5827e38cb1fce950012470c525bdd29a67c9b22b02d00ca129,93000,1,UpdatePublished,"{'model_id': 'model_mnist_784_noniid', 'round': 5, 'ticket_id': 272, 'cid': 'sha256:e4d75d4864d3fdd433f3f655c1d8f861921c8d1cef1edadbb31451f19e820e71'}",mock
0x2c7437fb891255d6ec3c14d48564db4d71789be9d201de7aef3d0b9f3a372140,86000,1,TicketReserved,"{'model_id': 'model_mnist_784_noniid', 'round': 5, 'ticket_id': 273, 'owner': 'acct_23'}",mock
0x4a5d378f8ae60d9f09c82c9e2d6424ceab53dd6f8965d70d36f70c30891820df,93000,1,UpdatePublished,"{'model_id': 'model_mnist_784_noniid', 'round': 5, 'ticket_id': 273, 'cid': 'sha256:eec4422a53922b94960ce99fd8f77e67166430e87fcbf4d06c40f6cf58bccada'}",mock
0x05bfd4b2fd69ceafd4277e3ef682f624a523b19609c37d9056aa6a5aa95bdb46,86000,1,TicketReserved,"{'model_id': 'model_mnist_784_noniid', 'round': 5, 'ticket_id': 274, 'owner': 'acct_24'}",mock
0x243d5ce69ce7b178c7dea34d396a52f09239984741eaae879e70e87091206992,93000,1,UpdatePublished,"{'model_id': 'model_mnist_784_noniid', 'round': 5, 'ticket_id': 274, 'cid': 'sha256:7f1a254e2dcdce20771f78e15e14611bea45168ecc62eeb451a28c33a2ce452f'}",mock
0xa1fec38e31ffcf2a7fa5cf36fe18cbd3b9f28c5f801aa5bc00073f859d337dc3,86000,1,TicketReserved,"{'model_id': 'model_mnist_784_noniid', 'round': 5, 'ticket_id': 275, 'owner': 'acct_25'}",mock
0xefe16030e33a18cf8ebdccb3b7d8ce8e322f7b679e64fadcc521e73e04535e91,93000,1,UpdatePublished,"{'model_id': 'model_mnist_784_noniid', 'round': 5, 'ticket_id': 275, 'cid': 'sha256:581dbe484c08a52a4562b31c3b932f5f2352be14c62ff927bca62f3096808d75'}",mock
0x69ddc95226f9f74747b2985ff3b5c364fcf15e4517c35d2b1e77ffe9201af4c4,86000,1,TicketReserved,"{'model_id': 'model_mnist_784_noniid', 'round': 5, 'ticket_id': 276, 'owner': 'acct_26'}",mock
0xac9806cee1023a5f07b79d0d48773299e560b651fb8d3119651aadb17af37ac1,93000,1,UpdatePublished,"{'model_id': 'model_mnist_784_noniid', 'round': 5, 'ticket_id': 276, 'cid': 'sha256:cf5c078ea697b53ffaa970b8982c6a4c72cc26b6f77918d677c6f3e92d3af47a'}",mock
0xc75b3b30d85a25ac603a0f527dfdadc59f1f7afc9b83e20234f2053d4bde98a0,86000,1,TicketReserved,"{'model_id': 'model_mnist_784_noniid', 'round': 5, 'ticket_id': 277, 'owner': 'acct_27'}",mock
0xc8727161f623348bbf42ac161939363f4cc6d1d846482234efca3a165ac6fbfb,93000,1,UpdatePublished,"{'model_id': 'model_mnist_784_noniid', 'round': 5, 'ticket_id': 277, 'cid': 'sha256:dbae2c085ad3b6bc1e3742dfe0bc36229c66e10f624326a572d53f92c2cee5ff'}",mock
0x849fb6cad27e3cfab9796dd04867745e0f3c53a74ebbb757fd35f4226379f3d2,86000,1,TicketReserved,"{'model_id': 'model_mnist_784_noniid', 'round': 5, 'ticket_id': 278, 'owner': 'acct_28'}",mock
0x638434ff0751a38610bbf84d4a50d71c7365f5ca8e5269ef963b6aa18058fafe,93000,1,UpdatePublished,"{'model_id': 'model_mnist_784_noniid', 'round': 5, 'ticket_id': 278, 'cid': 'sha256:475207363177ad1cc8c647645e97722ef70cd01a736a939979cc7e2e94773f58'}",mock
0xce7d61943349595eda8bbcad48cbbf4954f0c126de4b81657e7bb2f9ce04dcff,86000,1,TicketReserved,"{'model_id': 'model_mnist_784_noniid', 'round': 5, 'ticket_id': 279, 'owner': 'acct_29'}",mock
0x3c6cca237e751b48fce7a4f70fe5f3818d91a96caafd17c71ab038f6237429da,93000,1,UpdatePublished,"{'model_id': 'model_mnist_784_noniid', 'round': 5, 'ticket_id': 279, 'cid': 'sha256:662349d77da28dbb082e06e713054e5925ec527faa7bdfb7c8a7fe7bd3266148'}",mock
0x714968945d7a5bb1eb8b50ee568bbcf80476d3d418af1bba9eb98df68d90ad2b,86000,1,TicketReserved,"{'model_id': 'model_mnist_784_noniid', 'round': 5, 'ticket_id': 280, 'owner': 'acct_30'}",mock
0x9c44cc77ef0044a020026fabc5b9330aac8d9ac7260fbc0dd3c63f3af9c20446,93000,1,UpdatePublished,"{'model_id': 'model_mnist_784_noniid', 'round': 5, 'ticket_id': 280, 'cid': 'sha256:1e9dc42850e928850077861197637b18b7e20b645f04a31ec0316870e4a00dab'}",mock
0x9ac240f4508f821a12a9f5be702280a347ac314564851916734294fa52917f57,86000,1,TicketReserved,"{'model_id': 'model_mnist_784_noniid', 'round': 5, 'ticket_id': 281, 'owner': 'acct_31'}",mock
0xdeb6baad7892cc71ac18e420832f2929e337d036bab6c4f94e4ea832161f66f0,93000,1,UpdatePublished,"{'model_id': 'model_mnist_784_noniid', 'round': 5, 'ticket_id': 281, 'cid': 'sha256:2347173c4cb8da032da85398aee531294c6c441d729c762f757c3caa9e04ce64'}",mock
0x9ef2bf68bbf47e84468f0dc5ec3a615e99a7e5868ab6f0b7c3bea4bf8f4e6004,86000,1,TicketReserved,"{'model_id': 'model_mnist_784_noniid', 'round': 5, 'ticket_id': 282, 'owner': 'acct_32'}",mock
0x3e7ef98f9c6cb8fbf6caa96e286fad740320099935fc05db7273023e857a4a21,93000,1,UpdatePublished,"{'model_id': 'model_mnist_784_noniid', 'round': 5, 'ticket_id': 282, 'cid': 'sha256:f5636351ebd8f8a9d22d9ffe1fc4e6091b46d157fd55ea8be38542b5fe85933a'}",mock
0x91337d6016dd69dbf28d3d57080f04946e421ff789acc2f1adf02a8ef5158366,86000,1,TicketReserved,"{'model_id': 'model_mnist_784_noniid', 'round': 5, 'ticket_id': 283, 'owner': 'acct_33'}",mock
0x13136d1a276ba69a729b2e4d73102ea88841562c9d4d19580df6e50e1bb33c74,93000,1,UpdatePublished,"{'model_id': 'model_mnist_784_noniid', 'round': 5, 'ticket_id': 283, 'cid': 'sha256:cc8109abba4f3a8d27ec880a0cbb00e8f98729fa7c3f6db6826abc70743ebeaa'}",mock
0x01f5fa3d478192444392acee568b9b38f5b0b82086c72eb5f7902d32bc63db18,86000,1,TicketReserved,"{'model_id': 'model_mnist_784_noniid', 'round': 5, 'ticket_id': 284, 'owner': 'acct_34'}",mock
0x2758827db59b8f6ff35285329574f2b01cf0ebd48903a61fed7443b768849afc,93000,1,UpdatePublished,"{'model_id': 'model_mnist_784_noniid', 'round': 5, 'ticket_id': 284, 'cid': 'sha256:21690ab05a3f770fe5f3a2c79573647fbccf3e3ac6f8637d5abd44bedaff8e05'}",mock
0x332f9ad76eb75a7405415da01a82d1f01647b912f51c88db6e2094584433d0dc,86000,1,TicketReserved,"{'model_id': 'model_mnist_784_noniid', 'round': 5, 'ticket_id': 285, 'owner': 'acct_35'}",mock
0xb9d8518206567235645a4c73cfb3733ee8c3c94ef362432b0dbff0d7ab5ea940,93000,1,UpdatePublished,"{'model_id': 'model_mnist_784_noniid', 'round': 5, 'ticket_id': 285, 'cid': 'sha256:98f3e338b78d9759f970391216fad4abc0bf8a12853c607a3873fa6c774a4234'}",mock
0xc5fa5bc960b0b9472eb485b6f4419d66a53ef79d73abeb0cdac5e163ff1e6456,86000,1,TicketReserved,"{'model_id': 'model_mnist_784_noniid', 'round': 5, 'ticket_id': 286, 'owner': 'acct_36'}",mock
0x85024a46bcaba3d3be590a5a9d61f8621797049dcb9fb63a15f707309ea77aba,93000,1,UpdatePublished,"{'model_id': 'model_mnist_784_noniid', 'round': 5, 'ticket_id': 286, 'cid': 'sha256:51fd8ce51462c4d8112246b104988387f1d80ed5f8913a041c2a80839bb6c612'}",mock
0x2abc580f70cdb835066bd9bfc1e5ab51ad63e99dc963a123f38a4089d3cd7bb8,86000,1,TicketReserved,"{'model_id': 'model_mnist_784_noniid', 'round': 5, 'ticket_id': 287, 'owner': 'acct_37'}",mock
0xaf227218cb13c4badf245cfc86979d03db29f918d7318c97b2c9945f23b9b392,93000,1,UpdatePublished,"{'model_id': 'model_mnist_784_noniid', 'round': 5, 'ticket_id': 287, 'cid': 'sha256:266eb8ebc115a3e37d1c8c838448d1331053ec5ad1166a97bf88fc85ced95fa8'}",mock
0x1c33ec83ed5282d6bc6245036da87be081b9437cfaf2583bf06f813aa06365f0,86000,1,TicketReserved,"{'model_id': 'model_mnist_784_noniid', 'round': 5, 'ticket_id': 288, 'owner': 'acct_38'}",mock
0x4e4eaba44600b373c44c4b7f8a571e8e955b99ddb69e8397e2448e9d3dc19b5c,93000,1,UpdatePublished,"{'model_id': 'model_mnist_784_noniid', 'round': 5, 'ticket_id': 288, 'cid': 'sha256:69b73e5a891a8bd4a071c32b5880450f1eb9483f1b0ead6e61195f9daea5f3ee'}",mock
0xe248d91b2a7cc0b6c23791c8932e0d457629d8f5c37a828e3a22509d35aefc4e,86000,1,TicketReserved,"{'model_id': 'model_mnist_784_noniid', 'round': 5, 'ticket_id': 289, 'owner': 'acct_39'}",mock
0xb96f34adc8acf0b4808d3d7048266d859adbadf492ceefd1b601e9ac8c8739a6,93000,1,UpdatePublished,"{'model_id': 'model_mnist_784_noniid', 'round': 5, 'ticket_id': 289, 'cid': 'sha256:37b2256c9ea84099b33dc945665d503d65e36e778acf4c515adca0209393649e'}",mock
0xd175a255e57caecf184a7904bf74c913ecaf32468f5981d027d3cd65b0ff1311,86000,1,TicketReserved,"{'model_id': 'model_mnist_784_noniid', 'round': 5, 'ticket_id': 290, 'owner': 'acct_40'}",mock
0x02b45d8e3d24a9cc5237f1bac6808a35ae9642e3d954b0700e2544c61e1cba1e,93000,1,UpdatePublished,"{'model_id': 'model_mnist_784_noniid', 'round': 5, 'ticket_id': 290, 'cid': 'sha256:dc288a1238448d4a758f2e1defc78a74313b34aa484586784948fb2dae56d16d'}",mock
0x74d9e215916db39fdb9db5a1eeb4093888300d1673932fd5501b09e4b4ab8c42,86000,1,TicketReserved,"{'model_id': 'model_mnist_784_noniid', 'round': 5, 'ticket_id': 291, 'owner': 'acct_41'}",mock
0x7e1cb5ad6fa408886c9009dad4f70158e9ccb2d71137a8a24102920a08668cb5,93000,1,UpdatePublished,"{'model_id': 'model_mnist_784_noniid', 'round': 5, 'ticket_id': 291, 'cid': 'sha256:db8f8359545f16a6e487133f8520ecfccf3518ea7a11158d9d3409da63a43990'}",mock
0x3327924b3361c55565e960764614d98dadbe646e345bb2a061629ebbe4f3da4d,86000,1,TicketReserved,"{'model_id': 'model_mnist_784_noniid', 'round': 5, 'ticket_id': 292, 'owner': 'acct_42'}",mock
0x3ed0f8b728bfd6e7c661fe88a027db97e409df1f94022b3253b40e463ab93edd,93000,1,UpdatePublished,"{'model_id': 'model_mnist_784_noniid', 'round': 5, 'ticket_id': 292, 'cid': 'sha256:5371e3420bd962eccd4cc491b1c27594ad222a686520ffad1938af63e7ac22bb'}",mock
0x95a7b1724d854ab10252e5eb929874876267deeaf8e2b0d610f9109ec4b41c21,86000,1,TicketReserved,"{'model_id': 'model_mnist_784_noniid', 'round': 5, 'ticket_id': 293, 'owner': 'acct_43'}",mock
0xe834c81926ca239f6a923b92452eecbc13e843014b184cea6f9a378da61ce03d,93000,1,UpdatePublished,"{'model_id': 'model_mnist_784_noniid', 'round': 5, 'ticket_id': 293, 'cid': 'sha256:df1db5849bb4fc6a3102e4c8ea80cb1ac244592dae020b1b657a1108dc7d7c9f'}",mock
0x49381b3b108997c7008196d9f870c0213886090653a550f25aedece872100f33,86000,1,TicketReserved,"{'model_id': 'model_mnist_784_noniid', 'round': 5, 'ticket_id': 294, 'owner': 'acct_44'}",mock
0x5e58c0b184784db0476f2b253a0f6a3f427a853b1c287d736047a864ca177890,93000,1,UpdatePublished,"{'model_id': 'model_mnist_784_noniid', 'round': 5, 'ticket_id': 294, 'cid': 'sha256:de4f2c985ccc5cc3cd06ae5fa3a96b8c3f44c7bb03f2b59329c41784f7e75384'}",mock
0xc05c42b834483f7c515d3753c1dd6fe8721ee2adbc5cfb2b6c90fe19781d608a,86000,1,TicketReserved,"{'model_id': 'model_mnist_784_noniid', 'round': 5, 'ticket_id': 295, 'owner': 'acct_45'}",mock
0xee075681553126fdc68fb99f06d31bb56d51ea346dbe1603e50f050f635e346f,93000,1,UpdatePublished,"{'model_id': 'model_mnist_784_noniid', 'round': 5, 'ticket_id': 295, 'cid': 'sha256:3c1dc41fc050f90d716cec0e048d19082640e5a4f112f0d3107272559c1b8c82'}",mock
0x02afd293222f80039b4d051beda3a202927028b13fd31637524ed44613039b0e,86000,1,TicketReserved,"{'model_id': 'model_mnist_784_noniid', 'round': 5, 'ticket_id': 296, 'owner': 'acct_46'}",mock
0x241f9cc303d7e409cb0f37bffa95dd1ad158ea9df63acf29452a6248289da325,93000,1,UpdatePublished,"{'model_id': 'model_mnist_784_noniid', 'round': 5, 'ticket_id': 296, 'cid': 'sha256:716d296ccedc42161decdbc64f7ac82a30ad494f9a5e1f30023dcd13b10bc5db'}",mock
0xae2ca86406d145daf4da37a7a9aac26853272b05d5833b8047c11c54c3357ffe,86000,1,TicketReserved,"{'model_id': 'model_mnist_784_noniid', 'round': 5, 'ticket_id': 297, 'owner': 'acct_47'}",mock
0x589b42400a4217c934047656add5352751ca7b9716359718dee8e11e074768e0,93000,1,UpdatePublished,"{'model_id': 'model_mnist_784_noniid', 'round': 5, 'ticket_id': 297, 'cid': 'sha256:3503eef06c821ad0bb392d9b300157d65f6c7d99239100d78a0c8f8f911b9ca5'}",mock
0xeb1751660092da87611fc3306b4c4d254f147f90b5b2789d97fafdd076cdc8eb,86000,1,TicketReserved,"{'model_id': 'model_mnist_784_noniid', 'round': 5, 'ticket_id': 298, 'owner': 'acct_48'}",mock
0x6ead14315556db746b674ad0cf5829aa9bb51b495e35c09981e6fb119c1d54ed,93000,1,UpdatePublished,"{'model_id': 'model_mnist_784_noniid', 'round': 5, 'ticket_id': 298, 'cid': 'sha256:fa0563a390fc97eb8a8fd333bb051df8fb516330c2bdf8c631b9bb69aa552a1b'}",mock
0xe1963c84289255258613ba43feb1759ab90aa64e36d83d0225680a255b7337f1,86000,1,TicketReserved,"{'model_id': 'model_mnist_784_noniid', 'round': 5, 'ticket_id': 299, 'owner': 'acct_49'}",mock
0x00cd1b0c5fb627edb4861e58049192ae23192edac5fe643ccb413f795954c1aa,93000,1,UpdatePublished,"{'model_id': 'model_mnist_784_noniid', 'round': 5, 'ticket_id': 299, 'cid': 'sha256:3e956dfe53a3d10815a5eb958660a14428f026c2594951e25493d8297b13708c'}",mock
0xf1bc69544c2e04cd6d56daf894857ce857f1da1d67355792c481ffb43b692bd4,86000,1,TicketReserved,"{'model_id': 'model_mnist_784_noniid', 'round': 5, 'ticket_id': 300, 'owner': 'acct_50'}",mock
0x1c4a2cf20e044a930751211137453491eb4eb97c1c95ba4e1b98d196c7d19d2c,93000,1,UpdatePublished,"{'model_id': 'model_mnist_784_noniid', 'round': 5, 'ticket_id': 300, 'cid': 'sha256:1d5cf8b19fec59679cade61b7f991e0c4180a8edba4c0637ffaf4341a50d0d56'}",mock
0xfe6752bfab3f5819672594abde8a99c802db367517fe8c20554f490970ca9d6c,945000,1,RoundFinalized,"{'model_id': 'model_mnist_784_noniid', 'round': 5, 'included': 32, 'refunds': 50}",mock
0x6ce80780919732f1d60c4eb4d05c411205fe65592fac0f9cf32d3243da10ba72,52000,1,RoundFunded,"{'model_id': 'model_mnist_784_noniid', 'amount_wei': 10000000000000000}",mock
0x9aa2dfceb5b5e4a06c068e98aac61f34116ce7bf5bab01f957c2e538f2914144,86000,1,TicketReserved,"{'model_id': 'model_mnist_784_noniid', 'round': 6, 'ticket_id': 301, 'owner': 'acct_1'}",mock
0xdb1f378ae33ce136adb21d6d82adb48676d110a87cdd2e7a47972755d842136f,93000,1,UpdatePublished,"{'model_id': 'model_mnist_784_noniid', 'round': 6, 'ticket_id': 301, 'cid': 'sha256:2aff7dbf29e4df21182079bc743918a397519002223e0516d1d8a6fc429a9792'}",mock
0xc1d3f269365dd936aa891d171592caa624b3c5f955142746841f8b3f2b384190,86000,1,TicketReserved,"{'model_id': 'model_mnist_784_noniid', 'round': 6, 'ticket_id': 302, 'owner': 'acct_2'}",mock
0x2902147bc1f8746640b5eec23464902f196b446a5240121dcb27dfc6c7770156,93000,1,UpdatePublished,"{'model_id': 'model_mnist_784_noniid', 'round': 6, 'ticket_id': 302, 'cid': 'sha256:4ad6120eedcab10ebbcbeda072da4e61f7cd856bac8e01edd22d87b9c9174bcd'}",mock
0x8bbd0f6885d60ddab613c4bba7e73f62ef6590cf21f790ea83b0ea7395cdd479,86000,1,TicketReserved,"{'model_id': 'model_mnist_784_noniid', 'round': 6, 'ticket_id': 303, 'owner': 'acct_3'}",mock
0xdcf9bed3caac503ad4dff060843ac23bd3c510764056cc8f665d512ce35c4c53,93000,1,UpdatePublished,"{'model_id': 'model_mnist_784_noniid', 'round': 6, 'ticket_id': 303, 'cid': 'sha256:7b70fca0fae3c4eec15f7e88c2144a6b728d6a29114b4751d059cc839a4fe993'}",mock
0x1076818401f91bb9adf6c72afbad166e84631d8e6e0a5f2962403c5460e8e7bb,86000,1,TicketReserved,"{'model_id': 'model_mnist_784_noniid', 'round': 6, 'ticket_id': 304, 'owner': 'acct_4'}",mock
0x4f73bb7696cacdad841fc17d364f0e0059033676854fc759075ce8bed5a19e0c,93000,1,UpdatePublished,"{'model_id': 'model_mnist_784_noniid', 'round': 6, 'ticket_id': 304, 'cid': 'sha256:95413516767769f2e5f68ef74a45ac5b0b93146b3bb15efa5e30f6936de96684'}",mock
0x4d96c5119dbb0e7c5d47c518433f8d413c6fda557eb19abffdff0857566399c6,86000,1,TicketReserved,"{'model_id': 'model_mnist_784_noniid', 'round': 6, 'ticket_id': 305, 'owner': 'acct_5'}",mock
0xa676dadefab364195d40fb5358b2e3dd00493508c2f11c48159ee8feec8b77e3,93000,1,UpdatePublished,"{'model_id': 'model_mnist_784_noniid', 'round': 6, 'ticket_id': 305, 'cid': 'sha256:2aa973b798615737f718cb0d5833b8c9bcd8df371f39b0739269f15da57e68f4'}",mock
0x2270481380ee10115c9eca77c01b5f9c12efca846bf9bc47793bd4a55c62c18b,86000,1,TicketReserved,"{'model_id': 'model_mnist_784_noniid', 'round': 6, 'ticket_id': 306, 'owner': 'acct_6'}",mock
0xf6375cdf512c85cc6d8844dd8eec3b85d8044c917564f5421c962de1b181d1cc,93000,1,UpdatePublished,"{'model_id': 'model_mnist_784_noniid', 'round': 6, 'ticket_id': 306, 'cid': 'sha256:62cf8488ff466134fadefd2bb79c30c3ae7fb4bb6f5dd66901ca568de198caba'}",mock
0x813ae1c2a50602eaf7e9e2f4b922fa02e29f13ba01b9c59ed35b29845c6d712b,86000,1,TicketReserved,"{'model_id': 'model_mnist_784_noniid', 'round': 6, 'ticket_id': 307, 'owner': 'acct_7'}",mock
0x21683398171c4b12d2d7aca5c928713dd651d26ca7372c4c2c65d50dab1df7dc,93000,1,UpdatePublished,"{'model_id': 'model_mnist_784_noniid', 'round': 6, 'ticket_id': 307, 'cid': 'sha256:3077f722a9373343560431496a971521fcb1518817cdb22491d6fceddb013fcb'}",mock
0xd83c55110afc7966f0e347c05cd00ca109cf4f998b41dcb7d1f38ba0ab9d91b9,86000,1,TicketReserved,"{'model_id': 'model_mnist_784_noniid', 'round': 6, 'ticket_id': 308, 'owner': 'acct_8'}",mock
0x5717f54858b0dc71f6f46f265ac837964cbbf813b134aca0bb5ca5a18ddb76d5,93000,1,UpdatePublished,"{'model_id': 'model_mnist_784_noniid', 'round': 6, 'ticket_id': 308, 'cid': 'sha256:a344d9c4a5931894fd17eb6df9f7170f846cdb0c77aa9571e15fc4a50c347d24'}",mock
0x8dd16eca8865181c952e3a77d42c710df0b24a6432ad33fd8d622cceb2384ae7,86000,1,TicketReserved,"{'model_id': 'model_mnist_784_noniid', 'round': 6, 'ticket_id': 309, 'owner': 'acct_9'}",mock
0x6e263d1e7364d0238d75c6e2ca970c4828b56d16d13087233b0885b6c52d61b2,93000,1,UpdatePublished,"{'model_id': 'model_mnist_784_noniid', 'round': 6, 'ticket_id': 309, 'cid': 'sha256:fd34c009bbe0fb85f69eb222078dcec5153412afcbc0d66989060d6dcfc387ce'}",mock
0x630ec9e342bc58a8b217423bdd3160570cd3a319adb35f95cec2178981c3c639,86000,1,TicketReserved,"{'model_id': 'model_mnist_784_noniid', 'round': 6, 'ticket_id': 310, 'owner': 'acct_10'}",mock
0x2a90838b0e24915207daa50be5b32f8a28c05b5086834825eb6f62aa84f47959,93000,1,UpdatePublished,"{'model_id': 'model_mnist_784_noniid', 'round': 6, 'ticket_id': 310, 'cid': 'sha256:cbd48f1087f4b2eeb11e36ebd7fa55f5aec3ac922ebb8bbcc03226c8befaecc1'}",mock
0xa25361cdd9a2db2aa7a89722a8a19da59469e54cdf6be2c933d6db528d8f26b0,86000,1,TicketReserved,"{'model_id': 'model_mnist_784_noniid', 'round': 6, 'ticket_id': 311, 'owner': 'acct_11'}",mock
0x81185a8fe92139965b13c54279af426b9ada05f49dca2565cad49cbdff9ee082,93000,1,UpdatePublished,"{'model_id': 'model_mnist_784_noniid', 'round': 6, 'ticket_id': 311, 'cid': 'sha256:d6b4ce7e14f18ccdf92cf9ae8bb008d0f0a1a2d28ef7f539bcea5630a57fafa7'}",mock
0x0d8f692355356de7468d347b641d583048b018db3f7076a963bc8bf6588b2e32,86000,1,TicketReserved,"{'model_id': 'model_mnist_784_noniid', 'round': 6, 'ticket_id': 312, 'owner': 'acct_12'}",mock
0xdb678ceee4858d8c4a3c1c1eecb5e9fb4c7679bd4bb5dd89ce6eb8559391369d,93000,1,UpdatePublished,"{'model_id': 'model_mnist_784_noniid', 'round': 6, 'ticket_id': 312, 'cid': 'sha256:909fff5dcfbb8c2d6ff091e462aee8bdb72c587edcc96ff62a82b33511dcd215'}",mock
0x57e16de061c225ca451359016ff7910cd6c92f16936448be3fbd859e4de721ed,86000,1,TicketReserved,"{'model_id': 'model_mnist_784_noniid', 'round': 6, 'ticket_id': 313, 'owner': 'acct_13'}",mock
0x831e992122c8274abbaf79c5a57c6de633fa9d89358b5df03c5e02ba08d2b94b,93000,1,UpdatePublished,"{'model_id': 'model_mnist_784_noniid', 'round': 6, 'ticket_id': 313, 'cid': 'sha256:168b6a8330e4976a51bd6a0b1ef53ae54dc26cb147bc0a4a4665bdd03dad11eb'}",mock
0x9f6ffe7f532f8d76a301351e10ed09e1584b46e138bb936a41c56d4ad7507546,86000,1,TicketReserved,"{'model_id': 'model_mnist_784_noniid', 'round': 6, 'ticket_id': 314, 'owner': 'acct_14'}",mock
0x21e9562899c97f42e06e83e52d67649dbfcf016c261f1abdb3094102cc74e7a3,93000,1,UpdatePublished,"{'model_id': 'model_mnist_784_noniid', 'round': 6, 'ticket_id': 314, 'cid': 'sha256:ff5cec98a227e89e6e5e651df6cb5c5ba703e3559330466473d1317a17f4a3a7'}",mock
0xa878c9ffdfa285b6a63f4b85b75e0cd2df6b2f1fe5768f096a6c8768e31154e8,86000,1,TicketReserved,"{'model_id': 'model_mnist_784_noniid', 'round': 6, 'ticket_id': 315, 'owner': 'acct_15'}",mock
0x4c9de25350468879bceedfdea097c3f6fde6ec55602eec7530147f9005e49ab7,93000,1,UpdatePublished,"{'model_id': 'model_mnist_784_noniid', 'round': 6, 'ticket_id': 315, 'cid': 'sha256:51d08b9a7210bb21672a0cd55bbf834479a1839e5c0ccb74335fc3a51afd2023'}",mock
0x9bc56901e359fcb3f075be60d5ccf4af55f4f2411cde2f6e662e8be49cdc417b,86000,1,TicketReserved,"{'model_id': 'model_mnist_784_noniid', 'round': 6, 'ticket_id': 316, 'owner': 'acct_16'}",mock
0xee33875f08132fe591b4b62f56f1d2ac5979cbb32a88005e63d13a8a1861370c,93000,1,UpdatePublished,"{'model_id': 'model_mnist_784_noniid', 'round': 6, 'ticket_id': 316, 'cid': 'sha256:e74fbc779cab8a9e691e9a7f0b26991ce7060766ef49ec55f178dfaa2762e718'}",mock
0xbffd97c8f6dc0fcc5fffbb6bafe9b997f040570825f8928fd1228c4503d0be9f,86000,1,TicketReserved,"{'model_id': 'model_mnist_784_noniid', 'round': 6, 'ticket_id': 317, 'owner': 'acct_17'}",mock
0x6d2c45445898823d3299f6e9ce5c325436f92542541730271bd93c25045d30b7,93000,1,UpdatePublished,"{'model_id': 'model_mnist_784_noniid', 'round': 6, 'ticket_id': 317, 'cid': 'sha256:45df3a2d03a3c0199f067604066acea51fbb405b44e2b264122926b8dfd356e3'}",mock
0x2147176867cf7264473f8a412f0e882a887b92150dd089932ab9cba06128f9fc,86000,1,TicketReserved,"{'model_id': 'model_mnist_784_noniid', 'round': 6, 'ticket_id': 318, 'owner': 'acct_18'}",mock
0xdfe1763d1bcbd01f72ebb8a30b851783f4de2194cc98e74a069b90bba52b1458,93000,1,UpdatePublished,"{'model_id': 'model_mnist_784_noniid', 'round': 6, 'ticket_id': 318, 'cid': 'sha256:9337ea7a1830ec1fb3c7fc26ffeaa8dfb6f20aa7d3c43e3a496e467c878cec67'}",mock
0xf20d73a97c0d2461b5c6aee2a986db652ef2faa8bb9708a8167e6cbe0ac4b12a,86000,1,TicketReserved,"{'model_id': 'model_mnist_784_noniid', 'round': 6, 'ticket_id': 319, 'owner': 'acct_19'}",mock
0xff75bb692ef7810dff0e4bd66257fbd0f6c804c6634b9728c16d1f3c91f1546c,93000,1,UpdatePublished,"{'model_id': 'model_mnist_784_noniid', 'round': 6, 'ticket_id': 319, 'cid': 'sha256:65583586e1fbf6d2e14dec16600abfcdacd6cea06a54adffe4dacd8e57a219ee'}",mock
0xbfdb0bcd9630f1cdcca9086c071078953d34b4cc243ad4ca62b9457efeddb14a,86000,1,TicketReserved,"{'model_id': 'model_mnist_784_noniid', 'round': 6, 'ticket_id': 320, 'owner': 'acct_20'}",mock
0x121e0fde7e26826b1e905eeeec1836db3e4e61ea9e6fb23c2b93518b8bb02887,93000,1,UpdatePublished,"{'model_id': 'model_mnist_784_noniid', 'round': 6, 'ticket_id': 320, 'cid': 'sha256:7be5fade536d93ae741763b57c51035d35aca6ce3d301dfa7b0fb7e61322cf41'}",mock
0x5dce273ea156a58569ef043a1d1b4bdd3d27b452549a92d8ad37f23200478963,86000,1,TicketReserved,"{'model_id': 'model_mnist_784_noniid', 'round': 6, 'ticket_id': 321, 'owner': 'acct_21'}",mock
0x6a200957a3722b22a6da7670e40cbafd4372920c312941146103358a94c9a63a,93000,1,UpdatePublished,"{'model_id': 'model_mnist_784_noniid', 'round': 6, 'ticket_id': 321, 'cid': 'sha256:3278c3200a55d000082f62c3b0430a70d3caa312ff55fdfa716719f3a6144361'}",mock
0x624ea7f7647bc777c036ead7028b1ca3d9596e0de0892edb485d0291e74d8f81,86000,1,TicketReserved,"{'model_id': 'model_mnist_784_noniid', 'round': 6, 'ticket_id': 322, 'owner': 'acct_22'}",mock
0xc4d82ecbcbe1f5ab612bbc720fcad5181a1d401102208eb061e6d843a66f6328,93000,1,UpdatePublished,"{'model_id': 'model_mnist_784_noniid', 'round': 6, 'ticket_id': 322, 'cid': 'sha256:5710f9987783410c29d4456b9dafa7254fd1949fb1bbe782f2a6be9ff8736bb9'}",mock
0x61e8e0489f485f178686f03698a84c1faf8986c08b7de519b4161482a5cdd226,86000,1,TicketReserved,"{'model_id': 'model_mnist_784_noniid', 'round': 6, 'ticket_id': 323, 'owner': 'acct_23'}",mock
0x6591703dc6929347c76bdfcd74534b1592cf97ff3037e59af8ed04c5300b75af,93000,1,UpdatePublished,"{'model_id': 'model_mnist_784_noniid', 'round': 6, 'ticket_id': 323, 'cid': 'sha256:4f3639a1fce1714f0bfe8c6524c1074c7ab6903aa331c7e92c657fe48a87ab90'}",mock
0x8e9f5877a4f965b84a02b32562adad0592fb4131ab6414346fc68c98f468677f,86000,1,TicketReserved,"{'model_id': 'model_mnist_784_noniid', 'round': 6, 'ticket_id': 324, 'owner': 'acct_24'}",mock
0x16344b5c92eeac699995abd78bdf718bfe091febc61666fe1c8f606ead636f51,93000,1,UpdatePublished,"{'model_id': 'model_mnist_784_noniid', 'round': 6, 'ticket_id': 324, 'cid': 'sha256:80e4d7f878036d5e3f4cbb39a4fba1c476155fa55053d89c1d3e4188e475cceb'}",mock
0xb3ed7e362ebca934621d4eec6826b58749c6ecef96c4c44ceb5cf3d8cb48235f,86000,1,TicketReserved,"{'model_id': 'model_mnist_784_noniid', 'round': 6, 'ticket_id': 325, 'owner': 'acct_25'}",mock
0x29ff24e620bf689bf9f81b833b2ec3da420e8f9f1144c2310b21bcdc8875578f,93000,1,UpdatePublished,"{'model_id': 'model_mnist_784_noniid', 'round': 6, 'ticket_id': 325, 'cid': 'sha256:b31c7a911a57aaf3c5f5d8602bf231206d7acb05f7dcda0561bee93cde38acc6'}",mock
0x14e2d38c2b68f1a79e2e52d80e6ff659409d4ddf151aa7ba835c506e7e814364,86000,1,TicketReserved,"{'model_id': 'model_mnist_784_noniid', 'round': 6, 'ticket_id': 326, 'owner': 'acct_26'}",mock
0x8a94584f92576c38e85b4214c83ec802c4dba96542f43778600230a798466ca7,93000,1,UpdatePublished,"{'model_id': 'model_mnist_784_noniid', 'round': 6, 'ticket_id': 326, 'cid': 'sha256:e2c64df32792dca50a8ed4b7feb569a6234339b9a4109674a26af9526e729738'}",mock
0x49f72a605cb38d3471184e2aa98ff651735bd806bf257c2eafab62fd4d26b208,86000,1,TicketReserved,"{'model_id': 'model_mnist_784_noniid', 'round': 6, 'ticket_id': 327, 'owner': 'acct_27'}",mock
0xf8f8f2aadc0e90735bfb6c024e8688ad76b3fafd02b63c1eefbf4049f274ab38,93000,1,UpdatePublished,"{'model_id': 'model_mnist_784_noniid', 'round': 6, 'ticket_id': 327, 'cid': 'sha256:4423eadf3d74ce4e4fafa674841a307bc80687e8b4c810238bd88e070c0aded5'}",mock
0x35b0de98990f921a3e54651a30e314b818fddf3c74cb06979d4fd8225b38db25,86000,1,TicketReserved,"{'model_id': 'model_mnist_784_noniid', 'round': 6, 'ticket_id': 328, 'owner': 'acct_28'}",mock
0xe6b5d818bffe798e7f6dee010b6c7b034b5456baf85bbdbfee99785093c02b51,93000,1,UpdatePublished,"{'model_id': 'model_mnist_784_noniid', 'round': 6, 'ticket_id': 328, 'cid': 'sha256:1174ac663cb64e35048fe5177c98af618fc58c37cce58ab242da63831dd1c8b2'}",mock
0xed8007e4e343d272a302b19680f35cd59c3a58c9a9a7484630bffbe079f6bc81,86000,1,TicketReserved,"{'model_id': 'model_mnist_784_noniid', 'round': 6, 'ticket_id': 329, 'owner': 'acct_29'}",mock
0x6b0e65d556d6dd5123048f5c7bffad67d1ee9e1d2d0c6168ec643658c8168026,93000,1,UpdatePublished,"{'model_id': 'model_mnist_784_noniid', 'round': 6, 'ticket_id': 329, 'cid': 'sha256:893b6a431284bb3a8eeda404781329aa0af152937df19dc2b44f996cad3d4405'}",mock
0xca875f58f173f69535b87f997b90db9b96748aa605748c40bd14c3e364b37f13,86000,1,TicketReserved,"{'model_id': 'model_mnist_784_noniid', 'round': 6, 'ticket_id': 330, 'owner': 'acct_30'}",mock
0xab96b88c478995bab52d9c5ae067798f5757197c759b30900cbe5cd665fa7c10,93000,1,UpdatePublished,"{'model_id': 'model_mnist_784_noniid', 'round': 6, 'ticket_id': 330, 'cid': 'sha256:008c227533ff9993b413bd9efd8e3994760b8276c84a917f1aadbb2d993a52d3'}",mock
0x53c1f30ebdf7537efac3e265b90bafc86e18be9653ee3cfc0d8cccb59fc32c30,86000,1,TicketReserved,"{'model_id': 'model_mnist_784_noniid', 'round': 6, 'ticket_id': 331, 'owner': 'acct_31'}",mock
0x7b2215484c47b20e305ff41420a855db01b3527dc14d5d42cf54b0aa623ebb8f,93000,1,UpdatePublished,"{'model_id': 'model_mnist_784_noniid', 'round': 6, 'ticket_id': 331, 'cid': 'sha256:731c61b9b746018b2b6dc957190d76c3ad5713a77d5ffe2ea9eb2ef2d7f8ca2b'}",mock
0x7f1d5a5d52841ddeb1c3074b77294f287ff6ac597a68febf1a7f755536dc6647,86000,1,TicketReserved,"{'model_id': 'model_mnist_784_noniid', 'round': 6, 'ticket_id': 332, 'owner': 'acct_32'}",mock
0x70fb28a99e73e8149acff73830a04f54400b9473514c310f1992291f3511a5dc,93000,1,UpdatePublished,"{'model_id': 'model_mnist_784_noniid', 'round': 6, 'ticket_id': 332, 'cid': 'sha256:fa8825492816ea66a0432e43f0fca080e38c82a3c88e0476c29d0be8550c9e0b'}",mock
0xe06ea805d48a90f9ab9e6b0c08705d8bd76c5322fd50692bebb0040a74c7a14c,86000,1,TicketReserved,"{'model_id': 'model_mnist_784_noniid', 'round': 6, 'ticket_id': 333, 'owner': 'acct_33'}",mock
0xeb2b71cab5522cd42eacded15c693cd0bc79a68b411b38a35b9f86453611ccd7,93000,1,UpdatePublished,"{'model_id': 'model_mnist_784_noniid', 'round': 6, 'ticket_id': 333, 'cid': 'sha256:4b187650464a857843e064360204bc004e0acb50d0ca2fcf049c9ee856e63dcc'}",mock
0x83dc863f72d2904777f6125b4db72af3cee8e2ae0ef667eaac95342e14583b81,86000,1,TicketReserved,"{'model_id': 'model_mnist_784_noniid', 'round': 6, 'ticket_id': 334, 'owner': 'acct_34'}",mock
0xa56c16589a320d43218ecd3f68244c7d9123e6b887c775577a679c5be5462629,93000,1,UpdatePublished,"{'model_id': 'model_mnist_784_noniid', 'round': 6, 'ticket_id': 334, 'cid': 'sha256:3725328e9775e5a1bd38f972afb9ed12d5071f2721992a163092c4b69f78df13'}",mock
0xfb982b6fe9be877c930c154b59d926d53d3bc01ab3d30fe67105bbc95f19e0fd,86000,1,TicketReserved,"{'model_id': 'model_mnist_784_noniid', 'round': 6, 'ticket_id': 335, 'owner': 'acct_35'}",mock
0x14e06a98545d63ba04331f3a5271d2a2e55389464c2dd6b13ddab0da01147419,93000,1,UpdatePublished,"{'model_id': 'model_mnist_784_noniid', 'round': 6, 'ticket_id': 335, 'cid': 'sha256:aa9da5bef930d518b90f7393926b999b098fbbfaf7b3c0bad6b403826a770e3d'}",mock
0xd979c1caaf7897e906b94a36f93b74c098a37fa0bb096dc4f87f6b82293a3ce9,86000,1,TicketReserved,"{'model_id': 'model_mnist_784_noniid', 'round': 6, 'ticket_id': 336, 'owner': 'acct_36'}",mock
0x3e702210414cf7dbb12b37705ccc766d39fe3c3015424582a84c39fc24b33906,93000,1,UpdatePublished,"{'model_id': 'model_mnist_784_noniid', 'round': 6, 'ticket_id': 336, 'cid': 'sha256:9f2a06c9320433a4ba286be853fed4c074b64c17a0c2830d68c35f92f187f24b'}",mock
0xf30b5c260cf10032134a0a7ccf2dae5913404e15a0112c3643dcb4e3a9fc8668,86000,1,TicketReserved,"{'model_id': 'model_mnist_784_noniid', 'round': 6, 'ticket_id': 337, 'owner': 'acct_37'}",mock
0x682115d7e14155145ded21279ba3e36275ab0068dbe0cfd7d8474f393bfb4d8c,93000,1,UpdatePublished,"{'model_id': 'model_mnist_784_noniid', 'round': 6, 'ticket_id': 337, 'cid': 'sha256:878ee884155bd9bbaf1ebfb636468bf3f28c17ca1ca58b9c695cc502a33ad0a2'}",mock
0xc6383400d857476b1ef686318675ca200b059f6bff75e5f8c31961507208e1a1,86000,1,TicketReserved,"{'model_id': 'model_mnist_784_noniid', 'round': 6, 'ticket_id': 338, 'owner': 'acct_38'}",mock
0x4600b7d8cf440e7627a8a098e75e27b75e3643a5b0513742edfb54ac367d68d2,93000,1,UpdatePublished,"{'model_id': 'model_mnist_784_noniid', 'round': 6, 'ticket_id': 338, 'cid': 'sha256:6da20363aaffd1ee3a62bc8f266ff09ba19315ec56d1d9bd3281c077fbe9031f'}",mock
0x4a1a91b558a91778830c327ec76a0d07518cd918c93792f0dd01ca00073c30ab,86000,1,TicketReserved,"{'model_id': 'model_mnist_784_noniid', 'round': 6, 'ticket_id': 339, 'owner': 'acct_39'}",mock
0x164f1e525e5c1ab987ddbc62a7f17633920884326104c69105730fe2b0cdf218,93000,1,UpdatePublished,"{'model_id': 'model_mnist_784_noniid', 'round': 6, 'ticket_id': 339, 'cid': 'sha256:f5909a9e7dbd206980e64d9d46f980c6c5c0e11277fec85a5a2f2cd92d2e6540'}",mock
0x5c90aeac2506b6d8419e39aded52a801976dccd3d31f25a8ad5742f66d0f8f59,86000,1,TicketReserved,"{'model_id': 'model_mnist_784_noniid', 'round': 6, 'ticket_id': 340, 'owner': 'acct_40'}",mock
0x9e64013227cede03533b840a83d423f19edc66cdc6a2190996fcf9a289737449,93000,1,UpdatePublished,"{'model_id': 'model_mnist_784_noniid', 'round': 6, 'ticket_id': 340, 'cid': 'sha256:29556528c66df15dca6714bc78137e0098659fb8813fe20c877eefffbc675d40'}",mock
0xf85b740f5764b5810f54dbeb7bd27a09aef4407dfa405c7f919ccffe9f273b9e,86000,1,TicketReserved,"{'model_id': 'model_mnist_784_noniid', 'round': 6, 'ticket_id': 341, 'owner': 'acct_41'}",mock
0x7ee150b742757512a5b1b95cb35f5efb4c9bc26d2d1e144b6df2cf19d29daf79,93000,1,UpdatePublished,"{'model_id': 'model_mnist_784_noniid', 'round': 6, 'ticket_id': 341, 'cid': 'sha256:b31fd1bbee3ed99faedb94a843af8f6244d4374ca7de8ea013c3d96f8714488a'}",mock
0xf1e6bf34e339f7481bc8841292265d6e8a78ed95224e5ac8872c8cf31a33dbce,86000,1,TicketReserved,"{'model_id': 'model_mnist_784_noniid', 'round': 6, 'ticket_id': 342, 'owner': 'acct_42'}",mock
0xc8a996bec73eb062ff37863d37b1cc18e85f390abaf9e67e411aaee14181e3e8,93000,1,UpdatePublished,"{'model_id': 'model_mnist_784_noniid', 'round': 6, 'ticket_id': 342, 'cid': 'sha256:3e4a43773a21f09b3a0aea2883f4660f921c86edfcb11acbef1739d7a5b44dee'}",mock
0x4bde6bc975ab8f7cd2719d320b556dbceb4389f18037ea6790ec5f5c71f72866,86000,1,TicketReserved,"{'model_id': 'model_mnist_784_noniid', 'round': 6, 'ticket_id': 343, 'owner': 'acct_43'}",mock
0x718c341217c97b01906f45e47967eecc3b81d8d517a7674799a80d598f3e4257,93000,1,UpdatePublished,"{'model_id': 'model_mnist_784_noniid', 'round': 6, 'ticket_id': 343, 'cid': 'sha256:ca44fc0008376f16e156fcd94f01330615dc4e5ee18a31a3565f39f55400f389'}",mock
0xb572bf5082f0a75b55b509321fe01f35efa2ba2af2336e8c717986e38ec998ee,86000,1,TicketReserved,"{'model_id': 'model_mnist_784_noniid', 'round': 6, 'ticket_id': 344, 'owner': 'acct_44'}",mock
0x32faf8cfdfd8b1d00b3a49823e61357d61d857881764ba9fb6592aacd489af70,93000,1,UpdatePublished,"{'model_id': 'model_mnist_784_noniid', 'round': 6, 'ticket_id': 344, 'cid': 'sha256:40088c537db2a07fec801c51049ac7c9106bdfbf3886033e96807860dd7d5549'}",mock
0xd7ab18a47e112bb013a1658581296fda8a8839d598d50437fa41594841cd5fce,86000,1,TicketReserved,"{'model_id': 'model_mnist_784_noniid', 'round': 6, 'ticket_id': 345, 'owner': 'acct_45'}",mock
0x08daab01f56a4cc46d9e6ee815e148d29b7fe1aa7cc756556e686ce74bf84400,93000,1,UpdatePublished,"{'model_id': 'model_mnist_784_noniid', 'round': 6, 'ticket_id': 345, 'cid': 'sha256:8ecb5a2b149e978c76f70394ca3db9fa921eec64de59d41cf3ccf0e071b72f97'}",mock
0xcaab30b60e1c5f19bb09dab26cd30128389fff6c8294bb1ef0ec492a5f1b6bfe,86000,1,TicketReserved,"{'model_id': 'model_mnist_784_noniid', 'round': 6, 'ticket_id': 346, 'owner': 'acct_46'}",mock
0x400020c6ba338f7684cec546b582e99f89ff2617f7f23db8846e25b6e9a2f20c,93000,1,UpdatePublished,"{'model_id': 'model_mnist_784_noniid', 'round': 6, 'ticket_id': 346, 'cid': 'sha256:e8add6663801d50a6bb6022cd344d5a5ab3621ddf5da17718c21b405dbf54e23'}",mock
0x15848e7c71c38e8695744bf2fea5dc8c39531f3f3b136788734fc5ff352e0300,86000,1,TicketReserved,"{'model_id': 'model_mnist_784_noniid', 'round': 6, 'ticket_id': 347, 'owner': 'acct_47'}",mock
0xfe9991a9882912113c922e37b8d21fa78382fb6d764915f1fa7ebf119d8364aa,93000,1,UpdatePublished,"{'model_id': 'model_mnist_784_noniid', 'round': 6, 'ticket_id': 347, 'cid': 'sha256:b92dc60d6da24794ca68f9b42a351d4d3a9b241c4eae98beb6d57d2c0115f7f2'}",mock
0xbf30bfbaffca0023688aedf5d2e88462494bfee0d5a90ce773a22757517fc1bf,86000,1,TicketReserved,"{'model_id': 'model_mnist_784_noniid', 'round': 6, 'ticket_id': 348, 'owner': 'acct_48'}",mock
0xe5ba73443ab677a5fa189e5259c47eb2c385cec8a28663d2e6212a28dccf8372,93000,1,UpdatePublished,"{'model_id': 'model_mnist_784_noniid', 'round': 6, 'ticket_id': 348, 'cid': 'sha256:0a357502cb8d25f6b3589432654c3d292dbeefa6edcc8d7dd153eff71d986bd8'}",mock
0x51040372615fd902a68918a86507da39a12af786fcae3c74545b20c50891630e,86000,1,TicketReserved,"{'model_id': 'model_mnist_784_noniid', 'round': 6, 'ticket_id': 349, 'owner': 'acct_49'}",mock
0xea56bc26098dd7a03565b83c2a6ffd28c501f5920c33d7972f0e29177fa4b65a,93000,1,UpdatePublished,"{'model_id': 'model_mnist_784_noniid', 'round': 6, 'ticket_id': 349, 'cid': 'sha256:599f234a5297bb99e4dfed5d7b45317c031b19360e11ebecdb8c89c346381e67'}",mock
0x20c2262f8de027a13f12e9fb40422bde30bc917c081bd25cd2452e352cc811a3,86000,1,TicketReserved,"{'model_id': 'model_mnist_784_noniid', 'round': 6, 'ticket_id': 350, 'owner': 'acct_50'}",mock
0xfa314329186ef2ac2e058d913ef0def723f0d33772685000c290d08a17204e6c,93000,1,UpdatePublished,"{'model_id': 'model_mnist_784_noniid', 'round': 6, 'ticket_id': 350, 'cid': 'sha256:5846fd94228051561df7c2ad1b527e803665dedb334f1c75035633bd70354bfe'}",mock
0xe4827adc5cd11e4b291fb7877c4e5b53577c3c29eab573c77cff39265cd37e55,915000,1,RoundFinalized,"{'model_id': 'model_mnist_784_noniid', 'round': 6, 'included': 29, 'refunds': 50}",mock
0x2df27144a72c75d29788e44062ed9a98fa10486dcbe0327d698b60f9f89dea4d,52000,1,RoundFunded,"{'model_id': 'model_mnist_784_noniid', 'amount_wei': 10000000000000000}",mock
0x792f6035bef743a078c8ce698671e7e3b76bd2fd87c0b48b045c7c249c78a7bc,86000,1,TicketReserved,"{'model_id': 'model_mnist_784_noniid', 'round': 7, 'ticket_id': 351, 'owner': 'acct_1'}",mock
0xf05100bd8ccd41b7dac4987abed0e6e6943d945579d08ac7e6249a9392d66108,93000,1,UpdatePublished,"{'model_id': 'model_mnist_784_noniid', 'round': 7, 'ticket_id': 351, 'cid': 'sha256:8490fa36050dc0a4de6a87389916a7f1793d7ed6194a1c9296a3269ac418d0b1'}",mock
0x02370a68aa1de893f70fd9ae3d00e94cdc82dd56f6880a4725d0a2cce398f4e7,86000,1,TicketReserved,"{'model_id': 'model_mnist_784_noniid', 'round': 7, 'ticket_id': 352, 'owner': 'acct_2'}",mock
0x662ade56df36b8c0c21cd2f59d6a1c29387767ccd9f5484819bc393c65653e7b,93000,1,UpdatePublished,"{'model_id': 'model_mnist_784_noniid', 'round': 7, 'ticket_id': 352, 'cid': 'sha256:abc67335b71ec4f9edba055655835d536bc4d0c8687fecb41fb077c9cd1d666a'}",mock
0xb11b19adbbc5935d669f7d2f6a1bf65f4c1684d9c692b92f38b851aa3d8a538e,86000,1,TicketReserved,"{'model_id': 'model_mnist_784_noniid', 'round': 7, 'ticket_id': 353, 'owner': 'acct_3'}",mock
0x8a195f2937e54293e1213078b48702c4f7439ea93b6ab986da136dd7fe9da398,93000,1,UpdatePublished,"{'model_id': 'model_mnist_784_noniid', 'round': 7, 'ticket_id': 353, 'cid': 'sha256:5b2dafaa6a958e0fd5d8136daf25eb3485f377e2f563bc325f8f0f8a021a041b'}",mock
0x00f336adc78aabf36298c52011ec34882eea841446195da0195942235cb043bb,86000,1,TicketReserved,"{'model_id': 'model_mnist_784_noniid', 'round': 7, 'ticket_id': 354, 'owner': 'acct_4'}",mock
0x1fa48fb4fd83cd7a10e2319325a557054d9e9675d73740373327f2154002b025,93000,1,UpdatePublished,"{'model_id': 'model_mnist_784_noniid', 'round': 7, 'ticket_id': 354, 'cid': 'sha256:906f847033e94945e04026ed6b3100b6beaef8f64a952cc8cc97515ff4e5d933'}",mock
0x314d86874d332065d3fa238dffd0b81f9e250606b34ee78c084b65bb7ca8c123,86000,1,TicketReserved,"{'model_id': 'model_mnist_784_noniid', 'round': 7, 'ticket_id': 355, 'owner': 'acct_5'}",mock
0x31bad577bc57e9e5835c794a8f6976e3e918c6d1225620d0515bda7449ced1e6,93000,1,UpdatePublished,"{'model_id': 'model_mnist_784_noniid', 'round': 7, 'ticket_id': 355, 'cid': 'sha256:7300275d3c95d21d5b727f2c232f49e5bc3ba27439a997a427f83b702e431cb9'}",mock
0x1007fb301b6f181d392bc03aa524e303bd1040b4a83ee67ad13cabe697210cf1,86000,1,TicketReserved,"{'model_id': 'model_mnist_784_noniid', 'round': 7, 'ticket_id': 356, 'owner': 'acct_6'}",mock
0xc9d6aa23d639b79d20f35403890a3ac9bea7b2686c085f53352030f1c32b6547,93000,1,UpdatePublished,"{'model_id': 'model_mnist_784_noniid', 'round': 7, 'ticket_id': 356, 'cid': 'sha256:60e0424d2e92638f24e4b66bf0dd9e9c9fce6c4aa67d781dd990070aba0032f1'}",mock
0x382a72281fad930b4a69116831fc90bbd722dbcb492e1c6c5db36a354d3b81a2,86000,1,TicketReserved,"{'model_id': 'model_mnist_784_noniid', 'round': 7, 'ticket_id': 357, 'owner': 'acct_7'}",mock
0xf414611043996bfd9f695b07b7ccb04208e04a00361e53919de4011f772cb7da,93000,1,UpdatePublished,"{'model_id': 'model_mnist_784_noniid', 'round': 7, 'ticket_id': 357, 'cid': 'sha256:8de5f1e86774605597631fe3f370a25a4322c38b20f6d96b07e3b016668781f1'}",mock
0x85127b46e7654f72e3b5373342d93f3291be11d171736f357744bbaee87e7ca7,86000,1,TicketReserved,"{'model_id': 'model_mnist_784_noniid', 'round': 7, 'ticket_id': 358, 'owner': 'acct_8'}",mock
0xc68510be9a271558b792f1e70d84561cf2caedcb039c7c644bd6305d05a40164,93000,1,UpdatePublished,"{'model_id': 'model_mnist_784_noniid', 'round': 7, 'ticket_id': 358, 'cid': 'sha256:5b057fcc0db14c60db3667b0fa48ef330e46f0215f311a3381dbd1abbeb7dfca'}",mock
0xca91c2df14802c12335f67010957f8d5f5ba2613e09af2e1cf837a1979545d59,86000,1,TicketReserved,"{'model_id': 'model_mnist_784_noniid', 'round': 7, 'ticket_id': 359, 'owner': 'acct_9'}",mock
0x205e298d61d3020f1066c64d1117b866fcae01d011725e0d0e00237756abe8da,93000,1,UpdatePublished,"{'model_id': 'model_mnist_784_noniid', 'round': 7, 'ticket_id': 359, 'cid': 'sha256:744894f4480d52ad79a80eb2af7a471a686459dba0346f0ce562f15fa7f45d68'}",mock
0x93e8d0adb2a565815e189c267b3ea706ef285048fac633b8e1f7714e494323c9,86000,1,TicketReserved,"{'model_id': 'model_mnist_784_noniid', 'round': 7, 'ticket_id': 360, 'owner': 'acct_10'}",mock
0xdcb4900e1e314d993ee1da319163a2e4c24ab36af5c431a2cf66465536373b6b,93000,1,UpdatePublished,"{'model_id': 'model_mnist_784_noniid', 'round': 7, 'ticket_id': 360, 'cid': 'sha256:b45b912fde698e090c9ca7bd7c6b0c694d9467d38e899f4fb10cd29ac76c24b8'}",mock
0xa8a59bd5a4b454d43898cb315689b72deb547a2beb90afe4a736af33712bbd39,86000,1,TicketReserved,"{'model_id': 'model_mnist_784_noniid', 'round': 7, 'ticket_id': 361, 'owner': 'acct_11'}",mock
0x568113b86a7eccd9d4399aa4c16645d5b7a97361165b604a9fd32e0642f9b96f,93000,1,UpdatePublished,"{'model_id': 'model_mnist_784_noniid', 'round': 7, 'ticket_id': 361, 'cid': 'sha256:56df761bbbdc5e93cca697bb3344422c55fca1c02b846f0fcebe878ad18648c4'}",mock
0x0441de4e0821e1fb0dceee38c9a1b210aaa4f2bbb432d3e9ef74fff43af9c393,86000,1,TicketReserved,"{'model_id': 'model_mnist_784_noniid', 'round': 7, 'ticket_id': 362, 'owner': 'acct_12'}",mock
0x8b9e7954a149269faab1c86c7ca8d2fab84b7224dc2a37ada98a90930b496fc7,93000,1,UpdatePublished,"{'model_id': 'model_mnist_784_noniid', 'round': 7, 'ticket_id': 362, 'cid': 'sha256:b5454b9b3a827c13572457847880b196586f67bc9a92a4f8c64ff0bcf875def7'}",mock
0x4c3fbd563ce61493be4e8913c8aef5af2555d6aeaa49d995d2ca6716a7669d69,86000,1,TicketReserved,"{'model_id': 'model_mnist_784_noniid', 'round': 7, 'ticket_id': 363, 'owner': 'acct_13'}",mock
0x71ec7274fa9cae384744b78a9a4d7a34feaf1ca2e2b8b0c56e36b1273dd4cfcc,93000,1,UpdatePublished,"{'model_id': 'model_mnist_784_noniid', 'round': 7, 'ticket_id': 363, 'cid': 'sha256:5153c4f045e699ba16b1710e8bdea9d10c67149834f43a2591bc93e464f688f1'}",mock
0x3f323cebd2878a5dee8152c65a868c752b03ace1115aa2522eb13700ddb2ad04,86000,1,TicketReserved,"{'model_id': 'model_mnist_784_noniid', 'round': 7, 'ticket_id': 364, 'owner': 'acct_14'}",mock
0x658c70ba6bbe4af7e5e25204e3fa3ffc3af2f76f464ad5e5814c39bfc7806f3f,93000,1,UpdatePublished,"{'model_id': 'model_mnist_784_noniid', 'round': 7, 'ticket_id': 364, 'cid': 'sha256:cad8af1dc2d9f1999edb288e2caaed6d28a267c43b01119298c497a91b5f9556'}",mock
0x4d669972ef3c2be20de8ca9c93c5496a86db1618871ebb19a4a431e327cbc278,86000,1,TicketReserved,"{'model_id': 'model_mnist_784_noniid', 'round': 7, 'ticket_id': 365, 'owner': 'acct_15'}",mock
0xdbe70b6118787910e0c847cc4760a85d04934738f98680a59cffea6fa0de1d93,93000,1,UpdatePublished,"{'model_id': 'model_mnist_784_noniid', 'round': 7, 'ticket_id': 365, 'cid': 'sha256:386f393926ebf4bf892df2306f4f9a7b48a81dd3997cb5116f5abb2c8d72a934'}",mock
0x9e952c665d22998dc6317ae4101c6da26837a330b80fe95bf35970ffdd664832,86000,1,TicketReserved,"{'model_id': 'model_mnist_784_noniid', 'round': 7, 'ticket_id': 366, 'owner': 'acct_16'}",mock
0x31ab960a9d8ac00739b7b278e97a842f769bc68b561cdd4cdbe62c76d0de9467,93000,1,UpdatePublished,"{'model_id': 'model_mnist_784_noniid', 'round': 7, 'ticket_id': 366, 'cid': 'sha256:6176f4483dd8e1ffc52646959624392f24a469022c70e303355e4bb61909404a'}",mock
0x48684180e48698d81796928e979ed601fd6614d5cb346c44451e347a821bddf5,86000,1,TicketReserved,"{'model_id': 'model_mnist_784_noniid', 'round': 7, 'ticket_id': 367, 'owner': 'acct_17'}",mock
0x66199654c5bfbef51aec1386fa19a62447facb9247103269166e2e6896322374,93000,1,UpdatePublished,"{'model_id': 'model_mnist_784_noniid', 'round': 7, 'ticket_id': 367, 'cid': 'sha256:ab2afd16dbc165b30b72b9b65af8f6a8fe45de81d2688ec3d002eec5f59a1a31'}",mock
0xb0070ff3348bc82a698b82fb755aff4a92ed5aa62e45c6dc2b0fb767176a6e0d,86000,1,TicketReserved,"{'model_id': 'model_mnist_784_noniid', 'round': 7, 'ticket_id': 368, 'owner': 'acct_18'}",mock
0xcde61e2f22b8a72b06865e6f1cddd8043a882e39ffb369c9ebf2c16d3a1802c0,93000,1,UpdatePublished,"{'model_id': 'model_mnist_784_noniid', 'round': 7, 'ticket_id': 368, 'cid': 'sha256:26034646785f120c2e168f324d1b5f460a5ad5633dc06cdeff5ea548317d6402'}",mock
0x7ad855d747d79c40ddffd401a7f1b76476fee9147a4f24b7d99d1f90305ebae9,86000,1,TicketReserved,"{'model_id': 'model_mnist_784_noniid', 'round': 7, 'ticket_id': 369, 'owner': 'acct_19'}",mock
0x336f596adb69af8d85c1de84b2921234a0b0fffc80fe9f050569a1fdf4b70ec2,93000,1,UpdatePublished,"{'model_id': 'model_mnist_784_noniid', 'round': 7, 'ticket_id': 369, 'cid': 'sha256:a16a6c65c8acaf5cfc6fd168bd1a4006d5f96c09f49c48b924449b68e2465145'}",mock
0x9fe35e61eada148e52e9d32ab40f0095971f9b59248026cdebb787d573e2fb02,86000,1,TicketReserved,"{'model_id': 'model_mnist_784_noniid', 'round': 7, 'ticket_id': 370, 'owner': 'acct_20'}",mock
0x7bef0eb5b41e9609fe7e697611ca38cacc13454658d2511f923a19a44b5c6f56,93000,1,UpdatePublished,"{'model_id': 'model_mnist_784_noniid', 'round': 7, 'ticket_id': 370, 'cid': 'sha256:e64043de71612863578e98250bdab124d46db3acee3649af614f59f6f2f0159d'}",mock
0x58f3dfeec37713f8735446d393b7b39469000abe8a4805ab4deb233044c53daf,86000,1,TicketReserved,"{'model_id': 'model_mnist_784_noniid', 'round': 7, 'ticket_id': 371, 'owner': 'acct_21'}",mock
0x5c2538da53e20584b0f02ca60aa5f3ac4cc255126961af071f1c59ca65cda2d5,93000,1,UpdatePublished,"{'model_id': 'model_mnist_784_noniid', 'round': 7, 'ticket_id': 371, 'cid': 'sha256:790dafb6518422911b7a0b5c1c95795fa7ea13db208e32fdd0b86772637514db'}",mock
0x555363aa53bb09565ce8aa309525a01759b42b3195bd3466805b78eecd64bed4,86000,1,TicketReserved,"{'model_id': 'model_mnist_784_noniid', 'round': 7, 'ticket_id': 372, 'owner': 'acct_22'}",mock
0x007d75dfe77346e9b44df195c3adbff83a4679d0ce76174429a9369e01bc747e,93000,1,UpdatePublished,"{'model_id': 'model_mnist_784_noniid', 'round': 7, 'ticket_id': 372, 'cid': 'sha256:ae6527ab984f06185cab126e4a9b6325e20e332154baea5241552c7e87b73604'}",mock
0xffd49fe7d133a6d4bb4793721d59431a773725956bd6cb95fc8ffbd3c16a7b25,86000,1,TicketReserved,"{'model_id': 'model_mnist_784_noniid', 'round': 7, 'ticket_id': 373, 'owner': 'acct_23'}",mock
0x40f17f094108ac9a33c863560abd19e93ed9b8f50b9ff89f31f6537a3dbb102e,93000,1,UpdatePublished,"{'model_id': 'model_mnist_784_noniid', 'round': 7, 'ticket_id': 373, 'cid': 'sha256:7518ac1dc79cb5ea28b434467faf9be839f2e3808974f8a58e2351dde6e5c2d1'}",mock
0xc560561a3eb5cf07c30379babf49d69ee2d117dee730e079c2fae51cff100449,86000,1,TicketReserved,"{'model_id': 'model_mnist_784_noniid', 'round': 7, 'ticket_id': 374, 'owner': 'acct_24'}",mock
0x2d98cd3d351edfe38e3b4a6328bbf8dc8f454d807f84eab058c4bbb1230b5582,93000,1,UpdatePublished,"{'model_id': 'model_mnist_784_noniid', 'round': 7, 'ticket_id': 374, 'cid': 'sha256:f5489d83ddf2cd759fc126dbcdf5c7c54415adcabbc2c4578afc71c84ffc45b5'}",mock
0x2d3c2bbc821c666c42e56b24a6e2ce12f90007c9faf8ba329af816f545aaa18a,86000,1,TicketReserved,"{'model_id': 'model_mnist_784_noniid', 'round': 7, 'ticket_id': 375, 'owner': 'acct_25'}",mock
0xdb9f76b48e86d96407658be1b8c1cafdcf323e1a53430f904f27afa632867c35,93000,1,UpdatePublished,"{'model_id': 'model_mnist_784_noniid', 'round': 7, 'ticket_id': 375, 'cid': 'sha256:a409fd946f1f0ae9c4d9d9dc044a9fae9bbd06569ce18d592accb4245ee1a590'}",mock
0x52e8d4263e476a4a592c3339a57d359964511abf92d8668d8a9627bc9536fc9e,86000,1,TicketReserved,"{'model_id': 'model_mnist_784_noniid', 'round': 7, 'ticket_id': 376, 'owner': 'acct_26'}",mock
0x0a75c302e589bf379fe497b12f64413375fca2bdb0a6f6497749d5f4eb9adee7,93000,1,UpdatePublished,"{'model_id': 'model_mnist_784_noniid', 'round': 7, 'ticket_id': 376, 'cid': 'sha256:b44ec3d18853cd01f7a076f8dbd2b6e49685214e1e75e30ad9941871609471b2'}",mock
0xa22cf4c2545ef3b93878b197ced67002ce2d43029a7551789e1a6dbd24b6cebe,86000,1,TicketReserved,"{'model_id': 'model_mnist_784_noniid', 'round': 7, 'ticket_id': 377, 'owner': 'acct_27'}",mock
0xbc7c734e2c9b27fbba40d8f8337973b73d8f1cb0a24a912ecfc85af69c51f31e,93000,1,UpdatePublished,"{'model_id': 'model_mnist_784_noniid', 'round': 7, 'ticket_id': 377, 'cid': 'sha256:29dde22210de701b970b36e5614d12f6ab19d5d2368344943d17f6c8bef1131a'}",mock
0x3e5205aefe5278db1b60422462f8fd4b8e760296ca349d1417b44f63bc1e41c8,86000,1,TicketReserved,"{'model_id': 'model_mnist_784_noniid', 'round': 7, 'ticket_id': 378, 'owner': 'acct_28'}",mock
0xb7352f08ec30849854a730268dfb2985ac1139ef1051f7e5a02c3b76e8ff41fd,93000,1,UpdatePublished,"{'model_id': 'model_mnist_784_noniid', 'round': 7, 'ticket_id': 378, 'cid': 'sha256:8a858ce695b63df2f649ed1123a9b9a5b57c2cdf447ac22e777ab56e96088e0b'}",mock
0x67a80dec2d1ff74cfb739a7965a26b8899e768946a2f4ba415ea459a6e0d2e6f,86000,1,TicketReserved,"{'model_id': 'model_mnist_784_noniid', 'round': 7, 'ticket_id': 379, 'owner': 'acct_29'}",mock
0xb7e9ea99f2473dca32df557655067b754667553e24f9d4bf21e667cd5290bfa3,93000,1,UpdatePublished,"{'model_id': 'model_mnist_784_noniid', 'round': 7, 'ticket_id': 379, 'cid': 'sha256:bc87a1061bf33a84a311e0eb0d7f61082e46db32d4f3aa16eb8252f58ac4e564'}",mock
0xdda25a46969d66c72da3d23de5eb3e758b8a77b2fe0be25efdd2bdb3d5b1a75a,86000,1,TicketReserved,"{'model_id': 'model_mnist_784_noniid', 'round': 7, 'ticket_id': 380, 'owner': 'acct_30'}",mock
0xbb9d32ff14349e073344b5caacee5734b0fc6e4973fa3a4bd6ec3538e9a1c5aa,93000,1,UpdatePublished,"{'model_id': 'model_mnist_784_noniid', 'round': 7, 'ticket_id': 380, 'cid': 'sha256:71545fdbddb331038eac20ac46d5eecab2a035b9d3c90dd4e3c156d9ae9f3675'}",mock
0xde17fe1c1ab70604d2aaf7f933cab91cb8cc739b5b69887e2a3f296d9efde2f9,86000,1,TicketReserved,"{'model_id': 'model_mnist_784_noniid', 'round': 7, 'ticket_id': 381, 'owner': 'acct_31'}",mock
0x07574207d96c84f81c687fc1de7bcd1db32aaf2832a5012ee15f39eaa650e84f,93000,1,UpdatePublished,"{'model_id': 'model_mnist_784_noniid', 'round': 7, 'ticket_id': 381, 'cid': 'sha256:a6f48bd03a5d5bf6839875bebb32aee192d33cbbda11788040c50e9737376881'}",mock
0xc0c68775d83e63d969397616f9cfb7fa5b86e17b5432835ede3b70cbb94eb466,86000,1,TicketReserved,"{'model_id': 'model_mnist_784_noniid', 'round': 7, 'ticket_id': 382, 'owner': 'acct_32'}",mock
0x97543b220fc3a627be84c6d387d3ad1a1ebb45acfb457ed158e84ab46122a0bb,93000,1,UpdatePublished,"{'model_id': 'model_mnist_784_noniid', 'round': 7, 'ticket_id': 382, 'cid': 'sha256:0129623331eb7b55deb657af12632bae4304be20c5ec4283d5ae484525933438'}",mock
0x6e57cccb44b79bbe8abf9ef8a7fdf4e86f20d4a57142f694ff76988e679c93a5,86000,1,TicketReserved,"{'model_id': 'model_mnist_784_noniid', 'round': 7, 'ticket_id': 383, 'owner': 'acct_33'}",mock
0xb5953652799ca31a459b9f841e0a42f1398f635688fb84c8d310c666704b4693,93000,1,UpdatePublished,"{'model_id': 'model_mnist_784_noniid', 'round': 7, 'ticket_id': 383, 'cid': 'sha256:ea770b64636edac0671554dcbc28ffa7464f731863c87b27fd6146d713d07b06'}",mock
0x0cb46067b36afc580b69c496ecb51b3c76616f663658674223417b55a736cf0f,86000,1,TicketReserved,"{'model_id': 'model_mnist_784_noniid', 'round': 7, 'ticket_id': 384, 'owner': 'acct_34'}",mock
0x4ddad3465ada5cbb78dd30e9da255c41a9bdcbb6ff1cf0e898e7ac3c325f298c,93000,1,UpdatePublished,"{'model_id': 'model_mnist_784_noniid', 'round': 7, 'ticket_id': 384, 'cid': 'sha256:1f486c02a23f67ddc94a5adc6dd62bca2dac7cc28dc3b71abbe922fcf7971296'}",mock
0x3279bbf897d83892cb510c20223d8b9736145e0edd085d03817387609501cd70,86000,1,TicketReserved,"{'model_id': 'model_mnist_784_noniid', 'round': 7, 'ticket_id': 385, 'owner': 'acct_35'}",mock
0x2dbd7b6c23640757c2f1cf5a42061cd4b5272db6226212d2bbe4ae9dea048932,93000,1,UpdatePublished,"{'model_id': 'model_mnist_784_noniid', 'round': 7, 'ticket_id': 385, 'cid': 'sha256:7a691bf791e114d0234e63e2c579081f859bb78fb04939ba91789a82a195a25d'}",mock
0x4382452dab80d48009461d1708237397fdd43d5c433d394b2f67a20a3865850b,86000,1,TicketReserved,"{'model_id': 'model_mnist_784_noniid', 'round': 7, 'ticket_id': 386, 'owner': 'acct_36'}",mock
0xe127bf65f3fef0582cae0a0af72ab243862875b2f2021b49444337625aa8cad8,93000,1,UpdatePublished,"{'model_id': 'model_mnist_784_noniid', 'round': 7, 'ticket_id': 386, 'cid': 'sha256:4d15beaaad1651dd6f436763f1e498d8b377a3afd5e2edcd4c9b566f4e843fd7'}",mock
0x070307bb644d1ff20755ee098541bdc3ae8eb0bca62e8f93c0075ffe0b4c6438,86000,1,TicketReserved,"{'model_id': 'model_mnist_784_noniid', 'round': 7, 'ticket_id': 387, 'owner': 'acct_37'}",mock
0x9f12b322a1783696c0599743b2c0588178ee0d386afd0258caa8fd4eba7afd03,93000,1,UpdatePublished,"{'model_id': 'model_mnist_784_noniid', 'round': 7, 'ticket_id': 387, 'cid': 'sha256:1d1f49a9195e887acc4a49e52eb123b28ca38f7e7bfe1cd1e2939eb33a734222'}",mock
0xa1a4763b7225cb8d2df242546c8b0675786accf6c93e92e93ee9741b7e2148af,86000,1,TicketReserved,"{'model_id': 'model_mnist_784_noniid', 'round': 7, 'ticket_id': 388, 'owner': 'acct_38'}",mock
0x68c9afa1bbc0705c8776ee177eb562c6f0ec3b7567e252239ec7fe72ac259d89,93000,1,UpdatePublished,"{'model_id': 'model_mnist_784_noniid', 'round': 7, 'ticket_id': 388, 'cid': 'sha256:56dc5928e54786e7e7b2aa0dbcdcc146c1be4488e627c98994b753a2b52cf703'}",mock
0xfc106f99f2a497633b5f81ba7ad622d77295eaec00cc0116a582b1b498ff14a5,86000,1,TicketReserved,"{'model_id': 'model_mnist_784_noniid', 'round': 7, 'ticket_id': 389, 'owner': 'acct_39'}",mock
0x3e85a1587aaa506046698b844be91869b060dad364821fae45812ee0dcca64ee,93000,1,UpdatePublished,"{'model_id': 'model_mnist_784_noniid', 'round': 7, 'ticket_id': 389, 'cid': 'sha256:733e75680e250287f0e78f3618e85b63fb9045a869480aab8aa68c3d4a9d1c1e'}",mock
0x813910a83957a6920216c7246b5d5ff8ff3cd556172a1d0d4a6e195904c93097,86000,1,TicketReserved,"{'model_id': 'model_mnist_784_noniid', 'round': 7, 'ticket_id': 390, 'owner': 'acct_40'}",mock
0x25ce89f00f16c909d44a0c8329849fc8a2a8f23da829e5800feabab654566a4c,93000,1,UpdatePublished,"{'model_id': 'model_mnist_784_noniid', 'round': 7, 'ticket_id': 390, 'cid': 'sha256:0b94d6f57a2f9026ec6a6d8cbfdf84db075d29036d112ef4f5a350164a0c5688'}",mock
0xdffd41eca3d1640bfafd48fd83026fd124a2a0742844ffa7bd08a7bd9e3e394f,86000,1,TicketReserved,"{'model_id': 'model_mnist_784_noniid', 'round': 7, 'ticket_id': 391, 'owner': 'acct_41'}",mock
0xf95a80e87ee90e4ff0f8d9f3795e4df23d6b1b9ca4af366f3e5a1a7081ceaa8f,93000,1,UpdatePublished,"{'model_id': 'model_mnist_784_noniid', 'round': 7, 'ticket_id': 391, 'cid': 'sha256:3bfe8fde16decbf13edfb9b1b2f47829717569deb63a2f6e48ca91f8a6846707'}",mock
0x1813bc80016e4bd214a81fc61b03a557e97fc801f223eb557bdb8f1240ca2f09,86000,1,TicketReserved,"{'model_id': 'model_mnist_784_noniid', 'round': 7, 'ticket_id': 392, 'owner': 'acct_42'}",mock
0xa2592cbbad4ae2c25648cc3121f54a82f25e930039170f6cb8e7cc819d20e5ff,93000,1,UpdatePublished,"{'model_id': 'model_mnist_784_noniid', 'round': 7, 'ticket_id': 392, 'cid': 'sha256:e481846b7223fb171e3611e2476b4205d4e051971b890e58507ed08ba2ba70d0'}",mock
0xf669f8fb963ef1d0b12878f5280711460c68e4190bd55e33c2e6b7736666e586,86000,1,TicketReserved,"{'model_id': 'model_mnist_784_noniid', 'round': 7, 'ticket_id': 393, 'owner': 'acct_43'}",mock
0x4c12091440ffd3109437f94fd26c490ab79989f443a38134d1ef056c7b606e63,93000,1,UpdatePublished,"{'model_id': 'model_mnist_784_noniid', 'round': 7, 'ticket_id': 393, 'cid': 'sha256:3b32706f361e4ee249ebe51ced19c4931d6023f2a89b05ac241ba4cc7312f2c6'}",mock
0x5ea712a8bbdcc56a2c1dad62383367a8297897855b2f4b83400af21037e69341,86000,1,TicketReserved,"{'model_id': 'model_mnist_784_noniid', 'round': 7, 'ticket_id': 394, 'owner': 'acct_44'}",mock
0x130f7240b614beaf93c7567d418f8a58db3256fb8c8198da4b3b1bc9643b050f,93000,1,UpdatePublished,"{'model_id': 'model_mnist_784_noniid', 'round': 7, 'ticket_id': 394, 'cid': 'sha256:b476ce3c601d197906745ac57b52c305b92ba406bd08b84dd87a28f6c6eaf6c0'}",mock
0xc6e262874b480e6c5161b7605b9b8269db8ae9e4a9dbba008237cdee58342734,86000,1,TicketReserved,"{'model_id': 'model_mnist_784_noniid', 'round': 7, 'ticket_id': 395, 'owner': 'acct_45'}",mock
0xe9aaad6de2392406b708606269175d4e558ff0bfe3cb83ec6bf3fa2343030739,93000,1,UpdatePublished,"{'model_id': 'model_mnist_784_noniid', 'round': 7, 'ticket_id': 395, 'cid': 'sha256:df2af3442bfd079982774a3f97a0b297941caf3f1c1dd608dc8c8afe4987f938'}",mock
0xbae631e0a8ec3bf761bc16c07d0a409cc7c33dd2f27ec5fadc72fd9a5cbd77cc,86000,1,TicketReserved,"{'model_id': 'model_mnist_784_noniid', 'round': 7, 'ticket_id': 396, 'owner': 'acct_46'}",mock
0x1b3a34a7197740bf02fdccb5bbc5a91b7ca18567e8c62bf4247476e13140a7c7,93000,1,UpdatePublished,"{'model_id': 'model_mnist_784_noniid', 'round': 7, 'ticket_id': 396, 'cid': 'sha256:854312008c9a51e4c5a63e0f43f993ddbd1e4ed0948ab005c1b37ba561f605e8'}",mock
0x9d7ada6ef16410fff607b0252aa2d76e0edf9e301c9a099fc8e9daa544b1e048,86000,1,TicketReserved,"{'model_id': 'model_mnist_784_noniid', 'round': 7, 'ticket_id': 397, 'owner': 'acct_47'}",mock
0x711fad1477f70b52f135ed44c420c58a3fa4b6c2e32e7ba0ed9d941793fae8c7,93000,1,UpdatePublished,"{'model_id': 'model_mnist_784_noniid', 'round': 7, 'ticket_id': 397, 'cid': 'sha256:e751740d956339e24e2052ff83e7cdbb35f85c86ebf8361ba6318e615308c4e3'}",mock
0xb1615513a53c4dd32325f952b891708d0692a2a8f2c89ba53f1172abf09be1b8,86000,1,TicketReserved,"{'model_id': 'model_mnist_784_noniid', 'round': 7, 'ticket_id': 398, 'owner': 'acct_48'}",mock
0xf97af9c3b75e02568ab6633a7299df3ae579904c2c5f4236ae6454d11d242115,93000,1,UpdatePublished,"{'model_id': 'model_mnist_784_noniid', 'round': 7, 'ticket_id': 398, 'cid': 'sha256:06fdd9fbc74bac5340f7d1305cc099199d233b39bb9e5efdd7b206d7370d5e50'}",mock
0xe807330be95b1e4132ab5f99f9c26f0142cdcc5cea106f86fc5ae848624375d5,86000,1,TicketReserved,"{'model_id': 'model_mnist_784_noniid', 'round': 7, 'ticket_id': 399, 'owner': 'acct_49'}",mock
0xd6ec6f259b3f6ed5bbaea82125b14f2db6cc08c79216a62c6f7a2b36dcd808ed,93000,1,UpdatePublished,"{'model_id': 'model_mnist_784_noniid', 'round': 7, 'ticket_id': 399, 'cid': 'sha256:7b580cae71206eb9c8795735e3b96337a32dd7cbdfc5eff89f53879fb444c4e3'}",mock
0x8685fdb24a42e704aca24489a6208dad018ae67b24e49cf2ff4b35830ee16357,86000,1,TicketReserved,"{'model_id': 'model_mnist_784_noniid', 'round': 7, 'ticket_id': 400, 'owner': 'acct_50'}",mock
0xe64248e5e37a6f6b488d9ad966a0b08e33e471388fc38184fe1999665855ab99,93000,1,UpdatePublished,"{'model_id': 'model_mnist_784_noniid', 'round': 7, 'ticket_id': 400, 'cid': 'sha256:320fd2abcfd5c9b3896b8ab782f6065fb585fcd52e03b18a2ef72f96de13a821'}",mock
0x0ea238343bd299fbcf08c35439a8a8a3689fd3c2077d96861dff8adcf94b6fa5,925000,1,RoundFinalized,"{'model_id': 'model_mnist_784_noniid', 'round': 7, 'included': 30, 'refunds': 50}",mock
0x17d2910d2a30c4f6a00015c757de976881c973059547f134ab74d762b0d5c841,52000,1,RoundFunded,"{'model_id': 'model_mnist_784_noniid', 'amount_wei': 10000000000000000}",mock
0xa03a066942be26d692cdba7d5c08c707472baf2022c67f6f6f4d4943ad780049,86000,1,TicketReserved,"{'model_id': 'model_mnist_784_noniid', 'round': 8, 'ticket_id': 401, 'owner': 'acct_1'}",mock
0xba6bb9999a75d6943ffab94755458bbbad91b15f08c03dbaff58df41c0f7bc0c,93000,1,UpdatePublished,"{'model_id': 'model_mnist_784_noniid', 'round': 8, 'ticket_id': 401, 'cid': 'sha256:c951acfcefae290f688e11a882b267ed7b63389f4e56655ee30f232a3f9ac675'}",mock
0x04945ef3422ae6619da4863a2e37e6c0e411c8b91514e453d21378579573000d,86000,1,TicketReserved,"{'model_id': 'model_mnist_784_noniid', 'round': 8, 'ticket_id': 402, 'owner': 'acct_2'}",mock
0x2be7c20a93567c349da06cbc70fadfbdae314257404f5ae85b11654bf664ed22,93000,1,UpdatePublished,"{'model_id': 'model_mnist_784_noniid', 'round': 8, 'ticket_id': 402, 'cid': 'sha256:0fb7927f504789300f0541b2a6626d3df2aaf773e0e3f20ac2fdc10d2c6d7136'}",mock
0x9ed1ce9b5e72bbe9e70d5ed5486cf18519d777a421737ab78f1ba60eac52294f,86000,1,TicketReserved,"{'model_id': 'model_mnist_784_noniid', 'round': 8, 'ticket_id': 403, 'owner': 'acct_3'}",mock
0x7499b8648bbea9cde987e1ad715c2f69254e2d9c64b5b9a58fc2877ca12ad710,93000,1,UpdatePublished,"{'model_id': 'model_mnist_784_noniid', 'round': 8, 'ticket_id': 403, 'cid': 'sha256:fd5f9d2b4707fe4fecbde131de09cb7c494fafcd6072ed6ba51e745990681261'}",mock
0x6ba20cf5889e2000c2aa9fe62481aee4bd1231ea57c712e6b70a8d516b166087,86000,1,TicketReserved,"{'model_id': 'model_mnist_784_noniid', 'round': 8, 'ticket_id': 404, 'owner': 'acct_4'}",mock
0xd9f7ff3cfef6220950114103646f14c8ef44867c3f2804554885b9b1af41a041,93000,1,UpdatePublished,"{'model_id': 'model_mnist_784_noniid', 'round': 8, 'ticket_id': 404, 'cid': 'sha256:2c3d2598bb064d318f61f98a349b3869d845f0445d3a46f3afe4effbd2af4e45'}",mock
0x6eed98ffe9abce2899d55a119d633103a0681978579a9b545bfbe7d976f1c719,86000,1,TicketReserved,"{'model_id': 'model_mnist_784_noniid', 'round': 8, 'ticket_id': 405, 'owner': 'acct_5'}",mock
0x21f5ba85a55dcceafcce91217b825dbe23aee5487e501b2aad2c6cec5380490a,93000,1,UpdatePublished,"{'model_id': 'model_mnist_784_noniid', 'round': 8, 'ticket_id': 405, 'cid': 'sha256:557a833fc6499b38066211401a59fa86be13f44da4eaa93bb9f14b0928ce5ffd'}",mock
0x9f84a9d1644d3b4cce978f39bfee4f6de04cb394769d19aa35626fbe1396e1e3,86000,1,TicketReserved,"{'model_id': 'model_mnist_784_noniid', 'round': 8, 'ticket_id': 406, 'owner': 'acct_6'}",mock
0xc4ec8357ea258e5e086b140a62e2abbfbf8323f098fafb52c7bef5149bd5c85f,93000,1,UpdatePublished,"{'model_id': 'model_mnist_784_noniid', 'round': 8, 'ticket_id': 406, 'cid': 'sha256:be2e7fa7e7af7df87048669134b7987ac3db8db0b7d21b7b1e27db27a86ba459'}",mock
0x642033b403f7754ff6a970aa8717a05e5d56706905234507bea8f7461f3dcaad,86000,1,TicketReserved,"{'model_id': 'model_mnist_784_noniid', 'round': 8, 'ticket_id': 407, 'owner': 'acct_7'}",mock
0x5e87ac4f854baa0e330636dd3e5c28500b1f1442a284eeae00c261490d9ef5cc,93000,1,UpdatePublished,"{'model_id': 'model_mnist_784_noniid', 'round': 8, 'ticket_id': 407, 'cid': 'sha256:107aff07dc3abb122811fa15b83f0728d4f60811cf84e87fb197f1fc6d6fe142'}",mock
0x9648941e0463cf98023e15032293e97d3f0b8aab8d377dca374bdb6f893d8034,86000,1,TicketReserved,"{'model_id': 'model_mnist_784_noniid', 'round': 8, 'ticket_id': 408, 'owner': 'acct_8'}",mock
0xf3020b96439f586626c2ed440853cde8b8924c89ea42d3460737d3c8406cfc7f,93000,1,UpdatePublished,"{'model_id': 'model_mnist_784_noniid', 'round': 8, 'ticket_id': 408, 'cid': 'sha256:91fd6c2bd5f8ada90353e950af0593e6ecb27773e9b8d237d6815a787655ca2e'}",mock
0x132b36de278b4e2c678167d4d423e71fa669cdedf3bf92baa7b45d90528508c2,86000,1,TicketReserved,"{'model_id': 'model_mnist_784_noniid', 'round': 8, 'ticket_id': 409, 'owner': 'acct_9'}",mock
0x03b430a7ee567dd2206d391c19c1bfda5c7f43eb3f526713c846f7f423defe57,93000,1,UpdatePublished,"{'model_id': 'model_mnist_784_noniid', 'round': 8, 'ticket_id': 409, 'cid': 'sha256:abe33cceb68a76d81bd14506fd74a8f88ea7c5f7cf62ae5ea3deb471530dd533'}",mock
0xa3be4850a70afd6284430066b1e9594d42ac2614161a6c51d852f681d48340fd,86000,1,TicketReserved,"{'model_id': 'model_mnist_784_noniid', 'round': 8, 'ticket_id': 410, 'owner': 'acct_10'}",mock
0x91faf2ba04cfc87b3e924633249587e74a13ac3f2d947ceeb90ce3fc50158cdd,93000,1,UpdatePublished,"{'model_id': 'model_mnist_784_noniid', 'round': 8, 'ticket_id': 410, 'cid': 'sha256:f0e35a670fc0fa9fdb8a77b7e0205a5a0d40f4b62ddd3901329ec04a8560469d'}",mock
0xaa58e3d2804f9b2915cc5d81c839f1276c48f46570beba2c9be549a99bcc8829,86000,1,TicketReserved,"{'model_id': 'model_mnist_784_noniid', 'round': 8, 'ticket_id': 411, 'owner': 'acct_11'}",mock
0x0d56a8dee2d35fc1a15d67061fa284ea6e849325240b648b878a071d63ad9cba,93000,1,UpdatePublished,"{'model_id': 'model_mnist_784_noniid', 'round': 8, 'ticket_id': 411, 'cid': 'sha256:aff91d12c9e634fb67ccb845e3f0210551ef16aa318671d6b04ad2be10446de6'}",mock
0xc5f49aeeb0650dd984e258e782dc65a8ad1d349203408ee6112e45b9bcd3e8b5,86000,1,TicketReserved,"{'model_id': 'model_mnist_784_noniid', 'round': 8, 'ticket_id': 412, 'owner': 'acct_12'}",mock
0x645fa9ed2bab0053dfb034d885b0650ffb4b854083ee2084c51f233bb3d3bdd2,93000,1,UpdatePublished,"{'model_id': 'model_mnist_784_noniid', 'round': 8, 'ticket_id': 412, 'cid': 'sha256:e3daf080dc949d3fc6eb77fb1c5bac42cff6f68dca836ce58c719de219b597a4'}",mock
0xc2867100ecaaaff1cba0e99d9f7b0fb0aaa6b0e49b923dbd4241c9d6fa39d882,86000,1,TicketReserved,"{'model_id': 'model_mnist_784_noniid', 'round': 8, 'ticket_id': 413, 'owner': 'acct_13'}",mock
0x9e8fe4420fccd5e9f2267707d0cb2e34da88c14768e8c6dddbb8d62a73629ddf,93000,1,UpdatePublished,"{'model_id': 'model_mnist_784_noniid', 'round': 8, 'ticket_id': 413, 'cid': 'sha256:9a500735a93d8efc7017821023189687a094b5989d42bbdc0c4b796019a0c779'}",mock
0xf86e02353f6f53825e955cf939e319b082eb41a8c9e556dd30519f2b3e055bfb,86000,1,TicketReserved,"{'model_id': 'model_mnist_784_noniid', 'round': 8, 'ticket_id': 414, 'owner': 'acct_14'}",mock
0x7793562b71e45b084c52cf8f3a58d864b71100cc566eaade5e0f359890cba77d,93000,1,UpdatePublished,"{'model_id': 'model_mnist_784_noniid', 'round': 8, 'ticket_id': 414, 'cid': 'sha256:a91919ce55d0721c22cb78420056d835303f48081255410930773f4bf7e1f6de'}",mock
0x2422492c4261bf36490bef34cbcc459de6173e640db2272dce6e87a8464c8d5f,86000,1,TicketReserved,"{'model_id': 'model_mnist_784_noniid', 'round': 8, 'ticket_id': 415, 'owner': 'acct_15'}",mock
0x641689208c1f957f45f0069952cf9462ff4c8f17de99ab900edfe05ab6054d29,93000,1,UpdatePublished,"{'model_id': 'model_mnist_784_noniid', 'round': 8, 'ticket_id': 415, 'cid': 'sha256:efeb6b09425123fe14936c2e548f666dd77516158db08be0a38609fc7f365405'}",mock
0xef423857022d9d7237a1d530ac68c200e2c552279ebde1905528482ed6f1d1dd,86000,1,TicketReserved,"{'model_id': 'model_mnist_784_noniid', 'round': 8, 'ticket_id': 416, 'owner': 'acct_16'}",mock
0xd593fe722a5f527cede12f14f44d5820fd26d4b03b4445bba73c957cb7f1f8fd,93000,1,UpdatePublished,"{'model_id': 'model_mnist_784_noniid', 'round': 8, 'ticket_id': 416, 'cid': 'sha256:89593f265ee07cd4a34b34fd888602f28f5c28752dee0a0a445371ee8d161e3f'}",mock
0x15ad093663dd7edf290d162ad3c3b91c6f28d2ede054653a8ed36a3d05c4f5f5,86000,1,TicketReserved,"{'model_id': 'model_mnist_784_noniid', 'round': 8, 'ticket_id': 417, 'owner': 'acct_17'}",mock
0xf595e5b223d830af86862ae0e603a30943ac9f578a0cc995678a3979741fd281,93000,1,UpdatePublished,"{'model_id': 'model_mnist_784_noniid', 'round': 8, 'ticket_id': 417, 'cid': 'sha256:b1b1a89f465bf40f5e23cda3ada9c7be1e6018a7778463aec00d58ca4be06ad3'}",mock
0xba83a7c804a35dbb22db97a1950787d4166705024a2f00224370e4524be49cc2,86000,1,TicketReserved,"{'model_id': 'model_mnist_784_noniid', 'round': 8, 'ticket_id': 418, 'owner': 'acct_18'}",mock
0xcc31674ce3115cb603185707db280cf2e95d2a5919a8b88195d03797450c4104,93000,1,UpdatePublished,"{'model_id': 'model_mnist_784_noniid', 'round': 8, 'ticket_id': 418, 'cid': 'sha256:ae8b4e85e54f43e248b75e8db6a3ec8d8ba90e3395f28ac5a36dfc56504629b0'}",mock
0x25895eecccd9d1c561154b520ac5309e0010c54bb33f517e8f8ad96b7a491d90,86000,1,TicketReserved,"{'model_id': 'model_mnist_784_noniid', 'round': 8, 'ticket_id': 419, 'owner': 'acct_19'}",mock
0x1016d96d38670fa4d4afb1babfcae7c7de16ba35d945a8349e13b55abceb485f,93000,1,UpdatePublished,"{'model_id': 'model_mnist_784_noniid', 'round': 8, 'ticket_id': 419, 'cid': 'sha256:6079fb2cabf5860bcdcbb371578cecc36192182771695d8f3462cf3047cfd5d1'}",mock
0xc3668ce16354c36038a4f6cd92e06eec97aa85a9ee61f15246ebcc9e8380334f,86000,1,TicketReserved,"{'model_id': 'model_mnist_784_noniid', 'round': 8, 'ticket_id': 420, 'owner': 'acct_20'}",mock
0xc4750976471f1cc7b82216619cce017bcdc5c7e70c03a93e2567a5d7d04e307d,93000,1,UpdatePublished,"{'model_id': 'model_mnist_784_noniid', 'round': 8, 'ticket_id': 420, 'cid': 'sha256:6df7487e975427309e66f7caefc674f5e2cf73090e04a15153d7ec763c7825a9'}",mock
0x3de4bf416cb5a577c57b988397bb2b514144202f0795d6fab837f697eed70f75,86000,1,TicketReserved,"{'model_id': 'model_mnist_784_noniid', 'round': 8, 'ticket_id': 421, 'owner': 'acct_21'}",mock
0x47b92ee4c179294239d255dcfad1771891ab971d88086cec47233eb3fca5e872,93000,1,UpdatePublished,"{'model_id': 'model_mnist_784_noniid', 'round': 8, 'ticket_id': 421, 'cid': 'sha256:baaf5f2d418e9617aeef3fffab541cfbde6daad0c7f8ab866832ec061817c4e0'}",mock
0x8ed0dbedce3d4a862cb61b7b9351056c2ddaa3e0e17c64f0528fe3aac3016e45,86000,1,TicketReserved,"{'model_id': 'model_mnist_784_noniid', 'round': 8, 'ticket_id': 422, 'owner': 'acct_22'}",mock
0xa1ca6e8fc9f4b3c6a08075eb439e9709e0ae06e658a19278d49c2e93dfa04c7d,93000,1,UpdatePublished,"{'model_id': 'model_mnist_784_noniid', 'round': 8, 'ticket_id': 422, 'cid': 'sha256:9698e85cc4e5fb28667f09eb1b8a5e58594dab4456889205b2b1d80eae16bb02'}",mock
0xce724dbbcc6596375b720b0eaaf50c4b450979f5229da2d4696917703cbc1891,86000,1,TicketReserved,"{'model_id': 'model_mnist_784_noniid', 'round': 8, 'ticket_id': 423, 'owner': 'acct_23'}",mock
0x99d8700344696d7c73b6078239cf6f987cd62d20b9a3cb47fd0f8784a36aac9c,93000,1,UpdatePublished,"{'model_id': 'model_mnist_784_noniid', 'round': 8, 'ticket_id': 423, 'cid': 'sha256:652645df3317adead3df8d25e019bf8f2d211cec0687e9574fd02deb9593d747'}",mock
0xfb1bce3136eec23f13fe6a10d1305160e91240dc053061fe9be7712332675cff,86000,1,TicketReserved,"{'model_id': 'model_mnist_784_noniid', 'round': 8, 'ticket_id': 424, 'owner': 'acct_24'}",mock
0xdc59bace2a19ad01bdde05d867a5b2e2396a8905bacc0aead3e276c1f1e975e5,93000,1,UpdatePublished,"{'model_id': 'model_mnist_784_noniid', 'round': 8, 'ticket_id': 424, 'cid': 'sha256:88662b227af8929b93c675196329697fd32be691b1afd69f5eadb9352a6ccd14'}",mock
0x9542b63bd8c2d636d63372c133dc3eeebd809db65b2322ea71ca2b5a145df715,86000,1,TicketReserved,"{'model_id': 'model_mnist_784_noniid', 'round': 8, 'ticket_id': 425, 'owner': 'acct_25'}",mock
0x5a75a23663e3ab6373d17a409c7e4e7899ee659f4255792c9aa408f3513774ef,93000,1,UpdatePublished,"{'model_id': 'model_mnist_784_noniid', 'round': 8, 'ticket_id': 425, 'cid': 'sha256:96c9731fbfd3df11d0ffda8b62a963cdaa67af0c4f2c90812e284e514aa668a6'}",mock
0xb9f7bb848d5ac4a5355acda6fa85e7a037dbd0d686f96f8366a9e597a6906143,86000,1,TicketReserved,"{'model_id': 'model_mnist_784_noniid', 'round': 8, 'ticket_id': 426, 'owner': 'acct_26'}",mock
0xe5be79f5da3467298ebd302e85e3e176650dbe892b536fc252ce328cacf361f9,93000,1,UpdatePublished,"{'model_id': 'model_mnist_784_noniid', 'round': 8, 'ticket_id': 426, 'cid': 'sha256:afd2e99ca6d985f397b930d38b58f13f2228755c6b294fd274ee1b6481dd7251'}",mock
0x7738c01dcc4bdcd9f530aea01b3f9d4e054519d655f5e3b0039a17b022eef9ad,86000,1,TicketReserved,"{'model_id': 'model_mnist_784_noniid', 'round': 8, 'ticket_id': 427, 'owner': 'acct_27'}",mock
0x72eba4fc330e40372eb7504261e8be970ec4b3bed34c3e837bed6f42324098e2,93000,1,UpdatePublished,"{'model_id': 'model_mnist_784_noniid', 'round': 8, 'ticket_id': 427, 'cid': 'sha256:5485add4ba6c51cdce3723123086f3de161b9ad9a7e1e3c77a969c1ba4f75975'}",mock
0xaabc7f4437aabc121e5e9a2458dd2a068e5c6b90e9e78bda123b25591b9b2355,86000,1,TicketReserved,"{'model_id': 'model_mnist_784_noniid', 'round': 8, 'ticket_id': 428, 'owner': 'acct_28'}",mock
0x9645c990b68987bcb4883f8a689b0806fd9923e266a2740535fff20109892052,93000,1,UpdatePublished,"{'model_id': 'model_mnist_784_noniid', 'round': 8, 'ticket_id': 428, 'cid': 'sha256:d07cd02314b6ddab53bec26c5e53ee46466fe0e8878c3287b8f7fd55fd37a94b'}",mock
0x4abbf5c15fc1ae7327f3e0fc4342e75dd14cf745e0d2bd71f62798091c244acf,86000,1,TicketReserved,"{'model_id': 'model_mnist_784_noniid', 'round': 8, 'ticket_id': 429, 'owner': 'acct_29'}",mock
0xaf18a9be4cfee87d40eaed061d09c14efc27cf502407617ef377829485dd23d8,93000,1,UpdatePublished,"{'model_id': 'model_mnist_784_noniid', 'round': 8, 'ticket_id': 429, 'cid': 'sha256:0ff1ab37112ff3b7236fdb20aff5f8b0dd76e25c26a390f9cbe04d3a3f181db3'}",mock
0x52b2760858e402abf7460736607b9b4affeefd36dfa1c3ce3ba017a89ebd3ea6,86000,1,TicketReserved,"{'model_id': 'model_mnist_784_noniid', 'round': 8, 'ticket_id': 430, 'owner': 'acct_30'}",mock
0xbc0e076dc83acd760ed04227f9aba889572c624632f3d1b178d2d1879ae7ffde,93000,1,UpdatePublished,"{'model_id': 'model_mnist_784_noniid', 'round': 8, 'ticket_id': 430, 'cid': 'sha256:a4d3946f1cd9e4f7f73aaab0c38e086e4b4d8ff59cc31ccdb7d229bd9b8ca992'}",mock
0x657405375435794f86fa471721688254ac4fe7b7370a56cd5afcdbd59174e757,86000,1,TicketReserved,"{'model_id': 'model_mnist_784_noniid', 'round': 8, 'ticket_id': 431, 'owner': 'acct_31'}",mock
0xfc79bc9d9acc5e72be45d025f7b201bd1f83fc689f07c7bdeab128d85908b328,93000,1,UpdatePublished,"{'model_id': 'model_mnist_784_noniid', 'round': 8, 'ticket_id': 431, 'cid': 'sha256:6cefd8e5f87b386888a6b405a1bb66fa3dfc16c2cd4443a8f2939910b9e2190c'}",mock
0x0c9c5ad5032de2b85709a1dcf764f15945854860e17698c6b89267c5bd14c401,86000,1,TicketReserved,"{'model_id': 'model_mnist_784_noniid', 'round': 8, 'ticket_id': 432, 'owner': 'acct_32'}",mock
0x4e04f9d247d7c29d49b0a7d37a02d4f61d79e833115d175ac1308f6fe28d6c2f,93000,1,UpdatePublished,"{'model_id': 'model_mnist_784_noniid', 'round': 8, 'ticket_id': 432, 'cid': 'sha256:ca29dcc32f1a8a4e3789dd2ea28c210a861d45587cc104846a9f0aae3e240a2b'}",mock
0xa998a722a29ac4cbd43a061046925130c31461fe0dfe0a811907209ccacdcfeb,86000,1,TicketReserved,"{'model_id': 'model_mnist_784_noniid', 'round': 8, 'ticket_id': 433, 'owner': 'acct_33'}",mock
0x3fd62c53d7f6a650fcbfd565dee72ae6eb12eb70927c2d2556cbb403c767d1a1,93000,1,UpdatePublished,"{'model_id': 'model_mnist_784_noniid', 'round': 8, 'ticket_id': 433, 'cid': 'sha256:4759b92b8d053bd2c408a23f0a5f2ea1c99d1c3e1b7f7c85e1c829dae1fd752c'}",mock
0x4147fda9adac32ddb9660e054f8c177c34a0509f321ad40faf4a942463b8ace6,86000,1,TicketReserved,"{'model_id': 'model_mnist_784_noniid', 'round': 8, 'ticket_id': 434, 'owner': 'acct_34'}",mock
0x8b73d84c7d3b272ed3dac428d624f962e44f18277b25a1a3af19ef8368b05fee,93000,1,UpdatePublished,"{'model_id': 'model_mnist_784_noniid', 'round': 8, 'ticket_id': 434, 'cid': 'sha256:734d62fa45cdc403472e7c102f616adc94c513be9354427dd87eb1954d2d634c'}",mock
0xcf14a3fb63379c605596a3580f85a01691eb7b9ddb32a6a61b0bf35316dc4686,86000,1,TicketReserved,"{'model_id': 'model_mnist_784_noniid', 'round': 8, 'ticket_id': 435, 'owner': 'acct_35'}",mock
0x764e9567001b43780fab0c5b00d3252b11d78d7b0eff9c7633b518db0409aa99,93000,1,UpdatePublished,"{'model_id': 'model_mnist_784_noniid', 'round': 8, 'ticket_id': 435, 'cid': 'sha256:188ebd278b1f9750907c9eff9b0bf0287b361f2c19d1a44f22e9ec452ddf62c7'}",mock
0x8f7a2a4d381eda66eeeeb1929abd063389f460b0ce57de5a153351389f12cdf6,86000,1,TicketReserved,"{'model_id': 'model_mnist_784_noniid', 'round': 8, 'ticket_id': 436, 'owner': 'acct_36'}",mock
0x1d7a88cc180814a58ac2fd790cf77c4eb35fc3375c45373a18806648e66de6c5,93000,1,UpdatePublished,"{'model_id': 'model_mnist_784_noniid', 'round': 8, 'ticket_id': 436, 'cid': 'sha256:375cc360fe106343ec4a7dde15710fd4ec94dc6624a607671fba3871b8ac4188'}",mock
0x15c7175af0f31e188dee7f00c5c0ca48ac9b5d9fe1b74773b862928f8d4f40f1,86000,1,TicketReserved,"{'model_id': 'model_mnist_784_noniid', 'round': 8, 'ticket_id': 437, 'owner': 'acct_37'}",mock
0x41b13136e60a1dbeb95151848b9133d2177a001679cf378bf431ab9bd7e6d07f,93000,1,UpdatePublished,"{'model_id': 'model_mnist_784_noniid', 'round': 8, 'ticket_id': 437, 'cid': 'sha256:954f17780e501201d9812f14f4e31ac672c7309f10f1d558f06738f6ec537c8d'}",mock
0xa702a68932b917ae3555a27b1945dec311edf958a8d2b840690289ce08114fc7,86000,1,TicketReserved,"{'model_id': 'model_mnist_784_noniid', 'round': 8, 'ticket_id': 438, 'owner': 'acct_38'}",mock
0xb08bba483bc4f1c1d2e2a892c633ac9853c739852d1ee3c311c0e72ed43c8efd,93000,1,UpdatePublished,"{'model_id': 'model_mnist_784_noniid', 'round': 8, 'ticket_id': 438, 'cid': 'sha256:16ad7da05a20458bce44cd26ca5adb27dcfc0ce98a18248039c55cdba5067774'}",mock
0x9eeba726b1766cc62db9fc6583d6dd84ba0a82624b3727ae90d6f5b1a724f9b0,86000,1,TicketReserved,"{'model_id': 'model_mnist_784_noniid', 'round': 8, 'ticket_id': 439, 'owner': 'acct_39'}",mock
0x9b55a472490b009aa5b39bbb0690652fe94f0a3fa604756aae8d5f840ba64ba7,93000,1,UpdatePublished,"{'model_id': 'model_mnist_784_noniid', 'round': 8, 'ticket_id': 439, 'cid': 'sha256:50d031857a97318add9dd3aa9db28c015a6023f781f4a9a8e2593b2118998dc4'}",mock
0x4726b285b6584683541773d29594ff18e389477b5ae05285ad781abdd7c9c549,86000,1,TicketReserved,"{'model_id': 'model_mnist_784_noniid', 'round': 8, 'ticket_id': 440, 'owner': 'acct_40'}",mock
0xa4882b215ced65245f82d34403903e1e53c6045d8bb6a3eb6f8b07c9bd6308a8,93000,1,UpdatePublished,"{'model_id': 'model_mnist_784_noniid', 'round': 8, 'ticket_id': 440, 'cid': 'sha256:343f6df3033826d622c6ed2cbf15a9095e904af87256d2c856347883834f3ba1'}",mock
0x897e4155c4981c98271259dbf158c98a750f6ff7dbe4f4efee3e7cd1ae71435a,86000,1,TicketReserved,"{'model_id': 'model_mnist_784_noniid', 'round': 8, 'ticket_id': 441, 'owner': 'acct_41'}",mock
0x7faeb5d0677dbcbfed93657d83baa9ca3c987d22ac51a410f9b997998bb99876,93000,1,UpdatePublished,"{'model_id': 'model_mnist_784_noniid', 'round': 8, 'ticket_id': 441, 'cid': 'sha256:fdc47fe43e074755ff024d8b7db20ec1a2e1e26002a1d0397104c8225b98eb16'}",mock
0x79257e393fe73cfcba697e92357e557b5ac51afd8057d6aaf2fc7c2d504f52a0,86000,1,TicketReserved,"{'model_id': 'model_mnist_784_noniid', 'round': 8, 'ticket_id': 442, 'owner': 'acct_42'}",mock
0xc8b6b5ddce16ebff2cd7b2d5d62f9d7a913531832dab4e267d2cc3f8885b0c94,93000,1,UpdatePublished,"{'model_id': 'model_mnist_784_noniid', 'round': 8, 'ticket_id': 442, 'cid': 'sha256:2c6faed40bbacbf883564f23442821ff01851d5b5cb56a3577506c7ce50b41d9'}",mock
0xabe8a67b038543434f49a86a344a87b4648e91d585ad2c814b1fa990763bbff6,86000,1,TicketReserved,"{'model_id': 'model_mnist_784_noniid', 'round': 8, 'ticket_id': 443, 'owner': 'acct_43'}",mock
0xd3197503b99583a7e2263ce3586db094fcbf47e79d6ee2f13e72df0ee22c0bbd,93000,1,UpdatePublished,"{'model_id': 'model_mnist_784_noniid', 'round': 8, 'ticket_id': 443, 'cid': 'sha256:ed217ad56a851fe667b77dfdb584b75074bf1cde44135bf1cd189b89a7f87524'}",mock
0x403d51af11838c4c4783e51dd3e94b6e92ef4648f18285427f3c8be7d4eee58c,86000,1,TicketReserved,"{'model_id': 'model_mnist_784_noniid', 'round': 8, 'ticket_id': 444, 'owner': 'acct_44'}",mock
0x0cc827f404b828cfb5c4568c4d8312537bc79057404667612a5669f273f24332,93000,1,UpdatePublished,"{'model_id': 'model_mnist_784_noniid', 'round': 8, 'ticket_id': 444, 'cid': 'sha256:1ae7eae0642eb82c79356474a80f1d397046ef4978d2c86424609a593e3e5090'}",mock
0x25d600a0d8912e977915511449a03e463b51cc902857ce273a5cddac52d19809,86000,1,TicketReserved,"{'model_id': 'model_mnist_784_noniid', 'round': 8, 'ticket_id': 445, 'owner': 'acct_45'}",mock
0x1df0e3eb9d4ce913f730876395419f6efcbb16a5a98632fcfa8fa5004dbe8b40,93000,1,UpdatePublished,"{'model_id': 'model_mnist_784_noniid', 'round': 8, 'ticket_id': 445, 'cid': 'sha256:b80fafcee8c88a52d8d133b421cdd7acac4167c880cc4fadd37d32501ac50767'}",mock
0x5721066cdf5422e155df1541bc3d70bcf0b799b228f2c5817a469ebf3f3a2916,86000,1,TicketReserved,"{'model_id': 'model_mnist_784_noniid', 'round': 8, 'ticket_id': 446, 'owner': 'acct_46'}",mock
0x038d70ffbf8f969d50674c38db17bfeb766ae4625236908861bb7512977fc7b0,93000,1,UpdatePublished,"{'model_id': 'model_mnist_784_noniid', 'round': 8, 'ticket_id': 446, 'cid': 'sha256:8f91dea4c9445939091afa622102db29b6ba4930e25cb70dfa3df6eb41b3fdbe'}",mock
0xe33b566d38cbf2044d28e1cba0cd9a24ef462b4a70cc435df951d5e9b9f43bc4,86000,1,TicketReserved,"{'model_id': 'model_mnist_784_noniid', 'round': 8, 'ticket_id': 447, 'owner': 'acct_47'}",mock
0x6e7b0e20dde8a3c0ae3ad02b37add5e7dda25900c17f2adc9d5dd05064f25cf6,93000,1,UpdatePublished,"{'model_id': 'model_mnist_784_noniid', 'round': 8, 'ticket_id': 447, 'cid': 'sha256:5809b55c2a35ba2f853c0869bb6b11b3b93e4da5e2b53c4e529a4beb03ae4a95'}",mock
0xb2321fa658ca0ba5660b6528b8f6ce9dc1bd2aaf8306caae0259fb00e73c9cad,86000,1,TicketReserved,"{'model_id': 'model_mnist_784_noniid', 'round': 8, 'ticket_id': 448, 'owner': 'acct_48'}",mock
0x370b24bc4067f7bf982f9b6b072dadd58d06d1e71b7b8ae0db9ecc1772e55719,93000,1,UpdatePublished,"{'model_id': 'model_mnist_784_noniid', 'round': 8, 'ticket_id': 448, 'cid': 'sha256:86a1ea7cc6f8c959c5f0aa4f3457b81896b1c28c1302c2ee1db2bed2868fc1b3'}",mock
0x4373f902c5898bad14d3e4736e4a6ef2bacd90681cf62ecdd562a099b0fae818,86000,1,TicketReserved,"{'model_id': 'model_mnist_784_noniid', 'round': 8, 'ticket_id': 449, 'owner': 'acct_49'}",mock
0xffc205f0b6d2575659474823db6573f925fbbb01f9519c69ded081249b934680,93000,1,UpdatePublished,"{'model_id': 'model_mnist_784_noniid', 'round': 8, 'ticket_id': 449, 'cid': 'sha256:83f71b25f8673cd8628fe957b8045d6eaed445fd284194b93fe3104bc91990a6'}",mock
0x1c64a6c171fd3e286ce3eb1011f313fea49b4a0c9c3076df7b86ae9e19cca392,86000,1,TicketReserved,"{'model_id': 'model_mnist_784_noniid', 'round': 8, 'ticket_id': 450, 'owner': 'acct_50'}",mock
0x4e222e91001d5c23ee500f5accd7c73a154bb0a50a90985689bb821ee2f6e0fa,93000,1,UpdatePublished,"{'model_id': 'model_mnist_784_noniid', 'round': 8, 'ticket_id': 450, 'cid': 'sha256:72bcbb1059fe1b74d43b5af4eb737a048f85a1a55aed468de747ce71517f94e4'}",mock
0x5628ed3be51a3f0e4a33ff4d3a3de8363a1ddc052eb1b386d79f4656790d4925,995000,1,RoundFinalized,"{'model_id': 'model_mnist_784_noniid', 'round': 8, 'included': 37, 'refunds': 50}",mock
0x21c797bded2c6102527134005402ffe6eb95c7ff133253b22c32710796f0977a,52000,1,RoundFunded,"{'model_id': 'model_mnist_784_noniid', 'amount_wei': 10000000000000000}",mock
0xf6f04d22653abbd91468aff3168444de4f4af83c2efaf6266c7b21cd9d1023dc,86000,1,TicketReserved,"{'model_id': 'model_mnist_784_noniid', 'round': 9, 'ticket_id': 451, 'owner': 'acct_1'}",mock
0x2f842f5a9fb9f936962b668199247682b76aedc0f3463163569014894ec4f73e,93000,1,UpdatePublished,"{'model_id': 'model_mnist_784_noniid', 'round': 9, 'ticket_id': 451, 'cid': 'sha256:c2e81353ae9b3d9ab550f35c577fe39a15ed1c36126a8d9d277727ecb6f38487'}",mock
0x79159b5e3e9c360bad8484a5c8b2b5f25625c627e2ceebc7bdc35c34092b8e48,86000,1,TicketReserved,"{'model_id': 'model_mnist_784_noniid', 'round': 9, 'ticket_id': 452, 'owner': 'acct_2'}",mock
0xd5d4c110a6dae0105ad8c55f069f92c03457b1005b33ad7e05d470f87ab1085b,93000,1,UpdatePublished,"{'model_id': 'model_mnist_784_noniid', 'round': 9, 'ticket_id': 452, 'cid': 'sha256:a943e0433c64f1ed2cd49f3ec668de00bf1187b23d2c6fcb3bd1395a2f59d37a'}",mock
0xeb21b987abc79a6a3e2c6c7dfc4c2e2cf77faaf634391a131a086786c40f229b,86000,1,TicketReserved,"{'model_id': 'model_mnist_784_noniid', 'round': 9, 'ticket_id': 453, 'owner': 'acct_3'}",mock
0x359e2f9a3b4ea1f2f55c93f17a1a1f9ea4ea74457cac0dea9bc1c197163ace97,93000,1,UpdatePublished,"{'model_id': 'model_mnist_784_noniid', 'round': 9, 'ticket_id': 453, 'cid': 'sha256:f89455536376861a3ee76e9c25ce3f6e93b893b4baae9786385e31be2234a9b5'}",mock
0x73e2be4c62d0d58bb908a3e7e7e111c8a8597c1235efc6beb1c125b27a4665bf,86000,1,TicketReserved,"{'model_id': 'model_mnist_784_noniid', 'round': 9, 'ticket_id': 454, 'owner': 'acct_4'}",mock
0x226707367f751bef79480889564ccdb64dc20202dcea104d46f5f5808a882fbe,93000,1,UpdatePublished,"{'model_id': 'model_mnist_784_noniid', 'round': 9, 'ticket_id': 454, 'cid': 'sha256:27d5ea3556ab0df1cd5bdf2585411085e68d85781c2512236208ef079645b468'}",mock
0xa434a38903c638d2699a5c40bab9318d757d9466f40d2c037759d06a8f4f5bc5,86000,1,TicketReserved,"{'model_id': 'model_mnist_784_noniid', 'round': 9, 'ticket_id': 455, 'owner': 'acct_5'}",mock
0x9659de639d85afead37deb25d6b8d1829416ff5123bb8b010ff3a6fa2c433a5f,93000,1,UpdatePublished,"{'model_id': 'model_mnist_784_noniid', 'round': 9, 'ticket_id': 455, 'cid': 'sha256:34434e0fa923dfba038998a9e0bab2613825b0e50da45409d673784a405342b2'}",mock
0x2096bd0dc5e0306353c58a320c14bfc8532e0e263cba8ca2d4c926dba3476715,86000,1,TicketReserved,"{'model_id': 'model_mnist_784_noniid', 'round': 9, 'ticket_id': 456, 'owner': 'acct_6'}",mock
0x15645d86ea8dbc5ede5a25aed5ddb118460e0602ddb16e1c56093ceb12400309,93000,1,UpdatePublished,"{'model_id': 'model_mnist_784_noniid', 'round': 9, 'ticket_id': 456, 'cid': 'sha256:4e67152aae770fdff5d8bf2d829d5e819f1f4592e820d616b0cd2155b5088011'}",mock
0x6f9f0f5ba8c19486b822b69c8b19e050c36c0895e7e1a2b9b0b7565de05408f8,86000,1,TicketReserved,"{'model_id': 'model_mnist_784_noniid', 'round': 9, 'ticket_id': 457, 'owner': 'acct_7'}",mock
0xf142bd23aee210da451002244e2193b3da62edee2227b15c7e9f5b0c5a9229d3,93000,1,UpdatePublished,"{'model_id': 'model_mnist_784_noniid', 'round': 9, 'ticket_id': 457, 'cid': 'sha256:fa07382b4027e4ecb9cdf0d77be5f23353d6bc99fc00e75a272f4e9416ee4971'}",mock
0xde8e39b137d4c7e299252f44be53d5d293b50de62ef3079ea1d0404307b6a261,86000,1,TicketReserved,"{'model_id': 'model_mnist_784_noniid', 'round': 9, 'ticket_id': 458, 'owner': 'acct_8'}",mock
0xf87d6c9e50d858a4d1cb060ca0ec1aed7d50225b292a3c0d2b933f3e68b0b08d,93000,1,UpdatePublished,"{'model_id': 'model_mnist_784_noniid', 'round': 9, 'ticket_id': 458, 'cid': 'sha256:1f3eb170d437cfd4f64bf141c8ea7e3c19bcfb6cb6ea8458105d2ac6455c427c'}",mock
0x3a79de3f65ae4ce6b423c4f5252768a1690e772ecd20259afd1a13ccace39255,86000,1,TicketReserved,"{'model_id': 'model_mnist_784_noniid', 'round': 9, 'ticket_id': 459, 'owner': 'acct_9'}",mock
0x7e9e75f56ebf60e17ccdb29dc251801e931eb3705b53731975d7d6986f6ccf11,93000,1,UpdatePublished,"{'model_id': 'model_mnist_784_noniid', 'round': 9, 'ticket_id': 459, 'cid': 'sha256:c3864e82c44c3b71120e8e400944bb47ab860a73a3c146065fc0be8ba48b5ac3'}",mock
0xb84fc8de3113677f1731415d5e3ad952ec13e8a9fdc11ecf774c9f660b2b6306,86000,1,TicketReserved,"{'model_id': 'model_mnist_784_noniid', 'round': 9, 'ticket_id': 460, 'owner': 'acct_10'}",mock
0xeec521238a27a17e8de61ab1c5c92b8d1ce5ab1d5c70ea6dd4948d5b0545332b,93000,1,UpdatePublished,"{'model_id': 'model_mnist_784_noniid', 'round': 9, 'ticket_id': 460, 'cid': 'sha256:19ea72e541493eeea75746b1687a9246e5f29a3fdec29a329724e151569e0860'}",mock
0x502a27aa0ca28f62b51b8905c2e0525c61bebb90abc391a25c61537400d308e3,86000,1,TicketReserved,"{'model_id': 'model_mnist_784_noniid', 'round': 9, 'ticket_id': 461, 'owner': 'acct_11'}",mock
0xfbae8f6149ab8eaf220e5e9110422d3bb52fbc6d5b460982a7ebc023b8805f1f,93000,1,UpdatePublished,"{'model_id': 'model_mnist_784_noniid', 'round': 9, 'ticket_id': 461, 'cid': 'sha256:f695a63c2befe31f95c5a0f8edb5746b05fee3bb367318a8d19bdcf7322c63ec'}",mock
0x7518858075fbba4058544d0fe103b598439c7d833bf7365318ff37cc34252a34,86000,1,TicketReserved,"{'model_id': 'model_mnist_784_noniid', 'round': 9, 'ticket_id': 462, 'owner': 'acct_12'}",mock
0x5011496f12c963641e0369932ae9890e49dd1a2e44b3fb18750a64ec1c7ce314,93000,1,UpdatePublished,"{'model_id': 'model_mnist_784_noniid', 'round': 9, 'ticket_id': 462, 'cid': 'sha256:c9d92eea470ef2819e81bd11c1d73569e1bbdf606a8d86efcee7c0422d0a8cc0'}",mock
0x817ba30afc67f453cfc8c95f0b211717fab18d3a32e2e8629171804e61cd3726,86000,1,TicketReserved,"{'model_id': 'model_mnist_784_noniid', 'round': 9, 'ticket_id': 463, 'owner': 'acct_13'}",mock
0x34c41f023059b4898bd48a04221e716e08b8b6a0967ac650e14c899925c09aff,93000,1,UpdatePublished,"{'model_id': 'model_mnist_784_noniid', 'round': 9, 'ticket_id': 463, 'cid': 'sha256:2515d82b7207e56f57a2d1fbdb4b4e582abda36b924eeae138a837aeda9f7275'}",mock
0x528b9c9492dd1cf1226dd439528c872e29b785930440b9192bbd1c0ad4a07b2e,86000,1,TicketReserved,"{'model_id': 'model_mnist_784_noniid', 'round': 9, 'ticket_id': 464, 'owner': 'acct_14'}",mock
0x315ddb78e984c23576fb9e2adfa53982c7a4e738e0679a93f5dab486d40f7b63,93000,1,UpdatePublished,"{'model_id': 'model_mnist_784_noniid', 'round': 9, 'ticket_id': 464, 'cid': 'sha256:eee76f9dd413205e21f57e73d4f22c2cf4215fde530adc5a529f7f028d9473c7'}",mock
0x5860ae9a9c7917d7842444dee5fa98c6ed366389adb68d4076cae318b175b9cc,86000,1,TicketReserved,"{'model_id': 'model_mnist_784_noniid', 'round': 9, 'ticket_id': 465, 'owner': 'acct_15'}",mock
0xf6e47d2b6aa44604b7e36ae8e768c3cca40448ed49ad73152e7fe1b029efb557,93000,1,UpdatePublished,"{'model_id': 'model_mnist_784_noniid', 'round': 9, 'ticket_id': 465, 'cid': 'sha256:ccdfd21d51bf2945fe8a41bf7e6b919c7601810c418508ebdf480524ed207b3a'}",mock
0xa4981a3d95d72eb5f18986511a6934e219dd1268c24199d7f45f5352100c2277,86000,1,TicketReserved,"{'model_id': 'model_mnist_784_noniid', 'round': 9, 'ticket_id': 466, 'owner': 'acct_16'}",mock
0x4563873928930833b607288b083b3bf25ef56a2ba08380143c4e6f9625f469ab,93000,1,UpdatePublished,"{'model_id': 'model_mnist_784_noniid', 'round': 9, 'ticket_id': 466, 'cid': 'sha256:fce1d5c523d7ca4f665516225401913f3717b5cb583cd775fe143265d09929eb'}",mock
0xbdb5a3a0210d3e19dce77bfece8669086c43f1fa4da1968d6867a61c011d9757,86000,1,TicketReserved,"{'model_id': 'model_mnist_784_noniid', 'round': 9, 'ticket_id': 467, 'owner': 'acct_17'}",mock
0x0ea2bf63ad58b5c7f76584b713de7ca812457d070e879c4708aa9410dcc8f5dc,93000,1,UpdatePublished,"{'model_id': 'model_mnist_784_noniid', 'round': 9, 'ticket_id': 467, 'cid': 'sha256:3bb888c1aa61d17bc11f2e2c81fdf8e06821fa20e6ca6c084a460686985255f6'}",mock
0x5a78a55aaf83daccd279c945770eb6e02b5593cd5b00b7d4863ef6f9fe3a7db6,86000,1,TicketReserved,"{'model_id': 'model_mnist_784_noniid', 'round': 9, 'ticket_id': 468, 'owner': 'acct_18'}",mock
0x651e554532210a2b05e9eb521129348e126b945af713fb94f1bc14b75ae3763b,93000,1,UpdatePublished,"{'model_id': 'model_mnist_784_noniid', 'round': 9, 'ticket_id': 468, 'cid': 'sha256:897bd6b668af9549495a4ac23ef04746c2c211e37eac618e340c0ab490d3c6e7'}",mock
0xbb41d55d57678845daaa8d960540d724112e7e7b03a5760715ba754b2c96a01f,86000,1,TicketReserved,"{'model_id': 'model_mnist_784_noniid', 'round': 9, 'ticket_id': 469, 'owner': 'acct_19'}",mock
0xa7ec8875d5f03cda63a93a94110d8bacf3b7a4446102c6e2a013d6632b61dc6c,93000,1,UpdatePublished,"{'model_id': 'model_mnist_784_noniid', 'round': 9, 'ticket_id': 469, 'cid': 'sha256:4598f21e9f2723d81b156367d5a0f7c022a4f8811ca10c24351b69cd35a7a423'}",mock
0xbe644d06d2f4619b06495f80b84e6d7e4a62b9e9cde5deadee463594d151403b,86000,1,TicketReserved,"{'model_id': 'model_mnist_784_noniid', 'round': 9, 'ticket_id': 470, 'owner': 'acct_20'}",mock
0x83a44a54fdceae27c14f4cc778573625eecd43a7ff3317308bc97441d6a1051e,93000,1,UpdatePublished,"{'model_id': 'model_mnist_784_noniid', 'round': 9, 'ticket_id': 470, 'cid': 'sha256:a400ec2a0c6ae1e1be54fb9e612dac77f79aa938516b9861a42a65915d445063'}",mock
0x2da490e261d1a312d5c3b8245ae5a8431ce4f82fc3709b29b718f802f9740305,86000,1,TicketReserved,"{'model_id': 'model_mnist_784_noniid', 'round': 9, 'ticket_id': 471, 'owner': 'acct_21'}",mock
0xd21ee1f2e0c68a0fc239b51b5b57b2052e87657cd8f6c5c4315bb89f275a0cdd,93000,1,UpdatePublished,"{'model_id': 'model_mnist_784_noniid', 'round': 9, 'ticket_id': 471, 'cid': 'sha256:525d61d4a98600e0c25d0cf5cafff23be958bedce91ecd690e6d128bc5b92662'}",mock
0x69a1961027c5de0ffba8afda22f43d8ad1a329b9eeca2ac728f254e33bd08d60,86000,1,TicketReserved,"{'model_id': 'model_mnist_784_noniid', 'round': 9, 'ticket_id': 472, 'owner': 'acct_22'}",mock
0x9a54a4af0ebdcfa54ecaa78195833246207f1d105c8c4f3f9aaa84f80acff5f7,93000,1,UpdatePublished,"{'model_id': 'model_mnist_784_noniid', 'round': 9, 'ticket_id': 472, 'cid': 'sha256:ec11b53cc3edbc0c7a1c296e5b1d0c892e9d8350979670824e9896a989a0d2cf'}",mock
0xc4226da6635f6c4b4516d4b52a8c556b260ab8d23a6800dd6d7cb3f52983545d,86000,1,TicketReserved,"{'model_id': 'model_mnist_784_noniid', 'round': 9, 'ticket_id': 473, 'owner': 'acct_23'}",mock
0xbdee6424e4e220cdb99ea0f87d0a84b95a20dd15e125214faa545e7f0c25dfa3,93000,1,UpdatePublished,"{'model_id': 'model_mnist_784_noniid', 'round': 9, 'ticket_id': 473, 'cid': 'sha256:b7947bedaf34a35721ff142864ee92c79d519b9e1bcfde120c741fafb67b0cc2'}",mock
0x4024c84a695bbd09c779798e8db8b7014672ac2a61a0dd649442d70d0def3d01,86000,1,TicketReserved,"{'model_id': 'model_mnist_784_noniid', 'round': 9, 'ticket_id': 474, 'owner': 'acct_24'}",mock
0x70e4a7f3c8f045abe8b3cef5aeb1f48055ba1c5f48080c66995a4dfbe0f2f17d,93000,1,UpdatePublished,"{'model_id': 'model_mnist_784_noniid', 'round': 9, 'ticket_id': 474, 'cid': 'sha256:9156da441c764ea4da33e10024e6a07008c06a87067d364e2415b60a60cf9c50'}",mock
0x17e78862469ceb99f8c292e7e01cab8829ad86d7874d81b9eb7e5fc7172d2cbf,86000,1,TicketReserved,"{'model_id': 'model_mnist_784_noniid', 'round': 9, 'ticket_id': 475, 'owner': 'acct_25'}",mock
0x11f19d5d8b92a121c518273bcbf481edc6899aafc7fef0a99cf8fceb12de90ec,93000,1,UpdatePublished,"{'model_id': 'model_mnist_784_noniid', 'round': 9, 'ticket_id': 475, 'cid': 'sha256:c5d82c0974ea133134b93e2b6fc31c5ed0e68e8620aad772af5a6c5c762c6682'}",mock
0x986396d75795f567f6edda39099ce2284fc856b0d84516179d84dc9933c76855,86000,1,TicketReserved,"{'model_id': 'model_mnist_784_noniid', 'round': 9, 'ticket_id': 476, 'owner': 'acct_26'}",mock
0x738f91fb752e87af6d0110fddb6cd2f7a13a38181d490f4bd910560472813ecb,93000,1,UpdatePublished,"{'model_id': 'model_mnist_784_noniid', 'round': 9, 'ticket_id': 476, 'cid': 'sha256:2062291756c151b998bda54b241c8043d9dea152093d0cebe46c64812c4a2bd4'}",mock
0x30e2eb7c3e9db6709551ad95aa7e5c40aa0a063fd429b920d8f85063340f0c68,86000,1,TicketReserved,"{'model_id': 'model_mnist_784_noniid', 'round': 9, 'ticket_id': 477, 'owner': 'acct_27'}",mock
0x0c56c00e4eb79d264a45fbfcf6148ee13c0a4131ad9e1b5c810d885c5deb8288,93000,1,UpdatePublished,"{'model_id': 'model_mnist_784_noniid', 'round': 9, 'ticket_id': 477, 'cid': 'sha256:c5e20a2161a5faead50b1b732ecc611bffceb4bac3868435ef06136b55fcf767'}",mock
0xd5f0753abfc50dea01bb71c2ae0b01b3381a79928087eaedfadfe2bac666c7d0,86000,1,TicketReserved,"{'model_id': 'model_mnist_784_noniid', 'round': 9, 'ticket_id': 478, 'owner': 'acct_28'}",mock
0x73e9784af53600fdc3ff8d1c977c8106c81872f58dfcd1fad11f89cb15178d46,93000,1,UpdatePublished,"{'model_id': 'model_mnist_784_noniid', 'round': 9, 'ticket_id': 478, 'cid': 'sha256:ff23edef6a95022c61ca1af588ad9882b714bbc68dc5fe2050f8a049fc2f970c'}",mock
0x4ff70bbf106f23fec919e4ca55fc518674afc5a952365c5c1e163fa74dbf3302,86000,1,TicketReserved,"{'model_id': 'model_mnist_784_noniid', 'round': 9, 'ticket_id': 479, 'owner': 'acct_29'}",mock
0xc7c712207af0d766691804781bb3e490ed508c9f3d38884fe9037d8f76e46194,93000,1,UpdatePublished,"{'model_id': 'model_mnist_784_noniid', 'round': 9, 'ticket_id': 479, 'cid': 'sha256:f835e5a895583b78888313badecfce86af27963ff09e5ba72cc7d1cffe9bd77b'}",mock
0x5bd5b98d7bf261fe51fc2c65991accade6599114582427191e6917832013c8ee,86000,1,TicketReserved,"{'model_id': 'model_mnist_784_noniid', 'round': 9, 'ticket_id': 480, 'owner': 'acct_30'}",mock
0x37adbccd84affad7f4daf2bf9f5606dbfa671c1f5cc6b56ca20f577c5814a882,93000,1,UpdatePublished,"{'model_id': 'model_mnist_784_noniid', 'round': 9, 'ticket_id': 480, 'cid': 'sha256:ec7f5a593c1f04d63ade0ee0d43fa52c1e25963c7d81d17dbdd61bd9f81cfb17'}",mock
0x30c67dc5d4dc9f2e43ecec2b223eaa47bde493096939f6004e5c040513975ce8,86000,1,TicketReserved,"{'model_id': 'model_mnist_784_noniid', 'round': 9, 'ticket_id': 481, 'owner': 'acct_31'}",mock
0x11165243a261d21c4c230963b13eea17a4df3baac96a8a3c9f1834fbd49de10b,93000,1,UpdatePublished,"{'model_id': 'model_mnist_784_noniid', 'round': 9, 'ticket_id': 481, 'cid': 'sha256:0b3dd157dd4d8c3fa15bd71b86f415dabe741b85344f2011462d431cff521ac4'}",mock
0x49c44163003f769e3eeba90065b33a7b384d91fdd2300d4fca8693b7256488a5,86000,1,TicketReserved,"{'model_id': 'model_mnist_784_noniid', 'round': 9, 'ticket_id': 482, 'owner': 'acct_32'}",mock
0x81536d8d429d09ece76ede51e56905c75d442b473d385ccb746557a05f74d894,93000,1,UpdatePublished,"{'model_id': 'model_mnist_784_noniid', 'round': 9, 'ticket_id': 482, 'cid': 'sha256:20cbe2677d952b5de5533dd007145492ae1d0e35cc92958cb029f37e98e800f4'}",mock
0xb442bde686f430d5f75f3373a7524dd5f5889cc563bf5af0e9eeec6233516197,86000,1,TicketReserved,"{'model_id': 'model_mnist_784_noniid', 'round': 9, 'ticket_id': 483, 'owner': 'acct_33'}",mock
0x69351e2015b117b9eaa1f93ca83dea67ea9071e8c0da34adc73d431d85f40a42,93000,1,UpdatePublished,"{'model_id': 'model_mnist_784_noniid', 'round': 9, 'ticket_id': 483, 'cid': 'sha256:88d92d9aa5069b0e3328d4f9f0bf4e9a320ca25728e8439499678bd6f9ca25ad'}",mock
0xf83cde7ca7227ab806487a9c876829b73983b7c743da73e3457a3eb3c59908dc,86000,1,TicketReserved,"{'model_id': 'model_mnist_784_noniid', 'round': 9, 'ticket_id': 484, 'owner': 'acct_34'}",mock
0x30d2efb8f6ba1b484d36586b4789350b0d889fdad5e7d7bf1189bca1606c5295,93000,1,UpdatePublished,"{'model_id': 'model_mnist_784_noniid', 'round': 9, 'ticket_id': 484, 'cid': 'sha256:40520ae628dd13c285dcaa7156956b6af9c44b7c0f7c88f5f8a045eb45a88e58'}",mock
0xa9dd0d2505924d3c87640d13a74a56c51c4b517235a3eb9ae8344cdecc1145b8,86000,1,TicketReserved,"{'model_id': 'model_mnist_784_noniid', 'round': 9, 'ticket_id': 485, 'owner': 'acct_35'}",mock
0x847abb5812f39bf6b3fc37a5557b881dda55ee73ce20bbc96e9f1e977bd4041e,93000,1,UpdatePublished,"{'model_id': 'model_mnist_784_noniid', 'round': 9, 'ticket_id': 485, 'cid': 'sha256:0b30b0f93bf3b9bca9033d7e21a50d0684f9a007e353a7c8cedd2e9d79ba6c7f'}",mock
0xe6c9fb879fa82592b38b6ca47a32c8e60e108eebce28a8e1c0aeef08e28f00bc,86000,1,TicketReserved,"{'model_id': 'model_mnist_784_noniid', 'round': 9, 'ticket_id': 486, 'owner': 'acct_36'}",mock
0x3b52f731b8dc82d273208af0918a1a4d4b9746721cd0c08cc84e3e7b1472f458,93000,1,UpdatePublished,"{'model_id': 'model_mnist_784_noniid', 'round': 9, 'ticket_id': 486, 'cid': 'sha256:17fef22a649eebd4c3978b6617be5b8fa01484b9fc82626cbcce195c458eb7b1'}",mock
0x4b4fc68d2c0bab3807947806fffd5f566afe8152d6baea809f7df1a0f1d46845,86000,1,TicketReserved,"{'model_id': 'model_mnist_784_noniid', 'round': 9, 'ticket_id': 487, 'owner': 'acct_37'}",mock
0x30c2a1378936baa848341b7353d64c1b4fe91f048d5a5d76bc2f6648c5f719c3,93000,1,UpdatePublished,"{'model_id': 'model_mnist_784_noniid', 'round': 9, 'ticket_id': 487, 'cid': 'sha256:378e10d0eddb6e5affd9737d0ea60964ad26a8e37ec8c73d04574a565c9d106a'}",mock
0x5d3dc00d0cf1813ddf2b1aa61f1efc354e23062fbfe9afec204bd263a3553aac,86000,1,TicketReserved,"{'model_id': 'model_mnist_784_noniid', 'round': 9, 'ticket_id': 488, 'owner': 'acct_38'}",mock
0xb1bb55937f4319d78901c0d79fcba2489ce3f5169be2469159c77cfd2e2671be,93000,1,UpdatePublished,"{'model_id': 'model_mnist_784_noniid', 'round': 9, 'ticket_id': 488, 'cid': 'sha256:b77d4f2186cdb3ea0b7bc53d879c28e6ff52a7b32127ee488aea3939a1131e2b'}",mock
0xbd1be7948e230cf3828d3acdfd0d73534605859f7ba05ff172bef23029a3d4d2,86000,1,TicketReserved,"{'model_id': 'model_mnist_784_noniid', 'round': 9, 'ticket_id': 489, 'owner': 'acct_39'}",mock
0x0f8cfe6b8932cc810f480f2458dc02f985d8cd0a305b00e753a4445d243c9320,93000,1,UpdatePublished,"{'model_id': 'model_mnist_784_noniid', 'round': 9, 'ticket_id': 489, 'cid': 'sha256:856bfffc5b6937dfbc3235821b2be22c1170e53d58bad31ca6413972c5627b35'}",mock
0xdcab879ca8d4ad8b9badc22ed8d3490ca1625d1b399cffeb51b2225e24b9863f,86000,1,TicketReserved,"{'model_id': 'model_mnist_784_noniid', 'round': 9, 'ticket_id': 490, 'owner': 'acct_40'}",mock
0x97459ff9298819343e2fa0528e93514a714807d69b494da63bd1a27ddb493839,93000,1,UpdatePublished,"{'model_id': 'model_mnist_784_noniid', 'round': 9, 'ticket_id': 490, 'cid': 'sha256:e0d0e881ee92d90be15dcdddb80432f7db2dffcc64cb69fe44b23faee72d02b1'}",mock
0x4831d25547ded7ce3ef53fcd4aea90156225f70fa54185d65ed3afcacb9e87a4,86000,1,TicketReserved,"{'model_id': 'model_mnist_784_noniid', 'round': 9, 'ticket_id': 491, 'owner': 'acct_41'}",mock
0xf128ec95de705211240a89a52615b79b1892fad3a6f0fad330ea153f7540937d,93000,1,UpdatePublished,"{'model_id': 'model_mnist_784_noniid', 'round': 9, 'ticket_id': 491, 'cid': 'sha256:0e8e73cf80fcfe16d6e597e23efbc2614b891ab4af78d2fba9da2efb05432e1c'}",mock
0xdc77ea68f14c833e79601f43b13ae063a96b5907e31855f0fbe16e3fa7eb27b1,86000,1,TicketReserved,"{'model_id': 'model_mnist_784_noniid', 'round': 9, 'ticket_id': 492, 'owner': 'acct_42'}",mock
0x2fcee862b1d729f6445f765ba7abd8987ab6cab93107e8ec7171c5cfc8df2b48,93000,1,UpdatePublished,"{'model_id': 'model_mnist_784_noniid', 'round': 9, 'ticket_id': 492, 'cid': 'sha256:71ce1c2cd0e3abe9a996cd948b471249625646a41dbdfd8a110174c512f42fa6'}",mock
0xe6d4f571d006ae2737e8de33d8ba6e271be27d7f38686dd9957b94f27efa29d7,86000,1,TicketReserved,"{'model_id': 'model_mnist_784_noniid', 'round': 9, 'ticket_id': 493, 'owner': 'acct_43'}",mock
0xe7ccec9bb74ee8a6c61fe48c405d326a4feacfdd71a24d797c097f3c7da1661a,93000,1,UpdatePublished,"{'model_id': 'model_mnist_784_noniid', 'round': 9, 'ticket_id': 493, 'cid': 'sha256:19539b245af4753eb394bef782e319cb1779d5955da46175dd17de125b1c036f'}",mock
0x84fb46ce987b59db5e14d7088421c281ebc492554bad7fc86ebd2b9ca2a5daa0,86000,1,TicketReserved,"{'model_id': 'model_mnist_784_noniid', 'round': 9, 'ticket_id': 494, 'owner': 'acct_44'}",mock
0xf70fb68202b2ba8224df22283725559dbedcab7e75fa24b962ac0110fdd19edc,93000,1,UpdatePublished,"{'model_id': 'model_mnist_784_noniid', 'round': 9, 'ticket_id': 494, 'cid': 'sha256:c6041264ab9a41ac048e80a6021383484c5ade3ce87b8e5646fd347feb9c04a4'}",mock
0x9d1cb270f71ece72490e3c9b460a72429d8b4c8e65685a63d91179a909213039,86000,1,TicketReserved,"{'model_id': 'model_mnist_784_noniid', 'round': 9, 'ticket_id': 495, 'owner': 'acct_45'}",mock
0xefa80c62b6bf252f764cd6eec2fbbe4122827ecfcebd34dc81f4682478b687a2,93000,1,UpdatePublished,"{'model_id': 'model_mnist_784_noniid', 'round': 9, 'ticket_id': 495, 'cid': 'sha256:97464b94f0c410c9aa64d4770e008b0b7f55991f1338a4a4f5b2aac7330e921f'}",mock
0xa93c902de0e4cbab8cfd9bf77dff6d10e663e21c1f86548b6b14b002daa7c03b,86000,1,TicketReserved,"{'model_id': 'model_mnist_784_noniid', 'round': 9, 'ticket_id': 496, 'owner': 'acct_46'}",mock
0x20292baf776585a7c7af569d1d33afdffb45b4f90bdd29f147103eb68c4ef24e,93000,1,UpdatePublished,"{'model_id': 'model_mnist_784_noniid', 'round': 9, 'ticket_id': 496, 'cid': 'sha256:026819b4086f0f2257724dc227f39cb2a1f5b15022d2afd5e99dc4feeea6b74a'}",mock
0xe53d1a9912e8c2346b2bb71b9d9420b68b946fc8490c2ebf0bf462b6a466f330,86000,1,TicketReserved,"{'model_id': 'model_mnist_784_noniid', 'round': 9, 'ticket_id': 497, 'owner': 'acct_47'}",mock
0x0a7526f69ed26354ce98b0393164e61ea7a2f945f4d87c7a1f90c7a2b6127086,93000,1,UpdatePublished,"{'model_id': 'model_mnist_784_noniid', 'round': 9, 'ticket_id': 497, 'cid': 'sha256:cb45b38006a6cd15921a519ff3fb4459069bb29a039b41e037e71fc71fc1120b'}",mock
0xf95e9a37939d874b417e574c75355f6bd792748f056d5b0ec509b2d6b5b251a4,86000,1,TicketReserved,"{'model_id': 'model_mnist_784_noniid', 'round': 9, 'ticket_id': 498, 'owner': 'acct_48'}",mock
0x803e5936ef2ea38970aa07240832682d2a15715be80672936492a9f65fb7780b,93000,1,UpdatePublished,"{'model_id': 'model_mnist_784_noniid', 'round': 9, 'ticket_id': 498, 'cid': 'sha256:19c96e73b84f3eb609469acfe7cbf0f2b4b526c31db044973334c66ffd727ef0'}",mock
0x51a22f76bc900bcedf0a2753182dbeee17e0eb27cfe35de91ec4c496cfae59d7,86000,1,TicketReserved,"{'model_id': 'model_mnist_784_noniid', 'round': 9, 'ticket_id': 499, 'owner': 'acct_49'}",mock
0xde00eed17633154dd28332a03e567fb7f7101c546964b041e9687ee649a1906f,93000,1,UpdatePublished,"{'model_id': 'model_mnist_784_noniid', 'round': 9, 'ticket_id': 499, 'cid': 'sha256:1c2cc942e5f9d153bd1ecef21fe19403da16b74ee1ce84a6a7801222c90f9b32'}",mock
0x6c3c9b048d15c273ef5287d86db1561b27c9cd890e3b7f697e4e320dbdb31183,86000,1,TicketReserved,"{'model_id': 'model_mnist_784_noniid', 'round': 9, 'ticket_id': 500, 'owner': 'acct_50'}",mock
0x8b7cb80948066134c4fe37f09a21c4c6ca1b62d06de02dbbf53a5d335e0c94f2,93000,1,UpdatePublished,"{'model_id': 'model_mnist_784_noniid', 'round': 9, 'ticket_id': 500, 'cid': 'sha256:679b78ea03dac3e07028a21dd97ec29b83718be64daa6c535208fb39883374e4'}",mock
0x8ef782eb067693d52dd5112928c4988107e7fa6d50fe92ffe342c150134e1a98,915000,1,RoundFinalized,"{'model_id': 'model_mnist_784_noniid', 'round': 9, 'included': 29, 'refunds': 50}",mock
0x202c9f8463a9485d2d93c72308ecea5ea9158fdb33f5f01136b7451c1fa93243,52000,1,RoundFunded,"{'model_id': 'model_mnist_784_noniid', 'amount_wei': 10000000000000000}",mock
0x875f0c76dd50a933b676e2d6eadefe86f6cb7241ce56f95d60ad3a87865b0792,86000,1,TicketReserved,"{'model_id': 'model_mnist_784_noniid', 'round': 10, 'ticket_id': 501, 'owner': 'acct_1'}",mock
0xf15490d68fe8a0c608b6af7bdabd7406bd226c5b526a418d72dfd28d49fc2db8,93000,1,UpdatePublished,"{'model_id': 'model_mnist_784_noniid', 'round': 10, 'ticket_id': 501, 'cid': 'sha256:907802a51126c34851532a61dbe92defd6299e7deecda0e7b468fc215e91e293'}",mock
0x473c8c96864b8d14d32bfcc76cd9104be5f50660c96986424a6b8c41b5a3bc68,86000,1,TicketReserved,"{'model_id': 'model_mnist_784_noniid', 'round': 10, 'ticket_id': 502, 'owner': 'acct_2'}",mock
0x32f5bd9cf04901a3458b14a70cd9585c5b1cc8ed57a40d9cfb374b41b37f4a56,93000,1,UpdatePublished,"{'model_id': 'model_mnist_784_noniid', 'round': 10, 'ticket_id': 502, 'cid': 'sha256:9d865e8147fefb0e2b496e1b20dc00895f4274b6b47fc69dd86581c6f5c5fef0'}",mock
0x8ff38419d0164c5e57cef0a683612e94c04d57391943baf2010d64afd9a620c9,86000,1,TicketReserved,"{'model_id': 'model_mnist_784_noniid', 'round': 10, 'ticket_id': 503, 'owner': 'acct_3'}",mock
0x7c0b39f9690745c362372ed19b4acb613c8787ba6357fca11103c533b6287d48,93000,1,UpdatePublished,"{'model_id': 'model_mnist_784_noniid', 'round': 10, 'ticket_id': 503, 'cid': 'sha256:21da5d17f3a22ee1ddeaa4894180ef87a465fc9fa89fcd6f166122d03c2f082c'}",mock
0x35ce2f3fc426e22664943efd95f19d0341d29749e1b9ab6d44a00a46c87d5bdf,86000,1,TicketReserved,"{'model_id': 'model_mnist_784_noniid', 'round': 10, 'ticket_id': 504, 'owner': 'acct_4'}",mock
0x700b9d9bfb5f6c86a0c6573e7ed255b1411f40371ab54bb045c14af93a09c355,93000,1,UpdatePublished,"{'model_id': 'model_mnist_784_noniid', 'round': 10, 'ticket_id': 504, 'cid': 'sha256:7e5349eb0fc35ceb201b2e3b9098a5f0f7e13bb497adcd409f7f9f29a594a2ca'}",mock
0xfd9da98c10080881d89b430f2c2abb56d53d4703b271bb0ef77d1edcbb156621,86000,1,TicketReserved,"{'model_id': 'model_mnist_784_noniid', 'round': 10, 'ticket_id': 505, 'owner': 'acct_5'}",mock
0x2fee15f129c7ca71420d6f7e7ebd17ca709f1108260f21077eff43cdc01a1955,93000,1,UpdatePublished,"{'model_id': 'model_mnist_784_noniid', 'round': 10, 'ticket_id': 505, 'cid': 'sha256:cbebc6fc07d73e39dce8dd63dd01179e1abd5f444f47ff6e0270a41719cc40df'}",mock
0xba76594f634c51c035e14c625a06fa79f73fb2950adf043ac8e5c291eb089e22,86000,1,TicketReserved,"{'model_id': 'model_mnist_784_noniid', 'round': 10, 'ticket_id': 506, 'owner': 'acct_6'}",mock
0xcb3be376c4f3a519c6d0363647fee16a101ea1aa31f66d4674649fb3610e935e,93000,1,UpdatePublished,"{'model_id': 'model_mnist_784_noniid', 'round': 10, 'ticket_id': 506, 'cid': 'sha256:3e9a62171f4269abfa507b7bee1a2f03c63fd0de3f18a02e9eaadb23b3e8912a'}",mock
0x2e3f6a35346ade821a0fa0b6a0181c3bd87efdcdf8e576ecce081c1078fd923c,86000,1,TicketReserved,"{'model_id': 'model_mnist_784_noniid', 'round': 10, 'ticket_id': 507, 'owner': 'acct_7'}",mock
0x3e77e141fa3d3ae710ef2a4f3bb0d1eb3d7ed16e9f884601e33dc78972fc517c,93000,1,UpdatePublished,"{'model_id': 'model_mnist_784_noniid', 'round': 10, 'ticket_id': 507, 'cid': 'sha256:deb09d773a5f4e52755b35c1acd71a73fdc0df78ed58ec9271b0c2078d354caa'}",mock
0x27a70b648990df3ed81bffca1bd0b9c840c1f675a74fa8976395d743ddd827e0,86000,1,TicketReserved,"{'model_id': 'model_mnist_784_noniid', 'round': 10, 'ticket_id': 508, 'owner': 'acct_8'}",mock
0x5f6cc1c6acf3e902c159e589d43917e248f7e44e69b72aa6521481ad5a192947,93000,1,UpdatePublished,"{'model_id': 'model_mnist_784_noniid', 'round': 10, 'ticket_id': 508, 'cid': 'sha256:6c7283f6b7ca8cc17d5db0d0c1d6225e8883cb15b7e8d5493a1fe99d80f017d1'}",mock
0x4ed4456f975d9dd64dd8e15e0f1b53d59703e59b50656ddfe95d794fc09ab6a0,86000,1,TicketReserved,"{'model_id': 'model_mnist_784_noniid', 'round': 10, 'ticket_id': 509, 'owner': 'acct_9'}",mock
0x8b824e3cf5ffeee07aa3b8c1613ce17c015f83f8db0929ff2f385fafccce798e,93000,1,UpdatePublished,"{'model_id': 'model_mnist_784_noniid', 'round': 10, 'ticket_id': 509, 'cid': 'sha256:9a5596534aac2ca906ed4c6697cbbb04fc545de6f374053a35b631806294fe9b'}",mock
0x469739b4028968d77c20c90fbbab3b24bd924fc420e3459ee4873d06c8aac5fc,86000,1,TicketReserved,"{'model_id': 'model_mnist_784_noniid', 'round': 10, 'ticket_id': 510, 'owner': 'acct_10'}",mock
0x74b584eb877f927a91561840977f0c876019bea28cea5a825ba510a852fd2413,93000,1,UpdatePublished,"{'model_id': 'model_mnist_784_noniid', 'round': 10, 'ticket_id': 510, 'cid': 'sha256:4d92f5b962d4d288a6e96ff0fce336807a78818f406087f6f4ce8d4e06325ce6'}",mock
0xc97b4a201e2a60d37cce3cbb886c41eb4615681c955feeae30892214d2ae9ab7,86000,1,TicketReserved,"{'model_id': 'model_mnist_784_noniid', 'round': 10, 'ticket_id': 511, 'owner': 'acct_11'}",mock
0x97a6911ef24ad167fd28bcfb45b60f0c77e9ff76eceeea9c2266510de58edc66,93000,1,UpdatePublished,"{'model_id': 'model_mnist_784_noniid', 'round': 10, 'ticket_id': 511, 'cid': 'sha256:651a975d16dd154e84d8737dbb342d97b70f6ac3d9893c37fbea86a682215301'}",mock
0x32f68109ad6866a5f7eada10d2619da35db61b55418a4b4e7fe73033ea59ff6f,86000,1,TicketReserved,"{'model_id': 'model_mnist_784_noniid', 'round': 10, 'ticket_id': 512, 'owner': 'acct_12'}",mock
0x74d9a8edfc4fce95ec74f33ec3e5179293790f729f9f9891fa8e06edeb53cd73,93000,1,UpdatePublished,"{'model_id': 'model_mnist_784_noniid', 'round': 10, 'ticket_id': 512, 'cid': 'sha256:cd0092f02964e6460a5ecbd51a40c254b6e9f9319f8cef6d516586c73a8d2051'}",mock
0x097d43385f1b29cb30e7c9713f44c019a190c449ef7823a9de17ebbc5a60eba1,86000,1,TicketReserved,"{'model_id': 'model_mnist_784_noniid', 'round': 10, 'ticket_id': 513, 'owner': 'acct_13'}",mock
0xfc47cad328a848557d6c56b1c72fad155f2f8b9d0f8d9c810d4921b6ede53398,93000,1,UpdatePublished,"{'model_id': 'model_mnist_784_noniid', 'round': 10, 'ticket_id': 513, 'cid': 'sha256:d7913884d8d58ae998a933a62b1fd65efd5b8248c4fe30ce2951f2ad67a60f33'}",mock
0xba967c8f03525e5982ce90da9f3eaa007c8a0c2f1d3db95c376e4f64e4e822b4,86000,1,TicketReserved,"{'model_id': 'model_mnist_784_noniid', 'round': 10, 'ticket_id': 514, 'owner': 'acct_14'}",mock
0x68c4d891ede60f2aefd135ffb41f7e16ccb6ac5dda0e028b902bf04e76e9559c,93000,1,UpdatePublished,"{'model_id': 'model_mnist_784_noniid', 'round': 10, 'ticket_id': 514, 'cid': 'sha256:5c92473533473508f37ee13651cdb4459a05058a55551708c4ca5f1ab6458d16'}",mock
0xc2cd6875603f91a154baacbaf5a7512e55e6edd8a1c80352bc0ae10f0f3aff44,86000,1,TicketReserved,"{'model_id': 'model_mnist_784_noniid', 'round': 10, 'ticket_id': 515, 'owner': 'acct_15'}",mock
0x463b9519a41e257fb005e0672802723d7630d1134c85588af19d2f0a1202930f,93000,1,UpdatePublished,"{'model_id': 'model_mnist_784_noniid', 'round': 10, 'ticket_id': 515, 'cid': 'sha256:bcfa6e7ee75e0e6972e571a9d8396675c5cb30d34fa104c2f53692b7d63c5f01'}",mock
0xfb30a5ea3cc62b92b988410c97b2e70d7acbe20a3c2f5d8924d1d1a45950faee,86000,1,TicketReserved,"{'model_id': 'model_mnist_784_noniid', 'round': 10, 'ticket_id': 516, 'owner': 'acct_16'}",mock
0x8a0ce4c243c55eede3593249cb4a396265ac2d976d1a67356d66b72028ea5fe0,93000,1,UpdatePublished,"{'model_id': 'model_mnist_784_noniid', 'round': 10, 'ticket_id': 516, 'cid': 'sha256:32b88c3b445950e563b1f1eb0f2eb92f111883d94ddc255932baa27e8ee2b476'}",mock
0x877927d5cad941adeda3cce0dbc010efb93f89426dce8c0538f3def57d062851,86000,1,TicketReserved,"{'model_id': 'model_mnist_784_noniid', 'round': 10, 'ticket_id': 517, 'owner': 'acct_17'}",mock
0x686db42a0ac2f58b78ff7cad94a6d12dd627d53dab96f5495824d11568e78f37,93000,1,UpdatePublished,"{'model_id': 'model_mnist_784_noniid', 'round': 10, 'ticket_id': 517, 'cid': 'sha256:e01e56f38194b01db7308efdc88b11efc0165e81961a6aaf9c855fee6da13972'}",mock
0x28c4aaa138c7caea4ecac5701e660965e3fef5dafbcea3b51791931b00912d2a,86000,1,TicketReserved,"{'model_id': 'model_mnist_784_noniid', 'round': 10, 'ticket_id': 518, 'owner': 'acct_18'}",mock
0x573f8020a1612c647b099bb0271b08872e8cd3edb622c353b8224791e1435077,93000,1,UpdatePublished,"{'model_id': 'model_mnist_784_noniid', 'round': 10, 'ticket_id': 518, 'cid': 'sha256:e0855df546a31e6eb0ba3f8986bb4931695f1145f461bcdc0d23460a2279cc23'}",mock
0xac59652d87ca08b1db43c02b10d7548e38bfd19ca5bb5231e703863aadd1cfcb,86000,1,TicketReserved,"{'model_id': 'model_mnist_784_noniid', 'round': 10, 'ticket_id': 519, 'owner': 'acct_19'}",mock
0x19fa8baf94c60a1580eddc799be10cace61bf3fb78e4b2f77b6c60bc037b923a,93000,1,UpdatePublished,"{'model_id': 'model_mnist_784_noniid', 'round': 10, 'ticket_id': 519, 'cid': 'sha256:844cf14bfe1e66acebbf80e0e4e7581c41458b6fe52fe22d84b1ba422cef2f5a'}",mock
0x0c04f0bbe5ff898d5e86958d91963a57db5526356fbac08b8316dce34cc4aeca,86000,1,TicketReserved,"{'model_id': 'model_mnist_784_noniid', 'round': 10, 'ticket_id': 520, 'owner': 'acct_20'}",mock
0xd3f199f80806209a64a559eaca46a6ca339dc98d64f78f8aa6b83622f3742f5e,93000,1,UpdatePublished,"{'model_id': 'model_mnist_784_noniid', 'round': 10, 'ticket_id': 520, 'cid': 'sha256:cf1a9fa6f759991d8a27cd6926bbe30f6d29e6d79009795e882321723116802e'}",mock
0x4dd4b118722a433e5e763d334f5c7bad8a5ac2fa078ef5b8aa27ae25c85d62b8,86000,1,TicketReserved,"{'model_id': 'model_mnist_784_noniid', 'round': 10, 'ticket_id': 521, 'owner': 'acct_21'}",mock
0x84370a87e0c81470169dbcc16cb25f81da3e15cea3d8c8c0726466890f89d400,93000,1,UpdatePublished,"{'model_id': 'model_mnist_784_noniid', 'round': 10, 'ticket_id': 521, 'cid': 'sha256:19d5d3cb9f8d3c89faa58daba1edba0a3b663343d24aef39f3cbe19287044eb3'}",mock
0x40ffca26c3e3e3025120ac308d0dd54d632c270bde54125166bb0e46b709987b,86000,1,TicketReserved,"{'model_id': 'model_mnist_784_noniid', 'round': 10, 'ticket_id': 522, 'owner': 'acct_22'}",mock
0x40fb23a36a37343eea935a62974d243ef0fa4e44063c8f89f582693aa5f0cdb3,93000,1,UpdatePublished,"{'model_id': 'model_mnist_784_noniid', 'round': 10, 'ticket_id': 522, 'cid': 'sha256:c97e58936c513a49759c91951f3a29135e5b575a17e396d532910605f850c4a9'}",mock
0xdd0ccb251a8341988f302ae59c1508a3d8692778e6892d1fd70169b10e47977f,86000,1,TicketReserved,"{'model_id': 'model_mnist_784_noniid', 'round': 10, 'ticket_id': 523, 'owner': 'acct_23'}",mock
0x086501652565a23e07ecad3be4d30daa19da73cbfd0913ce8e417383397f63b5,93000,1,UpdatePublished,"{'model_id': 'model_mnist_784_noniid', 'round': 10, 'ticket_id': 523, 'cid': 'sha256:003bbb2d66680c1863b778c1e583ff4778e91a661504b2a63165d76bdd991e79'}",mock
0x6415283768edb2a64404299948c6b9a6efb14a18ee709c8b89e11e25bc9a2ff8,86000,1,TicketReserved,"{'model_id': 'model_mnist_784_noniid', 'round': 10, 'ticket_id': 524, 'owner': 'acct_24'}",mock
0xa903efe500d28ff768c3d716231e3161720d76c4b08a26427840d48c8b030de0,93000,1,UpdatePublished,"{'model_id': 'model_mnist_784_noniid', 'round': 10, 'ticket_id': 524, 'cid': 'sha256:1e87e94554d2353d71963d8aa97454e3c9f63f482f6510be58bbc15dbf2fc728'}",mock
0x005fed43aaeea03e606ba33703464db93938295fdc1ab7996c0ac19ce7b549eb,86000,1,TicketReserved,"{'model_id': 'model_mnist_784_noniid', 'round': 10, 'ticket_id': 525, 'owner': 'acct_25'}",mock
0x9ec19687c91fabea6aea3288e077544089e9513c5a54d992e57a3672b44d3fc1,93000,1,UpdatePublished,"{'model_id': 'model_mnist_784_noniid', 'round': 10, 'ticket_id': 525, 'cid': 'sha256:1dba961ed746b74a2d4b7c1d46198d2c3b427a40bc070b11240d3b0d62c0be52'}",mock
0xfa9b31d74dca4589b7ace2b94a28041a94de0e67667894cc10a5088540ce5017,86000,1,TicketReserved,"{'model_id': 'model_mnist_784_noniid', 'round': 10, 'ticket_id': 526, 'owner': 'acct_26'}",mock
0xac29e73dadc7a9ddf69271348b3221caf5503ff27fcdb497784473813aea3f75,93000,1,UpdatePublished,"{'model_id': 'model_mnist_784_noniid', 'round': 10, 'ticket_id': 526, 'cid': 'sha256:c80fdc78f22b92b4de6e791201485ede826cde97d6280812dfb2ababc576076c'}",mock
0x812bf6df8b6953a8c10bb1d6ed0bdce0617ddd4f92e1799d3d16360ed36e2d40,86000,1,TicketReserved,"{'model_id': 'model_mnist_784_noniid', 'round': 10, 'ticket_id': 527, 'owner': 'acct_27'}",mock
0xa3a2937146672591a5800dd3d7a308418461f56a1b4da34cb2800d7bc2139cfa,93000,1,UpdatePublished,"{'model_id': 'model_mnist_784_noniid', 'round': 10, 'ticket_id': 527, 'cid': 'sha256:2a5018501dd0e24b21e500d91bf227009ebac5726e14aa47ab37d017165340e0'}",mock
0x62dff9a6446aa5490011f4208e5406b561786790e7624a62e23f93aa21715367,86000,1,TicketReserved,"{'model_id': 'model_mnist_784_noniid', 'round': 10, 'ticket_id': 528, 'owner': 'acct_28'}",mock
0x9da77ad2a02c53eba4a363dfcc05d549e726e6dd8fd762ae5e83cf3a6f42cf93,93000,1,UpdatePublished,"{'model_id': 'model_mnist_784_noniid', 'round': 10, 'ticket_id': 528, 'cid': 'sha256:9e87610400f94fda487afac913ff3bc8a3347709285fa0ec357bd284fa9d7673'}",mock
0xdb87c42248f31187c65ce42aefe87abf0ea0d384c09186b6ffe2ed4435e6c935,86000,1,TicketReserved,"{'model_id': 'model_mnist_784_noniid', 'round': 10, 'ticket_id': 529, 'owner': 'acct_29'}",mock
0x830cd9cda2398c27aafacf98414de5dcebc6b63775e994e5932e35ba9019f088,93000,1,UpdatePublished,"{'model_id': 'model_mnist_784_noniid', 'round': 10, 'ticket_id': 529, 'cid': 'sha256:63959fa4a78cfadeb4b219cb4b7ebf6a02d5e0ebf60bfe38f4f2326dbc4fd21a'}",mock
0x1228260b0ee458e2cbcfb53a54465c447a6015a59e515adca82207423e0ba796,86000,1,TicketReserved,"{'model_id': 'model_mnist_784_noniid', 'round': 10, 'ticket_id': 530, 'owner': 'acct_30'}",mock
0xe6a522788cbfbd7b66da6eba42bbc4e699a710c7403874a6039ee54823310967,93000,1,UpdatePublished,"{'model_id': 'model_mnist_784_noniid', 'round': 10, 'ticket_id': 530, 'cid': 'sha256:545a584a75ca4d12b4af00f52ee0fb8bacd5907ff0d44318bf9cef63c4099edf'}",mock
0x98765f69d75e7f300541ebd4112668d5ed1326374f49301bd1e86771283c0888,86000,1,TicketReserved,"{'model_id': 'model_mnist_784_noniid', 'round': 10, 'ticket_id': 531, 'owner': 'acct_31'}",mock
0xf40fea1b87bdc955aeb012557eb3b21b12bfeaf07a6df210ace56b7601417142,93000,1,UpdatePublished,"{'model_id': 'model_mnist_784_noniid', 'round': 10, 'ticket_id': 531, 'cid': 'sha256:d138934b92cf49dbca3cd4682f3aab51527f054eb86904855d11e2b6419692d5'}",mock
0x3c7caed3cf789119474081a7c52cb933315ff7e950e741ec5cb64007344ad89e,86000,1,TicketReserved,"{'model_id': 'model_mnist_784_noniid', 'round': 10, 'ticket_id': 532, 'owner': 'acct_32'}",mock
0x2886aba79cfd1bbc87072afd55922472c8ea2ead7b6802acb3abc366e9d6e90c,93000,1,UpdatePublished,"{'model_id': 'model_mnist_784_noniid', 'round': 10, 'ticket_id': 532, 'cid': 'sha256:ccd23781d136640329e37e442c2efadd9d2f98c1b53453a43d0ff248c0d0a33f'}",mock
0xdcbb8cfc8eed30f543bdb4b76d09c2bbd9d77b0db01fcc476181158802343ff4,86000,1,TicketReserved,"{'model_id': 'model_mnist_784_noniid', 'round': 10, 'ticket_id': 533, 'owner': 'acct_33'}",mock
0x09f275433688e846898db139a3f93de5204e8221f3f990897fa6e5cd56427345,93000,1,UpdatePublished,"{'model_id': 'model_mnist_784_noniid', 'round': 10, 'ticket_id': 533, 'cid': 'sha256:29c1c76e25fa6d990cd354d7265efa98c99617391eade727764c81f7cee2f5be'}",mock
0xa1bd15040b0cbafe220f3bc467120fcc464b64c50ccde89edf4e8983ea2621d8,86000,1,TicketReserved,"{'model_id': 'model_mnist_784_noniid', 'round': 10, 'ticket_id': 534, 'owner': 'acct_34'}",mock
0x622c1c9930cf05551c696ae1dca0b882a0b27e315de6c30829f027ba1a5af5e7,93000,1,UpdatePublished,"{'model_id': 'model_mnist_784_noniid', 'round': 10, 'ticket_id': 534, 'cid': 'sha256:d298dea6ad7a7659b60067e4178584c7422ba188b0431e5359fb760aa56798d4'}",mock
0xb2149d51496ea065f30f4e41978a1e8d7f1ccf0ee45edab6aecc4a1510933003,86000,1,TicketReserved,"{'model_id': 'model_mnist_784_noniid', 'round': 10, 'ticket_id': 535, 'owner': 'acct_35'}",mock
0x9015840b1ec09dd7b965344bb31d0e2149c6bbf57af941507b259316989df9ab,93000,1,UpdatePublished,"{'model_id': 'model_mnist_784_noniid', 'round': 10, 'ticket_id': 535, 'cid': 'sha256:81740aaaf2fc531f63a9e0579c53f5fa74d453ef0e3cc361e155e80c4131cddd'}",mock
0xfa49a15bc56d75561778bce88288abe6f8b1d5934cd5e40a44ea53ceae5fcd43,86000,1,TicketReserved,"{'model_id': 'model_mnist_784_noniid', 'round': 10, 'ticket_id': 536, 'owner': 'acct_36'}",mock
0x9bf6f732fbc74e8fed9e1414e33682d6b91fd20a6c02d30a172ea020972f0df8,93000,1,UpdatePublished,"{'model_id': 'model_mnist_784_noniid', 'round': 10, 'ticket_id': 536, 'cid': 'sha256:db42e1799ab4b25ed29907ac3d6861b6114e8fb60d68aa1658b779c56064a471'}",mock
0xbff13246aaa929f921018cbe0e404a86ff4fefafbb8bc8183e4b30c8be279b4a,86000,1,TicketReserved,"{'model_id': 'model_mnist_784_noniid', 'round': 10, 'ticket_id': 537, 'owner': 'acct_37'}",mock
0x69f7ce0b9255a303213ca0c4a18824532a805929780ee9d3811e2e5ff2c2dbb5,93000,1,UpdatePublished,"{'model_id': 'model_mnist_784_noniid', 'round': 10, 'ticket_id': 537, 'cid': 'sha256:110de0e9ba02d73a36fea57a6be8db95168c96e868d3c83445df8ded27357955'}",mock
0x24695f00cbee9d0c61212d888250cb54fba96a5b3e4acddf088b88612679dbc8,86000,1,TicketReserved,"{'model_id': 'model_mnist_784_noniid', 'round': 10, 'ticket_id': 538, 'owner': 'acct_38'}",mock
0xa870f7a628c1586b94102d8bd17e37715ef9a115ca2fe8320e6a0c0f1ffa6044,93000,1,UpdatePublished,"{'model_id': 'model_mnist_784_noniid', 'round': 10, 'ticket_id': 538, 'cid': 'sha256:78c36cd1cd8d0bd8287dfd95720a5032f8fd20f619db1ba0f9570e4c5708014e'}",mock
0x316ecb578049321ae46abbe1385407c66bc32b243cfeef90648eab65bf754ca5,86000,1,TicketReserved,"{'model_id': 'model_mnist_784_noniid', 'round': 10, 'ticket_id': 539, 'owner': 'acct_39'}",mock
0x985b46d6d6062dc750504839a66eb86de70110e72ef209f13becbcde98da2001,93000,1,UpdatePublished,"{'model_id': 'model_mnist_784_noniid', 'round': 10, 'ticket_id': 539, 'cid': 'sha256:5328673bc9ec0d555169cddcf2a004a15da6ec0fbd8622d91a185c6851a02920'}",mock
0x5f86315195ae41c5f523473a712cd94ae549e9579e579e04ecf3e3bb50323620,86000,1,TicketReserved,"{'model_id': 'model_mnist_784_noniid', 'round': 10, 'ticket_id': 540, 'owner': 'acct_40'}",mock
0xb1bc6b77a8695c9deac57588bfb21054ce453c5ea71d4b1cebe0efb11b32e38d,93000,1,UpdatePublished,"{'model_id': 'model_mnist_784_noniid', 'round': 10, 'ticket_id': 540, 'cid': 'sha256:404aa3fddfd74d6456f80a241a8aebb673b05ff2194330fb439cc2ff1e68bed7'}",mock
0xdfd3a96460610cdc4268a0be763af3f0ef65d1bf8162c2e061ee4e58fdc92ee9,86000,1,TicketReserved,"{'model_id': 'model_mnist_784_noniid', 'round': 10, 'ticket_id': 541, 'owner': 'acct_41'}",mock
0x276786e191ccc339515fb1fdf0a795a9b5fe86668ee4caf17916262ea6656a97,93000,1,UpdatePublished,"{'model_id': 'model_mnist_784_noniid', 'round': 10, 'ticket_id': 541, 'cid': 'sha256:ce02a0af8ae50635275458111ff1dcb4f5b65897cef83fe2064951ab79361de2'}",mock
0x259e3014624113d86763d52447039418614fae92fec307f7dbc218ce3289739c,86000,1,TicketReserved,"{'model_id': 'model_mnist_784_noniid', 'round': 10, 'ticket_id': 542, 'owner': 'acct_42'}",mock
0x114816452befb460cf149c0e3446e5c466ddb74cf8543140c5330b1a7b8f15f9,93000,1,UpdatePublished,"{'model_id': 'model_mnist_784_noniid', 'round': 10, 'ticket_id': 542, 'cid': 'sha256:80731eae024527cfc072f01eb0cada9378c37ba5c4fd7d6567f669c542b2b5be'}",mock
0xc9833e75de473968a92c236dd63a2d58d28ef4335df6b9a17606afdea9301f93,86000,1,TicketReserved,"{'model_id': 'model_mnist_784_noniid', 'round': 10, 'ticket_id': 543, 'owner': 'acct_43'}",mock
0x99ce2e690d5c2dfaeb5899ad530d75aa319a9e96c2d19704c5bf9d134de097eb,93000,1,UpdatePublished,"{'model_id': 'model_mnist_784_noniid', 'round': 10, 'ticket_id': 543, 'cid': 'sha256:66cb8228cea8772b259bd227d6964b25ff222d5e2560b90388f38334003f518c'}",mock
0xd71c18cd9cc8cad2ba9a4fed633ed0e9f399baa9651345ed612f76c9ed425c20,86000,1,TicketReserved,"{'model_id': 'model_mnist_784_noniid', 'round': 10, 'ticket_id': 544, 'owner': 'acct_44'}",mock
0x2f06e3cdb1250dd28046cd47e47ae07108b66c134ab66d20b55a857d950642c0,93000,1,UpdatePublished,"{'model_id': 'model_mnist_784_noniid', 'round': 10, 'ticket_id': 544, 'cid': 'sha256:c81f97934c2190a15bd014c6d2189b5d4af272af85912dfa0a4fb9b5a87ce2a1'}",mock
0x283ee33d5eaacd27e06cab2b63bc1127f840cc1caa6043a38b595964f371297e,86000,1,TicketReserved,"{'model_id': 'model_mnist_784_noniid', 'round': 10, 'ticket_id': 545, 'owner': 'acct_45'}",mock
0x41dc95a8053de7edb2a26278bbe5c9a5a0ed418de297a94378d673ffff258da5,93000,1,UpdatePublished,"{'model_id': 'model_mnist_784_noniid', 'round': 10, 'ticket_id': 545, 'cid': 'sha256:0465f240f72d6bfa52d2d94957ca91f8c1419f24d35302fddfb3a1982db73fc0'}",mock
0x3e70149b9fc8b18504071b9288a2752e32adb7057e90aad6c84ceb92c375da16,86000,1,TicketReserved,"{'model_id': 'model_mnist_784_noniid', 'round': 10, 'ticket_id': 546, 'owner': 'acct_46'}",mock
0xd5022bfaffbd5a7f50582290eda4466bae24008f9b785d1ece4d72c9e51a58b7,93000,1,UpdatePublished,"{'model_id': 'model_mnist_784_noniid', 'round': 10, 'ticket_id': 546, 'cid': 'sha256:1e404d7520fac0d54a906db17469ff53e0ceaeb38e718ff55487aa8c0cd172eb'}",mock
0x6aad107f8a7e398de9b7e7b1d98234d670d5aba68eaca20b10fa254f9bd81b11,86000,1,TicketReserved,"{'model_id': 'model_mnist_784_noniid', 'round': 10, 'ticket_id': 547, 'owner': 'acct_47'}",mock
0xa835ea1d5f7a072769117a2dd4742ecb4364e51e4d4677a4bcfff0c8d30031fb,93000,1,UpdatePublished,"{'model_id': 'model_mnist_784_noniid', 'round': 10, 'ticket_id': 547, 'cid': 'sha256:a451ebb4433ec6f87e0fb23d69b0e9d8336b1add1d760422609eaa710273b572'}",mock
0x92a603203e5abff3cb7a427c5122e25711920ad03ce903954b76822254f36896,86000,1,TicketReserved,"{'model_id': 'model_mnist_784_noniid', 'round': 10, 'ticket_id': 548, 'owner': 'acct_48'}",mock
0x95dd62fec618235a45c96ea66e621e22027346885c14c316e96b01e6138cd51e,93000,1,UpdatePublished,"{'model_id': 'model_mnist_784_noniid', 'round': 10, 'ticket_id': 548, 'cid': 'sha256:4d143d0a8aff1682b0e8029bf42319265b0eb880da83168bf34f391ab4e8d4e1'}",mock
0xd7d4935048c96f7a7778b75c41188ec147f7801e1ca1df8e9c44b1c4f4215c96,86000,1,TicketReserved,"{'model_id': 'model_mnist_784_noniid', 'round': 10, 'ticket_id': 549, 'owner': 'acct_49'}",mock
0x1b278d41c6d7c221b5b4a89a009ce75dbee1daefdbc6d5229dcae2502e3a4dbf,93000,1,UpdatePublished,"{'model_id': 'model_mnist_784_noniid', 'round': 10, 'ticket_id': 549, 'cid': 'sha256:d2769af286e6b0da6128704b05ab62d660eb4b3da8ab120a8bc0203033dea8dd'}",mock
0x848daebe089f6738a99d30a76619f98015e909be03ea763de950ece1dc0290a2,86000,1,TicketReserved,"{'model_id': 'model_mnist_784_noniid', 'round': 10, 'ticket_id': 550, 'owner': 'acct_50'}",mock
0xf6059015fef4888079674b31ce75c402a211834b225a42d93ff383c2c2cb22f3,93000,1,UpdatePublished,"{'model_id': 'model_mnist_784_noniid', 'round': 10, 'ticket_id': 550, 'cid': 'sha256:98f2f0cb6d7a377597ae7033e6dd75aa82000c77a28afad306f505bae7e1d699'}",mock
0xaece705f6dce493fdd289ac7dc18d51b9eff661b754a995b618753e8d64ef2aa,915000,1,RoundFinalized,"{'model_id': 'model_mnist_784_noniid', 'round': 10, 'included': 29, 'refunds': 50}",mock
0x536d8f5d4ff59526776a14afbd4e8d95244ae0d52c3d15b416b2f5635f17c48d,52000,1,RoundFunded,"{'model_id': 'model_mnist_784_noniid', 'amount_wei': 10000000000000000}",mock
0x002415f51041305e157c3cda22e7c80fe40d388014a2650089576447c3781b9d,86000,1,TicketReserved,"{'model_id': 'model_mnist_784_noniid', 'round': 11, 'ticket_id': 551, 'owner': 'acct_1'}",mock
0x8e149dbc6732ff16f9a0c71069f7828890428445eec60bd8090d4abf414b1464,93000,1,UpdatePublished,"{'model_id': 'model_mnist_784_noniid', 'round': 11, 'ticket_id': 551, 'cid': 'sha256:7d1bd41a9cf311e4aa8249aa4524fcc8dcadb8859cf5b3c4886af5ed52e941a7'}",mock
0xd59d725438062d511be603a5f4a14af4e07333122d72ffdcecac14185eeb87bd,86000,1,TicketReserved,"{'model_id': 'model_mnist_784_noniid', 'round': 11, 'ticket_id': 552, 'owner': 'acct_2'}",mock
0x71c18e0976aebf4b6af2ddd68d490f3de886db3ea96b6c934af9a0e384084fa1,93000,1,UpdatePublished,"{'model_id': 'model_mnist_784_noniid', 'round': 11, 'ticket_id': 552, 'cid': 'sha256:f4e55b11e561875b50c0b6963a69b2200aaa79ad8098d26e7d9804470aa75259'}",mock
0x2b41d42ed7e1491d43815b455f5d79b10984cd942bbc436329dc4cfbdfaa1d1e,86000,1,TicketReserved,"{'model_id': 'model_mnist_784_noniid', 'round': 11, 'ticket_id': 553, 'owner': 'acct_3'}",mock
0x972d5bdcb70d14e7f043277b15a9d04d6543a52ca4f5c853a403c0f3e244b947,93000,1,UpdatePublished,"{'model_id': 'model_mnist_784_noniid', 'round': 11, 'ticket_id': 553, 'cid': 'sha256:816d2c9dcb77a5a9d780c271fafa003bfb1438c98a94c2c319da3bfd8ac67a83'}",mock
0x2448857856bdbca0348073f5fb9c625ced7e2460ca54f84a37a81bac985c5823,86000,1,TicketReserved,"{'model_id': 'model_mnist_784_noniid', 'round': 11, 'ticket_id': 554, 'owner': 'acct_4'}",mock
0xdcb318d3511ca8a1c33122ed75670895fdf28bdd0ad39c6f105b197f39914019,93000,1,UpdatePublished,"{'model_id': 'model_mnist_784_noniid', 'round': 11, 'ticket_id': 554, 'cid': 'sha256:862aba5e7ebc8e6a796b8100c9405b80757f0dd738d191b7b0b4ce5d696fd3d8'}",mock
0xd51779fa4e29f4266d1c39519e02e53253fe60b3e2ebb2a28ccab3495c0b0649,86000,1,TicketReserved,"{'model_id': 'model_mnist_784_noniid', 'round': 11, 'ticket_id': 555, 'owner': 'acct_5'}",mock
0xa0f7fb299a072e4437e41def1b12395fd795941a2ae757d759e09998ee84acac,93000,1,UpdatePublished,"{'model_id': 'model_mnist_784_noniid', 'round': 11, 'ticket_id': 555, 'cid': 'sha256:d6214456a1a20eb149eb3ad9ee1553b0878656256d2ea5b82a1ee3897539ecc7'}",mock
0xf5078e52e05fb6026978e702a98d98a4bd0d1bfe749828ca96df51129f65dcec,86000,1,TicketReserved,"{'model_id': 'model_mnist_784_noniid', 'round': 11, 'ticket_id': 556, 'owner': 'acct_6'}",mock
0xc4fa6017169a9a856bcee6b055036ec4840952a2356d7fd619e93b9477c05a80,93000,1,UpdatePublished,"{'model_id': 'model_mnist_784_noniid', 'round': 11, 'ticket_id': 556, 'cid': 'sha256:2bd84161f2bfa06166bc282f7045e3675201e771d6c09760e149b13546996cbe'}",mock
0xbb30e187d30f3005cb1870ef8a75b080fa8cdf4f6b1fff9f39da98b8f5429933,86000,1,TicketReserved,"{'model_id': 'model_mnist_784_noniid', 'round': 11, 'ticket_id': 557, 'owner': 'acct_7'}",mock
0xe6eecb0519c96aeee2327e6737f0312ab7077b053c7c0a57c8f1de5387d542dc,93000,1,UpdatePublished,"{'model_id': 'model_mnist_784_noniid', 'round': 11, 'ticket_id': 557, 'cid': 'sha256:055d87bd1668bf4b63ebd543b5793244da0a099cea4fba66366f452349004c1f'}",mock
0xf62ce0cd415d03f4c058431fd54f575e66ad56779118fab95627478736a7d031,86000,1,TicketReserved,"{'model_id': 'model_mnist_784_noniid', 'round': 11, 'ticket_id': 558, 'owner': 'acct_8'}",mock
0x7874c6ed897477d124a1bcc051aa18a57e59f14a8781539b8ec998f5c80b2e14,93000,1,UpdatePublished,"{'model_id': 'model_mnist_784_noniid', 'round': 11, 'ticket_id': 558, 'cid': 'sha256:26c831fa3256768b142940be7a25fba20f645cba850f6469bcf86ec06613c60a'}",mock
0xec4a2922caa32420cb90aa3c9cdc71efd56d05abf595867240d96f0365f2bb51,86000,1,TicketReserved,"{'model_id': 'model_mnist_784_noniid', 'round': 11, 'ticket_id': 559, 'owner': 'acct_9'}",mock
0xbe00abcc74636e5a2f640785033b1943d75232db72e68dbc09d20ead3ac947f9,93000,1,UpdatePublished,"{'model_id': 'model_mnist_784_noniid', 'round': 11, 'ticket_id': 559, 'cid': 'sha256:3ce30c52f35850110272b38bec6d78c7f2a69d10acbbc4fc55894361146b9a19'}",mock
0x9a24f6d42b23be7f01192f0739048ebb189ca718b1aa4bf1cee955f690ec35b7,86000,1,TicketReserved,"{'model_id': 'model_mnist_784_noniid', 'round': 11, 'ticket_id': 560, 'owner': 'acct_10'}",mock
0x6be58974139655d4ab21d0d5b85b0f0da33adbe4c55e665fca9e4bc14f7388f7,93000,1,UpdatePublished,"{'model_id': 'model_mnist_784_noniid', 'round': 11, 'ticket_id': 560, 'cid': 'sha256:4c6a447fdeabbb9ffbcc8a5a467bc54dc7c5d632c7dc01052829227668cb8901'}",mock
0x539ea12aa3ee27d195c1bdf60f79e1929d5eacca29eaab93d21f17fc5d63126a,86000,1,TicketReserved,"{'model_id': 'model_mnist_784_noniid', 'round': 11, 'ticket_id': 561, 'owner': 'acct_11'}",mock
0x8e6b5a3a6e9b37e5deaa8fc2d1c894d7d172fef59ac56834a805f2703cb78a0b,93000,1,UpdatePublished,"{'model_id': 'model_mnist_784_noniid', 'round': 11, 'ticket_id': 561, 'cid': 'sha256:b6ca83625559a0c50b741e0b50060ae1f3e3ac567cb140aaec5b3634800a438a'}",mock
0xe299356fff3a8a2925a607afcbf25cb187ef7ae188eb1c84d9d4487f2148f93f,86000,1,TicketReserved,"{'model_id': 'model_mnist_784_noniid', 'round': 11, 'ticket_id': 562, 'owner': 'acct_12'}",mock
0x1168b96bd919bffe4fbfbbfed66ac068865d3abcd9bd9b9f1bc9a37fe03c77dd,93000,1,UpdatePublished,"{'model_id': 'model_mnist_784_noniid', 'round': 11, 'ticket_id': 562, 'cid': 'sha256:a6057a59409f652b1f64a6b71bd6a5cf2421200321ba04311fc9713f97fd7998'}",mock
0x6ae9612a3b6291aaa73fd3585d23290dc745b8f0cdb0e51239c24f2621d7a0c5,86000,1,TicketReserved,"{'model_id': 'model_mnist_784_noniid', 'round': 11, 'ticket_id': 563, 'owner': 'acct_13'}",mock
0xe93173a531f51fb0ca739a6560d622cfa6807540ee22d8b0b581c2a6dd6f1371,93000,1,UpdatePublished,"{'model_id': 'model_mnist_784_noniid', 'round': 11, 'ticket_id': 563, 'cid': 'sha256:79da3bcf95d65704175a40bf460e0040b5928a62da46c7c8509cd4e861258562'}",mock
0xbaf6839e3262d2a5707667afbcfa05a04da5857c4d7fa903cb8293fec7ddf682,86000,1,TicketReserved,"{'model_id': 'model_mnist_784_noniid', 'round': 11, 'ticket_id': 564, 'owner': 'acct_14'}",mock
0x2b295937eab72a1d1127d33a9accbc56220427e72b3b0f40b92f3f7871d41b18,93000,1,UpdatePublished,"{'model_id': 'model_mnist_784_noniid', 'round': 11, 'ticket_id': 564, 'cid': 'sha256:0fc8f07e8273e46c7e71014de658210314ddec97163535ce6f048f2909dc8dd6'}",mock
0xadb34e781abac1bb5c5d1e37fb5d9b6ccadeb543df53581394a3819dbd1201d6,86000,1,TicketReserved,"{'model_id': 'model_mnist_784_noniid', 'round': 11, 'ticket_id': 565, 'owner': 'acct_15'}",mock
0x34e7089729738d7d0b5c43275ef489865048ba8480f58c168ca9c02be9a820f7,93000,1,UpdatePublished,"{'model_id': 'model_mnist_784_noniid', 'round': 11, 'ticket_id': 565, 'cid': 'sha256:c444b8a21d2b7cc5a299c2b84ea47e549b36e6d49a7c7c79a9d3ea2bf04febf8'}",mock
0x38a2725349c97fc2528e38b98c50e57bdba0c16680da23abe5ab01a59e2f2584,86000,1,TicketReserved,"{'model_id': 'model_mnist_784_noniid', 'round': 11, 'ticket_id': 566, 'owner': 'acct_16'}",mock
0x9f79622b48666d124dce4569fbbcd521bf30e2bf511857473d4582aa86f4a28a,93000,1,UpdatePublished,"{'model_id': 'model_mnist_784_noniid', 'round': 11, 'ticket_id': 566, 'cid': 'sha256:a7bbd7431c4c5df541110ff1bbe3b92dbf1deabd43ec7a41666e843d9c6f8b0a'}",mock
0xececd2b28cb7482ae84b713b40de82245937788a53cd32efba59f110ba69dc58,86000,1,TicketReserved,"{'model_id': 'model_mnist_784_noniid', 'round': 11, 'ticket_id': 567, 'owner': 'acct_17'}",mock
0x59ccf3186b0b339f4135d142ae5e344db24259c2a848d3fe5250943ec0db34d3,93000,1,UpdatePublished,"{'model_id': 'model_mnist_784_noniid', 'round': 11, 'ticket_id': 567, 'cid': 'sha256:c98ddc7ae9950e07345fe9a506d372d1e58f32cb396969336f4ef0060cc0a362'}",mock
0xb6799a468b1a68489dbee2e9d339d0fa8ad18eee8e316ad10fff8bdb7fc69208,86000,1,TicketReserved,"{'model_id': 'model_mnist_784_noniid', 'round': 11, 'ticket_id': 568, 'owner': 'acct_18'}",mock
0x327a32203fb4e84610924e181a8fa56fdd761d6255b64bbccf834c1de9a2f7c8,93000,1,UpdatePublished,"{'model_id': 'model_mnist_784_noniid', 'round': 11, 'ticket_id': 568, 'cid': 'sha256:e3b3c883e88ba08dde43f9eb9a99b8c77259949d57c807f79dab8eaa3a386ab1'}",mock
0xe35bf58b581d836f04c9b95ec86c16f52ee4710bf792dc0535d63580306502b0,86000,1,TicketReserved,"{'model_id': 'model_mnist_784_noniid', 'round': 11, 'ticket_id': 569, 'owner': 'acct_19'}",mock
0x5cd2a5508b7a111b30cdff38bd9b1d3ca41cb3480623dec120e275b2068db3c7,93000,1,UpdatePublished,"{'model_id': 'model_mnist_784_noniid', 'round': 11, 'ticket_id': 569, 'cid': 'sha256:ae2e849fe2de1d37d0380cddb916aa9d2be6b4c196907ae90a9099eb4f5b1b11'}",mock
0x5b47c1e7d0c89e3484376f4448bc35c58aa01e89754784744c6f9bb28450e71f,86000,1,TicketReserved,"{'model_id': 'model_mnist_784_noniid', 'round': 11, 'ticket_id': 570, 'owner': 'acct_20'}",mock
0xf2af9fc8bfff81e8d8b346f44c58c68a41b11760ef217d0a6152ea748e79e634,93000,1,UpdatePublished,"{'model_id': 'model_mnist_784_noniid', 'round': 11, 'ticket_id': 570, 'cid': 'sha256:98ba0cdba0ab30bf62f575f708cc66a5e0d45d717de1fd9592b86906f6071204'}",mock
0x9ac8e1d8db1205a7e7d9e68310ea05c382219c58c6f40229a8e1de5db717d065,86000,1,TicketReserved,"{'model_id': 'model_mnist_784_noniid', 'round': 11, 'ticket_id': 571, 'owner': 'acct_21'}",mock
0xcb960c42e18770b39e933cd9108aa66514996a3c0b47da770d805950c9e4c792,93000,1,UpdatePublished,"{'model_id': 'model_mnist_784_noniid', 'round': 11, 'ticket_id': 571, 'cid': 'sha256:3cd39b2be18a230351dda9373cbfbf1f97d6e5a09378ee9517d96ba6225cdffc'}",mock
0x34f309a4795811cc68a7693b0f6a6318677ae5c4bf5b85a7a4d43c7ebf48cf07,86000,1,TicketReserved,"{'model_id': 'model_mnist_784_noniid', 'round': 11, 'ticket_id': 572, 'owner': 'acct_22'}",mock
0x9b57ba790a8e2fb7dd729ecb40a1c1efab10c27f1e25df180f7fc53a252f0d28,93000,1,UpdatePublished,"{'model_id': 'model_mnist_784_noniid', 'round': 11, 'ticket_id': 572, 'cid': 'sha256:9da00b71a02337c44079371af90feb9ead8cf618b7ca4aaf1343cfa0f39b29dd'}",mock
0x8f49dc11056213007b2d26cdba21a4168691de6877139a84a2caea915d312f72,86000,1,TicketReserved,"{'model_id': 'model_mnist_784_noniid', 'round': 11, 'ticket_id': 573, 'owner': 'acct_23'}",mock
0x4bd83adeed1d655099c15b79e27c9f3824740d001cda317bb058a6819ead7fd1,93000,1,UpdatePublished,"{'model_id': 'model_mnist_784_noniid', 'round': 11, 'ticket_id': 573, 'cid': 'sha256:228c9534d77855c34aa91b824d5364ac5d935eaa5e7b12691fdf38dff5a83782'}",mock
0x738093fa9b54bd4b6b661a3cdf8b5d38e1dde71853a5d0e3b255e0ebd0e57e96,86000,1,TicketReserved,"{'model_id': 'model_mnist_784_noniid', 'round': 11, 'ticket_id': 574, 'owner': 'acct_24'}",mock
0xfb07db5640ab7b60cffec3ac0c87336c0f4b2484bf8d5b140b23ae2b231327f6,93000,1,UpdatePublished,"{'model_id': 'model_mnist_784_noniid', 'round': 11, 'ticket_id': 574, 'cid': 'sha256:735774738096ee8373443471afdcb1bc447d58b4b521b238c470273a58cc9ec7'}",mock
0x9338b2e2b9573023b167200e6887886b1f1473f4d89c347c0d06ab10e4d082a7,86000,1,TicketReserved,"{'model_id': 'model_mnist_784_noniid', 'round': 11, 'ticket_id': 575, 'owner': 'acct_25'}",mock
0x7f0bcab7de947bcfdd9331a02a27a03f977fb7c3b7051c631c7361f2594f46f0,93000,1,UpdatePublished,"{'model_id': 'model_mnist_784_noniid', 'round': 11, 'ticket_id': 575, 'cid': 'sha256:17b69144bfb3072f17104803779a4011804a8221de0b83b7b716cc85c9f7a0c7'}",mock
0x55a57b28a16c50ec3f6e659bfbfdca7695a18e5965d349ca02d6c1e3257c782a,86000,1,TicketReserved,"{'model_id': 'model_mnist_784_noniid', 'round': 11, 'ticket_id': 576, 'owner': 'acct_26'}",mock
0x45459b7c6851137be2f0aec94cdefefed347409ddd05378d7454b8fbe75837da,93000,1,UpdatePublished,"{'model_id': 'model_mnist_784_noniid', 'round': 11, 'ticket_id': 576, 'cid': 'sha256:f620bf5886e866ece2f07295b4643694e3408d74eaf9119b2c26d78cf5080818'}",mock
0x017d0bf210ad2165da13871f2409a6e7485d1fd967d720b9e10ee775265a15b9,86000,1,TicketReserved,"{'model_id': 'model_mnist_784_noniid', 'round': 11, 'ticket_id': 577, 'owner': 'acct_27'}",mock
0x753f7965ceec67b66076e439663b7be4d014211bd308dfb7a40e67799fa49acc,93000,1,UpdatePublished,"{'model_id': 'model_mnist_784_noniid', 'round': 11, 'ticket_id': 577, 'cid': 'sha256:540446f3758a65f3a0f2ba8cd15840b1d6659942ecc494ddc01ed65747f3ce2b'}",mock
0x97dbd24330112e2f9c3717241b48b3ba9dd9c4670a40cc64b418c63a631dc8f4,86000,1,TicketReserved,"{'model_id': 'model_mnist_784_noniid', 'round': 11, 'ticket_id': 578, 'owner': 'acct_28'}",mock
0x9a911c80a4b65ec6bb1e6dc66cf00d5a27a18e8abbb0ff52bfdedb09ea387812,93000,1,UpdatePublished,"{'model_id': 'model_mnist_784_noniid', 'round': 11, 'ticket_id': 578, 'cid': 'sha256:4552a0155cd5b5e2714554eabd23912ccfa000e7c3bc3f3a934b9f5b1482cf4e'}",mock
0xd252ec5e0bfad401f41a4b279062188bb1d58fa31e8b827ebc172383eb48de87,86000,1,TicketReserved,"{'model_id': 'model_mnist_784_noniid', 'round': 11, 'ticket_id': 579, 'owner': 'acct_29'}",mock
0xfb409a83f638d642df6e5dede91e35b4fbf3159bcffad585bdc8999f7389a70e,93000,1,UpdatePublished,"{'model_id': 'model_mnist_784_noniid', 'round': 11, 'ticket_id': 579, 'cid': 'sha256:530e0308fcaf59756e2581da79edc1e99d80736ed21f91f7eba4b95f37082832'}",mock
0x511061fb450b6d0698e2a80f590ba2f990d976abeb3f34e4d83a019bddb2fdbb,86000,1,TicketReserved,"{'model_id': 'model_mnist_784_noniid', 'round': 11, 'ticket_id': 580, 'owner': 'acct_30'}",mock
0x8029a7280f7c3de1ad63f24757e065d490628a25af393682655774e8ffac7bd5,93000,1,UpdatePublished,"{'model_id': 'model_mnist_784_noniid', 'round': 11, 'ticket_id': 580, 'cid': 'sha256:e2e6b982f59bd828fc4938c3ddf868902df64a131f9c6998832b7f50956d3646'}",mock
0xa19a5d5a73f7ef9c794f19cb265ec9e38eb2261a5bcecd1d93fd53c56430220b,86000,1,TicketReserved,"{'model_id': 'model_mnist_784_noniid', 'round': 11, 'ticket_id': 581, 'owner': 'acct_31'}",mock
0xbf634ad2a6465ac23cf7813bb3ccfbfcb92ec9a903a9b45df104ef39f42912b5,93000,1,UpdatePublished,"{'model_id': 'model_mnist_784_noniid', 'round': 11, 'ticket_id': 581, 'cid': 'sha256:b37409f8f7b1370fda924cc1f67981ac6375506b438de80bb85f8e988774368e'}",mock
0x46ef136284eaa1a2cd7a05f3a2db785ede7fc5bcf4fbee90f4f5029411f6cdb9,86000,1,TicketReserved,"{'model_id': 'model_mnist_784_noniid', 'round': 11, 'ticket_id': 582, 'owner': 'acct_32'}",mock
0x670f4f2035c373aebab244be75ad28b9597829e4ac4261a3b05bdbd7629d4c96,93000,1,UpdatePublished,"{'model_id': 'model_mnist_784_noniid', 'round': 11, 'ticket_id': 582, 'cid': 'sha256:20a6ffa7f50b4bda5d73a0ccd8407e2546500e3255133d930f3cc97a7de5ddbc'}",mock
0xce93ece226b4f78d1aa376355c6076b44915626054ffa2da396683e8c206c8b1,86000,1,TicketReserved,"{'model_id': 'model_mnist_784_noniid', 'round': 11, 'ticket_id': 583, 'owner': 'acct_33'}",mock
0x09b91850d6bbe9c5ae3165a8d0d7ffedc7d4e0d6c58c4aca0d9b2ecff321303d,93000,1,UpdatePublished,"{'model_id': 'model_mnist_784_noniid', 'round': 11, 'ticket_id': 583, 'cid': 'sha256:7dfda6492bc256f76bc85e91d709bf9e402c13420ec26119ae94c029ee1bd036'}",mock
0x0e8df95d5b1b705fd64bb6a73ff035526a87b5866d65c8e9337c3f9437a33dd8,86000,1,TicketReserved,"{'model_id': 'model_mnist_784_noniid', 'round': 11, 'ticket_id': 584, 'owner': 'acct_34'}",mock
0x659138418655720701726119ffcf75d096318f40e36b58fd101cd2c0e561c20b,93000,1,UpdatePublished,"{'model_id': 'model_mnist_784_noniid', 'round': 11, 'ticket_id': 584, 'cid': 'sha256:96c9b97e94657e0239478832774af4ea2156f581e996ebc1d53e705d73cbd712'}",mock
0x8f083c5e8f7f8b0950f1ce4e48968b31ec4f908f5df5200030975582ef08d373,86000,1,TicketReserved,"{'model_id': 'model_mnist_784_noniid', 'round': 11, 'ticket_id': 585, 'owner': 'acct_35'}",mock
0xaeaab1ede9d3585701acd1da5beb7229eb1ff9c0c343e2708b2e2da456de26f9,93000,1,UpdatePublished,"{'model_id': 'model_mnist_784_noniid', 'round': 11, 'ticket_id': 585, 'cid': 'sha256:9a9cf8dcdf7df4cb611f9bc79c9c65c8dbcbd0567bcc83ebcbce2c7283f20dbf'}",mock
0x72030ee08606e4e2820e4f342c73dc9d60c87736b2d74d4267b22d0ebb9c1230,86000,1,TicketReserved,"{'model_id': 'model_mnist_784_noniid', 'round': 11, 'ticket_id': 586, 'owner': 'acct_36'}",mock
0xe476d06c8d7fa2bb6d779c2593674316ac196b1e818ecffc86abbcf9dc0168a8,93000,1,UpdatePublished,"{'model_id': 'model_mnist_784_noniid', 'round': 11, 'ticket_id': 586, 'cid': 'sha256:8d635400b6b33e58364d7b06e42906bc3d68f2763cc7e8b9c6af4751e2f35beb'}",mock
0x679e00b6f755614c0898545532cbdf88d7c689a36346111057528b2f4c313a12,86000,1,TicketReserved,"{'model_id': 'model_mnist_784_noniid', 'round': 11, 'ticket_id': 587, 'owner': 'acct_37'}",mock
0x3e1732cd7237ed9086cfa629e53bf3ad412840dd7fba525e7bc019c0b2337c30,93000,1,UpdatePublished,"{'model_id': 'model_mnist_784_noniid', 'round': 11, 'ticket_id': 587, 'cid': 'sha256:bc3e21aa771b8b3438d4ff1f5a24a6e091944411317ad33b2cb879c9ccb4ae4d'}",mock
0xf21a2b9289f3ffdc5eea63492301380a53f24f62b9db1a7613cca70d51ecb073,86000,1,TicketReserved,"{'model_id': 'model_mnist_784_noniid', 'round': 11, 'ticket_id': 588, 'owner': 'acct_38'}",mock
0x8f99de6f2e655324beb317ab6e3e987bcc767ba735b703ee1e448a2f3f092f2d,93000,1,UpdatePublished,"{'model_id': 'model_mnist_784_noniid', 'round': 11, 'ticket_id': 588, 'cid': 'sha256:6056cf172ddb4911b4a1f79c76730f84dbe591d9205d64b717894fda23fc9b79'}",mock
0x069a148978fbc50b6e9f0110fe6bbac385961cd4f8c49110e517896775cc2033,86000,1,TicketReserved,"{'model_id': 'model_mnist_784_noniid', 'round': 11, 'ticket_id': 589, 'owner': 'acct_39'}",mock
0xcfe509cb6db72cafcb02d930e3e2f6b0d350cebe9e20278f1f25e12fba81e48b,93000,1,UpdatePublished,"{'model_id': 'model_mnist_784_noniid', 'round': 11, 'ticket_id': 589, 'cid': 'sha256:f1d59692c5d7b203196a73956d32fdc9fc13b97c549579eba3a3e588771d70e3'}",mock
0x9a972ad7e540b28a4a0c8c8a43d1d4772649084908014bb953949add3a062ffc,86000,1,TicketReserved,"{'model_id': 'model_mnist_784_noniid', 'round': 11, 'ticket_id': 590, 'owner': 'acct_40'}",mock
0xc187ce33f97fed31849b634273f48850737533fa405f1ca1d7798e98c23eed09,93000,1,UpdatePublished,"{'model_id': 'model_mnist_784_noniid', 'round': 11, 'ticket_id': 590, 'cid': 'sha256:fc66b578042d834a70bbec238f9fef0bd98ed88f8d634621a723f7aaeaf58299'}",mock
0xc5e9e5ce09142e882121fcf535a0962fc81a584527e18d19aed3b04f4b3b3412,86000,1,TicketReserved,"{'model_id': 'model_mnist_784_noniid', 'round': 11, 'ticket_id': 591, 'owner': 'acct_41'}",mock
0x3da0987b6b745cba1514c4f8d2f0e0c8d7c99015a54b7b6d2fae734435b09699,93000,1,UpdatePublished,"{'model_id': 'model_mnist_784_noniid', 'round': 11, 'ticket_id': 591, 'cid': 'sha256:35c7ee9067d63381e5275d4c92adc15b954185a15f6220ba1b73af57c175f23b'}",mock
0x6dbfe4b7ade8b22993557d87d22ce5827c1d486405a42ac5f7d3d297aaca39af,86000,1,TicketReserved,"{'model_id': 'model_mnist_784_noniid', 'round': 11, 'ticket_id': 592, 'owner': 'acct_42'}",mock
0x64eec0f8a5811fb4be070ad8a659e8510f4bab987a35ca66f7b078bdfb0b03a1,93000,1,UpdatePublished,"{'model_id': 'model_mnist_784_noniid', 'round': 11, 'ticket_id': 592, 'cid': 'sha256:e011354126c05630486cca904ecb4f5a5c91ce278dd8ed3bac76075382dd6beb'}",mock
0x173303ada01a80fca697783fe5688df83f1115eb210b0ec74b1eeaeeb470c4ce,86000,1,TicketReserved,"{'model_id': 'model_mnist_784_noniid', 'round': 11, 'ticket_id': 593, 'owner': 'acct_43'}",mock
0xd919d6ab6f8696e3479a5199a64ef80ba200a707c134c7968ca3a9b78d8265ae,93000,1,UpdatePublished,"{'model_id': 'model_mnist_784_noniid', 'round': 11, 'ticket_id': 593, 'cid': 'sha256:309414ab75b6a9dfbb29a66b6bd3f6daa8c149b53900f9ca5b2c27757a4bd553'}",mock
0x58f263127293722851fc3746492fe65d271ca20a964fce481a19a633c3f68c02,86000,1,TicketReserved,"{'model_id': 'model_mnist_784_noniid', 'round': 11, 'ticket_id': 594, 'owner': 'acct_44'}",mock
0x33c6b6cc7a84a127ed1756aec840e650ff33229b4065b398e299e288040a7ca2,93000,1,UpdatePublished,"{'model_id': 'model_mnist_784_noniid', 'round': 11, 'ticket_id': 594, 'cid': 'sha256:e7854faf8b4ad20b17c8ce757006676f4dd9232060e85af8d7acdf96a7be84fd'}",mock
0x220798b60237a85ec27f120b7971f6bd886d8fe42a23a4a90845c0b3f270f3e1,86000,1,TicketReserved,"{'model_id': 'model_mnist_784_noniid', 'round': 11, 'ticket_id': 595, 'owner': 'acct_45'}",mock
0x795cbd1b1dbe7f33105f07d9ff5c076b3518a9ce8c9dc7537810ded027830593,93000,1,UpdatePublished,"{'model_id': 'model_mnist_784_noniid', 'round': 11, 'ticket_id': 595, 'cid': 'sha256:6cd1ddcc5cc828d76775a5ec28d0268aada5885e341c4fe75399faa1e00a2104'}",mock
0xedf9bc46af547e02b09dec14dbf5432427c38715b3cb9911818875606e0e8378,86000,1,TicketReserved,"{'model_id': 'model_mnist_784_noniid', 'round': 11, 'ticket_id': 596, 'owner': 'acct_46'}",mock
0x61e30acf886d0cf16f2194e825ee960d836419c661b3d07853e7c3952c3517a7,93000,1,UpdatePublished,"{'model_id': 'model_mnist_784_noniid', 'round': 11, 'ticket_id': 596, 'cid': 'sha256:17c1478a73c872af5d2d8c86afb5640da1eb080360f2d97267bcfd404741881c'}",mock
0x967b6835d9c2a574f0715c599da75f79a78395b5ae826d26d36c9cf84b6eedea,86000,1,TicketReserved,"{'model_id': 'model_mnist_784_noniid', 'round': 11, 'ticket_id': 597, 'owner': 'acct_47'}",mock
0xde3de26534d339972bf9d562c2c7de72c1db5c0b8e8d08bd6b5aa72d7901aeb2,93000,1,UpdatePublished,"{'model_id': 'model_mnist_784_noniid', 'round': 11, 'ticket_id': 597, 'cid': 'sha256:3ff8d558abc0a3c008df981bd24750f5300a0b82bbcffc74a05aee70f052feca'}",mock
0x20a2435c101884c3bd8d9279f141a13211f24a58a0194e1cf036df09c1066fbd,86000,1,TicketReserved,"{'model_id': 'model_mnist_784_noniid', 'round': 11, 'ticket_id': 598, 'owner': 'acct_48'}",mock
0xb4255ff0f15de0046808e3a2b4d66753f9a7486aeefd56ae507da55c9488d151,93000,1,UpdatePublished,"{'model_id': 'model_mnist_784_noniid', 'round': 11, 'ticket_id': 598, 'cid': 'sha256:790c54d2ca478f4752e1e1cf4a9409fa50a34115f8cd80843b0d48bcc957da4c'}",mock
0xa24a7ab8be64d108bc7f709d7f5ffbd7fed75c64cd387a32ed496750be08c0b1,86000,1,TicketReserved,"{'model_id': 'model_mnist_784_noniid', 'round': 11, 'ticket_id': 599, 'owner': 'acct_49'}",mock
0xc6bd3c52f0b05c62fd536f12d4e7a3cf73193dad54c8bba45c3e6a5ea245af5c,93000,1,UpdatePublished,"{'model_id': 'model_mnist_784_noniid', 'round': 11, 'ticket_id': 599, 'cid': 'sha256:917cdad9fe750006b39180031ed0a861d8595197e4fe202123015e145a0ca73b'}",mock
0x38e93639404e94ce67109570209c9d13a033d37f6f658193c1a578e108be5f1b,86000,1,TicketReserved,"{'model_id': 'model_mnist_784_noniid', 'round': 11, 'ticket_id': 600, 'owner': 'acct_50'}",mock
0xf8ff1a6fd6642ad01d7ff829f7ee4e2e043707816a1fd3d2dcfbecf11566e25f,93000,1,UpdatePublished,"{'model_id': 'model_mnist_784_noniid', 'round': 11, 'ticket_id': 600, 'cid': 'sha256:6b558acf5f4d2c0a23ab23984b72cc323cb8a748816dc7fb4b6524d3b120c0a4'}",mock
0x25f80feb0a50ab19f0f4ad90e982cb64b14b64d28352b3d6937afab165406e2e,885000,1,RoundFinalized,"{'model_id': 'model_mnist_784_noniid', 'round': 11, 'included': 26, 'refunds': 50}",mock
0x2b2b7ad9da06c19226f04a65de034d958f3c039b8f8e05fb7f1580f8a954c359,38000,1,Claimed,"{'model_id': 'model_mnist_784_noniid', 'account': 'acct_1', 'amount_wei': 13920283331921262}",mock
0x71be4cb53df76959a3058918bb73af1fe2aec2107fb4bebb932f7da22bf3a73b,38000,1,Claimed,"{'model_id': 'model_mnist_784_noniid', 'account': 'acct_2', 'amount_wei': 14376737796996418}",mock
0xa764392af3e07b0950aed04d01759eeeb65f2707155d8fbfafe6be53d52f8758,38000,1,Claimed,"{'model_id': 'model_mnist_784_noniid', 'account': 'acct_3', 'amount_wei': 15399726302743544}",mock
0x3e3840a0746026177210c5eee6e6f6538dbcaa9293f27cf73fad1a487ec86f77,38000,1,Claimed,"{'model_id': 'model_mnist_784_noniid', 'account': 'acct_4', 'amount_wei': 14678019848278470}",mock
0xefe6bc660b40e5edb58eb28f1d3a0982b0efd8422ff462dc64526ad6fae84245,38000,1,Claimed,"{'model_id': 'model_mnist_784_noniid', 'account': 'acct_5', 'amount_wei': 13878486048744668}",mock
0xa1075ad07b9ec9b19adcc5bbf30254b2d7be5f83eb79499816da96a537ae80e2,38000,1,Claimed,"{'model_id': 'model_mnist_784_noniid', 'account': 'acct_6', 'amount_wei': 13981336910216221}",mock
0x037cd0137dfe6f2b58164a96c269300629a2ce13350a0ddc5d0a9ac2fd52b14c,38000,1,Claimed,"{'model_id': 'model_mnist_784_noniid', 'account': 'acct_7', 'amount_wei': 14680044404182336}",mock
0x9c422b53ea8b3acaf0d35177cdbf2de0f45bc296493f2afc2704883eac482010,38000,1,Claimed,"{'model_id': 'model_mnist_784_noniid', 'account': 'acct_8', 'amount_wei': 15318141221158462}",mock
0x80f0f7f4f402a040bfde60527e1eeb4e4f00bfa5c5509c5271b6c25175a1c825,38000,1,Claimed,"{'model_id': 'model_mnist_784_noniid', 'account': 'acct_9', 'amount_wei': 14400013061650992}",mock
0x4f6bdca3d50682a5b19e06b621e9f9817eed4f61f551b4be9e7961a673171ba1,38000,1,Claimed,"{'model_id': 'model_mnist_784_noniid', 'account': 'acct_10', 'amount_wei': 14251607180486491}",mock
0xe085d6bfa6cd9575149d8b772f2d4b747636e8e3f8dcbf81fa27934cb562553e,38000,1,Claimed,"{'model_id': 'model_mnist_784_noniid', 'account': 'acct_11', 'amount_wei': 13680331163089785}",mock
0x13b7cb27148e7f02243608e02dfa53bb3e66a04bff42d1ff4e13910907424226,38000,1,Claimed,"{'model_id': 'model_mnist_784_noniid', 'account': 'acct_12', 'amount_wei': 13292997542997543}",mock
0x9ba214c019ab06438a6c4a565cccaf797e11bafdfe8b2f008ad7f783374fc773,38000,1,Claimed,"{'model_id': 'model_mnist_784_noniid', 'account': 'acct_13', 'amount_wei': 15024871990389232}",mock
0xe0aedb2cb217be9136659350f206fd625f6401319aaea678cd8e4923b37dffe0,38000,1,Claimed,"{'model_id': 'model_mnist_784_noniid', 'account': 'acct_14', 'amount_wei': 14055461779599710}",mock
0xcb674f6f8eee6bc7ad974325f7c73d019aceb821f9604c3a007fd93d32f25da8,38000,1,Claimed,"{'model_id': 'model_mnist_784_noniid', 'account': 'acct_15', 'amount_wei': 14092531342531343}",mock
0x42dad295fd6135d033e101207b1116cfbd1e9fcea6fc74f426173d3fc81d957d,38000,1,Claimed,"{'model_id': 'model_mnist_784_noniid', 'account': 'acct_16', 'amount_wei': 15439514101152033}",mock
0xbd781a049bf4d96d2de70ca567e89660e8935cec89ad38fa88b3c326d24b6361,38000,1,Claimed,"{'model_id': 'model_mnist_784_noniid', 'account': 'acct_17', 'amount_wei': 14628486048744668}",mock
0xaf6790a3c28d7cbd24c56c373e623a9c359459ee3671c71fe82319ecf4973600,38000,1,Claimed,"{'model_id': 'model_mnist_784_noniid', 'account': 'acct_18', 'amount_wei': 14376737796996419}",mock
0x452fce7d50f852b3022ac1e69dfe1608fd1b91359ab5c8f291a7533cd5332d8e,38000,1,Claimed,"{'model_id': 'model_mnist_784_noniid', 'account': 'acct_19', 'amount_wei': 14740389231768542}",mock
0x96f5032bccee91abb05ae2ae25d4e2ce0b7e4f7f8b21db0980dacc6d5488c051,38000,1,Claimed,"{'model_id': 'model_mnist_784_noniid', 'account': 'acct_20', 'amount_wei': 14742398716536647}",mock
0x7908d439323be44476394f3783eca706b62ff8d3a718eca1843e5540f587e9cb,38000,1,Claimed,"{'model_id': 'model_mnist_784_noniid', 'account': 'acct_21', 'amount_wei': 15369423272440514}",mock
0x7e40fdf5a454b4e12ad306a0d9c5ba8ad270dfab0329cec2655c38e9cf81b948,38000,1,Claimed,"{'model_id': 'model_mnist_784_noniid', 'account': 'acct_22', 'amount_wei': 14670283331921263}",mock
0x80905d4b38e13d240b238118e53dfe1698838d15b9535fcce42a17b1758e25f1,38000,1,Claimed,"{'model_id': 'model_mnist_784_noniid', 'account': 'acct_23', 'amount_wei': 13980628159507469}",mock
0xb3cab97a5cfa78ec561a85adf38d1c24fdaa8c8b4a8c2448be8fb06fc45a4c34,38000,1,Claimed,"{'model_id': 'model_mnist_784_noniid', 'account': 'acct_24', 'amount_wei': 14981050151308772}",mock
0x92ccc7ae39d8ac5e4daae4ec4e7c4512d6a6c1e06248c8d29feb8c04106a8728,38000,1,Claimed,"{'model_id': 'model_mnist_784_noniid', 'account': 'acct_25', 'amount_wei': 14628762352900283}",mock
0x611f74238c8d27dfa6ec67f6bfbb0b52925c23035851eb024f6ba2fec29972fa,38000,1,Claimed,"{'model_id': 'model_mnist_784_noniid', 'account': 'acct_26', 'amount_wei': 13670846394984325}",mock
0x0aa134d15a68dc8ce173415342dacfad1ab725c7e5a790d6340eb6fc8c73ec29,38000,1,Claimed,"{'model_id': 'model_mnist_784_noniid', 'account': 'acct_27', 'amount_wei': 14106035080173012}",mock
0xd3b76998834fa3e63739cfe075461abcfa35b075b0e88def5c4c6fb5de85f6be,38000,1,Claimed,"{'model_id': 'model_mnist_784_noniid', 'account': 'acct_28', 'amount_wei': 15054898716536648}",mock
0xb0f128144a490f326039948f30ae93b83fd42a0840f8303672a93d2be70c30d0,38000,1,Claimed,"{'model_id': 'model_mnist_784_noniid', 'account': 'acct_29', 'amount_wei': 15055607467245398}",mock
0x81aaf3d5b53c6a04308e8592467bc078737a01f2820813e0208b42fc7ea339ed,38000,1,Claimed,"{'model_id': 'model_mnist_784_noniid', 'account': 'acct_30', 'amount_wei': 14678019848278469}",mock
0x7173bbc4cba30f1fd9f907e4701b81190549e738ef7a77d0fb13e264cb9e7cbf,38000,1,Claimed,"{'model_id': 'model_mnist_784_noniid', 'account': 'acct_31', 'amount_wei': 14136785628164939}",mock
0xb5002dd89d3a595929db196845460cd466b4c742df484856dff29af2be2dde61,38000,1,Claimed,"{'model_id': 'model_mnist_784_noniid', 'account': 'acct_32', 'amount_wei': 15127446547705170}",mock
0x9bc27b71632e73a26132639a7412371923747d504dc632d4c4e7addf97708b6c,38000,1,Claimed,"{'model_id': 'model_mnist_784_noniid', 'account': 'acct_33', 'amount_wei': 14022701746839678}",mock
0x57ec500368de29b1d2ca647c54be3f015904f0a04f850298dabbb7f7ef5da1d6,38000,1,Claimed,"{'model_id': 'model_mnist_784_noniid', 'account': 'acct_34', 'amount_wei': 12918128159507470}",mock
0x381d27cd9f75da3acb5998419fb6b464a8734d5bbdb2b7056130d045e1b060a7,38000,1,Claimed,"{'model_id': 'model_mnist_784_noniid', 'account': 'acct_35', 'amount_wei': 14102001039501040}",mock
0x330f81b4bab323f1a4a1a70edac41a8323b1aa34bb2d7f024d8e42114f463d7c,38000,1,Claimed,"{'model_id': 'model_mnist_784_noniid', 'account': 'acct_36', 'amount_wei': 14253616665254595}",mock
0x05189276bfa6b9a56d2cc85d776ca336993ef7995a3ce8f45545f20dd7033db6,38000,1,Claimed,"{'model_id': 'model_mnist_784_noniid', 'account': 'acct_37', 'amount_wei': 13575455745714366}",mock
0xcd378f86826cf2332f534ef1d06973d8c577519b4af58ace33e47896aa28cf3c,38000,1,Claimed,"{'model_id': 'model_mnist_784_noniid', 'account': 'acct_38', 'amount_wei': 13607783331921262}",mock
0xf9597683ef828eb2d9b5372f66ae5779b2bba6b34c7892874d9a503a64fe6fbe,38000,1,Claimed,"{'model_id': 'model_mnist_784_noniid', 'account': 'acct_39', 'amount_wei': 15013101433360054}",mock
0xa90d88460239ad069187e4979182f1093f143fbda810fbbd7e7690b6cd1e8a38,38000,1,Claimed,"{'model_id': 'model_mnist_784_noniid', 'account': 'acct_40', 'amount_wei': 14901474554491795}",mock
0xa87d81c8e07d1db6993bc52e35785ddb3b989b9455d02d02786bf7c854e5ada0,38000,1,Claimed,"{'model_id': 'model_mnist_784_noniid', 'account': 'acct_41', 'amount_wei': 13648003576882888}",mock
0xaa8170ad9a3a68d39104145f98f8d9c7c146d1d5c42e7cb75d5eb016db2108ba,38000,1,Claimed,"{'model_id': 'model_mnist_784_noniid', 'account': 'acct_42', 'amount_wei': 13771385941644562}",mock
0x1ac2e2be0cf2a26c3b06722bc2bce78ce33e78f28f34284f5fc8a06f148e2d7a,38000,1,Claimed,"{'model_id': 'model_mnist_784_noniid', 'account': 'acct_43', 'amount_wei': 14178582911341533}",mock
0x547da0cbe4312330c617c0eb6c00ed644910cb0b6b77a5769fb8efa840554080,38000,1,Claimed,"{'model_id': 'model_mnist_784_noniid', 'account': 'acct_44', 'amount_wei': 14941262352900284}",mock
0x42e97c41ada314362e9d68a43bb6da221f92a803dfaa02c6df2149233c940a71,38000,1,Claimed,"{'model_id': 'model_mnist_784_noniid', 'account': 'acct_45', 'amount_wei': 14376737796996418}",mock
0x1ec1c8da44c890fdbe4a9234e1a12777845f6b6b29c42c99c231d563798022d1,38000,1,Claimed,"{'model_id': 'model_mnist_784_noniid', 'account': 'acct_46', 'amount_wei': 13386770557029178}",mock
0x1ac538cc090ae306d1a165cfbdcd1d2abfe70938c75f7c40ee458fec8f6554ca,38000,1,Claimed,"{'model_id': 'model_mnist_784_noniid', 'account': 'acct_47', 'amount_wei': 15136483798121729}",mock
0x06db950956db6df5c7a1d669fbbf8162548d3b34be0bbaec9d18382ab4110097,38000,1,Claimed,"{'model_id': 'model_mnist_784_noniid', 'account': 'acct_48', 'amount_wei': 15013101433360054}",mock
0xc646afc53322a7f755e8fda98bc19276072e808d0dcc61ee289130660f22eb4a,38000,1,Claimed,"{'model_id': 'model_mnist_784_noniid', 'account': 'acct_49', 'amount_wei': 14358492082630013}",mock
0x202a3a2e7548102fa4c98cdfdfb9586721a258b3e6b3c2ba57fb9a16dd22631b,38000,1,Claimed,"{'model_id': 'model_mnist_784_noniid', 'account': 'acct_50', 'amount_wei': 14377014101152033}",mock
