tx,gas_used,status,event,data,backend
0x91b73c31c4e8dcd237639b66130d50c4ed4e9af9142fd3163a75a96e1e7fc17a,145000,1,ListingCreated,"{'model_id': 'model_mnist_784_noniid', 'init_cid': 'sha256:cb7d3ccc7dd70433374c8f12d7627b07efdac9b356eafb08f03b2296ce9b3a75'}",mock
0xbcc82c1a94a9eb737f316bda0d37a2f10f6524658549d97362c789af5bdd3944,52000,1,RoundFunded,"{'model_id': 'model_mnist_784_noniid', 'amount_wei': 10000000000000000}",mock
0x56de5d0aaffb782f2515a3f28de122d0f879f475684d7e1086d645c0ac382fe5,86000,1,TicketReserved,"{'model_id': 'model_mnist_784_noniid', 'round': 0, 'ticket_id': 1, 'owner': 'acct_1'}",mock
0x706f96e63412ef78bcf360bf24f383cb2cf6d6f98c20005d3d6d4a2541f2f661,93000,1,UpdatePublished,"{'model_id': 'model_mnist_784_noniid', 'round': 0, 'ticket_id': 1, 'cid': 'sha256:f1f6e39811f7a9838da33474a0b67049cd9f5a9bd549c7e91782a5e59a54f9b5'}",mock
0x98f417c27981aadb52337c5c01b04d67258b74be09756b7613c1f98e001de5bc,86000,1,TicketReserved,"{'model_id': 'model_mnist_784_noniid', 'round': 0, 'ticket_id': 2, 'owner': 'acct_2'}",mock
0xcf35c48cad0a1e7422b1aca99745620905ec42f4e62cf0ca6c91e9e74084ab7f,93000,1,UpdatePublished,"{'model_id': 'model_mnist_784_noniid', 'round': 0, 'ticket_id': 2, 'cid': 'sha256:e96c5b826287d5a664bf70dcb8aaae010619fa5a24673c02675f8583f348b31b'}",mock
0x16ad0475fa80b96c08a184c1a5e1081b2eeeeeff602eda1cfcb58b2846a68706,86000,1,TicketReserved,"{'model_id': 'model_mnist_784_noniid', 'round': 0, 'ticket_id': 3, 'owner': 'acct_3'}",mock
0xffebcd7984c5b480620cfcbedf2e3333fc8a9df81ca66af29186978aa09fed6b,93000,1,UpdatePublished,"{'model_id': 'model_mnist_784_noniid', 'round': 0, 'ticket_id': 3, 'cid': 'sha256:defd857d39135972f4ab7fa15bed551f6a08d4ae1e99957bf915a27a9a8af5c4'}",mock
0xb124742304b2ee9f1e057deb220a654d65bf1b1734a829ce56b6329edca7dee2,86000,1,TicketReserved,"{'model_id': 'model_mnist_784_noniid', 'round': 0, 'ticket_id': 4, 'owner': 'acct_4'}",mock
0x1be64fd1f7496a2b3194c4e96cf1f2376fda32a48ee2ac4386a216e1b42e1e22,93000,1,UpdatePublished,"{'model_id': 'model_mnist_784_noniid', 'round': 0, 'ticket_id': 4, 'cid': 'sha256:0e1291a6964687e236f251f387f988b6b843e8d7f7e8b3c09454321c62c45499'}",mock
0x867a272bac6c0cb69eb6995e816bf8044b030d706735039f08bf93cfa9235079,86000,1,TicketReserved,"{'model_id': 'model_mnist_784_noniid', 'round': 0, 'ticket_id': 5, 'owner': 'acct_5'}",mock
0x10422b60af829ad22a55d7850fbb55e97486e607ae9ed71bd9163a9d3fd9ef64,93000,1,UpdatePublished,"{'model_id': 'model_mnist_784_noniid', 'round': 0, 'ticket_id': 5, 'cid': 'sha256:231926aacc4b5f7483d53b4f26dd28209e1880d600b6f7da03322cb453c88681'}",mock
0xbaa83c9f322e5fb44f9353acc9597c73afacbac39af8217f9f10aa2a9eb2ac15,86000,1,TicketReserved,"{'model_id': 'model_mnist_784_noniid', 'round': 0, 'ticket_id': 6, 'owner': 'acct_6'}",mock
0x89e88a2ce7483577b3f616f2f170519f36439d6ca7be1109c94c395993d80c85,93000,1,UpdatePublished,"{'model_id': 'model_mnist_784_noniid', 'round': 0, 'ticket_id': 6, 'cid': 'sha256:4e2b639b4748bc9fd9d124959d418c6316023ac58199a728ea62962d24428d38'}",mock
0x9297619a5cda300ed034829bdc0829342a50955c2179064c13156a6628ba4928,86000,1,TicketReserved,"{'model_id': 'model_mnist_784_noniid', 'round': 0, 'ticket_id': 7, 'owner': 'acct_7'}",mock
0x9d29afba80310ed2d551ae45d8e9c242e394b48611b9d8ef53bdbfe84dcf4621,93000,1,UpdatePublished,"{'model_id': 'model_mnist_784_noniid', 'round': 0, 'ticket_id': 7, 'cid': 'sha256:63b4beb176e606cf2c0353713e720762aa69b29cec2b9f1abdb7366000b511d0'}",mock
0xe16252aaef42f14006135fcc8415a0fd2c49a688bd79b23b7c46b852aeabe31b,86000,1,TicketReserved,"{'model_id': 'model_mnist_784_noniid', 'round': 0, 'ticket_id': 8, 'owner': 'acct_8'}",mock
0x743e9177a03cc7e33f421cd2e2bce56f4ee728638a7455dda38f918e6a6b348c,93000,1,UpdatePublished,"{'model_id': 'model_mnist_784_noniid', 'round': 0, 'ticket_id': 8, 'cid': 'sha256:68dcd4329880966e8428b5a1cfc256dea77d8e94cc21460db7d4a8c8ab492dbf'}",mock
0x58496763de3fd1fc7196101d614e1919f4bb13713d8a00040274b8b634639126,86000,1,TicketReserved,"{'model_id': 'model_mnist_784_noniid', 'round': 0, 'ticket_id': 9, 'owner': 'acct_9'}",mock
0x37566d55b4813ae410a0d41bdb27afc649fdbff052744bfedcf8912ca8bbf34e,93000,1,UpdatePublished,"{'model_id': 'model_mnist_784_noniid', 'round': 0, 'ticket_id': 9, 'cid': 'sha256:c9be548f50fc374ae0647a629accdee5a9df583d3f00fe88a8f5607f49ea2d76'}",mock
0x55604b9dd8aed0da9a6a5cb4a8b85043b140a9a85f21804c5701054226f2c0be,86000,1,TicketReserved,"{'model_id': 'model_mnist_784_noniid', 'round': 0, 'ticket_id': 10, 'owner': 'acct_10'}",mock
0xdc02f732f4b5ba2df956fa58adda540865ce1530efb5720618d390d589ed585a,93000,1,UpdatePublished,"{'model_id': 'model_mnist_784_noniid', 'round': 0, 'ticket_id': 10, 'cid': 'sha256:1fac80f88b2f380f92ce857d415c1959839eba5b143df33d8e2a102eaf5c5f9e'}",mock
0x4298e397b5de4359f52a18e92ba392b4c2f2d161348a0d56e5b00cbd8544ac8d,86000,1,TicketReserved,"{'model_id': 'model_mnist_784_noniid', 'round': 0, 'ticket_id': 11, 'owner': 'acct_11'}",mock
0x0df8f91e6a1504ea602a319116fffacb1e81e28dea463ab0869d157bc7d03892,93000,1,UpdatePublished,"{'model_id': 'model_mnist_784_noniid', 'round': 0, 'ticket_id': 11, 'cid': 'sha256:076c75b37e2a97945480e11a11fe23c0023451f9dedc41864429373b4a7fa227'}",mock
0xd610f183ce7b57ed2fc6bd5713c108d3882bbceb982963b0ade812f5efca8624,86000,1,TicketReserved,"{'model_id': 'model_mnist_784_noniid', 'round': 0, 'ticket_id': 12, 'owner': 'acct_12'}",mock
0xe2b0e53b246410eb16ffce6bef711b3d3a1336de8558b64455e70a71c6293283,93000,1,UpdatePublished,"{'model_id': 'model_mnist_784_noniid', 'round': 0, 'ticket_id': 12, 'cid': 'sha256:58d1a16acf720b16990ebba7ea68b354ece4b74f2fbe60c440dce10ff3f0a58d'}",mock
0x08dbeabd3d59f480ebce0f46b8957daa985d1719a561338958e6107eaeec1383,86000,1,TicketReserved,"{'model_id': 'model_mnist_784_noniid', 'round': 0, 'ticket_id': 13, 'owner': 'acct_13'}",mock
0x547cdc5a34aa7cfa09c7d4ee67a9b07e772d90823aff29a6dda688ac74b65802,93000,1,UpdatePublished,"{'model_id': 'model_mnist_784_noniid', 'round': 0, 'ticket_id': 13, 'cid': 'sha256:4f986f9fa251ad33e898303a84063959c032c17cd49c0c706417f515ac852a1f'}",mock
0x19250601c2a6931f9d99f899a3c6f0eb260c7d5459e68c065c2a7ada8b1c6c6a,86000,1,TicketReserved,"{'model_id': 'model_mnist_784_noniid', 'round': 0, 'ticket_id': 14, 'owner': 'acct_14'}",mock
0xdedcce0c2e7838ef62409e42bc3f8f0dd292dd09bebb21f4e05b6f26e92e0694,93000,1,UpdatePublished,"{'model_id': 'model_mnist_784_noniid', 'round': 0, 'ticket_id': 14, 'cid': 'sha256:ffd3b56b47a3eb34079aa9a82afe83de7a5369e49748f19bd58f994ecb1fb00e'}",mock
0x5d13de7b792d93c950a8d76aed191336f8429c424bf7ac3aaa62011527dc4df2,86000,1,TicketReserved,"{'model_id': 'model_mnist_784_noniid', 'round': 0, 'ticket_id': 15, 'owner': 'acct_15'}",mock
0x0d51355277a65aae2ac03607e56a62cf970b35fd71c83e093a74c4f1ec1dac59,93000,1,UpdatePublished,"{'model_id': 'model_mnist_784_noniid', 'round': 0, 'ticket_id': 15, 'cid': 'sha256:ff37e9d0663b6a17951634cc4bff065a328ee8ef78bb743e52ff4079a5e3a35c'}",mock
0xc9de863883afdd3564d39ad72f165e14d9712214c27a3bc5635ff2894e672fbf,86000,1,TicketReserved,"{'model_id': 'model_mnist_784_noniid', 'round': 0, 'ticket_id': 16, 'owner': 'acct_16'}",mock
0x918c4a9a12ab7de0ddc5394df1ea8107c411d1a514c5e2ee851819a0f967da5c,93000,1,UpdatePublished,"{'model_id': 'model_mnist_784_noniid', 'round': 0, 'ticket_id': 16, 'cid': 'sha256:66e71f57cb84970b4637a426be0837fbe68f2c846c4ba9ae208b25e898777a9a'}",mock
0xa74fd0054fb3c56b39b7d6c54a1394a470d5c34b6249d1429bc2647bc94fd1cc,86000,1,TicketReserved,"{'model_id': 'model_mnist_784_noniid', 'round': 0, 'ticket_id': 17, 'owner': 'acct_17'}",mock
0x787fe12eba385baaeb24909930d029e1ef9f3379e080d3abadc2bada38a85702,93000,1,UpdatePublished,"{'model_id': 'model_mnist_784_noniid', 'round': 0, 'ticket_id': 17, 'cid': 'sha256:19841a86532977e4c0d3f777017be9ca9bab295a9b89b7072b0e10c2f3f28acf'}",mock
0x0924c61d1a8940f8c065cc322880778e73828712a937ba49e5d7852f38c75be9,86000,1,TicketReserved,"{'model_id': 'model_mnist_784_noniid', 'round': 0, 'ticket_id': 18, 'owner': 'acct_18'}",mock
0xf5f42d66a647c314d5babba3e9a58624e0f691f56c00e37205613d7f6c0a8761,93000,1,UpdatePublished,"{'model_id': 'model_mnist_784_noniid', 'round': 0, 'ticket_id': 18, 'cid': 'sha256:90e435342909341705ed14f8a817445c34cddb65f74457d534eed7f7bc4484cd'}",mock
0x2c54f930d3ac15a6b2117441b923eb90060304f2cd8c5f1db5f462ef16300acb,86000,1,TicketReserved,"{'model_id': 'model_mnist_784_noniid', 'round': 0, 'ticket_id': 19, 'owner': 'acct_19'}",mock
0x6cff528f7360d1aef8f6846faac415d930053824742a9c3a7097cf3f2b1962d3,93000,1,UpdatePublished,"{'model_id': 'model_mnist_784_noniid', 'round': 0, 'ticket_id': 19, 'cid': 'sha256:8c928d5db04f420d0e2c706ce0eb54d0df117293a849815ae3dd65a393ee62c1'}",mock
0x58527fcd130cc70e2cdca042deaa73a8b944ddb7794b5f9035a44d0506897544,86000,1,TicketReserved,"{'model_id': 'model_mnist_784_noniid', 'round': 0, 'ticket_id': 20, 'owner': 'acct_20'}",mock
0xca838384fb5b26ce9a358961d9cf21cd732e6c91ca19637c3a06b2e66883a319,93000,1,UpdatePublished,"{'model_id': 'model_mnist_784_noniid', 'round': 0, 'ticket_id': 20, 'cid': 'sha256:2e3c0fbb13d51a5e550a86125904e9ef1ca7f9d0c4356adc8af296edea201655'}",mock
0xadf22da06421dc3eed046f970cc90a1fb596168deec507148b8cebd60c791765,86000,1,TicketReserved,"{'model_id': 'model_mnist_784_noniid', 'round': 0, 'ticket_id': 21, 'owner': 'acct_21'}",mock
0xa9f7e4d1c4f846b478ce9e14ecb81312ea8156bb028983a0418c691d6277abeb,93000,1,UpdatePublished,"{'model_id': 'model_mnist_784_noniid', 'round': 0, 'ticket_id': 21, 'cid': 'sha256:37713e590b5e63661c78fc4ee9cd68c936f765652aecc6b2d74679eee1de6306'}",mock
0x8acfff3681ee93e7c5c2cc8aae181f37bbeb37f1f863ac852176ab2b7711dbfe,86000,1,TicketReserved,"{'model_id': 'model_mnist_784_noniid', 'round': 0, 'ticket_id': 22, 'owner': 'acct_22'}",mock
0xa742400a5f76a8da8c80edf2a50438af6ee33e7febcc27a59de25c62a16ad737,93000,1,UpdatePublished,"{'model_id': 'model_mnist_784_noniid', 'round': 0, 'ticket_id': 22, 'cid': 'sha256:7fe9fc309574aaa26346194c65c3dcebd0e88247d6e223a2d870afccb7abddcf'}",mock
0xe1ce51d1b9e7bfcc672301a3244b70f7da755d8e67596d12e5e08d987a7b3445,86000,1,TicketReserved,"{'model_id': 'model_mnist_784_noniid', 'round': 0, 'ticket_id': 23, 'owner': 'acct_23'}",mock
0xec1ffc65409d6d9cf657e40ba245e2df075d71feb66072af8ddd3bc0cc6e3396,93000,1,UpdatePublished,"{'model_id': 'model_mnist_784_noniid', 'round': 0, 'ticket_id': 23, 'cid': 'sha256:2a442c97d2f3ce0e4434765991bc0d19846713cb567ebf128ffe948127544f2b'}",mock
0xcac21b64df2e93b9458d8b27714560d191b42fbdd3215b802197e777b927813c,86000,1,TicketReserved,"{'model_id': 'model_mnist_784_noniid', 'round': 0, 'ticket_id': 24, 'owner': 'acct_24'}",mock
0x4b8f4ec14be9c4c62bd8475b466aff8b557194a04d19fee17a9c830b1c7ced79,93000,1,UpdatePublished,"{'model_id': 'model_mnist_784_noniid', 'round': 0, 'ticket_id': 24, 'cid': 'sha256:98c2142a310438171750074d956a195582a3cb3b5bfbfacd1769dea0c7778c91'}",mock
0x2aeb38b5fc5e49b75266caa6a6048e2d6eacc67edd3db7960fa7078701fbc152,86000,1,TicketReserved,"{'model_id': 'model_mnist_784_noniid', 'round': 0, 'ticket_id': 25, 'owner': 'acct_25'}",mock
0x9b1b838330869f30b330b8d7e423d16fee11c658856fa572fb1304593e701800,93000,1,UpdatePublished,"{'model_id': 'model_mnist_784_noniid', 'round': 0, 'ticket_id': 25, 'cid': 'sha256:c06b9ee14915df41de1c5c6c8e98adc24fe17d8d84e09950f924318026d3f229'}",mock
0x62c1581a694fa09333038d9ea3b0b1ef3e74d7c5058f2c428d750acde427fff7,86000,1,TicketReserved,"{'model_id': 'model_mnist_784_noniid', 'round': 0, 'ticket_id': 26, 'owner': 'acct_26'}",mock
0x6dba1293d32d21dbd19bc53546bc5c6ea839dd229449af78bf07e0f6c634594a,93000,1,UpdatePublished,"{'model_id': 'model_mnist_784_noniid', 'round': 0, 'ticket_id': 26, 'cid': 'sha256:4160531767e8d9c312ad08d0f8c23c0ff6b44ea12c9f5b4c5331450b31b2139e'}",mock
0xfeeedab3f52578c0a0f015632c4038842f28214580f5b39fec08ebeced7c2efa,86000,1,TicketReserved,"{'model_id': 'model_mnist_784_noniid', 'round': 0, 'ticket_id': 27, 'owner': 'acct_27'}",mock
0x4e7f45a0bf08e2ffc54eb860ded90f52ea0bbc1eb4da3381813ff974e4a26802,93000,1,UpdatePublished,"{'model_id': 'model_mnist_784_noniid', 'round': 0, 'ticket_id': 27, 'cid': 'sha256:5c574ec4488b48e506994fc2e6b4b43d9e99f79ff4533c0018f0a203c1cd01ff'}",mock
0xcbc60507315cd1296a60a632e1c6ac8582b94bfa0a2f61ce1f370f5ac04672e5,86000,1,TicketReserved,"{'model_id': 'model_mnist_784_noniid', 'round': 0, 'ticket_id': 28, 'owner': 'acct_28'}",mock
0xbf5ae477e8f7dc6459e88e322e10801cc64f30c9f7588c666b4e866a7c6c2aa3,93000,1,UpdatePublished,"{'model_id': 'model_mnist_784_noniid', 'round': 0, 'ticket_id': 28, 'cid': 'sha256:6edb9ac650ea8d5b0e4f24dadd7edbc89a0287eddca3faceb625509a2c219b81'}",mock
0x38ed7c4753f50f61538c61c6a01aa42c5ff04b9b12fae305593f701e4909e032,86000,1,TicketReserved,"{'model_id': 'model_mnist_784_noniid', 'round': 0, 'ticket_id': 29, 'owner': 'acct_29'}",mock
0x67c26da30c858808c2572320b54d08c72f494501204e11cef95568df9909a596,93000,1,UpdatePublished,"{'model_id': 'model_mnist_784_noniid', 'round': 0, 'ticket_id': 29, 'cid': 'sha256:79e31f32647c3116344feb1be7ac64a167ef52181399cf22e6109ee25796003d'}",mock
0xd1785e58c76de358ea6b36f67ff6f500e9ec060598f7f5ea2421c7f972f66807,86000,1,TicketReserved,"{'model_id': 'model_mnist_784_noniid', 'round': 0, 'ticket_id': 30, 'owner': 'acct_30'}",mock
0x956c40ffb2c79719e52c2b4179495c2cf7e0057d30be824c4b3d89c166112549,93000,1,UpdatePublished,"{'model_id': 'model_mnist_784_noniid', 'round': 0, 'ticket_id': 30, 'cid': 'sha256:dd6b860d5beb6e564ba8af8dce9e24da647808f5df72d30c9b4c779ea51e5d6b'}",mock
0xaa5d17e8538988a5ed6a7ecf5104851b01e280088269066663b68d8dc6d43dd3,86000,1,TicketReserved,"{'model_id': 'model_mnist_784_noniid', 'round': 0, 'ticket_id': 31, 'owner': 'acct_31'}",mock
0x88f696f744db7810fdf587ff80fab87f7df2d2303c5849cd99dd2de25ef9979f,93000,1,UpdatePublished,"{'model_id': 'model_mnist_784_noniid', 'round': 0, 'ticket_id': 31, 'cid': 'sha256:0168d88037c528dbcbbb1daf0b6f8eccfba6111f65ec2f9e8e6d2103f0aa925d'}",mock
0x80cdfc217329759921846c0a8364c21900e1c58d09b0945263682a5abec48aff,86000,1,TicketReserved,"{'model_id': 'model_mnist_784_noniid', 'round': 0, 'ticket_id': 32, 'owner': 'acct_32'}",mock
0xf7d53eedbaf72f557a6cb740ec739ab86fc5752e317dc76e92a6bc4895f98f51,93000,1,UpdatePublished,"{'model_id': 'model_mnist_784_noniid', 'round': 0, 'ticket_id': 32, 'cid': 'sha256:570fd38f4a4ca7a9d4361618bd4a71a1619f0062a3e8ae9e2c2e256e5df525a0'}",mock
0xe09fff2ee4df33727c3b7aa70238931ae3d9bfd03620e639ed6753c5a4f4709c,86000,1,TicketReserved,"{'model_id': 'model_mnist_784_noniid', 'round': 0, 'ticket_id': 33, 'owner': 'acct_33'}",mock
0xec0769627e4a50c75bfd21bc63c6b35d7a53fa928df1e028ee06dfe0d20c3301,93000,1,UpdatePublished,"{'model_id': 'model_mnist_784_noniid', 'round': 0, 'ticket_id': 33, 'cid': 'sha256:8beba18d9914f3e3435158fb25c7004a1e775c00584548bfc5246deda4519a15'}",mock
0xbf113b600ba237869aae560d327b0f2fb8cae854412c3d7c0387c76d4e550a2b,86000,1,TicketReserved,"{'model_id': 'model_mnist_784_noniid', 'round': 0, 'ticket_id': 34, 'owner': 'acct_34'}",mock
0x259df2eb5fe65ff08166f4776e2d9a9d1e0e59bc8d2349f86960330cdf0cb3b1,93000,1,UpdatePublished,"{'model_id': 'model_mnist_784_noniid', 'round': 0, 'ticket_id': 34, 'cid': 'sha256:8f36185cedf5c37160764d5eed95a918740f1b419fcd3e68d641eb54a3ea809f'}",mock
0x13df0a6317139d995ca8008e8920e28a8f4a050a6b457fcc7367c1750d935471,86000,1,TicketReserved,"{'model_id': 'model_mnist_784_noniid', 'round': 0, 'ticket_id': 35, 'owner': 'acct_35'}",mock
0xdee6a673b3ee0fd275a4432e67691ab39ed6969dd047a8a70ba92d28d4aad5fb,93000,1,UpdatePublished,"{'model_id': 'model_mnist_784_noniid', 'round': 0, 'ticket_id': 35, 'cid': 'sha256:65dd6e82714990c92c0305003ef6d306939497c8cb3c2b6b5549590df614d5bc'}",mock
0xdb56c0d96a6e279dd0861f7a21285303dff8e9c37407ead6050ed50f9825eab6,86000,1,TicketReserved,"{'model_id': 'model_mnist_784_noniid', 'round': 0, 'ticket_id': 36, 'owner': 'acct_36'}",mock
0x507aa500375a608ecc9804f60c87c75281844137c7703649db8e07456da8399b,93000,1,UpdatePublished,"{'model_id': 'model_mnist_784_noniid', 'round': 0, 'ticket_id': 36, 'cid': 'sha256:823019a13d33b09f8684b8bc9c0f5bff8ff76e5dba0ed2a15fa0c3db89df7af3'}",mock
0x01e4dd9b056c018a2ee75eb5afb88d073726b923e609142a6a005ea33d5608c4,86000,1,TicketReserved,"{'model_id': 'model_mnist_784_noniid', 'round': 0, 'ticket_id': 37, 'owner': 'acct_37'}",mock
0xd9c84dcdae2950291145fde93d2c1f84b963526ed39b787d1221c8e551a2a894,93000,1,UpdatePublished,"{'model_id': 'model_mnist_784_noniid', 'round': 0, 'ticket_id': 37, 'cid': 'sha256:1e6b2a8fef07bac26ac73b946c4223569ef5bf4c19861a318898040e797e756c'}",mock
0x2ac3381240414be3afb6db34f99663707d58f117ea4733dbd6f2b2ec134c5d92,86000,1,TicketReserved,"{'model_id': 'model_mnist_784_noniid', 'round': 0, 'ticket_id': 38, 'owner': 'acct_38'}",mock
0x415fe251252b72b694345eeafc166485885ae2b7e0dca148bebf191610391ece,93000,1,UpdatePublished,"{'model_id': 'model_mnist_784_noniid', 'round': 0, 'ticket_id': 38, 'cid': 'sha256:72c891f3399bdf13e7a970b157368decfe61e6895be491cb8aaa17c3c81144b6'}",mock
0xaa7542758486693d20c89ff2cbd0ad6adaf586a21a74ffd40837efe8ca5d45a6,86000,1,TicketReserved,"{'model_id': 'model_mnist_784_noniid', 'round': 0, 'ticket_id': 39, 'owner': 'acct_39'}",mock
0x76017739a06751236f5fd6f1363dd5539caa4912d8e3ea9a21111a11e686e002,93000,1,UpdatePublished,"{'model_id': 'model_mnist_784_noniid', 'round': 0, 'ticket_id': 39, 'cid': 'sha256:f7bc299a52146080a231672150109150a21004d7d44db9ed68630e146c546c86'}",mock
0x880a0545d1bc53526357f63271d23c751e5c58309f1657556b06de352f568de0,86000,1,TicketReserved,"{'model_id': 'model_mnist_784_noniid', 'round': 0, 'ticket_id': 40, 'owner': 'acct_40'}",mock
0x8f7346d05f39aee280ab0edae749ba028190c32cd64950fa54a6fd95ab61e8d9,93000,1,UpdatePublished,"{'model_id': 'model_mnist_784_noniid', 'round': 0, 'ticket_id': 40, 'cid': 'sha256:700c972ca8e9a4cce01a77a21484031b908c32392de967287d57a04dbe90123f'}",mock
0xcc2910efbf12eac1405cb167a1e8924acba165dfa60d902dc8a84fca058c9a60,86000,1,TicketReserved,"{'model_id': 'model_mnist_784_noniid', 'round': 0, 'ticket_id': 41, 'owner': 'acct_41'}",mock
0xb675fdb73a17bb8f12eeed01ef037b23d4cf9690b18a9c2e3e18ec61787c58e1,93000,1,UpdatePublished,"{'model_id': 'model_mnist_784_noniid', 'round': 0, 'ticket_id': 41, 'cid': 'sha256:c0b18aca500320f79c77f1fd52df38972b0a8f404271dc1f506b3a14caa2aed4'}",mock
0xff14853a374cdcea37ce43e3f81170f41734337e384914d9d57a04a8f9702c36,86000,1,TicketReserved,"{'model_id': 'model_mnist_784_noniid', 'round': 0, 'ticket_id': 42, 'owner': 'acct_42'}",mock
0x3e446d7272b2bc91468f6755862ab34ef4c3475183aac743b349c2bb57966892,93000,1,UpdatePublished,"{'model_id': 'model_mnist_784_noniid', 'round': 0, 'ticket_id': 42, 'cid': 'sha256:096630ce6b5a35fe4ec43c201d6b55ad7f4e43bf60f04f4afcdf3a25d02149c7'}",mock
0x9ea859dc07d20da2e29cd5dea545f8d84a483099e0667bd1d8be669cde8fc352,86000,1,TicketReserved,"{'model_id': 'model_mnist_784_noniid', 'round': 0, 'ticket_id': 43, 'owner': 'acct_43'}",mock
0x410cccb96334615c7e511c8f5ed468f475c1ffcaa8d1e94767a16c166e127ab6,93000,1,UpdatePublished,"{'model_id': 'model_mnist_784_noniid', 'round': 0, 'ticket_id': 43, 'cid': 'sha256:6ce0e982773cdf177a2b135db397852661abca46dbce997270568325d012d41b'}",mock
0x674e731dc78adaf01b8a58f8cda480c2d6696061599287cd1979a30c7d1ec071,86000,1,TicketReserved,"{'model_id': 'model_mnist_784_noniid', 'round': 0, 'ticket_id': 44, 'owner': 'acct_44'}",mock
0xc867f96b732f2c5fbdf64f98d2c21f5f03c881cf64e10f910194a5c602b483ff,93000,1,UpdatePublished,"{'model_id': 'model_mnist_784_noniid', 'round': 0, 'ticket_id': 44, 'cid': 'sha256:fe99563b606a526d499c8ec38821905f066c9b5171bcd76ac301da569ab72bca'}",mock
0xcba236cbd0e1445a38241478d5e4762dcb4bcfdc7a9ffa4de3066a4a80696854,86000,1,TicketReserved,"{'model_id': 'model_mnist_784_noniid', 'round': 0, 'ticket_id': 45, 'owner': 'acct_45'}",mock
0xeb606808783fc3760773a4773f5b94fa03b6a0ac6dbe4298cc9349e364dd00e8,93000,1,UpdatePublished,"{'model_id': 'model_mnist_784_noniid', 'round': 0, 'ticket_id': 45, 'cid': 'sha256:313c8a8f8f0710b630cfe0d51328280a9467369fdf4514f75aab3276640ccd76'}",mock
0x5050e427fdc7104090cd4d672a6f669b16e796c3f099f7360c230cb74d5165cc,86000,1,TicketReserved,"{'model_id': 'model_mnist_784_noniid', 'round': 0, 'ticket_id': 46, 'owner': 'acct_46'}",mock
0x950355ec01f8ef4e992e970bb1e1110c15433036f208aa3f1a7ec95f2769af06,93000,1,UpdatePublished,"{'model_id': 'model_mnist_784_noniid', 'round': 0, 'ticket_id': 46, 'cid': 'sha256:d55be733ec08767956b38569a2a1d868773b6ede194e19629b0913bfa4fc3bb7'}",mock
0x7f40204fd38c41e5a1ddad74825953c2bee49eede9475a12169c557708a85f35,86000,1,TicketReserved,"{'model_id': 'model_mnist_784_noniid', 'round': 0, 'ticket_id': 47, 'owner': 'acct_47'}",mock
0xf62870a7d9820a78c60f798b27a1c79922b82d05752e0b1b724d1ba81ffe0297,93000,1,UpdatePublished,"{'model_id': 'model_mnist_784_noniid', 'round': 0, 'ticket_id': 47, 'cid': 'sha256:31064b93370281aece3a8e9b1ae53a31cd0e1044baf7a73e6279fbc2422bb2fc'}",mock
0x2212c0d2d952b0feb7f8d9a248075fa265a41463b34140493148409e18e7b403,86000,1,TicketReserved,"{'model_id': 'model_mnist_784_noniid', 'round': 0, 'ticket_id': 48, 'owner': 'acct_48'}",mock
0xbe3d382a5647deb9037cb3136ea3a2d828d90c72078fa35ab2da2138ba18d5df,93000,1,UpdatePublished,"{'model_id': 'model_mnist_784_noniid', 'round': 0, 'ticket_id': 48, 'cid': 'sha256:2240b7a7a4a6f787f0f2bfe21332c134bb1599d99c39c9ee41a90c471ec8b094'}",mock
0xb12042b71ce2b540af4d135bfb20a92f4414a0ff9d81fcca7224cd59d2679252,86000,1,TicketReserved,"{'model_id': 'model_mnist_784_noniid', 'round': 0, 'ticket_id': 49, 'owner': 'acct_49'}",mock
0xa20d5e1e7fa6b26917b76952e89bda666fb68608740d9a6f1e99a3de46a0fef0,93000,1,UpdatePublished,"{'model_id': 'model_mnist_784_noniid', 'round': 0, 'ticket_id': 49, 'cid': 'sha256:a7d4e37bd396218ee536a5a9db1dbaf2a119f6eb1465895e8a7903af23f3ce45'}",mock
0x3e1116adcd604489d4b3c2a40cfaf8a29989fe693cec69e66af502ed1f632d37,86000,1,TicketReserved,"{'model_id': 'model_mnist_784_noniid', 'round': 0, 'ticket_id': 50, 'owner': 'acct_50'}",mock
0x6a12b5d6a738cba9d60a8f67d3381a47a52af963b1442d0ec206303d1e2214f9,93000,1,UpdatePublished,"{'model_id': 'model_mnist_784_noniid', 'round': 0, 'ticket_id': 50, 'cid': 'sha256:178a1b4394547c3ac1eb83d789067f995625ecef7521bd2fb574a24a2ecdf498'}",mock
0x86c1428a3e265c1315452ef72b0bc3c09faf8a95fdd0b7a96e44ecc7d182fc07,745000,1,RoundFinalized,"{'model_id': 'model_mnist_784_noniid', 'round': 0, 'included': 31, 'refunds': 31}",mock
0x71f665feda0d3d7cb720fe4d93348d1cdc22701e10016d37e7acd279334fa579,52000,1,RoundFunded,"{'model_id': 'model_mnist_784_noniid', 'amount_wei': 10000000000000000}",mock
0xe9f360bb96bb82d8e07d15b01ff2c0988a7851ffeed2f49099854a91dbaa118a,86000,1,TicketReserved,"{'model_id': 'model_mnist_784_noniid', 'round': 1, 'ticket_id': 51, 'owner': 'acct_1'}",mock
0x581f9781b596b15d5b9e3d87dc94aca7ec3e5fa35361b21f59483545e5e3d714,93000,1,UpdatePublished,"{'model_id': 'model_mnist_784_noniid', 'round': 1, 'ticket_id': 51, 'cid': 'sha256:fbaf03d47d1775eefa6d1396ec7c1644809039b62e72276581a67b11415402dd'}",mock
0x11d9d8862a66de95c71548bf12b4563eabfe8b618e4fe6caaaa9067ad7444fe0,86000,1,TicketReserved,"{'model_id': 'model_mnist_784_noniid', 'round': 1, 'ticket_id': 52, 'owner': 'acct_2'}",mock
0x356b5f0403a7faa57a2ac26e4d128a8d7ce8bed44810dcdf11698827e408f54c,93000,1,UpdatePublished,"{'model_id': 'model_mnist_784_noniid', 'round': 1, 'ticket_id': 52, 'cid': 'sha256:ca36b730a88b5c408dda787f38616323a870f507d1b8b66bfa6a576e949cb081'}",mock
0xc8096c3545211682205ae445a310f45b528a03262dc2f4eafb57670e024ee44a,86000,1,TicketReserved,"{'model_id': 'model_mnist_784_noniid', 'round': 1, 'ticket_id': 53, 'owner': 'acct_3'}",mock
0x6571cc11f838687258f5b78b0e38aab1acbd865df7df63c90e832eb9748ebcc6,93000,1,UpdatePublished,"{'model_id': 'model_mnist_784_noniid', 'round': 1, 'ticket_id': 53, 'cid': 'sha256:62d56cbbcdb694ad53c360ff9d3ae460e6f8546c8702c2563a08fecdb6e77ebc'}",mock
0xe6ea3d71d2394bcfb92000c1a23ca411fe32012f17321831464477e379cb90f3,86000,1,TicketReserved,"{'model_id': 'model_mnist_784_noniid', 'round': 1, 'ticket_id': 54, 'owner': 'acct_4'}",mock
0x8b21dd021da230c81e2d155238e209a40f7d580dd5e4b7a79f06a0ccda79ed92,93000,1,UpdatePublished,"{'model_id': 'model_mnist_784_noniid', 'round': 1, 'ticket_id': 54, 'cid': 'sha256:27cfcc02a3066baa291ecf049fae69c0aeaa1d76fbe0c97d5ba588fe24338e12'}",mock
0xf7d057095451716772256ac8e0daf65852efdc6e39ac49c105c42d32d9ed72ef,86000,1,TicketReserved,"{'model_id': 'model_mnist_784_noniid', 'round': 1, 'ticket_id': 55, 'owner': 'acct_5'}",mock
0x9f71c43a7e3632a9cecf841341937efc3828204abb02774951bb894b67f5e056,93000,1,UpdatePublished,"{'model_id': 'model_mnist_784_noniid', 'round': 1, 'ticket_id': 55, 'cid': 'sha256:cddb653c8b396a1a68645460531b66f82551f304056899e517c1a0c1635ad3d5'}",mock
0x66c1919e693ad733bd04478d36aeee91d02b9aa762535b1b1215ea8c810de330,86000,1,TicketReserved,"{'model_id': 'model_mnist_784_noniid', 'round': 1, 'ticket_id': 56, 'owner': 'acct_6'}",mock
0x83a606734501d2c35c0fbeff4375b8cc54165a777e8a39a972e7e75e63697c17,93000,1,UpdatePublished,"{'model_id': 'model_mnist_784_noniid', 'round': 1, 'ticket_id': 56, 'cid': 'sha256:1d83a3decbb544667d2d1df26914bb54add878609ee2f4fbd82d7b1357e2ec87'}",mock
0x2de7fa4aa3a7ac860d4eb4e02088a111b63b39adcdff23c89887f5dab20d092e,86000,1,TicketReserved,"{'model_id': 'model_mnist_784_noniid', 'round': 1, 'ticket_id': 57, 'owner': 'acct_7'}",mock
0x88d137193e230c7b773963349044993963bf35af0ec9819000f628b5e799b107,93000,1,UpdatePublished,"{'model_id': 'model_mnist_784_noniid', 'round': 1, 'ticket_id': 57, 'cid': 'sha256:eb90639f63d9794dec56e21c20708c4d0d7e15e04e0d0aa64b7f5865080bb39b'}",mock
0x53a9efe66510937982e8e0815b84ba945e463843363f278b1438212d2b3fc5bc,86000,1,TicketReserved,"{'model_id': 'model_mnist_784_noniid', 'round': 1, 'ticket_id': 58, 'owner': 'acct_8'}",mock
0xcb2ea89a6ff9ab45b18dccfc7a876f803f5b38ff5f0b007fedfe5ab236c5ae36,93000,1,UpdatePublished,"{'model_id': 'model_mnist_784_noniid', 'round': 1, 'ticket_id': 58, 'cid': 'sha256:21e23174513be79603560feb252d28100c8515cdac9741bd8ff01f038680a581'}",mock
0xa7fc49b9e4a4cfaa2be035567bf95823216f1b957c99af6a06dcac3a86e4c37a,86000,1,TicketReserved,"{'model_id': 'model_mnist_784_noniid', 'round': 1, 'ticket_id': 59, 'owner': 'acct_9'}",mock
0x6f9cd2442f82db5034051953e4bf33f26f035ea2f36b03a0baad6850ba5794e2,93000,1,UpdatePublished,"{'model_id': 'model_mnist_784_noniid', 'round': 1, 'ticket_id': 59, 'cid': 'sha256:de8e313001951c54b761e157863b9eb574075ab5cc5a445fb431e4fca972b384'}",mock
0x1e59ce6428f1d6ca2b3059b080398d9cd4819b9eceb0d9b5eeef854afa128b05,86000,1,TicketReserved,"{'model_id': 'model_mnist_784_noniid', 'round': 1, 'ticket_id': 60, 'owner': 'acct_10'}",mock
0x331f663e26c518cda380fa4d0b8c7063eeb089de00b3a3fa1b2b8eef3ab3a6d8,93000,1,UpdatePublished,"{'model_id': 'model_mnist_784_noniid', 'round': 1, 'ticket_id': 60, 'cid': 'sha256:6d03aae655cfb424670e054d64612242593ee94e8823d4298c98eeb79d5fb681'}",mock
0x9ddc49ef581cd310bfaa831e026413dce87fda6b4db68a0c3b4c6a9459241d95,86000,1,TicketReserved,"{'model_id': 'model_mnist_784_noniid', 'round': 1, 'ticket_id': 61, 'owner': 'acct_11'}",mock
0x1c8dcf2333cb9d916d76c72368a011891d08a2417b63eb166c75bc3433213cae,93000,1,UpdatePublished,"{'model_id': 'model_mnist_784_noniid', 'round': 1, 'ticket_id': 61, 'cid': 'sha256:f6a74d16031b152b0f33b5feacdfa3d7d92d178494d37504838f924f843a0510'}",mock
0x32402d2fdb064c29c9d8a06e03277e62012470d64c72789007402a1731575c71,86000,1,TicketReserved,"{'model_id': 'model_mnist_784_noniid', 'round': 1, 'ticket_id': 62, 'owner': 'acct_12'}",mock
0x2b826127b99390211eecfa65b7fdcf8a251ed683589077c9f5e9522d2118c8b0,93000,1,UpdatePublished,"{'model_id': 'model_mnist_784_noniid', 'round': 1, 'ticket_id': 62, 'cid': 'sha256:e88aa3042b3f54adec2d39a3563cc5d40be409d090d83210fbd3249dd86c39ec'}",mock
0xb20bff4eb64f0437cbae9039dcfc12918f98e3904c8480c9e0f2f2ed08da94de,86000,1,TicketReserved,"{'model_id': 'model_mnist_784_noniid', 'round': 1, 'ticket_id': 63, 'owner': 'acct_13'}",mock
0x58a88e2f0d1c34cb1c32275abff00379e807610f770d272473b2aa26582bad1d,93000,1,UpdatePublished,"{'model_id': 'model_mnist_784_noniid', 'round': 1, 'ticket_id': 63, 'cid': 'sha256:fc505abf77c795cbaa45cabfba982f951558a46c8f1955880d65ebe2f35b66d3'}",mock
0x100e4cf85e7b52e036e6bafcdd304262bdef658822f55d23f8f35cc249c3bf27,86000,1,TicketReserved,"{'model_id': 'model_mnist_784_noniid', 'round': 1, 'ticket_id': 64, 'owner': 'acct_14'}",mock
0x854baa6ce658ebf3f04ea59b1229dcec2fbfe8c18499303adbbc87a8ba7395fc,93000,1,UpdatePublished,"{'model_id': 'model_mnist_784_noniid', 'round': 1, 'ticket_id': 64, 'cid': 'sha256:6a25478737539f306fe18522de58eeaaf5f8539caa435b41727ce601ad37a014'}",mock
0xef14ebe3384ec4ec693f8142c47dbb3cc8d8cbcca880cc39015ea18b0e410fae,86000,1,TicketReserved,"{'model_id': 'model_mnist_784_noniid', 'round': 1, 'ticket_id': 65, 'owner': 'acct_15'}",mock
0x69dbe4b785958931e1a8fa33ed19f3dc0e36f4a0792bc816b9f18bd5ce872f57,93000,1,UpdatePublished,"{'model_id': 'model_mnist_784_noniid', 'round': 1, 'ticket_id': 65, 'cid': 'sha256:2a9275fb96cdadc88022700184a6c34c37068449554a95610bca0f69fc6a5e87'}",mock
0xff0751f9c38f6e3a40ddb97c1e5e2d6bc7d037d62f3f2b9e60cad055535d5084,86000,1,TicketReserved,"{'model_id': 'model_mnist_784_noniid', 'round': 1, 'ticket_id': 66, 'owner': 'acct_16'}",mock
0xaeb74c99d2c89f110cebd74b891b9cef18056b19bfc4bd347679ee80c805e0d3,93000,1,UpdatePublished,"{'model_id': 'model_mnist_784_noniid', 'round': 1, 'ticket_id': 66, 'cid': 'sha256:2a7ebbcb1453f1ed231e2e2663b82ad8b6849649afc9c45637e2270a2a2c7611'}",mock
0x725f50c4d57033ba9bd942591478bd7798dd8737341fb4c30a26858abc8a1180,86000,1,TicketReserved,"{'model_id': 'model_mnist_784_noniid', 'round': 1, 'ticket_id': 67, 'owner': 'acct_17'}",mock
0x8a85e506dac2a637db608e2630bb598be844086b3c4decc96cdeb5fed7608138,93000,1,UpdatePublished,"{'model_id': 'model_mnist_784_noniid', 'round': 1, 'ticket_id': 67, 'cid': 'sha256:7d85db220b6793ff311b6d8a83343cd97e8459b2ee420d96f2c04dd5ef40a1f5'}",mock
0xaf4794b233b398cd4c8cab5fd9ff8e19e39caa6d04e84ae565c823e292345f70,86000,1,TicketReserved,"{'model_id': 'model_mnist_784_noniid', 'round': 1, 'ticket_id': 68, 'owner': 'acct_18'}",mock
0xaa14f2f822c6724b79f5baa43e6581d71350da985c6ac60e1dcc8efc0ed9b83e,93000,1,UpdatePublished,"{'model_id': 'model_mnist_784_noniid', 'round': 1, 'ticket_id': 68, 'cid': 'sha256:59acdc1166b5b17c83751ff03996d570acb3406f31c67f3e977b2ee017ac8b5c'}",mock
0x1cf4865b3cd8bcfc86ae26314a00e477c92638a13822a799d0f471ea51b1117d,86000,1,TicketReserved,"{'model_id': 'model_mnist_784_noniid', 'round': 1, 'ticket_id': 69, 'owner': 'acct_19'}",mock
0x46b3691ad1e7f9ea75d6043820bfbd11dde107e1023b471a15056f413012fb95,93000,1,UpdatePublished,"{'model_id': 'model_mnist_784_noniid', 'round': 1, 'ticket_id': 69, 'cid': 'sha256:56b6b9a4e03c43ed1793c3aad73d33a1a0682da60b3324b322c710ee8f137a0e'}",mock
0x98400e108caf904d012c66340532dbf5adde4fa7c9ee2ba8fd2c4b7baaa4cc86,86000,1,TicketReserved,"{'model_id': 'model_mnist_784_noniid', 'round': 1, 'ticket_id': 70, 'owner': 'acct_20'}",mock
0x70d662b09a565fe5426b33670f4b7ffdcc257e2f0c60a0df63409933545433a4,93000,1,UpdatePublished,"{'model_id': 'model_mnist_784_noniid', 'round': 1, 'ticket_id': 70, 'cid': 'sha256:c5b6492ea32e61fcc420c1daa5b876b85b12dc0b89ebab7b37eee808944f996e'}",mock
0x250e725725530c5ae7f85ef890f4bdbc11790da255a8d43598a6317f5fb65fb5,86000,1,TicketReserved,"{'model_id': 'model_mnist_784_noniid', 'round': 1, 'ticket_id': 71, 'owner': 'acct_21'}",mock
0xf12c0d220daf4f5943a9c1e478ed61aaf67c18d306d8cfe41081b1373e7f7ecd,93000,1,UpdatePublished,"{'model_id': 'model_mnist_784_noniid', 'round': 1, 'ticket_id': 71, 'cid': 'sha256:7ec96342284922847bcb0c543733e77097ba851a2980b5b6a13aa7915d89748b'}",mock
0x95a8bbbf4b3a230c53a0acd23dbbcf8d910bdc32e97015d88815b03b97fbca8a,86000,1,TicketReserved,"{'model_id': 'model_mnist_784_noniid', 'round': 1, 'ticket_id': 72, 'owner': 'acct_22'}",mock
0xb499eb5277eb3f2996141aa8c1e73e2b44827128e9006def520a85eace75d328,93000,1,UpdatePublished,"{'model_id': 'model_mnist_784_noniid', 'round': 1, 'ticket_id': 72, 'cid': 'sha256:370d4526917b445f4cc02cdcec6af6b6782e89a1514d329fe5d8086b8c261cb3'}",mock
0x692be76086283cf4eb9ade8b3dbc8959ddb121d24d4fcedb3bf6167fdb483f00,86000,1,TicketReserved,"{'model_id': 'model_mnist_784_noniid', 'round': 1, 'ticket_id': 73, 'owner': 'acct_23'}",mock
0xb67eb62006b3929deec57510d22a9e695a6e5f41be571b5cabae7e64a9264b8b,93000,1,UpdatePublished,"{'model_id': 'model_mnist_784_noniid', 'round': 1, 'ticket_id': 73, 'cid': 'sha256:1bb4abfbfa2ea3dd35342f83cce89783600fc621725156ca935965407299f117'}",mock
0x244c9eb6cbdb6a9862195e6e9da67eb33bc660124753a9b9074f35bd7a144a77,86000,1,TicketReserved,"{'model_id': 'model_mnist_784_noniid', 'round': 1, 'ticket_id': 74, 'owner': 'acct_24'}",mock
0x71de228c0703b788e89da6f1cc0d54de5ebac9ee6bc2c2adfea8e7fe231932a9,93000,1,UpdatePublished,"{'model_id': 'model_mnist_784_noniid', 'round': 1, 'ticket_id': 74, 'cid': 'sha256:f1fcad42dca62948895e2e99441760c3c47e7b5e76b093add382af2adbd6bfd0'}",mock
0x651702d8ed769d989acf6498ff1cec66dcaefa6348310bc8f7bbdbf4238b898d,86000,1,TicketReserved,"{'model_id': 'model_mnist_784_noniid', 'round': 1, 'ticket_id': 75, 'owner': 'acct_25'}",mock
0x5e8944dd564c1f9634d2c3427a280d867cc10ba72426e7542f5018fa686f462f,93000,1,UpdatePublished,"{'model_id': 'model_mnist_784_noniid', 'round': 1, 'ticket_id': 75, 'cid': 'sha256:b37af97692e94f5bc84cc4b46276ebd4f9220962c8a51e63770d362cad7975a5'}",mock
0x734c14811e1f8302fa6dc4bb8e211f2a14f8ea5237df7bf5a5a0da8fae17e86c,86000,1,TicketReserved,"{'model_id': 'model_mnist_784_noniid', 'round': 1, 'ticket_id': 76, 'owner': 'acct_26'}",mock
0x874c676e8d10641d832a1b6745f3894aec2859155df5f31c58d3fd8fe7f4bfd6,93000,1,UpdatePublished,"{'model_id': 'model_mnist_784_noniid', 'round': 1, 'ticket_id': 76, 'cid': 'sha256:0e264810a49ba9cf85b7426d641ada4d71d36e78e4014fd4ccb4082e98c6dd43'}",mock
0x6e7f0bf90e68ca166d43df04f15e6661f9e53e38ed377dffdfb70b0f688024bc,86000,1,TicketReserved,"{'model_id': 'model_mnist_784_noniid', 'round': 1, 'ticket_id': 77, 'owner': 'acct_27'}",mock
0xd577a76e9796d8bbc1c54e0ff2ee3017f0998a359e67b62bbd5ed445d8a74ce8,93000,1,UpdatePublished,"{'model_id': 'model_mnist_784_noniid', 'round': 1, 'ticket_id': 77, 'cid': 'sha256:0d819988c6fccd844f04d6d3d4148719b31dfb36b85bf7d28af48d3bec3befad'}",mock
0xc83d22fc3e73958b07c7c534e7854ee4817a2672f2c8324652ece248ef2d6d53,86000,1,TicketReserved,"{'model_id': 'model_mnist_784_noniid', 'round': 1, 'ticket_id': 78, 'owner': 'acct_28'}",mock
0xf026a6aa5e8bcdc8df4c24641ed0b72e6036a86d5e0cef60514519d220242573,93000,1,UpdatePublished,"{'model_id': 'model_mnist_784_noniid', 'round': 1, 'ticket_id': 78, 'cid': 'sha256:9db77b05d0760ea6d7d2b7fc985c29eaeadd01e15b24b85ad87fd26326a3d1cf'}",mock
0xac8eff649b3f61492967b87591ed26616b7caafdbec8b26f3c01c2ab0f4f25f7,86000,1,TicketReserved,"{'model_id': 'model_mnist_784_noniid', 'round': 1, 'ticket_id': 79, 'owner': 'acct_29'}",mock
0xdb3ad774d27836d44d6d78e5bd98c6162d78cd3f84022cf97d87739aa864f697,93000,1,UpdatePublished,"{'model_id': 'model_mnist_784_noniid', 'round': 1, 'ticket_id': 79, 'cid': 'sha256:f7bae95c2365fb96cf4db496805a2e526e272e619d8ef0ff7cd1e1f8d7789de9'}",mock
0x7c98478858802fd35da0a6ed592e6e12297a92635233c55e6707bf5c33063b7e,86000,1,TicketReserved,"{'model_id': 'model_mnist_784_noniid', 'round': 1, 'ticket_id': 80, 'owner': 'acct_30'}",mock
0xc7e574954af08b77ed1029722a25bfa5e8daddcefb31230a8acd26c74e69f9d1,93000,1,UpdatePublished,"{'model_id': 'model_mnist_784_noniid', 'round': 1, 'ticket_id': 80, 'cid': 'sha256:221431a21bcbb4c0ec9ec3a1cb62e34b0507a90b922a6f64516c1919e0a46aa8'}",mock
0x361b033c744454e8f662c1022e6fb78862f7b703fcbe49776954f571a7228e63,86000,1,TicketReserved,"{'model_id': 'model_mnist_784_noniid', 'round': 1, 'ticket_id': 81, 'owner': 'acct_31'}",mock
0x012613ec40b4201c7a96cbb0160e91109e1f90c4ca54425ea9c514e3372dfbf7,93000,1,UpdatePublished,"{'model_id': 'model_mnist_784_noniid', 'round': 1, 'ticket_id': 81, 'cid': 'sha256:9ca906918e0cf587bf47d063a405b575d8da1de1d99bf3e04a97425695238a50'}",mock
0x2a34492a2df7691533370f5f794e4dbd0d81506930d466ca6278c67698704ba2,86000,1,TicketReserved,"{'model_id': 'model_mnist_784_noniid', 'round': 1, 'ticket_id': 82, 'owner': 'acct_32'}",mock
0x6a74d40408335408fbd6316ef27d2e68f1287b905d075d0186c8905bf7121142,93000,1,UpdatePublished,"{'model_id': 'model_mnist_784_noniid', 'round': 1, 'ticket_id': 82, 'cid': 'sha256:dcdd24892aa8f9b46e46e21a88ea58012376019e53b4431a280c96ae0df3911c'}",mock
0xf8abb91328cfb43f380483969b6624bf4c1ca9bbce54a507ddb3977dd9c260f4,86000,1,TicketReserved,"{'model_id': 'model_mnist_784_noniid', 'round': 1, 'ticket_id': 83, 'owner': 'acct_33'}",mock
0xac448051ff8056981476cc250c48a6bd8aa089cbb62116893154c79f9853fb4f,93000,1,UpdatePublished,"{'model_id': 'model_mnist_784_noniid', 'round': 1, 'ticket_id': 83, 'cid': 'sha256:d599890b231974ef5d4ebd06dfafcfc52c530a6712370df3dd8579d1b4abcd20'}",mock
0x77854a1028e1c007842c6320f796fe447d5bec511660f48e48658c2d2a9734ba,86000,1,TicketReserved,"{'model_id': 'model_mnist_784_noniid', 'round': 1, 'ticket_id': 84, 'owner': 'acct_34'}",mock
0x531fee09dd0019f2e0581fe9dd3bfd52c01da3a4ceccd85e0bc8de100de87a6b,93000,1,UpdatePublished,"{'model_id': 'model_mnist_784_noniid', 'round': 1, 'ticket_id': 84, 'cid': 'sha256:4f1a13a3f8c73453f1ed4f8cddbcb4077c223f590af72eb45ef820bf69ecb65c'}",mock
0x229d300ddc2aef5f61ef70ee50f8747d5ac15769766b336b1d6de4e268f8f41d,86000,1,TicketReserved,"{'model_id': 'model_mnist_784_noniid', 'round': 1, 'ticket_id': 85, 'owner': 'acct_35'}",mock
0x8960f4ef0d98c691f445c83419a6559936eb6fc85b422edac9fe3e6b4279e503,93000,1,UpdatePublished,"{'model_id': 'model_mnist_784_noniid', 'round': 1, 'ticket_id': 85, 'cid': 'sha256:e65ed24ddb8bd52c1055ce76b3d90462c8e8118c629b95f6418d79203615bc84'}",mock
0xe0dc2e6fe3581081bffed1da0eacc65f405cfc8964d24b933b159eb3208c88dd,86000,1,TicketReserved,"{'model_id': 'model_mnist_784_noniid', 'round': 1, 'ticket_id': 86, 'owner': 'acct_36'}",mock
0x0b37111af2aa79cbb6199c8f826e9379f39489c0483660805be52c50f40e1ca3,93000,1,UpdatePublished,"{'model_id': 'model_mnist_784_noniid', 'round': 1, 'ticket_id': 86, 'cid': 'sha256:8b314b4bcbeb7b738d5807c7d22c7127a74d9eb075ec98e337928ec72776fde2'}",mock
0x2bcfd7566d1cddaf2f3bbe2ebba4f8f17c4df33fec0c25ad16a2224ea4b857ed,86000,1,TicketReserved,"{'model_id': 'model_mnist_784_noniid', 'round': 1, 'ticket_id': 87, 'owner': 'acct_37'}",mock
0x1592308d222f8a37ca6d724f4e3e0127dedbfbe862b1f59be4fbab1fa3a06c03,93000,1,UpdatePublished,"{'model_id': 'model_mnist_784_noniid', 'round': 1, 'ticket_id': 87, 'cid': 'sha256:a457192e933d6ee3eb9db5f4ac5fcd2d37ea8b1663217a72cbfadcdf05512cf2'}",mock
0xf5f53a85bfe6b7e427610b460233e7be60498a2a54ba2010ad231de31bf144ca,86000,1,TicketReserved,"{'model_id': 'model_mnist_784_noniid', 'round': 1, 'ticket_id': 88, 'owner': 'acct_38'}",mock
0x0c33c2d387b9b938a3d02975494f85c006078525d07f161132d83b14321d17ec,93000,1,UpdatePublished,"{'model_id': 'model_mnist_784_noniid', 'round': 1, 'ticket_id': 88, 'cid': 'sha256:687a34f38a507e0d48ede50c39b816bd42700a3d5e221d008ad394b1789cd705'}",mock
0x2c78d44b585c2d8cb7e2cd160b21bf585685ffcd8e166333d39be1a3f59eef3a,86000,1,TicketReserved,"{'model_id': 'model_mnist_784_noniid', 'round': 1, 'ticket_id': 89, 'owner': 'acct_39'}",mock
0x05c2af88e1a266ea5a7f81ebb97a8e859f3426f0443400d1e73cfd478ab1fda5,93000,1,UpdatePublished,"{'model_id': 'model_mnist_784_noniid', 'round': 1, 'ticket_id': 89, 'cid': 'sha256:92d23ae64c8aa2f35c485864acc9d0d3578c444af43a1f45610002e449eb9cfc'}",mock
0x422b8000d2f0dbb4c833db06230723650777d83b890ed6182d08aa3c6b4ffa92,86000,1,TicketReserved,"{'model_id': 'model_mnist_784_noniid', 'round': 1, 'ticket_id': 90, 'owner': 'acct_40'}",mock
0x6a1f3ec03ed0ba76450bd913fe3a834730c9a300720375613c91c09ec8d82418,93000,1,UpdatePublished,"{'model_id': 'model_mnist_784_noniid', 'round': 1, 'ticket_id': 90, 'cid': 'sha256:d40e60556f8a182609b778f5567d207d5fb3a8c9343948edd2c8d7e92f280394'}",mock
0x30bc77af512a193ea7d2f6dcf1ebc27689cbb3e57393290d1ad0a785068a2b15,86000,1,TicketReserved,"{'model_id': 'model_mnist_784_noniid', 'round': 1, 'ticket_id': 91, 'owner': 'acct_41'}",mock
0x29801bb99b33de199c352ddd1e39d2a73000646852d573e51f591578fa94283f,93000,1,UpdatePublished,"{'model_id': 'model_mnist_784_noniid', 'round': 1, 'ticket_id': 91, 'cid': 'sha256:b61883b0e682f92b26ee2837b3fff088a8a2ba79f380d0d79dd584889e068850'}",mock
0xe76026244b7e0994bb9ba9f51e6669fd6caa4e334434df940b0bcbd70c85c201,86000,1,TicketReserved,"{'model_id': 'model_mnist_784_noniid', 'round': 1, 'ticket_id': 92, 'owner': 'acct_42'}",mock
0x34a1428db6f3d442c7e39d2466cdf5d9a54a254e048e4cbe94236ef0832a1dfa,93000,1,UpdatePublished,"{'model_id': 'model_mnist_784_noniid', 'round': 1, 'ticket_id': 92, 'cid': 'sha256:830bcee740ec30d4895636665c05354a867bce49e24a2814e1d59891362b2b9c'}",mock
0xc92134fe66e2bbc6669b020811759e49082e8e67acdf7bcf64c327cefbe4ed81,86000,1,TicketReserved,"{'model_id': 'model_mnist_784_noniid', 'round': 1, 'ticket_id': 93, 'owner': 'acct_43'}",mock
0x17a3be3af093e47281be33b66294d037191825e47664c7d0b3ec2fec81b95428,93000,1,UpdatePublished,"{'model_id': 'model_mnist_784_noniid', 'round': 1, 'ticket_id': 93, 'cid': 'sha256:692217689d8b5dd56ee5fcfc260695f93e3093243546c59747576d2ff33b1947'}",mock
0xb9a304f063ae89dce7dd4fd67082c16e466b6209ddf99fc8f57db0047138a508,86000,1,TicketReserved,"{'model_id': 'model_mnist_784_noniid', 'round': 1, 'ticket_id': 94, 'owner': 'acct_44'}",mock
0xf645fa6368bb3c144afc1c014d88c63f14cfe1130ab0bdcdb31b1855e7bfa1ca,93000,1,UpdatePublished,"{'model_id': 'model_mnist_784_noniid', 'round': 1, 'ticket_id': 94, 'cid': 'sha256:97913f6243a9c17df7f7f78ab472d6852608528d8f9485ca2dc96b4be61b5845'}",mock
0xf0294249f3cefa8e0581fb837eecd3b77827a632ba5e5349b0c653c46ab43965,86000,1,TicketReserved,"{'model_id': 'model_mnist_784_noniid', 'round': 1, 'ticket_id': 95, 'owner': 'acct_45'}",mock
0x8d303c71fdd4607011c49b0dcf735ba6d1c5d57c67d5103f1ffd719abab8139b,93000,1,UpdatePublished,"{'model_id': 'model_mnist_784_noniid', 'round': 1, 'ticket_id': 95, 'cid': 'sha256:24fe0a1db53f1ed3dc31eca1ed844a847a3039f05814987928b3c235aa275a86'}",mock
0x436889d1477cbcfa367689431be117bf2b2b8365cec8d12cb623f1263aa8921b,86000,1,TicketReserved,"{'model_id': 'model_mnist_784_noniid', 'round': 1, 'ticket_id': 96, 'owner': 'acct_46'}",mock
0x4f85bfbd329bf9f7686a9125011e5987c2858b5812ee0129d4a7a335b56c5b38,93000,1,UpdatePublished,"{'model_id': 'model_mnist_784_noniid', 'round': 1, 'ticket_id': 96, 'cid': 'sha256:0ed0eb9482868575d4f0cceed4fe0c538d7c27f9158287102acfe60d360a7b5d'}",mock
0x7685068a5a3bdb901beef14a2a37fc0509def5396ff332e3fa124a65f4689b84,86000,1,TicketReserved,"{'model_id': 'model_mnist_784_noniid', 'round': 1, 'ticket_id': 97, 'owner': 'acct_47'}",mock
0xae535b52c6089a72c2cf00b5dc4625e88477fef8c6f54d1778a985472bf3774e,93000,1,UpdatePublished,"{'model_id': 'model_mnist_784_noniid', 'round': 1, 'ticket_id': 97, 'cid': 'sha256:367d77193baeb5f01407a96c0a96c1ba693e3bf80dea56c8e41e0a7434290332'}",mock
0xf9668b61fb0c4eeb4ed4bb74c08895ada523a15ef37d84aa4d8f97f0d2766db9,86000,1,TicketReserved,"{'model_id': 'model_mnist_784_noniid', 'round': 1, 'ticket_id': 98, 'owner': 'acct_48'}",mock
0x6f24ab03aa2ef693253fe6ac85f6954e8ce66bb3f171fc0372be13014778194b,93000,1,UpdatePublished,"{'model_id': 'model_mnist_784_noniid', 'round': 1, 'ticket_id': 98, 'cid': 'sha256:ca9673fc5b32390c767a42c60f276e0666c6a3c2ff1b225dd49061ec03c32dcf'}",mock
0xd39d755a5f639dcd55143bf8fad453a76936c9fc3e5642c1c845961d71a84a38,86000,1,TicketReserved,"{'model_id': 'model_mnist_784_noniid', 'round': 1, 'ticket_id': 99, 'owner': 'acct_49'}",mock
0xc419d201429fa5931c091aeeb2801d3fc1ae6d2c85b0f5456a74385e7ab55584,93000,1,UpdatePublished,"{'model_id': 'model_mnist_784_noniid', 'round': 1, 'ticket_id': 99, 'cid': 'sha256:59c0ec9380c6b4da96592e566c16c578099378e1c3495eafa567305ff906405b'}",mock
0x8336c84979745cf9a3a50f9f3f744fd03cb62690f26ece25a095b232058d842a,86000,1,TicketReserved,"{'model_id': 'model_mnist_784_noniid', 'round': 1, 'ticket_id': 100, 'owner': 'acct_50'}",mock
0xcf722f1465daad1e8430d68d5e27e5a40d4cd89e158e740506701ed64a1c8810,93000,1,UpdatePublished,"{'model_id': 'model_mnist_784_noniid', 'round': 1, 'ticket_id': 100, 'cid': 'sha256:85e036d95f2215f4df702f98976c861ccea00e5bcd848a6ed0057c44613937ca'}",mock
0xd4b7de12115ae057f3f71086786c1457f466c4714f6982c4e730441480c5412f,725000,1,RoundFinalized,"{'model_id': 'model_mnist_784_noniid', 'round': 1, 'included': 30, 'refunds': 30}",mock
0xccec27948ecf60112e48c2580899cfc401411e2e782104b0531babc277aef74e,52000,1,RoundFunded,"{'model_id': 'model_mnist_784_noniid', 'amount_wei': 10000000000000000}",mock
0x78a6943ed2a973cf52c3bc7bdd398057d51b471e0cd521c1668400bc83d39867,86000,1,TicketReserved,"{'model_id': 'model_mnist_784_noniid', 'round': 2, 'ticket_id': 101, 'owner': 'acct_1'}",mock
0xb7b9ec4ba6f7a9b8f33203f27ae6ffba53a475a6bb5498b231b0fb2f05618bae,93000,1,UpdatePublished,"{'model_id': 'model_mnist_784_noniid', 'round': 2, 'ticket_id': 101, 'cid': 'sha256:24b5c2e9438ca7860d60a0f0bf7229984c242533159f601f9dda127e0f347e48'}",mock
0x2141564aa12bf6207614efca5b526938fed4353ee700c1b9dd0d4389595f08a5,86000,1,TicketReserved,"{'model_id': 'model_mnist_784_noniid', 'round': 2, 'ticket_id': 102, 'owner': 'acct_2'}",mock
0x91b43c6260373bf8d8980d14d52cba886c790476889727f58a0d4998917cfb75,93000,1,UpdatePublished,"{'model_id': 'model_mnist_784_noniid', 'round': 2, 'ticket_id': 102, 'cid': 'sha256:6fd80af89d9d2c7ac9acf558e7fd4c963f3fe68774fd5c868e8bd0a3d36e5555'}",mock
0x84edbb1a55b34c4372a3f680a13a73fa12cd4db86b430d97fffb9e72ff554b76,86000,1,TicketReserved,"{'model_id': 'model_mnist_784_noniid', 'round': 2, 'ticket_id': 103, 'owner': 'acct_3'}",mock
0x58e23121b09b56ec53956d32e400ac8693864524f6003a07b40c731cb6f11576,93000,1,UpdatePublished,"{'model_id': 'model_mnist_784_noniid', 'round': 2, 'ticket_id': 103, 'cid': 'sha256:0198a69b8f43f9197f1ffc4f1ea0b44f0287c2e6381a1ffa5b8c16125ef7d259'}",mock
0xd6c30133bfe8a680c89793e14e20610f75646de0e040049410e3506c6138875e,86000,1,TicketReserved,"{'model_id': 'model_mnist_784_noniid', 'round': 2, 'ticket_id': 104, 'owner': 'acct_4'}",mock
0x51ec16a231588415865fd6de3f802ac9a4ccdea9992b61127e8641b3806f0e71,93000,1,UpdatePublished,"{'model_id': 'model_mnist_784_noniid', 'round': 2, 'ticket_id': 104, 'cid': 'sha256:82e1b3b8430582d4e8d153b346472dbd8b636fdba6b7b85f135d015a34ca5ebc'}",mock
0x46b8065d063777460904bc77e20aaa64914b799cc69bf0282f004ffe86ebe69e,86000,1,TicketReserved,"{'model_id': 'model_mnist_784_noniid', 'round': 2, 'ticket_id': 105, 'owner': 'acct_5'}",mock
0x12a7382295ed3cf8d7314b8a1fe6664a470cd8e6557ff4cc056a0f4df87d45a9,93000,1,UpdatePublished,"{'model_id': 'model_mnist_784_noniid', 'round': 2, 'ticket_id': 105, 'cid': 'sha256:01cd19b5f950b37a4db5b9e15db6746d6249353a87cc12d8068341bccf793eb5'}",mock
0x99d38fc48fea64180e27c2cbdf834fec287260b132c6c601490c7af12e7f2af0,86000,1,TicketReserved,"{'model_id': 'model_mnist_784_noniid', 'round': 2, 'ticket_id': 106, 'owner': 'acct_6'}",mock
0xc301fef96d60659970be7dc2e2b864bc3fdbdb8318c5243325d521a3fac1cbf1,93000,1,UpdatePublished,"{'model_id': 'model_mnist_784_noniid', 'round': 2, 'ticket_id': 106, 'cid': 'sha256:35d805c065bb8fe55bdb05a44a1a083a5f39d501ccee707ef444266439636789'}",mock
0xafaef37dd987a44bf949a968b7ece858a513d4fb511c7f246d4b5cd4c66a74cb,86000,1,TicketReserved,"{'model_id': 'model_mnist_784_noniid', 'round': 2, 'ticket_id': 107, 'owner': 'acct_7'}",mock
0x2559781ab4ad5d9281ca5f0795ab2288e265dc5c356acda9816d57c009e2c8d0,93000,1,UpdatePublished,"{'model_id': 'model_mnist_784_noniid', 'round': 2, 'ticket_id': 107, 'cid': 'sha256:ae41842a5c594e7901c85d525e1b7a5c472997999b4bff76e0fafba7f54ddc40'}",mock
0x965e8ef5766faf405c8b854d46ca5a125203249ac6fa958b962799051e459e74,86000,1,TicketReserved,"{'model_id': 'model_mnist_784_noniid', 'round': 2, 'ticket_id': 108, 'owner': 'acct_8'}",mock
0x0b717679462c0946305923b7781bca141e9634d93c9e1825aa1a62064b5abd6c,93000,1,UpdatePublished,"{'model_id': 'model_mnist_784_noniid', 'round': 2, 'ticket_id': 108, 'cid': 'sha256:0e44ed3f31dc393223bb1a4a0230c1f5020e866003831505b323fcc53a343fae'}",mock
0x32d5cfe47776b2985b4620e70cb00107ba1078a3b45b807129189403030a93f3,86000,1,TicketReserved,"{'model_id': 'model_mnist_784_noniid', 'round': 2, 'ticket_id': 109, 'owner': 'acct_9'}",mock
0x4701858d7dbdcfb591d7a66818373f1a64ed303abb5610d78c8c50e1129cd4b9,93000,1,UpdatePublished,"{'model_id': 'model_mnist_784_noniid', 'round': 2, 'ticket_id': 109, 'cid': 'sha256:2896278f9cb80462060376e866dbcc2950b94a17ee605ccee18ccc6a298b46ff'}",mock
0xcaca70f4d044976f4209c07b7adf5f9887f1d6dbbd46fe5b2f4b2fdc094f6196,86000,1,TicketReserved,"{'model_id': 'model_mnist_784_noniid', 'round': 2, 'ticket_id': 110, 'owner': 'acct_10'}",mock
0xde94487d76dd18091add5f32f7fcc8c4d6a58255b18ba6b0e2c3cc2846be54f6,93000,1,UpdatePublished,"{'model_id': 'model_mnist_784_noniid', 'round': 2, 'ticket_id': 110, 'cid': 'sha256:25e44002c2c7b9b4f211bcf2305e1aae7d3d137477a81bbf6eb0207891bf6ea9'}",mock
0x0bca25c553b00f210b158c652ff733d453174bcc7e253066b0bef4068e0f3c34,86000,1,TicketReserved,"{'model_id': 'model_mnist_784_noniid', 'round': 2, 'ticket_id': 111, 'owner': 'acct_11'}",mock
0x12db2898f517df56825c965af14fa4c0d90689093ca9588af35dbd79ccc671cc,93000,1,UpdatePublished,"{'model_id': 'model_mnist_784_noniid', 'round': 2, 'ticket_id': 111, 'cid': 'sha256:0dfa027b3f6e4c18b139b9d4fe854843b3d8f01f8eb358d02a17fc7fd0ffadfc'}",mock
0xa968c802fca3ee3ee5a18fb89ae882b2def2b39ab667e34da027def4575e3964,86000,1,TicketReserved,"{'model_id': 'model_mnist_784_noniid', 'round': 2, 'ticket_id': 112, 'owner': 'acct_12'}",mock
0x4c43bc882240e5138b7378bcbd73a31c65d2f18ec8d9ad0029549b4c95f7901f,93000,1,UpdatePublished,"{'model_id': 'model_mnist_784_noniid', 'round': 2, 'ticket_id': 112, 'cid': 'sha256:7b58833ed0f083451696cda16c72ac37e0172a6807b81e423f4eae5ccd599f4d'}",mock
0xc768d3086a7b3ca0c81fa4a0b0055e9b11c838c6c1fd530d1665e516ae601c84,86000,1,TicketReserved,"{'model_id': 'model_mnist_784_noniid', 'round': 2, 'ticket_id': 113, 'owner': 'acct_13'}",mock
0xbec3508e06034ef5ddd94cec3d8ad9717bcf220480ad38f978f544e83a2fc415,93000,1,UpdatePublished,"{'model_id': 'model_mnist_784_noniid', 'round': 2, 'ticket_id': 113, 'cid': 'sha256:83b1aaf5d9ce77094f583fe5c35b5b975bac5f3fe01beff93d72680b6b2c7518'}",mock
0x5237c45f144b4d1cbacb8e17c62635868ee76b54e2117573ac25406129166da1,86000,1,TicketReserved,"{'model_id': 'model_mnist_784_noniid', 'round': 2, 'ticket_id': 114, 'owner': 'acct_14'}",mock
0x14b072055688ed11b0ba6b411cd12e481e5214bf4bf52402669964deb53b3566,93000,1,UpdatePublished,"{'model_id': 'model_mnist_784_noniid', 'round': 2, 'ticket_id': 114, 'cid': 'sha256:bdefcf2524139b53b4ef18c510fad9974373dcf7b79074c700ed5c43593d67a0'}",mock
0xf90faa52eda7191bf37163e9660795e7e3cb3f05ee9afe37ae67c58e99e0c60a,86000,1,TicketReserved,"{'model_id': 'model_mnist_784_noniid', 'round': 2, 'ticket_id': 115, 'owner': 'acct_15'}",mock
0xb783e14802e39c733232844777b87e7cadf52add9212f89b46ac94046e4ba043,93000,1,UpdatePublished,"{'model_id': 'model_mnist_784_noniid', 'round': 2, 'ticket_id': 115, 'cid': 'sha256:f2b942f041cb5fd8cca38164b1a490f1ae91c1949681662e084aea64c54c9279'}",mock
0x2f42cc58ead8fc7252707ee2f4a92c6525aacc8acb9ef6abb7563b637bbafcad,86000,1,TicketReserved,"{'model_id': 'model_mnist_784_noniid', 'round': 2, 'ticket_id': 116, 'owner': 'acct_16'}",mock
0x1c1b019d9d84bcf24df18eca190daa318e5d44a7757ac0c6588d4d58c037cc51,93000,1,UpdatePublished,"{'model_id': 'model_mnist_784_noniid', 'round': 2, 'ticket_id': 116, 'cid': 'sha256:53c7a1e7205f0c54c7f4d545e4121c4245be5f393864149a12b377feca76eba4'}",mock
0xa016c7f8ab9fc4c6b995f5f91e126ca236cb33e82ba68b5207dc36efeaeecef8,86000,1,TicketReserved,"{'model_id': 'model_mnist_784_noniid', 'round': 2, 'ticket_id': 117, 'owner': 'acct_17'}",mock
0x9eb52ae84f5923ed4d0aaa0b258999bf0af2324f8de3661ba079db29de4698f8,93000,1,UpdatePublished,"{'model_id': 'model_mnist_784_noniid', 'round': 2, 'ticket_id': 117, 'cid': 'sha256:adf516016e601a4ea1fc3d9f0df23f547df42984c17df88b162e82587f4eb5f1'}",mock
0xb616432d95f415b1b412a88e14de553b5ebb694ee94d6963d17884faaf4a8c7c,86000,1,TicketReserved,"{'model_id': 'model_mnist_784_noniid', 'round': 2, 'ticket_id': 118, 'owner': 'acct_18'}",mock
0x1d5313c3e722352c221a55c06b3965beb5fc5606d95d5c6a731f26318363af2a,93000,1,UpdatePublished,"{'model_id': 'model_mnist_784_noniid', 'round': 2, 'ticket_id': 118, 'cid': 'sha256:8b8c212df4d87e1b397a326e185b9d76e13072bfc83eed76b9ecd0fe2e7b223c'}",mock
0xe219ce7eb7ad068722222e2f7cd3e953ad5b95b04ae3d9f251ed65a28bdcde78,86000,1,TicketReserved,"{'model_id': 'model_mnist_784_noniid', 'round': 2, 'ticket_id': 119, 'owner': 'acct_19'}",mock
0x1ab5281b5aff949018f6c7f7f8d81a1296d8442229293a6bbef6d3471a6df0ee,93000,1,UpdatePublished,"{'model_id': 'model_mnist_784_noniid', 'round': 2, 'ticket_id': 119, 'cid': 'sha256:67b293ebbf0b8709c49c89bc84ea7172d75ca199651cfbb4b04ad9d8d679b4d1'}",mock
0x3850b34fde5db10d0c641e4cfc408db3e585ebf192c948841dd16e603420a52e,86000,1,TicketReserved,"{'model_id': 'model_mnist_784_noniid', 'round': 2, 'ticket_id': 120, 'owner': 'acct_20'}",mock
0xda6ef0fa87f823109ab6381c846a6e20b396ad0d47d8cd278ef0b31a401449a1,93000,1,UpdatePublished,"{'model_id': 'model_mnist_784_noniid', 'round': 2, 'ticket_id': 120, 'cid': 'sha256:15555de4647541a5df36131a7383b75b283c7e837ac82a6b4c586af2addfaa00'}",mock
0x9326c2c6df3b7056364d8fc99181239de76e337ec077cfcbc199d067b8850bb1,86000,1,TicketReserved,"{'model_id': 'model_mnist_784_noniid', 'round': 2, 'ticket_id': 121, 'owner': 'acct_21'}",mock
0xc37685112ced39616f59f844cd3b561e658f33d504cbb45fbc3eeedcfd8331a0,93000,1,UpdatePublished,"{'model_id': 'model_mnist_784_noniid', 'round': 2, 'ticket_id': 121, 'cid': 'sha256:05f37399b1d0582719db0242b3289df39df14336992562b05ae33e1a5b682291'}",mock
0x8588b3903ba1ce2b200d0fc5e6ab1d9b6ba24d6c19a199f9196cade0b4bef535,86000,1,TicketReserved,"{'model_id': 'model_mnist_784_noniid', 'round': 2, 'ticket_id': 122, 'owner': 'acct_22'}",mock
0x3fbf890aa23dfe9a8d7745734776a8bcc5f58246ed049b6edcf0cfbbb4274dc1,93000,1,UpdatePublished,"{'model_id': 'model_mnist_784_noniid', 'round': 2, 'ticket_id': 122, 'cid': 'sha256:04fc0c1500ab0737de3c6669a2b4575e5573df4647e4a93903cb4c590e2a0040'}",mock
0x8f2063364504350ebdc6d1e5aeb14b203b10e462b9939093e031d7ab04834e4f,86000,1,TicketReserved,"{'model_id': 'model_mnist_784_noniid', 'round': 2, 'ticket_id': 123, 'owner': 'acct_23'}",mock
0x7dc2188c563246acca7292e39570ffd22a30b9b4c4962b3ede59342ec2e862e3,93000,1,UpdatePublished,"{'model_id': 'model_mnist_784_noniid', 'round': 2, 'ticket_id': 123, 'cid': 'sha256:070a27a3a019524801b99e360bdde24e7daf4ab6f5f51afdabb44d0809b263bf'}",mock
0xbeb6729baa1bbdb848d0e0da61f6ab951a240308ba05425f0d8cf542b0f31dda,86000,1,TicketReserved,"{'model_id': 'model_mnist_784_noniid', 'round': 2, 'ticket_id': 124, 'owner': 'acct_24'}",mock
0xa3329c59f1baf2b908b9d1bb512425ed6eae0f4c467cbf81aefb10d5e768711f,93000,1,UpdatePublished,"{'model_id': 'model_mnist_784_noniid', 'round': 2, 'ticket_id': 124, 'cid': 'sha256:dc252cea98fc8b3a4bea8c1eeb27a1d19d429f2e4cf1036e540230e880d0c412'}",mock
0xc3471d57a7445071f8e710a15d0c6c17aae3ede7a5d1e959f9f0d8c6c453f4d1,86000,1,TicketReserved,"{'model_id': 'model_mnist_784_noniid', 'round': 2, 'ticket_id': 125, 'owner': 'acct_25'}",mock
0x98283d534880e762ab55471633b7f685458fb07145c12f309d52d8b82008a651,93000,1,UpdatePublished,"{'model_id': 'model_mnist_784_noniid', 'round': 2, 'ticket_id': 125, 'cid': 'sha256:f51acf2104808058e162fa0437ce117c323db111a1aa61295a214b60579432c9'}",mock
0xbdf144e8e41eb034955868f0cca3131d2f67c64dc05c75e16492ce19c2ff50cc,86000,1,TicketReserved,"{'model_id': 'model_mnist_784_noniid', 'round': 2, 'ticket_id': 126, 'owner': 'acct_26'}",mock
0xa1fe38beb34d4f1af691ada9acee29c3563919b2b8094a225588400f98324834,93000,1,UpdatePublished,"{'model_id': 'model_mnist_784_noniid', 'round': 2, 'ticket_id': 126, 'cid': 'sha256:f66a64ae6cc9e32383472ffb33cbf4d375712bc58187002f03eac25fffe67ed4'}",mock
0xf7b9d0da5231444052736eb0f51003ac5b47089c379536d7c400ad710f5230c4,86000,1,TicketReserved,"{'model_id': 'model_mnist_784_noniid', 'round': 2, 'ticket_id': 127, 'owner': 'acct_27'}",mock
0x5c795bdc127aa9ffed17df78a0fb46084d1dfd5ed6ebe557c2221c4b9e8081b2,93000,1,UpdatePublished,"{'model_id': 'model_mnist_784_noniid', 'round': 2, 'ticket_id': 127, 'cid': 'sha256:2cec5f0c2fec5c60374a4d35aadd4718f96cca951eddaa0d6fc6d2c984f09c22'}",mock
0x072915ad79702a7608f8c490422b5e6676f5acd16b13910fe125396626fa2549,86000,1,TicketReserved,"{'model_id': 'model_mnist_784_noniid', 'round': 2, 'ticket_id': 128, 'owner': 'acct_28'}",mock
0xde9ce93aac1999f0548de8420f80318935a725730a3db1b8ae44da98fe861eca,93000,1,UpdatePublished,"{'model_id': 'model_mnist_784_noniid', 'round': 2, 'ticket_id': 128, 'cid': 'sha256:fb1164b8d5dc571491ff91133582eee163150e17ed985d349f5b8e9212e690f2'}",mock
0x8f37c659c9e7f41c46769b142042b507d26ab0f8b7e193fc1f9b7a687e088dd5,86000,1,TicketReserved,"{'model_id': 'model_mnist_784_noniid', 'round': 2, 'ticket_id': 129, 'owner': 'acct_29'}",mock
0x5cc979a6de232c5c87956464db701d2755833affe2bc2416b3f68f20a0253bf9,93000,1,UpdatePublished,"{'model_id': 'model_mnist_784_noniid', 'round': 2, 'ticket_id': 129, 'cid': 'sha256:73edcbfa4ec662b6d00fe3abdf3a98fbe9897825e4a0314861b90a36ad43ccf9'}",mock
0x9e97c23ca1e170c3a8c3ff86867ed7e2dafe742f7e9ef840b71284a46a29bfd7,86000,1,TicketReserved,"{'model_id': 'model_mnist_784_noniid', 'round': 2, 'ticket_id': 130, 'owner': 'acct_30'}",mock
0x565185e6c022cba6cd8960be02ba9be2afc99849afa948ccd880e10df58568f9,93000,1,UpdatePublished,"{'model_id': 'model_mnist_784_noniid', 'round': 2, 'ticket_id': 130, 'cid': 'sha256:4c02a1916385bea9a2de65eec5687421841b46cfb3f8f36f3f2ca4fc3bb58e43'}",mock
0xec8664c417b010c6038a71fe2639d51a627d95c4a5b92636435893b5aa11ebf4,86000,1,TicketReserved,"{'model_id': 'model_mnist_784_noniid', 'round': 2, 'ticket_id': 131, 'owner': 'acct_31'}",mock
0xeb80124cebbfa62b2bc3d0379766128d4459da59bee5630b82d08b7c386f1b97,93000,1,UpdatePublished,"{'model_id': 'model_mnist_784_noniid', 'round': 2, 'ticket_id': 131, 'cid': 'sha256:7bdb1cfe3b828297ef25e675b1944f66ab728d0704cf92cc410c960f34ff5c5a'}",mock
0xf909951a2426b8c988cae3f52f2f905e3b64979af115f1c587a62de6889ef575,86000,1,TicketReserved,"{'model_id': 'model_mnist_784_noniid', 'round': 2, 'ticket_id': 132, 'owner': 'acct_32'}",mock
0xe4532c1ae61198a54e4dff590e06b23fda730b546e72733b76ee98184c339697,93000,1,UpdatePublished,"{'model_id': 'model_mnist_784_noniid', 'round': 2, 'ticket_id': 132, 'cid': 'sha256:8f78ff8258bb45763266efb1a4f17bb7d4471d49cc96136ff03e6b0231131b57'}",mock
0xcb2a2e4a83cbc7ee3ddfc8cd317c4b109b424b50de0b60263dd7a9620f8fa465,86000,1,TicketReserved,"{'model_id': 'model_mnist_784_noniid', 'round': 2, 'ticket_id': 133, 'owner': 'acct_33'}",mock
0xebfb8f6e2b038d6a463124f3010007af2df6c3bdb92a80f7f847b4ffafeab647,93000,1,UpdatePublished,"{'model_id': 'model_mnist_784_noniid', 'round': 2, 'ticket_id': 133, 'cid': 'sha256:44ac52ba426fc5daf42e7d04cef2585edcde22b359c702d58ffcafcb4e180e66'}",mock
0x74135abe38975cd25edbd016240183599aab29c4d290dad43a53bef027af975a,86000,1,TicketReserved,"{'model_id': 'model_mnist_784_noniid', 'round': 2, 'ticket_id': 134, 'owner': 'acct_34'}",mock
0x301751a99677a311a70b1ed76522088277151bc53224d4f991fc524581736176,93000,1,UpdatePublished,"{'model_id': 'model_mnist_784_noniid', 'round': 2, 'ticket_id': 134, 'cid': 'sha256:442c783194dbefd0cd20d2f6e5c31e5f2375c755d607f2920b03599ed0099e94'}",mock
0x66c28a0c29afbf4eec17698f7f8ce4b5d550df86d8f0010919ec34cd6acae9ae,86000,1,TicketReserved,"{'model_id': 'model_mnist_784_noniid', 'round': 2, 'ticket_id': 135, 'owner': 'acct_35'}",mock
0x5564bb35b67c1ef9a572ae34d979121d4d2f4333936c6f41f954816346bcb073,93000,1,UpdatePublished,"{'model_id': 'model_mnist_784_noniid', 'round': 2, 'ticket_id': 135, 'cid': 'sha256:0e421eeb4dfedd6aa4857078a6bf457db77ddcb242ab7abb93d5af59acf69180'}",mock
0xcc5742853494b4610e94ace1d104648875363e0e578ae0d8618b5ac7fa4aa5be,86000,1,TicketReserved,"{'model_id': 'model_mnist_784_noniid', 'round': 2, 'ticket_id': 136, 'owner': 'acct_36'}",mock
0x69f3e3ae2b0eedc8ad866e5f258d2d8bd753b8cb5ca59ff6af6b317d9daa3b1b,93000,1,UpdatePublished,"{'model_id': 'model_mnist_784_noniid', 'round': 2, 'ticket_id': 136, 'cid': 'sha256:3d331d9c55caffb4cf2d4fd32e30672a9451b507b2544f74e95eb8eb7b8598af'}",mock
0x84f0d2584768033f0b512dcd2bc5573b32ea085a6f17852c5268824d53c46d2b,86000,1,TicketReserved,"{'model_id': 'model_mnist_784_noniid', 'round': 2, 'ticket_id': 137, 'owner': 'acct_37'}",mock
0xe9faa5f7ad37f5e083097d7699341223e48c338cf967c4b93966a7f8da2a4ec3,93000,1,UpdatePublished,"{'model_id': 'model_mnist_784_noniid', 'round': 2, 'ticket_id': 137, 'cid': 'sha256:7564da88fe241c8f9ec8b39251e213bc7617a16882012ecaf6b93efb1d500d97'}",mock
0x2c329204b2558e887a2eb37ca5b94c40f7b58551d2e2396afa8803c0789bc878,86000,1,TicketReserved,"{'model_id': 'model_mnist_784_noniid', 'round': 2, 'ticket_id': 138, 'owner': 'acct_38'}",mock
0xce690e5f4e9547b6e50d05d43a3888723ade8b5a23614878db2db47d058fd15e,93000,1,UpdatePublished,"{'model_id': 'model_mnist_784_noniid', 'round': 2, 'ticket_id': 138, 'cid': 'sha256:fae0f8e9797dc298546c43046f73ace4888694a2141cf78b045a11ee6e79aa6c'}",mock
0xd1319538e19fc2ef1e510278467176029605f530966abedc44982671fc21c34e,86000,1,TicketReserved,"{'model_id': 'model_mnist_784_noniid', 'round': 2, 'ticket_id': 139, 'owner': 'acct_39'}",mock
0x62c5ca1fc2fb18879762bee2286a424ac8ddc1f2b6fd9d349a94af479951f2f1,93000,1,UpdatePublished,"{'model_id': 'model_mnist_784_noniid', 'round': 2, 'ticket_id': 139, 'cid': 'sha256:6eec6273e5c9889515e65077d64253ef7746e5d656abca938a2773a325798cd4'}",mock
0xe73d01d32009b1b612a14e65163449fef173c3e5c1fab2aa5eda186498a6d387,86000,1,TicketReserved,"{'model_id': 'model_mnist_784_noniid', 'round': 2, 'ticket_id': 140, 'owner': 'acct_40'}",mock
0xc589726e3cbfad2f9aca2affd6af0337eb8ba5a5be44fd2574e85c9d40e1fcce,93000,1,UpdatePublished,"{'model_id': 'model_mnist_784_noniid', 'round': 2, 'ticket_id': 140, 'cid': 'sha256:77041485f13a962eba4c77c38654090a8c2f652aeafa6d2520f15c70037d6441'}",mock
0x98b19c15bd7783e48c76ddb7004c45377677df2ea6ff9e4183ba1290eb6b1d3a,86000,1,TicketReserved,"{'model_id': 'model_mnist_784_noniid', 'round': 2, 'ticket_id': 141, 'owner': 'acct_41'}",mock
0xe66917033666b2a2f8ef4ce5f6b7465ea284e2f872d4313b7c6f02cb871d4b5e,93000,1,UpdatePublished,"{'model_id': 'model_mnist_784_noniid', 'round': 2, 'ticket_id': 141, 'cid': 'sha256:4da0a6807fce6f3f56fd635f236f64f360721a306f319df61c20b6204882f638'}",mock
0x6e9b6b57b2f2c0f0cf0cb8bade5b30e98d32f4914b737602b54b0efde8314bee,86000,1,TicketReserved,"{'model_id': 'model_mnist_784_noniid', 'round': 2, 'ticket_id': 142, 'owner': 'acct_42'}",mock
0x600ec4d338f6d3596538a0a071354e2948e6588688377062b01fadba4fe93ce6,93000,1,UpdatePublished,"{'model_id': 'model_mnist_784_noniid', 'round': 2, 'ticket_id': 142, 'cid': 'sha256:b9de9f5b4000e1f5c9f7698dec84441937e3ea5501f63936283ede7debd485fb'}",mock
0xe96b4292b16ae7a4c96b43a0b1a58bc28c7489d3d4a6ea5590fe1ce51c9fcd46,86000,1,TicketReserved,"{'model_id': 'model_mnist_784_noniid', 'round': 2, 'ticket_id': 143, 'owner': 'acct_43'}",mock
0x66589a8cba41a6c17ace6ad3ac19b30906f738216154c49868e101057672137f,93000,1,UpdatePublished,"{'model_id': 'model_mnist_784_noniid', 'round': 2, 'ticket_id': 143, 'cid': 'sha256:e0cfbdf409ab33ad6087cf55687d433683fd824618d199cccf780796cc57a7d5'}",mock
0x61f290fc0510dbc10130921ca05cb47d31b6210ec112e01ba4691eb29edbd34c,86000,1,TicketReserved,"{'model_id': 'model_mnist_784_noniid', 'round': 2, 'ticket_id': 144, 'owner': 'acct_44'}",mock
0x4034db86c4cd70f90d4b1828455ebf641c64cd9ebb17e9d79276ed603089c8e1,93000,1,UpdatePublished,"{'model_id': 'model_mnist_784_noniid', 'round': 2, 'ticket_id': 144, 'cid': 'sha256:74778c5e8b70e1391978ca7b8fdd874e10616394d149e549eb91a5aad61a982f'}",mock
0x2be406384e8a246b9e3f542ab185c799720666f102ff34f55b4def916babd209,86000,1,TicketReserved,"{'model_id': 'model_mnist_784_noniid', 'round': 2, 'ticket_id': 145, 'owner': 'acct_45'}",mock
0x2be92681bfd97565462905b9e8984f85f2c62ea06587d294028bb31d50a828c9,93000,1,UpdatePublished,"{'model_id': 'model_mnist_784_noniid', 'round': 2, 'ticket_id': 145, 'cid': 'sha256:92cd4279d5136b08bea5118e0cb8df8a6d8d874e3b6e5fe7a80ceb5393343241'}",mock
0x1d91cd076f1a2f44a29832aa5fe0ff50cd8bbdd51c81ba36257b2f02f39b59e4,86000,1,TicketReserved,"{'model_id': 'model_mnist_784_noniid', 'round': 2, 'ticket_id': 146, 'owner': 'acct_46'}",mock
0xe7ab61bc2bb4de0c785442c860c3048279e16ece1617681e86b594c5bb509cf7,93000,1,UpdatePublished,"{'model_id': 'model_mnist_784_noniid', 'round': 2, 'ticket_id': 146, 'cid': 'sha256:7a2de0f7e4e48f63205285707a0f509fc72da91be1efd1febdd0d589a48c3ad0'}",mock
0xc137e77caec2be19caf0adf83dc2f98ec4412fa51fa4a81373c2a23dad76fe2d,86000,1,TicketReserved,"{'model_id': 'model_mnist_784_noniid', 'round': 2, 'ticket_id': 147, 'owner': 'acct_47'}",mock
0x670631711bf891963a527f97d8c5dca6a162a9872dfd3286f50785e1002d81c0,93000,1,UpdatePublished,"{'model_id': 'model_mnist_784_noniid', 'round': 2, 'ticket_id': 147, 'cid': 'sha256:6c93cc959c7a95a1ca02c492fd6b90280da6ce3c827d0c78f641f0aa947d3672'}",mock
0xe3dd536b4a038001723b85b4b35611f604d7cafeaf249de9b6bfab3949e2b298,86000,1,TicketReserved,"{'model_id': 'model_mnist_784_noniid', 'round': 2, 'ticket_id': 148, 'owner': 'acct_48'}",mock
0xa12197c58877b119e602a5eca3ecc3174547dd551ffa2eb360bf66375fd18ac2,93000,1,UpdatePublished,"{'model_id': 'model_mnist_784_noniid', 'round': 2, 'ticket_id': 148, 'cid': 'sha256:aed38a07088bb59ba26cfa6693872453fad260b7d3c2d31ce031229d9c524261'}",mock
0x9d6cccba8cc68455b0bb1dc15fc9234ebc99fb0b8930a1f8c9210d85c90e59c7,86000,1,TicketReserved,"{'model_id': 'model_mnist_784_noniid', 'round': 2, 'ticket_id': 149, 'owner': 'acct_49'}",mock
0x844cebe87f6fed840434b46656f2a7218f8ed73bd349abf46620833839ab83ff,93000,1,UpdatePublished,"{'model_id': 'model_mnist_784_noniid', 'round': 2, 'ticket_id': 149, 'cid': 'sha256:073f5cd637fadb03fed71e3db0edf2e92fc00a22d2d275514c7733c0ca1c0654'}",mock
0xe1cf16c5f8cdd806d9eb6669423133c6be60a5c4eeee0f014a94a44266f24562,86000,1,TicketReserved,"{'model_id': 'model_mnist_784_noniid', 'round': 2, 'ticket_id': 150, 'owner': 'acct_50'}",mock
0x603b1f6cbdf0e382524e5bac11a3fe6cd0e79848efe6715be00c72c68d03c1d5,93000,1,UpdatePublished,"{'model_id': 'model_mnist_784_noniid', 'round': 2, 'ticket_id': 150, 'cid': 'sha256:2fa7e4fb31e43eb69e82ab6d6e343ab4a79cf458c54978501635000c2dd42bf5'}",mock
0x9c824c0baaabb8672fea879512ff8f93a5595a27be258d3add5cbccdaafc1a17,665000,1,RoundFinalized,"{'model_id': 'model_mnist_784_noniid', 'round': 2, 'included': 27, 'refunds': 27}",mock
0x11fc22b024ca9a64b7f76a8704091c61cf2315ba1ffbd2634b2b282c182ba2a3,52000,1,RoundFunded,"{'model_id': 'model_mnist_784_noniid', 'amount_wei': 10000000000000000}",mock
0x4df54672b88db7b16bd07334ca0b622a87a3780120fd076e670f38529c42f1e9,86000,1,TicketReserved,"{'model_id': 'model_mnist_784_noniid', 'round': 3, 'ticket_id': 151, 'owner': 'acct_1'}",mock
0x45aa1e96cfdfa97183ec52344f6d3eed5894dd4bb08eba4ace7fcb0f4fe89879,93000,1,UpdatePublished,"{'model_id': 'model_mnist_784_noniid', 'round': 3, 'ticket_id': 151, 'cid': 'sha256:2f2ab9ab1c50d229c7ec0a58b38317fb7711fd2017a6cb74832ab20eba22b456'}",mock
0x04148c2fb0d6b708c71a8ef440420f9877024be1a89454309906e801bb9ae817,86000,1,TicketReserved,"{'model_id': 'model_mnist_784_noniid', 'round': 3, 'ticket_id': 152, 'owner': 'acct_2'}",mock
0x1eec9f44a9d713e0af2776c777b0a4765fdb829d182ab2e19a6291ef1aac74af,93000,1,UpdatePublished,"{'model_id': 'model_mnist_784_noniid', 'round': 3, 'ticket_id': 152, 'cid': 'sha256:ba532a8bfb0c38ea86ead68f7c7f04175d3e115f75cb9a4171f9c4cefd433b5f'}",mock
0x77d75da3d94a136ffb0ab5dc86018149f90e5005781bbb00a88bc836599400cb,86000,1,TicketReserved,"{'model_id': 'model_mnist_784_noniid', 'round': 3, 'ticket_id': 153, 'owner': 'acct_3'}",mock
0x55609342eb22cebf971790e765d4bc6f086853457a0edc451b12c4bfc03ce4b5,93000,1,UpdatePublished,"{'model_id': 'model_mnist_784_noniid', 'round': 3, 'ticket_id': 153, 'cid': 'sha256:29622f7144f124469e1bda543e07aba26d3ae9c606aa5853dc9b6d12fdf93ac8'}",mock
0xe66049b1984b644ecc646f77d3f11fb862baeb19b4836b1add34825e0408eaf9,86000,1,TicketReserved,"{'model_id': 'model_mnist_784_noniid', 'round': 3, 'ticket_id': 154, 'owner': 'acct_4'}",mock
0x6123631f206dafbf552a773e739fc537f8a5ea5bfee7e97f55ea9047b042a0e9,93000,1,UpdatePublished,"{'model_id': 'model_mnist_784_noniid', 'round': 3, 'ticket_id': 154, 'cid': 'sha256:f58b28c998e18ff31481e55c2831e87cbf8862d70fef476e9d496f2790d26e7c'}",mock
0x84f8556a3f391065089c068006d314c68bf7b984cee3b5927cece1448b0d9968,86000,1,TicketReserved,"{'model_id': 'model_mnist_784_noniid', 'round': 3, 'ticket_id': 155, 'owner': 'acct_5'}",mock
0x136f40ab2fe34be849bddf58f069c0e61f2e1c0ce1a60336e3c97d2f3ea3cccd,93000,1,UpdatePublished,"{'model_id': 'model_mnist_784_noniid', 'round': 3, 'ticket_id': 155, 'cid': 'sha256:6cebd9780f83a2c333888cebffe0f7b84c379410d6ece139afa402d50d053f9c'}",mock
0xafeaefbc1ca2807629cc22cfb1a7fd8698d7da90485d2d34c4bff4e05d3f8d85,86000,1,TicketReserved,"{'model_id': 'model_mnist_784_noniid', 'round': 3, 'ticket_id': 156, 'owner': 'acct_6'}",mock
0x5ae6eca5d3a6a77f47355a0c070b145ef3e00d0387611d88b15275c10330d980,93000,1,UpdatePublished,"{'model_id': 'model_mnist_784_noniid', 'round': 3, 'ticket_id': 156, 'cid': 'sha256:915d900a0a481a174657142270d1d23bc5c2e00d983cbbc5395776e95aee200e'}",mock
0x92cc417dcee8eb3a7c12646061688e854cca74a4020076a8f0ae5032a2130ef9,86000,1,TicketReserved,"{'model_id': 'model_mnist_784_noniid', 'round': 3, 'ticket_id': 157, 'owner': 'acct_7'}",mock
0x26471eaa53e8c848d95c944cb24407d2b558645ea8b20ecf1332611dd5bb8692,93000,1,UpdatePublished,"{'model_id': 'model_mnist_784_noniid', 'round': 3, 'ticket_id': 157, 'cid': 'sha256:ce6f1b69c3baf296f7a5690ac03452ff05d8f174ce672a4b821dd68adf54a380'}",mock
0xdefe0489ff36da73f8314720e5e815973783ee6dbfd8b4dbf064d8445702b77d,86000,1,TicketReserved,"{'model_id': 'model_mnist_784_noniid', 'round': 3, 'ticket_id': 158, 'owner': 'acct_8'}",mock
0x1427dfa4b6f6a5b0c48bdb03bbcf6073f9e5271399aeb0bf05aa86a67abe704d,93000,1,UpdatePublished,"{'model_id': 'model_mnist_784_noniid', 'round': 3, 'ticket_id': 158, 'cid': 'sha256:34075ff01687eacf723af8f60747dff5ee71b704f74ae4d6e3cdf9360d3b4a8b'}",mock
0xaa66692a2c7a9a4994177ca61e01196a412f8c2622db832934d1b39df82061d3,86000,1,TicketReserved,"{'model_id': 'model_mnist_784_noniid', 'round': 3, 'ticket_id': 159, 'owner': 'acct_9'}",mock
0xa01f4ac9c61b353938d750f8e565bae34a9d289f1f42c0d8fbca8e3bbb20b78c,93000,1,UpdatePublished,"{'model_id': 'model_mnist_784_noniid', 'round': 3, 'ticket_id': 159, 'cid': 'sha256:77d338b02bafc5399e09f23d794b4ef6e7b538c25d30f902621de0155285b0b1'}",mock
0x63468b6576611a4654834a490d7df5bcd6006af2e1edafce085c9601a3f0e597,86000,1,TicketReserved,"{'model_id': 'model_mnist_784_noniid', 'round': 3, 'ticket_id': 160, 'owner': 'acct_10'}",mock
0x3396023944ef67ab757fd38abead6b0a26cb25570578873fcde43912beec9b2f,93000,1,UpdatePublished,"{'model_id': 'model_mnist_784_noniid', 'round': 3, 'ticket_id': 160, 'cid': 'sha256:5243bb893f9f30194e84ecf69b7b1679150e9d689f692b187f2c8f6f238c9738'}",mock
0x29f08f1b8ca90f31b8de9c6af6cc94c75f70aa99fdced10459bbed238dbf62ad,86000,1,TicketReserved,"{'model_id': 'model_mnist_784_noniid', 'round': 3, 'ticket_id': 161, 'owner': 'acct_11'}",mock
0x2f4486da341ff8fd9dc80153ce9eca719fd7a193b3b61aca16273fa56ffb5576,93000,1,UpdatePublished,"{'model_id': 'model_mnist_784_noniid', 'round': 3, 'ticket_id': 161, 'cid': 'sha256:903b7818498d9442151b422b54044d5537d2738fe743c6aad5c9221481fcd07d'}",mock
0xe3d62a1562ee9911355d740627e71b5b1237b695692247042d098777f7dae2d0,86000,1,TicketReserved,"{'model_id': 'model_mnist_784_noniid', 'round': 3, 'ticket_id': 162, 'owner': 'acct_12'}",mock
0xe5f80495cb164d798bea7799c4b9fbb30f63101def888216cc9c8724c6535e92,93000,1,UpdatePublished,"{'model_id': 'model_mnist_784_noniid', 'round': 3, 'ticket_id': 162, 'cid': 'sha256:4a416b9bb16ac555ea69bbf7ee8059474843573723b81880620f5d04afad7ae0'}",mock
0x133dab58f31be98f6564a56bd641a1f65de7934d721f1af3d17a1b645a1aff1c,86000,1,TicketReserved,"{'model_id': 'model_mnist_784_noniid', 'round': 3, 'ticket_id': 163, 'owner': 'acct_13'}",mock
0x7e8116bd164e0f0b4e9ed2f80cbe19e0e74fdb6dd305d8d2d536925f007037f8,93000,1,UpdatePublished,"{'model_id': 'model_mnist_784_noniid', 'round': 3, 'ticket_id': 163, 'cid': 'sha256:3451cfc87fbacbfd3c8d4d3abdff70fe4bd87f2f8d4d856cd3a8fe28f9cdfae8'}",mock
0xfdfa12cd78af86a5fea4d9f16c67fa09c3e923db2e62e58fe55c151237defd5b,86000,1,TicketReserved,"{'model_id': 'model_mnist_784_noniid', 'round': 3, 'ticket_id': 164, 'owner': 'acct_14'}",mock
0x61948bfea6c4a3bd1052b775152f7bd57a26289b2c90141060f96b799a69e988,93000,1,UpdatePublished,"{'model_id': 'model_mnist_784_noniid', 'round': 3, 'ticket_id': 164, 'cid': 'sha256:272a858788558f579b3da9adf1475fa3fa3517c61d0f815a19c820f6314cde9a'}",mock
0x57f0e54fa226c9845e9e64b3acc2c3273e5a9249ba82da12c8315903fbbb17b9,86000,1,TicketReserved,"{'model_id': 'model_mnist_784_noniid', 'round': 3, 'ticket_id': 165, 'owner': 'acct_15'}",mock
0xab2d5799046e8520c7809341c4651f06bc334c10759874c0a0d5d16970e778cd,93000,1,UpdatePublished,"{'model_id': 'model_mnist_784_noniid', 'round': 3, 'ticket_id': 165, 'cid': 'sha256:bf538c14e497de004c1be809348b8f13ae91dffe9d5631c2c052c80475140644'}",mock
0x459d038fb79591daa04f4c2f3cff211fa9ad8a917797980da9a696882de8eb29,86000,1,TicketReserved,"{'model_id': 'model_mnist_784_noniid', 'round': 3, 'ticket_id': 166, 'owner': 'acct_16'}",mock
0xf7fb594d18490c4683a85aa348ad7881fd2af47ca60404fb8927bfe9bbe14c71,93000,1,UpdatePublished,"{'model_id': 'model_mnist_784_noniid', 'round': 3, 'ticket_id': 166, 'cid': 'sha256:f2cf4f30f41e6e78f36d43ecdd58e95eaeebe3e13cc8738ee861c366c0bdfa5c'}",mock
0xc11a0a29cbdfb71986d1f08fb8b49669ac82496ec12e94a96e600f3692935aeb,86000,1,TicketReserved,"{'model_id': 'model_mnist_784_noniid', 'round': 3, 'ticket_id': 167, 'owner': 'acct_17'}",mock
0x4f2ab51200f74001957ab4ee04d9414a0d84e65c60ee29433d21406a61f232aa,93000,1,UpdatePublished,"{'model_id': 'model_mnist_784_noniid', 'round': 3, 'ticket_id': 167, 'cid': 'sha256:ae54d9c5b87e2ea27e87f8b0ef5c4a7de073ca3edc714ba38e1e75d9c1a1f462'}",mock
0x64e9c447e25a1fb8b5641e4c1224266aa4c83931c3b56d347eee7d883bcc4187,86000,1,TicketReserved,"{'model_id': 'model_mnist_784_noniid', 'round': 3, 'ticket_id': 168, 'owner': 'acct_18'}",mock
0xc5d59f565bcd93dc60457e697542805db5022b39820e867e05dd4772f1551d73,93000,1,UpdatePublished,"{'model_id': 'model_mnist_784_noniid', 'round': 3, 'ticket_id': 168, 'cid': 'sha256:124b7574ecdf2cdb5ec6e06c070fb99b763b3995b50aa6c5388decee4334d4eb'}",mock
0x4c0d330aed59dbe7822db53e277bd760ca3145f668189b720d747af1658638b7,86000,1,TicketReserved,"{'model_id': 'model_mnist_784_noniid', 'round': 3, 'ticket_id': 169, 'owner': 'acct_19'}",mock
0xd0c4412b83075da4f029a0d2a558b8d3a365a5e6d8a09b3d9c1b3211a206ada0,93000,1,UpdatePublished,"{'model_id': 'model_mnist_784_noniid', 'round': 3, 'ticket_id': 169, 'cid': 'sha256:52b5f0c5cbd2dd3bae00ce154143b7e7b5d51023d8ab7ec89ebe86c3a34c618a'}",mock
0xa4641af0eb499537b68d9959fb39cc037ed75d3f59eee77bc14595f0394dd1ef,86000,1,TicketReserved,"{'model_id': 'model_mnist_784_noniid', 'round': 3, 'ticket_id': 170, 'owner': 'acct_20'}",mock
0xaafa1368a064378cd9b55471523130d7898794c9f5b24c8fa63092c1efd76841,93000,1,UpdatePublished,"{'model_id': 'model_mnist_784_noniid', 'round': 3, 'ticket_id': 170, 'cid': 'sha256:85f89648248018f104db4cec095e99c44319ebb6e6f2206a4117d993a2be9de8'}",mock
0x8e72b1bf59095909aa90c263e92a9a2462e486c7a6fa492d1ff32353d59f4220,86000,1,TicketReserved,"{'model_id': 'model_mnist_784_noniid', 'round': 3, 'ticket_id': 171, 'owner': 'acct_21'}",mock
0xdb8dbaa792fcdabcad6c8b24dd51823a82a5026604a154634d83eb1519599930,93000,1,UpdatePublished,"{'model_id': 'model_mnist_784_noniid', 'round': 3, 'ticket_id': 171, 'cid': 'sha256:d569d27ce4d3b3e08027396f08b4d119cca99612e835c84a217bd6b29093edbc'}",mock
0x82dad3300c25e2a4647306c622a882ac19dda975a11c68ced86e36d99e079f1b,86000,1,TicketReserved,"{'model_id': 'model_mnist_784_noniid', 'round': 3, 'ticket_id': 172, 'owner': 'acct_22'}",mock
0xef57c2e953741d276196bde3cbd3635c8d07b51a6aad815e2f5b737f28da601a,93000,1,UpdatePublished,"{'model_id': 'model_mnist_784_noniid', 'round': 3, 'ticket_id': 172, 'cid': 'sha256:52ea76cf1f115fe604c61668c608b69bfbc25f69f797ccba243f4431d6b176e6'}",mock
0xdda08fd5a10d83d4b4408feced117ea4b5965f31f9275414229bd3d42d00e2e9,86000,1,TicketReserved,"{'model_id': 'model_mnist_784_noniid', 'round': 3, 'ticket_id': 173, 'owner': 'acct_23'}",mock
0xbfe9bd2db030dc2d2791d010f6ab1328f13b2db42b149f87e18c5ec3eb30da48,93000,1,UpdatePublished,"{'model_id': 'model_mnist_784_noniid', 'round': 3, 'ticket_id': 173, 'cid': 'sha256:2b30876ffa367d64c8b510d5acc8d162bd2b06e8c67396bc7a585b6ac5da8a4d'}",mock
0x1b05ab46969cf1327ed868ea608fd7284df6f4a60666ab9dc81e4f38b95a922a,86000,1,TicketReserved,"{'model_id': 'model_mnist_784_noniid', 'round': 3, 'ticket_id': 174, 'owner': 'acct_24'}",mock
0x8fcc7a96c78b11576c6a9bb62350aaf4f4695e47d637017db75b82978b4ea683,93000,1,UpdatePublished,"{'model_id': 'model_mnist_784_noniid', 'round': 3, 'ticket_id': 174, 'cid': 'sha256:c76e98fdcb7cade5dfeaa107e510c0ff0d1656344aeb882327b0652c9201ecee'}",mock
0xf30d79f55750171330ab57aebbaa3f115efdac98eb5586c038950085bb8fd526,86000,1,TicketReserved,"{'model_id': 'model_mnist_784_noniid', 'round': 3, 'ticket_id': 175, 'owner': 'acct_25'}",mock
0x23fcd2d38e4e96f6e3af2b6db400903805e97e4cf7d7e0d3b78e2f6b1c596798,93000,1,UpdatePublished,"{'model_id': 'model_mnist_784_noniid', 'round': 3, 'ticket_id': 175, 'cid': 'sha256:2650830bb6da913989e1c1c9232d58e2b67ff1088141f4bc6427fd7e457896ba'}",mock
0xd6015f549a294fe9fa75ccd52e015d425c3710a726b8c57cc1f54b147d544895,86000,1,TicketReserved,"{'model_id': 'model_mnist_784_noniid', 'round': 3, 'ticket_id': 176, 'owner': 'acct_26'}",mock
0xb07c19c5fcf86e87b66bb2ce7ec9416fbf689611f76739aeafc8c0aaa1bd9105,93000,1,UpdatePublished,"{'model_id': 'model_mnist_784_noniid', 'round': 3, 'ticket_id': 176, 'cid': 'sha256:c7084a6707b45862d8722a0b46ef62ae7b2bf484deb8354edf8ee5458bb4018b'}",mock
0x317fc14d470c1e590ce1d4861f684f7c66298c390a511131c6898fcb3125ac5e,86000,1,TicketReserved,"{'model_id': 'model_mnist_784_noniid', 'round': 3, 'ticket_id': 177, 'owner': 'acct_27'}",mock
0xa8de528e814d0069bc9d13a93d9f54da85e7658b3038574a5034554c46b29a95,93000,1,UpdatePublished,"{'model_id': 'model_mnist_784_noniid', 'round': 3, 'ticket_id': 177, 'cid': 'sha256:0d88b1a6df60aa555b6fbca695e34ab4afc69833609310ec53a25bb8fe7fdf27'}",mock
0x5e2238582a5ac96c6b37bb9418e4485e017a74d0ee2a72d70c5acf0d262c891c,86000,1,TicketReserved,"{'model_id': 'model_mnist_784_noniid', 'round': 3, 'ticket_id': 178, 'owner': 'acct_28'}",mock
0x82f74e4d83c8e608859eb230ae625bb49120d5996eb4a7d49e26b5bd98929f17,93000,1,UpdatePublished,"{'model_id': 'model_mnist_784_noniid', 'round': 3, 'ticket_id': 178, 'cid': 'sha256:c16080042ba13813d7b05bf79b80b374405747d8cc8cbc67aee12d0e278aacd7'}",mock
0x7493559b46303576c1b538d406ccb2c9871ca8df4c24a577df84646c03910cd2,86000,1,TicketReserved,"{'model_id': 'model_mnist_784_noniid', 'round': 3, 'ticket_id': 179, 'owner': 'acct_29'}",mock
0xbe79b4ca7cf3ac5d2ba06c278213a197f39a6bc3a0289a2b7e724f8521bc2f46,93000,1,UpdatePublished,"{'model_id': 'model_mnist_784_noniid', 'round': 3, 'ticket_id': 179, 'cid': 'sha256:13ff318e3d480ebe0f26b641afa7c68a5f328bb34ffb6e3d278a5aa61d603f64'}",mock
0xe345751f0ccbfd007a8d8930bb1322f2f82e91d2eae9f1f6512904e3b4da942b,86000,1,TicketReserved,"{'model_id': 'model_mnist_784_noniid', 'round': 3, 'ticket_id': 180, 'owner': 'acct_30'}",mock
0x8c9f9e5d81d87210f4c4d6ce7739a2a33b0e05a2c17565270168e2a8d0d48a9e,93000,1,UpdatePublished,"{'model_id': 'model_mnist_784_noniid', 'round': 3, 'ticket_id': 180, 'cid': 'sha256:9caf506c16109f33802787b21bf73294750659f00f2872d8abea4672431f8a70'}",mock
0x631324d290efadd8f54917c8b8397317c918741ee8a494e9a49190d8fc356fe2,86000,1,TicketReserved,"{'model_id': 'model_mnist_784_noniid', 'round': 3, 'ticket_id': 181, 'owner': 'acct_31'}",mock
0xfc5fbac22449c6f2ff6387fe371943176c9ad707f32cf8ed2dcb1d56239c5b72,93000,1,UpdatePublished,"{'model_id': 'model_mnist_784_noniid', 'round': 3, 'ticket_id': 181, 'cid': 'sha256:4ebfe27b3d42bceb221fde15ef99a47ec0cfb2522c79c1ed0edf1d4ec871c02c'}",mock
0xcb6ecdb32d59304669d7f9c88d774295f2e17a1bc1a2003787be81cff7f2987b,86000,1,TicketReserved,"{'model_id': 'model_mnist_784_noniid', 'round': 3, 'ticket_id': 182, 'owner': 'acct_32'}",mock
0xf55f1839027770a8001c966b67609396448db563fef6093f0381762749eff73e,93000,1,UpdatePublished,"{'model_id': 'model_mnist_784_noniid', 'round': 3, 'ticket_id': 182, 'cid': 'sha256:d9a9aa41c12b2e9e6685713d277501b608e39de5e23274f54be6205f5724c552'}",mock
0xa30f50444ac1919cc33c566b0521ba3bd414bf958c99b1e7b41411c52108293b,86000,1,TicketReserved,"{'model_id': 'model_mnist_784_noniid', 'round': 3, 'ticket_id': 183, 'owner': 'acct_33'}",mock
0x277c034c58213726e3e40189113fb729b65311cc146bb8c0e05173b3496acfef,93000,1,UpdatePublished,"{'model_id': 'model_mnist_784_noniid', 'round': 3, 'ticket_id': 183, 'cid': 'sha256:8411fbf4ab624b93695b4cbfbb70fddebbcea30cd2a3beff8ab4304a59b5c1df'}",mock
0xf20a704c3cbec275d127a517cc3788bdb3861483fde849b2c88b7f52ee8b2c66,86000,1,TicketReserved,"{'model_id': 'model_mnist_784_noniid', 'round': 3, 'ticket_id': 184, 'owner': 'acct_34'}",mock
0x19056322b2bc8f7b390317fb6fe83e08506ad3777801f2f73752bd5abcea1200,93000,1,UpdatePublished,"{'model_id': 'model_mnist_784_noniid', 'round': 3, 'ticket_id': 184, 'cid': 'sha256:924fe47504d9af7b3099dce2234c22642ce4be78917a1fb12414349b8b54cee3'}",mock
0x909a2cfbd7fd1bcc4c0ac46a082f8ac4fd2318c86b1e70f2ceb53166026e4577,86000,1,TicketReserved,"{'model_id': 'model_mnist_784_noniid', 'round': 3, 'ticket_id': 185, 'owner': 'acct_35'}",mock
0xaf38c3ee17b40ebd85a5c9425c512bf86cdc62dad1dd4303f6b0ea9b179a6dee,93000,1,UpdatePublished,"{'model_id': 'model_mnist_784_noniid', 'round': 3, 'ticket_id': 185, 'cid': 'sha256:43642a24decdaadf984522c57c67dd8e3e73c6f22606b76a28130ccdf7bf06c3'}",mock
0xb413be74b130138dbe7bb62139dc6e6968a276394a5723ab04d2a2dad9c18192,86000,1,TicketReserved,"{'model_id': 'model_mnist_784_noniid', 'round': 3, 'ticket_id': 186, 'owner': 'acct_36'}",mock
0x8ac7c8a50c28f24b58733eef1e2a0511a566e6bc2d07d28984a09eb8f3fb1c54,93000,1,UpdatePublished,"{'model_id': 'model_mnist_784_noniid', 'round': 3, 'ticket_id': 186, 'cid': 'sha256:e2c488c54dbfc8857099f0571c24b1a041a87da148af8763b5b77c8cb3fc6d44'}",mock
0x62e4a65a9434f9ef21de49da31b89da1504d9f3d17cf657b91e3eeb68fcaad2c,86000,1,TicketReserved,"{'model_id': 'model_mnist_784_noniid', 'round': 3, 'ticket_id': 187, 'owner': 'acct_37'}",mock
0x993e67636f28ab6410e283c467726615c15939b81633f9f92d35c5ca51a5a54b,93000,1,UpdatePublished,"{'model_id': 'model_mnist_784_noniid', 'round': 3, 'ticket_id': 187, 'cid': 'sha256:11a9d01c0a5772d2651053e3f8f8b89d6896e5287ce76880cf11cdaec56f41d2'}",mock
0x714c0622544943d75e7e1efdacd7628a90757406d62d64c3537ae668610e2862,86000,1,TicketReserved,"{'model_id': 'model_mnist_784_noniid', 'round': 3, 'ticket_id': 188, 'owner': 'acct_38'}",mock
0x5b4b97841461db5ec73f5e7640ea628a1b10bde1977bbfd04dca6eea0efa75cf,93000,1,UpdatePublished,"{'model_id': 'model_mnist_784_noniid', 'round': 3, 'ticket_id': 188, 'cid': 'sha256:22f303d3bb1022d8ad80273433005ec3c41d31d3daf018b53b1f367cad65afd3'}",mock
0xeae6d84b2f94e8c6800e545a5719ba7076d6353710cefe7d7bf86971e7dde098,86000,1,TicketReserved,"{'model_id': 'model_mnist_784_noniid', 'round': 3, 'ticket_id': 189, 'owner': 'acct_39'}",mock
0xb57664e612d5ab46e1244ec6fbf603301558449b87054845bf53ffbbdec8e94f,93000,1,UpdatePublished,"{'model_id': 'model_mnist_784_noniid', 'round': 3, 'ticket_id': 189, 'cid': 'sha256:692c142665253fcc74f74365d65f2b71da2e12ecd8b73e5f81865be485e13563'}",mock
0xc827d90812800a3502638cd721c77252e9e3695133322fa191397ae11b8fca95,86000,1,TicketReserved,"{'model_id': 'model_mnist_784_noniid', 'round': 3, 'ticket_id': 190, 'owner': 'acct_40'}",mock
0xf722cca34f739096ebe6e793042f79f4ef43b257d2c9586c8a8e626761fd63f7,93000,1,UpdatePublished,"{'model_id': 'model_mnist_784_noniid', 'round': 3, 'ticket_id': 190, 'cid': 'sha256:d9a2ffc69b32e4da4e35112903fc294fa1840f792199dceda7fcb53c2a1e6895'}",mock
0x2db8228e0fae17471e669a9745a16b1a13b0441ebedce7022591c1f9af8b7bba,86000,1,TicketReserved,"{'model_id': 'model_mnist_784_noniid', 'round': 3, 'ticket_id': 191, 'owner': 'acct_41'}",mock
0x45b5441ddb11aef729583354bbfb9b28358e3f61aec3eb1ad87f8a69ebef3f3d,93000,1,UpdatePublished,"{'model_id': 'model_mnist_784_noniid', 'round': 3, 'ticket_id': 191, 'cid': 'sha256:5663892fabb2fe5b172fe148ea8f1307658b15e9c91871806a989613f5cd294d'}",mock
0x75acdc1c6ac29be7ff671383439c47f486e213518dfad4a30804938e04a991f6,86000,1,TicketReserved,"{'model_id': 'model_mnist_784_noniid', 'round': 3, 'ticket_id': 192, 'owner': 'acct_42'}",mock
0x979e3c864b94d222f182966045ece7b04b15e80840ff612035c7c8d80070d14c,93000,1,UpdatePublished,"{'model_id': 'model_mnist_784_noniid', 'round': 3, 'ticket_id': 192, 'cid': 'sha256:cf2d2b2a3ced0182c83c3d919474477159f35f7e1a3f3589eb089961e63ca310'}",mock
0x585cea3d9f3f4d95bee80bc54073f2eff6234526db46d87abe9ad86be1912388,86000,1,TicketReserved,"{'model_id': 'model_mnist_784_noniid', 'round': 3, 'ticket_id': 193, 'owner': 'acct_43'}",mock
0xb61828d1299a9efefacb58336131ce54b9621b625fbe28359dc3205c73ae62ca,93000,1,UpdatePublished,"{'model_id': 'model_mnist_784_noniid', 'round': 3, 'ticket_id': 193, 'cid': 'sha256:96a0c4d3146077c4fd4487fb888698d918d98e41173405c40ceef68add12b5b2'}",mock
0xd93b092cca04e537a2f78018d793260f5e4597c598e3af81a7b66aa8bf4b00d5,86000,1,TicketReserved,"{'model_id': 'model_mnist_784_noniid', 'round': 3, 'ticket_id': 194, 'owner': 'acct_44'}",mock
0xb2cfc3202144ec2dd5c050a1133f7d8532654419de11dbe19ceca3752e0a2bf5,93000,1,UpdatePublished,"{'model_id': 'model_mnist_784_noniid', 'round': 3, 'ticket_id': 194, 'cid': 'sha256:05dbb920f3042e25fcccdfd8c82ff0368dc11afde204b4ea8d6089e56e3fb344'}",mock
0x2d317067ef5a0e2eab557a197b082f99bd4b1e3b911968bf33606db8386ecf5c,86000,1,TicketReserved,"{'model_id': 'model_mnist_784_noniid', 'round': 3, 'ticket_id': 195, 'owner': 'acct_45'}",mock
0x25edd2f73bec01cd90d749500805e65b7782466e93bc5a51ca908f34ea602bf6,93000,1,UpdatePublished,"{'model_id': 'model_mnist_784_noniid', 'round': 3, 'ticket_id': 195, 'cid': 'sha256:60c07d78d4ec3996d7f9260117a6c2ea31de59e486d9de7f387f1d346485969c'}",mock
0xd2ebbad8d1fb57a865ede35cd813c08b142160bb32d72328fde49987722262c5,86000,1,TicketReserved,"{'model_id': 'model_mnist_784_noniid', 'round': 3, 'ticket_id': 196, 'owner': 'acct_46'}",mock
0xac9be17e73038292c7653702f0a114191c58aa5c59983928e74c0defc73ceaba,93000,1,UpdatePublished,"{'model_id': 'model_mnist_784_noniid', 'round': 3, 'ticket_id': 196, 'cid': 'sha256:7644a48529a6a014acb07f0aabdec27e945fb6a7f46b369920f3a04cbc05b347'}",mock
0x1862e5c2f1629c783d033d414d8fa0cce5b43773439c832f5cccc41852b99eee,86000,1,TicketReserved,"{'model_id': 'model_mnist_784_noniid', 'round': 3, 'ticket_id': 197, 'owner': 'acct_47'}",mock
0x1d7714afecbbfeb7c3c3131f18c8c8b9b6a1cc4c849ae8284da1c33b56b80505,93000,1,UpdatePublished,"{'model_id': 'model_mnist_784_noniid', 'round': 3, 'ticket_id': 197, 'cid': 'sha256:f1ee046dbdee830dc29e866f75f0d7ca26a0e56e7316399220622675c6dae612'}",mock
0x0dc95b03421d82e1c1e9df69cf85db5e41d351ac62354e1f6213173a3f1bafac,86000,1,TicketReserved,"{'model_id': 'model_mnist_784_noniid', 'round': 3, 'ticket_id': 198, 'owner': 'acct_48'}",mock
0x0af0e7bc62a151a1270343903aac3a9913e751a9fc66249b76d710f5c3492f51,93000,1,UpdatePublished,"{'model_id': 'model_mnist_784_noniid', 'round': 3, 'ticket_id': 198, 'cid': 'sha256:a6d90c34075ab5125151e4ad6915f084d0ff931a8b7b2551ea23086b9803a201'}",mock
0x710304e9d02e2469db53eab5bb51c9ebf8f70f1f7799dd56f72f9fbe3cbfc428,86000,1,TicketReserved,"{'model_id': 'model_mnist_784_noniid', 'round': 3, 'ticket_id': 199, 'owner': 'acct_49'}",mock
0xad3d7c0169d8e0471076b1785150b7860bd277a91f85826cc8507b00588fe682,93000,1,UpdatePublished,"{'model_id': 'model_mnist_784_noniid', 'round': 3, 'ticket_id': 199, 'cid': 'sha256:5701b77d6300c7d7bb834eb783989223099087824aff1d59de0e1d9201e1fed1'}",mock
0x8e2436e3cd87e82dffb733667bc674cdcb46f93cc65bad61efd2084955d18ba6,86000,1,TicketReserved,"{'model_id': 'model_mnist_784_noniid', 'round': 3, 'ticket_id': 200, 'owner': 'acct_50'}",mock
0xdeb1bd2af5b86017ba99a0574a427944d739b44f82089c54794a5b280577896b,93000,1,UpdatePublished,"{'model_id': 'model_mnist_784_noniid', 'round': 3, 'ticket_id': 200, 'cid': 'sha256:7c720b291739debac0149c8df35bcd15d4025dd2b1b336425c0c6c3219ac035f'}",mock
0xe298838b7795d154f43eb4d9885503e87a1e16d859b2565ac58de7a466e41b65,585000,1,RoundFinalized,"{'model_id': 'model_mnist_784_noniid', 'round': 3, 'included': 23, 'refunds': 23}",mock
0x534fa8afa5610ab4146e67acfb1da1e87951a5d567dd1aea2dc5dad7263666b3,52000,1,RoundFunded,"{'model_id': 'model_mnist_784_noniid', 'amount_wei': 10000000000000000}",mock
0x129e522a3bc5a641d8ff747fc88d0ee6f7cab7a5f06384074d420ff18d82da9a,86000,1,TicketReserved,"{'model_id': 'model_mnist_784_noniid', 'round': 4, 'ticket_id': 201, 'owner': 'acct_1'}",mock
0x004b09a8b556a784f14ff9ee4b0161ec202964d5e006f88c98fad98878abc9c8,93000,1,UpdatePublished,"{'model_id': 'model_mnist_784_noniid', 'round': 4, 'ticket_id': 201, 'cid': 'sha256:0b55ea15d57d2293b0dba6bfd021ee450e88c4eec909be63ac0d7dc4b4905f0c'}",mock
0xfd3335aa32440ead23d4e90fbb26efcb6dc1362a564cf3821548f00033bb7933,86000,1,TicketReserved,"{'model_id': 'model_mnist_784_noniid', 'round': 4, 'ticket_id': 202, 'owner': 'acct_2'}",mock
0x2ce1e513436d8353cd3749a06e4df64fdefce373aaee6188615dc18e572b9357,93000,1,UpdatePublished,"{'model_id': 'model_mnist_784_noniid', 'round': 4, 'ticket_id': 202, 'cid': 'sha256:59b7b6e591e658897cf7d835ff15cc2fb64cda4e4b71e014051d88154d88525a'}",mock
0xc20481b39c88fa992dd9e524becd155809074005173469964526360372fd6534,86000,1,TicketReserved,"{'model_id': 'model_mnist_784_noniid', 'round': 4, 'ticket_id': 203, 'owner': 'acct_3'}",mock
0x419584b055dc287d66b554c7a832f23b933f5cb60f56b200174f0f7c75ce4de5,93000,1,UpdatePublished,"{'model_id': 'model_mnist_784_noniid', 'round': 4, 'ticket_id': 203, 'cid': 'sha256:c05c52f81e51a57f814ee5d284acb9cb01e382be0f40e6f8c77093b69ab25823'}",mock
0x4ab6c29be301e6da75c201fb6beb595c1507867aeb0cb05499f18e9b506db01e,86000,1,TicketReserved,"{'model_id': 'model_mnist_784_noniid', 'round': 4, 'ticket_id': 204, 'owner': 'acct_4'}",mock
0x8a0be34145454860d0f90303f642f9cfc07573be52f60c5db58be168d362ab61,93000,1,UpdatePublished,"{'model_id': 'model_mnist_784_noniid', 'round': 4, 'ticket_id': 204, 'cid': 'sha256:3991d529d2ca907134376c47f2e63641d3e823d4671ceb10d3bddbbfae80ed09'}",mock
0xa2ebce57949f252faf419381b76f03e04873b659debb1a7a61d9e27466c19d49,86000,1,TicketReserved,"{'model_id': 'model_mnist_784_noniid', 'round': 4, 'ticket_id': 205, 'owner': 'acct_5'}",mock
0x851c64a49cd32b4098cba4445ffeff69effadf2cd2f0f580db6f51b793de3bc6,93000,1,UpdatePublished,"{'model_id': 'model_mnist_784_noniid', 'round': 4, 'ticket_id': 205, 'cid': 'sha256:9f076e2a2e02f8a64b3792a0506c7271224628c869955d5aaa010d8d98282d41'}",mock
0x62132be0f0ba7da9341fc5f4ebf96fde58cb24bf6442bd8f58e32c62917a130c,86000,1,TicketReserved,"{'model_id': 'model_mnist_784_noniid', 'round': 4, 'ticket_id': 206, 'owner': 'acct_6'}",mock
0x6ab7fc2d2c8c68eeeea2c93eb045343d615cc5b203def8fc445f01aba738b945,93000,1,UpdatePublished,"{'model_id': 'model_mnist_784_noniid', 'round': 4, 'ticket_id': 206, 'cid': 'sha256:dda8456517712bd05dec1699dc022e2203ddf02c54d81a348a33d806a36d80d0'}",mock
0xe7868ee2efb2e5b9bc0c27a1ae3c4973e47161afb0a114c3a07a681ab5e7deca,86000,1,TicketReserved,"{'model_id': 'model_mnist_784_noniid', 'round': 4, 'ticket_id': 207, 'owner': 'acct_7'}",mock
0x4628657ff13a77886a4dee93ef327d158e039cb720c64bbf061049e165b9be77,93000,1,UpdatePublished,"{'model_id': 'model_mnist_784_noniid', 'round': 4, 'ticket_id': 207, 'cid': 'sha256:33a50493dd7c507cb2a1ced043313e3e6e4397ce095ff8ed2238b78e41a963b7'}",mock
0x941e7c0baff99ceab30c2c6e07be286de9641544914218dce1847a298449bfd9,86000,1,TicketReserved,"{'model_id': 'model_mnist_784_noniid', 'round': 4, 'ticket_id': 208, 'owner': 'acct_8'}",mock
0xc1f1c73fc3b158824781b2832fa93244be340500f9fc0c6e3a56917e43726302,93000,1,UpdatePublished,"{'model_id': 'model_mnist_784_noniid', 'round': 4, 'ticket_id': 208, 'cid': 'sha256:8127e90fe71071d3e0218b0d683ebb4665435d1c7a0f1c86b9934d45061225cd'}",mock
0x0494654cd44a6d19f49be014512bf2b64ae9719557a776a665ebe26e09014ec0,86000,1,TicketReserved,"{'model_id': 'model_mnist_784_noniid', 'round': 4, 'ticket_id': 209, 'owner': 'acct_9'}",mock
0x4df878622715b256adbed9c2cbafe77009205144abe5411e48c24ba31af41f27,93000,1,UpdatePublished,"{'model_id': 'model_mnist_784_noniid', 'round': 4, 'ticket_id': 209, 'cid': 'sha256:ab0b716b7b876f47141ab223f8c2ee6057929084841062e4f282f4c3e39a99d7'}",mock
0x5ae16a2cf182c5f276ef2e6748c5a84fd93f8195cb021e932aca5c36c3c6dd6f,86000,1,TicketReserved,"{'model_id': 'model_mnist_784_noniid', 'round': 4, 'ticket_id': 210, 'owner': 'acct_10'}",mock
0x880941c56befd956fc86448a8286a71c159cf9e7fb648a06377c6bd050d09cad,93000,1,UpdatePublished,"{'model_id': 'model_mnist_784_noniid', 'round': 4, 'ticket_id': 210, 'cid': 'sha256:71415f0096d5a15621eb02b39cc378fb8c4c7f6b28c8a4858920fd4c39c8b937'}",mock
0xa794b573c8dcc9fc01a00e33e73bd0c3d8be0443ea291d71e651d85afc6a2e9a,86000,1,TicketReserved,"{'model_id': 'model_mnist_784_noniid', 'round': 4, 'ticket_id': 211, 'owner': 'acct_11'}",mock
0x2324d329405fb1c35e3762856fe08fb7ec7e34a61c6a11139431af15a39511a0,93000,1,UpdatePublished,"{'model_id': 'model_mnist_784_noniid', 'round': 4, 'ticket_id': 211, 'cid': 'sha256:d794eca52d544d929f637a9cb1aff36c4bca4318aa9a25d7e9c89fbeab2afe94'}",mock
0x82e932da8f15acedad70adca9b8429798f2772a7a5571230469ae44b8a8097d9,86000,1,TicketReserved,"{'model_id': 'model_mnist_784_noniid', 'round': 4, 'ticket_id': 212, 'owner': 'acct_12'}",mock
0x3109cee07d67b6bed52b54b6f94f29190ee89cc3fcab9832f8894b0b3bb2bf77,93000,1,UpdatePublished,"{'model_id': 'model_mnist_784_noniid', 'round': 4, 'ticket_id': 212, 'cid': 'sha256:20c3c1f1882cac440a05345a2d5acd9e34a4ec9d21ef1c2a0ab922b213ed2212'}",mock
0x3bfacbeb7e2ced671bcc8c88815613bf77c66239cd3f484f3dbcb5eb36ade8c5,86000,1,TicketReserved,"{'model_id': 'model_mnist_784_noniid', 'round': 4, 'ticket_id': 213, 'owner': 'acct_13'}",mock
0xbed6e292a21778be8f5c67f35a3b0838c947770ae11da9878d415ab7a86d16cb,93000,1,UpdatePublished,"{'model_id': 'model_mnist_784_noniid', 'round': 4, 'ticket_id': 213, 'cid': 'sha256:bddb651d81a18e75b57dfc3a53d213ee50cdc34d48b8722102a93c4c8c17b26b'}",mock
0x31cf59ed42d90e16c771c8200f4cdd727c0bb4f56aeaeb769e82504a3cfc1483,86000,1,TicketReserved,"{'model_id': 'model_mnist_784_noniid', 'round': 4, 'ticket_id': 214, 'owner': 'acct_14'}",mock
0x3a29a01017f8076772d3d81d4ea9b4d8d92c40d2cc5ed5f6a58439fe41de23e4,93000,1,UpdatePublished,"{'model_id': 'model_mnist_784_noniid', 'round': 4, 'ticket_id': 214, 'cid': 'sha256:6e6071aad2b04f355d3fe3a879a2e83b5436b50f9b64b4ab1aef98a00e05cb92'}",mock
0x61f1d2ae324d5fd0a6463760ade21e8c55113753ed08fccfe5bab91c97ac3f91,86000,1,TicketReserved,"{'model_id': 'model_mnist_784_noniid', 'round': 4, 'ticket_id': 215, 'owner': 'acct_15'}",mock
0x6582be8815ab90cd09631628bc200704d747ac5c0460f64aa0fc822980361c90,93000,1,UpdatePublished,"{'model_id': 'model_mnist_784_noniid', 'round': 4, 'ticket_id': 215, 'cid': 'sha256:d22f8c066c7a10f5709590662e8d543baffda8ac81e1c9336b1f4dc9eaaeb555'}",mock
0xaf8bc5341fdea00d9e3dcc125436dca4d6f5277152c98e6135d01e0a71e2e356,86000,1,TicketReserved,"{'model_id': 'model_mnist_784_noniid', 'round': 4, 'ticket_id': 216, 'owner': 'acct_16'}",mock
0x92204631b237a1e7e03de2a62b84b5bd7e4ed8b9d784aba47622319ea82ef016,93000,1,UpdatePublished,"{'model_id': 'model_mnist_784_noniid', 'round': 4, 'ticket_id': 216, 'cid': 'sha256:7ef0dbed930fd8fdceeb8cf8c2ad11e7cd3a3cc101389992badd8152626abcd2'}",mock
0x7f703042f175b210369351084c0b7520468b1433b6240c8cad274ba6849e8330,86000,1,TicketReserved,"{'model_id': 'model_mnist_784_noniid', 'round': 4, 'ticket_id': 217, 'owner': 'acct_17'}",mock
0x2e1a86f39981419d41b2c27c7152c39b268534a7b8b3249d6c51dff62704ef33,93000,1,UpdatePublished,"{'model_id': 'model_mnist_784_noniid', 'round': 4, 'ticket_id': 217, 'cid': 'sha256:b8a21409daa95fd75de320148a2b444b9284869a03f40559912d76db82a933cc'}",mock
0x07aece86cb4c70c147cc6754ed2f1b9348a90f2617760e71bf070d7e15aecef3,86000,1,TicketReserved,"{'model_id': 'model_mnist_784_noniid', 'round': 4, 'ticket_id': 218, 'owner': 'acct_18'}",mock
0x07d78226e4fc7f3709b57ce57fbf77c4ca5c2bfb049829b5e6dfc0e162c0a19a,93000,1,UpdatePublished,"{'model_id': 'model_mnist_784_noniid', 'round': 4, 'ticket_id': 218, 'cid': 'sha256:d4880266def1918053b606f260d84efa5deb4a1a3ae6017b482172b9c7f21d3f'}",mock
0xb52bb6bb7183a626ac7969dfb8a8e4832819ab0e94b0057791826d7d64452c0b,86000,1,TicketReserved,"{'model_id': 'model_mnist_784_noniid', 'round': 4, 'ticket_id': 219, 'owner': 'acct_19'}",mock
0xc9aef73c8d462b68d5de55d6d506e30f1dd5a9bad6212185f7df86d4e0dcacdf,93000,1,UpdatePublished,"{'model_id': 'model_mnist_784_noniid', 'round': 4, 'ticket_id': 219, 'cid': 'sha256:d94e4bc77ffd64a6820c27509ccb7086f991df47c4e5a7bc4f379d8a1449b57f'}",mock
0x422058c5592b470fc0b4613a5798bbb0137495a5073a62ac9d2dc78377e5ee55,86000,1,TicketReserved,"{'model_id': 'model_mnist_784_noniid', 'round': 4, 'ticket_id': 220, 'owner': 'acct_20'}",mock
0xb0653b69ff7497799161be4b96f477c5e0ca106c22254d0f7526d1036763a4ac,93000,1,UpdatePublished,"{'model_id': 'model_mnist_784_noniid', 'round': 4, 'ticket_id': 220, 'cid': 'sha256:88984ad8e443ea671c63a8c7a62723c352aa318ef42aec79dca340d76daeb9e0'}",mock
0x8336bc8b517a1f6acae0de0ebdea662c1f5ccacea176d2196b7355f2e69a72d2,86000,1,TicketReserved,"{'model_id': 'model_mnist_784_noniid', 'round': 4, 'ticket_id': 221, 'owner': 'acct_21'}",mock
0x98d4fbf21c01d708e0262ad7242dd27f8eb39780a0d8e4045ec0cb6f97ffe4b9,93000,1,UpdatePublished,"{'model_id': 'model_mnist_784_noniid', 'round': 4, 'ticket_id': 221, 'cid': 'sha256:a71cfdccf9d44768afdbf4f68fff80a2d78aa112512b116b6f8ede637403b48b'}",mock
0xa1516702ea80fbf68a772f730f3e91d3e9fcd7b81116bc0b762a6441cc06bdb5,86000,1,TicketReserved,"{'model_id': 'model_mnist_784_noniid', 'round': 4, 'ticket_id': 222, 'owner': 'acct_22'}",mock
0x20ee73304343e0c6b59cb9765b4324c1beda486aa1b7f98ecf687bb392bc28ca,93000,1,UpdatePublished,"{'model_id': 'model_mnist_784_noniid', 'round': 4, 'ticket_id': 222, 'cid': 'sha256:b01c0adb266aeebe109724c81a76ff84ec9d091d3735642ffc3e25786db1430c'}",mock
0x220464d5803f553741576f69b333b385325ff7ef71b5589f902ac2ea076779ad,86000,1,TicketReserved,"{'model_id': 'model_mnist_784_noniid', 'round': 4, 'ticket_id': 223, 'owner': 'acct_23'}",mock
0x3655ed600cae500361b0dcdfb975401af2c71d4ffad5b5a310e4eb48f38e2b3f,93000,1,UpdatePublished,"{'model_id': 'model_mnist_784_noniid', 'round': 4, 'ticket_id': 223, 'cid': 'sha256:1ec308095b51b73a161300628937338ea1ba57186f5a574c36046ddfd7d1f8aa'}",mock
0xcd994ec52ee2129e63276255dafacf2c2039fcd89a16f508e464fa672e30ecce,86000,1,TicketReserved,"{'model_id': 'model_mnist_784_noniid', 'round': 4, 'ticket_id': 224, 'owner': 'acct_24'}",mock
0xc59d84835abfb05b8937aa38a0e7a6e664ddf22941c4e782db80818b4e98786f,93000,1,UpdatePublished,"{'model_id': 'model_mnist_784_noniid', 'round': 4, 'ticket_id': 224, 'cid': 'sha256:5ae5be979411c25f1002be8d343f7a5319b145d64f4aa419c1a0770cc21aecff'}",mock
0xf4f5a813986c98a9c58975b47b6cf810d2d75fd2c747872edb2582aaf8568197,86000,1,TicketReserved,"{'model_id': 'model_mnist_784_noniid', 'round': 4, 'ticket_id': 225, 'owner': 'acct_25'}",mock
0x94239febc43243f783ea3577e9d454356fbeafeca2c3ae264104d8c0949a79ab,93000,1,UpdatePublished,"{'model_id': 'model_mnist_784_noniid', 'round': 4, 'ticket_id': 225, 'cid': 'sha256:3e9003ff7b1b51aa0efb28605a6599bdac7f8f2fba1048036386c26e12c29257'}",mock
0xebab9f8fc9a9b04f59f7722010ece1d90d0defb221904f2dccb7884ed9202fae,86000,1,TicketReserved,"{'model_id': 'model_mnist_784_noniid', 'round': 4, 'ticket_id': 226, 'owner': 'acct_26'}",mock
0x70a2deb9fc3b634d29ba529ad5a06884a141952380032e658f826c24298c647c,93000,1,UpdatePublished,"{'model_id': 'model_mnist_784_noniid', 'round': 4, 'ticket_id': 226, 'cid': 'sha256:fe10f9faff3a2db4d01fe8d9d326fef8487e191b07c7e771e99a47c63f45c246'}",mock
0x1c78d2cc36cb79666b5d62ce4291bf638238df53435567f213f2621c96bf2910,86000,1,TicketReserved,"{'model_id': 'model_mnist_784_noniid', 'round': 4, 'ticket_id': 227, 'owner': 'acct_27'}",mock
0xdb0c5ba63512143b86209b7b57d793ff81e7f590a55c14ffe3e5ff624ab23991,93000,1,UpdatePublished,"{'model_id': 'model_mnist_784_noniid', 'round': 4, 'ticket_id': 227, 'cid': 'sha256:97049afe684f7dc8089cae0842ac48fd25014a9d88c795054baffb02e4733ae7'}",mock
0xcc37a9604e7edcf3a7ee81eebf47706dbd8a1ebfe05d18ce4a2e55d17177a389,86000,1,TicketReserved,"{'model_id': 'model_mnist_784_noniid', 'round': 4, 'ticket_id': 228, 'owner': 'acct_28'}",mock
0xa9df43551ffb2432bdea6b4832e7f34e17d13e82d755d0cda33278fcec6ab4c3,93000,1,UpdatePublished,"{'model_id': 'model_mnist_784_noniid', 'round': 4, 'ticket_id': 228, 'cid': 'sha256:1c47ba269410da152de995614aefc3a3222a25dc3b5d657afa26e32cc44bce41'}",mock
0xb2efaaac0dbd54f5b5ff19f44d78c858403f3f8e812f3fd398018ab7e58240e8,86000,1,TicketReserved,"{'model_id': 'model_mnist_784_noniid', 'round': 4, 'ticket_id': 229, 'owner': 'acct_29'}",mock
0xe63784abaa7741568f89ee824b0c24c7cacb4effaf9f6cf1cb22165b08e6f540,93000,1,UpdatePublished,"{'model_id': 'model_mnist_784_noniid', 'round': 4, 'ticket_id': 229, 'cid': 'sha256:ce3b2bee8d5859ee42939ae059cc7fd490964acfbb882c3d1db95270276311e4'}",mock
0x344709ec6f4adefc77231fbdf10c8003dab76d77cdf1ed8f7b8e89dd518bfae6,86000,1,TicketReserved,"{'model_id': 'model_mnist_784_noniid', 'round': 4, 'ticket_id': 230, 'owner': 'acct_30'}",mock
0x4ed77c413bb2a13c5169461c7dbbeba95614ac682832eaa1cfff58f943efe360,93000,1,UpdatePublished,"{'model_id': 'model_mnist_784_noniid', 'round': 4, 'ticket_id': 230, 'cid': 'sha256:9fae55253bc28aa39700f745617a1095f1e2b74d1d36c5a3dcbb2b90f8b06783'}",mock
0x772a9504103a86477c35de45218d9f49b08e4ac735129d9284f68a43622bb12d,86000,1,TicketReserved,"{'model_id': 'model_mnist_784_noniid', 'round': 4, 'ticket_id': 231, 'owner': 'acct_31'}",mock
0x6450e1584aeef217f48782d952e88582e01ce2ed2a63530d583aefd81ff8425b,93000,1,UpdatePublished,"{'model_id': 'model_mnist_784_noniid', 'round': 4, 'ticket_id': 231, 'cid': 'sha256:d36be0498a02465b58238b07df8d414c9eefdd41467ac31419a12d9a09ea099e'}",mock
0xd3e0b6383006e1d002be25413a0e92653b47df5ed68113599b96c1061eacc5b1,86000,1,TicketReserved,"{'model_id': 'model_mnist_784_noniid', 'round': 4, 'ticket_id': 232, 'owner': 'acct_32'}",mock
0xc8542ced05497cc17159d272b21f855589c904f7b2982d488dfb43a8b1ca0b3e,93000,1,UpdatePublished,"{'model_id': 'model_mnist_784_noniid', 'round': 4, 'ticket_id': 232, 'cid': 'sha256:45d334195c6dc85623600840180370cc16fea20b4ee3746ddd8ccde7831ef536'}",mock
0xfa3998bfec6d0492b5e1ad892b07935086bb41b1c56a8ec9fe362ba20d2d67c8,86000,1,TicketReserved,"{'model_id': 'model_mnist_784_noniid', 'round': 4, 'ticket_id': 233, 'owner': 'acct_33'}",mock
0xedc6c2f1efc804b0d23d7aa4ff77e1e251a7ffe0110bbf9240df0f43e3d1216c,93000,1,UpdatePublished,"{'model_id': 'model_mnist_784_noniid', 'round': 4, 'ticket_id': 233, 'cid': 'sha256:44ce23cc82bef6e0a6424bc6e9f48c9767e596ccc360f65e8842cd1cd0c77c10'}",mock
0x6f1c94d115b72c0c0ad2c8b9d1e5ec540d4a59d7a35b49635be0f26d2fd7668f,86000,1,TicketReserved,"{'model_id': 'model_mnist_784_noniid', 'round': 4, 'ticket_id': 234, 'owner': 'acct_34'}",mock
0x636fd7c8605c72cabd5acf8af5183911592c0f4c4d3e3dfde85fe54317407cca,93000,1,UpdatePublished,"{'model_id': 'model_mnist_784_noniid', 'round': 4, 'ticket_id': 234, 'cid': 'sha256:b8f43caf484be425684f3ec59a091bdf3830704f652be2fbe1b580e4d8ede512'}",mock
0xd4e6151933fc75ebae9c0c189c6a37fd566179f92e24fd1466277bb31f2fd6e7,86000,1,TicketReserved,"{'model_id': 'model_mnist_784_noniid', 'round': 4, 'ticket_id': 235, 'owner': 'acct_35'}",mock
0xe295cd8702597f25d811af240a03b03c1df28725ecf0e3829b175a134f0e6428,93000,1,UpdatePublished,"{'model_id': 'model_mnist_784_noniid', 'round': 4, 'ticket_id': 235, 'cid': 'sha256:8ed0d38dbfcb048ff114ab42b00e3ad832aff1ea63ecc6df1db0254098e7a936'}",mock
0xef01c63110e0c493c10ec9475e1c2aea92f7a2e34ec7e0db4e810698be25a29c,86000,1,TicketReserved,"{'model_id': 'model_mnist_784_noniid', 'round': 4, 'ticket_id': 236, 'owner': 'acct_36'}",mock
0x3eb54cf1344822294f44f6e73f61a6ae942ed8ea66a51d1fd8cfedc2e5841971,93000,1,UpdatePublished,"{'model_id': 'model_mnist_784_noniid', 'round': 4, 'ticket_id': 236, 'cid': 'sha256:4a9cc6b03cb64ade498a71e0c59fd00a68c8a93561ea9025f9ae69710fd73b58'}",mock
0xe9f67c46ef6367fd825d79fb37616ff7755f8cf1a13dd1e487645cb899dc17cd,86000,1,TicketReserved,"{'model_id': 'model_mnist_784_noniid', 'round': 4, 'ticket_id': 237, 'owner': 'acct_37'}",mock
0xefcfa57915f8eecc18577b73abfcf3ccab79d7f98cb0e0269be1e8fd66010ad0,93000,1,UpdatePublished,"{'model_id': 'model_mnist_784_noniid', 'round': 4, 'ticket_id': 237, 'cid': 'sha256:5848a7ca372cf5157214c3788e5e1658a89ad9232b650d0682c772d040c7d6e1'}",mock
0x139fea1579bb1a505012aab14412422e618ab551c2213773d1f78e895c13bcdf,86000,1,TicketReserved,"{'model_id': 'model_mnist_784_noniid', 'round': 4, 'ticket_id': 238, 'owner': 'acct_38'}",mock
0x7a56f5003f3b6558dade1cfd754182a05746ec8f44fecbb17a9f9bb57ba57ef4,93000,1,UpdatePublished,"{'model_id': 'model_mnist_784_noniid', 'round': 4, 'ticket_id': 238, 'cid': 'sha256:3133778edff2faff834867c98934f3869b4776142f222d393ff3f96fda34af37'}",mock
0x10b2bc348e632e963e00cfb9955a740fbb5fe9aeac5ecdbbf5ede8e54142ed0e,86000,1,TicketReserved,"{'model_id': 'model_mnist_784_noniid', 'round': 4, 'ticket_id': 239, 'owner': 'acct_39'}",mock
0xd27643e3868c754572172efb944e762289c337e648c5f2bc2186f010f9e9a9bb,93000,1,UpdatePublished,"{'model_id': 'model_mnist_784_noniid', 'round': 4, 'ticket_id': 239, 'cid': 'sha256:46e2085a204f9c577893390ef87f35480af3eb72d61d9f962aabe44bb335e03d'}",mock
0xf94c8b315049898c5b3fd88967b4ea4c390716fa5a41eaca52a848f96a9e8472,86000,1,TicketReserved,"{'model_id': 'model_mnist_784_noniid', 'round': 4, 'ticket_id': 240, 'owner': 'acct_40'}",mock
0x9b1c1c919ddc5f9648b6a3d1eb1ab8ef8d0e88cf71f83c1e40e9dbc382e80431,93000,1,UpdatePublished,"{'model_id': 'model_mnist_784_noniid', 'round': 4, 'ticket_id': 240, 'cid': 'sha256:2c1d2e48bc46dbcee7668a3fd7df253303057eed1d0518a0f07bff678b3cdde5'}",mock
0x590c3f64be6c1c3d0845241946e7e349e50cc9a258394e5aed35335e8604a9b9,86000,1,TicketReserved,"{'model_id': 'model_mnist_784_noniid', 'round': 4, 'ticket_id': 241, 'owner': 'acct_41'}",mock
0xb52fb84500bd4d35c8631dc3a685a5652d7b2fe10231e5ca93f5ff79c8319619,93000,1,UpdatePublished,"{'model_id': 'model_mnist_784_noniid', 'round': 4, 'ticket_id': 241, 'cid': 'sha256:fbae9a2df2e0152364a081128ac567095a9b1801201bd2f9ccef283155b0c3b9'}",mock
0xb3f55713dd22b0cad445f55bd3dd8170b593e733d4b2a4803da8c15dbbf66908,86000,1,TicketReserved,"{'model_id': 'model_mnist_784_noniid', 'round': 4, 'ticket_id': 242, 'owner': 'acct_42'}",mock
0xa6939cfedc8afabb0db05dc424414636e04c483a26c3c3f6ae4768b90986cd18,93000,1,UpdatePublished,"{'model_id': 'model_mnist_784_noniid', 'round': 4, 'ticket_id': 242, 'cid': 'sha256:f2bd15eb61bcdf169156ab9cc1d8ce3c5e3762f29f581a0a0d231e050f856d7a'}",mock
0x556b616778d72dabe8ac78e8014041b63995f103d7025252db5cf8365ddae9c5,86000,1,TicketReserved,"{'model_id': 'model_mnist_784_noniid', 'round': 4, 'ticket_id': 243, 'owner': 'acct_43'}",mock
0xd8f1ac22cb5ebdad6817b7900355226d53ea875ad32d741027b66d031ebbbb67,93000,1,UpdatePublished,"{'model_id': 'model_mnist_784_noniid', 'round': 4, 'ticket_id': 243, 'cid': 'sha256:4eece2b085148a4545fc9b2ce30f19e22d4657c0fa19b825dd62ccff074dd348'}",mock
0x8d56965f79f42b3ee469f3fc3266be6ab20c08a6fbc8d095667adb03a751e7a7,86000,1,TicketReserved,"{'model_id': 'model_mnist_784_noniid', 'round': 4, 'ticket_id': 244, 'owner': 'acct_44'}",mock
0x9dddb27aa78054163c75b93db4398ba77a56a93b19196433216ea797112f2946,93000,1,UpdatePublished,"{'model_id': 'model_mnist_784_noniid', 'round': 4, 'ticket_id': 244, 'cid': 'sha256:fef3ef8d40140bbab7aefd3b8b3a72fc4bbea6037b046107afb19f2ac1ee8f4c'}",mock
0x094000eb4f4bbbfa765d1cc441410fc9c4bb96fa0f9ab052bf31e3e97df577e8,86000,1,TicketReserved,"{'model_id': 'model_mnist_784_noniid', 'round': 4, 'ticket_id': 245, 'owner': 'acct_45'}",mock
0x60a6d4222d0fb83d9e5932257e49d93ec8d765818301f5c1453e0abb1483dece,93000,1,UpdatePublished,"{'model_id': 'model_mnist_784_noniid', 'round': 4, 'ticket_id': 245, 'cid': 'sha256:bff60ba98794ce9a4558a6b04d533db6d15251203c2cfecfc85880a618183039'}",mock
0x748401eca7f61af43b619f092ab4f700a57337f94358c8a97d1d23f0896f0631,86000,1,TicketReserved,"{'model_id': 'model_mnist_784_noniid', 'round': 4, 'ticket_id': 246, 'owner': 'acct_46'}",mock
0xfefbd524bf529bcf8fb5dd192282189c3a7618e63b8ecf63a0949d8a7472cb42,93000,1,UpdatePublished,"{'model_id': 'model_mnist_784_noniid', 'round': 4, 'ticket_id': 246, 'cid': 'sha256:b9049bfff3a66d66b0e4f937d251e0892756d7063b025ae75f79f402864c7e18'}",mock
0x94c172aa106886a4d7bd98f181648a91811c338cfe7c0908c8de2ed06339e435,86000,1,TicketReserved,"{'model_id': 'model_mnist_784_noniid', 'round': 4, 'ticket_id': 247, 'owner': 'acct_47'}",mock
0x86dd1733f3131e774714f98c369ea0c78a05d45fd9a7056f27140e6d130da01d,93000,1,UpdatePublished,"{'model_id': 'model_mnist_784_noniid', 'round': 4, 'ticket_id': 247, 'cid': 'sha256:89584d555d0cb08e4c1ef091f737b9ace38e5142b3154b52ec3d1e5682061f0e'}",mock
0x93a9235022054d48acaf19513371647b9ad191177f698efcfe427a8079cb960d,86000,1,TicketReserved,"{'model_id': 'model_mnist_784_noniid', 'round': 4, 'ticket_id': 248, 'owner': 'acct_48'}",mock
0x4ea0dadea9b077cace98c9d796500f8972ac5a80c52c8c488259a50bd64e1ccf,93000,1,UpdatePublished,"{'model_id': 'model_mnist_784_noniid', 'round': 4, 'ticket_id': 248, 'cid': 'sha256:78d1a56b1340cf84994549afa3991b27a5c2798deaa7078cf59957b4414a6890'}",mock
0xba97cb3b69e123e4bfa451be5690a7a079ab2a092e5d6e6a4e2e5ccfeae11cbe,86000,1,TicketReserved,"{'model_id': 'model_mnist_784_noniid', 'round': 4, 'ticket_id': 249, 'owner': 'acct_49'}",mock
0x5a587a76c7d442d0918a16342bc4ff90e462312a713313ddd6df49efc2122b53,93000,1,UpdatePublished,"{'model_id': 'model_mnist_784_noniid', 'round': 4, 'ticket_id': 249, 'cid': 'sha256:53e11e945f0462d29c7e0c46da9b5b579829f45e42dc0697014327c700edae90'}",mock
0x0a42ad5c30ecf923b611cf9b01035244a365dbd90500631ffacc908eac83c452,86000,1,TicketReserved,"{'model_id': 'model_mnist_784_noniid', 'round': 4, 'ticket_id': 250, 'owner': 'acct_50'}",mock
0x2e39a22cc081a26b2fa7396ee331f25dafa1382fdb078fe648bd175a7aa70101,93000,1,UpdatePublished,"{'model_id': 'model_mnist_784_noniid', 'round': 4, 'ticket_id': 250, 'cid': 'sha256:daf8059b88f5e3d81c0e5e8d3ddd48e9caaed69c0c4619b7134b18c875d475a8'}",mock
0xf1819b8372b08979860ad3a58b8091686519393c28dcc1be92dfac2251641981,705000,1,RoundFinalized,"{'model_id': 'model_mnist_784_noniid', 'round': 4, 'included': 29, 'refunds': 29}",mock
0x6058baba6cea1a93719590739b7c1fd019c7b3ef08377697ebccc4d8b5d707bc,52000,1,RoundFunded,"{'model_id': 'model_mnist_784_noniid', 'amount_wei': 10000000000000000}",mock
0xc0050100527a3e2756d4d7f7fe04f94b0c0f4899d67eb2e2f2a0fb95c39f927a,86000,1,TicketReserved,"{'model_id': 'model_mnist_784_noniid', 'round': 5, 'ticket_id': 251, 'owner': 'acct_1'}",mock
0x4cc227331aed010e761bc62b796e87bb6c9a914e1dd7f84fb34e3c294ec38672,93000,1,UpdatePublished,"{'model_id': 'model_mnist_784_noniid', 'round': 5, 'ticket_id': 251, 'cid': 'sha256:926d6ade8c0f3d10c4e1bb749afe8b10f38c9aefc7befc864810bc27c56c81ed'}",mock
0x2a39471e69de12fa1799a8c0758288f9ac3ce05d13e8bc5c6aca4ca5e407ff53,86000,1,TicketReserved,"{'model_id': 'model_mnist_784_noniid', 'round': 5, 'ticket_id': 252, 'owner': 'acct_2'}",mock
0xf13aae44a38716ef22f1365cbb62dbcf050f43de661ab36c651e3da6a619773a,93000,1,UpdatePublished,"{'model_id': 'model_mnist_784_noniid', 'round': 5, 'ticket_id': 252, 'cid': 'sha256:67fd3977cf4248c790dce8678388b1dedcc3e591faa34b64d2b6f483c57b225d'}",mock
0x0913ea11a8c326bd078c1a45601a2908b1d3c4615d1dd950d2f5cea2911df06b,86000,1,TicketReserved,"{'model_id': 'model_mnist_784_noniid', 'round': 5, 'ticket_id': 253, 'owner': 'acct_3'}",mock
0x46f779e4efe07a22c05b628f8ada5d0386cc976ae0161d5fcd02fba5c93ea477,93000,1,UpdatePublished,"{'model_id': 'model_mnist_784_noniid', 'round': 5, 'ticket_id': 253, 'cid': 'sha256:8bbdd9c32110d9855dc1842052882967b32e47493a780040443b3bda632851f2'}",mock
0x15285eb888b791578ecaa665ede32eeb3ce1c8dc1b7544c057658657d3a358cc,86000,1,TicketReserved,"{'model_id': 'model_mnist_784_noniid', 'round': 5, 'ticket_id': 254, 'owner': 'acct_4'}",mock
0xbce2c4104ba4c7f385162b49fcbe270c2cdd926874b6735c05c2c5da510f6b12,93000,1,UpdatePublished,"{'model_id': 'model_mnist_784_noniid', 'round': 5, 'ticket_id': 254, 'cid': 'sha256:c5066a4d17c79dfb9e51460b62d40417d93e5c56ed23b4eb22a1f8ce88f1bb1a'}",mock
0xb6d3958c3971cff3faac4cfb4178ee8d9e8d1485fa13acdcbc3d7b5c3d58c3da,86000,1,TicketReserved,"{'model_id': 'model_mnist_784_noniid', 'round': 5, 'ticket_id': 255, 'owner': 'acct_5'}",mock
0xa053e82d896dd27297be1c47e993c1d37c5865b7bffd78e8f515d771fd351da5,93000,1,UpdatePublished,"{'model_id': 'model_mnist_784_noniid', 'round': 5, 'ticket_id': 255, 'cid': 'sha256:5405b7b6cede29adb7b70b963983eed6e92ddbe6252920927ecdcf16f6b63950'}",mock
0x271cdc0bb8d4062060dab12e5c09380939992f79a6e5b90c8ab5dc03e6752cd5,86000,1,TicketReserved,"{'model_id': 'model_mnist_784_noniid', 'round': 5, 'ticket_id': 256, 'owner': 'acct_6'}",mock
0x44dde5a825d87c3050ed9540e8cb05ac524ec663d171f82d5c42ab7d1e255db0,93000,1,UpdatePublished,"{'model_id': 'model_mnist_784_noniid', 'round': 5, 'ticket_id': 256, 'cid': 'sha256:6a0870a003c8481fc4083b350325e4b54e82c34c67d594746287e76debac6960'}",mock
0x5725b4978050988ca6fbb734c1e3ab73c52169de0ab35b46597c660fb58d26c0,86000,1,TicketReserved,"{'model_id': 'model_mnist_784_noniid', 'round': 5, 'ticket_id': 257, 'owner': 'acct_7'}",mock
0x41566aaa91099dfbfb451cd31a8579ec7c74252d564d8ee416a1efb5c8bcb8b0,93000,1,UpdatePublished,"{'model_id': 'model_mnist_784_noniid', 'round': 5, 'ticket_id': 257, 'cid': 'sha256:86f9bdcb23380d3b667cbe1e3ea6fe7a5fb6f7b577c2bac06db988a6bf1d4051'}",mock
0xd29254a71ab7da7f219fe2cfec8be840492536a6970dd6d534078e076cd8d79f,86000,1,TicketReserved,"{'model_id': 'model_mnist_784_noniid', 'round': 5, 'ticket_id': 258, 'owner': 'acct_8'}",mock
0xfe1e4e75505b4969d3b374024cf90b9b1b66a202d2dc0da1838ceaebf49c3b8e,93000,1,UpdatePublished,"{'model_id': 'model_mnist_784_noniid', 'round': 5, 'ticket_id': 258, 'cid': 'sha256:831b6fc312d21a099894aa826f931f7c8eb6fc77e3172272423ffd11b8c033d9'}",mock
0x7fffa8f54aa81aa0289cbb4de7b446822d6774956e30927a426c9bb866ebcc2e,86000,1,TicketReserved,"{'model_id': 'model_mnist_784_noniid', 'round': 5, 'ticket_id': 259, 'owner': 'acct_9'}",mock
0x8e163d013ce08b139debbfc967e488186fe02ca691f5a5ab48e50bd6f44e25e6,93000,1,UpdatePublished,"{'model_id': 'model_mnist_784_noniid', 'round': 5, 'ticket_id': 259, 'cid': 'sha256:83b287239936c05450044b9fbc0e631bd153fcb7ee226a37c1ae268ff7a3592d'}",mock
0xa7113a2014231a416c0b9e1c6c92a5c1fd6720a8a41bcce43b91aeda8f2c9fb1,86000,1,TicketReserved,"{'model_id': 'model_mnist_784_noniid', 'round': 5, 'ticket_id': 260, 'owner': 'acct_10'}",mock
0xcc80973032ad586fc200630496127acb14d9881bb43e8580d0bdf030913e1757,93000,1,UpdatePublished,"{'model_id': 'model_mnist_784_noniid', 'round': 5, 'ticket_id': 260, 'cid': 'sha256:2563e912b8c17ddb740efda4e9694aa13c1482037bf58cc5e7f21a8440372fc0'}",mock
0xb482e55ea948b2347b8b49be36c17ae00fd7af4da7f5fee03ab360ec1433e397,86000,1,TicketReserved,"{'model_id': 'model_mnist_784_noniid', 'round': 5, 'ticket_id': 261, 'owner': 'acct_11'}",mock
0x8dd9d78bdfd43c242625d65290e708d4ac2f7af3c7bae43b6c8251818d00e61a,93000,1,UpdatePublished,"{'model_id': 'model_mnist_784_noniid', 'round': 5, 'ticket_id': 261, 'cid': 'sha256:89894ab41accaa835223685d232c83fb48fc2773f1d7232f8ed27fb4592efe49'}",mock
0xf47ce31ba19a7b444fdedc964d4fd14365e8c520d7eb0995ad0e8f9ce0ab1ecc,86000,1,TicketReserved,"{'model_id': 'model_mnist_784_noniid', 'round': 5, 'ticket_id': 262, 'owner': 'acct_12'}",mock
0xd414702a802f752bff350299412c77ed868fe59291c434e86918ea8925d17ae1,93000,1,UpdatePublished,"{'model_id': 'model_mnist_784_noniid', 'round': 5, 'ticket_id': 262, 'cid': 'sha256:bd6b7f2c2275fd30b02de9ea8a4de58da697d373b085a4bf9fb8c7ae46a9784a'}",mock
0x8115d84c0fef8a73069447c110df5c112b15652cb5fad42907ab123a2af92072,86000,1,TicketReserved,"{'model_id': 'model_mnist_784_noniid', 'round': 5, 'ticket_id': 263, 'owner': 'acct_13'}",mock
0x963e4fd6eb7f3d038533eb0334cf928466db5aa28b7163b8a9f1781367b070ea,93000,1,UpdatePublished,"{'model_id': 'model_mnist_784_noniid', 'round': 5, 'ticket_id': 263, 'cid': 'sha256:f22302b5a199d72bcbc33874a104b94f0c2b3f85c4c96ac8336b6c58d62947c1'}",mock
0x22f0fa806f5de28a94a38f87b1ee86504ee79fa348b99990df0713d9792c3bcb,86000,1,TicketReserved,"{'model_id': 'model_mnist_784_noniid', 'round': 5, 'ticket_id': 264, 'owner': 'acct_14'}",mock
0x08bccc1da32813e8bc4541dba56596211ce9d84ffba3807faacfabdda9bd0a0c,93000,1,UpdatePublished,"{'model_id': 'model_mnist_784_noniid', 'round': 5, 'ticket_id': 264, 'cid': 'sha256:0c4855dd1d59ffcbfc57a13ed98b48292f2d95959e86c6fb72665692e48e58af'}",mock
0x8992f11a57c8dff5b6b9bc99fa4cd5275cfbd2193b889406b8a6f21318aaad3d,86000,1,TicketReserved,"{'model_id': 'model_mnist_784_noniid', 'round': 5, 'ticket_id': 265, 'owner': 'acct_15'}",mock
0x2d10b46298cd2e946287b609cbe2ad651e2f2c47652905399302d0134f886fc3,93000,1,UpdatePublished,"{'model_id': 'model_mnist_784_noniid', 'round': 5, 'ticket_id': 265, 'cid': 'sha256:e3c9ca197a1580f49b9384e2fc9eea662326cb0622c1d6bff815d88504f06c1a'}",mock
0x5db52e1e97828e468b10a943ca4df9217cd99d7f64164fb4eee141c69014c979,86000,1,TicketReserved,"{'model_id': 'model_mnist_784_noniid', 'round': 5, 'ticket_id': 266, 'owner': 'acct_16'}",mock
0x6cfcc32dad857154bcc6b666adaf9455985d19be37f91ac4afa75a3323472879,93000,1,UpdatePublished,"{'model_id': 'model_mnist_784_noniid', 'round': 5, 'ticket_id': 266, 'cid': 'sha256:c2ec815375d3385908bef0148ce42bdab44e1bae372c1cc0fca1f5a4eb1fbde1'}",mock
0x17cd7792c32046240e1efcf612842c8a9b6159eb64960f0e6be7643f09fab978,86000,1,TicketReserved,"{'model_id': 'model_mnist_784_noniid', 'round': 5, 'ticket_id': 267, 'owner': 'acct_17'}",mock
0x22619364a5e3a5609dbdba3251cdf4b56cf7d7939e9fd6865e08514af63b6565,93000,1,UpdatePublished,"{'model_id': 'model_mnist_784_noniid', 'round': 5, 'ticket_id': 267, 'cid': 'sha256:3cc78d03d0c3718f4454f62dcffb2f791e0edd10fcf39985510ee24baeafd45e'}",mock
0xef3fc5eb5fdf92eece8095d35cbb60e058ccde55384617e297ef71c21d84d36b,86000,1,TicketReserved,"{'model_id': 'model_mnist_784_noniid', 'round': 5, 'ticket_id': 268, 'owner': 'acct_18'}",mock
0x950b3430c42a0d2888f31c81225f6139d4dfb4cbe5af0107c7d68324eae9cd4c,93000,1,UpdatePublished,"{'model_id': 'model_mnist_784_noniid', 'round': 5, 'ticket_id': 268, 'cid': 'sha256:c01d147cfd16f97e570867dc53bc2609514e7d14539a9c7d73c64748fe374636'}",mock
0xd5fa582d84d523bdb3afd204b93e6245dcca7df8ca442441aebbcecb0d6b9e58,86000,1,TicketReserved,"{'model_id': 'model_mnist_784_noniid', 'round': 5, 'ticket_id': 269, 'owner': 'acct_19'}",mock
0x66a07b9592954ebfabcc14907cdc91d4012e32310ad6b334de76776d49b84fe8,93000,1,UpdatePublished,"{'model_id': 'model_mnist_784_noniid', 'round': 5, 'ticket_id': 269, 'cid': 'sha256:31c328e5e5e5f51dd5be3f79e15fd4d8f22ff0f3d03e057132364e29fe4bac30'}",mock
0x859142a42aafdad4fe5c45987572236365726b9dca19e3bc39daec096029aa1b,86000,1,TicketReserved,"{'model_id': 'model_mnist_784_noniid', 'round': 5, 'ticket_id': 270, 'owner': 'acct_20'}",mock
0x0aaae9f5384620be184f41150021728f3fe5408fa642141abddb9972fa806608,93000,1,UpdatePublished,"{'model_id': 'model_mnist_784_noniid', 'round': 5, 'ticket_id': 270, 'cid': 'sha256:a9df67870a239504215387f1eeb0f7b2836214150e53a1f9c8998b12a33a5224'}",mock
0x763697eb29755e94b779e258c0fc80c0d5ff8c1627771e501d1d775280df4b48,86000,1,TicketReserved,"{'model_id': 'model_mnist_784_noniid', 'round': 5, 'ticket_id': 271, 'owner': 'acct_21'}",mock
0x9e06a0d95278587db250f95f1480d11c1af8738a0d18fab9dd0e46105077db61,93000,1,UpdatePublished,"{'model_id': 'model_mnist_784_noniid', 'round': 5, 'ticket_id': 271, 'cid': 'sha256:d79993d49295361339f79587fb59e71f531e53d337c3a6c6a2f11e76c361db99'}",mock
0x4f0e288fcc2707488381185b4af87d780db46a97ab4dd2e28989a2d1953454fe,86000,1,TicketReserved,"{'model_id': 'model_mnist_784_noniid', 'round': 5, 'ticket_id': 272, 'owner': 'acct_22'}",mock
0xd2e895850e86a0e43ca1563b11e8ebf01f696fc0a0de492d499124b5cf41dedf,93000,1,UpdatePublished,"{'model_id': 'model_mnist_784_noniid', 'round': 5, 'ticket_id': 272, 'cid': 'sha256:05f64e61ab547de20eb7e92ccbc96f8a441d86c8d9c008d553916ca5ab26443d'}",mock
0x2c7437fb891255d6ec3c14d48564db4d71789be9d201de7aef3d0b9f3a372140,86000,1,TicketReserved,"{'model_id': 'model_mnist_784_noniid', 'round': 5, 'ticket_id': 273, 'owner': 'acct_23'}",mock
0x0199bfe14dfdac860ae1aa48b6a00f22db4214061cef27af2b23c931245ee328,93000,1,UpdatePublished,"{'model_id': 'model_mnist_784_noniid', 'round': 5, 'ticket_id': 273, 'cid': 'sha256:c74bbe85435e317c0c6ef6139730d6afed8d7acec088da205007d8dc3988f5ff'}",mock
0x05bfd4b2fd69ceafd4277e3ef682f624a523b19609c37d9056aa6a5aa95bdb46,86000,1,TicketReserved,"{'model_id': 'model_mnist_784_noniid', 'round': 5, 'ticket_id': 274, 'owner': 'acct_24'}",mock
0x928113702e00e23f5f0c1d6921c64fd210cde9ba3807f4936470f74f429f818c,93000,1,UpdatePublished,"{'model_id': 'model_mnist_784_noniid', 'round': 5, 'ticket_id': 274, 'cid': 'sha256:69921ab80de82e7163b32eca0e301f78345cc1952fc84b788b3d49952e62997d'}",mock
0xa1fec38e31ffcf2a7fa5cf36fe18cbd3b9f28c5f801aa5bc00073f859d337dc3,86000,1,TicketReserved,"{'model_id': 'model_mnist_784_noniid', 'round': 5, 'ticket_id': 275, 'owner': 'acct_25'}",mock
0x3a04217ff3ae458b95a275dac985fb90aec3e6f8f6a2a0117f14d8e955d4bb92,93000,1,UpdatePublished,"{'model_id': 'model_mnist_784_noniid', 'round': 5, 'ticket_id': 275, 'cid': 'sha256:532591ede108e411e3c4ae2691a82e64440d563ba1ca490aee9ec476112e94d3'}",mock
0x69ddc95226f9f74747b2985ff3b5c364fcf15e4517c35d2b1e77ffe9201af4c4,86000,1,TicketReserved,"{'model_id': 'model_mnist_784_noniid', 'round': 5, 'ticket_id': 276, 'owner': 'acct_26'}",mock
0x2d1d19298f3e337cb955b526c539c9fc002e858a27ca7c5c89591420952f5bff,93000,1,UpdatePublished,"{'model_id': 'model_mnist_784_noniid', 'round': 5, 'ticket_id': 276, 'cid': 'sha256:88d1f41b37199cee6767d118d1e87109617d1410166db6ae70bed7fc4064c628'}",mock
0xc75b3b30d85a25ac603a0f527dfdadc59f1f7afc9b83e20234f2053d4bde98a0,86000,1,TicketReserved,"{'model_id': 'model_mnist_784_noniid', 'round': 5, 'ticket_id': 277, 'owner': 'acct_27'}",mock
0x77e818be36a66713f6a3206511ce0ae16b2491e12b0daebc5109d2976d277faf,93000,1,UpdatePublished,"{'model_id': 'model_mnist_784_noniid', 'round': 5, 'ticket_id': 277, 'cid': 'sha256:72b5e381abee2a196cd2f4161e32e636f4f5a4d64348725de85369937c544f33'}",mock
0x849fb6cad27e3cfab9796dd04867745e0f3c53a74ebbb757fd35f4226379f3d2,86000,1,TicketReserved,"{'model_id': 'model_mnist_784_noniid', 'round': 5, 'ticket_id': 278, 'owner': 'acct_28'}",mock
0x3ec6f65ead282246bd0dc53cc4e0a99fbf6d63d5d47074e33020d05d57547578,93000,1,UpdatePublished,"{'model_id': 'model_mnist_784_noniid', 'round': 5, 'ticket_id': 278, 'cid': 'sha256:b31671349c41af25eaa9355f34aeac286357ff36445f0ba5f448bb1e27e020c7'}",mock
0xce7d61943349595eda8bbcad48cbbf4954f0c126de4b81657e7bb2f9ce04dcff,86000,1,TicketReserved,"{'model_id': 'model_mnist_784_noniid', 'round': 5, 'ticket_id': 279, 'owner': 'acct_29'}",mock
0x2cb7cb95d1a4da2140e7689352dd86609a216a1857e7204f58b4fd1d8e79fdf3,93000,1,UpdatePublished,"{'model_id': 'model_mnist_784_noniid', 'round': 5, 'ticket_id': 279, 'cid': 'sha256:9809b53bce4b48c6be65ae94f79573d78fc69465f690f0679949860ee733d5f4'}",mock
0x714968945d7a5bb1eb8b50ee568bbcf80476d3d418af1bba9eb98df68d90ad2b,86000,1,TicketReserved,"{'model_id': 'model_mnist_784_noniid', 'round': 5, 'ticket_id': 280, 'owner': 'acct_30'}",mock
0x5840feb1d3df9f91fc27b20c24e465863dbf281d1b3482f26a8e51887533be2d,93000,1,UpdatePublished,"{'model_id': 'model_mnist_784_noniid', 'round': 5, 'ticket_id': 280, 'cid': 'sha256:3a64de15ef111f9d2018a5ecc203e6dcb1f8fe9fbc2f967276d05aaf0c111d46'}",mock
0x9ac240f4508f821a12a9f5be702280a347ac314564851916734294fa52917f57,86000,1,TicketReserved,"{'model_id': 'model_mnist_784_noniid', 'round': 5, 'ticket_id': 281, 'owner': 'acct_31'}",mock
0xaa12c6d26a51397d947e4f5ed5bfaf26f0acaa10cc7a880ba08b582bad74abf7,93000,1,UpdatePublished,"{'model_id': 'model_mnist_784_noniid', 'round': 5, 'ticket_id': 281, 'cid': 'sha256:19deb85632bd8af2cc3ba2cbc2fc5a33a5fc55287e48daa0d5f9b2c7254db042'}",mock
0x9ef2bf68bbf47e84468f0dc5ec3a615e99a7e5868ab6f0b7c3bea4bf8f4e6004,86000,1,TicketReserved,"{'model_id': 'model_mnist_784_noniid', 'round': 5, 'ticket_id': 282, 'owner': 'acct_32'}",mock
0xce7dffb2c8ac8843a51ea722e344cf071e67ed67d6b1d429c567f76eb482890b,93000,1,UpdatePublished,"{'model_id': 'model_mnist_784_noniid', 'round': 5, 'ticket_id': 282, 'cid': 'sha256:5a590c1e05146414d214dfe2b047c8e99aacf3c8efa6d1f560d81b984400f5bf'}",mock
0x91337d6016dd69dbf28d3d57080f04946e421ff789acc2f1adf02a8ef5158366,86000,1,TicketReserved,"{'model_id': 'model_mnist_784_noniid', 'round': 5, 'ticket_id': 283, 'owner': 'acct_33'}",mock
0x5b146756cbfec62d317d6451fd2853ffe866625ed41a9da92d4cc0241ad33a14,93000,1,UpdatePublished,"{'model_id': 'model_mnist_784_noniid', 'round': 5, 'ticket_id': 283, 'cid': 'sha256:de507272e80eda2d449ae5e0aab217dd78cebc4c541b4f2a1426086fc04f7f29'}",mock
0x01f5fa3d478192444392acee568b9b38f5b0b82086c72eb5f7902d32bc63db18,86000,1,TicketReserved,"{'model_id': 'model_mnist_784_noniid', 'round': 5, 'ticket_id': 284, 'owner': 'acct_34'}",mock
0x12b4f56fb223fcf0dd44db8640c9bf945a3b031f3dffadcb50187815572a9eea,93000,1,UpdatePublished,"{'model_id': 'model_mnist_784_noniid', 'round': 5, 'ticket_id': 284, 'cid': 'sha256:1fe662c91a70071160591060a35fdf314d3b56b8ec52649474d3c696e98e3120'}",mock
0x332f9ad76eb75a7405415da01a82d1f01647b912f51c88db6e2094584433d0dc,86000,1,TicketReserved,"{'model_id': 'model_mnist_784_noniid', 'round': 5, 'ticket_id': 285, 'owner': 'acct_35'}",mock
0xa9333297f334090efec7a24a28243d5383e30c72b99fb8f3410b674e77bcb53f,93000,1,UpdatePublished,"{'model_id': 'model_mnist_784_noniid', 'round': 5, 'ticket_id': 285, 'cid': 'sha256:256f43a78d282b8949b73d6de88321821ce195a23585ae61d75e514fd5f2ac61'}",mock
0xc5fa5bc960b0b9472eb485b6f4419d66a53ef79d73abeb0cdac5e163ff1e6456,86000,1,TicketReserved,"{'model_id': 'model_mnist_784_noniid', 'round': 5, 'ticket_id': 286, 'owner': 'acct_36'}",mock
0x0d12786c8b8f3129a4c000b5210deb1c159a99bd2577a8767fc4a1748083f99c,93000,1,UpdatePublished,"{'model_id': 'model_mnist_784_noniid', 'round': 5, 'ticket_id': 286, 'cid': 'sha256:228b8b2b5955dbe58f751931744fc237ab40a6492dee7365216c58674b9097be'}",mock
0x2abc580f70cdb835066bd9bfc1e5ab51ad63e99dc963a123f38a4089d3cd7bb8,86000,1,TicketReserved,"{'model_id': 'model_mnist_784_noniid', 'round': 5, 'ticket_id': 287, 'owner': 'acct_37'}",mock
0xf97395bf7b87e3042c9da451c6144884b3b07f0fb3376c8cdbed2b05b4fc76c3,93000,1,UpdatePublished,"{'model_id': 'model_mnist_784_noniid', 'round': 5, 'ticket_id': 287, 'cid': 'sha256:0133d20fd2449b5b77c5f9da404f58325e0f7dcefa81cf55197541743f677de8'}",mock
0x1c33ec83ed5282d6bc6245036da87be081b9437cfaf2583bf06f813aa06365f0,86000,1,TicketReserved,"{'model_id': 'model_mnist_784_noniid', 'round': 5, 'ticket_id': 288, 'owner': 'acct_38'}",mock
0x24380024f86798441d878c5d7940f6dbf9116327868b1a7be19501dbb75e64a6,93000,1,UpdatePublished,"{'model_id': 'model_mnist_784_noniid', 'round': 5, 'ticket_id': 288, 'cid': 'sha256:c22373372f9eb1964e92d3328b4d0e9f169434d8abd20342a7b24de71758235f'}",mock
0xe248d91b2a7cc0b6c23791c8932e0d457629d8f5c37a828e3a22509d35aefc4e,86000,1,TicketReserved,"{'model_id': 'model_mnist_784_noniid', 'round': 5, 'ticket_id': 289, 'owner': 'acct_39'}",mock
0x6839357c48fa0575d66713ba9432f109d8d4e1bda2c1d9828f7dafdfe85ee33e,93000,1,UpdatePublished,"{'model_id': 'model_mnist_784_noniid', 'round': 5, 'ticket_id': 289, 'cid': 'sha256:ef7c570c72d6e67f72f34365b410db3e4b70d27f6c882300e101657d5756ddbd'}",mock
0xd175a255e57caecf184a7904bf74c913ecaf32468f5981d027d3cd65b0ff1311,86000,1,TicketReserved,"{'model_id': 'model_mnist_784_noniid', 'round': 5, 'ticket_id': 290, 'owner': 'acct_40'}",mock
0x98e86b1f88d861c4f4939b88c9207890e4ef4a7750dc8886a8dfa03280b7b66a,93000,1,UpdatePublished,"{'model_id': 'model_mnist_784_noniid', 'round': 5, 'ticket_id': 290, 'cid': 'sha256:851f2cb111dafe330111b8f967b84a956f6f1961532a037ff7d0ddd62bacfe3d'}",mock
0x74d9e215916db39fdb9db5a1eeb4093888300d1673932fd5501b09e4b4ab8c42,86000,1,TicketReserved,"{'model_id': 'model_mnist_784_noniid', 'round': 5, 'ticket_id': 291, 'owner': 'acct_41'}",mock
0xb7e7252da83ab8559a9377a38a2b6e86b7a60a4060562b826bbd9cb4f6cd8496,93000,1,UpdatePublished,"{'model_id': 'model_mnist_784_noniid', 'round': 5, 'ticket_id': 291, 'cid': 'sha256:bfc1db0798c5af3efdec7156165d4bd1e8c17094b932a8fab06d4c7dd9017494'}",mock
0x3327924b3361c55565e960764614d98dadbe646e345bb2a061629ebbe4f3da4d,86000,1,TicketReserved,"{'model_id': 'model_mnist_784_noniid', 'round': 5, 'ticket_id': 292, 'owner': 'acct_42'}",mock
0x5b65b100378ad674345ce7cecea7a96f6c85c81c861489ec516b24ca3848b004,93000,1,UpdatePublished,"{'model_id': 'model_mnist_784_noniid', 'round': 5, 'ticket_id': 292, 'cid': 'sha256:b545a1feacd97c082cd6a1aae8ffa874d87adbb3ba53f08cd102812f82fa0105'}",mock
0x95a7b1724d854ab10252e5eb929874876267deeaf8e2b0d610f9109ec4b41c21,86000,1,TicketReserved,"{'model_id': 'model_mnist_784_noniid', 'round': 5, 'ticket_id': 293, 'owner': 'acct_43'}",mock
0xb194346b5c2cdaa5bff73aef1173b2f6cf67aa742f36d6038cd08b8eacf67203,93000,1,UpdatePublished,"{'model_id': 'model_mnist_784_noniid', 'round': 5, 'ticket_id': 293, 'cid': 'sha256:fa136f6b230dcb2db9ef58cde5db665565ea8e72f790b9508a352ee0b832aa19'}",mock
0x49381b3b108997c7008196d9f870c0213886090653a550f25aedece872100f33,86000,1,TicketReserved,"{'model_id': 'model_mnist_784_noniid', 'round': 5, 'ticket_id': 294, 'owner': 'acct_44'}",mock
0x2f5d034dc8ef1f4037ba375ce82a8172424b691cfb480cdbe5cf0d14b242aaa4,93000,1,UpdatePublished,"{'model_id': 'model_mnist_784_noniid', 'round': 5, 'ticket_id': 294, 'cid': 'sha256:fb2048b256d0a2c9852d722b957a408f08c6846aa0ebff1353839b417f8fdb85'}",mock
0xc05c42b834483f7c515d3753c1dd6fe8721ee2adbc5cfb2b6c90fe19781d608a,86000,1,TicketReserved,"{'model_id': 'model_mnist_784_noniid', 'round': 5, 'ticket_id': 295, 'owner': 'acct_45'}",mock
0x7cb424cbd9e5198de31e1aa8701f1e2e4004c896a3115d77463e6fce32c5bea3,93000,1,UpdatePublished,"{'model_id': 'model_mnist_784_noniid', 'round': 5, 'ticket_id': 295, 'cid': 'sha256:6e385be5f3abb2a09a3403c072d0dccedddef054c60e77afaacf8d8278b647c3'}",mock
0x02afd293222f80039b4d051beda3a202927028b13fd31637524ed44613039b0e,86000,1,TicketReserved,"{'model_id': 'model_mnist_784_noniid', 'round': 5, 'ticket_id': 296, 'owner': 'acct_46'}",mock
0x9af7d5142edf2077209f759c1d452dc6ef09fdc379d6f216187f2eed4aad5d2f,93000,1,UpdatePublished,"{'model_id': 'model_mnist_784_noniid', 'round': 5, 'ticket_id': 296, 'cid': 'sha256:74607808ac061e4b8407b72e7d13d185c691a5c220d491ef5a7ab286095924c4'}",mock
0xae2ca86406d145daf4da37a7a9aac26853272b05d5833b8047c11c54c3357ffe,86000,1,TicketReserved,"{'model_id': 'model_mnist_784_noniid', 'round': 5, 'ticket_id': 297, 'owner': 'acct_47'}",mock
0x28276fafc53bf06f223a64e88a4c965dc653281ad2c3fd426053279220137972,93000,1,UpdatePublished,"{'model_id': 'model_mnist_784_noniid', 'round': 5, 'ticket_id': 297, 'cid': 'sha256:3471ece0c0739264967227dd1257a84fb0eb3d5a99cc4f7e1faeaae010bee4b0'}",mock
0xeb1751660092da87611fc3306b4c4d254f147f90b5b2789d97fafdd076cdc8eb,86000,1,TicketReserved,"{'model_id': 'model_mnist_784_noniid', 'round': 5, 'ticket_id': 298, 'owner': 'acct_48'}",mock
0x643ec1f1932ff27fe41580bc025a8da2832665afc6815a2dc0724d5259d7dbb3,93000,1,UpdatePublished,"{'model_id': 'model_mnist_784_noniid', 'round': 5, 'ticket_id': 298, 'cid': 'sha256:8730a43427032abdd7318ee537a4b50d6073658762678ce2d9320d51818137b6'}",mock
0xe1963c84289255258613ba43feb1759ab90aa64e36d83d0225680a255b7337f1,86000,1,TicketReserved,"{'model_id': 'model_mnist_784_noniid', 'round': 5, 'ticket_id': 299, 'owner': 'acct_49'}",mock
0xae0a99674385c875af83916fae00d5b80bb3cd9c5fbc9cf5bf4e8fff855930f7,93000,1,UpdatePublished,"{'model_id': 'model_mnist_784_noniid', 'round': 5, 'ticket_id': 299, 'cid': 'sha256:16338bd79951167bf8d22c01822caa1885b90d77f5be697eeac14b101eac7416'}",mock
0xf1bc69544c2e04cd6d56daf894857ce857f1da1d67355792c481ffb43b692bd4,86000,1,TicketReserved,"{'model_id': 'model_mnist_784_noniid', 'round': 5, 'ticket_id': 300, 'owner': 'acct_50'}",mock
0x29a0735be386dc7f3b62a54494dfc9859df12081363b04cef11d2794a477f2fc,93000,1,UpdatePublished,"{'model_id': 'model_mnist_784_noniid', 'round': 5, 'ticket_id': 300, 'cid': 'sha256:cdfc6e0ef7de34c33ded36c41921eb883540f510f2d9229735ae971bc19e57fd'}",mock
0x0367469bc53c25bcab4154b1e5856cbafae6ac06f8af7b7e019a472cf4d8cdbd,665000,1,RoundFinalized,"{'model_id': 'model_mnist_784_noniid', 'round': 5, 'included': 27, 'refunds': 27}",mock
0x6ce80780919732f1d60c4eb4d05c411205fe65592fac0f9cf32d3243da10ba72,52000,1,RoundFunded,"{'model_id': 'model_mnist_784_noniid', 'amount_wei': 10000000000000000}",mock
0x9aa2dfceb5b5e4a06c068e98aac61f34116ce7bf5bab01f957c2e538f2914144,86000,1,TicketReserved,"{'model_id': 'model_mnist_784_noniid', 'round': 6, 'ticket_id': 301, 'owner': 'acct_1'}",mock
0xdf81106b628cf14142b2fb2f41ae046058948821628914f39e8577ccd7e3112e,93000,1,UpdatePublished,"{'model_id': 'model_mnist_784_noniid', 'round': 6, 'ticket_id': 301, 'cid': 'sha256:3d2c5adbdb4f2f36fc0a7f9eec8b3a6dc17d0244c9c7ac2a7f9b9c31ae0f3f55'}",mock
0xc1d3f269365dd936aa891d171592caa624b3c5f955142746841f8b3f2b384190,86000,1,TicketReserved,"{'model_id': 'model_mnist_784_noniid', 'round': 6, 'ticket_id': 302, 'owner': 'acct_2'}",mock
0xb1754408f73b19af56cc2157385af69b0e9003ec0fa048b12e52a63523c0f578,93000,1,UpdatePublished,"{'model_id': 'model_mnist_784_noniid', 'round': 6, 'ticket_id': 302, 'cid': 'sha256:ca1840b61b71fdb30d64281ec68dc8685dab355a0d5dfc2d36555571b3b47608'}",mock
0x8bbd0f6885d60ddab613c4bba7e73f62ef6590cf21f790ea83b0ea7395cdd479,86000,1,TicketReserved,"{'model_id': 'model_mnist_784_noniid', 'round': 6, 'ticket_id': 303, 'owner': 'acct_3'}",mock
0xf883d8572cc4f088795634d580f33de75d014d25fb83c72c7d6e08123553fefe,93000,1,UpdatePublished,"{'model_id': 'model_mnist_784_noniid', 'round': 6, 'ticket_id': 303, 'cid': 'sha256:40373adb8c17f016470ee75574b261422939687010bcfcef44f95def35473195'}",mock
0x1076818401f91bb9adf6c72afbad166e84631d8e6e0a5f2962403c5460e8e7bb,86000,1,TicketReserved,"{'model_id': 'model_mnist_784_noniid', 'round': 6, 'ticket_id': 304, 'owner': 'acct_4'}",mock
0xd1ef001d0081ae21b4bab6db4ac3f21976f04db5c4cce98d18f13507f33dffd9,93000,1,UpdatePublished,"{'model_id': 'model_mnist_784_noniid', 'round': 6, 'ticket_id': 304, 'cid': 'sha256:c5d280eb7b85d717ad76f66fa8e26789c12ac87bb29e2830cdf44165682108a4'}",mock
0x4d96c5119dbb0e7c5d47c518433f8d413c6fda557eb19abffdff0857566399c6,86000,1,TicketReserved,"{'model_id': 'model_mnist_784_noniid', 'round': 6, 'ticket_id': 305, 'owner': 'acct_5'}",mock
0x7784bedbf3aa51f7d44a76cdfecb2e6a7196bdd43553d8ef90378d44ee8c0374,93000,1,UpdatePublished,"{'model_id': 'model_mnist_784_noniid', 'round': 6, 'ticket_id': 305, 'cid': 'sha256:0575cbc9015420e018e54eae57cb3e7ae605392b3912d023b0a8dab6e3ef8e8a'}",mock
0x2270481380ee10115c9eca77c01b5f9c12efca846bf9bc47793bd4a55c62c18b,86000,1,TicketReserved,"{'model_id': 'model_mnist_784_noniid', 'round': 6, 'ticket_id': 306, 'owner': 'acct_6'}",mock
0x599e877721c01a38235550ee95057b6a4a79586514c4183450d5b64a441c72fe,93000,1,UpdatePublished,"{'model_id': 'model_mnist_784_noniid', 'round': 6, 'ticket_id': 306, 'cid': 'sha256:d93a1a2f6858dae62b606642ce6717198378f63ed4304791067fcdb696eb4125'}",mock
0x813ae1c2a50602eaf7e9e2f4b922fa02e29f13ba01b9c59ed35b29845c6d712b,86000,1,TicketReserved,"{'model_id': 'model_mnist_784_noniid', 'round': 6, 'ticket_id': 307, 'owner': 'acct_7'}",mock
0xf97877850a526be3fc72d26f5b558fc3b96ffcbd0a0568d9aa9c1925aa19ddf3,93000,1,UpdatePublished,"{'model_id': 'model_mnist_784_noniid', 'round': 6, 'ticket_id': 307, 'cid': 'sha256:48f0a72feceaaf39504e7fb557c5ea18d7ac4c339c2a955d8426e346d49446e5'}",mock
0xd83c55110afc7966f0e347c05cd00ca109cf4f998b41dcb7d1f38ba0ab9d91b9,86000,1,TicketReserved,"{'model_id': 'model_mnist_784_noniid', 'round': 6, 'ticket_id': 308, 'owner': 'acct_8'}",mock
0x8ef3f9487929312eed6543887ae1f59f4ff3d7e89dcf6d947b5d6fcd8b85bc8a,93000,1,UpdatePublished,"{'model_id': 'model_mnist_784_noniid', 'round': 6, 'ticket_id': 308, 'cid': 'sha256:7489f7e3234977ac19b10fd3e8b8db8284f9ac39cd23b9d3d737ba899618b7ee'}",mock
0x8dd16eca8865181c952e3a77d42c710df0b24a6432ad33fd8d622cceb2384ae7,86000,1,TicketReserved,"{'model_id': 'model_mnist_784_noniid', 'round': 6, 'ticket_id': 309, 'owner': 'acct_9'}",mock
0xfd248cf588c96b3248c825848eafd78e611d7e57109d5d4c66fedd7bdaf16c1b,93000,1,UpdatePublished,"{'model_id': 'model_mnist_784_noniid', 'round': 6, 'ticket_id': 309, 'cid': 'sha256:26be8c3ee84ef61f555cead1c6b2cf590b8d08afce66e4e6e3994ee60b68b32b'}",mock
0x630ec9e342bc58a8b217423bdd3160570cd3a319adb35f95cec2178981c3c639,86000,1,TicketReserved,"{'model_id': 'model_mnist_784_noniid', 'round': 6, 'ticket_id': 310, 'owner': 'acct_10'}",mock
0x088342c09e9be5da2d0c7becee42f97c5cde177b2abb2567e6d668b870e65a34,93000,1,UpdatePublished,"{'model_id': 'model_mnist_784_noniid', 'round': 6, 'ticket_id': 310, 'cid': 'sha256:d6e0baa5e77da00bcffa93a674148e3049c26d3df7037ff2e929d52e504a658c'}",mock
0xa25361cdd9a2db2aa7a89722a8a19da59469e54cdf6be2c933d6db528d8f26b0,86000,1,TicketReserved,"{'model_id': 'model_mnist_784_noniid', 'round': 6, 'ticket_id': 311, 'owner': 'acct_11'}",mock
0x96eca7e5fc594e490035f04b6ce29444355a6d6ad0e7eb6b764766cb86f49889,93000,1,UpdatePublished,"{'model_id': 'model_mnist_784_noniid', 'round': 6, 'ticket_id': 311, 'cid': 'sha256:4da43444675492569f9aa20311e407ffe70ab6dc517bb4b31e5367dac6868618'}",mock
0x0d8f692355356de7468d347b641d583048b018db3f7076a963bc8bf6588b2e32,86000,1,TicketReserved,"{'model_id': 'model_mnist_784_noniid', 'round': 6, 'ticket_id': 312, 'owner': 'acct_12'}",mock
0xcea23a1d760efec77d48283a6cf706807ef2372f09ee2e5a14c2f3deee54e8a9,93000,1,UpdatePublished,"{'model_id': 'model_mnist_784_noniid', 'round': 6, 'ticket_id': 312, 'cid': 'sha256:0ae9b3bda6dd6a6be5830a6905d186f427312a932f5e0ea9ff66a38ecdcebedd'}",mock
0x57e16de061c225ca451359016ff7910cd6c92f16936448be3fbd859e4de721ed,86000,1,TicketReserved,"{'model_id': 'model_mnist_784_noniid', 'round': 6, 'ticket_id': 313, 'owner': 'acct_13'}",mock
0x0653a68f000e2aebedc3d6632d0d76d7ded4c110a50951a5f76a50b6c8ab76f5,93000,1,UpdatePublished,"{'model_id': 'model_mnist_784_noniid', 'round': 6, 'ticket_id': 313, 'cid': 'sha256:f7b8357ac72f6833e33e2eed7ff40a3e8df05d919fbffd2fd519026a46887db8'}",mock
0x9f6ffe7f532f8d76a301351e10ed09e1584b46e138bb936a41c56d4ad7507546,86000,1,TicketReserved,"{'model_id': 'model_mnist_784_noniid', 'round': 6, 'ticket_id': 314, 'owner': 'acct_14'}",mock
0x522c7c2de370766ad1bf5caf060538b3fefdd2d654ddfabad453f4abea6956af,93000,1,UpdatePublished,"{'model_id': 'model_mnist_784_noniid', 'round': 6, 'ticket_id': 314, 'cid': 'sha256:27d745c2d058ef393e6ccd5d77bc2c8bde24de2d24494d0ef3f4f08f79716b48'}",mock
0xa878c9ffdfa285b6a63f4b85b75e0cd2df6b2f1fe5768f096a6c8768e31154e8,86000,1,TicketReserved,"{'model_id': 'model_mnist_784_noniid', 'round': 6, 'ticket_id': 315, 'owner': 'acct_15'}",mock
0x34abefd947ae2dc1eda86ef1a53d5d81cf063997d4b94bb9aa67e8ff1fe92397,93000,1,UpdatePublished,"{'model_id': 'model_mnist_784_noniid', 'round': 6, 'ticket_id': 315, 'cid': 'sha256:75097891c004e2b535eaba26bae097367aea116962bbaea6cb43834323f41a15'}",mock
0x9bc56901e359fcb3f075be60d5ccf4af55f4f2411cde2f6e662e8be49cdc417b,86000,1,TicketReserved,"{'model_id': 'model_mnist_784_noniid', 'round': 6, 'ticket_id': 316, 'owner': 'acct_16'}",mock
0xf653afa28101422504531cdea65c3fd63a1bf1132b1394af35e03c8ced825d79,93000,1,UpdatePublished,"{'model_id': 'model_mnist_784_noniid', 'round': 6, 'ticket_id': 316, 'cid': 'sha256:d998c71334464b8a051e4655fdc94f5f280bcf29eb624a2f4e539917d53c6feb'}",mock
0xbffd97c8f6dc0fcc5fffbb6bafe9b997f040570825f8928fd1228c4503d0be9f,86000,1,TicketReserved,"{'model_id': 'model_mnist_784_noniid', 'round': 6, 'ticket_id': 317, 'owner': 'acct_17'}",mock
0xdb36ad1176ce6e69b8809f3b83cc4bc0ed574961e71b1e0a1488eacc1d4d2f3e,93000,1,UpdatePublished,"{'model_id': 'model_mnist_784_noniid', 'round': 6, 'ticket_id': 317, 'cid': 'sha256:be9adadb4bf589cfc6acdb677fc6aadc20cc3db8a3a1300cde37004ceed87de6'}",mock
0x2147176867cf7264473f8a412f0e882a887b92150dd089932ab9cba06128f9fc,86000,1,TicketReserved,"{'model_id': 'model_mnist_784_noniid', 'round': 6, 'ticket_id': 318, 'owner': 'acct_18'}",mock
0x63155d2183a95abc908b7ca3710d08b76be81a21418e28b73450f43cd8129bdf,93000,1,UpdatePublished,"{'model_id': 'model_mnist_784_noniid', 'round': 6, 'ticket_id': 318, 'cid': 'sha256:698152878bfea5e893dd151347925fcd83830107c3298f65996d3766457f8309'}",mock
0xf20d73a97c0d2461b5c6aee2a986db652ef2faa8bb9708a8167e6cbe0ac4b12a,86000,1,TicketReserved,"{'model_id': 'model_mnist_784_noniid', 'round': 6, 'ticket_id': 319, 'owner': 'acct_19'}",mock
0xd69955d94161252b0c1ab710df5e841f91e45d9aab436cda98227c7a83070c2d,93000,1,UpdatePublished,"{'model_id': 'model_mnist_784_noniid', 'round': 6, 'ticket_id': 319, 'cid': 'sha256:4e5e24be33846713808c254207a4d57c42ef9e5d8c9d61d2aae522e61bc8d9ac'}",mock
0xbfdb0bcd9630f1cdcca9086c071078953d34b4cc243ad4ca62b9457efeddb14a,86000,1,TicketReserved,"{'model_id': 'model_mnist_784_noniid', 'round': 6, 'ticket_id': 320, 'owner': 'acct_20'}",mock
0xeefcd47894856c8a5139c2d148471d845ce431ccc75038a36875945e0c8b7c3d,93000,1,UpdatePublished,"{'model_id': 'model_mnist_784_noniid', 'round': 6, 'ticket_id': 320, 'cid': 'sha256:d474f937c284484d4e947b8497cefde73ccbfff4e5c367479b1fc52c3d4baee1'}",mock
0x5dce273ea156a58569ef043a1d1b4bdd3d27b452549a92d8ad37f23200478963,86000,1,TicketReserved,"{'model_id': 'model_mnist_784_noniid', 'round': 6, 'ticket_id': 321, 'owner': 'acct_21'}",mock
0x011a4519be9c0b4f64a00def4ce4781afc56b79ca38b962506a90d42ca0200db,93000,1,UpdatePublished,"{'model_id': 'model_mnist_784_noniid', 'round': 6, 'ticket_id': 321, 'cid': 'sha256:512ff3c07b51f060f546cbd6cde8c723599ad5ee467530ea1540e62fe3490356'}",mock
0x624ea7f7647bc777c036ead7028b1ca3d9596e0de0892edb485d0291e74d8f81,86000,1,TicketReserved,"{'model_id': 'model_mnist_784_noniid', 'round': 6, 'ticket_id': 322, 'owner': 'acct_22'}",mock
0x1e9143d246581ae396711bdc999884647e909346c1299b94183d311f650efba5,93000,1,UpdatePublished,"{'model_id': 'model_mnist_784_noniid', 'round': 6, 'ticket_id': 322, 'cid': 'sha256:b70f01c4f69b133ef0f583386090dcdec465c50d47bde0c3390b0fee79369ecb'}",mock
0x61e8e0489f485f178686f03698a84c1faf8986c08b7de519b4161482a5cdd226,86000,1,TicketReserved,"{'model_id': 'model_mnist_784_noniid', 'round': 6, 'ticket_id': 323, 'owner': 'acct_23'}",mock
0x85f1c1e8090d461b234f4be483dca6d48fe573ba9658315d7c114f2b7386c920,93000,1,UpdatePublished,"{'model_id': 'model_mnist_784_noniid', 'round': 6, 'ticket_id': 323, 'cid': 'sha256:af7c5fa176266ebe50c22f15d36ad95e9fef866bb335d9c8133bc219b123b892'}",mock
0x8e9f5877a4f965b84a02b32562adad0592fb4131ab6414346fc68c98f468677f,86000,1,TicketReserved,"{'model_id': 'model_mnist_784_noniid', 'round': 6, 'ticket_id': 324, 'owner': 'acct_24'}",mock
0x1c2bbba4751629d6ad9e1a6e07c01fb8b1ca083dd288e4a4f3f42b4a5d70df56,93000,1,UpdatePublished,"{'model_id': 'model_mnist_784_noniid', 'round': 6, 'ticket_id': 324, 'cid': 'sha256:a798d5394887a10ff7acd502b58cfab6eb03ca7408bfb296f044d1fea0bfc581'}",mock
0xb3ed7e362ebca934621d4eec6826b58749c6ecef96c4c44ceb5cf3d8cb48235f,86000,1,TicketReserved,"{'model_id': 'model_mnist_784_noniid', 'round': 6, 'ticket_id': 325, 'owner': 'acct_25'}",mock
0x60684bc0556b58973697a01c14580909ee60590522dbc9aa6eda1b3275ed73bd,93000,1,UpdatePublished,"{'model_id': 'model_mnist_784_noniid', 'round': 6, 'ticket_id': 325, 'cid': 'sha256:aa8e4d019117a3e8bb10e511157992e5f3344100c3dcf4b443131cdec9fd42f0'}",mock
0x14e2d38c2b68f1a79e2e52d80e6ff659409d4ddf151aa7ba835c506e7e814364,86000,1,TicketReserved,"{'model_id': 'model_mnist_784_noniid', 'round': 6, 'ticket_id': 326, 'owner': 'acct_26'}",mock
0xe9baf3b4533da7ac09b1f4f30893b905e687c800c05952ca3f99b30a5ae1d118,93000,1,UpdatePublished,"{'model_id': 'model_mnist_784_noniid', 'round': 6, 'ticket_id': 326, 'cid': 'sha256:33af8d19c89c4628fde8843c2813a5c82115388fdbcc03504269116f53bc01f4'}",mock
0x49f72a605cb38d3471184e2aa98ff651735bd806bf257c2eafab62fd4d26b208,86000,1,TicketReserved,"{'model_id': 'model_mnist_784_noniid', 'round': 6, 'ticket_id': 327, 'owner': 'acct_27'}",mock
0x67cd848b9fb219664e4e39dc24e735bf2ecea275bfc720be1acbc0a71d4472fb,93000,1,UpdatePublished,"{'model_id': 'model_mnist_784_noniid', 'round': 6, 'ticket_id': 327, 'cid': 'sha256:44d09ca25d21f46cc1b38eebfdafba10033908066b5c07a5d518874b0856df52'}",mock
0x35b0de98990f921a3e54651a30e314b818fddf3c74cb06979d4fd8225b38db25,86000,1,TicketReserved,"{'model_id': 'model_mnist_784_noniid', 'round': 6, 'ticket_id': 328, 'owner': 'acct_28'}",mock
0x8533bde8088578bc5324ed42d6db833f949c0bd7c7904ebe6b1e1dc2c8658825,93000,1,UpdatePublished,"{'model_id': 'model_mnist_784_noniid', 'round': 6, 'ticket_id': 328, 'cid': 'sha256:e17bd5bb596c9afd3e6700f60f25e370c2b04002f098deeee161542840e6b5d0'}",mock
0xed8007e4e343d272a302b19680f35cd59c3a58c9a9a7484630bffbe079f6bc81,86000,1,TicketReserved,"{'model_id': 'model_mnist_784_noniid', 'round': 6, 'ticket_id': 329, 'owner': 'acct_29'}",mock
0x934e0737c35bd6441bb9c4d67586a0af0d2bafbc7bae157580633122799d49be,93000,1,UpdatePublished,"{'model_id': 'model_mnist_784_noniid', 'round': 6, 'ticket_id': 329, 'cid': 'sha256:f075a8588554253194e842798c64fe3d9ac31264a545468c225ba5a40a7b13d3'}",mock
0xca875f58f173f69535b87f997b90db9b96748aa605748c40bd14c3e364b37f13,86000,1,TicketReserved,"{'model_id': 'model_mnist_784_noniid', 'round': 6, 'ticket_id': 330, 'owner': 'acct_30'}",mock
0xb31969cb74326081482103cb7aeb18cbd3788faff1d64ff2b4693286054c8ceb,93000,1,UpdatePublished,"{'model_id': 'model_mnist_784_noniid', 'round': 6, 'ticket_id': 330, 'cid': 'sha256:6021e3782fcc09d4e54cbdd3cfcdaead799266c3741ae8f50f6cdf73750a5256'}",mock
0x53c1f30ebdf7537efac3e265b90bafc86e18be9653ee3cfc0d8cccb59fc32c30,86000,1,TicketReserved,"{'model_id': 'model_mnist_784_noniid', 'round': 6, 'ticket_id': 331, 'owner': 'acct_31'}",mock
0x6f78a7f52739e3c531bbb5f97d16faec249e3752583d7b80bc97b4c698b7b76e,93000,1,UpdatePublished,"{'model_id': 'model_mnist_784_noniid', 'round': 6, 'ticket_id': 331, 'cid': 'sha256:4c2d06f4009c5c91a0df981351395a77fa7a4ff158eb9e8e829b7891d71c957a'}",mock
0x7f1d5a5d52841ddeb1c3074b77294f287ff6ac597a68febf1a7f755536dc6647,86000,1,TicketReserved,"{'model_id': 'model_mnist_784_noniid', 'round': 6, 'ticket_id': 332, 'owner': 'acct_32'}",mock
0x47a195e0c160c3d4fc8a23ffa22e43fda4523e794e175bba5ef780fdce3408bf,93000,1,UpdatePublished,"{'model_id': 'model_mnist_784_noniid', 'round': 6, 'ticket_id': 332, 'cid': 'sha256:5733a3fe302c64dd2c5f463004c73026855276551fd87e736184cf9679b4e5ed'}",mock
0xe06ea805d48a90f9ab9e6b0c08705d8bd76c5322fd50692bebb0040a74c7a14c,86000,1,TicketReserved,"{'model_id': 'model_mnist_784_noniid', 'round': 6, 'ticket_id': 333, 'owner': 'acct_33'}",mock
0x966cc980160cbb4d3ad21a8a74b6f9de25626f4ca15be925df4c46ea3cdd6cf6,93000,1,UpdatePublished,"{'model_id': 'model_mnist_784_noniid', 'round': 6, 'ticket_id': 333, 'cid': 'sha256:10235c75c96bf85a9a5644a1ddbf3d645c0199e4c14b13c934c8aadaf15afad7'}",mock
0x83dc863f72d2904777f6125b4db72af3cee8e2ae0ef667eaac95342e14583b81,86000,1,TicketReserved,"{'model_id': 'model_mnist_784_noniid', 'round': 6, 'ticket_id': 334, 'owner': 'acct_34'}",mock
0xc88597706f3a1de574b2931101eec276ffca610e4b761e045676e9a6f920956c,93000,1,UpdatePublished,"{'model_id': 'model_mnist_784_noniid', 'round': 6, 'ticket_id': 334, 'cid': 'sha256:73d715cdf32598bdf80eb4b714c68153bb20f0ceecd637338c3beb4139d1f9b5'}",mock
0xfb982b6fe9be877c930c154b59d926d53d3bc01ab3d30fe67105bbc95f19e0fd,86000,1,TicketReserved,"{'model_id': 'model_mnist_784_noniid', 'round': 6, 'ticket_id': 335, 'owner': 'acct_35'}",mock
0xf3f3c6532f72fcb67c52c70022076a1adb4370e60e7545a54512778e1eb67ab5,93000,1,UpdatePublished,"{'model_id': 'model_mnist_784_noniid', 'round': 6, 'ticket_id': 335, 'cid': 'sha256:f128b9dff653c726e51d9e171e9c63e71d840965afbe363e23877806b2df4951'}",mock
0xd979c1caaf7897e906b94a36f93b74c098a37fa0bb096dc4f87f6b82293a3ce9,86000,1,TicketReserved,"{'model_id': 'model_mnist_784_noniid', 'round': 6, 'ticket_id': 336, 'owner': 'acct_36'}",mock
0xba45a7dd99f982cd3efe878e81ec1f9408b72aa5361c932717db548c00aacc59,93000,1,UpdatePublished,"{'model_id': 'model_mnist_784_noniid', 'round': 6, 'ticket_id': 336, 'cid': 'sha256:77f1c7d24eb234db6664950a38eed00291562ffefa7d1b9356f0efb2ecf5f2df'}",mock
0xf30b5c260cf10032134a0a7ccf2dae5913404e15a0112c3643dcb4e3a9fc8668,86000,1,TicketReserved,"{'model_id': 'model_mnist_784_noniid', 'round': 6, 'ticket_id': 337, 'owner': 'acct_37'}",mock
0xb56d909808ef7a32a71ae8909a368c243b552f8bb455315b7b3abb0c122e8d21,93000,1,UpdatePublished,"{'model_id': 'model_mnist_784_noniid', 'round': 6, 'ticket_id': 337, 'cid': 'sha256:8376e3a5f36ceba978bedbfc6d41af9cbc7c5c79102a771ef9d74c1d870f4f18'}",mock
0xc6383400d857476b1ef686318675ca200b059f6bff75e5f8c31961507208e1a1,86000,1,TicketReserved,"{'model_id': 'model_mnist_784_noniid', 'round': 6, 'ticket_id': 338, 'owner': 'acct_38'}",mock
0x27f7090fcb8458daf04d224b5ff6fa55f749a6645112120b123d29ccda1183b9,93000,1,UpdatePublished,"{'model_id': 'model_mnist_784_noniid', 'round': 6, 'ticket_id': 338, 'cid': 'sha256:5b267dfa7684b2b34516e9c07100f43c283ae4e641c694eed031a034f8e79455'}",mock
0x4a1a91b558a91778830c327ec76a0d07518cd918c93792f0dd01ca00073c30ab,86000,1,TicketReserved,"{'model_id': 'model_mnist_784_noniid', 'round': 6, 'ticket_id': 339, 'owner': 'acct_39'}",mock
0x89761333ff96c4f62c5536784e2539f287fe77b3b63eaa0de9b4d5f84d9026e0,93000,1,UpdatePublished,"{'model_id': 'model_mnist_784_noniid', 'round': 6, 'ticket_id': 339, 'cid': 'sha256:8a8f6024e72d6fd7c19c0f10847e24c8f3f051f90959dc533044a01c3c7f0c19'}",mock
0x5c90aeac2506b6d8419e39aded52a801976dccd3d31f25a8ad5742f66d0f8f59,86000,1,TicketReserved,"{'model_id': 'model_mnist_784_noniid', 'round': 6, 'ticket_id': 340, 'owner': 'acct_40'}",mock
0x5053d98170576aa46f81bb7a7d02beb1b4f407e57268dd3012f00758e94087a2,93000,1,UpdatePublished,"{'model_id': 'model_mnist_784_noniid', 'round': 6, 'ticket_id': 340, 'cid': 'sha256:582a58b1da205d74d54ca3bbcd031100c1db7f01801608ffba1e1eceada64c88'}",mock
0xf85b740f5764b5810f54dbeb7bd27a09aef4407dfa405c7f919ccffe9f273b9e,86000,1,TicketReserved,"{'model_id': 'model_mnist_784_noniid', 'round': 6, 'ticket_id': 341, 'owner': 'acct_41'}",mock
0x61e2f6732f2c35acb220b79ea3e9be2574b281100486d0e4338f39f05487d0c0,93000,1,UpdatePublished,"{'model_id': 'model_mnist_784_noniid', 'round': 6, 'ticket_id': 341, 'cid': 'sha256:a99a7f98ef69012a65e652e7b6d3289dece7af017a0204612c50dfb3a4ce17dc'}",mock
0xf1e6bf34e339f7481bc8841292265d6e8a78ed95224e5ac8872c8cf31a33dbce,86000,1,TicketReserved,"{'model_id': 'model_mnist_784_noniid', 'round': 6, 'ticket_id': 342, 'owner': 'acct_42'}",mock
0x59a95fcd87d1d4dabadb4ea57056866da353411ebddf1d88d79b5d65fbce7c0a,93000,1,UpdatePublished,"{'model_id': 'model_mnist_784_noniid', 'round': 6, 'ticket_id': 342, 'cid': 'sha256:1ea3eb5cc4490932a361edb622ffd1cd9713659e2db1d439ded3fd50c8592977'}",mock
0x4bde6bc975ab8f7cd2719d320b556dbceb4389f18037ea6790ec5f5c71f72866,86000,1,TicketReserved,"{'model_id': 'model_mnist_784_noniid', 'round': 6, 'ticket_id': 343, 'owner': 'acct_43'}",mock
0xe0df2be577ca11491c5224cd719e20f4914c463916b5599f731534133fb5de28,93000,1,UpdatePublished,"{'model_id': 'model_mnist_784_noniid', 'round': 6, 'ticket_id': 343, 'cid': 'sha256:8a2b944c95e97630343831630425ac32c1db3afe492d3f021b5566d2dc647e70'}",mock
0xb572bf5082f0a75b55b509321fe01f35efa2ba2af2336e8c717986e38ec998ee,86000,1,TicketReserved,"{'model_id': 'model_mnist_784_noniid', 'round': 6, 'ticket_id': 344, 'owner': 'acct_44'}",mock
0x844845cdfe518a068c4cd4894d8fb1c87838cb30de702f6652ec07b5dc9eed2e,93000,1,UpdatePublished,"{'model_id': 'model_mnist_784_noniid', 'round': 6, 'ticket_id': 344, 'cid': 'sha256:36345298b07c912a4b11d6634baed0b5fa0a18cdc4dbc1dac9b28be175b7e9c3'}",mock
0xd7ab18a47e112bb013a1658581296fda8a8839d598d50437fa41594841cd5fce,86000,1,TicketReserved,"{'model_id': 'model_mnist_784_noniid', 'round': 6, 'ticket_id': 345, 'owner': 'acct_45'}",mock
0xa0c5eb6cb3801fd259d054886ab78852e70b0dfdd0e70c12740f71e63e17074b,93000,1,UpdatePublished,"{'model_id': 'model_mnist_784_noniid', 'round': 6, 'ticket_id': 345, 'cid': 'sha256:b0ad6338ff10ba7f078ea7fb646460f0e469b6c686d93dc5910fa02212317a6f'}",mock
0xcaab30b60e1c5f19bb09dab26cd30128389fff6c8294bb1ef0ec492a5f1b6bfe,86000,1,TicketReserved,"{'model_id': 'model_mnist_784_noniid', 'round': 6, 'ticket_id': 346, 'owner': 'acct_46'}",mock
0x367d58c1024e4c36eca63af14ef27805ca87d426fe8388854a4e8d5597db0fd3,93000,1,UpdatePublished,"{'model_id': 'model_mnist_784_noniid', 'round': 6, 'ticket_id': 346, 'cid': 'sha256:4fedcf3041226896a9b3b7a68e65a9895dcc6386f886358c6089c37f4eae99bf'}",mock
0x15848e7c71c38e8695744bf2fea5dc8c39531f3f3b136788734fc5ff352e0300,86000,1,TicketReserved,"{'model_id': 'model_mnist_784_noniid', 'round': 6, 'ticket_id': 347, 'owner': 'acct_47'}",mock
0x6791d00d62e984db39a846d155669c79493a3f7a244afdcff7c787d467fcdf87,93000,1,UpdatePublished,"{'model_id': 'model_mnist_784_noniid', 'round': 6, 'ticket_id': 347, 'cid': 'sha256:712cc6f203cd3da9819c1b7441c40eb7f086a98b792ab723df76172800ee468c'}",mock
0xbf30bfbaffca0023688aedf5d2e88462494bfee0d5a90ce773a22757517fc1bf,86000,1,TicketReserved,"{'model_id': 'model_mnist_784_noniid', 'round': 6, 'ticket_id': 348, 'owner': 'acct_48'}",mock
0xc64fc533de0ff80c1cdbf3f3080332694e2d6e6ec48189f7460fac6baa56d17d,93000,1,UpdatePublished,"{'model_id': 'model_mnist_784_noniid', 'round': 6, 'ticket_id': 348, 'cid': 'sha256:2589c0940fa9adf058cf6c808a7ab5bdfb203b678e012d1391d42e3629ded1c9'}",mock
0x51040372615fd902a68918a86507da39a12af786fcae3c74545b20c50891630e,86000,1,TicketReserved,"{'model_id': 'model_mnist_784_noniid', 'round': 6, 'ticket_id': 349, 'owner': 'acct_49'}",mock
0x24df864f9fc2f93ba47eeb2cb6d9c574b7105c35e16330d9bdef441cbfb3f738,93000,1,UpdatePublished,"{'model_id': 'model_mnist_784_noniid', 'round': 6, 'ticket_id': 349, 'cid': 'sha256:53ab1073d6c367ad468215e984f173e58228d47a6195b2893387320446ecf5a9'}",mock
0x20c2262f8de027a13f12e9fb40422bde30bc917c081bd25cd2452e352cc811a3,86000,1,TicketReserved,"{'model_id': 'model_mnist_784_noniid', 'round': 6, 'ticket_id': 350, 'owner': 'acct_50'}",mock
0x72b9e0ff189d16893e6ba35b98cb9d338cb746a3027c10b0210d45a19b32702f,93000,1,UpdatePublished,"{'model_id': 'model_mnist_784_noniid', 'round': 6, 'ticket_id': 350, 'cid': 'sha256:5a04ce75244a18a9ebe90220ff1f472ce6579e3d910c71615f111879d0ce27f9'}",mock
0x379c16036105e9fa07b0711020d6e95758fcbd3fae37b9805eecd09c87cb6942,645000,1,RoundFinalized,"{'model_id': 'model_mnist_784_noniid', 'round': 6, 'included': 26, 'refunds': 26}",mock
0x2df27144a72c75d29788e44062ed9a98fa10486dcbe0327d698b60f9f89dea4d,52000,1,RoundFunded,"{'model_id': 'model_mnist_784_noniid', 'amount_wei': 10000000000000000}",mock
0x792f6035bef743a078c8ce698671e7e3b76bd2fd87c0b48b045c7c249c78a7bc,86000,1,TicketReserved,"{'model_id': 'model_mnist_784_noniid', 'round': 7, 'ticket_id': 351, 'owner': 'acct_1'}",mock
0xb0196b340643070671323c229fdc99ca71e111d84f94a48b527160086ff9bc22,93000,1,UpdatePublished,"{'model_id': 'model_mnist_784_noniid', 'round': 7, 'ticket_id': 351, 'cid': 'sha256:04fe661d5c42a0058e2cac721501d7483c64ba4a12468b57d2ed43bc72b4ad56'}",mock
0x02370a68aa1de893f70fd9ae3d00e94cdc82dd56f6880a4725d0a2cce398f4e7,86000,1,TicketReserved,"{'model_id': 'model_mnist_784_noniid', 'round': 7, 'ticket_id': 352, 'owner': 'acct_2'}",mock
0x3bcbae050208a556a0ee114fa37018f4921eb46527ed030bebe7cb71ee0d67ee,93000,1,UpdatePublished,"{'model_id': 'model_mnist_784_noniid', 'round': 7, 'ticket_id': 352, 'cid': 'sha256:9214542c17e0838e73ec7d4a00a1d94ad322ad8d3d41167c8b4c29fcbbbf4316'}",mock
0xb11b19adbbc5935d669f7d2f6a1bf65f4c1684d9c692b92f38b851aa3d8a538e,86000,1,TicketReserved,"{'model_id': 'model_mnist_784_noniid', 'round': 7, 'ticket_id': 353, 'owner': 'acct_3'}",mock
0x2a15491aa966fd8ddd2749c0e83d6ff8a930b9d8b02d68555c212551d3f24e4b,93000,1,UpdatePublished,"{'model_id': 'model_mnist_784_noniid', 'round': 7, 'ticket_id': 353, 'cid': 'sha256:b7ab8b8aa24b58314ffe4e05a5054e70842a43be7a9c78e677fd2ca18735a709'}",mock
0x00f336adc78aabf36298c52011ec34882eea841446195da0195942235cb043bb,86000,1,TicketReserved,"{'model_id': 'model_mnist_784_noniid', 'round': 7, 'ticket_id': 354, 'owner': 'acct_4'}",mock
0xf0983a820e5f33aa3b0fbd24e4947ba67b0fdf41ec19e17b797f79cbee5ca461,93000,1,UpdatePublished,"{'model_id': 'model_mnist_784_noniid', 'round': 7, 'ticket_id': 354, 'cid': 'sha256:5bb5df900be132ad3db7986ba7908ea666b6797cf5a7332d21a8ceaa37b7eea1'}",mock
0x314d86874d332065d3fa238dffd0b81f9e250606b34ee78c084b65bb7ca8c123,86000,1,TicketReserved,"{'model_id': 'model_mnist_784_noniid', 'round': 7, 'ticket_id': 355, 'owner': 'acct_5'}",mock
0xa70977be7d795de8e8789d788cda28d5209964d999f0e18f780f7cf511910975,93000,1,UpdatePublished,"{'model_id': 'model_mnist_784_noniid', 'round': 7, 'ticket_id': 355, 'cid': 'sha256:fcd16ac7912a5f1f6f0eb507be84919655008eadcd6651e2e5637d635e75cddf'}",mock
0x1007fb301b6f181d392bc03aa524e303bd1040b4a83ee67ad13cabe697210cf1,86000,1,TicketReserved,"{'model_id': 'model_mnist_784_noniid', 'round': 7, 'ticket_id': 356, 'owner': 'acct_6'}",mock
0x35e85e71c75f2baabf403e8b61e9bbe501c7314059e5f1972e5f7cd39c20232f,93000,1,UpdatePublished,"{'model_id': 'model_mnist_784_noniid', 'round': 7, 'ticket_id': 356, 'cid': 'sha256:5841999285a9afaecdf62beeb8f33c02bc7787e9e87a298e7be41d0647f97514'}",mock
0x382a72281fad930b4a69116831fc90bbd722dbcb492e1c6c5db36a354d3b81a2,86000,1,TicketReserved,"{'model_id': 'model_mnist_784_noniid', 'round': 7, 'ticket_id': 357, 'owner': 'acct_7'}",mock
0x41c12d09430016f388d283084791d8a8925a02803714584c59d854d4f48d04c6,93000,1,UpdatePublished,"{'model_id': 'model_mnist_784_noniid', 'round': 7, 'ticket_id': 357, 'cid': 'sha256:540c669b294559ad5b30595347477b2457a7b91a4cf2d3f9aaee7698057d5c4b'}",mock
0x85127b46e7654f72e3b5373342d93f3291be11d171736f357744bbaee87e7ca7,86000,1,TicketReserved,"{'model_id': 'model_mnist_784_noniid', 'round': 7, 'ticket_id': 358, 'owner': 'acct_8'}",mock
0xa1a0e6fd5db8292bef4c20c0a8e09a1049c20034c86164032b6526d2bee10b0b,93000,1,UpdatePublished,"{'model_id': 'model_mnist_784_noniid', 'round': 7, 'ticket_id': 358, 'cid': 'sha256:20d6f41418b1f8e9cb58a8c7ab7e5220de38e3258a79d3686b6003208fad8fe5'}",mock
0xca91c2df14802c12335f67010957f8d5f5ba2613e09af2e1cf837a1979545d59,86000,1,TicketReserved,"{'model_id': 'model_mnist_784_noniid', 'round': 7, 'ticket_id': 359, 'owner': 'acct_9'}",mock
0x9fac1e27dff59a3e6798634f62241698733780711e5d4f15c4e8ff2544318fed,93000,1,UpdatePublished,"{'model_id': 'model_mnist_784_noniid', 'round': 7, 'ticket_id': 359, 'cid': 'sha256:dbca7e716ece416174e82124d1f5c55c477f60c2274c9c9849eb0163d777db7e'}",mock
0x93e8d0adb2a565815e189c267b3ea706ef285048fac633b8e1f7714e494323c9,86000,1,TicketReserved,"{'model_id': 'model_mnist_784_noniid', 'round': 7, 'ticket_id': 360, 'owner': 'acct_10'}",mock
0xafac1756b7cd42eafdde3cf5aef97140a5845782f6068be287d43bd40c8e7b4e,93000,1,UpdatePublished,"{'model_id': 'model_mnist_784_noniid', 'round': 7, 'ticket_id': 360, 'cid': 'sha256:4e6eacd3997d7b4946c81ccecb01107c2be56b05ea956095476edf35c53be1ab'}",mock
0xa8a59bd5a4b454d43898cb315689b72deb547a2beb90afe4a736af33712bbd39,86000,1,TicketReserved,"{'model_id': 'model_mnist_784_noniid', 'round': 7, 'ticket_id': 361, 'owner': 'acct_11'}",mock
0x5a2b191110ba803c92debbcc4ac0cd686fa2dde5ab9a9302e8df0de1dd274fc9,93000,1,UpdatePublished,"{'model_id': 'model_mnist_784_noniid', 'round': 7, 'ticket_id': 361, 'cid': 'sha256:5bac29bc5c9552231c24cc0ba1dcd46b1ca3ccc3bcf7273f59995b697aafb2fa'}",mock
0x0441de4e0821e1fb0dceee38c9a1b210aaa4f2bbb432d3e9ef74fff43af9c393,86000,1,TicketReserved,"{'model_id': 'model_mnist_784_noniid', 'round': 7, 'ticket_id': 362, 'owner': 'acct_12'}",mock
0xa26a8024ec19b3e58cf2ae2172f5f058d736fadab76a4e287c117aef40ea22fe,93000,1,UpdatePublished,"{'model_id': 'model_mnist_784_noniid', 'round': 7, 'ticket_id': 362, 'cid': 'sha256:0ce82abf0655d5273fecafa6a7e10a99681d5ca151c9fb6122f54a9108367c4a'}",mock
0x4c3fbd563ce61493be4e8913c8aef5af2555d6aeaa49d995d2ca6716a7669d69,86000,1,TicketReserved,"{'model_id': 'model_mnist_784_noniid', 'round': 7, 'ticket_id': 363, 'owner': 'acct_13'}",mock
0x667c4460ae4bd7d02d29a6893a34b382c4f6769adb75463e1389ebf5e27fe7d6,93000,1,UpdatePublished,"{'model_id': 'model_mnist_784_noniid', 'round': 7, 'ticket_id': 363, 'cid': 'sha256:60095a103a9942f1b4f5e32feaece4e4d4d2ca6aad23ba5b543356253fd0efdb'}",mock
0x3f323cebd2878a5dee8152c65a868c752b03ace1115aa2522eb13700ddb2ad04,86000,1,TicketReserved,"{'model_id': 'model_mnist_784_noniid', 'round': 7, 'ticket_id': 364, 'owner': 'acct_14'}",mock
0x1ac3536dfdaeb8823166982f4827e0e864517f7d361955c6052d8bce0803dc34,93000,1,UpdatePublished,"{'model_id': 'model_mnist_784_noniid', 'round': 7, 'ticket_id': 364, 'cid': 'sha256:5226591851119788a336b57b5d589e308a0a292da7b342affae09e9d5b5dfb58'}",mock
0x4d669972ef3c2be20de8ca9c93c5496a86db1618871ebb19a4a431e327cbc278,86000,1,TicketReserved,"{'model_id': 'model_mnist_784_noniid', 'round': 7, 'ticket_id': 365, 'owner': 'acct_15'}",mock
0x6ee4b064882ef08b58ed284d2411937ae23f190d5c89caba3691d33d00dfdc87,93000,1,UpdatePublished,"{'model_id': 'model_mnist_784_noniid', 'round': 7, 'ticket_id': 365, 'cid': 'sha256:6f0cc5441afa95a5000ddc7c9a95f9f9d8843027d39d33cfb9143d9ce6ce1328'}",mock
0x9e952c665d22998dc6317ae4101c6da26837a330b80fe95bf35970ffdd664832,86000,1,TicketReserved,"{'model_id': 'model_mnist_784_noniid', 'round': 7, 'ticket_id': 366, 'owner': 'acct_16'}",mock
0x9318a3415e22cb4b686dfe39b435eef7f46848050e8df5e0771b5aacac49f10e,93000,1,UpdatePublished,"{'model_id': 'model_mnist_784_noniid', 'round': 7, 'ticket_id': 366, 'cid': 'sha256:ac1bf1bee4f1f4344f2395d4447f58545fc663782f71505c8cc1646c7e95afe9'}",mock
0x48684180e48698d81796928e979ed601fd6614d5cb346c44451e347a821bddf5,86000,1,TicketReserved,"{'model_id': 'model_mnist_784_noniid', 'round': 7, 'ticket_id': 367, 'owner': 'acct_17'}",mock
0xece884e63dcc17781baf3601ea3670c3d6fbd2ce0356db6a844d0b2aef2fde69,93000,1,UpdatePublished,"{'model_id': 'model_mnist_784_noniid', 'round': 7, 'ticket_id': 367, 'cid': 'sha256:0ac85c4c4952c316f15075b75725ee708ff23418c0eaed2f22c789e998b1e86b'}",mock
0xb0070ff3348bc82a698b82fb755aff4a92ed5aa62e45c6dc2b0fb767176a6e0d,86000,1,TicketReserved,"{'model_id': 'model_mnist_784_noniid', 'round': 7, 'ticket_id': 368, 'owner': 'acct_18'}",mock
0x12ce8ddccd96635624a5efb5b6b37f30a9aef2102e10716cdf09e802f19a1e93,93000,1,UpdatePublished,"{'model_id': 'model_mnist_784_noniid', 'round': 7, 'ticket_id': 368, 'cid': 'sha256:a9d6d2e7bde4a0a015a963b3e7086c3ae0009d93617adc5aad8b1c7d366e789a'}",mock
0x7ad855d747d79c40ddffd401a7f1b76476fee9147a4f24b7d99d1f90305ebae9,86000,1,TicketReserved,"{'model_id': 'model_mnist_784_noniid', 'round': 7, 'ticket_id': 369, 'owner': 'acct_19'}",mock
0x10c384fce4f8e0c4f3c3ec96497560a840fb7ca6fc538bb7c206e2a1f3f1d274,93000,1,UpdatePublished,"{'model_id': 'model_mnist_784_noniid', 'round': 7, 'ticket_id': 369, 'cid': 'sha256:55928df29210b0660437232ccbc356fc15aba160e641f4200b4aef3933c3d608'}",mock
0x9fe35e61eada148e52e9d32ab40f0095971f9b59248026cdebb787d573e2fb02,86000,1,TicketReserved,"{'model_id': 'model_mnist_784_noniid', 'round': 7, 'ticket_id': 370, 'owner': 'acct_20'}",mock
0x50f89f4836e703fd005ca8bf5b1a88eb6f332a546fc242415a9bcb34972de26f,93000,1,UpdatePublished,"{'model_id': 'model_mnist_784_noniid', 'round': 7, 'ticket_id': 370, 'cid': 'sha256:b283e99c18d4158835a6d219d3b6744be1bd682034fda8bc325023b920660500'}",mock
0x58f3dfeec37713f8735446d393b7b39469000abe8a4805ab4deb233044c53daf,86000,1,TicketReserved,"{'model_id': 'model_mnist_784_noniid', 'round': 7, 'ticket_id': 371, 'owner': 'acct_21'}",mock
0xb2e5ab6216f76554b34eb74164f96e71ec420b6773addd93d2a992c01874a538,93000,1,UpdatePublished,"{'model_id': 'model_mnist_784_noniid', 'round': 7, 'ticket_id': 371, 'cid': 'sha256:abba7dd43697e0b9dfad4d904a8fae5dbe980fb37e69d08385405ec5538266ac'}",mock
0x555363aa53bb09565ce8aa309525a01759b42b3195bd3466805b78eecd64bed4,86000,1,TicketReserved,"{'model_id': 'model_mnist_784_noniid', 'round': 7, 'ticket_id': 372, 'owner': 'acct_22'}",mock
0x5ffe4dacd7822712c9be5e216cd3a439fa039f232a451c65b0119e72a9f30cb8,93000,1,UpdatePublished,"{'model_id': 'model_mnist_784_noniid', 'round': 7, 'ticket_id': 372, 'cid': 'sha256:3c12bc48ab7e6369a3bb83bf386fb990680ef90da3a8e38983cc759832eddc65'}",mock
0xffd49fe7d133a6d4bb4793721d59431a773725956bd6cb95fc8ffbd3c16a7b25,86000,1,TicketReserved,"{'model_id': 'model_mnist_784_noniid', 'round': 7, 'ticket_id': 373, 'owner': 'acct_23'}",mock
0xb6751ab1ca24c9e36a2b04e005c22f5cf73eb41d6a236aa4b2ac3636b6908a44,93000,1,UpdatePublished,"{'model_id': 'model_mnist_784_noniid', 'round': 7, 'ticket_id': 373, 'cid': 'sha256:35640b1f1e199b1b8bbba14abe32c78457b2e14547cc030fe5993f62f9545d28'}",mock
0xc560561a3eb5cf07c30379babf49d69ee2d117dee730e079c2fae51cff100449,86000,1,TicketReserved,"{'model_id': 'model_mnist_784_noniid', 'round': 7, 'ticket_id': 374, 'owner': 'acct_24'}",mock
0x47646ad15fd8fcb0a8a8686af1ebd8746f71fd3e05dd1a2de0fd87c2d04c1697,93000,1,UpdatePublished,"{'model_id': 'model_mnist_784_noniid', 'round': 7, 'ticket_id': 374, 'cid': 'sha256:c2fe4c1fe93fca13f34982bf68e6fd64cfdb8e2423e3ff810a9397c8e5f8d678'}",mock
0x2d3c2bbc821c666c42e56b24a6e2ce12f90007c9faf8ba329af816f545aaa18a,86000,1,TicketReserved,"{'model_id': 'model_mnist_784_noniid', 'round': 7, 'ticket_id': 375, 'owner': 'acct_25'}",mock
0x3a940e2775957ba7cc7a8347eeec4af01279ae65b6d40e6bfba66532af6512cb,93000,1,UpdatePublished,"{'model_id': 'model_mnist_784_noniid', 'round': 7, 'ticket_id': 375, 'cid': 'sha256:d284499ea2970208349aa9243463956418646d2367520ba94d2b12592eede900'}",mock
0x52e8d4263e476a4a592c3339a57d359964511abf92d8668d8a9627bc9536fc9e,86000,1,TicketReserved,"{'model_id': 'model_mnist_784_noniid', 'round': 7, 'ticket_id': 376, 'owner': 'acct_26'}",mock
0xb0ef08022b070af323e6e2f1cf39fedd4acc3453fd3be31447013772adf1fe14,93000,1,UpdatePublished,"{'model_id': 'model_mnist_784_noniid', 'round': 7, 'ticket_id': 376, 'cid': 'sha256:2d3c1b6a3ece3cd036405cae37ed8643f985ab62ad3f162b62b87e13561606c8'}",mock
0xa22cf4c2545ef3b93878b197ced67002ce2d43029a7551789e1a6dbd24b6cebe,86000,1,TicketReserved,"{'model_id': 'model_mnist_784_noniid', 'round': 7, 'ticket_id': 377, 'owner': 'acct_27'}",mock
0x241fe8096903c8b7d917511385996d18adbee00a228bdc557db0bc8d5919f500,93000,1,UpdatePublished,"{'model_id': 'model_mnist_784_noniid', 'round': 7, 'ticket_id': 377, 'cid': 'sha256:5569351e9568f023852a3107e50bcfe757de1d8e6ea54a1221277a132160973a'}",mock
0x3e5205aefe5278db1b60422462f8fd4b8e760296ca349d1417b44f63bc1e41c8,86000,1,TicketReserved,"{'model_id': 'model_mnist_784_noniid', 'round': 7, 'ticket_id': 378, 'owner': 'acct_28'}",mock
0xdab365cd0b4518dd759a86cc89a460ae853453ad21ab859bd866e9e0cae2ad6e,93000,1,UpdatePublished,"{'model_id': 'model_mnist_784_noniid', 'round': 7, 'ticket_id': 378, 'cid': 'sha256:63485f642c0567feaf862623c49cf2a2533f099822ef90a7133c99fe99465472'}",mock
0x67a80dec2d1ff74cfb739a7965a26b8899e768946a2f4ba415ea459a6e0d2e6f,86000,1,TicketReserved,"{'model_id': 'model_mnist_784_noniid', 'round': 7, 'ticket_id': 379, 'owner': 'acct_29'}",mock
0x4c12238be89d68a721dbf1041d5df948b3b16354c01c8c178fc0df0f256de33c,93000,1,UpdatePublished,"{'model_id': 'model_mnist_784_noniid', 'round': 7, 'ticket_id': 379, 'cid': 'sha256:aaffaabb243893a9d73ec4957d9bc76812030ea8a69bb52774382c26a210c777'}",mock
0xdda25a46969d66c72da3d23de5eb3e758b8a77b2fe0be25efdd2bdb3d5b1a75a,86000,1,TicketReserved,"{'model_id': 'model_mnist_784_noniid', 'round': 7, 'ticket_id': 380, 'owner': 'acct_30'}",mock
0xb0efc1f8aea00fdd64e29c716410b4f33b35021aaaabde9581c9989de0b01101,93000,1,UpdatePublished,"{'model_id': 'model_mnist_784_noniid', 'round': 7, 'ticket_id': 380, 'cid': 'sha256:26ce10401c4286a36e0988a29eff34a373fba31faaa3aa7350bba3f0a6a3866d'}",mock
0xde17fe1c1ab70604d2aaf7f933cab91cb8cc739b5b69887e2a3f296d9efde2f9,86000,1,TicketReserved,"{'model_id': 'model_mnist_784_noniid', 'round': 7, 'ticket_id': 381, 'owner': 'acct_31'}",mock
0x76c63211b980016a7f2e39e5734eb208cf05716fde65133e7b3f1dae48a21c44,93000,1,UpdatePublished,"{'model_id': 'model_mnist_784_noniid', 'round': 7, 'ticket_id': 381, 'cid': 'sha256:69ba745f81dc7c21be5100f064a97af899725a871d6bfd97a378cc9418dd7127'}",mock
0xc0c68775d83e63d969397616f9cfb7fa5b86e17b5432835ede3b70cbb94eb466,86000,1,TicketReserved,"{'model_id': 'model_mnist_784_noniid', 'round': 7, 'ticket_id': 382, 'owner': 'acct_32'}",mock
0x0c7e367dd8adb7345e111ad0592130b12408fb49cd12e330956b91ca09044488,93000,1,UpdatePublished,"{'model_id': 'model_mnist_784_noniid', 'round': 7, 'ticket_id': 382, 'cid': 'sha256:31136cffa085550ba0245ccb4c66a6d744246cbb6f66ba2970da7cef5bef2391'}",mock
0x6e57cccb44b79bbe8abf9ef8a7fdf4e86f20d4a57142f694ff76988e679c93a5,86000,1,TicketReserved,"{'model_id': 'model_mnist_784_noniid', 'round': 7, 'ticket_id': 383, 'owner': 'acct_33'}",mock
0x4cfb7b7a1fa613d0d8734acf91801d8d2e94b4e9171e4a13d86cae08dec16508,93000,1,UpdatePublished,"{'model_id': 'model_mnist_784_noniid', 'round': 7, 'ticket_id': 383, 'cid': 'sha256:7c10f01fd33b8219c59d1f70ce6922986bba13bc8d3965c22455807566852236'}",mock
0x0cb46067b36afc580b69c496ecb51b3c76616f663658674223417b55a736cf0f,86000,1,TicketReserved,"{'model_id': 'model_mnist_784_noniid', 'round': 7, 'ticket_id': 384, 'owner': 'acct_34'}",mock
0x1c986d4276d303df340195b3e3943632a877f3ce57660d94b0cfecfc69718a72,93000,1,UpdatePublished,"{'model_id': 'model_mnist_784_noniid', 'round': 7, 'ticket_id': 384, 'cid': 'sha256:db073624a2231b9a01d96e08e0c17411d58ba0a1efb8d6a5bbc34c90bc8cd9c7'}",mock
0x3279bbf897d83892cb510c20223d8b9736145e0edd085d03817387609501cd70,86000,1,TicketReserved,"{'model_id': 'model_mnist_784_noniid', 'round': 7, 'ticket_id': 385, 'owner': 'acct_35'}",mock
0x566fd4aeca424eff0061cfb418e04ea92cca91ca5dee9ad78666cc6cc9737f71,93000,1,UpdatePublished,"{'model_id': 'model_mnist_784_noniid', 'round': 7, 'ticket_id': 385, 'cid': 'sha256:0af0739a1b553c0d9321af34509f61ff38aa72d05f5508d60db71121c8cf1270'}",mock
0x4382452dab80d48009461d1708237397fdd43d5c433d394b2f67a20a3865850b,86000,1,TicketReserved,"{'model_id': 'model_mnist_784_noniid', 'round': 7, 'ticket_id': 386, 'owner': 'acct_36'}",mock
0x903fcdab35577518cf7bb5f2abded906d8b5019a8278c4bf0295e67f64771e8a,93000,1,UpdatePublished,"{'model_id': 'model_mnist_784_noniid', 'round': 7, 'ticket_id': 386, 'cid': 'sha256:ee43db931ac0bcab02abed4f9152b51bcf86dd221437d462bb5c1df7bce0f395'}",mock
0x070307bb644d1ff20755ee098541bdc3ae8eb0bca62e8f93c0075ffe0b4c6438,86000,1,TicketReserved,"{'model_id': 'model_mnist_784_noniid', 'round': 7, 'ticket_id': 387, 'owner': 'acct_37'}",mock
0xce7b11d9611b1bc8e1ceedbb62443e3a8cde7f54f2e7a36c8712915fe34432b5,93000,1,UpdatePublished,"{'model_id': 'model_mnist_784_noniid', 'round': 7, 'ticket_id': 387, 'cid': 'sha256:4d53b7cd72d405827133fe6bbd314281e4faaee6cc844568fc779e780bc07ad4'}",mock
0xa1a4763b7225cb8d2df242546c8b0675786accf6c93e92e93ee9741b7e2148af,86000,1,TicketReserved,"{'model_id': 'model_mnist_784_noniid', 'round': 7, 'ticket_id': 388, 'owner': 'acct_38'}",mock
0x4a73e959b5a5cb94e94a27388b28fa96b675223f067cd66dcd1a70fe953ba67d,93000,1,UpdatePublished,"{'model_id': 'model_mnist_784_noniid', 'round': 7, 'ticket_id': 388, 'cid': 'sha256:f31348987780f7cae13482694ee339642044156cb386a6856285d518941329d2'}",mock
0xfc106f99f2a497633b5f81ba7ad622d77295eaec00cc0116a582b1b498ff14a5,86000,1,TicketReserved,"{'model_id': 'model_mnist_784_noniid', 'round': 7, 'ticket_id': 389, 'owner': 'acct_39'}",mock
0x8ff0a516756897e785c2158869bce89a20cd2d85fcdbdab8c371082e7e1b14c0,93000,1,UpdatePublished,"{'model_id': 'model_mnist_784_noniid', 'round': 7, 'ticket_id': 389, 'cid': 'sha256:c9b62f17576de50ea23bc59cc59169da3f8ab2867047840fe1e4e945244aa034'}",mock
0x813910a83957a6920216c7246b5d5ff8ff3cd556172a1d0d4a6e195904c93097,86000,1,TicketReserved,"{'model_id': 'model_mnist_784_noniid', 'round': 7, 'ticket_id': 390, 'owner': 'acct_40'}",mock
0x5778058fd8479a9f581c79ac4f35ba077f1362aa0e2e4eb426c994b1a8ede729,93000,1,UpdatePublished,"{'model_id': 'model_mnist_784_noniid', 'round': 7, 'ticket_id': 390, 'cid': 'sha256:c0377a881ef27dec335bf43835357537a67cb48b60fc86d1e6b4273555f91700'}",mock
0xdffd41eca3d1640bfafd48fd83026fd124a2a0742844ffa7bd08a7bd9e3e394f,86000,1,TicketReserved,"{'model_id': 'model_mnist_784_noniid', 'round': 7, 'ticket_id': 391, 'owner': 'acct_41'}",mock
0x85e1d6296b978bb8c2d8124fb8e630720e9a5beab32d8e7051821e22645bc8e5,93000,1,UpdatePublished,"{'model_id': 'model_mnist_784_noniid', 'round': 7, 'ticket_id': 391, 'cid': 'sha256:e07cbcab72a56c9ff37878cbd032813ce286bcc4d10f430b27119892dce65db3'}",mock
0x1813bc80016e4bd214a81fc61b03a557e97fc801f223eb557bdb8f1240ca2f09,86000,1,TicketReserved,"{'model_id': 'model_mnist_784_noniid', 'round': 7, 'ticket_id': 392, 'owner': 'acct_42'}",mock
0xef5ad5969dbfaa9a87a2d849588c1d0839c5002ad84af09992dafad376e235ac,93000,1,UpdatePublished,"{'model_id': 'model_mnist_784_noniid', 'round': 7, 'ticket_id': 392, 'cid': 'sha256:eeadbb8c1f53a86fa3ddb07360003041b1b7cd3156c6fb82ecdaa8cbdac1ddbc'}",mock
0xf669f8fb963ef1d0b12878f5280711460c68e4190bd55e33c2e6b7736666e586,86000,1,TicketReserved,"{'model_id': 'model_mnist_784_noniid', 'round': 7, 'ticket_id': 393, 'owner': 'acct_43'}",mock
0xadf2c25d9804c4023fecb0c2f136245e7ce1cc4734efa01833733f85cb729e71,93000,1,UpdatePublished,"{'model_id': 'model_mnist_784_noniid', 'round': 7, 'ticket_id': 393, 'cid': 'sha256:cc8cb85c268cec36a8ca2df75e5d07650727cd8ffdbc383ff2e3dfb1c86c5a09'}",mock
0x5ea712a8bbdcc56a2c1dad62383367a8297897855b2f4b83400af21037e69341,86000,1,TicketReserved,"{'model_id': 'model_mnist_784_noniid', 'round': 7, 'ticket_id': 394, 'owner': 'acct_44'}",mock
0x4bc60aefd7883a7b56176a8e2c86c53ec5fd9d10b40b1122b7076acd6087abcb,93000,1,UpdatePublished,"{'model_id': 'model_mnist_784_noniid', 'round': 7, 'ticket_id': 394, 'cid': 'sha256:5212db65279e52c49abcc06dda83648655ff5e5a22d9d792721a192a4b5b1f4b'}",mock
0xc6e262874b480e6c5161b7605b9b8269db8ae9e4a9dbba008237cdee58342734,86000,1,TicketReserved,"{'model_id': 'model_mnist_784_noniid', 'round': 7, 'ticket_id': 395, 'owner': 'acct_45'}",mock
0xb3ac567e56b8d74023a98f608cb6e72cf0173c35b232e9dfcdac02db753fee91,93000,1,UpdatePublished,"{'model_id': 'model_mnist_784_noniid', 'round': 7, 'ticket_id': 395, 'cid': 'sha256:fb795e34835476e4e60cca2ef98d8cb717c8ebf0b7d6c1c72c678e16b21dc4b9'}",mock
0xbae631e0a8ec3bf761bc16c07d0a409cc7c33dd2f27ec5fadc72fd9a5cbd77cc,86000,1,TicketReserved,"{'model_id': 'model_mnist_784_noniid', 'round': 7, 'ticket_id': 396, 'owner': 'acct_46'}",mock
0xac4173598733b636285ab36a4b9b883b750d8a0b22a8e94f31f6df4c69d97ac6,93000,1,UpdatePublished,"{'model_id': 'model_mnist_784_noniid', 'round': 7, 'ticket_id': 396, 'cid': 'sha256:f8db7378757a65a18d0cc28d48fc1b68df819690433e0004ea15d5a678017fbd'}",mock
0x9d7ada6ef16410fff607b0252aa2d76e0edf9e301c9a099fc8e9daa544b1e048,86000,1,TicketReserved,"{'model_id': 'model_mnist_784_noniid', 'round': 7, 'ticket_id': 397, 'owner': 'acct_47'}",mock
0x4b465bfc19c47c758d409196994c0d5ca22f9a9e816d828527dce9dab364f453,93000,1,UpdatePublished,"{'model_id': 'model_mnist_784_noniid', 'round': 7, 'ticket_id': 397, 'cid': 'sha256:ae5225f8fdd3bfd2cca4df8f30742234950206ef00440efe2c402b2099e37315'}",mock
0xb1615513a53c4dd32325f952b891708d0692a2a8f2c89ba53f1172abf09be1b8,86000,1,TicketReserved,"{'model_id': 'model_mnist_784_noniid', 'round': 7, 'ticket_id': 398, 'owner': 'acct_48'}",mock
0xb3a9fe80e7137f93881ae6c6bebc83f731f3493d34cf3626c687eaf0db9995bb,93000,1,UpdatePublished,"{'model_id': 'model_mnist_784_noniid', 'round': 7, 'ticket_id': 398, 'cid': 'sha256:0840a8c5b83c9693a3b336769f55c2f7ac6958d1aadbd435dcab21549ae69ef6'}",mock
0xe807330be95b1e4132ab5f99f9c26f0142cdcc5cea106f86fc5ae848624375d5,86000,1,TicketReserved,"{'model_id': 'model_mnist_784_noniid', 'round': 7, 'ticket_id': 399, 'owner': 'acct_49'}",mock
0xa079652a1c927213a06bb034bf58895f78b3ebac0e1b3d7010a92df20f9370e3,93000,1,UpdatePublished,"{'model_id': 'model_mnist_784_noniid', 'round': 7, 'ticket_id': 399, 'cid': 'sha256:37975ae47bb34310c4155a6fc9d08a65bc3b6564421a03d894cb4d612de139ed'}",mock
0x8685fdb24a42e704aca24489a6208dad018ae67b24e49cf2ff4b35830ee16357,86000,1,TicketReserved,"{'model_id': 'model_mnist_784_noniid', 'round': 7, 'ticket_id': 400, 'owner': 'acct_50'}",mock
0xe14e278953883bae8f2f1931c64e2744c16c716786326508303e3f6776530a4a,93000,1,UpdatePublished,"{'model_id': 'model_mnist_784_noniid', 'round': 7, 'ticket_id': 400, 'cid': 'sha256:3f1499cb345bd1f2f663f87eb5b324e2dbd193c8416dbac3245d7346dc51322a'}",mock
0x8bf020b8e099bfe8829591d93e127182af9eeccfd0b3141895caeab39f21150a,705000,1,RoundFinalized,"{'model_id': 'model_mnist_784_noniid', 'round': 7, 'included': 29, 'refunds': 29}",mock
0x17d2910d2a30c4f6a00015c757de976881c973059547f134ab74d762b0d5c841,52000,1,RoundFunded,"{'model_id': 'model_mnist_784_noniid', 'amount_wei': 10000000000000000}",mock
0xa03a066942be26d692cdba7d5c08c707472baf2022c67f6f6f4d4943ad780049,86000,1,TicketReserved,"{'model_id': 'model_mnist_784_noniid', 'round': 8, 'ticket_id': 401, 'owner': 'acct_1'}",mock
0xc91db531741e8214a6f3b3318c55afaf1c504b5da7e1eb55f1e0e4bebcb698e8,93000,1,UpdatePublished,"{'model_id': 'model_mnist_784_noniid', 'round': 8, 'ticket_id': 401, 'cid': 'sha256:e9da1386fc5898e6b2c2beca71635bb4f7c13ab39a28eaa93966e47234a1b954'}",mock
0x04945ef3422ae6619da4863a2e37e6c0e411c8b91514e453d21378579573000d,86000,1,TicketReserved,"{'model_id': 'model_mnist_784_noniid', 'round': 8, 'ticket_id': 402, 'owner': 'acct_2'}",mock
0x6ead2ffc67498a66e4ec8907105196a0f8ba92dcdc2b2fa5bfac542b4763f345,93000,1,UpdatePublished,"{'model_id': 'model_mnist_784_noniid', 'round': 8, 'ticket_id': 402, 'cid': 'sha256:9497ad650d8e6716c32830297fe0a12cb32068f3a12b63dcb0032c245b1a5c23'}",mock
0x9ed1ce9b5e72bbe9e70d5ed5486cf18519d777a421737ab78f1ba60eac52294f,86000,1,TicketReserved,"{'model_id': 'model_mnist_784_noniid', 'round': 8, 'ticket_id': 403, 'owner': 'acct_3'}",mock
0x32e8944d1e5fa2824fbada9553a057d394505f2242467a5a714724d7fd218c3b,93000,1,UpdatePublished,"{'model_id': 'model_mnist_784_noniid', 'round': 8, 'ticket_id': 403, 'cid': 'sha256:7a1ad4072d47d2d9050b20e87d9abd0e56fadd73a9fdd48ee7f2c3c2ed1a237c'}",mock
0x6ba20cf5889e2000c2aa9fe62481aee4bd1231ea57c712e6b70a8d516b166087,86000,1,TicketReserved,"{'model_id': 'model_mnist_784_noniid', 'round': 8, 'ticket_id': 404, 'owner': 'acct_4'}",mock
0xb335dc441c20c4259bd91e536b6d2d09bf67d9d51769585a3245336319dcf303,93000,1,UpdatePublished,"{'model_id': 'model_mnist_784_noniid', 'round': 8, 'ticket_id': 404, 'cid': 'sha256:c96d3905852b9a07fd458a892e05b7b615dff2590eabfced76cb5042cd0f4eac'}",mock
0x6eed98ffe9abce2899d55a119d633103a0681978579a9b545bfbe7d976f1c719,86000,1,TicketReserved,"{'model_id': 'model_mnist_784_noniid', 'round': 8, 'ticket_id': 405, 'owner': 'acct_5'}",mock
0x0673398769a2da47293a224b9f2e428bb347cc38fc50d4a876d40ef501b072e8,93000,1,UpdatePublished,"{'model_id': 'model_mnist_784_noniid', 'round': 8, 'ticket_id': 405, 'cid': 'sha256:d87cf82577fb11eb13fbc69a1f472d9a7cdc174270e034ab7e4ef98616096fa7'}",mock
0x9f84a9d1644d3b4cce978f39bfee4f6de04cb394769d19aa35626fbe1396e1e3,86000,1,TicketReserved,"{'model_id': 'model_mnist_784_noniid', 'round': 8, 'ticket_id': 406, 'owner': 'acct_6'}",mock
0x0b1f1801e974b46494cf857fa3bda17cf906ea3e82d70e72e436e6f0c8b192e7,93000,1,UpdatePublished,"{'model_id': 'model_mnist_784_noniid', 'round': 8, 'ticket_id': 406, 'cid': 'sha256:91c57af3cfa485467c5a8ba8ad4bfffb141f2cbc68856bf0943f69046cb9374c'}",mock
0x642033b403f7754ff6a970aa8717a05e5d56706905234507bea8f7461f3dcaad,86000,1,TicketReserved,"{'model_id': 'model_mnist_784_noniid', 'round': 8, 'ticket_id': 407, 'owner': 'acct_7'}",mock
0xb313e9cd69a790eca6157e989938f7b372bdeb13799a0ef25eac8ad9799a146e,93000,1,UpdatePublished,"{'model_id': 'model_mnist_784_noniid', 'round': 8, 'ticket_id': 407, 'cid': 'sha256:51a4f64a56e7625ec8b00f55470fde1362bce8f4e697d9e65da2bdd7aea820f6'}",mock
0x9648941e0463cf98023e15032293e97d3f0b8aab8d377dca374bdb6f893d8034,86000,1,TicketReserved,"{'model_id': 'model_mnist_784_noniid', 'round': 8, 'ticket_id': 408, 'owner': 'acct_8'}",mock
0xda94eb3cf28c2751e178237481789d83dee30da866810a51dbf1171737250618,93000,1,UpdatePublished,"{'model_id': 'model_mnist_784_noniid', 'round': 8, 'ticket_id': 408, 'cid': 'sha256:f36af9cbbd29d1a575753d700770fed566c3243c6ae7c72956f5108863f95558'}",mock
0x132b36de278b4e2c678167d4d423e71fa669cdedf3bf92baa7b45d90528508c2,86000,1,TicketReserved,"{'model_id': 'model_mnist_784_noniid', 'round': 8, 'ticket_id': 409, 'owner': 'acct_9'}",mock
0x2c1df62d4cc2b70ae11e4d26c29dab122b690351fa37059c4283d5118ce0055d,93000,1,UpdatePublished,"{'model_id': 'model_mnist_784_noniid', 'round': 8, 'ticket_id': 409, 'cid': 'sha256:96b06cb8d62ffb6a0d67c57f4f99ac31400fd685f1a63a4b983596df3433401f'}",mock
0xa3be4850a70afd6284430066b1e9594d42ac2614161a6c51d852f681d48340fd,86000,1,TicketReserved,"{'model_id': 'model_mnist_784_noniid', 'round': 8, 'ticket_id': 410, 'owner': 'acct_10'}",mock
0x3dc4a91933af96a2ce53b41af7d5dedaa1600b5c31f8bde27ed01e6205c1bd23,93000,1,UpdatePublished,"{'model_id': 'model_mnist_784_noniid', 'round': 8, 'ticket_id': 410, 'cid': 'sha256:368813692edac0e2d53c9126645921e8caa13fef12a219a8819e55110456f861'}",mock
0xaa58e3d2804f9b2915cc5d81c839f1276c48f46570beba2c9be549a99bcc8829,86000,1,TicketReserved,"{'model_id': 'model_mnist_784_noniid', 'round': 8, 'ticket_id': 411, 'owner': 'acct_11'}",mock
0xd9b905dda944a50cefd5d9633873c87e3479b83ee5b3ee59ef804a5f361e74aa,93000,1,UpdatePublished,"{'model_id': 'model_mnist_784_noniid', 'round': 8, 'ticket_id': 411, 'cid': 'sha256:816740ee726e36ce1199fc4f498797ee3b4603ac5e6e2497de7f422f066b017b'}",mock
0xc5f49aeeb0650dd984e258e782dc65a8ad1d349203408ee6112e45b9bcd3e8b5,86000,1,TicketReserved,"{'model_id': 'model_mnist_784_noniid', 'round': 8, 'ticket_id': 412, 'owner': 'acct_12'}",mock
0xdd5f0c1b642f5b3e7cd05483c70d682953821afeca69f17bbda80be0f50c9d9f,93000,1,UpdatePublished,"{'model_id': 'model_mnist_784_noniid', 'round': 8, 'ticket_id': 412, 'cid': 'sha256:10676e300ed63bc38a629aee0b87658388e32e05e36f7f6e325cf290d1a34932'}",mock
0xc2867100ecaaaff1cba0e99d9f7b0fb0aaa6b0e49b923dbd4241c9d6fa39d882,86000,1,TicketReserved,"{'model_id': 'model_mnist_784_noniid', 'round': 8, 'ticket_id': 413, 'owner': 'acct_13'}",mock
0x2acbd422e0a2e93382f25cd5cd9c5c91aa13a3d0672dd27ee51b3e0130c30c71,93000,1,UpdatePublished,"{'model_id': 'model_mnist_784_noniid', 'round': 8, 'ticket_id': 413, 'cid': 'sha256:5f78910969554ca267cff636e15664710be38edf22039bf378366a98e7ead4c8'}",mock
0xf86e02353f6f53825e955cf939e319b082eb41a8c9e556dd30519f2b3e055bfb,86000,1,TicketReserved,"{'model_id': 'model_mnist_784_noniid', 'round': 8, 'ticket_id': 414, 'owner': 'acct_14'}",mock
0x7d760678c655ccf546f7ce2cf115ede2b082315e7b954d28c38e56c52d0cb193,93000,1,UpdatePublished,"{'model_id': 'model_mnist_784_noniid', 'round': 8, 'ticket_id': 414, 'cid': 'sha256:5c495bc8230fbdaf68b51ba6316d88c5a374fc75dce63edb57398501c083c534'}",mock
0x2422492c4261bf36490bef34cbcc459de6173e640db2272dce6e87a8464c8d5f,86000,1,TicketReserved,"{'model_id': 'model_mnist_784_noniid', 'round': 8, 'ticket_id': 415, 'owner': 'acct_15'}",mock
0x4071339665e29bf906cee72160d1d16b0b6cee0ba66f60ed00082db4d75d816d,93000,1,UpdatePublished,"{'model_id': 'model_mnist_784_noniid', 'round': 8, 'ticket_id': 415, 'cid': 'sha256:efbb3c2bc487384f2d0fb3ef1f0f4dcf263dd7b7b136c63a7d739c0d46430256'}",mock
0xef423857022d9d7237a1d530ac68c200e2c552279ebde1905528482ed6f1d1dd,86000,1,TicketReserved,"{'model_id': 'model_mnist_784_noniid', 'round': 8, 'ticket_id': 416, 'owner': 'acct_16'}",mock
0xe1109f1a47d4251b1cf61a045e693737e5e606fcad693ac299942ea213235684,93000,1,UpdatePublished,"{'model_id': 'model_mnist_784_noniid', 'round': 8, 'ticket_id': 416, 'cid': 'sha256:a54081bf1a4f640947a7ff0d0432ec44fd1ca95c737af8ffb3033b58e5943731'}",mock
0x15ad093663dd7edf290d162ad3c3b91c6f28d2ede054653a8ed36a3d05c4f5f5,86000,1,TicketReserved,"{'model_id': 'model_mnist_784_noniid', 'round': 8, 'ticket_id': 417, 'owner': 'acct_17'}",mock
0x975af528e98c8bc850f1b309378de78ecff73ed728ee3bbda3e11459b907d8c2,93000,1,UpdatePublished,"{'model_id': 'model_mnist_784_noniid', 'round': 8, 'ticket_id': 417, 'cid': 'sha256:fcc89efb03ea28c51a49c7f91c456a0b5556bd4a29d9b348b8cadb6c7d601228'}",mock
0xba83a7c804a35dbb22db97a1950787d4166705024a2f00224370e4524be49cc2,86000,1,TicketReserved,"{'model_id': 'model_mnist_784_noniid', 'round': 8, 'ticket_id': 418, 'owner': 'acct_18'}",mock
0xeeca5ca5d17733d1773de729a6c93ef31017247b94e850d7d95b99cd14bf7f0d,93000,1,UpdatePublished,"{'model_id': 'model_mnist_784_noniid', 'round': 8, 'ticket_id': 418, 'cid': 'sha256:5dcdc342f5a9b76b46b56701702c8b83febbdebb5ca7f38547226e2837f2cdcd'}",mock
0x25895eecccd9d1c561154b520ac5309e0010c54bb33f517e8f8ad96b7a491d90,86000,1,TicketReserved,"{'model_id': 'model_mnist_784_noniid', 'round': 8, 'ticket_id': 419, 'owner': 'acct_19'}",mock
0xb3bdb00d5eff1a6edad3881c7dcc5ce4e0075a9e941de4554afcdbd99f028d97,93000,1,UpdatePublished,"{'model_id': 'model_mnist_784_noniid', 'round': 8, 'ticket_id': 419, 'cid': 'sha256:20b5afebdb2e80d302f4f30fc374cdffd9001f0d503cc63f214700db5171811c'}",mock
0xc3668ce16354c36038a4f6cd92e06eec97aa85a9ee61f15246ebcc9e8380334f,86000,1,TicketReserved,"{'model_id': 'model_mnist_784_noniid', 'round': 8, 'ticket_id': 420, 'owner': 'acct_20'}",mock
0x89797c28eb96659a89de35bfc984e8968a6837920e27f9af14ef642b58b953c7,93000,1,UpdatePublished,"{'model_id': 'model_mnist_784_noniid', 'round': 8, 'ticket_id': 420, 'cid': 'sha256:e5654effc50830411f8674c043f271389bfd502a66f38ec4ef11b14f7362071a'}",mock
0x3de4bf416cb5a577c57b988397bb2b514144202f0795d6fab837f697eed70f75,86000,1,TicketReserved,"{'model_id': 'model_mnist_784_noniid', 'round': 8, 'ticket_id': 421, 'owner': 'acct_21'}",mock
0x71c4b8619b684865361bc6f4c2536c50860c47e13219b7eb747621effab29424,93000,1,UpdatePublished,"{'model_id': 'model_mnist_784_noniid', 'round': 8, 'ticket_id': 421, 'cid': 'sha256:8aa192881abe288818865522ef4ad6d34534e4ed6f1d9cbe04f8aed451c05aa7'}",mock
0x8ed0dbedce3d4a862cb61b7b9351056c2ddaa3e0e17c64f0528fe3aac3016e45,86000,1,TicketReserved,"{'model_id': 'model_mnist_784_noniid', 'round': 8, 'ticket_id': 422, 'owner': 'acct_22'}",mock
0xd6593d3b216c24ab0e7134d839ff553adda3a1aec6713be8047858ad42b85647,93000,1,UpdatePublished,"{'model_id': 'model_mnist_784_noniid', 'round': 8, 'ticket_id': 422, 'cid': 'sha256:9c85e0676bfb01fba93ae0a2e80a3887c1ada3fa723e4cc3eb2135411b7bf625'}",mock
0xce724dbbcc6596375b720b0eaaf50c4b450979f5229da2d4696917703cbc1891,86000,1,TicketReserved,"{'model_id': 'model_mnist_784_noniid', 'round': 8, 'ticket_id': 423, 'owner': 'acct_23'}",mock
0xd12a61c0c668afb79b31e11bfe39c95548ff3d07856f501dfd58ef7fbf6bafa0,93000,1,UpdatePublished,"{'model_id': 'model_mnist_784_noniid', 'round': 8, 'ticket_id': 423, 'cid': 'sha256:43d530275b4a8b9889f80760eae289397dfd4e615ffdd6d866937c288d95ccaa'}",mock
0xfb1bce3136eec23f13fe6a10d1305160e91240dc053061fe9be7712332675cff,86000,1,TicketReserved,"{'model_id': 'model_mnist_784_noniid', 'round': 8, 'ticket_id': 424, 'owner': 'acct_24'}",mock
0x552d43c5b972498f1fee90009fa6231d408211b3cf11a078b6e5d17262d2bf95,93000,1,UpdatePublished,"{'model_id': 'model_mnist_784_noniid', 'round': 8, 'ticket_id': 424, 'cid': 'sha256:6b9f6c92393be59cd06f04ec8ea44e36134ba99ce1a66c5e9728bbc02b263c30'}",mock
0x9542b63bd8c2d636d63372c133dc3eeebd809db65b2322ea71ca2b5a145df715,86000,1,TicketReserved,"{'model_id': 'model_mnist_784_noniid', 'round': 8, 'ticket_id': 425, 'owner': 'acct_25'}",mock
0xc76cad3cc4bb0c2201791c672ab08158659ff2dc127f975da7abfb1e4c44f5d1,93000,1,UpdatePublished,"{'model_id': 'model_mnist_784_noniid', 'round': 8, 'ticket_id': 425, 'cid': 'sha256:e43663196234523675f86720dfbd1b377df8ab66b4c43f2977a097418b31f7b5'}",mock
0xb9f7bb848d5ac4a5355acda6fa85e7a037dbd0d686f96f8366a9e597a6906143,86000,1,TicketReserved,"{'model_id': 'model_mnist_784_noniid', 'round': 8, 'ticket_id': 426, 'owner': 'acct_26'}",mock
0xe412ac51dbd6f95ecd5bd92a8ad2379561fa952a1b01fe71da33b273951c880c,93000,1,UpdatePublished,"{'model_id': 'model_mnist_784_noniid', 'round': 8, 'ticket_id': 426, 'cid': 'sha256:bfce8d65b9f0a7bf120cfbb63d106b9798f48784ebd976e0c9cc46f9a4259779'}",mock
0x7738c01dcc4bdcd9f530aea01b3f9d4e054519d655f5e3b0039a17b022eef9ad,86000,1,TicketReserved,"{'model_id': 'model_mnist_784_noniid', 'round': 8, 'ticket_id': 427, 'owner': 'acct_27'}",mock
0x02e619cd961a13f2a3ea6378a16c597a7044816aa9604c6f51beff4e2388c931,93000,1,UpdatePublished,"{'model_id': 'model_mnist_784_noniid', 'round': 8, 'ticket_id': 427, 'cid': 'sha256:f133171325ae5e6da742846c8ab83c678fe974ae3a2de317b7a9c3d86a49189b'}",mock
0xaabc7f4437aabc121e5e9a2458dd2a068e5c6b90e9e78bda123b25591b9b2355,86000,1,TicketReserved,"{'model_id': 'model_mnist_784_noniid', 'round': 8, 'ticket_id': 428, 'owner': 'acct_28'}",mock
0x5748a5617931a231f328882769ca3fb10d46bb26a48070cc934f5a63aa0da1d9,93000,1,UpdatePublished,"{'model_id': 'model_mnist_784_noniid', 'round': 8, 'ticket_id': 428, 'cid': 'sha256:fe16de07a4d11987e0f75f2e5b4cb0c5f5d5423a490b02296810da6d7bf2ac1d'}",mock
0x4abbf5c15fc1ae7327f3e0fc4342e75dd14cf745e0d2bd71f62798091c244acf,86000,1,TicketReserved,"{'model_id': 'model_mnist_784_noniid', 'round': 8, 'ticket_id': 429, 'owner': 'acct_29'}",mock
0x9ebe74950161520832e54cd022c3c9e7bf59a6398a13ad6249e6569baaaca4b0,93000,1,UpdatePublished,"{'model_id': 'model_mnist_784_noniid', 'round': 8, 'ticket_id': 429, 'cid': 'sha256:d49fe01ce731e84bd9ac5985ed88a5b88246ba115c1ede885ec5a855d4ff642a'}",mock
0x52b2760858e402abf7460736607b9b4affeefd36dfa1c3ce3ba017a89ebd3ea6,86000,1,TicketReserved,"{'model_id': 'model_mnist_784_noniid', 'round': 8, 'ticket_id': 430, 'owner': 'acct_30'}",mock
0x53b93eab21538406075ee889025a855a6d9865a522aed583874a6fc824e40dec,93000,1,UpdatePublished,"{'model_id': 'model_mnist_784_noniid', 'round': 8, 'ticket_id': 430, 'cid': 'sha256:b7faafd5f5d78a32e78df580262d10e6f31f0cbfc0aa2dbdbf34f7d5aad83af4'}",mock
0x657405375435794f86fa471721688254ac4fe7b7370a56cd5afcdbd59174e757,86000,1,TicketReserved,"{'model_id': 'model_mnist_784_noniid', 'round': 8, 'ticket_id': 431, 'owner': 'acct_31'}",mock
0x72d93adeefba8c98a1a1ab9d32d1e81dd9a43176ea3927890bd7d2c3e3de7ce8,93000,1,UpdatePublished,"{'model_id': 'model_mnist_784_noniid', 'round': 8, 'ticket_id': 431, 'cid': 'sha256:a2070c2516956fae6a7d7a0f01edcf2b7169667b9ac469280809ecba0967f4b2'}",mock
0x0c9c5ad5032de2b85709a1dcf764f15945854860e17698c6b89267c5bd14c401,86000,1,TicketReserved,"{'model_id': 'model_mnist_784_noniid', 'round': 8, 'ticket_id': 432, 'owner': 'acct_32'}",mock
0x922fb3ffd2d7d45b9769b35c9188855455b01e2ab01e98e3dddf2140a2159a6c,93000,1,UpdatePublished,"{'model_id': 'model_mnist_784_noniid', 'round': 8, 'ticket_id': 432, 'cid': 'sha256:571b46f3d795cac037f4400ca8890dd335ef229f31a379f57b8e2248325eceb6'}",mock
0xa998a722a29ac4cbd43a061046925130c31461fe0dfe0a811907209ccacdcfeb,86000,1,TicketReserved,"{'model_id': 'model_mnist_784_noniid', 'round': 8, 'ticket_id': 433, 'owner': 'acct_33'}",mock
0x1dec0a47166312ba3e846191df3bbc406204d60f6df5b5f892764608cf01c334,93000,1,UpdatePublished,"{'model_id': 'model_mnist_784_noniid', 'round': 8, 'ticket_id': 433, 'cid': 'sha256:0232f19f563b5c7fd613dfcc3f19145c9671a01fc6f16d327f8aa612a6ecd285'}",mock
0x4147fda9adac32ddb9660e054f8c177c34a0509f321ad40faf4a942463b8ace6,86000,1,TicketReserved,"{'model_id': 'model_mnist_784_noniid', 'round': 8, 'ticket_id': 434, 'owner': 'acct_34'}",mock
0x645d7a9e4f10b70c7097d0404e1312341193e2177c4c9d1c6d853847f46e4f0c,93000,1,UpdatePublished,"{'model_id': 'model_mnist_784_noniid', 'round': 8, 'ticket_id': 434, 'cid': 'sha256:501266f078d9d5d653229e3749af5cee0366f435099125a257229b369bb7fb1c'}",mock
0xcf14a3fb63379c605596a3580f85a01691eb7b9ddb32a6a61b0bf35316dc4686,86000,1,TicketReserved,"{'model_id': 'model_mnist_784_noniid', 'round': 8, 'ticket_id': 435, 'owner': 'acct_35'}",mock
0xa6e02f250b5fb810230f13cb538812d2073d84f45c28a2df5ecab55fc8fc307e,93000,1,UpdatePublished,"{'model_id': 'model_mnist_784_noniid', 'round': 8, 'ticket_id': 435, 'cid': 'sha256:1ef256bfc9eb4d58c0f2becf55ed456e44d6ba2072926168fab1ce4d671ca7e2'}",mock
0x8f7a2a4d381eda66eeeeb1929abd063389f460b0ce57de5a153351389f12cdf6,86000,1,TicketReserved,"{'model_id': 'model_mnist_784_noniid', 'round': 8, 'ticket_id': 436, 'owner': 'acct_36'}",mock
0x6e1dcd3d2196568a07cdafa3bf80295b3fcafdd66399f83b1d6c6e67dc026845,93000,1,UpdatePublished,"{'model_id': 'model_mnist_784_noniid', 'round': 8, 'ticket_id': 436, 'cid': 'sha256:cdaab19460eba3fd7ebbcb79a12df32b8ead26fb9e9a9b62cbad24f02e435b17'}",mock
0x15c7175af0f31e188dee7f00c5c0ca48ac9b5d9fe1b74773b862928f8d4f40f1,86000,1,TicketReserved,"{'model_id': 'model_mnist_784_noniid', 'round': 8, 'ticket_id': 437, 'owner': 'acct_37'}",mock
0xc3a55615aa8b31347520a54413b8131e5aaa93ac65888c891c6d8faf1351ea2e,93000,1,UpdatePublished,"{'model_id': 'model_mnist_784_noniid', 'round': 8, 'ticket_id': 437, 'cid': 'sha256:0548d915e994db42a939916d3cf2c3848ee7ab025f1563f347244fd24c3458e3'}",mock
0xa702a68932b917ae3555a27b1945dec311edf958a8d2b840690289ce08114fc7,86000,1,TicketReserved,"{'model_id': 'model_mnist_784_noniid', 'round': 8, 'ticket_id': 438, 'owner': 'acct_38'}",mock
0x5ae0a31ce0bb25f1079d8f80c4974dbe8c6359663595fa39f83a2f1db099682d,93000,1,UpdatePublished,"{'model_id': 'model_mnist_784_noniid', 'round': 8, 'ticket_id': 438, 'cid': 'sha256:c1e51dcd3c67ebf2596b082864f56900cbab2ce3d3109e8fe0df9aa7c9192eed'}",mock
0x9eeba726b1766cc62db9fc6583d6dd84ba0a82624b3727ae90d6f5b1a724f9b0,86000,1,TicketReserved,"{'model_id': 'model_mnist_784_noniid', 'round': 8, 'ticket_id': 439, 'owner': 'acct_39'}",mock
0xe10744426f5ca3d06e4405065c787b4184a9166594df5c170077142d39a773a6,93000,1,UpdatePublished,"{'model_id': 'model_mnist_784_noniid', 'round': 8, 'ticket_id': 439, 'cid': 'sha256:0e01d74c3b08c9e37b52dd4cb75f4115a6be7a7ba63abdcaafa5396710e194a8'}",mock
0x4726b285b6584683541773d29594ff18e389477b5ae05285ad781abdd7c9c549,86000,1,TicketReserved,"{'model_id': 'model_mnist_784_noniid', 'round': 8, 'ticket_id': 440, 'owner': 'acct_40'}",mock
0x1bd5659e51704089e2fa19df822d89dcb39e3cc61972b5141cec621e704957e9,93000,1,UpdatePublished,"{'model_id': 'model_mnist_784_noniid', 'round': 8, 'ticket_id': 440, 'cid': 'sha256:281c64cd79f4ffca4cc338695f9e4aaab3e235bf885069d0b07ec7a7146afa4e'}",mock
0x897e4155c4981c98271259dbf158c98a750f6ff7dbe4f4efee3e7cd1ae71435a,86000,1,TicketReserved,"{'model_id': 'model_mnist_784_noniid', 'round': 8, 'ticket_id': 441, 'owner': 'acct_41'}",mock
0x788ac11780ff16bfbc451953c3ed3878e05a6fa8d109f5d0345240f0f33a1f47,93000,1,UpdatePublished,"{'model_id': 'model_mnist_784_noniid', 'round': 8, 'ticket_id': 441, 'cid': 'sha256:5d570b1b40e766aedff549e8cf716dde8889bd3678c526b50a57d08fe59eef4c'}",mock
0x79257e393fe73cfcba697e92357e557b5ac51afd8057d6aaf2fc7c2d504f52a0,86000,1,TicketReserved,"{'model_id': 'model_mnist_784_noniid', 'round': 8, 'ticket_id': 442, 'owner': 'acct_42'}",mock
0xf2caeeb44be54db9a6eee8624025bf7b0c9250dd55f4cb5ee6af2cc9f04d5f1a,93000,1,UpdatePublished,"{'model_id': 'model_mnist_784_noniid', 'round': 8, 'ticket_id': 442, 'cid': 'sha256:54cb0a0471e70aca39f325ceb692d16d89a73715f5820ec9d0c5217e6ccdd852'}",mock
0xabe8a67b038543434f49a86a344a87b4648e91d585ad2c814b1fa990763bbff6,86000,1,TicketReserved,"{'model_id': 'model_mnist_784_noniid', 'round': 8, 'ticket_id': 443, 'owner': 'acct_43'}",mock
0x8c0032800b9f462eb9945058de15b6c57462119bb7c250fd042c77ef855b7b2d,93000,1,UpdatePublished,"{'model_id': 'model_mnist_784_noniid', 'round': 8, 'ticket_id': 443, 'cid': 'sha256:1bfefffff5c0dc9f81b4c141680aed82e181a8902642ebc492106c1af9822893'}",mock
0x403d51af11838c4c4783e51dd3e94b6e92ef4648f18285427f3c8be7d4eee58c,86000,1,TicketReserved,"{'model_id': 'model_mnist_784_noniid', 'round': 8, 'ticket_id': 444, 'owner': 'acct_44'}",mock
0x6719abf030510b43fcaa018c5d6771783584d9b43ec586a155147f76139214cd,93000,1,UpdatePublished,"{'model_id': 'model_mnist_784_noniid', 'round': 8, 'ticket_id': 444, 'cid': 'sha256:b811f7a8e3f6376aa17f042979491551ad3f745e5206af80c8b602f6c46cffe6'}",mock
0x25d600a0d8912e977915511449a03e463b51cc902857ce273a5cddac52d19809,86000,1,TicketReserved,"{'model_id': 'model_mnist_784_noniid', 'round': 8, 'ticket_id': 445, 'owner': 'acct_45'}",mock
0x8b183910a64ba769dd7ac8c4878830745087f71749327a182e53322d8fac1c9b,93000,1,UpdatePublished,"{'model_id': 'model_mnist_784_noniid', 'round': 8, 'ticket_id': 445, 'cid': 'sha256:d117147fcd2440e7b4192e02f5ea86a235b9c445fb643bb1d05007e65d5e130c'}",mock
0x5721066cdf5422e155df1541bc3d70bcf0b799b228f2c5817a469ebf3f3a2916,86000,1,TicketReserved,"{'model_id': 'model_mnist_784_noniid', 'round': 8, 'ticket_id': 446, 'owner': 'acct_46'}",mock
0xe36dd881543f10fb4457ea4a03f837a3bdf39848cf681cf628ed2a8d39e732d0,93000,1,UpdatePublished,"{'model_id': 'model_mnist_784_noniid', 'round': 8, 'ticket_id': 446, 'cid': 'sha256:3676b56285c2befbcff8fff97dcc9129c5a7ab6e0d8161165b5ba3433a8aa7a3'}",mock
0xe33b566d38cbf2044d28e1cba0cd9a24ef462b4a70cc435df951d5e9b9f43bc4,86000,1,TicketReserved,"{'model_id': 'model_mnist_784_noniid', 'round': 8, 'ticket_id': 447, 'owner': 'acct_47'}",mock
0xaf93d73cde9f8904f2d6c937651f9867e157f6b04e123b94d5956e9a90ee7be8,93000,1,UpdatePublished,"{'model_id': 'model_mnist_784_noniid', 'round': 8, 'ticket_id': 447, 'cid': 'sha256:d4ca8b98ad705a35e1749e47a21108196258d0d3c2d71435d3a677443f833e28'}",mock
0xb2321fa658ca0ba5660b6528b8f6ce9dc1bd2aaf8306caae0259fb00e73c9cad,86000,1,TicketReserved,"{'model_id': 'model_mnist_784_noniid', 'round': 8, 'ticket_id': 448, 'owner': 'acct_48'}",mock
0xf33e83069a1c307748eb41f46eae5b5b0e96925c717cf527b80d7d2c105b4107,93000,1,UpdatePublished,"{'model_id': 'model_mnist_784_noniid', 'round': 8, 'ticket_id': 448, 'cid': 'sha256:94919a9392a25bb1bf4377a3f8f315234e3360a4d291d91b55dabe11f1d85046'}",mock
0x4373f902c5898bad14d3e4736e4a6ef2bacd90681cf62ecdd562a099b0fae818,86000,1,TicketReserved,"{'model_id': 'model_mnist_784_noniid', 'round': 8, 'ticket_id': 449, 'owner': 'acct_49'}",mock
0x7cb756fb2b99eab5a3b437b48ba1a9a394983481875db3f5651c600f55de6864,93000,1,UpdatePublished,"{'model_id': 'model_mnist_784_noniid', 'round': 8, 'ticket_id': 449, 'cid': 'sha256:98da6ee29dd78ac41dfdb52ddba823b25955c3090d994c143f3b80f5d736703d'}",mock
0x1c64a6c171fd3e286ce3eb1011f313fea49b4a0c9c3076df7b86ae9e19cca392,86000,1,TicketReserved,"{'model_id': 'model_mnist_784_noniid', 'round': 8, 'ticket_id': 450, 'owner': 'acct_50'}",mock
0x0489396ad7d24487d0d02cb0b271d5131df69aa6ccc41cab423b177c00b6fe33,93000,1,UpdatePublished,"{'model_id': 'model_mnist_784_noniid', 'round': 8, 'ticket_id': 450, 'cid': 'sha256:a8cce15c0e218b3a8fd8038e3483d71bf986c797f4109b447387c93a66283752'}",mock
0x3faa50312f4bbab4bd5ba36bfa324ca322d085a4c000c0ee08ea31230a34b5c2,665000,1,RoundFinalized,"{'model_id': 'model_mnist_784_noniid', 'round': 8, 'included': 27, 'refunds': 27}",mock
0x21c797bded2c6102527134005402ffe6eb95c7ff133253b22c32710796f0977a,52000,1,RoundFunded,"{'model_id': 'model_mnist_784_noniid', 'amount_wei': 10000000000000000}",mock
0xf6f04d22653abbd91468aff3168444de4f4af83c2efaf6266c7b21cd9d1023dc,86000,1,TicketReserved,"{'model_id': 'model_mnist_784_noniid', 'round': 9, 'ticket_id': 451, 'owner': 'acct_1'}",mock
0x7f368e974bff4111cd1ce4716870110ca23a404a02f90f3bb2baf1391473acf3,93000,1,UpdatePublished,"{'model_id': 'model_mnist_784_noniid', 'round': 9, 'ticket_id': 451, 'cid': 'sha256:111023cfcc062f463d8388dc202258fda219e499a9490ee1a71d21cbc85c0e35'}",mock
0x79159b5e3e9c360bad8484a5c8b2b5f25625c627e2ceebc7bdc35c34092b8e48,86000,1,TicketReserved,"{'model_id': 'model_mnist_784_noniid', 'round': 9, 'ticket_id': 452, 'owner': 'acct_2'}",mock
0x7fbc1cc2cdcdee4edfa1ae22a52870af5b6a29f122ab74dd2feffb6294852dc9,93000,1,UpdatePublished,"{'model_id': 'model_mnist_784_noniid', 'round': 9, 'ticket_id': 452, 'cid': 'sha256:9e70e6e02133ba061a590b7e4292f3bb173252f2cfa0ec18ef77cc1a99b56ad8'}",mock
0xeb21b987abc79a6a3e2c6c7dfc4c2e2cf77faaf634391a131a086786c40f229b,86000,1,TicketReserved,"{'model_id': 'model_mnist_784_noniid', 'round': 9, 'ticket_id': 453, 'owner': 'acct_3'}",mock
0x8411ae95cac7edd4ee35239dd26942f851792b0a24bf8d5bef40c2a1b67a0758,93000,1,UpdatePublished,"{'model_id': 'model_mnist_784_noniid', 'round': 9, 'ticket_id': 453, 'cid': 'sha256:81c61dce53c25170223af54d6479cdbef19a2c113a8e99f18d3d159ab266e1ec'}",mock
0x73e2be4c62d0d58bb908a3e7e7e111c8a8597c1235efc6beb1c125b27a4665bf,86000,1,TicketReserved,"{'model_id': 'model_mnist_784_noniid', 'round': 9, 'ticket_id': 454, 'owner': 'acct_4'}",mock
0xb21214f94b29d3d7ddd5fb5c1e43986fb746f073457dffcad3cf210096a3f917,93000,1,UpdatePublished,"{'model_id': 'model_mnist_784_noniid', 'round': 9, 'ticket_id': 454, 'cid': 'sha256:d8342bb6cb08dc316c60522767e57c408ed9e55314fa33cb681434ba50aa7346'}",mock
0xa434a38903c638d2699a5c40bab9318d757d9466f40d2c037759d06a8f4f5bc5,86000,1,TicketReserved,"{'model_id': 'model_mnist_784_noniid', 'round': 9, 'ticket_id': 455, 'owner': 'acct_5'}",mock
0xa37ade8bf2040121f8424145956c4d6d2f770f4c15d29f3859ebc2405de228d0,93000,1,UpdatePublished,"{'model_id': 'model_mnist_784_noniid', 'round': 9, 'ticket_id': 455, 'cid': 'sha256:49c4d8372fbbd308cdd637a71d65879abe1b48f9d7fc90c89c8e6f0ca8ab0bc1'}",mock
0x2096bd0dc5e0306353c58a320c14bfc8532e0e263cba8ca2d4c926dba3476715,86000,1,TicketReserved,"{'model_id': 'model_mnist_784_noniid', 'round': 9, 'ticket_id': 456, 'owner': 'acct_6'}",mock
0x37b4d406ba24719342ef4ac72c6db2800a84e9724443252568e55719b1c708a2,93000,1,UpdatePublished,"{'model_id': 'model_mnist_784_noniid', 'round': 9, 'ticket_id': 456, 'cid': 'sha256:02a10834cff9b5753f963de6109393cc68b62e8a0be822aa2c1c66e5549a5a82'}",mock
0x6f9f0f5ba8c19486b822b69c8b19e050c36c0895e7e1a2b9b0b7565de05408f8,86000,1,TicketReserved,"{'model_id': 'model_mnist_784_noniid', 'round': 9, 'ticket_id': 457, 'owner': 'acct_7'}",mock
0x800cf659c97f1ac9024f73890956663c1515aafd89dac3c93c8d167909d37984,93000,1,UpdatePublished,"{'model_id': 'model_mnist_784_noniid', 'round': 9, 'ticket_id': 457, 'cid': 'sha256:d1025c8c471a4bc00a2b25db9a508f6385d6af3c939b2ab0079bb98eecf8c272'}",mock
0xde8e39b137d4c7e299252f44be53d5d293b50de62ef3079ea1d0404307b6a261,86000,1,TicketReserved,"{'model_id': 'model_mnist_784_noniid', 'round': 9, 'ticket_id': 458, 'owner': 'acct_8'}",mock
0x6996e862f2688565fa4b7f1a3a93d27b265b6a43288da814841d1f292994ce4a,93000,1,UpdatePublished,"{'model_id': 'model_mnist_784_noniid', 'round': 9, 'ticket_id': 458, 'cid': 'sha256:b0974fb2ff9902b18fcacf29b6d9afea73f54953ba9e87f1d7b75c355e9d90bf'}",mock
0x3a79de3f65ae4ce6b423c4f5252768a1690e772ecd20259afd1a13ccace39255,86000,1,TicketReserved,"{'model_id': 'model_mnist_784_noniid', 'round': 9, 'ticket_id': 459, 'owner': 'acct_9'}",mock
0x63d0aae2626331ea8462b7f0bd4cd335981fb5cb9f41c86a1d2801fadd6154c0,93000,1,UpdatePublished,"{'model_id': 'model_mnist_784_noniid', 'round': 9, 'ticket_id': 459, 'cid': 'sha256:2c9a062bc07df4c62a3ee593ac1d9933ed961e1352af6d9601e2a1a7e1ccb6dc'}",mock
0xb84fc8de3113677f1731415d5e3ad952ec13e8a9fdc11ecf774c9f660b2b6306,86000,1,TicketReserved,"{'model_id': 'model_mnist_784_noniid', 'round': 9, 'ticket_id': 460, 'owner': 'acct_10'}",mock
0x82c4ac7e535369314010e39ccb08c1d2e5e68e83566fd97250b336d2258e4a54,93000,1,UpdatePublished,"{'model_id': 'model_mnist_784_noniid', 'round': 9, 'ticket_id': 460, 'cid': 'sha256:51720464c9a6e52018c623d4f18c731f2cce4395a2d7b477a8e9ad1c5d7feed2'}",mock
0x502a27aa0ca28f62b51b8905c2e0525c61bebb90abc391a25c61537400d308e3,86000,1,TicketReserved,"{'model_id': 'model_mnist_784_noniid', 'round': 9, 'ticket_id': 461, 'owner': 'acct_11'}",mock
0x509b0f54e25e40a0d2497a8b5d0b0ad76ededda3f77505e4454794f075fc86d3,93000,1,UpdatePublished,"{'model_id': 'model_mnist_784_noniid', 'round': 9, 'ticket_id': 461, 'cid': 'sha256:eabaa63e9e1e78dcafbacb61927dc83ef113006a3aa4f4f168c542c2c7eeb44b'}",mock
0x7518858075fbba4058544d0fe103b598439c7d833bf7365318ff37cc34252a34,86000,1,TicketReserved,"{'model_id': 'model_mnist_784_noniid', 'round': 9, 'ticket_id': 462, 'owner': 'acct_12'}",mock
0x7f566c86b4b08a0abbdd1d31ceaaebfcd62fa8454b6fe5682b5445deb46ff989,93000,1,UpdatePublished,"{'model_id': 'model_mnist_784_noniid', 'round': 9, 'ticket_id': 462, 'cid': 'sha256:1e6ae8e4eb96f19147d0fda4de02feb2f7f36057186abd374b86500a0cc00d37'}",mock
0x817ba30afc67f453cfc8c95f0b211717fab18d3a32e2e8629171804e61cd3726,86000,1,TicketReserved,"{'model_id': 'model_mnist_784_noniid', 'round': 9, 'ticket_id': 463, 'owner': 'acct_13'}",mock
0x6143b7448b515706fd9b74a6bccca2eb3892d80936e40835ee21bfa4f68d5b55,93000,1,UpdatePublished,"{'model_id': 'model_mnist_784_noniid', 'round': 9, 'ticket_id': 463, 'cid': 'sha256:740f913d5fdef2aa03281e4accf1fc82dedfcc64e15decc5158d3f829d7cb9cb'}",mock
0x528b9c9492dd1cf1226dd439528c872e29b785930440b9192bbd1c0ad4a07b2e,86000,1,TicketReserved,"{'model_id': 'model_mnist_784_noniid', 'round': 9, 'ticket_id': 464, 'owner': 'acct_14'}",mock
0xc7df05583e7005b777a8620191fff4287d9130042f1350bea987e6ac77c74528,93000,1,UpdatePublished,"{'model_id': 'model_mnist_784_noniid', 'round': 9, 'ticket_id': 464, 'cid': 'sha256:5e1ab92597ebf0ecf3827357da251a6dcc5377d3ea6686ab67420eb4bdd21599'}",mock
0x5860ae9a9c7917d7842444dee5fa98c6ed366389adb68d4076cae318b175b9cc,86000,1,TicketReserved,"{'model_id': 'model_mnist_784_noniid', 'round': 9, 'ticket_id': 465, 'owner': 'acct_15'}",mock
0x73d9e47de9b12b92d68d9e741919063ab5e5da2600bbc6b3dc3c7b2bf8efd803,93000,1,UpdatePublished,"{'model_id': 'model_mnist_784_noniid', 'round': 9, 'ticket_id': 465, 'cid': 'sha256:c77f4920891ac94df26fa6371a63c18e52d8aeb46d929f5e9f24cb5d28ff1909'}",mock
0xa4981a3d95d72eb5f18986511a6934e219dd1268c24199d7f45f5352100c2277,86000,1,TicketReserved,"{'model_id': 'model_mnist_784_noniid', 'round': 9, 'ticket_id': 466, 'owner': 'acct_16'}",mock
0x47d8d7d612eddf7d3faca8bb808cf03f61bbc0ecf4f87370072aacbdc00047ca,93000,1,UpdatePublished,"{'model_id': 'model_mnist_784_noniid', 'round': 9, 'ticket_id': 466, 'cid': 'sha256:decbbcea3550be139af6e9065de34d00e86a411f3f2a0f91b4eb9a53433b8043'}",mock
0xbdb5a3a0210d3e19dce77bfece8669086c43f1fa4da1968d6867a61c011d9757,86000,1,TicketReserved,"{'model_id': 'model_mnist_784_noniid', 'round': 9, 'ticket_id': 467, 'owner': 'acct_17'}",mock
0xa36df054504b0e0cfff90a4fc90877f17e82c7e4832f58e4d129ca4c3d167e89,93000,1,UpdatePublished,"{'model_id': 'model_mnist_784_noniid', 'round': 9, 'ticket_id': 467, 'cid': 'sha256:c209310a3204480017b80453827fcbd9eff1b5da5f88ab1ee051098af50c15a1'}",mock
0x5a78a55aaf83daccd279c945770eb6e02b5593cd5b00b7d4863ef6f9fe3a7db6,86000,1,TicketReserved,"{'model_id': 'model_mnist_784_noniid', 'round': 9, 'ticket_id': 468, 'owner': 'acct_18'}",mock
0xe54d542296a7c0d98949afb37a79c19e2fbf3b2e44c270679126cc20648d70d1,93000,1,UpdatePublished,"{'model_id': 'model_mnist_784_noniid', 'round': 9, 'ticket_id': 468, 'cid': 'sha256:50619570d1a46c03c5fa239dda20d64eb41048a9bce9b1905a4815c2a06529cc'}",mock
0xbb41d55d57678845daaa8d960540d724112e7e7b03a5760715ba754b2c96a01f,86000,1,TicketReserved,"{'model_id': 'model_mnist_784_noniid', 'round': 9, 'ticket_id': 469, 'owner': 'acct_19'}",mock
0x22570b84fab806ed16568b1fbf9eeaee13e3bcf0a7b05ea6a7f1382707a84da8,93000,1,UpdatePublished,"{'model_id': 'model_mnist_784_noniid', 'round': 9, 'ticket_id': 469, 'cid': 'sha256:cec3b8afc5db6bc23470849d0720d76ab07885f12344558f3955ebe3b9207c05'}",mock
0xbe644d06d2f4619b06495f80b84e6d7e4a62b9e9cde5deadee463594d151403b,86000,1,TicketReserved,"{'model_id': 'model_mnist_784_noniid', 'round': 9, 'ticket_id': 470, 'owner': 'acct_20'}",mock
0x0f0a3f337a85c1eb39c5a83f3165759780483589f2dfdce23302addd933c3b5a,93000,1,UpdatePublished,"{'model_id': 'model_mnist_784_noniid', 'round': 9, 'ticket_id': 470, 'cid': 'sha256:4536644e569538291f2e432db524fa2a56cf60c626d24f296e8094587f60d03f'}",mock
0x2da490e261d1a312d5c3b8245ae5a8431ce4f82fc3709b29b718f802f9740305,86000,1,TicketReserved,"{'model_id': 'model_mnist_784_noniid', 'round': 9, 'ticket_id': 471, 'owner': 'acct_21'}",mock
0x4a28851f0ac4e8175991e1d6f9c72dcf0caa3b7abc7c897d2b93df2761e89cc2,93000,1,UpdatePublished,"{'model_id': 'model_mnist_784_noniid', 'round': 9, 'ticket_id': 471, 'cid': 'sha256:749d596a4a8b8c726566f6f5be81ff1fc38f7c1403da893afef209f6ffa4b01e'}",mock
0x69a1961027c5de0ffba8afda22f43d8ad1a329b9eeca2ac728f254e33bd08d60,86000,1,TicketReserved,"{'model_id': 'model_mnist_784_noniid', 'round': 9, 'ticket_id': 472, 'owner': 'acct_22'}",mock
0x152bc182de5b9e4ebcba290d6aff9614e27edf6875357f55a4f6cc098c13f1c6,93000,1,UpdatePublished,"{'model_id': 'model_mnist_784_noniid', 'round': 9, 'ticket_id': 472, 'cid': 'sha256:f6f426e2822515782f4e410bfd9f5af6d78f7b645a0e8ec5d4029e604b8d5ebc'}",mock
0xc4226da6635f6c4b4516d4b52a8c556b260ab8d23a6800dd6d7cb3f52983545d,86000,1,TicketReserved,"{'model_id': 'model_mnist_784_noniid', 'round': 9, 'ticket_id': 473, 'owner': 'acct_23'}",mock
0x287109d8baef6515a4bcba01a7aaa1b69de84d25dab6493f311d5e94abe4b9f4,93000,1,UpdatePublished,"{'model_id': 'model_mnist_784_noniid', 'round': 9, 'ticket_id': 473, 'cid': 'sha256:65241895b254ea56158fe6c7f1c6e2401e832f6e190faab94c01914629f808d6'}",mock
0x4024c84a695bbd09c779798e8db8b7014672ac2a61a0dd649442d70d0def3d01,86000,1,TicketReserved,"{'model_id': 'model_mnist_784_noniid', 'round': 9, 'ticket_id': 474, 'owner': 'acct_24'}",mock
0xa4052040057376875214a0108ec79c4801dfc7627bd7392d6c5d91bdb1aeaf28,93000,1,UpdatePublished,"{'model_id': 'model_mnist_784_noniid', 'round': 9, 'ticket_id': 474, 'cid': 'sha256:cb1cc7fdd60ea613d1bdc7ca9ae89cf7b21f189cd720ca170e93466e83f97318'}",mock
0x17e78862469ceb99f8c292e7e01cab8829ad86d7874d81b9eb7e5fc7172d2cbf,86000,1,TicketReserved,"{'model_id': 'model_mnist_784_noniid', 'round': 9, 'ticket_id': 475, 'owner': 'acct_25'}",mock
0x111389ab1be77ed07dfc73e7fc43ab2177a92bd8b077a7574e96637107c7b201,93000,1,UpdatePublished,"{'model_id': 'model_mnist_784_noniid', 'round': 9, 'ticket_id': 475, 'cid': 'sha256:61b2df0ce7eb081c3ed062828f5ce46bd1756fd737470d651dbb2b4b68e25052'}",mock
0x986396d75795f567f6edda39099ce2284fc856b0d84516179d84dc9933c76855,86000,1,TicketReserved,"{'model_id': 'model_mnist_784_noniid', 'round': 9, 'ticket_id': 476, 'owner': 'acct_26'}",mock
0xa2395d94db8eaf5440b6140cbe05c656db4d3ca5e94f7e7617a9e661b416f095,93000,1,UpdatePublished,"{'model_id': 'model_mnist_784_noniid', 'round': 9, 'ticket_id': 476, 'cid': 'sha256:dafb1d2b1cf0816642ef0b88c313569000044ce37a9233248f44a0f9203d352b'}",mock
0x30e2eb7c3e9db6709551ad95aa7e5c40aa0a063fd429b920d8f85063340f0c68,86000,1,TicketReserved,"{'model_id': 'model_mnist_784_noniid', 'round': 9, 'ticket_id': 477, 'owner': 'acct_27'}",mock
0xb67707c45cc1e35fa96b49057ecd22517df73d9aad8bece2e68ba8d5c7a34372,93000,1,UpdatePublished,"{'model_id': 'model_mnist_784_noniid', 'round': 9, 'ticket_id': 477, 'cid': 'sha256:f30d99c55372570b680ded634f110c31ed5d778fcca28d8bb558f2c1a3d02815'}",mock
0xd5f0753abfc50dea01bb71c2ae0b01b3381a79928087eaedfadfe2bac666c7d0,86000,1,TicketReserved,"{'model_id': 'model_mnist_784_noniid', 'round': 9, 'ticket_id': 478, 'owner': 'acct_28'}",mock
0x9ae958bd542f5bae7e4e63fd794af1dab507c7a2b1c17df5d0530fd9d519feb6,93000,1,UpdatePublished,"{'model_id': 'model_mnist_784_noniid', 'round': 9, 'ticket_id': 478, 'cid': 'sha256:86544e814125084d6fb1f16ddb667745293fee202703675df3e5647b5f2e598c'}",mock
0x4ff70bbf106f23fec919e4ca55fc518674afc5a952365c5c1e163fa74dbf3302,86000,1,TicketReserved,"{'model_id': 'model_mnist_784_noniid', 'round': 9, 'ticket_id': 479, 'owner': 'acct_29'}",mock
0x12e873e10b6a1d036be77a9a7dfe2b183e6d0dd8984f7cdf4e3b359dc7b0902b,93000,1,UpdatePublished,"{'model_id': 'model_mnist_784_noniid', 'round': 9, 'ticket_id': 479, 'cid': 'sha256:013af296bb4c8aa738cdc2374b6d016e3a62b976f5320c854ad4f91916311233'}",mock
0x5bd5b98d7bf261fe51fc2c65991accade6599114582427191e6917832013c8ee,86000,1,TicketReserved,"{'model_id': 'model_mnist_784_noniid', 'round': 9, 'ticket_id': 480, 'owner': 'acct_30'}",mock
0x7ab630f59859457ca85e9ed7f6c0e249dcb79152ccd404a0ac8aa91a0d9f2be6,93000,1,UpdatePublished,"{'model_id': 'model_mnist_784_noniid', 'round': 9, 'ticket_id': 480, 'cid': 'sha256:67113457dd950e6a8a5e8babff6acc947c09c4423aade5376491b4d5fa8a44b6'}",mock
0x30c67dc5d4dc9f2e43ecec2b223eaa47bde493096939f6004e5c040513975ce8,86000,1,TicketReserved,"{'model_id': 'model_mnist_784_noniid', 'round': 9, 'ticket_id': 481, 'owner': 'acct_31'}",mock
0xf3aebb91b3aeb51be2bc49ed60cc7f60c29a4666e6f21f59e2f48a5dc3847414,93000,1,UpdatePublished,"{'model_id': 'model_mnist_784_noniid', 'round': 9, 'ticket_id': 481, 'cid': 'sha256:cb9ce40b915b9b9ac8972f27e3ba9fbd49b45835d8ff81adb1c6d3949239f950'}",mock
0x49c44163003f769e3eeba90065b33a7b384d91fdd2300d4fca8693b7256488a5,86000,1,TicketReserved,"{'model_id': 'model_mnist_784_noniid', 'round': 9, 'ticket_id': 482, 'owner': 'acct_32'}",mock
0x482571fb359dc89fb1e34a8ba5b2dfd3338abb8773466490f1af6675fbe6fb4e,93000,1,UpdatePublished,"{'model_id': 'model_mnist_784_noniid', 'round': 9, 'ticket_id': 482, 'cid': 'sha256:df8e90461d401c41065abd546efdbaae215be4effea80bd8d7cba2afecfc50b8'}",mock
0xb442bde686f430d5f75f3373a7524dd5f5889cc563bf5af0e9eeec6233516197,86000,1,TicketReserved,"{'model_id': 'model_mnist_784_noniid', 'round': 9, 'ticket_id': 483, 'owner': 'acct_33'}",mock
0x01274bb6f4ce55608e431b695c0e9a326f5e392802ad71e71b43b569661676bd,93000,1,UpdatePublished,"{'model_id': 'model_mnist_784_noniid', 'round': 9, 'ticket_id': 483, 'cid': 'sha256:39124661223b24f061ffe8561cf94abd1f98bf7ce38ab0d3f3fba29f8d79febe'}",mock
0xf83cde7ca7227ab806487a9c876829b73983b7c743da73e3457a3eb3c59908dc,86000,1,TicketReserved,"{'model_id': 'model_mnist_784_noniid', 'round': 9, 'ticket_id': 484, 'owner': 'acct_34'}",mock
0x15539ab3427427e6840e8035bbe21650fea82063f92f5c49186695ffc4886cc5,93000,1,UpdatePublished,"{'model_id': 'model_mnist_784_noniid', 'round': 9, 'ticket_id': 484, 'cid': 'sha256:f44ad1afcaaedfb87f5e7f10254dbcd4757b0efccfaef93f1a08a82d398d2f59'}",mock
0xa9dd0d2505924d3c87640d13a74a56c51c4b517235a3eb9ae8344cdecc1145b8,86000,1,TicketReserved,"{'model_id': 'model_mnist_784_noniid', 'round': 9, 'ticket_id': 485, 'owner': 'acct_35'}",mock
0x03625e2225c6118094a7e02d8385ea51d7c078693798adc206cc2d033b646a1f,93000,1,UpdatePublished,"{'model_id': 'model_mnist_784_noniid', 'round': 9, 'ticket_id': 485, 'cid': 'sha256:e416a567543308892a7ff5a1824395e5a1642e86ff5353d0cf9bd9b203156160'}",mock
0xe6c9fb879fa82592b38b6ca47a32c8e60e108eebce28a8e1c0aeef08e28f00bc,86000,1,TicketReserved,"{'model_id': 'model_mnist_784_noniid', 'round': 9, 'ticket_id': 486, 'owner': 'acct_36'}",mock
0xfef2341f362302e96a3d67720751b59721c676f0063923b49b963db2830be894,93000,1,UpdatePublished,"{'model_id': 'model_mnist_784_noniid', 'round': 9, 'ticket_id': 486, 'cid': 'sha256:9605ae45aa0307622fa576d135d24d29b083d7b3bdc02b2ec6d26cb0bc7e18c3'}",mock
0x4b4fc68d2c0bab3807947806fffd5f566afe8152d6baea809f7df1a0f1d46845,86000,1,TicketReserved,"{'model_id': 'model_mnist_784_noniid', 'round': 9, 'ticket_id': 487, 'owner': 'acct_37'}",mock
0x734726583ee407f5db863a2a8b36b9e022a21244aa29812b14af1b23912cb219,93000,1,UpdatePublished,"{'model_id': 'model_mnist_784_noniid', 'round': 9, 'ticket_id': 487, 'cid': 'sha256:d4286db73ad3a7572502126064db434f1ad0cbd3740bfa08b3387f265f95c934'}",mock
0x5d3dc00d0cf1813ddf2b1aa61f1efc354e23062fbfe9afec204bd263a3553aac,86000,1,TicketReserved,"{'model_id': 'model_mnist_784_noniid', 'round': 9, 'ticket_id': 488, 'owner': 'acct_38'}",mock
0x4e05277e101fd99e3b078b0e513b8a3350219ba811a06d5cad23ad93a532f683,93000,1,UpdatePublished,"{'model_id': 'model_mnist_784_noniid', 'round': 9, 'ticket_id': 488, 'cid': 'sha256:302e1dbb7442964e93ac0e6fa0af79f75a97c2b6c66dd5b269a26f854f294fd5'}",mock
0xbd1be7948e230cf3828d3acdfd0d73534605859f7ba05ff172bef23029a3d4d2,86000,1,TicketReserved,"{'model_id': 'model_mnist_784_noniid', 'round': 9, 'ticket_id': 489, 'owner': 'acct_39'}",mock
0x377ea5b98cabd8586b2b62075fb31e3346baf57d1a771b6d23677ac6a0d21061,93000,1,UpdatePublished,"{'model_id': 'model_mnist_784_noniid', 'round': 9, 'ticket_id': 489, 'cid': 'sha256:79526966a69aec11b436935cf7ccc6937981168cc326ca37ea68bb8a9ad0dede'}",mock
0xdcab879ca8d4ad8b9badc22ed8d3490ca1625d1b399cffeb51b2225e24b9863f,86000,1,TicketReserved,"{'model_id': 'model_mnist_784_noniid', 'round': 9, 'ticket_id': 490, 'owner': 'acct_40'}",mock
0x19ba39b97bd59a94e1ac72c3c527c53bd4a6644d849f43752ac4662af71d6ea0,93000,1,UpdatePublished,"{'model_id': 'model_mnist_784_noniid', 'round': 9, 'ticket_id': 490, 'cid': 'sha256:ad6f4ed2e00d0a0d4cd543c7c1d61f27f399175668ca39991bc6936df5d2b913'}",mock
0x4831d25547ded7ce3ef53fcd4aea90156225f70fa54185d65ed3afcacb9e87a4,86000,1,TicketReserved,"{'model_id': 'model_mnist_784_noniid', 'round': 9, 'ticket_id': 491, 'owner': 'acct_41'}",mock
0x20b79551237cd19599fbaed03b11756df44f2016d07ce045e6d7d1eb024fb24e,93000,1,UpdatePublished,"{'model_id': 'model_mnist_784_noniid', 'round': 9, 'ticket_id': 491, 'cid': 'sha256:53547c112c6e416035161470d453f005632b61aa23af00f4b80e17fb7d973af7'}",mock
0xdc77ea68f14c833e79601f43b13ae063a96b5907e31855f0fbe16e3fa7eb27b1,86000,1,TicketReserved,"{'model_id': 'model_mnist_784_noniid', 'round': 9, 'ticket_id': 492, 'owner': 'acct_42'}",mock
0x400941d3bb323e68f5866088f31fad312976d32c26c731aa1405039617c6ccea,93000,1,UpdatePublished,"{'model_id': 'model_mnist_784_noniid', 'round': 9, 'ticket_id': 492, 'cid': 'sha256:a618f4f5e83faaad393565d52940bac5bb4f97a0fc8c9cb6f183e75df01478c8'}",mock
0xe6d4f571d006ae2737e8de33d8ba6e271be27d7f38686dd9957b94f27efa29d7,86000,1,TicketReserved,"{'model_id': 'model_mnist_784_noniid', 'round': 9, 'ticket_id': 493, 'owner': 'acct_43'}",mock
0xb49314ce10940e3ff879d61dac510bf33c99d5a6b9b5a460d518f5f06d85958d,93000,1,UpdatePublished,"{'model_id': 'model_mnist_784_noniid', 'round': 9, 'ticket_id': 493, 'cid': 'sha256:e763ca887a2786f13c4fc732d4d7b680a8b5fdccc817568df40e47025c2bc1ab'}",mock
0x84fb46ce987b59db5e14d7088421c281ebc492554bad7fc86ebd2b9ca2a5daa0,86000,1,TicketReserved,"{'model_id': 'model_mnist_784_noniid', 'round': 9, 'ticket_id': 494, 'owner': 'acct_44'}",mock
0x604f9c2e4dc0c55929f0261add1308cba2f134c779bb82e6dbacdd937a945021,93000,1,UpdatePublished,"{'model_id': 'model_mnist_784_noniid', 'round': 9, 'ticket_id': 494, 'cid': 'sha256:2862995ced7c174fa8c94e94a270cc5edaa1afc40f509111f802f1bf52224b10'}",mock
0x9d1cb270f71ece72490e3c9b460a72429d8b4c8e65685a63d91179a909213039,86000,1,TicketReserved,"{'model_id': 'model_mnist_784_noniid', 'round': 9, 'ticket_id': 495, 'owner': 'acct_45'}",mock
0x48374620a31848e63b372c8bd5ed752f5f219f40a84e6308dee1a38e137d9cf2,93000,1,UpdatePublished,"{'model_id': 'model_mnist_784_noniid', 'round': 9, 'ticket_id': 495, 'cid': 'sha256:51874f96cc7cdac66e493ffd166966827f8cd7e20d0f35a4659964f21570c597'}",mock
0xa93c902de0e4cbab8cfd9bf77dff6d10e663e21c1f86548b6b14b002daa7c03b,86000,1,TicketReserved,"{'model_id': 'model_mnist_784_noniid', 'round': 9, 'ticket_id': 496, 'owner': 'acct_46'}",mock
0xe15499f8a08ca430a198ac015dc1097767eca179549b40c45aaeb2b46cc450c4,93000,1,UpdatePublished,"{'model_id': 'model_mnist_784_noniid', 'round': 9, 'ticket_id': 496, 'cid': 'sha256:a9710a1872156ffe420d5fc18eda27d7d9c991d0d6011a2adc2e9b4e96a31d24'}",mock
0xe53d1a9912e8c2346b2bb71b9d9420b68b946fc8490c2ebf0bf462b6a466f330,86000,1,TicketReserved,"{'model_id': 'model_mnist_784_noniid', 'round': 9, 'ticket_id': 497, 'owner': 'acct_47'}",mock
0x9ef464a6360d462fa341ecda0a4a70b1d92af52981441d95354c7fb10617436d,93000,1,UpdatePublished,"{'model_id': 'model_mnist_784_noniid', 'round': 9, 'ticket_id': 497, 'cid': 'sha256:9515e251e24338477dee0bbeed0bb3e0e80e6a675dfa59a50ab1fe36fae0d2f4'}",mock
0xf95e9a37939d874b417e574c75355f6bd792748f056d5b0ec509b2d6b5b251a4,86000,1,TicketReserved,"{'model_id': 'model_mnist_784_noniid', 'round': 9, 'ticket_id': 498, 'owner': 'acct_48'}",mock
0x87d909bc3e8b25c36a97e395464eebe3018eacb68c1dd425e1331294c01dc2a5,93000,1,UpdatePublished,"{'model_id': 'model_mnist_784_noniid', 'round': 9, 'ticket_id': 498, 'cid': 'sha256:9a779e823fd57f1c1b51bcf6bc6cae8362274edcf97ba2872eaa83a336a7222b'}",mock
0x51a22f76bc900bcedf0a2753182dbeee17e0eb27cfe35de91ec4c496cfae59d7,86000,1,TicketReserved,"{'model_id': 'model_mnist_784_noniid', 'round': 9, 'ticket_id': 499, 'owner': 'acct_49'}",mock
0x391b26b67d859901690fc84bff982f26e4285e536f0d96ebc42c708ef91e8d8e,93000,1,UpdatePublished,"{'model_id': 'model_mnist_784_noniid', 'round': 9, 'ticket_id': 499, 'cid': 'sha256:fbd09ed9de6c5cc6a35b266142e35e7102bb1f6eb9861171180131acd9a37da2'}",mock
0x6c3c9b048d15c273ef5287d86db1561b27c9cd890e3b7f697e4e320dbdb31183,86000,1,TicketReserved,"{'model_id': 'model_mnist_784_noniid', 'round': 9, 'ticket_id': 500, 'owner': 'acct_50'}",mock
0xab20dd8e17d4146a8bc3f00d5fd576ca555bb23a641a0b57608866f0ac92526a,93000,1,UpdatePublished,"{'model_id': 'model_mnist_784_noniid', 'round': 9, 'ticket_id': 500, 'cid': 'sha256:a6a76736e58b353daddfd56db303c10e137050609aab504fbfbb743959307eff'}",mock
0x5b0fc81b55df77d9df1b2ca8fc29d5c568635a0aabc06be9cb36106f3fdebb49,665000,1,RoundFinalized,"{'model_id': 'model_mnist_784_noniid', 'round': 9, 'included': 27, 'refunds': 27}",mock
0x202c9f8463a9485d2d93c72308ecea5ea9158fdb33f5f01136b7451c1fa93243,52000,1,RoundFunded,"{'model_id': 'model_mnist_784_noniid', 'amount_wei': 10000000000000000}",mock
0x875f0c76dd50a933b676e2d6eadefe86f6cb7241ce56f95d60ad3a87865b0792,86000,1,TicketReserved,"{'model_id': 'model_mnist_784_noniid', 'round': 10, 'ticket_id': 501, 'owner': 'acct_1'}",mock
0x7943d1f2c504185ddb47c8e86826cc1570898872c3e6a5ffad02f3248877892f,93000,1,UpdatePublished,"{'model_id': 'model_mnist_784_noniid', 'round': 10, 'ticket_id': 501, 'cid': 'sha256:854f4081948c6011a9fe52c4eb2062247f30a968bc74c064fc640bc6a86c027e'}",mock
0x473c8c96864b8d14d32bfcc76cd9104be5f50660c96986424a6b8c41b5a3bc68,86000,1,TicketReserved,"{'model_id': 'model_mnist_784_noniid', 'round': 10, 'ticket_id': 502, 'owner': 'acct_2'}",mock
0x6352286dd44e90c65ace9f485cbc4a0abde9129008a051195a31fa755294bacc,93000,1,UpdatePublished,"{'model_id': 'model_mnist_784_noniid', 'round': 10, 'ticket_id': 502, 'cid': 'sha256:c49432e74c275f5294d1671143a8d208d0b60c8e1eec089961ef3a89d5c2f954'}",mock
0x8ff38419d0164c5e57cef0a683612e94c04d57391943baf2010d64afd9a620c9,86000,1,TicketReserved,"{'model_id': 'model_mnist_784_noniid', 'round': 10, 'ticket_id': 503, 'owner': 'acct_3'}",mock
0x58e46e3c2ef632248237505c7136b18e28f89558585f638538f2aa9a7ee24481,93000,1,UpdatePublished,"{'model_id': 'model_mnist_784_noniid', 'round': 10, 'ticket_id': 503, 'cid': 'sha256:b72a5cb2875737c8b250b8ae329d8f95db56ed4d8fb112bbd35db5bf74d655bc'}",mock
0x35ce2f3fc426e22664943efd95f19d0341d29749e1b9ab6d44a00a46c87d5bdf,86000,1,TicketReserved,"{'model_id': 'model_mnist_784_noniid', 'round': 10, 'ticket_id': 504, 'owner': 'acct_4'}",mock
0x1cb5a65d2bc0c309be74aa97034e13102ae68f62844697e944a313258e52ab12,93000,1,UpdatePublished,"{'model_id': 'model_mnist_784_noniid', 'round': 10, 'ticket_id': 504, 'cid': 'sha256:c9decfe87d4e902c4d8247f1e434ea2a57bacef08792281458195bb07e3c98ff'}",mock
0xfd9da98c10080881d89b430f2c2abb56d53d4703b271bb0ef77d1edcbb156621,86000,1,TicketReserved,"{'model_id': 'model_mnist_784_noniid', 'round': 10, 'ticket_id': 505, 'owner': 'acct_5'}",mock
0xa087ccc10b4f17e2efc5dfe6bd9710dd622f71bfc849286ab3bb4cdd54d129c8,93000,1,UpdatePublished,"{'model_id': 'model_mnist_784_noniid', 'round': 10, 'ticket_id': 505, 'cid': 'sha256:73a9a48cfda47077f23aada729045e77cb54e0e8811b1f4aa6eb26103082eb53'}",mock
0xba76594f634c51c035e14c625a06fa79f73fb2950adf043ac8e5c291eb089e22,86000,1,TicketReserved,"{'model_id': 'model_mnist_784_noniid', 'round': 10, 'ticket_id': 506, 'owner': 'acct_6'}",mock
0x90751023f590ba911a6952cafd34932c812df222ce5674ca5cba9fe14696b90b,93000,1,UpdatePublished,"{'model_id': 'model_mnist_784_noniid', 'round': 10, 'ticket_id': 506, 'cid': 'sha256:1ca0c05e8ef3f58f9444a240cf74b3b390f2261296c98ae6e1372c361bf0b1e0'}",mock
0x2e3f6a35346ade821a0fa0b6a0181c3bd87efdcdf8e576ecce081c1078fd923c,86000,1,TicketReserved,"{'model_id': 'model_mnist_784_noniid', 'round': 10, 'ticket_id': 507, 'owner': 'acct_7'}",mock
0x57301c14eb3056d523dabd0280eab77732fb4a8dcb2013fbbb5c5d1682cc42e8,93000,1,UpdatePublished,"{'model_id': 'model_mnist_784_noniid', 'round': 10, 'ticket_id': 507, 'cid': 'sha256:beabbc38914f7d36fd208762b71e93a397d31399bb40294050c0ebc29a00402b'}",mock
0x27a70b648990df3ed81bffca1bd0b9c840c1f675a74fa8976395d743ddd827e0,86000,1,TicketReserved,"{'model_id': 'model_mnist_784_noniid', 'round': 10, 'ticket_id': 508, 'owner': 'acct_8'}",mock
0x6f9dcffccde46e3c2df3667bc041538c75d6688a37dbabf1af7153c039925a71,93000,1,UpdatePublished,"{'model_id': 'model_mnist_784_noniid', 'round': 10, 'ticket_id': 508, 'cid': 'sha256:4b600e29268c728b8a701c6af9343641893d21fc7e0d96a0e6a6e0d1246edef9'}",mock
0x4ed4456f975d9dd64dd8e15e0f1b53d59703e59b50656ddfe95d794fc09ab6a0,86000,1,TicketReserved,"{'model_id': 'model_mnist_784_noniid', 'round': 10, 'ticket_id': 509, 'owner': 'acct_9'}",mock
0xfca5cad0fb92232da0c3d1e9ee22975bb641c62ee8463b7e7d372c47129b377f,93000,1,UpdatePublished,"{'model_id': 'model_mnist_784_noniid', 'round': 10, 'ticket_id': 509, 'cid': 'sha256:94979d9502ce1828e0e99bf0e5d3e33cbb56a46b77a41798bccbc337a224792e'}",mock
0x469739b4028968d77c20c90fbbab3b24bd924fc420e3459ee4873d06c8aac5fc,86000,1,TicketReserved,"{'model_id': 'model_mnist_784_noniid', 'round': 10, 'ticket_id': 510, 'owner': 'acct_10'}",mock
0xf7e0e0b0f6fee0e199492561fefcaba6de2cb982a3d35be3f18b1d07be7c31e5,93000,1,UpdatePublished,"{'model_id': 'model_mnist_784_noniid', 'round': 10, 'ticket_id': 510, 'cid': 'sha256:eeb82d8c2811c143c458e395a197e29a97b3c4345a9c2534af8746e09a5c840c'}",mock
0xc97b4a201e2a60d37cce3cbb886c41eb4615681c955feeae30892214d2ae9ab7,86000,1,TicketReserved,"{'model_id': 'model_mnist_784_noniid', 'round': 10, 'ticket_id': 511, 'owner': 'acct_11'}",mock
0x824158dbf4497f96d4556f5315d8d8e20cb68eb30880ec876e5221bfeff8f832,93000,1,UpdatePublished,"{'model_id': 'model_mnist_784_noniid', 'round': 10, 'ticket_id': 511, 'cid': 'sha256:b6ab6826996f25d2bdb249a375554fe2dbcde81c5d039a05a89404c537e4e3c5'}",mock
0x32f68109ad6866a5f7eada10d2619da35db61b55418a4b4e7fe73033ea59ff6f,86000,1,TicketReserved,"{'model_id': 'model_mnist_784_noniid', 'round': 10, 'ticket_id': 512, 'owner': 'acct_12'}",mock
0x635f69ab2f1b1f2aba5c57fc42d661e51fa70a8072fc261b76d9aa95ae79c0db,93000,1,UpdatePublished,"{'model_id': 'model_mnist_784_noniid', 'round': 10, 'ticket_id': 512, 'cid': 'sha256:bede0f715ae1935b0ee650cb3867e7dcffa2f88db801bdaec26fc898e308c43b'}",mock
0x097d43385f1b29cb30e7c9713f44c019a190c449ef7823a9de17ebbc5a60eba1,86000,1,TicketReserved,"{'model_id': 'model_mnist_784_noniid', 'round': 10, 'ticket_id': 513, 'owner': 'acct_13'}",mock
0x76d13cc5034735b4d5f9d2e47323c506cea2f986207eeeca265cc0033aec20f3,93000,1,UpdatePublished,"{'model_id': 'model_mnist_784_noniid', 'round': 10, 'ticket_id': 513, 'cid': 'sha256:f6fc89e3abbb078fe7d55bdc09126aaa238e197c373c7e61d1602d943e5b3c2e'}",mock
0xba967c8f03525e5982ce90da9f3eaa007c8a0c2f1d3db95c376e4f64e4e822b4,86000,1,TicketReserved,"{'model_id': 'model_mnist_784_noniid', 'round': 10, 'ticket_id': 514, 'owner': 'acct_14'}",mock
0x82c4b8ca6ee96baa565bc163d58dc8e1455637c1e3698f3f3a059f969010041c,93000,1,UpdatePublished,"{'model_id': 'model_mnist_784_noniid', 'round': 10, 'ticket_id': 514, 'cid': 'sha256:3059728fbe00c1a95a601348dad641227047463e00c42946fccaff94060b9928'}",mock
0xc2cd6875603f91a154baacbaf5a7512e55e6edd8a1c80352bc0ae10f0f3aff44,86000,1,TicketReserved,"{'model_id': 'model_mnist_784_noniid', 'round': 10, 'ticket_id': 515, 'owner': 'acct_15'}",mock
0x330377152ea7053580c0f2aef8ee5434b05deec05277b3fd56015b8b1d8d6c7c,93000,1,UpdatePublished,"{'model_id': 'model_mnist_784_noniid', 'round': 10, 'ticket_id': 515, 'cid': 'sha256:927eee20cb434e375711b5b4b36bf756ff2483439ffc07dea403806024e186a4'}",mock
0xfb30a5ea3cc62b92b988410c97b2e70d7acbe20a3c2f5d8924d1d1a45950faee,86000,1,TicketReserved,"{'model_id': 'model_mnist_784_noniid', 'round': 10, 'ticket_id': 516, 'owner': 'acct_16'}",mock
0x8bad9840f121906e1523331a98f57c0528f48dfa1224602d19367d6724f3437f,93000,1,UpdatePublished,"{'model_id': 'model_mnist_784_noniid', 'round': 10, 'ticket_id': 516, 'cid': 'sha256:daee6a7daf39437928746cd3df239913f15101ba7b0a28a993f54e3bb2ff514a'}",mock
0x877927d5cad941adeda3cce0dbc010efb93f89426dce8c0538f3def57d062851,86000,1,TicketReserved,"{'model_id': 'model_mnist_784_noniid', 'round': 10, 'ticket_id': 517, 'owner': 'acct_17'}",mock
0x2facc5c5b8123b445e90fe72981734d0f3c635a87c107af723331c6ab417b56b,93000,1,UpdatePublished,"{'model_id': 'model_mnist_784_noniid', 'round': 10, 'ticket_id': 517, 'cid': 'sha256:067084271c7aebcf63f245586138d782ce6fdc89f52978f3efd46b8763d1888b'}",mock
0x28c4aaa138c7caea4ecac5701e660965e3fef5dafbcea3b51791931b00912d2a,86000,1,TicketReserved,"{'model_id': 'model_mnist_784_noniid', 'round': 10, 'ticket_id': 518, 'owner': 'acct_18'}",mock
0xddb1b1e54ceb9ad870bc0dc86ac62eaee41cac1fded9ab77763f137e866addc4,93000,1,UpdatePublished,"{'model_id': 'model_mnist_784_noniid', 'round': 10, 'ticket_id': 518, 'cid': 'sha256:2ed015aae995a4ed9f1ed3a431230577df672c86910d9877399715cb26142829'}",mock
0xac59652d87ca08b1db43c02b10d7548e38bfd19ca5bb5231e703863aadd1cfcb,86000,1,TicketReserved,"{'model_id': 'model_mnist_784_noniid', 'round': 10, 'ticket_id': 519, 'owner': 'acct_19'}",mock
0x6523be1de7b35a6d4c10aa411279f3865a16df47a48a6730bd64c9f69c28f019,93000,1,UpdatePublished,"{'model_id': 'model_mnist_784_noniid', 'round': 10, 'ticket_id': 519, 'cid': 'sha256:deb28fc95cedb6a61959fa6d639970ccf4c6a5b3a2b5fbdfe91a3ba2adbbbcc2'}",mock
0x0c04f0bbe5ff898d5e86958d91963a57db5526356fbac08b8316dce34cc4aeca,86000,1,TicketReserved,"{'model_id': 'model_mnist_784_noniid', 'round': 10, 'ticket_id': 520, 'owner': 'acct_20'}",mock
0xebb5b646dca492e8c5eb4cd15593c3292deb92225ac125f89ee263b562dc0c4a,93000,1,UpdatePublished,"{'model_id': 'model_mnist_784_noniid', 'round': 10, 'ticket_id': 520, 'cid': 'sha256:28d236adf61a3c7004e4f58c2c1d3685be7fa1bb4f8514ada5597456e2e4ef02'}",mock
0x4dd4b118722a433e5e763d334f5c7bad8a5ac2fa078ef5b8aa27ae25c85d62b8,86000,1,TicketReserved,"{'model_id': 'model_mnist_784_noniid', 'round': 10, 'ticket_id': 521, 'owner': 'acct_21'}",mock
0x7a877d86bd5517e33b7293411ea5c7c9aeeaa377f67c7908d8aedfd3f60aa3bc,93000,1,UpdatePublished,"{'model_id': 'model_mnist_784_noniid', 'round': 10, 'ticket_id': 521, 'cid': 'sha256:482c8ee2dfc22d29f769f8b7cdc209e4492fc0594f1e647e80d11de59b33e17a'}",mock
0x40ffca26c3e3e3025120ac308d0dd54d632c270bde54125166bb0e46b709987b,86000,1,TicketReserved,"{'model_id': 'model_mnist_784_noniid', 'round': 10, 'ticket_id': 522, 'owner': 'acct_22'}",mock
0xf1f93cd8400a8517b75910fc48252785d4c416c69099090a09ccc7570adf080e,93000,1,UpdatePublished,"{'model_id': 'model_mnist_784_noniid', 'round': 10, 'ticket_id': 522, 'cid': 'sha256:69a3f22fcf08e0d91096b3739c3715a52342b7d2957ad90cadb76621c0a509e3'}",mock
0xdd0ccb251a8341988f302ae59c1508a3d8692778e6892d1fd70169b10e47977f,86000,1,TicketReserved,"{'model_id': 'model_mnist_784_noniid', 'round': 10, 'ticket_id': 523, 'owner': 'acct_23'}",mock
0x1e4b736b4f61e47e34aa30ff4225bca6d3cf9ad61416d73b18639712dd1166db,93000,1,UpdatePublished,"{'model_id': 'model_mnist_784_noniid', 'round': 10, 'ticket_id': 523, 'cid': 'sha256:fefa75d81b853764ace73eecc5953e043e35817f63323873358c4f8f53edf0b3'}",mock
0x6415283768edb2a64404299948c6b9a6efb14a18ee709c8b89e11e25bc9a2ff8,86000,1,TicketReserved,"{'model_id': 'model_mnist_784_noniid', 'round': 10, 'ticket_id': 524, 'owner': 'acct_24'}",mock
0x51e67e7e52624a0168465836998874cd48a908874d25f9b836ef665616f45e64,93000,1,UpdatePublished,"{'model_id': 'model_mnist_784_noniid', 'round': 10, 'ticket_id': 524, 'cid': 'sha256:f1d9a4661533d590fefc94126de8c4c5eb52c041f4dc8d80867471795d18e076'}",mock
0x005fed43aaeea03e606ba33703464db93938295fdc1ab7996c0ac19ce7b549eb,86000,1,TicketReserved,"{'model_id': 'model_mnist_784_noniid', 'round': 10, 'ticket_id': 525, 'owner': 'acct_25'}",mock
0x57a97e24dd5828b1fe139671621226da07d880513312381f328487b2c4e5d587,93000,1,UpdatePublished,"{'model_id': 'model_mnist_784_noniid', 'round': 10, 'ticket_id': 525, 'cid': 'sha256:62f9b0701883aaa660fecec8278bd6ac60719231b2e9ce3ab17c9f9d3eaf6358'}",mock
0xfa9b31d74dca4589b7ace2b94a28041a94de0e67667894cc10a5088540ce5017,86000,1,TicketReserved,"{'model_id': 'model_mnist_784_noniid', 'round': 10, 'ticket_id': 526, 'owner': 'acct_26'}",mock
0xbf4dbc71fb60bbfc0faf74cd4a39a668264bc701683783e3b078ff622feefe49,93000,1,UpdatePublished,"{'model_id': 'model_mnist_784_noniid', 'round': 10, 'ticket_id': 526, 'cid': 'sha256:89321ac9a847c016b934ba0cc4c3c3e34c5e9b8912060ae50d4fb132c72d4281'}",mock
0x812bf6df8b6953a8c10bb1d6ed0bdce0617ddd4f92e1799d3d16360ed36e2d40,86000,1,TicketReserved,"{'model_id': 'model_mnist_784_noniid', 'round': 10, 'ticket_id': 527, 'owner': 'acct_27'}",mock
0xa3a529708ec08855ea432d24bb76a6a6e4c92374767f056a3ba272d1160b106c,93000,1,UpdatePublished,"{'model_id': 'model_mnist_784_noniid', 'round': 10, 'ticket_id': 527, 'cid': 'sha256:77c1e2a5cb92dafc0c5fb84d7797e636d428741a17472576ea37e5b34ed28a7e'}",mock
0x62dff9a6446aa5490011f4208e5406b561786790e7624a62e23f93aa21715367,86000,1,TicketReserved,"{'model_id': 'model_mnist_784_noniid', 'round': 10, 'ticket_id': 528, 'owner': 'acct_28'}",mock
0x089e6cf3df3b8df7cf7ecf8b56cc23b2ad97845b7902cf28d304488dde214ef8,93000,1,UpdatePublished,"{'model_id': 'model_mnist_784_noniid', 'round': 10, 'ticket_id': 528, 'cid': 'sha256:9159066f667f6c7e9ad818b69cd9f021915a0d18892fe2c5831018ed7501b935'}",mock
0xdb87c42248f31187c65ce42aefe87abf0ea0d384c09186b6ffe2ed4435e6c935,86000,1,TicketReserved,"{'model_id': 'model_mnist_784_noniid', 'round': 10, 'ticket_id': 529, 'owner': 'acct_29'}",mock
0x692daa69fd9b0fd6288aa0c8c2ecb2a465a0a01d0af03298ae2ac42ba4cd1429,93000,1,UpdatePublished,"{'model_id': 'model_mnist_784_noniid', 'round': 10, 'ticket_id': 529, 'cid': 'sha256:8c3315ed5a7e1342159a32d0d9fdaf7720c98b18a49511a9596dd5a40b07b53a'}",mock
0x1228260b0ee458e2cbcfb53a54465c447a6015a59e515adca82207423e0ba796,86000,1,TicketReserved,"{'model_id': 'model_mnist_784_noniid', 'round': 10, 'ticket_id': 530, 'owner': 'acct_30'}",mock
0xcd51ffa3d0c97b2c13adaf95d4a6c08e4121371966efea3de1a1a65f2b1993f7,93000,1,UpdatePublished,"{'model_id': 'model_mnist_784_noniid', 'round': 10, 'ticket_id': 530, 'cid': 'sha256:42e957be8fb52f6ca2fd8f9c26f581f5ff3450f88e1b26732c0eb195d19335eb'}",mock
0x98765f69d75e7f300541ebd4112668d5ed1326374f49301bd1e86771283c0888,86000,1,TicketReserved,"{'model_id': 'model_mnist_784_noniid', 'round': 10, 'ticket_id': 531, 'owner': 'acct_31'}",mock
0xa68c4f3c9d793bb7f2bfb1373a87e2cc367a954df9c30440d2fbfca4775cd0da,93000,1,UpdatePublished,"{'model_id': 'model_mnist_784_noniid', 'round': 10, 'ticket_id': 531, 'cid': 'sha256:b557dd26fcc0e08c54125859289cc4ac40287285f90f4acf26f66ec14fd02459'}",mock
0x3c7caed3cf789119474081a7c52cb933315ff7e950e741ec5cb64007344ad89e,86000,1,TicketReserved,"{'model_id': 'model_mnist_784_noniid', 'round': 10, 'ticket_id': 532, 'owner': 'acct_32'}",mock
0xdd2ce0890d08091396f5da1e4208e32a5416606232a264dad4753562056ffce5,93000,1,UpdatePublished,"{'model_id': 'model_mnist_784_noniid', 'round': 10, 'ticket_id': 532, 'cid': 'sha256:e047c8d0bd03b6189b7ee037f16da3d4855f7f494b2f66f0c2f384f1d209f07e'}",mock
0xdcbb8cfc8eed30f543bdb4b76d09c2bbd9d77b0db01fcc476181158802343ff4,86000,1,TicketReserved,"{'model_id': 'model_mnist_784_noniid', 'round': 10, 'ticket_id': 533, 'owner': 'acct_33'}",mock
0xfa5b1f524f4b6c21fc3b9080eb53ac7ce59ee55cd394f005e5dd95cf37e1c2b9,93000,1,UpdatePublished,"{'model_id': 'model_mnist_784_noniid', 'round': 10, 'ticket_id': 533, 'cid': 'sha256:30ef20d726022f9b8c15521427b79cf8c0b45efeae6ae5b4023813d2e81268a0'}",mock
0xa1bd15040b0cbafe220f3bc467120fcc464b64c50ccde89edf4e8983ea2621d8,86000,1,TicketReserved,"{'model_id': 'model_mnist_784_noniid', 'round': 10, 'ticket_id': 534, 'owner': 'acct_34'}",mock
0x23e74aec0065453eb700beb9fdc49f837dc1f0a29b3f2c85337368e5749a7740,93000,1,UpdatePublished,"{'model_id': 'model_mnist_784_noniid', 'round': 10, 'ticket_id': 534, 'cid': 'sha256:17a64ac9c4f88d95f5cb7b06c257ed73f3f7d6a018352664e1cede0dba2f7278'}",mock
0xb2149d51496ea065f30f4e41978a1e8d7f1ccf0ee45edab6aecc4a1510933003,86000,1,TicketReserved,"{'model_id': 'model_mnist_784_noniid', 'round': 10, 'ticket_id': 535, 'owner': 'acct_35'}",mock
0x781b2f468b4fbc06339c0407bd70eae2c4cd9ff0aa2d727b61bb54d9555848f0,93000,1,UpdatePublished,"{'model_id': 'model_mnist_784_noniid', 'round': 10, 'ticket_id': 535, 'cid': 'sha256:2cb0fc91426af36b49df5bc89b1b482f3a40c60c1c35fdcc7a737a6c9d7579fb'}",mock
0xfa49a15bc56d75561778bce88288abe6f8b1d5934cd5e40a44ea53ceae5fcd43,86000,1,TicketReserved,"{'model_id': 'model_mnist_784_noniid', 'round': 10, 'ticket_id': 536, 'owner': 'acct_36'}",mock
0x350cbccdc452bc4789b959ab41d554ce8c4edfb50be73abe0725f030b85f11c8,93000,1,UpdatePublished,"{'model_id': 'model_mnist_784_noniid', 'round': 10, 'ticket_id': 536, 'cid': 'sha256:9da14d0dbbaeadf9a9262be239253f4295cb52bf521561a4ec0dd81d3111adb5'}",mock
0xbff13246aaa929f921018cbe0e404a86ff4fefafbb8bc8183e4b30c8be279b4a,86000,1,TicketReserved,"{'model_id': 'model_mnist_784_noniid', 'round': 10, 'ticket_id': 537, 'owner': 'acct_37'}",mock
0x0c0c0453d137ca5d824d47c8b55854a1045b234cc8f9d85fc66893dd060349ad,93000,1,UpdatePublished,"{'model_id': 'model_mnist_784_noniid', 'round': 10, 'ticket_id': 537, 'cid': 'sha256:1728df613a538b4756709101e057f169bafbea7124c86b6de4f5a0de693f972f'}",mock
0x24695f00cbee9d0c61212d888250cb54fba96a5b3e4acddf088b88612679dbc8,86000,1,TicketReserved,"{'model_id': 'model_mnist_784_noniid', 'round': 10, 'ticket_id': 538, 'owner': 'acct_38'}",mock
0xb3689139e172f4db16db63fd9c964e1a9184d229f1e83030d027fa9785b68a2e,93000,1,UpdatePublished,"{'model_id': 'model_mnist_784_noniid', 'round': 10, 'ticket_id': 538, 'cid': 'sha256:41b59091a7411fb2e4cc83d53856004f68f4d2cf3cc17667d13517be78ca310a'}",mock
0x316ecb578049321ae46abbe1385407c66bc32b243cfeef90648eab65bf754ca5,86000,1,TicketReserved,"{'model_id': 'model_mnist_784_noniid', 'round': 10, 'ticket_id': 539, 'owner': 'acct_39'}",mock
0x87897decfab04b5b49729c271abb39e44f8a3b64cf46045e28d6b34f229dea4e,93000,1,UpdatePublished,"{'model_id': 'model_mnist_784_noniid', 'round': 10, 'ticket_id': 539, 'cid': 'sha256:f0771eac6ed0e61a98068887d8db97fc8d96b835a26c84bb35f79212ecb6fbd5'}",mock
0x5f86315195ae41c5f523473a712cd94ae549e9579e579e04ecf3e3bb50323620,86000,1,TicketReserved,"{'model_id': 'model_mnist_784_noniid', 'round': 10, 'ticket_id': 540, 'owner': 'acct_40'}",mock
0xf364fc188275cc6361b9f585fac5d4b1e3de7740ce10e2bda1065532d4517d04,93000,1,UpdatePublished,"{'model_id': 'model_mnist_784_noniid', 'round': 10, 'ticket_id': 540, 'cid': 'sha256:4af3edd07953f7537c7a1145c9c8a8d9f41d52a427f49866328e2fb71275d1c4'}",mock
0xdfd3a96460610cdc4268a0be763af3f0ef65d1bf8162c2e061ee4e58fdc92ee9,86000,1,TicketReserved,"{'model_id': 'model_mnist_784_noniid', 'round': 10, 'ticket_id': 541, 'owner': 'acct_41'}",mock
0xc3bcd67613ff5fb3491fd957103d0d5483e710ceac4331a30c19644b2b39e2d4,93000,1,UpdatePublished,"{'model_id': 'model_mnist_784_noniid', 'round': 10, 'ticket_id': 541, 'cid': 'sha256:6a892b8b635c98497535fa005c45f121529b6fc7e029a2fb493227d4d9b186c7'}",mock
0x259e3014624113d86763d52447039418614fae92fec307f7dbc218ce3289739c,86000,1,TicketReserved,"{'model_id': 'model_mnist_784_noniid', 'round': 10, 'ticket_id': 542, 'owner': 'acct_42'}",mock
0x87bc9d82054ca75cb8bd76e3057a41d64d563d5314e3e84cf393234cc4512b05,93000,1,UpdatePublished,"{'model_id': 'model_mnist_784_noniid', 'round': 10, 'ticket_id': 542, 'cid': 'sha256:efd7e7aeab4182241b8a71d04092b2fdd7a23593dafdbfae659620f9677b987a'}",mock
0xc9833e75de473968a92c236dd63a2d58d28ef4335df6b9a17606afdea9301f93,86000,1,TicketReserved,"{'model_id': 'model_mnist_784_noniid', 'round': 10, 'ticket_id': 543, 'owner': 'acct_43'}",mock
0x5d9faca70696f886d3d353e22d839f84218cd03cfd9f12df71cb3d3a98bf2efe,93000,1,UpdatePublished,"{'model_id': 'model_mnist_784_noniid', 'round': 10, 'ticket_id': 543, 'cid': 'sha256:9730da91792a78a5dcee895549790db69f69eb11f24977b1e3bf0a0a54900405'}",mock
0xd71c18cd9cc8cad2ba9a4fed633ed0e9f399baa9651345ed612f76c9ed425c20,86000,1,TicketReserved,"{'model_id': 'model_mnist_784_noniid', 'round': 10, 'ticket_id': 544, 'owner': 'acct_44'}",mock
0xef90e36b316e9a15d1a85e69c2727aa0bb35da85d29e5ff72ab0a943f85b297d,93000,1,UpdatePublished,"{'model_id': 'model_mnist_784_noniid', 'round': 10, 'ticket_id': 544, 'cid': 'sha256:918e411d982f2d96b8f55e5566386284970409c5941cc353d0c0632de2c19a71'}",mock
0x283ee33d5eaacd27e06cab2b63bc1127f840cc1caa6043a38b595964f371297e,86000,1,TicketReserved,"{'model_id': 'model_mnist_784_noniid', 'round': 10, 'ticket_id': 545, 'owner': 'acct_45'}",mock
0x26e22597c441250bc949b0b506b1c6097835a0b4d9f4037e0e5f3676edbe395c,93000,1,UpdatePublished,"{'model_id': 'model_mnist_784_noniid', 'round': 10, 'ticket_id': 545, 'cid': 'sha256:1545f800bc32cde5b55b2773a47f2a1771978b2bff96decb0a75d79315094ec8'}",mock
0x3e70149b9fc8b18504071b9288a2752e32adb7057e90aad6c84ceb92c375da16,86000,1,TicketReserved,"{'model_id': 'model_mnist_784_noniid', 'round': 10, 'ticket_id': 546, 'owner': 'acct_46'}",mock
0xa648309888b940b5716e6528be16625fe1d0e0d69769abd00115072b177484c0,93000,1,UpdatePublished,"{'model_id': 'model_mnist_784_noniid', 'round': 10, 'ticket_id': 546, 'cid': 'sha256:004dc756aa1c83f6b79b090a4b1bf2488d9ac6ed39cc86a36505336d8e90eb5c'}",mock
0x6aad107f8a7e398de9b7e7b1d98234d670d5aba68eaca20b10fa254f9bd81b11,86000,1,TicketReserved,"{'model_id': 'model_mnist_784_noniid', 'round': 10, 'ticket_id': 547, 'owner': 'acct_47'}",mock
0x6e470dbf47006ff70989d8dd313ebd0b5ee5d5ee0b747de02bac71f0e616847a,93000,1,UpdatePublished,"{'model_id': 'model_mnist_784_noniid', 'round': 10, 'ticket_id': 547, 'cid': 'sha256:1e7af0238176de1cd7921d1020791b9e4ddd92c0468e5d3a863b7aaa700dc99a'}",mock
0x92a603203e5abff3cb7a427c5122e25711920ad03ce903954b76822254f36896,86000,1,TicketReserved,"{'model_id': 'model_mnist_784_noniid', 'round': 10, 'ticket_id': 548, 'owner': 'acct_48'}",mock
0x6217d915cdb4c9c4bcf807b5463febeeaba158f71db44394249b8e986a24eb84,93000,1,UpdatePublished,"{'model_id': 'model_mnist_784_noniid', 'round': 10, 'ticket_id': 548, 'cid': 'sha256:081952cd304ccd0d327b2837b83f8eaa0edd84eff9c56b8ea5ef8574a164f465'}",mock
0xd7d4935048c96f7a7778b75c41188ec147f7801e1ca1df8e9c44b1c4f4215c96,86000,1,TicketReserved,"{'model_id': 'model_mnist_784_noniid', 'round': 10, 'ticket_id': 549, 'owner': 'acct_49'}",mock
0xada529c986dae6e9f3c63bddcb5b16b9558150a66baade1781af507b9b897988,93000,1,UpdatePublished,"{'model_id': 'model_mnist_784_noniid', 'round': 10, 'ticket_id': 549, 'cid': 'sha256:572bcdffefdf824b53da964b8c4e94e49cee21e4df44fdbd55e39eb830d5b1fe'}",mock
0x848daebe089f6738a99d30a76619f98015e909be03ea763de950ece1dc0290a2,86000,1,TicketReserved,"{'model_id': 'model_mnist_784_noniid', 'round': 10, 'ticket_id': 550, 'owner': 'acct_50'}",mock
0xd6a788edd3a924567fb46082bb6fcd6a81196952c14bace253765b23a70c8498,93000,1,UpdatePublished,"{'model_id': 'model_mnist_784_noniid', 'round': 10, 'ticket_id': 550, 'cid': 'sha256:d482e9c2533ea00697cbf5477488b719359be3c066a2ac9e900cf4c9465dafae'}",mock
0x7d4e6b20bd305df178fa113b6b8f8046f71454f396816e990adf31c942ce3b6c,765000,1,RoundFinalized,"{'model_id': 'model_mnist_784_noniid', 'round': 10, 'included': 32, 'refunds': 32}",mock
0x536d8f5d4ff59526776a14afbd4e8d95244ae0d52c3d15b416b2f5635f17c48d,52000,1,RoundFunded,"{'model_id': 'model_mnist_784_noniid', 'amount_wei': 10000000000000000}",mock
0x002415f51041305e157c3cda22e7c80fe40d388014a2650089576447c3781b9d,86000,1,TicketReserved,"{'model_id': 'model_mnist_784_noniid', 'round': 11, 'ticket_id': 551, 'owner': 'acct_1'}",mock
0x141582faa588e862b1acac969c40506ad4f1d5d678027f3cc716ce162d8f11d0,93000,1,UpdatePublished,"{'model_id': 'model_mnist_784_noniid', 'round': 11, 'ticket_id': 551, 'cid': 'sha256:7fbfed43accd0aa749ec6131482896d6936173cd86c34dc8f987c1bb784c06d0'}",mock
0xd59d725438062d511be603a5f4a14af4e07333122d72ffdcecac14185eeb87bd,86000,1,TicketReserved,"{'model_id': 'model_mnist_784_noniid', 'round': 11, 'ticket_id': 552, 'owner': 'acct_2'}",mock
0x026b8b0f8fc97d0ec6516b45761a0b1ba4b4c5c8c01d2d72d9a8699a4b7f473b,93000,1,UpdatePublished,"{'model_id': 'model_mnist_784_noniid', 'round': 11, 'ticket_id': 552, 'cid': 'sha256:a51f5970acc328d453eb141cb6fd4db69e33101b50323d7e3c689048af5f36ec'}",mock
0x2b41d42ed7e1491d43815b455f5d79b10984cd942bbc436329dc4cfbdfaa1d1e,86000,1,TicketReserved,"{'model_id': 'model_mnist_784_noniid', 'round': 11, 'ticket_id': 553, 'owner': 'acct_3'}",mock
0x3ed3d867605f831c181f1ee05873ef56652e3aabe9096505858cb52e3246eae7,93000,1,UpdatePublished,"{'model_id': 'model_mnist_784_noniid', 'round': 11, 'ticket_id': 553, 'cid': 'sha256:f412adf186f973228a80e01702a9d936eca744c2857fa5b9ec60756beff69b9f'}",mock
0x2448857856bdbca0348073f5fb9c625ced7e2460ca54f84a37a81bac985c5823,86000,1,TicketReserved,"{'model_id': 'model_mnist_784_noniid', 'round': 11, 'ticket_id': 554, 'owner': 'acct_4'}",mock
0x89827f248545fdb96b6261e7fa8438f10fd64cef55424ce282c8882ba318ca36,93000,1,UpdatePublished,"{'model_id': 'model_mnist_784_noniid', 'round': 11, 'ticket_id': 554, 'cid': 'sha256:4281040e66a1ef0cdc81829711d3df871021d2c86521cc9876950e69d1aa8e6c'}",mock
0xd51779fa4e29f4266d1c39519e02e53253fe60b3e2ebb2a28ccab3495c0b0649,86000,1,TicketReserved,"{'model_id': 'model_mnist_784_noniid', 'round': 11, 'ticket_id': 555, 'owner': 'acct_5'}",mock
0xcfa978f713124e3ba2f3f9fd2aacbd2ee5d002eecafd998824016cda78823461,93000,1,UpdatePublished,"{'model_id': 'model_mnist_784_noniid', 'round': 11, 'ticket_id': 555, 'cid': 'sha256:5b3511f9effba02e282dca752402e3ff9009a3d7aac95fc25d8eccb45b793c0f'}",mock
0xf5078e52e05fb6026978e702a98d98a4bd0d1bfe749828ca96df51129f65dcec,86000,1,TicketReserved,"{'model_id': 'model_mnist_784_noniid', 'round': 11, 'ticket_id': 556, 'owner': 'acct_6'}",mock
0xefe99f2f356e11d57f6cfd3da9899e025615530e87b79733dc742149c7cbbb37,93000,1,UpdatePublished,"{'model_id': 'model_mnist_784_noniid', 'round': 11, 'ticket_id': 556, 'cid': 'sha256:29ab9461b24977d907bc8eb948112c12f26f48940284de3c028c5f206fbb829e'}",mock
0xbb30e187d30f3005cb1870ef8a75b080fa8cdf4f6b1fff9f39da98b8f5429933,86000,1,TicketReserved,"{'model_id': 'model_mnist_784_noniid', 'round': 11, 'ticket_id': 557, 'owner': 'acct_7'}",mock
0x8efd442128d94b2bc6fa2fdc35f25bf01579f1918150cdfa5a704d970adb8f8c,93000,1,UpdatePublished,"{'model_id': 'model_mnist_784_noniid', 'round': 11, 'ticket_id': 557, 'cid': 'sha256:87fafee8320a205e160b411d4d148e8eac8f139985a164dbd3735f882d4e2017'}",mock
0xf62ce0cd415d03f4c058431fd54f575e66ad56779118fab95627478736a7d031,86000,1,TicketReserved,"{'model_id': 'model_mnist_784_noniid', 'round': 11, 'ticket_id': 558, 'owner': 'acct_8'}",mock
0x32f05bce9aede4d735e87d5988862ef8223d3913c5d84ac2d0a43e48915e18a9,93000,1,UpdatePublished,"{'model_id': 'model_mnist_784_noniid', 'round': 11, 'ticket_id': 558, 'cid': 'sha256:76e4712c3e9192b1779502cee65bc3f02b03ac74aeffa1cc1631c5e1026f6228'}",mock
0xec4a2922caa32420cb90aa3c9cdc71efd56d05abf595867240d96f0365f2bb51,86000,1,TicketReserved,"{'model_id': 'model_mnist_784_noniid', 'round': 11, 'ticket_id': 559, 'owner': 'acct_9'}",mock
0x3d589a5067f763ab7c78ae81145071d0384d0ba841fc276c5e6b0019f76e515e,93000,1,UpdatePublished,"{'model_id': 'model_mnist_784_noniid', 'round': 11, 'ticket_id': 559, 'cid': 'sha256:727c5f8442979f7307be927922282683bf350e2e2c3df2d6905249b7b06f1f83'}",mock
0x9a24f6d42b23be7f01192f0739048ebb189ca718b1aa4bf1cee955f690ec35b7,86000,1,TicketReserved,"{'model_id': 'model_mnist_784_noniid', 'round': 11, 'ticket_id': 560, 'owner': 'acct_10'}",mock
0x50327175cb9fe8071917c2079f5bc6bb1338eee64f10e5e110ede044536ca1cf,93000,1,UpdatePublished,"{'model_id': 'model_mnist_784_noniid', 'round': 11, 'ticket_id': 560, 'cid': 'sha256:8017f43cec51329586d7e8843347480ab0a41bfcd4466deae98308d28726174a'}",mock
0x539ea12aa3ee27d195c1bdf60f79e1929d5eacca29eaab93d21f17fc5d63126a,86000,1,TicketReserved,"{'model_id': 'model_mnist_784_noniid', 'round': 11, 'ticket_id': 561, 'owner': 'acct_11'}",mock
0x504165b2d413977119a6dc004f31fd527ee924809df8e5302b8fe0937d4bef05,93000,1,UpdatePublished,"{'model_id': 'model_mnist_784_noniid', 'round': 11, 'ticket_id': 561, 'cid': 'sha256:4dfbe01c57dcec2b1901ef4ea6393b1d870f3ab6889d4cad76849cbcc5b03c43'}",mock
0xe299356fff3a8a2925a607afcbf25cb187ef7ae188eb1c84d9d4487f2148f93f,86000,1,TicketReserved,"{'model_id': 'model_mnist_784_noniid', 'round': 11, 'ticket_id': 562, 'owner': 'acct_12'}",mock
0xc3cbdf044e9e0b8aa3d5fe422e01aab03de87aa7b32134f54a9a155ff82189d3,93000,1,UpdatePublished,"{'model_id': 'model_mnist_784_noniid', 'round': 11, 'ticket_id': 562, 'cid': 'sha256:5a26df84fa7fd74fffd42863b72e5ba7346bf5a767f30e2387985ba50ebb15a9'}",mock
0x6ae9612a3b6291aaa73fd3585d23290dc745b8f0cdb0e51239c24f2621d7a0c5,86000,1,TicketReserved,"{'model_id': 'model_mnist_784_noniid', 'round': 11, 'ticket_id': 563, 'owner': 'acct_13'}",mock
0xb87898b04087a3d32657dac07fbd3600cd9480e83bc59741d6168f26369495b9,93000,1,UpdatePublished,"{'model_id': 'model_mnist_784_noniid', 'round': 11, 'ticket_id': 563, 'cid': 'sha256:a72e2b37ef0c883b31bf9be373326d4e168ec6a0828482c28fbdf5f8398a85ea'}",mock
0xbaf6839e3262d2a5707667afbcfa05a04da5857c4d7fa903cb8293fec7ddf682,86000,1,TicketReserved,"{'model_id': 'model_mnist_784_noniid', 'round': 11, 'ticket_id': 564, 'owner': 'acct_14'}",mock
0x56a8429b598ee3d2646fc445e4ef643736018412930c113a65d1054a699cd243,93000,1,UpdatePublished,"{'model_id': 'model_mnist_784_noniid', 'round': 11, 'ticket_id': 564, 'cid': 'sha256:798e6b590fda43fc45cb7b81a9629b4be0bda642dfa135d20fb57aa577691d4a'}",mock
0xadb34e781abac1bb5c5d1e37fb5d9b6ccadeb543df53581394a3819dbd1201d6,86000,1,TicketReserved,"{'model_id': 'model_mnist_784_noniid', 'round': 11, 'ticket_id': 565, 'owner': 'acct_15'}",mock
0xfa076fb4841ff7e5adc66e8f12d68ef610c1c0b17fff28eca6d29c8afc5f3f54,93000,1,UpdatePublished,"{'model_id': 'model_mnist_784_noniid', 'round': 11, 'ticket_id': 565, 'cid': 'sha256:398229f573a9429ec15c6febd8c47aa1aa368e639eaf7857f1ef69e95a4a584a'}",mock
0x38a2725349c97fc2528e38b98c50e57bdba0c16680da23abe5ab01a59e2f2584,86000,1,TicketReserved,"{'model_id': 'model_mnist_784_noniid', 'round': 11, 'ticket_id': 566, 'owner': 'acct_16'}",mock
0xc6075f5474d1827915217bd1d39a55c89ff5922c53b7af39d9e0b0d104dc50ea,93000,1,UpdatePublished,"{'model_id': 'model_mnist_784_noniid', 'round': 11, 'ticket_id': 566, 'cid': 'sha256:ee690577651e26efd78dd2040999f759770e6f07cca7473d7dc3a7025c38a53f'}",mock
0xececd2b28cb7482ae84b713b40de82245937788a53cd32efba59f110ba69dc58,86000,1,TicketReserved,"{'model_id': 'model_mnist_784_noniid', 'round': 11, 'ticket_id': 567, 'owner': 'acct_17'}",mock
0xa85157b1a7a74eb5e5aad0d1b7ed2c828c2f4260ede18ed6cc16462225089b33,93000,1,UpdatePublished,"{'model_id': 'model_mnist_784_noniid', 'round': 11, 'ticket_id': 567, 'cid': 'sha256:0898a043692538f109fbf06fa5cec25ac845d8bfb25d2605d9af017ad822fc7f'}",mock
0xb6799a468b1a68489dbee2e9d339d0fa8ad18eee8e316ad10fff8bdb7fc69208,86000,1,TicketReserved,"{'model_id': 'model_mnist_784_noniid', 'round': 11, 'ticket_id': 568, 'owner': 'acct_18'}",mock
0xd24bc4eba8a608fb3a8e7b2cefbc3b491b500eb8ad90c74025be17a68a4c9634,93000,1,UpdatePublished,"{'model_id': 'model_mnist_784_noniid', 'round': 11, 'ticket_id': 568, 'cid': 'sha256:a563f2bf29bef8f4c75cbac62a4db03118c07cf4e10a9a3075e3d201b7336b02'}",mock
0xe35bf58b581d836f04c9b95ec86c16f52ee4710bf792dc0535d63580306502b0,86000,1,TicketReserved,"{'model_id': 'model_mnist_784_noniid', 'round': 11, 'ticket_id': 569, 'owner': 'acct_19'}",mock
0x5e06ddaaf1305539808dd9491af48ecd793eddef1525c7b197acb9dfac595611,93000,1,UpdatePublished,"{'model_id': 'model_mnist_784_noniid', 'round': 11, 'ticket_id': 569, 'cid': 'sha256:8800dc7ddad2a3f79cdf050169fad5d521be1c7d9b7d3638b15c042d1a144a0c'}",mock
0x5b47c1e7d0c89e3484376f4448bc35c58aa01e89754784744c6f9bb28450e71f,86000,1,TicketReserved,"{'model_id': 'model_mnist_784_noniid', 'round': 11, 'ticket_id': 570, 'owner': 'acct_20'}",mock
0xe410fe7cb69aa4963fdc7e745be3202bde7307ee778ce104ca5b497e34a2c998,93000,1,UpdatePublished,"{'model_id': 'model_mnist_784_noniid', 'round': 11, 'ticket_id': 570, 'cid': 'sha256:b5bc67c12f08c8265c14f550c280625779b4eb661de4f48f2d3648ca12574056'}",mock
0x9ac8e1d8db1205a7e7d9e68310ea05c382219c58c6f40229a8e1de5db717d065,86000,1,TicketReserved,"{'model_id': 'model_mnist_784_noniid', 'round': 11, 'ticket_id': 571, 'owner': 'acct_21'}",mock
0x416b9410d4381e36d826f6c427ead8dbf52a1fc1d0fd5e26c80434c2fa689573,93000,1,UpdatePublished,"{'model_id': 'model_mnist_784_noniid', 'round': 11, 'ticket_id': 571, 'cid': 'sha256:6625db7a8dbc9c21ead8391ddb62c8641c404ba50b1dacf2a9f2e0000f6f61c5'}",mock
0x34f309a4795811cc68a7693b0f6a6318677ae5c4bf5b85a7a4d43c7ebf48cf07,86000,1,TicketReserved,"{'model_id': 'model_mnist_784_noniid', 'round': 11, 'ticket_id': 572, 'owner': 'acct_22'}",mock
0x9d796f27d83fd1677ddcdd481eceef3df4ed4210c00f97dbd4ca4692e19dec19,93000,1,UpdatePublished,"{'model_id': 'model_mnist_784_noniid', 'round': 11, 'ticket_id': 572, 'cid': 'sha256:bc04c2cba9acd99e21ed5a6367e1bdf99b0ca5a9b6d2225635116e9367cb9b6c'}",mock
0x8f49dc11056213007b2d26cdba21a4168691de6877139a84a2caea915d312f72,86000,1,TicketReserved,"{'model_id': 'model_mnist_784_noniid', 'round': 11, 'ticket_id': 573, 'owner': 'acct_23'}",mock
0x3c1bcccef80068e80cf075713eb6996bafd48b04a1e869f945b6e8bdb8462579,93000,1,UpdatePublished,"{'model_id': 'model_mnist_784_noniid', 'round': 11, 'ticket_id': 573, 'cid': 'sha256:d078e57337b2e1f9027f8d6bff0f9d90887a1e4c43faa978679923584644aa40'}",mock
0x738093fa9b54bd4b6b661a3cdf8b5d38e1dde71853a5d0e3b255e0ebd0e57e96,86000,1,TicketReserved,"{'model_id': 'model_mnist_784_noniid', 'round': 11, 'ticket_id': 574, 'owner': 'acct_24'}",mock
0xb6b5650388a8d527c3a7fe826fe60af9e344cc0cfb32696a8e0ea204b92c489c,93000,1,UpdatePublished,"{'model_id': 'model_mnist_784_noniid', 'round': 11, 'ticket_id': 574, 'cid': 'sha256:d91b77e3e4f05b5d2173fe9822a52ed8d577d1532bab296b1cec2b4d03034943'}",mock
0x9338b2e2b9573023b167200e6887886b1f1473f4d89c347c0d06ab10e4d082a7,86000,1,TicketReserved,"{'model_id': 'model_mnist_784_noniid', 'round': 11, 'ticket_id': 575, 'owner': 'acct_25'}",mock
0x1158c25a9e3909a5438e02d096b4bd6badd94541e04dd560ba770ab705193251,93000,1,UpdatePublished,"{'model_id': 'model_mnist_784_noniid', 'round': 11, 'ticket_id': 575, 'cid': 'sha256:3b238dfacb134f66613e6f97202df2322c982b162d1e7cbfce03327d9f6e747a'}",mock
0x55a57b28a16c50ec3f6e659bfbfdca7695a18e5965d349ca02d6c1e3257c782a,86000,1,TicketReserved,"{'model_id': 'model_mnist_784_noniid', 'round': 11, 'ticket_id': 576, 'owner': 'acct_26'}",mock
0x8d33702dc5be283af9df490f01a84b458f283701799f43fda47001fc7848a247,93000,1,UpdatePublished,"{'model_id': 'model_mnist_784_noniid', 'round': 11, 'ticket_id': 576, 'cid': 'sha256:06dac1156cfbd0b0d52a7f931eaa9e5eafd8f299883ff28a9695062fb0d065a2'}",mock
0x017d0bf210ad2165da13871f2409a6e7485d1fd967d720b9e10ee775265a15b9,86000,1,TicketReserved,"{'model_id': 'model_mnist_784_noniid', 'round': 11, 'ticket_id': 577, 'owner': 'acct_27'}",mock
0x4ae38a428e188af162710b6c7ac87b73f389239c6bf777be1fa53df091880125,93000,1,UpdatePublished,"{'model_id': 'model_mnist_784_noniid', 'round': 11, 'ticket_id': 577, 'cid': 'sha256:664e5da08c0137bd4f1cff2b2e42b19b05f156ad2f189bf31dc80edc22c398f7'}",mock
0x97dbd24330112e2f9c3717241b48b3ba9dd9c4670a40cc64b418c63a631dc8f4,86000,1,TicketReserved,"{'model_id': 'model_mnist_784_noniid', 'round': 11, 'ticket_id': 578, 'owner': 'acct_28'}",mock
0x1987a5995869dcfac087225520ef6623e201dd216956c0b36446701946f35577,93000,1,UpdatePublished,"{'model_id': 'model_mnist_784_noniid', 'round': 11, 'ticket_id': 578, 'cid': 'sha256:864757bd4c0b13ba55ebd5b218bc07b2abd986af05b648069e915a6b36828de1'}",mock
0xd252ec5e0bfad401f41a4b279062188bb1d58fa31e8b827ebc172383eb48de87,86000,1,TicketReserved,"{'model_id': 'model_mnist_784_noniid', 'round': 11, 'ticket_id': 579, 'owner': 'acct_29'}",mock
0xb873d7b22a9c517ece44e6f7b225cdb3098f5b505d2c2c98f7bb8474208bc5c7,93000,1,UpdatePublished,"{'model_id': 'model_mnist_784_noniid', 'round': 11, 'ticket_id': 579, 'cid': 'sha256:960f72411674f076e6185dfa5675a5ad6c9561ef5633e6c68272a26bb5bbd5c3'}",mock
0x511061fb450b6d0698e2a80f590ba2f990d976abeb3f34e4d83a019bddb2fdbb,86000,1,TicketReserved,"{'model_id': 'model_mnist_784_noniid', 'round': 11, 'ticket_id': 580, 'owner': 'acct_30'}",mock
0x1273cbaf07c972b71677e474c4b45d700b825e2c1464c920a33e6076ac0fd617,93000,1,UpdatePublished,"{'model_id': 'model_mnist_784_noniid', 'round': 11, 'ticket_id': 580, 'cid': 'sha256:b56af66b887ed564b45b8c589844494fc45f3c041b431eedd60ec0543063cc19'}",mock
0xa19a5d5a73f7ef9c794f19cb265ec9e38eb2261a5bcecd1d93fd53c56430220b,86000,1,TicketReserved,"{'model_id': 'model_mnist_784_noniid', 'round': 11, 'ticket_id': 581, 'owner': 'acct_31'}",mock
0x2b4cf4ef344309764889e08a88988284cddd1ec9c70cb4f9d157bc552d9d3354,93000,1,UpdatePublished,"{'model_id': 'model_mnist_784_noniid', 'round': 11, 'ticket_id': 581, 'cid': 'sha256:50ee48a345c86d8b7d2326fc1a9d946d72deb178852c9fa0a0b37d14e0af2a8c'}",mock
0x46ef136284eaa1a2cd7a05f3a2db785ede7fc5bcf4fbee90f4f5029411f6cdb9,86000,1,TicketReserved,"{'model_id': 'model_mnist_784_noniid', 'round': 11, 'ticket_id': 582, 'owner': 'acct_32'}",mock
0xf225c6181cd18c34a37f56923200b2af210bdd4d0280d5c8e5875c6f56303271,93000,1,UpdatePublished,"{'model_id': 'model_mnist_784_noniid', 'round': 11, 'ticket_id': 582, 'cid': 'sha256:e2f1451cba4bb7b1920deec0472d8af766ca24cfe85ce15fcf6fee54501e4022'}",mock
0xce93ece226b4f78d1aa376355c6076b44915626054ffa2da396683e8c206c8b1,86000,1,TicketReserved,"{'model_id': 'model_mnist_784_noniid', 'round': 11, 'ticket_id': 583, 'owner': 'acct_33'}",mock
0x2941c9d6b047e2258fb7086a853f1eb4e3d4b84dc9c075c87b04b08b8764ba97,93000,1,UpdatePublished,"{'model_id': 'model_mnist_784_noniid', 'round': 11, 'ticket_id': 583, 'cid': 'sha256:32ab995e3293126ec2c872cd59900c444b6490699c08504abfdc76bb50a2ce28'}",mock
0x0e8df95d5b1b705fd64bb6a73ff035526a87b5866d65c8e9337c3f9437a33dd8,86000,1,TicketReserved,"{'model_id': 'model_mnist_784_noniid', 'round': 11, 'ticket_id': 584, 'owner': 'acct_34'}",mock
0x35f52e678f649085a0dfbffccc9c07d1aba72fc533e0cc8de3d525b88070f594,93000,1,UpdatePublished,"{'model_id': 'model_mnist_784_noniid', 'round': 11, 'ticket_id': 584, 'cid': 'sha256:69ad8f98d48ac4899468ee34fdc27495aa6a04d2c6face28e59fb10cff35efa8'}",mock
0x8f083c5e8f7f8b0950f1ce4e48968b31ec4f908f5df5200030975582ef08d373,86000,1,TicketReserved,"{'model_id': 'model_mnist_784_noniid', 'round': 11, 'ticket_id': 585, 'owner': 'acct_35'}",mock
0xd578a2d5f47e49cb907eb3507eb71ee0db028e2c1fd83184f70f382ef28df7d7,93000,1,UpdatePublished,"{'model_id': 'model_mnist_784_noniid', 'round': 11, 'ticket_id': 585, 'cid': 'sha256:50091e02d2484dca1cd487c9bbc167a7f246aa3fb95c42d5e38849f9fe44f890'}",mock
0x72030ee08606e4e2820e4f342c73dc9d60c87736b2d74d4267b22d0ebb9c1230,86000,1,TicketReserved,"{'model_id': 'model_mnist_784_noniid', 'round': 11, 'ticket_id': 586, 'owner': 'acct_36'}",mock
0xce6ca7cfb95a2f679e06b510e059c8f1a5e885df5add7c3d5440d05a3fe38897,93000,1,UpdatePublished,"{'model_id': 'model_mnist_784_noniid', 'round': 11, 'ticket_id': 586, 'cid': 'sha256:a05b1130faf9b9d7ad57c1d29c5296b239aca4cf92252610782a175e1a6728cf'}",mock
0x679e00b6f755614c0898545532cbdf88d7c689a36346111057528b2f4c313a12,86000,1,TicketReserved,"{'model_id': 'model_mnist_784_noniid', 'round': 11, 'ticket_id': 587, 'owner': 'acct_37'}",mock
0x73e75e590b9f60421e3f7e7da890278bad0e74b981a458a6a1ecbcb98652739b,93000,1,UpdatePublished,"{'model_id': 'model_mnist_784_noniid', 'round': 11, 'ticket_id': 587, 'cid': 'sha256:365cf0efe3dd70af7cc135a4fef8d83b9e9e3eb947b3026bf255c033454f0dd3'}",mock
0xf21a2b9289f3ffdc5eea63492301380a53f24f62b9db1a7613cca70d51ecb073,86000,1,TicketReserved,"{'model_id': 'model_mnist_784_noniid', 'round': 11, 'ticket_id': 588, 'owner': 'acct_38'}",mock
0xc0e13bf93a7a03b331e5fd1b0e16d4978a5ee197e47e6e61339b422bc03b7846,93000,1,UpdatePublished,"{'model_id': 'model_mnist_784_noniid', 'round': 11, 'ticket_id': 588, 'cid': 'sha256:60c6333352faf2123a6b474c2cbb2abaeffac2c4f7e3f940a1d2d6318cd3ee8c'}",mock
0x069a148978fbc50b6e9f0110fe6bbac385961cd4f8c49110e517896775cc2033,86000,1,TicketReserved,"{'model_id': 'model_mnist_784_noniid', 'round': 11, 'ticket_id': 589, 'owner': 'acct_39'}",mock
0x6e858a763bf10fc4134bafed8d2eeb9bfc4308bbb10dfed7bf5e55c017b2bc17,93000,1,UpdatePublished,"{'model_id': 'model_mnist_784_noniid', 'round': 11, 'ticket_id': 589, 'cid': 'sha256:97a6d6325e629f2e51044e8577a0d02c9265ed93d38c755e417f6c87f4ed33ef'}",mock
0x9a972ad7e540b28a4a0c8c8a43d1d4772649084908014bb953949add3a062ffc,86000,1,TicketReserved,"{'model_id': 'model_mnist_784_noniid', 'round': 11, 'ticket_id': 590, 'owner': 'acct_40'}",mock
0x4262cd023efb6f5dc64c3056d8e284eba3199502fddef4e60575bcb40fbf54e2,93000,1,UpdatePublished,"{'model_id': 'model_mnist_784_noniid', 'round': 11, 'ticket_id': 590, 'cid': 'sha256:8dd9ba86d404b5d6c58c4cdb8fc4248c4830e5820adee32bbc453af43c713cd4'}",mock
0xc5e9e5ce09142e882121fcf535a0962fc81a584527e18d19aed3b04f4b3b3412,86000,1,TicketReserved,"{'model_id': 'model_mnist_784_noniid', 'round': 11, 'ticket_id': 591, 'owner': 'acct_41'}",mock
0xf471a8fef67b841b51a0aa544b816a2b0391130a82603b857f68a57b70e4728d,93000,1,UpdatePublished,"{'model_id': 'model_mnist_784_noniid', 'round': 11, 'ticket_id': 591, 'cid': 'sha256:6b89ec334ac87f4f529e9d4f79b1ce62b4cd7a70b7121ad9e36306999756ecba'}",mock
0x6dbfe4b7ade8b22993557d87d22ce5827c1d486405a42ac5f7d3d297aaca39af,86000,1,TicketReserved,"{'model_id': 'model_mnist_784_noniid', 'round': 11, 'ticket_id': 592, 'owner': 'acct_42'}",mock
0x999c508c65653f45de06c545676c33ed0ba199405ddcdff854db82aa743a2142,93000,1,UpdatePublished,"{'model_id': 'model_mnist_784_noniid', 'round': 11, 'ticket_id': 592, 'cid': 'sha256:8fe4106ed853788874ddfa3525c715b9b1054c9717de8c953b8f2d6addcdad19'}",mock
0x173303ada01a80fca697783fe5688df83f1115eb210b0ec74b1eeaeeb470c4ce,86000,1,TicketReserved,"{'model_id': 'model_mnist_784_noniid', 'round': 11, 'ticket_id': 593, 'owner': 'acct_43'}",mock
0xeb8825bd19c8078547732d70c0b786dec4d45221be2f925058050639ce87bf1b,93000,1,UpdatePublished,"{'model_id': 'model_mnist_784_noniid', 'round': 11, 'ticket_id': 593, 'cid': 'sha256:c0e9ec8b7007be39e6cff2333c69062398cf4a1d2de1fcfce91cca39e2703b55'}",mock
0x58f263127293722851fc3746492fe65d271ca20a964fce481a19a633c3f68c02,86000,1,TicketReserved,"{'model_id': 'model_mnist_784_noniid', 'round': 11, 'ticket_id': 594, 'owner': 'acct_44'}",mock
0x52e1b1459eb6f68d90d5974526878c64d60753c3a8cfa05cdd0472aa12dd20d6,93000,1,UpdatePublished,"{'model_id': 'model_mnist_784_noniid', 'round': 11, 'ticket_id': 594, 'cid': 'sha256:911b436b341b20c9c0946ed8e09f16a0fd24bcde3b06022b0f77503c81c77871'}",mock
0x220798b60237a85ec27f120b7971f6bd886d8fe42a23a4a90845c0b3f270f3e1,86000,1,TicketReserved,"{'model_id': 'model_mnist_784_noniid', 'round': 11, 'ticket_id': 595, 'owner': 'acct_45'}",mock
0x24d216a5695a7bba7556b3a444ea480f46eb8ca9248b3aebb6a5a859ce73870e,93000,1,UpdatePublished,"{'model_id': 'model_mnist_784_noniid', 'round': 11, 'ticket_id': 595, 'cid': 'sha256:b4666e9d02c6eeb4bcd4733d778ebc0cdadaa03fceabce2d4fee727bda28b870'}",mock
0xedf9bc46af547e02b09dec14dbf5432427c38715b3cb9911818875606e0e8378,86000,1,TicketReserved,"{'model_id': 'model_mnist_784_noniid', 'round': 11, 'ticket_id': 596, 'owner': 'acct_46'}",mock
0xfd0ac7db40b214205cd901cf2831b0563a0016827f88dab0b71006a08002afd7,93000,1,UpdatePublished,"{'model_id': 'model_mnist_784_noniid', 'round': 11, 'ticket_id': 596, 'cid': 'sha256:c0b0922e1ec2a1beda3d7ec94b8901134ef897d7325f6e2f4a53078b19e16ac1'}",mock
0x967b6835d9c2a574f0715c599da75f79a78395b5ae826d26d36c9cf84b6eedea,86000,1,TicketReserved,"{'model_id': 'model_mnist_784_noniid', 'round': 11, 'ticket_id': 597, 'owner': 'acct_47'}",mock
0xf3e0311495b2a287f9f65a8afdac9b9cc9ab4493305c0d4733fbebb77c3136ba,93000,1,UpdatePublished,"{'model_id': 'model_mnist_784_noniid', 'round': 11, 'ticket_id': 597, 'cid': 'sha256:567a00ae63161f76a175986bcce3f6cb950d57ad08c43b717bd0d2279861bc36'}",mock
0x20a2435c101884c3bd8d9279f141a13211f24a58a0194e1cf036df09c1066fbd,86000,1,TicketReserved,"{'model_id': 'model_mnist_784_noniid', 'round': 11, 'ticket_id': 598, 'owner': 'acct_48'}",mock
0x3156dca0412ff2820bd7a52c9c3950e73bebfd6983d5abd55832a5333e9e1906,93000,1,UpdatePublished,"{'model_id': 'model_mnist_784_noniid', 'round': 11, 'ticket_id': 598, 'cid': 'sha256:e3adb854746b4d7be95abcd811ad252fb506d94a8fcd381b33f50889fb082ced'}",mock
0xa24a7ab8be64d108bc7f709d7f5ffbd7fed75c64cd387a32ed496750be08c0b1,86000,1,TicketReserved,"{'model_id': 'model_mnist_784_noniid', 'round': 11, 'ticket_id': 599, 'owner': 'acct_49'}",mock
0x5e12c1ccbadc4d14bc48ccfd5c7940178ca241ccebd268b7ae4ddcbaf6bc60b0,93000,1,UpdatePublished,"{'model_id': 'model_mnist_784_noniid', 'round': 11, 'ticket_id': 599, 'cid': 'sha256:9d7febfc2e58c7f802b0ed0f0cadb46ba65edaf7b0f8f5651566cf9a314d0b18'}",mock
0x38e93639404e94ce67109570209c9d13a033d37f6f658193c1a578e108be5f1b,86000,1,TicketReserved,"{'model_id': 'model_mnist_784_noniid', 'round': 11, 'ticket_id': 600, 'owner': 'acct_50'}",mock
0xc52d7af23ded967b9bda72c4efc9d1bc1595ed5dae740fb22d2402edfc6cda93,93000,1,UpdatePublished,"{'model_id': 'model_mnist_784_noniid', 'round': 11, 'ticket_id': 600, 'cid': 'sha256:34fda6019015f1ca54b77343343c540e71cf2bf8604d768f9ec74947dd818f8a'}",mock
0xe5ccb5d54a5ce15336b6447f2438f0ea03b7700eafd989a0ee0296cb03197ac2,645000,1,RoundFinalized,"{'model_id': 'model_mnist_784_noniid', 'round': 11, 'included': 26, 'refunds': 26}",mock
0x3fae54177c414e3958acc3779a027ff067e7d76ef29d29c7567e6f1fd63ceefd,38000,1,Claimed,"{'model_id': 'model_mnist_784_noniid', 'account': 'acct_1', 'amount_wei': 9568882225553890}",mock
0xc7c326d53c6f7f1adc35a28d492f69c1512d0bde7c0ec2783d807108ac5675fe,38000,1,Claimed,"{'model_id': 'model_mnist_784_noniid', 'account': 'acct_2', 'amount_wei': 9496468060428016}",mock
0x976e9fc649e19e97106442f6e4f6a074a7adaa3152fa8c7ba116a869abb776e0,38000,1,Claimed,"{'model_id': 'model_mnist_784_noniid', 'account': 'acct_3', 'amount_wei': 9518715001473622}",mock
0x1c60ea73771bc5f8589bca5abd9cb828c1f4ac9a44a172e81964046ff46aca4d,38000,1,Claimed,"{'model_id': 'model_mnist_784_noniid', 'account': 'acct_4', 'amount_wei': 6723399733480378}",mock
0xbaf9d605835a968671d1eb44e8418dc51fe4c6ca5d049626567e27f3b4234197,38000,1,Claimed,"{'model_id': 'model_mnist_784_noniid', 'account': 'acct_5', 'amount_wei': 10873380298753297}",mock
0x47b0cd692eebee52a84f89883e81d94d7850c13daf5f32f18e8eb831b2676b8f,38000,1,Claimed,"{'model_id': 'model_mnist_784_noniid', 'account': 'acct_6', 'amount_wei': 9497881668140290}",mock
0x696987cacbf67590e23b5bc678fb43ab543ff6c1425d86f6c446099c367fff4e,38000,1,Claimed,"{'model_id': 'model_mnist_784_noniid', 'account': 'acct_7', 'amount_wei': 10895627239798904}",mock
0x9ff9dd3cb4910374988c68f579b937cb0da1ecac1fab414b5b8e4fce6ae91d35,38000,1,Claimed,"{'model_id': 'model_mnist_784_noniid', 'account': 'acct_8', 'amount_wei': 8086309891649157}",mock
0x0a756a41faa4fab171ddd5884bdf5c403189dd02538917940183c2ece397ce68,38000,1,Claimed,"{'model_id': 'model_mnist_784_noniid', 'account': 'acct_9', 'amount_wei': 8188132429511738}",mock
0xc220d8af481d5fa2811497745bd8465deadefd1d874884d5b491d6342ea5d7f2,38000,1,Claimed,"{'model_id': 'model_mnist_784_noniid', 'account': 'acct_10', 'amount_wei': 9583127239798903}",mock
0x08846e84e7b246b9b984245d88afbaf1d66b8e63d791835ee45b752db50f6864,38000,1,Claimed,"{'model_id': 'model_mnist_784_noniid', 'account': 'acct_11', 'amount_wei': 8158182342176030}",mock
0x6f8537e84078ca5b77323f4f0ade5188a86c4c6b7b4dc9f6b87a6be833bcc58b,38000,1,Claimed,"{'model_id': 'model_mnist_784_noniid', 'account': 'acct_12', 'amount_wei': 13665403090776089}",mock
0x72ec00ec8888bc60198e0f38afb5af807ce00c16c18477152b5df1d29193d45b,38000,1,Claimed,"{'model_id': 'model_mnist_784_noniid', 'account': 'acct_13', 'amount_wei': 8151640474221120}",mock
0x2e3b4989f76ddeda1dad318837d095255edef171dca1bfa39c83fbef87c86775,38000,1,Claimed,"{'model_id': 'model_mnist_784_noniid', 'account': 'acct_14', 'amount_wei': 5385356949316904}",mock
0xc18833bbe0a772d92f4e02d91dc4026dd8fcb3b0b5eb1f73510bae3ee5a6d76b,38000,1,Claimed,"{'model_id': 'model_mnist_784_noniid', 'account': 'acct_15', 'amount_wei': 10924662350035347}",mock
0xe3a779fe5ca7912756e1abb18e8c81d39e396e52a89a0ef33dc7f58107c2778f,38000,1,Claimed,"{'model_id': 'model_mnist_784_noniid', 'account': 'acct_16', 'amount_wei': 5484428725808035}",mock
0xaac8104cfa2ff4cfbced4bfbbc6be105947850d128d7259f737a12d19a8ab12a,38000,1,Claimed,"{'model_id': 'model_mnist_784_noniid', 'account': 'acct_17', 'amount_wei': 9517254942627940}",mock
0xf8a00d188615d6a7a24fd632a37821578bcc9966b8b6668b3f5fb082dba4932a,38000,1,Claimed,"{'model_id': 'model_mnist_784_noniid', 'account': 'acct_18', 'amount_wei': 14958948625700935}",mock
0x5da0d8de819c735886a8b3191fcabedee434f328039569fc421e9ed612baf739,38000,1,Claimed,"{'model_id': 'model_mnist_784_noniid', 'account': 'acct_19', 'amount_wei': 10860250111710067}",mock
0x7a7cf03faf071375da16065bb5775c52b0b60787002df662429fe428d85edd1c,38000,1,Claimed,"{'model_id': 'model_mnist_784_noniid', 'account': 'acct_20', 'amount_wei': 6755727319687275}",mock
0xe882f6fcbec56f69160377acf81c9ca09c7ccc091cf98531fb6b618f87ec5668,38000,1,Claimed,"{'model_id': 'model_mnist_784_noniid', 'account': 'acct_21', 'amount_wei': 10935960119953809}",mock
0x23c80c8108868861f04f415741b134775ad175fc090975fdb53d127e31057141,38000,1,Claimed,"{'model_id': 'model_mnist_784_noniid', 'account': 'acct_22', 'amount_wei': 12303034647206312}",mock
0xc53d7745ef2fd64c0d5d5ebd5eb6ae2d85033dd4b10f6743aaf6859db2eb07a6,38000,1,Claimed,"{'model_id': 'model_mnist_784_noniid', 'account': 'acct_23', 'amount_wei': 9514504181256490}",mock
0xfd7be1da83ad74294d741ded6b85afc4ebe3af12175366101b214af62f1a22cb,38000,1,Claimed,"{'model_id': 'model_mnist_784_noniid', 'account': 'acct_24', 'amount_wei': 5313241564701519}",mock
0xb61f8d176a53264e7efad160bc67cd21bff5a79e95c8cc87b1dc0cefd790e7da,38000,1,Claimed,"{'model_id': 'model_mnist_784_noniid', 'account': 'acct_25', 'amount_wei': 6771189458689459}",mock
0x4748184f95a5f21fc4c1ad112faa2401283b778074855b55f079a91fb3ebad64,38000,1,Claimed,"{'model_id': 'model_mnist_784_noniid', 'account': 'acct_26', 'amount_wei': 8250712250712251}",mock
0xde90fc0d4a33335f5c5e428461b4d8d8ca254ce6c883c801b70b5f49ba1224ce,38000,1,Claimed,"{'model_id': 'model_mnist_784_noniid', 'account': 'acct_27', 'amount_wei': 10847837514589823}",mock
0xbd1b1cb4321054b121c76a16487f3c8d6cccd8764dd0a9a2b2644aadbdffa98f,38000,1,Claimed,"{'model_id': 'model_mnist_784_noniid', 'account': 'acct_28', 'amount_wei': 9475634727094682}",mock
0xd037c4c27f462c819de41fa16d08c1b1d4cdd9d7d022a078deea07336bd08082,38000,1,Claimed,"{'model_id': 'model_mnist_784_noniid', 'account': 'acct_29', 'amount_wei': 10834510844591490}",mock
0x44aa9cba6719ce897075629a8461aea573a0a784912d9d429f80b1ecf12b74e9,38000,1,Claimed,"{'model_id': 'model_mnist_784_noniid', 'account': 'acct_30', 'amount_wei': 8119509370969325}",mock
0x7bd9ff0fc470cfa873dd907cceb0bec027393a82a460af662c2ee545f3a02648,38000,1,Claimed,"{'model_id': 'model_mnist_784_noniid', 'account': 'acct_31', 'amount_wei': 6741482305442260}",mock
0x7485395c82cc976e757fc7a5be8c035e4ae973d91a91eee90ddd31233436319b,38000,1,Claimed,"{'model_id': 'model_mnist_784_noniid', 'account': 'acct_32', 'amount_wei': 10783425276264542}",mock
0x61d8b6df5f34133ff0022322f80ec1fe78c456926c9cbac81fe3b0eaf0b7e4bd,38000,1,Claimed,"{'model_id': 'model_mnist_784_noniid', 'account': 'acct_33', 'amount_wei': 9550799653592007}",mock
0x60ea9334788e710e236d460bd96cbd69e36907a97e0946bbb1df9ad4148ecb73,38000,1,Claimed,"{'model_id': 'model_mnist_784_noniid', 'account': 'acct_34', 'amount_wei': 8068227319687274}",mock
0xdc3b70baa55b0d76405c6cc6651d5da3b3f9477fe8009b7e5b3c2a2eb9bc7557,38000,1,Claimed,"{'model_id': 'model_mnist_784_noniid', 'account': 'acct_35', 'amount_wei': 6757140927399548}",mock
0x165082aabdd8c7b1f3f5b0125ed099a0bf5b592b0d63724df5457f7d8035c4c5,38000,1,Claimed,"{'model_id': 'model_mnist_784_noniid', 'account': 'acct_36', 'amount_wei': 10884874551626860}",mock
0x6cd779ad0395632d86f427f762b740e0e1c2da3391472d6b2a8bd265bb9784fb,38000,1,Claimed,"{'model_id': 'model_mnist_784_noniid', 'account': 'acct_37', 'amount_wei': 10931250669123668}",mock
0x5e36d7dd9534305eecae8776ebb138247bf54048791a96866142c977fa305a0b,38000,1,Claimed,"{'model_id': 'model_mnist_784_noniid', 'account': 'acct_38', 'amount_wei': 5462480565272920}",mock
0x0848fb434361b11ac9c0579070a168b285326e02a00527b33d11ef4d3bb76eae,38000,1,Claimed,"{'model_id': 'model_mnist_784_noniid', 'account': 'acct_39', 'amount_wei': 4085568326947638}",mock
0x5600e2589f594d296c0b778ef3e8ccc6fed7a7dc5210c03a401d4781c9d696fa,38000,1,Claimed,"{'model_id': 'model_mnist_784_noniid', 'account': 'acct_40', 'amount_wei': 8191923536095200}",mock
0x9f1cc22ff39a0997a7f990c0d38535ff4901e080dd500469ea0bb463af477cb2,38000,1,Claimed,"{'model_id': 'model_mnist_784_noniid', 'account': 'acct_41', 'amount_wei': 12243750669123668}",mock
0x2cd8c0c187398486d114c1f8d1eea040d5aff669ff81f70a0d97ed88af2f7967,38000,1,Claimed,"{'model_id': 'model_mnist_784_noniid', 'account': 'acct_42', 'amount_wei': 8185381668140289}",mock
0x050cbbe4cab3b3bb6b6f76268cbe1c4a759090444c5473ccf53c58cde0ba61b4,38000,1,Claimed,"{'model_id': 'model_mnist_784_noniid', 'account': 'acct_43', 'amount_wei': 9514504181256490}",mock
0x0b50964ee1ad1cc248b96ac4d40dc00d4f2f7443d6cd0909f48196b2f7f2d677,38000,1,Claimed,"{'model_id': 'model_mnist_784_noniid', 'account': 'acct_44', 'amount_wei': 9562097423510468}",mock
0xd5127f20ebbe83706065c971933d038fc7b438b0d1805e3f51611689b021cfc4,38000,1,Claimed,"{'model_id': 'model_mnist_784_noniid', 'account': 'acct_45', 'amount_wei': 10924662350035348}",mock
0x4e7646c19578751d562cca3deaeadd1d6200db26a76e50b2941cc8542d089d4a,38000,1,Claimed,"{'model_id': 'model_mnist_784_noniid', 'account': 'acct_46', 'amount_wei': 6853684268976623}",mock
0x146304ff0167fda495727bc54d6e87509f747aa457baeae19d68f757fc826d9f,38000,1,Claimed,"{'model_id': 'model_mnist_784_noniid', 'account': 'acct_47', 'amount_wei': 9500632429511740}",mock
0xeb2279c828e73161b649b3bf06b4e307adabbcb8ea4ff46e6ace42eff3edf365,38000,1,Claimed,"{'model_id': 'model_mnist_784_noniid', 'account': 'acct_48', 'amount_wei': 6760436770517415}",mock
0x6cd95333ae9aa12aa005f05d34140275c45037ffc2fe09210c37d3921de39a75,38000,1,Claimed,"{'model_id': 'model_mnist_784_noniid', 'account': 'acct_49', 'amount_wei': 9496468060428015}",mock
0x6dd42c64d6c92a1562d49f0346e0b1047b7ccbec4e3fb3f8b1b03d3347bd172d,38000,1,Claimed,"{'model_id': 'model_mnist_784_noniid', 'account': 'acct_50', 'amount_wei': 10841295646634912}",mock
