tx,gas_used,status,event,data,backend
0x5ab84855cd44a8d3e73fa011ce45c63b1185ab057ef9fa44f6acf3fcfbdda6b0,145000,1,ListingCreated,"{'model_id': 'model_mnist_784_noniid', 'init_cid': 'sha256:06b364374210898ad311c48033620e9576e971969d4d4e64a688b6585949d1f3'}",mock
0xbcc82c1a94a9eb737f316bda0d37a2f10f6524658549d97362c789af5bdd3944,52000,1,RoundFunded,"{'model_id': 'model_mnist_784_noniid', 'amount_wei': 10000000000000000}",mock
0xe627b07735af1a35ae72ffd9cbe1f5ef259b6bf9ba370722a502dca595990f52,86000,1,TicketReserved,"{'model_id': 'model_mnist_784_noniid', 'round': 0, 'ticket_id': 1, 'owner': 'acct_2'}",mock
0x30d5bc8417065cd3142a57d1aa3f7b2c7b7feb776bc52f55d48994cd0fda2ea9,93000,1,UpdatePublished,"{'model_id': 'model_mnist_784_noniid', 'round': 0, 'ticket_id': 1, 'cid': 'sha256:aee267bd3f822b081970ee297fbb426fe404c8cb1657f1b33cafdb931ee37df4'}",mock
0xb19e576c5158987d2f4734539bf7251af32e43fb78a2a527a48cee971d1cfad5,86000,1,TicketReserved,"{'model_id': 'model_mnist_784_noniid', 'round': 0, 'ticket_id': 2, 'owner': 'acct_4'}",mock
0x4988baf8a1d1b5a3903a647ef1126059cca9b7387fe92c881194ddf76eee25cc,93000,1,UpdatePublished,"{'model_id': 'model_mnist_784_noniid', 'round': 0, 'ticket_id': 2, 'cid': 'sha256:e70fa5bf3ad2ca65b8feb6affda120855cad08fc8410025dd9687707835783f2'}",mock
0x062b6873336400c8b16f4b2da42830c421db990157f46ea46d7fa2b91b7d2990,86000,1,TicketReserved,"{'model_id': 'model_mnist_784_noniid', 'round': 0, 'ticket_id': 3, 'owner': 'acct_5'}",mock
0xd82adff0c09eb4139479494b547b3d17e553485647fbb9625ae8bb70549e4102,93000,1,UpdatePublished,"{'model_id': 'model_mnist_784_noniid', 'round': 0, 'ticket_id': 3, 'cid': 'sha256:6498317dae9053d08199cd327bcc56e65ed93f1ac0b3829ab366b2cf19dc45a7'}",mock
0xcf86adc50ae393dad9ed45f072ce7429776d11d78fa436e5b1f3101858b49fe6,86000,1,TicketReserved,"{'model_id': 'model_mnist_784_noniid', 'round': 0, 'ticket_id': 4, 'owner': 'acct_8'}",mock
0x365b07ba827ae562cb938d6ffff4e810f45b749b65017864fd33c37431d12bec,93000,1,UpdatePublished,"{'model_id': 'model_mnist_784_noniid', 'round': 0, 'ticket_id': 4, 'cid': 'sha256:5695f409618e8c392e9e8d47538864a2bad65a401b948e006f9305d581924018'}",mock
0xa64ff0777aaad3f9d9959027605bccec7055687c9cb2f1d5d7337c048f6a79a4,86000,1,TicketReserved,"{'model_id': 'model_mnist_784_noniid', 'round': 0, 'ticket_id': 5, 'owner': 'acct_9'}",mock
0x1ff8f8f2d3ec483638ffa7d86b3f4266ffc99d78db4bee36552f4de42f70b913,93000,1,UpdatePublished,"{'model_id': 'model_mnist_784_noniid', 'round': 0, 'ticket_id': 5, 'cid': 'sha256:7b258b34047aa99420dc548b0faf9e013380bf88e6d8126cbcddb29b867eacfc'}",mock
0xc96385ecf6f53432e684547579e3851c1e1f0a3b9fbd7693e13e64eb5fd1bcba,86000,1,TicketReserved,"{'model_id': 'model_mnist_784_noniid', 'round': 0, 'ticket_id': 6, 'owner': 'acct_10'}",mock
0xe2b63c0edb3daf565ee1cbdcc90cc9160b4c2f6903594ab1f42cc56b0d3d5005,93000,1,UpdatePublished,"{'model_id': 'model_mnist_784_noniid', 'round': 0, 'ticket_id': 6, 'cid': 'sha256:3cadcd9afc9679543746e74bfb0a28796033322f2b3607d45b805503cf4b0ec5'}",mock
0xd7e846ad4066dfcdd4a741f0f9286fa0bdae0c64ef10672eed9a1452c3f263fb,86000,1,TicketReserved,"{'model_id': 'model_mnist_784_noniid', 'round': 0, 'ticket_id': 7, 'owner': 'acct_12'}",mock
0xe26636cf8d96dfc9ed722cfd7887756cc7c92f8d70f8addc6cd2120d00912f84,93000,1,UpdatePublished,"{'model_id': 'model_mnist_784_noniid', 'round': 0, 'ticket_id': 7, 'cid': 'sha256:e825b91fd95308d8ea0cca2e0d94013573634ced9526130157de242359d4f135'}",mock
0x3f24b9748a515bb78eb1461c24565dbc1498a5cb2de689f54d097deecae0574e,86000,1,TicketReserved,"{'model_id': 'model_mnist_784_noniid', 'round': 0, 'ticket_id': 8, 'owner': 'acct_15'}",mock
0x2e8b1725f5899eec073ca102495615524b83c13e3c5b68c045627ca47f7bba5f,93000,1,UpdatePublished,"{'model_id': 'model_mnist_784_noniid', 'round': 0, 'ticket_id': 8, 'cid': 'sha256:df5c17a915310272befef748009b39aeb75d392d2fb6002e2f10317610d16d7e'}",mock
0xb57dc6e362bfdbabc14123f8bf65c2f9cca7188fcb3ae996ea64f8e5be85a107,86000,1,TicketReserved,"{'model_id': 'model_mnist_784_noniid', 'round': 0, 'ticket_id': 9, 'owner': 'acct_18'}",mock
0xda437b0175c9d2cbfeb5e3bcb94a143d4d172d0d70c18c0feab17bae043526b8,93000,1,UpdatePublished,"{'model_id': 'model_mnist_784_noniid', 'round': 0, 'ticket_id': 9, 'cid': 'sha256:44cce80bebbc3c417fe99e78db85df371506e879a1487c6db533fc52f9e41dd7'}",mock
0xadb421185abceaed399449337ab28023f843396132f416d15a817a7e9559390b,86000,1,TicketReserved,"{'model_id': 'model_mnist_784_noniid', 'round': 0, 'ticket_id': 10, 'owner': 'acct_20'}",mock
0x66307e3e8e3182952d8b59b92223660fb0a05277deec996dfcf6bd31d7bff1c2,93000,1,UpdatePublished,"{'model_id': 'model_mnist_784_noniid', 'round': 0, 'ticket_id': 10, 'cid': 'sha256:fe64b37e1a70657f7a9f2c6cbd1ba4a2e1c5fa412744c46fbfbe67f8ea94472a'}",mock
0xd87bd0ba9cdedd9c23120d7a648748a2affe412c147c831d71269580dfd2f808,86000,1,TicketReserved,"{'model_id': 'model_mnist_784_noniid', 'round': 0, 'ticket_id': 11, 'owner': 'acct_24'}",mock
0x5e44c2195f9cb3c4da51d308c32b6d49b4cf9f40ac141e52c8a11ee88c850c12,93000,1,UpdatePublished,"{'model_id': 'model_mnist_784_noniid', 'round': 0, 'ticket_id': 11, 'cid': 'sha256:14156d9f05757dae874e76943848911ab0c5be8c48e75e486c79c61f776700dd'}",mock
0xcceda20fb6db75ead891d4993ef042a75efd32d6bdcab4b92b285036ac599808,86000,1,TicketReserved,"{'model_id': 'model_mnist_784_noniid', 'round': 0, 'ticket_id': 12, 'owner': 'acct_26'}",mock
0x06d31994d0bbb7650d71b60ae4104e63255315bebf23b10f8b30428877b850ad,93000,1,UpdatePublished,"{'model_id': 'model_mnist_784_noniid', 'round': 0, 'ticket_id': 12, 'cid': 'sha256:afbaf74197504aa19717979beeddfe2182bea961a05b5094849c2a6d4bad9f0f'}",mock
0x3220f2e5c576aaafb5a839465e9084a09cd0d4fa065d1726514210c1096272f5,86000,1,TicketReserved,"{'model_id': 'model_mnist_784_noniid', 'round': 0, 'ticket_id': 13, 'owner': 'acct_27'}",mock
0x8495054a70019c33be0624e62b856bf825d856fa747174712d02c6e8e0480e27,93000,1,UpdatePublished,"{'model_id': 'model_mnist_784_noniid', 'round': 0, 'ticket_id': 13, 'cid': 'sha256:ffc054bb83b58aea4b7f75e3988eb4a21d3afb40972e65fa42a26538b70f35dd'}",mock
0x5516f6ef428d369e5706a751a500e4e38d1d84915567b82f03c6aef4cf43f11d,86000,1,TicketReserved,"{'model_id': 'model_mnist_784_noniid', 'round': 0, 'ticket_id': 14, 'owner': 'acct_28'}",mock
0x6156f5d817d598f07510134c7e524953d21ad8d66fad0b96e9dca523f53f0b3a,93000,1,UpdatePublished,"{'model_id': 'model_mnist_784_noniid', 'round': 0, 'ticket_id': 14, 'cid': 'sha256:811bccb732bdcf0f04158d70991bab5b2f56f20bf879e6cecdf9b468481c670d'}",mock
0xa7b0289180330a7a2f2bc7557c21fc1748e62222d09b3cd211d9fef3954a5845,86000,1,TicketReserved,"{'model_id': 'model_mnist_784_noniid', 'round': 0, 'ticket_id': 15, 'owner': 'acct_31'}",mock
0xa87306b90ced9368a8e74847c68aebc4ecf595f29cdab17871f7bcb2f3f37aa9,93000,1,UpdatePublished,"{'model_id': 'model_mnist_784_noniid', 'round': 0, 'ticket_id': 15, 'cid': 'sha256:3b7f2aa7261e878a8586b9b344c0e8bb8e2dadb13e76193485240c506ffcbbc0'}",mock
0x526d6768aab61a4743e9910ee56d1d3ece8757d0076ba0c6ca25983188b8aa87,86000,1,TicketReserved,"{'model_id': 'model_mnist_784_noniid', 'round': 0, 'ticket_id': 16, 'owner': 'acct_32'}",mock
0x9215e52f8dc1a6d322f1f0c31d780fec0045e7e75e8f7e0ef8aa767fc56386fd,93000,1,UpdatePublished,"{'model_id': 'model_mnist_784_noniid', 'round': 0, 'ticket_id': 16, 'cid': 'sha256:2b855452d637d30e8e910414245c6ae8b0b926886c4b4b2ec95901ce8fea8719'}",mock
0xbd59f99169f97575d320d74e4e05f153ce5c88d04f46fc3a4ad762f7b5f34b0e,86000,1,TicketReserved,"{'model_id': 'model_mnist_784_noniid', 'round': 0, 'ticket_id': 17, 'owner': 'acct_33'}",mock
0x931ee5e9610c360691b8d6dfc2d8b5421dbed561d9d9e4b91ad329861db1228c,93000,1,UpdatePublished,"{'model_id': 'model_mnist_784_noniid', 'round': 0, 'ticket_id': 17, 'cid': 'sha256:ec575a1d5b8054299eacc9efbd4b10da34555e21888d166f706cfdaf49205f61'}",mock
0x385d225c67be5cde0c69bed84aceb1db32e2a096e702d5dbf325160910651b66,86000,1,TicketReserved,"{'model_id': 'model_mnist_784_noniid', 'round': 0, 'ticket_id': 18, 'owner': 'acct_35'}",mock
0xdce84dcb33347e0ecc42df139efef58e774ba665ed2ca99b72d78c9f484c7099,93000,1,UpdatePublished,"{'model_id': 'model_mnist_784_noniid', 'round': 0, 'ticket_id': 18, 'cid': 'sha256:ac6932fba7420366a0337e756c34d376613fb95ee93c2c0aeab4088af940019e'}",mock
0x8336a1ed6e8caf9871d47472fabec87032c6019974fdd4f44a3913c728f71fe2,86000,1,TicketReserved,"{'model_id': 'model_mnist_784_noniid', 'round': 0, 'ticket_id': 19, 'owner': 'acct_36'}",mock
0x2f49e2cd26ff2db3847f8784fc617a701f9cb42a4fc3a9f59050b558ed49b35c,93000,1,UpdatePublished,"{'model_id': 'model_mnist_784_noniid', 'round': 0, 'ticket_id': 19, 'cid': 'sha256:c0fa39dbb53771d660026de060a0198c11e45dc770bc6e6a8d5e2e155cc9cd16'}",mock
0xa749736cd8b02650910331ec0b537b7d7a05dfb260f75fceb5369ce01d73c402,86000,1,TicketReserved,"{'model_id': 'model_mnist_784_noniid', 'round': 0, 'ticket_id': 20, 'owner': 'acct_37'}",mock
0x80ab4583fd8e370579d19554b2dbb2f1e67603254ace9f29028fb842c2cb312a,93000,1,UpdatePublished,"{'model_id': 'model_mnist_784_noniid', 'round': 0, 'ticket_id': 20, 'cid': 'sha256:31b8c15b26e4cf7a2260cef56034926df3ff19189b48cb17f2e1a6685b13fcc6'}",mock
0x2b63017083b1c35565d8ac175fdd6fe719de0168f3e0ed867837028d8c249046,86000,1,TicketReserved,"{'model_id': 'model_mnist_784_noniid', 'round': 0, 'ticket_id': 21, 'owner': 'acct_39'}",mock
0x03175badd8069a21eb7074f15c0db126d05a860b1f28c04a32adf077827a4a27,93000,1,UpdatePublished,"{'model_id': 'model_mnist_784_noniid', 'round': 0, 'ticket_id': 21, 'cid': 'sha256:89fd42c000f11328827b18fb135ce0f36de9f1a05c764dd7b368741eac9f6ddb'}",mock
0x19fa09c7d70662248a69d21e9575e0183876ad2d8a051a8c7944fdcb6dad0d3e,86000,1,TicketReserved,"{'model_id': 'model_mnist_784_noniid', 'round': 0, 'ticket_id': 22, 'owner': 'acct_41'}",mock
0x4d2d74d86e1f2f0c0b3b91bc5518878072ce77bf535a013708ff3b86309d2d31,93000,1,UpdatePublished,"{'model_id': 'model_mnist_784_noniid', 'round': 0, 'ticket_id': 22, 'cid': 'sha256:d2e0eaefb390efde052d3c4203a640a11391c1c142905f8fb261607c7daf42a4'}",mock
0x853c6eaef36b1066bc3ddb088318f94e2406ada89d1011bb4bd3a02addae86f1,86000,1,TicketReserved,"{'model_id': 'model_mnist_784_noniid', 'round': 0, 'ticket_id': 23, 'owner': 'acct_42'}",mock
0xa2adf97b85b8323224a1ff8378d4b22eba5c6a42de85eee4a304c78ff11c9b87,93000,1,UpdatePublished,"{'model_id': 'model_mnist_784_noniid', 'round': 0, 'ticket_id': 23, 'cid': 'sha256:196c8d2402883477b81620573bec5e93987aa01e32fce3e90f161c51e98f0840'}",mock
0xb45d4c4b6725b235a89706cdf5a1cfb2e8daa373ab852c6a9554dc3bdaad412b,86000,1,TicketReserved,"{'model_id': 'model_mnist_784_noniid', 'round': 0, 'ticket_id': 24, 'owner': 'acct_43'}",mock
0xb5cb7358cc59e4daf6b76a9ce1c81329341e5beb2c39501998547d65ae172166,93000,1,UpdatePublished,"{'model_id': 'model_mnist_784_noniid', 'round': 0, 'ticket_id': 24, 'cid': 'sha256:0f219b8d31c53607a3eedd85bbe127a604274915cd9a7d79ea1b2e6a080490ae'}",mock
0x38f6aa66201a5361f61294fafb94736698250dd723cfaae7dd4cb985a5f3e731,86000,1,TicketReserved,"{'model_id': 'model_mnist_784_noniid', 'round': 0, 'ticket_id': 25, 'owner': 'acct_44'}",mock
0xd519269a74f4e33e924ffe89602aa3312141e9af3e2f6b2fe2a360ab27e0dbac,93000,1,UpdatePublished,"{'model_id': 'model_mnist_784_noniid', 'round': 0, 'ticket_id': 25, 'cid': 'sha256:b0f36ed6f989e6c7da5b360cb2431df2c1e7d2726b43d49d08d2c69f23e9ac05'}",mock
0xd0bb391f9d130af454f7011ff79cc94c7038c0a3a239716881f9a7bd698da1cc,86000,1,TicketReserved,"{'model_id': 'model_mnist_784_noniid', 'round': 0, 'ticket_id': 26, 'owner': 'acct_46'}",mock
0x1300068e278f764a5891e4355a98806182cac7dc05dc4bf7852ec4f5604136b9,93000,1,UpdatePublished,"{'model_id': 'model_mnist_784_noniid', 'round': 0, 'ticket_id': 26, 'cid': 'sha256:4e03c5824c1b0db6f6212d65f2596b347828785513c27cf44839b457597bb1a7'}",mock
0x44107bf337132368ffde18055953332a5d8cef8a3edb65458ced275a4e7ce03b,86000,1,TicketReserved,"{'model_id': 'model_mnist_784_noniid', 'round': 0, 'ticket_id': 27, 'owner': 'acct_48'}",mock
0xc77a73c30c877f537590c44cbbca64e3fb88820ee9d4663d71aa2d2d57bc02cc,93000,1,UpdatePublished,"{'model_id': 'model_mnist_784_noniid', 'round': 0, 'ticket_id': 27, 'cid': 'sha256:e032fc448ea8e8eb1f2ae734491c6454557372d522bef9e7442c2496ebc92deb'}",mock
0xfa84f509564df0e0a25c5da44f9941f8f17259d808c48de56199ced1a805b3bc,86000,1,TicketReserved,"{'model_id': 'model_mnist_784_noniid', 'round': 0, 'ticket_id': 28, 'owner': 'acct_49'}",mock
0x42073f1181b6d4a7baad06795e5aae4dc854c390bd164b47198cbc45a6c3764d,93000,1,UpdatePublished,"{'model_id': 'model_mnist_784_noniid', 'round': 0, 'ticket_id': 28, 'cid': 'sha256:9cd0172c0c0ce6ac38cc28d10f14c29c3488c5902ec0f8ed3702c4a879f6d753'}",mock
0xf1a645c236860cbc2382194fb044e4ecb7fb8bd91fcd1f998fa92c3b86e8d772,685000,1,RoundFinalized,"{'model_id': 'model_mnist_784_noniid', 'round': 0, 'included': 28, 'refunds': 28}",mock
0x33a50f25eba0e6107ee65c154c98d8f2334dbf5c7c99ff8a82011b2f8d276525,52000,1,RoundFunded,"{'model_id': 'model_mnist_784_noniid', 'amount_wei': 10000000000000000}",mock
0xd9b5e77856cda0a6cbbc9942354725caa1830917770a8a82f5286205fa61b3c1,86000,1,TicketReserved,"{'model_id': 'model_mnist_784_noniid', 'round': 1, 'ticket_id': 29, 'owner': 'acct_1'}",mock
0x2c7ff3e0d78e550de9fa4ea4b49bbf0a9cfea7d9cad2b7418ca2fcaabd6d3486,93000,1,UpdatePublished,"{'model_id': 'model_mnist_784_noniid', 'round': 1, 'ticket_id': 29, 'cid': 'sha256:08d7ee537d99f3200c687ac81eee1dda405944d0218715d6c973589983ec559d'}",mock
0x45039ecbb03a7efa7552401202f6550ee7a15cd9641038055d75d3f3c3a71839,86000,1,TicketReserved,"{'model_id': 'model_mnist_784_noniid', 'round': 1, 'ticket_id': 30, 'owner': 'acct_2'}",mock
0xadc7612d7310bd24471a11eaa90d630a3411cc23d4de9a965b5c0e2a9c15f0b0,93000,1,UpdatePublished,"{'model_id': 'model_mnist_784_noniid', 'round': 1, 'ticket_id': 30, 'cid': 'sha256:deca490e700c082212305d7adea7efab5949e038f13003d63b57fe1342a402f9'}",mock
0x41022a296b286f0462e877114481605edb26462dc369d6cc74be09e6caab6368,86000,1,TicketReserved,"{'model_id': 'model_mnist_784_noniid', 'round': 1, 'ticket_id': 31, 'owner': 'acct_3'}",mock
0xc1599ecff0a14d9715b118bf07736d14e382f29681d51050563f0e0a94c7c3d9,93000,1,UpdatePublished,"{'model_id': 'model_mnist_784_noniid', 'round': 1, 'ticket_id': 31, 'cid': 'sha256:eca608871c30dc06a91171d99acbde608db29bbd3dbb38b76f12e4c51e93e4f4'}",mock
0xd761ed08b0547d67be7aca52dc78cacf6d596cd2ae0c9d88713b4ce19498d396,86000,1,TicketReserved,"{'model_id': 'model_mnist_784_noniid', 'round': 1, 'ticket_id': 32, 'owner': 'acct_4'}",mock
0x2d5d22297c1d5625de57a621131489187159ef91b35c0e40f13c199eee837627,93000,1,UpdatePublished,"{'model_id': 'model_mnist_784_noniid', 'round': 1, 'ticket_id': 32, 'cid': 'sha256:05f63ee05bbd7315948390ef0f995480c25ecf02d34f1f31778e1262f0a02aa1'}",mock
0xc743b3bb48e63fe9b615afe9bda66fd4245f8b9f20f6b55cf666ee5fe0a2f72d,86000,1,TicketReserved,"{'model_id': 'model_mnist_784_noniid', 'round': 1, 'ticket_id': 33, 'owner': 'acct_5'}",mock
0xb0bcf6ebb256ed0850881567707d4c6f801b2945b9b4f2c4e4f4ac33408f7a74,93000,1,UpdatePublished,"{'model_id': 'model_mnist_784_noniid', 'round': 1, 'ticket_id': 33, 'cid': 'sha256:bd7dcca9d3c6d853ac002ebcbf3e8b2a9cd83225d39599d9dd8c85ebb15c9189'}",mock
0x7875ca9f62fde78c44fe582dc0c5de4ecd36e0582a29f3a8bc21e1b2514aecbc,86000,1,TicketReserved,"{'model_id': 'model_mnist_784_noniid', 'round': 1, 'ticket_id': 34, 'owner': 'acct_7'}",mock
0xfc192865601fc3513aa81361796a84ffbae9f3150cae67e9a9ea741bed18cfb5,93000,1,UpdatePublished,"{'model_id': 'model_mnist_784_noniid', 'round': 1, 'ticket_id': 34, 'cid': 'sha256:4bc97ede0db91a012be41b1453bf8f78ed4314d9d71ae02f0b9d4d2037250cf7'}",mock
0xe5ab524a77f9f7fef8f337c103cfdeed7b08d92cbeda54a4f7d7b1245d9f8b61,86000,1,TicketReserved,"{'model_id': 'model_mnist_784_noniid', 'round': 1, 'ticket_id': 35, 'owner': 'acct_9'}",mock
0x8d5156ffbf51b4e683a2ed40f4d02f4df540ade3036d8d323a6ebdb53db64d17,93000,1,UpdatePublished,"{'model_id': 'model_mnist_784_noniid', 'round': 1, 'ticket_id': 35, 'cid': 'sha256:baf488cdd98e80353d27d9f1066fb8fd618e16afea797198f920a8f358361bdc'}",mock
0x23c1130b86a2cc168a4122daa994b45bf5fab83194eb103063b0caa451d50bba,86000,1,TicketReserved,"{'model_id': 'model_mnist_784_noniid', 'round': 1, 'ticket_id': 36, 'owner': 'acct_10'}",mock
0x8ac28b195a7f3c6129318e8a2bd36817ff0b0994e714cebccb9446137340bf79,93000,1,UpdatePublished,"{'model_id': 'model_mnist_784_noniid', 'round': 1, 'ticket_id': 36, 'cid': 'sha256:922950b107e563f457973a8951aaa016766f142c8d32803285b07c2611cbec6e'}",mock
0xd1b32d4f770ba4d8bbaf3226eb7b729dee7a2e830d8ed683b49a00768c1527d8,86000,1,TicketReserved,"{'model_id': 'model_mnist_784_noniid', 'round': 1, 'ticket_id': 37, 'owner': 'acct_11'}",mock
0x86d7bce5a4f1471f8c2526d8dc7b409e3d4b32890868ac199d6681844fdcead6,93000,1,UpdatePublished,"{'model_id': 'model_mnist_784_noniid', 'round': 1, 'ticket_id': 37, 'cid': 'sha256:5f5d5719b7eb42d308566abf70d1f3d8e812007f0bbb914557192c08a90edb13'}",mock
0xbb9edd39a237156fea03cac7f06b76dd59b5a5f26fcfa34088881b090b8448d5,86000,1,TicketReserved,"{'model_id': 'model_mnist_784_noniid', 'round': 1, 'ticket_id': 38, 'owner': 'acct_12'}",mock
0x70260a6f49ea5d6f878f92a05e59f31a70fb5ffc5184b8bf0ae359f5f909d499,93000,1,UpdatePublished,"{'model_id': 'model_mnist_784_noniid', 'round': 1, 'ticket_id': 38, 'cid': 'sha256:5c00f8a9b2d97255d606e87e156d3adf71fa640de4ee3f4aedfef90f7dcb0aee'}",mock
0x611a4aca97808395496e7e924dd0ee5fd8159e4b175cdb782eb9ddc72f043029,86000,1,TicketReserved,"{'model_id': 'model_mnist_784_noniid', 'round': 1, 'ticket_id': 39, 'owner': 'acct_14'}",mock
0x1c1e278984497bc166f1198f4b0c96726cc288e5ffdba195846531af9222d813,93000,1,UpdatePublished,"{'model_id': 'model_mnist_784_noniid', 'round': 1, 'ticket_id': 39, 'cid': 'sha256:bb3cacc4b254815cfc92ccdeba01f187686e9f189c57393f9ad0a3cbb94def30'}",mock
0x44ef67b6d1d618ab4d0fdabbe60d360c7b5be1136b1b8422fc35635a8656bd3a,86000,1,TicketReserved,"{'model_id': 'model_mnist_784_noniid', 'round': 1, 'ticket_id': 40, 'owner': 'acct_16'}",mock
0xe069e968ddf1ffe6b55ec9f338d90e93f07b37ca0f74b908e09e2e1d1dd0e58a,93000,1,UpdatePublished,"{'model_id': 'model_mnist_784_noniid', 'round': 1, 'ticket_id': 40, 'cid': 'sha256:b4a4272c46ba4707b5647f7455e7cb4e8fd2c373fb834ad3fb9c710c79584a01'}",mock
0x21dfea6a742a5d3158a30226cc1920e95dcbf135dc6f7511a74d8bda15cf8fda,86000,1,TicketReserved,"{'model_id': 'model_mnist_784_noniid', 'round': 1, 'ticket_id': 41, 'owner': 'acct_19'}",mock
0x5e3192b8a75bb3a17678ad7b035084a39a35da7c0c4821d4c91d5059333dfb98,93000,1,UpdatePublished,"{'model_id': 'model_mnist_784_noniid', 'round': 1, 'ticket_id': 41, 'cid': 'sha256:d7a54b04c8e9ea24bd4585d417178889f88ce8c00276fb968f7f7e6a73efbeae'}",mock
0xecb35dff80f95c699419e3616ed1662bc0108e05c9083c6304276c19da2b45f5,86000,1,TicketReserved,"{'model_id': 'model_mnist_784_noniid', 'round': 1, 'ticket_id': 42, 'owner': 'acct_20'}",mock
0xa3558355d4347c4985c980d49b331a536827a1ca314a27c2417ce58607147dc2,93000,1,UpdatePublished,"{'model_id': 'model_mnist_784_noniid', 'round': 1, 'ticket_id': 42, 'cid': 'sha256:0a1ecd397dd74f3a7dac91a969fcf3d7d7cddb9fd1cdd6208ecea3ac73ddad07'}",mock
0xbc46af95ed44a83efd004bc2cd9a859be4f8edda49512fe25154d56ef49c669c,86000,1,TicketReserved,"{'model_id': 'model_mnist_784_noniid', 'round': 1, 'ticket_id': 43, 'owner': 'acct_24'}",mock
0x1284c90a7166f4a690ec36c107a1aab9a76de65de547234dc1db5696f84cb422,93000,1,UpdatePublished,"{'model_id': 'model_mnist_784_noniid', 'round': 1, 'ticket_id': 43, 'cid': 'sha256:d4a715f95aa23f7dd7311c0155f181ab30f8f2afef5bdcfe2b74adfc80e22234'}",mock
0x8b6e98699a41f8a915c048e8f1530f2f292fe7c52142bf917deedaaf400cffba,86000,1,TicketReserved,"{'model_id': 'model_mnist_784_noniid', 'round': 1, 'ticket_id': 44, 'owner': 'acct_25'}",mock
0xfe56cf08f8886a0da693f856a8649a7ed69da384cc9fa057f1411a615f29f7ac,93000,1,UpdatePublished,"{'model_id': 'model_mnist_784_noniid', 'round': 1, 'ticket_id': 44, 'cid': 'sha256:e505beddf3a30abcfcd155c2f06b241151b7863d033dc461d8599893506d1d13'}",mock
0x67096ac9867271b21f80adcec4f9a13c99b39330a954e743d263ec64f607df5d,86000,1,TicketReserved,"{'model_id': 'model_mnist_784_noniid', 'round': 1, 'ticket_id': 45, 'owner': 'acct_26'}",mock
0x2954bf75bfe42235c83f5e9191c3f6ddccad32055c2b3581d69e2dd2d9b7640e,93000,1,UpdatePublished,"{'model_id': 'model_mnist_784_noniid', 'round': 1, 'ticket_id': 45, 'cid': 'sha256:00a837b852cdbae053b59793bc236795ab72b037e4dc5e8a852edfabb73a06d5'}",mock
0xb7515110d12ce4c4036cbcf8b57d1b346e12d82cc9dd655147295bbd70c934f2,86000,1,TicketReserved,"{'model_id': 'model_mnist_784_noniid', 'round': 1, 'ticket_id': 46, 'owner': 'acct_27'}",mock
0xcb380b3876b7ecf93050280d11c9383dca1455eaa65103c1d59a6102c33359cb,93000,1,UpdatePublished,"{'model_id': 'model_mnist_784_noniid', 'round': 1, 'ticket_id': 46, 'cid': 'sha256:331fda1ca197b426a33f485fd2ef861c4389621735127dcb67d96879d2f0dedf'}",mock
0x79089e161230a9d383247d4d3fa8c766a3b8ee3dd9559c82123fa540ed765201,86000,1,TicketReserved,"{'model_id': 'model_mnist_784_noniid', 'round': 1, 'ticket_id': 47, 'owner': 'acct_31'}",mock
0xaeddf7ab2f2a141ca06212d49706a5ec890e979ee0806ee0dcae2624d805bbd7,93000,1,UpdatePublished,"{'model_id': 'model_mnist_784_noniid', 'round': 1, 'ticket_id': 47, 'cid': 'sha256:5f9d5e55b8b3842d6e094326036ab2122085e793489ac1be399dbecec0cce796'}",mock
0x067dbf405b0fdc0a5ebf21deedfaf3cb1ec0fdbd332416452348d5063850eb07,86000,1,TicketReserved,"{'model_id': 'model_mnist_784_noniid', 'round': 1, 'ticket_id': 48, 'owner': 'acct_33'}",mock
0x1374690d605566a660b0b134dad06c8c8ecae8f094e2f55dee893a96b5b5cdca,93000,1,UpdatePublished,"{'model_id': 'model_mnist_784_noniid', 'round': 1, 'ticket_id': 48, 'cid': 'sha256:4ff9e6c4398cd34546e89ec8e97893db96f9be95a56b6c038e86b9b14a896876'}",mock
0x0dc14ea1a814a5888ea8a7d841fb402a448dafc5391cf9d858ec19916d0804ad,86000,1,TicketReserved,"{'model_id': 'model_mnist_784_noniid', 'round': 1, 'ticket_id': 49, 'owner': 'acct_36'}",mock
0x1e851de479b67b1c6f51ff90b57ccebd424c825fc45d51b75ba07b8a70827b1c,93000,1,UpdatePublished,"{'model_id': 'model_mnist_784_noniid', 'round': 1, 'ticket_id': 49, 'cid': 'sha256:5f39fd411c013dad65e00d08efac2e82fcb116007939a3f28f57eb4609fb2ce6'}",mock
0x9894a9bfae2b152d2cb7956aad4c33da55ce719f218f2477788c69a78c83d9da,86000,1,TicketReserved,"{'model_id': 'model_mnist_784_noniid', 'round': 1, 'ticket_id': 50, 'owner': 'acct_38'}",mock
0x725b4a71485ed8842c54b4d0997bc7e639d737f237f5444c0e6ccd7ae8379eff,93000,1,UpdatePublished,"{'model_id': 'model_mnist_784_noniid', 'round': 1, 'ticket_id': 50, 'cid': 'sha256:0b996e91fed573aa3ddd53c21c4bcf39316f177865c0d05a8a1d15888a79f283'}",mock
0x37f59bead904e5eb898b824a23a2d606ee88aebb8c48cafac00feebe9872cd05,86000,1,TicketReserved,"{'model_id': 'model_mnist_784_noniid', 'round': 1, 'ticket_id': 51, 'owner': 'acct_40'}",mock
0x83f8a02b2ee495ec16525aed1c44c75ba999b0f12c4f976a32f1e93e6dda012f,93000,1,UpdatePublished,"{'model_id': 'model_mnist_784_noniid', 'round': 1, 'ticket_id': 51, 'cid': 'sha256:3c9a2d1c768489175825ac2a1fabb0fd53bb98637f6e4ac89b11990e5ecf3285'}",mock
0xcdd70726df76500314bf93de8f48b740b40471fc37067c102e60de536cc29fb4,86000,1,TicketReserved,"{'model_id': 'model_mnist_784_noniid', 'round': 1, 'ticket_id': 52, 'owner': 'acct_42'}",mock
0xbb3e1c67843013a05a996515eea5cf0d0fa3652e9b237db272675b99dadce93b,93000,1,UpdatePublished,"{'model_id': 'model_mnist_784_noniid', 'round': 1, 'ticket_id': 52, 'cid': 'sha256:9675203be10388aacfe064409e186fd090316fa7fd0b071938109cfbde171ed0'}",mock
0xd7d023f61520cb4d967bd82daadc924dfcedc70c7056d1ac021bbcdc47257403,86000,1,TicketReserved,"{'model_id': 'model_mnist_784_noniid', 'round': 1, 'ticket_id': 53, 'owner': 'acct_44'}",mock
0x1738421afdefa2c4d4c25e359aaa125af9ca3f7cef55b00bdc15865e960519f7,93000,1,UpdatePublished,"{'model_id': 'model_mnist_784_noniid', 'round': 1, 'ticket_id': 53, 'cid': 'sha256:7855754b5b469a8f31bb6124bdda468de2033218104f554ed7db749e33ed0071'}",mock
0x7635217989054586b372ae0e07e7dc9579b5c774f79e33ce92c4d2ba79ba85b6,86000,1,TicketReserved,"{'model_id': 'model_mnist_784_noniid', 'round': 1, 'ticket_id': 54, 'owner': 'acct_46'}",mock
0x7bc1d56df9fbe3c1cf851e46bc55dc2149649b33880e80c976cfbcdd9c2d46c5,93000,1,UpdatePublished,"{'model_id': 'model_mnist_784_noniid', 'round': 1, 'ticket_id': 54, 'cid': 'sha256:042f253864d545fc2ffe9d743afeb7594df4a97312f9b4d3f2fdc0720f7f2c43'}",mock
0x54cdcaaf809bf4ea79b6cb1d4d362f3de545aae11dedba9c83a0b381d72d0414,86000,1,TicketReserved,"{'model_id': 'model_mnist_784_noniid', 'round': 1, 'ticket_id': 55, 'owner': 'acct_50'}",mock
0x5df4de63cb52ec70b705d3eba58a234cbf433629fd9598e93db4a24a6551bc10,93000,1,UpdatePublished,"{'model_id': 'model_mnist_784_noniid', 'round': 1, 'ticket_id': 55, 'cid': 'sha256:c414155002387eaff1e0769dead99c94b9b20a7a79acac3d6edeccb7426008ba'}",mock
0x2636ac2ff6e6e54c7b173f87a8ddaf81a52f09a87ffb24fef2a56a3bd31ef8c3,665000,1,RoundFinalized,"{'model_id': 'model_mnist_784_noniid', 'round': 1, 'included': 27, 'refunds': 27}",mock
0xbf84a67a3844de933ccbc760ecda33b9bf4dde52ba7e763ce39024f3934dd4b7,52000,1,RoundFunded,"{'model_id': 'model_mnist_784_noniid', 'amount_wei': 10000000000000000}",mock
0xbf6a1473262638678130bc141b0671ca0a6c1a53ad016cac32a48f4aa745df75,86000,1,TicketReserved,"{'model_id': 'model_mnist_784_noniid', 'round': 2, 'ticket_id': 56, 'owner': 'acct_1'}",mock
0x72a8ccb31dac039fa95a997ed83673425a5754dd9304001cb42ddfa3a92e5ab5,93000,1,UpdatePublished,"{'model_id': 'model_mnist_784_noniid', 'round': 2, 'ticket_id': 56, 'cid': 'sha256:e6a118bbfbe39990f51641ce7bdd6ede12e455759fdd7eb6221702c26cf9d570'}",mock
0x72326df917290309d44bd60bb120f98e22e7c63ce8f1c3e1849d2d90a09f12d5,86000,1,TicketReserved,"{'model_id': 'model_mnist_784_noniid', 'round': 2, 'ticket_id': 57, 'owner': 'acct_2'}",mock
0x9d9fc7d9d7eceb1adf8e79392e709eec0b5d7353bfe75296c5bc36f3b4d5e5bd,93000,1,UpdatePublished,"{'model_id': 'model_mnist_784_noniid', 'round': 2, 'ticket_id': 57, 'cid': 'sha256:4fa054bb2d13240847a875302567746d7210c960a3e8fa0fad243ea8da510af2'}",mock
0x1107187b878ed650ae983de9c5f473a419263e16a7552149a723d913d830d309,86000,1,TicketReserved,"{'model_id': 'model_mnist_784_noniid', 'round': 2, 'ticket_id': 58, 'owner': 'acct_3'}",mock
0xa861ef7e3bbce2e9ce7b623831cfbbb3c7ea2010ab14678c9b44143947f7cd10,93000,1,UpdatePublished,"{'model_id': 'model_mnist_784_noniid', 'round': 2, 'ticket_id': 58, 'cid': 'sha256:4caa34b541917c19e81bc335dabe9d5cb2461261b724a1d25c4c68067a731146'}",mock
0x03231655625c9d490dc22f83cdc0a4c0a49ddf52fd82a42aab90b2f0a52db43c,86000,1,TicketReserved,"{'model_id': 'model_mnist_784_noniid', 'round': 2, 'ticket_id': 59, 'owner': 'acct_4'}",mock
0xa7cf93dff938747092200684db9131e5e9776ce95e2709aab75bab640b8dcfde,93000,1,UpdatePublished,"{'model_id': 'model_mnist_784_noniid', 'round': 2, 'ticket_id': 59, 'cid': 'sha256:5ffc5b10adb69daad57df1f6752f96788a210128e698fa050e796c1e8e1c3298'}",mock
0xa9558a91af665d3372e591c5922a47b474883819022ddd4eb97761f0d107838b,86000,1,TicketReserved,"{'model_id': 'model_mnist_784_noniid', 'round': 2, 'ticket_id': 60, 'owner': 'acct_5'}",mock
0x8e7207b265e87424ac0b1952b53026dbaad8a697b304da38f0f859a9704514c9,93000,1,UpdatePublished,"{'model_id': 'model_mnist_784_noniid', 'round': 2, 'ticket_id': 60, 'cid': 'sha256:7aad870f06a57516f2996d202527cd551f071e2659ce7ec080ca3ddb9c839b9f'}",mock
0x20a0a31eb062fed9904c4b6ff58e884fb7f940aaaf0e7cea0497eb041b97ad34,86000,1,TicketReserved,"{'model_id': 'model_mnist_784_noniid', 'round': 2, 'ticket_id': 61, 'owner': 'acct_6'}",mock
0x4cca0239bf8e24c8054b80a80cf978f2edf3968c0a7bba060659c17f7a6a78fe,93000,1,UpdatePublished,"{'model_id': 'model_mnist_784_noniid', 'round': 2, 'ticket_id': 61, 'cid': 'sha256:40912baa9d21708fa3e95d745c0f713d4e18d1b5620d0284fe10b4a6a971ff62'}",mock
0xfab0d2c7bc9c1b7f63fec78505c79883a1c7ee4e5eee67a9764a6a14f56c6d80,86000,1,TicketReserved,"{'model_id': 'model_mnist_784_noniid', 'round': 2, 'ticket_id': 62, 'owner': 'acct_7'}",mock
0x4032552b506d0b507f37fc6cb69281c1e8189f6b894f5c49d9399f91d2ed3b42,93000,1,UpdatePublished,"{'model_id': 'model_mnist_784_noniid', 'round': 2, 'ticket_id': 62, 'cid': 'sha256:bbea1420b5ff5568e4ea4701ffb5dc830dc690d70b7044914b4a2877846b2cde'}",mock
0x685958b0f2c7879b17bd188c48bb5656de5ec2bdfff0ffeb073f83caf40c4ab0,86000,1,TicketReserved,"{'model_id': 'model_mnist_784_noniid', 'round': 2, 'ticket_id': 63, 'owner': 'acct_9'}",mock
0x88c87b0e015296f765caee898a4f0011e84906b0e8d992a9b88b409941b376e5,93000,1,UpdatePublished,"{'model_id': 'model_mnist_784_noniid', 'round': 2, 'ticket_id': 63, 'cid': 'sha256:4b23fd32784fad126297f4466c8b89bb8ab4b8f16d5c0de05599f2193e5d8eec'}",mock
0xaf3940a9c990c72996cd4e5462c6c3807a0b816a26722a015a2b25b8d89f310d,86000,1,TicketReserved,"{'model_id': 'model_mnist_784_noniid', 'round': 2, 'ticket_id': 64, 'owner': 'acct_11'}",mock
0xf703aa4d3b19000455a690e9cf72b4e72f0f9eeedad1d6b852c0c0a51337edb2,93000,1,UpdatePublished,"{'model_id': 'model_mnist_784_noniid', 'round': 2, 'ticket_id': 64, 'cid': 'sha256:19b048364eb8780560ad8e49cff2e6e14f63f324b5f970289239ae3a67a396c7'}",mock
0xee55fd32268193be55d838e5f03b7d9411ce0f3f4d5966899dd037dd84b1347b,86000,1,TicketReserved,"{'model_id': 'model_mnist_784_noniid', 'round': 2, 'ticket_id': 65, 'owner': 'acct_12'}",mock
0x81d4d6348d9ef444a57907547c0adf71a29cd952245ef5364ad3703ba2339a3c,93000,1,UpdatePublished,"{'model_id': 'model_mnist_784_noniid', 'round': 2, 'ticket_id': 65, 'cid': 'sha256:c635e7a342fb11be4f32526a3248bf54a5049b2d8fc5829be8d82fbd09bd9435'}",mock
0xf618eaa78b0a72310ffaa7f3cfc9d57110ab31c704a5266205e800e0e0a8c47f,86000,1,TicketReserved,"{'model_id': 'model_mnist_784_noniid', 'round': 2, 'ticket_id': 66, 'owner': 'acct_13'}",mock
0x26fad256978ea946cd780a1d11f0080da0f975acd35193bcd4c8ac8d86297f61,93000,1,UpdatePublished,"{'model_id': 'model_mnist_784_noniid', 'round': 2, 'ticket_id': 66, 'cid': 'sha256:47e42d6588b22133fc5eaab400c213833e98144caf55c26f301cbae4816fb3a3'}",mock
0x946fca9dcf0639dcd45dd9ec856b721cda64beb241f85b8a25c4e6ff1d4a7453,86000,1,TicketReserved,"{'model_id': 'model_mnist_784_noniid', 'round': 2, 'ticket_id': 67, 'owner': 'acct_15'}",mock
0xdac51750e749c2578b74c61a0f39432342b74cbd0e4339256bc2110fffa41364,93000,1,UpdatePublished,"{'model_id': 'model_mnist_784_noniid', 'round': 2, 'ticket_id': 67, 'cid': 'sha256:1239efd0ce66150bc637ef0a2e7b01b6936886e3fa55d342a44af70cf00f883f'}",mock
0x37daff0f457744243d9ecae6d3c55bebce509f5ca69431cf3e552170eaa5559f,86000,1,TicketReserved,"{'model_id': 'model_mnist_784_noniid', 'round': 2, 'ticket_id': 68, 'owner': 'acct_16'}",mock
0x9e02fcebb8805a4c56e0709f2791e33629e2fc501b972c7924aba4b0566ec76a,93000,1,UpdatePublished,"{'model_id': 'model_mnist_784_noniid', 'round': 2, 'ticket_id': 68, 'cid': 'sha256:c2d095096fbdcc3948faddd8c6f2d7e3e83c8f1e743b261bd470c5b3b18b6698'}",mock
0xce21a5d10c9f5d5d2384e7528f24f986b32f198a220766ddc0bcc1966b878124,86000,1,TicketReserved,"{'model_id': 'model_mnist_784_noniid', 'round': 2, 'ticket_id': 69, 'owner': 'acct_17'}",mock
0x1555368a13dc4c55c3ee3c237649605841aa1341af6b7c7ca501fddb9a69ea26,93000,1,UpdatePublished,"{'model_id': 'model_mnist_784_noniid', 'round': 2, 'ticket_id': 69, 'cid': 'sha256:c970e6445d3bd0d4176c228a59e2e6e5949ea0e652578560e4f07d5c2ab86124'}",mock
0xf9bbabbe1ad399f9cdd7279b4e3ef5df97fd57ecf30b772b0d52c73b2660d8de,86000,1,TicketReserved,"{'model_id': 'model_mnist_784_noniid', 'round': 2, 'ticket_id': 70, 'owner': 'acct_18'}",mock
0xc3938a031f329660fbb5ab1d68b47ac3ad0f2efa77e9df8914eb5ccb031349fa,93000,1,UpdatePublished,"{'model_id': 'model_mnist_784_noniid', 'round': 2, 'ticket_id': 70, 'cid': 'sha256:444504956d2e27dd1070ceb1b2257a4ad8e13c210626bd41e1bff9649fc94bf9'}",mock
0x7fcbe583e04503156f24f43a035f8bf6d443122da49a72d2ea8d70ddf3482ba4,86000,1,TicketReserved,"{'model_id': 'model_mnist_784_noniid', 'round': 2, 'ticket_id': 71, 'owner': 'acct_19'}",mock
0x073741e2dda944bc6d06bfe808015e57a321c80f87ae969fada5857596b4e75a,93000,1,UpdatePublished,"{'model_id': 'model_mnist_784_noniid', 'round': 2, 'ticket_id': 71, 'cid': 'sha256:f6085af6e00eceeecc2301bc65ead0a4957be0a78d3fc50350d618210a72407e'}",mock
0x0c127b3f34f6a5b4950bcde4d9f5010a0e8d6f994409c2dcfaa6dfab8845e449,86000,1,TicketReserved,"{'model_id': 'model_mnist_784_noniid', 'round': 2, 'ticket_id': 72, 'owner': 'acct_23'}",mock
0x5b0e1959f7d1262b67ec225d03a8af5a6c1c30e82dcb9d11709825e0fa25b3d7,93000,1,UpdatePublished,"{'model_id': 'model_mnist_784_noniid', 'round': 2, 'ticket_id': 72, 'cid': 'sha256:b76e1582bf11f57b58f05db1c4b72914a0130663dee07aa55da4d5882c98d713'}",mock
0xd7e89533678e6c6eb28c5dc226e4e7c0a83dd77b35cb1a8070effb8735d72168,86000,1,TicketReserved,"{'model_id': 'model_mnist_784_noniid', 'round': 2, 'ticket_id': 73, 'owner': 'acct_26'}",mock
0x8bf45e46cfd9aa794778424df608587191f5222b170842e2c34d296b7e2c15a6,93000,1,UpdatePublished,"{'model_id': 'model_mnist_784_noniid', 'round': 2, 'ticket_id': 73, 'cid': 'sha256:e73a530992a5f1a774060dce6b56c69ce4d97f7a1d15091239cd3bb607498637'}",mock
0x1579f8cafd686a5ef28ef30f99dcc57a8b9c2c8adeca1a4ae77690d3103807a9,86000,1,TicketReserved,"{'model_id': 'model_mnist_784_noniid', 'round': 2, 'ticket_id': 74, 'owner': 'acct_27'}",mock
0x222b326c377208ecec971189dc34ee5d5f3ea1f9bbe2c0df86df7ef51d7a1987,93000,1,UpdatePublished,"{'model_id': 'model_mnist_784_noniid', 'round': 2, 'ticket_id': 74, 'cid': 'sha256:39ef803343b19838d578776a6e4754a03e2d7bf1b314f7d2fc4bc326cc10bf16'}",mock
0x9e3cdec7ddfda502fb4c53878deb510499a8f57e16855783730e9d97b979f513,86000,1,TicketReserved,"{'model_id': 'model_mnist_784_noniid', 'round': 2, 'ticket_id': 75, 'owner': 'acct_28'}",mock
0x87bf156232517896399f007d9a2c52cf80bac5a111f0ec05eff0b31f5e9e5c16,93000,1,UpdatePublished,"{'model_id': 'model_mnist_784_noniid', 'round': 2, 'ticket_id': 75, 'cid': 'sha256:256967d70bc5545253ba7f08dbec7b2e9e1ef85abf6f9fe11f6ded6c05012339'}",mock
0x53dc0d15c5a28253669708b5835050b5c81932a446ea4c680d33b2c36919e124,86000,1,TicketReserved,"{'model_id': 'model_mnist_784_noniid', 'round': 2, 'ticket_id': 76, 'owner': 'acct_32'}",mock
0x7ecbf4987e0885408d1c8182fa2f5176cb5d2e663683f516e2f2d380a86faca1,93000,1,UpdatePublished,"{'model_id': 'model_mnist_784_noniid', 'round': 2, 'ticket_id': 76, 'cid': 'sha256:8d8654c6eb6d8b282b596795a4546d5168e7c8c539fd986e6c81b8cc8a3db184'}",mock
0x9eadaa48a8aff522c8e8791fb6ad6938d2363d08ed37693a5f635845b2d0ddd0,86000,1,TicketReserved,"{'model_id': 'model_mnist_784_noniid', 'round': 2, 'ticket_id': 77, 'owner': 'acct_35'}",mock
0xab8b3bb4a0e904670bcbae3148d4c9872e9e0581e726cebb3175a1eaddfa54df,93000,1,UpdatePublished,"{'model_id': 'model_mnist_784_noniid', 'round': 2, 'ticket_id': 77, 'cid': 'sha256:50209c3c9a60b8244d23f1d9ccb2f46e30d44b5a49eb9d2d939333fcfe4db573'}",mock
0x3bdf7f3e4e0fe393e5374c0e377fde81accc91e42620ba047c5a9db254a40ad6,86000,1,TicketReserved,"{'model_id': 'model_mnist_784_noniid', 'round': 2, 'ticket_id': 78, 'owner': 'acct_36'}",mock
0x3a2d0a83ac545fcb7c7cbdc08c5b858bc32f74f98ec2f734afdc19c385a06a36,93000,1,UpdatePublished,"{'model_id': 'model_mnist_784_noniid', 'round': 2, 'ticket_id': 78, 'cid': 'sha256:c4b68ce25a6522cac69c4e5174a5e454fbb16bbc702d52a623380ea9b9cd9b92'}",mock
0xe74f039d787ffe0271ddcc1a79cd72a781238b57b5f5e5007dee51122f86e495,86000,1,TicketReserved,"{'model_id': 'model_mnist_784_noniid', 'round': 2, 'ticket_id': 79, 'owner': 'acct_37'}",mock
0x460c53eb1a27d9972d7cfb180f8222089cbd892f96751c2735865557d6100615,93000,1,UpdatePublished,"{'model_id': 'model_mnist_784_noniid', 'round': 2, 'ticket_id': 79, 'cid': 'sha256:734e82972446d801b35d58c74dec6c89f6b81eee968543682646776d19d0991a'}",mock
0xb71d31b15068ff4419607b62cc2642242775a7e84c4067a90270617e73d19fb4,86000,1,TicketReserved,"{'model_id': 'model_mnist_784_noniid', 'round': 2, 'ticket_id': 80, 'owner': 'acct_38'}",mock
0xc8a3e7c22e8c6cb8942ae2accebbc6f26cb4020f2a93940f112ceeff48dd428a,93000,1,UpdatePublished,"{'model_id': 'model_mnist_784_noniid', 'round': 2, 'ticket_id': 80, 'cid': 'sha256:ba156e9d05add5254e67491503b26ea37e1ced02e254e9174192b781aa9533bb'}",mock
0x9bd2d47a2200d0bdcace544dd113ea61ee242b7a8d0964eeeba8e5b3b26dbb95,86000,1,TicketReserved,"{'model_id': 'model_mnist_784_noniid', 'round': 2, 'ticket_id': 81, 'owner': 'acct_40'}",mock
0xab5ce318737d42a529b27b18b17f70d6109837d8fb487cd2433098877983ef9a,93000,1,UpdatePublished,"{'model_id': 'model_mnist_784_noniid', 'round': 2, 'ticket_id': 81, 'cid': 'sha256:4c5e6575fac372c7b83df24f461823cc5354a8369ec9dc163e792c909803cbf7'}",mock
0x9b254bb1d0dc07d133d6c9517f931f96a3581e2269abbc72cf1bdefd946ea518,86000,1,TicketReserved,"{'model_id': 'model_mnist_784_noniid', 'round': 2, 'ticket_id': 82, 'owner': 'acct_42'}",mock
0xb3017bb2814df7e10bdcb21517e6f828b9c3afa9f88eeaf338aed3a74721de89,93000,1,UpdatePublished,"{'model_id': 'model_mnist_784_noniid', 'round': 2, 'ticket_id': 82, 'cid': 'sha256:fe0034b8af4e32a2d640f7f1c2e03c9f03e1d0ee5d58ed99e37d976c7543b646'}",mock
0x6865d2eb70dabd405c2ca972330b5f367d29cc2493d4a11daa5472e5f46bcaa6,86000,1,TicketReserved,"{'model_id': 'model_mnist_784_noniid', 'round': 2, 'ticket_id': 83, 'owner': 'acct_43'}",mock
0x8f7125e896d3c5fa5ba2d4927c257c06e0e8f60d77044bedc4aa8f29ee4e17e4,93000,1,UpdatePublished,"{'model_id': 'model_mnist_784_noniid', 'round': 2, 'ticket_id': 83, 'cid': 'sha256:042b2da6c4fe7e68095de9447db1338bb8f9353a4382b0afe98f97bf52ea9846'}",mock
0x41c9859e93cd861eb98395701223d6d90ba59b4e83b6d2690277e2d172581bfb,86000,1,TicketReserved,"{'model_id': 'model_mnist_784_noniid', 'round': 2, 'ticket_id': 84, 'owner': 'acct_44'}",mock
0xecc3c6ddba4b6864ff6ba086c78b01d7bee6b43d16654d4ee743455359011716,93000,1,UpdatePublished,"{'model_id': 'model_mnist_784_noniid', 'round': 2, 'ticket_id': 84, 'cid': 'sha256:5fefec9bafad04d3478f56d6749a71a238ef1f931776615290a3b8a547ce0ac6'}",mock
0xae0ce00d27702d6d2bea8efa7015068aa9859e84925a898315f0fca5b9dde998,86000,1,TicketReserved,"{'model_id': 'model_mnist_784_noniid', 'round': 2, 'ticket_id': 85, 'owner': 'acct_47'}",mock
0x46efb8a8dd341af77ce9ac3df7bf17283e162145b8565cc1962239daf6225f32,93000,1,UpdatePublished,"{'model_id': 'model_mnist_784_noniid', 'round': 2, 'ticket_id': 85, 'cid': 'sha256:fbefcebe6ade6a31b34a44ff2feb348cf04891554de4349c2ce950c57f68053e'}",mock
0x6ba317bb5651c62eb6e5c102d715e5b9f2aa4be86e86ab5998aa6b09fcea3cc9,86000,1,TicketReserved,"{'model_id': 'model_mnist_784_noniid', 'round': 2, 'ticket_id': 86, 'owner': 'acct_48'}",mock
0x618c6ae415d2fea5a2440401af52078d64f4ffdfab28cdffee3d04715f8c0651,93000,1,UpdatePublished,"{'model_id': 'model_mnist_784_noniid', 'round': 2, 'ticket_id': 86, 'cid': 'sha256:bc8ece6b485f3dc017f341a12cb7e4e3792cb8248c26a9fc22d250fa49b97479'}",mock
0x014b39cd2deab6ad718199ddb3f85f4643c2ef1a1e46e311b741ef503990a720,86000,1,TicketReserved,"{'model_id': 'model_mnist_784_noniid', 'round': 2, 'ticket_id': 87, 'owner': 'acct_50'}",mock
0x8b56c4d9ab11e3972844e9df02b3986595400067078b06f2a082ce84edc308f3,93000,1,UpdatePublished,"{'model_id': 'model_mnist_784_noniid', 'round': 2, 'ticket_id': 87, 'cid': 'sha256:2ddde4d61c78215f8655eba3c038d00c16e3b5cca76bdd3d87adb42647e1c2d2'}",mock
0x74b08454e5bf6a8c3cdf1e9632a7b94ecfab414e104d16a960503e16ccbc550a,765000,1,RoundFinalized,"{'model_id': 'model_mnist_784_noniid', 'round': 2, 'included': 32, 'refunds': 32}",mock
0x17ffe2696c99082b627066557b12ef749490bc2715101c3648ba16d10bf44ddc,52000,1,RoundFunded,"{'model_id': 'model_mnist_784_noniid', 'amount_wei': 10000000000000000}",mock
0xf4ddd1d9da0dc1b79f14683a7b12a9b8bab9dbb60b476cf2b442893fa10ba1b9,86000,1,TicketReserved,"{'model_id': 'model_mnist_784_noniid', 'round': 3, 'ticket_id': 88, 'owner': 'acct_3'}",mock
0xea3024a81e6c8c29d70e1d808b8b389f1080d83af5dd76da7c06bfbd3745011d,93000,1,UpdatePublished,"{'model_id': 'model_mnist_784_noniid', 'round': 3, 'ticket_id': 88, 'cid': 'sha256:1151bc090d0c6297c9e32513b7652d55d63d33462093bb189f0ad93eb1742869'}",mock
0xb52c496c91864cbd8fe5fe02123adff86db387960d001b0d25a9f971df80ba9a,86000,1,TicketReserved,"{'model_id': 'model_mnist_784_noniid', 'round': 3, 'ticket_id': 89, 'owner': 'acct_4'}",mock
0x98b5764d737d11262b6b55bd2976fa342668c9c56dd15eeb1b18797b091e5bba,93000,1,UpdatePublished,"{'model_id': 'model_mnist_784_noniid', 'round': 3, 'ticket_id': 89, 'cid': 'sha256:991627633554c62bde5542fc1822c5d0771c6911de00beee5eaaabcb7248c225'}",mock
0x694684877d5ab4f30cb51dc635074d0ed850d6cfea3357403e4c67b68bfd4040,86000,1,TicketReserved,"{'model_id': 'model_mnist_784_noniid', 'round': 3, 'ticket_id': 90, 'owner': 'acct_5'}",mock
0x795406508adbae0f0970b6873a3920f1e5b085e5aa95dc70fb2fb01cd965b926,93000,1,UpdatePublished,"{'model_id': 'model_mnist_784_noniid', 'round': 3, 'ticket_id': 90, 'cid': 'sha256:da88635687523322c5c58a1467e9c1809a203cb6799a52365bc68654f08678b1'}",mock
0x574674012a4b0f9a43c0ddab2c0557eda5791419fa39d670ac5b7514261f6bcb,86000,1,TicketReserved,"{'model_id': 'model_mnist_784_noniid', 'round': 3, 'ticket_id': 91, 'owner': 'acct_7'}",mock
0xf1ca65caaf149224d6fc1f648ab4f491feb73482f90552d141623760ce2be7f0,93000,1,UpdatePublished,"{'model_id': 'model_mnist_784_noniid', 'round': 3, 'ticket_id': 91, 'cid': 'sha256:d9783652abdfdb7af37cdc7e23b928791715f26b785becc68de1a21b3a449008'}",mock
0xa8f48c0f00e1f5aaaa671ddcc140d5654c19824d08292c516dc6c8c556b4f024,86000,1,TicketReserved,"{'model_id': 'model_mnist_784_noniid', 'round': 3, 'ticket_id': 92, 'owner': 'acct_10'}",mock
0x734583ddb67df6954c568e0e870ed42ba00e81e4e7559d41b8332718b4836f50,93000,1,UpdatePublished,"{'model_id': 'model_mnist_784_noniid', 'round': 3, 'ticket_id': 92, 'cid': 'sha256:864dd5e0b0ba520a64a6538cf720dd64d5fe7d56ce54674a8c9d994ece0c575c'}",mock
0x494cc93fd73cb7c8fcca76cd206f062ef5779ff45297a2f8522cc762c5942c74,86000,1,TicketReserved,"{'model_id': 'model_mnist_784_noniid', 'round': 3, 'ticket_id': 93, 'owner': 'acct_11'}",mock
0x7d37e473dc80d68e0b0a6cbc8f4cd4f728c36fbaea5343fd66f4dfec27303721,93000,1,UpdatePublished,"{'model_id': 'model_mnist_784_noniid', 'round': 3, 'ticket_id': 93, 'cid': 'sha256:cc5ec2f684a489ce82671ba45b2272a822660e577d275ea609c10145ae7986a2'}",mock
0xe27133b24fe6e1553f60f1c3cb24df29e65b8606802e71de28466f5fd162f31d,86000,1,TicketReserved,"{'model_id': 'model_mnist_784_noniid', 'round': 3, 'ticket_id': 94, 'owner': 'acct_13'}",mock
0xad0da6d6be4e573f1231d30a608fb254e9b1912f66c0ad16bcc623906f98412a,93000,1,UpdatePublished,"{'model_id': 'model_mnist_784_noniid', 'round': 3, 'ticket_id': 94, 'cid': 'sha256:c8dcc40413be6fecb1d525eca66286bc587d33253a416fda216b20ef3fa76dc6'}",mock
0xaf08cdf26acf42347c463d54ab120d18bbc72b753a9260d520c538b9f65dd4ac,86000,1,TicketReserved,"{'model_id': 'model_mnist_784_noniid', 'round': 3, 'ticket_id': 95, 'owner': 'acct_15'}",mock
0x8066360ff4781774ff01eb253727c7587337bc8d17134721d4c1ed9cdf0b866a,93000,1,UpdatePublished,"{'model_id': 'model_mnist_784_noniid', 'round': 3, 'ticket_id': 95, 'cid': 'sha256:e69f331b431c6781593340acfb311fb904f4289532ecc5a107db66e2cb5efa33'}",mock
0xc57da54ae0f71d5d655ee71a277eac83bfe9476738062ca12efedaccc0b1dd8e,86000,1,TicketReserved,"{'model_id': 'model_mnist_784_noniid', 'round': 3, 'ticket_id': 96, 'owner': 'acct_17'}",mock
0x426740e3fcdc1fe0e5f34caba8fcb0f6e503d93782f890059d13af5d2307cb6d,93000,1,UpdatePublished,"{'model_id': 'model_mnist_784_noniid', 'round': 3, 'ticket_id': 96, 'cid': 'sha256:22f4d4ecf4c4d1fcf2347671bca3b140bad2d2cd451718674f790765111bb3dc'}",mock
0x46f1c4f48f5ea059ed464b065391390543eeb2633fdab7675ee40357c2a25bbf,86000,1,TicketReserved,"{'model_id': 'model_mnist_784_noniid', 'round': 3, 'ticket_id': 97, 'owner': 'acct_19'}",mock
0xff1dac6b52eaa40229655d7ab66f8e0ef78b0ff38079272631abb7b0ea98a60a,93000,1,UpdatePublished,"{'model_id': 'model_mnist_784_noniid', 'round': 3, 'ticket_id': 97, 'cid': 'sha256:341fb3ada8467d58fb8aaaa3a39a80a0ff9101675ae88bccad633afb67eddc8e'}",mock
0x6e7f6612b702bf3da0df29260145caab8440889776c67d137d4bdbc8c924cbeb,86000,1,TicketReserved,"{'model_id': 'model_mnist_784_noniid', 'round': 3, 'ticket_id': 98, 'owner': 'acct_23'}",mock
0x89da5c9b629855a81042d185b32db3aaf3f0c1a196258a14ad179af665cf16cc,93000,1,UpdatePublished,"{'model_id': 'model_mnist_784_noniid', 'round': 3, 'ticket_id': 98, 'cid': 'sha256:abcf3bc7d112863fd75b661a31ba5220843100234ee4df717484a28fc3ed992b'}",mock
0x7354c292ab585a4145a4541df8424864e09d23f9a89a171f51c4954cf22fa0be,86000,1,TicketReserved,"{'model_id': 'model_mnist_784_noniid', 'round': 3, 'ticket_id': 99, 'owner': 'acct_24'}",mock
0x80f7c5ee0aa1ea4c1a81bc4fa7b4966dedc5318885942bf8d263688123ce7e40,93000,1,UpdatePublished,"{'model_id': 'model_mnist_784_noniid', 'round': 3, 'ticket_id': 99, 'cid': 'sha256:5814b623db74e90b1a9cf289b7d907dc7dbfe698d0a5a695bb72ffaeb7063137'}",mock
0x685b00f70cc7063556845746b1708febf9e2a736608bb8c64e2e5524549bbeab,86000,1,TicketReserved,"{'model_id': 'model_mnist_784_noniid', 'round': 3, 'ticket_id': 100, 'owner': 'acct_25'}",mock
0xd2f495cb48a3766f0b61ecb93c7023a893aa9f9f11a5fbdaea1488b8d4d910f1,93000,1,UpdatePublished,"{'model_id': 'model_mnist_784_noniid', 'round': 3, 'ticket_id': 100, 'cid': 'sha256:736e429c0f9006e11d073d16ba22d895578596406f547205dfa4916da2205d64'}",mock
0xe8991bd533093a768cfa5d7412980b306f258080c295f909343b6bfe84320eaa,86000,1,TicketReserved,"{'model_id': 'model_mnist_784_noniid', 'round': 3, 'ticket_id': 101, 'owner': 'acct_28'}",mock
0x7257a3737c8317300397269ab99510c02124b2bfdec68179786d29125899678d,93000,1,UpdatePublished,"{'model_id': 'model_mnist_784_noniid', 'round': 3, 'ticket_id': 101, 'cid': 'sha256:16d209787976c67a8790b22d76a2ba9f2bc689c0f84c2e1d64d32a8bbd6953aa'}",mock
0xc4b5336c68442fdf23c5e241146a85a82db325e476eb7dca73f021de856f9136,86000,1,TicketReserved,"{'model_id': 'model_mnist_784_noniid', 'round': 3, 'ticket_id': 102, 'owner': 'acct_29'}",mock
0x3a382ff0fdb3cfe0156b550900d5a710965d4f01eb231131856918ece9179ada,93000,1,UpdatePublished,"{'model_id': 'model_mnist_784_noniid', 'round': 3, 'ticket_id': 102, 'cid': 'sha256:8571de03eff2cf226a78b13d59404ab075504bf7837acdfcbf7e21188c3f26f7'}",mock
0xa7c6335d888a8403784c515445f0cac460dec8917ee8b406f38b6214b25194db,86000,1,TicketReserved,"{'model_id': 'model_mnist_784_noniid', 'round': 3, 'ticket_id': 103, 'owner': 'acct_31'}",mock
0x48d775d7c5d87375daa8aaf1cdae4b06d12ef4ff5ba652acc6c0c093c736ddd7,93000,1,UpdatePublished,"{'model_id': 'model_mnist_784_noniid', 'round': 3, 'ticket_id': 103, 'cid': 'sha256:e33ea66800a40f165e95df88ef870a3dcffea2fe2088ec4d1bd244eb4c51d5e8'}",mock
0x20e498de43feaa16a4426b4632cad9b1f8a9cfe947d7e7c920cce69b057e8042,86000,1,TicketReserved,"{'model_id': 'model_mnist_784_noniid', 'round': 3, 'ticket_id': 104, 'owner': 'acct_32'}",mock
0x81f583426a1ff4b14ab8b260f8a4bf542b0a5ff5038a2d83a82398665b445873,93000,1,UpdatePublished,"{'model_id': 'model_mnist_784_noniid', 'round': 3, 'ticket_id': 104, 'cid': 'sha256:f3794abd39e619fb1c14722c7eec69091d0aecb2dee4964a4410565747cd0c7e'}",mock
0xc5237d5e8d21a9788d12e9bb6d9f3e0c0b729bac08818caf77a6522437ccd198,86000,1,TicketReserved,"{'model_id': 'model_mnist_784_noniid', 'round': 3, 'ticket_id': 105, 'owner': 'acct_35'}",mock
0x2b6cf50f966a40475cf81059ccde0568341009e7762ec310ef820267b3a6e452,93000,1,UpdatePublished,"{'model_id': 'model_mnist_784_noniid', 'round': 3, 'ticket_id': 105, 'cid': 'sha256:a86718d52964677d9136d4301dac8d5834feb2d59797443ac87f5b38c363938b'}",mock
0xd04a1b0408b3ee7ea09ad8f947ac27fc8d9df44cd2a1a5007d85ccae828823da,86000,1,TicketReserved,"{'model_id': 'model_mnist_784_noniid', 'round': 3, 'ticket_id': 106, 'owner': 'acct_36'}",mock
0xb3bc2ad3a2cf6233a45b2e1d14e062bb44a1eb9f3fe89c6bb6c0e60f0ace585c,93000,1,UpdatePublished,"{'model_id': 'model_mnist_784_noniid', 'round': 3, 'ticket_id': 106, 'cid': 'sha256:add9cc44c28078f6cc35a8ea2f099d4588fc1731bc167948421a126dbeead323'}",mock
0xe060984cf442735055486f822240b7af84a047ccc983a2eb581b40b7f2d6c092,86000,1,TicketReserved,"{'model_id': 'model_mnist_784_noniid', 'round': 3, 'ticket_id': 107, 'owner': 'acct_38'}",mock
0x8049d3ef4dca4791e6c8cb5b0d6600d1a850f5746ac0bb2685cd80b143a70a2e,93000,1,UpdatePublished,"{'model_id': 'model_mnist_784_noniid', 'round': 3, 'ticket_id': 107, 'cid': 'sha256:dca5e98c3b53529c141dc3254555d76fb5bc8ec54114d9f44baf13ea8ccdb5cb'}",mock
0x1cb92e09e6988cb23d8e6b29112ecc40c006e73f14747829a000b1e930e02ea9,86000,1,TicketReserved,"{'model_id': 'model_mnist_784_noniid', 'round': 3, 'ticket_id': 108, 'owner': 'acct_39'}",mock
0x306ae166c60edfc7c79bf0f8d4859d536127c3499801109bb3643bc260a5bc7b,93000,1,UpdatePublished,"{'model_id': 'model_mnist_784_noniid', 'round': 3, 'ticket_id': 108, 'cid': 'sha256:aa2f33d925117facef5fcad23c511789705c4868c9e1aadfb78ea7e877b4d4f9'}",mock
0x341417c029ef243e0999bb1da0b4d53a0b0b620fb8dc098fd246cf2aab8b1059,86000,1,TicketReserved,"{'model_id': 'model_mnist_784_noniid', 'round': 3, 'ticket_id': 109, 'owner': 'acct_40'}",mock
0x0d5d1c11a61ccfdcee79791cb656d74d096d21f937c1366b673f7054de808e80,93000,1,UpdatePublished,"{'model_id': 'model_mnist_784_noniid', 'round': 3, 'ticket_id': 109, 'cid': 'sha256:d7693bafe4875a04854be7143042e55bb526fab067cf6dd58b58984041963e23'}",mock
0x0b14147b8a36b6b2074786e6d0dc53aca15883802b5b299a11c51dc6a0d18170,86000,1,TicketReserved,"{'model_id': 'model_mnist_784_noniid', 'round': 3, 'ticket_id': 110, 'owner': 'acct_41'}",mock
0x5cc92562ddba0bc7dc72b1d4354d983d370f7c7355131b66629bd688aa71a4aa,93000,1,UpdatePublished,"{'model_id': 'model_mnist_784_noniid', 'round': 3, 'ticket_id': 110, 'cid': 'sha256:8cca005d3240beb616e1291fc7f4d7a023ea02a9bf9d9f8b434b090ba8b1ed8d'}",mock
0x8720389a7d2ddd42db47a3483df3f743315fe8b68c164271c5d1f7c60bd14a6e,86000,1,TicketReserved,"{'model_id': 'model_mnist_784_noniid', 'round': 3, 'ticket_id': 111, 'owner': 'acct_45'}",mock
0x5da962213b03ee2e1577517a9de1b79102c2476cce2e76ad5ae01c426eea725c,93000,1,UpdatePublished,"{'model_id': 'model_mnist_784_noniid', 'round': 3, 'ticket_id': 111, 'cid': 'sha256:0a7156c71c185f78360ebe3f36d6c11fae0e506c0b17fb85c8da172c93c86dcf'}",mock
0x158223b501fea81f277cd723833f02d3ff7aa3282d2ef866c7d5daf607fbc44f,86000,1,TicketReserved,"{'model_id': 'model_mnist_784_noniid', 'round': 3, 'ticket_id': 112, 'owner': 'acct_46'}",mock
0x2c59ef8f0db2b25cff25e9a52b10bde91e75132b072a5651329b19b4574cca41,93000,1,UpdatePublished,"{'model_id': 'model_mnist_784_noniid', 'round': 3, 'ticket_id': 112, 'cid': 'sha256:fc674bb9dc467f759caa39d0e9c13265951115b8f4aedb16aaa15abff6f809a4'}",mock
0x32dac9f548c1dffbeab89b5e49784d9a7637cfcc0e5bd4b9ecdb2249fec3950f,86000,1,TicketReserved,"{'model_id': 'model_mnist_784_noniid', 'round': 3, 'ticket_id': 113, 'owner': 'acct_47'}",mock
0x18ae5265eaa9d0ecb5b171bfd5a48b3e0f705af5bdb4db6a5b89d3d44011fd71,93000,1,UpdatePublished,"{'model_id': 'model_mnist_784_noniid', 'round': 3, 'ticket_id': 113, 'cid': 'sha256:e0774d8a4a990368b6ad1a2df29e9948222f64497b54b9d08b24a2c7d149fe6b'}",mock
0x64fa525800023e16ed0afb6446a0e294355d33f41c1ec23211c7057517204ee7,645000,1,RoundFinalized,"{'model_id': 'model_mnist_784_noniid', 'round': 3, 'included': 26, 'refunds': 26}",mock
0x7c302ff46fbe3dbbb69ec1026955c35a154629cf26a75ba11a6ee1bb83a5fac8,52000,1,RoundFunded,"{'model_id': 'model_mnist_784_noniid', 'amount_wei': 10000000000000000}",mock
0x5d6803b000f9f6d73e4c1ef3fa0ab8d5f1438af7e1e21697b62c259c68e8d2db,86000,1,TicketReserved,"{'model_id': 'model_mnist_784_noniid', 'round': 4, 'ticket_id': 114, 'owner': 'acct_1'}",mock
0x69ddab839705d1f95f53f8e840904f6f0e6a2435d63514f0f7c227d1e47548b4,93000,1,UpdatePublished,"{'model_id': 'model_mnist_784_noniid', 'round': 4, 'ticket_id': 114, 'cid': 'sha256:bdac97ff5d8c942ba381e7d95e11f5b07baa320487017204b198f44c9165c5ea'}",mock
0x8b7859e1cba1925180be80e8b5389c7505d370ef16e8531cc5d837fb70ee27bc,86000,1,TicketReserved,"{'model_id': 'model_mnist_784_noniid', 'round': 4, 'ticket_id': 115, 'owner': 'acct_4'}",mock
0xe847323ee6b4c9dc521fd5db7ad3c2fd54b5bb86aaa951e8dc9d2feb044b1b46,93000,1,UpdatePublished,"{'model_id': 'model_mnist_784_noniid', 'round': 4, 'ticket_id': 115, 'cid': 'sha256:8475d2c009b7cf8a412274dcffe9471967135b6336cbdce4fa8ee80afc8ddf31'}",mock
0x0f5df345429462349d3c0783fa016f3db7bb0b3518192a6093e137441b12917b,86000,1,TicketReserved,"{'model_id': 'model_mnist_784_noniid', 'round': 4, 'ticket_id': 116, 'owner': 'acct_5'}",mock
0xfb3a3d6b1d4ccb84215b667452b8deb9ca7164d3a6c8808548918d8c81618c8f,93000,1,UpdatePublished,"{'model_id': 'model_mnist_784_noniid', 'round': 4, 'ticket_id': 116, 'cid': 'sha256:3fc7efc26acacf50629da10111b913cc0c7a4c0afc2efd7fefb8afec65496e41'}",mock
0x7285fb15a18a9bfa7a0c2cad28579857f061e63f3eab1dde4b1cc8df60c1714d,86000,1,TicketReserved,"{'model_id': 'model_mnist_784_noniid', 'round': 4, 'ticket_id': 117, 'owner': 'acct_9'}",mock
0xae072f4932fde857ce1a7b4f7e61fa1ecbce89f5a437bee956f9df7ed4cbaf66,93000,1,UpdatePublished,"{'model_id': 'model_mnist_784_noniid', 'round': 4, 'ticket_id': 117, 'cid': 'sha256:22ff74b397f09c4eb2535de60e557756ead99e175edf9c99a225faca7be0833a'}",mock
0x36008366bb86e3e90476008ac8becf6ebd9c4dac637e6b46b6e93b2e842563ae,86000,1,TicketReserved,"{'model_id': 'model_mnist_784_noniid', 'round': 4, 'ticket_id': 118, 'owner': 'acct_11'}",mock
0x5c41f9d2891b68b82cfe51066d359df78906ec8a309d5f0c9ab7b1e678432caf,93000,1,UpdatePublished,"{'model_id': 'model_mnist_784_noniid', 'round': 4, 'ticket_id': 118, 'cid': 'sha256:be48ca7807432fdbcfc938e3f016f4b0e7773db2758012b4c897c89ee3e1ac16'}",mock
0xc63200763cad7f9974bb30f76ca7afc05514e5d9af2cc9110865bb31f7e6b2b8,86000,1,TicketReserved,"{'model_id': 'model_mnist_784_noniid', 'round': 4, 'ticket_id': 119, 'owner': 'acct_12'}",mock
0x3e3ef13cb34b666a7bfb60ae449cdd741848558455001141734a271cbf08ea62,93000,1,UpdatePublished,"{'model_id': 'model_mnist_784_noniid', 'round': 4, 'ticket_id': 119, 'cid': 'sha256:7c830bf2f267d96c6cef25df9edd52ed2aa2c874d9f78561055cf3493ba638ef'}",mock
0xf95187cd1dd9c783eba586eba39a16f220dd48e3bf8a94313cc66f83df012a69,86000,1,TicketReserved,"{'model_id': 'model_mnist_784_noniid', 'round': 4, 'ticket_id': 120, 'owner': 'acct_13'}",mock
0x01342ddd617e676312f8f1e740798b1f40e1a00437920e6875016b2e87809275,93000,1,UpdatePublished,"{'model_id': 'model_mnist_784_noniid', 'round': 4, 'ticket_id': 120, 'cid': 'sha256:87ddb3516785f9578985235273a551abf0b6958fffa537c77af010b7b2990861'}",mock
0x1ed693bd33a55c40603a1a989f3d02f2b2ce3ec83a4e781854d6df4687a75365,86000,1,TicketReserved,"{'model_id': 'model_mnist_784_noniid', 'round': 4, 'ticket_id': 121, 'owner': 'acct_14'}",mock
0x5eac89de51f031f33297d1c490e41eb495907fd9e91ea8f63e8d3cc610bbce9f,93000,1,UpdatePublished,"{'model_id': 'model_mnist_784_noniid', 'round': 4, 'ticket_id': 121, 'cid': 'sha256:1a2d8da3044bcff159b5f6a039439887c26676d78fc629870fdd481f74e9e580'}",mock
0xa890927a6c15f1827c61c012aa2d7a180188e718a24d2b9d351408c803d3a3fc,86000,1,TicketReserved,"{'model_id': 'model_mnist_784_noniid', 'round': 4, 'ticket_id': 122, 'owner': 'acct_16'}",mock
0x82fd96a13f03db1d1c4b24af82777c348d0381d064a7824721873ea50eb7991d,93000,1,UpdatePublished,"{'model_id': 'model_mnist_784_noniid', 'round': 4, 'ticket_id': 122, 'cid': 'sha256:7219b977559d437badb0254b363c372c43e4514bdb893b368f09ce7dabeca876'}",mock
0x28a3032e5d416c74189978b43d44289e7969c4ab50a98eaf9dd52991ed802917,86000,1,TicketReserved,"{'model_id': 'model_mnist_784_noniid', 'round': 4, 'ticket_id': 123, 'owner': 'acct_17'}",mock
0x395eed0058fd157ef92f6d30f4cef1a360ee52183cf490c0d340543822c0454c,93000,1,UpdatePublished,"{'model_id': 'model_mnist_784_noniid', 'round': 4, 'ticket_id': 123, 'cid': 'sha256:658fe38e0290e7f994504abe66919f79fd61262a3acf7c3097d6306f4bfbbff3'}",mock
0xe5511ebee0b024061dbef2031d77cb0cdc73cc71ce4386802b8f1556ba1e9aad,86000,1,TicketReserved,"{'model_id': 'model_mnist_784_noniid', 'round': 4, 'ticket_id': 124, 'owner': 'acct_18'}",mock
0x952587da3746ac6bf0d3e02a89278ff6210654e8308ecf2d83aab87fd9615237,93000,1,UpdatePublished,"{'model_id': 'model_mnist_784_noniid', 'round': 4, 'ticket_id': 124, 'cid': 'sha256:971dfbb14687d3a744d99b854412df0cce01da101c4ebf84a1887ff36b6f9c9c'}",mock
0x07f3ef7b248122155c7a78f87f981b873f9b8c5bb95491b9cbca795bfe4b0ee3,86000,1,TicketReserved,"{'model_id': 'model_mnist_784_noniid', 'round': 4, 'ticket_id': 125, 'owner': 'acct_20'}",mock
0xa0fd0055a56bc2d33c1521715a0a43d60c3f1bef62fa5c55c78624d8bc24b0d4,93000,1,UpdatePublished,"{'model_id': 'model_mnist_784_noniid', 'round': 4, 'ticket_id': 125, 'cid': 'sha256:e15d66444f042948f9cc999e086a5344f25b3afc5d56801d4ca7bf1e284dbefa'}",mock
0x49585c045b61e38c1f116285e23849bba01e5d358a7e5dd26a538bed83322b1c,86000,1,TicketReserved,"{'model_id': 'model_mnist_784_noniid', 'round': 4, 'ticket_id': 126, 'owner': 'acct_22'}",mock
0xdbc29fabf393f9606b4f044d386ee3b49f37ce49bf36d743bfce6f23a7165b90,93000,1,UpdatePublished,"{'model_id': 'model_mnist_784_noniid', 'round': 4, 'ticket_id': 126, 'cid': 'sha256:e4e04e8f7e3def4762cc364ae444a4f00a9771b720e359ed86446373898647a8'}",mock
0x5c9f70c28932ed3dc869bba1b2eb4778fc91f1e38d816893378b6e09b089e84d,86000,1,TicketReserved,"{'model_id': 'model_mnist_784_noniid', 'round': 4, 'ticket_id': 127, 'owner': 'acct_23'}",mock
0xfd197b9c1499c7585d35dcb1876577778200dd521591d02a5c5fdfa0bac9d7c8,93000,1,UpdatePublished,"{'model_id': 'model_mnist_784_noniid', 'round': 4, 'ticket_id': 127, 'cid': 'sha256:5270de8cb7a756c6e2d9080e40f19092db354d9a06522ef22fc6c7557a45b0e2'}",mock
0x7f07f8378ee9d8a3869cb8d45a8e5a40d0ea5accaeec79d88bb8f5ade7951089,86000,1,TicketReserved,"{'model_id': 'model_mnist_784_noniid', 'round': 4, 'ticket_id': 128, 'owner': 'acct_25'}",mock
0xfcba9ef9ad6097dc9c5dafc16ba82a977ce0213fef4db9684fc1f56a9e34b976,93000,1,UpdatePublished,"{'model_id': 'model_mnist_784_noniid', 'round': 4, 'ticket_id': 128, 'cid': 'sha256:7ee744054f4b300e0bc177c96c7ca330d68588adcced3619b8798dd606355714'}",mock
0x2557c00e616a8353a6f1d793f2d939cf946f50d67fe0425d53455b34e1918372,86000,1,TicketReserved,"{'model_id': 'model_mnist_784_noniid', 'round': 4, 'ticket_id': 129, 'owner': 'acct_26'}",mock
0xcb851777513feca4513d2af824a2246af0706b91f6fd2ac89d9fb0841798eba6,93000,1,UpdatePublished,"{'model_id': 'model_mnist_784_noniid', 'round': 4, 'ticket_id': 129, 'cid': 'sha256:b69b7bf122a8c64f7be9e5c17fca6e7760ed610ac7af6dd2104b9fff7155343e'}",mock
0xaf4facc5accfd77c2da7a8a5ecfb29c11ff7d7a849a6c77aa4cdf828d7e6f5e6,86000,1,TicketReserved,"{'model_id': 'model_mnist_784_noniid', 'round': 4, 'ticket_id': 130, 'owner': 'acct_27'}",mock
0x26ab47c0705c3197300a16cd9fe365751482b7cca72a2c4ae2941ab94c6bbd5a,93000,1,UpdatePublished,"{'model_id': 'model_mnist_784_noniid', 'round': 4, 'ticket_id': 130, 'cid': 'sha256:ebb5c5110d38c47286826b70500c7421a37c7a3236b2f56da3eaf0d2339ca0bf'}",mock
0x0d5c567bfae2cf7611cf2505cf5c66cbf2748ef4dca9511e6e6008825890fe82,86000,1,TicketReserved,"{'model_id': 'model_mnist_784_noniid', 'round': 4, 'ticket_id': 131, 'owner': 'acct_29'}",mock
0x27ef1c33c5c224b0934c54c9d9abbbdd0b85680a8903b27097fc01b8209db2ae,93000,1,UpdatePublished,"{'model_id': 'model_mnist_784_noniid', 'round': 4, 'ticket_id': 131, 'cid': 'sha256:0bb31958afaaca41e1abe30f96a43c74c94f34a210ad0554ef1294a547656249'}",mock
0x75928c0ac45bbd041805bb7f8000a84843a4814f6ce145d2f75bce824cff6f11,86000,1,TicketReserved,"{'model_id': 'model_mnist_784_noniid', 'round': 4, 'ticket_id': 132, 'owner': 'acct_30'}",mock
0x796a3cfe8e70c9823c4a9485b225eaa42f6cbe91112dc83c62baea01ebddf90b,93000,1,UpdatePublished,"{'model_id': 'model_mnist_784_noniid', 'round': 4, 'ticket_id': 132, 'cid': 'sha256:ac82a68d77d5e8f68772e5d2fe71b7977cde39c41ab88ec9f6e31d925bbcb698'}",mock
0xc75a20b623bf15670b80ad57c68abd94e9b0f485ec73b77971e7e225d9a9b7ed,86000,1,TicketReserved,"{'model_id': 'model_mnist_784_noniid', 'round': 4, 'ticket_id': 133, 'owner': 'acct_33'}",mock
0x889214f44d6934106ba1109e683e933a7e94ef16d17e73f4c7564fec9d1650c1,93000,1,UpdatePublished,"{'model_id': 'model_mnist_784_noniid', 'round': 4, 'ticket_id': 133, 'cid': 'sha256:ed7ee22ee02a1c4b97a4dc5c7b53121c9aa70ef17b7e79df628860dc8df66596'}",mock
0x7020ce3f3a79ed3299305371f8965c14ee98d7f59a3ca58b349bb12021a1373c,86000,1,TicketReserved,"{'model_id': 'model_mnist_784_noniid', 'round': 4, 'ticket_id': 134, 'owner': 'acct_34'}",mock
0xfef8189f2af2d9a5049a098d488c0f5250db54f0ea25ae2ad6c7104c3a8adfbb,93000,1,UpdatePublished,"{'model_id': 'model_mnist_784_noniid', 'round': 4, 'ticket_id': 134, 'cid': 'sha256:46d8898d3172aea40fe10df1492cc8073a0e1a4267198b927b30420578516c38'}",mock
0xfcf6f453856adf6ded896f8a47db42eddacd14e31de0ba3cd45c84114ffeafec,86000,1,TicketReserved,"{'model_id': 'model_mnist_784_noniid', 'round': 4, 'ticket_id': 135, 'owner': 'acct_35'}",mock
0xff5cdc04aa891642d4f8d1be567b4d7f05ba59a9651ffad0dfc0b91e21d18b9f,93000,1,UpdatePublished,"{'model_id': 'model_mnist_784_noniid', 'round': 4, 'ticket_id': 135, 'cid': 'sha256:c26b6eae9b14056af00df36b21709f134b6e3726dc245c54a465a1678c77bd12'}",mock
0xb079c4ef68d41b62f1e4d67007903a69c04ccea7ad96f99926931456cb1afe1a,86000,1,TicketReserved,"{'model_id': 'model_mnist_784_noniid', 'round': 4, 'ticket_id': 136, 'owner': 'acct_40'}",mock
0xe3ec7cf109f31e83893cc2a95de1abfa0c4a22545430a7d9cc16ebae397b2512,93000,1,UpdatePublished,"{'model_id': 'model_mnist_784_noniid', 'round': 4, 'ticket_id': 136, 'cid': 'sha256:e59884662887e9078fd5419f26a46b6d43863117273f0fb97b4846fab51ed0eb'}",mock
0x461b199bc285d8a800537dff69c5c673a4ea1d2908cf2252b9b1e359fa78cd23,86000,1,TicketReserved,"{'model_id': 'model_mnist_784_noniid', 'round': 4, 'ticket_id': 137, 'owner': 'acct_41'}",mock
0xdd3b05f9efb207637dfee9b0733d125498c5018fe094cc2d5d5a84cee7ce22a3,93000,1,UpdatePublished,"{'model_id': 'model_mnist_784_noniid', 'round': 4, 'ticket_id': 137, 'cid': 'sha256:7aac7cfdfdd3646d6cd63008fb1e09fb319f8ad9e1eb3d1eaa7dc5d4f5f9225d'}",mock
0x8f944366413a4646d909a98091f2a849e1f1890a87897830024446e622b97dfd,86000,1,TicketReserved,"{'model_id': 'model_mnist_784_noniid', 'round': 4, 'ticket_id': 138, 'owner': 'acct_46'}",mock
0xced41a0e14ede04dd46378e8f445d8951d0e464fa698c786f38c975df0d44ed0,93000,1,UpdatePublished,"{'model_id': 'model_mnist_784_noniid', 'round': 4, 'ticket_id': 138, 'cid': 'sha256:fc67bca17de928d6d8a291420594ed24bcd818939a85b13f519dc494c9e5cbe9'}",mock
0xf446eba952067630f4b9eba2ac5c23489339d5e9c8cb395fe707b93c178227cd,86000,1,TicketReserved,"{'model_id': 'model_mnist_784_noniid', 'round': 4, 'ticket_id': 139, 'owner': 'acct_47'}",mock
0xd5869a54c8dab72a3b68b1f2d4d491e404bf45ef9dab4700520563a13096040c,93000,1,UpdatePublished,"{'model_id': 'model_mnist_784_noniid', 'round': 4, 'ticket_id': 139, 'cid': 'sha256:7cb1ea3f915f478aed8a14e117dd04d2a07ca1f24e3c18ac40730f146e017039'}",mock
0xfb3fe997b8bc92fa2f512fd251a2842b66e6daa8b17c8b673bf9c9b76c5e10b8,86000,1,TicketReserved,"{'model_id': 'model_mnist_784_noniid', 'round': 4, 'ticket_id': 140, 'owner': 'acct_50'}",mock
0xcdae8990522fc9c8a9a98c5b404efee95d25d629bac7ff515f7483782c71fdf4,93000,1,UpdatePublished,"{'model_id': 'model_mnist_784_noniid', 'round': 4, 'ticket_id': 140, 'cid': 'sha256:ff37f13f807f03f08c0ad7066caffb378bb9ee40ac54e3082c897601b1a1f0b1'}",mock
0xf46237ab914e2f43113745844cbf376446f6b9c9e56fb6c233f875477ea6ad7f,665000,1,RoundFinalized,"{'model_id': 'model_mnist_784_noniid', 'round': 4, 'included': 27, 'refunds': 27}",mock
0x82ad9b9f22928b08a3d0191d8f075f7dbab372ba64b8e6afab73edca7295a62d,52000,1,RoundFunded,"{'model_id': 'model_mnist_784_noniid', 'amount_wei': 10000000000000000}",mock
0xdb7a75e86a3b9c1cd15e851a08f7cc6bb90bf9595a7cd98e25feb1b9fcde8904,86000,1,TicketReserved,"{'model_id': 'model_mnist_784_noniid', 'round': 5, 'ticket_id': 141, 'owner': 'acct_1'}",mock
0x0dd8d06c8ad81b5e511b2cd05a654eddf24630d09c67cb4aae53e4c3f0970752,93000,1,UpdatePublished,"{'model_id': 'model_mnist_784_noniid', 'round': 5, 'ticket_id': 141, 'cid': 'sha256:a0ad78a4e61593da86b1d62eb13796f034c61d4c54d2a3ad7ffc8b6b4bcd7442'}",mock
0xe3203b0e9bd57df0a7c4b8d6198a5e95cf823019e38d620769b4406f6dc2b413,86000,1,TicketReserved,"{'model_id': 'model_mnist_784_noniid', 'round': 5, 'ticket_id': 142, 'owner': 'acct_2'}",mock
0x79a8a3e982d08ef16eca951c596c6695d361b134d12306ca769e6debcd140626,93000,1,UpdatePublished,"{'model_id': 'model_mnist_784_noniid', 'round': 5, 'ticket_id': 142, 'cid': 'sha256:e4e3fa79501e027d995daaf93d2a7767fb40646caf2b81324f6e3ec2850d52b7'}",mock
0x1a6e29ee71640f078eab2f686f9606ea8859b728066018f99b78c2d535dfad19,86000,1,TicketReserved,"{'model_id': 'model_mnist_784_noniid', 'round': 5, 'ticket_id': 143, 'owner': 'acct_4'}",mock
0xe7728ab8315ad5dd08cdbc0df7b3251d0957ca1852f22aa271fd5812c4369c94,93000,1,UpdatePublished,"{'model_id': 'model_mnist_784_noniid', 'round': 5, 'ticket_id': 143, 'cid': 'sha256:f8f74a59a36a0e6617a28846fb5d0a6b0d3e663d19e6026a72a81c73fb49a515'}",mock
0xb200d83ae55d44d07ed9c5341d3926dd4c3d8ab7b10325c85187f3b4f697912b,86000,1,TicketReserved,"{'model_id': 'model_mnist_784_noniid', 'round': 5, 'ticket_id': 144, 'owner': 'acct_6'}",mock
0x34eba6f3af460d5a9e51ac4d79e3cac4583194c296ae20592baf74b18b731bd8,93000,1,UpdatePublished,"{'model_id': 'model_mnist_784_noniid', 'round': 5, 'ticket_id': 144, 'cid': 'sha256:15b6136fb89a6528adb7c01bec897f750fc1e40e3bfaa67217a99e5c80dcf4a0'}",mock
0xacd6b31fe050468101cc16ee610420396e41b68720c70b41f0f2b761acd0043f,86000,1,TicketReserved,"{'model_id': 'model_mnist_784_noniid', 'round': 5, 'ticket_id': 145, 'owner': 'acct_7'}",mock
0x14afe79bfa6f46bf235a85770156ce85694175e73fd07f9bbd9f2b50010d7da5,93000,1,UpdatePublished,"{'model_id': 'model_mnist_784_noniid', 'round': 5, 'ticket_id': 145, 'cid': 'sha256:06ba40b56816fce64eec32534a84459131084e1790a918ecc15f83ec2d95e6a5'}",mock
0xc29e95882278260899baba4f14935e2562bce42bf922d73c584295bbebfa86e0,86000,1,TicketReserved,"{'model_id': 'model_mnist_784_noniid', 'round': 5, 'ticket_id': 146, 'owner': 'acct_9'}",mock
0xa2674f1b97e668055ca4fc854b24d011d053878d1f0e51e45ae5eaa713f706be,93000,1,UpdatePublished,"{'model_id': 'model_mnist_784_noniid', 'round': 5, 'ticket_id': 146, 'cid': 'sha256:90328b868e58c71cc54750543e8169a02f01b0af688861efade1ea1ab21a12d2'}",mock
0xd2b0282185d32784f7cb60b2acf26a999a21c0c22094edd775c772ee9c47cb68,86000,1,TicketReserved,"{'model_id': 'model_mnist_784_noniid', 'round': 5, 'ticket_id': 147, 'owner': 'acct_11'}",mock
0x0a6230e7f5700d32ba59d59327874703aee83b0349fc47516e5c8cb3f43ef712,93000,1,UpdatePublished,"{'model_id': 'model_mnist_784_noniid', 'round': 5, 'ticket_id': 147, 'cid': 'sha256:1fb60f4a299c820036e8677566189dc61ea7e0eb7ce8c04f4463000628521990'}",mock
0xec68ff2910ce3686c8a4e57bad14f02a73960932c1398c5db246af737a7bc476,86000,1,TicketReserved,"{'model_id': 'model_mnist_784_noniid', 'round': 5, 'ticket_id': 148, 'owner': 'acct_13'}",mock
0xf5920eac6bb777549465bfa5cc25a495bf67ca77d8cad09a90f18014f5a44c3d,93000,1,UpdatePublished,"{'model_id': 'model_mnist_784_noniid', 'round': 5, 'ticket_id': 148, 'cid': 'sha256:460412e5a66d8646d4bb42a1e7ba9dded8286b303a2ffe8e1401ab3d47b029ff'}",mock
0x342c6b3944cef667b94bc6cf8740248d8589f5bf56ad1f24f3508f7ebd256a2b,86000,1,TicketReserved,"{'model_id': 'model_mnist_784_noniid', 'round': 5, 'ticket_id': 149, 'owner': 'acct_15'}",mock
0x8df73f0a8c7794443aa700c6ab36233810c649f3334690a409fb12d3bf73639e,93000,1,UpdatePublished,"{'model_id': 'model_mnist_784_noniid', 'round': 5, 'ticket_id': 149, 'cid': 'sha256:76a1561bd5158463d8b42a1a4526afffb4aee75ad246439ded8895330e4c4619'}",mock
0x8bfb7a9fdbdf4512be5b464c4a8dea29b39e72518acaf9ac7727869005d7b0bf,86000,1,TicketReserved,"{'model_id': 'model_mnist_784_noniid', 'round': 5, 'ticket_id': 150, 'owner': 'acct_17'}",mock
0xaffd8816a041db9add8b477f0dffcf5ac5f1d9e8e39ef1633b86bd7c5b78fcfb,93000,1,UpdatePublished,"{'model_id': 'model_mnist_784_noniid', 'round': 5, 'ticket_id': 150, 'cid': 'sha256:d7a02453823539811b9e68e4c3500686fac6a4c59c67019204c617644c4b3d69'}",mock
0xd9c4ce96b006b67ff29a58b998444bfa86317975df9a8558d4cd36c48a2ea9a6,86000,1,TicketReserved,"{'model_id': 'model_mnist_784_noniid', 'round': 5, 'ticket_id': 151, 'owner': 'acct_18'}",mock
0xd2de4bd53f0ca3151c8efb44ca4c555207adfcc9b5dc2329e4d8995ebbd762da,93000,1,UpdatePublished,"{'model_id': 'model_mnist_784_noniid', 'round': 5, 'ticket_id': 151, 'cid': 'sha256:91f6a33721462309cd3b6ef6f9392293c451670721c9d833778bd5169a879a05'}",mock
0x09153d7a7e759e817b9b7e60636d0ade7b2d0854ef0f8e2d8f635ae8fcfb6f85,86000,1,TicketReserved,"{'model_id': 'model_mnist_784_noniid', 'round': 5, 'ticket_id': 152, 'owner': 'acct_19'}",mock
0x6c8aa76bfac90716716c45fd78ca885a94e4053d077cc3bfa257f3ec7ad193c9,93000,1,UpdatePublished,"{'model_id': 'model_mnist_784_noniid', 'round': 5, 'ticket_id': 152, 'cid': 'sha256:90b93626bf7b8d60104be9147f808718f59899d0a890e8f215d14ebd2d8589e7'}",mock
0x0be1311aaf0a333f8b1f0c2b519245850882e97020d406f7a6d0bfa412ea3b8c,86000,1,TicketReserved,"{'model_id': 'model_mnist_784_noniid', 'round': 5, 'ticket_id': 153, 'owner': 'acct_20'}",mock
0xaf68d567e77b600a833ea348fee3b995fd4ab09f2723dcc72b341b0df5c399a6,93000,1,UpdatePublished,"{'model_id': 'model_mnist_784_noniid', 'round': 5, 'ticket_id': 153, 'cid': 'sha256:42890c18ce7e32025b8daadd0f571ff9ad3ce3dbbbba9562e74713f2862e377f'}",mock
0x4e4b0858a65ce7f315b69948ab7585ca0a998b679d46377858eb36cf6fbdced9,86000,1,TicketReserved,"{'model_id': 'model_mnist_784_noniid', 'round': 5, 'ticket_id': 154, 'owner': 'acct_23'}",mock
0x570a48a2edef17384d703b1b37bff8752f56c6504c5424581c961eefe7302088,93000,1,UpdatePublished,"{'model_id': 'model_mnist_784_noniid', 'round': 5, 'ticket_id': 154, 'cid': 'sha256:0a6a1d9d1385638d08df6f0884eb59a18b75247cfb492069d765ea1d3eecb20a'}",mock
0xceadd4c813519e349115f033499d3239b5898cc1485bcede7b4f74f8fc459389,86000,1,TicketReserved,"{'model_id': 'model_mnist_784_noniid', 'round': 5, 'ticket_id': 155, 'owner': 'acct_25'}",mock
0x50bacba4188f2ab63cfbec2830ed522d7c2e3a7c46223f66a44d440e159fe7fe,93000,1,UpdatePublished,"{'model_id': 'model_mnist_784_noniid', 'round': 5, 'ticket_id': 155, 'cid': 'sha256:5a65b44be03b989ef91646aa34184473c2425f87a5be639f71eacd77815ca268'}",mock
0x0460328b319e75d929b112b025696df87cd180a8bd4c3eebe88e01d1eb4f80ef,86000,1,TicketReserved,"{'model_id': 'model_mnist_784_noniid', 'round': 5, 'ticket_id': 156, 'owner': 'acct_27'}",mock
0xb7766478c5d8944c38615209ef024b0965e784646997e22b26258a08a1212900,93000,1,UpdatePublished,"{'model_id': 'model_mnist_784_noniid', 'round': 5, 'ticket_id': 156, 'cid': 'sha256:8ac431c99867d2a598a913d4bae34d6910f1452b486cafaf46abc6d7682aecb8'}",mock
0x0d463a2a6b8970983038e154f33c62129cfc886cd7811c93feedad693d5ac986,86000,1,TicketReserved,"{'model_id': 'model_mnist_784_noniid', 'round': 5, 'ticket_id': 157, 'owner': 'acct_28'}",mock
0x1d85f33b6987d8096959024370a11d7fcaa1874729c9d228a9c5a5d7608dbce1,93000,1,UpdatePublished,"{'model_id': 'model_mnist_784_noniid', 'round': 5, 'ticket_id': 157, 'cid': 'sha256:cfcaaf598513dc75d903e18086cb570a7ea30dfeb7417e02800e73760fcb0b8f'}",mock
0xe0737a467b9a50a91f70376a07c6edcb965181aa01764158c653c3485f885c73,86000,1,TicketReserved,"{'model_id': 'model_mnist_784_noniid', 'round': 5, 'ticket_id': 158, 'owner': 'acct_29'}",mock
0x837e9470fe6464aa072a825685cee55d46c7dcc6d0648c9c1b51b8d06d592602,93000,1,UpdatePublished,"{'model_id': 'model_mnist_784_noniid', 'round': 5, 'ticket_id': 158, 'cid': 'sha256:2ded3ee5d884b9998abbfecad552e6b0c184ab68d5cd3f848012809fb1dafe07'}",mock
0x4b4b62f4b3d55a6c2c57dfa5f04fd6507738005000624d4148239a40c04acfef,86000,1,TicketReserved,"{'model_id': 'model_mnist_784_noniid', 'round': 5, 'ticket_id': 159, 'owner': 'acct_30'}",mock
0x1fcba086385b2fecd6d8732203892061ca31b79d71f0d750cad6e8f71ea84168,93000,1,UpdatePublished,"{'model_id': 'model_mnist_784_noniid', 'round': 5, 'ticket_id': 159, 'cid': 'sha256:ddf774a8340020a56cc39b53e1627f8a856537a11bdccef5220b70007c6bb7d7'}",mock
0x5b645595d1cb442ee2947badff4a7d90af4c826e860f285c6f9bf72d40f03a10,86000,1,TicketReserved,"{'model_id': 'model_mnist_784_noniid', 'round': 5, 'ticket_id': 160, 'owner': 'acct_31'}",mock
0x61b809fb656f649d83ffca2262397d0feb7854497ec25a489c3cc9d095176b9d,93000,1,UpdatePublished,"{'model_id': 'model_mnist_784_noniid', 'round': 5, 'ticket_id': 160, 'cid': 'sha256:d6cf4bfef0242f2689214afc6bb1ef7f7683e7f169de92895cf6dd6096db2e9c'}",mock
0x30c04ac6cd140cedd84284745e5e5f93da2c7f9f49188ff3f26868da355f9fef,86000,1,TicketReserved,"{'model_id': 'model_mnist_784_noniid', 'round': 5, 'ticket_id': 161, 'owner': 'acct_33'}",mock
0x66afedb5028964dd47cc8647c73434f5e7dfd28c32e7fe074bd192c8ef3598b6,93000,1,UpdatePublished,"{'model_id': 'model_mnist_784_noniid', 'round': 5, 'ticket_id': 161, 'cid': 'sha256:18827a1102f703fa58837fdcd561c44add354a93c6b332f65d0aca2e5797abb3'}",mock
0x22e4532be139afadba78cd40b3aab51f1136a881d413de1d91c12469442f58e1,86000,1,TicketReserved,"{'model_id': 'model_mnist_784_noniid', 'round': 5, 'ticket_id': 162, 'owner': 'acct_34'}",mock
0xac9cde48ea8ac9e325b9ccb2972d0169d02047080f450c3f4e1cd04e792dd15a,93000,1,UpdatePublished,"{'model_id': 'model_mnist_784_noniid', 'round': 5, 'ticket_id': 162, 'cid': 'sha256:ceb146de3c16cbac81de9f22d0ef9097ceeb37a5edc38c05174c83e487cea0ca'}",mock
0x971356248b4a9d50fcce270c8762b9450e54f0e0d014db8eb33a474666561ebc,86000,1,TicketReserved,"{'model_id': 'model_mnist_784_noniid', 'round': 5, 'ticket_id': 163, 'owner': 'acct_35'}",mock
0x5e2f14e00b356bbb33cf3756d8466daf4e3dfd13c97745a3a23d613387b0fa31,93000,1,UpdatePublished,"{'model_id': 'model_mnist_784_noniid', 'round': 5, 'ticket_id': 163, 'cid': 'sha256:aeca39633277d2d0564f14058e958eb7c7982a710c272c627b2cfcd58ec97ba1'}",mock
0x72eea86d4d443b86338f3442c6b0db59ee9e35875bad522371883a4e87fa71f0,86000,1,TicketReserved,"{'model_id': 'model_mnist_784_noniid', 'round': 5, 'ticket_id': 164, 'owner': 'acct_36'}",mock
0x934bfd119f02708bc454233e2335d5f3e8aa29f44bd76ec7ac2f02f365bf6233,93000,1,UpdatePublished,"{'model_id': 'model_mnist_784_noniid', 'round': 5, 'ticket_id': 164, 'cid': 'sha256:20431fa190c36f7c981316a0236c0cf004e8be80eb2efe10146d22b67c5ae4e9'}",mock
0x4f8f07553514a41d1e51823f8358c428377b4dd963ed6f7e32ae917a20528a87,86000,1,TicketReserved,"{'model_id': 'model_mnist_784_noniid', 'round': 5, 'ticket_id': 165, 'owner': 'acct_37'}",mock
0xa9361a0fc73c61338fbbfb585aea40c8ce6833dfdb4e2e8a3ac836dd84bdb33e,93000,1,UpdatePublished,"{'model_id': 'model_mnist_784_noniid', 'round': 5, 'ticket_id': 165, 'cid': 'sha256:7dc9924e7bcd86c7f29c7f16d692644af2c639a5767e7181dd1640b8196b53f3'}",mock
0xe5c406b1fbd709ab4799134b7e8ad82bde09e9f0633e0a8556b8315da76d4624,86000,1,TicketReserved,"{'model_id': 'model_mnist_784_noniid', 'round': 5, 'ticket_id': 166, 'owner': 'acct_41'}",mock
0xfecbc76cb3cc3b14fe6934914230a774be19db6bbd1a9d70092fb82491426bcf,93000,1,UpdatePublished,"{'model_id': 'model_mnist_784_noniid', 'round': 5, 'ticket_id': 166, 'cid': 'sha256:c96c9a04f933c37add9d9f47f59a2372cfdc471e7348591bf9d66022b63cd990'}",mock
0x8943cba4283c34e3e967e86b7dddd20ae80604162073efa8a7e9745a904318d7,86000,1,TicketReserved,"{'model_id': 'model_mnist_784_noniid', 'round': 5, 'ticket_id': 167, 'owner': 'acct_43'}",mock
0x2682b522bd93610d80d2c2e24012e5e32b88f234a303506840b4027bbe8de04a,93000,1,UpdatePublished,"{'model_id': 'model_mnist_784_noniid', 'round': 5, 'ticket_id': 167, 'cid': 'sha256:61876e9ae8cb0b8e5a9d3569ae00a9c1bc73d1257e7ca707fc45fa86b8fad38c'}",mock
0xa6fd764e313db3018b7b7028b25322baf69d3a97df866c870653922320571396,86000,1,TicketReserved,"{'model_id': 'model_mnist_784_noniid', 'round': 5, 'ticket_id': 168, 'owner': 'acct_47'}",mock
0x19cabbfb2d99d858b635866d03272edc0e87abe083b424102d7d1a4566d85151,93000,1,UpdatePublished,"{'model_id': 'model_mnist_784_noniid', 'round': 5, 'ticket_id': 168, 'cid': 'sha256:8ff1c66b647bd6a7e79cdc968c76bd38dd39215643cd48e46f72b121eee19967'}",mock
0xaa3632df0a8448d67f8ae90108a4208f229f07d7c1d37dea661ac9d672115cb9,86000,1,TicketReserved,"{'model_id': 'model_mnist_784_noniid', 'round': 5, 'ticket_id': 169, 'owner': 'acct_49'}",mock
0xf7d0bf06ca87faa741a03d07d46820beaf48784c63908f516bc1927c22a6c060,93000,1,UpdatePublished,"{'model_id': 'model_mnist_784_noniid', 'round': 5, 'ticket_id': 169, 'cid': 'sha256:fceb42e736cdba9d8b96b66a8a7a8b8172eec2ea43856d2945066a146fb661fc'}",mock
0x6cdc4bd9d5646c953a9fed8bcfaa5377f7e41c9f7bdc132034d4a4016ed3f808,86000,1,TicketReserved,"{'model_id': 'model_mnist_784_noniid', 'round': 5, 'ticket_id': 170, 'owner': 'acct_50'}",mock
0xeb70bf590a4aeb470978336df0f0212f48752797e8eff8dbdf4ba1529d661b00,93000,1,UpdatePublished,"{'model_id': 'model_mnist_784_noniid', 'round': 5, 'ticket_id': 170, 'cid': 'sha256:1b580481bf4b1ded7ef2d238ee1b5d7f4a27b5637f8d1fc6d3d4b04cd5bd402c'}",mock
0xff24cb3797c339a98fcd96f0b3374f8be5465662c633460cd1f232b4ccfc7e34,725000,1,RoundFinalized,"{'model_id': 'model_mnist_784_noniid', 'round': 5, 'included': 30, 'refunds': 30}",mock
0xffc31939e1339d729232177070e14b6195ca00c196aca11abf2f6005ca42166b,52000,1,RoundFunded,"{'model_id': 'model_mnist_784_noniid', 'amount_wei': 10000000000000000}",mock
0x5312db78d017e805ed1e411516608024afe264faddd5525a31fd1c91ce736f61,86000,1,TicketReserved,"{'model_id': 'model_mnist_784_noniid', 'round': 6, 'ticket_id': 171, 'owner': 'acct_1'}",mock
0x3292d9d7f631d7387ce113be3d98b1c66ec8ab9a345fab729ec3f5fafa3390a0,93000,1,UpdatePublished,"{'model_id': 'model_mnist_784_noniid', 'round': 6, 'ticket_id': 171, 'cid': 'sha256:58de6c67b99239d447e13b62c935b6878ca8b57d26e509d71a92b376c58c030f'}",mock
0x9e53a5e4399e4c4c9692732a8de99c3ec00fac5e2f3b142027367e55dd60b35a,86000,1,TicketReserved,"{'model_id': 'model_mnist_784_noniid', 'round': 6, 'ticket_id': 172, 'owner': 'acct_3'}",mock
0xc0ed46fde0d3297e4610d3caca20675b90a0a9db75a9cb1cab9e7b68325f3406,93000,1,UpdatePublished,"{'model_id': 'model_mnist_784_noniid', 'round': 6, 'ticket_id': 172, 'cid': 'sha256:0da30d1c69de0bfb7af048b810e164e43927361919be11c6063d45e07cbe2729'}",mock
0x72e3410113f0481f4e57c466a62e9b7bde7f156d3c31c1a554a3d1a2115b41d6,86000,1,TicketReserved,"{'model_id': 'model_mnist_784_noniid', 'round': 6, 'ticket_id': 173, 'owner': 'acct_4'}",mock
0x82ca5b40f34cd0c8d5bf502c126ea0f019d80d19cc66006a1cb9f117a4d0e0a8,93000,1,UpdatePublished,"{'model_id': 'model_mnist_784_noniid', 'round': 6, 'ticket_id': 173, 'cid': 'sha256:9d8cf60339d8b4d86e26df37120868928cef43afcaa84451196ecbbccbbdb131'}",mock
0x434563eb899a1de1308e24a6302d6bc514ccdc6840d83de45e36df2982359752,86000,1,TicketReserved,"{'model_id': 'model_mnist_784_noniid', 'round': 6, 'ticket_id': 174, 'owner': 'acct_5'}",mock
0x4eaa701325fa59f8619b9c2a896dd0fae5ec5ecb9b7e1dbfb118e75515bb8e75,93000,1,UpdatePublished,"{'model_id': 'model_mnist_784_noniid', 'round': 6, 'ticket_id': 174, 'cid': 'sha256:fb6c607d0dff9b6d23f55c4d24ea258f80e9885e3f029e175e5199c57094fc1b'}",mock
0x3d84e5ef14084b3274185ade26dbb6ca791f1b92b690c2ca0df6ae72062ec1be,86000,1,TicketReserved,"{'model_id': 'model_mnist_784_noniid', 'round': 6, 'ticket_id': 175, 'owner': 'acct_6'}",mock
0x0021084ea41f3c1c94a6ca4faeac5fee5557b80ca3114a28e484e3391a6273ab,93000,1,UpdatePublished,"{'model_id': 'model_mnist_784_noniid', 'round': 6, 'ticket_id': 175, 'cid': 'sha256:467215f477a9a22c3ba2dcde2a3840c3820b7e2489b4fdda39955297918de520'}",mock
0xf70804afb721b736231ad7049b8f06855976e378bfdb36f259649a377328b5b4,86000,1,TicketReserved,"{'model_id': 'model_mnist_784_noniid', 'round': 6, 'ticket_id': 176, 'owner': 'acct_7'}",mock
0x573a482a2fa8296894cb582f82641e7093424ca5d613d3f12d17d31a35eaa751,93000,1,UpdatePublished,"{'model_id': 'model_mnist_784_noniid', 'round': 6, 'ticket_id': 176, 'cid': 'sha256:740f1c685fd3e0d71eeb4ca019eb1c54e03c20f5315a5a03f933d88bb62dbacf'}",mock
0x0d12b44b1e0b5d83c21009744cd681fbf04b2009febc6a96d26887bdb5a126a1,86000,1,TicketReserved,"{'model_id': 'model_mnist_784_noniid', 'round': 6, 'ticket_id': 177, 'owner': 'acct_8'}",mock
0x8acfe045ac1e1ff64542cc809cee062e8e9fcd7e4a8624c1a7f40d3a61fdc7e9,93000,1,UpdatePublished,"{'model_id': 'model_mnist_784_noniid', 'round': 6, 'ticket_id': 177, 'cid': 'sha256:cbf55c16b2e9622b75efb1d46b1a1834ac3de0df51f680b2878f1dd46f2d8332'}",mock
0x2b0bedbab78d50f263e939fcda9c46b360883465b7e2b148b864f4a5574c2051,86000,1,TicketReserved,"{'model_id': 'model_mnist_784_noniid', 'round': 6, 'ticket_id': 178, 'owner': 'acct_9'}",mock
0xfad12deb01d30aa74e3106d50bf2f9e971cfe5bfb3cf2f75975398c655e6b4e8,93000,1,UpdatePublished,"{'model_id': 'model_mnist_784_noniid', 'round': 6, 'ticket_id': 178, 'cid': 'sha256:d5e8883b527e5711181670850554d2e21e7933108e29973ea513f8cc10087122'}",mock
0xe103b46250633005c2d6df7b69dd311832b4b9d6241b746003993323f175c67d,86000,1,TicketReserved,"{'model_id': 'model_mnist_784_noniid', 'round': 6, 'ticket_id': 179, 'owner': 'acct_12'}",mock
0xc7f829e0701329dbe305e47105ba6783eaea942e80e5e1c4eedec8ce14bfcbb4,93000,1,UpdatePublished,"{'model_id': 'model_mnist_784_noniid', 'round': 6, 'ticket_id': 179, 'cid': 'sha256:f4915e9f2c7c89be753dd2901634ab5d6097ee0e762f97235413ffca4d42abc6'}",mock
0xb4baffd0b2b5280bcb8f8475c7488116e17bc6f939d23b89fecc74e19d108e10,86000,1,TicketReserved,"{'model_id': 'model_mnist_784_noniid', 'round': 6, 'ticket_id': 180, 'owner': 'acct_13'}",mock
0xb6f640e628e31de68cd79ceb1a4fa40351e0555ffd420702a6aa0a654f7564a0,93000,1,UpdatePublished,"{'model_id': 'model_mnist_784_noniid', 'round': 6, 'ticket_id': 180, 'cid': 'sha256:678b819c792c4e5c8ffec2d99812c55ef6cd066a33a5b9a49990c19a2249719b'}",mock
0x715b79d739c68fde9182129a16d908cb2c0ec68bc75a62328f7cda2924d87002,86000,1,TicketReserved,"{'model_id': 'model_mnist_784_noniid', 'round': 6, 'ticket_id': 181, 'owner': 'acct_14'}",mock
0xf2aad5487c49d69dee946c6f5d76221890bf364baebac5f42c782977b84b0f49,93000,1,UpdatePublished,"{'model_id': 'model_mnist_784_noniid', 'round': 6, 'ticket_id': 181, 'cid': 'sha256:de8fecbce7a91210ad263dd4e5d46950b28139a077cc9bc42b13e9be902edf82'}",mock
0xe58928990ae1977e69fc847f8fa6c3ca51a4461a2bf9dccae80371287d816127,86000,1,TicketReserved,"{'model_id': 'model_mnist_784_noniid', 'round': 6, 'ticket_id': 182, 'owner': 'acct_15'}",mock
0x2505892831b9c62d4cafa292492b056655c2fad9f5de8704f2c5c630035666c3,93000,1,UpdatePublished,"{'model_id': 'model_mnist_784_noniid', 'round': 6, 'ticket_id': 182, 'cid': 'sha256:30fe3bd89692b6d0c78a7514382dbb6bff8741a9a178b0823053c6e9057114f9'}",mock
0xdd0f7bd7d64525d6f07c71adaf27ed6dcd5b6f04892238e5867422cc9a404c03,86000,1,TicketReserved,"{'model_id': 'model_mnist_784_noniid', 'round': 6, 'ticket_id': 183, 'owner': 'acct_16'}",mock
0x7c635aae7d237e70328422f39674c1e23c98080ce61ce29d627a71c5331d7875,93000,1,UpdatePublished,"{'model_id': 'model_mnist_784_noniid', 'round': 6, 'ticket_id': 183, 'cid': 'sha256:79627218396047e9539846129887a90693f91bd0b34bd9969710c68f608d1ecc'}",mock
0x011e73def786c4054bbab5cadea90ff1fcbce256fbf404537596568a8bc4111a,86000,1,TicketReserved,"{'model_id': 'model_mnist_784_noniid', 'round': 6, 'ticket_id': 184, 'owner': 'acct_18'}",mock
0x7e727a7bbf250b4de9e2ea0c2a7ee9dbef0d662c734f35463f86d9e618f4c950,93000,1,UpdatePublished,"{'model_id': 'model_mnist_784_noniid', 'round': 6, 'ticket_id': 184, 'cid': 'sha256:3b8a3b823bc4d7277d4b24ae5fac6abf0837a4384bc8e2584077722767d31ad8'}",mock
0x59c0d4bc0c8dd5f42d29a867ea37100e40362b030a9b2277b247783c8337e5a5,86000,1,TicketReserved,"{'model_id': 'model_mnist_784_noniid', 'round': 6, 'ticket_id': 185, 'owner': 'acct_19'}",mock
0xd56fe14adeca01ae2cf594584db653564f59ebada28f06506ee75a5928b955e7,93000,1,UpdatePublished,"{'model_id': 'model_mnist_784_noniid', 'round': 6, 'ticket_id': 185, 'cid': 'sha256:f6db61f25d51506d133b98745b9e10f2fb2770d59859e7f439f0d88fb3c350b3'}",mock
0xa549bd1d02798be4dee1b18e2a73d43bf995c3a056348052fa6479f29cb48d06,86000,1,TicketReserved,"{'model_id': 'model_mnist_784_noniid', 'round': 6, 'ticket_id': 186, 'owner': 'acct_20'}",mock
0xa8f12e1b89a45e3392777ac5f9d3b4a56ae61cd65870e82b3718950ea65323e3,93000,1,UpdatePublished,"{'model_id': 'model_mnist_784_noniid', 'round': 6, 'ticket_id': 186, 'cid': 'sha256:cd954480889702927d88a62ebaed7c161b0512321ef3c911baf004ceddf047d9'}",mock
0xd6de1e8c30d42ea57be598fb0cc37e0160a8fb59359e533fea7c1687d4bb57e3,86000,1,TicketReserved,"{'model_id': 'model_mnist_784_noniid', 'round': 6, 'ticket_id': 187, 'owner': 'acct_23'}",mock
0x90485837b4c64addc7ae3b1b5db9b978b49357a7fc37f95723d98b4e8628273c,93000,1,UpdatePublished,"{'model_id': 'model_mnist_784_noniid', 'round': 6, 'ticket_id': 187, 'cid': 'sha256:7da064ca3422201cdf14888628ad5398b940832769f7c54756261bb872dc1600'}",mock
0xc42bc672f86d21f761487a16c7b1eedf38178859dce02ae1e8cd2639d8018080,86000,1,TicketReserved,"{'model_id': 'model_mnist_784_noniid', 'round': 6, 'ticket_id': 188, 'owner': 'acct_24'}",mock
0x56f8e85c3d076724fe287e6ff90ba24baadff5439fca898361eca8c85009ccd4,93000,1,UpdatePublished,"{'model_id': 'model_mnist_784_noniid', 'round': 6, 'ticket_id': 188, 'cid': 'sha256:f31d48cfe1ae3e91fc150e89bb9f893832d6308f058aea5157be8f5b58c56189'}",mock
0x051383194879f941173acafaba7a120f1f07d4dfecda5dc6b1bdd8f131119857,86000,1,TicketReserved,"{'model_id': 'model_mnist_784_noniid', 'round': 6, 'ticket_id': 189, 'owner': 'acct_29'}",mock
0x15f8d5e41b82c721b07aa5aa05830393d81edd59b2cf42cc813dcb5af21e65e1,93000,1,UpdatePublished,"{'model_id': 'model_mnist_784_noniid', 'round': 6, 'ticket_id': 189, 'cid': 'sha256:e7ee32ea6bb96688afc176a4f9c118f5cb744d1235092b2105053178003e6010'}",mock
0x7ca1d004786c3b81117fc529863da03ca53e2ea46dc8dea3453758507bda8839,86000,1,TicketReserved,"{'model_id': 'model_mnist_784_noniid', 'round': 6, 'ticket_id': 190, 'owner': 'acct_30'}",mock
0x2951b010629d18eb63f99bc2bd29ae1379ab8e9a6f1d44f33ad208750da97357,93000,1,UpdatePublished,"{'model_id': 'model_mnist_784_noniid', 'round': 6, 'ticket_id': 190, 'cid': 'sha256:e8ea2d559d62678f56d3d66599b767438434f3cedd7f070979be922eeb4eb7ee'}",mock
0x4840103b63ae777c6a8488e87cd33d8b1abec42cc4d402d882dc9daf122bb774,86000,1,TicketReserved,"{'model_id': 'model_mnist_784_noniid', 'round': 6, 'ticket_id': 191, 'owner': 'acct_31'}",mock
0x5cc1bbcf2be2617653293ff342ae362c3cf02ca440614b9085b2ab4a33c2d45e,93000,1,UpdatePublished,"{'model_id': 'model_mnist_784_noniid', 'round': 6, 'ticket_id': 191, 'cid': 'sha256:e9e730baa4d0c62b6983ae2c8125c06288f37c24e00428a6efb8e3c96067124a'}",mock
0xe00436cf32c28e4d0dbf95b6b012d79704de0e26dbe1d2506bf8c5ccaa481140,86000,1,TicketReserved,"{'model_id': 'model_mnist_784_noniid', 'round': 6, 'ticket_id': 192, 'owner': 'acct_32'}",mock
0xe155e0d19539f04bef2ec62ba4883dd96c8130c7f89c791838d44d68c2474f04,93000,1,UpdatePublished,"{'model_id': 'model_mnist_784_noniid', 'round': 6, 'ticket_id': 192, 'cid': 'sha256:8b5174bd68c996317e422416058051dd7cfd4d3d18a1945b5f694bb4e672e7a7'}",mock
0xc7f682e90c768af2961067fdc4e7ee487bbc2cd951e54009bf4a987cdb2b460d,86000,1,TicketReserved,"{'model_id': 'model_mnist_784_noniid', 'round': 6, 'ticket_id': 193, 'owner': 'acct_33'}",mock
0xc4162f5dcbf719d786828d92e3acfb99d57b46322306894f312cb226f6b6c61d,93000,1,UpdatePublished,"{'model_id': 'model_mnist_784_noniid', 'round': 6, 'ticket_id': 193, 'cid': 'sha256:e7494389c549c657a0bbfc08654e48c667922c7b78d51adc2132ab0563d6973d'}",mock
0x9f1dbaff377f085c6b7ca37999bbbac472f61549481e04529947af39e0f7e3f9,86000,1,TicketReserved,"{'model_id': 'model_mnist_784_noniid', 'round': 6, 'ticket_id': 194, 'owner': 'acct_36'}",mock
0x3b8adb4cc3a4e2a6737ef91d221c997e18e9145097a8e8d4b07c2cb5be5fda38,93000,1,UpdatePublished,"{'model_id': 'model_mnist_784_noniid', 'round': 6, 'ticket_id': 194, 'cid': 'sha256:d4f035a12a9b5aad28760cd944c7d3b7b639aea48c66ecdeec59309f949564c4'}",mock
0xf38c729706304ca0a5508b4689d04bc0ca6aaf231f4579018d44dbf4e0b04852,86000,1,TicketReserved,"{'model_id': 'model_mnist_784_noniid', 'round': 6, 'ticket_id': 195, 'owner': 'acct_40'}",mock
0x6fae33933beacd2eb850d399fefb119e73bdbf549caa7b4d20543fcf6b86ef60,93000,1,UpdatePublished,"{'model_id': 'model_mnist_784_noniid', 'round': 6, 'ticket_id': 195, 'cid': 'sha256:4508501c278009bd1e2a44852c4fc873735fbc9cdd94b113e2251ffe39aa9f19'}",mock
0x1717dea53bbc6dbdeb3391cd76ed73cd52fa42347a2180822e9438f48803dad9,86000,1,TicketReserved,"{'model_id': 'model_mnist_784_noniid', 'round': 6, 'ticket_id': 196, 'owner': 'acct_41'}",mock
0x30a94a3813579b8fea59f268d7c5facb05308d9eac8683fe4d335f39c5ad696a,93000,1,UpdatePublished,"{'model_id': 'model_mnist_784_noniid', 'round': 6, 'ticket_id': 196, 'cid': 'sha256:a5aa3549a706d34ff3d643206d032e4e9802003a70cafbaf46275635d6062e2d'}",mock
0x23568b7adc25c57e6d00f7975f5bfd1c17450779eacdf2e59cb2572a5af35082,86000,1,TicketReserved,"{'model_id': 'model_mnist_784_noniid', 'round': 6, 'ticket_id': 197, 'owner': 'acct_42'}",mock
0x633583a522978f074040eed5b213af2f96f6938e4e0bdd0e993073b5bd7b9076,93000,1,UpdatePublished,"{'model_id': 'model_mnist_784_noniid', 'round': 6, 'ticket_id': 197, 'cid': 'sha256:51c99ce4a8786495c103c38d4df8cf72ba5274e581d0a5d2cbce39368a6580b4'}",mock
0xaadba654243217a404d160e251fce68d70d72c350dc705699ce7b0d32fc9c4ca,86000,1,TicketReserved,"{'model_id': 'model_mnist_784_noniid', 'round': 6, 'ticket_id': 198, 'owner': 'acct_43'}",mock
0x45d62d31a5cfbc0879f7a3ac203ff767fe3c1d0a5fed209c7aacee0dfa8de143,93000,1,UpdatePublished,"{'model_id': 'model_mnist_784_noniid', 'round': 6, 'ticket_id': 198, 'cid': 'sha256:e3d2e7d436b62269378cf734a80b43a3a96555479a2d0b2c860d19ef6dac4248'}",mock
0x9f8d384ca84a5b1f8818eb051963592b0e72b0d718240dc7b5c711f49fe239cc,86000,1,TicketReserved,"{'model_id': 'model_mnist_784_noniid', 'round': 6, 'ticket_id': 199, 'owner': 'acct_44'}",mock
0x34be9e6ac1b5707db674d6b8243b81acf4bc17fdb8b3496fa51188f7f64e3603,93000,1,UpdatePublished,"{'model_id': 'model_mnist_784_noniid', 'round': 6, 'ticket_id': 199, 'cid': 'sha256:f9aeefa7702f836706a3edc2bdafa7ecc2c04643869b5cf76e102767df829c44'}",mock
0x858f2e8d3497745bdf617feec20ae1bbecb89ffb7e375658d26d860a23fb0c8b,86000,1,TicketReserved,"{'model_id': 'model_mnist_784_noniid', 'round': 6, 'ticket_id': 200, 'owner': 'acct_45'}",mock
0xc188fb6079f323a7ce5b05c55323f88d21b3cdeba70250f32cd81d47817ee720,93000,1,UpdatePublished,"{'model_id': 'model_mnist_784_noniid', 'round': 6, 'ticket_id': 200, 'cid': 'sha256:e32aaceae28811128c41a4800753d91054fea3cbd183568e03b59ad35586b204'}",mock
0xdbac19d0aa4b5dee77cccb9172071010d76f715263a29dc4f07e7aa1e363e8ce,86000,1,TicketReserved,"{'model_id': 'model_mnist_784_noniid', 'round': 6, 'ticket_id': 201, 'owner': 'acct_46'}",mock
0x4b74e9a30d8c1c9812a3722eb1738e202a1ed05bc7eb79145f357336c90d85bb,93000,1,UpdatePublished,"{'model_id': 'model_mnist_784_noniid', 'round': 6, 'ticket_id': 201, 'cid': 'sha256:c9156f59ded6142189fce5a26e2c3a8ac429f3ecd9d21d26c28765fdf5ee193f'}",mock
0x9709c98a6520087e66521200b2db709eefedf80b1533d5c411fc215ba0f6e3bf,86000,1,TicketReserved,"{'model_id': 'model_mnist_784_noniid', 'round': 6, 'ticket_id': 202, 'owner': 'acct_47'}",mock
0x3d1e22a47c7459d5e4a24b9a1a719a39caa9e38e8c5df49a8d95f9b1ffa6173a,93000,1,UpdatePublished,"{'model_id': 'model_mnist_784_noniid', 'round': 6, 'ticket_id': 202, 'cid': 'sha256:1a9980925389b23f02ac0fae41b62ffc77a20548d70336e4fed85e22e4324c44'}",mock
0x5b24862ecc3a414221b5be06a3e41f54db622013706ec6ee2ad3d8f2de510373,86000,1,TicketReserved,"{'model_id': 'model_mnist_784_noniid', 'round': 6, 'ticket_id': 203, 'owner': 'acct_48'}",mock
0x8082c8a708a4c89cc857839375879cd4f0ab92d0478713566b08d1bb935e6580,93000,1,UpdatePublished,"{'model_id': 'model_mnist_784_noniid', 'round': 6, 'ticket_id': 203, 'cid': 'sha256:2579d9cc992a0be15c61abd9308cf05c4dc3290e680d67bfd7b904c736d16cfa'}",mock
0xfe00d013ee3a5d6e5e7e0f0a42890caa78404e32fbd1ad42776e375d1537a48f,86000,1,TicketReserved,"{'model_id': 'model_mnist_784_noniid', 'round': 6, 'ticket_id': 204, 'owner': 'acct_49'}",mock
0x3813f40bd0d3b1cee760e73fb16c0d07ca6e57e70476c09b3082d94456ef7e34,93000,1,UpdatePublished,"{'model_id': 'model_mnist_784_noniid', 'round': 6, 'ticket_id': 204, 'cid': 'sha256:b2c97a5ec564731fd3bdb472f2507820fdb594e4eb5404957ab39a16866f2553'}",mock
0x670998e446fea374445dfe485332b43ea4d6e190f11c9f21807d3aec34f77161,86000,1,TicketReserved,"{'model_id': 'model_mnist_784_noniid', 'round': 6, 'ticket_id': 205, 'owner': 'acct_50'}",mock
0x74251ee93d1ebccd4725c22dc2c9550de2d99d3dd4bd1f4bad9f84dbe449ada3,93000,1,UpdatePublished,"{'model_id': 'model_mnist_784_noniid', 'round': 6, 'ticket_id': 205, 'cid': 'sha256:3aeae22dba77ddbce81387e74844bd6df19a5911a4b474c4e5de49a43f88cc5e'}",mock
0x74bf6db0df156a5784590be9cbfb9a0bcc356c28bb8c940539f47659f3ae47b7,825000,1,RoundFinalized,"{'model_id': 'model_mnist_784_noniid', 'round': 6, 'included': 35, 'refunds': 35}",mock
0x234b94e717a8e281ae9f3bb88afc8c2700d611d7e15530d6287587877461a93a,52000,1,RoundFunded,"{'model_id': 'model_mnist_784_noniid', 'amount_wei': 10000000000000000}",mock
0x2b05108b4722407c809ebcc0da5f4e0e628055230d2fa910b8ccf66e3f6b2032,86000,1,TicketReserved,"{'model_id': 'model_mnist_784_noniid', 'round': 7, 'ticket_id': 206, 'owner': 'acct_2'}",mock
0x1623dcbaa7c9bff5816a90050e447040ab5f4dff602f21f9b2dfe552c378aadd,93000,1,UpdatePublished,"{'model_id': 'model_mnist_784_noniid', 'round': 7, 'ticket_id': 206, 'cid': 'sha256:012b6a57d169717290360ef4256ca3c1f23e8a7900451ec47f8a54a90264018d'}",mock
0x6109bc079853503ae8e49f2fb17a452aac34cec4f0c96e636c51471661738825,86000,1,TicketReserved,"{'model_id': 'model_mnist_784_noniid', 'round': 7, 'ticket_id': 207, 'owner': 'acct_3'}",mock
0x4a7158c011a0d9feb2e234fae710a057a4b650c79bd1faf3a3c4a4af2753a625,93000,1,UpdatePublished,"{'model_id': 'model_mnist_784_noniid', 'round': 7, 'ticket_id': 207, 'cid': 'sha256:374e898a19e1f070d5e8f21f6c152dc1d3d54b34a7781a28b8927407d61f8bba'}",mock
0xe2e9d5132645cfc15949cd5b98f1b3af135e35e00403b12508fbaae52f8811c3,86000,1,TicketReserved,"{'model_id': 'model_mnist_784_noniid', 'round': 7, 'ticket_id': 208, 'owner': 'acct_4'}",mock
0x14e703b19a231da6b6d49277e699be6742cfd69a13a2eba78c1db7ffab80cd09,93000,1,UpdatePublished,"{'model_id': 'model_mnist_784_noniid', 'round': 7, 'ticket_id': 208, 'cid': 'sha256:2f90a0d2c328f610b44691c3ef23271b3c9a714d47e151c442fa7c2eb773d5fe'}",mock
0x90c5e349413d3beaaa5af28b747b75b6902093b00e897ce53af057561621e911,86000,1,TicketReserved,"{'model_id': 'model_mnist_784_noniid', 'round': 7, 'ticket_id': 209, 'owner': 'acct_5'}",mock
0xd1dabcf55b651401d7b335d4717024bc08f5f9725572f87a087327d280002f85,93000,1,UpdatePublished,"{'model_id': 'model_mnist_784_noniid', 'round': 7, 'ticket_id': 209, 'cid': 'sha256:b80523970148200cedc5fbc5e5d717b5f9587d9d689af9cff136a66e21daab53'}",mock
0xcb4139799ff30900efcf34d5135e073163a5cdb8a814d99bf01ed5af00e9fc9f,86000,1,TicketReserved,"{'model_id': 'model_mnist_784_noniid', 'round': 7, 'ticket_id': 210, 'owner': 'acct_6'}",mock
0x1f3c36a5906f47ecb4aa8c34c2bcb9f4e012ff3d99b011c3bb63a74a7335a83a,93000,1,UpdatePublished,"{'model_id': 'model_mnist_784_noniid', 'round': 7, 'ticket_id': 210, 'cid': 'sha256:f0bd94bc04c7e93525b548b34571f0eb612f62457441f5c616f9f25b68ff1c65'}",mock
0x46030520bb48408a34b6cd6e5b3518bb5d907671aa0ee82107b469095082bcfa,86000,1,TicketReserved,"{'model_id': 'model_mnist_784_noniid', 'round': 7, 'ticket_id': 211, 'owner': 'acct_7'}",mock
0xb679d4658b851e4b5923f39fce8830d4de910480116eda057e730630ed978b63,93000,1,UpdatePublished,"{'model_id': 'model_mnist_784_noniid', 'round': 7, 'ticket_id': 211, 'cid': 'sha256:2674c73999ede155a26134598b7cc708e1ad93222cbca2a57105035226e94012'}",mock
0xdeeafb2bf5b2851a3fe79ce6c71cbeb729f139f2696894875e529d159d2ae731,86000,1,TicketReserved,"{'model_id': 'model_mnist_784_noniid', 'round': 7, 'ticket_id': 212, 'owner': 'acct_8'}",mock
0x3212689caaaaa7301fffa62179511a9df4c624770f9cd06a77eac07be0f3fb4e,93000,1,UpdatePublished,"{'model_id': 'model_mnist_784_noniid', 'round': 7, 'ticket_id': 212, 'cid': 'sha256:eb9ede118116e0c2394b9ba9252abc0c5d58e15a01d236a37ee06b0ff6a0519e'}",mock
0xf3091c7fe3a0019848e5b713051b14ceb97fa2e3179d675f58f0944b51a5f0df,86000,1,TicketReserved,"{'model_id': 'model_mnist_784_noniid', 'round': 7, 'ticket_id': 213, 'owner': 'acct_9'}",mock
0x9060878e791ad5a020dcf88610c3beb94851fc36a947d1af12f44c5755f4aa11,93000,1,UpdatePublished,"{'model_id': 'model_mnist_784_noniid', 'round': 7, 'ticket_id': 213, 'cid': 'sha256:b4768990b0df4e6285062ef726f1bc899c77ac373d2cdd9baa4f836e46fec648'}",mock
0xe9cb0ab1bb42820640eeff6e92cd0a52eea3c0d65f035483d6691eed076257b4,86000,1,TicketReserved,"{'model_id': 'model_mnist_784_noniid', 'round': 7, 'ticket_id': 214, 'owner': 'acct_10'}",mock
0x979b1d912ab644037426800b93bc2f69a00c6818fcde991e879f4fa4d634a5ba,93000,1,UpdatePublished,"{'model_id': 'model_mnist_784_noniid', 'round': 7, 'ticket_id': 214, 'cid': 'sha256:b12442ba4a7fa200c906f9ef297c148e4227f30275122623780a2e3882389df9'}",mock
0xc139632661c8723dc7fce1e045df59d5812dd70a489b0efcb476bef736a3670d,86000,1,TicketReserved,"{'model_id': 'model_mnist_784_noniid', 'round': 7, 'ticket_id': 215, 'owner': 'acct_11'}",mock
0x4cf2e1e81dc4bfcd5d0051409c84849c134f038c8b875c41d1e836881ad418fd,93000,1,UpdatePublished,"{'model_id': 'model_mnist_784_noniid', 'round': 7, 'ticket_id': 215, 'cid': 'sha256:af93dfa91b3d258abd215136cdbc6d7d6df8fff1ca9c951b54233c655bb7c08d'}",mock
0x841b96d9708cdace67f7995e63514ec83c5cd40e8019a03018d963f80cdd9dd3,86000,1,TicketReserved,"{'model_id': 'model_mnist_784_noniid', 'round': 7, 'ticket_id': 216, 'owner': 'acct_14'}",mock
0xce8d4d3de0bfc5daf8f78442259c5472bfef5a8b6f03964ad41b5d214018ee21,93000,1,UpdatePublished,"{'model_id': 'model_mnist_784_noniid', 'round': 7, 'ticket_id': 216, 'cid': 'sha256:d03bf9e733889e3bfea352c3fbceca72db83afef869438a05ebd7aebe15134d5'}",mock
0x62c4224eebfed9b142178d1f9dadda506e04d8d10d25692244d16e09a3d6f836,86000,1,TicketReserved,"{'model_id': 'model_mnist_784_noniid', 'round': 7, 'ticket_id': 217, 'owner': 'acct_16'}",mock
0x8098a615e317962216845ef071da6e1d27ae1a7946f10aef1d5929dbb3a3456c,93000,1,UpdatePublished,"{'model_id': 'model_mnist_784_noniid', 'round': 7, 'ticket_id': 217, 'cid': 'sha256:9e833e8698e21872037a342fd4cb05f0ff14bf3e68b939cdb668333c47b88048'}",mock
0x16acd9f5cb71ff8adf293d5cf9cf338ec289152f324b08022817c6754eb3a5b6,86000,1,TicketReserved,"{'model_id': 'model_mnist_784_noniid', 'round': 7, 'ticket_id': 218, 'owner': 'acct_18'}",mock
0xac27a7b95332be5c6e0d9b5c82de6363f0d76dc08b947a7df7e83344a22f71e8,93000,1,UpdatePublished,"{'model_id': 'model_mnist_784_noniid', 'round': 7, 'ticket_id': 218, 'cid': 'sha256:4b8d73c69be794b7c98c9ea95735a322de066a88c55c2103e696378a8db2370d'}",mock
0x0167d41a29aa60960396ca11f99996d5df37e2a50b4b555d8ce4ea0313f63c46,86000,1,TicketReserved,"{'model_id': 'model_mnist_784_noniid', 'round': 7, 'ticket_id': 219, 'owner': 'acct_20'}",mock
0x5b157b97430fc8d711c5e2e0112b637d1ade083b0bb81cd8d5591b8890a9b89d,93000,1,UpdatePublished,"{'model_id': 'model_mnist_784_noniid', 'round': 7, 'ticket_id': 219, 'cid': 'sha256:1284f779547a7d6207e068430878949c410ce8721ed58f7b71d38b0e76040636'}",mock
0xc6a3438628b9c60c420895a63de5f947f4bd7edbab43e9c3183574608d623d5a,86000,1,TicketReserved,"{'model_id': 'model_mnist_784_noniid', 'round': 7, 'ticket_id': 220, 'owner': 'acct_21'}",mock
0x4ceb35f0e51f0ef0b2af93c2d6b45cc42d64d6990475478b400194e90e0f8dea,93000,1,UpdatePublished,"{'model_id': 'model_mnist_784_noniid', 'round': 7, 'ticket_id': 220, 'cid': 'sha256:85c8a6a4de7748b592bf2de2b11446b05d26ee0488f46ee19060a5a4020142f5'}",mock
0x14c45ef7729674bb40368c96f9197443c908aa18d42b1be71e3422c9302a6c96,86000,1,TicketReserved,"{'model_id': 'model_mnist_784_noniid', 'round': 7, 'ticket_id': 221, 'owner': 'acct_22'}",mock
0xd9415f137ccf7789c2f938cb8bb40bcc3e19b0b7c7baeef391a7bfc241480710,93000,1,UpdatePublished,"{'model_id': 'model_mnist_784_noniid', 'round': 7, 'ticket_id': 221, 'cid': 'sha256:bcf3b25fbb6792079a4666cb8deef11ae17d1afe6f569501bb063ef413f62064'}",mock
0x9dcdf4202995f643e37ab6594413e74cae17ade323c6e0e86b2e404686a04d23,86000,1,TicketReserved,"{'model_id': 'model_mnist_784_noniid', 'round': 7, 'ticket_id': 222, 'owner': 'acct_23'}",mock
0xaace14daa081ba40921c25c2b5e0c35afae44c3d7ec7bdf30f9afa3fd144faf0,93000,1,UpdatePublished,"{'model_id': 'model_mnist_784_noniid', 'round': 7, 'ticket_id': 222, 'cid': 'sha256:8a6770040ffc9b06aecbde6d6d5aa5776231d56666e3d5c6f238e30bd2aa1846'}",mock
0x8f12ccd8c1dabaa88fad25ae9f50af65ad0a127e80e5d9e5107f5a55fc9725d9,86000,1,TicketReserved,"{'model_id': 'model_mnist_784_noniid', 'round': 7, 'ticket_id': 223, 'owner': 'acct_24'}",mock
0x85889f55de207d2a3fb9719c7421157916f997f15553723d49bfc26eb5c54380,93000,1,UpdatePublished,"{'model_id': 'model_mnist_784_noniid', 'round': 7, 'ticket_id': 223, 'cid': 'sha256:956b810b5ed6eeccd24c3875ab7415aca7114556ca97594ff84dc87f28eb12ed'}",mock
0xff40e7f264c5d51c72502010fe34eafe38c52e2c83eb06e6422a76d3ec3aee72,86000,1,TicketReserved,"{'model_id': 'model_mnist_784_noniid', 'round': 7, 'ticket_id': 224, 'owner': 'acct_27'}",mock
0x24b0e1231099eda3e190daacc8569730886c4761f22a307950f77fa1a233ae82,93000,1,UpdatePublished,"{'model_id': 'model_mnist_784_noniid', 'round': 7, 'ticket_id': 224, 'cid': 'sha256:e3a19d9682d55f24a86c5f3a0575c881871b6352cbe001a1b4386bd1d64f355d'}",mock
0x78d439347cb8abf3b017061ddaf0e1c44970cf1dbd83a252ccc3d2645d59a9a6,86000,1,TicketReserved,"{'model_id': 'model_mnist_784_noniid', 'round': 7, 'ticket_id': 225, 'owner': 'acct_28'}",mock
0x7bd41524455b18b56a6bbb0a9776e7ae65f9abc61a3321a370eb1460fdcad367,93000,1,UpdatePublished,"{'model_id': 'model_mnist_784_noniid', 'round': 7, 'ticket_id': 225, 'cid': 'sha256:fdc369d7a54da8114e9439547ec551d6a23fd45638f4b470fb98b98725bcb18b'}",mock
0xf662bf2ae402cf8879cfb6e224b113ea23169312611d9f0357d647d2cc62bf82,86000,1,TicketReserved,"{'model_id': 'model_mnist_784_noniid', 'round': 7, 'ticket_id': 226, 'owner': 'acct_29'}",mock
0xb0647a5569d1163f3e9793878e30df6534d28bbca954d15e3e294a520a745e48,93000,1,UpdatePublished,"{'model_id': 'model_mnist_784_noniid', 'round': 7, 'ticket_id': 226, 'cid': 'sha256:bd991a0e0fe6ef7c858d5f873e0d7cc249ac62cad83f19b6a4c43a3d60f7f859'}",mock
0x6fe7f964cedfc031a32617dc2c9f7242d47def07a668699785d9fd437b61680c,86000,1,TicketReserved,"{'model_id': 'model_mnist_784_noniid', 'round': 7, 'ticket_id': 227, 'owner': 'acct_31'}",mock
0x0cf938bc17abe1f9f75ef4ada81caa1b8b7a85f3c8c3d0ca7f9fb2ed8122e38f,93000,1,UpdatePublished,"{'model_id': 'model_mnist_784_noniid', 'round': 7, 'ticket_id': 227, 'cid': 'sha256:31d2a756597253c523b2599307847ba5a12a181b9f15e19b9fe15c9845f7b9b4'}",mock
0x5c48378a45962f8e8c2ec26d3a37b67cf78711876d2dc45e42cda6b74788947c,86000,1,TicketReserved,"{'model_id': 'model_mnist_784_noniid', 'round': 7, 'ticket_id': 228, 'owner': 'acct_32'}",mock
0xc9b819672e1f6e74533ea16ce15bae46b5b8493cde31010fec1fdc301e1c9379,93000,1,UpdatePublished,"{'model_id': 'model_mnist_784_noniid', 'round': 7, 'ticket_id': 228, 'cid': 'sha256:40312bd343a4351ea61dfba5377f8c67e6713a9973dde2a4ad43f8b0a47d463f'}",mock
0x47fd1d3d0320873cfa4717fa41f8afe28ef1d71ab6223f3d0e64c41b350840b1,86000,1,TicketReserved,"{'model_id': 'model_mnist_784_noniid', 'round': 7, 'ticket_id': 229, 'owner': 'acct_33'}",mock
0xe9ff2ce81afa42f5a634c71bc9d206fdd455eb8cf3938c2c6cbb72fe4ec5992c,93000,1,UpdatePublished,"{'model_id': 'model_mnist_784_noniid', 'round': 7, 'ticket_id': 229, 'cid': 'sha256:2bbce977772fdfa9731f822e0b52f382f80153edca4b043edb5795fe603f0f8f'}",mock
0xf95000a5ec113963e1b761c5acf05578672d88d3e575de57157520a31257cee2,86000,1,TicketReserved,"{'model_id': 'model_mnist_784_noniid', 'round': 7, 'ticket_id': 230, 'owner': 'acct_34'}",mock
0x3d74ca46bba5321bd166b187125936981ed0aab3b9422b55c78c7994831c4445,93000,1,UpdatePublished,"{'model_id': 'model_mnist_784_noniid', 'round': 7, 'ticket_id': 230, 'cid': 'sha256:c02aeb5a29a213163201d10f023ac9fa1a7fd1d78538e83e122838428656c157'}",mock
0xfefb9df2e5433ce4f20fd1d9631aba9b6220d96630db4f36d0d62ca04f56f460,86000,1,TicketReserved,"{'model_id': 'model_mnist_784_noniid', 'round': 7, 'ticket_id': 231, 'owner': 'acct_35'}",mock
0x14095919b005d3b0ab45138d2aec6543d478997651b2b1447a576f3b7ba6109e,93000,1,UpdatePublished,"{'model_id': 'model_mnist_784_noniid', 'round': 7, 'ticket_id': 231, 'cid': 'sha256:0cbf2e7224fda0b65a152d7a96297086d6afa2e6a8edd01c32f4007cabcf0444'}",mock
0x83fd715112c9dd6435f0cc63fd5cc14117dd9464273303c751b486708bf6cd3e,86000,1,TicketReserved,"{'model_id': 'model_mnist_784_noniid', 'round': 7, 'ticket_id': 232, 'owner': 'acct_36'}",mock
0xa07fa6e101f6a413d2e58c04d27e6bc1a8ba31c0f6c3276a328fb94a874855a2,93000,1,UpdatePublished,"{'model_id': 'model_mnist_784_noniid', 'round': 7, 'ticket_id': 232, 'cid': 'sha256:d51b5667adaa486d3105b5e7a92d4e98334f1923140a19facfd15885b2476f6c'}",mock
0x5b8232998a91b985850fd504fae2a7325b924d69b50824d3e847031614712e2d,86000,1,TicketReserved,"{'model_id': 'model_mnist_784_noniid', 'round': 7, 'ticket_id': 233, 'owner': 'acct_37'}",mock
0xf5b7c1a2158ab9ab4e82cea303e0b85cbab62d35707db15eb839e3d60c1d71e0,93000,1,UpdatePublished,"{'model_id': 'model_mnist_784_noniid', 'round': 7, 'ticket_id': 233, 'cid': 'sha256:c8dad696f1d3a568ac0a45287cbc18c45e31c4864eca133a823fd8437283b17d'}",mock
0xf85d1adf067fbdad8ed3487c3d2476d7e3b91c9cbdfc183b372b815e4d95cbc4,86000,1,TicketReserved,"{'model_id': 'model_mnist_784_noniid', 'round': 7, 'ticket_id': 234, 'owner': 'acct_39'}",mock
0x85f5cb7e05b5b5500cc529fb713422478caa754366fe4b6caaee58ce7d574a6a,93000,1,UpdatePublished,"{'model_id': 'model_mnist_784_noniid', 'round': 7, 'ticket_id': 234, 'cid': 'sha256:ff497760d5cde0fcebbdc59bbe4a6951216ee0b59faa028e0112b0a965150d82'}",mock
0xe02f23aa915bb356b7b8bedfac7f9eb31114ab2bce713bf2eb66522e8e55422a,86000,1,TicketReserved,"{'model_id': 'model_mnist_784_noniid', 'round': 7, 'ticket_id': 235, 'owner': 'acct_40'}",mock
0x5ba3a7896b27b12a3a310326de89b46dcb0387352ad908f5aa42c08c3c80ce4a,93000,1,UpdatePublished,"{'model_id': 'model_mnist_784_noniid', 'round': 7, 'ticket_id': 235, 'cid': 'sha256:d3a7ba827502349e40c9c4874bb5ec7c2f2dbc5ad4807bc5447b84e703437562'}",mock
0xc026d71a799f826af797c4c7e7fb2246ce8905d7370c095d84cc1db3b515ba80,86000,1,TicketReserved,"{'model_id': 'model_mnist_784_noniid', 'round': 7, 'ticket_id': 236, 'owner': 'acct_41'}",mock
0x5a3d268dd3b49d353b1327762a6ca7e66dc302306755758f01d6d9b956786b75,93000,1,UpdatePublished,"{'model_id': 'model_mnist_784_noniid', 'round': 7, 'ticket_id': 236, 'cid': 'sha256:fad298e4f991071a3aa19f96f987e2b6dfb55f33c2cadb528fe42de65ab02f61'}",mock
0xe128501deef1f068658f426e1855d796d1809f47faf7f1d36049b2a551b329f0,86000,1,TicketReserved,"{'model_id': 'model_mnist_784_noniid', 'round': 7, 'ticket_id': 237, 'owner': 'acct_45'}",mock
0x411fc9d59c7b3289b746eac5628483ec87fd7e5e43e2b84b44f157cfcb3c0c0f,93000,1,UpdatePublished,"{'model_id': 'model_mnist_784_noniid', 'round': 7, 'ticket_id': 237, 'cid': 'sha256:bb3f90968aef8e6b3c1b0d03f27d650df7688b227d4e28634af8bc85cb58d93e'}",mock
0xba61f213575aeca0cf9c8aaecf31522e02247cb9b0585d905a1ade9e5e37e59a,86000,1,TicketReserved,"{'model_id': 'model_mnist_784_noniid', 'round': 7, 'ticket_id': 238, 'owner': 'acct_48'}",mock
0x97492722e0ba6a29dbd925eaf27569dc86fd0fbc7c36749fff4cd2532ced3353,93000,1,UpdatePublished,"{'model_id': 'model_mnist_784_noniid', 'round': 7, 'ticket_id': 238, 'cid': 'sha256:17c59444a26cd4e8090d031a69323cd0f499e68b9197bd250cceace3a1cda88e'}",mock
0xb3ed951689fde61fd893755fd991ccbbfb6265862dfdadb67ffc1fd592168e19,785000,1,RoundFinalized,"{'model_id': 'model_mnist_784_noniid', 'round': 7, 'included': 33, 'refunds': 33}",mock
0xfe125c2b7c8145d7ddb1d7fdf2058004067183447ca4cc41f62c57a3d707c52d,52000,1,RoundFunded,"{'model_id': 'model_mnist_784_noniid', 'amount_wei': 10000000000000000}",mock
0x74b492fc3c925c87aba1935bfaeb0e020b747b54108ec080d573207d533cbf69,86000,1,TicketReserved,"{'model_id': 'model_mnist_784_noniid', 'round': 8, 'ticket_id': 239, 'owner': 'acct_1'}",mock
0xf5525a0fe16f26f313ee32a95df3d21f21be8a04fc6a55eebd11aaf08d21d3bb,93000,1,UpdatePublished,"{'model_id': 'model_mnist_784_noniid', 'round': 8, 'ticket_id': 239, 'cid': 'sha256:3b6cace7bd809a2d83585451e6ce282aa61aff6df67acc9d5028a8d4aab6e0f9'}",mock
0x45ab66db22b7e6b677a208ac6c4ea412f1771c59c2ea9546ba60687d13ee8361,86000,1,TicketReserved,"{'model_id': 'model_mnist_784_noniid', 'round': 8, 'ticket_id': 240, 'owner': 'acct_2'}",mock
0x30d6346c8820e1f594ec0b1149709ba9d71e7af912ebf4aaf1292fb4300058fc,93000,1,UpdatePublished,"{'model_id': 'model_mnist_784_noniid', 'round': 8, 'ticket_id': 240, 'cid': 'sha256:7925471ecc2f6ff99e44db5e4236800d98ee075feffed62c852eedfe48ae54f7'}",mock
0x0162227e6abb897ad2a12ded060bce2151ec0c6b820a9b490cce1b8dbc1de003,86000,1,TicketReserved,"{'model_id': 'model_mnist_784_noniid', 'round': 8, 'ticket_id': 241, 'owner': 'acct_4'}",mock
0x5033b06d11828bb3e0328aa91b1fd98647ae26f55fd1df46754a95b3ecb4428e,93000,1,UpdatePublished,"{'model_id': 'model_mnist_784_noniid', 'round': 8, 'ticket_id': 241, 'cid': 'sha256:5eb05c3e1d8e28968a041527e2ded1e6609487dc9bb54593f537ada391d6af8d'}",mock
0xe9f6d509935c36cb7f359ef4de81e96d9c886b1263be57c63970b083bb2c88ca,86000,1,TicketReserved,"{'model_id': 'model_mnist_784_noniid', 'round': 8, 'ticket_id': 242, 'owner': 'acct_5'}",mock
0x0ba92117fa0de9d943238d0340d725386d11d6492bda410c04354400036cc7b1,93000,1,UpdatePublished,"{'model_id': 'model_mnist_784_noniid', 'round': 8, 'ticket_id': 242, 'cid': 'sha256:a8d7f41e3b5152f73fc651c17f008aacb04ded1764375381f4f8bb7750f1aed7'}",mock
0xbda09adaabd38599d83ab9d9aa4c9f707d3835fce625e0f2c2509bf4954cf8fe,86000,1,TicketReserved,"{'model_id': 'model_mnist_784_noniid', 'round': 8, 'ticket_id': 243, 'owner': 'acct_7'}",mock
0x51a64940bc53dc2950f87a38756a2490aa7b257db1090eb2078301b76aafcd64,93000,1,UpdatePublished,"{'model_id': 'model_mnist_784_noniid', 'round': 8, 'ticket_id': 243, 'cid': 'sha256:50b64184e3010b00ab1894ddd6dd48af7358091b729bfef2aa7eca508c3399f8'}",mock
0x0b6520cecc34261a042346d017299e8cb43c263f73aa042b42274ea36468d567,86000,1,TicketReserved,"{'model_id': 'model_mnist_784_noniid', 'round': 8, 'ticket_id': 244, 'owner': 'acct_10'}",mock
0x58915c1bbfb96637ee722870cb28e31fb24cd7b3518c95d0c31fd6a3737219a1,93000,1,UpdatePublished,"{'model_id': 'model_mnist_784_noniid', 'round': 8, 'ticket_id': 244, 'cid': 'sha256:4d9fc7895873424ef26f35302044e687582654ab960121eeaa58841f25d2969c'}",mock
0x09b8d4b0e9be03c2b201e980a6e8d191d17c5f06da5c23935cdb6e0ed35b5df6,86000,1,TicketReserved,"{'model_id': 'model_mnist_784_noniid', 'round': 8, 'ticket_id': 245, 'owner': 'acct_11'}",mock
0x59d7d4d082e883fb9b4a846c2b9a1d4641e51637f55a58b7e5f300a17ed38fec,93000,1,UpdatePublished,"{'model_id': 'model_mnist_784_noniid', 'round': 8, 'ticket_id': 245, 'cid': 'sha256:836923dd261efde4c610bf6b850176ecfbca7d3ce625e10f9fa4728061d4ec55'}",mock
0x3575a8052f1ea5c82556cafa79a1bae074d067068fb623e9fad020ee4464627c,86000,1,TicketReserved,"{'model_id': 'model_mnist_784_noniid', 'round': 8, 'ticket_id': 246, 'owner': 'acct_12'}",mock
0x755c7be10eaab01bd49cbaa23b13e56fd7d0834aa4638bb65db49d449afe8658,93000,1,UpdatePublished,"{'model_id': 'model_mnist_784_noniid', 'round': 8, 'ticket_id': 246, 'cid': 'sha256:26f31d0796ebbf09e44ae41c6cd40a82afb7fcf976c70836f3b3e476126f94de'}",mock
0x559246ac1128ed3a042de2093c31b2c5e80fc187043fe1d4670020316fdeae68,86000,1,TicketReserved,"{'model_id': 'model_mnist_784_noniid', 'round': 8, 'ticket_id': 247, 'owner': 'acct_13'}",mock
0x8a8585e8a394ff2f50b3bb60e78576c6ff1ee3bd800bba0bb9fc2fd1ac008e0a,93000,1,UpdatePublished,"{'model_id': 'model_mnist_784_noniid', 'round': 8, 'ticket_id': 247, 'cid': 'sha256:abf328459836240a54fe9c0e2817ccbc7b934ff56c5925ac4b46270e55e69209'}",mock
0xfd94dadc794da30a7d61769c719643557c818bc979570bc277f0b208cdfec6e5,86000,1,TicketReserved,"{'model_id': 'model_mnist_784_noniid', 'round': 8, 'ticket_id': 248, 'owner': 'acct_14'}",mock
0xe02840a720f513d497d5919a03065dffba3a8ced7af0154d1de40909595cac99,93000,1,UpdatePublished,"{'model_id': 'model_mnist_784_noniid', 'round': 8, 'ticket_id': 248, 'cid': 'sha256:6e14c95f9cd4a6bb0356d80e60a7552e52a77f0d42fe7546547941b295ca6a9e'}",mock
0x84e81c2d1904cb438ed1e503a17f192634d41b1fd210dad4e5131fcdbbedfe67,86000,1,TicketReserved,"{'model_id': 'model_mnist_784_noniid', 'round': 8, 'ticket_id': 249, 'owner': 'acct_15'}",mock
0x10f98533c7260e94c14da196321278d2fc263b4c4127dc68f744defa7796d7d4,93000,1,UpdatePublished,"{'model_id': 'model_mnist_784_noniid', 'round': 8, 'ticket_id': 249, 'cid': 'sha256:5404837fe0b9baeda69311cfba9e1f8ccd6e7147a3b64f93594802420dd91267'}",mock
0x721acd2d7d3bcc1ff3d91ca9eed17090227412226505e5b2ec882e5b4e3d7d05,86000,1,TicketReserved,"{'model_id': 'model_mnist_784_noniid', 'round': 8, 'ticket_id': 250, 'owner': 'acct_18'}",mock
0xc93f1eb5e6f191b42fa912c00a4563acf061d24b8d83bed3c93382274f9964c7,93000,1,UpdatePublished,"{'model_id': 'model_mnist_784_noniid', 'round': 8, 'ticket_id': 250, 'cid': 'sha256:774c984b604a9283120c469f4fe1494eda48fa62410d9620713db1fca3c2c43a'}",mock
0xb2355611d523c0fc7d977d52cdfc81d22560e4f83dbb49fd2f1ecfb9f79a0445,86000,1,TicketReserved,"{'model_id': 'model_mnist_784_noniid', 'round': 8, 'ticket_id': 251, 'owner': 'acct_20'}",mock
0x46b91f89b9ae9ee00de5e279edb26f4016a8ee497d0b21c340f6357c1ccaa5e3,93000,1,UpdatePublished,"{'model_id': 'model_mnist_784_noniid', 'round': 8, 'ticket_id': 251, 'cid': 'sha256:32c6735290ffb0ab84740748f00707448f56cce5481dc27f5e1b8402226dfcbb'}",mock
0x1f4fcd28a62b5c5b7f681e305d0272f0fcf84965be60954b244dfed97188fd15,86000,1,TicketReserved,"{'model_id': 'model_mnist_784_noniid', 'round': 8, 'ticket_id': 252, 'owner': 'acct_22'}",mock
0xa9e3f1afd4640978eb55058c184031c588801f2fba24041237d5b5dea07202fc,93000,1,UpdatePublished,"{'model_id': 'model_mnist_784_noniid', 'round': 8, 'ticket_id': 252, 'cid': 'sha256:c85adbf8d8fb1973cfcac63e1aafe773baf7749b0ae37eb960611e99087c495b'}",mock
0x6b3c44f57c9f8bf97236e672faaf5fa9ac2dfead792856d0c385678118107ad3,86000,1,TicketReserved,"{'model_id': 'model_mnist_784_noniid', 'round': 8, 'ticket_id': 253, 'owner': 'acct_24'}",mock
0x32418a4d3616cd188dcc9bbb73abaf44acc77ac92a6e9f5dddada4a75dc7122f,93000,1,UpdatePublished,"{'model_id': 'model_mnist_784_noniid', 'round': 8, 'ticket_id': 253, 'cid': 'sha256:1c6066c78f89a240af79146aa5ef12d92c6505d932336b7423836d87c7470376'}",mock
0x49600001591c3132ab697e144edd4ef27551fa647d3f4dc9f35bf65f2812bef9,86000,1,TicketReserved,"{'model_id': 'model_mnist_784_noniid', 'round': 8, 'ticket_id': 254, 'owner': 'acct_27'}",mock
0x604fcc155584c5cd567707121b41fb7d9d755c088044974b1c8e5462498f122e,93000,1,UpdatePublished,"{'model_id': 'model_mnist_784_noniid', 'round': 8, 'ticket_id': 254, 'cid': 'sha256:bc445adf6b5ada488ff35a9dc20ab6464dd11a49aaa6453257575c56ad2a9842'}",mock
0x5ff72a689e6a3806dede5e29a4fdd58507870225aefb0797b22eeb2a35dad766,86000,1,TicketReserved,"{'model_id': 'model_mnist_784_noniid', 'round': 8, 'ticket_id': 255, 'owner': 'acct_28'}",mock
0xb7335b60157b0d492a454e5e0e76f6f958f37fa026aadfe73b28cdf3bbb66a93,93000,1,UpdatePublished,"{'model_id': 'model_mnist_784_noniid', 'round': 8, 'ticket_id': 255, 'cid': 'sha256:efe20a5794f7d6a0ba215edbb888b4a124ab2d52d2ff246b1b14f31ee7fd2822'}",mock
0x61ec7b1e5acaa54a5665476431f54e47de6d024ade9076a3b11b36812a1dcfbb,86000,1,TicketReserved,"{'model_id': 'model_mnist_784_noniid', 'round': 8, 'ticket_id': 256, 'owner': 'acct_30'}",mock
0x9ad76a885bacb27682d28cfe72b2afd1374efaae174b7f45928e0530588425c6,93000,1,UpdatePublished,"{'model_id': 'model_mnist_784_noniid', 'round': 8, 'ticket_id': 256, 'cid': 'sha256:7d3e88e53092b2115a540f61ef6eed57760ccc02b6f326a66af6aac4d1347562'}",mock
0x5a2208f27fc163ab30a765cd16244432491e565ee6aae3b2d75c977b94699b58,86000,1,TicketReserved,"{'model_id': 'model_mnist_784_noniid', 'round': 8, 'ticket_id': 257, 'owner': 'acct_35'}",mock
0xe7e580325058d5bbc2b45d19be84375f1a077935bbd764138e34bac91a7af2ee,93000,1,UpdatePublished,"{'model_id': 'model_mnist_784_noniid', 'round': 8, 'ticket_id': 257, 'cid': 'sha256:06f61075ae17a472c3cca1571acdd69529c99f3b26b02d2fd62c3b975b02e2af'}",mock
0x03bf48dffa16267562c51985aba2709141cef957d17245a7aae8fa9a0f6937e4,86000,1,TicketReserved,"{'model_id': 'model_mnist_784_noniid', 'round': 8, 'ticket_id': 258, 'owner': 'acct_36'}",mock
0xcd8960fea235c25fe784fc97f37c9796e8c23e94a0e5ed4d59ba6e967935dc5e,93000,1,UpdatePublished,"{'model_id': 'model_mnist_784_noniid', 'round': 8, 'ticket_id': 258, 'cid': 'sha256:b89f2291b7f1037bb0f86a29c12dccbc3bd230cdf754234c9a6a4b0deb23f578'}",mock
0x4a813e9d87995455a7ff3e4d4604e8b317be3afb10c69a372ccd61ba76253a3c,86000,1,TicketReserved,"{'model_id': 'model_mnist_784_noniid', 'round': 8, 'ticket_id': 259, 'owner': 'acct_37'}",mock
0x33c50b91519fa64eae8fe67a560bc65f22b3f515983eff67d6eb902be05eacb5,93000,1,UpdatePublished,"{'model_id': 'model_mnist_784_noniid', 'round': 8, 'ticket_id': 259, 'cid': 'sha256:a236f18e68f99f19baabc695a43c0ae41e2bd37c3af29edea3f158292d4c8555'}",mock
0x40abcacd5d19b0ecd05803dd37eb46c00273ceab2bbd0f78485f5e4ec4205276,86000,1,TicketReserved,"{'model_id': 'model_mnist_784_noniid', 'round': 8, 'ticket_id': 260, 'owner': 'acct_38'}",mock
0x6078b3aba36f955b9b14825b7c01cb3c73904d93f70b21fcacf57cc54af1ae8f,93000,1,UpdatePublished,"{'model_id': 'model_mnist_784_noniid', 'round': 8, 'ticket_id': 260, 'cid': 'sha256:362d2e8d8eab7ea3aabd1e049f758bca928b40d321ea5e568c0a9c7d62624f19'}",mock
0xdd00b768ebea1609efd09aa188d8312857021780c0f830ae949c5bda839c6266,86000,1,TicketReserved,"{'model_id': 'model_mnist_784_noniid', 'round': 8, 'ticket_id': 261, 'owner': 'acct_39'}",mock
0xe62c00a6fefc47506ff3c7c51b5a02fd710b9615a464c5ab34f2f85e436cd5ae,93000,1,UpdatePublished,"{'model_id': 'model_mnist_784_noniid', 'round': 8, 'ticket_id': 261, 'cid': 'sha256:6c22404ee7b3d1dd7a355086ef11930c35ed3010c610567a868bf213419ae0d9'}",mock
0x7fc5fc406091e9609eeab3393db9d3c8d38a3a2345f4620702d072bae093c4f5,86000,1,TicketReserved,"{'model_id': 'model_mnist_784_noniid', 'round': 8, 'ticket_id': 262, 'owner': 'acct_41'}",mock
0xaf5fbdda9217ba854063bef4edb29c787555029632893b08aa8c41311e2d042d,93000,1,UpdatePublished,"{'model_id': 'model_mnist_784_noniid', 'round': 8, 'ticket_id': 262, 'cid': 'sha256:a7aaa1c26cee2bef0e5b8fb14dec5c27a61bfd7874ec8a341ccdc1b5d0ea5880'}",mock
0x90466996a7d864ce508f0123b9e6476fb2db403080719abb44ac0570b8512592,86000,1,TicketReserved,"{'model_id': 'model_mnist_784_noniid', 'round': 8, 'ticket_id': 263, 'owner': 'acct_43'}",mock
0x9bf46be55b2c6abb0b6a283b0d3099fec52fddffed2efeda9f06828c7d31e124,93000,1,UpdatePublished,"{'model_id': 'model_mnist_784_noniid', 'round': 8, 'ticket_id': 263, 'cid': 'sha256:960a0c76d162fa4a0a364e3046648e3bd56fd700d79f1898dd6f221f3155415d'}",mock
0xee521f939a401da8dddbbe9f8e03a506e3d2b11730892a4932fb8787e4fddd65,86000,1,TicketReserved,"{'model_id': 'model_mnist_784_noniid', 'round': 8, 'ticket_id': 264, 'owner': 'acct_44'}",mock
0xfb77a2871532251ca9c5602700110d1872f7bdd1c753eaacf8c3909b1a1d2213,93000,1,UpdatePublished,"{'model_id': 'model_mnist_784_noniid', 'round': 8, 'ticket_id': 264, 'cid': 'sha256:147255dddb6d16aae78fe41d0add65edad653a35654129698be2ad6179a73833'}",mock
0x0893c643d8d44de6f5ec04dc21d5faa9d0206dd848b89c9445886ab5e22b06ab,86000,1,TicketReserved,"{'model_id': 'model_mnist_784_noniid', 'round': 8, 'ticket_id': 265, 'owner': 'acct_46'}",mock
0x8ef01b72e6d3c72cc3f36f87b5dba21650f13bbf7229fe8be7e16d9f7e480612,93000,1,UpdatePublished,"{'model_id': 'model_mnist_784_noniid', 'round': 8, 'ticket_id': 265, 'cid': 'sha256:ec4a45d17ce6cabbdb6321927eb909dac5ad84ec3950958d3ba11c8a920b5b6d'}",mock
0x8029b369565befcbcf4e108f13b7edf8c84afce0f9666b8c413c3272681890c1,86000,1,TicketReserved,"{'model_id': 'model_mnist_784_noniid', 'round': 8, 'ticket_id': 266, 'owner': 'acct_47'}",mock
0x8c0a0bcb2b3aad73e25ec3b2d35d77bd5c260a102c92f4e2c2b3f37c0b9445b0,93000,1,UpdatePublished,"{'model_id': 'model_mnist_784_noniid', 'round': 8, 'ticket_id': 266, 'cid': 'sha256:727ec07b91928d497c62c7f6db61b80893fbb12df0c67173fab452c091ad03aa'}",mock
0xec0b536ce9327282dcba21c887cb26de117b443e982775e104d749996e7468a8,86000,1,TicketReserved,"{'model_id': 'model_mnist_784_noniid', 'round': 8, 'ticket_id': 267, 'owner': 'acct_48'}",mock
0x9e4b63687f77c048bdff9d089ad9d1b75564634bc01c65f72593286e680506be,93000,1,UpdatePublished,"{'model_id': 'model_mnist_784_noniid', 'round': 8, 'ticket_id': 267, 'cid': 'sha256:3ef3a296841b696bad3515437bd71e4f7cbcb6682a073e8ba45abb9e45ce764e'}",mock
0x8c563cbd0307aca0af670fbbf491985b5df6aa39b7658c36da8e4ebe7e2c9514,86000,1,TicketReserved,"{'model_id': 'model_mnist_784_noniid', 'round': 8, 'ticket_id': 268, 'owner': 'acct_49'}",mock
0xe1249551e4b3b8d8a25a57d170277c2a4a5813c803fc28314fad8a7c54433bc4,93000,1,UpdatePublished,"{'model_id': 'model_mnist_784_noniid', 'round': 8, 'ticket_id': 268, 'cid': 'sha256:af8fefc8aa38eff7f0d92c0c99ff7a7d02926fc82c1bbdabeca6fdc9105db8ad'}",mock
0xfb5ae2c0efb61c83783487ef48e39570369286f501e3be524ce5b10a3102d50e,86000,1,TicketReserved,"{'model_id': 'model_mnist_784_noniid', 'round': 8, 'ticket_id': 269, 'owner': 'acct_50'}",mock
0x224faa71799118ab9b288f0b1f7b8947c242a9b09ee85981cd977e36d7f19275,93000,1,UpdatePublished,"{'model_id': 'model_mnist_784_noniid', 'round': 8, 'ticket_id': 269, 'cid': 'sha256:c376333155a3c60a7dd6e9fb8bdf330e28b6eb0bfe6c2288a4dbcfe09eeb2fd4'}",mock
0x02192a4ba9a48fe41e193e3277689e0a74d8c5894049831f2acec587a8464ab0,745000,1,RoundFinalized,"{'model_id': 'model_mnist_784_noniid', 'round': 8, 'included': 31, 'refunds': 31}",mock
0x66397c4be57db39e0005b0c189f11fc86714e19b17c8aac3d928af1b94095c71,52000,1,RoundFunded,"{'model_id': 'model_mnist_784_noniid', 'amount_wei': 10000000000000000}",mock
0x27b9529f13ce3f25c32dae13efba3e0524dd6a3acf48275570a92c49a59b8702,86000,1,TicketReserved,"{'model_id': 'model_mnist_784_noniid', 'round': 9, 'ticket_id': 270, 'owner': 'acct_1'}",mock
0xec593c287e9eb1916637e58eef1a9e03f43ff0cd74484937d1909f32c5327fa2,93000,1,UpdatePublished,"{'model_id': 'model_mnist_784_noniid', 'round': 9, 'ticket_id': 270, 'cid': 'sha256:033ab5d74e5e7c4fcbce96c89989ea3e9b003cf4d88090e50bfee823cf0865d6'}",mock
0xfe82d3e0c7f8e20df2e3c056331e4f4602493d9c29a061b1cc210bd37a02822a,86000,1,TicketReserved,"{'model_id': 'model_mnist_784_noniid', 'round': 9, 'ticket_id': 271, 'owner': 'acct_2'}",mock
0x5b3cededcb505ddba2dace4a3c1ad3e7962d8472cf980d12b336e65f5bbb81a0,93000,1,UpdatePublished,"{'model_id': 'model_mnist_784_noniid', 'round': 9, 'ticket_id': 271, 'cid': 'sha256:30853d8ac25672298b7247b66dbeda79b4bb33254db0914002af32149b3937bf'}",mock
0x375310be7e0a4f57e01d5b05cc41b018aea3da895fdf3e8e61180109793bb953,86000,1,TicketReserved,"{'model_id': 'model_mnist_784_noniid', 'round': 9, 'ticket_id': 272, 'owner': 'acct_3'}",mock
0x80bfcfafa1ccbce04ac6194dadcd4b27da18067039e2a529214884067ae07235,93000,1,UpdatePublished,"{'model_id': 'model_mnist_784_noniid', 'round': 9, 'ticket_id': 272, 'cid': 'sha256:96354a19fbf5bb128c322905ee5220041011567d1fe01057ab02aa6a3980636e'}",mock
0xe0686eb3f343881a37b947f97575d76118741b3ac066428ed57b4e1a4c84a07c,86000,1,TicketReserved,"{'model_id': 'model_mnist_784_noniid', 'round': 9, 'ticket_id': 273, 'owner': 'acct_5'}",mock
0x493e25cdbf8c4aac03a36fe45cb0f44e1cb4d9e9694b2e2bac41fe0949c47d11,93000,1,UpdatePublished,"{'model_id': 'model_mnist_784_noniid', 'round': 9, 'ticket_id': 273, 'cid': 'sha256:bce8973a13ce74e7a313b33bb48d4dc071a4881d7239fd3b61706ca52bb9d57c'}",mock
0xff895186e27e480021a9a4976c11105e2308e5b12fe190ab5d448512b8639cd9,86000,1,TicketReserved,"{'model_id': 'model_mnist_784_noniid', 'round': 9, 'ticket_id': 274, 'owner': 'acct_7'}",mock
0x9190f4fbcc8df7d5fd2ebd2faa9145e67ae1ff832171763db242008507701ba3,93000,1,UpdatePublished,"{'model_id': 'model_mnist_784_noniid', 'round': 9, 'ticket_id': 274, 'cid': 'sha256:7df756be3a71931688877e7b6f692be8aa9ecb93e6ab85b5315da2e4a1ed004a'}",mock
0xddc70898ba8f87241a5207eadd8e92f6b833037e4190c6863669d764f5f7d001,86000,1,TicketReserved,"{'model_id': 'model_mnist_784_noniid', 'round': 9, 'ticket_id': 275, 'owner': 'acct_8'}",mock
0x4c6e6e0cbf7ce105cdbe7a528e7b2145fcbfbe900fb49e1ec4c0f7b88278b324,93000,1,UpdatePublished,"{'model_id': 'model_mnist_784_noniid', 'round': 9, 'ticket_id': 275, 'cid': 'sha256:f0084f21869df40e37713f4cac0f32b1b9b822f5a1bcc35f6a00929995834f00'}",mock
0xbe5d1157fd75df5ed8d82afd165941734dbffd5e51a52846f5334c4443df64e4,86000,1,TicketReserved,"{'model_id': 'model_mnist_784_noniid', 'round': 9, 'ticket_id': 276, 'owner': 'acct_11'}",mock
0x20d7ec67357cefbabb770b26c49d1960010341745e6fd36634a8f29563d96696,93000,1,UpdatePublished,"{'model_id': 'model_mnist_784_noniid', 'round': 9, 'ticket_id': 276, 'cid': 'sha256:2c0b61d9f5543c40eb9d248d5d2db75e668878338bebee957c725c7958bced52'}",mock
0xa9469d5f20739c8fe7f1a4e66586405e998ece55b6ef0254f59d4d20d79a7983,86000,1,TicketReserved,"{'model_id': 'model_mnist_784_noniid', 'round': 9, 'ticket_id': 277, 'owner': 'acct_13'}",mock
0x325a80fb9d900aa49937e93e0fa2084127129eb29eaabbaaae064eec5cbf4d58,93000,1,UpdatePublished,"{'model_id': 'model_mnist_784_noniid', 'round': 9, 'ticket_id': 277, 'cid': 'sha256:48ccac799f76033cab8dc5a344561ceae55790b0ea36d12a569cf091022b2249'}",mock
0x0718cc89ce3896a9c78b41d270873a09fc7ff6b15c30a1c315f761e2c5923b92,86000,1,TicketReserved,"{'model_id': 'model_mnist_784_noniid', 'round': 9, 'ticket_id': 278, 'owner': 'acct_14'}",mock
0x4f3ef627de6775145d49fd3039757877634f9b033a4d54ca164a3e25ccc4bc65,93000,1,UpdatePublished,"{'model_id': 'model_mnist_784_noniid', 'round': 9, 'ticket_id': 278, 'cid': 'sha256:fe570547f4e7bd29943c8968f7f29be7643347f1c6d0423be38c5fc6e2303988'}",mock
0xff46a484b5b8017371a8f9543e8940e2ec02b3d186a6413ec247b43e4377152e,86000,1,TicketReserved,"{'model_id': 'model_mnist_784_noniid', 'round': 9, 'ticket_id': 279, 'owner': 'acct_17'}",mock
0x127eebd4ae5887c854a6dc5a2f249a8ad26f4a493e861b4e6ac6339b9d07d7dd,93000,1,UpdatePublished,"{'model_id': 'model_mnist_784_noniid', 'round': 9, 'ticket_id': 279, 'cid': 'sha256:47d7460489c5bd9e30ade413f0ef33e7156e65ccc05435fcd36da212990dc678'}",mock
0x279ed4bf3a0a67e57b894414fd082c04f13790cca5e5225ae7c2781ca09373e3,86000,1,TicketReserved,"{'model_id': 'model_mnist_784_noniid', 'round': 9, 'ticket_id': 280, 'owner': 'acct_19'}",mock
0x530523665697e90d3af643904e5e784220f53ba4cb9e41c5b4aa47c13b24c37d,93000,1,UpdatePublished,"{'model_id': 'model_mnist_784_noniid', 'round': 9, 'ticket_id': 280, 'cid': 'sha256:511ea91f92c8ec4577f2c58e73862ad0b97e83ca2949ffedd0b25dd060bc1025'}",mock
0x0c05febbd8c5e490ef564eb75ba9f2b9f7445e3e16a829606b2280b944f335d2,86000,1,TicketReserved,"{'model_id': 'model_mnist_784_noniid', 'round': 9, 'ticket_id': 281, 'owner': 'acct_20'}",mock
0x84c36419f028d518244aab096f2e94a736cb306eba8581103644a5dcde9aa22a,93000,1,UpdatePublished,"{'model_id': 'model_mnist_784_noniid', 'round': 9, 'ticket_id': 281, 'cid': 'sha256:8c50da12a2dd2e433424e5f93c4647aab3060b165fae5f46ea712bc5518123c5'}",mock
0x4eb99d55636f8eab87ba9f7716d41f650a3346cbbdb0241d3c21ba7f89f79076,86000,1,TicketReserved,"{'model_id': 'model_mnist_784_noniid', 'round': 9, 'ticket_id': 282, 'owner': 'acct_21'}",mock
0xc66af0e51b4b288cf468a0f7855e6e3130d320654fc68d6b6918ffe55768caed,93000,1,UpdatePublished,"{'model_id': 'model_mnist_784_noniid', 'round': 9, 'ticket_id': 282, 'cid': 'sha256:1b91632f7499c3f0d10b006ea9af172df40772a3363caf756c84d89d7849fcdb'}",mock
0xe9507e2965685d1791a9ffacff73f88564cb096f0e5fec9bad181b8cfd6fd0be,86000,1,TicketReserved,"{'model_id': 'model_mnist_784_noniid', 'round': 9, 'ticket_id': 283, 'owner': 'acct_22'}",mock
0xf859fed67a25e8a2d99d98d0e3d7756011281ecf341b127fe26e00b5081a2b0b,93000,1,UpdatePublished,"{'model_id': 'model_mnist_784_noniid', 'round': 9, 'ticket_id': 283, 'cid': 'sha256:0e542bf1a36fddfcb8438df4895b2710bca7c3d39446e7e997d42d92bf692d0c'}",mock
0xc0ccbb24a3b6ccc41a01e2cb02e186583b38db8cd490420ab147d362a7a2c94b,86000,1,TicketReserved,"{'model_id': 'model_mnist_784_noniid', 'round': 9, 'ticket_id': 284, 'owner': 'acct_24'}",mock
0x94ab77cfd09e892abc0fe0ad286751e676fb0104c788dc989076852475aac54e,93000,1,UpdatePublished,"{'model_id': 'model_mnist_784_noniid', 'round': 9, 'ticket_id': 284, 'cid': 'sha256:541f35133e0bcef23a9d35dc8d2156eafd900b3793e5ab46b9941b87b0b50f4d'}",mock
0xdd3db7c8327eae548bd20d2ecc2279d081efc068364537c09a2090f8b20a7964,86000,1,TicketReserved,"{'model_id': 'model_mnist_784_noniid', 'round': 9, 'ticket_id': 285, 'owner': 'acct_25'}",mock
0xcdc60191b43585fd216129526e573a98cb1c8623c7adc4e4ae841982555977e9,93000,1,UpdatePublished,"{'model_id': 'model_mnist_784_noniid', 'round': 9, 'ticket_id': 285, 'cid': 'sha256:ec6b9f2e514f2fea78796d72d5b3c2e9fff65092b90b1f0d1eb876bdc3999ebf'}",mock
0xc1a40f255228723c8e075c66a35d916abee19315e4415e319b4871e6bbe90610,86000,1,TicketReserved,"{'model_id': 'model_mnist_784_noniid', 'round': 9, 'ticket_id': 286, 'owner': 'acct_26'}",mock
0x18dd846a22efd6d46aff7eba636cea2f17eab3342d1f6f219f7b40a8e29bb26d,93000,1,UpdatePublished,"{'model_id': 'model_mnist_784_noniid', 'round': 9, 'ticket_id': 286, 'cid': 'sha256:c34eea0356bbd3f6672dd1653021ab2d63a986ce902523e4fd7fb4c5cb3f39e2'}",mock
0xef7e4a6bbc523be9936f62bc37099fbb22fe8d7c2125f2e56ac667542d17a1b0,86000,1,TicketReserved,"{'model_id': 'model_mnist_784_noniid', 'round': 9, 'ticket_id': 287, 'owner': 'acct_27'}",mock
0x59347e27ca6cea71503cfba7b89b688ac2cf2448c4330442d365f84bda3dd07c,93000,1,UpdatePublished,"{'model_id': 'model_mnist_784_noniid', 'round': 9, 'ticket_id': 287, 'cid': 'sha256:461a3b0a0f6ce01398ee08ebca1d51c5fee86ad00a4f9c95aace1f202bd3e3c9'}",mock
0x7652ea9b25f84b6be79540d9ae47840959c6dd1707449634205a34ab3c913493,86000,1,TicketReserved,"{'model_id': 'model_mnist_784_noniid', 'round': 9, 'ticket_id': 288, 'owner': 'acct_28'}",mock
0xee6bc64868eb283d48f2d76c3210cd1da0916650c6f45344d4fd434faab1a547,93000,1,UpdatePublished,"{'model_id': 'model_mnist_784_noniid', 'round': 9, 'ticket_id': 288, 'cid': 'sha256:4faf92785301e19a4d9707ff565df1c0f156171535e4ee5a583ccb6c3c212c08'}",mock
0xc467e4505f63d625615db4d66665f391a69d1cacf076a87b7c878429faf479fd,86000,1,TicketReserved,"{'model_id': 'model_mnist_784_noniid', 'round': 9, 'ticket_id': 289, 'owner': 'acct_29'}",mock
0x6db0f75b9d14ed16053a6f6331f0f9a6a358a71d553584bf2028c7731979988b,93000,1,UpdatePublished,"{'model_id': 'model_mnist_784_noniid', 'round': 9, 'ticket_id': 289, 'cid': 'sha256:9090ba71480ef0d8bc1a1c32ae7dd78f037d8fda2eaeaba7c191cca4365c64b9'}",mock
0x0c3e644799d86eafcf735a5d3243b9c5d0914453272a5e70cc9000a0945013a1,86000,1,TicketReserved,"{'model_id': 'model_mnist_784_noniid', 'round': 9, 'ticket_id': 290, 'owner': 'acct_30'}",mock
0xf09d38cf1edd785cc7e55d0ac47653d67f918b9ffe9f007b1f5083a8866c26e7,93000,1,UpdatePublished,"{'model_id': 'model_mnist_784_noniid', 'round': 9, 'ticket_id': 290, 'cid': 'sha256:987c773f62d696beff3b2b2426572520ec84ad9dc7f8788a980bfbba97ebd3fe'}",mock
0xb6d0ec2107bb47bd2eb3711522cf287869cca7ba94ea3b966c7169ebf6d1eb9f,86000,1,TicketReserved,"{'model_id': 'model_mnist_784_noniid', 'round': 9, 'ticket_id': 291, 'owner': 'acct_33'}",mock
0x98353331e944db1fa118050aeeb0fc4ddf306c7dd1cb28f7dec5fe8a4c4e9c34,93000,1,UpdatePublished,"{'model_id': 'model_mnist_784_noniid', 'round': 9, 'ticket_id': 291, 'cid': 'sha256:2d815375621352db957b940319a44acaba8044b433bbb3a7dae20d371ebdde5c'}",mock
0xf746fd432c7118ad6d4267d56501baf74266b118205a8e14c0a2e74bc089557f,86000,1,TicketReserved,"{'model_id': 'model_mnist_784_noniid', 'round': 9, 'ticket_id': 292, 'owner': 'acct_35'}",mock
0xebb993d37c45a2486295b9d78bc35657dd0a9eaea1374153e88545e590a8f418,93000,1,UpdatePublished,"{'model_id': 'model_mnist_784_noniid', 'round': 9, 'ticket_id': 292, 'cid': 'sha256:00ba9cb9b91df4bd3c4961509dbe6c39494d97e30ad5a9f207271b9e2b806182'}",mock
0xcbb4be2d4ca92ea73fd86e7b7e9ea7af1245ac51b1f30da417c7c30e160d63df,86000,1,TicketReserved,"{'model_id': 'model_mnist_784_noniid', 'round': 9, 'ticket_id': 293, 'owner': 'acct_36'}",mock
0xefe5063ea454778a465111e1adb4e035159f1767461eb4228714f7b47ffd63fa,93000,1,UpdatePublished,"{'model_id': 'model_mnist_784_noniid', 'round': 9, 'ticket_id': 293, 'cid': 'sha256:64334589a28cea9a4f5e7cb98077b526f6fe39999654b34284ac277074833313'}",mock
0xd91b06fdd226e73ac9eb1e9ee05e0e45fca95c148199d014fc5b38065827af42,86000,1,TicketReserved,"{'model_id': 'model_mnist_784_noniid', 'round': 9, 'ticket_id': 294, 'owner': 'acct_41'}",mock
0x2986b79cc55fb5a4e470d785639aaf2b4e03ca620e3e804f26ba07cbc711ac17,93000,1,UpdatePublished,"{'model_id': 'model_mnist_784_noniid', 'round': 9, 'ticket_id': 294, 'cid': 'sha256:9f6961f42496ad1fbef82f3fa87d251634b46c2a3f627af93985cf81618c80b6'}",mock
0x1b675ba1f84c3f5f9e834c9c29501a1beb7dfcd2b3121bd46e411f06d6e33d08,86000,1,TicketReserved,"{'model_id': 'model_mnist_784_noniid', 'round': 9, 'ticket_id': 295, 'owner': 'acct_42'}",mock
0x12064edd6f28a5e4d3336cb1e9dff0f4dd82b98d9007a1055d7adbeb60295bf1,93000,1,UpdatePublished,"{'model_id': 'model_mnist_784_noniid', 'round': 9, 'ticket_id': 295, 'cid': 'sha256:c126cdfd4bdd082be27682568061e3bd09736741f3f129db78b3976a3417d27f'}",mock
0x074379996c7c9b5193e36177c0d81df5f2256ccc31c9e5fa1ddf39eca006d44d,86000,1,TicketReserved,"{'model_id': 'model_mnist_784_noniid', 'round': 9, 'ticket_id': 296, 'owner': 'acct_43'}",mock
0x790de007f68668010590bfb517ebec7d205c1d1a8ce774d1cf926538be7eda18,93000,1,UpdatePublished,"{'model_id': 'model_mnist_784_noniid', 'round': 9, 'ticket_id': 296, 'cid': 'sha256:fc9e6174d80f11e0b3356da954a10612c93dfc60f5f4368460d9e8f0de6d8289'}",mock
0xf19488ae3d144bfca83dddbd081ab8d0a73a2a93bcf32499265c54f2f9e10ee1,86000,1,TicketReserved,"{'model_id': 'model_mnist_784_noniid', 'round': 9, 'ticket_id': 297, 'owner': 'acct_46'}",mock
0x61bcabf807cbcdbc05fcc3ddf905fae2e6351a35f516e66bf3875e26ac4231df,93000,1,UpdatePublished,"{'model_id': 'model_mnist_784_noniid', 'round': 9, 'ticket_id': 297, 'cid': 'sha256:e52c2aa357f32c5f5607c7d954181dd2b54d5f4007e1eb7dbb5376c73f169c9a'}",mock
0x195746b9994896ac1bc88608090c97e6a1ef770f0d1967f737c68f04100c99ca,86000,1,TicketReserved,"{'model_id': 'model_mnist_784_noniid', 'round': 9, 'ticket_id': 298, 'owner': 'acct_47'}",mock
0x41717b057ace9e5f5b34eb9ca7a44243829c3b370dc5a32d6650647806e24935,93000,1,UpdatePublished,"{'model_id': 'model_mnist_784_noniid', 'round': 9, 'ticket_id': 298, 'cid': 'sha256:800c0b2fd47607728d1a8b3371fbb6a7fac3bf837e1059e786883d3eb341ef98'}",mock
0xf4ad9a015756f7a3a73e94a505f5ef167913beb333d5da207371645f1b047c01,86000,1,TicketReserved,"{'model_id': 'model_mnist_784_noniid', 'round': 9, 'ticket_id': 299, 'owner': 'acct_48'}",mock
0x256978a08724a74994bf1695a7dea45144f90e205c9db4511108c3ed6f95fd95,93000,1,UpdatePublished,"{'model_id': 'model_mnist_784_noniid', 'round': 9, 'ticket_id': 299, 'cid': 'sha256:24d13a3218053212089678c347cac3c2a8056a6b17e8222140ea557f78c53a53'}",mock
0xa6be24d1d7998a0ee801157f0154e78cd5222340baf67f3ef0bcf36689a0a14a,86000,1,TicketReserved,"{'model_id': 'model_mnist_784_noniid', 'round': 9, 'ticket_id': 300, 'owner': 'acct_49'}",mock
0x186262de7978c1e8bae6f1a33dcacf10461b8faba6e22373c3415becb1d8f97f,93000,1,UpdatePublished,"{'model_id': 'model_mnist_784_noniid', 'round': 9, 'ticket_id': 300, 'cid': 'sha256:c017123d7dab758a4d122655bc92419e4ba5e4a75f9593a6cae73e90cef3b91f'}",mock
0x1f1b4bfe8c1e9a4d0111547702293344f82d531b6588f7b93ee46c7c19bb0bf3,86000,1,TicketReserved,"{'model_id': 'model_mnist_784_noniid', 'round': 9, 'ticket_id': 301, 'owner': 'acct_50'}",mock
0x500b9493839aceaaba240ae4deb7d6910e0316c8e39fcec11bc2970abb86f69c,93000,1,UpdatePublished,"{'model_id': 'model_mnist_784_noniid', 'round': 9, 'ticket_id': 301, 'cid': 'sha256:1bae7d33b601a205baf33cb1921a19c3c0fd4b5ea8997464f0fee2ec07e02820'}",mock
0x402c5d08aa2885670fc00be1efa0e9262dabe39fa2ca7cb0e7424af2cdd14186,765000,1,RoundFinalized,"{'model_id': 'model_mnist_784_noniid', 'round': 9, 'included': 32, 'refunds': 32}",mock
0xbf99d026b7c40448646755838d77ea6659fd0c16f56720f277cb2ab62505c29e,52000,1,RoundFunded,"{'model_id': 'model_mnist_784_noniid', 'amount_wei': 10000000000000000}",mock
0x51ae206aa67478bca807c3359a5e0fd74e7c53a9a07f2c13a64ec35918c2698e,86000,1,TicketReserved,"{'model_id': 'model_mnist_784_noniid', 'round': 10, 'ticket_id': 302, 'owner': 'acct_1'}",mock
0xd8b7db1e9a8a9ecc5364b4f3720e758c33e2b143bfcfbdab58b3ae536c405dd7,93000,1,UpdatePublished,"{'model_id': 'model_mnist_784_noniid', 'round': 10, 'ticket_id': 302, 'cid': 'sha256:00602721021dfdd39d722e9d32e58b49290b5f76b7ba1062215f7b4a92d0c135'}",mock
0xc57b92c6340278f68831d74e41c35bbe546d9ad609ab8ab75ce536324a554bd9,86000,1,TicketReserved,"{'model_id': 'model_mnist_784_noniid', 'round': 10, 'ticket_id': 303, 'owner': 'acct_2'}",mock
0x1ada4b8c13f9a24628587c7a848c5eb7346a726b1ae5325de35f49c5dd4a745a,93000,1,UpdatePublished,"{'model_id': 'model_mnist_784_noniid', 'round': 10, 'ticket_id': 303, 'cid': 'sha256:fc567ad098ce7423f192d0e9b28629b31dbdba1493594b40c3dbf1c2a9643950'}",mock
0xc86a2fd2dac90922fcfc6c1ad67b6e1298e5c6609aed22fc6d02cf7cb95b2e7e,86000,1,TicketReserved,"{'model_id': 'model_mnist_784_noniid', 'round': 10, 'ticket_id': 304, 'owner': 'acct_3'}",mock
0xc538daf113f09350f2a3c319fe96fbd0d32caa81d6e20bad69cb72ac0183c9a1,93000,1,UpdatePublished,"{'model_id': 'model_mnist_784_noniid', 'round': 10, 'ticket_id': 304, 'cid': 'sha256:7a214b7fd1616b96c4222ec6d56103f3fe7ef38d48aaa5e0bdb7a2af505e86a6'}",mock
0x8957eee87991d21d2e46b5c318af7733afbbf0799735ba5e543fce275836d776,86000,1,TicketReserved,"{'model_id': 'model_mnist_784_noniid', 'round': 10, 'ticket_id': 305, 'owner': 'acct_5'}",mock
0x23920e2d1ea3926eb186ea1fd0be5afba2600be336eb755567a0eb96919b4b5d,93000,1,UpdatePublished,"{'model_id': 'model_mnist_784_noniid', 'round': 10, 'ticket_id': 305, 'cid': 'sha256:1419e2896bebf449488d4443b7e171fd0d0838202ea8e035f3077c83e4e6f0eb'}",mock
0x5d097838acf4ed8cd4a546d2059aef37ac2d820dc2b0f365abbe19216589aeef,86000,1,TicketReserved,"{'model_id': 'model_mnist_784_noniid', 'round': 10, 'ticket_id': 306, 'owner': 'acct_6'}",mock
0x23e666282696bd8f75cdabc5def009ea555de95936804e1e72bc4f1dd339d545,93000,1,UpdatePublished,"{'model_id': 'model_mnist_784_noniid', 'round': 10, 'ticket_id': 306, 'cid': 'sha256:8c0c9e4da8041e739dc1ca01cda65a42ef61e017cd4d06fe9adb8c8e9688ae30'}",mock
0x31791f24281677fa5be906c838e690fe39227d33bb819261b0c97a843cf86e5d,86000,1,TicketReserved,"{'model_id': 'model_mnist_784_noniid', 'round': 10, 'ticket_id': 307, 'owner': 'acct_7'}",mock
0xd72f64ed98bfa518b13952f7570f495589e341be6ea9449e692b4dcfae53112e,93000,1,UpdatePublished,"{'model_id': 'model_mnist_784_noniid', 'round': 10, 'ticket_id': 307, 'cid': 'sha256:5cd35a6ecd3e607f2d53175e6209c1edc4082126804e0ac06836828c35c84467'}",mock
0xb7dd5237667c1ca90eddc70d3f71aa894009cb97ad5262af1c6ed3b2ecb7d9e7,86000,1,TicketReserved,"{'model_id': 'model_mnist_784_noniid', 'round': 10, 'ticket_id': 308, 'owner': 'acct_10'}",mock
0x4fdab546a6f5eadac573d158b051f98eae248a7c52197f6f4e75876c18e9cfcc,93000,1,UpdatePublished,"{'model_id': 'model_mnist_784_noniid', 'round': 10, 'ticket_id': 308, 'cid': 'sha256:bf74f7024dd4e6a280bf523ee5d330a23f3f8df2acea2793ac757f56f0f16ae1'}",mock
0x1feaf7faff298799e2017d6476ef5e88719310e442d7a052cc22adfa34d0f844,86000,1,TicketReserved,"{'model_id': 'model_mnist_784_noniid', 'round': 10, 'ticket_id': 309, 'owner': 'acct_11'}",mock
0xce19259fe7b6891fdbb6b61ee6be5ddfacd328f5ca65f7bc3578a7ab1df58993,93000,1,UpdatePublished,"{'model_id': 'model_mnist_784_noniid', 'round': 10, 'ticket_id': 309, 'cid': 'sha256:a1bbb1fecc6f2f73e598d941c53a7a2c27d20cb5f665edd01cfac68fcafc74a4'}",mock
0x14235869cf808e3b1dcd35c9ad0b62469b965b29457aa0d9f429235d61222636,86000,1,TicketReserved,"{'model_id': 'model_mnist_784_noniid', 'round': 10, 'ticket_id': 310, 'owner': 'acct_12'}",mock
0x05b23520915dbf7d0622e4a33ec553e557fce9717d0166da0f2db30418a61ffb,93000,1,UpdatePublished,"{'model_id': 'model_mnist_784_noniid', 'round': 10, 'ticket_id': 310, 'cid': 'sha256:37e5c25a9bf7022c682a9bae4fb304ae89350057a482780b666f7282f8f4b29e'}",mock
0x516dd3e2c45da57399435d30e0ba791c2f5cef2496e2755d4ed1622f595c0e64,86000,1,TicketReserved,"{'model_id': 'model_mnist_784_noniid', 'round': 10, 'ticket_id': 311, 'owner': 'acct_15'}",mock
0xc105d60048ea94f780619b9fff70b5da806daef32e647953eedf7ae3f2be176d,93000,1,UpdatePublished,"{'model_id': 'model_mnist_784_noniid', 'round': 10, 'ticket_id': 311, 'cid': 'sha256:0a85abda5ee92dfdbd1f8a49dbc00d636325d4cc486d15eaa4da8b0f1e1b6ec8'}",mock
0xa64ea9de5f842cae7f998cb3188ae61d409007246a87d615234c0cda30231a63,86000,1,TicketReserved,"{'model_id': 'model_mnist_784_noniid', 'round': 10, 'ticket_id': 312, 'owner': 'acct_18'}",mock
0x30edc35953a0e575b009edfc6fd6af977a39eb9f25b40d45737bd88b2cd34796,93000,1,UpdatePublished,"{'model_id': 'model_mnist_784_noniid', 'round': 10, 'ticket_id': 312, 'cid': 'sha256:19c13223324cb27dbe46d5234e02eff44b31b0979d86bef0ff3e714e86cdfc30'}",mock
0x5cf5c4e22dd93ca87b7a2e46bd5d40e889814ea5bab15ac2463915152bcbe473,86000,1,TicketReserved,"{'model_id': 'model_mnist_784_noniid', 'round': 10, 'ticket_id': 313, 'owner': 'acct_21'}",mock
0xeadd9e67f6396067899758798c8f00dd0d68d5c150a88cf6aed89b42cff357d8,93000,1,UpdatePublished,"{'model_id': 'model_mnist_784_noniid', 'round': 10, 'ticket_id': 313, 'cid': 'sha256:cc78bcd838353faab34648139f0c7e1c06f012694b65ce673bd5b7284a6e4cab'}",mock
0x0c0d4c366c75899302b8d09d02950cbb2f7c33f1506bd3ba8e5a07be97d04eb8,86000,1,TicketReserved,"{'model_id': 'model_mnist_784_noniid', 'round': 10, 'ticket_id': 314, 'owner': 'acct_23'}",mock
0x10d037718806d677a4aca40b188a7712a3e517a5146643d5ce10b4a325a9fb91,93000,1,UpdatePublished,"{'model_id': 'model_mnist_784_noniid', 'round': 10, 'ticket_id': 314, 'cid': 'sha256:84ddb14125e9bff748e5831020a297295d44f0505cae2542ecb84f375e76c2bd'}",mock
0xda22b218b9fd7b1ab0d95e46f77cddd5cb8000f9cebd54d05fb6d26b74fccaf8,86000,1,TicketReserved,"{'model_id': 'model_mnist_784_noniid', 'round': 10, 'ticket_id': 315, 'owner': 'acct_25'}",mock
0x5989ce74e6e9def6246c48ac0e9073a3898826c10246c2051e2274df3cff00e6,93000,1,UpdatePublished,"{'model_id': 'model_mnist_784_noniid', 'round': 10, 'ticket_id': 315, 'cid': 'sha256:59e1c7c3d68062a4d0859c35757fb03f3d966b7fc87abbd74d0d7d1ce821f48b'}",mock
0x45833acad60334dad3268ee2a8a3f27566a872c433397f047783a986d1eb7146,86000,1,TicketReserved,"{'model_id': 'model_mnist_784_noniid', 'round': 10, 'ticket_id': 316, 'owner': 'acct_27'}",mock
0x60758e2fd16ed516d346bcbe83daed29b3c2a7b64e7077fd8b7b92e492935100,93000,1,UpdatePublished,"{'model_id': 'model_mnist_784_noniid', 'round': 10, 'ticket_id': 316, 'cid': 'sha256:07f01b84eda68f9197e062d0f16b9d27eb4a21c8967b820b2a958b2dc1454789'}",mock
0xeb8b3d5504f2df76dfd0019d796af2f80e32880f5bb2a8bca9ae2cbc45230db2,86000,1,TicketReserved,"{'model_id': 'model_mnist_784_noniid', 'round': 10, 'ticket_id': 317, 'owner': 'acct_28'}",mock
0x2707ea6b13d810c71c762fe353e07db95c31228237c01569dd9fb763d82099b7,93000,1,UpdatePublished,"{'model_id': 'model_mnist_784_noniid', 'round': 10, 'ticket_id': 317, 'cid': 'sha256:669559d32e83f1ac92f08295fd977c932ce7ea256534829ae679b19eeefce26d'}",mock
0x2a3580f7bb495da8cff0493337bf3e31377c3fe2433b826732044e6389d6fba9,86000,1,TicketReserved,"{'model_id': 'model_mnist_784_noniid', 'round': 10, 'ticket_id': 318, 'owner': 'acct_29'}",mock
0xc7d170af4d58916960d51b559e28f0fba84923f4480dd1596889e2bd90db8133,93000,1,UpdatePublished,"{'model_id': 'model_mnist_784_noniid', 'round': 10, 'ticket_id': 318, 'cid': 'sha256:95431d69afc782fff95dc2522d339a460d9a43f6bd3c0fd88e0b07e01107d349'}",mock
0x52d08c87d0a11e874c52c92ff9a7b7dc940064a4a9a327f11b61ef540604298b,86000,1,TicketReserved,"{'model_id': 'model_mnist_784_noniid', 'round': 10, 'ticket_id': 319, 'owner': 'acct_30'}",mock
0xe802344c0db291bd682ab1e05a39d0b361f35dd24b1a8bb0ca3ed4f498f79693,93000,1,UpdatePublished,"{'model_id': 'model_mnist_784_noniid', 'round': 10, 'ticket_id': 319, 'cid': 'sha256:1a2555bfa06b4007dcec46c09673d2f80d1a42673a6d7d01f512ea66e6c6351f'}",mock
0x86394663f574cfbc1b42a1d27e40651e656485749f3d1b68310d2dde0af8815e,86000,1,TicketReserved,"{'model_id': 'model_mnist_784_noniid', 'round': 10, 'ticket_id': 320, 'owner': 'acct_31'}",mock
0x0ebf99f348907eba8289a6a1b08a2a04825b22603ca75d7fe0fe42f230b5f586,93000,1,UpdatePublished,"{'model_id': 'model_mnist_784_noniid', 'round': 10, 'ticket_id': 320, 'cid': 'sha256:31a01d3ba8907261ae4915b5007655f2353a41c13a3ea52120507406c51cc9cc'}",mock
0x55c0d18e439c273d6010875a7108d90325d710a4529687087c51a9684eb20c36,86000,1,TicketReserved,"{'model_id': 'model_mnist_784_noniid', 'round': 10, 'ticket_id': 321, 'owner': 'acct_32'}",mock
0xa0a03f1c3a05d0604dd4670029cfd885e9259c3ce328822a480be348151b9104,93000,1,UpdatePublished,"{'model_id': 'model_mnist_784_noniid', 'round': 10, 'ticket_id': 321, 'cid': 'sha256:4f2225c6b1d1aab20b2bf156d5a2f8afe0a8501db3c4257467d25fbd25823633'}",mock
0x2121abfc1fa66444ed5bb5bf56b62df68a5e93a29290c263a954c4c80caa95ed,86000,1,TicketReserved,"{'model_id': 'model_mnist_784_noniid', 'round': 10, 'ticket_id': 322, 'owner': 'acct_35'}",mock
0x41deb8bed6323f2f7b40a98dafac1a76f335d0a8df17ad90f75f463644c7306e,93000,1,UpdatePublished,"{'model_id': 'model_mnist_784_noniid', 'round': 10, 'ticket_id': 322, 'cid': 'sha256:11a8b4c125d8a596fb003bec7fdcd846d924e941163e851615742c04bceabb0f'}",mock
0xb12f3992de8e5e648f639c992cae934e41280d23b05158f053d95f957d9fccb2,86000,1,TicketReserved,"{'model_id': 'model_mnist_784_noniid', 'round': 10, 'ticket_id': 323, 'owner': 'acct_36'}",mock
0xe3fd136e8277e4865d7a2d20e70398441e28b2db9289d80e4114d3988f291952,93000,1,UpdatePublished,"{'model_id': 'model_mnist_784_noniid', 'round': 10, 'ticket_id': 323, 'cid': 'sha256:4d6c531992a782e76d605f31ec72bf2b73df05c533d8a7c4c4cc25fca941221d'}",mock
0xaa4c19eba23afd28ab6a98b7f942d44c55bbb88cd1cc3bcc2b3b8195534b9163,86000,1,TicketReserved,"{'model_id': 'model_mnist_784_noniid', 'round': 10, 'ticket_id': 324, 'owner': 'acct_37'}",mock
0x43db113f5505c02f49e167d179b894a44d8ea554442a0ce9f70ce1857333453f,93000,1,UpdatePublished,"{'model_id': 'model_mnist_784_noniid', 'round': 10, 'ticket_id': 324, 'cid': 'sha256:3906b5ee6a5736dfb8696b5e37fcdf50195de3a10976be220253fc34bb110ffc'}",mock
0x6dd34a8db5448c5338997efcc0a1064b172739e44732ff542b46ffcfed5d788e,86000,1,TicketReserved,"{'model_id': 'model_mnist_784_noniid', 'round': 10, 'ticket_id': 325, 'owner': 'acct_38'}",mock
0x909f8158a3b404538c7a2996613185ace633858512292a13eec029f5066daba8,93000,1,UpdatePublished,"{'model_id': 'model_mnist_784_noniid', 'round': 10, 'ticket_id': 325, 'cid': 'sha256:11dcc7170ff8109e8afbf1d1af957cb49ed7881aeca7840343bce0c775a201eb'}",mock
0xb20bfa1f388ad89360b9f199e2d80cc63909fc5d3cf2e877faf2be73ff4d6055,86000,1,TicketReserved,"{'model_id': 'model_mnist_784_noniid', 'round': 10, 'ticket_id': 326, 'owner': 'acct_40'}",mock
0x95acf2828b5f286d294746ee6c113ec4959daa3e4813feabebe188739cb95408,93000,1,UpdatePublished,"{'model_id': 'model_mnist_784_noniid', 'round': 10, 'ticket_id': 326, 'cid': 'sha256:a9008ec8b3ce0720769ccaf26e50cc441b1129d8645273e81cc9c88d2c31b4b9'}",mock
0x908c4778cd1390b9fd7c72c3932e32485143f58bf11400e8e21be8b347759100,86000,1,TicketReserved,"{'model_id': 'model_mnist_784_noniid', 'round': 10, 'ticket_id': 327, 'owner': 'acct_43'}",mock
0x4ae4c37c64ebf919379b8087d09ccecb331b3fad883bbc9f622170652dd0bdb0,93000,1,UpdatePublished,"{'model_id': 'model_mnist_784_noniid', 'round': 10, 'ticket_id': 327, 'cid': 'sha256:60b585b76f0d575116a61d18460c613d82439fd064e5d546ee60cc7ec7ffa1d1'}",mock
0x2d059facf7bd0648b9a924925cba2a9fb9a74b4fe3f3e1ea21a6aa52429a071f,86000,1,TicketReserved,"{'model_id': 'model_mnist_784_noniid', 'round': 10, 'ticket_id': 328, 'owner': 'acct_46'}",mock
0xb2e8797374aa5fbf3b0eb56f0756e8aca7dd74dfc6d3123094ea1981f2de1377,93000,1,UpdatePublished,"{'model_id': 'model_mnist_784_noniid', 'round': 10, 'ticket_id': 328, 'cid': 'sha256:d5bb1924e02162f64680fbca7b6463be2f42ff07ffc51882ced30208c83df62b'}",mock
0x92394aa4f5d5cfa7e4152904e7e1165da1dd9a0d50564c582236b9f44c13dae8,86000,1,TicketReserved,"{'model_id': 'model_mnist_784_noniid', 'round': 10, 'ticket_id': 329, 'owner': 'acct_47'}",mock
0xbd832085206d0514b8a06a65e87248362b2881eb9cb8f4efd7822e844d8b7eb4,93000,1,UpdatePublished,"{'model_id': 'model_mnist_784_noniid', 'round': 10, 'ticket_id': 329, 'cid': 'sha256:1ccd0cc6f2fa6485a73836eafe1f6126406bc2758b120b05ddaff9e719502aaf'}",mock
0x16f17d3288b358c6ee76a6bfd5645f019fd8cd3a87e837a77142b82f31895695,86000,1,TicketReserved,"{'model_id': 'model_mnist_784_noniid', 'round': 10, 'ticket_id': 330, 'owner': 'acct_48'}",mock
0x74d2054d87948549c53ab418561169c026e77a774ca5d1f985e8dfc85e74678b,93000,1,UpdatePublished,"{'model_id': 'model_mnist_784_noniid', 'round': 10, 'ticket_id': 330, 'cid': 'sha256:047ea5c1cb4c46023e7952ac62a5bb554ac385ae34bebf36133da1e995c54c19'}",mock
0xc878e4aee27cd51b1035b92037d189901113087f0950520e0edb2f12907f8c32,86000,1,TicketReserved,"{'model_id': 'model_mnist_784_noniid', 'round': 10, 'ticket_id': 331, 'owner': 'acct_49'}",mock
0xc979ba0d6892b594d242a129940aa59e5a1a85c1c9f5022df31f61cef39afc19,93000,1,UpdatePublished,"{'model_id': 'model_mnist_784_noniid', 'round': 10, 'ticket_id': 331, 'cid': 'sha256:b6ba87b4e3b2b91a267c3fc61b55f4a8239e6dcae70e58a68ba1378dfb11e9b2'}",mock
0x3535363b5663b320cb96448e56a5079b0630e70d9a187caf8abab4a531254eb6,86000,1,TicketReserved,"{'model_id': 'model_mnist_784_noniid', 'round': 10, 'ticket_id': 332, 'owner': 'acct_50'}",mock
0xe1012a3ca160d84e2fbc5e8e3aa0573405e0b2c1c981987b6fc76113060e3a50,93000,1,UpdatePublished,"{'model_id': 'model_mnist_784_noniid', 'round': 10, 'ticket_id': 332, 'cid': 'sha256:87948055ea1c85b9ad2ef64155e56e7c2acba6e1b0c4461e9f4dad1f4a83fe46'}",mock
0xa9c29ed801a923ce1a19ff7d60daa4a0138919c4a2df38764c7e3f7496ec81f7,745000,1,RoundFinalized,"{'model_id': 'model_mnist_784_noniid', 'round': 10, 'included': 31, 'refunds': 31}",mock
0xc41ff54fdcb8d77866a33359fd09c6ad0cad21aeebb8829905c1e8ae64e3c54b,52000,1,RoundFunded,"{'model_id': 'model_mnist_784_noniid', 'amount_wei': 10000000000000000}",mock
0xc633726fb268c8d86e8e648e6e8d0de6f17c2137fe8dcb5a1b5b8ebdfd2fa1a6,86000,1,TicketReserved,"{'model_id': 'model_mnist_784_noniid', 'round': 11, 'ticket_id': 333, 'owner': 'acct_1'}",mock
0xe01b75b6ec9805379d9fa1b2d9adee368b71f31c3e96710ab1818da770e34d4f,93000,1,UpdatePublished,"{'model_id': 'model_mnist_784_noniid', 'round': 11, 'ticket_id': 333, 'cid': 'sha256:8bf3e9e23d9b3c193ba6f7aec05ddf6b1808b7aa619c419967060a1b1754860c'}",mock
0xa9d509945d2db1416e0608399813d7ac03bcc9e40128a1775c1bfb71c6533bdf,86000,1,TicketReserved,"{'model_id': 'model_mnist_784_noniid', 'round': 11, 'ticket_id': 334, 'owner': 'acct_4'}",mock
0x4e0c3362374f73bc41516afd66cc2d972df5a28a4f62530d14f71093c0214608,93000,1,UpdatePublished,"{'model_id': 'model_mnist_784_noniid', 'round': 11, 'ticket_id': 334, 'cid': 'sha256:f2d81cf9aff0f7d23eae2e3e24f41ca1826fd91e457a851000b35e1c823f9158'}",mock
0xaf64b3de012710d9e7956a286f8015975737951b0d3eadffd25b980e60204a5a,86000,1,TicketReserved,"{'model_id': 'model_mnist_784_noniid', 'round': 11, 'ticket_id': 335, 'owner': 'acct_5'}",mock
0x04aabc0c630537bec0701399a3993c0abb898218d851a1187b15907c482e29d8,93000,1,UpdatePublished,"{'model_id': 'model_mnist_784_noniid', 'round': 11, 'ticket_id': 335, 'cid': 'sha256:d294d853b835fd7531fb09250b151299b26080e3ff260f05a640460dc9392506'}",mock
0x678097b7094de9d685980605138e2148ebc0a143f2f9e95b0c7427c55917890e,86000,1,TicketReserved,"{'model_id': 'model_mnist_784_noniid', 'round': 11, 'ticket_id': 336, 'owner': 'acct_7'}",mock
0xe7b2822976eb0ce14591b2db23b87fa7cd802dfe2ad29fe35fbb58ac1fc4defa,93000,1,UpdatePublished,"{'model_id': 'model_mnist_784_noniid', 'round': 11, 'ticket_id': 336, 'cid': 'sha256:1d85981709df04d6d143a78dd0a36f357f610f9687f651faf38364cc3697d3ca'}",mock
0x1311be5e3af368125f9bca93520f7f22bce434680350b5130d9daa729d0d7c2d,86000,1,TicketReserved,"{'model_id': 'model_mnist_784_noniid', 'round': 11, 'ticket_id': 337, 'owner': 'acct_8'}",mock
0x26c6c4999cbb10f662b800ce0bb5d4cab6894a801c0bc85b3e1eb6c72eb16f30,93000,1,UpdatePublished,"{'model_id': 'model_mnist_784_noniid', 'round': 11, 'ticket_id': 337, 'cid': 'sha256:85aa4bb371cc57862c23a57f9ca4f9db746d77954a9bb237c8c4a94f8183d1b3'}",mock
0x7676a7aecfa535e08c1b215772e86b553cdf5ad2e010051dc1f666a35bc48ef0,86000,1,TicketReserved,"{'model_id': 'model_mnist_784_noniid', 'round': 11, 'ticket_id': 338, 'owner': 'acct_10'}",mock
0x097416e3a45e6431b7923303fc549b70474ff9db27e726bb8350c77e7e20c303,93000,1,UpdatePublished,"{'model_id': 'model_mnist_784_noniid', 'round': 11, 'ticket_id': 338, 'cid': 'sha256:fc3f6ae93770fbf8cb768eed45a13f9865065312eafeaac631366ac36c92d2cb'}",mock
0xadcd965839610cbd2fd7ec69af25c8cce8e7b7502805ba1aa07b920cde2fd318,86000,1,TicketReserved,"{'model_id': 'model_mnist_784_noniid', 'round': 11, 'ticket_id': 339, 'owner': 'acct_11'}",mock
0x9bb741b280365fc233312852c8bfd939ab23c61bd6cd19f4c83a57b4b9ae69d8,93000,1,UpdatePublished,"{'model_id': 'model_mnist_784_noniid', 'round': 11, 'ticket_id': 339, 'cid': 'sha256:fad2296afd70bfaec0a4ce86c16b2b9ac66feb8eb4f644cb605c2bce697981c8'}",mock
0xcfd6f06e452f2b63155561db66e156a95eeef2f6085fe59b9399f993f29193ed,86000,1,TicketReserved,"{'model_id': 'model_mnist_784_noniid', 'round': 11, 'ticket_id': 340, 'owner': 'acct_12'}",mock
0x3e9ef1aea0ef586dc892468439dcff7d903d88cabbf5a6698bf8aad435162362,93000,1,UpdatePublished,"{'model_id': 'model_mnist_784_noniid', 'round': 11, 'ticket_id': 340, 'cid': 'sha256:e7afcdef2a28a7faff2cae3b329e2ece9136ade6bf8151cb6d3d7b897d48e331'}",mock
0x914a38b9fa3661617c16ae8612ab8ff640fe80ef4e121e6a061ef001598423d0,86000,1,TicketReserved,"{'model_id': 'model_mnist_784_noniid', 'round': 11, 'ticket_id': 341, 'owner': 'acct_13'}",mock
0x80a81a8a5aee2f27a485b1f94d40f69f0f41a15b2705e3461b30c0af7377ca1c,93000,1,UpdatePublished,"{'model_id': 'model_mnist_784_noniid', 'round': 11, 'ticket_id': 341, 'cid': 'sha256:ce56b0699eaa7c499f7c634a4cf2ab8a36be59586c06952558085aaaa329c809'}",mock
0x98ba72742b8243e89f6bfb8687d20defe83815fe62f126cbc8b3a26f63ba5dcc,86000,1,TicketReserved,"{'model_id': 'model_mnist_784_noniid', 'round': 11, 'ticket_id': 342, 'owner': 'acct_14'}",mock
0xf0c159f2d4c765cc0b7aee2fd4ef2ed581809886d10e2efd7293e26ae66416a1,93000,1,UpdatePublished,"{'model_id': 'model_mnist_784_noniid', 'round': 11, 'ticket_id': 342, 'cid': 'sha256:a9661ff4059fe7c6da9163cc238e867c9b353543465560fe3bbf91bc266ad680'}",mock
0xaa73502f9955a057afe8a88fff93abda30a0b146cbd1817252600c2e83ecaddc,86000,1,TicketReserved,"{'model_id': 'model_mnist_784_noniid', 'round': 11, 'ticket_id': 343, 'owner': 'acct_16'}",mock
0xdbc15a8f6559a6273a08e3163fcc9f14b88d6242d679190f33d69f512c6f098d,93000,1,UpdatePublished,"{'model_id': 'model_mnist_784_noniid', 'round': 11, 'ticket_id': 343, 'cid': 'sha256:841340ebbd81c1fbfd60fe4ecf257a249081a5d41b587e333a2d553a0369e48d'}",mock
0x3a8063aa2d6975506a8a19b2284b6bb6f7c2833d2ef791570916df4e4905dc07,86000,1,TicketReserved,"{'model_id': 'model_mnist_784_noniid', 'round': 11, 'ticket_id': 344, 'owner': 'acct_18'}",mock
0xb1e2207fa7c6db3b2a4c015171b687ff4112a6a949b813f1c0a32af0186adbd4,93000,1,UpdatePublished,"{'model_id': 'model_mnist_784_noniid', 'round': 11, 'ticket_id': 344, 'cid': 'sha256:b9b3cc1c384fe992d3a350c573deac4963caba448eda5a93945af19d31f7894c'}",mock
0x25582bfdee2d22c6937bcb34c645c92256ab0b61615598561636ee12a9f591c4,86000,1,TicketReserved,"{'model_id': 'model_mnist_784_noniid', 'round': 11, 'ticket_id': 345, 'owner': 'acct_20'}",mock
0xd675fd32a05d0fb92c75df1bf4c9d74fcd1a04a38df47d3d2bca69304421b08a,93000,1,UpdatePublished,"{'model_id': 'model_mnist_784_noniid', 'round': 11, 'ticket_id': 345, 'cid': 'sha256:f5e6d61f497342dc2fba16bf9dd83ddc0809bfe39a37a15bfa3b3a7a471f5d32'}",mock
0xd9970d2382f5f162d79e303d11d560f3967794119530e370d2fa7576783e25bb,86000,1,TicketReserved,"{'model_id': 'model_mnist_784_noniid', 'round': 11, 'ticket_id': 346, 'owner': 'acct_23'}",mock
0xd610aa3f930b54df012057b99ffb479d94b7a7ce272e581d69483ff5b8b1257b,93000,1,UpdatePublished,"{'model_id': 'model_mnist_784_noniid', 'round': 11, 'ticket_id': 346, 'cid': 'sha256:31887cf58ec0f3f22d3c0017c6ea2db86ae4ccee025c8d7969c9d12f4b85da7b'}",mock
0x0a302b8313fe48f45e78a3773900269ab6e9c68024da426bd1cdbfa424318c46,86000,1,TicketReserved,"{'model_id': 'model_mnist_784_noniid', 'round': 11, 'ticket_id': 347, 'owner': 'acct_25'}",mock
0xeadf1f5709c22d5419dab1db36fde085cdfb4f1fc12b9bc78b50fc5bd1a6c002,93000,1,UpdatePublished,"{'model_id': 'model_mnist_784_noniid', 'round': 11, 'ticket_id': 347, 'cid': 'sha256:a3daad1723890547d12c3cd6f6a9394fe99774a0d81c15ea4d4b35e602b150dd'}",mock
0x0646b5e0e6508d306a53b07c6dafe10d11a941b536b35a5567b30d0a97060d9f,86000,1,TicketReserved,"{'model_id': 'model_mnist_784_noniid', 'round': 11, 'ticket_id': 348, 'owner': 'acct_26'}",mock
0x2f3bc6091324cb79c7b5eb05d729846a4a9645b4a7aa570c7385e8a8b43d0fbe,93000,1,UpdatePublished,"{'model_id': 'model_mnist_784_noniid', 'round': 11, 'ticket_id': 348, 'cid': 'sha256:747d06ad782b9d2fa243869c49838a643d4118e9c3c9ca883dd2e4868e1a3a06'}",mock
0x587c727ad541837f5a624d5f05c6604557f94fcfbe62f79bcabd96f7c95df4d8,86000,1,TicketReserved,"{'model_id': 'model_mnist_784_noniid', 'round': 11, 'ticket_id': 349, 'owner': 'acct_27'}",mock
0xeb11f9a0c626ff091b9dd7a031e0c8e8c5564b0426af3589143a189ca3a81431,93000,1,UpdatePublished,"{'model_id': 'model_mnist_784_noniid', 'round': 11, 'ticket_id': 349, 'cid': 'sha256:dd50b2279c20cd642495b65adbedb5c29050319f819e78b29f2ed3838384651e'}",mock
0xa8ae4689022506e8b98a2f5637cb9ff14937fa27d1fad36741f87a6e73078543,86000,1,TicketReserved,"{'model_id': 'model_mnist_784_noniid', 'round': 11, 'ticket_id': 350, 'owner': 'acct_28'}",mock
0x10a6e3a010aa11a2d9129cb0903cbe13068dcf569bb1459b50724f4ee7407467,93000,1,UpdatePublished,"{'model_id': 'model_mnist_784_noniid', 'round': 11, 'ticket_id': 350, 'cid': 'sha256:d1a516130f6f058d6b2bac4952d7dbd24b2e4d55cc68822c33fd9b02c056d035'}",mock
0x59ad182d9d023d6c7028df60b462e722d0c36a002164427b4031b446165f2c2b,86000,1,TicketReserved,"{'model_id': 'model_mnist_784_noniid', 'round': 11, 'ticket_id': 351, 'owner': 'acct_29'}",mock
0xe448253159965375e39d7542f93a9efb124a368cd87385ad1c0d5e278901b5e9,93000,1,UpdatePublished,"{'model_id': 'model_mnist_784_noniid', 'round': 11, 'ticket_id': 351, 'cid': 'sha256:cabd26302e25e436913cc836c0e086f2077226a56ba127b8c53de7a6ab1cc8cb'}",mock
0x0c18dc6543a24832127a5d09c36f9c060d074a251ce920d53635be951be3eaf5,86000,1,TicketReserved,"{'model_id': 'model_mnist_784_noniid', 'round': 11, 'ticket_id': 352, 'owner': 'acct_30'}",mock
0x0afec83ecd3d1ac5f2ff750cf76ab0ac9cf52768a2effe1e57253b04477128f7,93000,1,UpdatePublished,"{'model_id': 'model_mnist_784_noniid', 'round': 11, 'ticket_id': 352, 'cid': 'sha256:508ceb463f18832175fc5df459dec46d6ce53a08cbe76b0c72c9ce694cb03fdd'}",mock
0xc56ffa3c9400ccd53a3ad1f890ea683c0e4f397075b3073d329b804650abceba,86000,1,TicketReserved,"{'model_id': 'model_mnist_784_noniid', 'round': 11, 'ticket_id': 353, 'owner': 'acct_33'}",mock
0x4833cc53d6c10a9edfcdd8ffa0c919d9f05debde291e7fe9414aa5f51ff33223,93000,1,UpdatePublished,"{'model_id': 'model_mnist_784_noniid', 'round': 11, 'ticket_id': 353, 'cid': 'sha256:c4f4191072a226538fddd0f7d6bb550b354a68f50827aab7b3d52ab446e5c42c'}",mock
0x9c2f9b14ce5224a31dd5c95039bfa9dddcc52dbb99c203324992fd9ceb25c633,86000,1,TicketReserved,"{'model_id': 'model_mnist_784_noniid', 'round': 11, 'ticket_id': 354, 'owner': 'acct_36'}",mock
0x29139844c3eda7ad723eaf749ba6bc7ecb1b09a23cf441e5c9164f6a76d5b3fd,93000,1,UpdatePublished,"{'model_id': 'model_mnist_784_noniid', 'round': 11, 'ticket_id': 354, 'cid': 'sha256:112fb125404e5989416dcaa03ca884822122ad90e805e3e8c1650db0b86d885f'}",mock
0xa905cd5a4d35ece0457472c7668d24e4eb7b2f6ac7f1a0e9561d199192d96cfc,86000,1,TicketReserved,"{'model_id': 'model_mnist_784_noniid', 'round': 11, 'ticket_id': 355, 'owner': 'acct_38'}",mock
0xddbd8f9500a60483c7bd6fc6eecb90ef87ed3643c9e48487d2477c2ffb0b86df,93000,1,UpdatePublished,"{'model_id': 'model_mnist_784_noniid', 'round': 11, 'ticket_id': 355, 'cid': 'sha256:26a59688bca06f9f74fcf06687763e14e3e15285b78de65bee3c17e39f0cefb8'}",mock
0x08c517fb8bcb810aa6d31e795dea5b22e5651ed8c0bb53db893d31e3bf91bf1e,86000,1,TicketReserved,"{'model_id': 'model_mnist_784_noniid', 'round': 11, 'ticket_id': 356, 'owner': 'acct_40'}",mock
0x80498b851ca11433a8a553a3dd4c8d31b7f9fb6b801bc88eb5062f756d9bb8b8,93000,1,UpdatePublished,"{'model_id': 'model_mnist_784_noniid', 'round': 11, 'ticket_id': 356, 'cid': 'sha256:83a55b6695ad4893ab57ddad1c4ad6d0f232400b7ec9535ee06387bce8cdee66'}",mock
0x391518635f5aab009a2a51fb09e06eb8129b78add776f9b216be7e86fb10a3b8,86000,1,TicketReserved,"{'model_id': 'model_mnist_784_noniid', 'round': 11, 'ticket_id': 357, 'owner': 'acct_41'}",mock
0x96aa1ca07dbd2f2e74da6fc98b2b0545335aacc1a2dd5fd660dbc50907bd2480,93000,1,UpdatePublished,"{'model_id': 'model_mnist_784_noniid', 'round': 11, 'ticket_id': 357, 'cid': 'sha256:985189e7524afc31bbc6774ffe28fb589a42c4abba18ed61c87438f6099ba8c7'}",mock
0xa48ebfca19112af3e05689e6d88be7b8c7fe34c782f5ffe3cdbe8ae966e43f89,86000,1,TicketReserved,"{'model_id': 'model_mnist_784_noniid', 'round': 11, 'ticket_id': 358, 'owner': 'acct_43'}",mock
0x26f9b6074bf0ea2bbc82524ace9818c87045494f1291bdfe043a86a2c4244cc8,93000,1,UpdatePublished,"{'model_id': 'model_mnist_784_noniid', 'round': 11, 'ticket_id': 358, 'cid': 'sha256:2a06261fc7424cf40e6818ef8832c6040b5e4487d90a3ec8cfc82f78d6bf6dc1'}",mock
0xc76f3b3ec8edbb24433b7db732b86329f06a59b25980dcb884cf833c40b64b11,86000,1,TicketReserved,"{'model_id': 'model_mnist_784_noniid', 'round': 11, 'ticket_id': 359, 'owner': 'acct_45'}",mock
0x024ffd326b3995b0f93499ac7fbf7310b8f74f6d6a7acce716237c6267476621,93000,1,UpdatePublished,"{'model_id': 'model_mnist_784_noniid', 'round': 11, 'ticket_id': 359, 'cid': 'sha256:873fc6a13a05d20f3888213e2c5d0a610c18da794a27ec4fbbc6f111c37749cd'}",mock
0x4d438cdf338712cb7595643d75526174690b853f925c9c6c8e3d8461ef30b8c6,86000,1,TicketReserved,"{'model_id': 'model_mnist_784_noniid', 'round': 11, 'ticket_id': 360, 'owner': 'acct_46'}",mock
0xe5a32ab5e1f65d8b1a3962dd86646605dd4cbcf715a7f151b11644527b80f53d,93000,1,UpdatePublished,"{'model_id': 'model_mnist_784_noniid', 'round': 11, 'ticket_id': 360, 'cid': 'sha256:ebf0de35c44dc6bc9533fbe0e4abdb70b22adfecdf30293c520da14279d15a62'}",mock
0xfb9d0a0e391c9a509084bfc3bd2dfb07f6cd751ea850e6c903fa7d199d2cb597,86000,1,TicketReserved,"{'model_id': 'model_mnist_784_noniid', 'round': 11, 'ticket_id': 361, 'owner': 'acct_49'}",mock
0xc5555af313ddd895692b23047ae8a312dbda399c41dcf912cd4538263b8a186e,93000,1,UpdatePublished,"{'model_id': 'model_mnist_784_noniid', 'round': 11, 'ticket_id': 361, 'cid': 'sha256:a7a7c326a1dc322dd1b85901979cd942fca3c34a2e5ff19d9b74dee0be3176ef'}",mock
0xaaf3daef8095c5e3b09d220f2675123c758a501898e8e242c7615dcb6a2d4fc8,86000,1,TicketReserved,"{'model_id': 'model_mnist_784_noniid', 'round': 11, 'ticket_id': 362, 'owner': 'acct_50'}",mock
0x590f4feeaebf62070c5e86a38b1210d2d76ff26fd88975b4a6772c878390a976,93000,1,UpdatePublished,"{'model_id': 'model_mnist_784_noniid', 'round': 11, 'ticket_id': 362, 'cid': 'sha256:c7a3f7a9e8eddc991b8e874a27358cec249f5a57b91637be382df2ff88b21e16'}",mock
0xff0ae0c8020993d618d61f4c9668960492e5766a2d50f7fd8618626931fcecd2,725000,1,RoundFinalized,"{'model_id': 'model_mnist_784_noniid', 'round': 11, 'included': 30, 'refunds': 30}",mock
0xf7536dc4ec11624cec89db7d13fdb8a441e9a1921add072ee4e766334963519f,38000,1,Claimed,"{'model_id': 'model_mnist_784_noniid', 'account': 'acct_1', 'amount_wei': 11963282983444273}",mock
0xdcddca659d865cb80f02ebaceeb1674da8a4d3352c8b8c8176713ce422c4e9cc,38000,1,Claimed,"{'model_id': 'model_mnist_784_noniid', 'account': 'acct_2', 'amount_wei': 10634038154199444}",mock
0xbec4ecdcd29cd69a32097ef6b3f49717f2b9d7169bd6fd1ca6bf556856222f37,38000,1,Claimed,"{'model_id': 'model_mnist_784_noniid', 'account': 'acct_3', 'amount_wei': 9291310988891635}",mock
0xdf153b40e592365498d7e59e21f1751c39598923f7a5f678b95eab12cff0bb20,38000,1,Claimed,"{'model_id': 'model_mnist_784_noniid', 'account': 'acct_4', 'amount_wei': 13372990883071527}",mock
0xd6dcf4e5dacb608c5e92bfd7f0dc4460daabbd665bdba4ac3edcdbd894f07b6b,38000,1,Claimed,"{'model_id': 'model_mnist_784_noniid', 'account': 'acct_5', 'amount_wei': 14674738194899485}",mock
0x0e1bb9b9d426dbbec841369d96b684da9a2f4bf825c039f001e6cdfbf7885e89,38000,1,Claimed,"{'model_id': 'model_mnist_784_noniid', 'account': 'acct_6', 'amount_wei': 6557158567239213}",mock
0xafafd36fbaba4b465cad44a5068c063a7d46506d38ecf889c7e961452a49f1e1,38000,1,Claimed,"{'model_id': 'model_mnist_784_noniid', 'account': 'acct_7', 'amount_wei': 13280558300719591}",mock
0x8e5d72bccb69588dd570aad9fed2850a11f29421b37f596b381b177d00474d70,38000,1,Claimed,"{'model_id': 'model_mnist_784_noniid', 'account': 'acct_8', 'amount_wei': 6591720779220779}",mock
0x5b713d95ef114d56be07b271a5c4cd9d14024b84dedfa598415f15bd28c8ff72,38000,1,Claimed,"{'model_id': 'model_mnist_784_noniid', 'account': 'acct_9', 'amount_wei': 9332461519961519}",mock
0x7c7597d4e6f5b6884b41b7fb8ae221c6f4c9902bb11b4cc9f91b040c9cfef8a5,38000,1,Claimed,"{'model_id': 'model_mnist_784_noniid', 'account': 'acct_10', 'amount_wei': 9393653538814829}",mock
0xb2d4ce277076603469695534dfc5a1bb533c1d2f0010ec456e8b40c4137e4e0c,38000,1,Claimed,"{'model_id': 'model_mnist_784_noniid', 'account': 'acct_11', 'amount_wei': 13365214385375675}",mock
0x9832762ecfd227f7be540383e31376d1261d79231420732a30a31517e9138353,38000,1,Claimed,"{'model_id': 'model_mnist_784_noniid', 'account': 'acct_12', 'amount_wei': 10674592507253797}",mock
0xb88c4c4a7a47dad880fff040a847c4db908feecb2d0ac65a6cc2f669fc028958,38000,1,Claimed,"{'model_id': 'model_mnist_784_noniid', 'account': 'acct_13', 'amount_wei': 10654947352527997}",mock
0x81581d95da94278d52ff854fae1421d372f53e3460ede40a0a8104ef7fa2ded8,38000,1,Claimed,"{'model_id': 'model_mnist_784_noniid', 'account': 'acct_14', 'amount_wei': 9297899307979952}",mock
0xc67b5fde48f07e0c554fda2eefd69aea9145bccda0ffda481dc08c055211a6e6,38000,1,Claimed,"{'model_id': 'model_mnist_784_noniid', 'account': 'acct_15', 'amount_wei': 9318467151128442}",mock
0xf77f2fdfe28b0d907d9a59630b953c2c6ad7116a1c71414db45da31736963911,38000,1,Claimed,"{'model_id': 'model_mnist_784_noniid', 'account': 'acct_16', 'amount_wei': 7975318662818662}",mock
0x1fef7d9142cae36c20c5eaef5fc2e41336a3c598a654adb78acff4580f1de3c1,38000,1,Claimed,"{'model_id': 'model_mnist_784_noniid', 'account': 'acct_17', 'amount_wei': 6713319088319088}",mock
0xe81c7b36bcaed40db01d5c6e5b290077d970181ece62e3abba471a2912931656,38000,1,Claimed,"{'model_id': 'model_mnist_784_noniid', 'account': 'acct_18', 'amount_wei': 11940585773247063}",mock
0x886e0cb23f7b930ae4f7ed3fa2e709f33c520e9efe7eb277080b726544aa9b44,38000,1,Claimed,"{'model_id': 'model_mnist_784_noniid', 'account': 'acct_19', 'amount_wei': 7999033374033374}",mock
0x4675ed9c1f2ecd9ef90ab5794a0a540148fb29b72b28a486566e576f54d2de29,38000,1,Claimed,"{'model_id': 'model_mnist_784_noniid', 'account': 'acct_20', 'amount_wei': 11988375498456142}",mock
0x4b3f3c502943108abe95e4cab2f0496128994b8094a4a3eded851e7eb13dd534,38000,1,Claimed,"{'model_id': 'model_mnist_784_noniid', 'account': 'acct_21', 'amount_wei': 3938110948191594}",mock
0xa814f50901428018b680a40d69fb8bdc128af78ad54fad8fddd756900c79b61c,38000,1,Claimed,"{'model_id': 'model_mnist_784_noniid', 'account': 'acct_22', 'amount_wei': 5308481318561963}",mock
0xc0a761419cdbdda961570bfc8126751717e96a475b4f9c7d703b203d5ef9382d,38000,1,Claimed,"{'model_id': 'model_mnist_784_noniid', 'account': 'acct_23', 'amount_wei': 10645477655558301}",mock
0x5d10d462f3033651b8d900bb302d56aa8ba805ea6d029b8aaf7b6f0039a55624,38000,1,Claimed,"{'model_id': 'model_mnist_784_noniid', 'account': 'acct_24', 'amount_wei': 9335953846034491}",mock
0x06e75d955e82a10d946f258f4585365f69822262752e03c55a17aeb9d37febc4,38000,1,Claimed,"{'model_id': 'model_mnist_784_noniid', 'account': 'acct_25', 'amount_wei': 9427103437184082}",mock
0x6237ad6ded88a0591d95aceaee169519cb9836cc32d914dc638afca63305415c,38000,1,Claimed,"{'model_id': 'model_mnist_784_noniid', 'account': 'acct_26', 'amount_wei': 8056216931216930}",mock
0xda06800ffdf7e72279d6130c4fb6ea824d4f0a267578c9c1ee09eec591b25f1b,38000,1,Claimed,"{'model_id': 'model_mnist_784_noniid', 'account': 'acct_27', 'amount_wei': 13337741857903147}",mock
0xb80d460737be33812fc263920682ca92e996b62bd3dc4fab38e8935c2c21adfb,38000,1,Claimed,"{'model_id': 'model_mnist_784_noniid', 'account': 'acct_28', 'amount_wei': 11981616501777792}",mock
0xf3f87a5dbf16ded83e62bbd73b8ff554e8c87fa67180415c12475a7204e04ec2,38000,1,Claimed,"{'model_id': 'model_mnist_784_noniid', 'account': 'acct_29', 'amount_wei': 10645477655558301}",mock
0x6543d306ad4aa26d96af3fbedd44acc1a6a150e7ba00b7e15f8a0020395a397e,38000,1,Claimed,"{'model_id': 'model_mnist_784_noniid', 'account': 'acct_30', 'amount_wei': 9280412613073903}",mock
0x2365b3796f29496d938cb95bb41af4534cde8f392d2e80835f39d4764162c583,38000,1,Claimed,"{'model_id': 'model_mnist_784_noniid', 'account': 'acct_31', 'amount_wei': 9356787179367825}",mock
0x975528330b6ecf5d3e63afcb846cf3255359bc9d22836e24cf3ab8f486882a2b,38000,1,Claimed,"{'model_id': 'model_mnist_784_noniid', 'account': 'acct_32', 'amount_wei': 7965583475664122}",mock
0x630e4b1dbf878d509b38fa60f7f743464e774328f279e86e692d8e890898e873,38000,1,Claimed,"{'model_id': 'model_mnist_784_noniid', 'account': 'acct_33', 'amount_wei': 10665794853294852}",mock
0xcaf13cd89bc50e977364910ddc27142525e0d31b7991f7e57389b2611a1015a3,38000,1,Claimed,"{'model_id': 'model_mnist_784_noniid', 'account': 'acct_34', 'amount_wei': 4006734006734006}",mock
0x7ae3dc6b197dd025cfb6113d224e6b63f9d8f1cf460a35d1d7a9a5d82e47a442,38000,1,Claimed,"{'model_id': 'model_mnist_784_noniid', 'account': 'acct_35', 'amount_wei': 12018653538814829}",mock
0x00f94831d485ef31d9eac4236a397015f8d6220164a9e7248aa406af1516959c,38000,1,Claimed,"{'model_id': 'model_mnist_784_noniid', 'account': 'acct_36', 'amount_wei': 14637701157862448}",mock
0x074f02c75e0f1ca2e5ba4bb450e166142bba56a4a1e22c298d01c155548ae66d,38000,1,Claimed,"{'model_id': 'model_mnist_784_noniid', 'account': 'acct_37', 'amount_wei': 7951167783829074}",mock
0xb536c940b521a29689aec9fa170a3ac59986a924469daa4c90d4f74228e4260f,38000,1,Claimed,"{'model_id': 'model_mnist_784_noniid', 'account': 'acct_38', 'amount_wei': 8045980378641669}",mock
0x47e8f26eb2d69c52fc3a0791fa4c28590ecee64b71fc9df23df9dd884be53b2f,38000,1,Claimed,"{'model_id': 'model_mnist_784_noniid', 'account': 'acct_39', 'amount_wei': 5367369189949835}",mock
0x81ed2c061af9d0ae2560df58320a9cd9cf0f777fb4c72885543118f6d09be748,38000,1,Claimed,"{'model_id': 'model_mnist_784_noniid', 'account': 'acct_40', 'amount_wei': 10682514692595338}",mock
0x9a87f62150af9103e33808fee7dac1c65df9974cb79ec753b11bf2c604184e34,38000,1,Claimed,"{'model_id': 'model_mnist_784_noniid', 'account': 'acct_41', 'amount_wei': 12002620512701157}",mock
0x3965012a7ae32fb76e3361bbe18a91f1563816ecf4fbabe5c4022c876f639759,38000,1,Claimed,"{'model_id': 'model_mnist_784_noniid', 'account': 'acct_42', 'amount_wei': 6638227513227513}",mock
0x66739193a921a1af57c0aec6652a4ec52638042a320b24833a3b7c1197208092,38000,1,Claimed,"{'model_id': 'model_mnist_784_noniid', 'account': 'acct_43', 'amount_wei': 10579685099846390}",mock
0x3d5c370b775f35acd64e3e1b1b7712df855d7518f24e2b0fdf22b578767470a7,38000,1,Claimed,"{'model_id': 'model_mnist_784_noniid', 'account': 'acct_44', 'amount_wei': 6648308158388803}",mock
0x33151f095533abfebe37e0ebfb9c02f2796adefd267cd3cb8d39a1966ba6979d,38000,1,Claimed,"{'model_id': 'model_mnist_784_noniid', 'account': 'acct_45', 'amount_wei': 5306693306693307}",mock
0xc6a74fe90255866791df121b1237cfee073d31e855d9539679bf41738918ac60,38000,1,Claimed,"{'model_id': 'model_mnist_784_noniid', 'account': 'acct_46', 'amount_wei': 12059207891869182}",mock
0xed7561e1f9b1732479ee6087650f772d9ec2cc34320eae1b6bbf7c663b04dd63,38000,1,Claimed,"{'model_id': 'model_mnist_784_noniid', 'account': 'acct_47', 'amount_wei': 10644194664355955}",mock
0xd9d187f568b1d85ec0c35706a135a855c82fd4b8686d5f25cf62470ac72f60be,38000,1,Claimed,"{'model_id': 'model_mnist_784_noniid', 'account': 'acct_48', 'amount_wei': 9216048736210027}",mock
0xd1782e5243f986388dc9fc5c03be9203444a3f5e268ea981de8b31397ad450e1,38000,1,Claimed,"{'model_id': 'model_mnist_784_noniid', 'account': 'acct_49', 'amount_wei': 9267185099846390}",mock
0x123d1d28bb1fba648c03bf489449b5e110410c46e4c7ae55a441f57f2af89c6f,38000,1,Claimed,"{'model_id': 'model_mnist_784_noniid', 'account': 'acct_50', 'amount_wei': 11963282983444273}",mock
