tx,gas_used,status,event,data,backend
0xbfecccbf5c78efdd3cb75ed541bc52407421eca9d5ed576c78be5c4729ecd651,145000,1,ListingCreated,"{'model_id': 'model_mnist_784_noniid', 'init_cid': 'sha256:e7417794aa108be740bb733ce0b24847f721b240e959c238fee0f16cb48c2898'}",mock
0xbcc82c1a94a9eb737f316bda0d37a2f10f6524658549d97362c789af5bdd3944,52000,1,RoundFunded,"{'model_id': 'model_mnist_784_noniid', 'amount_wei': 10000000000000000}",mock
0x56de5d0aaffb782f2515a3f28de122d0f879f475684d7e1086d645c0ac382fe5,86000,1,TicketReserved,"{'model_id': 'model_mnist_784_noniid', 'round': 0, 'ticket_id': 1, 'owner': 'acct_1'}",mock
0xa9513f15885d141b8f95a5072b501442768c8a9dff6706a0a142ab905321d9d3,93000,1,UpdatePublished,"{'model_id': 'model_mnist_784_noniid', 'round': 0, 'ticket_id': 1, 'cid': 'sha256:3c4053d48ad698129a8067884417107ec7ae3db2ee3aaed77ddea0349abf8c53'}",mock
0x98f417c27981aadb52337c5c01b04d67258b74be09756b7613c1f98e001de5bc,86000,1,TicketReserved,"{'model_id': 'model_mnist_784_noniid', 'round': 0, 'ticket_id': 2, 'owner': 'acct_2'}",mock
0x45a7fd3c3ca05ba12da9f29106174b48f35d0bda234dbe446cd7e583c188ad8a,93000,1,UpdatePublished,"{'model_id': 'model_mnist_784_noniid', 'round': 0, 'ticket_id': 2, 'cid': 'sha256:9fde1d64433d23188b2134d02b66f00a1d3332c996833809fc6de3e408d86cbc'}",mock
0x16ad0475fa80b96c08a184c1a5e1081b2eeeeeff602eda1cfcb58b2846a68706,86000,1,TicketReserved,"{'model_id': 'model_mnist_784_noniid', 'round': 0, 'ticket_id': 3, 'owner': 'acct_3'}",mock
0x4b046286b8a67554f646ccd7e5d757b1ccd70c8c2c36add807fa7329f02301e4,93000,1,UpdatePublished,"{'model_id': 'model_mnist_784_noniid', 'round': 0, 'ticket_id': 3, 'cid': 'sha256:d9a0b0c6356a4cab2e03647aa0b7d7b2c07ca927d1a9a5c7e48d722a179d8c11'}",mock
0xb124742304b2ee9f1e057deb220a654d65bf1b1734a829ce56b6329edca7dee2,86000,1,TicketReserved,"{'model_id': 'model_mnist_784_noniid', 'round': 0, 'ticket_id': 4, 'owner': 'acct_4'}",mock
0x09ed40f7455f1e7beede8f84c1b8cc358b97f2819ed93a14c5cc1f98c8519a6c,93000,1,UpdatePublished,"{'model_id': 'model_mnist_784_noniid', 'round': 0, 'ticket_id': 4, 'cid': 'sha256:379fc2f2f391b9da78d35eeef24c9a573a7013eb87de3c6946ba5b6e512428c6'}",mock
0x867a272bac6c0cb69eb6995e816bf8044b030d706735039f08bf93cfa9235079,86000,1,TicketReserved,"{'model_id': 'model_mnist_784_noniid', 'round': 0, 'ticket_id': 5, 'owner': 'acct_5'}",mock
0xca3deda78ea297bc8c7c0afc367711dc4ca955164d8ddf203dbc1b62b8848396,93000,1,UpdatePublished,"{'model_id': 'model_mnist_784_noniid', 'round': 0, 'ticket_id': 5, 'cid': 'sha256:d15ae1836600c1248c58f78a5179925a08e93f93445d669ea8789aede20fad22'}",mock
0xbaa83c9f322e5fb44f9353acc9597c73afacbac39af8217f9f10aa2a9eb2ac15,86000,1,TicketReserved,"{'model_id': 'model_mnist_784_noniid', 'round': 0, 'ticket_id': 6, 'owner': 'acct_6'}",mock
0x5e4a838692c2485f0671ed2d7a809a73139040c08faadf77676af44f8569a88e,93000,1,UpdatePublished,"{'model_id': 'model_mnist_784_noniid', 'round': 0, 'ticket_id': 6, 'cid': 'sha256:d7b90690ff73c6a404b4688f8f5af161047efa6182dbaf7852c95402c8976d9d'}",mock
0x9297619a5cda300ed034829bdc0829342a50955c2179064c13156a6628ba4928,86000,1,TicketReserved,"{'model_id': 'model_mnist_784_noniid', 'round': 0, 'ticket_id': 7, 'owner': 'acct_7'}",mock
0x73fc8e560f532e29c5b54423fa41ab1d4eb784d081efa765665e547dce7087f4,93000,1,UpdatePublished,"{'model_id': 'model_mnist_784_noniid', 'round': 0, 'ticket_id': 7, 'cid': 'sha256:44cd6a8f8425c068316aa982b43f8311ccf6f63c62a0b859a321ca139b11d65f'}",mock
0xe16252aaef42f14006135fcc8415a0fd2c49a688bd79b23b7c46b852aeabe31b,86000,1,TicketReserved,"{'model_id': 'model_mnist_784_noniid', 'round': 0, 'ticket_id': 8, 'owner': 'acct_8'}",mock
0xebd74b545e33376ab34f03e0e33c0750682fe3b8a6195f376ff042659b6a5c29,93000,1,UpdatePublished,"{'model_id': 'model_mnist_784_noniid', 'round': 0, 'ticket_id': 8, 'cid': 'sha256:e7b7de368a79a511c892a29f4483f26cceb46ddee7e10f40a98e7245ffa2d44b'}",mock
0x58496763de3fd1fc7196101d614e1919f4bb13713d8a00040274b8b634639126,86000,1,TicketReserved,"{'model_id': 'model_mnist_784_noniid', 'round': 0, 'ticket_id': 9, 'owner': 'acct_9'}",mock
0x49dc7eae6ca0b74cdf8675ae5e6c1570584ca92a6fa6857adc487fff3c560efe,93000,1,UpdatePublished,"{'model_id': 'model_mnist_784_noniid', 'round': 0, 'ticket_id': 9, 'cid': 'sha256:13c547c30cf1da13fccc29e5cf043b7e96f9b5ed08e762649e0408ecc1011e66'}",mock
0x55604b9dd8aed0da9a6a5cb4a8b85043b140a9a85f21804c5701054226f2c0be,86000,1,TicketReserved,"{'model_id': 'model_mnist_784_noniid', 'round': 0, 'ticket_id': 10, 'owner': 'acct_10'}",mock
0x161d77ca3ff5f1a48e5c3d1199c36f97aa71ca1252845cb6b294345aec627065,93000,1,UpdatePublished,"{'model_id': 'model_mnist_784_noniid', 'round': 0, 'ticket_id': 10, 'cid': 'sha256:13c839d13e76fa70957b7145c6b047bfa8ce8b838cdf4a6705b54f02f9e4bb85'}",mock
0x4298e397b5de4359f52a18e92ba392b4c2f2d161348a0d56e5b00cbd8544ac8d,86000,1,TicketReserved,"{'model_id': 'model_mnist_784_noniid', 'round': 0, 'ticket_id': 11, 'owner': 'acct_11'}",mock
0x3f0231ebc70907baf0692fcc373266fd4299672181f385503f73f386183f1b79,93000,1,UpdatePublished,"{'model_id': 'model_mnist_784_noniid', 'round': 0, 'ticket_id': 11, 'cid': 'sha256:b9c577f48393e45ff5297699cf28fb4203e86cd2195828a7fce98626451f2a0c'}",mock
0xd610f183ce7b57ed2fc6bd5713c108d3882bbceb982963b0ade812f5efca8624,86000,1,TicketReserved,"{'model_id': 'model_mnist_784_noniid', 'round': 0, 'ticket_id': 12, 'owner': 'acct_12'}",mock
0x7533d0702c21854036e48929188e1113691b48e9e356ec44e52e487cbe301150,93000,1,UpdatePublished,"{'model_id': 'model_mnist_784_noniid', 'round': 0, 'ticket_id': 12, 'cid': 'sha256:90a348b33595213149e7ee2e606028e6e6119373d61b338079a20a17754bd99b'}",mock
0x08dbeabd3d59f480ebce0f46b8957daa985d1719a561338958e6107eaeec1383,86000,1,TicketReserved,"{'model_id': 'model_mnist_784_noniid', 'round': 0, 'ticket_id': 13, 'owner': 'acct_13'}",mock
0x62ccea7bff97dfe510bf69251a22d9388359e7180f2ea2b536d3433a2e233dcf,93000,1,UpdatePublished,"{'model_id': 'model_mnist_784_noniid', 'round': 0, 'ticket_id': 13, 'cid': 'sha256:3e2fbb39805bb9a056c4ba13f483c5dc91a8d13ac2dc885e66923aef974c7559'}",mock
0x19250601c2a6931f9d99f899a3c6f0eb260c7d5459e68c065c2a7ada8b1c6c6a,86000,1,TicketReserved,"{'model_id': 'model_mnist_784_noniid', 'round': 0, 'ticket_id': 14, 'owner': 'acct_14'}",mock
0x1e85266519869c5053d07f462283b5f6ea2c973b9b2190048ce86066451579ce,93000,1,UpdatePublished,"{'model_id': 'model_mnist_784_noniid', 'round': 0, 'ticket_id': 14, 'cid': 'sha256:c1ec5f042dfeda1e1ae6d27ee3d702107dc5783916ab263326c2354cf6c0a74a'}",mock
0x5d13de7b792d93c950a8d76aed191336f8429c424bf7ac3aaa62011527dc4df2,86000,1,TicketReserved,"{'model_id': 'model_mnist_784_noniid', 'round': 0, 'ticket_id': 15, 'owner': 'acct_15'}",mock
0x3bb394da49abdfbfadfc7b540c4f2ad19a2e7b6de96680295362879615589eda,93000,1,UpdatePublished,"{'model_id': 'model_mnist_784_noniid', 'round': 0, 'ticket_id': 15, 'cid': 'sha256:98dac7e972f94f96722b0243f0f4b5e187e4c447ae7b4d9a6fedb3dcd1a84474'}",mock
0xc9de863883afdd3564d39ad72f165e14d9712214c27a3bc5635ff2894e672fbf,86000,1,TicketReserved,"{'model_id': 'model_mnist_784_noniid', 'round': 0, 'ticket_id': 16, 'owner': 'acct_16'}",mock
0xfa7c665c795d58c2d83112abecd1bc30da9494d939fb4918f8f73d23cf79dd2c,93000,1,UpdatePublished,"{'model_id': 'model_mnist_784_noniid', 'round': 0, 'ticket_id': 16, 'cid': 'sha256:c76587f58ff247abf4675732209e908b43cf2043180ef26558528f35200d186f'}",mock
0xa74fd0054fb3c56b39b7d6c54a1394a470d5c34b6249d1429bc2647bc94fd1cc,86000,1,TicketReserved,"{'model_id': 'model_mnist_784_noniid', 'round': 0, 'ticket_id': 17, 'owner': 'acct_17'}",mock
0xeb7f728b2e26bf39fd21f71da19e71d9e29c8631783adc2e03bb78c5499c3dbb,93000,1,UpdatePublished,"{'model_id': 'model_mnist_784_noniid', 'round': 0, 'ticket_id': 17, 'cid': 'sha256:7e03919af095f0c2064a96b3af97e0e2e9c91d5225366d7e33adff867163e64b'}",mock
0x0924c61d1a8940f8c065cc322880778e73828712a937ba49e5d7852f38c75be9,86000,1,TicketReserved,"{'model_id': 'model_mnist_784_noniid', 'round': 0, 'ticket_id': 18, 'owner': 'acct_18'}",mock
0xbbbc772047e2c724507b197a6793b9a42875a58a613b26b4a6e28a5b06141d5b,93000,1,UpdatePublished,"{'model_id': 'model_mnist_784_noniid', 'round': 0, 'ticket_id': 18, 'cid': 'sha256:e0048ba6ae6feae47f26bf50d7e4f70b0cfbd4f0d6e365ca6e11ac75a2e42dcc'}",mock
0x2c54f930d3ac15a6b2117441b923eb90060304f2cd8c5f1db5f462ef16300acb,86000,1,TicketReserved,"{'model_id': 'model_mnist_784_noniid', 'round': 0, 'ticket_id': 19, 'owner': 'acct_19'}",mock
0x52a89c8fe6b17adb2ae6d5a1c20368567d292d24ba4da68734b9ceb6bce2fd60,93000,1,UpdatePublished,"{'model_id': 'model_mnist_784_noniid', 'round': 0, 'ticket_id': 19, 'cid': 'sha256:50184316cbfdf032b87b2e32878a995b3fbe3cad86eea17558255b868f3a02c9'}",mock
0x58527fcd130cc70e2cdca042deaa73a8b944ddb7794b5f9035a44d0506897544,86000,1,TicketReserved,"{'model_id': 'model_mnist_784_noniid', 'round': 0, 'ticket_id': 20, 'owner': 'acct_20'}",mock
0x49e98803a3e76fb0209ef5636f24fd9a3adac5e68eada6db6d5e162f4bd1a3cf,93000,1,UpdatePublished,"{'model_id': 'model_mnist_784_noniid', 'round': 0, 'ticket_id': 20, 'cid': 'sha256:9e655688cc0d06638c621e0930549dcb6e3af5ba7addb159a0d8a5e24a327f35'}",mock
0xadf22da06421dc3eed046f970cc90a1fb596168deec507148b8cebd60c791765,86000,1,TicketReserved,"{'model_id': 'model_mnist_784_noniid', 'round': 0, 'ticket_id': 21, 'owner': 'acct_21'}",mock
0xa7e3a03750beff8d84c9a2eecf35107560129da11e0aee136fc9355a8c342288,93000,1,UpdatePublished,"{'model_id': 'model_mnist_784_noniid', 'round': 0, 'ticket_id': 21, 'cid': 'sha256:9257802f71231e051902b049205c7147d8aeea2910b424f1fe60c1e0ffe56e53'}",mock
0x8acfff3681ee93e7c5c2cc8aae181f37bbeb37f1f863ac852176ab2b7711dbfe,86000,1,TicketReserved,"{'model_id': 'model_mnist_784_noniid', 'round': 0, 'ticket_id': 22, 'owner': 'acct_22'}",mock
0x1b44ed8109dde7546ade1a3e529000e33efeef7b0a39334d58b022e3ae65b999,93000,1,UpdatePublished,"{'model_id': 'model_mnist_784_noniid', 'round': 0, 'ticket_id': 22, 'cid': 'sha256:4b1f90e3a708865580128c9e954682ef7566fd92f7e4a34c3982a57ed1aecd19'}",mock
0xe1ce51d1b9e7bfcc672301a3244b70f7da755d8e67596d12e5e08d987a7b3445,86000,1,TicketReserved,"{'model_id': 'model_mnist_784_noniid', 'round': 0, 'ticket_id': 23, 'owner': 'acct_23'}",mock
0xa20dcd99eada64c14955257e3ef1e69d9b2b36513752f3570ac57b950f8ea7c3,93000,1,UpdatePublished,"{'model_id': 'model_mnist_784_noniid', 'round': 0, 'ticket_id': 23, 'cid': 'sha256:6ca16772b392c33a821056a994bc5220b511e56e2dcc8863db9e1fa0e036999a'}",mock
0xcac21b64df2e93b9458d8b27714560d191b42fbdd3215b802197e777b927813c,86000,1,TicketReserved,"{'model_id': 'model_mnist_784_noniid', 'round': 0, 'ticket_id': 24, 'owner': 'acct_24'}",mock
0x1db53b5c20e34ad0058bc5b27cad72e1222e6a47385d2ffab4de7ea1f437134a,93000,1,UpdatePublished,"{'model_id': 'model_mnist_784_noniid', 'round': 0, 'ticket_id': 24, 'cid': 'sha256:8107a1fb20cca349570f06fd79a2b7972244063dcdd011bf10bb0fe598e40081'}",mock
0x2aeb38b5fc5e49b75266caa6a6048e2d6eacc67edd3db7960fa7078701fbc152,86000,1,TicketReserved,"{'model_id': 'model_mnist_784_noniid', 'round': 0, 'ticket_id': 25, 'owner': 'acct_25'}",mock
0xd9bdb9a70cc906d911ac406328f4959988a7425dee4908e0b347eaf9b0a254bf,93000,1,UpdatePublished,"{'model_id': 'model_mnist_784_noniid', 'round': 0, 'ticket_id': 25, 'cid': 'sha256:dc30b2d10f6864c39dc07dba834bcb668c4b9535d815d1c5cfaeb5217b6baa97'}",mock
0x62c1581a694fa09333038d9ea3b0b1ef3e74d7c5058f2c428d750acde427fff7,86000,1,TicketReserved,"{'model_id': 'model_mnist_784_noniid', 'round': 0, 'ticket_id': 26, 'owner': 'acct_26'}",mock
0xc88015d9e104566608ef99f8268ad021785908a2bb71266a4b91b8cf3eb7a308,93000,1,UpdatePublished,"{'model_id': 'model_mnist_784_noniid', 'round': 0, 'ticket_id': 26, 'cid': 'sha256:228d7ad3352320633b2906af4b48fd80455f6e8a1a03913ae13f50d4d2d9f56d'}",mock
0xfeeedab3f52578c0a0f015632c4038842f28214580f5b39fec08ebeced7c2efa,86000,1,TicketReserved,"{'model_id': 'model_mnist_784_noniid', 'round': 0, 'ticket_id': 27, 'owner': 'acct_27'}",mock
0x3261d7a054f8fddfa9556d5d4d65d58db92f50b43764fe06fe9a48cef16335db,93000,1,UpdatePublished,"{'model_id': 'model_mnist_784_noniid', 'round': 0, 'ticket_id': 27, 'cid': 'sha256:eb15360bba23d2a63b2c0e05b5ca653c9a3781a13005a3e94f50952551ab90b2'}",mock
0xcbc60507315cd1296a60a632e1c6ac8582b94bfa0a2f61ce1f370f5ac04672e5,86000,1,TicketReserved,"{'model_id': 'model_mnist_784_noniid', 'round': 0, 'ticket_id': 28, 'owner': 'acct_28'}",mock
0xbca719d976286da81ed6a35b9b718b8cd0a0dab63cdd59c1357ccd99eec0a7b8,93000,1,UpdatePublished,"{'model_id': 'model_mnist_784_noniid', 'round': 0, 'ticket_id': 28, 'cid': 'sha256:9e0e38301db984a1e234bbaca74dcecbb347800f10bfe9f23188dbc1d2821091'}",mock
0x38ed7c4753f50f61538c61c6a01aa42c5ff04b9b12fae305593f701e4909e032,86000,1,TicketReserved,"{'model_id': 'model_mnist_784_noniid', 'round': 0, 'ticket_id': 29, 'owner': 'acct_29'}",mock
0xd412910bbd7820090fda5095a5e0168ea615dea28d3c38b692684aabe13585c1,93000,1,UpdatePublished,"{'model_id': 'model_mnist_784_noniid', 'round': 0, 'ticket_id': 29, 'cid': 'sha256:332a31dd6ccb0cc91325fc39d00b3ecd7505593514bc055b1f9a3daf230ac935'}",mock
0xd1785e58c76de358ea6b36f67ff6f500e9ec060598f7f5ea2421c7f972f66807,86000,1,TicketReserved,"{'model_id': 'model_mnist_784_noniid', 'round': 0, 'ticket_id': 30, 'owner': 'acct_30'}",mock
0x2bb6106915f3016cd4dce13d8a976e89907bbf46186a545f20f0d439425008c0,93000,1,UpdatePublished,"{'model_id': 'model_mnist_784_noniid', 'round': 0, 'ticket_id': 30, 'cid': 'sha256:bec6ca96b48a5ddc0321c1087d52217e89552cac85c10558e482c7715145da9b'}",mock
0xaa5d17e8538988a5ed6a7ecf5104851b01e280088269066663b68d8dc6d43dd3,86000,1,TicketReserved,"{'model_id': 'model_mnist_784_noniid', 'round': 0, 'ticket_id': 31, 'owner': 'acct_31'}",mock
0xa55c950a0cbb20777ab53c04f5cf2f35679eb438f5d657610226f1b6e4d5c852,93000,1,UpdatePublished,"{'model_id': 'model_mnist_784_noniid', 'round': 0, 'ticket_id': 31, 'cid': 'sha256:7b7898723f435e7d8bfa44e8fddfed567c4768fa1b32831fe9a74d4e04a59d43'}",mock
0x80cdfc217329759921846c0a8364c21900e1c58d09b0945263682a5abec48aff,86000,1,TicketReserved,"{'model_id': 'model_mnist_784_noniid', 'round': 0, 'ticket_id': 32, 'owner': 'acct_32'}",mock
0xc2bf44210cb74b7ea8be821059de3ebd027fc2a4414a0d2fcb24e55b89b39e89,93000,1,UpdatePublished,"{'model_id': 'model_mnist_784_noniid', 'round': 0, 'ticket_id': 32, 'cid': 'sha256:f288ff41cb4ffd5824f61ab150ee340e889ccace42cdbf0a5a0dcaeb964a2e30'}",mock
0xe09fff2ee4df33727c3b7aa70238931ae3d9bfd03620e639ed6753c5a4f4709c,86000,1,TicketReserved,"{'model_id': 'model_mnist_784_noniid', 'round': 0, 'ticket_id': 33, 'owner': 'acct_33'}",mock
0x6368bbcccdf27989759a9a7995a4fb2f6370a6fac166d794861ef75a3573d2b7,93000,1,UpdatePublished,"{'model_id': 'model_mnist_784_noniid', 'round': 0, 'ticket_id': 33, 'cid': 'sha256:209dc196fd9edc3b9e3fdf868c34f5274f72098a5c9678892d26586ccf4b7ee5'}",mock
0xbf113b600ba237869aae560d327b0f2fb8cae854412c3d7c0387c76d4e550a2b,86000,1,TicketReserved,"{'model_id': 'model_mnist_784_noniid', 'round': 0, 'ticket_id': 34, 'owner': 'acct_34'}",mock
0x6b4a9b973f25fb352f392de1a4ad237d7b8675e9068c224bfd53c55139168452,93000,1,UpdatePublished,"{'model_id': 'model_mnist_784_noniid', 'round': 0, 'ticket_id': 34, 'cid': 'sha256:fa34120bc8613f27c442b495cdeae9cd037d168e832b7bdc69180fd519ce6be3'}",mock
0x13df0a6317139d995ca8008e8920e28a8f4a050a6b457fcc7367c1750d935471,86000,1,TicketReserved,"{'model_id': 'model_mnist_784_noniid', 'round': 0, 'ticket_id': 35, 'owner': 'acct_35'}",mock
0xd03594229d76926d00dc7824fdfc38b1b824595f2625376baab6376cc3be3253,93000,1,UpdatePublished,"{'model_id': 'model_mnist_784_noniid', 'round': 0, 'ticket_id': 35, 'cid': 'sha256:66edd3cc8da6bc98573f28a163302ec21625ea1a8a736f079575dca82207ec46'}",mock
0xdb56c0d96a6e279dd0861f7a21285303dff8e9c37407ead6050ed50f9825eab6,86000,1,TicketReserved,"{'model_id': 'model_mnist_784_noniid', 'round': 0, 'ticket_id': 36, 'owner': 'acct_36'}",mock
0x2a71f378d8a06fdd53f887d05552b1b22eb670b29936a657d3bd4df98252960f,93000,1,UpdatePublished,"{'model_id': 'model_mnist_784_noniid', 'round': 0, 'ticket_id': 36, 'cid': 'sha256:8fe0be23314109ca971b0d1e026949a9700a47a11fe21f718a81b2ae12f0df23'}",mock
0x01e4dd9b056c018a2ee75eb5afb88d073726b923e609142a6a005ea33d5608c4,86000,1,TicketReserved,"{'model_id': 'model_mnist_784_noniid', 'round': 0, 'ticket_id': 37, 'owner': 'acct_37'}",mock
0x7ab3bdbe779b76d69dd2af1b4ad9efdff1f641b2735e22c5fdc2c08d83ad1967,93000,1,UpdatePublished,"{'model_id': 'model_mnist_784_noniid', 'round': 0, 'ticket_id': 37, 'cid': 'sha256:8a633b4a0766fcf89b37b5e738495a3b6f850451aa94b7d2292c3c816bca4ead'}",mock
0x2ac3381240414be3afb6db34f99663707d58f117ea4733dbd6f2b2ec134c5d92,86000,1,TicketReserved,"{'model_id': 'model_mnist_784_noniid', 'round': 0, 'ticket_id': 38, 'owner': 'acct_38'}",mock
0x845dadd459fc90ef38c7b1093c28769c781d55007694678a5464ec6b02316491,93000,1,UpdatePublished,"{'model_id': 'model_mnist_784_noniid', 'round': 0, 'ticket_id': 38, 'cid': 'sha256:b73f491577267da85b489cc2595cadab11310063add0d5c60b8d9a843d75fbfc'}",mock
0xaa7542758486693d20c89ff2cbd0ad6adaf586a21a74ffd40837efe8ca5d45a6,86000,1,TicketReserved,"{'model_id': 'model_mnist_784_noniid', 'round': 0, 'ticket_id': 39, 'owner': 'acct_39'}",mock
0x022e3d0195d4e1dfef57848035bbeced1be3a299e58f7b30c843eda4e1482fc3,93000,1,UpdatePublished,"{'model_id': 'model_mnist_784_noniid', 'round': 0, 'ticket_id': 39, 'cid': 'sha256:f6bf9b364b3bd295584abdcfff89434cb0b430fcd32f6f81627d97c0d95d1360'}",mock
0x880a0545d1bc53526357f63271d23c751e5c58309f1657556b06de352f568de0,86000,1,TicketReserved,"{'model_id': 'model_mnist_784_noniid', 'round': 0, 'ticket_id': 40, 'owner': 'acct_40'}",mock
0x301537a59eb9db0a4cf457260e8f35cc121227fdfe864373c924eda667b44221,93000,1,UpdatePublished,"{'model_id': 'model_mnist_784_noniid', 'round': 0, 'ticket_id': 40, 'cid': 'sha256:c91d62756916241b04203dbcae7799862124dc8e5c5b785cda1765375d14d48a'}",mock
0xcc2910efbf12eac1405cb167a1e8924acba165dfa60d902dc8a84fca058c9a60,86000,1,TicketReserved,"{'model_id': 'model_mnist_784_noniid', 'round': 0, 'ticket_id': 41, 'owner': 'acct_41'}",mock
0x9318dbd2b7d99a4cfc8b1254cd980f71c7a0325bd2deb0ca1274ba282fe61ec1,93000,1,UpdatePublished,"{'model_id': 'model_mnist_784_noniid', 'round': 0, 'ticket_id': 41, 'cid': 'sha256:e7b44acf642ac8c56ee9e7b6ba82aa655f588cf6bbf56488bdd15e1d65959744'}",mock
0xff14853a374cdcea37ce43e3f81170f41734337e384914d9d57a04a8f9702c36,86000,1,TicketReserved,"{'model_id': 'model_mnist_784_noniid', 'round': 0, 'ticket_id': 42, 'owner': 'acct_42'}",mock
0xcb04fab68ece97b9816a886e5865ea62d9c9fb69d3afdff8ed3b556e50ef17e9,93000,1,UpdatePublished,"{'model_id': 'model_mnist_784_noniid', 'round': 0, 'ticket_id': 42, 'cid': 'sha256:e2dcad292c679e9c6543db1a942653aa3d0c190f9b7cf70ba805d35cb8980911'}",mock
0x9ea859dc07d20da2e29cd5dea545f8d84a483099e0667bd1d8be669cde8fc352,86000,1,TicketReserved,"{'model_id': 'model_mnist_784_noniid', 'round': 0, 'ticket_id': 43, 'owner': 'acct_43'}",mock
0x5a554c3d673af16b1bf292b68a0686c6e3314b9455056ee43be237857f0c8b3e,93000,1,UpdatePublished,"{'model_id': 'model_mnist_784_noniid', 'round': 0, 'ticket_id': 43, 'cid': 'sha256:c32e3ae73ddd89400279bc68637e746dff87b726859c5d393d083e2b11a90a83'}",mock
0x674e731dc78adaf01b8a58f8cda480c2d6696061599287cd1979a30c7d1ec071,86000,1,TicketReserved,"{'model_id': 'model_mnist_784_noniid', 'round': 0, 'ticket_id': 44, 'owner': 'acct_44'}",mock
0x8a6cf72100b237e9d9e1776c46c9f41f07f3b5c1c33e23a6c6d345f5be3bb229,93000,1,UpdatePublished,"{'model_id': 'model_mnist_784_noniid', 'round': 0, 'ticket_id': 44, 'cid': 'sha256:17eabfcc37a7bd8aeac6bb99aba4d221b37eaea3ad711d0b4ef5581e7f8ce7cc'}",mock
0xcba236cbd0e1445a38241478d5e4762dcb4bcfdc7a9ffa4de3066a4a80696854,86000,1,TicketReserved,"{'model_id': 'model_mnist_784_noniid', 'round': 0, 'ticket_id': 45, 'owner': 'acct_45'}",mock
0x9782d89232fedcdbacd68e24164ac153478c5b58b1805c46b4d9468a353271e7,93000,1,UpdatePublished,"{'model_id': 'model_mnist_784_noniid', 'round': 0, 'ticket_id': 45, 'cid': 'sha256:939126d24abe161954c782b37778f0712d090fcbf6b120bae94fbf6a18c69171'}",mock
0x5050e427fdc7104090cd4d672a6f669b16e796c3f099f7360c230cb74d5165cc,86000,1,TicketReserved,"{'model_id': 'model_mnist_784_noniid', 'round': 0, 'ticket_id': 46, 'owner': 'acct_46'}",mock
0x1b6ff9b0a1d13f7f22f5dc2ebd74d9c660ab0c665fe9a4d824c3e84d661340da,93000,1,UpdatePublished,"{'model_id': 'model_mnist_784_noniid', 'round': 0, 'ticket_id': 46, 'cid': 'sha256:2ac8193a267476d0b07bb2ca83a884a90ae5256fd9ade7d819a052c0388477d3'}",mock
0x7f40204fd38c41e5a1ddad74825953c2bee49eede9475a12169c557708a85f35,86000,1,TicketReserved,"{'model_id': 'model_mnist_784_noniid', 'round': 0, 'ticket_id': 47, 'owner': 'acct_47'}",mock
0x75016efeb50385148b4aa09b3ed1a1c16015b2d5835ff59e44b424c77658e2dc,93000,1,UpdatePublished,"{'model_id': 'model_mnist_784_noniid', 'round': 0, 'ticket_id': 47, 'cid': 'sha256:1b31c6e2d6f46b78d8c5b8657e76b77fbc08a1e3f216ac7daeeebbd50d691d69'}",mock
0x2212c0d2d952b0feb7f8d9a248075fa265a41463b34140493148409e18e7b403,86000,1,TicketReserved,"{'model_id': 'model_mnist_784_noniid', 'round': 0, 'ticket_id': 48, 'owner': 'acct_48'}",mock
0xa21b2ee6ab9fab628f5a864deda5df3086c6c11095dea22711504fca7c182155,93000,1,UpdatePublished,"{'model_id': 'model_mnist_784_noniid', 'round': 0, 'ticket_id': 48, 'cid': 'sha256:2dcc6eb63274df857c4d07397affee24c2f49ebc284164c61843d72f5fa6ba61'}",mock
0xb12042b71ce2b540af4d135bfb20a92f4414a0ff9d81fcca7224cd59d2679252,86000,1,TicketReserved,"{'model_id': 'model_mnist_784_noniid', 'round': 0, 'ticket_id': 49, 'owner': 'acct_49'}",mock
0x342a55ece6b234ab5874b377ea7c4d71beffa915db2c1cf0b5a17bdd01cd1314,93000,1,UpdatePublished,"{'model_id': 'model_mnist_784_noniid', 'round': 0, 'ticket_id': 49, 'cid': 'sha256:9b8f4975a9adbd41d04583666f348c2f6e03e7c6fd1b22c95b8a9bd45a5f73fd'}",mock
0x3e1116adcd604489d4b3c2a40cfaf8a29989fe693cec69e66af502ed1f632d37,86000,1,TicketReserved,"{'model_id': 'model_mnist_784_noniid', 'round': 0, 'ticket_id': 50, 'owner': 'acct_50'}",mock
0x5e5a149edfd60aaa5dd10abb722668b2d99de7d33f4ca3f904acf556d9068b4e,93000,1,UpdatePublished,"{'model_id': 'model_mnist_784_noniid', 'round': 0, 'ticket_id': 50, 'cid': 'sha256:c154a943246aaa272da862b2f730605fe0679dc5ca25286f6231da9fa89ab8bf'}",mock
0x52ff3f4c71d250f92a5df932722e4e32cb9426aa48e39a14dbe94e6fba9f7cd4,1005000,1,RoundFinalized,"{'model_id': 'model_mnist_784_noniid', 'round': 0, 'included': 44, 'refunds': 44}",mock
0x71f665feda0d3d7cb720fe4d93348d1cdc22701e10016d37e7acd279334fa579,52000,1,RoundFunded,"{'model_id': 'model_mnist_784_noniid', 'amount_wei': 10000000000000000}",mock
0xe9f360bb96bb82d8e07d15b01ff2c0988a7851ffeed2f49099854a91dbaa118a,86000,1,TicketReserved,"{'model_id': 'model_mnist_784_noniid', 'round': 1, 'ticket_id': 51, 'owner': 'acct_1'}",mock
0x85b09a3c85cf6f1601f1b5bb4e80158a6cb18c835db72580972ffb049b0b195b,93000,1,UpdatePublished,"{'model_id': 'model_mnist_784_noniid', 'round': 1, 'ticket_id': 51, 'cid': 'sha256:7b4f9815c40409b6edf64f656fca6f3a5db6490cc0584d9f7f03a2a49ec44e49'}",mock
0x11d9d8862a66de95c71548bf12b4563eabfe8b618e4fe6caaaa9067ad7444fe0,86000,1,TicketReserved,"{'model_id': 'model_mnist_784_noniid', 'round': 1, 'ticket_id': 52, 'owner': 'acct_2'}",mock
0x502935f9010a19859aaf360b53e6c588b45c7e4c2fb8f99e2268bbc4ebcd6eed,93000,1,UpdatePublished,"{'model_id': 'model_mnist_784_noniid', 'round': 1, 'ticket_id': 52, 'cid': 'sha256:e3dad596038e4c167693293f35bcc82af7a02b094b441fb9895439971834f052'}",mock
0xc8096c3545211682205ae445a310f45b528a03262dc2f4eafb57670e024ee44a,86000,1,TicketReserved,"{'model_id': 'model_mnist_784_noniid', 'round': 1, 'ticket_id': 53, 'owner': 'acct_3'}",mock
0xce3124502bc6f68886cc300c86075df86a07f3462ba0b3c4062a295130c2b4b6,93000,1,UpdatePublished,"{'model_id': 'model_mnist_784_noniid', 'round': 1, 'ticket_id': 53, 'cid': 'sha256:a595fbc2d1afeb536857c3e00253a9547af97b5cafdf0c50c740af542d7ab660'}",mock
0xe6ea3d71d2394bcfb92000c1a23ca411fe32012f17321831464477e379cb90f3,86000,1,TicketReserved,"{'model_id': 'model_mnist_784_noniid', 'round': 1, 'ticket_id': 54, 'owner': 'acct_4'}",mock
0x7ecdd5a6ab1baa94cde43cd32c67da3284605e747b51dd75ca5abbfdce5c032e,93000,1,UpdatePublished,"{'model_id': 'model_mnist_784_noniid', 'round': 1, 'ticket_id': 54, 'cid': 'sha256:8ba00edd758c310318d3c2c348bf236618f0ff762fd74455dc9e85c2076e683f'}",mock
0xf7d057095451716772256ac8e0daf65852efdc6e39ac49c105c42d32d9ed72ef,86000,1,TicketReserved,"{'model_id': 'model_mnist_784_noniid', 'round': 1, 'ticket_id': 55, 'owner': 'acct_5'}",mock
0x0cc2d9631cef72294da65019c73a6b2927cd812b0a1a8de5ccecc40cf9fe4842,93000,1,UpdatePublished,"{'model_id': 'model_mnist_784_noniid', 'round': 1, 'ticket_id': 55, 'cid': 'sha256:b88ee0d784f29f4b26de8cdba2bcebbbc4416220d5184a53fc77c253a61338b6'}",mock
0x66c1919e693ad733bd04478d36aeee91d02b9aa762535b1b1215ea8c810de330,86000,1,TicketReserved,"{'model_id': 'model_mnist_784_noniid', 'round': 1, 'ticket_id': 56, 'owner': 'acct_6'}",mock
0xb0b1c02c71495a3af6c84192cae86ce289e15e7aad307f7d4696c6239896fb9f,93000,1,UpdatePublished,"{'model_id': 'model_mnist_784_noniid', 'round': 1, 'ticket_id': 56, 'cid': 'sha256:1c3017b72053af96aeda9ecc4609d34ba8d6eb6a9742f351c52af5b82a317418'}",mock
0x2de7fa4aa3a7ac860d4eb4e02088a111b63b39adcdff23c89887f5dab20d092e,86000,1,TicketReserved,"{'model_id': 'model_mnist_784_noniid', 'round': 1, 'ticket_id': 57, 'owner': 'acct_7'}",mock
0xb2819491992480bf87d5457d8abc56cd04e9a9ea61dd090bd7f1023c79901e8c,93000,1,UpdatePublished,"{'model_id': 'model_mnist_784_noniid', 'round': 1, 'ticket_id': 57, 'cid': 'sha256:86e22ba62a587f48d204a5914802662a063a25df1b077d73a636db200c9fbd10'}",mock
0x53a9efe66510937982e8e0815b84ba945e463843363f278b1438212d2b3fc5bc,86000,1,TicketReserved,"{'model_id': 'model_mnist_784_noniid', 'round': 1, 'ticket_id': 58, 'owner': 'acct_8'}",mock
0xb22509aa79775804b60dd51fbe16e048b695e593a3d7e8df2dbe945c152aaec5,93000,1,UpdatePublished,"{'model_id': 'model_mnist_784_noniid', 'round': 1, 'ticket_id': 58, 'cid': 'sha256:7ea3f48451b08a75ddeafa6838367f19010145000847b9687fbe1e3714ec5ce9'}",mock
0xa7fc49b9e4a4cfaa2be035567bf95823216f1b957c99af6a06dcac3a86e4c37a,86000,1,TicketReserved,"{'model_id': 'model_mnist_784_noniid', 'round': 1, 'ticket_id': 59, 'owner': 'acct_9'}",mock
0x00e809fa314af2de92320571822b9a24c51a1304313e052ec8ef80a4dc5f8ba0,93000,1,UpdatePublished,"{'model_id': 'model_mnist_784_noniid', 'round': 1, 'ticket_id': 59, 'cid': 'sha256:9cd270da48abdaf500ee90c5bb242122d4c3df080b4c47cb06b5221e59c29aa4'}",mock
0x1e59ce6428f1d6ca2b3059b080398d9cd4819b9eceb0d9b5eeef854afa128b05,86000,1,TicketReserved,"{'model_id': 'model_mnist_784_noniid', 'round': 1, 'ticket_id': 60, 'owner': 'acct_10'}",mock
0x00562882b6bfd9e55abbe1306c50cbf24926f2e581655698a770beedfb198672,93000,1,UpdatePublished,"{'model_id': 'model_mnist_784_noniid', 'round': 1, 'ticket_id': 60, 'cid': 'sha256:eddc6ae9a3136ad21d10d72193c4c386de9fed2a63dd2776d16373dccd08836f'}",mock
0x9ddc49ef581cd310bfaa831e026413dce87fda6b4db68a0c3b4c6a9459241d95,86000,1,TicketReserved,"{'model_id': 'model_mnist_784_noniid', 'round': 1, 'ticket_id': 61, 'owner': 'acct_11'}",mock
0x5231c36bab8d00fe4a5b885d78a221433bdf6128f371b52a58b9de8fde676531,93000,1,UpdatePublished,"{'model_id': 'model_mnist_784_noniid', 'round': 1, 'ticket_id': 61, 'cid': 'sha256:23a6233ba579e5ebe3067985aea8357c1d4241a52b553122c309d834eb483c0c'}",mock
0x32402d2fdb064c29c9d8a06e03277e62012470d64c72789007402a1731575c71,86000,1,TicketReserved,"{'model_id': 'model_mnist_784_noniid', 'round': 1, 'ticket_id': 62, 'owner': 'acct_12'}",mock
0x1440151e174895f12b44e04c421571c9e17223dd44c88afa03f9ff92834bb075,93000,1,UpdatePublished,"{'model_id': 'model_mnist_784_noniid', 'round': 1, 'ticket_id': 62, 'cid': 'sha256:b4b756abb1e3bbbc8cd9439cfebf0c22164552273160620b29689034c3d8d344'}",mock
0xb20bff4eb64f0437cbae9039dcfc12918f98e3904c8480c9e0f2f2ed08da94de,86000,1,TicketReserved,"{'model_id': 'model_mnist_784_noniid', 'round': 1, 'ticket_id': 63, 'owner': 'acct_13'}",mock
0x443232b961a59576a8f7a47fbea4208ee49177ac5af878bad3b02cf70a514632,93000,1,UpdatePublished,"{'model_id': 'model_mnist_784_noniid', 'round': 1, 'ticket_id': 63, 'cid': 'sha256:a69bcd8c875b5a745e1ed1cd04022f239e8d6bac32b4c6f63d8632ca526b8839'}",mock
0x100e4cf85e7b52e036e6bafcdd304262bdef658822f55d23f8f35cc249c3bf27,86000,1,TicketReserved,"{'model_id': 'model_mnist_784_noniid', 'round': 1, 'ticket_id': 64, 'owner': 'acct_14'}",mock
0x4061f4135e492f5fd4f1aa52257f7effe10a36c2fdfb7d0f1d72b90c139db845,93000,1,UpdatePublished,"{'model_id': 'model_mnist_784_noniid', 'round': 1, 'ticket_id': 64, 'cid': 'sha256:a80c63f7381bf2f720aa263d5c1b0ba5d033d573cb74a034bbeb5993b0f2e343'}",mock
0xef14ebe3384ec4ec693f8142c47dbb3cc8d8cbcca880cc39015ea18b0e410fae,86000,1,TicketReserved,"{'model_id': 'model_mnist_784_noniid', 'round': 1, 'ticket_id': 65, 'owner': 'acct_15'}",mock
0x356a7f26bf27cea457f347efbb5c4ad2d5a954d7d061bbd3a0d02eba44ab94a2,93000,1,UpdatePublished,"{'model_id': 'model_mnist_784_noniid', 'round': 1, 'ticket_id': 65, 'cid': 'sha256:042df03624ac38f1db44b03a3fbbd088087fa38d53fbec826b34c428ef5ccc0d'}",mock
0xff0751f9c38f6e3a40ddb97c1e5e2d6bc7d037d62f3f2b9e60cad055535d5084,86000,1,TicketReserved,"{'model_id': 'model_mnist_784_noniid', 'round': 1, 'ticket_id': 66, 'owner': 'acct_16'}",mock
0xd3ac5f8e4ca2b959600cfecb8c88aada646248d8483fccef88e0b29190a48139,93000,1,UpdatePublished,"{'model_id': 'model_mnist_784_noniid', 'round': 1, 'ticket_id': 66, 'cid': 'sha256:c06d1786a1ae40bdb280501380aec94ad5e4d41973611ab43ca3457b4ff10d79'}",mock
0x725f50c4d57033ba9bd942591478bd7798dd8737341fb4c30a26858abc8a1180,86000,1,TicketReserved,"{'model_id': 'model_mnist_784_noniid', 'round': 1, 'ticket_id': 67, 'owner': 'acct_17'}",mock
0x9aaec732deed95f5fdc123e52cadeeeadda997ec20d420cbd0f3d61e30f85079,93000,1,UpdatePublished,"{'model_id': 'model_mnist_784_noniid', 'round': 1, 'ticket_id': 67, 'cid': 'sha256:b1eeabf542ca955d3c22a73c364696b1675927b0e559644b098178e56468ba86'}",mock
0xaf4794b233b398cd4c8cab5fd9ff8e19e39caa6d04e84ae565c823e292345f70,86000,1,TicketReserved,"{'model_id': 'model_mnist_784_noniid', 'round': 1, 'ticket_id': 68, 'owner': 'acct_18'}",mock
0xf54d634394392899bcc68549ded0bbbd2563575eeb9ad2e27e951c3a3ca65a60,93000,1,UpdatePublished,"{'model_id': 'model_mnist_784_noniid', 'round': 1, 'ticket_id': 68, 'cid': 'sha256:d9b562429fc51b2e59e5397fc2881937743e390232bb46102e17aa9f313848e0'}",mock
0x1cf4865b3cd8bcfc86ae26314a00e477c92638a13822a799d0f471ea51b1117d,86000,1,TicketReserved,"{'model_id': 'model_mnist_784_noniid', 'round': 1, 'ticket_id': 69, 'owner': 'acct_19'}",mock
0x4eeaf7c1d6a98be98de091009ce3042a9e3a9b545f21467ff32c18472b025d75,93000,1,UpdatePublished,"{'model_id': 'model_mnist_784_noniid', 'round': 1, 'ticket_id': 69, 'cid': 'sha256:4409ea10d24652320619d714e9a699f07809a138357d4a62baafa20720725005'}",mock
0x98400e108caf904d012c66340532dbf5adde4fa7c9ee2ba8fd2c4b7baaa4cc86,86000,1,TicketReserved,"{'model_id': 'model_mnist_784_noniid', 'round': 1, 'ticket_id': 70, 'owner': 'acct_20'}",mock
0x72986c9fd408d2f4e86a605614b0b56f3d52dd983205b5b8949f3d35785b47b7,93000,1,UpdatePublished,"{'model_id': 'model_mnist_784_noniid', 'round': 1, 'ticket_id': 70, 'cid': 'sha256:141f6567e096c5fec94662af8b64c84d4c01dfd7a6139cc14bb592b199320df5'}",mock
0x250e725725530c5ae7f85ef890f4bdbc11790da255a8d43598a6317f5fb65fb5,86000,1,TicketReserved,"{'model_id': 'model_mnist_784_noniid', 'round': 1, 'ticket_id': 71, 'owner': 'acct_21'}",mock
0x733231860a360c075586c536fedcf269f01fecda9e08ddf1e1c393d80999a5ab,93000,1,UpdatePublished,"{'model_id': 'model_mnist_784_noniid', 'round': 1, 'ticket_id': 71, 'cid': 'sha256:42e54b4ba6ee84d3a3f6a12c05b98d649c1512354c4f3730796c6bb596a2dad9'}",mock
0x95a8bbbf4b3a230c53a0acd23dbbcf8d910bdc32e97015d88815b03b97fbca8a,86000,1,TicketReserved,"{'model_id': 'model_mnist_784_noniid', 'round': 1, 'ticket_id': 72, 'owner': 'acct_22'}",mock
0xea32cdca2eecf743e5e1a2c183059e65a91a6b387ff2b20175fdb9b32e7b1bc3,93000,1,UpdatePublished,"{'model_id': 'model_mnist_784_noniid', 'round': 1, 'ticket_id': 72, 'cid': 'sha256:7c46bfcbc10be02631c552dc5fdda96f255bdc80661b93ff394a69178834ce38'}",mock
0x692be76086283cf4eb9ade8b3dbc8959ddb121d24d4fcedb3bf6167fdb483f00,86000,1,TicketReserved,"{'model_id': 'model_mnist_784_noniid', 'round': 1, 'ticket_id': 73, 'owner': 'acct_23'}",mock
0x7cc1fc36b3a63f8d833afe872a625a3bc2545dda0baa0a9ff5aba43ac3d575b5,93000,1,UpdatePublished,"{'model_id': 'model_mnist_784_noniid', 'round': 1, 'ticket_id': 73, 'cid': 'sha256:68fabc3b15a644cac37e92ae1c782905165deafdf82a8d598115a2b5e3283a46'}",mock
0x244c9eb6cbdb6a9862195e6e9da67eb33bc660124753a9b9074f35bd7a144a77,86000,1,TicketReserved,"{'model_id': 'model_mnist_784_noniid', 'round': 1, 'ticket_id': 74, 'owner': 'acct_24'}",mock
0xca021ad5a217cbed7a9161c516ed9fc90663687c93a841205f5fc6332fc6a2e0,93000,1,UpdatePublished,"{'model_id': 'model_mnist_784_noniid', 'round': 1, 'ticket_id': 74, 'cid': 'sha256:41010af5e72b8d64769481fcc7b11fa543ca572f657766e007572d6b427a878d'}",mock
0x651702d8ed769d989acf6498ff1cec66dcaefa6348310bc8f7bbdbf4238b898d,86000,1,TicketReserved,"{'model_id': 'model_mnist_784_noniid', 'round': 1, 'ticket_id': 75, 'owner': 'acct_25'}",mock
0x1e20eb9e048e9b2483014d7c20f57d1810416fdc00dd104cf491a45dda4dd160,93000,1,UpdatePublished,"{'model_id': 'model_mnist_784_noniid', 'round': 1, 'ticket_id': 75, 'cid': 'sha256:82012aa2c8f18abadf170b887921eb940ff4ef8ebb3c5d208b44a034c8c1dd1d'}",mock
0x734c14811e1f8302fa6dc4bb8e211f2a14f8ea5237df7bf5a5a0da8fae17e86c,86000,1,TicketReserved,"{'model_id': 'model_mnist_784_noniid', 'round': 1, 'ticket_id': 76, 'owner': 'acct_26'}",mock
0xa5a0467ba1f48a4cb377f58a8145b1228be96d9bea9619827022a617a691210a,93000,1,UpdatePublished,"{'model_id': 'model_mnist_784_noniid', 'round': 1, 'ticket_id': 76, 'cid': 'sha256:8a179cb23142dce7c3c7a3b002889581df1bd351fb194acbd7ec63ac4b76217b'}",mock
0x6e7f0bf90e68ca166d43df04f15e6661f9e53e38ed377dffdfb70b0f688024bc,86000,1,TicketReserved,"{'model_id': 'model_mnist_784_noniid', 'round': 1, 'ticket_id': 77, 'owner': 'acct_27'}",mock
0xf5d2197e8fa8bbe8a12ce74ab5a463a9c0ea9fe57186abc0947bcf90026791bd,93000,1,UpdatePublished,"{'model_id': 'model_mnist_784_noniid', 'round': 1, 'ticket_id': 77, 'cid': 'sha256:ee1418506416c51a8dc7831bb4465c5f9792b3d20192c927871f9a3976d0b548'}",mock
0xc83d22fc3e73958b07c7c534e7854ee4817a2672f2c8324652ece248ef2d6d53,86000,1,TicketReserved,"{'model_id': 'model_mnist_784_noniid', 'round': 1, 'ticket_id': 78, 'owner': 'acct_28'}",mock
0x3d6aee73bd2088b99f62ed37dcae734d098fc0e4e66df03ced14bb11ffe24cc3,93000,1,UpdatePublished,"{'model_id': 'model_mnist_784_noniid', 'round': 1, 'ticket_id': 78, 'cid': 'sha256:08975cdf73e32621517bd047e784a3fb51e7f39f59ed057cdde5c5ff54bba749'}",mock
0xac8eff649b3f61492967b87591ed26616b7caafdbec8b26f3c01c2ab0f4f25f7,86000,1,TicketReserved,"{'model_id': 'model_mnist_784_noniid', 'round': 1, 'ticket_id': 79, 'owner': 'acct_29'}",mock
0x2f0c388f8f71e45fc5177df509ccdfacc0bb44e1a28806629fe741bf44d80539,93000,1,UpdatePublished,"{'model_id': 'model_mnist_784_noniid', 'round': 1, 'ticket_id': 79, 'cid': 'sha256:8c91fbaa3f170ee9cbe63bf698e537b0a2fd28b2d401c52846cdaadc1a912f37'}",mock
0x7c98478858802fd35da0a6ed592e6e12297a92635233c55e6707bf5c33063b7e,86000,1,TicketReserved,"{'model_id': 'model_mnist_784_noniid', 'round': 1, 'ticket_id': 80, 'owner': 'acct_30'}",mock
0xca516c1c39f04b40345640de55ee51badaacde32370c2a3d6fcea25fa9aa1194,93000,1,UpdatePublished,"{'model_id': 'model_mnist_784_noniid', 'round': 1, 'ticket_id': 80, 'cid': 'sha256:6342019b2a7b95fa31bafcd88db6b3e52438f9ad2bb6a2c0017ec877b63d14c9'}",mock
0x361b033c744454e8f662c1022e6fb78862f7b703fcbe49776954f571a7228e63,86000,1,TicketReserved,"{'model_id': 'model_mnist_784_noniid', 'round': 1, 'ticket_id': 81, 'owner': 'acct_31'}",mock
0x17bf4259a869af9da1f31f74e75d1e014af27a8de59fd26e12e24ba96c9f07ad,93000,1,UpdatePublished,"{'model_id': 'model_mnist_784_noniid', 'round': 1, 'ticket_id': 81, 'cid': 'sha256:32c8d364e2afc1543cbc7e14ec6e433ed6192d1c2e293349c867a4698b457d6f'}",mock
0x2a34492a2df7691533370f5f794e4dbd0d81506930d466ca6278c67698704ba2,86000,1,TicketReserved,"{'model_id': 'model_mnist_784_noniid', 'round': 1, 'ticket_id': 82, 'owner': 'acct_32'}",mock
0x169d119feb6b8101305fa2f5942b11eac9bf29745c2abe114d0547cf9687844d,93000,1,UpdatePublished,"{'model_id': 'model_mnist_784_noniid', 'round': 1, 'ticket_id': 82, 'cid': 'sha256:3d0230e00ce15d0ceb01ddeb53512c775a945f9121df9cca0886e5727d3c8074'}",mock
0xf8abb91328cfb43f380483969b6624bf4c1ca9bbce54a507ddb3977dd9c260f4,86000,1,TicketReserved,"{'model_id': 'model_mnist_784_noniid', 'round': 1, 'ticket_id': 83, 'owner': 'acct_33'}",mock
0xeec8f0da0918e5ca8121b95b2a527833ac5e860f6f0c9924fc7a0c891f02a364,93000,1,UpdatePublished,"{'model_id': 'model_mnist_784_noniid', 'round': 1, 'ticket_id': 83, 'cid': 'sha256:4edb85a2e2702f17889efb8343b72e7f27267ca96101b8a1c6547e932771ccb2'}",mock
0x77854a1028e1c007842c6320f796fe447d5bec511660f48e48658c2d2a9734ba,86000,1,TicketReserved,"{'model_id': 'model_mnist_784_noniid', 'round': 1, 'ticket_id': 84, 'owner': 'acct_34'}",mock
0x5612cc40b7948fc8bb4b454443bbd698e0285c0eb3f1f8615565e62f1b14eabe,93000,1,UpdatePublished,"{'model_id': 'model_mnist_784_noniid', 'round': 1, 'ticket_id': 84, 'cid': 'sha256:e6a282a36938cf9fb65e6954761660dc0bc820f10d8da60f475408f2930a3f6b'}",mock
0x229d300ddc2aef5f61ef70ee50f8747d5ac15769766b336b1d6de4e268f8f41d,86000,1,TicketReserved,"{'model_id': 'model_mnist_784_noniid', 'round': 1, 'ticket_id': 85, 'owner': 'acct_35'}",mock
0xb565a79af1f1142bbedd6024882cdebbf765c9e0932f2bc954373837d75b917f,93000,1,UpdatePublished,"{'model_id': 'model_mnist_784_noniid', 'round': 1, 'ticket_id': 85, 'cid': 'sha256:80706c58bf93b09d31b80bbf4860f29507b2448454be4c74bbc21379a91c2ec4'}",mock
0xe0dc2e6fe3581081bffed1da0eacc65f405cfc8964d24b933b159eb3208c88dd,86000,1,TicketReserved,"{'model_id': 'model_mnist_784_noniid', 'round': 1, 'ticket_id': 86, 'owner': 'acct_36'}",mock
0x26888052bbc682922ca8a6e35894a8895a82b82cc945bf34164a4bbc2cae7a25,93000,1,UpdatePublished,"{'model_id': 'model_mnist_784_noniid', 'round': 1, 'ticket_id': 86, 'cid': 'sha256:0bdbf9a6f77520936c38b61e5e368fa4145f786c0bfa7f411e6b869f16164aab'}",mock
0x2bcfd7566d1cddaf2f3bbe2ebba4f8f17c4df33fec0c25ad16a2224ea4b857ed,86000,1,TicketReserved,"{'model_id': 'model_mnist_784_noniid', 'round': 1, 'ticket_id': 87, 'owner': 'acct_37'}",mock
0x2e373a37255a47288f94a9400fc7d02d5756a39fc2c0666a968476c8479b6f99,93000,1,UpdatePublished,"{'model_id': 'model_mnist_784_noniid', 'round': 1, 'ticket_id': 87, 'cid': 'sha256:9b93cc6b0179d4bdc8e9d6acd0204680ed91d07436b3e705ab0a5e18a1fbcdf8'}",mock
0xf5f53a85bfe6b7e427610b460233e7be60498a2a54ba2010ad231de31bf144ca,86000,1,TicketReserved,"{'model_id': 'model_mnist_784_noniid', 'round': 1, 'ticket_id': 88, 'owner': 'acct_38'}",mock
0x290d697925e005d582285820d52a4ee43cc09dabbaa31e4ea1b8125214804b97,93000,1,UpdatePublished,"{'model_id': 'model_mnist_784_noniid', 'round': 1, 'ticket_id': 88, 'cid': 'sha256:0e0d22a87d967cdbaae429fbe5bbd35e73d73dc474628f55c38b6bfa75ee1887'}",mock
0x2c78d44b585c2d8cb7e2cd160b21bf585685ffcd8e166333d39be1a3f59eef3a,86000,1,TicketReserved,"{'model_id': 'model_mnist_784_noniid', 'round': 1, 'ticket_id': 89, 'owner': 'acct_39'}",mock
0x9d65576907dfde98f530dfc2942946be297bd46a17251cee50f74e7a59f04fe3,93000,1,UpdatePublished,"{'model_id': 'model_mnist_784_noniid', 'round': 1, 'ticket_id': 89, 'cid': 'sha256:77c262cb65566a668c76905cc4be4893f27cb6ba594e59809420a6245b35345c'}",mock
0x422b8000d2f0dbb4c833db06230723650777d83b890ed6182d08aa3c6b4ffa92,86000,1,TicketReserved,"{'model_id': 'model_mnist_784_noniid', 'round': 1, 'ticket_id': 90, 'owner': 'acct_40'}",mock
0x86aca23e20384bc42ad1002ca73bbf89cf5e6717943809de485ebca9deab8c5a,93000,1,UpdatePublished,"{'model_id': 'model_mnist_784_noniid', 'round': 1, 'ticket_id': 90, 'cid': 'sha256:5bb5a5e6adc71bd4f16841bc35e44ac65053a62c910b3dc9afefeb64368b845d'}",mock
0x30bc77af512a193ea7d2f6dcf1ebc27689cbb3e57393290d1ad0a785068a2b15,86000,1,TicketReserved,"{'model_id': 'model_mnist_784_noniid', 'round': 1, 'ticket_id': 91, 'owner': 'acct_41'}",mock
0x493ba4da714c7bb460967c5b0d6a1e84d2d804dfbb7dad5d480f049d71cd6136,93000,1,UpdatePublished,"{'model_id': 'model_mnist_784_noniid', 'round': 1, 'ticket_id': 91, 'cid': 'sha256:d292cfdceecc63cc6606888b2a5252a7c612ec6d6191014488601a21af88a026'}",mock
0xe76026244b7e0994bb9ba9f51e6669fd6caa4e334434df940b0bcbd70c85c201,86000,1,TicketReserved,"{'model_id': 'model_mnist_784_noniid', 'round': 1, 'ticket_id': 92, 'owner': 'acct_42'}",mock
0xc44cca972eedaa7fd1722fd9f4cd30b22a95bae234747dda7683f0bb24bcbf16,93000,1,UpdatePublished,"{'model_id': 'model_mnist_784_noniid', 'round': 1, 'ticket_id': 92, 'cid': 'sha256:26c7b4d60e5fc982a77cbbefde53d1852b4333f3b8c6c8f8b1ac878e11a0012d'}",mock
0xc92134fe66e2bbc6669b020811759e49082e8e67acdf7bcf64c327cefbe4ed81,86000,1,TicketReserved,"{'model_id': 'model_mnist_784_noniid', 'round': 1, 'ticket_id': 93, 'owner': 'acct_43'}",mock
0xf84c19426c6dd91b4d15634ad9763fcc40506357bd0e6bf1714d4192cf249788,93000,1,UpdatePublished,"{'model_id': 'model_mnist_784_noniid', 'round': 1, 'ticket_id': 93, 'cid': 'sha256:7048bc94376d6ea009a08899da10d872a2844b63b7694aa077739070713b7817'}",mock
0xb9a304f063ae89dce7dd4fd67082c16e466b6209ddf99fc8f57db0047138a508,86000,1,TicketReserved,"{'model_id': 'model_mnist_784_noniid', 'round': 1, 'ticket_id': 94, 'owner': 'acct_44'}",mock
0x1df16dbc77bd726ba161a70ea37fc0c74b1a95c7133dffeaeb20bd97e36de980,93000,1,UpdatePublished,"{'model_id': 'model_mnist_784_noniid', 'round': 1, 'ticket_id': 94, 'cid': 'sha256:2bdfd25d2095aae8d9de64c4f86a098bb88ef996e69f546417e52a60d7ae1958'}",mock
0xf0294249f3cefa8e0581fb837eecd3b77827a632ba5e5349b0c653c46ab43965,86000,1,TicketReserved,"{'model_id': 'model_mnist_784_noniid', 'round': 1, 'ticket_id': 95, 'owner': 'acct_45'}",mock
0x4a8cd4236605d0bd4d815d2df205a2e20cdf2ad388acc722d204013daf0253a8,93000,1,UpdatePublished,"{'model_id': 'model_mnist_784_noniid', 'round': 1, 'ticket_id': 95, 'cid': 'sha256:5a77ab5f19463b9a0930c1b09b7b5c94dce6b442011a4d008ca0ae7d880128a2'}",mock
0x436889d1477cbcfa367689431be117bf2b2b8365cec8d12cb623f1263aa8921b,86000,1,TicketReserved,"{'model_id': 'model_mnist_784_noniid', 'round': 1, 'ticket_id': 96, 'owner': 'acct_46'}",mock
0x95d647fcdfb0b4ef929ae5f57c129ee5942ff21b4d20b089196e26e6316f06ff,93000,1,UpdatePublished,"{'model_id': 'model_mnist_784_noniid', 'round': 1, 'ticket_id': 96, 'cid': 'sha256:7f81881f85667e1cb6b0de62e26e16f5eeb0faa7d183b0391d74f33755b12854'}",mock
0x7685068a5a3bdb901beef14a2a37fc0509def5396ff332e3fa124a65f4689b84,86000,1,TicketReserved,"{'model_id': 'model_mnist_784_noniid', 'round': 1, 'ticket_id': 97, 'owner': 'acct_47'}",mock
0x42fd0f4ac28f0dbdc971a3b827544e77201f2b012c1cd592029782ae46a6ffc8,93000,1,UpdatePublished,"{'model_id': 'model_mnist_784_noniid', 'round': 1, 'ticket_id': 97, 'cid': 'sha256:ef36f43fc4131939b2d864a3a1e067fedfb40657b431d1ef9f9cc17d578dd81f'}",mock
0xf9668b61fb0c4eeb4ed4bb74c08895ada523a15ef37d84aa4d8f97f0d2766db9,86000,1,TicketReserved,"{'model_id': 'model_mnist_784_noniid', 'round': 1, 'ticket_id': 98, 'owner': 'acct_48'}",mock
0x8fa98268bde80335513718fa94a1621ab01701492eb6cbbc70c2d919fc47b0cc,93000,1,UpdatePublished,"{'model_id': 'model_mnist_784_noniid', 'round': 1, 'ticket_id': 98, 'cid': 'sha256:956d7f934dc420bbe2bcfd35f76a73063878e658455417df1e547c7c3cedd273'}",mock
0xd39d755a5f639dcd55143bf8fad453a76936c9fc3e5642c1c845961d71a84a38,86000,1,TicketReserved,"{'model_id': 'model_mnist_784_noniid', 'round': 1, 'ticket_id': 99, 'owner': 'acct_49'}",mock
0x7fe6c06e80dbc325567f4afa016a2521035bba95a3db8f4edb54be2ce9ee4735,93000,1,UpdatePublished,"{'model_id': 'model_mnist_784_noniid', 'round': 1, 'ticket_id': 99, 'cid': 'sha256:411949b4d28f119693659f8c6442727267283417348ed506cab29f845a6ba673'}",mock
0x8336c84979745cf9a3a50f9f3f744fd03cb62690f26ece25a095b232058d842a,86000,1,TicketReserved,"{'model_id': 'model_mnist_784_noniid', 'round': 1, 'ticket_id': 100, 'owner': 'acct_50'}",mock
0x481d97264d66fe32b2e64dec36e800b01b793710e44328b51252e29381a5f359,93000,1,UpdatePublished,"{'model_id': 'model_mnist_784_noniid', 'round': 1, 'ticket_id': 100, 'cid': 'sha256:dfa5363d8ab1275985b6e5d1b656d3b5077b87e211f440f0106f05abbc92d9be'}",mock
0x8b144c8f5b3519f7970ed0c0c8e95ce472cfb44939c361b041c6771bd03e691f,1065000,1,RoundFinalized,"{'model_id': 'model_mnist_784_noniid', 'round': 1, 'included': 47, 'refunds': 47}",mock
0xccec27948ecf60112e48c2580899cfc401411e2e782104b0531babc277aef74e,52000,1,RoundFunded,"{'model_id': 'model_mnist_784_noniid', 'amount_wei': 10000000000000000}",mock
0x78a6943ed2a973cf52c3bc7bdd398057d51b471e0cd521c1668400bc83d39867,86000,1,TicketReserved,"{'model_id': 'model_mnist_784_noniid', 'round': 2, 'ticket_id': 101, 'owner': 'acct_1'}",mock
0xc5af4d32ad60c650378e327a7af7a5b606e0bfff4c62a996c7457385b7dc608b,93000,1,UpdatePublished,"{'model_id': 'model_mnist_784_noniid', 'round': 2, 'ticket_id': 101, 'cid': 'sha256:8f0a6e0976b14b56fcc83480cb6c98423e79764942ed582ce0050e9afaba61ea'}",mock
0x2141564aa12bf6207614efca5b526938fed4353ee700c1b9dd0d4389595f08a5,86000,1,TicketReserved,"{'model_id': 'model_mnist_784_noniid', 'round': 2, 'ticket_id': 102, 'owner': 'acct_2'}",mock
0x89db90ab34ffa5447b61674b8602bf8c2ce4ecf3251cd686ded311e7771ac7e0,93000,1,UpdatePublished,"{'model_id': 'model_mnist_784_noniid', 'round': 2, 'ticket_id': 102, 'cid': 'sha256:9da66c6a188798bf953175c071b78c61d965a2e8fbe6a37175ebafe747605fa2'}",mock
0x84edbb1a55b34c4372a3f680a13a73fa12cd4db86b430d97fffb9e72ff554b76,86000,1,TicketReserved,"{'model_id': 'model_mnist_784_noniid', 'round': 2, 'ticket_id': 103, 'owner': 'acct_3'}",mock
0x57ac1130edbeca934e0872e39b75bbccf175943e87045f472ad18600a2b15ea3,93000,1,UpdatePublished,"{'model_id': 'model_mnist_784_noniid', 'round': 2, 'ticket_id': 103, 'cid': 'sha256:9707f6a1c9f44a1237c0c887a6dac4edf8d236f89db0ec0380db75e7cbac3020'}",mock
0xd6c30133bfe8a680c89793e14e20610f75646de0e040049410e3506c6138875e,86000,1,TicketReserved,"{'model_id': 'model_mnist_784_noniid', 'round': 2, 'ticket_id': 104, 'owner': 'acct_4'}",mock
0x6ffb3be65b365f8a24b9c858214783eff02981497c9297879962a8a277efccb2,93000,1,UpdatePublished,"{'model_id': 'model_mnist_784_noniid', 'round': 2, 'ticket_id': 104, 'cid': 'sha256:02eedcbb195c4cf9d28ce7ed0f36408dabe0faa8af038fd301746e0fac8c0737'}",mock
0x46b8065d063777460904bc77e20aaa64914b799cc69bf0282f004ffe86ebe69e,86000,1,TicketReserved,"{'model_id': 'model_mnist_784_noniid', 'round': 2, 'ticket_id': 105, 'owner': 'acct_5'}",mock
0x16169cffa603bad29d46a842b5283908e662dad535a1c140849077a043e9919d,93000,1,UpdatePublished,"{'model_id': 'model_mnist_784_noniid', 'round': 2, 'ticket_id': 105, 'cid': 'sha256:b6ed69ed51c506c62bb214c558dd14ea875145b23d20e4eefb0dbe8f3ce6df32'}",mock
0x99d38fc48fea64180e27c2cbdf834fec287260b132c6c601490c7af12e7f2af0,86000,1,TicketReserved,"{'model_id': 'model_mnist_784_noniid', 'round': 2, 'ticket_id': 106, 'owner': 'acct_6'}",mock
0x2961e1d22afbbf5189c2921876e498a9e758a77a09ab00758d07ef9c7b6a77bd,93000,1,UpdatePublished,"{'model_id': 'model_mnist_784_noniid', 'round': 2, 'ticket_id': 106, 'cid': 'sha256:049f007fbe0c62e04f0b133a4827fbc6825fae0a17f1b8f1703b6e3b3e656d92'}",mock
0xafaef37dd987a44bf949a968b7ece858a513d4fb511c7f246d4b5cd4c66a74cb,86000,1,TicketReserved,"{'model_id': 'model_mnist_784_noniid', 'round': 2, 'ticket_id': 107, 'owner': 'acct_7'}",mock
0x84123c18e32a4a23d795e2136fc5065b8f1f09535a634b3bb5dda46dc2215859,93000,1,UpdatePublished,"{'model_id': 'model_mnist_784_noniid', 'round': 2, 'ticket_id': 107, 'cid': 'sha256:f38673dfc3e8ea431c58c5686a804cc1adadd6f84bf5d789026c050b5ce656da'}",mock
0x965e8ef5766faf405c8b854d46ca5a125203249ac6fa958b962799051e459e74,86000,1,TicketReserved,"{'model_id': 'model_mnist_784_noniid', 'round': 2, 'ticket_id': 108, 'owner': 'acct_8'}",mock
0x5e127a6c89db451782f07b1bfc22c9c46319f4a71a03bc6a5cc0b8ed7305863d,93000,1,UpdatePublished,"{'model_id': 'model_mnist_784_noniid', 'round': 2, 'ticket_id': 108, 'cid': 'sha256:73c9d3d5d12e7a8b65ba55e65076c4c56714b910f8f388e8121477ba6751f1ea'}",mock
0x32d5cfe47776b2985b4620e70cb00107ba1078a3b45b807129189403030a93f3,86000,1,TicketReserved,"{'model_id': 'model_mnist_784_noniid', 'round': 2, 'ticket_id': 109, 'owner': 'acct_9'}",mock
0x243317f48a479bfd4c1259f015513f8bd0d0e6da14c83c5142cb71736ded0f23,93000,1,UpdatePublished,"{'model_id': 'model_mnist_784_noniid', 'round': 2, 'ticket_id': 109, 'cid': 'sha256:0b056e056146b09d72a68fcdad9ef6469464d067ea056c9e003eb49b5e82c92a'}",mock
0xcaca70f4d044976f4209c07b7adf5f9887f1d6dbbd46fe5b2f4b2fdc094f6196,86000,1,TicketReserved,"{'model_id': 'model_mnist_784_noniid', 'round': 2, 'ticket_id': 110, 'owner': 'acct_10'}",mock
0x13ef2d903c1b53f9bd16f2b55f821808b94a4144402a430ebe9404eb17be2feb,93000,1,UpdatePublished,"{'model_id': 'model_mnist_784_noniid', 'round': 2, 'ticket_id': 110, 'cid': 'sha256:4e40e513b692ab86d47dc1cfe9ff89b3b2e0b878e4f2f393fff60715bca8924b'}",mock
0x0bca25c553b00f210b158c652ff733d453174bcc7e253066b0bef4068e0f3c34,86000,1,TicketReserved,"{'model_id': 'model_mnist_784_noniid', 'round': 2, 'ticket_id': 111, 'owner': 'acct_11'}",mock
0xbdb5c75d70a816672df6d583fcfa5ceee652f9396a85a5d2eaf98aede4169cc9,93000,1,UpdatePublished,"{'model_id': 'model_mnist_784_noniid', 'round': 2, 'ticket_id': 111, 'cid': 'sha256:70ea60eb57226bcce00ef0a9d77b83b478d0ff08effd531197a2df6ed6f22948'}",mock
0xa968c802fca3ee3ee5a18fb89ae882b2def2b39ab667e34da027def4575e3964,86000,1,TicketReserved,"{'model_id': 'model_mnist_784_noniid', 'round': 2, 'ticket_id': 112, 'owner': 'acct_12'}",mock
0x3ca3760d99f499f47138a5230ef8d93332997906d819d775a8d5e062642badee,93000,1,UpdatePublished,"{'model_id': 'model_mnist_784_noniid', 'round': 2, 'ticket_id': 112, 'cid': 'sha256:55af534ace26bc8aa73ef3cb4132ff91a6d852ff53a88547c378be3c18a349d9'}",mock
0xc768d3086a7b3ca0c81fa4a0b0055e9b11c838c6c1fd530d1665e516ae601c84,86000,1,TicketReserved,"{'model_id': 'model_mnist_784_noniid', 'round': 2, 'ticket_id': 113, 'owner': 'acct_13'}",mock
0x042d335650b9320e7bd1c4afbf0c8342b0123466a177313d55c5df08d5263fcf,93000,1,UpdatePublished,"{'model_id': 'model_mnist_784_noniid', 'round': 2, 'ticket_id': 113, 'cid': 'sha256:7a2a93fd8a7cf3ecbfec5a6c713b9ec5800c752b1f0478ca54e2cd167df17252'}",mock
0x5237c45f144b4d1cbacb8e17c62635868ee76b54e2117573ac25406129166da1,86000,1,TicketReserved,"{'model_id': 'model_mnist_784_noniid', 'round': 2, 'ticket_id': 114, 'owner': 'acct_14'}",mock
0xa81d1df67a7f763787e3f821559f8446282b0d8fe18c709fa6c74ea21b8e926d,93000,1,UpdatePublished,"{'model_id': 'model_mnist_784_noniid', 'round': 2, 'ticket_id': 114, 'cid': 'sha256:57aa918e5c4d5304e63e5c191d195f26b5407e8bfd240a6385b292184eae1658'}",mock
0xf90faa52eda7191bf37163e9660795e7e3cb3f05ee9afe37ae67c58e99e0c60a,86000,1,TicketReserved,"{'model_id': 'model_mnist_784_noniid', 'round': 2, 'ticket_id': 115, 'owner': 'acct_15'}",mock
0xbbeb61bcad90938035eab7c009dab4ee841bcf34998b44abf9da5ee18501d810,93000,1,UpdatePublished,"{'model_id': 'model_mnist_784_noniid', 'round': 2, 'ticket_id': 115, 'cid': 'sha256:de08cef2793bdec3908aa9e62e46c168954a4692784cd4d8b57362e5ae4278b4'}",mock
0x2f42cc58ead8fc7252707ee2f4a92c6525aacc8acb9ef6abb7563b637bbafcad,86000,1,TicketReserved,"{'model_id': 'model_mnist_784_noniid', 'round': 2, 'ticket_id': 116, 'owner': 'acct_16'}",mock
0x109bffe4cdd32196e2ff239a50c5ea5a97907c4cff76b271f8d502c1d670d094,93000,1,UpdatePublished,"{'model_id': 'model_mnist_784_noniid', 'round': 2, 'ticket_id': 116, 'cid': 'sha256:511e0b4711c3d8530c31eed2f05c3f9da998c631c21604313d5c29bf43cc7256'}",mock
0xa016c7f8ab9fc4c6b995f5f91e126ca236cb33e82ba68b5207dc36efeaeecef8,86000,1,TicketReserved,"{'model_id': 'model_mnist_784_noniid', 'round': 2, 'ticket_id': 117, 'owner': 'acct_17'}",mock
0x98ef9bcfc7bd74f9f1d77f9206facacdfd701783c3f0bcf7ed05d9a003b7ca88,93000,1,UpdatePublished,"{'model_id': 'model_mnist_784_noniid', 'round': 2, 'ticket_id': 117, 'cid': 'sha256:fbdbd9e36d8b30632f78b3236dd2457ded8cbdbcee319d1bb54a89b236906442'}",mock
0xb616432d95f415b1b412a88e14de553b5ebb694ee94d6963d17884faaf4a8c7c,86000,1,TicketReserved,"{'model_id': 'model_mnist_784_noniid', 'round': 2, 'ticket_id': 118, 'owner': 'acct_18'}",mock
0xd7df99dbd62503f2f2d778b93ef4f661899b489928613eb9141493d60c95a4fe,93000,1,UpdatePublished,"{'model_id': 'model_mnist_784_noniid', 'round': 2, 'ticket_id': 118, 'cid': 'sha256:5d70d6749632d08355ee082967ca2895b708fe650a5d9150e1d45e9328a5fc99'}",mock
0xe219ce7eb7ad068722222e2f7cd3e953ad5b95b04ae3d9f251ed65a28bdcde78,86000,1,TicketReserved,"{'model_id': 'model_mnist_784_noniid', 'round': 2, 'ticket_id': 119, 'owner': 'acct_19'}",mock
0x41a916dd3330c2bebd020f2a678f61f1d751722740aff6e8699f0c7fc1d0f5c3,93000,1,UpdatePublished,"{'model_id': 'model_mnist_784_noniid', 'round': 2, 'ticket_id': 119, 'cid': 'sha256:6726ea8a964c4e9106b6da797e4e3ba7b4c433b85ffc29f2daa67485ca20f21d'}",mock
0x3850b34fde5db10d0c641e4cfc408db3e585ebf192c948841dd16e603420a52e,86000,1,TicketReserved,"{'model_id': 'model_mnist_784_noniid', 'round': 2, 'ticket_id': 120, 'owner': 'acct_20'}",mock
0x7bcfaae65a9a7e7a8c3b93498cd6c86e329819d13a521b655c92cfe5ba64cd23,93000,1,UpdatePublished,"{'model_id': 'model_mnist_784_noniid', 'round': 2, 'ticket_id': 120, 'cid': 'sha256:ad1d09449bd097cb61ebdf4509a227bde5a44d678d768cfef7cad7fe9b735faa'}",mock
0x9326c2c6df3b7056364d8fc99181239de76e337ec077cfcbc199d067b8850bb1,86000,1,TicketReserved,"{'model_id': 'model_mnist_784_noniid', 'round': 2, 'ticket_id': 121, 'owner': 'acct_21'}",mock
0x7936cbf3c2aa5eb065823b059720e20bb43af69aaa98593d49fcf33317a9a0d9,93000,1,UpdatePublished,"{'model_id': 'model_mnist_784_noniid', 'round': 2, 'ticket_id': 121, 'cid': 'sha256:5d9f0d630ac9abb4b525b2276d0b17976bdafcca8d320c2c6485da8a244b6647'}",mock
0x8588b3903ba1ce2b200d0fc5e6ab1d9b6ba24d6c19a199f9196cade0b4bef535,86000,1,TicketReserved,"{'model_id': 'model_mnist_784_noniid', 'round': 2, 'ticket_id': 122, 'owner': 'acct_22'}",mock
0x42be79632ba8f308ff7f16a766993ffc77edd070cdcd3099fa2f36b23b32a438,93000,1,UpdatePublished,"{'model_id': 'model_mnist_784_noniid', 'round': 2, 'ticket_id': 122, 'cid': 'sha256:9fe243fafc985843987e4e55748dc3cecb37da88284456a3114d8bafc7a156e5'}",mock
0x8f2063364504350ebdc6d1e5aeb14b203b10e462b9939093e031d7ab04834e4f,86000,1,TicketReserved,"{'model_id': 'model_mnist_784_noniid', 'round': 2, 'ticket_id': 123, 'owner': 'acct_23'}",mock
0xcd5857217ccbf7ea83d0c172d05dd92ad6e5b55664c7293bb9a52688dd15048c,93000,1,UpdatePublished,"{'model_id': 'model_mnist_784_noniid', 'round': 2, 'ticket_id': 123, 'cid': 'sha256:c4a5b4b8a1c6380a7e5640cd241e0d37b2a003c6b96a857a64ee55b124062f11'}",mock
0xbeb6729baa1bbdb848d0e0da61f6ab951a240308ba05425f0d8cf542b0f31dda,86000,1,TicketReserved,"{'model_id': 'model_mnist_784_noniid', 'round': 2, 'ticket_id': 124, 'owner': 'acct_24'}",mock
0x2e42fd3d0090d233fc152c098c31bbde5c4d0621135f73ee903d40ce362a2221,93000,1,UpdatePublished,"{'model_id': 'model_mnist_784_noniid', 'round': 2, 'ticket_id': 124, 'cid': 'sha256:0d5026617de659a4f420a92692154afbd4f5afbd8fb06ade4fd32bff46112856'}",mock
0xc3471d57a7445071f8e710a15d0c6c17aae3ede7a5d1e959f9f0d8c6c453f4d1,86000,1,TicketReserved,"{'model_id': 'model_mnist_784_noniid', 'round': 2, 'ticket_id': 125, 'owner': 'acct_25'}",mock
0x234c3d9979eb1a4ebf7697fefe64a47eb6cd76fe4545359a19d756b01b0e067b,93000,1,UpdatePublished,"{'model_id': 'model_mnist_784_noniid', 'round': 2, 'ticket_id': 125, 'cid': 'sha256:263b61aa002e65de4831a1e4143f07d883fca8ec21d6d3e41381d141005a9d52'}",mock
0xbdf144e8e41eb034955868f0cca3131d2f67c64dc05c75e16492ce19c2ff50cc,86000,1,TicketReserved,"{'model_id': 'model_mnist_784_noniid', 'round': 2, 'ticket_id': 126, 'owner': 'acct_26'}",mock
0xf0ab8eae0349bb9c5583dd5932731cfa3b70b68be437f4b24c7e3d337cd53eee,93000,1,UpdatePublished,"{'model_id': 'model_mnist_784_noniid', 'round': 2, 'ticket_id': 126, 'cid': 'sha256:c84885407d665b9d3bcf79404e7639e32f14e723fcdb10a03ed40f9ae7143e0c'}",mock
0xf7b9d0da5231444052736eb0f51003ac5b47089c379536d7c400ad710f5230c4,86000,1,TicketReserved,"{'model_id': 'model_mnist_784_noniid', 'round': 2, 'ticket_id': 127, 'owner': 'acct_27'}",mock
0x2c6eca25a3ea94b2337c4c49a7f42e214a17ec059766c3e5ce8876598fbf1532,93000,1,UpdatePublished,"{'model_id': 'model_mnist_784_noniid', 'round': 2, 'ticket_id': 127, 'cid': 'sha256:81e926fe4e0c6c2b32cd23e7b77d47eb2a6f8eabe40b28f16392e10d4a2179d2'}",mock
0x072915ad79702a7608f8c490422b5e6676f5acd16b13910fe125396626fa2549,86000,1,TicketReserved,"{'model_id': 'model_mnist_784_noniid', 'round': 2, 'ticket_id': 128, 'owner': 'acct_28'}",mock
0x7f76d7e7a4e43b60d097916bc81ed284e3998cb0acccdb35c6c786c4b1c049fb,93000,1,UpdatePublished,"{'model_id': 'model_mnist_784_noniid', 'round': 2, 'ticket_id': 128, 'cid': 'sha256:f0b3e7f54daddbbda9d94753cd685300ea42443c398240788a8c8dbca82b3b4b'}",mock
0x8f37c659c9e7f41c46769b142042b507d26ab0f8b7e193fc1f9b7a687e088dd5,86000,1,TicketReserved,"{'model_id': 'model_mnist_784_noniid', 'round': 2, 'ticket_id': 129, 'owner': 'acct_29'}",mock
0x9996be050bfc6d98313f77747a34029c8f9a2bd1bf5b16f0e973bd0f6587f1fc,93000,1,UpdatePublished,"{'model_id': 'model_mnist_784_noniid', 'round': 2, 'ticket_id': 129, 'cid': 'sha256:00f6640a528bb744b92ac39761042b63257b6f8ae7508d97f4f22a3140c4a22e'}",mock
0x9e97c23ca1e170c3a8c3ff86867ed7e2dafe742f7e9ef840b71284a46a29bfd7,86000,1,TicketReserved,"{'model_id': 'model_mnist_784_noniid', 'round': 2, 'ticket_id': 130, 'owner': 'acct_30'}",mock
0xb7c2121c8d801369f79a270363b09b85538fea26c89a817dab2f94c08dde9975,93000,1,UpdatePublished,"{'model_id': 'model_mnist_784_noniid', 'round': 2, 'ticket_id': 130, 'cid': 'sha256:f138e4ffbe7884ebd021eb1607c90734a92af6a71cb3b03845d906ca545b66fb'}",mock
0xec8664c417b010c6038a71fe2639d51a627d95c4a5b92636435893b5aa11ebf4,86000,1,TicketReserved,"{'model_id': 'model_mnist_784_noniid', 'round': 2, 'ticket_id': 131, 'owner': 'acct_31'}",mock
0xb56123de757ab1a5eeb455d35497afba123d427899a86e1e4657ca2c6349ed4f,93000,1,UpdatePublished,"{'model_id': 'model_mnist_784_noniid', 'round': 2, 'ticket_id': 131, 'cid': 'sha256:96e98550346c57f44ca115420c3eed135801663ac74e5fe3f26395f3995f367b'}",mock
0xf909951a2426b8c988cae3f52f2f905e3b64979af115f1c587a62de6889ef575,86000,1,TicketReserved,"{'model_id': 'model_mnist_784_noniid', 'round': 2, 'ticket_id': 132, 'owner': 'acct_32'}",mock
0xe860b44c9399c7f9eb8bb844b3c7cd85af6b8f34ff7e0e7746782098f6965670,93000,1,UpdatePublished,"{'model_id': 'model_mnist_784_noniid', 'round': 2, 'ticket_id': 132, 'cid': 'sha256:f96b291997d84d4508eb60e7c5038efeaaa5ed34d5cbc8d058c071e1db6d3231'}",mock
0xcb2a2e4a83cbc7ee3ddfc8cd317c4b109b424b50de0b60263dd7a9620f8fa465,86000,1,TicketReserved,"{'model_id': 'model_mnist_784_noniid', 'round': 2, 'ticket_id': 133, 'owner': 'acct_33'}",mock
0x2613d20c83e936ddf5748dec732e67a0f77619e615447464e5cff90b0fd7492d,93000,1,UpdatePublished,"{'model_id': 'model_mnist_784_noniid', 'round': 2, 'ticket_id': 133, 'cid': 'sha256:f8e0ea5c37fffa6a8f5f8e0ac05814d7ef7f57cbbabe4468ae53de5ff4850663'}",mock
0x74135abe38975cd25edbd016240183599aab29c4d290dad43a53bef027af975a,86000,1,TicketReserved,"{'model_id': 'model_mnist_784_noniid', 'round': 2, 'ticket_id': 134, 'owner': 'acct_34'}",mock
0x19f1c738bf8b05450fbbe73b2a8e3fc286cfa06753b1172f2c9b8b8f87bcf7a9,93000,1,UpdatePublished,"{'model_id': 'model_mnist_784_noniid', 'round': 2, 'ticket_id': 134, 'cid': 'sha256:9f004e6a2964ab855291acd7f3ea7963a149635e3d9471462141d74a35a0d20a'}",mock
0x66c28a0c29afbf4eec17698f7f8ce4b5d550df86d8f0010919ec34cd6acae9ae,86000,1,TicketReserved,"{'model_id': 'model_mnist_784_noniid', 'round': 2, 'ticket_id': 135, 'owner': 'acct_35'}",mock
0x99239a0396e682ec6e964c240e8adb2681d7281e5aa84f8ea8b68bfc071338e4,93000,1,UpdatePublished,"{'model_id': 'model_mnist_784_noniid', 'round': 2, 'ticket_id': 135, 'cid': 'sha256:4f487758fe09bbae87e01eb6b9e77b3068624ba4ba30fe049ef5c11bba84259e'}",mock
0xcc5742853494b4610e94ace1d104648875363e0e578ae0d8618b5ac7fa4aa5be,86000,1,TicketReserved,"{'model_id': 'model_mnist_784_noniid', 'round': 2, 'ticket_id': 136, 'owner': 'acct_36'}",mock
0x205845d0983905e23337ade0475c70a2680158d18d2c9a6e21d734ab011f7c7b,93000,1,UpdatePublished,"{'model_id': 'model_mnist_784_noniid', 'round': 2, 'ticket_id': 136, 'cid': 'sha256:2b06213628af9c24d9d216f3ac4d0b073386eebe2d7fa3d1ca120a20ed8d2c40'}",mock
0x84f0d2584768033f0b512dcd2bc5573b32ea085a6f17852c5268824d53c46d2b,86000,1,TicketReserved,"{'model_id': 'model_mnist_784_noniid', 'round': 2, 'ticket_id': 137, 'owner': 'acct_37'}",mock
0xc54635ab925f37ad3780c4629576e97c91b1d257ee56284bf9c5237b19acbab3,93000,1,UpdatePublished,"{'model_id': 'model_mnist_784_noniid', 'round': 2, 'ticket_id': 137, 'cid': 'sha256:19efa97f197e5bd9d9549dbae05171f93067a58f296c5727d484a5ea9003b1ad'}",mock
0x2c329204b2558e887a2eb37ca5b94c40f7b58551d2e2396afa8803c0789bc878,86000,1,TicketReserved,"{'model_id': 'model_mnist_784_noniid', 'round': 2, 'ticket_id': 138, 'owner': 'acct_38'}",mock
0xe7aa0f2cd53657e8bc4ac1115360710f28288de4cd5a15bd94586a3f7e0f70ed,93000,1,UpdatePublished,"{'model_id': 'model_mnist_784_noniid', 'round': 2, 'ticket_id': 138, 'cid': 'sha256:f6cff17a0db1b1cd19baa82086ed5352a7599f764f0193590f8f1eec00f9deec'}",mock
0xd1319538e19fc2ef1e510278467176029605f530966abedc44982671fc21c34e,86000,1,TicketReserved,"{'model_id': 'model_mnist_784_noniid', 'round': 2, 'ticket_id': 139, 'owner': 'acct_39'}",mock
0x8e9d8d1d4c95c8cb152f8fef3a8ef19091e9e3dadedc74eef2c438b7268dec20,93000,1,UpdatePublished,"{'model_id': 'model_mnist_784_noniid', 'round': 2, 'ticket_id': 139, 'cid': 'sha256:f498f7c7362d0271bd60fbb0d58d4f60a0a5857ff707c96e5e385ad7d3dcc428'}",mock
0xe73d01d32009b1b612a14e65163449fef173c3e5c1fab2aa5eda186498a6d387,86000,1,TicketReserved,"{'model_id': 'model_mnist_784_noniid', 'round': 2, 'ticket_id': 140, 'owner': 'acct_40'}",mock
0xac3e8fbca90c6a75c459394d0dc4ecd18c1a10ab9a79c7d6b74c143d76dcd89a,93000,1,UpdatePublished,"{'model_id': 'model_mnist_784_noniid', 'round': 2, 'ticket_id': 140, 'cid': 'sha256:0cc8516238b48ffa431513b2b196c544fc60746b254d12700734e331d6b37bf2'}",mock
0x98b19c15bd7783e48c76ddb7004c45377677df2ea6ff9e4183ba1290eb6b1d3a,86000,1,TicketReserved,"{'model_id': 'model_mnist_784_noniid', 'round': 2, 'ticket_id': 141, 'owner': 'acct_41'}",mock
0xa4e7776f715b5028ef66f056460b9d54e33c25dc226a64b69e9acdb1d28524b1,93000,1,UpdatePublished,"{'model_id': 'model_mnist_784_noniid', 'round': 2, 'ticket_id': 141, 'cid': 'sha256:0e3aadcb92f9a07b109fcd912486c09f6c604e60f8fef323752d0918b53dc035'}",mock
0x6e9b6b57b2f2c0f0cf0cb8bade5b30e98d32f4914b737602b54b0efde8314bee,86000,1,TicketReserved,"{'model_id': 'model_mnist_784_noniid', 'round': 2, 'ticket_id': 142, 'owner': 'acct_42'}",mock
0xe113ca7aec4a59a995b38e5acbdf104e4e31a11075db4219a732016603ca3d12,93000,1,UpdatePublished,"{'model_id': 'model_mnist_784_noniid', 'round': 2, 'ticket_id': 142, 'cid': 'sha256:b9c9178cf8cd2b3fe3267e32e9759e0019576eeda63681be75eb48b31fe598c2'}",mock
0xe96b4292b16ae7a4c96b43a0b1a58bc28c7489d3d4a6ea5590fe1ce51c9fcd46,86000,1,TicketReserved,"{'model_id': 'model_mnist_784_noniid', 'round': 2, 'ticket_id': 143, 'owner': 'acct_43'}",mock
0x9bcc5f1baf3fd4b441218591d5722914cdbe926462dbcc8706b6ce7ee0a33700,93000,1,UpdatePublished,"{'model_id': 'model_mnist_784_noniid', 'round': 2, 'ticket_id': 143, 'cid': 'sha256:ec05211a501c600119fcc1f670ea7be4780bb6f2ab18c149dcb391c3a1360e71'}",mock
0x61f290fc0510dbc10130921ca05cb47d31b6210ec112e01ba4691eb29edbd34c,86000,1,TicketReserved,"{'model_id': 'model_mnist_784_noniid', 'round': 2, 'ticket_id': 144, 'owner': 'acct_44'}",mock
0xbff8def962a69f7fb5a0b3f888289025e83467388db620ebe814e86b21fbef25,93000,1,UpdatePublished,"{'model_id': 'model_mnist_784_noniid', 'round': 2, 'ticket_id': 144, 'cid': 'sha256:1fc65ca09318e3564fbbb9982537d57a15fa40d71a447a245182d8e7bfd74e21'}",mock
0x2be406384e8a246b9e3f542ab185c799720666f102ff34f55b4def916babd209,86000,1,TicketReserved,"{'model_id': 'model_mnist_784_noniid', 'round': 2, 'ticket_id': 145, 'owner': 'acct_45'}",mock
0x81d39720795bb77ad21b712f5f4d860a83c393296d7169a509fe8a4f96ce0584,93000,1,UpdatePublished,"{'model_id': 'model_mnist_784_noniid', 'round': 2, 'ticket_id': 145, 'cid': 'sha256:9e692b0a3f6880c15af11781fa50e7428613589442ab2ffd3e39535a9755be06'}",mock
0x1d91cd076f1a2f44a29832aa5fe0ff50cd8bbdd51c81ba36257b2f02f39b59e4,86000,1,TicketReserved,"{'model_id': 'model_mnist_784_noniid', 'round': 2, 'ticket_id': 146, 'owner': 'acct_46'}",mock
0x95c97d257efa605f45000d8744fc6dd1436623400d05ec594f834333f2fe4fa8,93000,1,UpdatePublished,"{'model_id': 'model_mnist_784_noniid', 'round': 2, 'ticket_id': 146, 'cid': 'sha256:249273b7542bf0c1ef495d672d26595205051a74fb47708c1840fbd3fb4a8e13'}",mock
0xc137e77caec2be19caf0adf83dc2f98ec4412fa51fa4a81373c2a23dad76fe2d,86000,1,TicketReserved,"{'model_id': 'model_mnist_784_noniid', 'round': 2, 'ticket_id': 147, 'owner': 'acct_47'}",mock
0x4d52a535f0147bd4057d630f4a12eaefb7abd442073f8aab65687ed586c19cbd,93000,1,UpdatePublished,"{'model_id': 'model_mnist_784_noniid', 'round': 2, 'ticket_id': 147, 'cid': 'sha256:ed628488fcf320fe13ac62513e0721ece5a3aa7c14444e99ba84049e1ab54eae'}",mock
0xe3dd536b4a038001723b85b4b35611f604d7cafeaf249de9b6bfab3949e2b298,86000,1,TicketReserved,"{'model_id': 'model_mnist_784_noniid', 'round': 2, 'ticket_id': 148, 'owner': 'acct_48'}",mock
0x3c8f1c3884b9984aaee8f2d01c828b636ee0fa57b05556c2335e90a6653e8a38,93000,1,UpdatePublished,"{'model_id': 'model_mnist_784_noniid', 'round': 2, 'ticket_id': 148, 'cid': 'sha256:4d28193c619f4fb5276258b2f8f176e6920cedb25dab94e07945a6ef3080f943'}",mock
0x9d6cccba8cc68455b0bb1dc15fc9234ebc99fb0b8930a1f8c9210d85c90e59c7,86000,1,TicketReserved,"{'model_id': 'model_mnist_784_noniid', 'round': 2, 'ticket_id': 149, 'owner': 'acct_49'}",mock
0x0caa79f84ddf6df209ceffd9bea3eb0e1cd7a3e6843798d26492ecca9836a4ef,93000,1,UpdatePublished,"{'model_id': 'model_mnist_784_noniid', 'round': 2, 'ticket_id': 149, 'cid': 'sha256:ab1eceacfb1215f38308d22c5c0236eb9199acecae5f5f672febeae7fc0117e3'}",mock
0xe1cf16c5f8cdd806d9eb6669423133c6be60a5c4eeee0f014a94a44266f24562,86000,1,TicketReserved,"{'model_id': 'model_mnist_784_noniid', 'round': 2, 'ticket_id': 150, 'owner': 'acct_50'}",mock
0xd8c95b05abdeb5f934935e72f6d7cb02af40654a7680b5f7b741f014af5a8785,93000,1,UpdatePublished,"{'model_id': 'model_mnist_784_noniid', 'round': 2, 'ticket_id': 150, 'cid': 'sha256:42abaa335852a88c92691be8a53e481cce772e1ccdea048dbe5018244b92d96d'}",mock
0xe7bb247fcebda143ea0b144922a39b8f22f77dd33df1daa8fed626cca8a5f135,885000,1,RoundFinalized,"{'model_id': 'model_mnist_784_noniid', 'round': 2, 'included': 38, 'refunds': 38}",mock
0x11fc22b024ca9a64b7f76a8704091c61cf2315ba1ffbd2634b2b282c182ba2a3,52000,1,RoundFunded,"{'model_id': 'model_mnist_784_noniid', 'amount_wei': 10000000000000000}",mock
0x4df54672b88db7b16bd07334ca0b622a87a3780120fd076e670f38529c42f1e9,86000,1,TicketReserved,"{'model_id': 'model_mnist_784_noniid', 'round': 3, 'ticket_id': 151, 'owner': 'acct_1'}",mock
0x8a675102c9e35c2d014778550992d092cdb6a33e743e93ce4c6ba06160cb614e,93000,1,UpdatePublished,"{'model_id': 'model_mnist_784_noniid', 'round': 3, 'ticket_id': 151, 'cid': 'sha256:0c7970845046776272ce85e5a88a311701727dcd138db308f37d8b2c0252adba'}",mock
0x04148c2fb0d6b708c71a8ef440420f9877024be1a89454309906e801bb9ae817,86000,1,TicketReserved,"{'model_id': 'model_mnist_784_noniid', 'round': 3, 'ticket_id': 152, 'owner': 'acct_2'}",mock
0x5698a2476d0410ce2a22258e33c6bf044eede7759a721a255dd67f6c2e92fb61,93000,1,UpdatePublished,"{'model_id': 'model_mnist_784_noniid', 'round': 3, 'ticket_id': 152, 'cid': 'sha256:b80efed82835116a859c017ee71ad1ebf224309189738c48d9140fad11ea56db'}",mock
0x77d75da3d94a136ffb0ab5dc86018149f90e5005781bbb00a88bc836599400cb,86000,1,TicketReserved,"{'model_id': 'model_mnist_784_noniid', 'round': 3, 'ticket_id': 153, 'owner': 'acct_3'}",mock
0x9c84a83b700ef26228fe02783bf5121cea39e24e9d01608b8675c00c856d8e05,93000,1,UpdatePublished,"{'model_id': 'model_mnist_784_noniid', 'round': 3, 'ticket_id': 153, 'cid': 'sha256:32e13f1df78ebc480166dd18060a5958cf9e51508bac17ab50a702a4d24311ea'}",mock
0xe66049b1984b644ecc646f77d3f11fb862baeb19b4836b1add34825e0408eaf9,86000,1,TicketReserved,"{'model_id': 'model_mnist_784_noniid', 'round': 3, 'ticket_id': 154, 'owner': 'acct_4'}",mock
0xbb88dda2c439a61fc4bf9fdefeca869eb3ca32c1c1880465e310beac9e365e4e,93000,1,UpdatePublished,"{'model_id': 'model_mnist_784_noniid', 'round': 3, 'ticket_id': 154, 'cid': 'sha256:356ee92635ebd9efe63bcc86195eb5141ea66a51a85e0f78bb097b2d4c4d6744'}",mock
0x84f8556a3f391065089c068006d314c68bf7b984cee3b5927cece1448b0d9968,86000,1,TicketReserved,"{'model_id': 'model_mnist_784_noniid', 'round': 3, 'ticket_id': 155, 'owner': 'acct_5'}",mock
0xd698feb7baa2de3d725f2dd5b46798d895d8a7bc156b7cf8866a89963829e340,93000,1,UpdatePublished,"{'model_id': 'model_mnist_784_noniid', 'round': 3, 'ticket_id': 155, 'cid': 'sha256:fb1bec051c696bbab7b575b78c78ae69bfcab5a79a185835eb406d31918606e7'}",mock
0xafeaefbc1ca2807629cc22cfb1a7fd8698d7da90485d2d34c4bff4e05d3f8d85,86000,1,TicketReserved,"{'model_id': 'model_mnist_784_noniid', 'round': 3, 'ticket_id': 156, 'owner': 'acct_6'}",mock
0x7a0e165791225f6f30e11218ab07234619b715af0e05bb3b39c63c06925b559c,93000,1,UpdatePublished,"{'model_id': 'model_mnist_784_noniid', 'round': 3, 'ticket_id': 156, 'cid': 'sha256:11bf51677071f0b92422fbac97989cd2dfb16b419cd446d4a6d0a602c24e96b5'}",mock
0x92cc417dcee8eb3a7c12646061688e854cca74a4020076a8f0ae5032a2130ef9,86000,1,TicketReserved,"{'model_id': 'model_mnist_784_noniid', 'round': 3, 'ticket_id': 157, 'owner': 'acct_7'}",mock
0x06ee44fb2cb3fa7236d33b779b3217f4ab410c5b0c25027cc00c5069dc44cbb0,93000,1,UpdatePublished,"{'model_id': 'model_mnist_784_noniid', 'round': 3, 'ticket_id': 157, 'cid': 'sha256:6130801412778cf2edbe51a1d1ee1a69a95bd9611355608c7de18123e96b7ee7'}",mock
0xdefe0489ff36da73f8314720e5e815973783ee6dbfd8b4dbf064d8445702b77d,86000,1,TicketReserved,"{'model_id': 'model_mnist_784_noniid', 'round': 3, 'ticket_id': 158, 'owner': 'acct_8'}",mock
0x8d8b53b5de36881c0912c72886f804abfe0d75d3ec43618e283647d86d1c5c82,93000,1,UpdatePublished,"{'model_id': 'model_mnist_784_noniid', 'round': 3, 'ticket_id': 158, 'cid': 'sha256:6ec466c9fe63057b6ad3ddb6c4f5398c4af06573d6beb9ad77ab8a3411bbfe8d'}",mock
0xaa66692a2c7a9a4994177ca61e01196a412f8c2622db832934d1b39df82061d3,86000,1,TicketReserved,"{'model_id': 'model_mnist_784_noniid', 'round': 3, 'ticket_id': 159, 'owner': 'acct_9'}",mock
0x438a8deb10ac5f525f2fec929e774eed8bc04063002eba7f8945358ad70e4734,93000,1,UpdatePublished,"{'model_id': 'model_mnist_784_noniid', 'round': 3, 'ticket_id': 159, 'cid': 'sha256:9504de69694d9842e6084dd1ae88738f97bbffa3f0db2b1dd34d7ce82f98587b'}",mock
0x63468b6576611a4654834a490d7df5bcd6006af2e1edafce085c9601a3f0e597,86000,1,TicketReserved,"{'model_id': 'model_mnist_784_noniid', 'round': 3, 'ticket_id': 160, 'owner': 'acct_10'}",mock
0x316877ba59866bbf61ac5dcf2e59f21fc5e24b266b11a3adcdec98d0e869d7f9,93000,1,UpdatePublished,"{'model_id': 'model_mnist_784_noniid', 'round': 3, 'ticket_id': 160, 'cid': 'sha256:b2fde571e7b2aab15131fedf5c8d3251e1437fcdd3f6de8886dbe4905cfba4af'}",mock
0x29f08f1b8ca90f31b8de9c6af6cc94c75f70aa99fdced10459bbed238dbf62ad,86000,1,TicketReserved,"{'model_id': 'model_mnist_784_noniid', 'round': 3, 'ticket_id': 161, 'owner': 'acct_11'}",mock
0x1561fd65c4e1b3cc6a9dad80cffa83261ae6de44a100fed1509c3b583b78db47,93000,1,UpdatePublished,"{'model_id': 'model_mnist_784_noniid', 'round': 3, 'ticket_id': 161, 'cid': 'sha256:6d43d0141e497d577d7d60527b0edbdb2ea44e21b5e4094c6e5f8efe117c497e'}",mock
0xe3d62a1562ee9911355d740627e71b5b1237b695692247042d098777f7dae2d0,86000,1,TicketReserved,"{'model_id': 'model_mnist_784_noniid', 'round': 3, 'ticket_id': 162, 'owner': 'acct_12'}",mock
0x6f44d65a212c1b5ed0e4e3f3f975bc7e2be4d08a02b62fb61179f04ba4746c5a,93000,1,UpdatePublished,"{'model_id': 'model_mnist_784_noniid', 'round': 3, 'ticket_id': 162, 'cid': 'sha256:1c6c8372a729ae124df8f58a70116c81ce2d615a94c9112b632499cb4ea9c168'}",mock
0x133dab58f31be98f6564a56bd641a1f65de7934d721f1af3d17a1b645a1aff1c,86000,1,TicketReserved,"{'model_id': 'model_mnist_784_noniid', 'round': 3, 'ticket_id': 163, 'owner': 'acct_13'}",mock
0x914e6d4cc4ad4afe9237ce862f9af4922411ab4c7f745fd117eedead7510be74,93000,1,UpdatePublished,"{'model_id': 'model_mnist_784_noniid', 'round': 3, 'ticket_id': 163, 'cid': 'sha256:d9c9d9e891861257d11818f7f7f08a91dd29e7f7a35cefe41536c6d3c19ffad2'}",mock
0xfdfa12cd78af86a5fea4d9f16c67fa09c3e923db2e62e58fe55c151237defd5b,86000,1,TicketReserved,"{'model_id': 'model_mnist_784_noniid', 'round': 3, 'ticket_id': 164, 'owner': 'acct_14'}",mock
0xa1e76aa56d03aa3cf51c5af710df5ab207d40c453fb7d0a462933d2731a5abbc,93000,1,UpdatePublished,"{'model_id': 'model_mnist_784_noniid', 'round': 3, 'ticket_id': 164, 'cid': 'sha256:ff7f6e8a23beb988801f439705740a155722371554a3783e43c1eb22f3fe2a1a'}",mock
0x57f0e54fa226c9845e9e64b3acc2c3273e5a9249ba82da12c8315903fbbb17b9,86000,1,TicketReserved,"{'model_id': 'model_mnist_784_noniid', 'round': 3, 'ticket_id': 165, 'owner': 'acct_15'}",mock
0x1e3b457eacc14c940b50c003e35ca6e1ee0ef19d3236cb02dcb4d07c36023f4d,93000,1,UpdatePublished,"{'model_id': 'model_mnist_784_noniid', 'round': 3, 'ticket_id': 165, 'cid': 'sha256:528c46cee40060a2748f2a596b1f56bb046a7fafc58f0776eb364e4d13adc72e'}",mock
0x459d038fb79591daa04f4c2f3cff211fa9ad8a917797980da9a696882de8eb29,86000,1,TicketReserved,"{'model_id': 'model_mnist_784_noniid', 'round': 3, 'ticket_id': 166, 'owner': 'acct_16'}",mock
0xfea9c3dcc7d00e33a01a99999ab2ee89d9d73533ba0cd0f668d55b3121b9e85f,93000,1,UpdatePublished,"{'model_id': 'model_mnist_784_noniid', 'round': 3, 'ticket_id': 166, 'cid': 'sha256:fd59562edfa7ee6eb783b83d27778bb62a44d5de32212a00a30d006bd6e684fa'}",mock
0xc11a0a29cbdfb71986d1f08fb8b49669ac82496ec12e94a96e600f3692935aeb,86000,1,TicketReserved,"{'model_id': 'model_mnist_784_noniid', 'round': 3, 'ticket_id': 167, 'owner': 'acct_17'}",mock
0x0f15e9a5af8201e1a995c01f9bd82edbcae19f9c152315893a48670f446792fe,93000,1,UpdatePublished,"{'model_id': 'model_mnist_784_noniid', 'round': 3, 'ticket_id': 167, 'cid': 'sha256:183b691fdd34b1e27868ec4140492b59c4f65434a2cece769a10518240a03e4b'}",mock
0x64e9c447e25a1fb8b5641e4c1224266aa4c83931c3b56d347eee7d883bcc4187,86000,1,TicketReserved,"{'model_id': 'model_mnist_784_noniid', 'round': 3, 'ticket_id': 168, 'owner': 'acct_18'}",mock
0x6d1ba43143e3003dfbe86b5c81441a0bcb69651d68fda730d81b79d3c4677fb1,93000,1,UpdatePublished,"{'model_id': 'model_mnist_784_noniid', 'round': 3, 'ticket_id': 168, 'cid': 'sha256:160c3af81ba8bf74d34bbb06bdd3dc355bbe62bf84b0f25754f5df339727edf7'}",mock
0x4c0d330aed59dbe7822db53e277bd760ca3145f668189b720d747af1658638b7,86000,1,TicketReserved,"{'model_id': 'model_mnist_784_noniid', 'round': 3, 'ticket_id': 169, 'owner': 'acct_19'}",mock
0x843acb9daae124971688c431f989469340f7eb42987eee98f396abfb700bf466,93000,1,UpdatePublished,"{'model_id': 'model_mnist_784_noniid', 'round': 3, 'ticket_id': 169, 'cid': 'sha256:d2dc72e55562ba7e473d44dec5ab9059d58ae799639ab70a927ebe77eb1ce30a'}",mock
0xa4641af0eb499537b68d9959fb39cc037ed75d3f59eee77bc14595f0394dd1ef,86000,1,TicketReserved,"{'model_id': 'model_mnist_784_noniid', 'round': 3, 'ticket_id': 170, 'owner': 'acct_20'}",mock
0x34264702fe3f3805f3983ef0f686ef6079c4d7d5b8ff372e73e042240d90a047,93000,1,UpdatePublished,"{'model_id': 'model_mnist_784_noniid', 'round': 3, 'ticket_id': 170, 'cid': 'sha256:8d8c7c81da4206aa3784acb93a011a446bb2f35efe92a75a178d874175a206ab'}",mock
0x8e72b1bf59095909aa90c263e92a9a2462e486c7a6fa492d1ff32353d59f4220,86000,1,TicketReserved,"{'model_id': 'model_mnist_784_noniid', 'round': 3, 'ticket_id': 171, 'owner': 'acct_21'}",mock
0x6dc1275a1f9b3dd2c118594da2d6feff4dd4ea51d76f21017db26b61b852be29,93000,1,UpdatePublished,"{'model_id': 'model_mnist_784_noniid', 'round': 3, 'ticket_id': 171, 'cid': 'sha256:1ac519ff97e8c42df976c5e7332fc3baf3e0a7dc5523968876d4527049314fae'}",mock
0x82dad3300c25e2a4647306c622a882ac19dda975a11c68ced86e36d99e079f1b,86000,1,TicketReserved,"{'model_id': 'model_mnist_784_noniid', 'round': 3, 'ticket_id': 172, 'owner': 'acct_22'}",mock
0xffdf0cdf31b256ebbb94893193d9a29c570498bb6e06515f2d9bb48953f38c18,93000,1,UpdatePublished,"{'model_id': 'model_mnist_784_noniid', 'round': 3, 'ticket_id': 172, 'cid': 'sha256:475ea0f1cdc94f8d0c96b6abb89c39aa7f2b0f261a30e2d14985b3896ab1b84a'}",mock
0xdda08fd5a10d83d4b4408feced117ea4b5965f31f9275414229bd3d42d00e2e9,86000,1,TicketReserved,"{'model_id': 'model_mnist_784_noniid', 'round': 3, 'ticket_id': 173, 'owner': 'acct_23'}",mock
0xb1522529275b64dc932faf165b92de65ce42489d2c7a2bdd0f67f3209800fc75,93000,1,UpdatePublished,"{'model_id': 'model_mnist_784_noniid', 'round': 3, 'ticket_id': 173, 'cid': 'sha256:0c7fc7941c1850a1a83ee0da068bb511bf98684251cd4d2b814843d418656f80'}",mock
0x1b05ab46969cf1327ed868ea608fd7284df6f4a60666ab9dc81e4f38b95a922a,86000,1,TicketReserved,"{'model_id': 'model_mnist_784_noniid', 'round': 3, 'ticket_id': 174, 'owner': 'acct_24'}",mock
0x2e4d20b9d2ad1c8543930cc04ae69aa590840c8f8fe08cb9bdf2fd72fd45b802,93000,1,UpdatePublished,"{'model_id': 'model_mnist_784_noniid', 'round': 3, 'ticket_id': 174, 'cid': 'sha256:5c879bd5ee026482c5235c5ea3524616800d923089583184c24e4d6e604cb207'}",mock
0xf30d79f55750171330ab57aebbaa3f115efdac98eb5586c038950085bb8fd526,86000,1,TicketReserved,"{'model_id': 'model_mnist_784_noniid', 'round': 3, 'ticket_id': 175, 'owner': 'acct_25'}",mock
0x405b174dbef703396f0558dd7ca28fc56bbe949c354aaeb01a34b9cccee352a5,93000,1,UpdatePublished,"{'model_id': 'model_mnist_784_noniid', 'round': 3, 'ticket_id': 175, 'cid': 'sha256:ee8d06ebac6dcfa5a6fac6dd3918427d0079a6a9435796b689385c70eb2c3d15'}",mock
0xd6015f549a294fe9fa75ccd52e015d425c3710a726b8c57cc1f54b147d544895,86000,1,TicketReserved,"{'model_id': 'model_mnist_784_noniid', 'round': 3, 'ticket_id': 176, 'owner': 'acct_26'}",mock
0x01bb3c99dfda0bbe00ae9ecff47788313e52df8954a6ed0090e2a62337cc3a1f,93000,1,UpdatePublished,"{'model_id': 'model_mnist_784_noniid', 'round': 3, 'ticket_id': 176, 'cid': 'sha256:74aae47890ae738968925a9f6fa756fd89ed0c5a0298e1f4b227823a6552ed78'}",mock
0x317fc14d470c1e590ce1d4861f684f7c66298c390a511131c6898fcb3125ac5e,86000,1,TicketReserved,"{'model_id': 'model_mnist_784_noniid', 'round': 3, 'ticket_id': 177, 'owner': 'acct_27'}",mock
0x42214daf52bcc22c193a1d0eecee9f139c8a01d445fd96c5b4e48fe1c218ad4d,93000,1,UpdatePublished,"{'model_id': 'model_mnist_784_noniid', 'round': 3, 'ticket_id': 177, 'cid': 'sha256:70cb754eff3c4a1491225127f8b6d5fd66406bf1ea85eb4675debe1487281137'}",mock
0x5e2238582a5ac96c6b37bb9418e4485e017a74d0ee2a72d70c5acf0d262c891c,86000,1,TicketReserved,"{'model_id': 'model_mnist_784_noniid', 'round': 3, 'ticket_id': 178, 'owner': 'acct_28'}",mock
0x134abd3b6ce2027ce21c1d367398ff79f96b95b8f7fbbc3692ab4ddbc14e2fe4,93000,1,UpdatePublished,"{'model_id': 'model_mnist_784_noniid', 'round': 3, 'ticket_id': 178, 'cid': 'sha256:97b3ae6f461ce697d20f669a8a5cd6860a4da990309b0efd83d48821dd8fda11'}",mock
0x7493559b46303576c1b538d406ccb2c9871ca8df4c24a577df84646c03910cd2,86000,1,TicketReserved,"{'model_id': 'model_mnist_784_noniid', 'round': 3, 'ticket_id': 179, 'owner': 'acct_29'}",mock
0x80190077b434cd7dfeb36e956a6a5639c3b33b69ecd42c7d0b31b33419f51b2d,93000,1,UpdatePublished,"{'model_id': 'model_mnist_784_noniid', 'round': 3, 'ticket_id': 179, 'cid': 'sha256:a21e501ac8a8ffa54c25d37c82e2a6afe4d688450045ace7af3ae1f575106257'}",mock
0xe345751f0ccbfd007a8d8930bb1322f2f82e91d2eae9f1f6512904e3b4da942b,86000,1,TicketReserved,"{'model_id': 'model_mnist_784_noniid', 'round': 3, 'ticket_id': 180, 'owner': 'acct_30'}",mock
0xdac0d4c375124f28468eafab3b37fc6c0e0227fca0303fc2718d58d9d816c122,93000,1,UpdatePublished,"{'model_id': 'model_mnist_784_noniid', 'round': 3, 'ticket_id': 180, 'cid': 'sha256:0cd666f0921773c2c81ef23a3b7ee09f7aaaaa9910766b78781560460117434d'}",mock
0x631324d290efadd8f54917c8b8397317c918741ee8a494e9a49190d8fc356fe2,86000,1,TicketReserved,"{'model_id': 'model_mnist_784_noniid', 'round': 3, 'ticket_id': 181, 'owner': 'acct_31'}",mock
0x4e8f36afd0d3d09ede1edf227419d353a137ab862829bdb38cfa8534f0dcc2e5,93000,1,UpdatePublished,"{'model_id': 'model_mnist_784_noniid', 'round': 3, 'ticket_id': 181, 'cid': 'sha256:d0b20d8c71cea1c3e8048d2c5b829cd007c7e2cebab89740ca6c29d2deb4eeaf'}",mock
0xcb6ecdb32d59304669d7f9c88d774295f2e17a1bc1a2003787be81cff7f2987b,86000,1,TicketReserved,"{'model_id': 'model_mnist_784_noniid', 'round': 3, 'ticket_id': 182, 'owner': 'acct_32'}",mock
0x2fc760e26865e85bb43e85e785f78850641047eb9888c93817e0860c84caa68f,93000,1,UpdatePublished,"{'model_id': 'model_mnist_784_noniid', 'round': 3, 'ticket_id': 182, 'cid': 'sha256:e64583a94e6313836318750787a522f9c6e5d4bc2b665daf14f52a60b9a9c56a'}",mock
0xa30f50444ac1919cc33c566b0521ba3bd414bf958c99b1e7b41411c52108293b,86000,1,TicketReserved,"{'model_id': 'model_mnist_784_noniid', 'round': 3, 'ticket_id': 183, 'owner': 'acct_33'}",mock
0xf91d56f33dc50b3921d40a98de73b78210bd3bf240c6e539febfb24f5f3b1fa9,93000,1,UpdatePublished,"{'model_id': 'model_mnist_784_noniid', 'round': 3, 'ticket_id': 183, 'cid': 'sha256:f54faf4dbfbec9c7cd1e658eba86df6168debd204e5adbd71c9f647dea2431f8'}",mock
0xf20a704c3cbec275d127a517cc3788bdb3861483fde849b2c88b7f52ee8b2c66,86000,1,TicketReserved,"{'model_id': 'model_mnist_784_noniid', 'round': 3, 'ticket_id': 184, 'owner': 'acct_34'}",mock
0x8d6ce27f1811b5ab2f3f299c234f716ec359ffe66d68c25a4864324155787329,93000,1,UpdatePublished,"{'model_id': 'model_mnist_784_noniid', 'round': 3, 'ticket_id': 184, 'cid': 'sha256:a0e54f426742ee6dada4c5ccc3ac0d553d9df945cb1ccaa17d29d52646555dde'}",mock
0x909a2cfbd7fd1bcc4c0ac46a082f8ac4fd2318c86b1e70f2ceb53166026e4577,86000,1,TicketReserved,"{'model_id': 'model_mnist_784_noniid', 'round': 3, 'ticket_id': 185, 'owner': 'acct_35'}",mock
0x2667975841b698d4d168c66618e04152c1c127c0b516d5a07c29ddc0028d6cef,93000,1,UpdatePublished,"{'model_id': 'model_mnist_784_noniid', 'round': 3, 'ticket_id': 185, 'cid': 'sha256:b963bf81eaead5895ef909efb4e5b5b075fcf57fa0892dab73be56d1a0e28305'}",mock
0xb413be74b130138dbe7bb62139dc6e6968a276394a5723ab04d2a2dad9c18192,86000,1,TicketReserved,"{'model_id': 'model_mnist_784_noniid', 'round': 3, 'ticket_id': 186, 'owner': 'acct_36'}",mock
0x7dbe4c0002a4cea4143bf3348cfed0e44cb16715d357075c6838a605de4d2863,93000,1,UpdatePublished,"{'model_id': 'model_mnist_784_noniid', 'round': 3, 'ticket_id': 186, 'cid': 'sha256:9d741c7d13db2b183e2219d38584fdf8b5c672ced04f384037dbacf1a02e9fe1'}",mock
0x62e4a65a9434f9ef21de49da31b89da1504d9f3d17cf657b91e3eeb68fcaad2c,86000,1,TicketReserved,"{'model_id': 'model_mnist_784_noniid', 'round': 3, 'ticket_id': 187, 'owner': 'acct_37'}",mock
0xfd2bcaa8179b6d3416dcfe7dab760ec7f459045a2c0a4c66ab3420569d95bf45,93000,1,UpdatePublished,"{'model_id': 'model_mnist_784_noniid', 'round': 3, 'ticket_id': 187, 'cid': 'sha256:523c634e029b95ddbd33a43c04822edbcfea6d669e898b230d16cb2755aade6e'}",mock
0x714c0622544943d75e7e1efdacd7628a90757406d62d64c3537ae668610e2862,86000,1,TicketReserved,"{'model_id': 'model_mnist_784_noniid', 'round': 3, 'ticket_id': 188, 'owner': 'acct_38'}",mock
0x22a4ab47282fff5a790f85bd6bea4f88ff7af8033cd648f76b56619e31ae8355,93000,1,UpdatePublished,"{'model_id': 'model_mnist_784_noniid', 'round': 3, 'ticket_id': 188, 'cid': 'sha256:527d6c337c22a06ebbf2749f0b4cc647d3b0f01e8d14b952bdbf28abe4ac78b1'}",mock
0xeae6d84b2f94e8c6800e545a5719ba7076d6353710cefe7d7bf86971e7dde098,86000,1,TicketReserved,"{'model_id': 'model_mnist_784_noniid', 'round': 3, 'ticket_id': 189, 'owner': 'acct_39'}",mock
0x66d67fa5c2143180f796183624c141b98c27aeef404c85fe405d98c224eb67c2,93000,1,UpdatePublished,"{'model_id': 'model_mnist_784_noniid', 'round': 3, 'ticket_id': 189, 'cid': 'sha256:eae4b1ea82d88ab8ff64067a03db1f0bdf0c14b518ffa2f6226bdc377ba7f0c3'}",mock
0xc827d90812800a3502638cd721c77252e9e3695133322fa191397ae11b8fca95,86000,1,TicketReserved,"{'model_id': 'model_mnist_784_noniid', 'round': 3, 'ticket_id': 190, 'owner': 'acct_40'}",mock
0xbbbbd9e9f735fe12c347dde0998e873fbc9d9f764e8cd1a8eab9a3fc7e07cfab,93000,1,UpdatePublished,"{'model_id': 'model_mnist_784_noniid', 'round': 3, 'ticket_id': 190, 'cid': 'sha256:ad106316f3fd7a79982d64e1feebd70b554856b4c4968372194d562764e9f357'}",mock
0x2db8228e0fae17471e669a9745a16b1a13b0441ebedce7022591c1f9af8b7bba,86000,1,TicketReserved,"{'model_id': 'model_mnist_784_noniid', 'round': 3, 'ticket_id': 191, 'owner': 'acct_41'}",mock
0xaf886e9ecaaa8f38f80e6adf3aae8d417e6ace620e6c2439cd319df23bfb9681,93000,1,UpdatePublished,"{'model_id': 'model_mnist_784_noniid', 'round': 3, 'ticket_id': 191, 'cid': 'sha256:0b18e226a6a899c8336079a5fad515e4e961ba11b77f0ab5ee39ea1a4a7fe52d'}",mock
0x75acdc1c6ac29be7ff671383439c47f486e213518dfad4a30804938e04a991f6,86000,1,TicketReserved,"{'model_id': 'model_mnist_784_noniid', 'round': 3, 'ticket_id': 192, 'owner': 'acct_42'}",mock
0xcd6d3bb878d85d9afe8ae1d9535da4fc96205a871b509c04000dda3190114404,93000,1,UpdatePublished,"{'model_id': 'model_mnist_784_noniid', 'round': 3, 'ticket_id': 192, 'cid': 'sha256:e608fb495440e4bd7ab4c142c8c433720b5b275a00bd848c80ac0ccd01b92833'}",mock
0x585cea3d9f3f4d95bee80bc54073f2eff6234526db46d87abe9ad86be1912388,86000,1,TicketReserved,"{'model_id': 'model_mnist_784_noniid', 'round': 3, 'ticket_id': 193, 'owner': 'acct_43'}",mock
0xcd76cc60e8c36f3c954c7d6f627589c8e69224855fac991c15ed91a8c49ca4ba,93000,1,UpdatePublished,"{'model_id': 'model_mnist_784_noniid', 'round': 3, 'ticket_id': 193, 'cid': 'sha256:5665d73df0c74177cb74ed19842a04648c0943a3abd2e16add28f8abd8091fdf'}",mock
0xd93b092cca04e537a2f78018d793260f5e4597c598e3af81a7b66aa8bf4b00d5,86000,1,TicketReserved,"{'model_id': 'model_mnist_784_noniid', 'round': 3, 'ticket_id': 194, 'owner': 'acct_44'}",mock
0x67313149cb7b805e904213b8eab15bf30e9262e7feb398b8d48db149021dd0d0,93000,1,UpdatePublished,"{'model_id': 'model_mnist_784_noniid', 'round': 3, 'ticket_id': 194, 'cid': 'sha256:f84f171dfe3a281086413140438d9f8cddca88fa4063bd265f6011c75ae981cb'}",mock
0x2d317067ef5a0e2eab557a197b082f99bd4b1e3b911968bf33606db8386ecf5c,86000,1,TicketReserved,"{'model_id': 'model_mnist_784_noniid', 'round': 3, 'ticket_id': 195, 'owner': 'acct_45'}",mock
0x32fada526c21a8a621891414ff2b6ef6b673fee210c62ad5bd455dffcf1adad3,93000,1,UpdatePublished,"{'model_id': 'model_mnist_784_noniid', 'round': 3, 'ticket_id': 195, 'cid': 'sha256:6705ecf44b4a0312b0d1fbd0757f6c19e65117651010978d04ba0f321e871fd4'}",mock
0xd2ebbad8d1fb57a865ede35cd813c08b142160bb32d72328fde49987722262c5,86000,1,TicketReserved,"{'model_id': 'model_mnist_784_noniid', 'round': 3, 'ticket_id': 196, 'owner': 'acct_46'}",mock
0xeab655d8275910bbad3d8e0f1d2f2409b9da66aab73ea58871ab90c562d61399,93000,1,UpdatePublished,"{'model_id': 'model_mnist_784_noniid', 'round': 3, 'ticket_id': 196, 'cid': 'sha256:91754038fb656611cb93dc8beb30fc4069741e01b02a39eaef0be260cae177f3'}",mock
0x1862e5c2f1629c783d033d414d8fa0cce5b43773439c832f5cccc41852b99eee,86000,1,TicketReserved,"{'model_id': 'model_mnist_784_noniid', 'round': 3, 'ticket_id': 197, 'owner': 'acct_47'}",mock
0x6a561bbd45814bbdd3b47a0e719d72ff2e7890feb937d88611077dbd3dfe3769,93000,1,UpdatePublished,"{'model_id': 'model_mnist_784_noniid', 'round': 3, 'ticket_id': 197, 'cid': 'sha256:d685586fe984e84e2621b0fc38b9bf43339279aca0a47573190d0e85a2750b4d'}",mock
0x0dc95b03421d82e1c1e9df69cf85db5e41d351ac62354e1f6213173a3f1bafac,86000,1,TicketReserved,"{'model_id': 'model_mnist_784_noniid', 'round': 3, 'ticket_id': 198, 'owner': 'acct_48'}",mock
0xb5c956b271dd3b9ded5ad33ddc3baf66b7874215012a8e33576bf49814157cfc,93000,1,UpdatePublished,"{'model_id': 'model_mnist_784_noniid', 'round': 3, 'ticket_id': 198, 'cid': 'sha256:18b0636057d29b1f309e49cec635995b3be40be62e380081f5d5a11813597f0b'}",mock
0x710304e9d02e2469db53eab5bb51c9ebf8f70f1f7799dd56f72f9fbe3cbfc428,86000,1,TicketReserved,"{'model_id': 'model_mnist_784_noniid', 'round': 3, 'ticket_id': 199, 'owner': 'acct_49'}",mock
0x1eb2ae25ece4d37cdd03adc7b6b50711d4823fa18c63a3a4d1d3deb705112124,93000,1,UpdatePublished,"{'model_id': 'model_mnist_784_noniid', 'round': 3, 'ticket_id': 199, 'cid': 'sha256:7a15028f619992eb00456a45738001cdcc458d57ffc9f33e7e1df50766facecb'}",mock
0x8e2436e3cd87e82dffb733667bc674cdcb46f93cc65bad61efd2084955d18ba6,86000,1,TicketReserved,"{'model_id': 'model_mnist_784_noniid', 'round': 3, 'ticket_id': 200, 'owner': 'acct_50'}",mock
0x22fce1a1f2bd2d33548371259bea746269741621b90dc21c28524d4afe58e03d,93000,1,UpdatePublished,"{'model_id': 'model_mnist_784_noniid', 'round': 3, 'ticket_id': 200, 'cid': 'sha256:ce6d46bcdec674a6dbda883240764795aa41c06c8a6ccf551f5dac57400d0403'}",mock
0xadb111ea743f57b828ffb4c9b38c6339e63003b9f5cc1e0773859b4ec87f93ee,925000,1,RoundFinalized,"{'model_id': 'model_mnist_784_noniid', 'round': 3, 'included': 40, 'refunds': 40}",mock
0x534fa8afa5610ab4146e67acfb1da1e87951a5d567dd1aea2dc5dad7263666b3,52000,1,RoundFunded,"{'model_id': 'model_mnist_784_noniid', 'amount_wei': 10000000000000000}",mock
0x129e522a3bc5a641d8ff747fc88d0ee6f7cab7a5f06384074d420ff18d82da9a,86000,1,TicketReserved,"{'model_id': 'model_mnist_784_noniid', 'round': 4, 'ticket_id': 201, 'owner': 'acct_1'}",mock
0xdfff6348a364b59fa645c56e4a6ede9d55abad677fd93c3505d2756106c99b58,93000,1,UpdatePublished,"{'model_id': 'model_mnist_784_noniid', 'round': 4, 'ticket_id': 201, 'cid': 'sha256:55ec52a6633fd49ed9e0df2aa31a88d38601f0087a145fe5b0b4c67cea34ceb3'}",mock
0xfd3335aa32440ead23d4e90fbb26efcb6dc1362a564cf3821548f00033bb7933,86000,1,TicketReserved,"{'model_id': 'model_mnist_784_noniid', 'round': 4, 'ticket_id': 202, 'owner': 'acct_2'}",mock
0x7d2a722fd1258978e34fb1b1197d17bf9c302cf2aa29f75c97daae3d4fbb3321,93000,1,UpdatePublished,"{'model_id': 'model_mnist_784_noniid', 'round': 4, 'ticket_id': 202, 'cid': 'sha256:6a6595d26d3d27982b2502d7a9439c2431e4efe5ebd25653e512594ab7a4493f'}",mock
0xc20481b39c88fa992dd9e524becd155809074005173469964526360372fd6534,86000,1,TicketReserved,"{'model_id': 'model_mnist_784_noniid', 'round': 4, 'ticket_id': 203, 'owner': 'acct_3'}",mock
0x1bf4c03eea484af03478f8dce6290e2015760267281f3c6966a163c0edb5ee96,93000,1,UpdatePublished,"{'model_id': 'model_mnist_784_noniid', 'round': 4, 'ticket_id': 203, 'cid': 'sha256:5a996f5690aade03f31e1b7f88186f91bec4a7447f6c2686e90de36a28182dc4'}",mock
0x4ab6c29be301e6da75c201fb6beb595c1507867aeb0cb05499f18e9b506db01e,86000,1,TicketReserved,"{'model_id': 'model_mnist_784_noniid', 'round': 4, 'ticket_id': 204, 'owner': 'acct_4'}",mock
0x0ee7663999b91b88d6463003f49ae3b556d19cac8819cedb506f742df880a7bd,93000,1,UpdatePublished,"{'model_id': 'model_mnist_784_noniid', 'round': 4, 'ticket_id': 204, 'cid': 'sha256:0196f08c4e73b6fd581143614e453a5cdb4e4d1ffb1b7a929d4953ee9f2b66d1'}",mock
0xa2ebce57949f252faf419381b76f03e04873b659debb1a7a61d9e27466c19d49,86000,1,TicketReserved,"{'model_id': 'model_mnist_784_noniid', 'round': 4, 'ticket_id': 205, 'owner': 'acct_5'}",mock
0x67f7ab292f0e59c961ae0bfde850180b6877bc7e3c53947ee11810e38b934229,93000,1,UpdatePublished,"{'model_id': 'model_mnist_784_noniid', 'round': 4, 'ticket_id': 205, 'cid': 'sha256:bb5cc067dbec4e7a22db9e39544598fe63d125f1abdd50f0bd6ed82726355c88'}",mock
0x62132be0f0ba7da9341fc5f4ebf96fde58cb24bf6442bd8f58e32c62917a130c,86000,1,TicketReserved,"{'model_id': 'model_mnist_784_noniid', 'round': 4, 'ticket_id': 206, 'owner': 'acct_6'}",mock
0x9292583432e7151c0bc113f344d52d3ad438444bb8b7092c8d59e8b02023c580,93000,1,UpdatePublished,"{'model_id': 'model_mnist_784_noniid', 'round': 4, 'ticket_id': 206, 'cid': 'sha256:ee020c4d5817b5f37c24c56602e54cdf12fe6ceff3cedb83e4b43d3658c0b2c6'}",mock
0xe7868ee2efb2e5b9bc0c27a1ae3c4973e47161afb0a114c3a07a681ab5e7deca,86000,1,TicketReserved,"{'model_id': 'model_mnist_784_noniid', 'round': 4, 'ticket_id': 207, 'owner': 'acct_7'}",mock
0x379912ff42a9b3be9ea9421ed30cc48f0abf77900967771389ba6d2074924fe6,93000,1,UpdatePublished,"{'model_id': 'model_mnist_784_noniid', 'round': 4, 'ticket_id': 207, 'cid': 'sha256:9352e920993cef84c4f964d809e32ba4693c783ad929d83788a8f9eb0a8a7662'}",mock
0x941e7c0baff99ceab30c2c6e07be286de9641544914218dce1847a298449bfd9,86000,1,TicketReserved,"{'model_id': 'model_mnist_784_noniid', 'round': 4, 'ticket_id': 208, 'owner': 'acct_8'}",mock
0x7de389dec82a282087796b9b3ff4de2a08eda7934fe9cc11db2447e540301b8b,93000,1,UpdatePublished,"{'model_id': 'model_mnist_784_noniid', 'round': 4, 'ticket_id': 208, 'cid': 'sha256:42b3b15f25996c3805d2b1ce5c71c732ac0c7b6d70a6243c667c5319a08482ca'}",mock
0x0494654cd44a6d19f49be014512bf2b64ae9719557a776a665ebe26e09014ec0,86000,1,TicketReserved,"{'model_id': 'model_mnist_784_noniid', 'round': 4, 'ticket_id': 209, 'owner': 'acct_9'}",mock
0xff96c67cffb5806d759f579a6226195c12e308403b8f48d06bef8ca3ab381001,93000,1,UpdatePublished,"{'model_id': 'model_mnist_784_noniid', 'round': 4, 'ticket_id': 209, 'cid': 'sha256:680a479f17de86950d55f98e461cba483375c4abb4bc852a625446a134d74baf'}",mock
0x5ae16a2cf182c5f276ef2e6748c5a84fd93f8195cb021e932aca5c36c3c6dd6f,86000,1,TicketReserved,"{'model_id': 'model_mnist_784_noniid', 'round': 4, 'ticket_id': 210, 'owner': 'acct_10'}",mock
0xfe06cf088c1bd28d08b14108d5416c4bfc40ea88468488a3d12476cee6c75916,93000,1,UpdatePublished,"{'model_id': 'model_mnist_784_noniid', 'round': 4, 'ticket_id': 210, 'cid': 'sha256:495617c35f1e62adff2ae0a6a601cffe794dd5a5f0f86ab0822a8c510755ce58'}",mock
0xa794b573c8dcc9fc01a00e33e73bd0c3d8be0443ea291d71e651d85afc6a2e9a,86000,1,TicketReserved,"{'model_id': 'model_mnist_784_noniid', 'round': 4, 'ticket_id': 211, 'owner': 'acct_11'}",mock
0x1648ba09e40182daeff1a302015162f62dcb067155b1ebae35b2d546c4fc778f,93000,1,UpdatePublished,"{'model_id': 'model_mnist_784_noniid', 'round': 4, 'ticket_id': 211, 'cid': 'sha256:9e612535224d20478cdbbf797ba44bea1d9016d47ca3580417e11de2f2c9e569'}",mock
0x82e932da8f15acedad70adca9b8429798f2772a7a5571230469ae44b8a8097d9,86000,1,TicketReserved,"{'model_id': 'model_mnist_784_noniid', 'round': 4, 'ticket_id': 212, 'owner': 'acct_12'}",mock
0xd4382e00f66f1cb838e6966eb2bc8d8d49de71c6d52b4ae8829160b18fa65f2d,93000,1,UpdatePublished,"{'model_id': 'model_mnist_784_noniid', 'round': 4, 'ticket_id': 212, 'cid': 'sha256:004b73e4b60bd1a2abcf3b746e4281f0efb92f8a883e26b2372ddd0edb1b7f26'}",mock
0x3bfacbeb7e2ced671bcc8c88815613bf77c66239cd3f484f3dbcb5eb36ade8c5,86000,1,TicketReserved,"{'model_id': 'model_mnist_784_noniid', 'round': 4, 'ticket_id': 213, 'owner': 'acct_13'}",mock
0xeb1c737a6d077696a6142c4c6aa5ccfe12282d3bdf217161a6608afa602cbf36,93000,1,UpdatePublished,"{'model_id': 'model_mnist_784_noniid', 'round': 4, 'ticket_id': 213, 'cid': 'sha256:d38508fd7138239dfe7f978842babee19311088ba5573a61bdb03272e8aa97ac'}",mock
0x31cf59ed42d90e16c771c8200f4cdd727c0bb4f56aeaeb769e82504a3cfc1483,86000,1,TicketReserved,"{'model_id': 'model_mnist_784_noniid', 'round': 4, 'ticket_id': 214, 'owner': 'acct_14'}",mock
0xa456f7d9e8a2c431ac8175313a7d5a5dd54b154ea01ff16e3579a5eb98c2419d,93000,1,UpdatePublished,"{'model_id': 'model_mnist_784_noniid', 'round': 4, 'ticket_id': 214, 'cid': 'sha256:4f419842ddf4d627fadde1233ff4d6e756f3edb06249547bd47d96ebd55423db'}",mock
0x61f1d2ae324d5fd0a6463760ade21e8c55113753ed08fccfe5bab91c97ac3f91,86000,1,TicketReserved,"{'model_id': 'model_mnist_784_noniid', 'round': 4, 'ticket_id': 215, 'owner': 'acct_15'}",mock
0xa649a818dc9a60bfbf8f4894399a9735692a937a0006df7ae87b2d1e4899cd4e,93000,1,UpdatePublished,"{'model_id': 'model_mnist_784_noniid', 'round': 4, 'ticket_id': 215, 'cid': 'sha256:f18295b0a665a33bcdb5ef6b6dc3d399746464f724e2d1fb38fb6680ad50a1c1'}",mock
0xaf8bc5341fdea00d9e3dcc125436dca4d6f5277152c98e6135d01e0a71e2e356,86000,1,TicketReserved,"{'model_id': 'model_mnist_784_noniid', 'round': 4, 'ticket_id': 216, 'owner': 'acct_16'}",mock
0x5d6906b747020ab2998de0ddba78f6a6842b034d754580102e62510a67dc7dd8,93000,1,UpdatePublished,"{'model_id': 'model_mnist_784_noniid', 'round': 4, 'ticket_id': 216, 'cid': 'sha256:84debaad7a0cb7d22f214dc807d1bbdb80eca3806aa8e36cfb1069158550ec8c'}",mock
0x7f703042f175b210369351084c0b7520468b1433b6240c8cad274ba6849e8330,86000,1,TicketReserved,"{'model_id': 'model_mnist_784_noniid', 'round': 4, 'ticket_id': 217, 'owner': 'acct_17'}",mock
0x247c26fa3bc593c826a6faf459e1b53913b6937e9b3b6c95b3f04d12f56ed44c,93000,1,UpdatePublished,"{'model_id': 'model_mnist_784_noniid', 'round': 4, 'ticket_id': 217, 'cid': 'sha256:1705092126494a6b53786088cae0c63f77b1a94b2c2bee0fed91e87325f4fcdf'}",mock
0x07aece86cb4c70c147cc6754ed2f1b9348a90f2617760e71bf070d7e15aecef3,86000,1,TicketReserved,"{'model_id': 'model_mnist_784_noniid', 'round': 4, 'ticket_id': 218, 'owner': 'acct_18'}",mock
0xcdffebf5229e8f646b731c364bf420003e298265b3670140ac83f16fc2bc1347,93000,1,UpdatePublished,"{'model_id': 'model_mnist_784_noniid', 'round': 4, 'ticket_id': 218, 'cid': 'sha256:6f9924f7db3583ab7ad2e85485fd810ab5b48b563df1dfbd6d5ed528351fe729'}",mock
0xb52bb6bb7183a626ac7969dfb8a8e4832819ab0e94b0057791826d7d64452c0b,86000,1,TicketReserved,"{'model_id': 'model_mnist_784_noniid', 'round': 4, 'ticket_id': 219, 'owner': 'acct_19'}",mock
0xc4eb7b64d8c5a448c0737ea9180afa5c33570c46cf921fb9f45d5bcbf17322c5,93000,1,UpdatePublished,"{'model_id': 'model_mnist_784_noniid', 'round': 4, 'ticket_id': 219, 'cid': 'sha256:a0f476a9ce3321cfacbe92eec3d34ab279010d5d74c858120607c3c5c8cb98c4'}",mock
0x422058c5592b470fc0b4613a5798bbb0137495a5073a62ac9d2dc78377e5ee55,86000,1,TicketReserved,"{'model_id': 'model_mnist_784_noniid', 'round': 4, 'ticket_id': 220, 'owner': 'acct_20'}",mock
0x6413e777c3e91b72a53967b6104fac57afee6e5b80362dad4da1a41a52bc8e14,93000,1,UpdatePublished,"{'model_id': 'model_mnist_784_noniid', 'round': 4, 'ticket_id': 220, 'cid': 'sha256:5048b4e31812d5ac072c90bbe0e5b71e8b38b01beb6c137b85b159b78aebedec'}",mock
0x8336bc8b517a1f6acae0de0ebdea662c1f5ccacea176d2196b7355f2e69a72d2,86000,1,TicketReserved,"{'model_id': 'model_mnist_784_noniid', 'round': 4, 'ticket_id': 221, 'owner': 'acct_21'}",mock
0x056abaa97abb64ffaf676d1bd2df673da8f0a9965bfca5e6208fe24fd1e25db6,93000,1,UpdatePublished,"{'model_id': 'model_mnist_784_noniid', 'round': 4, 'ticket_id': 221, 'cid': 'sha256:ddf682b7a2dc30cf7e48da5bed58d0e4df973428749cda0df099eb1a6013f9f9'}",mock
0xa1516702ea80fbf68a772f730f3e91d3e9fcd7b81116bc0b762a6441cc06bdb5,86000,1,TicketReserved,"{'model_id': 'model_mnist_784_noniid', 'round': 4, 'ticket_id': 222, 'owner': 'acct_22'}",mock
0x593a114833858811f2407e1e83ff1260b9f7ce9bf14c3e5233bf49ce6a6aa5f2,93000,1,UpdatePublished,"{'model_id': 'model_mnist_784_noniid', 'round': 4, 'ticket_id': 222, 'cid': 'sha256:f700e4e5e117e9160932e760f20292c44a05c05b9213af4f04cb7b4c838d0d00'}",mock
0x220464d5803f553741576f69b333b385325ff7ef71b5589f902ac2ea076779ad,86000,1,TicketReserved,"{'model_id': 'model_mnist_784_noniid', 'round': 4, 'ticket_id': 223, 'owner': 'acct_23'}",mock
0xe41dc949120ac1c60240d77ba3c7b6bfff29e929b40c2ba59ce9b3d97347d025,93000,1,UpdatePublished,"{'model_id': 'model_mnist_784_noniid', 'round': 4, 'ticket_id': 223, 'cid': 'sha256:62e89a0f4279720f1c3f01e6ec6529cb92543b2dfe14661b8f8e12a818c4e626'}",mock
0xcd994ec52ee2129e63276255dafacf2c2039fcd89a16f508e464fa672e30ecce,86000,1,TicketReserved,"{'model_id': 'model_mnist_784_noniid', 'round': 4, 'ticket_id': 224, 'owner': 'acct_24'}",mock
0x353b1be368f77ff105621e5fffb66d29c0b579446813654125652b43137cbdf5,93000,1,UpdatePublished,"{'model_id': 'model_mnist_784_noniid', 'round': 4, 'ticket_id': 224, 'cid': 'sha256:561897f5ead0141c6abca903189a84ff3814f93fdf614e2023add72ffb7f3c66'}",mock
0xf4f5a813986c98a9c58975b47b6cf810d2d75fd2c747872edb2582aaf8568197,86000,1,TicketReserved,"{'model_id': 'model_mnist_784_noniid', 'round': 4, 'ticket_id': 225, 'owner': 'acct_25'}",mock
0x0ee88a7240f4982a5a65855024f64f7daeec6d09a5ef79e7492f3d0b3f7de01a,93000,1,UpdatePublished,"{'model_id': 'model_mnist_784_noniid', 'round': 4, 'ticket_id': 225, 'cid': 'sha256:a6c64e136fe7c9d1d393810baf00073804ee2d690c0710d6c3bd0670a2f5405e'}",mock
0xebab9f8fc9a9b04f59f7722010ece1d90d0defb221904f2dccb7884ed9202fae,86000,1,TicketReserved,"{'model_id': 'model_mnist_784_noniid', 'round': 4, 'ticket_id': 226, 'owner': 'acct_26'}",mock
0x24b520bb53f55a9495289b0a99bc78d515b014c2ee40931549e4ffc774f5751f,93000,1,UpdatePublished,"{'model_id': 'model_mnist_784_noniid', 'round': 4, 'ticket_id': 226, 'cid': 'sha256:0630ec8407b774bd8bd5653d475a9ce8c7bc31d4c72c205d2dc5e4c3690ee269'}",mock
0x1c78d2cc36cb79666b5d62ce4291bf638238df53435567f213f2621c96bf2910,86000,1,TicketReserved,"{'model_id': 'model_mnist_784_noniid', 'round': 4, 'ticket_id': 227, 'owner': 'acct_27'}",mock
0x1538582cd8d94ae38be877d342879fdeb48d2fba2dafdec124514324f62bf41f,93000,1,UpdatePublished,"{'model_id': 'model_mnist_784_noniid', 'round': 4, 'ticket_id': 227, 'cid': 'sha256:112f8b7de0a94c6031c12c3f4f857f5da191f2e9bffd96191b436206473fdf8b'}",mock
0xcc37a9604e7edcf3a7ee81eebf47706dbd8a1ebfe05d18ce4a2e55d17177a389,86000,1,TicketReserved,"{'model_id': 'model_mnist_784_noniid', 'round': 4, 'ticket_id': 228, 'owner': 'acct_28'}",mock
0x6a2a07e50dcc1fffb9e8d669e72d4c9239fb9fafbd7894d990c7a081b4908fd2,93000,1,UpdatePublished,"{'model_id': 'model_mnist_784_noniid', 'round': 4, 'ticket_id': 228, 'cid': 'sha256:b444acd3fb277e3d6aacaf7f33b756d04255f80c23e73e5353d439c78f2e2402'}",mock
0xb2efaaac0dbd54f5b5ff19f44d78c858403f3f8e812f3fd398018ab7e58240e8,86000,1,TicketReserved,"{'model_id': 'model_mnist_784_noniid', 'round': 4, 'ticket_id': 229, 'owner': 'acct_29'}",mock
0x72614c59bf64b53e5616e7c82ed7ae3e022d464dcae7b73405c21fd56b18b0e3,93000,1,UpdatePublished,"{'model_id': 'model_mnist_784_noniid', 'round': 4, 'ticket_id': 229, 'cid': 'sha256:0382ef11385a5cc7b7964975561b9c9cc030b40e8c9d0a0cdaa2f46a2956222c'}",mock
0x344709ec6f4adefc77231fbdf10c8003dab76d77cdf1ed8f7b8e89dd518bfae6,86000,1,TicketReserved,"{'model_id': 'model_mnist_784_noniid', 'round': 4, 'ticket_id': 230, 'owner': 'acct_30'}",mock
0xf72712a70b85bad787e1545ab00800c41e37fca6846be38ffad62965a722af11,93000,1,UpdatePublished,"{'model_id': 'model_mnist_784_noniid', 'round': 4, 'ticket_id': 230, 'cid': 'sha256:075d952271af97905674ce5fc64c8312d78d724b86496c811c338374ef1be3df'}",mock
0x772a9504103a86477c35de45218d9f49b08e4ac735129d9284f68a43622bb12d,86000,1,TicketReserved,"{'model_id': 'model_mnist_784_noniid', 'round': 4, 'ticket_id': 231, 'owner': 'acct_31'}",mock
0xce0bcd3b4b8312882142df09aac141fc8e3cc4ba58cb4dc1abfbe5968a1d10ce,93000,1,UpdatePublished,"{'model_id': 'model_mnist_784_noniid', 'round': 4, 'ticket_id': 231, 'cid': 'sha256:3cc3419f03a135217be71638b36acf51e7716d4c88114bb2ae8c47cf4a84ec32'}",mock
0xd3e0b6383006e1d002be25413a0e92653b47df5ed68113599b96c1061eacc5b1,86000,1,TicketReserved,"{'model_id': 'model_mnist_784_noniid', 'round': 4, 'ticket_id': 232, 'owner': 'acct_32'}",mock
0x9c54c41c466f9289754f2533bcb3ebda4a9b4031b4bf9844d0250aba399d055e,93000,1,UpdatePublished,"{'model_id': 'model_mnist_784_noniid', 'round': 4, 'ticket_id': 232, 'cid': 'sha256:3d8a591538645cc9904cc8fc8f35f5f29cf9371db79e5ad5537c859b8978209d'}",mock
0xfa3998bfec6d0492b5e1ad892b07935086bb41b1c56a8ec9fe362ba20d2d67c8,86000,1,TicketReserved,"{'model_id': 'model_mnist_784_noniid', 'round': 4, 'ticket_id': 233, 'owner': 'acct_33'}",mock
0xe23325f0286b9fb661203468bd1607a1a551c9a8872eb7d7915005e599f9538e,93000,1,UpdatePublished,"{'model_id': 'model_mnist_784_noniid', 'round': 4, 'ticket_id': 233, 'cid': 'sha256:8c784b70103d6a03f1433b6f14e66a3b2919a025b98f762591676d8f03e8b03d'}",mock
0x6f1c94d115b72c0c0ad2c8b9d1e5ec540d4a59d7a35b49635be0f26d2fd7668f,86000,1,TicketReserved,"{'model_id': 'model_mnist_784_noniid', 'round': 4, 'ticket_id': 234, 'owner': 'acct_34'}",mock
0xe325b693e6099941b7634123e040b693c8816292ff76237a531925a6368f4aeb,93000,1,UpdatePublished,"{'model_id': 'model_mnist_784_noniid', 'round': 4, 'ticket_id': 234, 'cid': 'sha256:e4a7097881ee1c7d719708fec77622c6234793cb842e41e18c4dafb5d3a7a8c6'}",mock
0xd4e6151933fc75ebae9c0c189c6a37fd566179f92e24fd1466277bb31f2fd6e7,86000,1,TicketReserved,"{'model_id': 'model_mnist_784_noniid', 'round': 4, 'ticket_id': 235, 'owner': 'acct_35'}",mock
0x385116ad07056eef6d7a74c242202bee6905132c1427b93600181c4a6de58780,93000,1,UpdatePublished,"{'model_id': 'model_mnist_784_noniid', 'round': 4, 'ticket_id': 235, 'cid': 'sha256:2d302d0ad333192cf55f9e45886aaf7ede23cdc0006f317a33355ae790d41feb'}",mock
0xef01c63110e0c493c10ec9475e1c2aea92f7a2e34ec7e0db4e810698be25a29c,86000,1,TicketReserved,"{'model_id': 'model_mnist_784_noniid', 'round': 4, 'ticket_id': 236, 'owner': 'acct_36'}",mock
0x5e073c6353b95b97c5b34a86429910927c04e63a30ff8105691eb665fa73751a,93000,1,UpdatePublished,"{'model_id': 'model_mnist_784_noniid', 'round': 4, 'ticket_id': 236, 'cid': 'sha256:9cd88c3774517eed4d5898a745a338150fd0891748f43e51ddc3376e004edbb1'}",mock
0xe9f67c46ef6367fd825d79fb37616ff7755f8cf1a13dd1e487645cb899dc17cd,86000,1,TicketReserved,"{'model_id': 'model_mnist_784_noniid', 'round': 4, 'ticket_id': 237, 'owner': 'acct_37'}",mock
0x21122485f923c4b1884e76e4372c6b9afa900817af5f1a2874d27ca08545e0ad,93000,1,UpdatePublished,"{'model_id': 'model_mnist_784_noniid', 'round': 4, 'ticket_id': 237, 'cid': 'sha256:7171a7ee21dcaa4818ac928c964fd77eddc3cd8731891998af33ca9500f67177'}",mock
0x139fea1579bb1a505012aab14412422e618ab551c2213773d1f78e895c13bcdf,86000,1,TicketReserved,"{'model_id': 'model_mnist_784_noniid', 'round': 4, 'ticket_id': 238, 'owner': 'acct_38'}",mock
0x8c83489bf9e676a8b01ab27804066028822236dbbc27c1d79de0b40c6c8f7b64,93000,1,UpdatePublished,"{'model_id': 'model_mnist_784_noniid', 'round': 4, 'ticket_id': 238, 'cid': 'sha256:657f7b7b46de03d812e25bf6e35e6071447ddb885018784ab06fbb4f3ec7a9ac'}",mock
0x10b2bc348e632e963e00cfb9955a740fbb5fe9aeac5ecdbbf5ede8e54142ed0e,86000,1,TicketReserved,"{'model_id': 'model_mnist_784_noniid', 'round': 4, 'ticket_id': 239, 'owner': 'acct_39'}",mock
0x1082e6fbb7496f33f98565052dc87960a64b8a43aed4192a07b631bf507aec42,93000,1,UpdatePublished,"{'model_id': 'model_mnist_784_noniid', 'round': 4, 'ticket_id': 239, 'cid': 'sha256:51e89821c3f46aa166ae28303103b562da197226d8ef38bc497513fa96ee2658'}",mock
0xf94c8b315049898c5b3fd88967b4ea4c390716fa5a41eaca52a848f96a9e8472,86000,1,TicketReserved,"{'model_id': 'model_mnist_784_noniid', 'round': 4, 'ticket_id': 240, 'owner': 'acct_40'}",mock
0x666eb0303c28bffb03f4735e9b31730fcee92dd3acea845efac179712af45bd1,93000,1,UpdatePublished,"{'model_id': 'model_mnist_784_noniid', 'round': 4, 'ticket_id': 240, 'cid': 'sha256:bbe60ff2515c6026301f1e5cf814411001d92cb891c64c77683a9a11c8c028ca'}",mock
0x590c3f64be6c1c3d0845241946e7e349e50cc9a258394e5aed35335e8604a9b9,86000,1,TicketReserved,"{'model_id': 'model_mnist_784_noniid', 'round': 4, 'ticket_id': 241, 'owner': 'acct_41'}",mock
0xb3fcbc22c5f18213199351c9c58cf315881aaee9bd0cb5c761008610aa3436b4,93000,1,UpdatePublished,"{'model_id': 'model_mnist_784_noniid', 'round': 4, 'ticket_id': 241, 'cid': 'sha256:bb84892292afc66264bc835a79d2467c7835bfbc31abfed27a173a9133b57f34'}",mock
0xb3f55713dd22b0cad445f55bd3dd8170b593e733d4b2a4803da8c15dbbf66908,86000,1,TicketReserved,"{'model_id': 'model_mnist_784_noniid', 'round': 4, 'ticket_id': 242, 'owner': 'acct_42'}",mock
0xe4b8cd11db8d79f2fd5c21f3732ecf0e20c9d56412baeef47be792747df08887,93000,1,UpdatePublished,"{'model_id': 'model_mnist_784_noniid', 'round': 4, 'ticket_id': 242, 'cid': 'sha256:49c1ec828f29e8b29dfbc8a3347328ed32b40de31da4cef337ca2476151aefdb'}",mock
0x556b616778d72dabe8ac78e8014041b63995f103d7025252db5cf8365ddae9c5,86000,1,TicketReserved,"{'model_id': 'model_mnist_784_noniid', 'round': 4, 'ticket_id': 243, 'owner': 'acct_43'}",mock
0x031fd39147d8280ce2f9d6cf23451ad4b5452b1a0fcbacc43fbd00af37244b79,93000,1,UpdatePublished,"{'model_id': 'model_mnist_784_noniid', 'round': 4, 'ticket_id': 243, 'cid': 'sha256:55f70dbc1223ed66d296a48b3022be19f56541efc1c51b9430981ca88d8ec022'}",mock
0x8d56965f79f42b3ee469f3fc3266be6ab20c08a6fbc8d095667adb03a751e7a7,86000,1,TicketReserved,"{'model_id': 'model_mnist_784_noniid', 'round': 4, 'ticket_id': 244, 'owner': 'acct_44'}",mock
0xb5a49aa0ac41d47e9862f1a415cead6819cefed63c25261178c8ce612cc07662,93000,1,UpdatePublished,"{'model_id': 'model_mnist_784_noniid', 'round': 4, 'ticket_id': 244, 'cid': 'sha256:8857e41f24839155ccb4b021f8cdfdaf1448c785d4c1117e9261c9ba06ca96d0'}",mock
0x094000eb4f4bbbfa765d1cc441410fc9c4bb96fa0f9ab052bf31e3e97df577e8,86000,1,TicketReserved,"{'model_id': 'model_mnist_784_noniid', 'round': 4, 'ticket_id': 245, 'owner': 'acct_45'}",mock
0x033e9fe6eb762296c9187c3eb0036eb4e93e9cff0d85bdda1f7a2bd1b6c277e5,93000,1,UpdatePublished,"{'model_id': 'model_mnist_784_noniid', 'round': 4, 'ticket_id': 245, 'cid': 'sha256:6703f28e9d2cd9f79e616a65ecd320f3751226f5f70fcc73a8758f69e0f3532b'}",mock
0x748401eca7f61af43b619f092ab4f700a57337f94358c8a97d1d23f0896f0631,86000,1,TicketReserved,"{'model_id': 'model_mnist_784_noniid', 'round': 4, 'ticket_id': 246, 'owner': 'acct_46'}",mock
0xd4ba3dfce25b95b608096c670cb23e68fc88b80e5c13d50e7f4b70dd9a47be8c,93000,1,UpdatePublished,"{'model_id': 'model_mnist_784_noniid', 'round': 4, 'ticket_id': 246, 'cid': 'sha256:e606150742f437f0717c8ddeae2452253045eabc90b4d76197679c1f803b3ce5'}",mock
0x94c172aa106886a4d7bd98f181648a91811c338cfe7c0908c8de2ed06339e435,86000,1,TicketReserved,"{'model_id': 'model_mnist_784_noniid', 'round': 4, 'ticket_id': 247, 'owner': 'acct_47'}",mock
0x01b1eb86f17d63403f85dca6baa487dce61a7c5cb2174bc3485d51ea5bc92e03,93000,1,UpdatePublished,"{'model_id': 'model_mnist_784_noniid', 'round': 4, 'ticket_id': 247, 'cid': 'sha256:7ba2c2ee58118ad842f1a699bbb27b8b8490a52c5b8b445de3ce515a37ed0356'}",mock
0x93a9235022054d48acaf19513371647b9ad191177f698efcfe427a8079cb960d,86000,1,TicketReserved,"{'model_id': 'model_mnist_784_noniid', 'round': 4, 'ticket_id': 248, 'owner': 'acct_48'}",mock
0x93811d7fec9a0c282fd69938fe39cc1c1e3b5f9b73e45a95e125348447b9a841,93000,1,UpdatePublished,"{'model_id': 'model_mnist_784_noniid', 'round': 4, 'ticket_id': 248, 'cid': 'sha256:d1ffcb5d049b90c89cfc5a6068c4dbfe9d5f6975d7701c7552fecb84ec5620ca'}",mock
0xba97cb3b69e123e4bfa451be5690a7a079ab2a092e5d6e6a4e2e5ccfeae11cbe,86000,1,TicketReserved,"{'model_id': 'model_mnist_784_noniid', 'round': 4, 'ticket_id': 249, 'owner': 'acct_49'}",mock
0x984a094eedcb72e1ba0ce7148acc876ba0483c096d7ce0a63fc524aaa301ef30,93000,1,UpdatePublished,"{'model_id': 'model_mnist_784_noniid', 'round': 4, 'ticket_id': 249, 'cid': 'sha256:7917b2069981668bb65d5937856b157ccf4edcd1270065ad8894a86b96c60740'}",mock
0x0a42ad5c30ecf923b611cf9b01035244a365dbd90500631ffacc908eac83c452,86000,1,TicketReserved,"{'model_id': 'model_mnist_784_noniid', 'round': 4, 'ticket_id': 250, 'owner': 'acct_50'}",mock
0x4995198d202cf866a3b409930702d46f673c7ec1e5dc66e0b3acd87c21ad1b5d,93000,1,UpdatePublished,"{'model_id': 'model_mnist_784_noniid', 'round': 4, 'ticket_id': 250, 'cid': 'sha256:c36268e204acfbdea537c5ba16a05386471704cc563e091238794b8b477f3b71'}",mock
0xcb6501fe37830a90b0354e7d82554154677c73237174acafbea936cec9490cdb,945000,1,RoundFinalized,"{'model_id': 'model_mnist_784_noniid', 'round': 4, 'included': 41, 'refunds': 41}",mock
0x6058baba6cea1a93719590739b7c1fd019c7b3ef08377697ebccc4d8b5d707bc,52000,1,RoundFunded,"{'model_id': 'model_mnist_784_noniid', 'amount_wei': 10000000000000000}",mock
0xc0050100527a3e2756d4d7f7fe04f94b0c0f4899d67eb2e2f2a0fb95c39f927a,86000,1,TicketReserved,"{'model_id': 'model_mnist_784_noniid', 'round': 5, 'ticket_id': 251, 'owner': 'acct_1'}",mock
0x437245b8cbe3a34a4c472e77ce5366129981b59eeba8bc42498e0a7e70aaecff,93000,1,UpdatePublished,"{'model_id': 'model_mnist_784_noniid', 'round': 5, 'ticket_id': 251, 'cid': 'sha256:e74438fbcd705f1bc67e061d445228da048a5dd16f30ef6ea60541bca5cb1782'}",mock
0x2a39471e69de12fa1799a8c0758288f9ac3ce05d13e8bc5c6aca4ca5e407ff53,86000,1,TicketReserved,"{'model_id': 'model_mnist_784_noniid', 'round': 5, 'ticket_id': 252, 'owner': 'acct_2'}",mock
0x92979628bc885a1151fa96dfc3de7268851370130b4db8c969d9ea60d6f120fd,93000,1,UpdatePublished,"{'model_id': 'model_mnist_784_noniid', 'round': 5, 'ticket_id': 252, 'cid': 'sha256:5d566a09d9a9874ad0f35aa95a07d2d2bedf8c7e4ad66d543f5c2d2a40592579'}",mock
0x0913ea11a8c326bd078c1a45601a2908b1d3c4615d1dd950d2f5cea2911df06b,86000,1,TicketReserved,"{'model_id': 'model_mnist_784_noniid', 'round': 5, 'ticket_id': 253, 'owner': 'acct_3'}",mock
0x272d0bfc0846f4df516a7799170c715fe057814bdecdd6701ce20cc7049c6a41,93000,1,UpdatePublished,"{'model_id': 'model_mnist_784_noniid', 'round': 5, 'ticket_id': 253, 'cid': 'sha256:e4bcebad190b70ac834f7665d90448b202281c404d15f176f03a7d4e5377027b'}",mock
0x15285eb888b791578ecaa665ede32eeb3ce1c8dc1b7544c057658657d3a358cc,86000,1,TicketReserved,"{'model_id': 'model_mnist_784_noniid', 'round': 5, 'ticket_id': 254, 'owner': 'acct_4'}",mock
0xc6c9f237cf7c1ac285a721cac1fd6a9e886c77609a107334b928fd8e96732eb5,93000,1,UpdatePublished,"{'model_id': 'model_mnist_784_noniid', 'round': 5, 'ticket_id': 254, 'cid': 'sha256:4e1dcd85e52ec95fcbcb7c5fa57d872fc4f159af0b144ab6d411298478306927'}",mock
0xb6d3958c3971cff3faac4cfb4178ee8d9e8d1485fa13acdcbc3d7b5c3d58c3da,86000,1,TicketReserved,"{'model_id': 'model_mnist_784_noniid', 'round': 5, 'ticket_id': 255, 'owner': 'acct_5'}",mock
0x072bb1367d2bb99c6cdccc2bd57a093b6f0c49e51929f91541e8106bb3d3ed9d,93000,1,UpdatePublished,"{'model_id': 'model_mnist_784_noniid', 'round': 5, 'ticket_id': 255, 'cid': 'sha256:8bfccff32b8adb9baaf493dd32ede7a57d6a9aaa8f03bc9f3c247e855b1871df'}",mock
0x271cdc0bb8d4062060dab12e5c09380939992f79a6e5b90c8ab5dc03e6752cd5,86000,1,TicketReserved,"{'model_id': 'model_mnist_784_noniid', 'round': 5, 'ticket_id': 256, 'owner': 'acct_6'}",mock
0x4b3d54ce5cb33448c9c18cc724dbf9210e9dd049040d9d2dddcd09ee8fa77fab,93000,1,UpdatePublished,"{'model_id': 'model_mnist_784_noniid', 'round': 5, 'ticket_id': 256, 'cid': 'sha256:cf89a1587a9c0d930f5cc335a0d4d032d363d5c129a30adb12caf2352b9227e4'}",mock
0x5725b4978050988ca6fbb734c1e3ab73c52169de0ab35b46597c660fb58d26c0,86000,1,TicketReserved,"{'model_id': 'model_mnist_784_noniid', 'round': 5, 'ticket_id': 257, 'owner': 'acct_7'}",mock
0x59329913e2088f53bad2f2f10a6670735f5b0fbf77440858563bd980fa14cefa,93000,1,UpdatePublished,"{'model_id': 'model_mnist_784_noniid', 'round': 5, 'ticket_id': 257, 'cid': 'sha256:61e1303a06222376e9d4aa450bae341d50016d9e61c048391d1da7abd54d2473'}",mock
0xd29254a71ab7da7f219fe2cfec8be840492536a6970dd6d534078e076cd8d79f,86000,1,TicketReserved,"{'model_id': 'model_mnist_784_noniid', 'round': 5, 'ticket_id': 258, 'owner': 'acct_8'}",mock
0x58ba12b6367ee45d78fedb059a5a521a98e9b77bd1893788fde226b460400d85,93000,1,UpdatePublished,"{'model_id': 'model_mnist_784_noniid', 'round': 5, 'ticket_id': 258, 'cid': 'sha256:2d1f4187f13ac43985f4b5a658249bb8486c67f7adbdd52dc5cd976e891b437f'}",mock
0x7fffa8f54aa81aa0289cbb4de7b446822d6774956e30927a426c9bb866ebcc2e,86000,1,TicketReserved,"{'model_id': 'model_mnist_784_noniid', 'round': 5, 'ticket_id': 259, 'owner': 'acct_9'}",mock
0x0141255f960383ddbea71abd9a3a46e13db2f7f623a0757fe93c5db717f66ee8,93000,1,UpdatePublished,"{'model_id': 'model_mnist_784_noniid', 'round': 5, 'ticket_id': 259, 'cid': 'sha256:c3b93229a51929928ff2f65644aac2a177f6d47b0e06053a5548b03838ed38c0'}",mock
0xa7113a2014231a416c0b9e1c6c92a5c1fd6720a8a41bcce43b91aeda8f2c9fb1,86000,1,TicketReserved,"{'model_id': 'model_mnist_784_noniid', 'round': 5, 'ticket_id': 260, 'owner': 'acct_10'}",mock
0x86758878852d1df46076e5dc8d8df5fa343fc03b57ba1bbf304d2f9ad8e5abf5,93000,1,UpdatePublished,"{'model_id': 'model_mnist_784_noniid', 'round': 5, 'ticket_id': 260, 'cid': 'sha256:15b76f8e169a0b73856aee512af0657a7f1e95d08706162e00008c69ec913f3c'}",mock
0xb482e55ea948b2347b8b49be36c17ae00fd7af4da7f5fee03ab360ec1433e397,86000,1,TicketReserved,"{'model_id': 'model_mnist_784_noniid', 'round': 5, 'ticket_id': 261, 'owner': 'acct_11'}",mock
0x35df87b208e2393dd55f96267ea727968e44a6ebe5d7bd410c23fff21c1a07cf,93000,1,UpdatePublished,"{'model_id': 'model_mnist_784_noniid', 'round': 5, 'ticket_id': 261, 'cid': 'sha256:6614fad73d572f1a8be554c4be8303151905e1ec1e8ea400806d9ab57b2098c1'}",mock
0xf47ce31ba19a7b444fdedc964d4fd14365e8c520d7eb0995ad0e8f9ce0ab1ecc,86000,1,TicketReserved,"{'model_id': 'model_mnist_784_noniid', 'round': 5, 'ticket_id': 262, 'owner': 'acct_12'}",mock
0xdc27c050464585e648c6a253122b3f9cfb699a8718fed501b126a2686ab243e6,93000,1,UpdatePublished,"{'model_id': 'model_mnist_784_noniid', 'round': 5, 'ticket_id': 262, 'cid': 'sha256:0b4d58f189a5f14002a622b6db357edbfad5bfe868ccdc29aa9768fb8f37203c'}",mock
0x8115d84c0fef8a73069447c110df5c112b15652cb5fad42907ab123a2af92072,86000,1,TicketReserved,"{'model_id': 'model_mnist_784_noniid', 'round': 5, 'ticket_id': 263, 'owner': 'acct_13'}",mock
0xb17d642238f86c2a9eda397c28ec256fc3877691bdc1b3f972c23ee2259f9533,93000,1,UpdatePublished,"{'model_id': 'model_mnist_784_noniid', 'round': 5, 'ticket_id': 263, 'cid': 'sha256:d27933707b6c99eea5fc11c833d389829727e20086321b2fd46677724938cc81'}",mock
0x22f0fa806f5de28a94a38f87b1ee86504ee79fa348b99990df0713d9792c3bcb,86000,1,TicketReserved,"{'model_id': 'model_mnist_784_noniid', 'round': 5, 'ticket_id': 264, 'owner': 'acct_14'}",mock
0xa65726ae19e02db8f03a2cb9f7daeb7e82113dc71194b30d2ec514ba5dd9f9cc,93000,1,UpdatePublished,"{'model_id': 'model_mnist_784_noniid', 'round': 5, 'ticket_id': 264, 'cid': 'sha256:db5d6e586a8000a3b1ce0a5eabb14b8b866dff21958dad3ae81e60664a8d4507'}",mock
0x8992f11a57c8dff5b6b9bc99fa4cd5275cfbd2193b889406b8a6f21318aaad3d,86000,1,TicketReserved,"{'model_id': 'model_mnist_784_noniid', 'round': 5, 'ticket_id': 265, 'owner': 'acct_15'}",mock
0x56050d8132d5098639b94159056ae1dc276e94fd2867e2be981bf919f2c2ddb9,93000,1,UpdatePublished,"{'model_id': 'model_mnist_784_noniid', 'round': 5, 'ticket_id': 265, 'cid': 'sha256:d4c7df4b87e3a7fa305762316fdaee1cb9adf6f45a38ed69ef958c24deb40ff6'}",mock
0x5db52e1e97828e468b10a943ca4df9217cd99d7f64164fb4eee141c69014c979,86000,1,TicketReserved,"{'model_id': 'model_mnist_784_noniid', 'round': 5, 'ticket_id': 266, 'owner': 'acct_16'}",mock
0x6beda1e2961d9014e9ee96701da38a37b68bf1ddc458b73f58d169342de35a0a,93000,1,UpdatePublished,"{'model_id': 'model_mnist_784_noniid', 'round': 5, 'ticket_id': 266, 'cid': 'sha256:5ae6d59b75c57908b005dbabae91405f2d137c63c6fb576c8c45ec71ed954f48'}",mock
0x17cd7792c32046240e1efcf612842c8a9b6159eb64960f0e6be7643f09fab978,86000,1,TicketReserved,"{'model_id': 'model_mnist_784_noniid', 'round': 5, 'ticket_id': 267, 'owner': 'acct_17'}",mock
0xe27031f05f93682cfc2da520de969cc2517d5944102553c75eb34fdb7b4e60cb,93000,1,UpdatePublished,"{'model_id': 'model_mnist_784_noniid', 'round': 5, 'ticket_id': 267, 'cid': 'sha256:d2e0835fe40c55c737c01340936eb96ccde745cd082d253cf7417bca560e427b'}",mock
0xef3fc5eb5fdf92eece8095d35cbb60e058ccde55384617e297ef71c21d84d36b,86000,1,TicketReserved,"{'model_id': 'model_mnist_784_noniid', 'round': 5, 'ticket_id': 268, 'owner': 'acct_18'}",mock
0xa3f080daf8c27868b2f7ba1fb771fba83f2f704565bd627363e17e01598aa426,93000,1,UpdatePublished,"{'model_id': 'model_mnist_784_noniid', 'round': 5, 'ticket_id': 268, 'cid': 'sha256:08896a4f07e5fed46eb2c394f5a41bd4556eb11d5876f25328a261193645cf7d'}",mock
0xd5fa582d84d523bdb3afd204b93e6245dcca7df8ca442441aebbcecb0d6b9e58,86000,1,TicketReserved,"{'model_id': 'model_mnist_784_noniid', 'round': 5, 'ticket_id': 269, 'owner': 'acct_19'}",mock
0x7e70fa4d02cb666542702eb24e12d42c1e49abf7252f921c1f99187882e48db4,93000,1,UpdatePublished,"{'model_id': 'model_mnist_784_noniid', 'round': 5, 'ticket_id': 269, 'cid': 'sha256:f1bdb0ccb43a661c4cba6737845abbf12e1288e8f257c5dc47d7d3addb29d540'}",mock
0x859142a42aafdad4fe5c45987572236365726b9dca19e3bc39daec096029aa1b,86000,1,TicketReserved,"{'model_id': 'model_mnist_784_noniid', 'round': 5, 'ticket_id': 270, 'owner': 'acct_20'}",mock
0x9404ed48999ceb77f125780918508359286f70ad778c82aac8bfb1a1ecdd9e3e,93000,1,UpdatePublished,"{'model_id': 'model_mnist_784_noniid', 'round': 5, 'ticket_id': 270, 'cid': 'sha256:3fba1e4e9ba31d85908963e594684cc27a5ffa16379752f3ee175190c0852418'}",mock
0x763697eb29755e94b779e258c0fc80c0d5ff8c1627771e501d1d775280df4b48,86000,1,TicketReserved,"{'model_id': 'model_mnist_784_noniid', 'round': 5, 'ticket_id': 271, 'owner': 'acct_21'}",mock
0xb8fb466cda2c2912439996942f8b6b430251b74e7ac043462d15162d5c4030ef,93000,1,UpdatePublished,"{'model_id': 'model_mnist_784_noniid', 'round': 5, 'ticket_id': 271, 'cid': 'sha256:d94f0544caa4bd9635123af0a94a0bd6bbb679d274f44a75f474998949c4839e'}",mock
0x4f0e288fcc2707488381185b4af87d780db46a97ab4dd2e28989a2d1953454fe,86000,1,TicketReserved,"{'model_id': 'model_mnist_784_noniid', 'round': 5, 'ticket_id': 272, 'owner': 'acct_22'}",mock
0x7c3b40b14ae3cec4c1d0b78e43cdc6686cb88381189fe2f8468aeea1356171af,93000,1,UpdatePublished,"{'model_id': 'model_mnist_784_noniid', 'round': 5, 'ticket_id': 272, 'cid': 'sha256:b3b8635eecfbccf81217f2c6a6c6bd967f5412e89eea79ac025775f33443b7d1'}",mock
0x2c7437fb891255d6ec3c14d48564db4d71789be9d201de7aef3d0b9f3a372140,86000,1,TicketReserved,"{'model_id': 'model_mnist_784_noniid', 'round': 5, 'ticket_id': 273, 'owner': 'acct_23'}",mock
0x5b95c7f973cb3179f46ff09ef9f7e16267f65d3645cfff2bcf20e3a5e71fe48e,93000,1,UpdatePublished,"{'model_id': 'model_mnist_784_noniid', 'round': 5, 'ticket_id': 273, 'cid': 'sha256:14859af32fff24355a699d7bdfd433c828d3b4395e18a1d708a982353c9bf193'}",mock
0x05bfd4b2fd69ceafd4277e3ef682f624a523b19609c37d9056aa6a5aa95bdb46,86000,1,TicketReserved,"{'model_id': 'model_mnist_784_noniid', 'round': 5, 'ticket_id': 274, 'owner': 'acct_24'}",mock
0x9b467f0f2c767bd8bd512d10cc66a9f44854918a90586eb2877c13dc32ef7972,93000,1,UpdatePublished,"{'model_id': 'model_mnist_784_noniid', 'round': 5, 'ticket_id': 274, 'cid': 'sha256:85dadbec6e831925683b451469105058904db6d6363b091732e575803f8c511b'}",mock
0xa1fec38e31ffcf2a7fa5cf36fe18cbd3b9f28c5f801aa5bc00073f859d337dc3,86000,1,TicketReserved,"{'model_id': 'model_mnist_784_noniid', 'round': 5, 'ticket_id': 275, 'owner': 'acct_25'}",mock
0xe200a26007f8d001396a2e14a20a4361c2c032dc147333b24d92e9f43fcc5b74,93000,1,UpdatePublished,"{'model_id': 'model_mnist_784_noniid', 'round': 5, 'ticket_id': 275, 'cid': 'sha256:96db4641acd6d480ffea97fbeef4e99950c096c391c0a57df0fce0f9d65ec62e'}",mock
0x69ddc95226f9f74747b2985ff3b5c364fcf15e4517c35d2b1e77ffe9201af4c4,86000,1,TicketReserved,"{'model_id': 'model_mnist_784_noniid', 'round': 5, 'ticket_id': 276, 'owner': 'acct_26'}",mock
0xb6be89f31f8dbae407ac3538cf7f597107dc20a73549df9bb12b3c6cb12e22e6,93000,1,UpdatePublished,"{'model_id': 'model_mnist_784_noniid', 'round': 5, 'ticket_id': 276, 'cid': 'sha256:a6329004d769a571c0a984ae8fca08002bf6f651ff57389eda1e43c42d824f96'}",mock
0xc75b3b30d85a25ac603a0f527dfdadc59f1f7afc9b83e20234f2053d4bde98a0,86000,1,TicketReserved,"{'model_id': 'model_mnist_784_noniid', 'round': 5, 'ticket_id': 277, 'owner': 'acct_27'}",mock
0x9f814ee3956bb75c4e4bbf72ebe1758d90d418ba3f10fdd1fcb94a21db4894d0,93000,1,UpdatePublished,"{'model_id': 'model_mnist_784_noniid', 'round': 5, 'ticket_id': 277, 'cid': 'sha256:724af81f742879bc30b11a103c7818adfc7e6bf822acabec696c5b7d22d5183b'}",mock
0x849fb6cad27e3cfab9796dd04867745e0f3c53a74ebbb757fd35f4226379f3d2,86000,1,TicketReserved,"{'model_id': 'model_mnist_784_noniid', 'round': 5, 'ticket_id': 278, 'owner': 'acct_28'}",mock
0x8696edb6ebaa9f409ab66ee8c7832510c1bc0a37f1f7812549ff195c88f69207,93000,1,UpdatePublished,"{'model_id': 'model_mnist_784_noniid', 'round': 5, 'ticket_id': 278, 'cid': 'sha256:7523bc146db58d1b08b2f41670c60978ef0ee0c094a4d0fb87b7e8e2fe3d93b0'}",mock
0xce7d61943349595eda8bbcad48cbbf4954f0c126de4b81657e7bb2f9ce04dcff,86000,1,TicketReserved,"{'model_id': 'model_mnist_784_noniid', 'round': 5, 'ticket_id': 279, 'owner': 'acct_29'}",mock
0x852fb9bc0fa66f16e34bac5c0574d862c87580f0a955c2782b11205d947832f0,93000,1,UpdatePublished,"{'model_id': 'model_mnist_784_noniid', 'round': 5, 'ticket_id': 279, 'cid': 'sha256:0b137a45edd5a7c87a4d50c151ab86f49c84f8fae5a3e4509826e0edb88f0135'}",mock
0x714968945d7a5bb1eb8b50ee568bbcf80476d3d418af1bba9eb98df68d90ad2b,86000,1,TicketReserved,"{'model_id': 'model_mnist_784_noniid', 'round': 5, 'ticket_id': 280, 'owner': 'acct_30'}",mock
0x5c269db1c7ce74bc70c775e7bb88387e6e948487adf03e091b267afd3e071105,93000,1,UpdatePublished,"{'model_id': 'model_mnist_784_noniid', 'round': 5, 'ticket_id': 280, 'cid': 'sha256:b9af1b4b3a664963218afa11002416ea1cefd506be8c4baa3d31da46da0d8e1b'}",mock
0x9ac240f4508f821a12a9f5be702280a347ac314564851916734294fa52917f57,86000,1,TicketReserved,"{'model_id': 'model_mnist_784_noniid', 'round': 5, 'ticket_id': 281, 'owner': 'acct_31'}",mock
0xa4997cf63ed400ebd02d28275d1e251e6299f7385e34b535448707ece3b37ef3,93000,1,UpdatePublished,"{'model_id': 'model_mnist_784_noniid', 'round': 5, 'ticket_id': 281, 'cid': 'sha256:7b2736464580ca6b940248cc36b1072a05663d7323b20497c0108a8464b0d266'}",mock
0x9ef2bf68bbf47e84468f0dc5ec3a615e99a7e5868ab6f0b7c3bea4bf8f4e6004,86000,1,TicketReserved,"{'model_id': 'model_mnist_784_noniid', 'round': 5, 'ticket_id': 282, 'owner': 'acct_32'}",mock
0x04396c1f098c55733315238e445d9b2fe3fc2355493ec514afb044753245fb7a,93000,1,UpdatePublished,"{'model_id': 'model_mnist_784_noniid', 'round': 5, 'ticket_id': 282, 'cid': 'sha256:2103b99381bbec90fc70e8725af8d16451868321c4cbd90a9a0c4d26af46d68f'}",mock
0x91337d6016dd69dbf28d3d57080f04946e421ff789acc2f1adf02a8ef5158366,86000,1,TicketReserved,"{'model_id': 'model_mnist_784_noniid', 'round': 5, 'ticket_id': 283, 'owner': 'acct_33'}",mock
0x58a188f056074b8d0b01ea674bfaca08b21fc5ee569906fa51483888236b638f,93000,1,UpdatePublished,"{'model_id': 'model_mnist_784_noniid', 'round': 5, 'ticket_id': 283, 'cid': 'sha256:c40193e1e0d04310a9c592cbdc09c5335c6eb441534b422d17a1e4720c01a3a4'}",mock
0x01f5fa3d478192444392acee568b9b38f5b0b82086c72eb5f7902d32bc63db18,86000,1,TicketReserved,"{'model_id': 'model_mnist_784_noniid', 'round': 5, 'ticket_id': 284, 'owner': 'acct_34'}",mock
0xa44461536c1f4889d54a8ef8d1d94a4339ccdd3ced11a6da767cc0a9d37b536e,93000,1,UpdatePublished,"{'model_id': 'model_mnist_784_noniid', 'round': 5, 'ticket_id': 284, 'cid': 'sha256:bc864806f51f69a3980d7fbf6d7af1cefbf4ef98f2e496f385d23c385ff465a7'}",mock
0x332f9ad76eb75a7405415da01a82d1f01647b912f51c88db6e2094584433d0dc,86000,1,TicketReserved,"{'model_id': 'model_mnist_784_noniid', 'round': 5, 'ticket_id': 285, 'owner': 'acct_35'}",mock
0x71baa0945c4d575e0d12e833bbdf8b6e23e111379f018b5b9e085f889ed74d88,93000,1,UpdatePublished,"{'model_id': 'model_mnist_784_noniid', 'round': 5, 'ticket_id': 285, 'cid': 'sha256:5472c8a2a1106c523893a95d81d5d101de26260fb0fce126bf6e4517fd4a9dce'}",mock
0xc5fa5bc960b0b9472eb485b6f4419d66a53ef79d73abeb0cdac5e163ff1e6456,86000,1,TicketReserved,"{'model_id': 'model_mnist_784_noniid', 'round': 5, 'ticket_id': 286, 'owner': 'acct_36'}",mock
0x9ae6dec508501df15b761e7c008fa76f2d12b545b25f0a62765ce21fd790519b,93000,1,UpdatePublished,"{'model_id': 'model_mnist_784_noniid', 'round': 5, 'ticket_id': 286, 'cid': 'sha256:0fd8afa2085707a03cea2ecd626a23d5d7d1d062c5a053038c868dccec2c683f'}",mock
0x2abc580f70cdb835066bd9bfc1e5ab51ad63e99dc963a123f38a4089d3cd7bb8,86000,1,TicketReserved,"{'model_id': 'model_mnist_784_noniid', 'round': 5, 'ticket_id': 287, 'owner': 'acct_37'}",mock
0xd47478ecd5d2d09d1d990e195f67ef92ba49ec625bc989759abe1a0b48414fab,93000,1,UpdatePublished,"{'model_id': 'model_mnist_784_noniid', 'round': 5, 'ticket_id': 287, 'cid': 'sha256:d666ff480bbe878b58259d21df5f3af1550fb29c65af1658ddf0636509a4cb3b'}",mock
0x1c33ec83ed5282d6bc6245036da87be081b9437cfaf2583bf06f813aa06365f0,86000,1,TicketReserved,"{'model_id': 'model_mnist_784_noniid', 'round': 5, 'ticket_id': 288, 'owner': 'acct_38'}",mock
0x0964235d3548d5d1eba9b770bd90b4b13dd9a6c1bd99c6b337bfdcb0704145c5,93000,1,UpdatePublished,"{'model_id': 'model_mnist_784_noniid', 'round': 5, 'ticket_id': 288, 'cid': 'sha256:80361a3ada24d9cb7dc594d4a4138fcc3b101c689a53a510033d5e431105a9b0'}",mock
0xe248d91b2a7cc0b6c23791c8932e0d457629d8f5c37a828e3a22509d35aefc4e,86000,1,TicketReserved,"{'model_id': 'model_mnist_784_noniid', 'round': 5, 'ticket_id': 289, 'owner': 'acct_39'}",mock
0xc09c4d7328217360c6f15b5f78a8963080c0d0ece82897635bceb2b6f6f26a26,93000,1,UpdatePublished,"{'model_id': 'model_mnist_784_noniid', 'round': 5, 'ticket_id': 289, 'cid': 'sha256:020c4f2a58cfde7c990662b0908fc8972c9b6ef67f5b9832a0a35f75ce697d93'}",mock
0xd175a255e57caecf184a7904bf74c913ecaf32468f5981d027d3cd65b0ff1311,86000,1,TicketReserved,"{'model_id': 'model_mnist_784_noniid', 'round': 5, 'ticket_id': 290, 'owner': 'acct_40'}",mock
0x686d6a5f5d0c877200854c1cb28a07933ae469d3a245645a54d9069768cdd38a,93000,1,UpdatePublished,"{'model_id': 'model_mnist_784_noniid', 'round': 5, 'ticket_id': 290, 'cid': 'sha256:0a2f9c26743b5a355cd2c3de452f2962a4428aff95c5d82cff62ed17ba33c24d'}",mock
0x74d9e215916db39fdb9db5a1eeb4093888300d1673932fd5501b09e4b4ab8c42,86000,1,TicketReserved,"{'model_id': 'model_mnist_784_noniid', 'round': 5, 'ticket_id': 291, 'owner': 'acct_41'}",mock
0x02b273a7a43a89008cc6e8d4172d5b7e2bdf1204173629b330ea8d2be7a6ef33,93000,1,UpdatePublished,"{'model_id': 'model_mnist_784_noniid', 'round': 5, 'ticket_id': 291, 'cid': 'sha256:b765c868d04b774183fa2f3346f325a7b7ae98e20082f44ceafd223784efcee4'}",mock
0x3327924b3361c55565e960764614d98dadbe646e345bb2a061629ebbe4f3da4d,86000,1,TicketReserved,"{'model_id': 'model_mnist_784_noniid', 'round': 5, 'ticket_id': 292, 'owner': 'acct_42'}",mock
0x0060fb242046aaede5dc23dae0216bea7468817643dfeb36f81560a37f45540c,93000,1,UpdatePublished,"{'model_id': 'model_mnist_784_noniid', 'round': 5, 'ticket_id': 292, 'cid': 'sha256:8e22cdf2d344de8ddf7d8412b4ec436c45cf9d189760f0995f2d58aefb8be58a'}",mock
0x95a7b1724d854ab10252e5eb929874876267deeaf8e2b0d610f9109ec4b41c21,86000,1,TicketReserved,"{'model_id': 'model_mnist_784_noniid', 'round': 5, 'ticket_id': 293, 'owner': 'acct_43'}",mock
0xc54776ac71322dd538847c8e463d257aa643156e146fd18cf332bbb166e182bf,93000,1,UpdatePublished,"{'model_id': 'model_mnist_784_noniid', 'round': 5, 'ticket_id': 293, 'cid': 'sha256:941ccaa465f8a9d43d79cf2e761e41d272b4f423e532103f2d42e1ade09e287d'}",mock
0x49381b3b108997c7008196d9f870c0213886090653a550f25aedece872100f33,86000,1,TicketReserved,"{'model_id': 'model_mnist_784_noniid', 'round': 5, 'ticket_id': 294, 'owner': 'acct_44'}",mock
0x6ffdde28d731ee9f232a33511cc7acc9f3b11212dfa9ea7a311406a264f231e0,93000,1,UpdatePublished,"{'model_id': 'model_mnist_784_noniid', 'round': 5, 'ticket_id': 294, 'cid': 'sha256:e4608c01abda63033bfcb71f9536324e7597e1d34f0a288bb24ac5707627c41d'}",mock
0xc05c42b834483f7c515d3753c1dd6fe8721ee2adbc5cfb2b6c90fe19781d608a,86000,1,TicketReserved,"{'model_id': 'model_mnist_784_noniid', 'round': 5, 'ticket_id': 295, 'owner': 'acct_45'}",mock
0xc3200739dae6224725178d333f01f42b51c0741d36eea3f8063e343972f0c484,93000,1,UpdatePublished,"{'model_id': 'model_mnist_784_noniid', 'round': 5, 'ticket_id': 295, 'cid': 'sha256:2005bb5bed88c021041c7794af1418522300b2fc838c114e9874138ec57ddf24'}",mock
0x02afd293222f80039b4d051beda3a202927028b13fd31637524ed44613039b0e,86000,1,TicketReserved,"{'model_id': 'model_mnist_784_noniid', 'round': 5, 'ticket_id': 296, 'owner': 'acct_46'}",mock
0xface4ac79080791a7203d3f93cae4d09e81a20c0774766624f4486d09d4a871c,93000,1,UpdatePublished,"{'model_id': 'model_mnist_784_noniid', 'round': 5, 'ticket_id': 296, 'cid': 'sha256:5551c31d6c6120bc06193512358da687d5e89a7c3611108a97699cb2a75e4401'}",mock
0xae2ca86406d145daf4da37a7a9aac26853272b05d5833b8047c11c54c3357ffe,86000,1,TicketReserved,"{'model_id': 'model_mnist_784_noniid', 'round': 5, 'ticket_id': 297, 'owner': 'acct_47'}",mock
0xff71d22ea4fed47b15d95acebe9b9ad32f76440c9e017b1ceeffcdeca9319502,93000,1,UpdatePublished,"{'model_id': 'model_mnist_784_noniid', 'round': 5, 'ticket_id': 297, 'cid': 'sha256:39baee65b37b5cef3635e0d9a7e2c5b591a58ed474fd87a6a000b7db116f535c'}",mock
0xeb1751660092da87611fc3306b4c4d254f147f90b5b2789d97fafdd076cdc8eb,86000,1,TicketReserved,"{'model_id': 'model_mnist_784_noniid', 'round': 5, 'ticket_id': 298, 'owner': 'acct_48'}",mock
0xf06dc6a67c62c486767b5a4925ed3ee859a7e5c7c95782ca068c73e7a0329adf,93000,1,UpdatePublished,"{'model_id': 'model_mnist_784_noniid', 'round': 5, 'ticket_id': 298, 'cid': 'sha256:a3b8c5e53278fa6ea33df45671090c764e9b9a12f8647848f0c52d676ddd4fe2'}",mock
0xe1963c84289255258613ba43feb1759ab90aa64e36d83d0225680a255b7337f1,86000,1,TicketReserved,"{'model_id': 'model_mnist_784_noniid', 'round': 5, 'ticket_id': 299, 'owner': 'acct_49'}",mock
0x39c2834bb4d258a5e1ceccbf29d83f6e520a4a51d8ec93b4e11a60a4e8addec4,93000,1,UpdatePublished,"{'model_id': 'model_mnist_784_noniid', 'round': 5, 'ticket_id': 299, 'cid': 'sha256:92f160d1abe8de9da5adafdaacc03268293d7c33c21869c8846be41afeb52de8'}",mock
0xf1bc69544c2e04cd6d56daf894857ce857f1da1d67355792c481ffb43b692bd4,86000,1,TicketReserved,"{'model_id': 'model_mnist_784_noniid', 'round': 5, 'ticket_id': 300, 'owner': 'acct_50'}",mock
0xcba004c675443108264fb30459beafad7307d09438c4f6e2618fa03f647e53f0,93000,1,UpdatePublished,"{'model_id': 'model_mnist_784_noniid', 'round': 5, 'ticket_id': 300, 'cid': 'sha256:1789d12b360b81bd2b250fe226eb4a3a71b0b05400b45e3f4485ad37d3a714f4'}",mock
0x40498deaea9e9a8289371bc7ac7b1cedbfd6645c5854a35f023aa4b11580a003,945000,1,RoundFinalized,"{'model_id': 'model_mnist_784_noniid', 'round': 5, 'included': 41, 'refunds': 41}",mock
0x6ce80780919732f1d60c4eb4d05c411205fe65592fac0f9cf32d3243da10ba72,52000,1,RoundFunded,"{'model_id': 'model_mnist_784_noniid', 'amount_wei': 10000000000000000}",mock
0x9aa2dfceb5b5e4a06c068e98aac61f34116ce7bf5bab01f957c2e538f2914144,86000,1,TicketReserved,"{'model_id': 'model_mnist_784_noniid', 'round': 6, 'ticket_id': 301, 'owner': 'acct_1'}",mock
0x15fd51053714669ff90673410c5edbd1b6e3c07542248ee7758108a53168055e,93000,1,UpdatePublished,"{'model_id': 'model_mnist_784_noniid', 'round': 6, 'ticket_id': 301, 'cid': 'sha256:adc28e41ce22d0ac9bef02fce914dfac305304f0469094f617b0584665cf41aa'}",mock
0xc1d3f269365dd936aa891d171592caa624b3c5f955142746841f8b3f2b384190,86000,1,TicketReserved,"{'model_id': 'model_mnist_784_noniid', 'round': 6, 'ticket_id': 302, 'owner': 'acct_2'}",mock
0x31a57ef12e33b61f6f51c3dfd2f329d309162845776167ecf2b924ab5d080b41,93000,1,UpdatePublished,"{'model_id': 'model_mnist_784_noniid', 'round': 6, 'ticket_id': 302, 'cid': 'sha256:b9888444296c2d30c0f9efaa101202b0098d420bb87069e31c8ef87495f71446'}",mock
0x8bbd0f6885d60ddab613c4bba7e73f62ef6590cf21f790ea83b0ea7395cdd479,86000,1,TicketReserved,"{'model_id': 'model_mnist_784_noniid', 'round': 6, 'ticket_id': 303, 'owner': 'acct_3'}",mock
0x2fdc704abffde110ce1e25f6ce5a1e4737d7a51424a83b5650be90c78d1fdd90,93000,1,UpdatePublished,"{'model_id': 'model_mnist_784_noniid', 'round': 6, 'ticket_id': 303, 'cid': 'sha256:b70cc67d33a91edad14bf477627a1b12d44091dc5bafcd676e4d00c8b197ed88'}",mock
0x1076818401f91bb9adf6c72afbad166e84631d8e6e0a5f2962403c5460e8e7bb,86000,1,TicketReserved,"{'model_id': 'model_mnist_784_noniid', 'round': 6, 'ticket_id': 304, 'owner': 'acct_4'}",mock
0x4c7a356cb9e24a5174a63a267f89be68e413b75d097c004db2ea04b2f904449b,93000,1,UpdatePublished,"{'model_id': 'model_mnist_784_noniid', 'round': 6, 'ticket_id': 304, 'cid': 'sha256:3e5ed9cf717b386e8db413a5315fc011e99a9302b4e2cf421a41b9ae7f28dc64'}",mock
0x4d96c5119dbb0e7c5d47c518433f8d413c6fda557eb19abffdff0857566399c6,86000,1,TicketReserved,"{'model_id': 'model_mnist_784_noniid', 'round': 6, 'ticket_id': 305, 'owner': 'acct_5'}",mock
0x7dea9dc574235d39b1d9db872ec59c5d516c932dbc698264f3b973a719053223,93000,1,UpdatePublished,"{'model_id': 'model_mnist_784_noniid', 'round': 6, 'ticket_id': 305, 'cid': 'sha256:3bee1ec951316a983376a8b5421388ff53f7df4b7d33c43f67335bd83a1f9e62'}",mock
0x2270481380ee10115c9eca77c01b5f9c12efca846bf9bc47793bd4a55c62c18b,86000,1,TicketReserved,"{'model_id': 'model_mnist_784_noniid', 'round': 6, 'ticket_id': 306, 'owner': 'acct_6'}",mock
0x5d55c8356625e0cc7dc138c20fa3fde1f8ecb322fbd76306665c21201ef42e4b,93000,1,UpdatePublished,"{'model_id': 'model_mnist_784_noniid', 'round': 6, 'ticket_id': 306, 'cid': 'sha256:eed901e2bc4053fa6a57536df6b67d1d0d80c3686fb0aa7858120919a900d915'}",mock
0x813ae1c2a50602eaf7e9e2f4b922fa02e29f13ba01b9c59ed35b29845c6d712b,86000,1,TicketReserved,"{'model_id': 'model_mnist_784_noniid', 'round': 6, 'ticket_id': 307, 'owner': 'acct_7'}",mock
0xf3a4bbb0d9a7b8655d65bd826eb054634b599ba0edde7f6554fef0e63da3f9a5,93000,1,UpdatePublished,"{'model_id': 'model_mnist_784_noniid', 'round': 6, 'ticket_id': 307, 'cid': 'sha256:7275ecd57ea4f017e046030bb09d60de664c85b27eb0ce1000b20616b219e8fe'}",mock
0xd83c55110afc7966f0e347c05cd00ca109cf4f998b41dcb7d1f38ba0ab9d91b9,86000,1,TicketReserved,"{'model_id': 'model_mnist_784_noniid', 'round': 6, 'ticket_id': 308, 'owner': 'acct_8'}",mock
0x31e0855bb9334654caf0f0dfc82b1c48217746e431a4c0a4454445a449b9a8ae,93000,1,UpdatePublished,"{'model_id': 'model_mnist_784_noniid', 'round': 6, 'ticket_id': 308, 'cid': 'sha256:8db2771684eceb1910cb5c2ea2dbc6825cf9df3a7ba172387b84b4241c764a82'}",mock
0x8dd16eca8865181c952e3a77d42c710df0b24a6432ad33fd8d622cceb2384ae7,86000,1,TicketReserved,"{'model_id': 'model_mnist_784_noniid', 'round': 6, 'ticket_id': 309, 'owner': 'acct_9'}",mock
0xa434ba03f476780d42fcd3c667918cdd2dd6df7553f6c754335061719e95bbe2,93000,1,UpdatePublished,"{'model_id': 'model_mnist_784_noniid', 'round': 6, 'ticket_id': 309, 'cid': 'sha256:566a8c9ca8dd7b24eb8162fcfed7d7b2bfbad613520c1a86ec0cbea02a719c65'}",mock
0x630ec9e342bc58a8b217423bdd3160570cd3a319adb35f95cec2178981c3c639,86000,1,TicketReserved,"{'model_id': 'model_mnist_784_noniid', 'round': 6, 'ticket_id': 310, 'owner': 'acct_10'}",mock
0x8fc087593a87a2280cca07846cd85a314d7d50115844174a710b3c84d1ae249b,93000,1,UpdatePublished,"{'model_id': 'model_mnist_784_noniid', 'round': 6, 'ticket_id': 310, 'cid': 'sha256:c4936f754b55d0771fb49c512a4a5c907b2eb573451bb6f09c675e6cab45ab5f'}",mock
0xa25361cdd9a2db2aa7a89722a8a19da59469e54cdf6be2c933d6db528d8f26b0,86000,1,TicketReserved,"{'model_id': 'model_mnist_784_noniid', 'round': 6, 'ticket_id': 311, 'owner': 'acct_11'}",mock
0x5ff52bb22ee2ef3b4f1198c769b80bdab565ea9ab3c3383562b22c9842ca1410,93000,1,UpdatePublished,"{'model_id': 'model_mnist_784_noniid', 'round': 6, 'ticket_id': 311, 'cid': 'sha256:7bacabc77e0304fa74595567dd90c4dc303a901a5a253e81bb13ca9ac1af1878'}",mock
0x0d8f692355356de7468d347b641d583048b018db3f7076a963bc8bf6588b2e32,86000,1,TicketReserved,"{'model_id': 'model_mnist_784_noniid', 'round': 6, 'ticket_id': 312, 'owner': 'acct_12'}",mock
0x7c8c32e31b574c446e6ef604b1e6b3d751d5f7acfdf2bee6ba8625dc360263c6,93000,1,UpdatePublished,"{'model_id': 'model_mnist_784_noniid', 'round': 6, 'ticket_id': 312, 'cid': 'sha256:d9ccfa8b7291c789aa95e8cc4098cdde95f8d0f93a13ee563fe2ed6ff0735993'}",mock
0x57e16de061c225ca451359016ff7910cd6c92f16936448be3fbd859e4de721ed,86000,1,TicketReserved,"{'model_id': 'model_mnist_784_noniid', 'round': 6, 'ticket_id': 313, 'owner': 'acct_13'}",mock
0x92ce641857d5a0751c00b46b7b75a49007d9023de7b9425cd57eb91f39403c25,93000,1,UpdatePublished,"{'model_id': 'model_mnist_784_noniid', 'round': 6, 'ticket_id': 313, 'cid': 'sha256:f9064104e83cce14dd0d2302b16869accc422fb0dd80d7f8cbad2a49d8c9f9f1'}",mock
0x9f6ffe7f532f8d76a301351e10ed09e1584b46e138bb936a41c56d4ad7507546,86000,1,TicketReserved,"{'model_id': 'model_mnist_784_noniid', 'round': 6, 'ticket_id': 314, 'owner': 'acct_14'}",mock
0x6b711e687fdd802ae73e1e34511b6008e5358345ef062ce29aa350c5a16c89e7,93000,1,UpdatePublished,"{'model_id': 'model_mnist_784_noniid', 'round': 6, 'ticket_id': 314, 'cid': 'sha256:e34cad5432ae686de7de370fed9c688988854d2979a0b7e487cf9c8ccf0ced43'}",mock
0xa878c9ffdfa285b6a63f4b85b75e0cd2df6b2f1fe5768f096a6c8768e31154e8,86000,1,TicketReserved,"{'model_id': 'model_mnist_784_noniid', 'round': 6, 'ticket_id': 315, 'owner': 'acct_15'}",mock
0x6e96c06ba981a4ca9aaf457332b2287a7d31457d31e418ed06adbb12dc232dea,93000,1,UpdatePublished,"{'model_id': 'model_mnist_784_noniid', 'round': 6, 'ticket_id': 315, 'cid': 'sha256:5049eef33eae0984696981b7c6367c8d808559e13b4b1d472e0dd75bfa70b47b'}",mock
0x9bc56901e359fcb3f075be60d5ccf4af55f4f2411cde2f6e662e8be49cdc417b,86000,1,TicketReserved,"{'model_id': 'model_mnist_784_noniid', 'round': 6, 'ticket_id': 316, 'owner': 'acct_16'}",mock
0xf8b3beaeb9866467a78d60260b501d0eda2e1a10b135407cfc50872fa86599e6,93000,1,UpdatePublished,"{'model_id': 'model_mnist_784_noniid', 'round': 6, 'ticket_id': 316, 'cid': 'sha256:ab085a0759cce381f3f1bf3ef2c924c33b8907a550e052ea84d8a71c5694b1e3'}",mock
0xbffd97c8f6dc0fcc5fffbb6bafe9b997f040570825f8928fd1228c4503d0be9f,86000,1,TicketReserved,"{'model_id': 'model_mnist_784_noniid', 'round': 6, 'ticket_id': 317, 'owner': 'acct_17'}",mock
0xb1a228ea28528bc8d401e620f25274eca750299c8ccde01fd0561388e64fe5f4,93000,1,UpdatePublished,"{'model_id': 'model_mnist_784_noniid', 'round': 6, 'ticket_id': 317, 'cid': 'sha256:7ebdc4a489b173b6cccd8a0c5ba408f3ffdfcaa0d5ea3047e0ceba892b0d1496'}",mock
0x2147176867cf7264473f8a412f0e882a887b92150dd089932ab9cba06128f9fc,86000,1,TicketReserved,"{'model_id': 'model_mnist_784_noniid', 'round': 6, 'ticket_id': 318, 'owner': 'acct_18'}",mock
0x618d652c6169e4b2f9bc8b74795baa91a68b3a63d4cf725ad8deb2605bc8c035,93000,1,UpdatePublished,"{'model_id': 'model_mnist_784_noniid', 'round': 6, 'ticket_id': 318, 'cid': 'sha256:10becd7f24127564da1c5532ada8d9145213ff0d69a09647d2c15655b5da14f0'}",mock
0xf20d73a97c0d2461b5c6aee2a986db652ef2faa8bb9708a8167e6cbe0ac4b12a,86000,1,TicketReserved,"{'model_id': 'model_mnist_784_noniid', 'round': 6, 'ticket_id': 319, 'owner': 'acct_19'}",mock
0xd99cd5efb9f2b67635be50b39f98890f71bb19aa94e8a0bf49704d0aefa23a75,93000,1,UpdatePublished,"{'model_id': 'model_mnist_784_noniid', 'round': 6, 'ticket_id': 319, 'cid': 'sha256:ff7ad6c5aa864ebcb6e31a64b8a779cbabfd0bdee85a2d02303d3686fd0ff1f9'}",mock
0xbfdb0bcd9630f1cdcca9086c071078953d34b4cc243ad4ca62b9457efeddb14a,86000,1,TicketReserved,"{'model_id': 'model_mnist_784_noniid', 'round': 6, 'ticket_id': 320, 'owner': 'acct_20'}",mock
0xb868d8fab2748034dd1ac8686050a976c10c449e16d5e1adaf2491c5352e1cac,93000,1,UpdatePublished,"{'model_id': 'model_mnist_784_noniid', 'round': 6, 'ticket_id': 320, 'cid': 'sha256:0b4dc7c0947c75086992e69d7fa1d7a96ef6da15c83ad4364081588ee7b3bfce'}",mock
0x5dce273ea156a58569ef043a1d1b4bdd3d27b452549a92d8ad37f23200478963,86000,1,TicketReserved,"{'model_id': 'model_mnist_784_noniid', 'round': 6, 'ticket_id': 321, 'owner': 'acct_21'}",mock
0xe8fd6ec6cd5939ebaf782021e54e66ae612fd51554dec1665c7ac6f5b227929e,93000,1,UpdatePublished,"{'model_id': 'model_mnist_784_noniid', 'round': 6, 'ticket_id': 321, 'cid': 'sha256:474b35c5d91dd9254c68983fff166ac31de9ce653cb47f044ca3423c2d7c3408'}",mock
0x624ea7f7647bc777c036ead7028b1ca3d9596e0de0892edb485d0291e74d8f81,86000,1,TicketReserved,"{'model_id': 'model_mnist_784_noniid', 'round': 6, 'ticket_id': 322, 'owner': 'acct_22'}",mock
0x82c3f85cdf54c735392e81d3ae53bba4f026050d4736a832bf4d39f4dc1f626f,93000,1,UpdatePublished,"{'model_id': 'model_mnist_784_noniid', 'round': 6, 'ticket_id': 322, 'cid': 'sha256:29229a3b683b1883597ce2439caa83c44dd15edb65fd64dc4c029282aa3b7cfd'}",mock
0x61e8e0489f485f178686f03698a84c1faf8986c08b7de519b4161482a5cdd226,86000,1,TicketReserved,"{'model_id': 'model_mnist_784_noniid', 'round': 6, 'ticket_id': 323, 'owner': 'acct_23'}",mock
0xa6c34fea2e7b2ce3a714f26ea6593197114a353f403d3f3aa888ae100850bf88,93000,1,UpdatePublished,"{'model_id': 'model_mnist_784_noniid', 'round': 6, 'ticket_id': 323, 'cid': 'sha256:c4bc15bf5ad0f3a0b73d2adc77e96ea3ee491d206d8a788130e35edd1509f2af'}",mock
0x8e9f5877a4f965b84a02b32562adad0592fb4131ab6414346fc68c98f468677f,86000,1,TicketReserved,"{'model_id': 'model_mnist_784_noniid', 'round': 6, 'ticket_id': 324, 'owner': 'acct_24'}",mock
0x6c3e83171db2e332d44f60f352c2b37c7b04f8c27d4a0a10bccfbe3dc1215034,93000,1,UpdatePublished,"{'model_id': 'model_mnist_784_noniid', 'round': 6, 'ticket_id': 324, 'cid': 'sha256:b42b270812f3f4cd366b74d2f7ad6c568c6de2b47356356afe2cfb37c75bb097'}",mock
0xb3ed7e362ebca934621d4eec6826b58749c6ecef96c4c44ceb5cf3d8cb48235f,86000,1,TicketReserved,"{'model_id': 'model_mnist_784_noniid', 'round': 6, 'ticket_id': 325, 'owner': 'acct_25'}",mock
0x3c41ec1e700160891ba4c298070e33c5a9d7632431e205ca4e1462fe3febebb5,93000,1,UpdatePublished,"{'model_id': 'model_mnist_784_noniid', 'round': 6, 'ticket_id': 325, 'cid': 'sha256:10157782256fbe1d2cafd352aab0080a129e0c555762cb0e1aaeb943db6d7614'}",mock
0x14e2d38c2b68f1a79e2e52d80e6ff659409d4ddf151aa7ba835c506e7e814364,86000,1,TicketReserved,"{'model_id': 'model_mnist_784_noniid', 'round': 6, 'ticket_id': 326, 'owner': 'acct_26'}",mock
0x4c65bfe19dc80e72cd9e18d09b5020de6c25f3f0c80399f375e038374c0110ad,93000,1,UpdatePublished,"{'model_id': 'model_mnist_784_noniid', 'round': 6, 'ticket_id': 326, 'cid': 'sha256:dce055740c0090943273e987beb104cb0342b82b4df30c3f4f4e81da41a50e2c'}",mock
0x49f72a605cb38d3471184e2aa98ff651735bd806bf257c2eafab62fd4d26b208,86000,1,TicketReserved,"{'model_id': 'model_mnist_784_noniid', 'round': 6, 'ticket_id': 327, 'owner': 'acct_27'}",mock
0xb2fbbdcba7b303cccd9ec05eede356301effc2f6dd54cfa122d24f80dd96ec00,93000,1,UpdatePublished,"{'model_id': 'model_mnist_784_noniid', 'round': 6, 'ticket_id': 327, 'cid': 'sha256:d80bda71aef7286f70f32589c60e096c26ec453dc2ee296dda420046755ad42d'}",mock
0x35b0de98990f921a3e54651a30e314b818fddf3c74cb06979d4fd8225b38db25,86000,1,TicketReserved,"{'model_id': 'model_mnist_784_noniid', 'round': 6, 'ticket_id': 328, 'owner': 'acct_28'}",mock
0x0d98ce6da2550ce4e2db70b31b7082b99b1cef7fea101c64f28e3732ce99dab3,93000,1,UpdatePublished,"{'model_id': 'model_mnist_784_noniid', 'round': 6, 'ticket_id': 328, 'cid': 'sha256:e843babc08f9157dcfaf5381d0e97cbae484a8bbb8d175e5d637670289abc365'}",mock
0xed8007e4e343d272a302b19680f35cd59c3a58c9a9a7484630bffbe079f6bc81,86000,1,TicketReserved,"{'model_id': 'model_mnist_784_noniid', 'round': 6, 'ticket_id': 329, 'owner': 'acct_29'}",mock
0xd09c912097486e3f98c92a9ac760a261ace12c2afa38b237120c0c6c7a92ee6e,93000,1,UpdatePublished,"{'model_id': 'model_mnist_784_noniid', 'round': 6, 'ticket_id': 329, 'cid': 'sha256:096a8364231dc6de6e0d97d00e84e0b811b87eabe7a9c2e39879ba89b7b37af9'}",mock
0xca875f58f173f69535b87f997b90db9b96748aa605748c40bd14c3e364b37f13,86000,1,TicketReserved,"{'model_id': 'model_mnist_784_noniid', 'round': 6, 'ticket_id': 330, 'owner': 'acct_30'}",mock
0x4e7c214ceb9d0b12fe318563ec6ada4aabba6a15069cef58f64ef154ddda782d,93000,1,UpdatePublished,"{'model_id': 'model_mnist_784_noniid', 'round': 6, 'ticket_id': 330, 'cid': 'sha256:7c22615e8656d0bb7e92c3657bcaa72bbd557b837125c5b5700537569ef1186d'}",mock
0x53c1f30ebdf7537efac3e265b90bafc86e18be9653ee3cfc0d8cccb59fc32c30,86000,1,TicketReserved,"{'model_id': 'model_mnist_784_noniid', 'round': 6, 'ticket_id': 331, 'owner': 'acct_31'}",mock
0x91391597f69669b415381c15c3fade2435dacd59df20f5119f8163121a3e7175,93000,1,UpdatePublished,"{'model_id': 'model_mnist_784_noniid', 'round': 6, 'ticket_id': 331, 'cid': 'sha256:b5f8ffb7c44d589abdee7f61ae3a29067a2c5f4841b86543b6771de4d4eeebd3'}",mock
0x7f1d5a5d52841ddeb1c3074b77294f287ff6ac597a68febf1a7f755536dc6647,86000,1,TicketReserved,"{'model_id': 'model_mnist_784_noniid', 'round': 6, 'ticket_id': 332, 'owner': 'acct_32'}",mock
0x8ec7038485cfe4542614f212766a16826aa3f2a3a77bed55e346c68a07859e78,93000,1,UpdatePublished,"{'model_id': 'model_mnist_784_noniid', 'round': 6, 'ticket_id': 332, 'cid': 'sha256:9b7e8f476c36c1f22a138b36525e348d0d44d06b8e1d25b774ee20382499b0b6'}",mock
0xe06ea805d48a90f9ab9e6b0c08705d8bd76c5322fd50692bebb0040a74c7a14c,86000,1,TicketReserved,"{'model_id': 'model_mnist_784_noniid', 'round': 6, 'ticket_id': 333, 'owner': 'acct_33'}",mock
0xce401aee3a8b44100a1287329fa0dbd473e2d9dd786ddf2e00098f6626db8686,93000,1,UpdatePublished,"{'model_id': 'model_mnist_784_noniid', 'round': 6, 'ticket_id': 333, 'cid': 'sha256:5c7a492d39897631a57c8521545cec5ccc0e09f95edf5ddfd7fe134860f01d43'}",mock
0x83dc863f72d2904777f6125b4db72af3cee8e2ae0ef667eaac95342e14583b81,86000,1,TicketReserved,"{'model_id': 'model_mnist_784_noniid', 'round': 6, 'ticket_id': 334, 'owner': 'acct_34'}",mock
0xa1d1e728dae03350d5a0134b69c8f2f908c31b6c52bcd9ba499ba0526de975aa,93000,1,UpdatePublished,"{'model_id': 'model_mnist_784_noniid', 'round': 6, 'ticket_id': 334, 'cid': 'sha256:852a7484ade8167d58fca8587614ccb53fbe1b83d4b85de656a868f5982caa7c'}",mock
0xfb982b6fe9be877c930c154b59d926d53d3bc01ab3d30fe67105bbc95f19e0fd,86000,1,TicketReserved,"{'model_id': 'model_mnist_784_noniid', 'round': 6, 'ticket_id': 335, 'owner': 'acct_35'}",mock
0x2fb26a009366c1678990a13baf81d97fd6d4c5316e7830c1185120a427265f18,93000,1,UpdatePublished,"{'model_id': 'model_mnist_784_noniid', 'round': 6, 'ticket_id': 335, 'cid': 'sha256:40a6bd17c7d1050ff7a238f34769ca0d18847d3e17a60a89cdf5463a122cd65d'}",mock
0xd979c1caaf7897e906b94a36f93b74c098a37fa0bb096dc4f87f6b82293a3ce9,86000,1,TicketReserved,"{'model_id': 'model_mnist_784_noniid', 'round': 6, 'ticket_id': 336, 'owner': 'acct_36'}",mock
0xa2fd7db56b4b23590e8b53c9e8dc2178ca992d5827e350e2a800edb663b6bc02,93000,1,UpdatePublished,"{'model_id': 'model_mnist_784_noniid', 'round': 6, 'ticket_id': 336, 'cid': 'sha256:3c65341a2724f9307b90b0828db220db9f38aca659bd7e1fa0ed39b02ad1d032'}",mock
0xf30b5c260cf10032134a0a7ccf2dae5913404e15a0112c3643dcb4e3a9fc8668,86000,1,TicketReserved,"{'model_id': 'model_mnist_784_noniid', 'round': 6, 'ticket_id': 337, 'owner': 'acct_37'}",mock
0x4876f9291edbd2e1a1cc2ce681d02d0c3490739f6886d348ac90d3e4fde3afab,93000,1,UpdatePublished,"{'model_id': 'model_mnist_784_noniid', 'round': 6, 'ticket_id': 337, 'cid': 'sha256:9c237122e2c6a5f69069e5981dc2492f91bbb9362cad670c5849ca5c103c0256'}",mock
0xc6383400d857476b1ef686318675ca200b059f6bff75e5f8c31961507208e1a1,86000,1,TicketReserved,"{'model_id': 'model_mnist_784_noniid', 'round': 6, 'ticket_id': 338, 'owner': 'acct_38'}",mock
0x5f2e236e0bf242fd248626de68341247ab668eb2a8c25fe7ae4c82be074b51a8,93000,1,UpdatePublished,"{'model_id': 'model_mnist_784_noniid', 'round': 6, 'ticket_id': 338, 'cid': 'sha256:45725fc244356389c2d8a4fc5442057e603e356ff490611bd690648670ba77e9'}",mock
0x4a1a91b558a91778830c327ec76a0d07518cd918c93792f0dd01ca00073c30ab,86000,1,TicketReserved,"{'model_id': 'model_mnist_784_noniid', 'round': 6, 'ticket_id': 339, 'owner': 'acct_39'}",mock
0x39d17b2aa6a955e23a58d9288d28559bfef3688955ecd50499bf6cd43231c233,93000,1,UpdatePublished,"{'model_id': 'model_mnist_784_noniid', 'round': 6, 'ticket_id': 339, 'cid': 'sha256:56ec4783436e9c0e376fe617ab16a4ed79381edd145fdb5a255d751ac1787c25'}",mock
0x5c90aeac2506b6d8419e39aded52a801976dccd3d31f25a8ad5742f66d0f8f59,86000,1,TicketReserved,"{'model_id': 'model_mnist_784_noniid', 'round': 6, 'ticket_id': 340, 'owner': 'acct_40'}",mock
0xb3fe751803ed85dbf7809103b25b8d22c0ff82eb314e25a4985e002810224384,93000,1,UpdatePublished,"{'model_id': 'model_mnist_784_noniid', 'round': 6, 'ticket_id': 340, 'cid': 'sha256:0e9a16883b636f661e62df804ab3ab4ea890279082fd8b837aee56a73e3509a9'}",mock
0xf85b740f5764b5810f54dbeb7bd27a09aef4407dfa405c7f919ccffe9f273b9e,86000,1,TicketReserved,"{'model_id': 'model_mnist_784_noniid', 'round': 6, 'ticket_id': 341, 'owner': 'acct_41'}",mock
0x8232ea71e3d635b74bf3a016b1de27a810d3105f8a5af407ca2655acd372e080,93000,1,UpdatePublished,"{'model_id': 'model_mnist_784_noniid', 'round': 6, 'ticket_id': 341, 'cid': 'sha256:a3bf9bf1d6e1a12d8c7a89e17208756e90a697d221c4b416ef2bc5f286f17da8'}",mock
0xf1e6bf34e339f7481bc8841292265d6e8a78ed95224e5ac8872c8cf31a33dbce,86000,1,TicketReserved,"{'model_id': 'model_mnist_784_noniid', 'round': 6, 'ticket_id': 342, 'owner': 'acct_42'}",mock
0x5fae990c3ddbeb84443102411a41fb43a81dbb3333e45569bac8917aa17378a7,93000,1,UpdatePublished,"{'model_id': 'model_mnist_784_noniid', 'round': 6, 'ticket_id': 342, 'cid': 'sha256:9779cf743653419c6f19753ce2f809449b4fb782c675bf3e7a64cd974f9e1813'}",mock
0x4bde6bc975ab8f7cd2719d320b556dbceb4389f18037ea6790ec5f5c71f72866,86000,1,TicketReserved,"{'model_id': 'model_mnist_784_noniid', 'round': 6, 'ticket_id': 343, 'owner': 'acct_43'}",mock
0x2108369a2e6b8c0651c15896e316d94a6ba355c6c844aa207f696a21ee87a332,93000,1,UpdatePublished,"{'model_id': 'model_mnist_784_noniid', 'round': 6, 'ticket_id': 343, 'cid': 'sha256:714808cf29171406f5913c5e5a06d3ef07c3f55c4c3f6689cf087c0f8aceee4f'}",mock
0xb572bf5082f0a75b55b509321fe01f35efa2ba2af2336e8c717986e38ec998ee,86000,1,TicketReserved,"{'model_id': 'model_mnist_784_noniid', 'round': 6, 'ticket_id': 344, 'owner': 'acct_44'}",mock
0x127b219c41f2f1a87fbded4e58e26fce1e4f0b053598e1eec02d7b0551e7d7db,93000,1,UpdatePublished,"{'model_id': 'model_mnist_784_noniid', 'round': 6, 'ticket_id': 344, 'cid': 'sha256:8c23886395fff1c224006ad60c0bf2635685967a0986bdd8d61e5b44ad0b2f4b'}",mock
0xd7ab18a47e112bb013a1658581296fda8a8839d598d50437fa41594841cd5fce,86000,1,TicketReserved,"{'model_id': 'model_mnist_784_noniid', 'round': 6, 'ticket_id': 345, 'owner': 'acct_45'}",mock
0x1e9548c8b9c5e15fc39749324187f5eb0a9997c4eda6f1b0afb21ae8b4823547,93000,1,UpdatePublished,"{'model_id': 'model_mnist_784_noniid', 'round': 6, 'ticket_id': 345, 'cid': 'sha256:309941ada7e91ed9f463969bd60feba94d638eb09437a437beed6b8a90c0901b'}",mock
0xcaab30b60e1c5f19bb09dab26cd30128389fff6c8294bb1ef0ec492a5f1b6bfe,86000,1,TicketReserved,"{'model_id': 'model_mnist_784_noniid', 'round': 6, 'ticket_id': 346, 'owner': 'acct_46'}",mock
0xe9c2ff4d4e32f12a192deb24b7eb127b0da49edfd00b91effaefd4c118adfc05,93000,1,UpdatePublished,"{'model_id': 'model_mnist_784_noniid', 'round': 6, 'ticket_id': 346, 'cid': 'sha256:423bddd580553f04dd12193d1b26451849792e3629f745d6eef665f5da639f5c'}",mock
0x15848e7c71c38e8695744bf2fea5dc8c39531f3f3b136788734fc5ff352e0300,86000,1,TicketReserved,"{'model_id': 'model_mnist_784_noniid', 'round': 6, 'ticket_id': 347, 'owner': 'acct_47'}",mock
0x3eacd58f14305115f0738c7339c97b1d9c69cef7e4ee92c5feef592f1d609617,93000,1,UpdatePublished,"{'model_id': 'model_mnist_784_noniid', 'round': 6, 'ticket_id': 347, 'cid': 'sha256:fed74cb970fc016b4868b4e755e9fdea31cb7e8f738545f229ba1d50ee4da7d2'}",mock
0xbf30bfbaffca0023688aedf5d2e88462494bfee0d5a90ce773a22757517fc1bf,86000,1,TicketReserved,"{'model_id': 'model_mnist_784_noniid', 'round': 6, 'ticket_id': 348, 'owner': 'acct_48'}",mock
0x99a5bba32da563834aea883919aa155bc0f22cf7c23c189438019ac49c6a08dd,93000,1,UpdatePublished,"{'model_id': 'model_mnist_784_noniid', 'round': 6, 'ticket_id': 348, 'cid': 'sha256:47aad22d3da4368956f359ebf80a1865e9ff32b528942e88706522f9b1ae24e6'}",mock
0x51040372615fd902a68918a86507da39a12af786fcae3c74545b20c50891630e,86000,1,TicketReserved,"{'model_id': 'model_mnist_784_noniid', 'round': 6, 'ticket_id': 349, 'owner': 'acct_49'}",mock
0x0187be4a1b3b5796550c71aa3d9d498d501fed32a12a9baada689929158a33dc,93000,1,UpdatePublished,"{'model_id': 'model_mnist_784_noniid', 'round': 6, 'ticket_id': 349, 'cid': 'sha256:0baeff7c0e5f34f71388e38a308ddda82995284d1da7bee22be64ac46a0478cd'}",mock
0x20c2262f8de027a13f12e9fb40422bde30bc917c081bd25cd2452e352cc811a3,86000,1,TicketReserved,"{'model_id': 'model_mnist_784_noniid', 'round': 6, 'ticket_id': 350, 'owner': 'acct_50'}",mock
0xf8623e32690122b14329566384978f178a6517ae374b3c06e3ef290c1402fa53,93000,1,UpdatePublished,"{'model_id': 'model_mnist_784_noniid', 'round': 6, 'ticket_id': 350, 'cid': 'sha256:8551d3b1aa5767d8e479fbfcc93510fea6249408aee36dc1eeef53ed6db6befc'}",mock
0x069fe71de84d1f3a09a59fcdbc80118a4980ff7e2190d739bbe62d9e37fa85c5,1005000,1,RoundFinalized,"{'model_id': 'model_mnist_784_noniid', 'round': 6, 'included': 44, 'refunds': 44}",mock
0x2df27144a72c75d29788e44062ed9a98fa10486dcbe0327d698b60f9f89dea4d,52000,1,RoundFunded,"{'model_id': 'model_mnist_784_noniid', 'amount_wei': 10000000000000000}",mock
0x792f6035bef743a078c8ce698671e7e3b76bd2fd87c0b48b045c7c249c78a7bc,86000,1,TicketReserved,"{'model_id': 'model_mnist_784_noniid', 'round': 7, 'ticket_id': 351, 'owner': 'acct_1'}",mock
0x27f2ec3a4b4fcb4d065296c6f94ddbb3bb11fc1986883bb967d1745be4b27f98,93000,1,UpdatePublished,"{'model_id': 'model_mnist_784_noniid', 'round': 7, 'ticket_id': 351, 'cid': 'sha256:a196f558513842d87fd714d40e0fb5228cce2b502094bd27f2be5612f13e9517'}",mock
0x02370a68aa1de893f70fd9ae3d00e94cdc82dd56f6880a4725d0a2cce398f4e7,86000,1,TicketReserved,"{'model_id': 'model_mnist_784_noniid', 'round': 7, 'ticket_id': 352, 'owner': 'acct_2'}",mock
0x8539ee032cffad42d09b586ac0a9ad31af965d25a724d6bd117f7b058edeb4c0,93000,1,UpdatePublished,"{'model_id': 'model_mnist_784_noniid', 'round': 7, 'ticket_id': 352, 'cid': 'sha256:739c6a216c83496f71f8508fd1268c10015a6e84509b5bc91bf2f51da3e1a3aa'}",mock
0xb11b19adbbc5935d669f7d2f6a1bf65f4c1684d9c692b92f38b851aa3d8a538e,86000,1,TicketReserved,"{'model_id': 'model_mnist_784_noniid', 'round': 7, 'ticket_id': 353, 'owner': 'acct_3'}",mock
0x8d5d3bb8ef0cf77943d7dbddab9679a0453302a06c06fcb8f8fc882e1fe92656,93000,1,UpdatePublished,"{'model_id': 'model_mnist_784_noniid', 'round': 7, 'ticket_id': 353, 'cid': 'sha256:8687f8ca9847ec546be18229dab7ab746eeefb8c8741713a3a14d303f4ec02e4'}",mock
0x00f336adc78aabf36298c52011ec34882eea841446195da0195942235cb043bb,86000,1,TicketReserved,"{'model_id': 'model_mnist_784_noniid', 'round': 7, 'ticket_id': 354, 'owner': 'acct_4'}",mock
0xe8731af289d29a5ef83abf40d0d481bf45337e001852c8d45ac2ab29e7301d21,93000,1,UpdatePublished,"{'model_id': 'model_mnist_784_noniid', 'round': 7, 'ticket_id': 354, 'cid': 'sha256:7f143ff62cea3ab0a372ed60e28a96058138220a6ed695fe826bd83922b220eb'}",mock
0x314d86874d332065d3fa238dffd0b81f9e250606b34ee78c084b65bb7ca8c123,86000,1,TicketReserved,"{'model_id': 'model_mnist_784_noniid', 'round': 7, 'ticket_id': 355, 'owner': 'acct_5'}",mock
0x296bc1db4ae12d8efb4d8ea6e998285eb38d1f3608d9e6f4010d8ce34e17dc11,93000,1,UpdatePublished,"{'model_id': 'model_mnist_784_noniid', 'round': 7, 'ticket_id': 355, 'cid': 'sha256:1e862f15947df4f359b29ff74ce90b9a9152c6c0742f7d2f46515c719cd54949'}",mock
0x1007fb301b6f181d392bc03aa524e303bd1040b4a83ee67ad13cabe697210cf1,86000,1,TicketReserved,"{'model_id': 'model_mnist_784_noniid', 'round': 7, 'ticket_id': 356, 'owner': 'acct_6'}",mock
0x0592ff5f70efed09b3bdad969c1d85571413668edf2bcaa290b7b247214e2bf3,93000,1,UpdatePublished,"{'model_id': 'model_mnist_784_noniid', 'round': 7, 'ticket_id': 356, 'cid': 'sha256:9502b224c2b119740f8ea8089d68b5165ea7db50f63da44e1c4b3de1b79ed60e'}",mock
0x382a72281fad930b4a69116831fc90bbd722dbcb492e1c6c5db36a354d3b81a2,86000,1,TicketReserved,"{'model_id': 'model_mnist_784_noniid', 'round': 7, 'ticket_id': 357, 'owner': 'acct_7'}",mock
0x657710f7734ed31d984290227aeb5bdb258c37f9c6d1337c1ff95d3ef5213dfb,93000,1,UpdatePublished,"{'model_id': 'model_mnist_784_noniid', 'round': 7, 'ticket_id': 357, 'cid': 'sha256:345ac51b59b296732431a5cb6ff75cb97970558c95d4b0dbee49845757088698'}",mock
0x85127b46e7654f72e3b5373342d93f3291be11d171736f357744bbaee87e7ca7,86000,1,TicketReserved,"{'model_id': 'model_mnist_784_noniid', 'round': 7, 'ticket_id': 358, 'owner': 'acct_8'}",mock
0xb606374005b1427e36123e5d7147865a26e51e717b21a76a11ade0f5d0c7d494,93000,1,UpdatePublished,"{'model_id': 'model_mnist_784_noniid', 'round': 7, 'ticket_id': 358, 'cid': 'sha256:6608605cb24170230e6fb3a445734ffa9323bfefd4d4479c04fe41e25462e1b1'}",mock
0xca91c2df14802c12335f67010957f8d5f5ba2613e09af2e1cf837a1979545d59,86000,1,TicketReserved,"{'model_id': 'model_mnist_784_noniid', 'round': 7, 'ticket_id': 359, 'owner': 'acct_9'}",mock
0xd511dd6d55d942cc21bb450898e5e5e07c29a2306723f406d0eb4be769f3f431,93000,1,UpdatePublished,"{'model_id': 'model_mnist_784_noniid', 'round': 7, 'ticket_id': 359, 'cid': 'sha256:fda4d174c43a13e79510b452fd8390d03c14f93da57e7144c00c644209e0e6d9'}",mock
0x93e8d0adb2a565815e189c267b3ea706ef285048fac633b8e1f7714e494323c9,86000,1,TicketReserved,"{'model_id': 'model_mnist_784_noniid', 'round': 7, 'ticket_id': 360, 'owner': 'acct_10'}",mock
0x2e0ef232a0680a8cd27dacc8c681b6581297fb4f4150f87e0ec26646eba49b4c,93000,1,UpdatePublished,"{'model_id': 'model_mnist_784_noniid', 'round': 7, 'ticket_id': 360, 'cid': 'sha256:0fc5e2042d50fed5bc5d80ea13dc424b1e03a463a403baef70263d7ac67eeb38'}",mock
0xa8a59bd5a4b454d43898cb315689b72deb547a2beb90afe4a736af33712bbd39,86000,1,TicketReserved,"{'model_id': 'model_mnist_784_noniid', 'round': 7, 'ticket_id': 361, 'owner': 'acct_11'}",mock
0x10653531d0e22bc40b9134c95ad81f5224788932b80826cc224111e86d7610f9,93000,1,UpdatePublished,"{'model_id': 'model_mnist_784_noniid', 'round': 7, 'ticket_id': 361, 'cid': 'sha256:53a2cf9339a9553e0ed5a1aa10965b901772d53a9e89c16209426875d0a5174f'}",mock
0x0441de4e0821e1fb0dceee38c9a1b210aaa4f2bbb432d3e9ef74fff43af9c393,86000,1,TicketReserved,"{'model_id': 'model_mnist_784_noniid', 'round': 7, 'ticket_id': 362, 'owner': 'acct_12'}",mock
0x285bdc353e883294f8cbed81f542e4bbaab14c111af0816c04b800e2e2e807b0,93000,1,UpdatePublished,"{'model_id': 'model_mnist_784_noniid', 'round': 7, 'ticket_id': 362, 'cid': 'sha256:3f53d6ff6205a258d70e076cd53a5c83e0d1f6c1a84a3b3ec2dde138e5a6d385'}",mock
0x4c3fbd563ce61493be4e8913c8aef5af2555d6aeaa49d995d2ca6716a7669d69,86000,1,TicketReserved,"{'model_id': 'model_mnist_784_noniid', 'round': 7, 'ticket_id': 363, 'owner': 'acct_13'}",mock
0x9935494108b4f9947ff0ea874a6660d65e52dbf29d607f8dd3fc19e4972fc3cc,93000,1,UpdatePublished,"{'model_id': 'model_mnist_784_noniid', 'round': 7, 'ticket_id': 363, 'cid': 'sha256:97e81f19e0123723eab83a4563b33a728b4bb5f1ec5534e8ff617ceb5e00a75e'}",mock
0x3f323cebd2878a5dee8152c65a868c752b03ace1115aa2522eb13700ddb2ad04,86000,1,TicketReserved,"{'model_id': 'model_mnist_784_noniid', 'round': 7, 'ticket_id': 364, 'owner': 'acct_14'}",mock
0xec9279c1c1dc5626460a012c428ad6e4bc1627437520721817e5a1ddae048086,93000,1,UpdatePublished,"{'model_id': 'model_mnist_784_noniid', 'round': 7, 'ticket_id': 364, 'cid': 'sha256:e7e85bf848d3b03ad999a8bc1f4aee66206dee3b916d321bf8e5a4c45a867c7a'}",mock
0x4d669972ef3c2be20de8ca9c93c5496a86db1618871ebb19a4a431e327cbc278,86000,1,TicketReserved,"{'model_id': 'model_mnist_784_noniid', 'round': 7, 'ticket_id': 365, 'owner': 'acct_15'}",mock
0xe6d602f7a22a33a19a7534d6cfc4f81a10722b2f1fd33d6b0f3097d42dcf497b,93000,1,UpdatePublished,"{'model_id': 'model_mnist_784_noniid', 'round': 7, 'ticket_id': 365, 'cid': 'sha256:e2c46cc1bb64fd1b67b61ea9b929ce66ee75f55ba155cb56a8e12ac14866a761'}",mock
0x9e952c665d22998dc6317ae4101c6da26837a330b80fe95bf35970ffdd664832,86000,1,TicketReserved,"{'model_id': 'model_mnist_784_noniid', 'round': 7, 'ticket_id': 366, 'owner': 'acct_16'}",mock
0x649c5eaacc0cdbe4569d4fc787d6e69868d2393451ecc9cb4db890daa47d4beb,93000,1,UpdatePublished,"{'model_id': 'model_mnist_784_noniid', 'round': 7, 'ticket_id': 366, 'cid': 'sha256:0032fd214de5686201b3565da77e4a96607fb24d9301d412ccc8691cf60f1681'}",mock
0x48684180e48698d81796928e979ed601fd6614d5cb346c44451e347a821bddf5,86000,1,TicketReserved,"{'model_id': 'model_mnist_784_noniid', 'round': 7, 'ticket_id': 367, 'owner': 'acct_17'}",mock
0xf2cc988b792954267ee3e5a204d0dcc9e1c8afde3139e978f5c28bc40d6f1d17,93000,1,UpdatePublished,"{'model_id': 'model_mnist_784_noniid', 'round': 7, 'ticket_id': 367, 'cid': 'sha256:98ece2c631b15459f7a12e9d10d30df20c35eb013ac0efb7f225442e01aff4ad'}",mock
0xb0070ff3348bc82a698b82fb755aff4a92ed5aa62e45c6dc2b0fb767176a6e0d,86000,1,TicketReserved,"{'model_id': 'model_mnist_784_noniid', 'round': 7, 'ticket_id': 368, 'owner': 'acct_18'}",mock
0x21cc65c19dd4d3168170f153243109e199e9d71298b6092fa69d53843e93dc36,93000,1,UpdatePublished,"{'model_id': 'model_mnist_784_noniid', 'round': 7, 'ticket_id': 368, 'cid': 'sha256:fd35eda275cc586eb6219aca8f83008706bf00ae8611f754512a685dccd5aa0a'}",mock
0x7ad855d747d79c40ddffd401a7f1b76476fee9147a4f24b7d99d1f90305ebae9,86000,1,TicketReserved,"{'model_id': 'model_mnist_784_noniid', 'round': 7, 'ticket_id': 369, 'owner': 'acct_19'}",mock
0x8b73214d205de8a76dde889df6da64894f677033d0c9f3aaefcddd134c752d08,93000,1,UpdatePublished,"{'model_id': 'model_mnist_784_noniid', 'round': 7, 'ticket_id': 369, 'cid': 'sha256:b98dbdac55a9f1a106fa6468936eec230cb328a999936ff42082c30627f7411b'}",mock
0x9fe35e61eada148e52e9d32ab40f0095971f9b59248026cdebb787d573e2fb02,86000,1,TicketReserved,"{'model_id': 'model_mnist_784_noniid', 'round': 7, 'ticket_id': 370, 'owner': 'acct_20'}",mock
0x953fc3ff155c585c11425acc97dcc971edd9c3f4dac7322b6c3429a6cb451de4,93000,1,UpdatePublished,"{'model_id': 'model_mnist_784_noniid', 'round': 7, 'ticket_id': 370, 'cid': 'sha256:4d22fa4bb642b2d77018ae4114c6e124e07652811f62ddaeb86dd37cd22e1859'}",mock
0x58f3dfeec37713f8735446d393b7b39469000abe8a4805ab4deb233044c53daf,86000,1,TicketReserved,"{'model_id': 'model_mnist_784_noniid', 'round': 7, 'ticket_id': 371, 'owner': 'acct_21'}",mock
0x7430fb379f376800bd5f4413abac129565830db9ed73988e8e14f01abeab1dfe,93000,1,UpdatePublished,"{'model_id': 'model_mnist_784_noniid', 'round': 7, 'ticket_id': 371, 'cid': 'sha256:4200c12803c174f5eff432a81a8fa35c2d73773f145286eb2d49092636d8f76e'}",mock
0x555363aa53bb09565ce8aa309525a01759b42b3195bd3466805b78eecd64bed4,86000,1,TicketReserved,"{'model_id': 'model_mnist_784_noniid', 'round': 7, 'ticket_id': 372, 'owner': 'acct_22'}",mock
0xd58aaf125bf0924b98f5eedbc9b1e5030a93bbd6eb0dfada13a27d0ef034c667,93000,1,UpdatePublished,"{'model_id': 'model_mnist_784_noniid', 'round': 7, 'ticket_id': 372, 'cid': 'sha256:e22d85baf697b0f6d647cbac5638a15d75b9910839bebb0885b39edd6d44a617'}",mock
0xffd49fe7d133a6d4bb4793721d59431a773725956bd6cb95fc8ffbd3c16a7b25,86000,1,TicketReserved,"{'model_id': 'model_mnist_784_noniid', 'round': 7, 'ticket_id': 373, 'owner': 'acct_23'}",mock
0xbea1738e174f0836dd14dd08a53f41f356e034533c65d19875737909d4e50afc,93000,1,UpdatePublished,"{'model_id': 'model_mnist_784_noniid', 'round': 7, 'ticket_id': 373, 'cid': 'sha256:61a8525b7916bdb2ba5e9ab928f17338d2b4d2c5f19e3ba65de40e852733ae1d'}",mock
0xc560561a3eb5cf07c30379babf49d69ee2d117dee730e079c2fae51cff100449,86000,1,TicketReserved,"{'model_id': 'model_mnist_784_noniid', 'round': 7, 'ticket_id': 374, 'owner': 'acct_24'}",mock
0x39d64827fc8b1cbf92c97d5661959209973adda26eae63be9b714aa9824b92fb,93000,1,UpdatePublished,"{'model_id': 'model_mnist_784_noniid', 'round': 7, 'ticket_id': 374, 'cid': 'sha256:a666766a8f5236540aa488a36f1ace3473cf17369c215e12160b45d11f87dd09'}",mock
0x2d3c2bbc821c666c42e56b24a6e2ce12f90007c9faf8ba329af816f545aaa18a,86000,1,TicketReserved,"{'model_id': 'model_mnist_784_noniid', 'round': 7, 'ticket_id': 375, 'owner': 'acct_25'}",mock
0x8364e8ba0a2e4d04a78061f29349401586576a788243309370ea42c4776cf52d,93000,1,UpdatePublished,"{'model_id': 'model_mnist_784_noniid', 'round': 7, 'ticket_id': 375, 'cid': 'sha256:ffe670d498c0a90054dc84e10a2d16f4539ea4a990593ae2a538d74f7465e25d'}",mock
0x52e8d4263e476a4a592c3339a57d359964511abf92d8668d8a9627bc9536fc9e,86000,1,TicketReserved,"{'model_id': 'model_mnist_784_noniid', 'round': 7, 'ticket_id': 376, 'owner': 'acct_26'}",mock
0x2d108b0bbeb7bca7b512f0b32a27948b50a8ba0f3993a5d8fdb7ffeb72f7a779,93000,1,UpdatePublished,"{'model_id': 'model_mnist_784_noniid', 'round': 7, 'ticket_id': 376, 'cid': 'sha256:84c78fc2598bf4e2cd7d1dcff4d88d4ea7f9752c767c3b078367c9da6da2b0a0'}",mock
0xa22cf4c2545ef3b93878b197ced67002ce2d43029a7551789e1a6dbd24b6cebe,86000,1,TicketReserved,"{'model_id': 'model_mnist_784_noniid', 'round': 7, 'ticket_id': 377, 'owner': 'acct_27'}",mock
0x60fa9ed5f948acaaae13e120e9853948a43e3a2518fecb847ed979f046309d56,93000,1,UpdatePublished,"{'model_id': 'model_mnist_784_noniid', 'round': 7, 'ticket_id': 377, 'cid': 'sha256:0cf3b2bc5ac2a14c589cde7ebf4c394dc0ff878bd443f8a08e20899c0873ddfa'}",mock
0x3e5205aefe5278db1b60422462f8fd4b8e760296ca349d1417b44f63bc1e41c8,86000,1,TicketReserved,"{'model_id': 'model_mnist_784_noniid', 'round': 7, 'ticket_id': 378, 'owner': 'acct_28'}",mock
0xe3abc2b75ed139e5bd7cc91b49bbcdb1e37636e63ecb02870ccbbf3ea0d21765,93000,1,UpdatePublished,"{'model_id': 'model_mnist_784_noniid', 'round': 7, 'ticket_id': 378, 'cid': 'sha256:aac8d2b1fa7bb817f1dcf2283a30adce16e5e8b9393bd53dbe21e48cc4a6efa9'}",mock
0x67a80dec2d1ff74cfb739a7965a26b8899e768946a2f4ba415ea459a6e0d2e6f,86000,1,TicketReserved,"{'model_id': 'model_mnist_784_noniid', 'round': 7, 'ticket_id': 379, 'owner': 'acct_29'}",mock
0x16b326524a9c580c3b4970de28ddc53c00ad79894f6c68451a28d14470ba8579,93000,1,UpdatePublished,"{'model_id': 'model_mnist_784_noniid', 'round': 7, 'ticket_id': 379, 'cid': 'sha256:437d2d564dc9b7f1f58093be2c75b89f0e99d4b5cf21d0c5961c558b72d79c72'}",mock
0xdda25a46969d66c72da3d23de5eb3e758b8a77b2fe0be25efdd2bdb3d5b1a75a,86000,1,TicketReserved,"{'model_id': 'model_mnist_784_noniid', 'round': 7, 'ticket_id': 380, 'owner': 'acct_30'}",mock
0xebb89ebe80feaaa0f6d46048c622d18e372ae63c65a8dfcbf4a879919d72a86b,93000,1,UpdatePublished,"{'model_id': 'model_mnist_784_noniid', 'round': 7, 'ticket_id': 380, 'cid': 'sha256:ab46c3c09c3a869e1dcb288d8209c3aba821447b188cd4496c0f65c392882201'}",mock
0xde17fe1c1ab70604d2aaf7f933cab91cb8cc739b5b69887e2a3f296d9efde2f9,86000,1,TicketReserved,"{'model_id': 'model_mnist_784_noniid', 'round': 7, 'ticket_id': 381, 'owner': 'acct_31'}",mock
0x481387a1f0cb6a72a4258509bf08b57cc49e043065b595082dc044330586cc5b,93000,1,UpdatePublished,"{'model_id': 'model_mnist_784_noniid', 'round': 7, 'ticket_id': 381, 'cid': 'sha256:3e8c46c62c123c2ec172f2b7bb2582ac92f93685bf5bf058f1a31756d39921c0'}",mock
0xc0c68775d83e63d969397616f9cfb7fa5b86e17b5432835ede3b70cbb94eb466,86000,1,TicketReserved,"{'model_id': 'model_mnist_784_noniid', 'round': 7, 'ticket_id': 382, 'owner': 'acct_32'}",mock
0x4fa4e40c5bced7ff51bf3366a918293c6e09a8857abf73165622e27cb4a7fe30,93000,1,UpdatePublished,"{'model_id': 'model_mnist_784_noniid', 'round': 7, 'ticket_id': 382, 'cid': 'sha256:72bf30bf4d23076d30b522d66f48a89f03fdb4ae4f1eaca76e96e4efa0eb5fd7'}",mock
0x6e57cccb44b79bbe8abf9ef8a7fdf4e86f20d4a57142f694ff76988e679c93a5,86000,1,TicketReserved,"{'model_id': 'model_mnist_784_noniid', 'round': 7, 'ticket_id': 383, 'owner': 'acct_33'}",mock
0x376f1b6691a251186e364fe72ce7aadd2786576d609781a06ba1a03626c0cbb2,93000,1,UpdatePublished,"{'model_id': 'model_mnist_784_noniid', 'round': 7, 'ticket_id': 383, 'cid': 'sha256:151a0361f11d122a86e9fc077d020349154908f7db64df82e8133c3f225d5624'}",mock
0x0cb46067b36afc580b69c496ecb51b3c76616f663658674223417b55a736cf0f,86000,1,TicketReserved,"{'model_id': 'model_mnist_784_noniid', 'round': 7, 'ticket_id': 384, 'owner': 'acct_34'}",mock
0x0b17544773ab14d84a439198fbc219c92e229ceccf939896171a29614af38934,93000,1,UpdatePublished,"{'model_id': 'model_mnist_784_noniid', 'round': 7, 'ticket_id': 384, 'cid': 'sha256:68e7818c312b77cda60f13080e38a3b2196d43a699af7cbe4185c96c80df1bc3'}",mock
0x3279bbf897d83892cb510c20223d8b9736145e0edd085d03817387609501cd70,86000,1,TicketReserved,"{'model_id': 'model_mnist_784_noniid', 'round': 7, 'ticket_id': 385, 'owner': 'acct_35'}",mock
0x586d8926840ce111ecddd10248921c206decf649a20ac89848c0ad1f2ad26c8d,93000,1,UpdatePublished,"{'model_id': 'model_mnist_784_noniid', 'round': 7, 'ticket_id': 385, 'cid': 'sha256:1c7d9463a4bd2deeb3b56589b45f73cc498e110ce4d6237b50fac3158ab13a88'}",mock
0x4382452dab80d48009461d1708237397fdd43d5c433d394b2f67a20a3865850b,86000,1,TicketReserved,"{'model_id': 'model_mnist_784_noniid', 'round': 7, 'ticket_id': 386, 'owner': 'acct_36'}",mock
0x29aeceec61c2adc61d7b90cebf2f2a048fe1e0ed9bb3ea880bfd607eaeb2eb30,93000,1,UpdatePublished,"{'model_id': 'model_mnist_784_noniid', 'round': 7, 'ticket_id': 386, 'cid': 'sha256:86da11ba65142ed4e81d5fd2c69171e3d9617445ed84bcb2f2465400f21f657c'}",mock
0x070307bb644d1ff20755ee098541bdc3ae8eb0bca62e8f93c0075ffe0b4c6438,86000,1,TicketReserved,"{'model_id': 'model_mnist_784_noniid', 'round': 7, 'ticket_id': 387, 'owner': 'acct_37'}",mock
0x2f89cfbf229c128e06a49875783721aad6fd0c1ac868e5918100df9f4683a0a6,93000,1,UpdatePublished,"{'model_id': 'model_mnist_784_noniid', 'round': 7, 'ticket_id': 387, 'cid': 'sha256:cc9460fd40e78a10c65d1e5271635309993ee4c4c4fe4bb3625c724a23f75957'}",mock
0xa1a4763b7225cb8d2df242546c8b0675786accf6c93e92e93ee9741b7e2148af,86000,1,TicketReserved,"{'model_id': 'model_mnist_784_noniid', 'round': 7, 'ticket_id': 388, 'owner': 'acct_38'}",mock
0x14cd8e67e3c1844dbd7125b99eb5df04812717d56f506171edcc6a118f1ab3b2,93000,1,UpdatePublished,"{'model_id': 'model_mnist_784_noniid', 'round': 7, 'ticket_id': 388, 'cid': 'sha256:946c6444f1d8c71f535f026dbcfa56e515e75f4cc9c56086fcdbdd81bcf680aa'}",mock
0xfc106f99f2a497633b5f81ba7ad622d77295eaec00cc0116a582b1b498ff14a5,86000,1,TicketReserved,"{'model_id': 'model_mnist_784_noniid', 'round': 7, 'ticket_id': 389, 'owner': 'acct_39'}",mock
0x40bf1b67c8873c0fe61b836c810debe924b7b033da5683e8ab57ea97791eec4f,93000,1,UpdatePublished,"{'model_id': 'model_mnist_784_noniid', 'round': 7, 'ticket_id': 389, 'cid': 'sha256:b7d8973c8464a7f0c0993ad15f307a48ee4a4f35f74f4831409148fd61f49e26'}",mock
0x813910a83957a6920216c7246b5d5ff8ff3cd556172a1d0d4a6e195904c93097,86000,1,TicketReserved,"{'model_id': 'model_mnist_784_noniid', 'round': 7, 'ticket_id': 390, 'owner': 'acct_40'}",mock
0x7592c6464a90420aaafaa0ebbcc00e1538552273739fbaf311fa29632d0a4ed0,93000,1,UpdatePublished,"{'model_id': 'model_mnist_784_noniid', 'round': 7, 'ticket_id': 390, 'cid': 'sha256:b8bc4454343dc6e4da96e68483f14fa1517fb9a9c779b82cc2c3e80c7123fe95'}",mock
0xdffd41eca3d1640bfafd48fd83026fd124a2a0742844ffa7bd08a7bd9e3e394f,86000,1,TicketReserved,"{'model_id': 'model_mnist_784_noniid', 'round': 7, 'ticket_id': 391, 'owner': 'acct_41'}",mock
0xbf4100a77fc063da005cee5c0daef41ee397552adb15b880bb1a2e5216b3d18c,93000,1,UpdatePublished,"{'model_id': 'model_mnist_784_noniid', 'round': 7, 'ticket_id': 391, 'cid': 'sha256:71cc2bd13fd2d1d2ec88a90199b776c3ba01f102b3321946d9d4c85362791270'}",mock
0x1813bc80016e4bd214a81fc61b03a557e97fc801f223eb557bdb8f1240ca2f09,86000,1,TicketReserved,"{'model_id': 'model_mnist_784_noniid', 'round': 7, 'ticket_id': 392, 'owner': 'acct_42'}",mock
0xe4b6736d2d0c4ba38f18cfb326cf3b666d90dc75220ab0c54932cfd90b47d77f,93000,1,UpdatePublished,"{'model_id': 'model_mnist_784_noniid', 'round': 7, 'ticket_id': 392, 'cid': 'sha256:b2516e98d30f469b49f1bc66ed8b4463ee9eff930931636e80c5a556c820c8ef'}",mock
0xf669f8fb963ef1d0b12878f5280711460c68e4190bd55e33c2e6b7736666e586,86000,1,TicketReserved,"{'model_id': 'model_mnist_784_noniid', 'round': 7, 'ticket_id': 393, 'owner': 'acct_43'}",mock
0x68923c6f914ac09d6a9b5fd1519dcc2d6f629c29237e7743fe65bdb5ff2da86d,93000,1,UpdatePublished,"{'model_id': 'model_mnist_784_noniid', 'round': 7, 'ticket_id': 393, 'cid': 'sha256:c791a68f75c0deec1944c8c5532549d490afaf8cc7a27ff01487a3234f9fbc15'}",mock
0x5ea712a8bbdcc56a2c1dad62383367a8297897855b2f4b83400af21037e69341,86000,1,TicketReserved,"{'model_id': 'model_mnist_784_noniid', 'round': 7, 'ticket_id': 394, 'owner': 'acct_44'}",mock
0x450339a2d00239887f911894547e72a856c856ec8496b3023e1234499b1573ec,93000,1,UpdatePublished,"{'model_id': 'model_mnist_784_noniid', 'round': 7, 'ticket_id': 394, 'cid': 'sha256:0ecfff327b2902aeaf3310f64823bd94c184f4819b0f336ff71bba03b396c274'}",mock
0xc6e262874b480e6c5161b7605b9b8269db8ae9e4a9dbba008237cdee58342734,86000,1,TicketReserved,"{'model_id': 'model_mnist_784_noniid', 'round': 7, 'ticket_id': 395, 'owner': 'acct_45'}",mock
0x6354092fdbdbe7dc0d7453730243b223c288848f0f57b57388f43f7b95281aeb,93000,1,UpdatePublished,"{'model_id': 'model_mnist_784_noniid', 'round': 7, 'ticket_id': 395, 'cid': 'sha256:3d7c3da8d53c3a237d9111e03b457b284d7042e19be7d03c04def0ec92491430'}",mock
0xbae631e0a8ec3bf761bc16c07d0a409cc7c33dd2f27ec5fadc72fd9a5cbd77cc,86000,1,TicketReserved,"{'model_id': 'model_mnist_784_noniid', 'round': 7, 'ticket_id': 396, 'owner': 'acct_46'}",mock
0x8a448f7941225a246ba3d165b4f0262a0e83511d1982bcc1db05cb2605fe8320,93000,1,UpdatePublished,"{'model_id': 'model_mnist_784_noniid', 'round': 7, 'ticket_id': 396, 'cid': 'sha256:fcb810eaae8a7913cfb2fda9682da02eb2937f0932a625f6c1190b158473c91e'}",mock
0x9d7ada6ef16410fff607b0252aa2d76e0edf9e301c9a099fc8e9daa544b1e048,86000,1,TicketReserved,"{'model_id': 'model_mnist_784_noniid', 'round': 7, 'ticket_id': 397, 'owner': 'acct_47'}",mock
0x895a84fd3f882f01283e72ad3c07fe1a8cd02ba417a0694f4e7494caad6bdd05,93000,1,UpdatePublished,"{'model_id': 'model_mnist_784_noniid', 'round': 7, 'ticket_id': 397, 'cid': 'sha256:c75fd200e4fa5bd2dcca32a2e9251803a86dfcfbd99f5b23c875cb0f368a4c30'}",mock
0xb1615513a53c4dd32325f952b891708d0692a2a8f2c89ba53f1172abf09be1b8,86000,1,TicketReserved,"{'model_id': 'model_mnist_784_noniid', 'round': 7, 'ticket_id': 398, 'owner': 'acct_48'}",mock
0x16260d6e01427c474a050e0f120af5935d7fdd6e3d2b1b817165dd6e29c1fda3,93000,1,UpdatePublished,"{'model_id': 'model_mnist_784_noniid', 'round': 7, 'ticket_id': 398, 'cid': 'sha256:4695cde2a0f9cb188d27abf1ac989314fb82852a71ec928a5f1727f79f01be25'}",mock
0xe807330be95b1e4132ab5f99f9c26f0142cdcc5cea106f86fc5ae848624375d5,86000,1,TicketReserved,"{'model_id': 'model_mnist_784_noniid', 'round': 7, 'ticket_id': 399, 'owner': 'acct_49'}",mock
0x2b16abd61b68ceccdca4699e398cdd0e62407df6cf6c53fbea2609989039d2a7,93000,1,UpdatePublished,"{'model_id': 'model_mnist_784_noniid', 'round': 7, 'ticket_id': 399, 'cid': 'sha256:07adbde5038f9c852dbb6dc74cd5daae5f841fc6607333d9d4ffe448b8e4c7ef'}",mock
0x8685fdb24a42e704aca24489a6208dad018ae67b24e49cf2ff4b35830ee16357,86000,1,TicketReserved,"{'model_id': 'model_mnist_784_noniid', 'round': 7, 'ticket_id': 400, 'owner': 'acct_50'}",mock
0xa9621fafd680d2d7e52be5d4d9263ae4b5cb56191650081c5d8af3f0951e2049,93000,1,UpdatePublished,"{'model_id': 'model_mnist_784_noniid', 'round': 7, 'ticket_id': 400, 'cid': 'sha256:da78297735332c392374d11a61276a3a0d5ca28a60128d7e1d1a44b4ddf2a91d'}",mock
0x2d2e44539b172ff33dd8bd32cd666ad853fa97ed532a3f870a8f83bc6a5d80a0,1005000,1,RoundFinalized,"{'model_id': 'model_mnist_784_noniid', 'round': 7, 'included': 44, 'refunds': 44}",mock
0x17d2910d2a30c4f6a00015c757de976881c973059547f134ab74d762b0d5c841,52000,1,RoundFunded,"{'model_id': 'model_mnist_784_noniid', 'amount_wei': 10000000000000000}",mock
0xa03a066942be26d692cdba7d5c08c707472baf2022c67f6f6f4d4943ad780049,86000,1,TicketReserved,"{'model_id': 'model_mnist_784_noniid', 'round': 8, 'ticket_id': 401, 'owner': 'acct_1'}",mock
0x16235d2ab1b977483de8c1c3536784ffaa8fef8f9c3f7417f4ad669cb7372d17,93000,1,UpdatePublished,"{'model_id': 'model_mnist_784_noniid', 'round': 8, 'ticket_id': 401, 'cid': 'sha256:243b916891767bfdfb59c36e6ecd379ab9b6f78213583333a8b2f8c87c7d940a'}",mock
0x04945ef3422ae6619da4863a2e37e6c0e411c8b91514e453d21378579573000d,86000,1,TicketReserved,"{'model_id': 'model_mnist_784_noniid', 'round': 8, 'ticket_id': 402, 'owner': 'acct_2'}",mock
0x94aebe24afdb6206004da659c4da6316a9d21b020f5d9e74801971ef2304cabe,93000,1,UpdatePublished,"{'model_id': 'model_mnist_784_noniid', 'round': 8, 'ticket_id': 402, 'cid': 'sha256:7e97aff46dfcfef6f4be4a6190ac64daa3f12423b455631036de3161a32faadb'}",mock
0x9ed1ce9b5e72bbe9e70d5ed5486cf18519d777a421737ab78f1ba60eac52294f,86000,1,TicketReserved,"{'model_id': 'model_mnist_784_noniid', 'round': 8, 'ticket_id': 403, 'owner': 'acct_3'}",mock
0x2cf90564334bb00108d50cac3d7f115db27d1a863d79f2ebe5aec2c489c0a76f,93000,1,UpdatePublished,"{'model_id': 'model_mnist_784_noniid', 'round': 8, 'ticket_id': 403, 'cid': 'sha256:76bb17b5f345bc43892bd14220d0ad50bdad16035e1d39f0702a755db3783eca'}",mock
0x6ba20cf5889e2000c2aa9fe62481aee4bd1231ea57c712e6b70a8d516b166087,86000,1,TicketReserved,"{'model_id': 'model_mnist_784_noniid', 'round': 8, 'ticket_id': 404, 'owner': 'acct_4'}",mock
0x690f17ed5056f92a05f36e7781e7da69f8067aac509843a7f82c2a28edd6c6a6,93000,1,UpdatePublished,"{'model_id': 'model_mnist_784_noniid', 'round': 8, 'ticket_id': 404, 'cid': 'sha256:af47ee89924859ae5422198c92fb684f448cbce11de9225f23527aa7fe01c327'}",mock
0x6eed98ffe9abce2899d55a119d633103a0681978579a9b545bfbe7d976f1c719,86000,1,TicketReserved,"{'model_id': 'model_mnist_784_noniid', 'round': 8, 'ticket_id': 405, 'owner': 'acct_5'}",mock
0xcd7dc11f5d13ab885498be657358da744920f7e8fbd3fab5bcbeeda176332ed4,93000,1,UpdatePublished,"{'model_id': 'model_mnist_784_noniid', 'round': 8, 'ticket_id': 405, 'cid': 'sha256:fa4bf05c35117753fa83757453d568f165ab8176d3e486e16f8259d3b656abfe'}",mock
0x9f84a9d1644d3b4cce978f39bfee4f6de04cb394769d19aa35626fbe1396e1e3,86000,1,TicketReserved,"{'model_id': 'model_mnist_784_noniid', 'round': 8, 'ticket_id': 406, 'owner': 'acct_6'}",mock
0x3d28655dbe56d97bce8b293888a7019e836017eb2afd7f8e5302d3266f0bb031,93000,1,UpdatePublished,"{'model_id': 'model_mnist_784_noniid', 'round': 8, 'ticket_id': 406, 'cid': 'sha256:d3b871d7f1fcdf15ee6662de19bb22740659a61166f52f960cacfe02531fa271'}",mock
0x642033b403f7754ff6a970aa8717a05e5d56706905234507bea8f7461f3dcaad,86000,1,TicketReserved,"{'model_id': 'model_mnist_784_noniid', 'round': 8, 'ticket_id': 407, 'owner': 'acct_7'}",mock
0x356a1aa18ada46c230374fe6c3c35325269cfb8dd4e10bb9f95d97079bb8123b,93000,1,UpdatePublished,"{'model_id': 'model_mnist_784_noniid', 'round': 8, 'ticket_id': 407, 'cid': 'sha256:05117a8321a77eefee1222a646faaa673809a1ae3810abed41e464ed730d0345'}",mock
0x9648941e0463cf98023e15032293e97d3f0b8aab8d377dca374bdb6f893d8034,86000,1,TicketReserved,"{'model_id': 'model_mnist_784_noniid', 'round': 8, 'ticket_id': 408, 'owner': 'acct_8'}",mock
0xb98e5e8b57a97ffd872f0b2b23f0b7e72c666c488fae8a4e102d7575edbfbd30,93000,1,UpdatePublished,"{'model_id': 'model_mnist_784_noniid', 'round': 8, 'ticket_id': 408, 'cid': 'sha256:c73aad4978530f6d548ad59ef200afaa0506624bc2e60686a55ed8097e8e1bd5'}",mock
0x132b36de278b4e2c678167d4d423e71fa669cdedf3bf92baa7b45d90528508c2,86000,1,TicketReserved,"{'model_id': 'model_mnist_784_noniid', 'round': 8, 'ticket_id': 409, 'owner': 'acct_9'}",mock
0xcf659541489369c64ad40b98d84a52db08355a356703a692732589bcb59e0250,93000,1,UpdatePublished,"{'model_id': 'model_mnist_784_noniid', 'round': 8, 'ticket_id': 409, 'cid': 'sha256:befc87acd414ee2ae7fc9cc6d1c4562e41b6f5711384cdf5237460c1915ecf15'}",mock
0xa3be4850a70afd6284430066b1e9594d42ac2614161a6c51d852f681d48340fd,86000,1,TicketReserved,"{'model_id': 'model_mnist_784_noniid', 'round': 8, 'ticket_id': 410, 'owner': 'acct_10'}",mock
0x83e175039214da71718e553b608739407ebeeed0f7ff91de5a29fb273361e23d,93000,1,UpdatePublished,"{'model_id': 'model_mnist_784_noniid', 'round': 8, 'ticket_id': 410, 'cid': 'sha256:d355e7b7a564f83ad0581b1e5bf468066aca43f34f7ae6ca6c396a6288db344e'}",mock
0xaa58e3d2804f9b2915cc5d81c839f1276c48f46570beba2c9be549a99bcc8829,86000,1,TicketReserved,"{'model_id': 'model_mnist_784_noniid', 'round': 8, 'ticket_id': 411, 'owner': 'acct_11'}",mock
0xb6bcbeeddd32b95c217f3e754569d315a120e4ba5184796c11a04022ce1b081c,93000,1,UpdatePublished,"{'model_id': 'model_mnist_784_noniid', 'round': 8, 'ticket_id': 411, 'cid': 'sha256:afc332dcc2043d02dfb9bd8d84f5c44e4cbdb8941b7293ba70355180ae1dad35'}",mock
0xc5f49aeeb0650dd984e258e782dc65a8ad1d349203408ee6112e45b9bcd3e8b5,86000,1,TicketReserved,"{'model_id': 'model_mnist_784_noniid', 'round': 8, 'ticket_id': 412, 'owner': 'acct_12'}",mock
0x091c37b4993ffad6c9ca723767dc3fbaaef2ff78d931e5fb34f80815192455b9,93000,1,UpdatePublished,"{'model_id': 'model_mnist_784_noniid', 'round': 8, 'ticket_id': 412, 'cid': 'sha256:7764e2463b3642811967ec43579b59b1a464a3282706ea52c3d485a60fee828a'}",mock
0xc2867100ecaaaff1cba0e99d9f7b0fb0aaa6b0e49b923dbd4241c9d6fa39d882,86000,1,TicketReserved,"{'model_id': 'model_mnist_784_noniid', 'round': 8, 'ticket_id': 413, 'owner': 'acct_13'}",mock
0x2293c19ea36fec546146bb3a53dd56d97b09384a2184c7aff3e3698201cfcb15,93000,1,UpdatePublished,"{'model_id': 'model_mnist_784_noniid', 'round': 8, 'ticket_id': 413, 'cid': 'sha256:2164e8fcfc06b17c058ad27bb5a8e06d612236c2cef051a3d84febb48727a0f3'}",mock
0xf86e02353f6f53825e955cf939e319b082eb41a8c9e556dd30519f2b3e055bfb,86000,1,TicketReserved,"{'model_id': 'model_mnist_784_noniid', 'round': 8, 'ticket_id': 414, 'owner': 'acct_14'}",mock
0x59644ffe7b566e74f154c1709c7b0645495ab730217504c8b7c7737fa4f5982c,93000,1,UpdatePublished,"{'model_id': 'model_mnist_784_noniid', 'round': 8, 'ticket_id': 414, 'cid': 'sha256:cbdab1f57c408276b2fb02437abc3807aa9a6bf96aa5b41c59aa8ffee8be22e0'}",mock
0x2422492c4261bf36490bef34cbcc459de6173e640db2272dce6e87a8464c8d5f,86000,1,TicketReserved,"{'model_id': 'model_mnist_784_noniid', 'round': 8, 'ticket_id': 415, 'owner': 'acct_15'}",mock
0x8cfeea37925b6c95a108c3893509ff2dcdb21f17338b0e20c739b1a2352bf95a,93000,1,UpdatePublished,"{'model_id': 'model_mnist_784_noniid', 'round': 8, 'ticket_id': 415, 'cid': 'sha256:9de926a90e1adfb786c81f0fdca37fd6fcf3aae4c9ef5f60f01f1e542ed7b9b8'}",mock
0xef423857022d9d7237a1d530ac68c200e2c552279ebde1905528482ed6f1d1dd,86000,1,TicketReserved,"{'model_id': 'model_mnist_784_noniid', 'round': 8, 'ticket_id': 416, 'owner': 'acct_16'}",mock
0x678eda72f7745812d2ff442a90a234357c4989ad99308131a6f2072cf2223bae,93000,1,UpdatePublished,"{'model_id': 'model_mnist_784_noniid', 'round': 8, 'ticket_id': 416, 'cid': 'sha256:1d015cc40a5cf64d300a89cd0db919ef8fe875772e25461a7df63f476611feb9'}",mock
0x15ad093663dd7edf290d162ad3c3b91c6f28d2ede054653a8ed36a3d05c4f5f5,86000,1,TicketReserved,"{'model_id': 'model_mnist_784_noniid', 'round': 8, 'ticket_id': 417, 'owner': 'acct_17'}",mock
0x64d85d0c9436a2553bfdae7d45fc0818127b296c72e409408c739eb1b67485c3,93000,1,UpdatePublished,"{'model_id': 'model_mnist_784_noniid', 'round': 8, 'ticket_id': 417, 'cid': 'sha256:0be36d9b60134b0f2e851d4642b7bb8d7918337ab5dbbfd88a60055ca13406c8'}",mock
0xba83a7c804a35dbb22db97a1950787d4166705024a2f00224370e4524be49cc2,86000,1,TicketReserved,"{'model_id': 'model_mnist_784_noniid', 'round': 8, 'ticket_id': 418, 'owner': 'acct_18'}",mock
0x97bd9a6af73897cc6aebf0404fa2b432289e05ec9e401e28dae6e5e49f61e173,93000,1,UpdatePublished,"{'model_id': 'model_mnist_784_noniid', 'round': 8, 'ticket_id': 418, 'cid': 'sha256:9a86e6c3c62370cd60a4550fdef4cbb3846b27fde2a8a3c4f364cb407f8f889c'}",mock
0x25895eecccd9d1c561154b520ac5309e0010c54bb33f517e8f8ad96b7a491d90,86000,1,TicketReserved,"{'model_id': 'model_mnist_784_noniid', 'round': 8, 'ticket_id': 419, 'owner': 'acct_19'}",mock
0xeb5e4838b7fec4dfbcd9acae4783ca80c53f83870c9bb4b9e85fc74e78f46e3f,93000,1,UpdatePublished,"{'model_id': 'model_mnist_784_noniid', 'round': 8, 'ticket_id': 419, 'cid': 'sha256:08044db87f618bf4024e674ac9b4340857ac3ffc7eff01939401990f9f15351d'}",mock
0xc3668ce16354c36038a4f6cd92e06eec97aa85a9ee61f15246ebcc9e8380334f,86000,1,TicketReserved,"{'model_id': 'model_mnist_784_noniid', 'round': 8, 'ticket_id': 420, 'owner': 'acct_20'}",mock
0x3034f0f2fe9d150095a2739296050ea3e79cead8ae608bd157a5aab913b5fee7,93000,1,UpdatePublished,"{'model_id': 'model_mnist_784_noniid', 'round': 8, 'ticket_id': 420, 'cid': 'sha256:c2c27aaa3ff526cff4c7ae118b58cbdad50fa33baf152d580ab5b934943cd545'}",mock
0x3de4bf416cb5a577c57b988397bb2b514144202f0795d6fab837f697eed70f75,86000,1,TicketReserved,"{'model_id': 'model_mnist_784_noniid', 'round': 8, 'ticket_id': 421, 'owner': 'acct_21'}",mock
0xfde0f208f664a2c5b286f220e40f8ad347983b4596b334f4c0514b4cd611342a,93000,1,UpdatePublished,"{'model_id': 'model_mnist_784_noniid', 'round': 8, 'ticket_id': 421, 'cid': 'sha256:fdc9a9e1276e5a938d91f78bbe54bcee398733f4dd69ce954988734543049710'}",mock
0x8ed0dbedce3d4a862cb61b7b9351056c2ddaa3e0e17c64f0528fe3aac3016e45,86000,1,TicketReserved,"{'model_id': 'model_mnist_784_noniid', 'round': 8, 'ticket_id': 422, 'owner': 'acct_22'}",mock
0xb130cbf43f1afd825c870c1bac14015206b61f1859210da47fb11b603ea71177,93000,1,UpdatePublished,"{'model_id': 'model_mnist_784_noniid', 'round': 8, 'ticket_id': 422, 'cid': 'sha256:32893783f09943f65b3e05d67d7482b6c79710214c2806eaa76ead13736f7680'}",mock
0xce724dbbcc6596375b720b0eaaf50c4b450979f5229da2d4696917703cbc1891,86000,1,TicketReserved,"{'model_id': 'model_mnist_784_noniid', 'round': 8, 'ticket_id': 423, 'owner': 'acct_23'}",mock
0x6ba87529e60aaea94cfac883407fa1c1f72841f8e73fd409b3b2643be50277df,93000,1,UpdatePublished,"{'model_id': 'model_mnist_784_noniid', 'round': 8, 'ticket_id': 423, 'cid': 'sha256:50b76144db7f1e16b04749c7a91b59b5b1dc9da363a6eef04ad5b2ca3ab1bc5b'}",mock
0xfb1bce3136eec23f13fe6a10d1305160e91240dc053061fe9be7712332675cff,86000,1,TicketReserved,"{'model_id': 'model_mnist_784_noniid', 'round': 8, 'ticket_id': 424, 'owner': 'acct_24'}",mock
0xcb02b6b13df93a9736def4f1a908c4407b01de1ccef44f5cf439dc83ff0d2f6d,93000,1,UpdatePublished,"{'model_id': 'model_mnist_784_noniid', 'round': 8, 'ticket_id': 424, 'cid': 'sha256:77a554695db83c8e97f1c676f51955dd80b15e988135bfee3cfd33373f34b58f'}",mock
0x9542b63bd8c2d636d63372c133dc3eeebd809db65b2322ea71ca2b5a145df715,86000,1,TicketReserved,"{'model_id': 'model_mnist_784_noniid', 'round': 8, 'ticket_id': 425, 'owner': 'acct_25'}",mock
0xc3e9b075e4ae04d2bf1666ea3369ba0d457cdd55febea5093c43169e7a3767a3,93000,1,UpdatePublished,"{'model_id': 'model_mnist_784_noniid', 'round': 8, 'ticket_id': 425, 'cid': 'sha256:2c28050ea185c33678968e7b28e58d4dc7d9148a3c387997968a12a557b34b08'}",mock
0xb9f7bb848d5ac4a5355acda6fa85e7a037dbd0d686f96f8366a9e597a6906143,86000,1,TicketReserved,"{'model_id': 'model_mnist_784_noniid', 'round': 8, 'ticket_id': 426, 'owner': 'acct_26'}",mock
0x38cb63cd2aad8f716301bddc5341a7f9e6be74e7d9a735ea0caed8e77d4a76d4,93000,1,UpdatePublished,"{'model_id': 'model_mnist_784_noniid', 'round': 8, 'ticket_id': 426, 'cid': 'sha256:1a3bf49cb83f97159b20fe60f31137fc5bd602d225b13cb337fe848c8f12c6e8'}",mock
0x7738c01dcc4bdcd9f530aea01b3f9d4e054519d655f5e3b0039a17b022eef9ad,86000,1,TicketReserved,"{'model_id': 'model_mnist_784_noniid', 'round': 8, 'ticket_id': 427, 'owner': 'acct_27'}",mock
0x1b668bfa17650ca679528aac593ced8ebb33da0330093f4f7dfaf4938fa517a4,93000,1,UpdatePublished,"{'model_id': 'model_mnist_784_noniid', 'round': 8, 'ticket_id': 427, 'cid': 'sha256:bddad0fbaa9ed375ed5516736c7c9c251d01e0b4cac7c46a775e0c2b612bca2f'}",mock
0xaabc7f4437aabc121e5e9a2458dd2a068e5c6b90e9e78bda123b25591b9b2355,86000,1,TicketReserved,"{'model_id': 'model_mnist_784_noniid', 'round': 8, 'ticket_id': 428, 'owner': 'acct_28'}",mock
0x7657533e0e3a283ea9bb50cc22e9102d1c5a9870efd593d6f997e925e0834bd4,93000,1,UpdatePublished,"{'model_id': 'model_mnist_784_noniid', 'round': 8, 'ticket_id': 428, 'cid': 'sha256:ae76fba5c6ce7360f912ce7f46e80609abb8a18bb045cdb660eab4e21a6dbc9b'}",mock
0x4abbf5c15fc1ae7327f3e0fc4342e75dd14cf745e0d2bd71f62798091c244acf,86000,1,TicketReserved,"{'model_id': 'model_mnist_784_noniid', 'round': 8, 'ticket_id': 429, 'owner': 'acct_29'}",mock
0xd57ae5ddcec1e07cb157f9ed0f0f800b1b63f2562e92003c9b91425b55a5ba58,93000,1,UpdatePublished,"{'model_id': 'model_mnist_784_noniid', 'round': 8, 'ticket_id': 429, 'cid': 'sha256:e3efcb9c00827bcba0ab50c5a39394b00aa347a1bdfd6620a2bd03dcea662379'}",mock
0x52b2760858e402abf7460736607b9b4affeefd36dfa1c3ce3ba017a89ebd3ea6,86000,1,TicketReserved,"{'model_id': 'model_mnist_784_noniid', 'round': 8, 'ticket_id': 430, 'owner': 'acct_30'}",mock
0x1ef16172998bdb1198eab3d3c3bd4c55fe01459e4768efa525b24e8c2c2a6f93,93000,1,UpdatePublished,"{'model_id': 'model_mnist_784_noniid', 'round': 8, 'ticket_id': 430, 'cid': 'sha256:c515d3e808de212235bca2b4707e812808cf32bd58e5182fadc6f3cd67ead391'}",mock
0x657405375435794f86fa471721688254ac4fe7b7370a56cd5afcdbd59174e757,86000,1,TicketReserved,"{'model_id': 'model_mnist_784_noniid', 'round': 8, 'ticket_id': 431, 'owner': 'acct_31'}",mock
0xe4816545b20b48363852141b57c8adb52393cb2bdfba097a84bc76b40cf47df2,93000,1,UpdatePublished,"{'model_id': 'model_mnist_784_noniid', 'round': 8, 'ticket_id': 431, 'cid': 'sha256:1084d783c3491e37890cd471e36f0be0b423748e72bd4066be8e544b76c4d30a'}",mock
0x0c9c5ad5032de2b85709a1dcf764f15945854860e17698c6b89267c5bd14c401,86000,1,TicketReserved,"{'model_id': 'model_mnist_784_noniid', 'round': 8, 'ticket_id': 432, 'owner': 'acct_32'}",mock
0xe337381c42e1d5a85bec829e68c03c3b6ab3969d82b3cb7dd08445003057490d,93000,1,UpdatePublished,"{'model_id': 'model_mnist_784_noniid', 'round': 8, 'ticket_id': 432, 'cid': 'sha256:5a4c9d4314d84fe3daa21cbc8a69b8905298e9f6909e5efd5141b956a7584f2d'}",mock
0xa998a722a29ac4cbd43a061046925130c31461fe0dfe0a811907209ccacdcfeb,86000,1,TicketReserved,"{'model_id': 'model_mnist_784_noniid', 'round': 8, 'ticket_id': 433, 'owner': 'acct_33'}",mock
0x3c93bab4dd7e53d7b562db60e788561278e7bc549a8091ab31f36cc9aff9a2b0,93000,1,UpdatePublished,"{'model_id': 'model_mnist_784_noniid', 'round': 8, 'ticket_id': 433, 'cid': 'sha256:e821d0ec34b378091ef96e302bb0d60ae9967ee02450d9f545d562a752dafbcf'}",mock
0x4147fda9adac32ddb9660e054f8c177c34a0509f321ad40faf4a942463b8ace6,86000,1,TicketReserved,"{'model_id': 'model_mnist_784_noniid', 'round': 8, 'ticket_id': 434, 'owner': 'acct_34'}",mock
0x5edfea0a285e639b541e201c442c2e4c275a1dce6845ceec9ab9babbf735bb1e,93000,1,UpdatePublished,"{'model_id': 'model_mnist_784_noniid', 'round': 8, 'ticket_id': 434, 'cid': 'sha256:3de9e7380af000489b213f097b235dd72d60c3e523686f896f8b50a823165382'}",mock
0xcf14a3fb63379c605596a3580f85a01691eb7b9ddb32a6a61b0bf35316dc4686,86000,1,TicketReserved,"{'model_id': 'model_mnist_784_noniid', 'round': 8, 'ticket_id': 435, 'owner': 'acct_35'}",mock
0xd12e9744f2a194b795b24e55fef27d76b1f71a4f63ff3f528f94004a6dceb86a,93000,1,UpdatePublished,"{'model_id': 'model_mnist_784_noniid', 'round': 8, 'ticket_id': 435, 'cid': 'sha256:af8b28ba47050c5b3559a133e72e78a1dd6eb3066099467de59f4cab216f4074'}",mock
0x8f7a2a4d381eda66eeeeb1929abd063389f460b0ce57de5a153351389f12cdf6,86000,1,TicketReserved,"{'model_id': 'model_mnist_784_noniid', 'round': 8, 'ticket_id': 436, 'owner': 'acct_36'}",mock
0x8716275587e225bd708eb7812e53cc8ee3d52826618c51cf3f2797ae7b39a92a,93000,1,UpdatePublished,"{'model_id': 'model_mnist_784_noniid', 'round': 8, 'ticket_id': 436, 'cid': 'sha256:f887f5ee09ebf8d467afa4a3fc471fad25044d59ae678852fa1d06dc9c41d385'}",mock
0x15c7175af0f31e188dee7f00c5c0ca48ac9b5d9fe1b74773b862928f8d4f40f1,86000,1,TicketReserved,"{'model_id': 'model_mnist_784_noniid', 'round': 8, 'ticket_id': 437, 'owner': 'acct_37'}",mock
0x6f1fd69919e612e37e2ae9c2482175009ddd092f76f0dae631b03ac6949cc164,93000,1,UpdatePublished,"{'model_id': 'model_mnist_784_noniid', 'round': 8, 'ticket_id': 437, 'cid': 'sha256:92ca4e0bfbce859d675879ad6c4cbc305592c27d1e47fb81407c10ff5e31e587'}",mock
0xa702a68932b917ae3555a27b1945dec311edf958a8d2b840690289ce08114fc7,86000,1,TicketReserved,"{'model_id': 'model_mnist_784_noniid', 'round': 8, 'ticket_id': 438, 'owner': 'acct_38'}",mock
0xcfdcade2ced8390754e5a0bfde4552e2b7eb14b6212102bddabd515f7bfc9a1a,93000,1,UpdatePublished,"{'model_id': 'model_mnist_784_noniid', 'round': 8, 'ticket_id': 438, 'cid': 'sha256:01cd8cee9967316d3aafb4da457b2d4cd8fbb9bb6924015b4aa35a02817c486b'}",mock
0x9eeba726b1766cc62db9fc6583d6dd84ba0a82624b3727ae90d6f5b1a724f9b0,86000,1,TicketReserved,"{'model_id': 'model_mnist_784_noniid', 'round': 8, 'ticket_id': 439, 'owner': 'acct_39'}",mock
0x80fa04e670781f9b7238f2e362922829e51395cddeadf64054721cd3153a896f,93000,1,UpdatePublished,"{'model_id': 'model_mnist_784_noniid', 'round': 8, 'ticket_id': 439, 'cid': 'sha256:e9281853791a1dbc93d23545a12a2dcf018fafbea1765de16657f83cf3fce3ce'}",mock
0x4726b285b6584683541773d29594ff18e389477b5ae05285ad781abdd7c9c549,86000,1,TicketReserved,"{'model_id': 'model_mnist_784_noniid', 'round': 8, 'ticket_id': 440, 'owner': 'acct_40'}",mock
0xa268ac0ab024fc75e7b4f97de12239993b0db94fca65e197001c6b858f95d4c3,93000,1,UpdatePublished,"{'model_id': 'model_mnist_784_noniid', 'round': 8, 'ticket_id': 440, 'cid': 'sha256:35987c3a635df41da38e5d51bbf66b02efe6d1bd493810fe119b44807d1e94c3'}",mock
0x897e4155c4981c98271259dbf158c98a750f6ff7dbe4f4efee3e7cd1ae71435a,86000,1,TicketReserved,"{'model_id': 'model_mnist_784_noniid', 'round': 8, 'ticket_id': 441, 'owner': 'acct_41'}",mock
0x7f8662cf39dd17483ee5db64048b18edd05f958c0d1ba2575a4e2ac19fef20d1,93000,1,UpdatePublished,"{'model_id': 'model_mnist_784_noniid', 'round': 8, 'ticket_id': 441, 'cid': 'sha256:7c3b3d352a2cf50c158875744dc5d10a558fffca2406f3d06e644ddb77af0820'}",mock
0x79257e393fe73cfcba697e92357e557b5ac51afd8057d6aaf2fc7c2d504f52a0,86000,1,TicketReserved,"{'model_id': 'model_mnist_784_noniid', 'round': 8, 'ticket_id': 442, 'owner': 'acct_42'}",mock
0xb98ee715099e209fad1a5186fc431518d6a194e94a89b2618787fa4e1d2b53ba,93000,1,UpdatePublished,"{'model_id': 'model_mnist_784_noniid', 'round': 8, 'ticket_id': 442, 'cid': 'sha256:069c9794f3984c3091e7400df6d7a66330e46dbd6145ae8fef066d9a8fbc0577'}",mock
0xabe8a67b038543434f49a86a344a87b4648e91d585ad2c814b1fa990763bbff6,86000,1,TicketReserved,"{'model_id': 'model_mnist_784_noniid', 'round': 8, 'ticket_id': 443, 'owner': 'acct_43'}",mock
0x7db210d3f1b34a2881aed51d22dc442d0dfe99e9192f9fc3a38f8177f1bb54a1,93000,1,UpdatePublished,"{'model_id': 'model_mnist_784_noniid', 'round': 8, 'ticket_id': 443, 'cid': 'sha256:051ea32829d915a30dd9233cfe0e53e80f829a05e54f618b25fea8cea73ffcc2'}",mock
0x403d51af11838c4c4783e51dd3e94b6e92ef4648f18285427f3c8be7d4eee58c,86000,1,TicketReserved,"{'model_id': 'model_mnist_784_noniid', 'round': 8, 'ticket_id': 444, 'owner': 'acct_44'}",mock
0xd02e978acd2d40facfc7ee959b1641d24e8102bb258d1d5a030dbeffe3bb4bef,93000,1,UpdatePublished,"{'model_id': 'model_mnist_784_noniid', 'round': 8, 'ticket_id': 444, 'cid': 'sha256:7bba4dc9f85af2a70236706c024864e62690f3975454f88482918ba1a548fbd4'}",mock
0x25d600a0d8912e977915511449a03e463b51cc902857ce273a5cddac52d19809,86000,1,TicketReserved,"{'model_id': 'model_mnist_784_noniid', 'round': 8, 'ticket_id': 445, 'owner': 'acct_45'}",mock
0x0f2b54e06065f3836d04d273a5c6094aba5900837d19ff5959d5d015b1cfec5d,93000,1,UpdatePublished,"{'model_id': 'model_mnist_784_noniid', 'round': 8, 'ticket_id': 445, 'cid': 'sha256:498119e4964a0170a3022e10d39b987b9a8d4e3b3a1c358b05cf37333cd12365'}",mock
0x5721066cdf5422e155df1541bc3d70bcf0b799b228f2c5817a469ebf3f3a2916,86000,1,TicketReserved,"{'model_id': 'model_mnist_784_noniid', 'round': 8, 'ticket_id': 446, 'owner': 'acct_46'}",mock
0x102d395c133e43bd9daa35d5536f9518fca4b06e01edb4304decc785daa12ca6,93000,1,UpdatePublished,"{'model_id': 'model_mnist_784_noniid', 'round': 8, 'ticket_id': 446, 'cid': 'sha256:dda3d3e0a617742949d4fc695e658f32692dd13c46b2e0469f3fe89bff68cb59'}",mock
0xe33b566d38cbf2044d28e1cba0cd9a24ef462b4a70cc435df951d5e9b9f43bc4,86000,1,TicketReserved,"{'model_id': 'model_mnist_784_noniid', 'round': 8, 'ticket_id': 447, 'owner': 'acct_47'}",mock
0xb1d9734215502968750704db165c8c997c26ef31d8f62de396d37f5bedce710d,93000,1,UpdatePublished,"{'model_id': 'model_mnist_784_noniid', 'round': 8, 'ticket_id': 447, 'cid': 'sha256:73237da7e144324e6b3c0073788e49c6832d147f6c7bc4d0ef0842afb1bfc784'}",mock
0xb2321fa658ca0ba5660b6528b8f6ce9dc1bd2aaf8306caae0259fb00e73c9cad,86000,1,TicketReserved,"{'model_id': 'model_mnist_784_noniid', 'round': 8, 'ticket_id': 448, 'owner': 'acct_48'}",mock
0xc8d8344c61b2cb57b0b5cce2f8dd67b71751212679163008e8cdf0cdbfa12498,93000,1,UpdatePublished,"{'model_id': 'model_mnist_784_noniid', 'round': 8, 'ticket_id': 448, 'cid': 'sha256:5c44a311699212757662b4dd3a1741f50d8ba06df1240b3e64e85e39b7371d4e'}",mock
0x4373f902c5898bad14d3e4736e4a6ef2bacd90681cf62ecdd562a099b0fae818,86000,1,TicketReserved,"{'model_id': 'model_mnist_784_noniid', 'round': 8, 'ticket_id': 449, 'owner': 'acct_49'}",mock
0xa77bc120ffba56d7f58024f278831aa47cec64a3f3e6b2680806efa597591e83,93000,1,UpdatePublished,"{'model_id': 'model_mnist_784_noniid', 'round': 8, 'ticket_id': 449, 'cid': 'sha256:0fdc5495b173d31cc7ebdeb5ec0db44008c600fa151da08fe45be3f5ea6499fc'}",mock
0x1c64a6c171fd3e286ce3eb1011f313fea49b4a0c9c3076df7b86ae9e19cca392,86000,1,TicketReserved,"{'model_id': 'model_mnist_784_noniid', 'round': 8, 'ticket_id': 450, 'owner': 'acct_50'}",mock
0xe09e533651b7161412a13bc2d024f4c1632a9249e8b4321bb621f16fe0fbc29a,93000,1,UpdatePublished,"{'model_id': 'model_mnist_784_noniid', 'round': 8, 'ticket_id': 450, 'cid': 'sha256:57af6a8453ef2d2587fce116f9d5f86eb073564163d5e37a054f8063febccf65'}",mock
0xe18e786e55e237f753c6a77f6728ad46ef8068e39f17e10df4aea3034412cf3b,1065000,1,RoundFinalized,"{'model_id': 'model_mnist_784_noniid', 'round': 8, 'included': 47, 'refunds': 47}",mock
0x21c797bded2c6102527134005402ffe6eb95c7ff133253b22c32710796f0977a,52000,1,RoundFunded,"{'model_id': 'model_mnist_784_noniid', 'amount_wei': 10000000000000000}",mock
0xf6f04d22653abbd91468aff3168444de4f4af83c2efaf6266c7b21cd9d1023dc,86000,1,TicketReserved,"{'model_id': 'model_mnist_784_noniid', 'round': 9, 'ticket_id': 451, 'owner': 'acct_1'}",mock
0xf3f8d1871c0b6c7892d86313ef2226d78af62463eb6f1e2eee3b0a5f29ab615a,93000,1,UpdatePublished,"{'model_id': 'model_mnist_784_noniid', 'round': 9, 'ticket_id': 451, 'cid': 'sha256:db73aa652bf8300efc710587d9b3659db2057ece52c4bd70d34114324d56c3bf'}",mock
0x79159b5e3e9c360bad8484a5c8b2b5f25625c627e2ceebc7bdc35c34092b8e48,86000,1,TicketReserved,"{'model_id': 'model_mnist_784_noniid', 'round': 9, 'ticket_id': 452, 'owner': 'acct_2'}",mock
0xe55f93e8bcd8628b1e4efe6988c02f43a5bec80b4cffa2d4653eda1e2dd11a7e,93000,1,UpdatePublished,"{'model_id': 'model_mnist_784_noniid', 'round': 9, 'ticket_id': 452, 'cid': 'sha256:004591cf7f45acbc6ec8b109c85e9b892acdf8e29eeb67e7566ca1114ac70a60'}",mock
0xeb21b987abc79a6a3e2c6c7dfc4c2e2cf77faaf634391a131a086786c40f229b,86000,1,TicketReserved,"{'model_id': 'model_mnist_784_noniid', 'round': 9, 'ticket_id': 453, 'owner': 'acct_3'}",mock
0x9fce0932cd80c959af268b2369b9746bf1efbf29bdd4a88762d784d1fa20d15c,93000,1,UpdatePublished,"{'model_id': 'model_mnist_784_noniid', 'round': 9, 'ticket_id': 453, 'cid': 'sha256:dd2dcbec365343656c44ff2204d1ce29d380f78e35e514cbaaf50cacdc54a126'}",mock
0x73e2be4c62d0d58bb908a3e7e7e111c8a8597c1235efc6beb1c125b27a4665bf,86000,1,TicketReserved,"{'model_id': 'model_mnist_784_noniid', 'round': 9, 'ticket_id': 454, 'owner': 'acct_4'}",mock
0x9178ec633de311f6b4b6140dd3e5f0d045cd207f6e017a81f11304d409c3679f,93000,1,UpdatePublished,"{'model_id': 'model_mnist_784_noniid', 'round': 9, 'ticket_id': 454, 'cid': 'sha256:e7a8ae5c3b82908b05dadcc39f8458e6be5297b0b8a169ac6dac40024166b385'}",mock
0xa434a38903c638d2699a5c40bab9318d757d9466f40d2c037759d06a8f4f5bc5,86000,1,TicketReserved,"{'model_id': 'model_mnist_784_noniid', 'round': 9, 'ticket_id': 455, 'owner': 'acct_5'}",mock
0x1523064bdb6ac0229749a4cea8667040b7f41a7ca72cd608df5aefe30838d72f,93000,1,UpdatePublished,"{'model_id': 'model_mnist_784_noniid', 'round': 9, 'ticket_id': 455, 'cid': 'sha256:23849bb0cdd8dd0898150cf1d515b24ae30286c4963d29e8a18021ce3041f9aa'}",mock
0x2096bd0dc5e0306353c58a320c14bfc8532e0e263cba8ca2d4c926dba3476715,86000,1,TicketReserved,"{'model_id': 'model_mnist_784_noniid', 'round': 9, 'ticket_id': 456, 'owner': 'acct_6'}",mock
0x1fde2a3dcc25684e61f725940e9cd8983d9b3bb3b289329894667e4642a9e74e,93000,1,UpdatePublished,"{'model_id': 'model_mnist_784_noniid', 'round': 9, 'ticket_id': 456, 'cid': 'sha256:a03e729c0f73e63baec15d13aafaf66c26fc0265e5e353f3d8a181e072f6846d'}",mock
0x6f9f0f5ba8c19486b822b69c8b19e050c36c0895e7e1a2b9b0b7565de05408f8,86000,1,TicketReserved,"{'model_id': 'model_mnist_784_noniid', 'round': 9, 'ticket_id': 457, 'owner': 'acct_7'}",mock
0x78fa1962ba0e62cb5ed27d926c2489abcc785f3548fc62ec7c08e660751558e7,93000,1,UpdatePublished,"{'model_id': 'model_mnist_784_noniid', 'round': 9, 'ticket_id': 457, 'cid': 'sha256:77e610133706ea419ec379c23a2cbcd6a39d1ae2bb59bd4b7ce8518199d8c928'}",mock
0xde8e39b137d4c7e299252f44be53d5d293b50de62ef3079ea1d0404307b6a261,86000,1,TicketReserved,"{'model_id': 'model_mnist_784_noniid', 'round': 9, 'ticket_id': 458, 'owner': 'acct_8'}",mock
0x1b62eafd0cce97fa9df632b4961324c672d9d4977a7f454c4e0be66656b95470,93000,1,UpdatePublished,"{'model_id': 'model_mnist_784_noniid', 'round': 9, 'ticket_id': 458, 'cid': 'sha256:b07d2fa7332a8f4d2c9e6d9678f1ecaf0a08ccc8ab18ec1cee987120d3ac66fd'}",mock
0x3a79de3f65ae4ce6b423c4f5252768a1690e772ecd20259afd1a13ccace39255,86000,1,TicketReserved,"{'model_id': 'model_mnist_784_noniid', 'round': 9, 'ticket_id': 459, 'owner': 'acct_9'}",mock
0xa97dc9854874191793c6f4c3eef423ed96b41c4a299667f297cd849cc8e7de94,93000,1,UpdatePublished,"{'model_id': 'model_mnist_784_noniid', 'round': 9, 'ticket_id': 459, 'cid': 'sha256:9a01f094987bcac511144ff6091d2df349869b79a929471d7e98f2bf84d8229b'}",mock
0xb84fc8de3113677f1731415d5e3ad952ec13e8a9fdc11ecf774c9f660b2b6306,86000,1,TicketReserved,"{'model_id': 'model_mnist_784_noniid', 'round': 9, 'ticket_id': 460, 'owner': 'acct_10'}",mock
0xb3b940f489149446a19a572fb265c9e8f14e9ec7cdb25dbc4c9aef53b37e22e8,93000,1,UpdatePublished,"{'model_id': 'model_mnist_784_noniid', 'round': 9, 'ticket_id': 460, 'cid': 'sha256:46388f737674f3163f2db06bfac816ca7e3e16910739056adfc3061ecd3d3a10'}",mock
0x502a27aa0ca28f62b51b8905c2e0525c61bebb90abc391a25c61537400d308e3,86000,1,TicketReserved,"{'model_id': 'model_mnist_784_noniid', 'round': 9, 'ticket_id': 461, 'owner': 'acct_11'}",mock
0x4984c0d38fd9d2bdfb99d81b2109e113040ed871fe1fecef2b48276fb1e4cc74,93000,1,UpdatePublished,"{'model_id': 'model_mnist_784_noniid', 'round': 9, 'ticket_id': 461, 'cid': 'sha256:fe0d8c02eb7d9d0beca44ef3186822b4843c5fbcc689f40e2e5b0f1c834598cf'}",mock
0x7518858075fbba4058544d0fe103b598439c7d833bf7365318ff37cc34252a34,86000,1,TicketReserved,"{'model_id': 'model_mnist_784_noniid', 'round': 9, 'ticket_id': 462, 'owner': 'acct_12'}",mock
0xfd5dbcb0d4e1b6c48c8fe3d4becd242de520edfa19a3a1ad28c0a9361e2e4249,93000,1,UpdatePublished,"{'model_id': 'model_mnist_784_noniid', 'round': 9, 'ticket_id': 462, 'cid': 'sha256:6ad7ef0439f1e55c0511f878343393e2d009e3705259b99d451b670035e117e6'}",mock
0x817ba30afc67f453cfc8c95f0b211717fab18d3a32e2e8629171804e61cd3726,86000,1,TicketReserved,"{'model_id': 'model_mnist_784_noniid', 'round': 9, 'ticket_id': 463, 'owner': 'acct_13'}",mock
0x7b79a65beed91932e4028ce0c8214467db341da622cf80cd49dcdaff76b53d52,93000,1,UpdatePublished,"{'model_id': 'model_mnist_784_noniid', 'round': 9, 'ticket_id': 463, 'cid': 'sha256:750199e3d2394a2d0dde03f894c4c9842afc5cbb800ac7fcfeafce7ce3732f51'}",mock
0x528b9c9492dd1cf1226dd439528c872e29b785930440b9192bbd1c0ad4a07b2e,86000,1,TicketReserved,"{'model_id': 'model_mnist_784_noniid', 'round': 9, 'ticket_id': 464, 'owner': 'acct_14'}",mock
0xfc0290f89776fa47ba0942f492826e8232dfacebcf02d1b0c46e1669985ed2b7,93000,1,UpdatePublished,"{'model_id': 'model_mnist_784_noniid', 'round': 9, 'ticket_id': 464, 'cid': 'sha256:0bef25f8df5f2d30e15b02cbcd0dc329b2cb17b7877660a3787e2fcee3e22155'}",mock
0x5860ae9a9c7917d7842444dee5fa98c6ed366389adb68d4076cae318b175b9cc,86000,1,TicketReserved,"{'model_id': 'model_mnist_784_noniid', 'round': 9, 'ticket_id': 465, 'owner': 'acct_15'}",mock
0x3c79b52a9453fe3f559536e00084d8f6d316fe5c08f6709e5159d7d030bee608,93000,1,UpdatePublished,"{'model_id': 'model_mnist_784_noniid', 'round': 9, 'ticket_id': 465, 'cid': 'sha256:97c78aa5139a85a2b4218de2ad9f78ed02b64890c486016d8369797451d1e411'}",mock
0xa4981a3d95d72eb5f18986511a6934e219dd1268c24199d7f45f5352100c2277,86000,1,TicketReserved,"{'model_id': 'model_mnist_784_noniid', 'round': 9, 'ticket_id': 466, 'owner': 'acct_16'}",mock
0x97f1412cdb9bb3b885e59431d05881a6501c1c4ef2781d51babef93f29cb1666,93000,1,UpdatePublished,"{'model_id': 'model_mnist_784_noniid', 'round': 9, 'ticket_id': 466, 'cid': 'sha256:29368d9e1aedcefbff13383d2ee0d91305cea95c31c1d1e69d9b024da2ea4909'}",mock
0xbdb5a3a0210d3e19dce77bfece8669086c43f1fa4da1968d6867a61c011d9757,86000,1,TicketReserved,"{'model_id': 'model_mnist_784_noniid', 'round': 9, 'ticket_id': 467, 'owner': 'acct_17'}",mock
0xf65b2cccc575b4cb1f2f6bc6926bcccd866ffee561dfc2a90a7a2df08fe08104,93000,1,UpdatePublished,"{'model_id': 'model_mnist_784_noniid', 'round': 9, 'ticket_id': 467, 'cid': 'sha256:5df1016948c8eb833771786aca2d16af61ebb9ff4e1a947f6478686e9ca722ec'}",mock
0x5a78a55aaf83daccd279c945770eb6e02b5593cd5b00b7d4863ef6f9fe3a7db6,86000,1,TicketReserved,"{'model_id': 'model_mnist_784_noniid', 'round': 9, 'ticket_id': 468, 'owner': 'acct_18'}",mock
0x8443a447e4ad90a3566376100ddf2393f5728b435619521d80b61d04ed6ac47e,93000,1,UpdatePublished,"{'model_id': 'model_mnist_784_noniid', 'round': 9, 'ticket_id': 468, 'cid': 'sha256:9946e9c7b8e9ae69e6d289425a191d0e359b75d6ca1db45c36c4efd77be4c09e'}",mock
0xbb41d55d57678845daaa8d960540d724112e7e7b03a5760715ba754b2c96a01f,86000,1,TicketReserved,"{'model_id': 'model_mnist_784_noniid', 'round': 9, 'ticket_id': 469, 'owner': 'acct_19'}",mock
0x93af8ca1a3b42aea50e9de71c1eb082ce63a412f5713caf220544f37f866ca02,93000,1,UpdatePublished,"{'model_id': 'model_mnist_784_noniid', 'round': 9, 'ticket_id': 469, 'cid': 'sha256:4d78c358b5d6412cac0ef25cd7e5c4689ff10f2a228e7017994349c65b1bddd8'}",mock
0xbe644d06d2f4619b06495f80b84e6d7e4a62b9e9cde5deadee463594d151403b,86000,1,TicketReserved,"{'model_id': 'model_mnist_784_noniid', 'round': 9, 'ticket_id': 470, 'owner': 'acct_20'}",mock
0x805c03849c13fc020be3cd715d1a253b00e2db0fdfde56b770fe5425843b11e1,93000,1,UpdatePublished,"{'model_id': 'model_mnist_784_noniid', 'round': 9, 'ticket_id': 470, 'cid': 'sha256:65ea0ba502e6eef978313b1b43ca637e657e3d38d364d35795f149343e82de54'}",mock
0x2da490e261d1a312d5c3b8245ae5a8431ce4f82fc3709b29b718f802f9740305,86000,1,TicketReserved,"{'model_id': 'model_mnist_784_noniid', 'round': 9, 'ticket_id': 471, 'owner': 'acct_21'}",mock
0x5ffe26bcf146458569c0427cf4c6cb9f9a8eae09409d301a6d6cb3e55811b0f6,93000,1,UpdatePublished,"{'model_id': 'model_mnist_784_noniid', 'round': 9, 'ticket_id': 471, 'cid': 'sha256:bcdf5ef34ce760efee8cd694ee234948b1de70836e2e18b4db784df3c1afb49d'}",mock
0x69a1961027c5de0ffba8afda22f43d8ad1a329b9eeca2ac728f254e33bd08d60,86000,1,TicketReserved,"{'model_id': 'model_mnist_784_noniid', 'round': 9, 'ticket_id': 472, 'owner': 'acct_22'}",mock
0x60f4bbdd8da1fc6cdbae456c019f6f32c1763dd098bd9d4ba6037b042080f0b4,93000,1,UpdatePublished,"{'model_id': 'model_mnist_784_noniid', 'round': 9, 'ticket_id': 472, 'cid': 'sha256:0b0310953d8bac94481a73c3efeb034c392a5ab08eb850af720dcd5a4e03a7b1'}",mock
0xc4226da6635f6c4b4516d4b52a8c556b260ab8d23a6800dd6d7cb3f52983545d,86000,1,TicketReserved,"{'model_id': 'model_mnist_784_noniid', 'round': 9, 'ticket_id': 473, 'owner': 'acct_23'}",mock
0x202294f109500fd70eb23bda0008e7634694d0f46a1108243cfe57aa87ab59e0,93000,1,UpdatePublished,"{'model_id': 'model_mnist_784_noniid', 'round': 9, 'ticket_id': 473, 'cid': 'sha256:5650fce379f3800536aad0fb230acfc04dcb826b49099eaa18bea8077d2dc083'}",mock
0x4024c84a695bbd09c779798e8db8b7014672ac2a61a0dd649442d70d0def3d01,86000,1,TicketReserved,"{'model_id': 'model_mnist_784_noniid', 'round': 9, 'ticket_id': 474, 'owner': 'acct_24'}",mock
0xeefb1472c525f494b0c56ccec7267037a3ccbd83d6d6ca0cb8493f38ba4de804,93000,1,UpdatePublished,"{'model_id': 'model_mnist_784_noniid', 'round': 9, 'ticket_id': 474, 'cid': 'sha256:af72aa9f1609f63b77464f7c7b4403004dc35452e1ceebd3e6d48a325ca92908'}",mock
0x17e78862469ceb99f8c292e7e01cab8829ad86d7874d81b9eb7e5fc7172d2cbf,86000,1,TicketReserved,"{'model_id': 'model_mnist_784_noniid', 'round': 9, 'ticket_id': 475, 'owner': 'acct_25'}",mock
0xbd34d35b94263a82954c3797d5265954087639f069d13e5de4aed52cdfbe72fb,93000,1,UpdatePublished,"{'model_id': 'model_mnist_784_noniid', 'round': 9, 'ticket_id': 475, 'cid': 'sha256:6505a7ad863e389720d78fa35c33ff51ba9a1487afd659b661a516fcd94e9d82'}",mock
0x986396d75795f567f6edda39099ce2284fc856b0d84516179d84dc9933c76855,86000,1,TicketReserved,"{'model_id': 'model_mnist_784_noniid', 'round': 9, 'ticket_id': 476, 'owner': 'acct_26'}",mock
0xd51f0a8513acb6dfadce9594299695367cf3387188b7ffbee183378428d89e5b,93000,1,UpdatePublished,"{'model_id': 'model_mnist_784_noniid', 'round': 9, 'ticket_id': 476, 'cid': 'sha256:97489ef06096dde5a2159a1894240abf50889426c8a49c4639527b835fd80f53'}",mock
0x30e2eb7c3e9db6709551ad95aa7e5c40aa0a063fd429b920d8f85063340f0c68,86000,1,TicketReserved,"{'model_id': 'model_mnist_784_noniid', 'round': 9, 'ticket_id': 477, 'owner': 'acct_27'}",mock
0xd4c0018dae6b4383f6ee6de1be3135e7e72bdd83f534505e49c66e62b8402101,93000,1,UpdatePublished,"{'model_id': 'model_mnist_784_noniid', 'round': 9, 'ticket_id': 477, 'cid': 'sha256:3c28e6ffcdd0029f5bfe0a5ef615447e896a4aad03a33e02328deda3da35843d'}",mock
0xd5f0753abfc50dea01bb71c2ae0b01b3381a79928087eaedfadfe2bac666c7d0,86000,1,TicketReserved,"{'model_id': 'model_mnist_784_noniid', 'round': 9, 'ticket_id': 478, 'owner': 'acct_28'}",mock
0xeb3d05306dd710e1777dcccd47a202f23e2a6b1433e3e74a26cccb63f3923119,93000,1,UpdatePublished,"{'model_id': 'model_mnist_784_noniid', 'round': 9, 'ticket_id': 478, 'cid': 'sha256:d255fcef915a830c161341f3171a794da7300950b8787d9ad90780791ce37aeb'}",mock
0x4ff70bbf106f23fec919e4ca55fc518674afc5a952365c5c1e163fa74dbf3302,86000,1,TicketReserved,"{'model_id': 'model_mnist_784_noniid', 'round': 9, 'ticket_id': 479, 'owner': 'acct_29'}",mock
0xb74ffb5011a14e5b8c4242840bcbf83f50ddf2cc7ebbe1ae1c2083e6e3f2236a,93000,1,UpdatePublished,"{'model_id': 'model_mnist_784_noniid', 'round': 9, 'ticket_id': 479, 'cid': 'sha256:b6698d6bd571776e8b7ed1f503aea5db50fdae507ad763ee13ee9b926b949d08'}",mock
0x5bd5b98d7bf261fe51fc2c65991accade6599114582427191e6917832013c8ee,86000,1,TicketReserved,"{'model_id': 'model_mnist_784_noniid', 'round': 9, 'ticket_id': 480, 'owner': 'acct_30'}",mock
0x15bf008ec830469d684f7101e056c7e25906d0b1aadd53b6c54826fe11d88aa1,93000,1,UpdatePublished,"{'model_id': 'model_mnist_784_noniid', 'round': 9, 'ticket_id': 480, 'cid': 'sha256:33ea7c465192c2c8d30664fee8d55e028503f109f8bfc354941001ac11c3bb2c'}",mock
0x30c67dc5d4dc9f2e43ecec2b223eaa47bde493096939f6004e5c040513975ce8,86000,1,TicketReserved,"{'model_id': 'model_mnist_784_noniid', 'round': 9, 'ticket_id': 481, 'owner': 'acct_31'}",mock
0xecf12e479f2e19d90ed583fb5d9d7fda33b0633cb48d22d152fdea3e7251c356,93000,1,UpdatePublished,"{'model_id': 'model_mnist_784_noniid', 'round': 9, 'ticket_id': 481, 'cid': 'sha256:7ddc5a3d9f1cd58cc211bc54a300e4989744ab9d5f3c6f8e33eb270e909f195e'}",mock
0x49c44163003f769e3eeba90065b33a7b384d91fdd2300d4fca8693b7256488a5,86000,1,TicketReserved,"{'model_id': 'model_mnist_784_noniid', 'round': 9, 'ticket_id': 482, 'owner': 'acct_32'}",mock
0x5459af4732b0799848810924e112ff8cf5d5a27007e94b6c963ef39340c350ab,93000,1,UpdatePublished,"{'model_id': 'model_mnist_784_noniid', 'round': 9, 'ticket_id': 482, 'cid': 'sha256:d093ed68312f7f040586a9c03a50a04bfac8bce3ddecd2a08293104eedca6c09'}",mock
0xb442bde686f430d5f75f3373a7524dd5f5889cc563bf5af0e9eeec6233516197,86000,1,TicketReserved,"{'model_id': 'model_mnist_784_noniid', 'round': 9, 'ticket_id': 483, 'owner': 'acct_33'}",mock
0x0d7b4a3475672fc04de82fb2c43d07f64c332cdc83a88ef70e57b15c5cfbbd55,93000,1,UpdatePublished,"{'model_id': 'model_mnist_784_noniid', 'round': 9, 'ticket_id': 483, 'cid': 'sha256:2c8a42c37e910198389e85114e9519784349fb16881ffe615462109c6f50dede'}",mock
0xf83cde7ca7227ab806487a9c876829b73983b7c743da73e3457a3eb3c59908dc,86000,1,TicketReserved,"{'model_id': 'model_mnist_784_noniid', 'round': 9, 'ticket_id': 484, 'owner': 'acct_34'}",mock
0x1ceb0c4d896c22f54474e9d5c5cea7fefa8962b5f147560aa7aac3423262d44c,93000,1,UpdatePublished,"{'model_id': 'model_mnist_784_noniid', 'round': 9, 'ticket_id': 484, 'cid': 'sha256:c6b4096163e41afe2edb0c9ce8d56a2ebc81ffc8031aa7b2f32df080039bcdc2'}",mock
0xa9dd0d2505924d3c87640d13a74a56c51c4b517235a3eb9ae8344cdecc1145b8,86000,1,TicketReserved,"{'model_id': 'model_mnist_784_noniid', 'round': 9, 'ticket_id': 485, 'owner': 'acct_35'}",mock
0x665aaf30b4be8cbcadfce359d3d90218c569b2c02a8276c906993a55bd423c0d,93000,1,UpdatePublished,"{'model_id': 'model_mnist_784_noniid', 'round': 9, 'ticket_id': 485, 'cid': 'sha256:c9f66258b20624cb813806c5cd623dbee9598586ad75640de1de3e4d00b0e804'}",mock
0xe6c9fb879fa82592b38b6ca47a32c8e60e108eebce28a8e1c0aeef08e28f00bc,86000,1,TicketReserved,"{'model_id': 'model_mnist_784_noniid', 'round': 9, 'ticket_id': 486, 'owner': 'acct_36'}",mock
0xe78fd92293e0f26880828d715f0d5205e786b0732020287f9f1189a3a368e2fc,93000,1,UpdatePublished,"{'model_id': 'model_mnist_784_noniid', 'round': 9, 'ticket_id': 486, 'cid': 'sha256:bd4d9c4e07a6a24aeb083ac35966f6dede43dbe4ffe0c7e69e9d02c990fc623a'}",mock
0x4b4fc68d2c0bab3807947806fffd5f566afe8152d6baea809f7df1a0f1d46845,86000,1,TicketReserved,"{'model_id': 'model_mnist_784_noniid', 'round': 9, 'ticket_id': 487, 'owner': 'acct_37'}",mock
0x6ae71747b7374e209a2e6c33bea26d430f2ab2fbdf49317510b4eaafdbe07c97,93000,1,UpdatePublished,"{'model_id': 'model_mnist_784_noniid', 'round': 9, 'ticket_id': 487, 'cid': 'sha256:e60f5144aa0a998402d5a3f5a0d2fa4f4805d687946146c26fe1571d6fdec476'}",mock
0x5d3dc00d0cf1813ddf2b1aa61f1efc354e23062fbfe9afec204bd263a3553aac,86000,1,TicketReserved,"{'model_id': 'model_mnist_784_noniid', 'round': 9, 'ticket_id': 488, 'owner': 'acct_38'}",mock
0x91fa2f68e9af47a15656b187fb8982671ab706c176ddc21eed9deb98bc44e9c0,93000,1,UpdatePublished,"{'model_id': 'model_mnist_784_noniid', 'round': 9, 'ticket_id': 488, 'cid': 'sha256:6b813ce435005b9e8ebc360e04a1bcf897d7eb015acfd2ac902acfb78b884370'}",mock
0xbd1be7948e230cf3828d3acdfd0d73534605859f7ba05ff172bef23029a3d4d2,86000,1,TicketReserved,"{'model_id': 'model_mnist_784_noniid', 'round': 9, 'ticket_id': 489, 'owner': 'acct_39'}",mock
0x1d4f245974981b22b23c0d5d323876294baeee7c1d7f513a32b57f027e5b9b25,93000,1,UpdatePublished,"{'model_id': 'model_mnist_784_noniid', 'round': 9, 'ticket_id': 489, 'cid': 'sha256:85c846dd3ef095c3250caaff1b7d1f2ff40b25995dba8e2130d0d39f3594ed1e'}",mock
0xdcab879ca8d4ad8b9badc22ed8d3490ca1625d1b399cffeb51b2225e24b9863f,86000,1,TicketReserved,"{'model_id': 'model_mnist_784_noniid', 'round': 9, 'ticket_id': 490, 'owner': 'acct_40'}",mock
0x61568f76a164d4d6efaf0a6322685d21cb70f869de82a291335f886bee7dc6dc,93000,1,UpdatePublished,"{'model_id': 'model_mnist_784_noniid', 'round': 9, 'ticket_id': 490, 'cid': 'sha256:ea9b106becebe19485370c185f82664abe94af1ac405d15422fe5745aea0f6cc'}",mock
0x4831d25547ded7ce3ef53fcd4aea90156225f70fa54185d65ed3afcacb9e87a4,86000,1,TicketReserved,"{'model_id': 'model_mnist_784_noniid', 'round': 9, 'ticket_id': 491, 'owner': 'acct_41'}",mock
0x734185f0c86b985f1e6d6bc8334a1ba2f9f49931434ac92a584297583fbeedaa,93000,1,UpdatePublished,"{'model_id': 'model_mnist_784_noniid', 'round': 9, 'ticket_id': 491, 'cid': 'sha256:f10189fc1ec9d998228c5c5aaaf831a04d1c3021aaa44ca315ef916432c6ca52'}",mock
0xdc77ea68f14c833e79601f43b13ae063a96b5907e31855f0fbe16e3fa7eb27b1,86000,1,TicketReserved,"{'model_id': 'model_mnist_784_noniid', 'round': 9, 'ticket_id': 492, 'owner': 'acct_42'}",mock
0xbb11b4f5c727e966e4f68d2c881b248f39bc0373fae109d6a56e4ea955019564,93000,1,UpdatePublished,"{'model_id': 'model_mnist_784_noniid', 'round': 9, 'ticket_id': 492, 'cid': 'sha256:fd2697f5d44f1d148b9e905989127a7d54f597b38813132616fbf6f31eb7083c'}",mock
0xe6d4f571d006ae2737e8de33d8ba6e271be27d7f38686dd9957b94f27efa29d7,86000,1,TicketReserved,"{'model_id': 'model_mnist_784_noniid', 'round': 9, 'ticket_id': 493, 'owner': 'acct_43'}",mock
0xd8e77414d26cb6bd103a50e34c85ebc78ad08a4daf799678f55473a263c429cf,93000,1,UpdatePublished,"{'model_id': 'model_mnist_784_noniid', 'round': 9, 'ticket_id': 493, 'cid': 'sha256:754716a626ca5fffd0140fa8136b20d2975755b8467045ef8367a8d7447a0d13'}",mock
0x84fb46ce987b59db5e14d7088421c281ebc492554bad7fc86ebd2b9ca2a5daa0,86000,1,TicketReserved,"{'model_id': 'model_mnist_784_noniid', 'round': 9, 'ticket_id': 494, 'owner': 'acct_44'}",mock
0x880ad4209d6f37d8b318efeee881be270a1381a880b1d9a2515c5a8931ed13e9,93000,1,UpdatePublished,"{'model_id': 'model_mnist_784_noniid', 'round': 9, 'ticket_id': 494, 'cid': 'sha256:7135bbd24d80f8f1e1fe3069277fed919081b5e508037915b04aeac4d1fda438'}",mock
0x9d1cb270f71ece72490e3c9b460a72429d8b4c8e65685a63d91179a909213039,86000,1,TicketReserved,"{'model_id': 'model_mnist_784_noniid', 'round': 9, 'ticket_id': 495, 'owner': 'acct_45'}",mock
0x6f8de0c0e7ae32c0ffc782dafb35aa7d24fd6afd65412d4dbb96e2126a68b70d,93000,1,UpdatePublished,"{'model_id': 'model_mnist_784_noniid', 'round': 9, 'ticket_id': 495, 'cid': 'sha256:d1804829a3f3f99b36e334e0cf33efb2fd88aff80cfca37528534552b5b89ba4'}",mock
0xa93c902de0e4cbab8cfd9bf77dff6d10e663e21c1f86548b6b14b002daa7c03b,86000,1,TicketReserved,"{'model_id': 'model_mnist_784_noniid', 'round': 9, 'ticket_id': 496, 'owner': 'acct_46'}",mock
0xdc9260a13c5e1bae7eb923e7184171a99d04d7405048d714074ecf8eadf8cac2,93000,1,UpdatePublished,"{'model_id': 'model_mnist_784_noniid', 'round': 9, 'ticket_id': 496, 'cid': 'sha256:349505fccbdea5fbf5004dfe411098bcd6cb494120f2ec40220dad9082fa8f9a'}",mock
0xe53d1a9912e8c2346b2bb71b9d9420b68b946fc8490c2ebf0bf462b6a466f330,86000,1,TicketReserved,"{'model_id': 'model_mnist_784_noniid', 'round': 9, 'ticket_id': 497, 'owner': 'acct_47'}",mock
0x280058103706e59ae7e161573aee447ee166685227fdaf5f32256a1715e08685,93000,1,UpdatePublished,"{'model_id': 'model_mnist_784_noniid', 'round': 9, 'ticket_id': 497, 'cid': 'sha256:347e59e298d4ac1081bf98293b4cee53946dd2d5838c5b9ea7a2ed06196d0004'}",mock
0xf95e9a37939d874b417e574c75355f6bd792748f056d5b0ec509b2d6b5b251a4,86000,1,TicketReserved,"{'model_id': 'model_mnist_784_noniid', 'round': 9, 'ticket_id': 498, 'owner': 'acct_48'}",mock
0x191e61abcde061338463eb0b6c08e0e59e00ec30855f841c0d17519cb97f9780,93000,1,UpdatePublished,"{'model_id': 'model_mnist_784_noniid', 'round': 9, 'ticket_id': 498, 'cid': 'sha256:b761033dafe88632b490ea097386909cd9e59d6e3be6e62b370f7be5959eeaca'}",mock
0x51a22f76bc900bcedf0a2753182dbeee17e0eb27cfe35de91ec4c496cfae59d7,86000,1,TicketReserved,"{'model_id': 'model_mnist_784_noniid', 'round': 9, 'ticket_id': 499, 'owner': 'acct_49'}",mock
0x0aab61af222dd5f668fbda60be1f7c893b5fd03e7d85e09f0f4c07d9645cad12,93000,1,UpdatePublished,"{'model_id': 'model_mnist_784_noniid', 'round': 9, 'ticket_id': 499, 'cid': 'sha256:861ba9b43b006c3aa82b3bacc59e985282a821890197fde0800fc38bc6a7a75e'}",mock
0x6c3c9b048d15c273ef5287d86db1561b27c9cd890e3b7f697e4e320dbdb31183,86000,1,TicketReserved,"{'model_id': 'model_mnist_784_noniid', 'round': 9, 'ticket_id': 500, 'owner': 'acct_50'}",mock
0x3629c687337fd916532da6780035d44aff52403cd39496a66cdeeffa3a0cd17b,93000,1,UpdatePublished,"{'model_id': 'model_mnist_784_noniid', 'round': 9, 'ticket_id': 500, 'cid': 'sha256:39fe27ae4ff70d764c4982c8fd76a321c0df3b96b1d2a6152c1bbb4e121a8090'}",mock
0xc874ad259752db9aaf79b7ee7bd15efad125edd2e3ec3b84ca46fe9486825828,985000,1,RoundFinalized,"{'model_id': 'model_mnist_784_noniid', 'round': 9, 'included': 43, 'refunds': 43}",mock
0x202c9f8463a9485d2d93c72308ecea5ea9158fdb33f5f01136b7451c1fa93243,52000,1,RoundFunded,"{'model_id': 'model_mnist_784_noniid', 'amount_wei': 10000000000000000}",mock
0x875f0c76dd50a933b676e2d6eadefe86f6cb7241ce56f95d60ad3a87865b0792,86000,1,TicketReserved,"{'model_id': 'model_mnist_784_noniid', 'round': 10, 'ticket_id': 501, 'owner': 'acct_1'}",mock
0x08a3f373e4f824e8f48312e0dfd699046c07c9e57aab90f6bb043f58520b6db9,93000,1,UpdatePublished,"{'model_id': 'model_mnist_784_noniid', 'round': 10, 'ticket_id': 501, 'cid': 'sha256:b52209a87779b72745ad57ec1aff93f4ef94f6b37f6b13d5cfda002bf4fbb0a4'}",mock
0x473c8c96864b8d14d32bfcc76cd9104be5f50660c96986424a6b8c41b5a3bc68,86000,1,TicketReserved,"{'model_id': 'model_mnist_784_noniid', 'round': 10, 'ticket_id': 502, 'owner': 'acct_2'}",mock
0xa41c01ccf5c3e8b4608abefebb8ebbb3fcfc62bd9470c1d3095f530c2ab18917,93000,1,UpdatePublished,"{'model_id': 'model_mnist_784_noniid', 'round': 10, 'ticket_id': 502, 'cid': 'sha256:e0cc12330cf6bb225c866b37e5777ebf3362410df298e92dbfb2ab81f1889af0'}",mock
0x8ff38419d0164c5e57cef0a683612e94c04d57391943baf2010d64afd9a620c9,86000,1,TicketReserved,"{'model_id': 'model_mnist_784_noniid', 'round': 10, 'ticket_id': 503, 'owner': 'acct_3'}",mock
0x35a938d2bd1c2bd1d462da538b96a5313e1b8943e4c8d4541f2ddc81f7a2016d,93000,1,UpdatePublished,"{'model_id': 'model_mnist_784_noniid', 'round': 10, 'ticket_id': 503, 'cid': 'sha256:ea7b7f11f815495b185fd6d51820c29cca58cade9e1d5a52f1d4e96db43705c6'}",mock
0x35ce2f3fc426e22664943efd95f19d0341d29749e1b9ab6d44a00a46c87d5bdf,86000,1,TicketReserved,"{'model_id': 'model_mnist_784_noniid', 'round': 10, 'ticket_id': 504, 'owner': 'acct_4'}",mock
0x5d7e3c78c15962626078aa669d031dc9fa6bf1921928f864aaf90b4e44ad0aa5,93000,1,UpdatePublished,"{'model_id': 'model_mnist_784_noniid', 'round': 10, 'ticket_id': 504, 'cid': 'sha256:dd9a3b00078d2f20d78878e3c70e709c8fc654c30439d5f538ee8668ee13a738'}",mock
0xfd9da98c10080881d89b430f2c2abb56d53d4703b271bb0ef77d1edcbb156621,86000,1,TicketReserved,"{'model_id': 'model_mnist_784_noniid', 'round': 10, 'ticket_id': 505, 'owner': 'acct_5'}",mock
0xf618d39f9df705fcb8a2be149f9fa2f293c55beb7ad404c83a80c5dd3339e6a4,93000,1,UpdatePublished,"{'model_id': 'model_mnist_784_noniid', 'round': 10, 'ticket_id': 505, 'cid': 'sha256:16592be2b09044e0c7b0e3d2b4c102b750f102a5f85e75608352a153d89d3f0a'}",mock
0xba76594f634c51c035e14c625a06fa79f73fb2950adf043ac8e5c291eb089e22,86000,1,TicketReserved,"{'model_id': 'model_mnist_784_noniid', 'round': 10, 'ticket_id': 506, 'owner': 'acct_6'}",mock
0x71a7418ff6cc938731b232ea5622ff024ff7cfc9898fa98791e441086f85dbf8,93000,1,UpdatePublished,"{'model_id': 'model_mnist_784_noniid', 'round': 10, 'ticket_id': 506, 'cid': 'sha256:b306ff6059b8f844bc8fab41694e08296e2e62890ae8f60110901d1a0b7a2ac3'}",mock
0x2e3f6a35346ade821a0fa0b6a0181c3bd87efdcdf8e576ecce081c1078fd923c,86000,1,TicketReserved,"{'model_id': 'model_mnist_784_noniid', 'round': 10, 'ticket_id': 507, 'owner': 'acct_7'}",mock
0xb3670f084e7d43928d67bba24d189f297156d623ec4b6ea9d988fb654f152a6b,93000,1,UpdatePublished,"{'model_id': 'model_mnist_784_noniid', 'round': 10, 'ticket_id': 507, 'cid': 'sha256:c41ef2bfbb012d5619d6185db24317a8ea683b30ead12ac72ab62acb475101ef'}",mock
0x27a70b648990df3ed81bffca1bd0b9c840c1f675a74fa8976395d743ddd827e0,86000,1,TicketReserved,"{'model_id': 'model_mnist_784_noniid', 'round': 10, 'ticket_id': 508, 'owner': 'acct_8'}",mock
0x96f10910e9326051c3ae077f1c845dc30a367926c101e54c7705b241ac7633c7,93000,1,UpdatePublished,"{'model_id': 'model_mnist_784_noniid', 'round': 10, 'ticket_id': 508, 'cid': 'sha256:a4c6cd726ae9859fbf0e0a77ab008e5f0e074fdbe7f117febdd04a952d420e00'}",mock
0x4ed4456f975d9dd64dd8e15e0f1b53d59703e59b50656ddfe95d794fc09ab6a0,86000,1,TicketReserved,"{'model_id': 'model_mnist_784_noniid', 'round': 10, 'ticket_id': 509, 'owner': 'acct_9'}",mock
0xf985dcdc497a5f4384b67b4b83e0fbe6a8ba1b5ed9edcb2ef4a109e11777ccf5,93000,1,UpdatePublished,"{'model_id': 'model_mnist_784_noniid', 'round': 10, 'ticket_id': 509, 'cid': 'sha256:83dcbeeecc6720e8f6f2ae4fcdff36fdef01fca04fd7a2daf34681ecd71decf4'}",mock
0x469739b4028968d77c20c90fbbab3b24bd924fc420e3459ee4873d06c8aac5fc,86000,1,TicketReserved,"{'model_id': 'model_mnist_784_noniid', 'round': 10, 'ticket_id': 510, 'owner': 'acct_10'}",mock
0x0016bd456fe9be5f0c85068bf6331567126f97a0893bdd71f25aeade9a237d84,93000,1,UpdatePublished,"{'model_id': 'model_mnist_784_noniid', 'round': 10, 'ticket_id': 510, 'cid': 'sha256:0bf20bb805dd0a6c164922e39c876ab5394aaf02941b750f25defbe04ac43f4b'}",mock
0xc97b4a201e2a60d37cce3cbb886c41eb4615681c955feeae30892214d2ae9ab7,86000,1,TicketReserved,"{'model_id': 'model_mnist_784_noniid', 'round': 10, 'ticket_id': 511, 'owner': 'acct_11'}",mock
0xaf56311f50dbbe90942931a1ef0c10b8d2b70558dede527ccdd88815a4bf292d,93000,1,UpdatePublished,"{'model_id': 'model_mnist_784_noniid', 'round': 10, 'ticket_id': 511, 'cid': 'sha256:7d99644ce05c1883892f6de4d57f891e57cc795a15c4b7d57a29e8bbe049cf9e'}",mock
0x32f68109ad6866a5f7eada10d2619da35db61b55418a4b4e7fe73033ea59ff6f,86000,1,TicketReserved,"{'model_id': 'model_mnist_784_noniid', 'round': 10, 'ticket_id': 512, 'owner': 'acct_12'}",mock
0x1f379324ffd422ac7c540a6d5f817a89df223a47225a384d8db5163cf3e3f68f,93000,1,UpdatePublished,"{'model_id': 'model_mnist_784_noniid', 'round': 10, 'ticket_id': 512, 'cid': 'sha256:400048264b00725c3860be4527d6b85fee97f5b2362c33d4bfc8e159571c1cb3'}",mock
0x097d43385f1b29cb30e7c9713f44c019a190c449ef7823a9de17ebbc5a60eba1,86000,1,TicketReserved,"{'model_id': 'model_mnist_784_noniid', 'round': 10, 'ticket_id': 513, 'owner': 'acct_13'}",mock
0xe6c1e813c8938ac8281e941f8cb26880a81240d339463f86deb49df2c0c8a795,93000,1,UpdatePublished,"{'model_id': 'model_mnist_784_noniid', 'round': 10, 'ticket_id': 513, 'cid': 'sha256:a398d9d7755cd2a440febe6f957e2a0ea83cb927220a4c3417b3ae46542f445d'}",mock
0xba967c8f03525e5982ce90da9f3eaa007c8a0c2f1d3db95c376e4f64e4e822b4,86000,1,TicketReserved,"{'model_id': 'model_mnist_784_noniid', 'round': 10, 'ticket_id': 514, 'owner': 'acct_14'}",mock
0x46337cac3ca8235c70eb57f8f4afab90850bd8fade57c918b3c6e18e2ebd601e,93000,1,UpdatePublished,"{'model_id': 'model_mnist_784_noniid', 'round': 10, 'ticket_id': 514, 'cid': 'sha256:a45a30691784191cf73e7b04d9568b95e26f66a53024d42a2c550864dd01946e'}",mock
0xc2cd6875603f91a154baacbaf5a7512e55e6edd8a1c80352bc0ae10f0f3aff44,86000,1,TicketReserved,"{'model_id': 'model_mnist_784_noniid', 'round': 10, 'ticket_id': 515, 'owner': 'acct_15'}",mock
0xea39a060ada3d8ed21d8ef67e869037d5ec42681fcfdf83f1fbf9da0ee78394e,93000,1,UpdatePublished,"{'model_id': 'model_mnist_784_noniid', 'round': 10, 'ticket_id': 515, 'cid': 'sha256:35f315fbaa6afd9014af61b79fd820b40a1de91fde52e76385e6cba423483634'}",mock
0xfb30a5ea3cc62b92b988410c97b2e70d7acbe20a3c2f5d8924d1d1a45950faee,86000,1,TicketReserved,"{'model_id': 'model_mnist_784_noniid', 'round': 10, 'ticket_id': 516, 'owner': 'acct_16'}",mock
0x7c034d511b5bdd9170e9e99171f82018620cc346dc6cde02ee2dff5226db0c95,93000,1,UpdatePublished,"{'model_id': 'model_mnist_784_noniid', 'round': 10, 'ticket_id': 516, 'cid': 'sha256:84ff05dedbca60a081cd794bf5f1ff8397fa6cf3ff012da69812f454cbc728ca'}",mock
0x877927d5cad941adeda3cce0dbc010efb93f89426dce8c0538f3def57d062851,86000,1,TicketReserved,"{'model_id': 'model_mnist_784_noniid', 'round': 10, 'ticket_id': 517, 'owner': 'acct_17'}",mock
0xbedebcbeb48e55e1fa32cce8f66108270249a589d6fae39a84db0479823dec82,93000,1,UpdatePublished,"{'model_id': 'model_mnist_784_noniid', 'round': 10, 'ticket_id': 517, 'cid': 'sha256:c40e5bb042ec2169abe783aad3f31b90707056f86fd0a827434f7c3c8982eb5f'}",mock
0x28c4aaa138c7caea4ecac5701e660965e3fef5dafbcea3b51791931b00912d2a,86000,1,TicketReserved,"{'model_id': 'model_mnist_784_noniid', 'round': 10, 'ticket_id': 518, 'owner': 'acct_18'}",mock
0x2e634b95a5ed34512f1bb6d1623cf9c6003916419fae59ea4803fe9c8cc916aa,93000,1,UpdatePublished,"{'model_id': 'model_mnist_784_noniid', 'round': 10, 'ticket_id': 518, 'cid': 'sha256:1a681195c3cf63f7e13897c84b614ab97d764447f0b70470c503884b8471a852'}",mock
0xac59652d87ca08b1db43c02b10d7548e38bfd19ca5bb5231e703863aadd1cfcb,86000,1,TicketReserved,"{'model_id': 'model_mnist_784_noniid', 'round': 10, 'ticket_id': 519, 'owner': 'acct_19'}",mock
0x1971159f652ec522f4529aaca8de797171a38ddf8ebfd6254d55b32c1497e08a,93000,1,UpdatePublished,"{'model_id': 'model_mnist_784_noniid', 'round': 10, 'ticket_id': 519, 'cid': 'sha256:ac313d4c829d781ce18612aea3bcb6b819e8969a8444c7f30a1628b987d9f98d'}",mock
0x0c04f0bbe5ff898d5e86958d91963a57db5526356fbac08b8316dce34cc4aeca,86000,1,TicketReserved,"{'model_id': 'model_mnist_784_noniid', 'round': 10, 'ticket_id': 520, 'owner': 'acct_20'}",mock
0xda0e55b8735e93fe3c280179a3d08794f5fe0a6ec2a8224d96d40f46e99e41fe,93000,1,UpdatePublished,"{'model_id': 'model_mnist_784_noniid', 'round': 10, 'ticket_id': 520, 'cid': 'sha256:0cf41c3f9810ab583d5ae037dc1ea017c89b925de0663cfc5bb8adfd8c1b71ed'}",mock
0x4dd4b118722a433e5e763d334f5c7bad8a5ac2fa078ef5b8aa27ae25c85d62b8,86000,1,TicketReserved,"{'model_id': 'model_mnist_784_noniid', 'round': 10, 'ticket_id': 521, 'owner': 'acct_21'}",mock
0x42e541c2e3c83f51c269febbc9c2f1b4de8bd23f7a095f0de41308729fc8bd61,93000,1,UpdatePublished,"{'model_id': 'model_mnist_784_noniid', 'round': 10, 'ticket_id': 521, 'cid': 'sha256:7a349a210ab83974e5c8b3440d69591302656d771449266ecf8e1d14a9c77cec'}",mock
0x40ffca26c3e3e3025120ac308d0dd54d632c270bde54125166bb0e46b709987b,86000,1,TicketReserved,"{'model_id': 'model_mnist_784_noniid', 'round': 10, 'ticket_id': 522, 'owner': 'acct_22'}",mock
0x8b5154c6e5ceda6ca10b1aa00a63fbd0c30183868fc2f879d2d4f570cfaf5b14,93000,1,UpdatePublished,"{'model_id': 'model_mnist_784_noniid', 'round': 10, 'ticket_id': 522, 'cid': 'sha256:576aeccc157b0c1f170a99cfb0dc322a974508406b573d3a42f3366584d2cb66'}",mock
0xdd0ccb251a8341988f302ae59c1508a3d8692778e6892d1fd70169b10e47977f,86000,1,TicketReserved,"{'model_id': 'model_mnist_784_noniid', 'round': 10, 'ticket_id': 523, 'owner': 'acct_23'}",mock
0xcfed5b71551af5c463ee8d7c84bef0358dc27802951f5d70eb4a594ac6531da5,93000,1,UpdatePublished,"{'model_id': 'model_mnist_784_noniid', 'round': 10, 'ticket_id': 523, 'cid': 'sha256:5d1567fd4088314eefbf5081ea3c27a46196d9a3ce4d1bf85f76fa34e1e0a3bc'}",mock
0x6415283768edb2a64404299948c6b9a6efb14a18ee709c8b89e11e25bc9a2ff8,86000,1,TicketReserved,"{'model_id': 'model_mnist_784_noniid', 'round': 10, 'ticket_id': 524, 'owner': 'acct_24'}",mock
0x97f77505f5efd0cdd65fef0158229e227beb3697c4114984bdd74541390924d6,93000,1,UpdatePublished,"{'model_id': 'model_mnist_784_noniid', 'round': 10, 'ticket_id': 524, 'cid': 'sha256:145b14c262ffa4683ba1b1122a05fc5ffc4ea04d4cffeea066f615866da7df92'}",mock
0x005fed43aaeea03e606ba33703464db93938295fdc1ab7996c0ac19ce7b549eb,86000,1,TicketReserved,"{'model_id': 'model_mnist_784_noniid', 'round': 10, 'ticket_id': 525, 'owner': 'acct_25'}",mock
0xd761d440a884e854a088dcbbf198042a8cc089400838ec2845e2862ae5a1d7fc,93000,1,UpdatePublished,"{'model_id': 'model_mnist_784_noniid', 'round': 10, 'ticket_id': 525, 'cid': 'sha256:264519212cff2125b86b1fac1834f5b0398f43052e06c6391055267603c99b8c'}",mock
0xfa9b31d74dca4589b7ace2b94a28041a94de0e67667894cc10a5088540ce5017,86000,1,TicketReserved,"{'model_id': 'model_mnist_784_noniid', 'round': 10, 'ticket_id': 526, 'owner': 'acct_26'}",mock
0xe7b4b278f5c87cae21584c347013252b8173021a36bc3000e218c05d7147022e,93000,1,UpdatePublished,"{'model_id': 'model_mnist_784_noniid', 'round': 10, 'ticket_id': 526, 'cid': 'sha256:1e4956514442420199cf5d82a3dc39e90d764e0fd87cac45a855f6d1c2f928e6'}",mock
0x812bf6df8b6953a8c10bb1d6ed0bdce0617ddd4f92e1799d3d16360ed36e2d40,86000,1,TicketReserved,"{'model_id': 'model_mnist_784_noniid', 'round': 10, 'ticket_id': 527, 'owner': 'acct_27'}",mock
0x3f8b931b2db0bd26b1c6398312ea076aebb1efe399be28f2162d727b47053f64,93000,1,UpdatePublished,"{'model_id': 'model_mnist_784_noniid', 'round': 10, 'ticket_id': 527, 'cid': 'sha256:7538a3b6e7199aab05746de1df6f6e72590697d0c5b122d0d5c39dd9a19b87dc'}",mock
0x62dff9a6446aa5490011f4208e5406b561786790e7624a62e23f93aa21715367,86000,1,TicketReserved,"{'model_id': 'model_mnist_784_noniid', 'round': 10, 'ticket_id': 528, 'owner': 'acct_28'}",mock
0xd973b3d42750bbfed5f35b92ff6c3e7cd6301339d5872e19c8506c73f6bdf0bf,93000,1,UpdatePublished,"{'model_id': 'model_mnist_784_noniid', 'round': 10, 'ticket_id': 528, 'cid': 'sha256:5bd34b5046659202266034075e9b05b0ca4d6e49eae1c4ea4ca9415152d4e829'}",mock
0xdb87c42248f31187c65ce42aefe87abf0ea0d384c09186b6ffe2ed4435e6c935,86000,1,TicketReserved,"{'model_id': 'model_mnist_784_noniid', 'round': 10, 'ticket_id': 529, 'owner': 'acct_29'}",mock
0xf44468c78d405df1a19b0480dcc4824fb876e12fc9049f25b995ba3437307595,93000,1,UpdatePublished,"{'model_id': 'model_mnist_784_noniid', 'round': 10, 'ticket_id': 529, 'cid': 'sha256:91ad78a9de096d350fa7ff065d5e8b31fbcb3f1af4e7ca23ca24535160826545'}",mock
0x1228260b0ee458e2cbcfb53a54465c447a6015a59e515adca82207423e0ba796,86000,1,TicketReserved,"{'model_id': 'model_mnist_784_noniid', 'round': 10, 'ticket_id': 530, 'owner': 'acct_30'}",mock
0xb94a60def3a3df21d7a083c4fe73ab03a9d0a7a2cc546635de15074d96e0b906,93000,1,UpdatePublished,"{'model_id': 'model_mnist_784_noniid', 'round': 10, 'ticket_id': 530, 'cid': 'sha256:f611359dac902e2cac9cfaab76c095490f6c14964076b4b8f069e5d3c830b6eb'}",mock
0x98765f69d75e7f300541ebd4112668d5ed1326374f49301bd1e86771283c0888,86000,1,TicketReserved,"{'model_id': 'model_mnist_784_noniid', 'round': 10, 'ticket_id': 531, 'owner': 'acct_31'}",mock
0xb2ed3ba353bdf2d56049d3a3ae42d2a1e251cf4389fde6533a58586bb9e778e7,93000,1,UpdatePublished,"{'model_id': 'model_mnist_784_noniid', 'round': 10, 'ticket_id': 531, 'cid': 'sha256:de8a6367bb20747bfc8ce7bd87877148552a27573a698ad85b62c71364fc3018'}",mock
0x3c7caed3cf789119474081a7c52cb933315ff7e950e741ec5cb64007344ad89e,86000,1,TicketReserved,"{'model_id': 'model_mnist_784_noniid', 'round': 10, 'ticket_id': 532, 'owner': 'acct_32'}",mock
0xd13ede4ba8b0200e0090a38dfb2b9472bd85430d1a57a5e22a55ed46d55f4d8e,93000,1,UpdatePublished,"{'model_id': 'model_mnist_784_noniid', 'round': 10, 'ticket_id': 532, 'cid': 'sha256:1dd50d080f582b9b0ffdee5bd407b52ba5a15c22124b7840f00474c88d2fb129'}",mock
0xdcbb8cfc8eed30f543bdb4b76d09c2bbd9d77b0db01fcc476181158802343ff4,86000,1,TicketReserved,"{'model_id': 'model_mnist_784_noniid', 'round': 10, 'ticket_id': 533, 'owner': 'acct_33'}",mock
0x4d1dee434c60e46a9d8473bf857000f09d2bb29eb0afc7387499139f689e2f04,93000,1,UpdatePublished,"{'model_id': 'model_mnist_784_noniid', 'round': 10, 'ticket_id': 533, 'cid': 'sha256:49f4a9a523cad9d6bd8347a5aa8f7bb452cf7afba5c96bc261bf1d77f2f8b061'}",mock
0xa1bd15040b0cbafe220f3bc467120fcc464b64c50ccde89edf4e8983ea2621d8,86000,1,TicketReserved,"{'model_id': 'model_mnist_784_noniid', 'round': 10, 'ticket_id': 534, 'owner': 'acct_34'}",mock
0x0aed0347bb3439a12ec817868c66c25bed223623f2938fb4f6ddb5f1c2af037a,93000,1,UpdatePublished,"{'model_id': 'model_mnist_784_noniid', 'round': 10, 'ticket_id': 534, 'cid': 'sha256:49c45f7f7bbfa0ed2925bab1d5df7a5c435597d18937efe5dfcf975c5768c2ee'}",mock
0xb2149d51496ea065f30f4e41978a1e8d7f1ccf0ee45edab6aecc4a1510933003,86000,1,TicketReserved,"{'model_id': 'model_mnist_784_noniid', 'round': 10, 'ticket_id': 535, 'owner': 'acct_35'}",mock
0x65efa941c172afc90226aeb2627d141d21a7965c830ce92e8f1f4e76c6749c16,93000,1,UpdatePublished,"{'model_id': 'model_mnist_784_noniid', 'round': 10, 'ticket_id': 535, 'cid': 'sha256:967417cda58a8a74c823eb5b2a6eb6d41457594d3b542dd4a6a5e69d23ff92fd'}",mock
0xfa49a15bc56d75561778bce88288abe6f8b1d5934cd5e40a44ea53ceae5fcd43,86000,1,TicketReserved,"{'model_id': 'model_mnist_784_noniid', 'round': 10, 'ticket_id': 536, 'owner': 'acct_36'}",mock
0xc4a342a962d0f3fc88c58130f17cd38f4368bf72d8b7be7a5c736c1ef1103add,93000,1,UpdatePublished,"{'model_id': 'model_mnist_784_noniid', 'round': 10, 'ticket_id': 536, 'cid': 'sha256:e161038cbe2355224cb7b93ca1a856e3d848aeab787f6ea7c5510dcff8b4bd25'}",mock
0xbff13246aaa929f921018cbe0e404a86ff4fefafbb8bc8183e4b30c8be279b4a,86000,1,TicketReserved,"{'model_id': 'model_mnist_784_noniid', 'round': 10, 'ticket_id': 537, 'owner': 'acct_37'}",mock
0x426643ae9bb82be4083eebd15fe7de69f5b237967332531fca95d0ef31b667b6,93000,1,UpdatePublished,"{'model_id': 'model_mnist_784_noniid', 'round': 10, 'ticket_id': 537, 'cid': 'sha256:878899ef0ca5be615a3cb2fcebf7caa722c0797c37a1ec38cd43e60d0cbcdc2f'}",mock
0x24695f00cbee9d0c61212d888250cb54fba96a5b3e4acddf088b88612679dbc8,86000,1,TicketReserved,"{'model_id': 'model_mnist_784_noniid', 'round': 10, 'ticket_id': 538, 'owner': 'acct_38'}",mock
0x1d2cbbb5eac3b0f2169c1cfa3bdb084f0819af1b471f69902338bf74eded88eb,93000,1,UpdatePublished,"{'model_id': 'model_mnist_784_noniid', 'round': 10, 'ticket_id': 538, 'cid': 'sha256:2977561954faa8210c969aea2eca58ef209db9c5531a6415148238bd16785b5f'}",mock
0x316ecb578049321ae46abbe1385407c66bc32b243cfeef90648eab65bf754ca5,86000,1,TicketReserved,"{'model_id': 'model_mnist_784_noniid', 'round': 10, 'ticket_id': 539, 'owner': 'acct_39'}",mock
0x9829618a4624b24fdcb8aae3b6d0d02cef0fbd5392a5eb61a9feeb62c8bd6121,93000,1,UpdatePublished,"{'model_id': 'model_mnist_784_noniid', 'round': 10, 'ticket_id': 539, 'cid': 'sha256:7b29f58608b738735207a5c8731570fb59be853a060f109b9fa0a88541d4864d'}",mock
0x5f86315195ae41c5f523473a712cd94ae549e9579e579e04ecf3e3bb50323620,86000,1,TicketReserved,"{'model_id': 'model_mnist_784_noniid', 'round': 10, 'ticket_id': 540, 'owner': 'acct_40'}",mock
0xe351dd8a765db50ece1c198cb625c9b172f22a469da5ed55ee96322c6e346d41,93000,1,UpdatePublished,"{'model_id': 'model_mnist_784_noniid', 'round': 10, 'ticket_id': 540, 'cid': 'sha256:95dd512a4fa9fe5df2d90eab43f9e3b6c66cace3af1051029d17d9f18ec05ffd'}",mock
0xdfd3a96460610cdc4268a0be763af3f0ef65d1bf8162c2e061ee4e58fdc92ee9,86000,1,TicketReserved,"{'model_id': 'model_mnist_784_noniid', 'round': 10, 'ticket_id': 541, 'owner': 'acct_41'}",mock
0xef5565ba1187280113706cc7b8ceef86abc60544ec8baa53ee0eca923aaaaa3f,93000,1,UpdatePublished,"{'model_id': 'model_mnist_784_noniid', 'round': 10, 'ticket_id': 541, 'cid': 'sha256:09870040176ae5d3f9b24b7943807f69e2aa67fcb3d9f196a8322d05ba6b04f3'}",mock
0x259e3014624113d86763d52447039418614fae92fec307f7dbc218ce3289739c,86000,1,TicketReserved,"{'model_id': 'model_mnist_784_noniid', 'round': 10, 'ticket_id': 542, 'owner': 'acct_42'}",mock
0x74e4bb01092124f7cf897f48c1c20e23dbe8d37e39ddc6e44ed852f9c4137ca5,93000,1,UpdatePublished,"{'model_id': 'model_mnist_784_noniid', 'round': 10, 'ticket_id': 542, 'cid': 'sha256:798d21a323892c2476600529d9116c89836421129000e9ebaf0ef2a7b0fac04a'}",mock
0xc9833e75de473968a92c236dd63a2d58d28ef4335df6b9a17606afdea9301f93,86000,1,TicketReserved,"{'model_id': 'model_mnist_784_noniid', 'round': 10, 'ticket_id': 543, 'owner': 'acct_43'}",mock
0x1b80dfee1e349e6712a79995477a2caba3126832d83080ce2f44f7aa3ca57110,93000,1,UpdatePublished,"{'model_id': 'model_mnist_784_noniid', 'round': 10, 'ticket_id': 543, 'cid': 'sha256:61099af39e6ceed4291e3c177fdc04f1f2c337a7bacfa1292c2016147da2876f'}",mock
0xd71c18cd9cc8cad2ba9a4fed633ed0e9f399baa9651345ed612f76c9ed425c20,86000,1,TicketReserved,"{'model_id': 'model_mnist_784_noniid', 'round': 10, 'ticket_id': 544, 'owner': 'acct_44'}",mock
0xeb8b9d669c120a2e52e95393fda6b02d29eb02de69e04dc1fdae08c8aef9a3e0,93000,1,UpdatePublished,"{'model_id': 'model_mnist_784_noniid', 'round': 10, 'ticket_id': 544, 'cid': 'sha256:f121f7d71e403e9475befb9069f36f87052b3ad6ec1280b5eb7c8f45ed71614e'}",mock
0x283ee33d5eaacd27e06cab2b63bc1127f840cc1caa6043a38b595964f371297e,86000,1,TicketReserved,"{'model_id': 'model_mnist_784_noniid', 'round': 10, 'ticket_id': 545, 'owner': 'acct_45'}",mock
0x8234232f8ab2a9ee295fc8064139e44efbd3d3d8a729d7fa19725c7aae7a0b66,93000,1,UpdatePublished,"{'model_id': 'model_mnist_784_noniid', 'round': 10, 'ticket_id': 545, 'cid': 'sha256:fb784f36bf2c2191a91e0198a6a68e7dd1c78867aad051748d65434537632b16'}",mock
0x3e70149b9fc8b18504071b9288a2752e32adb7057e90aad6c84ceb92c375da16,86000,1,TicketReserved,"{'model_id': 'model_mnist_784_noniid', 'round': 10, 'ticket_id': 546, 'owner': 'acct_46'}",mock
0x9aa1d334f862217b506d1e246c1b777e9cd41747298b8ae47574fb77b811b268,93000,1,UpdatePublished,"{'model_id': 'model_mnist_784_noniid', 'round': 10, 'ticket_id': 546, 'cid': 'sha256:ed82ae96db6339a2a745ce44fa142d25baf7a46dbf47194ea6d927d715356b0b'}",mock
0x6aad107f8a7e398de9b7e7b1d98234d670d5aba68eaca20b10fa254f9bd81b11,86000,1,TicketReserved,"{'model_id': 'model_mnist_784_noniid', 'round': 10, 'ticket_id': 547, 'owner': 'acct_47'}",mock
0x4e3906c6d506d5eb75a72df89f476bd356f1f422f14b72b6cadaeb075466ae5e,93000,1,UpdatePublished,"{'model_id': 'model_mnist_784_noniid', 'round': 10, 'ticket_id': 547, 'cid': 'sha256:ecdca0dd8230ea97df6d6008d14d8107028e5cb28fc610e0089c4a369ed95820'}",mock
0x92a603203e5abff3cb7a427c5122e25711920ad03ce903954b76822254f36896,86000,1,TicketReserved,"{'model_id': 'model_mnist_784_noniid', 'round': 10, 'ticket_id': 548, 'owner': 'acct_48'}",mock
0x60fa02c8d18d7b4323f1574491be9e35d18a22838a69f76334c7a0caa21526ca,93000,1,UpdatePublished,"{'model_id': 'model_mnist_784_noniid', 'round': 10, 'ticket_id': 548, 'cid': 'sha256:25e583c28a3a9c061bcaa53d6db088bc2f693e0320f4f55cb24998c134e720a1'}",mock
0xd7d4935048c96f7a7778b75c41188ec147f7801e1ca1df8e9c44b1c4f4215c96,86000,1,TicketReserved,"{'model_id': 'model_mnist_784_noniid', 'round': 10, 'ticket_id': 549, 'owner': 'acct_49'}",mock
0xf4fdbe3b5fb64041e967dfd1dc9391f602ee436f25552415958891a363993520,93000,1,UpdatePublished,"{'model_id': 'model_mnist_784_noniid', 'round': 10, 'ticket_id': 549, 'cid': 'sha256:c70e1885d8a38ce3cd66af809edd836eba9b7e290b9a6a2a231f49f142b20556'}",mock
0x848daebe089f6738a99d30a76619f98015e909be03ea763de950ece1dc0290a2,86000,1,TicketReserved,"{'model_id': 'model_mnist_784_noniid', 'round': 10, 'ticket_id': 550, 'owner': 'acct_50'}",mock
0x9369e45ca8165abf43945d09b037968a60466601e96bfe4effb078e1e04e7855,93000,1,UpdatePublished,"{'model_id': 'model_mnist_784_noniid', 'round': 10, 'ticket_id': 550, 'cid': 'sha256:4f05697d14b1fad96bd613de06bc723c621d3774e3cbabb5f78774103f5393c4'}",mock
0x9c15ff0528b4ea9e15e989f824d9699a845050d8f26655a89eed92db1fe36a72,845000,1,RoundFinalized,"{'model_id': 'model_mnist_784_noniid', 'round': 10, 'included': 36, 'refunds': 36}",mock
0x536d8f5d4ff59526776a14afbd4e8d95244ae0d52c3d15b416b2f5635f17c48d,52000,1,RoundFunded,"{'model_id': 'model_mnist_784_noniid', 'amount_wei': 10000000000000000}",mock
0x002415f51041305e157c3cda22e7c80fe40d388014a2650089576447c3781b9d,86000,1,TicketReserved,"{'model_id': 'model_mnist_784_noniid', 'round': 11, 'ticket_id': 551, 'owner': 'acct_1'}",mock
0x119ee42b19dad3a9919ffcaf78ad3fcda38c4f6b9fdebce8419042e0ac0b39e9,93000,1,UpdatePublished,"{'model_id': 'model_mnist_784_noniid', 'round': 11, 'ticket_id': 551, 'cid': 'sha256:80edc889000790094c6e9c2122017074f65ae632c9fa0c26cad4153f7a07239d'}",mock
0xd59d725438062d511be603a5f4a14af4e07333122d72ffdcecac14185eeb87bd,86000,1,TicketReserved,"{'model_id': 'model_mnist_784_noniid', 'round': 11, 'ticket_id': 552, 'owner': 'acct_2'}",mock
0xe01d2e199972e5f4b3148aa2ffbf838ecea842e115e53a13c7e941b4a2285028,93000,1,UpdatePublished,"{'model_id': 'model_mnist_784_noniid', 'round': 11, 'ticket_id': 552, 'cid': 'sha256:8238af6dbb62350ec24f053423c5c3b5d94d562df6baa81e7a06fc1e8ff30751'}",mock
0x2b41d42ed7e1491d43815b455f5d79b10984cd942bbc436329dc4cfbdfaa1d1e,86000,1,TicketReserved,"{'model_id': 'model_mnist_784_noniid', 'round': 11, 'ticket_id': 553, 'owner': 'acct_3'}",mock
0x72eec9d8aad241a1b6269becd454bdb098855bff72fe53444d078a347d4478ca,93000,1,UpdatePublished,"{'model_id': 'model_mnist_784_noniid', 'round': 11, 'ticket_id': 553, 'cid': 'sha256:8026a95958af973811cb5f61fdad8d47182a6c220bf01f57faf84424a1346785'}",mock
0x2448857856bdbca0348073f5fb9c625ced7e2460ca54f84a37a81bac985c5823,86000,1,TicketReserved,"{'model_id': 'model_mnist_784_noniid', 'round': 11, 'ticket_id': 554, 'owner': 'acct_4'}",mock
0x539bbbd5d494a5e88b42735a7ffc972057feada531eec2daf71cdd5909ea463f,93000,1,UpdatePublished,"{'model_id': 'model_mnist_784_noniid', 'round': 11, 'ticket_id': 554, 'cid': 'sha256:620dfe5f81ea9d7a90c1843ac44b1aa83a9fab1ba91c881856847bc32db8a16f'}",mock
0xd51779fa4e29f4266d1c39519e02e53253fe60b3e2ebb2a28ccab3495c0b0649,86000,1,TicketReserved,"{'model_id': 'model_mnist_784_noniid', 'round': 11, 'ticket_id': 555, 'owner': 'acct_5'}",mock
0xe22e7da7f07a24348aa3d91ab57da083f2b9fe5cbb87abd14e02b23210796901,93000,1,UpdatePublished,"{'model_id': 'model_mnist_784_noniid', 'round': 11, 'ticket_id': 555, 'cid': 'sha256:3d35d6d0445d2b252112eeb2fa5758eb430e2d40d66dd97efd6343db9ddcf224'}",mock
0xf5078e52e05fb6026978e702a98d98a4bd0d1bfe749828ca96df51129f65dcec,86000,1,TicketReserved,"{'model_id': 'model_mnist_784_noniid', 'round': 11, 'ticket_id': 556, 'owner': 'acct_6'}",mock
0x962aa50a3382046bfd0c8199d8bdaf3165af79b9dda242d301e7056baa5185a1,93000,1,UpdatePublished,"{'model_id': 'model_mnist_784_noniid', 'round': 11, 'ticket_id': 556, 'cid': 'sha256:b30d477af71d8a80cf35751ebe84e4e570edd37853b664e0d7e1e3bd61ed0380'}",mock
0xbb30e187d30f3005cb1870ef8a75b080fa8cdf4f6b1fff9f39da98b8f5429933,86000,1,TicketReserved,"{'model_id': 'model_mnist_784_noniid', 'round': 11, 'ticket_id': 557, 'owner': 'acct_7'}",mock
0x4e61aecf4d416942b3643bc270c2ef8c02bad6c775d84ff2b6174aa3f2c803e9,93000,1,UpdatePublished,"{'model_id': 'model_mnist_784_noniid', 'round': 11, 'ticket_id': 557, 'cid': 'sha256:9047a042309dd2d8303f0f2f077cf9775db00f72fcacd2b712a4b6c1a6f4ed80'}",mock
0xf62ce0cd415d03f4c058431fd54f575e66ad56779118fab95627478736a7d031,86000,1,TicketReserved,"{'model_id': 'model_mnist_784_noniid', 'round': 11, 'ticket_id': 558, 'owner': 'acct_8'}",mock
0x41609ecf4a8ce2d059b7a94fc0d7a7dd3b7f1a1bcac6ef7588ef8c575c9ba57e,93000,1,UpdatePublished,"{'model_id': 'model_mnist_784_noniid', 'round': 11, 'ticket_id': 558, 'cid': 'sha256:57f01d673738688d5ae86982c984c8c66c4887d66e07d78abbc6ce42abb4ff50'}",mock
0xec4a2922caa32420cb90aa3c9cdc71efd56d05abf595867240d96f0365f2bb51,86000,1,TicketReserved,"{'model_id': 'model_mnist_784_noniid', 'round': 11, 'ticket_id': 559, 'owner': 'acct_9'}",mock
0xdda35d95c2877b7226116419df5ed089e23356783e0efe809fc875e2b060fd8e,93000,1,UpdatePublished,"{'model_id': 'model_mnist_784_noniid', 'round': 11, 'ticket_id': 559, 'cid': 'sha256:a2b9d6a014733a7733fe284775ca1e923c84f035c4bd1388efef8d45d646733d'}",mock
0x9a24f6d42b23be7f01192f0739048ebb189ca718b1aa4bf1cee955f690ec35b7,86000,1,TicketReserved,"{'model_id': 'model_mnist_784_noniid', 'round': 11, 'ticket_id': 560, 'owner': 'acct_10'}",mock
0x89284e60a788c2fc6b212b54495dca4b911cf828584d19bb4e48fb0684698686,93000,1,UpdatePublished,"{'model_id': 'model_mnist_784_noniid', 'round': 11, 'ticket_id': 560, 'cid': 'sha256:deffff2421bf26b95496122609864f3a84eec9ac92b944cd98df7119ff902797'}",mock
0x539ea12aa3ee27d195c1bdf60f79e1929d5eacca29eaab93d21f17fc5d63126a,86000,1,TicketReserved,"{'model_id': 'model_mnist_784_noniid', 'round': 11, 'ticket_id': 561, 'owner': 'acct_11'}",mock
0x9b01338fcc3534e5ab1762a1b53832e6016f848945af35b505672487f4202106,93000,1,UpdatePublished,"{'model_id': 'model_mnist_784_noniid', 'round': 11, 'ticket_id': 561, 'cid': 'sha256:6709dae6680ccf0a6bec30571ef6b7158ec77f451c87eb192f9f312a86ee956b'}",mock
0xe299356fff3a8a2925a607afcbf25cb187ef7ae188eb1c84d9d4487f2148f93f,86000,1,TicketReserved,"{'model_id': 'model_mnist_784_noniid', 'round': 11, 'ticket_id': 562, 'owner': 'acct_12'}",mock
0x10b694b08da2e0b5ec97c79f77f98cb9088d81c032a44337611ba9c1a649cc35,93000,1,UpdatePublished,"{'model_id': 'model_mnist_784_noniid', 'round': 11, 'ticket_id': 562, 'cid': 'sha256:de3d7ef00a31e18f0600c147f2a4fdd54e05e2c5f2e2a2550d6b3cb1b69f6032'}",mock
0x6ae9612a3b6291aaa73fd3585d23290dc745b8f0cdb0e51239c24f2621d7a0c5,86000,1,TicketReserved,"{'model_id': 'model_mnist_784_noniid', 'round': 11, 'ticket_id': 563, 'owner': 'acct_13'}",mock
0xd12bc065016379ca17e18f641f567d29527ef7251dfd132da20c15941ed8c952,93000,1,UpdatePublished,"{'model_id': 'model_mnist_784_noniid', 'round': 11, 'ticket_id': 563, 'cid': 'sha256:9dab78ba97dc3639898125697fe744ebcb94d150236342351bf14dc59ee2e516'}",mock
0xbaf6839e3262d2a5707667afbcfa05a04da5857c4d7fa903cb8293fec7ddf682,86000,1,TicketReserved,"{'model_id': 'model_mnist_784_noniid', 'round': 11, 'ticket_id': 564, 'owner': 'acct_14'}",mock
0xb41fc80eefa05756bfe5cc38b6a4b5ee17edb57a6b17b280b2e66befaea769ce,93000,1,UpdatePublished,"{'model_id': 'model_mnist_784_noniid', 'round': 11, 'ticket_id': 564, 'cid': 'sha256:2c4deba30a0663148d66543eb5c6ce5711bf68436a7856a97db893fb947f0f94'}",mock
0xadb34e781abac1bb5c5d1e37fb5d9b6ccadeb543df53581394a3819dbd1201d6,86000,1,TicketReserved,"{'model_id': 'model_mnist_784_noniid', 'round': 11, 'ticket_id': 565, 'owner': 'acct_15'}",mock
0xe147adff6659c6c9898e01f3a493ba2cce6fa3902fb8416d96230642f0bad0d7,93000,1,UpdatePublished,"{'model_id': 'model_mnist_784_noniid', 'round': 11, 'ticket_id': 565, 'cid': 'sha256:c30603082ab171ec501fe2b9c6eac95cd64923818d06eacb9df85e1f2798c745'}",mock
0x38a2725349c97fc2528e38b98c50e57bdba0c16680da23abe5ab01a59e2f2584,86000,1,TicketReserved,"{'model_id': 'model_mnist_784_noniid', 'round': 11, 'ticket_id': 566, 'owner': 'acct_16'}",mock
0x2cd32209d3cec64d684817a652edc0fc396115d16331d298e7a241677dd8226f,93000,1,UpdatePublished,"{'model_id': 'model_mnist_784_noniid', 'round': 11, 'ticket_id': 566, 'cid': 'sha256:f57246da210577bc4cdf2218b8d7034eb276c7f73e575a2d31c25891741d44f5'}",mock
0xececd2b28cb7482ae84b713b40de82245937788a53cd32efba59f110ba69dc58,86000,1,TicketReserved,"{'model_id': 'model_mnist_784_noniid', 'round': 11, 'ticket_id': 567, 'owner': 'acct_17'}",mock
0x6e2fde6e9229a1d56851f22a6585b79e90ee5a9d64b8ee397c32c2503906b83e,93000,1,UpdatePublished,"{'model_id': 'model_mnist_784_noniid', 'round': 11, 'ticket_id': 567, 'cid': 'sha256:67b39945b747f9ec3a4cd6ee374ee18752b69f80777f242ca2eb694f77e478eb'}",mock
0xb6799a468b1a68489dbee2e9d339d0fa8ad18eee8e316ad10fff8bdb7fc69208,86000,1,TicketReserved,"{'model_id': 'model_mnist_784_noniid', 'round': 11, 'ticket_id': 568, 'owner': 'acct_18'}",mock
0x3c6be9a78ebbd1434e1d621081c4823c4bc888154291ae84547ad504dea9d096,93000,1,UpdatePublished,"{'model_id': 'model_mnist_784_noniid', 'round': 11, 'ticket_id': 568, 'cid': 'sha256:104562cbb9aadaf082426d22133b11d9343cb8904fc6280918bcdccb08e123e0'}",mock
0xe35bf58b581d836f04c9b95ec86c16f52ee4710bf792dc0535d63580306502b0,86000,1,TicketReserved,"{'model_id': 'model_mnist_784_noniid', 'round': 11, 'ticket_id': 569, 'owner': 'acct_19'}",mock
0xb48deaefef8a966a64224531258578dc12f3598c5178d3280b4e5bec0b2b6ef8,93000,1,UpdatePublished,"{'model_id': 'model_mnist_784_noniid', 'round': 11, 'ticket_id': 569, 'cid': 'sha256:1c0ecf5f61476b72e4191955b21b537028ab069fc2bb00027d51e22b30daae49'}",mock
0x5b47c1e7d0c89e3484376f4448bc35c58aa01e89754784744c6f9bb28450e71f,86000,1,TicketReserved,"{'model_id': 'model_mnist_784_noniid', 'round': 11, 'ticket_id': 570, 'owner': 'acct_20'}",mock
0xf35b7ca4b1b3537c491062d1890d83ea267f99aaa653770643e1f725132d4193,93000,1,UpdatePublished,"{'model_id': 'model_mnist_784_noniid', 'round': 11, 'ticket_id': 570, 'cid': 'sha256:57be3014368e59b8b871d61273e073c2cff5810765886825fb5fc0958a8406a6'}",mock
0x9ac8e1d8db1205a7e7d9e68310ea05c382219c58c6f40229a8e1de5db717d065,86000,1,TicketReserved,"{'model_id': 'model_mnist_784_noniid', 'round': 11, 'ticket_id': 571, 'owner': 'acct_21'}",mock
0x5f6cb1686903df9ba5e852667c9e3ae2f94320dfb5a59579ef1833c0b192c683,93000,1,UpdatePublished,"{'model_id': 'model_mnist_784_noniid', 'round': 11, 'ticket_id': 571, 'cid': 'sha256:28fc16c75e135663bb004745a69f94df87f1e0b618349f7084dacfb9c62086f1'}",mock
0x34f309a4795811cc68a7693b0f6a6318677ae5c4bf5b85a7a4d43c7ebf48cf07,86000,1,TicketReserved,"{'model_id': 'model_mnist_784_noniid', 'round': 11, 'ticket_id': 572, 'owner': 'acct_22'}",mock
0x597bb737403b9fab19dc25150537253a1a2fb486b4392a6cf917442fafd09eaa,93000,1,UpdatePublished,"{'model_id': 'model_mnist_784_noniid', 'round': 11, 'ticket_id': 572, 'cid': 'sha256:caa672c41ca730a40d4cb2425250fdd226c4050f42188d8f99bd1eac2a8e3ad0'}",mock
0x8f49dc11056213007b2d26cdba21a4168691de6877139a84a2caea915d312f72,86000,1,TicketReserved,"{'model_id': 'model_mnist_784_noniid', 'round': 11, 'ticket_id': 573, 'owner': 'acct_23'}",mock
0xf5889d66df6a9182fb6381457adcc3d8e5c4db6ed5a3db1468e0d098338f9642,93000,1,UpdatePublished,"{'model_id': 'model_mnist_784_noniid', 'round': 11, 'ticket_id': 573, 'cid': 'sha256:7c748d3c185cd10c695404c46cdcb120af10130199a4d545bdb5c6c856f3a45b'}",mock
0x738093fa9b54bd4b6b661a3cdf8b5d38e1dde71853a5d0e3b255e0ebd0e57e96,86000,1,TicketReserved,"{'model_id': 'model_mnist_784_noniid', 'round': 11, 'ticket_id': 574, 'owner': 'acct_24'}",mock
0xb21ea4cb57e07bf61835a408a1d5d2fc5f2075fa91d7e273a90a2f46dece59c1,93000,1,UpdatePublished,"{'model_id': 'model_mnist_784_noniid', 'round': 11, 'ticket_id': 574, 'cid': 'sha256:8ca66b7823070cbc3fe8065b01b2406468bd9fa6aff27a401d293ebb11542c6c'}",mock
0x9338b2e2b9573023b167200e6887886b1f1473f4d89c347c0d06ab10e4d082a7,86000,1,TicketReserved,"{'model_id': 'model_mnist_784_noniid', 'round': 11, 'ticket_id': 575, 'owner': 'acct_25'}",mock
0xaed66f72c407807d32da2dbb1c82aa20d1fc09be0508f0325705fb1a5c6a7b05,93000,1,UpdatePublished,"{'model_id': 'model_mnist_784_noniid', 'round': 11, 'ticket_id': 575, 'cid': 'sha256:608921112ed753e00742a5764fe5368cea0e3b4cf83900c85f7617cea494e228'}",mock
0x55a57b28a16c50ec3f6e659bfbfdca7695a18e5965d349ca02d6c1e3257c782a,86000,1,TicketReserved,"{'model_id': 'model_mnist_784_noniid', 'round': 11, 'ticket_id': 576, 'owner': 'acct_26'}",mock
0x4cc83ce0947c8f0fe2be4f7ce9e5aa67b9040cb0b04d278f16a45c5a1f5b4e25,93000,1,UpdatePublished,"{'model_id': 'model_mnist_784_noniid', 'round': 11, 'ticket_id': 576, 'cid': 'sha256:16b2d1304c3d3d0249967d745fab33c8364f77038a122331577c04153654188a'}",mock
0x017d0bf210ad2165da13871f2409a6e7485d1fd967d720b9e10ee775265a15b9,86000,1,TicketReserved,"{'model_id': 'model_mnist_784_noniid', 'round': 11, 'ticket_id': 577, 'owner': 'acct_27'}",mock
0x5888833ef7b2f60b7d4727796acecad2ad9aee1f0fcaaa09cb48c67435c18297,93000,1,UpdatePublished,"{'model_id': 'model_mnist_784_noniid', 'round': 11, 'ticket_id': 577, 'cid': 'sha256:990a194bcc3497db674ee1666c84cdacff70bcc0f36341a39d7892c89cc99f87'}",mock
0x97dbd24330112e2f9c3717241b48b3ba9dd9c4670a40cc64b418c63a631dc8f4,86000,1,TicketReserved,"{'model_id': 'model_mnist_784_noniid', 'round': 11, 'ticket_id': 578, 'owner': 'acct_28'}",mock
0x0e57d90ea86d6c0c1a8dd0b2eaf8ca4f10deeff6b16ddb43e8637e2e40d999ef,93000,1,UpdatePublished,"{'model_id': 'model_mnist_784_noniid', 'round': 11, 'ticket_id': 578, 'cid': 'sha256:a3650bf070bbecca3d32f04b91251e1855ba115690bfecb11bc5d3ebdbf10067'}",mock
0xd252ec5e0bfad401f41a4b279062188bb1d58fa31e8b827ebc172383eb48de87,86000,1,TicketReserved,"{'model_id': 'model_mnist_784_noniid', 'round': 11, 'ticket_id': 579, 'owner': 'acct_29'}",mock
0x45b2a2e083e1c246b6151b741b6ae856fe2c30a61481748f25dafc7a747efd14,93000,1,UpdatePublished,"{'model_id': 'model_mnist_784_noniid', 'round': 11, 'ticket_id': 579, 'cid': 'sha256:6f6328ed3af48a1bb4ebdd0d937ecf18ccf797ffd34fcc7b8c450692eebbc23a'}",mock
0x511061fb450b6d0698e2a80f590ba2f990d976abeb3f34e4d83a019bddb2fdbb,86000,1,TicketReserved,"{'model_id': 'model_mnist_784_noniid', 'round': 11, 'ticket_id': 580, 'owner': 'acct_30'}",mock
0x8abb55feaf9e0849f8951f650b2aba3fb4773b0fcca36d560c2df4eaf885935f,93000,1,UpdatePublished,"{'model_id': 'model_mnist_784_noniid', 'round': 11, 'ticket_id': 580, 'cid': 'sha256:0027ecfe3da771f7794190d2eba507fc73d1409bfb6cd489f9fb36f7ce79ca39'}",mock
0xa19a5d5a73f7ef9c794f19cb265ec9e38eb2261a5bcecd1d93fd53c56430220b,86000,1,TicketReserved,"{'model_id': 'model_mnist_784_noniid', 'round': 11, 'ticket_id': 581, 'owner': 'acct_31'}",mock
0x7b67009141008342f7cd7aee86e029987ceab532fe1d5ea76ee4d31e08ac6d83,93000,1,UpdatePublished,"{'model_id': 'model_mnist_784_noniid', 'round': 11, 'ticket_id': 581, 'cid': 'sha256:adbec8d99d205fdd140116f0a03979a35b8971101ed84c8b1a1007b95494ae4a'}",mock
0x46ef136284eaa1a2cd7a05f3a2db785ede7fc5bcf4fbee90f4f5029411f6cdb9,86000,1,TicketReserved,"{'model_id': 'model_mnist_784_noniid', 'round': 11, 'ticket_id': 582, 'owner': 'acct_32'}",mock
0x26b459c00048581f0a296ec52dd66e5464b42cd16240e4098de1965bc947f065,93000,1,UpdatePublished,"{'model_id': 'model_mnist_784_noniid', 'round': 11, 'ticket_id': 582, 'cid': 'sha256:35021618fb42aa9cab61eb4b2bc2651732c90e214f6652abd11a1a5206768314'}",mock
0xce93ece226b4f78d1aa376355c6076b44915626054ffa2da396683e8c206c8b1,86000,1,TicketReserved,"{'model_id': 'model_mnist_784_noniid', 'round': 11, 'ticket_id': 583, 'owner': 'acct_33'}",mock
0xb9ec95197800c3d9a691bbdf5471ae9e45e951b9482a13a7384363216d8dcd18,93000,1,UpdatePublished,"{'model_id': 'model_mnist_784_noniid', 'round': 11, 'ticket_id': 583, 'cid': 'sha256:fdced91ef31915135267d1277e0192befba4b29cc522b3266631803a893db32e'}",mock
0x0e8df95d5b1b705fd64bb6a73ff035526a87b5866d65c8e9337c3f9437a33dd8,86000,1,TicketReserved,"{'model_id': 'model_mnist_784_noniid', 'round': 11, 'ticket_id': 584, 'owner': 'acct_34'}",mock
0xdc94d314b84e37647ba251dc625bdae0357d016bf0dc5047f56d3947ca4193f8,93000,1,UpdatePublished,"{'model_id': 'model_mnist_784_noniid', 'round': 11, 'ticket_id': 584, 'cid': 'sha256:2a5f9347723eb8d1d6cba1699966340233091c4d209b6a257c484e549de4b45f'}",mock
0x8f083c5e8f7f8b0950f1ce4e48968b31ec4f908f5df5200030975582ef08d373,86000,1,TicketReserved,"{'model_id': 'model_mnist_784_noniid', 'round': 11, 'ticket_id': 585, 'owner': 'acct_35'}",mock
0x2c7b5c2b9954080b25c1f122be41959013ce87099ea821d7c6e7c1d8c429dce2,93000,1,UpdatePublished,"{'model_id': 'model_mnist_784_noniid', 'round': 11, 'ticket_id': 585, 'cid': 'sha256:4cb51f29a02c449c6f259037b896328fc841986e9ccefaee168b86845e71582a'}",mock
0x72030ee08606e4e2820e4f342c73dc9d60c87736b2d74d4267b22d0ebb9c1230,86000,1,TicketReserved,"{'model_id': 'model_mnist_784_noniid', 'round': 11, 'ticket_id': 586, 'owner': 'acct_36'}",mock
0x1112727475dedd18132ffd23235944c7aebafaa7a5181b5ea169bd6caf8e58bb,93000,1,UpdatePublished,"{'model_id': 'model_mnist_784_noniid', 'round': 11, 'ticket_id': 586, 'cid': 'sha256:7cce5d2bd357d48504ee64a6e924518cf4610c1bd1c93f8ba64eac70ae8a7a6c'}",mock
0x679e00b6f755614c0898545532cbdf88d7c689a36346111057528b2f4c313a12,86000,1,TicketReserved,"{'model_id': 'model_mnist_784_noniid', 'round': 11, 'ticket_id': 587, 'owner': 'acct_37'}",mock
0x409ddf24096ecac3220adbf4b085d69d5bdb0f837356154a282e4aa351a8babf,93000,1,UpdatePublished,"{'model_id': 'model_mnist_784_noniid', 'round': 11, 'ticket_id': 587, 'cid': 'sha256:07dc5fed8a68fc543d97272e85bebb9366a7d9d32a59fc72df17c20541a36f91'}",mock
0xf21a2b9289f3ffdc5eea63492301380a53f24f62b9db1a7613cca70d51ecb073,86000,1,TicketReserved,"{'model_id': 'model_mnist_784_noniid', 'round': 11, 'ticket_id': 588, 'owner': 'acct_38'}",mock
0xee86e12e542de152e5ff1c44f110ccbe075512fa416688cb9feda5db9067eef7,93000,1,UpdatePublished,"{'model_id': 'model_mnist_784_noniid', 'round': 11, 'ticket_id': 588, 'cid': 'sha256:387536f7f2169180b2e3f0f6158db3e96fa82020f6c6658ef8b34ef57732ca86'}",mock
0x069a148978fbc50b6e9f0110fe6bbac385961cd4f8c49110e517896775cc2033,86000,1,TicketReserved,"{'model_id': 'model_mnist_784_noniid', 'round': 11, 'ticket_id': 589, 'owner': 'acct_39'}",mock
0x5494d23010f9a403427aa9b8023f5a007e4250eef3a59790647b15d0281ba2c1,93000,1,UpdatePublished,"{'model_id': 'model_mnist_784_noniid', 'round': 11, 'ticket_id': 589, 'cid': 'sha256:da08b2b79a5eeee373da0f5968048fbd5df17a7e2c6ace96147b7ac594538b68'}",mock
0x9a972ad7e540b28a4a0c8c8a43d1d4772649084908014bb953949add3a062ffc,86000,1,TicketReserved,"{'model_id': 'model_mnist_784_noniid', 'round': 11, 'ticket_id': 590, 'owner': 'acct_40'}",mock
0x51b80e81e6e4b2466b3277b96467c873a86ba2bc8f2523343fc3c468f9398894,93000,1,UpdatePublished,"{'model_id': 'model_mnist_784_noniid', 'round': 11, 'ticket_id': 590, 'cid': 'sha256:b2f5fa30edf85ee3ae88ace2946d75e1de38f44537ebe38eb8ae8abe85db9170'}",mock
0xc5e9e5ce09142e882121fcf535a0962fc81a584527e18d19aed3b04f4b3b3412,86000,1,TicketReserved,"{'model_id': 'model_mnist_784_noniid', 'round': 11, 'ticket_id': 591, 'owner': 'acct_41'}",mock
0xda6c2f459a57ea1d05e5b5782c50693c02fdad5e6c78d40fff0607685b34c848,93000,1,UpdatePublished,"{'model_id': 'model_mnist_784_noniid', 'round': 11, 'ticket_id': 591, 'cid': 'sha256:88dc7e67342e0afeaacc0c6631162a749ecce0927f199f16bc7697e2e874e8ec'}",mock
0x6dbfe4b7ade8b22993557d87d22ce5827c1d486405a42ac5f7d3d297aaca39af,86000,1,TicketReserved,"{'model_id': 'model_mnist_784_noniid', 'round': 11, 'ticket_id': 592, 'owner': 'acct_42'}",mock
0x5d919c33c7c0923c0c16697bace6af9e8b43c7cbf45595af09d2a2ff520cc349,93000,1,UpdatePublished,"{'model_id': 'model_mnist_784_noniid', 'round': 11, 'ticket_id': 592, 'cid': 'sha256:399ce0298f991df34518e9d2ed4479d739c546a54315b9f01ab7abdaaf45344d'}",mock
0x173303ada01a80fca697783fe5688df83f1115eb210b0ec74b1eeaeeb470c4ce,86000,1,TicketReserved,"{'model_id': 'model_mnist_784_noniid', 'round': 11, 'ticket_id': 593, 'owner': 'acct_43'}",mock
0x6f45eae5dece8fcc89e938e56d0c3e4899b53032bea7bfa771c58642725ecf42,93000,1,UpdatePublished,"{'model_id': 'model_mnist_784_noniid', 'round': 11, 'ticket_id': 593, 'cid': 'sha256:501ef5d27f65f0c05b92a0bb9a1f79375a66dce613825f5ca113e835fe8fa47a'}",mock
0x58f263127293722851fc3746492fe65d271ca20a964fce481a19a633c3f68c02,86000,1,TicketReserved,"{'model_id': 'model_mnist_784_noniid', 'round': 11, 'ticket_id': 594, 'owner': 'acct_44'}",mock
0x61d396c0be5382dc4ee904287673c0ff89a8a87434d6f46b743ca9b2d002a904,93000,1,UpdatePublished,"{'model_id': 'model_mnist_784_noniid', 'round': 11, 'ticket_id': 594, 'cid': 'sha256:328452c131bf9164dbe5ccc01d1b5b856cb50c6934a2ae20e3afba85ad11ca6a'}",mock
0x220798b60237a85ec27f120b7971f6bd886d8fe42a23a4a90845c0b3f270f3e1,86000,1,TicketReserved,"{'model_id': 'model_mnist_784_noniid', 'round': 11, 'ticket_id': 595, 'owner': 'acct_45'}",mock
0x5d5258dc5d89d964b2e7551a655c1ebe5e17a6cdf1bf19b153355fa5f666e903,93000,1,UpdatePublished,"{'model_id': 'model_mnist_784_noniid', 'round': 11, 'ticket_id': 595, 'cid': 'sha256:1fe05e8ae86a0f1ccb249c08382cd0816bf74f9a7be1636d26e72e5084444612'}",mock
0xedf9bc46af547e02b09dec14dbf5432427c38715b3cb9911818875606e0e8378,86000,1,TicketReserved,"{'model_id': 'model_mnist_784_noniid', 'round': 11, 'ticket_id': 596, 'owner': 'acct_46'}",mock
0x13e4e548f11500b5e600708b8acbeca12122519851705a6b1b61ec96d0a5c7d1,93000,1,UpdatePublished,"{'model_id': 'model_mnist_784_noniid', 'round': 11, 'ticket_id': 596, 'cid': 'sha256:5a066f7ffdcc01125e6aa1b499bfe31a4ce9682dd4204089ee2d1666c762450a'}",mock
0x967b6835d9c2a574f0715c599da75f79a78395b5ae826d26d36c9cf84b6eedea,86000,1,TicketReserved,"{'model_id': 'model_mnist_784_noniid', 'round': 11, 'ticket_id': 597, 'owner': 'acct_47'}",mock
0x4e8571d5252d906ea409f60edba685f0f2a31a6f32c9e52f15d7529280ddd25c,93000,1,UpdatePublished,"{'model_id': 'model_mnist_784_noniid', 'round': 11, 'ticket_id': 597, 'cid': 'sha256:8347fbf6a7c300b0d4bcfbc8054acfeeedb97cec889748ea9dc94a6c8f196eb1'}",mock
0x20a2435c101884c3bd8d9279f141a13211f24a58a0194e1cf036df09c1066fbd,86000,1,TicketReserved,"{'model_id': 'model_mnist_784_noniid', 'round': 11, 'ticket_id': 598, 'owner': 'acct_48'}",mock
0x8b3de094c475ff01d3f671decd1fcd928b77ff9ceae9cb14482655dffc667d74,93000,1,UpdatePublished,"{'model_id': 'model_mnist_784_noniid', 'round': 11, 'ticket_id': 598, 'cid': 'sha256:3cdd0bc1fe0b4a0e7a887f91d70c09d3a1bd157be9596a01ea928be2cdd29d86'}",mock
0xa24a7ab8be64d108bc7f709d7f5ffbd7fed75c64cd387a32ed496750be08c0b1,86000,1,TicketReserved,"{'model_id': 'model_mnist_784_noniid', 'round': 11, 'ticket_id': 599, 'owner': 'acct_49'}",mock
0xa04254b07b20c764a9a71864b096254b3bf7018cc72493c92c2de68f9c9e9c93,93000,1,UpdatePublished,"{'model_id': 'model_mnist_784_noniid', 'round': 11, 'ticket_id': 599, 'cid': 'sha256:a6b21e6cf942f0699a71740464e13463beedbe67386042e82d958f3c1e8d2926'}",mock
0x38e93639404e94ce67109570209c9d13a033d37f6f658193c1a578e108be5f1b,86000,1,TicketReserved,"{'model_id': 'model_mnist_784_noniid', 'round': 11, 'ticket_id': 600, 'owner': 'acct_50'}",mock
0xd05f61fa0b6294468dc054c134ebc30da00bd0238cbdcca9f6fd2763abcfe128,93000,1,UpdatePublished,"{'model_id': 'model_mnist_784_noniid', 'round': 11, 'ticket_id': 600, 'cid': 'sha256:664996c2556ebcbec40d37f81ecb53b1ade287050fe50c4924c021a47f98da20'}",mock
0x701f02f0923cdea317b20212280b05c1aedad2e77cb83419dd0c3e0d6b5c69e7,985000,1,RoundFinalized,"{'model_id': 'model_mnist_784_noniid', 'round': 11, 'included': 43, 'refunds': 43}",mock
0x3399c53831fbb4322c207fa5edb891bd91faa472c660c2c58007076d668fa639,38000,1,Claimed,"{'model_id': 'model_mnist_784_noniid', 'account': 'acct_1', 'amount_wei': 11105490892073240}",mock
0x5d7df62e24046d49e948f0e19287fc0d27cfa241e4dd25eef55988bb2e5018a2,38000,1,Claimed,"{'model_id': 'model_mnist_784_noniid', 'account': 'acct_2', 'amount_wei': 13601206926344966}",mock
0xf41272d2613053c1f645d979920199bf7bef82961fe3239f916b36511ed042b9,38000,1,Claimed,"{'model_id': 'model_mnist_784_noniid', 'account': 'acct_3', 'amount_wei': 11141376059537356}",mock
0x4d4b9a20f6c4dec93f304b15d4e041c38efeb5ff3d6eae42a5b367a6132a0bda,38000,1,Claimed,"{'model_id': 'model_mnist_784_noniid', 'account': 'acct_4', 'amount_wei': 13623934199072239}",mock
0xf3425c806cfe80a9ff4abf59e7e93074ed4c78bcfbb81ae70c47da75a41197b6,38000,1,Claimed,"{'model_id': 'model_mnist_784_noniid', 'account': 'acct_5', 'amount_wei': 9881380635136925}",mock
0x0ccaf67555d9a8f9ddb8719a429acb7a4461c0a2acbc6eb73a21b655f930fd10,38000,1,Claimed,"{'model_id': 'model_mnist_784_noniid', 'account': 'acct_6', 'amount_wei': 13623934199072238}",mock
0xfff0d1748f6290906b7a854f05b5688f295e5ee22a489a1baeb06a3a46fa6fb3,38000,1,Claimed,"{'model_id': 'model_mnist_784_noniid', 'account': 'acct_7', 'amount_wei': 9884315725776121}",mock
0xd7ca7737885787e5ed734286524566a15ecdb05116a123b42e46299033266b22,38000,1,Claimed,"{'model_id': 'model_mnist_784_noniid', 'account': 'acct_8', 'amount_wei': 13618648786810082}",mock
0xe11c225c104308ea3d7e19861633c02cfc28f5c1a82c15c2a03bb176243ea616,38000,1,Claimed,"{'model_id': 'model_mnist_784_noniid', 'account': 'acct_9', 'amount_wei': 13588049031608123}",mock
0xb6a951449de912132da0856536d97933623b0dd996951821d4f5750ea305171a,38000,1,Claimed,"{'model_id': 'model_mnist_784_noniid', 'account': 'acct_10', 'amount_wei': 12394538529873768}",mock
0x6f933a8e010873bff98c5ed91793b6a2905e64e7e68589a2a1c41bc6d5c44b28,38000,1,Claimed,"{'model_id': 'model_mnist_784_noniid', 'account': 'acct_11', 'amount_wei': 13607304487320576}",mock
0xf77e21b44df2e219cacca6ff37a1191c8e77ccf4e68d6a417ed6abde6cf97306,38000,1,Claimed,"{'model_id': 'model_mnist_784_noniid', 'account': 'acct_12', 'amount_wei': 14851206926344966}",mock
0x2046c5be3dd0c6f09a327f6f09e544d7b065874a8d7a355c20ee5473ff2f587e,38000,1,Claimed,"{'model_id': 'model_mnist_784_noniid', 'account': 'acct_13', 'amount_wei': 12374746347785693}",mock
0xd8d61e40fbbff985a6e999c42c19b2cbf0fc76749dc53f8cd4d3b8b40d4df2d2,38000,1,Claimed,"{'model_id': 'model_mnist_784_noniid', 'account': 'acct_14', 'amount_wei': 13573429148567188}",mock
0xe0d071b4868a31573c07eda069568b59b00921ded2177227e4f51ada8ae89bff,38000,1,Claimed,"{'model_id': 'model_mnist_784_noniid', 'account': 'acct_15', 'amount_wei': 12329526709542798}",mock
0x54bafadea37ad65b06ce480b10592df32b8021e7ad687652e2d3644c9e98e0df,38000,1,Claimed,"{'model_id': 'model_mnist_784_noniid', 'account': 'acct_16', 'amount_wei': 11116873865311005}",mock
0x33fd81fe14241c7acbe5f39be886651c295e9710983e23a5fb35e43882ecb287,38000,1,Claimed,"{'model_id': 'model_mnist_784_noniid', 'account': 'acct_17', 'amount_wei': 11102253982270071}",mock
0xdbc3f9d0b44e2baf595c81d6dedc72837a69e4752734945f34bdae59e644441d,38000,1,Claimed,"{'model_id': 'model_mnist_784_noniid', 'account': 'acct_18', 'amount_wei': 14851206926344966}",mock
0xe6c15523b9c699f377c5a204b85d2c7742262809648255191fb4d4e82fc4a42e,38000,1,Claimed,"{'model_id': 'model_mnist_784_noniid', 'account': 'acct_19', 'amount_wei': 13588049031608123}",mock
0x45044c68b5b36a00f0abc99ca78d619547eb4c66263b8294a97d2e366b7dcfb8,38000,1,Claimed,"{'model_id': 'model_mnist_784_noniid', 'account': 'acct_20', 'amount_wei': 13607304487320576}",mock
0x86550a9e776c4264bac9b492a29612f4e88ab634ebee9840df3f65abaece882a,38000,1,Claimed,"{'model_id': 'model_mnist_784_noniid', 'account': 'acct_21', 'amount_wei': 7412215297550535}",mock
0xa3ea3ffc306f13e366bd8a4ece5acbb9626d3f982d14b7b83d2ca88e2b10487e,38000,1,Claimed,"{'model_id': 'model_mnist_784_noniid', 'account': 'acct_22', 'amount_wei': 12373934199072239}",mock
0x56c676e6b2b2337e60dc5014c2dcd4d319c423b962469b63edf6b230a7d9a06d,38000,1,Claimed,"{'model_id': 'model_mnist_784_noniid', 'account': 'acct_23', 'amount_wei': 12360776304335396}",mock
0x6e8e3d2cabe549922f8a523ab5fb3b6aa51386bfb4f445471089e8a522ba8282,38000,1,Claimed,"{'model_id': 'model_mnist_784_noniid', 'account': 'acct_24', 'amount_wei': 11090871009032304}",mock
0x44323e7cda972a9748d1a1eb31188e8639f3219fc30457c4907f9a663313c4f8,38000,1,Claimed,"{'model_id': 'model_mnist_784_noniid', 'account': 'acct_25', 'amount_wei': 11077713114295461}",mock
0x6c4db38783e9b7d8453a2dbf29bd9e0a6f41410648e215ba6946709af4d6a19e,38000,1,Claimed,"{'model_id': 'model_mnist_784_noniid', 'account': 'acct_26', 'amount_wei': 14851206926344966}",mock
0xabbd4abae948262790256359b05339d34b8213c0e44416eb1fe04a71e70680cf,38000,1,Claimed,"{'model_id': 'model_mnist_784_noniid', 'account': 'acct_27', 'amount_wei': 12357304487320576}",mock
0x94eedac760e36b425f2d8ada928552eb3a9bfb139b8ec0fb0979bc951f2f25c3,38000,1,Claimed,"{'model_id': 'model_mnist_784_noniid', 'account': 'acct_28', 'amount_wei': 13573429148567188}",mock
0x64a113bbceaeaef3835aac44b06afab2583009f6f117697b039c3e8ccf48aafc,38000,1,Claimed,"{'model_id': 'model_mnist_784_noniid', 'account': 'acct_29', 'amount_wei': 12380031760047849}",mock
0xe93445376f6b66a0aedd0c4597cfd2b236a0968f3a07ac8637fffdd4dff4dfe5,38000,1,Claimed,"{'model_id': 'model_mnist_784_noniid', 'account': 'acct_30', 'amount_wei': 11102253982270071}",mock
0x47b6410e3110a9504b6ad0a1a65a4e8d838e9ed3c16350a497764a586c37bb57,38000,1,Claimed,"{'model_id': 'model_mnist_784_noniid', 'account': 'acct_31', 'amount_wei': 12363402048296186}",mock
0x2d1692c9492326fe042ae6397ebd36c91df7a7ee80b5797e6bb1037361825290,38000,1,Claimed,"{'model_id': 'model_mnist_784_noniid', 'account': 'acct_32', 'amount_wei': 12411168241625431}",mock
0xbed4ed2c20d44832ab29f36cfe1970bf5db4b7d0319620fffae9bbdf8492c907,38000,1,Claimed,"{'model_id': 'model_mnist_784_noniid', 'account': 'acct_33', 'amount_wei': 12340871009032305}",mock
0xffd5d22c7f5575e9f91849572686e28daf0a41aa246b45a5813409a5670a6085,38000,1,Claimed,"{'model_id': 'model_mnist_784_noniid', 'account': 'acct_34', 'amount_wei': 13623934199072238}",mock
0xfcb4e8508e32c57918081ea0662b867fe5f39eeda4ba120479ed35adc8a085e9,38000,1,Claimed,"{'model_id': 'model_mnist_784_noniid', 'account': 'acct_35', 'amount_wei': 14851206926344966}",mock
0xb44b34d09738ec4af6656fade912ad9c5f5260a0a97d8b1956dfb0bbc190f5b7,38000,1,Claimed,"{'model_id': 'model_mnist_784_noniid', 'account': 'acct_36', 'amount_wei': 13607304487320576}",mock
0x9e8fcb268d73572a808d965c7630777a476c9e2830bc9c0c3f8f3a92ad670932,38000,1,Claimed,"{'model_id': 'model_mnist_784_noniid', 'account': 'acct_37', 'amount_wei': 11128218164800512}",mock
0xaf931f910a21bb9270f0cccc05bcba3a4aef442bf8fcd377d91bd908262475c4,38000,1,Claimed,"{'model_id': 'model_mnist_784_noniid', 'account': 'acct_38', 'amount_wei': 11128105051585496}",mock
0x2a8a1b35ef56cbcc072d701c7928e01ba3f3f2c89e9c2f349c326d4b35c4b49c,38000,1,Claimed,"{'model_id': 'model_mnist_784_noniid', 'account': 'acct_39', 'amount_wei': 14851206926344966}",mock
0x3226655070a5b94bf69d8ed81e0188b1fa5db452921e8d56c8a863a95e1919ed,38000,1,Claimed,"{'model_id': 'model_mnist_784_noniid', 'account': 'acct_40', 'amount_wei': 12310271253830345}",mock
0x1d93ca2a749d28903bb9d0359c3c9f6fc6469b0e460288d6a8a49344087ab1bc,38000,1,Claimed,"{'model_id': 'model_mnist_784_noniid', 'account': 'acct_41', 'amount_wei': 14851206926344966}",mock
0x807b7d5ac5d0160a9a679b0731a9253127175681462864749aa8dc5e072529b1,38000,1,Claimed,"{'model_id': 'model_mnist_784_noniid', 'account': 'acct_42', 'amount_wei': 9897473620512964}",mock
0xbe135e770d9f611419d2de9db800b7119ab215222a20e7fd5e51d58b6c990490,38000,1,Claimed,"{'model_id': 'model_mnist_784_noniid', 'account': 'acct_43', 'amount_wei': 12405882829363275}",mock
0xa0fa1ed1ea17d2bbf57b071a077ca8e0a509bcd8c1bbff32cc3e536e93c4beb1,38000,1,Claimed,"{'model_id': 'model_mnist_784_noniid', 'account': 'acct_44', 'amount_wei': 12344146592583733}",mock
0xb99feb151755b6ee40ea60fe7f150caef205d9e9e382039205defd0066432d49,38000,1,Claimed,"{'model_id': 'model_mnist_784_noniid', 'account': 'acct_45', 'amount_wei': 13623934199072239}",mock
0x4beec288280445ad07d90d065bedab5f956b9b58d155b099d33d384643a66e6b,38000,1,Claimed,"{'model_id': 'model_mnist_784_noniid', 'account': 'acct_46', 'amount_wei': 12373934199072239}",mock
0x33ff5c7275bd8dcdfe85aae8aac96a2013b5cf314e6f14fb596958e6480526ec,38000,1,Claimed,"{'model_id': 'model_mnist_784_noniid', 'account': 'acct_47', 'amount_wei': 13573429148567188}",mock
0x73046694295265131541327aee3827c53703e317de7193f01d42577e7f50f471,38000,1,Claimed,"{'model_id': 'model_mnist_784_noniid', 'account': 'acct_48', 'amount_wei': 13618648786810083}",mock
0x8173af3cce25314f9b8c2471b49d4434b75dc90ceba93003b486ba3997a10587,38000,1,Claimed,"{'model_id': 'model_mnist_784_noniid', 'account': 'acct_49', 'amount_wei': 12310271253830345}",mock
0xaa4a391dfe4edf9a98fd6259eb5e4a310ec55007fd5ab4e4a8a7d8f444a7579f,38000,1,Claimed,"{'model_id': 'model_mnist_784_noniid', 'account': 'acct_50', 'amount_wei': 12340871009032305}",mock
