tx,gas_used,status,event,data,backend
0xbfecccbf5c78efdd3cb75ed541bc52407421eca9d5ed576c78be5c4729ecd651,145000,1,ListingCreated,"{'model_id': 'model_mnist_784_noniid', 'init_cid': 'sha256:e7417794aa108be740bb733ce0b24847f721b240e959c238fee0f16cb48c2898'}",mock
0xbcc82c1a94a9eb737f316bda0d37a2f10f6524658549d97362c789af5bdd3944,52000,1,RoundFunded,"{'model_id': 'model_mnist_784_noniid', 'amount_wei': 10000000000000000}",mock
0x56de5d0aaffb782f2515a3f28de122d0f879f475684d7e1086d645c0ac382fe5,86000,1,TicketReserved,"{'model_id': 'model_mnist_784_noniid', 'round': 0, 'ticket_id': 1, 'owner': 'acct_1'}",mock
0xa9513f15885d141b8f95a5072b501442768c8a9dff6706a0a142ab905321d9d3,93000,1,UpdatePublished,"{'model_id': 'model_mnist_784_noniid', 'round': 0, 'ticket_id': 1, 'cid': 'sha256:3c4053d48ad698129a8067884417107ec7ae3db2ee3aaed77ddea0349abf8c53'}",mock
0x98f417c27981aadb52337c5c01b04d67258b74be09756b7613c1f98e001de5bc,86000,1,TicketReserved,"{'model_id': 'model_mnist_784_noniid', 'round': 0, 'ticket_id': 2, 'owner': 'acct_2'}",mock
0x45a7fd3c3ca05ba12da9f29106174b48f35d0bda234dbe446cd7e583c188ad8a,93000,1,UpdatePublished,"{'model_id': 'model_mnist_784_noniid', 'round': 0, 'ticket_id': 2, 'cid': 'sha256:9fde1d64433d23188b2134d02b66f00a1d3332c996833809fc6de3e408d86cbc'}",mock
0x16ad0475fa80b96c08a184c1a5e1081b2eeeeeff602eda1cfcb58b2846a68706,86000,1,TicketReserved,"{'model_id': 'model_mnist_784_noniid', 'round': 0, 'ticket_id': 3, 'owner': 'acct_3'}",mock
0x4b046286b8a67554f646ccd7e5d757b1ccd70c8c2c36add807fa7329f02301e4,93000,1,UpdatePublished,"{'model_id': 'model_mnist_784_noniid', 'round': 0, 'ticket_id': 3, 'cid': 'sha256:d9a0b0c6356a4cab2e03647aa0b7d7b2c07ca927d1a9a5c7e48d722a179d8c11'}",mock
0xb124742304b2ee9f1e057deb220a654d65bf1b1734a829ce56b6329edca7dee2,86000,1,TicketReserved,"{'model_id': 'model_mnist_784_noniid', 'round': 0, 'ticket_id': 4, 'owner': 'acct_4'}",mock
0x09ed40f7455f1e7beede8f84c1b8cc358b97f2819ed93a14c5cc1f98c8519a6c,93000,1,UpdatePublished,"{'model_id': 'model_mnist_784_noniid', 'round': 0, 'ticket_id': 4, 'cid': 'sha256:379fc2f2f391b9da78d35eeef24c9a573a7013eb87de3c6946ba5b6e512428c6'}",mock
0x867a272bac6c0cb69eb6995e816bf8044b030d706735039f08bf93cfa9235079,86000,1,TicketReserved,"{'model_id': 'model_mnist_784_noniid', 'round': 0, 'ticket_id': 5, 'owner': 'acct_5'}",mock
0xca3deda78ea297bc8c7c0afc367711dc4ca955164d8ddf203dbc1b62b8848396,93000,1,UpdatePublished,"{'model_id': 'model_mnist_784_noniid', 'round': 0, 'ticket_id': 5, 'cid': 'sha256:d15ae1836600c1248c58f78a5179925a08e93f93445d669ea8789aede20fad22'}",mock
0xbaa83c9f322e5fb44f9353acc9597c73afacbac39af8217f9f10aa2a9eb2ac15,86000,1,TicketReserved,"{'model_id': 'model_mnist_784_noniid', 'round': 0, 'ticket_id': 6, 'owner': 'acct_6'}",mock
0x5e4a838692c2485f0671ed2d7a809a73139040c08faadf77676af44f8569a88e,93000,1,UpdatePublished,"{'model_id': 'model_mnist_784_noniid', 'round': 0, 'ticket_id': 6, 'cid': 'sha256:d7b90690ff73c6a404b4688f8f5af161047efa6182dbaf7852c95402c8976d9d'}",mock
0x9297619a5cda300ed034829bdc0829342a50955c2179064c13156a6628ba4928,86000,1,TicketReserved,"{'model_id': 'model_mnist_784_noniid', 'round': 0, 'ticket_id': 7, 'owner': 'acct_7'}",mock
0x73fc8e560f532e29c5b54423fa41ab1d4eb784d081efa765665e547dce7087f4,93000,1,UpdatePublished,"{'model_id': 'model_mnist_784_noniid', 'round': 0, 'ticket_id': 7, 'cid': 'sha256:44cd6a8f8425c068316aa982b43f8311ccf6f63c62a0b859a321ca139b11d65f'}",mock
0xe16252aaef42f14006135fcc8415a0fd2c49a688bd79b23b7c46b852aeabe31b,86000,1,TicketReserved,"{'model_id': 'model_mnist_784_noniid', 'round': 0, 'ticket_id': 8, 'owner': 'acct_8'}",mock
0xebd74b545e33376ab34f03e0e33c0750682fe3b8a6195f376ff042659b6a5c29,93000,1,UpdatePublished,"{'model_id': 'model_mnist_784_noniid', 'round': 0, 'ticket_id': 8, 'cid': 'sha256:e7b7de368a79a511c892a29f4483f26cceb46ddee7e10f40a98e7245ffa2d44b'}",mock
0x58496763de3fd1fc7196101d614e1919f4bb13713d8a00040274b8b634639126,86000,1,TicketReserved,"{'model_id': 'model_mnist_784_noniid', 'round': 0, 'ticket_id': 9, 'owner': 'acct_9'}",mock
0x49dc7eae6ca0b74cdf8675ae5e6c1570584ca92a6fa6857adc487fff3c560efe,93000,1,UpdatePublished,"{'model_id': 'model_mnist_784_noniid', 'round': 0, 'ticket_id': 9, 'cid': 'sha256:13c547c30cf1da13fccc29e5cf043b7e96f9b5ed08e762649e0408ecc1011e66'}",mock
0x55604b9dd8aed0da9a6a5cb4a8b85043b140a9a85f21804c5701054226f2c0be,86000,1,TicketReserved,"{'model_id': 'model_mnist_784_noniid', 'round': 0, 'ticket_id': 10, 'owner': 'acct_10'}",mock
0x161d77ca3ff5f1a48e5c3d1199c36f97aa71ca1252845cb6b294345aec627065,93000,1,UpdatePublished,"{'model_id': 'model_mnist_784_noniid', 'round': 0, 'ticket_id': 10, 'cid': 'sha256:13c839d13e76fa70957b7145c6b047bfa8ce8b838cdf4a6705b54f02f9e4bb85'}",mock
0x4298e397b5de4359f52a18e92ba392b4c2f2d161348a0d56e5b00cbd8544ac8d,86000,1,TicketReserved,"{'model_id': 'model_mnist_784_noniid', 'round': 0, 'ticket_id': 11, 'owner': 'acct_11'}",mock
0x3f0231ebc70907baf0692fcc373266fd4299672181f385503f73f386183f1b79,93000,1,UpdatePublished,"{'model_id': 'model_mnist_784_noniid', 'round': 0, 'ticket_id': 11, 'cid': 'sha256:b9c577f48393e45ff5297699cf28fb4203e86cd2195828a7fce98626451f2a0c'}",mock
0xd610f183ce7b57ed2fc6bd5713c108d3882bbceb982963b0ade812f5efca8624,86000,1,TicketReserved,"{'model_id': 'model_mnist_784_noniid', 'round': 0, 'ticket_id': 12, 'owner': 'acct_12'}",mock
0x7533d0702c21854036e48929188e1113691b48e9e356ec44e52e487cbe301150,93000,1,UpdatePublished,"{'model_id': 'model_mnist_784_noniid', 'round': 0, 'ticket_id': 12, 'cid': 'sha256:90a348b33595213149e7ee2e606028e6e6119373d61b338079a20a17754bd99b'}",mock
0x08dbeabd3d59f480ebce0f46b8957daa985d1719a561338958e6107eaeec1383,86000,1,TicketReserved,"{'model_id': 'model_mnist_784_noniid', 'round': 0, 'ticket_id': 13, 'owner': 'acct_13'}",mock
0x62ccea7bff97dfe510bf69251a22d9388359e7180f2ea2b536d3433a2e233dcf,93000,1,UpdatePublished,"{'model_id': 'model_mnist_784_noniid', 'round': 0, 'ticket_id': 13, 'cid': 'sha256:3e2fbb39805bb9a056c4ba13f483c5dc91a8d13ac2dc885e66923aef974c7559'}",mock
0x19250601c2a6931f9d99f899a3c6f0eb260c7d5459e68c065c2a7ada8b1c6c6a,86000,1,TicketReserved,"{'model_id': 'model_mnist_784_noniid', 'round': 0, 'ticket_id': 14, 'owner': 'acct_14'}",mock
0x1e85266519869c5053d07f462283b5f6ea2c973b9b2190048ce86066451579ce,93000,1,UpdatePublished,"{'model_id': 'model_mnist_784_noniid', 'round': 0, 'ticket_id': 14, 'cid': 'sha256:c1ec5f042dfeda1e1ae6d27ee3d702107dc5783916ab263326c2354cf6c0a74a'}",mock
0x5d13de7b792d93c950a8d76aed191336f8429c424bf7ac3aaa62011527dc4df2,86000,1,TicketReserved,"{'model_id': 'model_mnist_784_noniid', 'round': 0, 'ticket_id': 15, 'owner': 'acct_15'}",mock
0x3bb394da49abdfbfadfc7b540c4f2ad19a2e7b6de96680295362879615589eda,93000,1,UpdatePublished,"{'model_id': 'model_mnist_784_noniid', 'round': 0, 'ticket_id': 15, 'cid': 'sha256:98dac7e972f94f96722b0243f0f4b5e187e4c447ae7b4d9a6fedb3dcd1a84474'}",mock
0xc9de863883afdd3564d39ad72f165e14d9712214c27a3bc5635ff2894e672fbf,86000,1,TicketReserved,"{'model_id': 'model_mnist_784_noniid', 'round': 0, 'ticket_id': 16, 'owner': 'acct_16'}",mock
0xfa7c665c795d58c2d83112abecd1bc30da9494d939fb4918f8f73d23cf79dd2c,93000,1,UpdatePublished,"{'model_id': 'model_mnist_784_noniid', 'round': 0, 'ticket_id': 16, 'cid': 'sha256:c76587f58ff247abf4675732209e908b43cf2043180ef26558528f35200d186f'}",mock
0xa74fd0054fb3c56b39b7d6c54a1394a470d5c34b6249d1429bc2647bc94fd1cc,86000,1,TicketReserved,"{'model_id': 'model_mnist_784_noniid', 'round': 0, 'ticket_id': 17, 'owner': 'acct_17'}",mock
0xeb7f728b2e26bf39fd21f71da19e71d9e29c8631783adc2e03bb78c5499c3dbb,93000,1,UpdatePublished,"{'model_id': 'model_mnist_784_noniid', 'round': 0, 'ticket_id': 17, 'cid': 'sha256:7e03919af095f0c2064a96b3af97e0e2e9c91d5225366d7e33adff867163e64b'}",mock
0x0924c61d1a8940f8c065cc322880778e73828712a937ba49e5d7852f38c75be9,86000,1,TicketReserved,"{'model_id': 'model_mnist_784_noniid', 'round': 0, 'ticket_id': 18, 'owner': 'acct_18'}",mock
0xbbbc772047e2c724507b197a6793b9a42875a58a613b26b4a6e28a5b06141d5b,93000,1,UpdatePublished,"{'model_id': 'model_mnist_784_noniid', 'round': 0, 'ticket_id': 18, 'cid': 'sha256:e0048ba6ae6feae47f26bf50d7e4f70b0cfbd4f0d6e365ca6e11ac75a2e42dcc'}",mock
0x2c54f930d3ac15a6b2117441b923eb90060304f2cd8c5f1db5f462ef16300acb,86000,1,TicketReserved,"{'model_id': 'model_mnist_784_noniid', 'round': 0, 'ticket_id': 19, 'owner': 'acct_19'}",mock
0x52a89c8fe6b17adb2ae6d5a1c20368567d292d24ba4da68734b9ceb6bce2fd60,93000,1,UpdatePublished,"{'model_id': 'model_mnist_784_noniid', 'round': 0, 'ticket_id': 19, 'cid': 'sha256:50184316cbfdf032b87b2e32878a995b3fbe3cad86eea17558255b868f3a02c9'}",mock
0x58527fcd130cc70e2cdca042deaa73a8b944ddb7794b5f9035a44d0506897544,86000,1,TicketReserved,"{'model_id': 'model_mnist_784_noniid', 'round': 0, 'ticket_id': 20, 'owner': 'acct_20'}",mock
0x49e98803a3e76fb0209ef5636f24fd9a3adac5e68eada6db6d5e162f4bd1a3cf,93000,1,UpdatePublished,"{'model_id': 'model_mnist_784_noniid', 'round': 0, 'ticket_id': 20, 'cid': 'sha256:9e655688cc0d06638c621e0930549dcb6e3af5ba7addb159a0d8a5e24a327f35'}",mock
0xadf22da06421dc3eed046f970cc90a1fb596168deec507148b8cebd60c791765,86000,1,TicketReserved,"{'model_id': 'model_mnist_784_noniid', 'round': 0, 'ticket_id': 21, 'owner': 'acct_21'}",mock
0xa7e3a03750beff8d84c9a2eecf35107560129da11e0aee136fc9355a8c342288,93000,1,UpdatePublished,"{'model_id': 'model_mnist_784_noniid', 'round': 0, 'ticket_id': 21, 'cid': 'sha256:9257802f71231e051902b049205c7147d8aeea2910b424f1fe60c1e0ffe56e53'}",mock
0x8acfff3681ee93e7c5c2cc8aae181f37bbeb37f1f863ac852176ab2b7711dbfe,86000,1,TicketReserved,"{'model_id': 'model_mnist_784_noniid', 'round': 0, 'ticket_id': 22, 'owner': 'acct_22'}",mock
0x1b44ed8109dde7546ade1a3e529000e33efeef7b0a39334d58b022e3ae65b999,93000,1,UpdatePublished,"{'model_id': 'model_mnist_784_noniid', 'round': 0, 'ticket_id': 22, 'cid': 'sha256:4b1f90e3a708865580128c9e954682ef7566fd92f7e4a34c3982a57ed1aecd19'}",mock
0xe1ce51d1b9e7bfcc672301a3244b70f7da755d8e67596d12e5e08d987a7b3445,86000,1,TicketReserved,"{'model_id': 'model_mnist_784_noniid', 'round': 0, 'ticket_id': 23, 'owner': 'acct_23'}",mock
0xa20dcd99eada64c14955257e3ef1e69d9b2b36513752f3570ac57b950f8ea7c3,93000,1,UpdatePublished,"{'model_id': 'model_mnist_784_noniid', 'round': 0, 'ticket_id': 23, 'cid': 'sha256:6ca16772b392c33a821056a994bc5220b511e56e2dcc8863db9e1fa0e036999a'}",mock
0xcac21b64df2e93b9458d8b27714560d191b42fbdd3215b802197e777b927813c,86000,1,TicketReserved,"{'model_id': 'model_mnist_784_noniid', 'round': 0, 'ticket_id': 24, 'owner': 'acct_24'}",mock
0x1db53b5c20e34ad0058bc5b27cad72e1222e6a47385d2ffab4de7ea1f437134a,93000,1,UpdatePublished,"{'model_id': 'model_mnist_784_noniid', 'round': 0, 'ticket_id': 24, 'cid': 'sha256:8107a1fb20cca349570f06fd79a2b7972244063dcdd011bf10bb0fe598e40081'}",mock
0x2aeb38b5fc5e49b75266caa6a6048e2d6eacc67edd3db7960fa7078701fbc152,86000,1,TicketReserved,"{'model_id': 'model_mnist_784_noniid', 'round': 0, 'ticket_id': 25, 'owner': 'acct_25'}",mock
0xd9bdb9a70cc906d911ac406328f4959988a7425dee4908e0b347eaf9b0a254bf,93000,1,UpdatePublished,"{'model_id': 'model_mnist_784_noniid', 'round': 0, 'ticket_id': 25, 'cid': 'sha256:dc30b2d10f6864c39dc07dba834bcb668c4b9535d815d1c5cfaeb5217b6baa97'}",mock
0x62c1581a694fa09333038d9ea3b0b1ef3e74d7c5058f2c428d750acde427fff7,86000,1,TicketReserved,"{'model_id': 'model_mnist_784_noniid', 'round': 0, 'ticket_id': 26, 'owner': 'acct_26'}",mock
0xc88015d9e104566608ef99f8268ad021785908a2bb71266a4b91b8cf3eb7a308,93000,1,UpdatePublished,"{'model_id': 'model_mnist_784_noniid', 'round': 0, 'ticket_id': 26, 'cid': 'sha256:228d7ad3352320633b2906af4b48fd80455f6e8a1a03913ae13f50d4d2d9f56d'}",mock
0xfeeedab3f52578c0a0f015632c4038842f28214580f5b39fec08ebeced7c2efa,86000,1,TicketReserved,"{'model_id': 'model_mnist_784_noniid', 'round': 0, 'ticket_id': 27, 'owner': 'acct_27'}",mock
0x3261d7a054f8fddfa9556d5d4d65d58db92f50b43764fe06fe9a48cef16335db,93000,1,UpdatePublished,"{'model_id': 'model_mnist_784_noniid', 'round': 0, 'ticket_id': 27, 'cid': 'sha256:eb15360bba23d2a63b2c0e05b5ca653c9a3781a13005a3e94f50952551ab90b2'}",mock
0xcbc60507315cd1296a60a632e1c6ac8582b94bfa0a2f61ce1f370f5ac04672e5,86000,1,TicketReserved,"{'model_id': 'model_mnist_784_noniid', 'round': 0, 'ticket_id': 28, 'owner': 'acct_28'}",mock
0xbca719d976286da81ed6a35b9b718b8cd0a0dab63cdd59c1357ccd99eec0a7b8,93000,1,UpdatePublished,"{'model_id': 'model_mnist_784_noniid', 'round': 0, 'ticket_id': 28, 'cid': 'sha256:9e0e38301db984a1e234bbaca74dcecbb347800f10bfe9f23188dbc1d2821091'}",mock
0x38ed7c4753f50f61538c61c6a01aa42c5ff04b9b12fae305593f701e4909e032,86000,1,TicketReserved,"{'model_id': 'model_mnist_784_noniid', 'round': 0, 'ticket_id': 29, 'owner': 'acct_29'}",mock
0xd412910bbd7820090fda5095a5e0168ea615dea28d3c38b692684aabe13585c1,93000,1,UpdatePublished,"{'model_id': 'model_mnist_784_noniid', 'round': 0, 'ticket_id': 29, 'cid': 'sha256:332a31dd6ccb0cc91325fc39d00b3ecd7505593514bc055b1f9a3daf230ac935'}",mock
0xd1785e58c76de358ea6b36f67ff6f500e9ec060598f7f5ea2421c7f972f66807,86000,1,TicketReserved,"{'model_id': 'model_mnist_784_noniid', 'round': 0, 'ticket_id': 30, 'owner': 'acct_30'}",mock
0x2bb6106915f3016cd4dce13d8a976e89907bbf46186a545f20f0d439425008c0,93000,1,UpdatePublished,"{'model_id': 'model_mnist_784_noniid', 'round': 0, 'ticket_id': 30, 'cid': 'sha256:bec6ca96b48a5ddc0321c1087d52217e89552cac85c10558e482c7715145da9b'}",mock
0xaa5d17e8538988a5ed6a7ecf5104851b01e280088269066663b68d8dc6d43dd3,86000,1,TicketReserved,"{'model_id': 'model_mnist_784_noniid', 'round': 0, 'ticket_id': 31, 'owner': 'acct_31'}",mock
0xa55c950a0cbb20777ab53c04f5cf2f35679eb438f5d657610226f1b6e4d5c852,93000,1,UpdatePublished,"{'model_id': 'model_mnist_784_noniid', 'round': 0, 'ticket_id': 31, 'cid': 'sha256:7b7898723f435e7d8bfa44e8fddfed567c4768fa1b32831fe9a74d4e04a59d43'}",mock
0x80cdfc217329759921846c0a8364c21900e1c58d09b0945263682a5abec48aff,86000,1,TicketReserved,"{'model_id': 'model_mnist_784_noniid', 'round': 0, 'ticket_id': 32, 'owner': 'acct_32'}",mock
0xc2bf44210cb74b7ea8be821059de3ebd027fc2a4414a0d2fcb24e55b89b39e89,93000,1,UpdatePublished,"{'model_id': 'model_mnist_784_noniid', 'round': 0, 'ticket_id': 32, 'cid': 'sha256:f288ff41cb4ffd5824f61ab150ee340e889ccace42cdbf0a5a0dcaeb964a2e30'}",mock
0xe09fff2ee4df33727c3b7aa70238931ae3d9bfd03620e639ed6753c5a4f4709c,86000,1,TicketReserved,"{'model_id': 'model_mnist_784_noniid', 'round': 0, 'ticket_id': 33, 'owner': 'acct_33'}",mock
0x6368bbcccdf27989759a9a7995a4fb2f6370a6fac166d794861ef75a3573d2b7,93000,1,UpdatePublished,"{'model_id': 'model_mnist_784_noniid', 'round': 0, 'ticket_id': 33, 'cid': 'sha256:209dc196fd9edc3b9e3fdf868c34f5274f72098a5c9678892d26586ccf4b7ee5'}",mock
0xbf113b600ba237869aae560d327b0f2fb8cae854412c3d7c0387c76d4e550a2b,86000,1,TicketReserved,"{'model_id': 'model_mnist_784_noniid', 'round': 0, 'ticket_id': 34, 'owner': 'acct_34'}",mock
0x6b4a9b973f25fb352f392de1a4ad237d7b8675e9068c224bfd53c55139168452,93000,1,UpdatePublished,"{'model_id': 'model_mnist_784_noniid', 'round': 0, 'ticket_id': 34, 'cid': 'sha256:fa34120bc8613f27c442b495cdeae9cd037d168e832b7bdc69180fd519ce6be3'}",mock
0x13df0a6317139d995ca8008e8920e28a8f4a050a6b457fcc7367c1750d935471,86000,1,TicketReserved,"{'model_id': 'model_mnist_784_noniid', 'round': 0, 'ticket_id': 35, 'owner': 'acct_35'}",mock
0xd03594229d76926d00dc7824fdfc38b1b824595f2625376baab6376cc3be3253,93000,1,UpdatePublished,"{'model_id': 'model_mnist_784_noniid', 'round': 0, 'ticket_id': 35, 'cid': 'sha256:66edd3cc8da6bc98573f28a163302ec21625ea1a8a736f079575dca82207ec46'}",mock
0xdb56c0d96a6e279dd0861f7a21285303dff8e9c37407ead6050ed50f9825eab6,86000,1,TicketReserved,"{'model_id': 'model_mnist_784_noniid', 'round': 0, 'ticket_id': 36, 'owner': 'acct_36'}",mock
0x2a71f378d8a06fdd53f887d05552b1b22eb670b29936a657d3bd4df98252960f,93000,1,UpdatePublished,"{'model_id': 'model_mnist_784_noniid', 'round': 0, 'ticket_id': 36, 'cid': 'sha256:8fe0be23314109ca971b0d1e026949a9700a47a11fe21f718a81b2ae12f0df23'}",mock
0x01e4dd9b056c018a2ee75eb5afb88d073726b923e609142a6a005ea33d5608c4,86000,1,TicketReserved,"{'model_id': 'model_mnist_784_noniid', 'round': 0, 'ticket_id': 37, 'owner': 'acct_37'}",mock
0x7ab3bdbe779b76d69dd2af1b4ad9efdff1f641b2735e22c5fdc2c08d83ad1967,93000,1,UpdatePublished,"{'model_id': 'model_mnist_784_noniid', 'round': 0, 'ticket_id': 37, 'cid': 'sha256:8a633b4a0766fcf89b37b5e738495a3b6f850451aa94b7d2292c3c816bca4ead'}",mock
0x2ac3381240414be3afb6db34f99663707d58f117ea4733dbd6f2b2ec134c5d92,86000,1,TicketReserved,"{'model_id': 'model_mnist_784_noniid', 'round': 0, 'ticket_id': 38, 'owner': 'acct_38'}",mock
0x845dadd459fc90ef38c7b1093c28769c781d55007694678a5464ec6b02316491,93000,1,UpdatePublished,"{'model_id': 'model_mnist_784_noniid', 'round': 0, 'ticket_id': 38, 'cid': 'sha256:b73f491577267da85b489cc2595cadab11310063add0d5c60b8d9a843d75fbfc'}",mock
0xaa7542758486693d20c89ff2cbd0ad6adaf586a21a74ffd40837efe8ca5d45a6,86000,1,TicketReserved,"{'model_id': 'model_mnist_784_noniid', 'round': 0, 'ticket_id': 39, 'owner': 'acct_39'}",mock
0x022e3d0195d4e1dfef57848035bbeced1be3a299e58f7b30c843eda4e1482fc3,93000,1,UpdatePublished,"{'model_id': 'model_mnist_784_noniid', 'round': 0, 'ticket_id': 39, 'cid': 'sha256:f6bf9b364b3bd295584abdcfff89434cb0b430fcd32f6f81627d97c0d95d1360'}",mock
0x880a0545d1bc53526357f63271d23c751e5c58309f1657556b06de352f568de0,86000,1,TicketReserved,"{'model_id': 'model_mnist_784_noniid', 'round': 0, 'ticket_id': 40, 'owner': 'acct_40'}",mock
0x301537a59eb9db0a4cf457260e8f35cc121227fdfe864373c924eda667b44221,93000,1,UpdatePublished,"{'model_id': 'model_mnist_784_noniid', 'round': 0, 'ticket_id': 40, 'cid': 'sha256:c91d62756916241b04203dbcae7799862124dc8e5c5b785cda1765375d14d48a'}",mock
0xcc2910efbf12eac1405cb167a1e8924acba165dfa60d902dc8a84fca058c9a60,86000,1,TicketReserved,"{'model_id': 'model_mnist_784_noniid', 'round': 0, 'ticket_id': 41, 'owner': 'acct_41'}",mock
0x9318dbd2b7d99a4cfc8b1254cd980f71c7a0325bd2deb0ca1274ba282fe61ec1,93000,1,UpdatePublished,"{'model_id': 'model_mnist_784_noniid', 'round': 0, 'ticket_id': 41, 'cid': 'sha256:e7b44acf642ac8c56ee9e7b6ba82aa655f588cf6bbf56488bdd15e1d65959744'}",mock
0xff14853a374cdcea37ce43e3f81170f41734337e384914d9d57a04a8f9702c36,86000,1,TicketReserved,"{'model_id': 'model_mnist_784_noniid', 'round': 0, 'ticket_id': 42, 'owner': 'acct_42'}",mock
0xcb04fab68ece97b9816a886e5865ea62d9c9fb69d3afdff8ed3b556e50ef17e9,93000,1,UpdatePublished,"{'model_id': 'model_mnist_784_noniid', 'round': 0, 'ticket_id': 42, 'cid': 'sha256:e2dcad292c679e9c6543db1a942653aa3d0c190f9b7cf70ba805d35cb8980911'}",mock
0x9ea859dc07d20da2e29cd5dea545f8d84a483099e0667bd1d8be669cde8fc352,86000,1,TicketReserved,"{'model_id': 'model_mnist_784_noniid', 'round': 0, 'ticket_id': 43, 'owner': 'acct_43'}",mock
0x5a554c3d673af16b1bf292b68a0686c6e3314b9455056ee43be237857f0c8b3e,93000,1,UpdatePublished,"{'model_id': 'model_mnist_784_noniid', 'round': 0, 'ticket_id': 43, 'cid': 'sha256:c32e3ae73ddd89400279bc68637e746dff87b726859c5d393d083e2b11a90a83'}",mock
0x674e731dc78adaf01b8a58f8cda480c2d6696061599287cd1979a30c7d1ec071,86000,1,TicketReserved,"{'model_id': 'model_mnist_784_noniid', 'round': 0, 'ticket_id': 44, 'owner': 'acct_44'}",mock
0x8a6cf72100b237e9d9e1776c46c9f41f07f3b5c1c33e23a6c6d345f5be3bb229,93000,1,UpdatePublished,"{'model_id': 'model_mnist_784_noniid', 'round': 0, 'ticket_id': 44, 'cid': 'sha256:17eabfcc37a7bd8aeac6bb99aba4d221b37eaea3ad711d0b4ef5581e7f8ce7cc'}",mock
0xcba236cbd0e1445a38241478d5e4762dcb4bcfdc7a9ffa4de3066a4a80696854,86000,1,TicketReserved,"{'model_id': 'model_mnist_784_noniid', 'round': 0, 'ticket_id': 45, 'owner': 'acct_45'}",mock
0x9782d89232fedcdbacd68e24164ac153478c5b58b1805c46b4d9468a353271e7,93000,1,UpdatePublished,"{'model_id': 'model_mnist_784_noniid', 'round': 0, 'ticket_id': 45, 'cid': 'sha256:939126d24abe161954c782b37778f0712d090fcbf6b120bae94fbf6a18c69171'}",mock
0x5050e427fdc7104090cd4d672a6f669b16e796c3f099f7360c230cb74d5165cc,86000,1,TicketReserved,"{'model_id': 'model_mnist_784_noniid', 'round': 0, 'ticket_id': 46, 'owner': 'acct_46'}",mock
0x1b6ff9b0a1d13f7f22f5dc2ebd74d9c660ab0c665fe9a4d824c3e84d661340da,93000,1,UpdatePublished,"{'model_id': 'model_mnist_784_noniid', 'round': 0, 'ticket_id': 46, 'cid': 'sha256:2ac8193a267476d0b07bb2ca83a884a90ae5256fd9ade7d819a052c0388477d3'}",mock
0x7f40204fd38c41e5a1ddad74825953c2bee49eede9475a12169c557708a85f35,86000,1,TicketReserved,"{'model_id': 'model_mnist_784_noniid', 'round': 0, 'ticket_id': 47, 'owner': 'acct_47'}",mock
0x75016efeb50385148b4aa09b3ed1a1c16015b2d5835ff59e44b424c77658e2dc,93000,1,UpdatePublished,"{'model_id': 'model_mnist_784_noniid', 'round': 0, 'ticket_id': 47, 'cid': 'sha256:1b31c6e2d6f46b78d8c5b8657e76b77fbc08a1e3f216ac7daeeebbd50d691d69'}",mock
0x2212c0d2d952b0feb7f8d9a248075fa265a41463b34140493148409e18e7b403,86000,1,TicketReserved,"{'model_id': 'model_mnist_784_noniid', 'round': 0, 'ticket_id': 48, 'owner': 'acct_48'}",mock
0xa21b2ee6ab9fab628f5a864deda5df3086c6c11095dea22711504fca7c182155,93000,1,UpdatePublished,"{'model_id': 'model_mnist_784_noniid', 'round': 0, 'ticket_id': 48, 'cid': 'sha256:2dcc6eb63274df857c4d07397affee24c2f49ebc284164c61843d72f5fa6ba61'}",mock
0xb12042b71ce2b540af4d135bfb20a92f4414a0ff9d81fcca7224cd59d2679252,86000,1,TicketReserved,"{'model_id': 'model_mnist_784_noniid', 'round': 0, 'ticket_id': 49, 'owner': 'acct_49'}",mock
0x342a55ece6b234ab5874b377ea7c4d71beffa915db2c1cf0b5a17bdd01cd1314,93000,1,UpdatePublished,"{'model_id': 'model_mnist_784_noniid', 'round': 0, 'ticket_id': 49, 'cid': 'sha256:9b8f4975a9adbd41d04583666f348c2f6e03e7c6fd1b22c95b8a9bd45a5f73fd'}",mock
0x3e1116adcd604489d4b3c2a40cfaf8a29989fe693cec69e66af502ed1f632d37,86000,1,TicketReserved,"{'model_id': 'model_mnist_784_noniid', 'round': 0, 'ticket_id': 50, 'owner': 'acct_50'}",mock
0x5e5a149edfd60aaa5dd10abb722668b2d99de7d33f4ca3f904acf556d9068b4e,93000,1,UpdatePublished,"{'model_id': 'model_mnist_784_noniid', 'round': 0, 'ticket_id': 50, 'cid': 'sha256:c154a943246aaa272da862b2f730605fe0679dc5ca25286f6231da9fa89ab8bf'}",mock
0x68a27c3a5192aeb061e393f8526bd3fd5ef828315799fa0e914cb4d820722a84,1125000,1,RoundFinalized,"{'model_id': 'model_mnist_784_noniid', 'round': 0, 'included': 50, 'refunds': 50}",mock
0x71f665feda0d3d7cb720fe4d93348d1cdc22701e10016d37e7acd279334fa579,52000,1,RoundFunded,"{'model_id': 'model_mnist_784_noniid', 'amount_wei': 10000000000000000}",mock
0xe9f360bb96bb82d8e07d15b01ff2c0988a7851ffeed2f49099854a91dbaa118a,86000,1,TicketReserved,"{'model_id': 'model_mnist_784_noniid', 'round': 1, 'ticket_id': 51, 'owner': 'acct_1'}",mock
0x286d733d1e0ac785c497809cebf830a90b9db2d56c75c9410da7deb6cf2827df,93000,1,UpdatePublished,"{'model_id': 'model_mnist_784_noniid', 'round': 1, 'ticket_id': 51, 'cid': 'sha256:1e26644c9a6e8599489589a8579f552d4adfa4273a76a35bb120aa75fc5ddcc6'}",mock
0x11d9d8862a66de95c71548bf12b4563eabfe8b618e4fe6caaaa9067ad7444fe0,86000,1,TicketReserved,"{'model_id': 'model_mnist_784_noniid', 'round': 1, 'ticket_id': 52, 'owner': 'acct_2'}",mock
0x0c7a1d57f44b087ef52181039caad0e29cab6ede0464c7441c7f39b2d1547dac,93000,1,UpdatePublished,"{'model_id': 'model_mnist_784_noniid', 'round': 1, 'ticket_id': 52, 'cid': 'sha256:39720575eb1219e64e9fbe96900f3ee4f99147ec1372c04a2a9b8ff3a295d44c'}",mock
0xc8096c3545211682205ae445a310f45b528a03262dc2f4eafb57670e024ee44a,86000,1,TicketReserved,"{'model_id': 'model_mnist_784_noniid', 'round': 1, 'ticket_id': 53, 'owner': 'acct_3'}",mock
0xfcdc62619bfb3d3df0609fe82f4fc67d8eb5d09a42db51bbdcab9428e668d3c2,93000,1,UpdatePublished,"{'model_id': 'model_mnist_784_noniid', 'round': 1, 'ticket_id': 53, 'cid': 'sha256:a1a3b6ab8095e2f78f6e848004e9a74b2ba8b39530d68cb7c2b08866a66ada9b'}",mock
0xe6ea3d71d2394bcfb92000c1a23ca411fe32012f17321831464477e379cb90f3,86000,1,TicketReserved,"{'model_id': 'model_mnist_784_noniid', 'round': 1, 'ticket_id': 54, 'owner': 'acct_4'}",mock
0x0639509d51db49e5de75e2464d52604a7314360316846e4f4c055e7f0a779180,93000,1,UpdatePublished,"{'model_id': 'model_mnist_784_noniid', 'round': 1, 'ticket_id': 54, 'cid': 'sha256:ffde66174d67124c26ce690fe6680aae1820a172a2853394d84ca4d6b1ec552f'}",mock
0xf7d057095451716772256ac8e0daf65852efdc6e39ac49c105c42d32d9ed72ef,86000,1,TicketReserved,"{'model_id': 'model_mnist_784_noniid', 'round': 1, 'ticket_id': 55, 'owner': 'acct_5'}",mock
0xe485fdf20d037cc1fdd7fa2ffb2810f17378f78d135035708e63c3b82241803c,93000,1,UpdatePublished,"{'model_id': 'model_mnist_784_noniid', 'round': 1, 'ticket_id': 55, 'cid': 'sha256:e1062258d62b07e8811f6b0485e142c32eac5c11a15e4c3f65648c0030607587'}",mock
0x66c1919e693ad733bd04478d36aeee91d02b9aa762535b1b1215ea8c810de330,86000,1,TicketReserved,"{'model_id': 'model_mnist_784_noniid', 'round': 1, 'ticket_id': 56, 'owner': 'acct_6'}",mock
0x517cc36bc8c552c90fc506d7cac2616ea75342c78b19550e366d465af8b0ae7f,93000,1,UpdatePublished,"{'model_id': 'model_mnist_784_noniid', 'round': 1, 'ticket_id': 56, 'cid': 'sha256:7c31e418e5907d9f956ce1c9ef3564769f964bd2d39f608fcbfef06dc104c32a'}",mock
0x2de7fa4aa3a7ac860d4eb4e02088a111b63b39adcdff23c89887f5dab20d092e,86000,1,TicketReserved,"{'model_id': 'model_mnist_784_noniid', 'round': 1, 'ticket_id': 57, 'owner': 'acct_7'}",mock
0xe06f6adbfdf250c5ed93359043ae1dbfc8850f31173a9fd7689264fec3f513d7,93000,1,UpdatePublished,"{'model_id': 'model_mnist_784_noniid', 'round': 1, 'ticket_id': 57, 'cid': 'sha256:c59b2600022447d91a093cc8f6bad49b32ddbde8c7359e84b0de2f5516baaf3c'}",mock
0x53a9efe66510937982e8e0815b84ba945e463843363f278b1438212d2b3fc5bc,86000,1,TicketReserved,"{'model_id': 'model_mnist_784_noniid', 'round': 1, 'ticket_id': 58, 'owner': 'acct_8'}",mock
0xb54aae3a17a84b6e709d03e550c2f190515e224249124aaf5034d2f8cc1a5c24,93000,1,UpdatePublished,"{'model_id': 'model_mnist_784_noniid', 'round': 1, 'ticket_id': 58, 'cid': 'sha256:ea3c53a70724f92a98c674619cfbce59f63f02890b14ce3767442c96c474d81b'}",mock
0xa7fc49b9e4a4cfaa2be035567bf95823216f1b957c99af6a06dcac3a86e4c37a,86000,1,TicketReserved,"{'model_id': 'model_mnist_784_noniid', 'round': 1, 'ticket_id': 59, 'owner': 'acct_9'}",mock
0x1b94dc35e42d106ed6374fa1e9e817045b0a9cb21f4d4c609445a6165331c90c,93000,1,UpdatePublished,"{'model_id': 'model_mnist_784_noniid', 'round': 1, 'ticket_id': 59, 'cid': 'sha256:cd01120815329037bb39f0f845268ca1b8cd02f8b7805a4287f4bd8b8c2ac7b2'}",mock
0x1e59ce6428f1d6ca2b3059b080398d9cd4819b9eceb0d9b5eeef854afa128b05,86000,1,TicketReserved,"{'model_id': 'model_mnist_784_noniid', 'round': 1, 'ticket_id': 60, 'owner': 'acct_10'}",mock
0xf54e3523fed8bc1d3ed129d43884143b6b9f458580031c6d82d9e637df48777d,93000,1,UpdatePublished,"{'model_id': 'model_mnist_784_noniid', 'round': 1, 'ticket_id': 60, 'cid': 'sha256:ad0750780ebac5a7bb64fc3f1f8e1c87a7f54d58d8618097af7edf1124eaa217'}",mock
0x9ddc49ef581cd310bfaa831e026413dce87fda6b4db68a0c3b4c6a9459241d95,86000,1,TicketReserved,"{'model_id': 'model_mnist_784_noniid', 'round': 1, 'ticket_id': 61, 'owner': 'acct_11'}",mock
0x23a3f53b505afabc4675fa3de8363a183794e1d224945380faaba4c2c6d84ad8,93000,1,UpdatePublished,"{'model_id': 'model_mnist_784_noniid', 'round': 1, 'ticket_id': 61, 'cid': 'sha256:f15bffd04650a2d14dbd16e976abb460802e67a4aceae5b2749c6ea56637a37d'}",mock
0x32402d2fdb064c29c9d8a06e03277e62012470d64c72789007402a1731575c71,86000,1,TicketReserved,"{'model_id': 'model_mnist_784_noniid', 'round': 1, 'ticket_id': 62, 'owner': 'acct_12'}",mock
0xf67b92cfeee82531aa824550a8574c7b421466e8db709547ebc9c09702cd9cbb,93000,1,UpdatePublished,"{'model_id': 'model_mnist_784_noniid', 'round': 1, 'ticket_id': 62, 'cid': 'sha256:fc1f57ebbe91222a7203ae8c0117dec87aaf92d5032ef4743d8b113897549c7b'}",mock
0xb20bff4eb64f0437cbae9039dcfc12918f98e3904c8480c9e0f2f2ed08da94de,86000,1,TicketReserved,"{'model_id': 'model_mnist_784_noniid', 'round': 1, 'ticket_id': 63, 'owner': 'acct_13'}",mock
0x357bcb92de24e9c19dc3f5d46fcf7d8b447b20f1be40b3233e2eeaf24c6d2703,93000,1,UpdatePublished,"{'model_id': 'model_mnist_784_noniid', 'round': 1, 'ticket_id': 63, 'cid': 'sha256:f8bb77be9bb766ce83e52a980f5c94c87106daa5898eb792ba858a75554d0939'}",mock
0x100e4cf85e7b52e036e6bafcdd304262bdef658822f55d23f8f35cc249c3bf27,86000,1,TicketReserved,"{'model_id': 'model_mnist_784_noniid', 'round': 1, 'ticket_id': 64, 'owner': 'acct_14'}",mock
0x524a33b2602471b2a1e0fc187414ff9bba14879a2565e9d5d8160d1f3a43f550,93000,1,UpdatePublished,"{'model_id': 'model_mnist_784_noniid', 'round': 1, 'ticket_id': 64, 'cid': 'sha256:5a125efa27c7bd437abeb64c9f0072c0f92b9bc473d11b35cb613323d12993f4'}",mock
0xef14ebe3384ec4ec693f8142c47dbb3cc8d8cbcca880cc39015ea18b0e410fae,86000,1,TicketReserved,"{'model_id': 'model_mnist_784_noniid', 'round': 1, 'ticket_id': 65, 'owner': 'acct_15'}",mock
0x9ddf67b72775880112e40844287ea6a9deb1ba2d4ae3f7aa8203a6d34a2257a7,93000,1,UpdatePublished,"{'model_id': 'model_mnist_784_noniid', 'round': 1, 'ticket_id': 65, 'cid': 'sha256:0d5797d8345a0b86f07755676e7cbce0f22cddbf943fb88539e7b2143332f75c'}",mock
0xff0751f9c38f6e3a40ddb97c1e5e2d6bc7d037d62f3f2b9e60cad055535d5084,86000,1,TicketReserved,"{'model_id': 'model_mnist_784_noniid', 'round': 1, 'ticket_id': 66, 'owner': 'acct_16'}",mock
0x73a0050b66056300130345a106016e349eb9fb8f919e22dfcf2d58cf8e74186c,93000,1,UpdatePublished,"{'model_id': 'model_mnist_784_noniid', 'round': 1, 'ticket_id': 66, 'cid': 'sha256:b2fed5067135fc6b69c9142ffdbfb57a06d6813ed5c85e74ab7cc47d8eefe7a2'}",mock
0x725f50c4d57033ba9bd942591478bd7798dd8737341fb4c30a26858abc8a1180,86000,1,TicketReserved,"{'model_id': 'model_mnist_784_noniid', 'round': 1, 'ticket_id': 67, 'owner': 'acct_17'}",mock
0x81aa6ebd6946ba006e23b2e7c1301191ce2782e5a3edae35634ddc9f8a9ca08c,93000,1,UpdatePublished,"{'model_id': 'model_mnist_784_noniid', 'round': 1, 'ticket_id': 67, 'cid': 'sha256:d7ce5b885470bb4ccccd4a1e136f482fa4e427ab41ca108bf33b759d6e8319e2'}",mock
0xaf4794b233b398cd4c8cab5fd9ff8e19e39caa6d04e84ae565c823e292345f70,86000,1,TicketReserved,"{'model_id': 'model_mnist_784_noniid', 'round': 1, 'ticket_id': 68, 'owner': 'acct_18'}",mock
0xbd974c45f792d668020e3dac9b9c21e2b8e4d815710a9e87a4d1a4b7ea98ac0e,93000,1,UpdatePublished,"{'model_id': 'model_mnist_784_noniid', 'round': 1, 'ticket_id': 68, 'cid': 'sha256:4bfb186c0a0873c664513de97096722262ad4aa8d5a005bdcded06e89eda6786'}",mock
0x1cf4865b3cd8bcfc86ae26314a00e477c92638a13822a799d0f471ea51b1117d,86000,1,TicketReserved,"{'model_id': 'model_mnist_784_noniid', 'round': 1, 'ticket_id': 69, 'owner': 'acct_19'}",mock
0x55e5c160e51dc05450e293ae52f136ddca3173ca4b7b76d3dacde0778b0a9684,93000,1,UpdatePublished,"{'model_id': 'model_mnist_784_noniid', 'round': 1, 'ticket_id': 69, 'cid': 'sha256:1368d199ddfcd1a77f7440d40e012c54361e0ea5bdb3fe23da25ce1519cad9bd'}",mock
0x98400e108caf904d012c66340532dbf5adde4fa7c9ee2ba8fd2c4b7baaa4cc86,86000,1,TicketReserved,"{'model_id': 'model_mnist_784_noniid', 'round': 1, 'ticket_id': 70, 'owner': 'acct_20'}",mock
0xa79a43466db335450744001ecce0c86a42ab2df8ad343733b4b2b81638b03f35,93000,1,UpdatePublished,"{'model_id': 'model_mnist_784_noniid', 'round': 1, 'ticket_id': 70, 'cid': 'sha256:f75d4ee2fa5b68e9404f52898f7df00c7ce4a99f82c393d1c10f9c9e86266e1b'}",mock
0x250e725725530c5ae7f85ef890f4bdbc11790da255a8d43598a6317f5fb65fb5,86000,1,TicketReserved,"{'model_id': 'model_mnist_784_noniid', 'round': 1, 'ticket_id': 71, 'owner': 'acct_21'}",mock
0xb8f19cea1555a494eeea8f5f8bc68e271f4a81880549060bde5271a9454a0d83,93000,1,UpdatePublished,"{'model_id': 'model_mnist_784_noniid', 'round': 1, 'ticket_id': 71, 'cid': 'sha256:3bc7b33bd5c08e65848ace6a48c13d332dd006e49de1f8816f7bea1eb3e8b5e0'}",mock
0x95a8bbbf4b3a230c53a0acd23dbbcf8d910bdc32e97015d88815b03b97fbca8a,86000,1,TicketReserved,"{'model_id': 'model_mnist_784_noniid', 'round': 1, 'ticket_id': 72, 'owner': 'acct_22'}",mock
0xb40495e8672ec0e43631dad4829c6f0f319a8986c61e992990420e7c61f377f0,93000,1,UpdatePublished,"{'model_id': 'model_mnist_784_noniid', 'round': 1, 'ticket_id': 72, 'cid': 'sha256:555f64727b57978f5926eb8c5d53b9ab68754f26dc49e7dc0dd2e8cf4818f185'}",mock
0x692be76086283cf4eb9ade8b3dbc8959ddb121d24d4fcedb3bf6167fdb483f00,86000,1,TicketReserved,"{'model_id': 'model_mnist_784_noniid', 'round': 1, 'ticket_id': 73, 'owner': 'acct_23'}",mock
0xc5bd9dbcd9f8e45827fd6660c7baf4d77eaae9f8e3e617c2b6e68d6a15fd740b,93000,1,UpdatePublished,"{'model_id': 'model_mnist_784_noniid', 'round': 1, 'ticket_id': 73, 'cid': 'sha256:8e3c0d4b05bdd783b451dbdd1bcf9ddf095435abcac750a76555bc0282f0ffd4'}",mock
0x244c9eb6cbdb6a9862195e6e9da67eb33bc660124753a9b9074f35bd7a144a77,86000,1,TicketReserved,"{'model_id': 'model_mnist_784_noniid', 'round': 1, 'ticket_id': 74, 'owner': 'acct_24'}",mock
0xe1ad890aebfe5e1df079bba02fa54b3b74c057aaf9b9998b3a063bf7b2b10ae6,93000,1,UpdatePublished,"{'model_id': 'model_mnist_784_noniid', 'round': 1, 'ticket_id': 74, 'cid': 'sha256:689a0272b92452d4ee4d6c296609c7a9f2635934ea09f4a6e801a369f279ff17'}",mock
0x651702d8ed769d989acf6498ff1cec66dcaefa6348310bc8f7bbdbf4238b898d,86000,1,TicketReserved,"{'model_id': 'model_mnist_784_noniid', 'round': 1, 'ticket_id': 75, 'owner': 'acct_25'}",mock
0xc00e03d6e852e48611b8b67469998304fa2e0f598fa985d4827d436b70bcca41,93000,1,UpdatePublished,"{'model_id': 'model_mnist_784_noniid', 'round': 1, 'ticket_id': 75, 'cid': 'sha256:7e2bf78811e331e338f75754ce496c53e111d73d408d4afeeda4e22bcaae96db'}",mock
0x734c14811e1f8302fa6dc4bb8e211f2a14f8ea5237df7bf5a5a0da8fae17e86c,86000,1,TicketReserved,"{'model_id': 'model_mnist_784_noniid', 'round': 1, 'ticket_id': 76, 'owner': 'acct_26'}",mock
0xd04288f5be87b7a39b3e0c63d3cd519dd3e80bf3fefd8f026a86fb8cb1f4e0d2,93000,1,UpdatePublished,"{'model_id': 'model_mnist_784_noniid', 'round': 1, 'ticket_id': 76, 'cid': 'sha256:6fe701de913346b6ada9b39e06a69e55123709943e5316b19895f62c9a191501'}",mock
0x6e7f0bf90e68ca166d43df04f15e6661f9e53e38ed377dffdfb70b0f688024bc,86000,1,TicketReserved,"{'model_id': 'model_mnist_784_noniid', 'round': 1, 'ticket_id': 77, 'owner': 'acct_27'}",mock
0x6820ee982a956491674e3094347caa479be1a3710ed12861a0b18f19b13adbda,93000,1,UpdatePublished,"{'model_id': 'model_mnist_784_noniid', 'round': 1, 'ticket_id': 77, 'cid': 'sha256:60c3781b6e858e2f4718220e2762d56883e0b309b0462544bf71376e51271644'}",mock
0xc83d22fc3e73958b07c7c534e7854ee4817a2672f2c8324652ece248ef2d6d53,86000,1,TicketReserved,"{'model_id': 'model_mnist_784_noniid', 'round': 1, 'ticket_id': 78, 'owner': 'acct_28'}",mock
0xbecd754279e7c70143cfa3dd91f96b5bf0ff610e8868bb526014faee3945eb3f,93000,1,UpdatePublished,"{'model_id': 'model_mnist_784_noniid', 'round': 1, 'ticket_id': 78, 'cid': 'sha256:0b47a318292a1d9791ccec9526a9929316ce33637a1d169862722d5d5db78209'}",mock
0xac8eff649b3f61492967b87591ed26616b7caafdbec8b26f3c01c2ab0f4f25f7,86000,1,TicketReserved,"{'model_id': 'model_mnist_784_noniid', 'round': 1, 'ticket_id': 79, 'owner': 'acct_29'}",mock
0x156d5add0e5b182cfc5a6c933bb3c2de85d5b009ec4c784873454907e5950ac2,93000,1,UpdatePublished,"{'model_id': 'model_mnist_784_noniid', 'round': 1, 'ticket_id': 79, 'cid': 'sha256:9b61a0a8f66e1d358d557aff09a3892598a0b1ef32ad770bab4a88bcb7a8d1c8'}",mock
0x7c98478858802fd35da0a6ed592e6e12297a92635233c55e6707bf5c33063b7e,86000,1,TicketReserved,"{'model_id': 'model_mnist_784_noniid', 'round': 1, 'ticket_id': 80, 'owner': 'acct_30'}",mock
0xe20c00bbb3c3e1c746dcec622774c5c658841de2f3151a8f7abca2fe3ab821e8,93000,1,UpdatePublished,"{'model_id': 'model_mnist_784_noniid', 'round': 1, 'ticket_id': 80, 'cid': 'sha256:c48c6ec9e8d6af1747b659e2dcbd88722ddc4da2b574ff962d32ef068b977a4f'}",mock
0x361b033c744454e8f662c1022e6fb78862f7b703fcbe49776954f571a7228e63,86000,1,TicketReserved,"{'model_id': 'model_mnist_784_noniid', 'round': 1, 'ticket_id': 81, 'owner': 'acct_31'}",mock
0x32e6ccfcc2140c1c87d6327878650756abd50e0d9d36bdc227bfe3bf7d491557,93000,1,UpdatePublished,"{'model_id': 'model_mnist_784_noniid', 'round': 1, 'ticket_id': 81, 'cid': 'sha256:09f4f778c711f566673fd5a9b49152b337a0827d9d8e671041d922810f0481f3'}",mock
0x2a34492a2df7691533370f5f794e4dbd0d81506930d466ca6278c67698704ba2,86000,1,TicketReserved,"{'model_id': 'model_mnist_784_noniid', 'round': 1, 'ticket_id': 82, 'owner': 'acct_32'}",mock
0x182fa5e45f993f9ee3c9720811ef7a81280bc2c4b2ce8218850ffb50eea21a09,93000,1,UpdatePublished,"{'model_id': 'model_mnist_784_noniid', 'round': 1, 'ticket_id': 82, 'cid': 'sha256:eecc6c0980d46fb9dfe615e79a0f585e7a7deaf5d32b378c71502180ce6933e2'}",mock
0xf8abb91328cfb43f380483969b6624bf4c1ca9bbce54a507ddb3977dd9c260f4,86000,1,TicketReserved,"{'model_id': 'model_mnist_784_noniid', 'round': 1, 'ticket_id': 83, 'owner': 'acct_33'}",mock
0xe45b0d0b0b9d4d82318ebb85eab1e63127420eb45a43b93a5f5019a2fd9168c9,93000,1,UpdatePublished,"{'model_id': 'model_mnist_784_noniid', 'round': 1, 'ticket_id': 83, 'cid': 'sha256:1a5dca8359f051b80819a4c0f8dd47e5c8d3f35c5593c96e350f0648606a8540'}",mock
0x77854a1028e1c007842c6320f796fe447d5bec511660f48e48658c2d2a9734ba,86000,1,TicketReserved,"{'model_id': 'model_mnist_784_noniid', 'round': 1, 'ticket_id': 84, 'owner': 'acct_34'}",mock
0x30c6679f3376fc19a0deea44b3b3eeaed3a2056ce4e09af2d456c17c67390832,93000,1,UpdatePublished,"{'model_id': 'model_mnist_784_noniid', 'round': 1, 'ticket_id': 84, 'cid': 'sha256:48581eb0f7c412245645d6af41ad10915f35e75734312bd998455ec4513ea75f'}",mock
0x229d300ddc2aef5f61ef70ee50f8747d5ac15769766b336b1d6de4e268f8f41d,86000,1,TicketReserved,"{'model_id': 'model_mnist_784_noniid', 'round': 1, 'ticket_id': 85, 'owner': 'acct_35'}",mock
0x26b037eb1e5cc2a9436ab9092b91b927edbc21bed2b5db8d55be4ae00384c1f7,93000,1,UpdatePublished,"{'model_id': 'model_mnist_784_noniid', 'round': 1, 'ticket_id': 85, 'cid': 'sha256:656accd7cc16900aff66f87895406b5ee0b7df9d0cf5ec9778f95ce5297456c5'}",mock
0xe0dc2e6fe3581081bffed1da0eacc65f405cfc8964d24b933b159eb3208c88dd,86000,1,TicketReserved,"{'model_id': 'model_mnist_784_noniid', 'round': 1, 'ticket_id': 86, 'owner': 'acct_36'}",mock
0x0a5a1d3a9216bb8f0115e7a62de48a227f7e7643c5e4928b0d421916dbbb320e,93000,1,UpdatePublished,"{'model_id': 'model_mnist_784_noniid', 'round': 1, 'ticket_id': 86, 'cid': 'sha256:f4f7f744cb5d961f5704dfcbfd934ffd460d4e20b67e22f00a9def4dcfe5b9f7'}",mock
0x2bcfd7566d1cddaf2f3bbe2ebba4f8f17c4df33fec0c25ad16a2224ea4b857ed,86000,1,TicketReserved,"{'model_id': 'model_mnist_784_noniid', 'round': 1, 'ticket_id': 87, 'owner': 'acct_37'}",mock
0x60e7547949bc65be6c4434a1820fd754a185581dc597d375fe393e1d62ee3b3e,93000,1,UpdatePublished,"{'model_id': 'model_mnist_784_noniid', 'round': 1, 'ticket_id': 87, 'cid': 'sha256:434b47696ee30b44c06fbb92902e0f5eca94b325c197940a604fa41b57d8291b'}",mock
0xf5f53a85bfe6b7e427610b460233e7be60498a2a54ba2010ad231de31bf144ca,86000,1,TicketReserved,"{'model_id': 'model_mnist_784_noniid', 'round': 1, 'ticket_id': 88, 'owner': 'acct_38'}",mock
0xb968a521067b68393d34b0fed22164de8d3c723f37bd16e16d0b486119174fb3,93000,1,UpdatePublished,"{'model_id': 'model_mnist_784_noniid', 'round': 1, 'ticket_id': 88, 'cid': 'sha256:aa5a498c073ece39b505ca1884af6feecf6cccb1e0399340cae4a37690f7d0b5'}",mock
0x2c78d44b585c2d8cb7e2cd160b21bf585685ffcd8e166333d39be1a3f59eef3a,86000,1,TicketReserved,"{'model_id': 'model_mnist_784_noniid', 'round': 1, 'ticket_id': 89, 'owner': 'acct_39'}",mock
0x492b5e3e1d72a880ab81a37dd23c5b951bc11f3ce6cfce2c337ca18fe5989908,93000,1,UpdatePublished,"{'model_id': 'model_mnist_784_noniid', 'round': 1, 'ticket_id': 89, 'cid': 'sha256:8f296657d8148320d8b5c9d7afb25b5c78a3699cadf5bd914c334fe23699b2d2'}",mock
0x422b8000d2f0dbb4c833db06230723650777d83b890ed6182d08aa3c6b4ffa92,86000,1,TicketReserved,"{'model_id': 'model_mnist_784_noniid', 'round': 1, 'ticket_id': 90, 'owner': 'acct_40'}",mock
0x07f260966f24189b0ded05a9aeb633098d783a0a4a7e941e2fa4103b0f5f2a2f,93000,1,UpdatePublished,"{'model_id': 'model_mnist_784_noniid', 'round': 1, 'ticket_id': 90, 'cid': 'sha256:6874a89c138812ea89f60ef444c637a00f7d02a973af9a33ec7963520c2aea85'}",mock
0x30bc77af512a193ea7d2f6dcf1ebc27689cbb3e57393290d1ad0a785068a2b15,86000,1,TicketReserved,"{'model_id': 'model_mnist_784_noniid', 'round': 1, 'ticket_id': 91, 'owner': 'acct_41'}",mock
0x30a2e7a595bf8f7f6dca91ccc409f15ff7829339765fcf57e96c3960ae4c9e91,93000,1,UpdatePublished,"{'model_id': 'model_mnist_784_noniid', 'round': 1, 'ticket_id': 91, 'cid': 'sha256:23338cd44d19ba5983ba7c3c55e2cd408c45509c6f8dcc3e0006a34a0f34662e'}",mock
0xe76026244b7e0994bb9ba9f51e6669fd6caa4e334434df940b0bcbd70c85c201,86000,1,TicketReserved,"{'model_id': 'model_mnist_784_noniid', 'round': 1, 'ticket_id': 92, 'owner': 'acct_42'}",mock
0x7d8127968a35355a4b7d71567fbf0e79423cb353e66a96f538484be4326aeecd,93000,1,UpdatePublished,"{'model_id': 'model_mnist_784_noniid', 'round': 1, 'ticket_id': 92, 'cid': 'sha256:264ff5c337d5cbb33f673bad0d2f78728767f4f099ad0f814d7bbb47caabf639'}",mock
0xc92134fe66e2bbc6669b020811759e49082e8e67acdf7bcf64c327cefbe4ed81,86000,1,TicketReserved,"{'model_id': 'model_mnist_784_noniid', 'round': 1, 'ticket_id': 93, 'owner': 'acct_43'}",mock
0x13913597b570794ece57cc4820851635f90f8c63752054f00962078d62cd9c02,93000,1,UpdatePublished,"{'model_id': 'model_mnist_784_noniid', 'round': 1, 'ticket_id': 93, 'cid': 'sha256:6bd4a3e2d0909dc267b82b3594281c608a6a7e7a5988cac3f8b69cdf67a7adff'}",mock
0xb9a304f063ae89dce7dd4fd67082c16e466b6209ddf99fc8f57db0047138a508,86000,1,TicketReserved,"{'model_id': 'model_mnist_784_noniid', 'round': 1, 'ticket_id': 94, 'owner': 'acct_44'}",mock
0xb903f800a1741804c665c57f22ab38fe4ee0811d05870a8d0d184b28ebb5ca73,93000,1,UpdatePublished,"{'model_id': 'model_mnist_784_noniid', 'round': 1, 'ticket_id': 94, 'cid': 'sha256:e6c4b3d06bc40bec010de9537bd8d6a9852159ebc5e0c5f6832506153f7fb773'}",mock
0xf0294249f3cefa8e0581fb837eecd3b77827a632ba5e5349b0c653c46ab43965,86000,1,TicketReserved,"{'model_id': 'model_mnist_784_noniid', 'round': 1, 'ticket_id': 95, 'owner': 'acct_45'}",mock
0x4bd464ff5b63221e6e1937965d9fdf14d6681efca13235f06d5dbca4c7e028c4,93000,1,UpdatePublished,"{'model_id': 'model_mnist_784_noniid', 'round': 1, 'ticket_id': 95, 'cid': 'sha256:7fb814f084e1803c381add634d59073487f397025aece7b6e4262071850300cb'}",mock
0x436889d1477cbcfa367689431be117bf2b2b8365cec8d12cb623f1263aa8921b,86000,1,TicketReserved,"{'model_id': 'model_mnist_784_noniid', 'round': 1, 'ticket_id': 96, 'owner': 'acct_46'}",mock
0x74917b23713bc0a1f85b7acfbea649f326217425777aad4e51a2a554ed5a89a6,93000,1,UpdatePublished,"{'model_id': 'model_mnist_784_noniid', 'round': 1, 'ticket_id': 96, 'cid': 'sha256:f43b2a99a77084fd649fba40d6a93c0000711cb127bdce6ce863c1c04186d883'}",mock
0x7685068a5a3bdb901beef14a2a37fc0509def5396ff332e3fa124a65f4689b84,86000,1,TicketReserved,"{'model_id': 'model_mnist_784_noniid', 'round': 1, 'ticket_id': 97, 'owner': 'acct_47'}",mock
0x498569f846e1e994fd3f2c435ccbdbcd8143f677add87d00805274eb04e91fd1,93000,1,UpdatePublished,"{'model_id': 'model_mnist_784_noniid', 'round': 1, 'ticket_id': 97, 'cid': 'sha256:d180b0ae795dacbb683554dd42ef4fc5fcd921f1c832a8a19fece1f9316e27a6'}",mock
0xf9668b61fb0c4eeb4ed4bb74c08895ada523a15ef37d84aa4d8f97f0d2766db9,86000,1,TicketReserved,"{'model_id': 'model_mnist_784_noniid', 'round': 1, 'ticket_id': 98, 'owner': 'acct_48'}",mock
0xc4293acaa5abdf500590dc8e8fe6198303a4e36f7e6c898d8190396ab74d3e87,93000,1,UpdatePublished,"{'model_id': 'model_mnist_784_noniid', 'round': 1, 'ticket_id': 98, 'cid': 'sha256:58e469c245f77eb1027f4ea59e5a850d69ca720d92ec99a93e6053657ab95382'}",mock
0xd39d755a5f639dcd55143bf8fad453a76936c9fc3e5642c1c845961d71a84a38,86000,1,TicketReserved,"{'model_id': 'model_mnist_784_noniid', 'round': 1, 'ticket_id': 99, 'owner': 'acct_49'}",mock
0xcc9d1e3426848cd0a8615c53ab84905f75078fd4e6541591495fa4738f250856,93000,1,UpdatePublished,"{'model_id': 'model_mnist_784_noniid', 'round': 1, 'ticket_id': 99, 'cid': 'sha256:0ee7c8c839f8955131b0309f71b71a78af48eef430b346e769d38fbacb299f3a'}",mock
0x8336c84979745cf9a3a50f9f3f744fd03cb62690f26ece25a095b232058d842a,86000,1,TicketReserved,"{'model_id': 'model_mnist_784_noniid', 'round': 1, 'ticket_id': 100, 'owner': 'acct_50'}",mock
0x494f1faf55874d3c10175174a1a465aa01eace86cb9bcae8a15e700537d3225d,93000,1,UpdatePublished,"{'model_id': 'model_mnist_784_noniid', 'round': 1, 'ticket_id': 100, 'cid': 'sha256:ef5ffd8d7993b9795a452dbc1e01900b75fb3bc1ec0f400e5fd5afa275d99e91'}",mock
0xd5e8560e19af8e9ac8c568f3d42740633d27a75f3cfeea8caf88ebcfd94ea761,1125000,1,RoundFinalized,"{'model_id': 'model_mnist_784_noniid', 'round': 1, 'included': 50, 'refunds': 50}",mock
0xccec27948ecf60112e48c2580899cfc401411e2e782104b0531babc277aef74e,52000,1,RoundFunded,"{'model_id': 'model_mnist_784_noniid', 'amount_wei': 10000000000000000}",mock
0x78a6943ed2a973cf52c3bc7bdd398057d51b471e0cd521c1668400bc83d39867,86000,1,TicketReserved,"{'model_id': 'model_mnist_784_noniid', 'round': 2, 'ticket_id': 101, 'owner': 'acct_1'}",mock
0xd5166c114b276dfbb6f4ee463417657125051ee0eae8bd5eb7dfb0673d5a80c3,93000,1,UpdatePublished,"{'model_id': 'model_mnist_784_noniid', 'round': 2, 'ticket_id': 101, 'cid': 'sha256:ff55477307de83f4d38d912baedec37c0f7551678dbf306d947536734675848e'}",mock
0x2141564aa12bf6207614efca5b526938fed4353ee700c1b9dd0d4389595f08a5,86000,1,TicketReserved,"{'model_id': 'model_mnist_784_noniid', 'round': 2, 'ticket_id': 102, 'owner': 'acct_2'}",mock
0x249f360ace2241fcb1db3607c1bde05504af085499c6acd7722c1895b6446f50,93000,1,UpdatePublished,"{'model_id': 'model_mnist_784_noniid', 'round': 2, 'ticket_id': 102, 'cid': 'sha256:3a0fa85112358f7ff799126d028a4ed8fd38e32d89208f879f78a439c820acf4'}",mock
0x84edbb1a55b34c4372a3f680a13a73fa12cd4db86b430d97fffb9e72ff554b76,86000,1,TicketReserved,"{'model_id': 'model_mnist_784_noniid', 'round': 2, 'ticket_id': 103, 'owner': 'acct_3'}",mock
0x00cb0f13a26b8f46781bd19e814ab61246a0274ea8bf7c2c7cc26a95b5f6ec3d,93000,1,UpdatePublished,"{'model_id': 'model_mnist_784_noniid', 'round': 2, 'ticket_id': 103, 'cid': 'sha256:c85b424b4bf58a37951c41d170752699d924d25ef7074e5804a7b808d0a6f820'}",mock
0xd6c30133bfe8a680c89793e14e20610f75646de0e040049410e3506c6138875e,86000,1,TicketReserved,"{'model_id': 'model_mnist_784_noniid', 'round': 2, 'ticket_id': 104, 'owner': 'acct_4'}",mock
0xbc7b45e26edd81b3e0e966e8915a9cd4ff5ead862cadfc66e7e8215ccbfd50af,93000,1,UpdatePublished,"{'model_id': 'model_mnist_784_noniid', 'round': 2, 'ticket_id': 104, 'cid': 'sha256:4a1ddfa8afb39ce981e2d725fa0c612c318064717054a337495aac9618e065a3'}",mock
0x46b8065d063777460904bc77e20aaa64914b799cc69bf0282f004ffe86ebe69e,86000,1,TicketReserved,"{'model_id': 'model_mnist_784_noniid', 'round': 2, 'ticket_id': 105, 'owner': 'acct_5'}",mock
0x32e9aadccbcd229acc2a98be1f4950e6bad4a441bdc6f0074fee4db2f2baecf0,93000,1,UpdatePublished,"{'model_id': 'model_mnist_784_noniid', 'round': 2, 'ticket_id': 105, 'cid': 'sha256:0e77d5332a207a23aeab3a80be42abdbcba6dec4db1f20ecc1b2f4390b8d1dcf'}",mock
0x99d38fc48fea64180e27c2cbdf834fec287260b132c6c601490c7af12e7f2af0,86000,1,TicketReserved,"{'model_id': 'model_mnist_784_noniid', 'round': 2, 'ticket_id': 106, 'owner': 'acct_6'}",mock
0xb795fd3179957ff9a200a9d3d30d7cf7a82ee7e0cd3643dd357e1d21240e0a5a,93000,1,UpdatePublished,"{'model_id': 'model_mnist_784_noniid', 'round': 2, 'ticket_id': 106, 'cid': 'sha256:3fd6cba9748aded4a1022dbf228c425b297c82821372ec63fba970c0b2b651f3'}",mock
0xafaef37dd987a44bf949a968b7ece858a513d4fb511c7f246d4b5cd4c66a74cb,86000,1,TicketReserved,"{'model_id': 'model_mnist_784_noniid', 'round': 2, 'ticket_id': 107, 'owner': 'acct_7'}",mock
0x3337606a3766f9c2c51c97a010f72eb7dbef5c2c725a986f5e4f6a5ca197e997,93000,1,UpdatePublished,"{'model_id': 'model_mnist_784_noniid', 'round': 2, 'ticket_id': 107, 'cid': 'sha256:7170e2fbd772f678af8d4bd556df239b596540dc6e227455bddaef58ba39e1db'}",mock
0x965e8ef5766faf405c8b854d46ca5a125203249ac6fa958b962799051e459e74,86000,1,TicketReserved,"{'model_id': 'model_mnist_784_noniid', 'round': 2, 'ticket_id': 108, 'owner': 'acct_8'}",mock
0x94c6d3d91b5096eb0a47e9ee837866a0e0283db0d302d99b142f3e63169eaa51,93000,1,UpdatePublished,"{'model_id': 'model_mnist_784_noniid', 'round': 2, 'ticket_id': 108, 'cid': 'sha256:470f78a99a4e17fad4f6734efc2eef57b48080dfcc1768a3b23fb0144e0afbc2'}",mock
0x32d5cfe47776b2985b4620e70cb00107ba1078a3b45b807129189403030a93f3,86000,1,TicketReserved,"{'model_id': 'model_mnist_784_noniid', 'round': 2, 'ticket_id': 109, 'owner': 'acct_9'}",mock
0x453bddd04ab916b09a867833a31eafe23c724914062061ac51668e3ceecb2f83,93000,1,UpdatePublished,"{'model_id': 'model_mnist_784_noniid', 'round': 2, 'ticket_id': 109, 'cid': 'sha256:6d2556742e28329a970de5d7dc5bbb7172c1f11d59c31e7046f2a75aa96de8d0'}",mock
0xcaca70f4d044976f4209c07b7adf5f9887f1d6dbbd46fe5b2f4b2fdc094f6196,86000,1,TicketReserved,"{'model_id': 'model_mnist_784_noniid', 'round': 2, 'ticket_id': 110, 'owner': 'acct_10'}",mock
0xa804d7c2344764401c9a8383a3a99768ecd1a320023f22040166e412741f2a8f,93000,1,UpdatePublished,"{'model_id': 'model_mnist_784_noniid', 'round': 2, 'ticket_id': 110, 'cid': 'sha256:e67615e46ea83321cf752492b5aface59cbb758168c182c201c97a2bc6a1484f'}",mock
0x0bca25c553b00f210b158c652ff733d453174bcc7e253066b0bef4068e0f3c34,86000,1,TicketReserved,"{'model_id': 'model_mnist_784_noniid', 'round': 2, 'ticket_id': 111, 'owner': 'acct_11'}",mock
0x4ee9848e397b0cd5e727799643c4fffbb8374323a98dae89f3ed094dc1629553,93000,1,UpdatePublished,"{'model_id': 'model_mnist_784_noniid', 'round': 2, 'ticket_id': 111, 'cid': 'sha256:ed9983284c23f18176a1c86297ad7176846567b81442bc2c854c60e786b3a7fa'}",mock
0xa968c802fca3ee3ee5a18fb89ae882b2def2b39ab667e34da027def4575e3964,86000,1,TicketReserved,"{'model_id': 'model_mnist_784_noniid', 'round': 2, 'ticket_id': 112, 'owner': 'acct_12'}",mock
0x34a93d95ce2a2f55ec5e72b9be3d95da9c34ec183eda9a209e1f94d52c7b1ce0,93000,1,UpdatePublished,"{'model_id': 'model_mnist_784_noniid', 'round': 2, 'ticket_id': 112, 'cid': 'sha256:8193ecebd68c70dc0b3afd5430521e0aa49c23d26c2e1fd136d64035412a3b72'}",mock
0xc768d3086a7b3ca0c81fa4a0b0055e9b11c838c6c1fd530d1665e516ae601c84,86000,1,TicketReserved,"{'model_id': 'model_mnist_784_noniid', 'round': 2, 'ticket_id': 113, 'owner': 'acct_13'}",mock
0x33185929e8cc465be35f2e621e85159f7d7aee09aad865afba80a771c3bd8b53,93000,1,UpdatePublished,"{'model_id': 'model_mnist_784_noniid', 'round': 2, 'ticket_id': 113, 'cid': 'sha256:9fd7482e5605ad76bb269275218fa5e3fddc3bb3fc31c541a1f2edc8304c941c'}",mock
0x5237c45f144b4d1cbacb8e17c62635868ee76b54e2117573ac25406129166da1,86000,1,TicketReserved,"{'model_id': 'model_mnist_784_noniid', 'round': 2, 'ticket_id': 114, 'owner': 'acct_14'}",mock
0x614c2f68cd9189bce67b5a66c2522be776e213a57214c54cce42f7f56ea348a2,93000,1,UpdatePublished,"{'model_id': 'model_mnist_784_noniid', 'round': 2, 'ticket_id': 114, 'cid': 'sha256:0e3e885a47b6846b642feb7735b1028330815e1b11fe254012d7815c2143c79f'}",mock
0xf90faa52eda7191bf37163e9660795e7e3cb3f05ee9afe37ae67c58e99e0c60a,86000,1,TicketReserved,"{'model_id': 'model_mnist_784_noniid', 'round': 2, 'ticket_id': 115, 'owner': 'acct_15'}",mock
0x953006aaf669754e1d80534074d030be0c2b8d30f83332675a58b91962beb60f,93000,1,UpdatePublished,"{'model_id': 'model_mnist_784_noniid', 'round': 2, 'ticket_id': 115, 'cid': 'sha256:c9cf7823c64a71c5628c7c1ca2e23e8214ed5f1d59c5c72b62cf837951203fed'}",mock
0x2f42cc58ead8fc7252707ee2f4a92c6525aacc8acb9ef6abb7563b637bbafcad,86000,1,TicketReserved,"{'model_id': 'model_mnist_784_noniid', 'round': 2, 'ticket_id': 116, 'owner': 'acct_16'}",mock
0xad801d424f4fd082b6a392a4a91d54b731bb96482c55c2bbc9d84a300c265307,93000,1,UpdatePublished,"{'model_id': 'model_mnist_784_noniid', 'round': 2, 'ticket_id': 116, 'cid': 'sha256:a99e80ae315023df6d4a329eb736183e6e7e7b1d0a0b25590476d4c069d24de1'}",mock
0xa016c7f8ab9fc4c6b995f5f91e126ca236cb33e82ba68b5207dc36efeaeecef8,86000,1,TicketReserved,"{'model_id': 'model_mnist_784_noniid', 'round': 2, 'ticket_id': 117, 'owner': 'acct_17'}",mock
0x29d69d8f05b431ddf58c6a67ce0da1f254a2079ece6e35e5fc7219e57b66ad68,93000,1,UpdatePublished,"{'model_id': 'model_mnist_784_noniid', 'round': 2, 'ticket_id': 117, 'cid': 'sha256:e365e53a760ef13a8fb25cbd26c12b27f96aa39504696ac67ea1fcc1762b7c62'}",mock
0xb616432d95f415b1b412a88e14de553b5ebb694ee94d6963d17884faaf4a8c7c,86000,1,TicketReserved,"{'model_id': 'model_mnist_784_noniid', 'round': 2, 'ticket_id': 118, 'owner': 'acct_18'}",mock
0x3ef25584d1d2f1f3694e3d910fa7f2619a4027e67219ecf038bfd573643f61a9,93000,1,UpdatePublished,"{'model_id': 'model_mnist_784_noniid', 'round': 2, 'ticket_id': 118, 'cid': 'sha256:0ec28de686ebc80908895ea40ea6b56fc8f3ce301564cfe41bd0e1fd1d74964b'}",mock
0xe219ce7eb7ad068722222e2f7cd3e953ad5b95b04ae3d9f251ed65a28bdcde78,86000,1,TicketReserved,"{'model_id': 'model_mnist_784_noniid', 'round': 2, 'ticket_id': 119, 'owner': 'acct_19'}",mock
0xfcb32ac62d58d3001ad3bfcb8ae590f56165131c0d233c3ba8fbc29b00f3173a,93000,1,UpdatePublished,"{'model_id': 'model_mnist_784_noniid', 'round': 2, 'ticket_id': 119, 'cid': 'sha256:4828b761fc6114cfa445b6257a70c184065ff90061fe0e2f8a664f5708a10677'}",mock
0x3850b34fde5db10d0c641e4cfc408db3e585ebf192c948841dd16e603420a52e,86000,1,TicketReserved,"{'model_id': 'model_mnist_784_noniid', 'round': 2, 'ticket_id': 120, 'owner': 'acct_20'}",mock
0xaf6bb455b06e0d73049dd07b4032b7a5d38fb708833f9c6b5432d4e529127e64,93000,1,UpdatePublished,"{'model_id': 'model_mnist_784_noniid', 'round': 2, 'ticket_id': 120, 'cid': 'sha256:6f43e88af0ba53af7a77222147f5eb6584ae3a3f666ebec85bd5e7a1939c483d'}",mock
0x9326c2c6df3b7056364d8fc99181239de76e337ec077cfcbc199d067b8850bb1,86000,1,TicketReserved,"{'model_id': 'model_mnist_784_noniid', 'round': 2, 'ticket_id': 121, 'owner': 'acct_21'}",mock
0x5d88caf619844900ab105c63c9fb50ad8b1c9f56e2d309d73d6b9290eeec3ae5,93000,1,UpdatePublished,"{'model_id': 'model_mnist_784_noniid', 'round': 2, 'ticket_id': 121, 'cid': 'sha256:d971510db649a8db30051fa993d62d38bf1d4d5f28d1177f315e6997eb49e338'}",mock
0x8588b3903ba1ce2b200d0fc5e6ab1d9b6ba24d6c19a199f9196cade0b4bef535,86000,1,TicketReserved,"{'model_id': 'model_mnist_784_noniid', 'round': 2, 'ticket_id': 122, 'owner': 'acct_22'}",mock
0x5065ca846abb87c2e306f8af3704f3b13bc7364426ce9dd960e106854dedb82a,93000,1,UpdatePublished,"{'model_id': 'model_mnist_784_noniid', 'round': 2, 'ticket_id': 122, 'cid': 'sha256:d70ae7dcdac45266fcd8baa5695ff47b19041e8dae30ec678531b6a8a3883abc'}",mock
0x8f2063364504350ebdc6d1e5aeb14b203b10e462b9939093e031d7ab04834e4f,86000,1,TicketReserved,"{'model_id': 'model_mnist_784_noniid', 'round': 2, 'ticket_id': 123, 'owner': 'acct_23'}",mock
0x5ebb639bc82954bf0ef443ab9595e6f3883197bd325ba57a833e3bb03ce1fae4,93000,1,UpdatePublished,"{'model_id': 'model_mnist_784_noniid', 'round': 2, 'ticket_id': 123, 'cid': 'sha256:aed45d64247a394208510a53582e37068f472f5842cb72cf8a80380dfb786491'}",mock
0xbeb6729baa1bbdb848d0e0da61f6ab951a240308ba05425f0d8cf542b0f31dda,86000,1,TicketReserved,"{'model_id': 'model_mnist_784_noniid', 'round': 2, 'ticket_id': 124, 'owner': 'acct_24'}",mock
0x453c02dcffa574f36d315ca0049d3c75d18dc983cbb50ee26fc4712f6a64b33b,93000,1,UpdatePublished,"{'model_id': 'model_mnist_784_noniid', 'round': 2, 'ticket_id': 124, 'cid': 'sha256:544ab2ed962052c7d64dcd594e9a740a17ec78f02dc57c4b71021e56b9240fc6'}",mock
0xc3471d57a7445071f8e710a15d0c6c17aae3ede7a5d1e959f9f0d8c6c453f4d1,86000,1,TicketReserved,"{'model_id': 'model_mnist_784_noniid', 'round': 2, 'ticket_id': 125, 'owner': 'acct_25'}",mock
0x214f7688364b499dcf66e10a66b07984a064286bb918eddb8c6e835b23373b30,93000,1,UpdatePublished,"{'model_id': 'model_mnist_784_noniid', 'round': 2, 'ticket_id': 125, 'cid': 'sha256:ecb7ad70409c1bab4469edf72f7723a71420a97c6d5003e8df148f4d0e5fff50'}",mock
0xbdf144e8e41eb034955868f0cca3131d2f67c64dc05c75e16492ce19c2ff50cc,86000,1,TicketReserved,"{'model_id': 'model_mnist_784_noniid', 'round': 2, 'ticket_id': 126, 'owner': 'acct_26'}",mock
0x74ab6834c058805f9570e8691f5586de16f5a1456b7942881ad70037be7fac88,93000,1,UpdatePublished,"{'model_id': 'model_mnist_784_noniid', 'round': 2, 'ticket_id': 126, 'cid': 'sha256:e8f6c2006e594c5e9c9e5ebcd821f4c11c7e15581666be24d4fb913010d134da'}",mock
0xf7b9d0da5231444052736eb0f51003ac5b47089c379536d7c400ad710f5230c4,86000,1,TicketReserved,"{'model_id': 'model_mnist_784_noniid', 'round': 2, 'ticket_id': 127, 'owner': 'acct_27'}",mock
0x2c59f102d94e7a55645a70993861779cabe55cf30212bbdb356a90df2dd2412c,93000,1,UpdatePublished,"{'model_id': 'model_mnist_784_noniid', 'round': 2, 'ticket_id': 127, 'cid': 'sha256:8a61a59ef3cdb4c3d0d119667440776d3adf14303d441e94e12938c5e0efd601'}",mock
0x072915ad79702a7608f8c490422b5e6676f5acd16b13910fe125396626fa2549,86000,1,TicketReserved,"{'model_id': 'model_mnist_784_noniid', 'round': 2, 'ticket_id': 128, 'owner': 'acct_28'}",mock
0xb10074445f6156504768e4e71e694c929f992783036c8c6d62752576c224c640,93000,1,UpdatePublished,"{'model_id': 'model_mnist_784_noniid', 'round': 2, 'ticket_id': 128, 'cid': 'sha256:706e16d6e7e8f6145a12bbf588c3983e8f52410b28c4322661a3d8a8194f9d11'}",mock
0x8f37c659c9e7f41c46769b142042b507d26ab0f8b7e193fc1f9b7a687e088dd5,86000,1,TicketReserved,"{'model_id': 'model_mnist_784_noniid', 'round': 2, 'ticket_id': 129, 'owner': 'acct_29'}",mock
0x05cbce5e60c51bdaac1e31cb2e69827065201eb0017f2ba66690269180694094,93000,1,UpdatePublished,"{'model_id': 'model_mnist_784_noniid', 'round': 2, 'ticket_id': 129, 'cid': 'sha256:84f2f0cc101793c39d1d622abdcb8e1e252add364879e1ced038b1b22112a5ca'}",mock
0x9e97c23ca1e170c3a8c3ff86867ed7e2dafe742f7e9ef840b71284a46a29bfd7,86000,1,TicketReserved,"{'model_id': 'model_mnist_784_noniid', 'round': 2, 'ticket_id': 130, 'owner': 'acct_30'}",mock
0x19ed4967a08f2af034c779af61ef34895e8af3a1fd51cf1c96f48b24c396c1e0,93000,1,UpdatePublished,"{'model_id': 'model_mnist_784_noniid', 'round': 2, 'ticket_id': 130, 'cid': 'sha256:039e6561c5761c7c1ef40dcc638fbdb764a8572c4ecd154cfab5e2ed9a4e6db8'}",mock
0xec8664c417b010c6038a71fe2639d51a627d95c4a5b92636435893b5aa11ebf4,86000,1,TicketReserved,"{'model_id': 'model_mnist_784_noniid', 'round': 2, 'ticket_id': 131, 'owner': 'acct_31'}",mock
0x31d266a5b4b9f666f3abfcad5749758b3747ddc8741758f6a2846859d615d429,93000,1,UpdatePublished,"{'model_id': 'model_mnist_784_noniid', 'round': 2, 'ticket_id': 131, 'cid': 'sha256:084b5f99f92c026010e2cab64ab9683eb0e4cec76c8082a04fa8c63ae39aede8'}",mock
0xf909951a2426b8c988cae3f52f2f905e3b64979af115f1c587a62de6889ef575,86000,1,TicketReserved,"{'model_id': 'model_mnist_784_noniid', 'round': 2, 'ticket_id': 132, 'owner': 'acct_32'}",mock
0x2ba1194b737acbd0ed64430591f8e1f10f9b402677da8d3a565204efed9d9352,93000,1,UpdatePublished,"{'model_id': 'model_mnist_784_noniid', 'round': 2, 'ticket_id': 132, 'cid': 'sha256:35ffd051e08d8f7029c27c6d79faf90263a9b3d8e0edc923e2302e1f8bc728e5'}",mock
0xcb2a2e4a83cbc7ee3ddfc8cd317c4b109b424b50de0b60263dd7a9620f8fa465,86000,1,TicketReserved,"{'model_id': 'model_mnist_784_noniid', 'round': 2, 'ticket_id': 133, 'owner': 'acct_33'}",mock
0x64192ab11fcf705539050eef7fb6e782a5577fb8edf9261c140ba7e20a5c9ccd,93000,1,UpdatePublished,"{'model_id': 'model_mnist_784_noniid', 'round': 2, 'ticket_id': 133, 'cid': 'sha256:4d7566e656e4f6f6a4fc8bc575c597338d7e306619fa4e363197eabed5d35217'}",mock
0x74135abe38975cd25edbd016240183599aab29c4d290dad43a53bef027af975a,86000,1,TicketReserved,"{'model_id': 'model_mnist_784_noniid', 'round': 2, 'ticket_id': 134, 'owner': 'acct_34'}",mock
0x35342c557d2c8d484ba35f9a6d287a340445751c79d76915fdd20c7283ea6ede,93000,1,UpdatePublished,"{'model_id': 'model_mnist_784_noniid', 'round': 2, 'ticket_id': 134, 'cid': 'sha256:fc4f8619c426433c209b41b533c86235b22153bb8820e06a946813b4a58036ca'}",mock
0x66c28a0c29afbf4eec17698f7f8ce4b5d550df86d8f0010919ec34cd6acae9ae,86000,1,TicketReserved,"{'model_id': 'model_mnist_784_noniid', 'round': 2, 'ticket_id': 135, 'owner': 'acct_35'}",mock
0xf296402ab47a3a8214e493190e57ba42aba1b549d8cafb913154ccd19691623d,93000,1,UpdatePublished,"{'model_id': 'model_mnist_784_noniid', 'round': 2, 'ticket_id': 135, 'cid': 'sha256:1758bef9f981c46e9adc08fb61fb1da696367c30c0235b2d3423dbae4a161dd5'}",mock
0xcc5742853494b4610e94ace1d104648875363e0e578ae0d8618b5ac7fa4aa5be,86000,1,TicketReserved,"{'model_id': 'model_mnist_784_noniid', 'round': 2, 'ticket_id': 136, 'owner': 'acct_36'}",mock
0x0ba133f0ae0e1594391b31ef5ce6ad6197061248f084740fa805e4d0fbeb016b,93000,1,UpdatePublished,"{'model_id': 'model_mnist_784_noniid', 'round': 2, 'ticket_id': 136, 'cid': 'sha256:8cbbd40340de877899d1021b15bc8cb936b39cd62787ddf77067ba32e71d855c'}",mock
0x84f0d2584768033f0b512dcd2bc5573b32ea085a6f17852c5268824d53c46d2b,86000,1,TicketReserved,"{'model_id': 'model_mnist_784_noniid', 'round': 2, 'ticket_id': 137, 'owner': 'acct_37'}",mock
0x83afa2a0e5bbc05f47bfc2f7da3d9a0091c4d75f0c194c6b50a80f29ef102a77,93000,1,UpdatePublished,"{'model_id': 'model_mnist_784_noniid', 'round': 2, 'ticket_id': 137, 'cid': 'sha256:dba5e299d8cf59779a514bd4b9017c572d964b2e318217c3d2f5228cbeea8192'}",mock
0x2c329204b2558e887a2eb37ca5b94c40f7b58551d2e2396afa8803c0789bc878,86000,1,TicketReserved,"{'model_id': 'model_mnist_784_noniid', 'round': 2, 'ticket_id': 138, 'owner': 'acct_38'}",mock
0x866832b95d39f3408a1827adefbb5c1a99bc8813d5c52153631988df1eb4a46c,93000,1,UpdatePublished,"{'model_id': 'model_mnist_784_noniid', 'round': 2, 'ticket_id': 138, 'cid': 'sha256:d41ea0d56c332a1bea2b6d43aff3e1712127519b9990ae6aa10eef490f134a2b'}",mock
0xd1319538e19fc2ef1e510278467176029605f530966abedc44982671fc21c34e,86000,1,TicketReserved,"{'model_id': 'model_mnist_784_noniid', 'round': 2, 'ticket_id': 139, 'owner': 'acct_39'}",mock
0xafd164933f6c6f4f21ccc1f94215f78e945a7663aeb4c2a4b0ad4d633a0c40b4,93000,1,UpdatePublished,"{'model_id': 'model_mnist_784_noniid', 'round': 2, 'ticket_id': 139, 'cid': 'sha256:4f5370ea5ee41b96efe5cf2aa0c8dfc9d1c3a71f5144e2777ceb4e5335bde18f'}",mock
0xe73d01d32009b1b612a14e65163449fef173c3e5c1fab2aa5eda186498a6d387,86000,1,TicketReserved,"{'model_id': 'model_mnist_784_noniid', 'round': 2, 'ticket_id': 140, 'owner': 'acct_40'}",mock
0x02ef79ac086db145300df81f7f94a8bd2f8b44e3854e55eadd0bc0f268e1f0b5,93000,1,UpdatePublished,"{'model_id': 'model_mnist_784_noniid', 'round': 2, 'ticket_id': 140, 'cid': 'sha256:a0cb66502d735a624cc856f2ae1dcd3d54d9ac8a9cd69fa28dd864de8364b982'}",mock
0x98b19c15bd7783e48c76ddb7004c45377677df2ea6ff9e4183ba1290eb6b1d3a,86000,1,TicketReserved,"{'model_id': 'model_mnist_784_noniid', 'round': 2, 'ticket_id': 141, 'owner': 'acct_41'}",mock
0x8eb284cf91358336f324e2c22c9b4b51bc7748fb07706b9d341df593d0e22c70,93000,1,UpdatePublished,"{'model_id': 'model_mnist_784_noniid', 'round': 2, 'ticket_id': 141, 'cid': 'sha256:93d9edede25e235b661e8edd350a0ade216625b83a00f82e21155b308508dff4'}",mock
0x6e9b6b57b2f2c0f0cf0cb8bade5b30e98d32f4914b737602b54b0efde8314bee,86000,1,TicketReserved,"{'model_id': 'model_mnist_784_noniid', 'round': 2, 'ticket_id': 142, 'owner': 'acct_42'}",mock
0x66d374bd91e4c3033f9158dd2ba7bba49fc3a0b5a600455b05bfd470d43bf51e,93000,1,UpdatePublished,"{'model_id': 'model_mnist_784_noniid', 'round': 2, 'ticket_id': 142, 'cid': 'sha256:12ae4cb3cf30db28151606952e4e74572dac1588c008c8af35b1e432c6fe57c2'}",mock
0xe96b4292b16ae7a4c96b43a0b1a58bc28c7489d3d4a6ea5590fe1ce51c9fcd46,86000,1,TicketReserved,"{'model_id': 'model_mnist_784_noniid', 'round': 2, 'ticket_id': 143, 'owner': 'acct_43'}",mock
0x17872774d825544d98f1259e4f7893e98cf01781e46ea9ae687f34fbeeb6ff0d,93000,1,UpdatePublished,"{'model_id': 'model_mnist_784_noniid', 'round': 2, 'ticket_id': 143, 'cid': 'sha256:bdedb1aef1e2bf0a735f0b8b5aea31dd8b476c5bdf99c3c44751a6a5fa7daa3e'}",mock
0x61f290fc0510dbc10130921ca05cb47d31b6210ec112e01ba4691eb29edbd34c,86000,1,TicketReserved,"{'model_id': 'model_mnist_784_noniid', 'round': 2, 'ticket_id': 144, 'owner': 'acct_44'}",mock
0x08c04bcd110209189a52e4a1b5b7c8f7e4e0d06a7e6ffea592d2b24af775b184,93000,1,UpdatePublished,"{'model_id': 'model_mnist_784_noniid', 'round': 2, 'ticket_id': 144, 'cid': 'sha256:9bbf4f5d904b44e3bcb1fe9bd0f20389a1055be9c5db4330a5f16d16c2deb1e3'}",mock
0x2be406384e8a246b9e3f542ab185c799720666f102ff34f55b4def916babd209,86000,1,TicketReserved,"{'model_id': 'model_mnist_784_noniid', 'round': 2, 'ticket_id': 145, 'owner': 'acct_45'}",mock
0xdfd29581ba71d5f87d8756f92a0bd99714da84bad8bb5c598942e106cd0e65b6,93000,1,UpdatePublished,"{'model_id': 'model_mnist_784_noniid', 'round': 2, 'ticket_id': 145, 'cid': 'sha256:052961834a23ad05adf8f9cc1b82b745f50a91c6056aa44bfee9849926e87ada'}",mock
0x1d91cd076f1a2f44a29832aa5fe0ff50cd8bbdd51c81ba36257b2f02f39b59e4,86000,1,TicketReserved,"{'model_id': 'model_mnist_784_noniid', 'round': 2, 'ticket_id': 146, 'owner': 'acct_46'}",mock
0x1fc29ae171fb3b2ff38d62919dc3f7a99aa014507b5a117dedc6f7b11f21ab10,93000,1,UpdatePublished,"{'model_id': 'model_mnist_784_noniid', 'round': 2, 'ticket_id': 146, 'cid': 'sha256:22d732659da171e4660dd12803dfab0dfdf3e02d4b2b04d6ec8f2c75f19b1d44'}",mock
0xc137e77caec2be19caf0adf83dc2f98ec4412fa51fa4a81373c2a23dad76fe2d,86000,1,TicketReserved,"{'model_id': 'model_mnist_784_noniid', 'round': 2, 'ticket_id': 147, 'owner': 'acct_47'}",mock
0x54940cb240ad2e41f3a5ad8132267a55225e91f6ae51318c2f2cd0cb22b94cd1,93000,1,UpdatePublished,"{'model_id': 'model_mnist_784_noniid', 'round': 2, 'ticket_id': 147, 'cid': 'sha256:55fd54a1086377d696a41e890a8c61e74f401af171bc790250298cd9832c9f58'}",mock
0xe3dd536b4a038001723b85b4b35611f604d7cafeaf249de9b6bfab3949e2b298,86000,1,TicketReserved,"{'model_id': 'model_mnist_784_noniid', 'round': 2, 'ticket_id': 148, 'owner': 'acct_48'}",mock
0xcb2a8dfebef3ceb1e2a801b430a8807b91103f89402614d605639219edd45ea2,93000,1,UpdatePublished,"{'model_id': 'model_mnist_784_noniid', 'round': 2, 'ticket_id': 148, 'cid': 'sha256:471ac591a7dd877e51063f26ab30412fba954afca054b9f3f7ae7398137af11d'}",mock
0x9d6cccba8cc68455b0bb1dc15fc9234ebc99fb0b8930a1f8c9210d85c90e59c7,86000,1,TicketReserved,"{'model_id': 'model_mnist_784_noniid', 'round': 2, 'ticket_id': 149, 'owner': 'acct_49'}",mock
0xe4c8b6936eb37df76c84a74996b98f773bd3862c12a8009cf88cbb6f1ab5aa73,93000,1,UpdatePublished,"{'model_id': 'model_mnist_784_noniid', 'round': 2, 'ticket_id': 149, 'cid': 'sha256:ca24228446f0cb8cbd3c0ec0d975bc1064263806a68f0457c0b6e759a2c6c615'}",mock
0xe1cf16c5f8cdd806d9eb6669423133c6be60a5c4eeee0f014a94a44266f24562,86000,1,TicketReserved,"{'model_id': 'model_mnist_784_noniid', 'round': 2, 'ticket_id': 150, 'owner': 'acct_50'}",mock
0x98c454b5c193a2aa9a7f708cc0fb8eb836c0b8f09fbb1bf27705987cdca0c30a,93000,1,UpdatePublished,"{'model_id': 'model_mnist_784_noniid', 'round': 2, 'ticket_id': 150, 'cid': 'sha256:8ddad65981326b6729f66ef5ce2bc8ee0410d9b4d76a85f75ff0bb2d54e546df'}",mock
0x30b55d30753da3fd3aa30ade26d45b80aa40b2a8d86cd64b44951fe715a290b4,1125000,1,RoundFinalized,"{'model_id': 'model_mnist_784_noniid', 'round': 2, 'included': 50, 'refunds': 50}",mock
0x11fc22b024ca9a64b7f76a8704091c61cf2315ba1ffbd2634b2b282c182ba2a3,52000,1,RoundFunded,"{'model_id': 'model_mnist_784_noniid', 'amount_wei': 10000000000000000}",mock
0x4df54672b88db7b16bd07334ca0b622a87a3780120fd076e670f38529c42f1e9,86000,1,TicketReserved,"{'model_id': 'model_mnist_784_noniid', 'round': 3, 'ticket_id': 151, 'owner': 'acct_1'}",mock
0x6b05211d86260214f8156d42c3f8a2019fd854f8d00440dd7566c377afb6f6de,93000,1,UpdatePublished,"{'model_id': 'model_mnist_784_noniid', 'round': 3, 'ticket_id': 151, 'cid': 'sha256:434424caa031bf5c8306fe57b646a03323b601209509b4f696acc1be9bde3910'}",mock
0x04148c2fb0d6b708c71a8ef440420f9877024be1a89454309906e801bb9ae817,86000,1,TicketReserved,"{'model_id': 'model_mnist_784_noniid', 'round': 3, 'ticket_id': 152, 'owner': 'acct_2'}",mock
0x6759fa8464d941f9ea302b8db254ba774226da1fecee3c140e85705741c790a7,93000,1,UpdatePublished,"{'model_id': 'model_mnist_784_noniid', 'round': 3, 'ticket_id': 152, 'cid': 'sha256:0633439defc32bf418f0f36b7ca812abb6788590c76571a1cb7a9640df0f5a09'}",mock
0x77d75da3d94a136ffb0ab5dc86018149f90e5005781bbb00a88bc836599400cb,86000,1,TicketReserved,"{'model_id': 'model_mnist_784_noniid', 'round': 3, 'ticket_id': 153, 'owner': 'acct_3'}",mock
0x4f7543c30437518d9413a17983b9c9bdb9873bc50c009db58354fbc3756be194,93000,1,UpdatePublished,"{'model_id': 'model_mnist_784_noniid', 'round': 3, 'ticket_id': 153, 'cid': 'sha256:be890c10d34dc9bf474da7dafe513d9b9bad59e6e896434b2656c6108922dd4f'}",mock
0xe66049b1984b644ecc646f77d3f11fb862baeb19b4836b1add34825e0408eaf9,86000,1,TicketReserved,"{'model_id': 'model_mnist_784_noniid', 'round': 3, 'ticket_id': 154, 'owner': 'acct_4'}",mock
0x433344054be26bab847f4f90008a13161b1983e560e91856a752f7df32f5d2c4,93000,1,UpdatePublished,"{'model_id': 'model_mnist_784_noniid', 'round': 3, 'ticket_id': 154, 'cid': 'sha256:9691e5c0028ca74eccbd9f5d22614a90c80393cdcab9eab4288b236f34fa56fa'}",mock
0x84f8556a3f391065089c068006d314c68bf7b984cee3b5927cece1448b0d9968,86000,1,TicketReserved,"{'model_id': 'model_mnist_784_noniid', 'round': 3, 'ticket_id': 155, 'owner': 'acct_5'}",mock
0xd0a5437b23587fd811d7fba2e93297dee3728e9d7e5a4b82ed261d2eba8aa5a6,93000,1,UpdatePublished,"{'model_id': 'model_mnist_784_noniid', 'round': 3, 'ticket_id': 155, 'cid': 'sha256:5e9f57968529756fe971c731c9f1376eb334ac82bcc2afcb937a3e7c0fe169e5'}",mock
0xafeaefbc1ca2807629cc22cfb1a7fd8698d7da90485d2d34c4bff4e05d3f8d85,86000,1,TicketReserved,"{'model_id': 'model_mnist_784_noniid', 'round': 3, 'ticket_id': 156, 'owner': 'acct_6'}",mock
0x0e40802afc6d161b38c644dabb06bb132118a25bd50ba1afbe506757151c12cb,93000,1,UpdatePublished,"{'model_id': 'model_mnist_784_noniid', 'round': 3, 'ticket_id': 156, 'cid': 'sha256:e0910bec88276e20d36d7dd31ec2efa14e76abb60f93429bef5dbb06f2735d24'}",mock
0x92cc417dcee8eb3a7c12646061688e854cca74a4020076a8f0ae5032a2130ef9,86000,1,TicketReserved,"{'model_id': 'model_mnist_784_noniid', 'round': 3, 'ticket_id': 157, 'owner': 'acct_7'}",mock
0xcff325cdce34f010b29fe8d680414b1ed028ca61d0dba966be588136c949d462,93000,1,UpdatePublished,"{'model_id': 'model_mnist_784_noniid', 'round': 3, 'ticket_id': 157, 'cid': 'sha256:67ea811bf804b76946b6df957a49319f75bbb1d70345261bf753f6af3ff55759'}",mock
0xdefe0489ff36da73f8314720e5e815973783ee6dbfd8b4dbf064d8445702b77d,86000,1,TicketReserved,"{'model_id': 'model_mnist_784_noniid', 'round': 3, 'ticket_id': 158, 'owner': 'acct_8'}",mock
0xf58f602bd0ea6e0003efb4e8b7579bf7652e6bfbfb3f998048d498664cff4c0f,93000,1,UpdatePublished,"{'model_id': 'model_mnist_784_noniid', 'round': 3, 'ticket_id': 158, 'cid': 'sha256:a690f14f7bbf14b49e41c5d481315b4151a446b95b2f87144695eb17f9ff84bc'}",mock
0xaa66692a2c7a9a4994177ca61e01196a412f8c2622db832934d1b39df82061d3,86000,1,TicketReserved,"{'model_id': 'model_mnist_784_noniid', 'round': 3, 'ticket_id': 159, 'owner': 'acct_9'}",mock
0x8b552db91d2e5593c8006fd1869b1cb55224972ab5c6f19efd6a1b079adf70d5,93000,1,UpdatePublished,"{'model_id': 'model_mnist_784_noniid', 'round': 3, 'ticket_id': 159, 'cid': 'sha256:35b9d81e8a38ba684c35e29386b9082a7be5d6de436bbbb370c01839331504cb'}",mock
0x63468b6576611a4654834a490d7df5bcd6006af2e1edafce085c9601a3f0e597,86000,1,TicketReserved,"{'model_id': 'model_mnist_784_noniid', 'round': 3, 'ticket_id': 160, 'owner': 'acct_10'}",mock
0x51dfe336d82909072ced6d3b92c77c5f1373ba18b7a445c8c338f103db1af418,93000,1,UpdatePublished,"{'model_id': 'model_mnist_784_noniid', 'round': 3, 'ticket_id': 160, 'cid': 'sha256:a1e12324e94b34b3e0b4a573712cb69554f982da8e47c4196b1f43eb33f300c9'}",mock
0x29f08f1b8ca90f31b8de9c6af6cc94c75f70aa99fdced10459bbed238dbf62ad,86000,1,TicketReserved,"{'model_id': 'model_mnist_784_noniid', 'round': 3, 'ticket_id': 161, 'owner': 'acct_11'}",mock
0x96c03a320dfd51e7aa31d1ab5932f46135af57112ba8333e02375668bda931b3,93000,1,UpdatePublished,"{'model_id': 'model_mnist_784_noniid', 'round': 3, 'ticket_id': 161, 'cid': 'sha256:fdaae848187db2077776dab39ccb9c5170a227af29bb371dcf2be07778a05a9b'}",mock
0xe3d62a1562ee9911355d740627e71b5b1237b695692247042d098777f7dae2d0,86000,1,TicketReserved,"{'model_id': 'model_mnist_784_noniid', 'round': 3, 'ticket_id': 162, 'owner': 'acct_12'}",mock
0xf24981557a9b810ee87e9008c43fc092a8969a03fa2eea13669be5d079095123,93000,1,UpdatePublished,"{'model_id': 'model_mnist_784_noniid', 'round': 3, 'ticket_id': 162, 'cid': 'sha256:23c6b0e940a6b6581f762d296c0e5ae75f6e1ebdc25c063d4925acba163ff760'}",mock
0x133dab58f31be98f6564a56bd641a1f65de7934d721f1af3d17a1b645a1aff1c,86000,1,TicketReserved,"{'model_id': 'model_mnist_784_noniid', 'round': 3, 'ticket_id': 163, 'owner': 'acct_13'}",mock
0x7ed762364d065e032acf8cf1967b880abd5c8e17dc08ffaf74a36ae6f748dca4,93000,1,UpdatePublished,"{'model_id': 'model_mnist_784_noniid', 'round': 3, 'ticket_id': 163, 'cid': 'sha256:c1537dbb0ebd9f784aed152368ba801ba6dfb711cd7ced0869a12e8131bef023'}",mock
0xfdfa12cd78af86a5fea4d9f16c67fa09c3e923db2e62e58fe55c151237defd5b,86000,1,TicketReserved,"{'model_id': 'model_mnist_784_noniid', 'round': 3, 'ticket_id': 164, 'owner': 'acct_14'}",mock
0x0358a606d7ddbec2c79c9bcafdc13e5ffc6d1d3ebb388e40a3eeb01c72cc3ad9,93000,1,UpdatePublished,"{'model_id': 'model_mnist_784_noniid', 'round': 3, 'ticket_id': 164, 'cid': 'sha256:e60ac0f6ccae6a15c6cfe238cfc777fcf653a24dc3e5b43e81e374396c2effa8'}",mock
0x57f0e54fa226c9845e9e64b3acc2c3273e5a9249ba82da12c8315903fbbb17b9,86000,1,TicketReserved,"{'model_id': 'model_mnist_784_noniid', 'round': 3, 'ticket_id': 165, 'owner': 'acct_15'}",mock
0x231fa77baf5805fec443e62e74852d17dfa49ba7f3299e33fb81fd5bb2eac0a3,93000,1,UpdatePublished,"{'model_id': 'model_mnist_784_noniid', 'round': 3, 'ticket_id': 165, 'cid': 'sha256:bc559e208ead658eca8f5fa6ae88da3f719fe04bce2b66bf0ad58814f4eead41'}",mock
0x459d038fb79591daa04f4c2f3cff211fa9ad8a917797980da9a696882de8eb29,86000,1,TicketReserved,"{'model_id': 'model_mnist_784_noniid', 'round': 3, 'ticket_id': 166, 'owner': 'acct_16'}",mock
0x32a22add4de8fd4a513d11098e78eb3fb4299a1bd733313d2506e5b194bca3f7,93000,1,UpdatePublished,"{'model_id': 'model_mnist_784_noniid', 'round': 3, 'ticket_id': 166, 'cid': 'sha256:5a2397e28fe8933b6dd4fe9541e26d6ae439c1cd8ec5c2e9d54ece2647ef011f'}",mock
0xc11a0a29cbdfb71986d1f08fb8b49669ac82496ec12e94a96e600f3692935aeb,86000,1,TicketReserved,"{'model_id': 'model_mnist_784_noniid', 'round': 3, 'ticket_id': 167, 'owner': 'acct_17'}",mock
0x0961237d35af920fabd6fc641f14ef116079d19ad5875a750da58aaf9ee1c412,93000,1,UpdatePublished,"{'model_id': 'model_mnist_784_noniid', 'round': 3, 'ticket_id': 167, 'cid': 'sha256:7a72974894152bdedf00f3af69a97c6c2f302db2b5af3f24abcfa83b9d4e49f6'}",mock
0x64e9c447e25a1fb8b5641e4c1224266aa4c83931c3b56d347eee7d883bcc4187,86000,1,TicketReserved,"{'model_id': 'model_mnist_784_noniid', 'round': 3, 'ticket_id': 168, 'owner': 'acct_18'}",mock
0xd6c6eaffb1f9bfbad9098af891bbfef4369aab0ffaacbe87f2e03b1cc2698af5,93000,1,UpdatePublished,"{'model_id': 'model_mnist_784_noniid', 'round': 3, 'ticket_id': 168, 'cid': 'sha256:a964bd2db6d44ea78b4908d6f41a72d376f248da35b4e05da1be73811f3a46da'}",mock
0x4c0d330aed59dbe7822db53e277bd760ca3145f668189b720d747af1658638b7,86000,1,TicketReserved,"{'model_id': 'model_mnist_784_noniid', 'round': 3, 'ticket_id': 169, 'owner': 'acct_19'}",mock
0xf3dd024de73f274e31adecdd3ca50de29989206351dc97b0bf0369df11997c5c,93000,1,UpdatePublished,"{'model_id': 'model_mnist_784_noniid', 'round': 3, 'ticket_id': 169, 'cid': 'sha256:a05aa37f41dfd661f0445be033e44408ebdd4daa44aec524735571fcc581bfb0'}",mock
0xa4641af0eb499537b68d9959fb39cc037ed75d3f59eee77bc14595f0394dd1ef,86000,1,TicketReserved,"{'model_id': 'model_mnist_784_noniid', 'round': 3, 'ticket_id': 170, 'owner': 'acct_20'}",mock
0xcb848e23dbe18418831f466b38db6deb69c5cb8a34e353ac3bfa9bc02c28429b,93000,1,UpdatePublished,"{'model_id': 'model_mnist_784_noniid', 'round': 3, 'ticket_id': 170, 'cid': 'sha256:2294b751a7cb67f01e97eb24e8e18973a8ee4cd4ce84cf98a8cd21098e644ac8'}",mock
0x8e72b1bf59095909aa90c263e92a9a2462e486c7a6fa492d1ff32353d59f4220,86000,1,TicketReserved,"{'model_id': 'model_mnist_784_noniid', 'round': 3, 'ticket_id': 171, 'owner': 'acct_21'}",mock
0xab4f362c945481d25a9be45100c4fed6c27d8ffb3da346bfd52aa8eecb61fd89,93000,1,UpdatePublished,"{'model_id': 'model_mnist_784_noniid', 'round': 3, 'ticket_id': 171, 'cid': 'sha256:f1b2d8ea7dcd675b88650f077ea27e736c582fc62c4fa6bcaa3897ef7c326431'}",mock
0x82dad3300c25e2a4647306c622a882ac19dda975a11c68ced86e36d99e079f1b,86000,1,TicketReserved,"{'model_id': 'model_mnist_784_noniid', 'round': 3, 'ticket_id': 172, 'owner': 'acct_22'}",mock
0x6b471a45571ee63f15a1b2f46542805af0297481e28fbf12874bb88ff480b05e,93000,1,UpdatePublished,"{'model_id': 'model_mnist_784_noniid', 'round': 3, 'ticket_id': 172, 'cid': 'sha256:f7e09b1363d88f5b21b84b4de8f09f52fcf00461a42114e5116bac8a71ce6878'}",mock
0xdda08fd5a10d83d4b4408feced117ea4b5965f31f9275414229bd3d42d00e2e9,86000,1,TicketReserved,"{'model_id': 'model_mnist_784_noniid', 'round': 3, 'ticket_id': 173, 'owner': 'acct_23'}",mock
0x6267843e7e3666e57b18f4dd564d219949d2843c4e4d63ab98c83c06b25966fc,93000,1,UpdatePublished,"{'model_id': 'model_mnist_784_noniid', 'round': 3, 'ticket_id': 173, 'cid': 'sha256:6e4eb695f06b37ccf40633b44e8f920bddfbe1eb8e9b8d163798f2e58c5db6b4'}",mock
0x1b05ab46969cf1327ed868ea608fd7284df6f4a60666ab9dc81e4f38b95a922a,86000,1,TicketReserved,"{'model_id': 'model_mnist_784_noniid', 'round': 3, 'ticket_id': 174, 'owner': 'acct_24'}",mock
0xb0609a4e2f9cbf0b9deccd47ec69e21ea3bf09d5dd13a07288a8eb10f7bb7737,93000,1,UpdatePublished,"{'model_id': 'model_mnist_784_noniid', 'round': 3, 'ticket_id': 174, 'cid': 'sha256:510cf9729da92b65d160cb95691e07ee4def614d53ce65fe028b72920e6a07b8'}",mock
0xf30d79f55750171330ab57aebbaa3f115efdac98eb5586c038950085bb8fd526,86000,1,TicketReserved,"{'model_id': 'model_mnist_784_noniid', 'round': 3, 'ticket_id': 175, 'owner': 'acct_25'}",mock
0x7f2526f343c73bdccda8d7073d7161a13077c76329a12294b24e1b59b79de8b2,93000,1,UpdatePublished,"{'model_id': 'model_mnist_784_noniid', 'round': 3, 'ticket_id': 175, 'cid': 'sha256:ecab147a440f9b62e9c3ec362db3a04d481572bbfaf671416b04a3852f78c78f'}",mock
0xd6015f549a294fe9fa75ccd52e015d425c3710a726b8c57cc1f54b147d544895,86000,1,TicketReserved,"{'model_id': 'model_mnist_784_noniid', 'round': 3, 'ticket_id': 176, 'owner': 'acct_26'}",mock
0x20b3d526395a8ac8d635d5ce177a9a5ccfd892bfeff46d2b3411b41e1ebc4dcf,93000,1,UpdatePublished,"{'model_id': 'model_mnist_784_noniid', 'round': 3, 'ticket_id': 176, 'cid': 'sha256:7f9172cc1eb58ada522f01281c9a94341f58622c51135aef6c6aad712165dfcb'}",mock
0x317fc14d470c1e590ce1d4861f684f7c66298c390a511131c6898fcb3125ac5e,86000,1,TicketReserved,"{'model_id': 'model_mnist_784_noniid', 'round': 3, 'ticket_id': 177, 'owner': 'acct_27'}",mock
0xb94f82c3cabc7cbe1b434cb433c3e4d82cffc5f18edbba2784716ccbf2d1e1c8,93000,1,UpdatePublished,"{'model_id': 'model_mnist_784_noniid', 'round': 3, 'ticket_id': 177, 'cid': 'sha256:8c53cc299e5f646d0bad57459785738f5824e63967c68cea8d237b87d01453cc'}",mock
0x5e2238582a5ac96c6b37bb9418e4485e017a74d0ee2a72d70c5acf0d262c891c,86000,1,TicketReserved,"{'model_id': 'model_mnist_784_noniid', 'round': 3, 'ticket_id': 178, 'owner': 'acct_28'}",mock
0x2ef53d03c1e2ce0f7efd331fdd24d7edc74074828a065b168646a6255cc6a7ba,93000,1,UpdatePublished,"{'model_id': 'model_mnist_784_noniid', 'round': 3, 'ticket_id': 178, 'cid': 'sha256:efcd040bccef5c07abf99d87034a3975465399442f1fddf82093e3bffd724973'}",mock
0x7493559b46303576c1b538d406ccb2c9871ca8df4c24a577df84646c03910cd2,86000,1,TicketReserved,"{'model_id': 'model_mnist_784_noniid', 'round': 3, 'ticket_id': 179, 'owner': 'acct_29'}",mock
0xa39d094e6fcb04af82af22194b81450e8c4b566185072c79469313a3a98b2aa2,93000,1,UpdatePublished,"{'model_id': 'model_mnist_784_noniid', 'round': 3, 'ticket_id': 179, 'cid': 'sha256:af6a699d922e4b89d90788af64c8f9419bb989b818154c23df7c81491548c6ef'}",mock
0xe345751f0ccbfd007a8d8930bb1322f2f82e91d2eae9f1f6512904e3b4da942b,86000,1,TicketReserved,"{'model_id': 'model_mnist_784_noniid', 'round': 3, 'ticket_id': 180, 'owner': 'acct_30'}",mock
0xed214546df59359fb68c4f33970b133195fc36878fda9098b555625ab9d1c5f4,93000,1,UpdatePublished,"{'model_id': 'model_mnist_784_noniid', 'round': 3, 'ticket_id': 180, 'cid': 'sha256:18021c0a5dec81f5070508148c3bef89d74babd68e3fbdf9aa60167dddd85c50'}",mock
0x631324d290efadd8f54917c8b8397317c918741ee8a494e9a49190d8fc356fe2,86000,1,TicketReserved,"{'model_id': 'model_mnist_784_noniid', 'round': 3, 'ticket_id': 181, 'owner': 'acct_31'}",mock
0x255e49741accfd7991c7978bf1bea17b47b56b37e1b4e4ea38a51cb460e6133e,93000,1,UpdatePublished,"{'model_id': 'model_mnist_784_noniid', 'round': 3, 'ticket_id': 181, 'cid': 'sha256:1df28b32510e0d10ea3150fcbe9d260e1cf82845197236f75e5f3e88da86bd97'}",mock
0xcb6ecdb32d59304669d7f9c88d774295f2e17a1bc1a2003787be81cff7f2987b,86000,1,TicketReserved,"{'model_id': 'model_mnist_784_noniid', 'round': 3, 'ticket_id': 182, 'owner': 'acct_32'}",mock
0xd8a4d24461e4f8de21f5fb76118eb9373aed7b78fc87dc109818a235ba31db55,93000,1,UpdatePublished,"{'model_id': 'model_mnist_784_noniid', 'round': 3, 'ticket_id': 182, 'cid': 'sha256:d0568e3aa634dec462c3291743a44565acafd533dbeb548e1ad8d91bd04535ea'}",mock
0xa30f50444ac1919cc33c566b0521ba3bd414bf958c99b1e7b41411c52108293b,86000,1,TicketReserved,"{'model_id': 'model_mnist_784_noniid', 'round': 3, 'ticket_id': 183, 'owner': 'acct_33'}",mock
0xd13c9c614d724523e600840dac4c5b21f9e3f96522c2408fb1a560ad622540b4,93000,1,UpdatePublished,"{'model_id': 'model_mnist_784_noniid', 'round': 3, 'ticket_id': 183, 'cid': 'sha256:28e3de543f063794a6bdbfad5d04bb8189ddce006465d09c383c9224c9f1ebf4'}",mock
0xf20a704c3cbec275d127a517cc3788bdb3861483fde849b2c88b7f52ee8b2c66,86000,1,TicketReserved,"{'model_id': 'model_mnist_784_noniid', 'round': 3, 'ticket_id': 184, 'owner': 'acct_34'}",mock
0x1461ecc998ae457844b3e6de207451352ddfea425f09315be7d9e9dfebb7bc53,93000,1,UpdatePublished,"{'model_id': 'model_mnist_784_noniid', 'round': 3, 'ticket_id': 184, 'cid': 'sha256:62c698fa207d775091d5a4a569ad889b3ff49f09c08f1c3550760822db0af66c'}",mock
0x909a2cfbd7fd1bcc4c0ac46a082f8ac4fd2318c86b1e70f2ceb53166026e4577,86000,1,TicketReserved,"{'model_id': 'model_mnist_784_noniid', 'round': 3, 'ticket_id': 185, 'owner': 'acct_35'}",mock
0xa473264334ecd0055f8b69e27364b5b4ddf47196089d366ea0ed2fecd5797d04,93000,1,UpdatePublished,"{'model_id': 'model_mnist_784_noniid', 'round': 3, 'ticket_id': 185, 'cid': 'sha256:b7eabbf2f05ae3cacf0187735e7b2259767674e02a2d5801f79b2635c17b53ed'}",mock
0xb413be74b130138dbe7bb62139dc6e6968a276394a5723ab04d2a2dad9c18192,86000,1,TicketReserved,"{'model_id': 'model_mnist_784_noniid', 'round': 3, 'ticket_id': 186, 'owner': 'acct_36'}",mock
0x2e775283cb831bd7ccb6ef86369f59d0f4e17a2e07434074331c2d830316a699,93000,1,UpdatePublished,"{'model_id': 'model_mnist_784_noniid', 'round': 3, 'ticket_id': 186, 'cid': 'sha256:c295adcf3e776c9e5b1437fdc59e48f1b7ea5cba1c58574799452ef64ebbb00a'}",mock
0x62e4a65a9434f9ef21de49da31b89da1504d9f3d17cf657b91e3eeb68fcaad2c,86000,1,TicketReserved,"{'model_id': 'model_mnist_784_noniid', 'round': 3, 'ticket_id': 187, 'owner': 'acct_37'}",mock
0x56d8bda00e3f611df58a795616e13598d9b40be257e9fc84c00cd2734cd7b66e,93000,1,UpdatePublished,"{'model_id': 'model_mnist_784_noniid', 'round': 3, 'ticket_id': 187, 'cid': 'sha256:bac55a26e4e956ee02c27825d0ef9fea0fa91faa83254746ab05b09be89b6b49'}",mock
0x714c0622544943d75e7e1efdacd7628a90757406d62d64c3537ae668610e2862,86000,1,TicketReserved,"{'model_id': 'model_mnist_784_noniid', 'round': 3, 'ticket_id': 188, 'owner': 'acct_38'}",mock
0xf84c33b97b7e08a73b874d261eb9cf228a6ff454df8bea750c92ef358c359466,93000,1,UpdatePublished,"{'model_id': 'model_mnist_784_noniid', 'round': 3, 'ticket_id': 188, 'cid': 'sha256:9a0c971e68e1a961da4323b8dde26e720548d879ee474de4c5d90307537fc1b6'}",mock
0xeae6d84b2f94e8c6800e545a5719ba7076d6353710cefe7d7bf86971e7dde098,86000,1,TicketReserved,"{'model_id': 'model_mnist_784_noniid', 'round': 3, 'ticket_id': 189, 'owner': 'acct_39'}",mock
0x633f3df841490e73199da362bf99929959393e53d3112696c48c278db4d1efa8,93000,1,UpdatePublished,"{'model_id': 'model_mnist_784_noniid', 'round': 3, 'ticket_id': 189, 'cid': 'sha256:308fdc9127ca81e76462250a8832e6096497496b5c51524a7f0644018e002b07'}",mock
0xc827d90812800a3502638cd721c77252e9e3695133322fa191397ae11b8fca95,86000,1,TicketReserved,"{'model_id': 'model_mnist_784_noniid', 'round': 3, 'ticket_id': 190, 'owner': 'acct_40'}",mock
0x0eadbd41479fa7ac3c6649bf4262826f95f563e06bbe47977a20c80bf3e955a7,93000,1,UpdatePublished,"{'model_id': 'model_mnist_784_noniid', 'round': 3, 'ticket_id': 190, 'cid': 'sha256:4c1685d69e9b0debb0e8251f8e5304f47951295e6483d7add6c910a6cf05496c'}",mock
0x2db8228e0fae17471e669a9745a16b1a13b0441ebedce7022591c1f9af8b7bba,86000,1,TicketReserved,"{'model_id': 'model_mnist_784_noniid', 'round': 3, 'ticket_id': 191, 'owner': 'acct_41'}",mock
0x4dc83c746bb98e8dc6aea2de9228d1a039ff2355599365b176c11cfd8920c683,93000,1,UpdatePublished,"{'model_id': 'model_mnist_784_noniid', 'round': 3, 'ticket_id': 191, 'cid': 'sha256:87da0b4f532941f8101dffd591504b145679d9f631ee222deb6b2c4246869322'}",mock
0x75acdc1c6ac29be7ff671383439c47f486e213518dfad4a30804938e04a991f6,86000,1,TicketReserved,"{'model_id': 'model_mnist_784_noniid', 'round': 3, 'ticket_id': 192, 'owner': 'acct_42'}",mock
0x39422741b036c6bb14d77dcc1276af7bdc1e2cdec56db53796572607a7fba232,93000,1,UpdatePublished,"{'model_id': 'model_mnist_784_noniid', 'round': 3, 'ticket_id': 192, 'cid': 'sha256:665cf69718aeef0f11e1b7fbf26b50c082d95732b74d446640d4da994360abe0'}",mock
0x585cea3d9f3f4d95bee80bc54073f2eff6234526db46d87abe9ad86be1912388,86000,1,TicketReserved,"{'model_id': 'model_mnist_784_noniid', 'round': 3, 'ticket_id': 193, 'owner': 'acct_43'}",mock
0xcbd8ee566922cf8f231d84102684efd1958a8bf677d185b8dca3061cb9584c62,93000,1,UpdatePublished,"{'model_id': 'model_mnist_784_noniid', 'round': 3, 'ticket_id': 193, 'cid': 'sha256:7a3c09620bf60b5e1254741c28dc71958f55051120df4cf90f61be0c1134fc74'}",mock
0xd93b092cca04e537a2f78018d793260f5e4597c598e3af81a7b66aa8bf4b00d5,86000,1,TicketReserved,"{'model_id': 'model_mnist_784_noniid', 'round': 3, 'ticket_id': 194, 'owner': 'acct_44'}",mock
0xb3e0223e00e2594e92bfeda0afa186e59e07156969d7efcce798b55f9f07e9c6,93000,1,UpdatePublished,"{'model_id': 'model_mnist_784_noniid', 'round': 3, 'ticket_id': 194, 'cid': 'sha256:023c10a1ab27c5fd171424e6ce67e402a4aefe35fdc6a4f3807aea4f7cc4da39'}",mock
0x2d317067ef5a0e2eab557a197b082f99bd4b1e3b911968bf33606db8386ecf5c,86000,1,TicketReserved,"{'model_id': 'model_mnist_784_noniid', 'round': 3, 'ticket_id': 195, 'owner': 'acct_45'}",mock
0x16fda73c6f7f0383d3600622f8c932c17aa9359537447a9bf1b2c7c1c837e352,93000,1,UpdatePublished,"{'model_id': 'model_mnist_784_noniid', 'round': 3, 'ticket_id': 195, 'cid': 'sha256:75938e5cd66e9cb86f498ec37995055920689e768051ead15718d0e47dc3eb1d'}",mock
0xd2ebbad8d1fb57a865ede35cd813c08b142160bb32d72328fde49987722262c5,86000,1,TicketReserved,"{'model_id': 'model_mnist_784_noniid', 'round': 3, 'ticket_id': 196, 'owner': 'acct_46'}",mock
0x544c58302d1a1830eeb5be90d66465f36934623421ae0341e857e38baca566a8,93000,1,UpdatePublished,"{'model_id': 'model_mnist_784_noniid', 'round': 3, 'ticket_id': 196, 'cid': 'sha256:5e7a8ca7edcdec93644394eec7cb1518220908927aedbe3bbceca9d483708f6f'}",mock
0x1862e5c2f1629c783d033d414d8fa0cce5b43773439c832f5cccc41852b99eee,86000,1,TicketReserved,"{'model_id': 'model_mnist_784_noniid', 'round': 3, 'ticket_id': 197, 'owner': 'acct_47'}",mock
0x6410e4dffb2f32c4d24965e8b6d9ef47bf00b3db6453424196e390c9ab74f32e,93000,1,UpdatePublished,"{'model_id': 'model_mnist_784_noniid', 'round': 3, 'ticket_id': 197, 'cid': 'sha256:3cfd5f2b3a6be1a466fc872fa4441487c1148cf694c07d5b7e8c1d5144bc7072'}",mock
0x0dc95b03421d82e1c1e9df69cf85db5e41d351ac62354e1f6213173a3f1bafac,86000,1,TicketReserved,"{'model_id': 'model_mnist_784_noniid', 'round': 3, 'ticket_id': 198, 'owner': 'acct_48'}",mock
0x238c704ea0ae1675085cfdfe2797019c8cdd4dd662c4ba73087fac07d03af2ae,93000,1,UpdatePublished,"{'model_id': 'model_mnist_784_noniid', 'round': 3, 'ticket_id': 198, 'cid': 'sha256:2dc51521b715edc14381ed1b1359218378647a4ff04fab202ddcd18a9b444944'}",mock
0x710304e9d02e2469db53eab5bb51c9ebf8f70f1f7799dd56f72f9fbe3cbfc428,86000,1,TicketReserved,"{'model_id': 'model_mnist_784_noniid', 'round': 3, 'ticket_id': 199, 'owner': 'acct_49'}",mock
0xb79c0733054cf679175990b591841a0efbb80387e9f54373ec869035b137b209,93000,1,UpdatePublished,"{'model_id': 'model_mnist_784_noniid', 'round': 3, 'ticket_id': 199, 'cid': 'sha256:7a65691664c69d59ef9e1ea090abb4b24b33aaf86857f0bcc28230b50be7b5cf'}",mock
0x8e2436e3cd87e82dffb733667bc674cdcb46f93cc65bad61efd2084955d18ba6,86000,1,TicketReserved,"{'model_id': 'model_mnist_784_noniid', 'round': 3, 'ticket_id': 200, 'owner': 'acct_50'}",mock
0x593a7857a9752474b47f85a371c596682ac904909ecfbc202f3340b3b5fc132b,93000,1,UpdatePublished,"{'model_id': 'model_mnist_784_noniid', 'round': 3, 'ticket_id': 200, 'cid': 'sha256:343f205d37c638a155a9d522b88e2867b7f88b2fae67fed53077d0b27e0340eb'}",mock
0x2f0e637313834c8c1efc333dc912db2efbf41767dd36461e81900b0df7e07b49,1125000,1,RoundFinalized,"{'model_id': 'model_mnist_784_noniid', 'round': 3, 'included': 50, 'refunds': 50}",mock
0x534fa8afa5610ab4146e67acfb1da1e87951a5d567dd1aea2dc5dad7263666b3,52000,1,RoundFunded,"{'model_id': 'model_mnist_784_noniid', 'amount_wei': 10000000000000000}",mock
0x129e522a3bc5a641d8ff747fc88d0ee6f7cab7a5f06384074d420ff18d82da9a,86000,1,TicketReserved,"{'model_id': 'model_mnist_784_noniid', 'round': 4, 'ticket_id': 201, 'owner': 'acct_1'}",mock
0xdb794f989b2875c35f9224663268c190ee9c62bc5d66ac6049a325243d37f19d,93000,1,UpdatePublished,"{'model_id': 'model_mnist_784_noniid', 'round': 4, 'ticket_id': 201, 'cid': 'sha256:746755e53ea61c51f8594ceedadffeb303a6b4a29c67685e9f3c7d5bb1a9b966'}",mock
0xfd3335aa32440ead23d4e90fbb26efcb6dc1362a564cf3821548f00033bb7933,86000,1,TicketReserved,"{'model_id': 'model_mnist_784_noniid', 'round': 4, 'ticket_id': 202, 'owner': 'acct_2'}",mock
0x37bc8ec31d4f9e091b6e1e6e63ff940ac94773c43b3472cbf6844698ad82e65f,93000,1,UpdatePublished,"{'model_id': 'model_mnist_784_noniid', 'round': 4, 'ticket_id': 202, 'cid': 'sha256:aeed3132b5921eff0d7158848fb5c9b0427d31e58f653a25f89a976406558ee4'}",mock
0xc20481b39c88fa992dd9e524becd155809074005173469964526360372fd6534,86000,1,TicketReserved,"{'model_id': 'model_mnist_784_noniid', 'round': 4, 'ticket_id': 203, 'owner': 'acct_3'}",mock
0x03a8648c37fac79706de54b4e50d7e19e3ecb703b8e37d0c6a6bbca6e825f77e,93000,1,UpdatePublished,"{'model_id': 'model_mnist_784_noniid', 'round': 4, 'ticket_id': 203, 'cid': 'sha256:9296d8052e961876a28b507bd6f81741cb2a3c717d7434d2833dccab5cce230c'}",mock
0x4ab6c29be301e6da75c201fb6beb595c1507867aeb0cb05499f18e9b506db01e,86000,1,TicketReserved,"{'model_id': 'model_mnist_784_noniid', 'round': 4, 'ticket_id': 204, 'owner': 'acct_4'}",mock
0x51ded61f975fe1ccb3b25957c6a0453edf4a7e505d0a7ce5fade75dec1829904,93000,1,UpdatePublished,"{'model_id': 'model_mnist_784_noniid', 'round': 4, 'ticket_id': 204, 'cid': 'sha256:026bb49ac3cce60b5f92e543ca97a6795e5b16316df6bd7f286d660ed2754e23'}",mock
0xa2ebce57949f252faf419381b76f03e04873b659debb1a7a61d9e27466c19d49,86000,1,TicketReserved,"{'model_id': 'model_mnist_784_noniid', 'round': 4, 'ticket_id': 205, 'owner': 'acct_5'}",mock
0x48c2d9206e1c4d0e9e5c06757a2f93b76d1b7026b6ada6768a42dd8eb23c2ebb,93000,1,UpdatePublished,"{'model_id': 'model_mnist_784_noniid', 'round': 4, 'ticket_id': 205, 'cid': 'sha256:75d53f880413e588158a8d5dca79d47b395dc9e5587c038a9bafd5d5d217cfac'}",mock
0x62132be0f0ba7da9341fc5f4ebf96fde58cb24bf6442bd8f58e32c62917a130c,86000,1,TicketReserved,"{'model_id': 'model_mnist_784_noniid', 'round': 4, 'ticket_id': 206, 'owner': 'acct_6'}",mock
0xea2ef0f1913ebfdeb0783d4a1b8bc113dbabd4faf307feb0c76ee8cfb733de4e,93000,1,UpdatePublished,"{'model_id': 'model_mnist_784_noniid', 'round': 4, 'ticket_id': 206, 'cid': 'sha256:0f3e929678ed05c54eda5310c1df140442dfa56aca66b6105ca432f371420c3b'}",mock
0xe7868ee2efb2e5b9bc0c27a1ae3c4973e47161afb0a114c3a07a681ab5e7deca,86000,1,TicketReserved,"{'model_id': 'model_mnist_784_noniid', 'round': 4, 'ticket_id': 207, 'owner': 'acct_7'}",mock
0x6352b7e1a20317e1c9dfa9ccade6b5c01a04870dc4f5a4ef25d2e3fd131ba09e,93000,1,UpdatePublished,"{'model_id': 'model_mnist_784_noniid', 'round': 4, 'ticket_id': 207, 'cid': 'sha256:6465d2e741bb6550a916034f38a6d7126f8d006aaa7043b58ddcb767a29204ed'}",mock
0x941e7c0baff99ceab30c2c6e07be286de9641544914218dce1847a298449bfd9,86000,1,TicketReserved,"{'model_id': 'model_mnist_784_noniid', 'round': 4, 'ticket_id': 208, 'owner': 'acct_8'}",mock
0x8ba6fa8b1b956971907c83012f8db99ca8c1a7f68b83a5a8468356464af255aa,93000,1,UpdatePublished,"{'model_id': 'model_mnist_784_noniid', 'round': 4, 'ticket_id': 208, 'cid': 'sha256:232ed9fa362f8874183fb9e5ddd3a22257dbcc48f04751cd1db45ae764e3596e'}",mock
0x0494654cd44a6d19f49be014512bf2b64ae9719557a776a665ebe26e09014ec0,86000,1,TicketReserved,"{'model_id': 'model_mnist_784_noniid', 'round': 4, 'ticket_id': 209, 'owner': 'acct_9'}",mock
0x866e3ef68becafb53d2a68707056a45e48c5c8c439ff7372247bda62144683d5,93000,1,UpdatePublished,"{'model_id': 'model_mnist_784_noniid', 'round': 4, 'ticket_id': 209, 'cid': 'sha256:daa759aecf5fb26ad7a94cc6966949bdad3068e587060a5ad4bf5b9ee2c1b075'}",mock
0x5ae16a2cf182c5f276ef2e6748c5a84fd93f8195cb021e932aca5c36c3c6dd6f,86000,1,TicketReserved,"{'model_id': 'model_mnist_784_noniid', 'round': 4, 'ticket_id': 210, 'owner': 'acct_10'}",mock
0x9c0c237c3449c4cb4d1acf739afc34b4d651f91f94d8b0ed4a5e1515497e8c88,93000,1,UpdatePublished,"{'model_id': 'model_mnist_784_noniid', 'round': 4, 'ticket_id': 210, 'cid': 'sha256:a9b14e3f1a900fa535f6110dd0e38b4e7d4a91f4189bcacfb50828c22ead61dd'}",mock
0xa794b573c8dcc9fc01a00e33e73bd0c3d8be0443ea291d71e651d85afc6a2e9a,86000,1,TicketReserved,"{'model_id': 'model_mnist_784_noniid', 'round': 4, 'ticket_id': 211, 'owner': 'acct_11'}",mock
0x6f39d24561bfab98cbca1a89c6c6b101482c310c259eb15240f3a29505e41c56,93000,1,UpdatePublished,"{'model_id': 'model_mnist_784_noniid', 'round': 4, 'ticket_id': 211, 'cid': 'sha256:b41bf065212d44992e4123baa29d133ba2a39c16673ae27c9858ee389ae96189'}",mock
0x82e932da8f15acedad70adca9b8429798f2772a7a5571230469ae44b8a8097d9,86000,1,TicketReserved,"{'model_id': 'model_mnist_784_noniid', 'round': 4, 'ticket_id': 212, 'owner': 'acct_12'}",mock
0xb62df5ce455e6ef089e91663c012ee1fb04307020023080602f89343cbf6f8a6,93000,1,UpdatePublished,"{'model_id': 'model_mnist_784_noniid', 'round': 4, 'ticket_id': 212, 'cid': 'sha256:56c003d27db57d096925ff41fe8c8cc79aac662990c1215c3f5786fe719df2e0'}",mock
0x3bfacbeb7e2ced671bcc8c88815613bf77c66239cd3f484f3dbcb5eb36ade8c5,86000,1,TicketReserved,"{'model_id': 'model_mnist_784_noniid', 'round': 4, 'ticket_id': 213, 'owner': 'acct_13'}",mock
0xf289d83787a0df037e5877b76b34b7a9c9d986ff2cb925fec23cfe32a2f3ddac,93000,1,UpdatePublished,"{'model_id': 'model_mnist_784_noniid', 'round': 4, 'ticket_id': 213, 'cid': 'sha256:ddcc4cda5df62f168c944be2369c202c9a1f15eaac0ef9f1d9eed7eb97e3b555'}",mock
0x31cf59ed42d90e16c771c8200f4cdd727c0bb4f56aeaeb769e82504a3cfc1483,86000,1,TicketReserved,"{'model_id': 'model_mnist_784_noniid', 'round': 4, 'ticket_id': 214, 'owner': 'acct_14'}",mock
0x4b2fc299c4df652b3c30dd973fa3d3ec454dcd25ef306ea47cd770cebb1052e5,93000,1,UpdatePublished,"{'model_id': 'model_mnist_784_noniid', 'round': 4, 'ticket_id': 214, 'cid': 'sha256:8f934b77785fac4d2878e9ac77ffa159e05a4a4003696badc5debb4a6b6e5aef'}",mock
0x61f1d2ae324d5fd0a6463760ade21e8c55113753ed08fccfe5bab91c97ac3f91,86000,1,TicketReserved,"{'model_id': 'model_mnist_784_noniid', 'round': 4, 'ticket_id': 215, 'owner': 'acct_15'}",mock
0x8056714d2c8c6695e598b9c6d9f6d2ede5ec33d53641b8c0d83d93d5ccb32b54,93000,1,UpdatePublished,"{'model_id': 'model_mnist_784_noniid', 'round': 4, 'ticket_id': 215, 'cid': 'sha256:baa565c1da0213c69faf0f2ffa73662ba7cb4085de0612c4350dbfc2cb8cfc7c'}",mock
0xaf8bc5341fdea00d9e3dcc125436dca4d6f5277152c98e6135d01e0a71e2e356,86000,1,TicketReserved,"{'model_id': 'model_mnist_784_noniid', 'round': 4, 'ticket_id': 216, 'owner': 'acct_16'}",mock
0x4f6779d2e5c255dc807214b9ed2e57de36ca53467c28805298f8b0dd2dbf6121,93000,1,UpdatePublished,"{'model_id': 'model_mnist_784_noniid', 'round': 4, 'ticket_id': 216, 'cid': 'sha256:a1f283bc1dadea1b77d2d9a7c6535eca25cd49f6c2dc768b3c8773e0ff2ed528'}",mock
0x7f703042f175b210369351084c0b7520468b1433b6240c8cad274ba6849e8330,86000,1,TicketReserved,"{'model_id': 'model_mnist_784_noniid', 'round': 4, 'ticket_id': 217, 'owner': 'acct_17'}",mock
0xc280ebf3352ce923ae7a4d4898bd0e9072163ac0273fac2f833ec97589ae85cc,93000,1,UpdatePublished,"{'model_id': 'model_mnist_784_noniid', 'round': 4, 'ticket_id': 217, 'cid': 'sha256:408ea8be07ec2f8b6d612696164b42c970a28021be0f91989056320d478779c1'}",mock
0x07aece86cb4c70c147cc6754ed2f1b9348a90f2617760e71bf070d7e15aecef3,86000,1,TicketReserved,"{'model_id': 'model_mnist_784_noniid', 'round': 4, 'ticket_id': 218, 'owner': 'acct_18'}",mock
0x5b6ddd24f423641d2b5508523c33dc9ae0c3d8aba21991e7104fe2d82e58a1dd,93000,1,UpdatePublished,"{'model_id': 'model_mnist_784_noniid', 'round': 4, 'ticket_id': 218, 'cid': 'sha256:fb2ab2f491404051693454010d49572a027cf9b115808fcffa4324be1ac78cda'}",mock
0xb52bb6bb7183a626ac7969dfb8a8e4832819ab0e94b0057791826d7d64452c0b,86000,1,TicketReserved,"{'model_id': 'model_mnist_784_noniid', 'round': 4, 'ticket_id': 219, 'owner': 'acct_19'}",mock
0x37f083849ead324eadc074d59ae4e2ce77f959b9f5b43ec9d03eac4d0578c3b1,93000,1,UpdatePublished,"{'model_id': 'model_mnist_784_noniid', 'round': 4, 'ticket_id': 219, 'cid': 'sha256:2d990477478a62e0d42c240747860e85bcd9aa6d3e271dd3f8bc24fe168c5bb2'}",mock
0x422058c5592b470fc0b4613a5798bbb0137495a5073a62ac9d2dc78377e5ee55,86000,1,TicketReserved,"{'model_id': 'model_mnist_784_noniid', 'round': 4, 'ticket_id': 220, 'owner': 'acct_20'}",mock
0x5a62ac56cde6564b19b2fe2384830ed7af45b4c6c3944f05fcebd25c55eac2ae,93000,1,UpdatePublished,"{'model_id': 'model_mnist_784_noniid', 'round': 4, 'ticket_id': 220, 'cid': 'sha256:8e46e915f7d0f9562d68cff641b305d09e069ddf238291933f5a301ca3ac6435'}",mock
0x8336bc8b517a1f6acae0de0ebdea662c1f5ccacea176d2196b7355f2e69a72d2,86000,1,TicketReserved,"{'model_id': 'model_mnist_784_noniid', 'round': 4, 'ticket_id': 221, 'owner': 'acct_21'}",mock
0x391dcfbc5e56f428467a8e441f414c82ac2ae08c985cded3e9d81a3d9f936ea5,93000,1,UpdatePublished,"{'model_id': 'model_mnist_784_noniid', 'round': 4, 'ticket_id': 221, 'cid': 'sha256:4f82921ecfc4199bce0b0e6d6f41d7d7263f9bb22b5e2db40f7f206f176e82c2'}",mock
0xa1516702ea80fbf68a772f730f3e91d3e9fcd7b81116bc0b762a6441cc06bdb5,86000,1,TicketReserved,"{'model_id': 'model_mnist_784_noniid', 'round': 4, 'ticket_id': 222, 'owner': 'acct_22'}",mock
0xf2d0dd17e84ba1d91c39402d1f2a203714ef2fe4f4cc89561088243857769973,93000,1,UpdatePublished,"{'model_id': 'model_mnist_784_noniid', 'round': 4, 'ticket_id': 222, 'cid': 'sha256:74610b7b62939d749585d97de60656a4ff668a59c3ff5e6d8d71bde9880659c5'}",mock
0x220464d5803f553741576f69b333b385325ff7ef71b5589f902ac2ea076779ad,86000,1,TicketReserved,"{'model_id': 'model_mnist_784_noniid', 'round': 4, 'ticket_id': 223, 'owner': 'acct_23'}",mock
0x62a6e3aea251be7392345241813b571470d618607121326810b75265fec32157,93000,1,UpdatePublished,"{'model_id': 'model_mnist_784_noniid', 'round': 4, 'ticket_id': 223, 'cid': 'sha256:f92b20e0913417d5a45a72b1b5f4ebd923398c5cdba0c73b583504664686e5b9'}",mock
0xcd994ec52ee2129e63276255dafacf2c2039fcd89a16f508e464fa672e30ecce,86000,1,TicketReserved,"{'model_id': 'model_mnist_784_noniid', 'round': 4, 'ticket_id': 224, 'owner': 'acct_24'}",mock
0x4eea74f49868d38ef1332b5e215393534f495a2a91cadaa0f95c3f6b66f47b4e,93000,1,UpdatePublished,"{'model_id': 'model_mnist_784_noniid', 'round': 4, 'ticket_id': 224, 'cid': 'sha256:62a1515bb81eb51d853140b4cc4d39ca64fbad1c587ca481506409fc19f7b060'}",mock
0xf4f5a813986c98a9c58975b47b6cf810d2d75fd2c747872edb2582aaf8568197,86000,1,TicketReserved,"{'model_id': 'model_mnist_784_noniid', 'round': 4, 'ticket_id': 225, 'owner': 'acct_25'}",mock
0xb4e35c76c34335228542a8600bfec1ae0a312da741d47655389a981b52e1160a,93000,1,UpdatePublished,"{'model_id': 'model_mnist_784_noniid', 'round': 4, 'ticket_id': 225, 'cid': 'sha256:0f7694faa60ea2b65c0c3ae9538d31a37772e50e739e0d7e830bb01f96f6ecdb'}",mock
0xebab9f8fc9a9b04f59f7722010ece1d90d0defb221904f2dccb7884ed9202fae,86000,1,TicketReserved,"{'model_id': 'model_mnist_784_noniid', 'round': 4, 'ticket_id': 226, 'owner': 'acct_26'}",mock
0x7e485e8fa39472f402f044f57e8c31512a3cafa423f13fa199832090370a4653,93000,1,UpdatePublished,"{'model_id': 'model_mnist_784_noniid', 'round': 4, 'ticket_id': 226, 'cid': 'sha256:9d7ac6d7aa8f97abbc496cb31bb3eac5fc9704c0f557c9c96fcc474c126fa9ce'}",mock
0x1c78d2cc36cb79666b5d62ce4291bf638238df53435567f213f2621c96bf2910,86000,1,TicketReserved,"{'model_id': 'model_mnist_784_noniid', 'round': 4, 'ticket_id': 227, 'owner': 'acct_27'}",mock
0x96fcaf6d98c5ac470841a9766f6a3363be21224b7e2cede463fd34d15c1b5680,93000,1,UpdatePublished,"{'model_id': 'model_mnist_784_noniid', 'round': 4, 'ticket_id': 227, 'cid': 'sha256:b94d6531172ee30c47d5167ddd261ae9406487580af92a99d2391bf2ebf9dc32'}",mock
0xcc37a9604e7edcf3a7ee81eebf47706dbd8a1ebfe05d18ce4a2e55d17177a389,86000,1,TicketReserved,"{'model_id': 'model_mnist_784_noniid', 'round': 4, 'ticket_id': 228, 'owner': 'acct_28'}",mock
0xd10caa58db5a4563b142f9e3bd018d23e7232b7763e82961e8fa51bd3b2f3a9e,93000,1,UpdatePublished,"{'model_id': 'model_mnist_784_noniid', 'round': 4, 'ticket_id': 228, 'cid': 'sha256:a44ba6f3616a4fd5b63b97c5fca19886eb2d84989c887f7e1ccab8ca26d1f896'}",mock
0xb2efaaac0dbd54f5b5ff19f44d78c858403f3f8e812f3fd398018ab7e58240e8,86000,1,TicketReserved,"{'model_id': 'model_mnist_784_noniid', 'round': 4, 'ticket_id': 229, 'owner': 'acct_29'}",mock
0xa5bfc49a6879f26b454795d721211a5772690a6cc5647e039c07b4afb57770a0,93000,1,UpdatePublished,"{'model_id': 'model_mnist_784_noniid', 'round': 4, 'ticket_id': 229, 'cid': 'sha256:b57a53cc5ca70bf40a9cec7ce809d82ef81ecd9619404ffaeb4f6b39d6ca22f6'}",mock
0x344709ec6f4adefc77231fbdf10c8003dab76d77cdf1ed8f7b8e89dd518bfae6,86000,1,TicketReserved,"{'model_id': 'model_mnist_784_noniid', 'round': 4, 'ticket_id': 230, 'owner': 'acct_30'}",mock
0x20ccea6c6de022d3b7f1cb91ea63d76720a07c1f8d2592e0961022a2fb9ae44b,93000,1,UpdatePublished,"{'model_id': 'model_mnist_784_noniid', 'round': 4, 'ticket_id': 230, 'cid': 'sha256:f7716d22ced2d4545cc959b6da11fd70eb216c0b4055c0c9019140cb65ee4f5c'}",mock
0x772a9504103a86477c35de45218d9f49b08e4ac735129d9284f68a43622bb12d,86000,1,TicketReserved,"{'model_id': 'model_mnist_784_noniid', 'round': 4, 'ticket_id': 231, 'owner': 'acct_31'}",mock
0x2b9879c36140cf051a290d7e15b44acea14d839f1dd21445405655f7eaaeee85,93000,1,UpdatePublished,"{'model_id': 'model_mnist_784_noniid', 'round': 4, 'ticket_id': 231, 'cid': 'sha256:10ed59d752ad7de2c7873509fa316d11760c1e52a6bc72c5391a8c66956a99a2'}",mock
0xd3e0b6383006e1d002be25413a0e92653b47df5ed68113599b96c1061eacc5b1,86000,1,TicketReserved,"{'model_id': 'model_mnist_784_noniid', 'round': 4, 'ticket_id': 232, 'owner': 'acct_32'}",mock
0xde154b1ce25cdb2c18cd31443f30a60bdf98b0ecca3005f958c502c42213c594,93000,1,UpdatePublished,"{'model_id': 'model_mnist_784_noniid', 'round': 4, 'ticket_id': 232, 'cid': 'sha256:495fa327e54567a6154c52c3e3c292397cdea18ea508362aac3bee4528c36539'}",mock
0xfa3998bfec6d0492b5e1ad892b07935086bb41b1c56a8ec9fe362ba20d2d67c8,86000,1,TicketReserved,"{'model_id': 'model_mnist_784_noniid', 'round': 4, 'ticket_id': 233, 'owner': 'acct_33'}",mock
0x682241ef9076588f432ce0d0463381742c0fbf8cbd8c0ed48c92f956d3b8816c,93000,1,UpdatePublished,"{'model_id': 'model_mnist_784_noniid', 'round': 4, 'ticket_id': 233, 'cid': 'sha256:01625792b372aac586aa0169c9a50a7a553dcd42956813437f3266afe7e23ea4'}",mock
0x6f1c94d115b72c0c0ad2c8b9d1e5ec540d4a59d7a35b49635be0f26d2fd7668f,86000,1,TicketReserved,"{'model_id': 'model_mnist_784_noniid', 'round': 4, 'ticket_id': 234, 'owner': 'acct_34'}",mock
0xeecb6b07190f4e5c88ee1cbc9fd17ea0c323593b670d6be9417e218ac2f7d38d,93000,1,UpdatePublished,"{'model_id': 'model_mnist_784_noniid', 'round': 4, 'ticket_id': 234, 'cid': 'sha256:6eb27d7cd717f279ba588b67b3349928a467452dffb49b5f54c80bbfb2a95784'}",mock
0xd4e6151933fc75ebae9c0c189c6a37fd566179f92e24fd1466277bb31f2fd6e7,86000,1,TicketReserved,"{'model_id': 'model_mnist_784_noniid', 'round': 4, 'ticket_id': 235, 'owner': 'acct_35'}",mock
0x4abced15431186ef2c7756e19cbd2491ea06ae975cefe2626efdc1fa91ea534f,93000,1,UpdatePublished,"{'model_id': 'model_mnist_784_noniid', 'round': 4, 'ticket_id': 235, 'cid': 'sha256:d8ec6085cd083e186035aac1632d5c0a54f0fd335ed2e2431ce92063501f7634'}",mock
0xef01c63110e0c493c10ec9475e1c2aea92f7a2e34ec7e0db4e810698be25a29c,86000,1,TicketReserved,"{'model_id': 'model_mnist_784_noniid', 'round': 4, 'ticket_id': 236, 'owner': 'acct_36'}",mock
0x5383d8f8997ef09779fb3c5f8fbb3f515bfc3ca05be9109a7f8f0dcf21191544,93000,1,UpdatePublished,"{'model_id': 'model_mnist_784_noniid', 'round': 4, 'ticket_id': 236, 'cid': 'sha256:9f6e878175fe20ec774fba6ae39958d6c32643841c8a04d9454478aee1191ed9'}",mock
0xe9f67c46ef6367fd825d79fb37616ff7755f8cf1a13dd1e487645cb899dc17cd,86000,1,TicketReserved,"{'model_id': 'model_mnist_784_noniid', 'round': 4, 'ticket_id': 237, 'owner': 'acct_37'}",mock
0x92f5cd9893becaaeb00bc351c94101651d20ee1f8368e92fc57d9006a5e2aab3,93000,1,UpdatePublished,"{'model_id': 'model_mnist_784_noniid', 'round': 4, 'ticket_id': 237, 'cid': 'sha256:3e2e00d571422a01bb4fcdaafbf5e18b9a86ccce997a16b40b95503ff317cd7b'}",mock
0x139fea1579bb1a505012aab14412422e618ab551c2213773d1f78e895c13bcdf,86000,1,TicketReserved,"{'model_id': 'model_mnist_784_noniid', 'round': 4, 'ticket_id': 238, 'owner': 'acct_38'}",mock
0x42778f1bc748216b3cc72af5622a8f725419280411f991bf11dfe7690e4e731e,93000,1,UpdatePublished,"{'model_id': 'model_mnist_784_noniid', 'round': 4, 'ticket_id': 238, 'cid': 'sha256:bbe0381875e67f995b735b83cb4e79e9564424f395020ded5ecff1d6c0e0c3be'}",mock
0x10b2bc348e632e963e00cfb9955a740fbb5fe9aeac5ecdbbf5ede8e54142ed0e,86000,1,TicketReserved,"{'model_id': 'model_mnist_784_noniid', 'round': 4, 'ticket_id': 239, 'owner': 'acct_39'}",mock
0xe6370fbe3bb327f835ae9bdf0ea51451e3c99abdc121cac5fd64dddb5f4e5be0,93000,1,UpdatePublished,"{'model_id': 'model_mnist_784_noniid', 'round': 4, 'ticket_id': 239, 'cid': 'sha256:894e22031abad6f825e8c0d5d1f5d391c0d71396cf6b752b305d9dfb1af1f496'}",mock
0xf94c8b315049898c5b3fd88967b4ea4c390716fa5a41eaca52a848f96a9e8472,86000,1,TicketReserved,"{'model_id': 'model_mnist_784_noniid', 'round': 4, 'ticket_id': 240, 'owner': 'acct_40'}",mock
0xce8f9312492b53e082af7f2843d6de5855b10a7c778dbef96809ce98a8d71119,93000,1,UpdatePublished,"{'model_id': 'model_mnist_784_noniid', 'round': 4, 'ticket_id': 240, 'cid': 'sha256:a466d528d5c63ba544644911a0b9ada4982329abb1559e1dbbfcfd0dde5cec94'}",mock
0x590c3f64be6c1c3d0845241946e7e349e50cc9a258394e5aed35335e8604a9b9,86000,1,TicketReserved,"{'model_id': 'model_mnist_784_noniid', 'round': 4, 'ticket_id': 241, 'owner': 'acct_41'}",mock
0x2a1b6ea465c6bc1c2157ee358d115e12ac22231afad6de4e9dd5ec44b5d99ca7,93000,1,UpdatePublished,"{'model_id': 'model_mnist_784_noniid', 'round': 4, 'ticket_id': 241, 'cid': 'sha256:f9e98cf40021f83a9e17cafef745dd857a0db24d36a0cdc917dd1003e4e9811c'}",mock
0xb3f55713dd22b0cad445f55bd3dd8170b593e733d4b2a4803da8c15dbbf66908,86000,1,TicketReserved,"{'model_id': 'model_mnist_784_noniid', 'round': 4, 'ticket_id': 242, 'owner': 'acct_42'}",mock
0x49420ca7c45a62903f55ee1435dddcd6937dc3138a5e11796546f0d22688e760,93000,1,UpdatePublished,"{'model_id': 'model_mnist_784_noniid', 'round': 4, 'ticket_id': 242, 'cid': 'sha256:e1df37bc0e3b6520d5bcc4a662b2f4979f01c4ecc5a0555ad6d526dbc3843c45'}",mock
0x556b616778d72dabe8ac78e8014041b63995f103d7025252db5cf8365ddae9c5,86000,1,TicketReserved,"{'model_id': 'model_mnist_784_noniid', 'round': 4, 'ticket_id': 243, 'owner': 'acct_43'}",mock
0x78b2b720c70ce06bf56bc5eb57c1147f534a8eb086cde4acfecab99d5acf651a,93000,1,UpdatePublished,"{'model_id': 'model_mnist_784_noniid', 'round': 4, 'ticket_id': 243, 'cid': 'sha256:3ae66b4d2abda376dfdc78dadbb37167922f9f460997d09e21e8903e145c9ccc'}",mock
0x8d56965f79f42b3ee469f3fc3266be6ab20c08a6fbc8d095667adb03a751e7a7,86000,1,TicketReserved,"{'model_id': 'model_mnist_784_noniid', 'round': 4, 'ticket_id': 244, 'owner': 'acct_44'}",mock
0xc50611359d7e4565975c13c8d756d8718be87fd4d69f3b4db9bb4ac1a02a3846,93000,1,UpdatePublished,"{'model_id': 'model_mnist_784_noniid', 'round': 4, 'ticket_id': 244, 'cid': 'sha256:716e22313426218a2bad1840516b20853a314b1a85273c15240affa047748e23'}",mock
0x094000eb4f4bbbfa765d1cc441410fc9c4bb96fa0f9ab052bf31e3e97df577e8,86000,1,TicketReserved,"{'model_id': 'model_mnist_784_noniid', 'round': 4, 'ticket_id': 245, 'owner': 'acct_45'}",mock
0xc0343d37555fb85b3c227eaf56e3695cefe258bc519736f20acfecad15272bbc,93000,1,UpdatePublished,"{'model_id': 'model_mnist_784_noniid', 'round': 4, 'ticket_id': 245, 'cid': 'sha256:23cfeea628aafb2e41b7b7c08a5f71742d345d850623d7f07d7eeb6ded3e804d'}",mock
0x748401eca7f61af43b619f092ab4f700a57337f94358c8a97d1d23f0896f0631,86000,1,TicketReserved,"{'model_id': 'model_mnist_784_noniid', 'round': 4, 'ticket_id': 246, 'owner': 'acct_46'}",mock
0x9a527334bfed950128bbd9cf51902c4ec1e245d744d43b351982c50dd6eb4f24,93000,1,UpdatePublished,"{'model_id': 'model_mnist_784_noniid', 'round': 4, 'ticket_id': 246, 'cid': 'sha256:6de18fd86288df93f4fbc78f091adafc70c1f87caf2b3fe4eb5f48c475c1dad2'}",mock
0x94c172aa106886a4d7bd98f181648a91811c338cfe7c0908c8de2ed06339e435,86000,1,TicketReserved,"{'model_id': 'model_mnist_784_noniid', 'round': 4, 'ticket_id': 247, 'owner': 'acct_47'}",mock
0xc52e8f02526dee910a7800b20b155acaa7c7f4578019cba021833c8f2649dc1c,93000,1,UpdatePublished,"{'model_id': 'model_mnist_784_noniid', 'round': 4, 'ticket_id': 247, 'cid': 'sha256:9594af3706db9454b6a1f64b42b6b614f3ba8f33559b470346dd04f441d3d416'}",mock
0x93a9235022054d48acaf19513371647b9ad191177f698efcfe427a8079cb960d,86000,1,TicketReserved,"{'model_id': 'model_mnist_784_noniid', 'round': 4, 'ticket_id': 248, 'owner': 'acct_48'}",mock
0x52476cdb94c43719267d6ce8558b98e6fb797abba2de156e02557c69664143dc,93000,1,UpdatePublished,"{'model_id': 'model_mnist_784_noniid', 'round': 4, 'ticket_id': 248, 'cid': 'sha256:79a676bf7c1ec3de5ae0943bb08a253265348db0991061359f46f5157a93d392'}",mock
0xba97cb3b69e123e4bfa451be5690a7a079ab2a092e5d6e6a4e2e5ccfeae11cbe,86000,1,TicketReserved,"{'model_id': 'model_mnist_784_noniid', 'round': 4, 'ticket_id': 249, 'owner': 'acct_49'}",mock
0xd3a419c8efc8ea348b6069817002f760d316637f0c298d0fbb29d2c787c87f04,93000,1,UpdatePublished,"{'model_id': 'model_mnist_784_noniid', 'round': 4, 'ticket_id': 249, 'cid': 'sha256:c06aead51fabc166b8d4ce83f0cb6524c818413c6b4e46be71fa6b9f7c31226d'}",mock
0x0a42ad5c30ecf923b611cf9b01035244a365dbd90500631ffacc908eac83c452,86000,1,TicketReserved,"{'model_id': 'model_mnist_784_noniid', 'round': 4, 'ticket_id': 250, 'owner': 'acct_50'}",mock
0xc5c711f9c3776cca77ce4daec54c65fcd0fd9c7d59b77d34f8b4d1f188618d32,93000,1,UpdatePublished,"{'model_id': 'model_mnist_784_noniid', 'round': 4, 'ticket_id': 250, 'cid': 'sha256:fa3705f66a4dbc9987cbc9bf62325b19cabae19867abf648afdd226c9b417e64'}",mock
0x73ac6fd581e470329a1ddff52d28db412578b8096d00622255bba69c88f1e351,1125000,1,RoundFinalized,"{'model_id': 'model_mnist_784_noniid', 'round': 4, 'included': 50, 'refunds': 50}",mock
0x6058baba6cea1a93719590739b7c1fd019c7b3ef08377697ebccc4d8b5d707bc,52000,1,RoundFunded,"{'model_id': 'model_mnist_784_noniid', 'amount_wei': 10000000000000000}",mock
0xc0050100527a3e2756d4d7f7fe04f94b0c0f4899d67eb2e2f2a0fb95c39f927a,86000,1,TicketReserved,"{'model_id': 'model_mnist_784_noniid', 'round': 5, 'ticket_id': 251, 'owner': 'acct_1'}",mock
0xccbd1e6031a43cdd6a10d1c060aff72e7788cad5bd39b041cdcbfa18d84ba7ae,93000,1,UpdatePublished,"{'model_id': 'model_mnist_784_noniid', 'round': 5, 'ticket_id': 251, 'cid': 'sha256:1c482848d88ed06cdd6049f5a636b5e450d1aaf00abf64b2b57fb4dd990a98d5'}",mock
0x2a39471e69de12fa1799a8c0758288f9ac3ce05d13e8bc5c6aca4ca5e407ff53,86000,1,TicketReserved,"{'model_id': 'model_mnist_784_noniid', 'round': 5, 'ticket_id': 252, 'owner': 'acct_2'}",mock
0xb0c1629d6a2307e038a830800e5e771ca309c37fe975e1d5d7d83cee1df09897,93000,1,UpdatePublished,"{'model_id': 'model_mnist_784_noniid', 'round': 5, 'ticket_id': 252, 'cid': 'sha256:cfc69d017da41fad2bc85f9c0bce7707777a9c3f4788fd7e4ae849744d65b0df'}",mock
0x0913ea11a8c326bd078c1a45601a2908b1d3c4615d1dd950d2f5cea2911df06b,86000,1,TicketReserved,"{'model_id': 'model_mnist_784_noniid', 'round': 5, 'ticket_id': 253, 'owner': 'acct_3'}",mock
0xa428f0b8022b0882d3c48fb4422b9ae2770a5b889801149fb0a1023aceeac622,93000,1,UpdatePublished,"{'model_id': 'model_mnist_784_noniid', 'round': 5, 'ticket_id': 253, 'cid': 'sha256:c17c14fea593950d5eff35ad3ed0f02866031dc82553dc779daf184102e82256'}",mock
0x15285eb888b791578ecaa665ede32eeb3ce1c8dc1b7544c057658657d3a358cc,86000,1,TicketReserved,"{'model_id': 'model_mnist_784_noniid', 'round': 5, 'ticket_id': 254, 'owner': 'acct_4'}",mock
0xdfb7865426c2176223ca247c48a971af6ac9ba1583b21bdcbcf48e099fa2b039,93000,1,UpdatePublished,"{'model_id': 'model_mnist_784_noniid', 'round': 5, 'ticket_id': 254, 'cid': 'sha256:8737451d3865d87159f1479e09f6f55d7ae02662bd8013798b28ca20b522e5d5'}",mock
0xb6d3958c3971cff3faac4cfb4178ee8d9e8d1485fa13acdcbc3d7b5c3d58c3da,86000,1,TicketReserved,"{'model_id': 'model_mnist_784_noniid', 'round': 5, 'ticket_id': 255, 'owner': 'acct_5'}",mock
0x50d5a105ce873e591e39239184c87c49dace4c62b66a57923b26f7e27a1e207a,93000,1,UpdatePublished,"{'model_id': 'model_mnist_784_noniid', 'round': 5, 'ticket_id': 255, 'cid': 'sha256:28f74957f7d50c9d78e4a0d29950043d1f76464b39af41846eb011ced1ad4005'}",mock
0x271cdc0bb8d4062060dab12e5c09380939992f79a6e5b90c8ab5dc03e6752cd5,86000,1,TicketReserved,"{'model_id': 'model_mnist_784_noniid', 'round': 5, 'ticket_id': 256, 'owner': 'acct_6'}",mock
0xbfce8d4658bf182e250761414ec0c1b44cb3b505175be3c6dc22cdec7004971e,93000,1,UpdatePublished,"{'model_id': 'model_mnist_784_noniid', 'round': 5, 'ticket_id': 256, 'cid': 'sha256:a741b98d6d12fb09694148933d06553d205d47fa9057b650a4457e8bfd448139'}",mock
0x5725b4978050988ca6fbb734c1e3ab73c52169de0ab35b46597c660fb58d26c0,86000,1,TicketReserved,"{'model_id': 'model_mnist_784_noniid', 'round': 5, 'ticket_id': 257, 'owner': 'acct_7'}",mock
0x8c3aad6cf9af0c29c36df4fe3e68fee58f5cf5fed55dbd7522a70a500a7fc2cf,93000,1,UpdatePublished,"{'model_id': 'model_mnist_784_noniid', 'round': 5, 'ticket_id': 257, 'cid': 'sha256:93bf2ec118c87827a1b560c1634aea72c308065391d4c087b455d868672d49c0'}",mock
0xd29254a71ab7da7f219fe2cfec8be840492536a6970dd6d534078e076cd8d79f,86000,1,TicketReserved,"{'model_id': 'model_mnist_784_noniid', 'round': 5, 'ticket_id': 258, 'owner': 'acct_8'}",mock
0x2979ed0f4b814fb2a6df22baeaa975c9da70eb4e5b840eb310aee6895a737962,93000,1,UpdatePublished,"{'model_id': 'model_mnist_784_noniid', 'round': 5, 'ticket_id': 258, 'cid': 'sha256:10923727f8a0c81643efa44e351a9ac90a548056eea44575a44ff1c1cad4bbee'}",mock
0x7fffa8f54aa81aa0289cbb4de7b446822d6774956e30927a426c9bb866ebcc2e,86000,1,TicketReserved,"{'model_id': 'model_mnist_784_noniid', 'round': 5, 'ticket_id': 259, 'owner': 'acct_9'}",mock
0x1bd53193976a8b340cbbfac8b85c12ac219b64c7a23a9aa07587a116dc396191,93000,1,UpdatePublished,"{'model_id': 'model_mnist_784_noniid', 'round': 5, 'ticket_id': 259, 'cid': 'sha256:bccce97a433fff91c0c817c820e3cc005e5f7596a7bacd6d5560c79329cef7a9'}",mock
0xa7113a2014231a416c0b9e1c6c92a5c1fd6720a8a41bcce43b91aeda8f2c9fb1,86000,1,TicketReserved,"{'model_id': 'model_mnist_784_noniid', 'round': 5, 'ticket_id': 260, 'owner': 'acct_10'}",mock
0x77c3ec965243a6e42850e21796f4b471ba9b84aa58afbcb1373dc0350626e0e6,93000,1,UpdatePublished,"{'model_id': 'model_mnist_784_noniid', 'round': 5, 'ticket_id': 260, 'cid': 'sha256:3120d27d62ebb36ae3e4baa752fcb0de4da62f537eed04530f245f372856ddeb'}",mock
0xb482e55ea948b2347b8b49be36c17ae00fd7af4da7f5fee03ab360ec1433e397,86000,1,TicketReserved,"{'model_id': 'model_mnist_784_noniid', 'round': 5, 'ticket_id': 261, 'owner': 'acct_11'}",mock
0xeefd2fdb04a089260807bf4a0d62fe8b200618da9b7d656b148b052650be629c,93000,1,UpdatePublished,"{'model_id': 'model_mnist_784_noniid', 'round': 5, 'ticket_id': 261, 'cid': 'sha256:ea927df0f97ca8f2469921e42e1bf6f496b569070d4e6bbfc78862deed6fd409'}",mock
0xf47ce31ba19a7b444fdedc964d4fd14365e8c520d7eb0995ad0e8f9ce0ab1ecc,86000,1,TicketReserved,"{'model_id': 'model_mnist_784_noniid', 'round': 5, 'ticket_id': 262, 'owner': 'acct_12'}",mock
0xa50ea3412aa29024655e09f4c08f75c7015cccbd37ab1143fc523d587737c275,93000,1,UpdatePublished,"{'model_id': 'model_mnist_784_noniid', 'round': 5, 'ticket_id': 262, 'cid': 'sha256:d6a93ea98efd093f5ccda658f1456401c88c489d8a70bbf9b552dd9e91781dde'}",mock
0x8115d84c0fef8a73069447c110df5c112b15652cb5fad42907ab123a2af92072,86000,1,TicketReserved,"{'model_id': 'model_mnist_784_noniid', 'round': 5, 'ticket_id': 263, 'owner': 'acct_13'}",mock
0x4b7fc838528c4ad7182ed630f616aef3a82b9f1a2445d982ec57c4e100dfe971,93000,1,UpdatePublished,"{'model_id': 'model_mnist_784_noniid', 'round': 5, 'ticket_id': 263, 'cid': 'sha256:2c4ca6479275d5723cfe1ff9214f816ccf2c966bc8602149e241a21592e34257'}",mock
0x22f0fa806f5de28a94a38f87b1ee86504ee79fa348b99990df0713d9792c3bcb,86000,1,TicketReserved,"{'model_id': 'model_mnist_784_noniid', 'round': 5, 'ticket_id': 264, 'owner': 'acct_14'}",mock
0x5b5bb488ef93dedbf2b8270c7509bcefa363bfe3f38b158f7cfdec0b81cd5ca2,93000,1,UpdatePublished,"{'model_id': 'model_mnist_784_noniid', 'round': 5, 'ticket_id': 264, 'cid': 'sha256:75305772e555da147c6db7dec40313fc5b78b8f55c8339705379d3ba18883b5d'}",mock
0x8992f11a57c8dff5b6b9bc99fa4cd5275cfbd2193b889406b8a6f21318aaad3d,86000,1,TicketReserved,"{'model_id': 'model_mnist_784_noniid', 'round': 5, 'ticket_id': 265, 'owner': 'acct_15'}",mock
0x732488e6327d492310b05a834ff0d25e50f6adfc2808ba4b177ecddf1cf6f079,93000,1,UpdatePublished,"{'model_id': 'model_mnist_784_noniid', 'round': 5, 'ticket_id': 265, 'cid': 'sha256:98a9c0844d6887f121988d352e1565b0c894524eb9fdef24d53937797fdebb76'}",mock
0x5db52e1e97828e468b10a943ca4df9217cd99d7f64164fb4eee141c69014c979,86000,1,TicketReserved,"{'model_id': 'model_mnist_784_noniid', 'round': 5, 'ticket_id': 266, 'owner': 'acct_16'}",mock
0x89beeac1afcd94d5bdd88df4252824e65f62ec94ab17bd26975eae59c55d5b62,93000,1,UpdatePublished,"{'model_id': 'model_mnist_784_noniid', 'round': 5, 'ticket_id': 266, 'cid': 'sha256:12f34c609cf5b2ec53a1f26d137071b389d3f6b1b5443d4458c33eaba09bf59e'}",mock
0x17cd7792c32046240e1efcf612842c8a9b6159eb64960f0e6be7643f09fab978,86000,1,TicketReserved,"{'model_id': 'model_mnist_784_noniid', 'round': 5, 'ticket_id': 267, 'owner': 'acct_17'}",mock
0xf4410e225d8ede2f50664beb18f72380d7a0f4cdb0fc96f95ca850008ca2f5a1,93000,1,UpdatePublished,"{'model_id': 'model_mnist_784_noniid', 'round': 5, 'ticket_id': 267, 'cid': 'sha256:4eba6dff8646e16fc7aaa0797a7a8a8f1152d82187a4c8824ea6e1e56f1a11ff'}",mock
0xef3fc5eb5fdf92eece8095d35cbb60e058ccde55384617e297ef71c21d84d36b,86000,1,TicketReserved,"{'model_id': 'model_mnist_784_noniid', 'round': 5, 'ticket_id': 268, 'owner': 'acct_18'}",mock
0x5de8f688530390487cf565291b5716a44067680ef44c419cdfeb29a91dacc4c5,93000,1,UpdatePublished,"{'model_id': 'model_mnist_784_noniid', 'round': 5, 'ticket_id': 268, 'cid': 'sha256:1276657ca30c9a83c6ec12286932667c0117e9e289ee05f7f0aac02141eb9c72'}",mock
0xd5fa582d84d523bdb3afd204b93e6245dcca7df8ca442441aebbcecb0d6b9e58,86000,1,TicketReserved,"{'model_id': 'model_mnist_784_noniid', 'round': 5, 'ticket_id': 269, 'owner': 'acct_19'}",mock
0xcf8f705bcc3cf7b356b34fdca21e16f7dcb8bcaeeb3da178afa2dfbce01ecd40,93000,1,UpdatePublished,"{'model_id': 'model_mnist_784_noniid', 'round': 5, 'ticket_id': 269, 'cid': 'sha256:0fb3ebe0c0a3b0fec6182443589b6816d449ada097b8a7c0018cee7fc73d26a9'}",mock
0x859142a42aafdad4fe5c45987572236365726b9dca19e3bc39daec096029aa1b,86000,1,TicketReserved,"{'model_id': 'model_mnist_784_noniid', 'round': 5, 'ticket_id': 270, 'owner': 'acct_20'}",mock
0xd14489753538dbb4a1499960728736ed3b3930ff19cbc20dc5de0209850624a7,93000,1,UpdatePublished,"{'model_id': 'model_mnist_784_noniid', 'round': 5, 'ticket_id': 270, 'cid': 'sha256:dcd9fe2b7f5bf57d5e1e886add6fa8307f497ff4147291973c13b2d7c996a89a'}",mock
0x763697eb29755e94b779e258c0fc80c0d5ff8c1627771e501d1d775280df4b48,86000,1,TicketReserved,"{'model_id': 'model_mnist_784_noniid', 'round': 5, 'ticket_id': 271, 'owner': 'acct_21'}",mock
0x9bef7641d460a8f0cdf0c2ab63b1d67b92fdf6395a2f03a840cea5033ff256b4,93000,1,UpdatePublished,"{'model_id': 'model_mnist_784_noniid', 'round': 5, 'ticket_id': 271, 'cid': 'sha256:f9ca340c91164e1e4daace7c2e4f3568cc803a03ab5be742a3df40c9bdb665ec'}",mock
0x4f0e288fcc2707488381185b4af87d780db46a97ab4dd2e28989a2d1953454fe,86000,1,TicketReserved,"{'model_id': 'model_mnist_784_noniid', 'round': 5, 'ticket_id': 272, 'owner': 'acct_22'}",mock
0x80a84e9d8328ba6631544bf38622cabab5a81ac3662dd9c37a6e574754877ece,93000,1,UpdatePublished,"{'model_id': 'model_mnist_784_noniid', 'round': 5, 'ticket_id': 272, 'cid': 'sha256:87061776f0932d3b05975d216ddf0af222d11d8e10cd7fb6369b205452381209'}",mock
0x2c7437fb891255d6ec3c14d48564db4d71789be9d201de7aef3d0b9f3a372140,86000,1,TicketReserved,"{'model_id': 'model_mnist_784_noniid', 'round': 5, 'ticket_id': 273, 'owner': 'acct_23'}",mock
0x4be4cec1aeba062836c2af982d348448fde0f103ea6e5569f34acc7e0567ddd9,93000,1,UpdatePublished,"{'model_id': 'model_mnist_784_noniid', 'round': 5, 'ticket_id': 273, 'cid': 'sha256:58116b18cff407e01c7100ce1457acd35f118218aed422c6272b0fe44b04e74c'}",mock
0x05bfd4b2fd69ceafd4277e3ef682f624a523b19609c37d9056aa6a5aa95bdb46,86000,1,TicketReserved,"{'model_id': 'model_mnist_784_noniid', 'round': 5, 'ticket_id': 274, 'owner': 'acct_24'}",mock
0xd3c49f892b6ab71cc0973b10381662d6d30578b1768545a4e8b50fb74a191dcc,93000,1,UpdatePublished,"{'model_id': 'model_mnist_784_noniid', 'round': 5, 'ticket_id': 274, 'cid': 'sha256:f48ab564b6afec808a39e80eb77a3edce70e0fee4bd02f54e272646a2af24ea5'}",mock
0xa1fec38e31ffcf2a7fa5cf36fe18cbd3b9f28c5f801aa5bc00073f859d337dc3,86000,1,TicketReserved,"{'model_id': 'model_mnist_784_noniid', 'round': 5, 'ticket_id': 275, 'owner': 'acct_25'}",mock
0x9a11e4b14467e72d05f6b8804cee2be3f0ffef1671d0465bcff6cd73c2352bb7,93000,1,UpdatePublished,"{'model_id': 'model_mnist_784_noniid', 'round': 5, 'ticket_id': 275, 'cid': 'sha256:2641a2dc9d4e18908f9995d58e9458c5baa04fb31cc35ba6fee7621803dafdcf'}",mock
0x69ddc95226f9f74747b2985ff3b5c364fcf15e4517c35d2b1e77ffe9201af4c4,86000,1,TicketReserved,"{'model_id': 'model_mnist_784_noniid', 'round': 5, 'ticket_id': 276, 'owner': 'acct_26'}",mock
0x66c1995f7ce8cb43b422410c4d672c1030f48be073321e2bf3638e52a8251fe9,93000,1,UpdatePublished,"{'model_id': 'model_mnist_784_noniid', 'round': 5, 'ticket_id': 276, 'cid': 'sha256:fb9f663b098554cb90a747ce1b5bd773cf30ae13b04e391b8d660a5a186eb44a'}",mock
0xc75b3b30d85a25ac603a0f527dfdadc59f1f7afc9b83e20234f2053d4bde98a0,86000,1,TicketReserved,"{'model_id': 'model_mnist_784_noniid', 'round': 5, 'ticket_id': 277, 'owner': 'acct_27'}",mock
0xbb529d9f2c8b2065ebaa3b5155057e35137eb8489b8af9a3a7fd6ce8b893809c,93000,1,UpdatePublished,"{'model_id': 'model_mnist_784_noniid', 'round': 5, 'ticket_id': 277, 'cid': 'sha256:8befbd6491d13440b8ff091982efb81ab3566718bdd779ee576b377dc16a7019'}",mock
0x849fb6cad27e3cfab9796dd04867745e0f3c53a74ebbb757fd35f4226379f3d2,86000,1,TicketReserved,"{'model_id': 'model_mnist_784_noniid', 'round': 5, 'ticket_id': 278, 'owner': 'acct_28'}",mock
0xf70d902c457788bc0d9040d390e0ae318c18706a2a5f91a502bf2ba18318b7de,93000,1,UpdatePublished,"{'model_id': 'model_mnist_784_noniid', 'round': 5, 'ticket_id': 278, 'cid': 'sha256:55381ed5161e4f11b31281d92a5649700a06b89b633d1af24873e17a0c1e075f'}",mock
0xce7d61943349595eda8bbcad48cbbf4954f0c126de4b81657e7bb2f9ce04dcff,86000,1,TicketReserved,"{'model_id': 'model_mnist_784_noniid', 'round': 5, 'ticket_id': 279, 'owner': 'acct_29'}",mock
0x1627eb1d0f37167f58676c676397645a0714c1036c2402edbb4e4d6c1b4a6847,93000,1,UpdatePublished,"{'model_id': 'model_mnist_784_noniid', 'round': 5, 'ticket_id': 279, 'cid': 'sha256:0a59ffa830ae0727e9734c6ec3054cfc0984e2d9e0c2feea1a421fe27496b1d5'}",mock
0x714968945d7a5bb1eb8b50ee568bbcf80476d3d418af1bba9eb98df68d90ad2b,86000,1,TicketReserved,"{'model_id': 'model_mnist_784_noniid', 'round': 5, 'ticket_id': 280, 'owner': 'acct_30'}",mock
0x64302ba37fd7935fa319aaa3c5aa9834829ad4311d92026fc2b8e673f7dd1e25,93000,1,UpdatePublished,"{'model_id': 'model_mnist_784_noniid', 'round': 5, 'ticket_id': 280, 'cid': 'sha256:4fbd90ae9b55f54928e0faab3f063119a9ab0dd64fb84fd2424479890c35c9cf'}",mock
0x9ac240f4508f821a12a9f5be702280a347ac314564851916734294fa52917f57,86000,1,TicketReserved,"{'model_id': 'model_mnist_784_noniid', 'round': 5, 'ticket_id': 281, 'owner': 'acct_31'}",mock
0xdd58b18722a929b0e1cfe5280f0edcda85eaf8dec2d9e5d8acec9814f1d773ef,93000,1,UpdatePublished,"{'model_id': 'model_mnist_784_noniid', 'round': 5, 'ticket_id': 281, 'cid': 'sha256:fe6ec5cedbc4d9bf314e4838a6e5771a37dcc2aae7ef43e20985fb3684e59df2'}",mock
0x9ef2bf68bbf47e84468f0dc5ec3a615e99a7e5868ab6f0b7c3bea4bf8f4e6004,86000,1,TicketReserved,"{'model_id': 'model_mnist_784_noniid', 'round': 5, 'ticket_id': 282, 'owner': 'acct_32'}",mock
0x0a82b52a380e79bf19f63205b64a74c21ba4dcc31e28430efb47a968c337f63d,93000,1,UpdatePublished,"{'model_id': 'model_mnist_784_noniid', 'round': 5, 'ticket_id': 282, 'cid': 'sha256:9caadaaade8b8ba6edc8bb79ee1d74b7c7c6ee691efe8900fc7626de279cff46'}",mock
0x91337d6016dd69dbf28d3d57080f04946e421ff789acc2f1adf02a8ef5158366,86000,1,TicketReserved,"{'model_id': 'model_mnist_784_noniid', 'round': 5, 'ticket_id': 283, 'owner': 'acct_33'}",mock
0xf3eed5057f49f3328a24badcce452f1ed6f89dcd04c4106ea7acc0e3092f127e,93000,1,UpdatePublished,"{'model_id': 'model_mnist_784_noniid', 'round': 5, 'ticket_id': 283, 'cid': 'sha256:2f8339fccde71d6d06fffe892356676ae79f336ccfcbc748d03bb8b6ef8ae8b3'}",mock
0x01f5fa3d478192444392acee568b9b38f5b0b82086c72eb5f7902d32bc63db18,86000,1,TicketReserved,"{'model_id': 'model_mnist_784_noniid', 'round': 5, 'ticket_id': 284, 'owner': 'acct_34'}",mock
0x538486ad679ae008746a78b93adf3a9b3e8b72ca02a8d5cf993b021caabef376,93000,1,UpdatePublished,"{'model_id': 'model_mnist_784_noniid', 'round': 5, 'ticket_id': 284, 'cid': 'sha256:1a1168c94c5e83949b3c8e865e7649b9797c9a7a0549173ac449c67108e7c170'}",mock
0x332f9ad76eb75a7405415da01a82d1f01647b912f51c88db6e2094584433d0dc,86000,1,TicketReserved,"{'model_id': 'model_mnist_784_noniid', 'round': 5, 'ticket_id': 285, 'owner': 'acct_35'}",mock
0x26f84c441dd0c93662303661087611c85be969c1efb92d1f4db1f011f58d3161,93000,1,UpdatePublished,"{'model_id': 'model_mnist_784_noniid', 'round': 5, 'ticket_id': 285, 'cid': 'sha256:5cde497a7906b1510a48fda4fd412a947f3936b37cdb9092d2413a696988b610'}",mock
0xc5fa5bc960b0b9472eb485b6f4419d66a53ef79d73abeb0cdac5e163ff1e6456,86000,1,TicketReserved,"{'model_id': 'model_mnist_784_noniid', 'round': 5, 'ticket_id': 286, 'owner': 'acct_36'}",mock
0x921daf0eed89da3aa5fed49b8425643365264e4dd2491ba9c17cf2e088bcb760,93000,1,UpdatePublished,"{'model_id': 'model_mnist_784_noniid', 'round': 5, 'ticket_id': 286, 'cid': 'sha256:6972bc56725ca008ed611f03a8a75d0b2ad7c81d37ebde2a09c1700325353cf2'}",mock
0x2abc580f70cdb835066bd9bfc1e5ab51ad63e99dc963a123f38a4089d3cd7bb8,86000,1,TicketReserved,"{'model_id': 'model_mnist_784_noniid', 'round': 5, 'ticket_id': 287, 'owner': 'acct_37'}",mock
0x0510762d548b856c27137321b290c13a816b36535ad4be1d887d31e8812cd674,93000,1,UpdatePublished,"{'model_id': 'model_mnist_784_noniid', 'round': 5, 'ticket_id': 287, 'cid': 'sha256:fc60fa8f96c27c8226ea3a8e18bbc2ca1128c7a08df7ce510ca613bb426b230a'}",mock
0x1c33ec83ed5282d6bc6245036da87be081b9437cfaf2583bf06f813aa06365f0,86000,1,TicketReserved,"{'model_id': 'model_mnist_784_noniid', 'round': 5, 'ticket_id': 288, 'owner': 'acct_38'}",mock
0x4d12c7d6088cb3ae8d8af1ad8ccdf88c298659bb4df00b7c239cb66005e5b82c,93000,1,UpdatePublished,"{'model_id': 'model_mnist_784_noniid', 'round': 5, 'ticket_id': 288, 'cid': 'sha256:cdc1b9a8f8ffdc71d510abc7595ed8e457c6583ea5199f6c02a48ea7eaa68142'}",mock
0xe248d91b2a7cc0b6c23791c8932e0d457629d8f5c37a828e3a22509d35aefc4e,86000,1,TicketReserved,"{'model_id': 'model_mnist_784_noniid', 'round': 5, 'ticket_id': 289, 'owner': 'acct_39'}",mock
0x13fc0ed279b88a8e71e1ce7299a340ed2bbbd530036635cc01856cd24b5161e8,93000,1,UpdatePublished,"{'model_id': 'model_mnist_784_noniid', 'round': 5, 'ticket_id': 289, 'cid': 'sha256:105bf85d23427f994f44aa92ce88ed8dbdff0dcbdb1590b522440101123d6919'}",mock
0xd175a255e57caecf184a7904bf74c913ecaf32468f5981d027d3cd65b0ff1311,86000,1,TicketReserved,"{'model_id': 'model_mnist_784_noniid', 'round': 5, 'ticket_id': 290, 'owner': 'acct_40'}",mock
0xb43a8d166fda48aa9da4c4779ec60b3fec2968a16637300821b8b69baf650281,93000,1,UpdatePublished,"{'model_id': 'model_mnist_784_noniid', 'round': 5, 'ticket_id': 290, 'cid': 'sha256:4b98c699386debe0a268a6019a979b45e45f86940d8b47222980f9fd9f1df490'}",mock
0x74d9e215916db39fdb9db5a1eeb4093888300d1673932fd5501b09e4b4ab8c42,86000,1,TicketReserved,"{'model_id': 'model_mnist_784_noniid', 'round': 5, 'ticket_id': 291, 'owner': 'acct_41'}",mock
0xc355d05ccace7cab2be26407278a10ad04162dce4f786abdda558f20b8ec4342,93000,1,UpdatePublished,"{'model_id': 'model_mnist_784_noniid', 'round': 5, 'ticket_id': 291, 'cid': 'sha256:81ad1c93e9d01536eb696677c6fac82cfe61e6a736d8ea85426a002cb0c84fc2'}",mock
0x3327924b3361c55565e960764614d98dadbe646e345bb2a061629ebbe4f3da4d,86000,1,TicketReserved,"{'model_id': 'model_mnist_784_noniid', 'round': 5, 'ticket_id': 292, 'owner': 'acct_42'}",mock
0x9a3405ac1b82fef4f6a0c32119eb920acae7142ab70a82c20658922ba33295e4,93000,1,UpdatePublished,"{'model_id': 'model_mnist_784_noniid', 'round': 5, 'ticket_id': 292, 'cid': 'sha256:6beae749edfa0c4968f3fbbb090d787397ae226df953dd4f9dcb1650f1260d4c'}",mock
0x95a7b1724d854ab10252e5eb929874876267deeaf8e2b0d610f9109ec4b41c21,86000,1,TicketReserved,"{'model_id': 'model_mnist_784_noniid', 'round': 5, 'ticket_id': 293, 'owner': 'acct_43'}",mock
0xd88d7cf5e4c81c0f75efc5b94e06cfce8b862d7354c2ddc9a42e61b3b5491f3c,93000,1,UpdatePublished,"{'model_id': 'model_mnist_784_noniid', 'round': 5, 'ticket_id': 293, 'cid': 'sha256:d69d13a13575088abb3c517a1a6547c6a2336b8a1e9db211da3ca3a0de1332c3'}",mock
0x49381b3b108997c7008196d9f870c0213886090653a550f25aedece872100f33,86000,1,TicketReserved,"{'model_id': 'model_mnist_784_noniid', 'round': 5, 'ticket_id': 294, 'owner': 'acct_44'}",mock
0x855d1c73035529901f6b78194287adaa0644919a7be3427e2557dec06bcfe51c,93000,1,UpdatePublished,"{'model_id': 'model_mnist_784_noniid', 'round': 5, 'ticket_id': 294, 'cid': 'sha256:94d643adb31dbc23affa6723e7f2549ee5ae7ccacf80d31c0e400847284f3293'}",mock
0xc05c42b834483f7c515d3753c1dd6fe8721ee2adbc5cfb2b6c90fe19781d608a,86000,1,TicketReserved,"{'model_id': 'model_mnist_784_noniid', 'round': 5, 'ticket_id': 295, 'owner': 'acct_45'}",mock
0x4f19a92338e0773a5eadfb503b4df1195f97a22a03244a20ebcc0ca7ea24c583,93000,1,UpdatePublished,"{'model_id': 'model_mnist_784_noniid', 'round': 5, 'ticket_id': 295, 'cid': 'sha256:32e7d547c0ef72301a8dc22f1402286717545d3b02dbd649dacc740b23ac527c'}",mock
0x02afd293222f80039b4d051beda3a202927028b13fd31637524ed44613039b0e,86000,1,TicketReserved,"{'model_id': 'model_mnist_784_noniid', 'round': 5, 'ticket_id': 296, 'owner': 'acct_46'}",mock
0xb4838a2c1383f855dedf378ae71c1466345e410030b43104da6c9c1eb6210df9,93000,1,UpdatePublished,"{'model_id': 'model_mnist_784_noniid', 'round': 5, 'ticket_id': 296, 'cid': 'sha256:158819fd339a9f164a83e2323c9f4bfa57171b394c3fbfbe4d3ab10a57cadc1d'}",mock
0xae2ca86406d145daf4da37a7a9aac26853272b05d5833b8047c11c54c3357ffe,86000,1,TicketReserved,"{'model_id': 'model_mnist_784_noniid', 'round': 5, 'ticket_id': 297, 'owner': 'acct_47'}",mock
0x6a066557519a2015d82dd1106d528e29a93d7a191d9d799b8f7e7e1d03056341,93000,1,UpdatePublished,"{'model_id': 'model_mnist_784_noniid', 'round': 5, 'ticket_id': 297, 'cid': 'sha256:b22a70dd2f2e39bfe18efb1624d4ebbcbec38dbcbed910e5740e0a0d2020dda2'}",mock
0xeb1751660092da87611fc3306b4c4d254f147f90b5b2789d97fafdd076cdc8eb,86000,1,TicketReserved,"{'model_id': 'model_mnist_784_noniid', 'round': 5, 'ticket_id': 298, 'owner': 'acct_48'}",mock
0x868e2c04a8832af24ec8495756dc13544b0124264c1bb86ed4516c5bab9974c5,93000,1,UpdatePublished,"{'model_id': 'model_mnist_784_noniid', 'round': 5, 'ticket_id': 298, 'cid': 'sha256:35da98f460daaa4c5c5dc2bd8ce151a5a62e7256ba6a626f3074de4dd2f7c049'}",mock
0xe1963c84289255258613ba43feb1759ab90aa64e36d83d0225680a255b7337f1,86000,1,TicketReserved,"{'model_id': 'model_mnist_784_noniid', 'round': 5, 'ticket_id': 299, 'owner': 'acct_49'}",mock
0xd47e1ba4101ce22921df3155be3b44b7c313aeab794487d2bc84b9ce7c86614d,93000,1,UpdatePublished,"{'model_id': 'model_mnist_784_noniid', 'round': 5, 'ticket_id': 299, 'cid': 'sha256:56b7cc9e56d41e6c626f75b73a6481e9dda337f8c67f4eb1401f27a0cccdcd03'}",mock
0xf1bc69544c2e04cd6d56daf894857ce857f1da1d67355792c481ffb43b692bd4,86000,1,TicketReserved,"{'model_id': 'model_mnist_784_noniid', 'round': 5, 'ticket_id': 300, 'owner': 'acct_50'}",mock
0xf9d4a138d812ac8a457d8342c9607dfeb0d96f3079b5e2da32578d48981c16f2,93000,1,UpdatePublished,"{'model_id': 'model_mnist_784_noniid', 'round': 5, 'ticket_id': 300, 'cid': 'sha256:4772401a2e48ce8255699f20d1be499ca40857f62678673aea5f6083552295b2'}",mock
0x748f617ecf27ec7f34787a3043161a676a0a3c25def3590b6a38bdf6dacee6cd,1125000,1,RoundFinalized,"{'model_id': 'model_mnist_784_noniid', 'round': 5, 'included': 50, 'refunds': 50}",mock
0x6ce80780919732f1d60c4eb4d05c411205fe65592fac0f9cf32d3243da10ba72,52000,1,RoundFunded,"{'model_id': 'model_mnist_784_noniid', 'amount_wei': 10000000000000000}",mock
0x9aa2dfceb5b5e4a06c068e98aac61f34116ce7bf5bab01f957c2e538f2914144,86000,1,TicketReserved,"{'model_id': 'model_mnist_784_noniid', 'round': 6, 'ticket_id': 301, 'owner': 'acct_1'}",mock
0x22ebda0b98d70dbecc0a2dd8974a440b905e44b7aa02575f955030690f5ae375,93000,1,UpdatePublished,"{'model_id': 'model_mnist_784_noniid', 'round': 6, 'ticket_id': 301, 'cid': 'sha256:0824fd9d5612c033a1451d9faa5aaa17c97d4fc26524495eef489800058a6f73'}",mock
0xc1d3f269365dd936aa891d171592caa624b3c5f955142746841f8b3f2b384190,86000,1,TicketReserved,"{'model_id': 'model_mnist_784_noniid', 'round': 6, 'ticket_id': 302, 'owner': 'acct_2'}",mock
0xfc4c273e66b7a501b66aa8b156c9617d1732341d2f9ae5edd4e25566994d1a68,93000,1,UpdatePublished,"{'model_id': 'model_mnist_784_noniid', 'round': 6, 'ticket_id': 302, 'cid': 'sha256:72acd3f9759002072dfb22ed395230a5650c0aaa59c8d6bb550d6ddaa30aa1e9'}",mock
0x8bbd0f6885d60ddab613c4bba7e73f62ef6590cf21f790ea83b0ea7395cdd479,86000,1,TicketReserved,"{'model_id': 'model_mnist_784_noniid', 'round': 6, 'ticket_id': 303, 'owner': 'acct_3'}",mock
0xee37261bb86d70d0b03d6a2d2e83a0982af7db3fd4417b1dab321b105562d238,93000,1,UpdatePublished,"{'model_id': 'model_mnist_784_noniid', 'round': 6, 'ticket_id': 303, 'cid': 'sha256:dcee5f998851c56d0d9dff5de66d6d6f1a33fc8a7dfc351af9e745be5295f5cb'}",mock
0x1076818401f91bb9adf6c72afbad166e84631d8e6e0a5f2962403c5460e8e7bb,86000,1,TicketReserved,"{'model_id': 'model_mnist_784_noniid', 'round': 6, 'ticket_id': 304, 'owner': 'acct_4'}",mock
0x329973388dcd444bafb38136964a30458249e0fbd0cb242433e56ac6b99f0f4e,93000,1,UpdatePublished,"{'model_id': 'model_mnist_784_noniid', 'round': 6, 'ticket_id': 304, 'cid': 'sha256:90e7590f1640f21283dd63a02750b79d4ff10a71b0e2341b91843c609135794f'}",mock
0x4d96c5119dbb0e7c5d47c518433f8d413c6fda557eb19abffdff0857566399c6,86000,1,TicketReserved,"{'model_id': 'model_mnist_784_noniid', 'round': 6, 'ticket_id': 305, 'owner': 'acct_5'}",mock
0xfb1b84f2dbf04770a2f3ca7d43fadc25e963fbd1ac7439dac5b95e31aabf8d22,93000,1,UpdatePublished,"{'model_id': 'model_mnist_784_noniid', 'round': 6, 'ticket_id': 305, 'cid': 'sha256:0bccb106cfd4b53b35d078ed1dd3718cb0aca4e6aabf04fefa059eb446b97b3f'}",mock
0x2270481380ee10115c9eca77c01b5f9c12efca846bf9bc47793bd4a55c62c18b,86000,1,TicketReserved,"{'model_id': 'model_mnist_784_noniid', 'round': 6, 'ticket_id': 306, 'owner': 'acct_6'}",mock
0xe835556e010626c57f339cdaf2d8d2ca3823adfda7e960645ebc0bd1b78ba813,93000,1,UpdatePublished,"{'model_id': 'model_mnist_784_noniid', 'round': 6, 'ticket_id': 306, 'cid': 'sha256:0494c12f59c3c38d7178aa537271ffad8c9f4cf8386af29d797808f79d8c7890'}",mock
0x813ae1c2a50602eaf7e9e2f4b922fa02e29f13ba01b9c59ed35b29845c6d712b,86000,1,TicketReserved,"{'model_id': 'model_mnist_784_noniid', 'round': 6, 'ticket_id': 307, 'owner': 'acct_7'}",mock
0x61f8370bf94f706e332a6b9d9ce6cc0f4df20a938c4bd4c5124dae363cd18035,93000,1,UpdatePublished,"{'model_id': 'model_mnist_784_noniid', 'round': 6, 'ticket_id': 307, 'cid': 'sha256:ae05a6aa0250a5645d40e73ba7f75cde8d5a9d850fba14d129c2767287bb438c'}",mock
0xd83c55110afc7966f0e347c05cd00ca109cf4f998b41dcb7d1f38ba0ab9d91b9,86000,1,TicketReserved,"{'model_id': 'model_mnist_784_noniid', 'round': 6, 'ticket_id': 308, 'owner': 'acct_8'}",mock
0x5b3ef3647e8304decbd0073486614481938224201566314f2b8eda1093cccd47,93000,1,UpdatePublished,"{'model_id': 'model_mnist_784_noniid', 'round': 6, 'ticket_id': 308, 'cid': 'sha256:bbc1cc3d28dee561d779d958197cbf56e1da1c0b3703c3ccc60cd6b016e09359'}",mock
0x8dd16eca8865181c952e3a77d42c710df0b24a6432ad33fd8d622cceb2384ae7,86000,1,TicketReserved,"{'model_id': 'model_mnist_784_noniid', 'round': 6, 'ticket_id': 309, 'owner': 'acct_9'}",mock
0xf7ac24ba94c861243d1bffda513c84bc14d3b9cc4a9894018feb618c7e048373,93000,1,UpdatePublished,"{'model_id': 'model_mnist_784_noniid', 'round': 6, 'ticket_id': 309, 'cid': 'sha256:bdd3071a0d25372e55fe1917aca960c156d74702d799b28e8c6218105f53477d'}",mock
0x630ec9e342bc58a8b217423bdd3160570cd3a319adb35f95cec2178981c3c639,86000,1,TicketReserved,"{'model_id': 'model_mnist_784_noniid', 'round': 6, 'ticket_id': 310, 'owner': 'acct_10'}",mock
0xce648a8fea61f3ba484663c629d1dd97fc51c4b0d4387a1443eb45ce3b7fe708,93000,1,UpdatePublished,"{'model_id': 'model_mnist_784_noniid', 'round': 6, 'ticket_id': 310, 'cid': 'sha256:3dcde35ff8873d2c98b17761b6e19c7f05477e0d54a2cb9b11f83ced3906494e'}",mock
0xa25361cdd9a2db2aa7a89722a8a19da59469e54cdf6be2c933d6db528d8f26b0,86000,1,TicketReserved,"{'model_id': 'model_mnist_784_noniid', 'round': 6, 'ticket_id': 311, 'owner': 'acct_11'}",mock
0x2d97e7021ded6f881160dcee639e0d52ddf1c902b91e411205d464e5c443eeb6,93000,1,UpdatePublished,"{'model_id': 'model_mnist_784_noniid', 'round': 6, 'ticket_id': 311, 'cid': 'sha256:55ede4e39766a4d95e04b3fc269a017349905bee9baee0292ef57734ec4fc8a8'}",mock
0x0d8f692355356de7468d347b641d583048b018db3f7076a963bc8bf6588b2e32,86000,1,TicketReserved,"{'model_id': 'model_mnist_784_noniid', 'round': 6, 'ticket_id': 312, 'owner': 'acct_12'}",mock
0x149583b176cfd5689cf390d63c66d5d196b8071a0b42d94ef5fe0eb0ca1a11cd,93000,1,UpdatePublished,"{'model_id': 'model_mnist_784_noniid', 'round': 6, 'ticket_id': 312, 'cid': 'sha256:b243480e635299bcd2b9646f47ca4249f7d16aa1276d5b1fe4d9492b566ce58e'}",mock
0x57e16de061c225ca451359016ff7910cd6c92f16936448be3fbd859e4de721ed,86000,1,TicketReserved,"{'model_id': 'model_mnist_784_noniid', 'round': 6, 'ticket_id': 313, 'owner': 'acct_13'}",mock
0x775ccb8738c60eede70eafcc2107ddcf4cb209034dfba45533babf478f57a68c,93000,1,UpdatePublished,"{'model_id': 'model_mnist_784_noniid', 'round': 6, 'ticket_id': 313, 'cid': 'sha256:a3ae196a9dd4695e1207e52b4f34b37220e25c67efe0067d4b791c573cca6ced'}",mock
0x9f6ffe7f532f8d76a301351e10ed09e1584b46e138bb936a41c56d4ad7507546,86000,1,TicketReserved,"{'model_id': 'model_mnist_784_noniid', 'round': 6, 'ticket_id': 314, 'owner': 'acct_14'}",mock
0x73a4318ccfec936fae0780ddd5cc390259f84abb2cdb4a83d561b5637049e01a,93000,1,UpdatePublished,"{'model_id': 'model_mnist_784_noniid', 'round': 6, 'ticket_id': 314, 'cid': 'sha256:5fdc514148bb2ee5f62f5d30b39c5bbe74847bc9bccf8a72a61a9d3e622e6b1b'}",mock
0xa878c9ffdfa285b6a63f4b85b75e0cd2df6b2f1fe5768f096a6c8768e31154e8,86000,1,TicketReserved,"{'model_id': 'model_mnist_784_noniid', 'round': 6, 'ticket_id': 315, 'owner': 'acct_15'}",mock
0x7eacfebbefeb62c9626f8075fd8495377a39c0987eca565fc3ed2a0a4d1663d8,93000,1,UpdatePublished,"{'model_id': 'model_mnist_784_noniid', 'round': 6, 'ticket_id': 315, 'cid': 'sha256:242b1ae882c8d9d902453b90db447912027860ce24810ade81c04628ff45f75d'}",mock
0x9bc56901e359fcb3f075be60d5ccf4af55f4f2411cde2f6e662e8be49cdc417b,86000,1,TicketReserved,"{'model_id': 'model_mnist_784_noniid', 'round': 6, 'ticket_id': 316, 'owner': 'acct_16'}",mock
0x7064a50c241dc70054fced010fd79024880ea15a2ed3e8c69ba313aedaf9ed07,93000,1,UpdatePublished,"{'model_id': 'model_mnist_784_noniid', 'round': 6, 'ticket_id': 316, 'cid': 'sha256:9beb32c93534685a15d75b6682156c85bd02773d8512d7c234deaac433dc780f'}",mock
0xbffd97c8f6dc0fcc5fffbb6bafe9b997f040570825f8928fd1228c4503d0be9f,86000,1,TicketReserved,"{'model_id': 'model_mnist_784_noniid', 'round': 6, 'ticket_id': 317, 'owner': 'acct_17'}",mock
0xbe118cce47315f3231b15575b4bb2511c4ff149a378edd7b81236acc5cf98c8b,93000,1,UpdatePublished,"{'model_id': 'model_mnist_784_noniid', 'round': 6, 'ticket_id': 317, 'cid': 'sha256:7483c64771b9e21244d7e3876c9a467a2c23ad1e44f21b7d96216f6aeecc71ed'}",mock
0x2147176867cf7264473f8a412f0e882a887b92150dd089932ab9cba06128f9fc,86000,1,TicketReserved,"{'model_id': 'model_mnist_784_noniid', 'round': 6, 'ticket_id': 318, 'owner': 'acct_18'}",mock
0x82d48dc5dc124e2bab32b46ae02db6236ae869b74f61c2b046805ab5fe26b6e6,93000,1,UpdatePublished,"{'model_id': 'model_mnist_784_noniid', 'round': 6, 'ticket_id': 318, 'cid': 'sha256:fc88728d91d301fdcd4e12134c180bdc31a9ffdf4dc2e2554f9d7e4b7effd8b2'}",mock
0xf20d73a97c0d2461b5c6aee2a986db652ef2faa8bb9708a8167e6cbe0ac4b12a,86000,1,TicketReserved,"{'model_id': 'model_mnist_784_noniid', 'round': 6, 'ticket_id': 319, 'owner': 'acct_19'}",mock
0x2a2f1170f71c9163f795452d56a37434fae1517656f259fe5ae6b3cec45855ef,93000,1,UpdatePublished,"{'model_id': 'model_mnist_784_noniid', 'round': 6, 'ticket_id': 319, 'cid': 'sha256:920f464aa2986d50d4e8b0c79eb3fba6f517b13a859ab61970a52820cffaf6d7'}",mock
0xbfdb0bcd9630f1cdcca9086c071078953d34b4cc243ad4ca62b9457efeddb14a,86000,1,TicketReserved,"{'model_id': 'model_mnist_784_noniid', 'round': 6, 'ticket_id': 320, 'owner': 'acct_20'}",mock
0x12b82f0dd4ee3e03bc04277bc0e4987d5ed6585928d13df0be8ef95c8571cba9,93000,1,UpdatePublished,"{'model_id': 'model_mnist_784_noniid', 'round': 6, 'ticket_id': 320, 'cid': 'sha256:bbab1a7c14d3e926a7dc095f86d9909f3b5f341ea60bc12b63ead2263303e3a8'}",mock
0x5dce273ea156a58569ef043a1d1b4bdd3d27b452549a92d8ad37f23200478963,86000,1,TicketReserved,"{'model_id': 'model_mnist_784_noniid', 'round': 6, 'ticket_id': 321, 'owner': 'acct_21'}",mock
0xdf7156d9e513d2644841ddb88e04e0a242c64116466ae6f86d44243c304644fa,93000,1,UpdatePublished,"{'model_id': 'model_mnist_784_noniid', 'round': 6, 'ticket_id': 321, 'cid': 'sha256:4a139341ac91fe8f19a6d8eacd9fc9da6b3b14a7bb575d08d24b3f37911aa4de'}",mock
0x624ea7f7647bc777c036ead7028b1ca3d9596e0de0892edb485d0291e74d8f81,86000,1,TicketReserved,"{'model_id': 'model_mnist_784_noniid', 'round': 6, 'ticket_id': 322, 'owner': 'acct_22'}",mock
0x2df7849c717d9ee0a35849b8946b2e367c8c99d0f6e0bdd842adc1d544dd5ed4,93000,1,UpdatePublished,"{'model_id': 'model_mnist_784_noniid', 'round': 6, 'ticket_id': 322, 'cid': 'sha256:a05b9f152d7d5130deb41e07e331fc56d024cd7df819a0b6231034d82ca9f322'}",mock
0x61e8e0489f485f178686f03698a84c1faf8986c08b7de519b4161482a5cdd226,86000,1,TicketReserved,"{'model_id': 'model_mnist_784_noniid', 'round': 6, 'ticket_id': 323, 'owner': 'acct_23'}",mock
0xee845bb9c7d3440af871bf9ccdbf4730140163367d6825a83337a8b56abc16c3,93000,1,UpdatePublished,"{'model_id': 'model_mnist_784_noniid', 'round': 6, 'ticket_id': 323, 'cid': 'sha256:1d3974b46d3dde7763d74b4dd2f6091a35c669aa889e60c0bde238eee76ae474'}",mock
0x8e9f5877a4f965b84a02b32562adad0592fb4131ab6414346fc68c98f468677f,86000,1,TicketReserved,"{'model_id': 'model_mnist_784_noniid', 'round': 6, 'ticket_id': 324, 'owner': 'acct_24'}",mock
0x7323502b9e345a21cd45cf31ed5ee05a91246f4aedcd9677627e996e2561a953,93000,1,UpdatePublished,"{'model_id': 'model_mnist_784_noniid', 'round': 6, 'ticket_id': 324, 'cid': 'sha256:71065714e7a0920a15f4a6527f36c852884644ae4889eda1aed36912090c12cf'}",mock
0xb3ed7e362ebca934621d4eec6826b58749c6ecef96c4c44ceb5cf3d8cb48235f,86000,1,TicketReserved,"{'model_id': 'model_mnist_784_noniid', 'round': 6, 'ticket_id': 325, 'owner': 'acct_25'}",mock
0x1753cd46c3e3fda063ea139c1877ff0f11213a3d588fe58a407e5cc18e6db6bc,93000,1,UpdatePublished,"{'model_id': 'model_mnist_784_noniid', 'round': 6, 'ticket_id': 325, 'cid': 'sha256:b6aeb7dc5d8ca40d1d28ccae8a086d6cc19d1465a0bed4d245fe956a08a0ee1e'}",mock
0x14e2d38c2b68f1a79e2e52d80e6ff659409d4ddf151aa7ba835c506e7e814364,86000,1,TicketReserved,"{'model_id': 'model_mnist_784_noniid', 'round': 6, 'ticket_id': 326, 'owner': 'acct_26'}",mock
0xeb596462fc514bf71b4453380a060404187ab0bfcdefc657099c2428760d2a4a,93000,1,UpdatePublished,"{'model_id': 'model_mnist_784_noniid', 'round': 6, 'ticket_id': 326, 'cid': 'sha256:1b53ab1b957a35162827c6f97136c061bb75a1907d7eb51e730d7133596f1637'}",mock
0x49f72a605cb38d3471184e2aa98ff651735bd806bf257c2eafab62fd4d26b208,86000,1,TicketReserved,"{'model_id': 'model_mnist_784_noniid', 'round': 6, 'ticket_id': 327, 'owner': 'acct_27'}",mock
0x8444ca3f54ec5497feae22761af9ad66dcd7623cd47f990bc0a44d6a306eef9c,93000,1,UpdatePublished,"{'model_id': 'model_mnist_784_noniid', 'round': 6, 'ticket_id': 327, 'cid': 'sha256:a2d7e6dd9d475408de848e7ec8b9a60c48d9d1f1a7d499ca64e17392d5e95e15'}",mock
0x35b0de98990f921a3e54651a30e314b818fddf3c74cb06979d4fd8225b38db25,86000,1,TicketReserved,"{'model_id': 'model_mnist_784_noniid', 'round': 6, 'ticket_id': 328, 'owner': 'acct_28'}",mock
0x3eb15fcbcc9aa5943faf9f74f1575d5ddb658aa5809547ac842459aad1b166f7,93000,1,UpdatePublished,"{'model_id': 'model_mnist_784_noniid', 'round': 6, 'ticket_id': 328, 'cid': 'sha256:94af4ac694e4a0ad2fff1f2c2d1ea740111ff5a772601f9bdfc8c3e9b532cf4c'}",mock
0xed8007e4e343d272a302b19680f35cd59c3a58c9a9a7484630bffbe079f6bc81,86000,1,TicketReserved,"{'model_id': 'model_mnist_784_noniid', 'round': 6, 'ticket_id': 329, 'owner': 'acct_29'}",mock
0x3a324321059f4ebb506e728a2a825a0f3b5378a78be557969241e0d2967c76b0,93000,1,UpdatePublished,"{'model_id': 'model_mnist_784_noniid', 'round': 6, 'ticket_id': 329, 'cid': 'sha256:93cb97d3d91c16f15b1ac0f2fa1887ee9056b70f6873e886ace6ae529a436989'}",mock
0xca875f58f173f69535b87f997b90db9b96748aa605748c40bd14c3e364b37f13,86000,1,TicketReserved,"{'model_id': 'model_mnist_784_noniid', 'round': 6, 'ticket_id': 330, 'owner': 'acct_30'}",mock
0x271717e03d875ba41bdef302d707601d817c43d411a0c22cc02a765f558d8964,93000,1,UpdatePublished,"{'model_id': 'model_mnist_784_noniid', 'round': 6, 'ticket_id': 330, 'cid': 'sha256:e4cc8deb8af68141ea27ec7d93f9a6a0d4005c64e3ce294dab27afd4b748a5da'}",mock
0x53c1f30ebdf7537efac3e265b90bafc86e18be9653ee3cfc0d8cccb59fc32c30,86000,1,TicketReserved,"{'model_id': 'model_mnist_784_noniid', 'round': 6, 'ticket_id': 331, 'owner': 'acct_31'}",mock
0xc36f0f2ef7d3ac4406d5520cfd6e2b8e6161b550feb80648aff276b33cef02c5,93000,1,UpdatePublished,"{'model_id': 'model_mnist_784_noniid', 'round': 6, 'ticket_id': 331, 'cid': 'sha256:e0fed3aeba38956dbecf05dd492f5b475f60a651895cf0c1b85711314fa5db43'}",mock
0x7f1d5a5d52841ddeb1c3074b77294f287ff6ac597a68febf1a7f755536dc6647,86000,1,TicketReserved,"{'model_id': 'model_mnist_784_noniid', 'round': 6, 'ticket_id': 332, 'owner': 'acct_32'}",mock
0xf5cddfd51f957a83b5edcf273f5148651e3cf47a1983b4653057d9529d48a363,93000,1,UpdatePublished,"{'model_id': 'model_mnist_784_noniid', 'round': 6, 'ticket_id': 332, 'cid': 'sha256:0efab124d2a16112df9a3e70a70fa2d2ba9a683d8a95969402542542b292a6cd'}",mock
0xe06ea805d48a90f9ab9e6b0c08705d8bd76c5322fd50692bebb0040a74c7a14c,86000,1,TicketReserved,"{'model_id': 'model_mnist_784_noniid', 'round': 6, 'ticket_id': 333, 'owner': 'acct_33'}",mock
0xd336c5ff68eaa17bcf099c4414e9ad9c9189abcd570a72e90c5e48404cb34bd0,93000,1,UpdatePublished,"{'model_id': 'model_mnist_784_noniid', 'round': 6, 'ticket_id': 333, 'cid': 'sha256:fc8a479571933eb19a9a8d143fdf8275ffe7169104a102e6f669686f7e736a32'}",mock
0x83dc863f72d2904777f6125b4db72af3cee8e2ae0ef667eaac95342e14583b81,86000,1,TicketReserved,"{'model_id': 'model_mnist_784_noniid', 'round': 6, 'ticket_id': 334, 'owner': 'acct_34'}",mock
0x82fe8b6594dd572b255cdd866342a98502cf3ec47f496510f502a3e90526e622,93000,1,UpdatePublished,"{'model_id': 'model_mnist_784_noniid', 'round': 6, 'ticket_id': 334, 'cid': 'sha256:48dcc54baa94be271af4afa9b84e3ea5700f55a5a22816e1d707ece2c8a6219a'}",mock
0xfb982b6fe9be877c930c154b59d926d53d3bc01ab3d30fe67105bbc95f19e0fd,86000,1,TicketReserved,"{'model_id': 'model_mnist_784_noniid', 'round': 6, 'ticket_id': 335, 'owner': 'acct_35'}",mock
0x62362ef91b254d569069085dc2bc12266856f235dc430518af5308e3c1a59062,93000,1,UpdatePublished,"{'model_id': 'model_mnist_784_noniid', 'round': 6, 'ticket_id': 335, 'cid': 'sha256:3274379a629758708b72b1904bd5d6a8cdfde077e3847c35bdb453483ab2fae5'}",mock
0xd979c1caaf7897e906b94a36f93b74c098a37fa0bb096dc4f87f6b82293a3ce9,86000,1,TicketReserved,"{'model_id': 'model_mnist_784_noniid', 'round': 6, 'ticket_id': 336, 'owner': 'acct_36'}",mock
0xd60a73fb7b5dcc7bf4090a147f7f88bc5a829603ac0fdc0628ca6507949f4fd4,93000,1,UpdatePublished,"{'model_id': 'model_mnist_784_noniid', 'round': 6, 'ticket_id': 336, 'cid': 'sha256:325fb5e705b34f69af3b02eee2f736c70a8634a45e707c94b9948d3e2a9bec5a'}",mock
0xf30b5c260cf10032134a0a7ccf2dae5913404e15a0112c3643dcb4e3a9fc8668,86000,1,TicketReserved,"{'model_id': 'model_mnist_784_noniid', 'round': 6, 'ticket_id': 337, 'owner': 'acct_37'}",mock
0x2672e3dd5e30b09d972bd950dcd6187e1861b0486eae45d9b895dd7a298643b9,93000,1,UpdatePublished,"{'model_id': 'model_mnist_784_noniid', 'round': 6, 'ticket_id': 337, 'cid': 'sha256:8619876d5d38e283cd810dfa22e9fc313aa56393e5af19232d048a57a8dd5fa2'}",mock
0xc6383400d857476b1ef686318675ca200b059f6bff75e5f8c31961507208e1a1,86000,1,TicketReserved,"{'model_id': 'model_mnist_784_noniid', 'round': 6, 'ticket_id': 338, 'owner': 'acct_38'}",mock
0x3b5dc21b2d986ce38f40cfa1e4ca016426ed9e61cce2b5a10af0f074eccf38ed,93000,1,UpdatePublished,"{'model_id': 'model_mnist_784_noniid', 'round': 6, 'ticket_id': 338, 'cid': 'sha256:c2f4d751d067541227c5f8368ba70b77b67873016c28fca17490870ebb7cad81'}",mock
0x4a1a91b558a91778830c327ec76a0d07518cd918c93792f0dd01ca00073c30ab,86000,1,TicketReserved,"{'model_id': 'model_mnist_784_noniid', 'round': 6, 'ticket_id': 339, 'owner': 'acct_39'}",mock
0x48c4a64f4759867fa2b0bd4e4c77d12f9c3bc7658fa0838d87bb0cd57a7725d8,93000,1,UpdatePublished,"{'model_id': 'model_mnist_784_noniid', 'round': 6, 'ticket_id': 339, 'cid': 'sha256:e79861f33d18badb0bbb3bed9070dee7b033e85fb03473aaa7abd098cbc9097c'}",mock
0x5c90aeac2506b6d8419e39aded52a801976dccd3d31f25a8ad5742f66d0f8f59,86000,1,TicketReserved,"{'model_id': 'model_mnist_784_noniid', 'round': 6, 'ticket_id': 340, 'owner': 'acct_40'}",mock
0xea36238df69354f8440102c98bbd24af24d236c5e5fb2a2ecdef9f751458db03,93000,1,UpdatePublished,"{'model_id': 'model_mnist_784_noniid', 'round': 6, 'ticket_id': 340, 'cid': 'sha256:7a04434d22474a8ba0cdbcc27eec4b17ea27a12683499f662b7669548a359ed9'}",mock
0xf85b740f5764b5810f54dbeb7bd27a09aef4407dfa405c7f919ccffe9f273b9e,86000,1,TicketReserved,"{'model_id': 'model_mnist_784_noniid', 'round': 6, 'ticket_id': 341, 'owner': 'acct_41'}",mock
0x9c9b3027ca65584e82120727e88e64df78e8daf5dff811be20425f75d1e33456,93000,1,UpdatePublished,"{'model_id': 'model_mnist_784_noniid', 'round': 6, 'ticket_id': 341, 'cid': 'sha256:9e642513fe9f10aeddafad961811d954f498922fc5001220a61da3fe47b5f47c'}",mock
0xf1e6bf34e339f7481bc8841292265d6e8a78ed95224e5ac8872c8cf31a33dbce,86000,1,TicketReserved,"{'model_id': 'model_mnist_784_noniid', 'round': 6, 'ticket_id': 342, 'owner': 'acct_42'}",mock
0xd96ebc5629d07047b948e4c52f6eeea7673594302ef28a58bb18164fa0a97bb6,93000,1,UpdatePublished,"{'model_id': 'model_mnist_784_noniid', 'round': 6, 'ticket_id': 342, 'cid': 'sha256:1abe88c5130dc83766fcd6823b5b657e5c30ac951a8e6ed1df713778b7e12421'}",mock
0x4bde6bc975ab8f7cd2719d320b556dbceb4389f18037ea6790ec5f5c71f72866,86000,1,TicketReserved,"{'model_id': 'model_mnist_784_noniid', 'round': 6, 'ticket_id': 343, 'owner': 'acct_43'}",mock
0xd7e87646909cc1d0397e6d536ba9f4ac40dc8536ff8475e993461c3627d809ec,93000,1,UpdatePublished,"{'model_id': 'model_mnist_784_noniid', 'round': 6, 'ticket_id': 343, 'cid': 'sha256:93058debf856d1ce24d28fca0ae1e5444a7f222c0dd421eec16cf993ca464f94'}",mock
0xb572bf5082f0a75b55b509321fe01f35efa2ba2af2336e8c717986e38ec998ee,86000,1,TicketReserved,"{'model_id': 'model_mnist_784_noniid', 'round': 6, 'ticket_id': 344, 'owner': 'acct_44'}",mock
0xd9d75ab1d21cb976c25aec4909b986333abcd6b00518939f8c94556a9290c08b,93000,1,UpdatePublished,"{'model_id': 'model_mnist_784_noniid', 'round': 6, 'ticket_id': 344, 'cid': 'sha256:7f162af5819e5e08ba3c1016fb7d1aad3c9b016e2a3b3bd86854314834f37909'}",mock
0xd7ab18a47e112bb013a1658581296fda8a8839d598d50437fa41594841cd5fce,86000,1,TicketReserved,"{'model_id': 'model_mnist_784_noniid', 'round': 6, 'ticket_id': 345, 'owner': 'acct_45'}",mock
0x0410095b72aaf31e315731999dfd09a01ebcd8f629ef3542f6482ecdbe2a5902,93000,1,UpdatePublished,"{'model_id': 'model_mnist_784_noniid', 'round': 6, 'ticket_id': 345, 'cid': 'sha256:cf0631d3acc2bda96b6a09a064c6498414c47eec0afb049ca203827efa6b6cf7'}",mock
0xcaab30b60e1c5f19bb09dab26cd30128389fff6c8294bb1ef0ec492a5f1b6bfe,86000,1,TicketReserved,"{'model_id': 'model_mnist_784_noniid', 'round': 6, 'ticket_id': 346, 'owner': 'acct_46'}",mock
0xaa7bfe2decb2484abf923c480ba8bbae067b5d65de146d617db65d30abd31486,93000,1,UpdatePublished,"{'model_id': 'model_mnist_784_noniid', 'round': 6, 'ticket_id': 346, 'cid': 'sha256:41b271840f04755edfd2cd5655a8cb37c18a24c7f57f945b10d80cb3fda0725a'}",mock
0x15848e7c71c38e8695744bf2fea5dc8c39531f3f3b136788734fc5ff352e0300,86000,1,TicketReserved,"{'model_id': 'model_mnist_784_noniid', 'round': 6, 'ticket_id': 347, 'owner': 'acct_47'}",mock
0x598f110a0209571d90ead399d4c5062588899c1a6bf01f094322dff2a8a5163b,93000,1,UpdatePublished,"{'model_id': 'model_mnist_784_noniid', 'round': 6, 'ticket_id': 347, 'cid': 'sha256:e4e5065c5a9b32d3e68dd50f1d4a974647a9e42ddedf94841b8ee96394d00808'}",mock
0xbf30bfbaffca0023688aedf5d2e88462494bfee0d5a90ce773a22757517fc1bf,86000,1,TicketReserved,"{'model_id': 'model_mnist_784_noniid', 'round': 6, 'ticket_id': 348, 'owner': 'acct_48'}",mock
0xd556cb6746dd0a05b7dea7926eb1abed35a764736fbca65cbfd3e15fd4178e81,93000,1,UpdatePublished,"{'model_id': 'model_mnist_784_noniid', 'round': 6, 'ticket_id': 348, 'cid': 'sha256:35a2f9c4074b34f640a536d75ddb08abfc4b30a7e5ed44f15e03919210178849'}",mock
0x51040372615fd902a68918a86507da39a12af786fcae3c74545b20c50891630e,86000,1,TicketReserved,"{'model_id': 'model_mnist_784_noniid', 'round': 6, 'ticket_id': 349, 'owner': 'acct_49'}",mock
0xd3eaad010a9fbf4fd00fc55a8965fc34761cdaf3a34fd66b678986480fb26ae7,93000,1,UpdatePublished,"{'model_id': 'model_mnist_784_noniid', 'round': 6, 'ticket_id': 349, 'cid': 'sha256:4e55a478f8178749c2371d47a55cbb4f33689aad8b040a8c96570017900c2da8'}",mock
0x20c2262f8de027a13f12e9fb40422bde30bc917c081bd25cd2452e352cc811a3,86000,1,TicketReserved,"{'model_id': 'model_mnist_784_noniid', 'round': 6, 'ticket_id': 350, 'owner': 'acct_50'}",mock
0x5b9bf1d257736ea690e2836848a59ab9bdbf511791b410c2ac07b64a074d87b4,93000,1,UpdatePublished,"{'model_id': 'model_mnist_784_noniid', 'round': 6, 'ticket_id': 350, 'cid': 'sha256:f246083da3859a1aa5f095a1fb2ae66a8c76f60f1a679a7fdaf8c7118619da19'}",mock
0x2035122cf56447355e8323b30856f43e069245a6b0c545da3ea9ef9ef4f6bbef,1125000,1,RoundFinalized,"{'model_id': 'model_mnist_784_noniid', 'round': 6, 'included': 50, 'refunds': 50}",mock
0x2df27144a72c75d29788e44062ed9a98fa10486dcbe0327d698b60f9f89dea4d,52000,1,RoundFunded,"{'model_id': 'model_mnist_784_noniid', 'amount_wei': 10000000000000000}",mock
0x792f6035bef743a078c8ce698671e7e3b76bd2fd87c0b48b045c7c249c78a7bc,86000,1,TicketReserved,"{'model_id': 'model_mnist_784_noniid', 'round': 7, 'ticket_id': 351, 'owner': 'acct_1'}",mock
0x4f2718f030e264738ac414606944e76b52738e490961aaa2ff3b932d02d39fc5,93000,1,UpdatePublished,"{'model_id': 'model_mnist_784_noniid', 'round': 7, 'ticket_id': 351, 'cid': 'sha256:ea1986d5db8bd53e28d1080233f8919bdd7ad0a090e8e3857a8ff1d1b6edb490'}",mock
0x02370a68aa1de893f70fd9ae3d00e94cdc82dd56f6880a4725d0a2cce398f4e7,86000,1,TicketReserved,"{'model_id': 'model_mnist_784_noniid', 'round': 7, 'ticket_id': 352, 'owner': 'acct_2'}",mock
0x8ecc84b950751cb018f2fc5ac92469b33530b7f9590bbc3cd859dbba7cf120c2,93000,1,UpdatePublished,"{'model_id': 'model_mnist_784_noniid', 'round': 7, 'ticket_id': 352, 'cid': 'sha256:71695282e610c671f7136b83acd5c740db3d5b4df5426a115657af6d6a734727'}",mock
0xb11b19adbbc5935d669f7d2f6a1bf65f4c1684d9c692b92f38b851aa3d8a538e,86000,1,TicketReserved,"{'model_id': 'model_mnist_784_noniid', 'round': 7, 'ticket_id': 353, 'owner': 'acct_3'}",mock
0x7e6bac564b9918f4466d47fbcce3cceffba114195bbefc980c2696d1670cd054,93000,1,UpdatePublished,"{'model_id': 'model_mnist_784_noniid', 'round': 7, 'ticket_id': 353, 'cid': 'sha256:8193ed41fe0d6f869b992270c825e9a2dc3b496bdb2ae15ceeeeb8486da5281f'}",mock
0x00f336adc78aabf36298c52011ec34882eea841446195da0195942235cb043bb,86000,1,TicketReserved,"{'model_id': 'model_mnist_784_noniid', 'round': 7, 'ticket_id': 354, 'owner': 'acct_4'}",mock
0x399ae199b08f8755a250fb4b475b9df7b678d328acd4183c6bc2ec6cc8fc26fa,93000,1,UpdatePublished,"{'model_id': 'model_mnist_784_noniid', 'round': 7, 'ticket_id': 354, 'cid': 'sha256:87dc5b673dfa61656731cd4a66bdf10c93b7426ec7631e76e742527578a56c68'}",mock
0x314d86874d332065d3fa238dffd0b81f9e250606b34ee78c084b65bb7ca8c123,86000,1,TicketReserved,"{'model_id': 'model_mnist_784_noniid', 'round': 7, 'ticket_id': 355, 'owner': 'acct_5'}",mock
0xe09c5861e06cb02b7e24e919171d0fe80dedfb6014e6ef1074c1c4171ca1fa93,93000,1,UpdatePublished,"{'model_id': 'model_mnist_784_noniid', 'round': 7, 'ticket_id': 355, 'cid': 'sha256:d7d38257144b8379a238e81a8556843b68bf870683c783c4011c540222c58892'}",mock
0x1007fb301b6f181d392bc03aa524e303bd1040b4a83ee67ad13cabe697210cf1,86000,1,TicketReserved,"{'model_id': 'model_mnist_784_noniid', 'round': 7, 'ticket_id': 356, 'owner': 'acct_6'}",mock
0x219acf4a7b2ff2f55c20f2b65494417ba87ec76fb9262438192e6e3b775d54a1,93000,1,UpdatePublished,"{'model_id': 'model_mnist_784_noniid', 'round': 7, 'ticket_id': 356, 'cid': 'sha256:2985fbd345c8277b463eaec55431a9077e60d39e43f85b8235fe682d48119234'}",mock
0x382a72281fad930b4a69116831fc90bbd722dbcb492e1c6c5db36a354d3b81a2,86000,1,TicketReserved,"{'model_id': 'model_mnist_784_noniid', 'round': 7, 'ticket_id': 357, 'owner': 'acct_7'}",mock
0xf28a5bb0434eafa3c33131a796860562dac54305f054e99cdd51cd112bfea0d6,93000,1,UpdatePublished,"{'model_id': 'model_mnist_784_noniid', 'round': 7, 'ticket_id': 357, 'cid': 'sha256:fa6f2538a18cc2bc7a1f601c406e2a3cd967261b5ec6e00977cc00949d3f2f6a'}",mock
0x85127b46e7654f72e3b5373342d93f3291be11d171736f357744bbaee87e7ca7,86000,1,TicketReserved,"{'model_id': 'model_mnist_784_noniid', 'round': 7, 'ticket_id': 358, 'owner': 'acct_8'}",mock
0x10a28c12df724747a529cbe2ae56a90b64ba4453008515ffe5a46d4fae42b907,93000,1,UpdatePublished,"{'model_id': 'model_mnist_784_noniid', 'round': 7, 'ticket_id': 358, 'cid': 'sha256:a061967bb6c7485107d09e6b344f831dca9fc4de56df3597c79d772b25962a5b'}",mock
0xca91c2df14802c12335f67010957f8d5f5ba2613e09af2e1cf837a1979545d59,86000,1,TicketReserved,"{'model_id': 'model_mnist_784_noniid', 'round': 7, 'ticket_id': 359, 'owner': 'acct_9'}",mock
0x5cba1f91eb434b97ec31f732bd24913fe7a968f9ed69355953826528ac847a7a,93000,1,UpdatePublished,"{'model_id': 'model_mnist_784_noniid', 'round': 7, 'ticket_id': 359, 'cid': 'sha256:55e5983fad9b833fe055f59287e21c84586554585015ceaeb1d62f17102db66c'}",mock
0x93e8d0adb2a565815e189c267b3ea706ef285048fac633b8e1f7714e494323c9,86000,1,TicketReserved,"{'model_id': 'model_mnist_784_noniid', 'round': 7, 'ticket_id': 360, 'owner': 'acct_10'}",mock
0x88addbc3e3e4bc708cf7b57ed911d6b2a5df59ae3c55960ff69f9c43d0149820,93000,1,UpdatePublished,"{'model_id': 'model_mnist_784_noniid', 'round': 7, 'ticket_id': 360, 'cid': 'sha256:896b6d0304aaec946f74d4ab36e4fdb0baf4e219d35ae24b0bc83e2276d002d1'}",mock
0xa8a59bd5a4b454d43898cb315689b72deb547a2beb90afe4a736af33712bbd39,86000,1,TicketReserved,"{'model_id': 'model_mnist_784_noniid', 'round': 7, 'ticket_id': 361, 'owner': 'acct_11'}",mock
0xd46d6d5571cfd2597848a8b13375242315bbaae42765cc95d120da06f52ccc77,93000,1,UpdatePublished,"{'model_id': 'model_mnist_784_noniid', 'round': 7, 'ticket_id': 361, 'cid': 'sha256:c0d940b41768421d4e25f62150e64b19415db21358698b8788b2bffd4e38f7f3'}",mock
0x0441de4e0821e1fb0dceee38c9a1b210aaa4f2bbb432d3e9ef74fff43af9c393,86000,1,TicketReserved,"{'model_id': 'model_mnist_784_noniid', 'round': 7, 'ticket_id': 362, 'owner': 'acct_12'}",mock
0x6efaa8158635021a694743914162f2f10b7a6c41fde1bac86fc9debaba93f91a,93000,1,UpdatePublished,"{'model_id': 'model_mnist_784_noniid', 'round': 7, 'ticket_id': 362, 'cid': 'sha256:d05fcd23f85f2a8206b32e2c05795126d8ee8d968658b5f25865712000d9bb2c'}",mock
0x4c3fbd563ce61493be4e8913c8aef5af2555d6aeaa49d995d2ca6716a7669d69,86000,1,TicketReserved,"{'model_id': 'model_mnist_784_noniid', 'round': 7, 'ticket_id': 363, 'owner': 'acct_13'}",mock
0x37c05afa7c6464965d89a504a3c4291d499bb5d13a58a754929525a17e589b44,93000,1,UpdatePublished,"{'model_id': 'model_mnist_784_noniid', 'round': 7, 'ticket_id': 363, 'cid': 'sha256:37de9d55d142a2b4ebad39ea0562744ddc9eee252247bc5f1d429ae30ab67b31'}",mock
0x3f323cebd2878a5dee8152c65a868c752b03ace1115aa2522eb13700ddb2ad04,86000,1,TicketReserved,"{'model_id': 'model_mnist_784_noniid', 'round': 7, 'ticket_id': 364, 'owner': 'acct_14'}",mock
0xa3b53392a3dd726ffd96d665b5ac3043b58dffaafb9dbe41f543a7bb42ee5aa6,93000,1,UpdatePublished,"{'model_id': 'model_mnist_784_noniid', 'round': 7, 'ticket_id': 364, 'cid': 'sha256:9a02a44bb3f96b3388ec8e269c069607598c06806a840653bdeb4b9f12e896ef'}",mock
0x4d669972ef3c2be20de8ca9c93c5496a86db1618871ebb19a4a431e327cbc278,86000,1,TicketReserved,"{'model_id': 'model_mnist_784_noniid', 'round': 7, 'ticket_id': 365, 'owner': 'acct_15'}",mock
0xb217630da8841bd868ebeddf4a906005f6f2baeb7f2eed88da2875e2e0e9ba9f,93000,1,UpdatePublished,"{'model_id': 'model_mnist_784_noniid', 'round': 7, 'ticket_id': 365, 'cid': 'sha256:afecd3bd195ad67ec0cd00b8b045bf08ecf5eea6259ec7070f1318890e409b99'}",mock
0x9e952c665d22998dc6317ae4101c6da26837a330b80fe95bf35970ffdd664832,86000,1,TicketReserved,"{'model_id': 'model_mnist_784_noniid', 'round': 7, 'ticket_id': 366, 'owner': 'acct_16'}",mock
0xe7ca321215d521a2da7be952bc2e6ac4934b9a1b202719110105643c801c1b17,93000,1,UpdatePublished,"{'model_id': 'model_mnist_784_noniid', 'round': 7, 'ticket_id': 366, 'cid': 'sha256:4f85a0c446d4e5bd4cce1a32d13b6f7e9822951a6afdb4ccbaf52bcd05ca800e'}",mock
0x48684180e48698d81796928e979ed601fd6614d5cb346c44451e347a821bddf5,86000,1,TicketReserved,"{'model_id': 'model_mnist_784_noniid', 'round': 7, 'ticket_id': 367, 'owner': 'acct_17'}",mock
0xd7b4acf5dd59f0070bde1540d8a7dab3a2f079b069ba4a4553fcb1cc1bb89bf0,93000,1,UpdatePublished,"{'model_id': 'model_mnist_784_noniid', 'round': 7, 'ticket_id': 367, 'cid': 'sha256:6488e1a3a799f66521a6f5ca937fea6a169c4692527f513e7dff589ecfa89b01'}",mock
0xb0070ff3348bc82a698b82fb755aff4a92ed5aa62e45c6dc2b0fb767176a6e0d,86000,1,TicketReserved,"{'model_id': 'model_mnist_784_noniid', 'round': 7, 'ticket_id': 368, 'owner': 'acct_18'}",mock
0xc7cb05bb7ad1c6f51b916c9110aca2ada3ac1e5a455d38cfdcb26218053bc5a1,93000,1,UpdatePublished,"{'model_id': 'model_mnist_784_noniid', 'round': 7, 'ticket_id': 368, 'cid': 'sha256:94aebd02778d007965f09f7c60fe8736b2d5bcee96cc1854646775d24f4ac728'}",mock
0x7ad855d747d79c40ddffd401a7f1b76476fee9147a4f24b7d99d1f90305ebae9,86000,1,TicketReserved,"{'model_id': 'model_mnist_784_noniid', 'round': 7, 'ticket_id': 369, 'owner': 'acct_19'}",mock
0xb83f44ddabacbd07d8d9c00d7aa8e24a8ef79568a182fac4b6712d8034645240,93000,1,UpdatePublished,"{'model_id': 'model_mnist_784_noniid', 'round': 7, 'ticket_id': 369, 'cid': 'sha256:0a0f769a0b92de54c0fa735e69fe3703bdd69f7a295ce8dc2524cd76cdc0e375'}",mock
0x9fe35e61eada148e52e9d32ab40f0095971f9b59248026cdebb787d573e2fb02,86000,1,TicketReserved,"{'model_id': 'model_mnist_784_noniid', 'round': 7, 'ticket_id': 370, 'owner': 'acct_20'}",mock
0x7df62fca291d5f45d1d9eaebc321883980027e0507e29e33c1ceea21b450d63b,93000,1,UpdatePublished,"{'model_id': 'model_mnist_784_noniid', 'round': 7, 'ticket_id': 370, 'cid': 'sha256:848b12e110acca252aab9f1082a9d8703b13c3467c2648ed413b1cbc7bd47711'}",mock
0x58f3dfeec37713f8735446d393b7b39469000abe8a4805ab4deb233044c53daf,86000,1,TicketReserved,"{'model_id': 'model_mnist_784_noniid', 'round': 7, 'ticket_id': 371, 'owner': 'acct_21'}",mock
0x65eb0313d5ca158870a6510e8edee2d8b87b5bca6885046c36e3b0fece8cbe49,93000,1,UpdatePublished,"{'model_id': 'model_mnist_784_noniid', 'round': 7, 'ticket_id': 371, 'cid': 'sha256:b0999269ddfa34b220f2617ebe13545bc4c3a9ceb9b984bb9968ffdac07e70db'}",mock
0x555363aa53bb09565ce8aa309525a01759b42b3195bd3466805b78eecd64bed4,86000,1,TicketReserved,"{'model_id': 'model_mnist_784_noniid', 'round': 7, 'ticket_id': 372, 'owner': 'acct_22'}",mock
0xf2bffe042af14c981ecd3795d99b55df2658422dd1a8b707bf66074ab74d8e83,93000,1,UpdatePublished,"{'model_id': 'model_mnist_784_noniid', 'round': 7, 'ticket_id': 372, 'cid': 'sha256:04d720b9bcf8f27595797a978a45f312f7e553208e3fdf452813fc3212c83c80'}",mock
0xffd49fe7d133a6d4bb4793721d59431a773725956bd6cb95fc8ffbd3c16a7b25,86000,1,TicketReserved,"{'model_id': 'model_mnist_784_noniid', 'round': 7, 'ticket_id': 373, 'owner': 'acct_23'}",mock
0x139be65de3d4bcd3ef9726f81fec200bc375e5de403b6d3479f6fbfb7e7e42b3,93000,1,UpdatePublished,"{'model_id': 'model_mnist_784_noniid', 'round': 7, 'ticket_id': 373, 'cid': 'sha256:8e54eee3cc13650a244b1020cacd4b5691d11cd3846232ea8e65dfb8f92d836d'}",mock
0xc560561a3eb5cf07c30379babf49d69ee2d117dee730e079c2fae51cff100449,86000,1,TicketReserved,"{'model_id': 'model_mnist_784_noniid', 'round': 7, 'ticket_id': 374, 'owner': 'acct_24'}",mock
0x7beba65535c145d56386e62b28063d5a50453a3b943ede16078ac91d501c6a03,93000,1,UpdatePublished,"{'model_id': 'model_mnist_784_noniid', 'round': 7, 'ticket_id': 374, 'cid': 'sha256:a72e60957bb0616364e15792a7cb1e6b0cb41412eb53c6f42b261a19d4d38b8e'}",mock
0x2d3c2bbc821c666c42e56b24a6e2ce12f90007c9faf8ba329af816f545aaa18a,86000,1,TicketReserved,"{'model_id': 'model_mnist_784_noniid', 'round': 7, 'ticket_id': 375, 'owner': 'acct_25'}",mock
0x76b0bd6576fa6908d5eae9d3c491bcd0e1f02ef5ab2d2da818c10a8c9221cec1,93000,1,UpdatePublished,"{'model_id': 'model_mnist_784_noniid', 'round': 7, 'ticket_id': 375, 'cid': 'sha256:3cc46f30774be3d7e39c4156e352ca65827cfc1f5aef65e0f328bd8b330d081a'}",mock
0x52e8d4263e476a4a592c3339a57d359964511abf92d8668d8a9627bc9536fc9e,86000,1,TicketReserved,"{'model_id': 'model_mnist_784_noniid', 'round': 7, 'ticket_id': 376, 'owner': 'acct_26'}",mock
0xfef46c1cf47a48ca3fa962eaeff48d6e06438c453b2d536e12386510aaebc3fa,93000,1,UpdatePublished,"{'model_id': 'model_mnist_784_noniid', 'round': 7, 'ticket_id': 376, 'cid': 'sha256:da29971837a3574552a19d71c70fd8e5d552ee0c9ee08ebf8f6c08109d856927'}",mock
0xa22cf4c2545ef3b93878b197ced67002ce2d43029a7551789e1a6dbd24b6cebe,86000,1,TicketReserved,"{'model_id': 'model_mnist_784_noniid', 'round': 7, 'ticket_id': 377, 'owner': 'acct_27'}",mock
0xd5ef97d09ca3c15ef7d9cdfcd3f9f4181085f4508c41a27c57e4d3efe0907c15,93000,1,UpdatePublished,"{'model_id': 'model_mnist_784_noniid', 'round': 7, 'ticket_id': 377, 'cid': 'sha256:d79fd60df5e6aff450a363de80e80c24d04195b70544d9d00c39c31a5535346c'}",mock
0x3e5205aefe5278db1b60422462f8fd4b8e760296ca349d1417b44f63bc1e41c8,86000,1,TicketReserved,"{'model_id': 'model_mnist_784_noniid', 'round': 7, 'ticket_id': 378, 'owner': 'acct_28'}",mock
0x9ab29e23d83ae25591a995e496530b53e2b79c19d62f1981ace0517886197c3f,93000,1,UpdatePublished,"{'model_id': 'model_mnist_784_noniid', 'round': 7, 'ticket_id': 378, 'cid': 'sha256:0ea0b0c5f37f4412306dadeaf3b8a5d4a80cf583bc1e9589fe9c7ecd30b5a0db'}",mock
0x67a80dec2d1ff74cfb739a7965a26b8899e768946a2f4ba415ea459a6e0d2e6f,86000,1,TicketReserved,"{'model_id': 'model_mnist_784_noniid', 'round': 7, 'ticket_id': 379, 'owner': 'acct_29'}",mock
0x3326b00dcd01ad4422b07cd64f966dbbe98a01754aadfe1c231bf2664427682c,93000,1,UpdatePublished,"{'model_id': 'model_mnist_784_noniid', 'round': 7, 'ticket_id': 379, 'cid': 'sha256:846673ad073e88380625036afb61893b288031626e166e936b500af4456cf775'}",mock
0xdda25a46969d66c72da3d23de5eb3e758b8a77b2fe0be25efdd2bdb3d5b1a75a,86000,1,TicketReserved,"{'model_id': 'model_mnist_784_noniid', 'round': 7, 'ticket_id': 380, 'owner': 'acct_30'}",mock
0xd6c664fa528e3647ba587e9c3cff800456b35988a57b7d9a3a28ffac214dcd48,93000,1,UpdatePublished,"{'model_id': 'model_mnist_784_noniid', 'round': 7, 'ticket_id': 380, 'cid': 'sha256:db75d77bf66e57ca46ec0e7da0f0101c18e889ad0f4c6d9d0e2b7293b0e74122'}",mock
0xde17fe1c1ab70604d2aaf7f933cab91cb8cc739b5b69887e2a3f296d9efde2f9,86000,1,TicketReserved,"{'model_id': 'model_mnist_784_noniid', 'round': 7, 'ticket_id': 381, 'owner': 'acct_31'}",mock
0x5279cb026486e4c0ffe093568db0fdcd1e0c0a30fc65b972f8979298d0fab7e0,93000,1,UpdatePublished,"{'model_id': 'model_mnist_784_noniid', 'round': 7, 'ticket_id': 381, 'cid': 'sha256:5ea2003433771fc415ecdd76d2ef8fdec8dd552bd1e99291a733b48e48333124'}",mock
0xc0c68775d83e63d969397616f9cfb7fa5b86e17b5432835ede3b70cbb94eb466,86000,1,TicketReserved,"{'model_id': 'model_mnist_784_noniid', 'round': 7, 'ticket_id': 382, 'owner': 'acct_32'}",mock
0x4fd1ebeabf389b3cf90904bc271f3bbbce90f9a365113a97ab57978b83a54e5e,93000,1,UpdatePublished,"{'model_id': 'model_mnist_784_noniid', 'round': 7, 'ticket_id': 382, 'cid': 'sha256:e17e0d92175bd2c9d8ed9f5dedfd30afa0e9f2e5694ecf8956cb6d904bf132b7'}",mock
0x6e57cccb44b79bbe8abf9ef8a7fdf4e86f20d4a57142f694ff76988e679c93a5,86000,1,TicketReserved,"{'model_id': 'model_mnist_784_noniid', 'round': 7, 'ticket_id': 383, 'owner': 'acct_33'}",mock
0x7460c1ec1f9df86c37a28c55d2c7730e0eef5f28de0cb362d23b2dff96fafa09,93000,1,UpdatePublished,"{'model_id': 'model_mnist_784_noniid', 'round': 7, 'ticket_id': 383, 'cid': 'sha256:e7cf2e8302c57ab97a1dd0b6c3564aa79489a02c9f2eb340b603c720f11b85ee'}",mock
0x0cb46067b36afc580b69c496ecb51b3c76616f663658674223417b55a736cf0f,86000,1,TicketReserved,"{'model_id': 'model_mnist_784_noniid', 'round': 7, 'ticket_id': 384, 'owner': 'acct_34'}",mock
0xfcfd35bfdc6a00ae4117538e86d13ed48feadca2e7ea3f2661ec446c57ff17ea,93000,1,UpdatePublished,"{'model_id': 'model_mnist_784_noniid', 'round': 7, 'ticket_id': 384, 'cid': 'sha256:190d22c913141fb4439e6738cdb3b6f3357fb5a08fc129dd0e6762dc1cb6feae'}",mock
0x3279bbf897d83892cb510c20223d8b9736145e0edd085d03817387609501cd70,86000,1,TicketReserved,"{'model_id': 'model_mnist_784_noniid', 'round': 7, 'ticket_id': 385, 'owner': 'acct_35'}",mock
0x06d45d78154dad9220d05a6facabf1f5c393c2ee5132df84d07df3f83ffe978f,93000,1,UpdatePublished,"{'model_id': 'model_mnist_784_noniid', 'round': 7, 'ticket_id': 385, 'cid': 'sha256:207c67034906d7ef51085c5d7dc9549ecd58e517f42e86d16f810a3c91549ef4'}",mock
0x4382452dab80d48009461d1708237397fdd43d5c433d394b2f67a20a3865850b,86000,1,TicketReserved,"{'model_id': 'model_mnist_784_noniid', 'round': 7, 'ticket_id': 386, 'owner': 'acct_36'}",mock
0xa4519d348dcf17df2033ace0b5d23db8cfd5a8735f964a5346f64df57a27efc2,93000,1,UpdatePublished,"{'model_id': 'model_mnist_784_noniid', 'round': 7, 'ticket_id': 386, 'cid': 'sha256:47e2c8b30ee3da68bfd52f42773ed6f4a6a4cb3a2c44fb69da77437914605b24'}",mock
0x070307bb644d1ff20755ee098541bdc3ae8eb0bca62e8f93c0075ffe0b4c6438,86000,1,TicketReserved,"{'model_id': 'model_mnist_784_noniid', 'round': 7, 'ticket_id': 387, 'owner': 'acct_37'}",mock
0xd3048177561efce91723e293d731d36cae3518049ec3977edb18daea91e9d33e,93000,1,UpdatePublished,"{'model_id': 'model_mnist_784_noniid', 'round': 7, 'ticket_id': 387, 'cid': 'sha256:7bf6db3267ff1361e713bfd80171693222784854537e92ef2dee2b206d6524f7'}",mock
0xa1a4763b7225cb8d2df242546c8b0675786accf6c93e92e93ee9741b7e2148af,86000,1,TicketReserved,"{'model_id': 'model_mnist_784_noniid', 'round': 7, 'ticket_id': 388, 'owner': 'acct_38'}",mock
0xb4d7dab3efe463e908130289fbeecce2add2a28f4ee4cc75dfc8303e4d88a06b,93000,1,UpdatePublished,"{'model_id': 'model_mnist_784_noniid', 'round': 7, 'ticket_id': 388, 'cid': 'sha256:3e2e362a3193f3c89734a5e49126e3971f38ba58c4319ecf5c034e4c4767b820'}",mock
0xfc106f99f2a497633b5f81ba7ad622d77295eaec00cc0116a582b1b498ff14a5,86000,1,TicketReserved,"{'model_id': 'model_mnist_784_noniid', 'round': 7, 'ticket_id': 389, 'owner': 'acct_39'}",mock
0xe115f91174ec4d0b91ec92b85b922e1c82494be2b21c04bd99bc33abe9dd591d,93000,1,UpdatePublished,"{'model_id': 'model_mnist_784_noniid', 'round': 7, 'ticket_id': 389, 'cid': 'sha256:d87e3517f4cf1391188b30fecf7bd5f5f8df86f998cf53398fb6e126428f9d33'}",mock
0x813910a83957a6920216c7246b5d5ff8ff3cd556172a1d0d4a6e195904c93097,86000,1,TicketReserved,"{'model_id': 'model_mnist_784_noniid', 'round': 7, 'ticket_id': 390, 'owner': 'acct_40'}",mock
0xfeedbca82d63e89eee0e4ea480c7986a5063bbe247c4622f3f784a43bcea9be4,93000,1,UpdatePublished,"{'model_id': 'model_mnist_784_noniid', 'round': 7, 'ticket_id': 390, 'cid': 'sha256:6fee7e9bb06057cdbcc3a1b74be8e50f90d773522fc7df26a4dd4a8c21f77ee8'}",mock
0xdffd41eca3d1640bfafd48fd83026fd124a2a0742844ffa7bd08a7bd9e3e394f,86000,1,TicketReserved,"{'model_id': 'model_mnist_784_noniid', 'round': 7, 'ticket_id': 391, 'owner': 'acct_41'}",mock
0xd198360c7a6e62649bd7f2828101ba33d4f0abab59c8debefb4fa6d4ad5eccc9,93000,1,UpdatePublished,"{'model_id': 'model_mnist_784_noniid', 'round': 7, 'ticket_id': 391, 'cid': 'sha256:1bd44619efbd15d039a99eeee3c4acae3fa3748084491eb133692177f3685c6b'}",mock
0x1813bc80016e4bd214a81fc61b03a557e97fc801f223eb557bdb8f1240ca2f09,86000,1,TicketReserved,"{'model_id': 'model_mnist_784_noniid', 'round': 7, 'ticket_id': 392, 'owner': 'acct_42'}",mock
0x1b5da7ad61b15120da5d38a0db550de5361fe1c507381cf9ecec0a66ad53a61b,93000,1,UpdatePublished,"{'model_id': 'model_mnist_784_noniid', 'round': 7, 'ticket_id': 392, 'cid': 'sha256:2521c3330e6c34b82519a3112a0a6f212f014ec00e7d58bac235171348cda135'}",mock
0xf669f8fb963ef1d0b12878f5280711460c68e4190bd55e33c2e6b7736666e586,86000,1,TicketReserved,"{'model_id': 'model_mnist_784_noniid', 'round': 7, 'ticket_id': 393, 'owner': 'acct_43'}",mock
0x888c503fe62387bd61fd4db43fe79e3095f03ae1dd70a62e292e686bbe1e60b0,93000,1,UpdatePublished,"{'model_id': 'model_mnist_784_noniid', 'round': 7, 'ticket_id': 393, 'cid': 'sha256:36f3baf8c09d2cb6d1cae987a198e24ac4bf3cada6cba312b71608e4ca3d6aa2'}",mock
0x5ea712a8bbdcc56a2c1dad62383367a8297897855b2f4b83400af21037e69341,86000,1,TicketReserved,"{'model_id': 'model_mnist_784_noniid', 'round': 7, 'ticket_id': 394, 'owner': 'acct_44'}",mock
0xb9a5fea97238081d5181aa4f64131a2a49a67ad5e2c8ba25d0ecda6316ee9145,93000,1,UpdatePublished,"{'model_id': 'model_mnist_784_noniid', 'round': 7, 'ticket_id': 394, 'cid': 'sha256:ccc132364ac045ad11a494b1a815b372b06dc65fbd5ff5844a4aa6ceb287b5c4'}",mock
0xc6e262874b480e6c5161b7605b9b8269db8ae9e4a9dbba008237cdee58342734,86000,1,TicketReserved,"{'model_id': 'model_mnist_784_noniid', 'round': 7, 'ticket_id': 395, 'owner': 'acct_45'}",mock
0x873a73c1f12d2bb8674d4984b74c198496452dbaf85b2bda0eaf2da837d3edcc,93000,1,UpdatePublished,"{'model_id': 'model_mnist_784_noniid', 'round': 7, 'ticket_id': 395, 'cid': 'sha256:946ecca4a3c4648e001d98025b5015aff12f01ccb8f12f683a3bf7d5a9082e04'}",mock
0xbae631e0a8ec3bf761bc16c07d0a409cc7c33dd2f27ec5fadc72fd9a5cbd77cc,86000,1,TicketReserved,"{'model_id': 'model_mnist_784_noniid', 'round': 7, 'ticket_id': 396, 'owner': 'acct_46'}",mock
0x38a42e9a666727debeee8d42c534817b0c8c23bbfc64ca52458d0da9b4665056,93000,1,UpdatePublished,"{'model_id': 'model_mnist_784_noniid', 'round': 7, 'ticket_id': 396, 'cid': 'sha256:4bcb853b7ae72e63e018824212fb75e73bbe079bc3745ed9b9e670b58893f7e4'}",mock
0x9d7ada6ef16410fff607b0252aa2d76e0edf9e301c9a099fc8e9daa544b1e048,86000,1,TicketReserved,"{'model_id': 'model_mnist_784_noniid', 'round': 7, 'ticket_id': 397, 'owner': 'acct_47'}",mock
0x0ab5ce13040dc2bc0bfd439b147a77eeea947325248262e0eeb1b3a331d4da95,93000,1,UpdatePublished,"{'model_id': 'model_mnist_784_noniid', 'round': 7, 'ticket_id': 397, 'cid': 'sha256:9f494e12d28f3ccb8d6033848e88e3f1ce02715b0162180b257020f713e77dcb'}",mock
0xb1615513a53c4dd32325f952b891708d0692a2a8f2c89ba53f1172abf09be1b8,86000,1,TicketReserved,"{'model_id': 'model_mnist_784_noniid', 'round': 7, 'ticket_id': 398, 'owner': 'acct_48'}",mock
0x8602554f59bfa50b6a25aec3262281b4b69b20783a38688bddc15699ac4865e0,93000,1,UpdatePublished,"{'model_id': 'model_mnist_784_noniid', 'round': 7, 'ticket_id': 398, 'cid': 'sha256:875e2c088a74d15d0d18837703d6a55a5832bd6539d894313d5968247a5a71e5'}",mock
0xe807330be95b1e4132ab5f99f9c26f0142cdcc5cea106f86fc5ae848624375d5,86000,1,TicketReserved,"{'model_id': 'model_mnist_784_noniid', 'round': 7, 'ticket_id': 399, 'owner': 'acct_49'}",mock
0x5dafb40f27fb0ff302794ce53bb4593db620fd7e8e92b8cb32e872715819d413,93000,1,UpdatePublished,"{'model_id': 'model_mnist_784_noniid', 'round': 7, 'ticket_id': 399, 'cid': 'sha256:8c1f23e323073c8c5c6d9920e38554d686c5c70cc04fd5a063dbca7624bf0b75'}",mock
0x8685fdb24a42e704aca24489a6208dad018ae67b24e49cf2ff4b35830ee16357,86000,1,TicketReserved,"{'model_id': 'model_mnist_784_noniid', 'round': 7, 'ticket_id': 400, 'owner': 'acct_50'}",mock
0xa094b8d753c83987bc7a7678583f37ba0de2e0cf20acbc55c57536cd6dbdcb07,93000,1,UpdatePublished,"{'model_id': 'model_mnist_784_noniid', 'round': 7, 'ticket_id': 400, 'cid': 'sha256:9c94aa2708c426f907ad93299102cbbf7ea610c0ab071d1c61d64366cd8588ac'}",mock
0x373402a03103c98c88c14f5d4a3c50870bf66d4da98f28dbe194cd1d1a7afa64,1125000,1,RoundFinalized,"{'model_id': 'model_mnist_784_noniid', 'round': 7, 'included': 50, 'refunds': 50}",mock
0x17d2910d2a30c4f6a00015c757de976881c973059547f134ab74d762b0d5c841,52000,1,RoundFunded,"{'model_id': 'model_mnist_784_noniid', 'amount_wei': 10000000000000000}",mock
0xa03a066942be26d692cdba7d5c08c707472baf2022c67f6f6f4d4943ad780049,86000,1,TicketReserved,"{'model_id': 'model_mnist_784_noniid', 'round': 8, 'ticket_id': 401, 'owner': 'acct_1'}",mock
0xdf81a4dac54bc09ba707eb2080dd424289353bb3486cb0ab44d07ff0a206a1d3,93000,1,UpdatePublished,"{'model_id': 'model_mnist_784_noniid', 'round': 8, 'ticket_id': 401, 'cid': 'sha256:fad3938c891630d66d9737cdb7d35b7cfc807a38630b3482e78da8fef7d9966f'}",mock
0x04945ef3422ae6619da4863a2e37e6c0e411c8b91514e453d21378579573000d,86000,1,TicketReserved,"{'model_id': 'model_mnist_784_noniid', 'round': 8, 'ticket_id': 402, 'owner': 'acct_2'}",mock
0xdc95c65fff47b8ceabbc3b696e5c643e1c7f6e29bc3729dcf66f8b8d7125075f,93000,1,UpdatePublished,"{'model_id': 'model_mnist_784_noniid', 'round': 8, 'ticket_id': 402, 'cid': 'sha256:d3109998754c17fa3718fd39ae748961f9e4c1499cea2191b70bfa54258cb9be'}",mock
0x9ed1ce9b5e72bbe9e70d5ed5486cf18519d777a421737ab78f1ba60eac52294f,86000,1,TicketReserved,"{'model_id': 'model_mnist_784_noniid', 'round': 8, 'ticket_id': 403, 'owner': 'acct_3'}",mock
0xa68b9719e21bffa33f78a6ad97d27248e6c2f7c38dc25af2d69c7e92a17f0155,93000,1,UpdatePublished,"{'model_id': 'model_mnist_784_noniid', 'round': 8, 'ticket_id': 403, 'cid': 'sha256:8a05fae1389b78cc443ced00c9305eb9dd7d692aefd525fec768b3cb2a388f6c'}",mock
0x6ba20cf5889e2000c2aa9fe62481aee4bd1231ea57c712e6b70a8d516b166087,86000,1,TicketReserved,"{'model_id': 'model_mnist_784_noniid', 'round': 8, 'ticket_id': 404, 'owner': 'acct_4'}",mock
0xdf702acb66ce4ff73e63ac1c714d0761110915c49865f8cf7301f0df5d65f5bb,93000,1,UpdatePublished,"{'model_id': 'model_mnist_784_noniid', 'round': 8, 'ticket_id': 404, 'cid': 'sha256:275e1c95b898d4eb8d78adfb999be99ba0de8139601b2719ef755d0c7ac9961c'}",mock
0x6eed98ffe9abce2899d55a119d633103a0681978579a9b545bfbe7d976f1c719,86000,1,TicketReserved,"{'model_id': 'model_mnist_784_noniid', 'round': 8, 'ticket_id': 405, 'owner': 'acct_5'}",mock
0xff4f5f2dc0c537f5386eec4c69a24e49ce1206492f864bb3d06eb76fd998fe18,93000,1,UpdatePublished,"{'model_id': 'model_mnist_784_noniid', 'round': 8, 'ticket_id': 405, 'cid': 'sha256:f4871df523f52334a8cfbe300accfc13846445bfab23e0a53cdef2510fe7cd26'}",mock
0x9f84a9d1644d3b4cce978f39bfee4f6de04cb394769d19aa35626fbe1396e1e3,86000,1,TicketReserved,"{'model_id': 'model_mnist_784_noniid', 'round': 8, 'ticket_id': 406, 'owner': 'acct_6'}",mock
0xc93a5ef46834cd8ce0cc7b8dbd43cf2d83d47c23cdfa843379e72be285111369,93000,1,UpdatePublished,"{'model_id': 'model_mnist_784_noniid', 'round': 8, 'ticket_id': 406, 'cid': 'sha256:bb577455ffbbe8815d70f745e6e8147bb428f1c7d41c4ffb8dd87041ac446f9f'}",mock
0x642033b403f7754ff6a970aa8717a05e5d56706905234507bea8f7461f3dcaad,86000,1,TicketReserved,"{'model_id': 'model_mnist_784_noniid', 'round': 8, 'ticket_id': 407, 'owner': 'acct_7'}",mock
0xe4fcf305a2bb0c0fee19743f88ee62c110eed608f49c106b9da9fca966141fc8,93000,1,UpdatePublished,"{'model_id': 'model_mnist_784_noniid', 'round': 8, 'ticket_id': 407, 'cid': 'sha256:15d147ec8b163442b5412ce3355033a598c5e04e5dfd3f5ced9670f050dee32b'}",mock
0x9648941e0463cf98023e15032293e97d3f0b8aab8d377dca374bdb6f893d8034,86000,1,TicketReserved,"{'model_id': 'model_mnist_784_noniid', 'round': 8, 'ticket_id': 408, 'owner': 'acct_8'}",mock
0x67269f2d792d37589119c21de66e8fc3a4ca16d569061c7baebe00844d7dbabc,93000,1,UpdatePublished,"{'model_id': 'model_mnist_784_noniid', 'round': 8, 'ticket_id': 408, 'cid': 'sha256:a19904ffb0f14b7cd11179e4a4ab3d0e2c6a72e3bfb00b54488378bdc9935563'}",mock
0x132b36de278b4e2c678167d4d423e71fa669cdedf3bf92baa7b45d90528508c2,86000,1,TicketReserved,"{'model_id': 'model_mnist_784_noniid', 'round': 8, 'ticket_id': 409, 'owner': 'acct_9'}",mock
0x5bf107e07c3ddcf70acf9e24c409ce56ed5470549f33343b685423962d88fd43,93000,1,UpdatePublished,"{'model_id': 'model_mnist_784_noniid', 'round': 8, 'ticket_id': 409, 'cid': 'sha256:e644aaa325f2b89eeeba13507df84f773e0f6b47ec0e963a8718811fc9b41d84'}",mock
0xa3be4850a70afd6284430066b1e9594d42ac2614161a6c51d852f681d48340fd,86000,1,TicketReserved,"{'model_id': 'model_mnist_784_noniid', 'round': 8, 'ticket_id': 410, 'owner': 'acct_10'}",mock
0x4dd57c2e9993c0f367028b7446a9b427b960a9edd7cae79012bf2531679d466b,93000,1,UpdatePublished,"{'model_id': 'model_mnist_784_noniid', 'round': 8, 'ticket_id': 410, 'cid': 'sha256:ec8eccfe5f6ad5f4c04b84291fbc5e39b4a686aae3bdb02af1160139c6847f57'}",mock
0xaa58e3d2804f9b2915cc5d81c839f1276c48f46570beba2c9be549a99bcc8829,86000,1,TicketReserved,"{'model_id': 'model_mnist_784_noniid', 'round': 8, 'ticket_id': 411, 'owner': 'acct_11'}",mock
0xadb7ac872341db59f03136e8d424aa3f76d5bef474ca0d442a554350d49d8746,93000,1,UpdatePublished,"{'model_id': 'model_mnist_784_noniid', 'round': 8, 'ticket_id': 411, 'cid': 'sha256:da2db61aa17b18033be8198ed70a3a30e1e6dc41ab14e6b0c3664e19877149a1'}",mock
0xc5f49aeeb0650dd984e258e782dc65a8ad1d349203408ee6112e45b9bcd3e8b5,86000,1,TicketReserved,"{'model_id': 'model_mnist_784_noniid', 'round': 8, 'ticket_id': 412, 'owner': 'acct_12'}",mock
0x3cf2cd6e814e96deebb9072b29e70e57490e4d74ca2730b8dcd7949922cc593e,93000,1,UpdatePublished,"{'model_id': 'model_mnist_784_noniid', 'round': 8, 'ticket_id': 412, 'cid': 'sha256:30ea1f12e8be6efc6df0b1779383439b37e81cabaf5165b74fa1170f7b6c9536'}",mock
0xc2867100ecaaaff1cba0e99d9f7b0fb0aaa6b0e49b923dbd4241c9d6fa39d882,86000,1,TicketReserved,"{'model_id': 'model_mnist_784_noniid', 'round': 8, 'ticket_id': 413, 'owner': 'acct_13'}",mock
0xd4b6ab29eb213b0963f9ae45b53416e8e0bd31f94d3393cb9f9b81fa27141610,93000,1,UpdatePublished,"{'model_id': 'model_mnist_784_noniid', 'round': 8, 'ticket_id': 413, 'cid': 'sha256:33746606c1b3553ea7a5cea1537a0787b93b3afe6a4b33a4ba918a2d7dc7216c'}",mock
0xf86e02353f6f53825e955cf939e319b082eb41a8c9e556dd30519f2b3e055bfb,86000,1,TicketReserved,"{'model_id': 'model_mnist_784_noniid', 'round': 8, 'ticket_id': 414, 'owner': 'acct_14'}",mock
0x50db5c805eb33798350bdbfc3685aef08e029af18b7d38db5cb2e371bc390670,93000,1,UpdatePublished,"{'model_id': 'model_mnist_784_noniid', 'round': 8, 'ticket_id': 414, 'cid': 'sha256:281335716cb084caede1a0546f61db6dc7300686d58ed4ea38f6b4cb0a9aa923'}",mock
0x2422492c4261bf36490bef34cbcc459de6173e640db2272dce6e87a8464c8d5f,86000,1,TicketReserved,"{'model_id': 'model_mnist_784_noniid', 'round': 8, 'ticket_id': 415, 'owner': 'acct_15'}",mock
0x4d753ea20a0d4eca6c758f368200ba333f5de2c7724fa80d748e17b7b3805995,93000,1,UpdatePublished,"{'model_id': 'model_mnist_784_noniid', 'round': 8, 'ticket_id': 415, 'cid': 'sha256:56d24a6ece4edceb9519434391f9f80ff3ae6e432694b88755f57c4a41471671'}",mock
0xef423857022d9d7237a1d530ac68c200e2c552279ebde1905528482ed6f1d1dd,86000,1,TicketReserved,"{'model_id': 'model_mnist_784_noniid', 'round': 8, 'ticket_id': 416, 'owner': 'acct_16'}",mock
0x6ca9c69746ab18c227c2a81d386ca8f6bf605e56e47b73d6bce2cf274e3f127f,93000,1,UpdatePublished,"{'model_id': 'model_mnist_784_noniid', 'round': 8, 'ticket_id': 416, 'cid': 'sha256:dd5d2dd251d42e27c7a9213abc2d9d6281d1d4163aa793ce3614dac37585e751'}",mock
0x15ad093663dd7edf290d162ad3c3b91c6f28d2ede054653a8ed36a3d05c4f5f5,86000,1,TicketReserved,"{'model_id': 'model_mnist_784_noniid', 'round': 8, 'ticket_id': 417, 'owner': 'acct_17'}",mock
0xc345834aee4d78e433be1738c79219d272952d9f0d95ce2c99355f605af95688,93000,1,UpdatePublished,"{'model_id': 'model_mnist_784_noniid', 'round': 8, 'ticket_id': 417, 'cid': 'sha256:8a626315aa8d17c38991a66428ab9bd75a34e5d41b5bcb1369c78705928a0a18'}",mock
0xba83a7c804a35dbb22db97a1950787d4166705024a2f00224370e4524be49cc2,86000,1,TicketReserved,"{'model_id': 'model_mnist_784_noniid', 'round': 8, 'ticket_id': 418, 'owner': 'acct_18'}",mock
0x445b2c6cc2f83daabecb9f1dfa861e5914d7554840d81c67c3a0195f36f235c9,93000,1,UpdatePublished,"{'model_id': 'model_mnist_784_noniid', 'round': 8, 'ticket_id': 418, 'cid': 'sha256:8b14892b1bd6b18197358254977f71c699045425ab22784c9c24cb807b797977'}",mock
0x25895eecccd9d1c561154b520ac5309e0010c54bb33f517e8f8ad96b7a491d90,86000,1,TicketReserved,"{'model_id': 'model_mnist_784_noniid', 'round': 8, 'ticket_id': 419, 'owner': 'acct_19'}",mock
0x2ca4a70ac276c898c6e8ec3eeec2145c6e22840953fbfeb5a9f13b245c1c3204,93000,1,UpdatePublished,"{'model_id': 'model_mnist_784_noniid', 'round': 8, 'ticket_id': 419, 'cid': 'sha256:bdf5f7c60dbf8efd7f43d603e119b3e8020e4a281b0db23d5327acdf5f952bb4'}",mock
0xc3668ce16354c36038a4f6cd92e06eec97aa85a9ee61f15246ebcc9e8380334f,86000,1,TicketReserved,"{'model_id': 'model_mnist_784_noniid', 'round': 8, 'ticket_id': 420, 'owner': 'acct_20'}",mock
0xdb032030a9d42baba2563802b93689c8363efd534065a976de65d90271a24bf9,93000,1,UpdatePublished,"{'model_id': 'model_mnist_784_noniid', 'round': 8, 'ticket_id': 420, 'cid': 'sha256:d5b21e253c5c79230ea4558129163b707f50e6572b91fafe3a850b84ebe4da27'}",mock
0x3de4bf416cb5a577c57b988397bb2b514144202f0795d6fab837f697eed70f75,86000,1,TicketReserved,"{'model_id': 'model_mnist_784_noniid', 'round': 8, 'ticket_id': 421, 'owner': 'acct_21'}",mock
0xd2398f818c6c3c88ab72c13b693dd4d774d25ce3934505b946efe410da00e431,93000,1,UpdatePublished,"{'model_id': 'model_mnist_784_noniid', 'round': 8, 'ticket_id': 421, 'cid': 'sha256:c71dbc0caa422d8cfd2b4dff831de68346973e7c7ba588ec10c91b3b912c8979'}",mock
0x8ed0dbedce3d4a862cb61b7b9351056c2ddaa3e0e17c64f0528fe3aac3016e45,86000,1,TicketReserved,"{'model_id': 'model_mnist_784_noniid', 'round': 8, 'ticket_id': 422, 'owner': 'acct_22'}",mock
0x19f2c8472ce682c88bcfe1f82dffa4f5c6104cc70c3a20dcecfd7fcd7aafde8f,93000,1,UpdatePublished,"{'model_id': 'model_mnist_784_noniid', 'round': 8, 'ticket_id': 422, 'cid': 'sha256:47760007cb8b2ecb900356ecc88192d57d544fd1b549ae3de56c1ec69f625e21'}",mock
0xce724dbbcc6596375b720b0eaaf50c4b450979f5229da2d4696917703cbc1891,86000,1,TicketReserved,"{'model_id': 'model_mnist_784_noniid', 'round': 8, 'ticket_id': 423, 'owner': 'acct_23'}",mock
0x985ac3eec37de28d4e037ca5b6a5ab9b1875496a295c1ee9ea180e90da947221,93000,1,UpdatePublished,"{'model_id': 'model_mnist_784_noniid', 'round': 8, 'ticket_id': 423, 'cid': 'sha256:63d4777e58b47bf1dce8de545d53710ee112a420c0a64375806722e327875261'}",mock
0xfb1bce3136eec23f13fe6a10d1305160e91240dc053061fe9be7712332675cff,86000,1,TicketReserved,"{'model_id': 'model_mnist_784_noniid', 'round': 8, 'ticket_id': 424, 'owner': 'acct_24'}",mock
0x5a814afba80dbf3a99a9b43e4b7216e4d401a62a2f6b676ff6585df52bb7cc24,93000,1,UpdatePublished,"{'model_id': 'model_mnist_784_noniid', 'round': 8, 'ticket_id': 424, 'cid': 'sha256:f7446ef275aa5498c7d7d089bf5b8c8b4437825a50d042e921452caa23e69293'}",mock
0x9542b63bd8c2d636d63372c133dc3eeebd809db65b2322ea71ca2b5a145df715,86000,1,TicketReserved,"{'model_id': 'model_mnist_784_noniid', 'round': 8, 'ticket_id': 425, 'owner': 'acct_25'}",mock
0x24ace904e604667fcc0e3ddd8becd90d314bb1d2807c89b58101a6dd52a158f0,93000,1,UpdatePublished,"{'model_id': 'model_mnist_784_noniid', 'round': 8, 'ticket_id': 425, 'cid': 'sha256:44a0f9166732b41108a1e4aaa418d2fef7e8d5781da9370bbca6e48b4d1e681a'}",mock
0xb9f7bb848d5ac4a5355acda6fa85e7a037dbd0d686f96f8366a9e597a6906143,86000,1,TicketReserved,"{'model_id': 'model_mnist_784_noniid', 'round': 8, 'ticket_id': 426, 'owner': 'acct_26'}",mock
0x6eea43fcf8626f1ebae5b906add85ad774c83ba87f017e5e46303417d9fdf339,93000,1,UpdatePublished,"{'model_id': 'model_mnist_784_noniid', 'round': 8, 'ticket_id': 426, 'cid': 'sha256:2fb8e7ce454b66ba9c34450e9ec67992c3b97ea4be9f243d09223b614f6c7f80'}",mock
0x7738c01dcc4bdcd9f530aea01b3f9d4e054519d655f5e3b0039a17b022eef9ad,86000,1,TicketReserved,"{'model_id': 'model_mnist_784_noniid', 'round': 8, 'ticket_id': 427, 'owner': 'acct_27'}",mock
0x161f299832c277246e8bafd5b48012c94ec7d01fc6f427d5b9d6ff0ad993c491,93000,1,UpdatePublished,"{'model_id': 'model_mnist_784_noniid', 'round': 8, 'ticket_id': 427, 'cid': 'sha256:b54e3e98f260d64cc06f45501e1cd987e3cadae36458f979c049a67d1d297c4d'}",mock
0xaabc7f4437aabc121e5e9a2458dd2a068e5c6b90e9e78bda123b25591b9b2355,86000,1,TicketReserved,"{'model_id': 'model_mnist_784_noniid', 'round': 8, 'ticket_id': 428, 'owner': 'acct_28'}",mock
0xf54b9e1270b425a46f8b7872e63961554c871a19c8cabfb73f6955f71f574d1e,93000,1,UpdatePublished,"{'model_id': 'model_mnist_784_noniid', 'round': 8, 'ticket_id': 428, 'cid': 'sha256:e1c96ab2e6263d9399ca247ebeaa2978f79ff4a893ef0beede381024cb1444db'}",mock
0x4abbf5c15fc1ae7327f3e0fc4342e75dd14cf745e0d2bd71f62798091c244acf,86000,1,TicketReserved,"{'model_id': 'model_mnist_784_noniid', 'round': 8, 'ticket_id': 429, 'owner': 'acct_29'}",mock
0x06c119961f4e27c4607fa1713252f0843df186a5d3465594173cb1f736483a14,93000,1,UpdatePublished,"{'model_id': 'model_mnist_784_noniid', 'round': 8, 'ticket_id': 429, 'cid': 'sha256:00f53caa13e31c9bd48c4c3fe73eafb7882bd6b98f7d369636023ba9ce832d97'}",mock
0x52b2760858e402abf7460736607b9b4affeefd36dfa1c3ce3ba017a89ebd3ea6,86000,1,TicketReserved,"{'model_id': 'model_mnist_784_noniid', 'round': 8, 'ticket_id': 430, 'owner': 'acct_30'}",mock
0x9257150cb13eba6dce6e547c02892fc3d96bd27cd1d70189a0c4e62fe9816979,93000,1,UpdatePublished,"{'model_id': 'model_mnist_784_noniid', 'round': 8, 'ticket_id': 430, 'cid': 'sha256:393d7a9bf4d5bc82a8cad3cb5fa937a0bdd96383845dce53fccdc215bd7de7ef'}",mock
0x657405375435794f86fa471721688254ac4fe7b7370a56cd5afcdbd59174e757,86000,1,TicketReserved,"{'model_id': 'model_mnist_784_noniid', 'round': 8, 'ticket_id': 431, 'owner': 'acct_31'}",mock
0x5ee64325ffcf0e3123c6f53db4db1000f595322c8f4662a87ff5119c8c5982a3,93000,1,UpdatePublished,"{'model_id': 'model_mnist_784_noniid', 'round': 8, 'ticket_id': 431, 'cid': 'sha256:4b56e924db6d2b43d80b6699df48bbad06a85737db65fe3c3e6edcd0fffd4cc5'}",mock
0x0c9c5ad5032de2b85709a1dcf764f15945854860e17698c6b89267c5bd14c401,86000,1,TicketReserved,"{'model_id': 'model_mnist_784_noniid', 'round': 8, 'ticket_id': 432, 'owner': 'acct_32'}",mock
0x9d71abc38f839d176f722f347059374df8e816ea303722f8e839af908580bf76,93000,1,UpdatePublished,"{'model_id': 'model_mnist_784_noniid', 'round': 8, 'ticket_id': 432, 'cid': 'sha256:cd8c927527595c409f5a1b4a40a1896589c3b9fc576d8e419d617e908a401709'}",mock
0xa998a722a29ac4cbd43a061046925130c31461fe0dfe0a811907209ccacdcfeb,86000,1,TicketReserved,"{'model_id': 'model_mnist_784_noniid', 'round': 8, 'ticket_id': 433, 'owner': 'acct_33'}",mock
0x704cca1f71e3a24b956faf804199ef848b0fbd35d42040694216ca6f6cd4b102,93000,1,UpdatePublished,"{'model_id': 'model_mnist_784_noniid', 'round': 8, 'ticket_id': 433, 'cid': 'sha256:e015368e1c2dfa3cfe7da61c08d26210a090e4e66b8ded88db5f9203c1ce0b0e'}",mock
0x4147fda9adac32ddb9660e054f8c177c34a0509f321ad40faf4a942463b8ace6,86000,1,TicketReserved,"{'model_id': 'model_mnist_784_noniid', 'round': 8, 'ticket_id': 434, 'owner': 'acct_34'}",mock
0x7590d314a123ffb0fa0cb7d6d3d047d39372451261a9d790dedc395c9ebabc51,93000,1,UpdatePublished,"{'model_id': 'model_mnist_784_noniid', 'round': 8, 'ticket_id': 434, 'cid': 'sha256:53319f5a48c5fcf6c309b5c4691a6193636f4a691ddbb1287b14daad2ac5ca68'}",mock
0xcf14a3fb63379c605596a3580f85a01691eb7b9ddb32a6a61b0bf35316dc4686,86000,1,TicketReserved,"{'model_id': 'model_mnist_784_noniid', 'round': 8, 'ticket_id': 435, 'owner': 'acct_35'}",mock
0x200e214d1c4d3774c5984c572a0bebbe854efe117f974ed0357e71f5959f6876,93000,1,UpdatePublished,"{'model_id': 'model_mnist_784_noniid', 'round': 8, 'ticket_id': 435, 'cid': 'sha256:03fe57fdc08d68bb7076c9882c521c85bbf63ae925aaa3c401dd43533a5f05f1'}",mock
0x8f7a2a4d381eda66eeeeb1929abd063389f460b0ce57de5a153351389f12cdf6,86000,1,TicketReserved,"{'model_id': 'model_mnist_784_noniid', 'round': 8, 'ticket_id': 436, 'owner': 'acct_36'}",mock
0xb85a893729de0f655a43100a88691213441dcb52a67725c92e6204996e67823b,93000,1,UpdatePublished,"{'model_id': 'model_mnist_784_noniid', 'round': 8, 'ticket_id': 436, 'cid': 'sha256:12ce25e64294e8b786f6a8b40965240ebb40164e4e02bddf72fec38a54ab2ef3'}",mock
0x15c7175af0f31e188dee7f00c5c0ca48ac9b5d9fe1b74773b862928f8d4f40f1,86000,1,TicketReserved,"{'model_id': 'model_mnist_784_noniid', 'round': 8, 'ticket_id': 437, 'owner': 'acct_37'}",mock
0xcd773f8a06bf0c7326c34cbe5d77f4440f879517f0f7dd72baf2608fa26a7a80,93000,1,UpdatePublished,"{'model_id': 'model_mnist_784_noniid', 'round': 8, 'ticket_id': 437, 'cid': 'sha256:275ca27ee1a427b5208412380b6d78463268e9a842c42fc78f761a298fd6cad4'}",mock
0xa702a68932b917ae3555a27b1945dec311edf958a8d2b840690289ce08114fc7,86000,1,TicketReserved,"{'model_id': 'model_mnist_784_noniid', 'round': 8, 'ticket_id': 438, 'owner': 'acct_38'}",mock
0xa3fe7972525bca516092de5ce4a1b5d796fdb3ca5c753a34b728621d5ea50126,93000,1,UpdatePublished,"{'model_id': 'model_mnist_784_noniid', 'round': 8, 'ticket_id': 438, 'cid': 'sha256:4972f966a11bcd4dc6854488283c92a663a2508d3c17b4e13af7ffdd25f037cf'}",mock
0x9eeba726b1766cc62db9fc6583d6dd84ba0a82624b3727ae90d6f5b1a724f9b0,86000,1,TicketReserved,"{'model_id': 'model_mnist_784_noniid', 'round': 8, 'ticket_id': 439, 'owner': 'acct_39'}",mock
0x241a55b08cf8b2dd68b22bf9127ec0a494d1e00e466a1bf49daa0d6f3a33ddb9,93000,1,UpdatePublished,"{'model_id': 'model_mnist_784_noniid', 'round': 8, 'ticket_id': 439, 'cid': 'sha256:128fa941bf596622079aaf3cc2f5fab6db0aaf9fb5911c5b659d4abc72703f5b'}",mock
0x4726b285b6584683541773d29594ff18e389477b5ae05285ad781abdd7c9c549,86000,1,TicketReserved,"{'model_id': 'model_mnist_784_noniid', 'round': 8, 'ticket_id': 440, 'owner': 'acct_40'}",mock
0x3cd106f509af2f33932cd65e630b4858a7786f1dcd40ae9b8a5c2b7f93b6387e,93000,1,UpdatePublished,"{'model_id': 'model_mnist_784_noniid', 'round': 8, 'ticket_id': 440, 'cid': 'sha256:e059b600da76fc62526f6cadf035eef3d462cb98ff15116aaa7435efff343a21'}",mock
0x897e4155c4981c98271259dbf158c98a750f6ff7dbe4f4efee3e7cd1ae71435a,86000,1,TicketReserved,"{'model_id': 'model_mnist_784_noniid', 'round': 8, 'ticket_id': 441, 'owner': 'acct_41'}",mock
0x32da7a1ed2f85998b2d3ed2167d3976736fecfee82a788f70c5e9c37f45b359c,93000,1,UpdatePublished,"{'model_id': 'model_mnist_784_noniid', 'round': 8, 'ticket_id': 441, 'cid': 'sha256:7491a7f43e04e1eaa7f2016373218bee2d6c9c719957c87232899a730e593f45'}",mock
0x79257e393fe73cfcba697e92357e557b5ac51afd8057d6aaf2fc7c2d504f52a0,86000,1,TicketReserved,"{'model_id': 'model_mnist_784_noniid', 'round': 8, 'ticket_id': 442, 'owner': 'acct_42'}",mock
0xa863f6f12114a343b9d4b251fe447efd23f5fdccd85e05a8c71132149ad2c3e8,93000,1,UpdatePublished,"{'model_id': 'model_mnist_784_noniid', 'round': 8, 'ticket_id': 442, 'cid': 'sha256:cd632d422516c6925c7c4ac2459cda9ad421fef348238fbfc982c4d374165a21'}",mock
0xabe8a67b038543434f49a86a344a87b4648e91d585ad2c814b1fa990763bbff6,86000,1,TicketReserved,"{'model_id': 'model_mnist_784_noniid', 'round': 8, 'ticket_id': 443, 'owner': 'acct_43'}",mock
0xd787180fa91ceaa6ea228ab4c69de7122c3546ce7e18dd4bda54c5b94d175d03,93000,1,UpdatePublished,"{'model_id': 'model_mnist_784_noniid', 'round': 8, 'ticket_id': 443, 'cid': 'sha256:d1be2510836bcac82203308b2f754b6144f5d511c5f7e8214e7c5ac084db7b64'}",mock
0x403d51af11838c4c4783e51dd3e94b6e92ef4648f18285427f3c8be7d4eee58c,86000,1,TicketReserved,"{'model_id': 'model_mnist_784_noniid', 'round': 8, 'ticket_id': 444, 'owner': 'acct_44'}",mock
0x0e46c0b13fe8a612439aa17503168342e389fd39292372e01c151cfc8b6d9edb,93000,1,UpdatePublished,"{'model_id': 'model_mnist_784_noniid', 'round': 8, 'ticket_id': 444, 'cid': 'sha256:86371852935b7317bc9701297fbe2ae7a8024d213dfc19197bcb867daee4cb5f'}",mock
0x25d600a0d8912e977915511449a03e463b51cc902857ce273a5cddac52d19809,86000,1,TicketReserved,"{'model_id': 'model_mnist_784_noniid', 'round': 8, 'ticket_id': 445, 'owner': 'acct_45'}",mock
0xf7c02961fabe957a4e2bc5ee2f90cbc8112bb26b1efed9b072ac32d7340105ea,93000,1,UpdatePublished,"{'model_id': 'model_mnist_784_noniid', 'round': 8, 'ticket_id': 445, 'cid': 'sha256:3f5facd657827adbc18b3764fb36090995794c885a90e24b583113185cc60c4b'}",mock
0x5721066cdf5422e155df1541bc3d70bcf0b799b228f2c5817a469ebf3f3a2916,86000,1,TicketReserved,"{'model_id': 'model_mnist_784_noniid', 'round': 8, 'ticket_id': 446, 'owner': 'acct_46'}",mock
0x5fd3b74db453dd440573474579d8c3eb9b9c9c6817528d5a5b2e0d2252994804,93000,1,UpdatePublished,"{'model_id': 'model_mnist_784_noniid', 'round': 8, 'ticket_id': 446, 'cid': 'sha256:330d0f3ba6f2649b9cd107f349e8b2b35276bec0a2fc196158c678936bddf81e'}",mock
0xe33b566d38cbf2044d28e1cba0cd9a24ef462b4a70cc435df951d5e9b9f43bc4,86000,1,TicketReserved,"{'model_id': 'model_mnist_784_noniid', 'round': 8, 'ticket_id': 447, 'owner': 'acct_47'}",mock
0xcb66072484dc763b18c8072b94b344d2913858565d806b0aa6ad54088db933dd,93000,1,UpdatePublished,"{'model_id': 'model_mnist_784_noniid', 'round': 8, 'ticket_id': 447, 'cid': 'sha256:c304b3079e772755c50958af95a585fb47f799051f3e78425d07cf9d14b0cce9'}",mock
0xb2321fa658ca0ba5660b6528b8f6ce9dc1bd2aaf8306caae0259fb00e73c9cad,86000,1,TicketReserved,"{'model_id': 'model_mnist_784_noniid', 'round': 8, 'ticket_id': 448, 'owner': 'acct_48'}",mock
0x47b8d6dd294d34d4cd987d4bfb570afcee07ccbf355275d8b785b8d5b6da9d68,93000,1,UpdatePublished,"{'model_id': 'model_mnist_784_noniid', 'round': 8, 'ticket_id': 448, 'cid': 'sha256:f62aec3a500b3d3bd1f0c3c2c8bc964d978b3de442d480d2106c09ae15dadfda'}",mock
0x4373f902c5898bad14d3e4736e4a6ef2bacd90681cf62ecdd562a099b0fae818,86000,1,TicketReserved,"{'model_id': 'model_mnist_784_noniid', 'round': 8, 'ticket_id': 449, 'owner': 'acct_49'}",mock
0x91ca716233b7200e5d5ef588113b9fe9febbcb922d36dff2754ebe9a4dddef7e,93000,1,UpdatePublished,"{'model_id': 'model_mnist_784_noniid', 'round': 8, 'ticket_id': 449, 'cid': 'sha256:763c90c05d5b8b1abca3ce38bf24cb1dbd0971a6dfbbab19b6379f92b452a3e5'}",mock
0x1c64a6c171fd3e286ce3eb1011f313fea49b4a0c9c3076df7b86ae9e19cca392,86000,1,TicketReserved,"{'model_id': 'model_mnist_784_noniid', 'round': 8, 'ticket_id': 450, 'owner': 'acct_50'}",mock
0xea7bc2e654728472276b6f278db223d7c5c275a34bafa4688c2d24499084f0d9,93000,1,UpdatePublished,"{'model_id': 'model_mnist_784_noniid', 'round': 8, 'ticket_id': 450, 'cid': 'sha256:cb50dfa131015c18a6bb1a3f8eb72027410840b9716860867a22546eb832887d'}",mock
0x29b2e89d8c4c718f3441f9a44663ff79a91d15865db336ab9103b0d78e706150,1125000,1,RoundFinalized,"{'model_id': 'model_mnist_784_noniid', 'round': 8, 'included': 50, 'refunds': 50}",mock
0x21c797bded2c6102527134005402ffe6eb95c7ff133253b22c32710796f0977a,52000,1,RoundFunded,"{'model_id': 'model_mnist_784_noniid', 'amount_wei': 10000000000000000}",mock
0xf6f04d22653abbd91468aff3168444de4f4af83c2efaf6266c7b21cd9d1023dc,86000,1,TicketReserved,"{'model_id': 'model_mnist_784_noniid', 'round': 9, 'ticket_id': 451, 'owner': 'acct_1'}",mock
0xc4a823e329840f7688a95bbf8aedcb6a386f056e259abbf6d9a8692cad843f2e,93000,1,UpdatePublished,"{'model_id': 'model_mnist_784_noniid', 'round': 9, 'ticket_id': 451, 'cid': 'sha256:e70739b1ee96c5e4fb4222b70b8aed4a565ec07c778525e1782994c3d32e53bf'}",mock
0x79159b5e3e9c360bad8484a5c8b2b5f25625c627e2ceebc7bdc35c34092b8e48,86000,1,TicketReserved,"{'model_id': 'model_mnist_784_noniid', 'round': 9, 'ticket_id': 452, 'owner': 'acct_2'}",mock
0xe3b4cb8978023c41cd9551a271c31d77039f3cd02f2e5bbb2e6de8cb59b91635,93000,1,UpdatePublished,"{'model_id': 'model_mnist_784_noniid', 'round': 9, 'ticket_id': 452, 'cid': 'sha256:500811be8c0fe06ac8d659202e9e18b636290562b365b4f8a8d1a79350f71f74'}",mock
0xeb21b987abc79a6a3e2c6c7dfc4c2e2cf77faaf634391a131a086786c40f229b,86000,1,TicketReserved,"{'model_id': 'model_mnist_784_noniid', 'round': 9, 'ticket_id': 453, 'owner': 'acct_3'}",mock
0x33871a107a04618a76885cc8245cf8810ea320caaab0a55aed8e54b9cc58f083,93000,1,UpdatePublished,"{'model_id': 'model_mnist_784_noniid', 'round': 9, 'ticket_id': 453, 'cid': 'sha256:373d8fc02001695369de502a84575e37bcf063669ee80f09a164077bf48cf188'}",mock
0x73e2be4c62d0d58bb908a3e7e7e111c8a8597c1235efc6beb1c125b27a4665bf,86000,1,TicketReserved,"{'model_id': 'model_mnist_784_noniid', 'round': 9, 'ticket_id': 454, 'owner': 'acct_4'}",mock
0x10e9656d5cfea3dce1dd1c50a25ac10d6022e51a83932be158af394e9b6a00be,93000,1,UpdatePublished,"{'model_id': 'model_mnist_784_noniid', 'round': 9, 'ticket_id': 454, 'cid': 'sha256:52c6ec2c14fcbecc1d68e571c4052aa213a44f8c6f90829cd4f0cc359c49bbb3'}",mock
0xa434a38903c638d2699a5c40bab9318d757d9466f40d2c037759d06a8f4f5bc5,86000,1,TicketReserved,"{'model_id': 'model_mnist_784_noniid', 'round': 9, 'ticket_id': 455, 'owner': 'acct_5'}",mock
0x94c89a516b190c29db69f94449fdc4efdf9ca1be75b36dfe0af37d022457f23f,93000,1,UpdatePublished,"{'model_id': 'model_mnist_784_noniid', 'round': 9, 'ticket_id': 455, 'cid': 'sha256:f8fa1e41cff85b5040acb8c3355bed4730ee3c7aff113f3f2db9c79471167e8c'}",mock
0x2096bd0dc5e0306353c58a320c14bfc8532e0e263cba8ca2d4c926dba3476715,86000,1,TicketReserved,"{'model_id': 'model_mnist_784_noniid', 'round': 9, 'ticket_id': 456, 'owner': 'acct_6'}",mock
0x145d140ab2652c0f30b8a1901764318548ff1290b9c273fb49ea663bf7bb6a5f,93000,1,UpdatePublished,"{'model_id': 'model_mnist_784_noniid', 'round': 9, 'ticket_id': 456, 'cid': 'sha256:4630041798277415e7dcb2e751892d59c42c04c5c2f270033c8094525d2e9f20'}",mock
0x6f9f0f5ba8c19486b822b69c8b19e050c36c0895e7e1a2b9b0b7565de05408f8,86000,1,TicketReserved,"{'model_id': 'model_mnist_784_noniid', 'round': 9, 'ticket_id': 457, 'owner': 'acct_7'}",mock
0x19b6ab8a532c009e19b1359baa0e307925894e3187887c282fe039e1632ad348,93000,1,UpdatePublished,"{'model_id': 'model_mnist_784_noniid', 'round': 9, 'ticket_id': 457, 'cid': 'sha256:4229a0c3d35cb463c4c70d82c3c74a9587d1f5ab217a30822b2956c56f2bfeab'}",mock
0xde8e39b137d4c7e299252f44be53d5d293b50de62ef3079ea1d0404307b6a261,86000,1,TicketReserved,"{'model_id': 'model_mnist_784_noniid', 'round': 9, 'ticket_id': 458, 'owner': 'acct_8'}",mock
0x9a1fb135ad6a05b2970d07bd955dd1b99f08100249f3ba32b14b6f0707cab37c,93000,1,UpdatePublished,"{'model_id': 'model_mnist_784_noniid', 'round': 9, 'ticket_id': 458, 'cid': 'sha256:15cb94976177cc8927811eaeb255aee24d9277ec246f7b294e037b819b710ec4'}",mock
0x3a79de3f65ae4ce6b423c4f5252768a1690e772ecd20259afd1a13ccace39255,86000,1,TicketReserved,"{'model_id': 'model_mnist_784_noniid', 'round': 9, 'ticket_id': 459, 'owner': 'acct_9'}",mock
0x1d0f9ab22143fa6f8f55882cdae9748aef6267b34cef739916ad38bc0517c9f6,93000,1,UpdatePublished,"{'model_id': 'model_mnist_784_noniid', 'round': 9, 'ticket_id': 459, 'cid': 'sha256:f3c8ab4a10ad3477e6849ffdb25b96a12a403298a5a5c8d105f3f020c4512ace'}",mock
0xb84fc8de3113677f1731415d5e3ad952ec13e8a9fdc11ecf774c9f660b2b6306,86000,1,TicketReserved,"{'model_id': 'model_mnist_784_noniid', 'round': 9, 'ticket_id': 460, 'owner': 'acct_10'}",mock
0x3ef85906d030614828b90645cd1cded88c0c05664368e436cdb89b130d957a35,93000,1,UpdatePublished,"{'model_id': 'model_mnist_784_noniid', 'round': 9, 'ticket_id': 460, 'cid': 'sha256:1289fceccf9a32d4dd53cedd558301fdcb5bdf706ecf5b2ba524bf1c6a408396'}",mock
0x502a27aa0ca28f62b51b8905c2e0525c61bebb90abc391a25c61537400d308e3,86000,1,TicketReserved,"{'model_id': 'model_mnist_784_noniid', 'round': 9, 'ticket_id': 461, 'owner': 'acct_11'}",mock
0x459fb251045baf23e98d469daf5aa5b5ad5e6663d12fe86b3172acee5a5cb102,93000,1,UpdatePublished,"{'model_id': 'model_mnist_784_noniid', 'round': 9, 'ticket_id': 461, 'cid': 'sha256:39cbffac4feb7c3318398af43a934b7336e3e3d560d7c7fae658fb69f3fabdc1'}",mock
0x7518858075fbba4058544d0fe103b598439c7d833bf7365318ff37cc34252a34,86000,1,TicketReserved,"{'model_id': 'model_mnist_784_noniid', 'round': 9, 'ticket_id': 462, 'owner': 'acct_12'}",mock
0xb9de5d6cd6785332694f46181e29a2f646cb61400e5650d35bdfd3dfdcc4f9c0,93000,1,UpdatePublished,"{'model_id': 'model_mnist_784_noniid', 'round': 9, 'ticket_id': 462, 'cid': 'sha256:53a2e2e27dfcdde623fe3291586b13f1378016692935af915fd4ab156d915593'}",mock
0x817ba30afc67f453cfc8c95f0b211717fab18d3a32e2e8629171804e61cd3726,86000,1,TicketReserved,"{'model_id': 'model_mnist_784_noniid', 'round': 9, 'ticket_id': 463, 'owner': 'acct_13'}",mock
0x93c775358af6b4ca3a8654cc8c9acce424a0fad36a161b0b15b1201407e23a93,93000,1,UpdatePublished,"{'model_id': 'model_mnist_784_noniid', 'round': 9, 'ticket_id': 463, 'cid': 'sha256:afbf259c71278c5fb5310220d77012c59fba3a53fdb9f6fb74e1789dac96793f'}",mock
0x528b9c9492dd1cf1226dd439528c872e29b785930440b9192bbd1c0ad4a07b2e,86000,1,TicketReserved,"{'model_id': 'model_mnist_784_noniid', 'round': 9, 'ticket_id': 464, 'owner': 'acct_14'}",mock
0xbe6b119747ec7694314d677efc6c671febb521cfe9dda33e9093b5e1aae74037,93000,1,UpdatePublished,"{'model_id': 'model_mnist_784_noniid', 'round': 9, 'ticket_id': 464, 'cid': 'sha256:aefb96ef8f9722f4520a0929cc0df53e12221bc5b363941e6c59f3ca9e78b787'}",mock
0x5860ae9a9c7917d7842444dee5fa98c6ed366389adb68d4076cae318b175b9cc,86000,1,TicketReserved,"{'model_id': 'model_mnist_784_noniid', 'round': 9, 'ticket_id': 465, 'owner': 'acct_15'}",mock
0xd8364ae6313e9a60f3e38f52430abe090e46c6b61f30d8dd92a494cfc24bfbed,93000,1,UpdatePublished,"{'model_id': 'model_mnist_784_noniid', 'round': 9, 'ticket_id': 465, 'cid': 'sha256:bcceb756ec47b55d787672b12a56a5fe258f4070fb4af4f23dad1f3ea78aacac'}",mock
0xa4981a3d95d72eb5f18986511a6934e219dd1268c24199d7f45f5352100c2277,86000,1,TicketReserved,"{'model_id': 'model_mnist_784_noniid', 'round': 9, 'ticket_id': 466, 'owner': 'acct_16'}",mock
0x079ad50593917706386f0ac1ddae034f1d062a7de2c58653dcc4f3e4fffde524,93000,1,UpdatePublished,"{'model_id': 'model_mnist_784_noniid', 'round': 9, 'ticket_id': 466, 'cid': 'sha256:f105722a71025946be843982c159fb93d9537a6f5de1251acc71d8291505ba01'}",mock
0xbdb5a3a0210d3e19dce77bfece8669086c43f1fa4da1968d6867a61c011d9757,86000,1,TicketReserved,"{'model_id': 'model_mnist_784_noniid', 'round': 9, 'ticket_id': 467, 'owner': 'acct_17'}",mock
0x5d6dc85695a3cc8e58a0be191deb4deb5d376a35008ad655d5f49e2f5a78e7e4,93000,1,UpdatePublished,"{'model_id': 'model_mnist_784_noniid', 'round': 9, 'ticket_id': 467, 'cid': 'sha256:00072f74d70866a4b19d48efff31917ecd0e2c999bc2721f6679b95ffb4f328c'}",mock
0x5a78a55aaf83daccd279c945770eb6e02b5593cd5b00b7d4863ef6f9fe3a7db6,86000,1,TicketReserved,"{'model_id': 'model_mnist_784_noniid', 'round': 9, 'ticket_id': 468, 'owner': 'acct_18'}",mock
0x0fe4855248437366c0f9bb76d0697e36f3c3c411db3d495366c6518b382c38b5,93000,1,UpdatePublished,"{'model_id': 'model_mnist_784_noniid', 'round': 9, 'ticket_id': 468, 'cid': 'sha256:be87b40b4d518e1b8296bfe758b1a738cb83f605693b1e592a1bc74f7a3a338b'}",mock
0xbb41d55d57678845daaa8d960540d724112e7e7b03a5760715ba754b2c96a01f,86000,1,TicketReserved,"{'model_id': 'model_mnist_784_noniid', 'round': 9, 'ticket_id': 469, 'owner': 'acct_19'}",mock
0xccbd46794ea5c562e20b443904ec858051565aefd783a5464f27ba8ff52ed434,93000,1,UpdatePublished,"{'model_id': 'model_mnist_784_noniid', 'round': 9, 'ticket_id': 469, 'cid': 'sha256:f63195b24f25c2b1a42dda409e38a64626e3bdce422766c2a360f059aec2cf6c'}",mock
0xbe644d06d2f4619b06495f80b84e6d7e4a62b9e9cde5deadee463594d151403b,86000,1,TicketReserved,"{'model_id': 'model_mnist_784_noniid', 'round': 9, 'ticket_id': 470, 'owner': 'acct_20'}",mock
0x3b21a58a366abe4bab489ee53ae0b1d7587cddb1ae561290006c561168948fdd,93000,1,UpdatePublished,"{'model_id': 'model_mnist_784_noniid', 'round': 9, 'ticket_id': 470, 'cid': 'sha256:87e60d1534420f9eea14864b335c72a3ee110d50cb3aa28550384eb1b30a9b04'}",mock
0x2da490e261d1a312d5c3b8245ae5a8431ce4f82fc3709b29b718f802f9740305,86000,1,TicketReserved,"{'model_id': 'model_mnist_784_noniid', 'round': 9, 'ticket_id': 471, 'owner': 'acct_21'}",mock
0x3f8e34635d19d84a8106934254de83b880a11be16f84642deb0eb6a5efa25fa1,93000,1,UpdatePublished,"{'model_id': 'model_mnist_784_noniid', 'round': 9, 'ticket_id': 471, 'cid': 'sha256:b9c7d82894afbc15d1bb34987b9a35e98eba22077afe23de1a8dfe6204a54365'}",mock
0x69a1961027c5de0ffba8afda22f43d8ad1a329b9eeca2ac728f254e33bd08d60,86000,1,TicketReserved,"{'model_id': 'model_mnist_784_noniid', 'round': 9, 'ticket_id': 472, 'owner': 'acct_22'}",mock
0xdbcda54818948c815f936b45071fe714c6a9f10772f4b5a060fbfe0a1b660a31,93000,1,UpdatePublished,"{'model_id': 'model_mnist_784_noniid', 'round': 9, 'ticket_id': 472, 'cid': 'sha256:a7b3a9858d0cc8c4caba26d2c31fc46648e24932472d8eda4a6dafa466fd48ce'}",mock
0xc4226da6635f6c4b4516d4b52a8c556b260ab8d23a6800dd6d7cb3f52983545d,86000,1,TicketReserved,"{'model_id': 'model_mnist_784_noniid', 'round': 9, 'ticket_id': 473, 'owner': 'acct_23'}",mock
0xa7ba70336e7dac911806e658bdcb8b92b68e3abd87abe0f0f01311ed0b35fb87,93000,1,UpdatePublished,"{'model_id': 'model_mnist_784_noniid', 'round': 9, 'ticket_id': 473, 'cid': 'sha256:5a6d1f30a7a80d4c68a9de73cde794853703a88158c188518343bfacc3fd70e1'}",mock
0x4024c84a695bbd09c779798e8db8b7014672ac2a61a0dd649442d70d0def3d01,86000,1,TicketReserved,"{'model_id': 'model_mnist_784_noniid', 'round': 9, 'ticket_id': 474, 'owner': 'acct_24'}",mock
0xa94c246b9937f378d97c7c1c5af4cfe580ed1c801029aec49b464ddc38ddbe12,93000,1,UpdatePublished,"{'model_id': 'model_mnist_784_noniid', 'round': 9, 'ticket_id': 474, 'cid': 'sha256:2112639702874d4792201db24500373dc5df0a70b98294cf38c11117ad576431'}",mock
0x17e78862469ceb99f8c292e7e01cab8829ad86d7874d81b9eb7e5fc7172d2cbf,86000,1,TicketReserved,"{'model_id': 'model_mnist_784_noniid', 'round': 9, 'ticket_id': 475, 'owner': 'acct_25'}",mock
0x6ac0c39fbb0f704ee506ee0d1cb0d71280b201298d02eb1c2c039ad3b578e71a,93000,1,UpdatePublished,"{'model_id': 'model_mnist_784_noniid', 'round': 9, 'ticket_id': 475, 'cid': 'sha256:1722dfae46d92e8fb3edfd0f1b075edc82438b37a91b352a59ae2baf47aee9bf'}",mock
0x986396d75795f567f6edda39099ce2284fc856b0d84516179d84dc9933c76855,86000,1,TicketReserved,"{'model_id': 'model_mnist_784_noniid', 'round': 9, 'ticket_id': 476, 'owner': 'acct_26'}",mock
0x102e6630f211a24b91da4e8e6cf555a600200f92b3dbb25de27c563eb7b79734,93000,1,UpdatePublished,"{'model_id': 'model_mnist_784_noniid', 'round': 9, 'ticket_id': 476, 'cid': 'sha256:431d809b3fbeaeb63a42958d026d8474520fed25f9d94eece0b87d9d23ee9930'}",mock
0x30e2eb7c3e9db6709551ad95aa7e5c40aa0a063fd429b920d8f85063340f0c68,86000,1,TicketReserved,"{'model_id': 'model_mnist_784_noniid', 'round': 9, 'ticket_id': 477, 'owner': 'acct_27'}",mock
0x9f8be1ac2e175b49572ca1e1f8c4ee8285b412b66c7ab7936f9418531892cb92,93000,1,UpdatePublished,"{'model_id': 'model_mnist_784_noniid', 'round': 9, 'ticket_id': 477, 'cid': 'sha256:a1c296c7b1822134df8b4edf9984648849f2ed803e28134286d0ed72a385e586'}",mock
0xd5f0753abfc50dea01bb71c2ae0b01b3381a79928087eaedfadfe2bac666c7d0,86000,1,TicketReserved,"{'model_id': 'model_mnist_784_noniid', 'round': 9, 'ticket_id': 478, 'owner': 'acct_28'}",mock
0x7a56c4906320c0c04a8f7b29f1f64d819d0765aeb2caa3851d1271be0fec70b1,93000,1,UpdatePublished,"{'model_id': 'model_mnist_784_noniid', 'round': 9, 'ticket_id': 478, 'cid': 'sha256:1db11902d6ffc407cb64638d8d127619d30c98d36169e51a92d9495d7b1ae918'}",mock
0x4ff70bbf106f23fec919e4ca55fc518674afc5a952365c5c1e163fa74dbf3302,86000,1,TicketReserved,"{'model_id': 'model_mnist_784_noniid', 'round': 9, 'ticket_id': 479, 'owner': 'acct_29'}",mock
0x27afa0af67095c94586367702eabf9c5c6df08333f4a160d0fa0855d3854a513,93000,1,UpdatePublished,"{'model_id': 'model_mnist_784_noniid', 'round': 9, 'ticket_id': 479, 'cid': 'sha256:787c68e20e86252e361684a6f3c378a0bd0b94c05b982166835f455036439f8a'}",mock
0x5bd5b98d7bf261fe51fc2c65991accade6599114582427191e6917832013c8ee,86000,1,TicketReserved,"{'model_id': 'model_mnist_784_noniid', 'round': 9, 'ticket_id': 480, 'owner': 'acct_30'}",mock
0x5552ed02175c1baf4c5e8844e4efb1166616dd86eaa20503e2293c5ea7700804,93000,1,UpdatePublished,"{'model_id': 'model_mnist_784_noniid', 'round': 9, 'ticket_id': 480, 'cid': 'sha256:0a59a10ac2a7630725116253d94b5df793f2eb73eb10851da51d3d607b3a4f49'}",mock
0x30c67dc5d4dc9f2e43ecec2b223eaa47bde493096939f6004e5c040513975ce8,86000,1,TicketReserved,"{'model_id': 'model_mnist_784_noniid', 'round': 9, 'ticket_id': 481, 'owner': 'acct_31'}",mock
0x50c2eb5e54e7361a4cf56acd6b6f877d65e70ef6a2489f0156102d339b2c6ebb,93000,1,UpdatePublished,"{'model_id': 'model_mnist_784_noniid', 'round': 9, 'ticket_id': 481, 'cid': 'sha256:2e2017424db159e14a60fc08db64edfff2e17bca6c976f1fe2263a051f253427'}",mock
0x49c44163003f769e3eeba90065b33a7b384d91fdd2300d4fca8693b7256488a5,86000,1,TicketReserved,"{'model_id': 'model_mnist_784_noniid', 'round': 9, 'ticket_id': 482, 'owner': 'acct_32'}",mock
0x659928d82af4f82f815b78d5671ab2a04ffadee37a256863d071e06edf48c88c,93000,1,UpdatePublished,"{'model_id': 'model_mnist_784_noniid', 'round': 9, 'ticket_id': 482, 'cid': 'sha256:9bd42cfb1cea39355fe36375176ed6ff27124baff33d287819348683dcd53541'}",mock
0xb442bde686f430d5f75f3373a7524dd5f5889cc563bf5af0e9eeec6233516197,86000,1,TicketReserved,"{'model_id': 'model_mnist_784_noniid', 'round': 9, 'ticket_id': 483, 'owner': 'acct_33'}",mock
0xacfbc977afd196a65e9b47750683638346ee45bdd71629b8facd722341523fce,93000,1,UpdatePublished,"{'model_id': 'model_mnist_784_noniid', 'round': 9, 'ticket_id': 483, 'cid': 'sha256:81aefc43f4327050acbc03f05fc0cc9b1c307088bfb4559bea80ef953550808a'}",mock
0xf83cde7ca7227ab806487a9c876829b73983b7c743da73e3457a3eb3c59908dc,86000,1,TicketReserved,"{'model_id': 'model_mnist_784_noniid', 'round': 9, 'ticket_id': 484, 'owner': 'acct_34'}",mock
0xe261c2d95a5964d274a5678cf941ab25d32487caa12eeb33345e40583bb53480,93000,1,UpdatePublished,"{'model_id': 'model_mnist_784_noniid', 'round': 9, 'ticket_id': 484, 'cid': 'sha256:48e9c36c46fb75ed43017cf29fcce4be567df8c91da6ae65ec717074d732b7b6'}",mock
0xa9dd0d2505924d3c87640d13a74a56c51c4b517235a3eb9ae8344cdecc1145b8,86000,1,TicketReserved,"{'model_id': 'model_mnist_784_noniid', 'round': 9, 'ticket_id': 485, 'owner': 'acct_35'}",mock
0x716e0cff48a323c948daa2dda7f1fbecbd7d9aa0701af96d9ecf9a135b8d208f,93000,1,UpdatePublished,"{'model_id': 'model_mnist_784_noniid', 'round': 9, 'ticket_id': 485, 'cid': 'sha256:c5dae4d2a79b857d6c6913a873ae2dafca1b8e990aade4e8914d45881e15503a'}",mock
0xe6c9fb879fa82592b38b6ca47a32c8e60e108eebce28a8e1c0aeef08e28f00bc,86000,1,TicketReserved,"{'model_id': 'model_mnist_784_noniid', 'round': 9, 'ticket_id': 486, 'owner': 'acct_36'}",mock
0x795f42a9b1b29e9116c3af2bf82074978fcb4bc9f926fab8cb8feb03849c062c,93000,1,UpdatePublished,"{'model_id': 'model_mnist_784_noniid', 'round': 9, 'ticket_id': 486, 'cid': 'sha256:7580899f76d3079894af2a26581528daf2defd4012db20244f1b587e481b653e'}",mock
0x4b4fc68d2c0bab3807947806fffd5f566afe8152d6baea809f7df1a0f1d46845,86000,1,TicketReserved,"{'model_id': 'model_mnist_784_noniid', 'round': 9, 'ticket_id': 487, 'owner': 'acct_37'}",mock
0x81429b62e1cf02200255103e6a2c43990b4e69a8041fb3ea41517af86e770b63,93000,1,UpdatePublished,"{'model_id': 'model_mnist_784_noniid', 'round': 9, 'ticket_id': 487, 'cid': 'sha256:c581ef337825aa9fc8cfb11ac606ea0a7a4decc80c8bf4b65a002ad74cb02fa8'}",mock
0x5d3dc00d0cf1813ddf2b1aa61f1efc354e23062fbfe9afec204bd263a3553aac,86000,1,TicketReserved,"{'model_id': 'model_mnist_784_noniid', 'round': 9, 'ticket_id': 488, 'owner': 'acct_38'}",mock
0xc271138ce4049a330731ecee67b35b284ba64e340d3b8597e6baa87ddacabc01,93000,1,UpdatePublished,"{'model_id': 'model_mnist_784_noniid', 'round': 9, 'ticket_id': 488, 'cid': 'sha256:390d7e427909bb4307761b980f64aded814d008bc48864cd724609c6adca7b3a'}",mock
0xbd1be7948e230cf3828d3acdfd0d73534605859f7ba05ff172bef23029a3d4d2,86000,1,TicketReserved,"{'model_id': 'model_mnist_784_noniid', 'round': 9, 'ticket_id': 489, 'owner': 'acct_39'}",mock
0x8eefb1c04a61c51359a7fde659fcd29ecde074b0bfe14e9d2a8a253581ce9a4c,93000,1,UpdatePublished,"{'model_id': 'model_mnist_784_noniid', 'round': 9, 'ticket_id': 489, 'cid': 'sha256:1f15e1df5fd8080261580313539af1fec2b287ffebe15c886bb05288c3549435'}",mock
0xdcab879ca8d4ad8b9badc22ed8d3490ca1625d1b399cffeb51b2225e24b9863f,86000,1,TicketReserved,"{'model_id': 'model_mnist_784_noniid', 'round': 9, 'ticket_id': 490, 'owner': 'acct_40'}",mock
0x7549c9950085f821611f975ef07b9123df8bbd953568cad16ed2b0c5ea60562f,93000,1,UpdatePublished,"{'model_id': 'model_mnist_784_noniid', 'round': 9, 'ticket_id': 490, 'cid': 'sha256:0981449b1087b6f4c8c549240129c58e246c6bf06f4f9227430559c423fcf6c2'}",mock
0x4831d25547ded7ce3ef53fcd4aea90156225f70fa54185d65ed3afcacb9e87a4,86000,1,TicketReserved,"{'model_id': 'model_mnist_784_noniid', 'round': 9, 'ticket_id': 491, 'owner': 'acct_41'}",mock
0x6604cfa152c9451d6f6ef2a289c274d03d194706c2eba37cd1f560102b0abadd,93000,1,UpdatePublished,"{'model_id': 'model_mnist_784_noniid', 'round': 9, 'ticket_id': 491, 'cid': 'sha256:222218ac5ae61c77248a741ba79e7d8d38a2bf61e7865609459e62dd584a14a8'}",mock
0xdc77ea68f14c833e79601f43b13ae063a96b5907e31855f0fbe16e3fa7eb27b1,86000,1,TicketReserved,"{'model_id': 'model_mnist_784_noniid', 'round': 9, 'ticket_id': 492, 'owner': 'acct_42'}",mock
0x629e1e3b4dfef907e897126ca083684e724c1cb482474cbba374c091663245dc,93000,1,UpdatePublished,"{'model_id': 'model_mnist_784_noniid', 'round': 9, 'ticket_id': 492, 'cid': 'sha256:2d5204386f1559a1fe86f5294c097be8a04590110aac7f243537a1231a7b562e'}",mock
0xe6d4f571d006ae2737e8de33d8ba6e271be27d7f38686dd9957b94f27efa29d7,86000,1,TicketReserved,"{'model_id': 'model_mnist_784_noniid', 'round': 9, 'ticket_id': 493, 'owner': 'acct_43'}",mock
0x178e17980a7c228df3b026f28516b16b1ad0c2f251784293d560ce068f92ecf4,93000,1,UpdatePublished,"{'model_id': 'model_mnist_784_noniid', 'round': 9, 'ticket_id': 493, 'cid': 'sha256:e38e769bbd2cbdaa49ad54f364ce5f5f8a0a3fbc469f9e15202f01adc4d66d91'}",mock
0x84fb46ce987b59db5e14d7088421c281ebc492554bad7fc86ebd2b9ca2a5daa0,86000,1,TicketReserved,"{'model_id': 'model_mnist_784_noniid', 'round': 9, 'ticket_id': 494, 'owner': 'acct_44'}",mock
0xea46a4f6f2ec0dca2ee26a2436b45c844016923dac0d78643490fc98a89daa83,93000,1,UpdatePublished,"{'model_id': 'model_mnist_784_noniid', 'round': 9, 'ticket_id': 494, 'cid': 'sha256:aee97459918cc9c81d9c5cd760988e45052134ace218d3a070679ccbfad69ce2'}",mock
0x9d1cb270f71ece72490e3c9b460a72429d8b4c8e65685a63d91179a909213039,86000,1,TicketReserved,"{'model_id': 'model_mnist_784_noniid', 'round': 9, 'ticket_id': 495, 'owner': 'acct_45'}",mock
0xd8376b168eb30895c821b2dd3942536950edb39fb7b39f9be60d7f5818b718db,93000,1,UpdatePublished,"{'model_id': 'model_mnist_784_noniid', 'round': 9, 'ticket_id': 495, 'cid': 'sha256:e7e43671afd272179c4bb02c3c0f28be3ac0d053167429f679c0d876db67bf0f'}",mock
0xa93c902de0e4cbab8cfd9bf77dff6d10e663e21c1f86548b6b14b002daa7c03b,86000,1,TicketReserved,"{'model_id': 'model_mnist_784_noniid', 'round': 9, 'ticket_id': 496, 'owner': 'acct_46'}",mock
0xb669cfd6ecb5846f9b9a5f7790812dbcd4796114051791c05810e68dcd614576,93000,1,UpdatePublished,"{'model_id': 'model_mnist_784_noniid', 'round': 9, 'ticket_id': 496, 'cid': 'sha256:c232b4454de7e9740f9520656e023e9e9494b21412d02a92cdc2860648a26894'}",mock
0xe53d1a9912e8c2346b2bb71b9d9420b68b946fc8490c2ebf0bf462b6a466f330,86000,1,TicketReserved,"{'model_id': 'model_mnist_784_noniid', 'round': 9, 'ticket_id': 497, 'owner': 'acct_47'}",mock
0x61cdc56ca4edf7e1b5809b79821deb47d5c24e2b38db9a5daabc5efc77e637b7,93000,1,UpdatePublished,"{'model_id': 'model_mnist_784_noniid', 'round': 9, 'ticket_id': 497, 'cid': 'sha256:f2df293c72c5fe77b53de902e0b455c0e4078497c68a838ca22f68f912819b2a'}",mock
0xf95e9a37939d874b417e574c75355f6bd792748f056d5b0ec509b2d6b5b251a4,86000,1,TicketReserved,"{'model_id': 'model_mnist_784_noniid', 'round': 9, 'ticket_id': 498, 'owner': 'acct_48'}",mock
0xa97aa050a325f66ef7cde263f4cb42ed9c4c55c371c19d3aa28ae24db3f66698,93000,1,UpdatePublished,"{'model_id': 'model_mnist_784_noniid', 'round': 9, 'ticket_id': 498, 'cid': 'sha256:bd3cc48e0f8483bb0e7fd2da409a137556f1bd254fb2f26efab2056585bebddc'}",mock
0x51a22f76bc900bcedf0a2753182dbeee17e0eb27cfe35de91ec4c496cfae59d7,86000,1,TicketReserved,"{'model_id': 'model_mnist_784_noniid', 'round': 9, 'ticket_id': 499, 'owner': 'acct_49'}",mock
0x08fb8ef607b063ca5206a1fe87ecf7e006559b7a5604f174706b3b28919e043b,93000,1,UpdatePublished,"{'model_id': 'model_mnist_784_noniid', 'round': 9, 'ticket_id': 499, 'cid': 'sha256:50c38f8941a8e261133198b0e19bc2528a0f64b62f5cd7beeb34005826ae445c'}",mock
0x6c3c9b048d15c273ef5287d86db1561b27c9cd890e3b7f697e4e320dbdb31183,86000,1,TicketReserved,"{'model_id': 'model_mnist_784_noniid', 'round': 9, 'ticket_id': 500, 'owner': 'acct_50'}",mock
0x28f8b4492ee08f0a84517e3ce709d30fefb7847e6a5bc86016657a5a0ec2a27f,93000,1,UpdatePublished,"{'model_id': 'model_mnist_784_noniid', 'round': 9, 'ticket_id': 500, 'cid': 'sha256:71cd8fc12138a78e10e616e313ad3a4433cb76f93067f173477c122aa9a96d60'}",mock
0x67927fcdb2c01089abf6fc3b0d612ac02bd8eaaa9811d1e94a94780a8b0d5cae,1125000,1,RoundFinalized,"{'model_id': 'model_mnist_784_noniid', 'round': 9, 'included': 50, 'refunds': 50}",mock
0x202c9f8463a9485d2d93c72308ecea5ea9158fdb33f5f01136b7451c1fa93243,52000,1,RoundFunded,"{'model_id': 'model_mnist_784_noniid', 'amount_wei': 10000000000000000}",mock
0x875f0c76dd50a933b676e2d6eadefe86f6cb7241ce56f95d60ad3a87865b0792,86000,1,TicketReserved,"{'model_id': 'model_mnist_784_noniid', 'round': 10, 'ticket_id': 501, 'owner': 'acct_1'}",mock
0xaf0a87036e84952ddd709b3a60442e51daf0acd4649f19252bbe03839f682191,93000,1,UpdatePublished,"{'model_id': 'model_mnist_784_noniid', 'round': 10, 'ticket_id': 501, 'cid': 'sha256:0e0f43fdbc09cc0869be6b3b75431e66d53b394a93fb67068e917beaecaefda7'}",mock
0x473c8c96864b8d14d32bfcc76cd9104be5f50660c96986424a6b8c41b5a3bc68,86000,1,TicketReserved,"{'model_id': 'model_mnist_784_noniid', 'round': 10, 'ticket_id': 502, 'owner': 'acct_2'}",mock
0x7d130d5a3eeb76da892bbed65ec0c3b45702110b5de3fc31b2bf4b1e2ef0e487,93000,1,UpdatePublished,"{'model_id': 'model_mnist_784_noniid', 'round': 10, 'ticket_id': 502, 'cid': 'sha256:bb7b8c9a051b8d7584dc918e3ec234ef1e60bb40c72a3b198be24b4e9e6045b2'}",mock
0x8ff38419d0164c5e57cef0a683612e94c04d57391943baf2010d64afd9a620c9,86000,1,TicketReserved,"{'model_id': 'model_mnist_784_noniid', 'round': 10, 'ticket_id': 503, 'owner': 'acct_3'}",mock
0x63820bdca5a16d09bb28f7268f2c435fc3241ac8c00377b739a7670644bffdda,93000,1,UpdatePublished,"{'model_id': 'model_mnist_784_noniid', 'round': 10, 'ticket_id': 503, 'cid': 'sha256:c026ec16620610d86a4f4fcc5e3bb805cfbe73ad51d706d5a69ce3913edd3d48'}",mock
0x35ce2f3fc426e22664943efd95f19d0341d29749e1b9ab6d44a00a46c87d5bdf,86000,1,TicketReserved,"{'model_id': 'model_mnist_784_noniid', 'round': 10, 'ticket_id': 504, 'owner': 'acct_4'}",mock
0x02925e2b541cd1b13f81280e924931735228c9324c917d3cef665b5f3571945b,93000,1,UpdatePublished,"{'model_id': 'model_mnist_784_noniid', 'round': 10, 'ticket_id': 504, 'cid': 'sha256:c369f211618c9d5c737c02a93255c97046f853d3b492eb9ae9ec4951e7930704'}",mock
0xfd9da98c10080881d89b430f2c2abb56d53d4703b271bb0ef77d1edcbb156621,86000,1,TicketReserved,"{'model_id': 'model_mnist_784_noniid', 'round': 10, 'ticket_id': 505, 'owner': 'acct_5'}",mock
0x9591acb7594ac53a64671772662f293e6cef0a7269b8dee3fb744efe28446dd5,93000,1,UpdatePublished,"{'model_id': 'model_mnist_784_noniid', 'round': 10, 'ticket_id': 505, 'cid': 'sha256:e0b5028e8763001eab4dc7d90c7581361422fcb3e9dd2762f9fc13a4381e85c2'}",mock
0xba76594f634c51c035e14c625a06fa79f73fb2950adf043ac8e5c291eb089e22,86000,1,TicketReserved,"{'model_id': 'model_mnist_784_noniid', 'round': 10, 'ticket_id': 506, 'owner': 'acct_6'}",mock
0x24a086693ab36894f80368b501f640b9ef4a8013ec92bb62b8edbb7c44773409,93000,1,UpdatePublished,"{'model_id': 'model_mnist_784_noniid', 'round': 10, 'ticket_id': 506, 'cid': 'sha256:80518eb41254a22c2c99291d2d08c56386664c1b36b802343a8d482544293ff8'}",mock
0x2e3f6a35346ade821a0fa0b6a0181c3bd87efdcdf8e576ecce081c1078fd923c,86000,1,TicketReserved,"{'model_id': 'model_mnist_784_noniid', 'round': 10, 'ticket_id': 507, 'owner': 'acct_7'}",mock
0x2a53b289cb66aa2dff24adde0341f5d26a2fe0bbd81486ba077b182c2daef392,93000,1,UpdatePublished,"{'model_id': 'model_mnist_784_noniid', 'round': 10, 'ticket_id': 507, 'cid': 'sha256:3553f80b4c068fe61870aa9ee5d76c30c1236a49c66fb1b70e474e512f7564d5'}",mock
0x27a70b648990df3ed81bffca1bd0b9c840c1f675a74fa8976395d743ddd827e0,86000,1,TicketReserved,"{'model_id': 'model_mnist_784_noniid', 'round': 10, 'ticket_id': 508, 'owner': 'acct_8'}",mock
0xc55449a9e2a0620120c8e879740e1d1782b52d4c130274992984ca5198e20a7c,93000,1,UpdatePublished,"{'model_id': 'model_mnist_784_noniid', 'round': 10, 'ticket_id': 508, 'cid': 'sha256:9906aab957682b08f14ede9c954056b48108236e6e81565a808e443564cd3dd1'}",mock
0x4ed4456f975d9dd64dd8e15e0f1b53d59703e59b50656ddfe95d794fc09ab6a0,86000,1,TicketReserved,"{'model_id': 'model_mnist_784_noniid', 'round': 10, 'ticket_id': 509, 'owner': 'acct_9'}",mock
0x4328983658ba92671791625fe23de811f27502ecb3c0da894e0cdd97f2032cb3,93000,1,UpdatePublished,"{'model_id': 'model_mnist_784_noniid', 'round': 10, 'ticket_id': 509, 'cid': 'sha256:161c3e3dc296f88c90284df064c07b0a33911ee336b32c62098bb2563d14a605'}",mock
0x469739b4028968d77c20c90fbbab3b24bd924fc420e3459ee4873d06c8aac5fc,86000,1,TicketReserved,"{'model_id': 'model_mnist_784_noniid', 'round': 10, 'ticket_id': 510, 'owner': 'acct_10'}",mock
0x49a6503cd046e0754cf3c9b6a3d873a395700b34e79a024b9f61da1ce59975ad,93000,1,UpdatePublished,"{'model_id': 'model_mnist_784_noniid', 'round': 10, 'ticket_id': 510, 'cid': 'sha256:5f7f8755ff782a5a8348d01d6a09d9c5cc2a50b27bcca1bb7b261cfd7a92f61d'}",mock
0xc97b4a201e2a60d37cce3cbb886c41eb4615681c955feeae30892214d2ae9ab7,86000,1,TicketReserved,"{'model_id': 'model_mnist_784_noniid', 'round': 10, 'ticket_id': 511, 'owner': 'acct_11'}",mock
0x9e985efb64617d95ae41bbcfa12554e6e74490cff204d49d8c16d8cf4edbbbf2,93000,1,UpdatePublished,"{'model_id': 'model_mnist_784_noniid', 'round': 10, 'ticket_id': 511, 'cid': 'sha256:4b0c5c16ca4d8db8c3efbb08642c03469ba18f76d409448db80cadad0836ef82'}",mock
0x32f68109ad6866a5f7eada10d2619da35db61b55418a4b4e7fe73033ea59ff6f,86000,1,TicketReserved,"{'model_id': 'model_mnist_784_noniid', 'round': 10, 'ticket_id': 512, 'owner': 'acct_12'}",mock
0x989d42e16877c892e124b75adf8aaf571ed27a5c623d5a1fe4fbd3b172842cd4,93000,1,UpdatePublished,"{'model_id': 'model_mnist_784_noniid', 'round': 10, 'ticket_id': 512, 'cid': 'sha256:68791f9f971d9f6a3ee425a19df55c13df7dd7258346c9e7cf1e9a0852b41d5d'}",mock
0x097d43385f1b29cb30e7c9713f44c019a190c449ef7823a9de17ebbc5a60eba1,86000,1,TicketReserved,"{'model_id': 'model_mnist_784_noniid', 'round': 10, 'ticket_id': 513, 'owner': 'acct_13'}",mock
0x9e688ae4791cc862a549606bfc493e92e5ea12e3a55d906a214daaaf8de05769,93000,1,UpdatePublished,"{'model_id': 'model_mnist_784_noniid', 'round': 10, 'ticket_id': 513, 'cid': 'sha256:d90cb8aad53201ae618af8b78ed17fa7a37fa9992bec8f8847dd91b420c3be3a'}",mock
0xba967c8f03525e5982ce90da9f3eaa007c8a0c2f1d3db95c376e4f64e4e822b4,86000,1,TicketReserved,"{'model_id': 'model_mnist_784_noniid', 'round': 10, 'ticket_id': 514, 'owner': 'acct_14'}",mock
0x13f33873f96146b21c9fcab564aff67db28eab16eee860a21951ff36586a3649,93000,1,UpdatePublished,"{'model_id': 'model_mnist_784_noniid', 'round': 10, 'ticket_id': 514, 'cid': 'sha256:35b2cdc5dbc4f66b83adfabb748534b9ae8635d92165162484148c5c0698ece0'}",mock
0xc2cd6875603f91a154baacbaf5a7512e55e6edd8a1c80352bc0ae10f0f3aff44,86000,1,TicketReserved,"{'model_id': 'model_mnist_784_noniid', 'round': 10, 'ticket_id': 515, 'owner': 'acct_15'}",mock
0x0ce5319f114d17ef6ac6535d442b00693ec84a6dca1f08fee1ddfc544d350f4b,93000,1,UpdatePublished,"{'model_id': 'model_mnist_784_noniid', 'round': 10, 'ticket_id': 515, 'cid': 'sha256:f8190c55ae36d586a49f084cb6539f141dcabf1719c454d5f681dd5038556daf'}",mock
0xfb30a5ea3cc62b92b988410c97b2e70d7acbe20a3c2f5d8924d1d1a45950faee,86000,1,TicketReserved,"{'model_id': 'model_mnist_784_noniid', 'round': 10, 'ticket_id': 516, 'owner': 'acct_16'}",mock
0x94127d5458dacb8a779cc7a4075e6d03083d97417d4a3e92adfaafdaafa3f983,93000,1,UpdatePublished,"{'model_id': 'model_mnist_784_noniid', 'round': 10, 'ticket_id': 516, 'cid': 'sha256:a5f8c682539e9d332f827ead53a33635a8bed26c68d5412db9224aae4a0c5203'}",mock
0x877927d5cad941adeda3cce0dbc010efb93f89426dce8c0538f3def57d062851,86000,1,TicketReserved,"{'model_id': 'model_mnist_784_noniid', 'round': 10, 'ticket_id': 517, 'owner': 'acct_17'}",mock
0x05e75e6739fa1737d4e7cc8d7f067ec7fd2fd421517ccbd390e65e7506343078,93000,1,UpdatePublished,"{'model_id': 'model_mnist_784_noniid', 'round': 10, 'ticket_id': 517, 'cid': 'sha256:206bc19ea1575132515e30aefc783afb524022071a1fd3b46d2ba1f7346de492'}",mock
0x28c4aaa138c7caea4ecac5701e660965e3fef5dafbcea3b51791931b00912d2a,86000,1,TicketReserved,"{'model_id': 'model_mnist_784_noniid', 'round': 10, 'ticket_id': 518, 'owner': 'acct_18'}",mock
0x2954c7c4ca8d7145e619bde3fd66bcdc1b0aefd122e0c10e4987bc106c8ea5a0,93000,1,UpdatePublished,"{'model_id': 'model_mnist_784_noniid', 'round': 10, 'ticket_id': 518, 'cid': 'sha256:6da0e0803e3fceba17673da180b26735df4776613b5066e4b603b0bf20787eb3'}",mock
0xac59652d87ca08b1db43c02b10d7548e38bfd19ca5bb5231e703863aadd1cfcb,86000,1,TicketReserved,"{'model_id': 'model_mnist_784_noniid', 'round': 10, 'ticket_id': 519, 'owner': 'acct_19'}",mock
0x22fe8a45fe08a6b6bff0040810164045b8497e8b17fca8bf6386da45a7659414,93000,1,UpdatePublished,"{'model_id': 'model_mnist_784_noniid', 'round': 10, 'ticket_id': 519, 'cid': 'sha256:202b1320cbba49819a720f4679bc5873d032212a06a977c8f467afc51c1683f4'}",mock
0x0c04f0bbe5ff898d5e86958d91963a57db5526356fbac08b8316dce34cc4aeca,86000,1,TicketReserved,"{'model_id': 'model_mnist_784_noniid', 'round': 10, 'ticket_id': 520, 'owner': 'acct_20'}",mock
0x28588e353ff1e3a837d0fa99f3cdad32edab47a2a62489db5dd13d9c82faed8d,93000,1,UpdatePublished,"{'model_id': 'model_mnist_784_noniid', 'round': 10, 'ticket_id': 520, 'cid': 'sha256:963075f358ae8d8fa701a7b0d796d348094545fd88926dc1c172687fd4376992'}",mock
0x4dd4b118722a433e5e763d334f5c7bad8a5ac2fa078ef5b8aa27ae25c85d62b8,86000,1,TicketReserved,"{'model_id': 'model_mnist_784_noniid', 'round': 10, 'ticket_id': 521, 'owner': 'acct_21'}",mock
0xd476734928f3a02ed01529bbd84a8f1ffc8146a10423e9d179f17fe899499e02,93000,1,UpdatePublished,"{'model_id': 'model_mnist_784_noniid', 'round': 10, 'ticket_id': 521, 'cid': 'sha256:cb87a500154742fefcbbd80371f9669c1a2af567066a1a9083cea3e4a0584cc3'}",mock
0x40ffca26c3e3e3025120ac308d0dd54d632c270bde54125166bb0e46b709987b,86000,1,TicketReserved,"{'model_id': 'model_mnist_784_noniid', 'round': 10, 'ticket_id': 522, 'owner': 'acct_22'}",mock
0xf639ef0888dc80403668d7a6d885a0bdd3c1cb909d709977304ef123daaa0811,93000,1,UpdatePublished,"{'model_id': 'model_mnist_784_noniid', 'round': 10, 'ticket_id': 522, 'cid': 'sha256:29c74965f3da98a2490acb17d2e3c97784783cb3b5633b4727168492a66acf49'}",mock
0xdd0ccb251a8341988f302ae59c1508a3d8692778e6892d1fd70169b10e47977f,86000,1,TicketReserved,"{'model_id': 'model_mnist_784_noniid', 'round': 10, 'ticket_id': 523, 'owner': 'acct_23'}",mock
0xb07eaec74219521157459fa1d7079b5307237da9bae95cb91cd6b540101753e5,93000,1,UpdatePublished,"{'model_id': 'model_mnist_784_noniid', 'round': 10, 'ticket_id': 523, 'cid': 'sha256:953632329e057078d68f5d8d5fde103b16ac9ab83e69acfb7a166c45bb2936e3'}",mock
0x6415283768edb2a64404299948c6b9a6efb14a18ee709c8b89e11e25bc9a2ff8,86000,1,TicketReserved,"{'model_id': 'model_mnist_784_noniid', 'round': 10, 'ticket_id': 524, 'owner': 'acct_24'}",mock
0xef70fbc8819289e60662c8d869273ba32e0e1d94540c7ea7979ff9cb46387205,93000,1,UpdatePublished,"{'model_id': 'model_mnist_784_noniid', 'round': 10, 'ticket_id': 524, 'cid': 'sha256:0181ba3b7274bdd4fe284774a016dc490ad34a1797b2b52d8560d3744fb19737'}",mock
0x005fed43aaeea03e606ba33703464db93938295fdc1ab7996c0ac19ce7b549eb,86000,1,TicketReserved,"{'model_id': 'model_mnist_784_noniid', 'round': 10, 'ticket_id': 525, 'owner': 'acct_25'}",mock
0x47f55178491f2551368a84af6b282bab979fb49d45a3f652aea8fb13c8082268,93000,1,UpdatePublished,"{'model_id': 'model_mnist_784_noniid', 'round': 10, 'ticket_id': 525, 'cid': 'sha256:0db9c9456e5a46e80a0587596e42821146177a7d0c94bcdfe5bb1a8f831e26ac'}",mock
0xfa9b31d74dca4589b7ace2b94a28041a94de0e67667894cc10a5088540ce5017,86000,1,TicketReserved,"{'model_id': 'model_mnist_784_noniid', 'round': 10, 'ticket_id': 526, 'owner': 'acct_26'}",mock
0x7635ada810e1c281ff1e88e2b18eabc431707599e41e4907023e9cffd5d9e82d,93000,1,UpdatePublished,"{'model_id': 'model_mnist_784_noniid', 'round': 10, 'ticket_id': 526, 'cid': 'sha256:92c58aa428748e28d770b53f730c5fbc480fa21aad40afe0b84a73cb08d91a24'}",mock
0x812bf6df8b6953a8c10bb1d6ed0bdce0617ddd4f92e1799d3d16360ed36e2d40,86000,1,TicketReserved,"{'model_id': 'model_mnist_784_noniid', 'round': 10, 'ticket_id': 527, 'owner': 'acct_27'}",mock
0xd9605adf5df6ae8e713e932cf7fdc315670354b13bee6aeee80c98e01aad2c9a,93000,1,UpdatePublished,"{'model_id': 'model_mnist_784_noniid', 'round': 10, 'ticket_id': 527, 'cid': 'sha256:130ded12c7e57e9fe7c7b3f4ea318aa5f2a5e89e21db48876b28785d40dfcfac'}",mock
0x62dff9a6446aa5490011f4208e5406b561786790e7624a62e23f93aa21715367,86000,1,TicketReserved,"{'model_id': 'model_mnist_784_noniid', 'round': 10, 'ticket_id': 528, 'owner': 'acct_28'}",mock
0x3fc3113f6a232c08125803327a11485cb1394f8090152ef871f48ce55fe82ec1,93000,1,UpdatePublished,"{'model_id': 'model_mnist_784_noniid', 'round': 10, 'ticket_id': 528, 'cid': 'sha256:7b2c41d614e888294b80d2b03c08bb992f8cb9822726773cd18fab6d129dfcc5'}",mock
0xdb87c42248f31187c65ce42aefe87abf0ea0d384c09186b6ffe2ed4435e6c935,86000,1,TicketReserved,"{'model_id': 'model_mnist_784_noniid', 'round': 10, 'ticket_id': 529, 'owner': 'acct_29'}",mock
0xc739337180dd3defa08a277bf79b3bbcf974d3fd40b636db3e3bc9a53a1b9f8b,93000,1,UpdatePublished,"{'model_id': 'model_mnist_784_noniid', 'round': 10, 'ticket_id': 529, 'cid': 'sha256:f118236c6cdee0900a1026acfc56167cafc8e03a93828921151e0024310079a9'}",mock
0x1228260b0ee458e2cbcfb53a54465c447a6015a59e515adca82207423e0ba796,86000,1,TicketReserved,"{'model_id': 'model_mnist_784_noniid', 'round': 10, 'ticket_id': 530, 'owner': 'acct_30'}",mock
0xc0e6410691c5b875cbc1f14380de9dc511b222a7b80290285bae1bb8ef4613a4,93000,1,UpdatePublished,"{'model_id': 'model_mnist_784_noniid', 'round': 10, 'ticket_id': 530, 'cid': 'sha256:cf520e969487c26d6fe1e42f44e6e7fe06158e58555c286eb82d80198d8db426'}",mock
0x98765f69d75e7f300541ebd4112668d5ed1326374f49301bd1e86771283c0888,86000,1,TicketReserved,"{'model_id': 'model_mnist_784_noniid', 'round': 10, 'ticket_id': 531, 'owner': 'acct_31'}",mock
0xcef1a47242e5de3bae137d8a5183b907e033ed0dac3e0e171addd4bad5fde887,93000,1,UpdatePublished,"{'model_id': 'model_mnist_784_noniid', 'round': 10, 'ticket_id': 531, 'cid': 'sha256:07dcca4d14d2a4d99ced10a58138e35e3d85652b303665f200be60aee4bded56'}",mock
0x3c7caed3cf789119474081a7c52cb933315ff7e950e741ec5cb64007344ad89e,86000,1,TicketReserved,"{'model_id': 'model_mnist_784_noniid', 'round': 10, 'ticket_id': 532, 'owner': 'acct_32'}",mock
0x80acc22ac46197ffe1175ff5c613e615dbab925f005bb9ad74e1f7d2144f73d0,93000,1,UpdatePublished,"{'model_id': 'model_mnist_784_noniid', 'round': 10, 'ticket_id': 532, 'cid': 'sha256:a42d1404423203dbd4c51198c8c3fd5655ea8b2645b1938e40b313f0b1a8e110'}",mock
0xdcbb8cfc8eed30f543bdb4b76d09c2bbd9d77b0db01fcc476181158802343ff4,86000,1,TicketReserved,"{'model_id': 'model_mnist_784_noniid', 'round': 10, 'ticket_id': 533, 'owner': 'acct_33'}",mock
0xac24160dfb89d61e8e358a8fb94c3031c1d40f3ba5278527c0cbc9bece238b7b,93000,1,UpdatePublished,"{'model_id': 'model_mnist_784_noniid', 'round': 10, 'ticket_id': 533, 'cid': 'sha256:5674c5c946134490c93170928f9dcce97169c750f396828f34f639d13d8a99c0'}",mock
0xa1bd15040b0cbafe220f3bc467120fcc464b64c50ccde89edf4e8983ea2621d8,86000,1,TicketReserved,"{'model_id': 'model_mnist_784_noniid', 'round': 10, 'ticket_id': 534, 'owner': 'acct_34'}",mock
0x5e67fb7cb6831da56ac735189b609c98d015fb800584aa2bce1b8448c2be63fb,93000,1,UpdatePublished,"{'model_id': 'model_mnist_784_noniid', 'round': 10, 'ticket_id': 534, 'cid': 'sha256:127027e2d16398c17dad3d4aa736a3f0d619bf8827763bc40fae3bb948a6ef3e'}",mock
0xb2149d51496ea065f30f4e41978a1e8d7f1ccf0ee45edab6aecc4a1510933003,86000,1,TicketReserved,"{'model_id': 'model_mnist_784_noniid', 'round': 10, 'ticket_id': 535, 'owner': 'acct_35'}",mock
0x347a05718d73a0004cc9b02182bf9649f67d9239e8f79ecd7f5652cf60a17d4f,93000,1,UpdatePublished,"{'model_id': 'model_mnist_784_noniid', 'round': 10, 'ticket_id': 535, 'cid': 'sha256:d422b4d056fb908e0055ff47d03fac7a20c51d60f5e91f472eeee7c3f5d530e8'}",mock
0xfa49a15bc56d75561778bce88288abe6f8b1d5934cd5e40a44ea53ceae5fcd43,86000,1,TicketReserved,"{'model_id': 'model_mnist_784_noniid', 'round': 10, 'ticket_id': 536, 'owner': 'acct_36'}",mock
0x58ee3cec207e83d2eb8cba7669fd397545bc2d569f734aec699f4b8436fc9cc3,93000,1,UpdatePublished,"{'model_id': 'model_mnist_784_noniid', 'round': 10, 'ticket_id': 536, 'cid': 'sha256:9e6d069dbc904939c4de1b3b3de60c36b5d22c5af504018e509169c794094cd2'}",mock
0xbff13246aaa929f921018cbe0e404a86ff4fefafbb8bc8183e4b30c8be279b4a,86000,1,TicketReserved,"{'model_id': 'model_mnist_784_noniid', 'round': 10, 'ticket_id': 537, 'owner': 'acct_37'}",mock
0x63b2f0c797a80440011a1d2caad7d51262c3b359ae96bcff636abdddaa92ca07,93000,1,UpdatePublished,"{'model_id': 'model_mnist_784_noniid', 'round': 10, 'ticket_id': 537, 'cid': 'sha256:bfd9cfb1e7cc68f239f502dcd97545736b1499d0865fdf132bf4716787fa7178'}",mock
0x24695f00cbee9d0c61212d888250cb54fba96a5b3e4acddf088b88612679dbc8,86000,1,TicketReserved,"{'model_id': 'model_mnist_784_noniid', 'round': 10, 'ticket_id': 538, 'owner': 'acct_38'}",mock
0xc6b42b8063c635c8ad33d71002f480cb8f22f47d5bfa28e745d1b55071403d7e,93000,1,UpdatePublished,"{'model_id': 'model_mnist_784_noniid', 'round': 10, 'ticket_id': 538, 'cid': 'sha256:47c121b28fbf1aeb8f5cd37089e47901a463825ba1a4ecf263747531878de1f0'}",mock
0x316ecb578049321ae46abbe1385407c66bc32b243cfeef90648eab65bf754ca5,86000,1,TicketReserved,"{'model_id': 'model_mnist_784_noniid', 'round': 10, 'ticket_id': 539, 'owner': 'acct_39'}",mock
0x6a2acbcc3bde106100fbe514e98b3e41a3b1478d9e984c2bdd02bcccfff2bdd6,93000,1,UpdatePublished,"{'model_id': 'model_mnist_784_noniid', 'round': 10, 'ticket_id': 539, 'cid': 'sha256:1e85b5a5f9d266fb5146b4c4256e224acad62e10ea274c48c9d37c09467f9b8d'}",mock
0x5f86315195ae41c5f523473a712cd94ae549e9579e579e04ecf3e3bb50323620,86000,1,TicketReserved,"{'model_id': 'model_mnist_784_noniid', 'round': 10, 'ticket_id': 540, 'owner': 'acct_40'}",mock
0xf7e2a93e05c5a0d20fb296a041184a74d2f7d7e3781422a4368ef50c5fc19fb4,93000,1,UpdatePublished,"{'model_id': 'model_mnist_784_noniid', 'round': 10, 'ticket_id': 540, 'cid': 'sha256:937baee1fdf1989dd76dbc68acec355de7256c508e80120d43ce16cf743d8b64'}",mock
0xdfd3a96460610cdc4268a0be763af3f0ef65d1bf8162c2e061ee4e58fdc92ee9,86000,1,TicketReserved,"{'model_id': 'model_mnist_784_noniid', 'round': 10, 'ticket_id': 541, 'owner': 'acct_41'}",mock
0x3915c112446f49be0097001687dcf5fca2033acff7b8e2d2d8cf493d4385bf10,93000,1,UpdatePublished,"{'model_id': 'model_mnist_784_noniid', 'round': 10, 'ticket_id': 541, 'cid': 'sha256:42bed870e4ed4b686e78b8d7f7b75fd0150b4e27bd38f41fdf7a381096788773'}",mock
0x259e3014624113d86763d52447039418614fae92fec307f7dbc218ce3289739c,86000,1,TicketReserved,"{'model_id': 'model_mnist_784_noniid', 'round': 10, 'ticket_id': 542, 'owner': 'acct_42'}",mock
0x24d26cf0a6c5327ce0e043a84e4d12a499b0312499370ecf85d3dff81c9a902a,93000,1,UpdatePublished,"{'model_id': 'model_mnist_784_noniid', 'round': 10, 'ticket_id': 542, 'cid': 'sha256:c2c901a6094aca810d078a74391febd97f7eab008894bf9935b745f09ebe312f'}",mock
0xc9833e75de473968a92c236dd63a2d58d28ef4335df6b9a17606afdea9301f93,86000,1,TicketReserved,"{'model_id': 'model_mnist_784_noniid', 'round': 10, 'ticket_id': 543, 'owner': 'acct_43'}",mock
0x4be13abc75d41f0ad40a4e6e79322b23a0e966d8b32285d4d8938cfce7e9d164,93000,1,UpdatePublished,"{'model_id': 'model_mnist_784_noniid', 'round': 10, 'ticket_id': 543, 'cid': 'sha256:194c4b0cfe550e98035f9b35088ef5354badec17a37d3a166b91188ab980b88d'}",mock
0xd71c18cd9cc8cad2ba9a4fed633ed0e9f399baa9651345ed612f76c9ed425c20,86000,1,TicketReserved,"{'model_id': 'model_mnist_784_noniid', 'round': 10, 'ticket_id': 544, 'owner': 'acct_44'}",mock
0x19b42375db03b97804be553e43aff75d2a5394209dc60270365b7dc4cb91b1d8,93000,1,UpdatePublished,"{'model_id': 'model_mnist_784_noniid', 'round': 10, 'ticket_id': 544, 'cid': 'sha256:cfa8bff6be2ddb965bb41d645f44671e135565ec3faa88f8605c25dd14b869b8'}",mock
0x283ee33d5eaacd27e06cab2b63bc1127f840cc1caa6043a38b595964f371297e,86000,1,TicketReserved,"{'model_id': 'model_mnist_784_noniid', 'round': 10, 'ticket_id': 545, 'owner': 'acct_45'}",mock
0xbb7cb214c53804974855305239c746305f2f3eb804b8a9bae1f17f0407782443,93000,1,UpdatePublished,"{'model_id': 'model_mnist_784_noniid', 'round': 10, 'ticket_id': 545, 'cid': 'sha256:90ba96986a5821ed10770b0940539e2f2faf00338d59004da48d4aa8675b45a2'}",mock
0x3e70149b9fc8b18504071b9288a2752e32adb7057e90aad6c84ceb92c375da16,86000,1,TicketReserved,"{'model_id': 'model_mnist_784_noniid', 'round': 10, 'ticket_id': 546, 'owner': 'acct_46'}",mock
0xb541474477cad867ba85b36ca557da22f341bf52d7c0f10a59044134a13dc3fe,93000,1,UpdatePublished,"{'model_id': 'model_mnist_784_noniid', 'round': 10, 'ticket_id': 546, 'cid': 'sha256:021487b4ab4507cd9f2b9d8d05059a8644820e1fae3c484ad94b6c76bb371f58'}",mock
0x6aad107f8a7e398de9b7e7b1d98234d670d5aba68eaca20b10fa254f9bd81b11,86000,1,TicketReserved,"{'model_id': 'model_mnist_784_noniid', 'round': 10, 'ticket_id': 547, 'owner': 'acct_47'}",mock
0x3017426be35d33270fa2f430899e873a5483c137f64cbcaa7654818d6169e4a3,93000,1,UpdatePublished,"{'model_id': 'model_mnist_784_noniid', 'round': 10, 'ticket_id': 547, 'cid': 'sha256:920f6e7f64e2c49137430c592a3593c89175e371fb7395ab56ba51e9114986ae'}",mock
0x92a603203e5abff3cb7a427c5122e25711920ad03ce903954b76822254f36896,86000,1,TicketReserved,"{'model_id': 'model_mnist_784_noniid', 'round': 10, 'ticket_id': 548, 'owner': 'acct_48'}",mock
0xbbc16a0e63303b028573edde19d768385a25181823a46778115e1cd7c0a97fc0,93000,1,UpdatePublished,"{'model_id': 'model_mnist_784_noniid', 'round': 10, 'ticket_id': 548, 'cid': 'sha256:08641d45e0764fbaf0ea0c998d79f03f657ee0b4d1faddcc2393f025e8c7bdfa'}",mock
0xd7d4935048c96f7a7778b75c41188ec147f7801e1ca1df8e9c44b1c4f4215c96,86000,1,TicketReserved,"{'model_id': 'model_mnist_784_noniid', 'round': 10, 'ticket_id': 549, 'owner': 'acct_49'}",mock
0xe1b1572338f886f078d6c91612f8f64365b4a1b13dedbd10e694e1a5bebabb3a,93000,1,UpdatePublished,"{'model_id': 'model_mnist_784_noniid', 'round': 10, 'ticket_id': 549, 'cid': 'sha256:1f94e2bd04d18011b448076d19585d98754b50d4c8cddf7170b394ce83ba0b39'}",mock
0x848daebe089f6738a99d30a76619f98015e909be03ea763de950ece1dc0290a2,86000,1,TicketReserved,"{'model_id': 'model_mnist_784_noniid', 'round': 10, 'ticket_id': 550, 'owner': 'acct_50'}",mock
0x604fe383c0b333ce0f780a8370ab119885bc912753101663e112ec5f6c6e86a9,93000,1,UpdatePublished,"{'model_id': 'model_mnist_784_noniid', 'round': 10, 'ticket_id': 550, 'cid': 'sha256:d6baaf69aca994b171fff7b4b45f010bb5118c92a4a75bfaf4064438a32e152d'}",mock
0xfe133b4de87d44811613c8ec1cd82b8cfb7d95ffc8e1444f06fcc5ee19207eeb,1125000,1,RoundFinalized,"{'model_id': 'model_mnist_784_noniid', 'round': 10, 'included': 50, 'refunds': 50}",mock
0x536d8f5d4ff59526776a14afbd4e8d95244ae0d52c3d15b416b2f5635f17c48d,52000,1,RoundFunded,"{'model_id': 'model_mnist_784_noniid', 'amount_wei': 10000000000000000}",mock
0x002415f51041305e157c3cda22e7c80fe40d388014a2650089576447c3781b9d,86000,1,TicketReserved,"{'model_id': 'model_mnist_784_noniid', 'round': 11, 'ticket_id': 551, 'owner': 'acct_1'}",mock
0x73e66aa0a612a7dd6f7d82e7cda2405167644672cfc88cd88a86d08adc677a9e,93000,1,UpdatePublished,"{'model_id': 'model_mnist_784_noniid', 'round': 11, 'ticket_id': 551, 'cid': 'sha256:fd5f58a12d59fcfd29dc1abfe2fca87576ab29b8b2a77a99526cc57282bafb40'}",mock
0xd59d725438062d511be603a5f4a14af4e07333122d72ffdcecac14185eeb87bd,86000,1,TicketReserved,"{'model_id': 'model_mnist_784_noniid', 'round': 11, 'ticket_id': 552, 'owner': 'acct_2'}",mock
0x28727c89253420acca9dd7be605a9ef19e77c8bac16c1e90ab6397c1d073b8f1,93000,1,UpdatePublished,"{'model_id': 'model_mnist_784_noniid', 'round': 11, 'ticket_id': 552, 'cid': 'sha256:f9ba6400161bf6bf0edbc40bfd283d56086139781699ce1beb68bf69dcbcf2ef'}",mock
0x2b41d42ed7e1491d43815b455f5d79b10984cd942bbc436329dc4cfbdfaa1d1e,86000,1,TicketReserved,"{'model_id': 'model_mnist_784_noniid', 'round': 11, 'ticket_id': 553, 'owner': 'acct_3'}",mock
0x3c6ea83269545277e935e670ed50c246abba7a575acfcfd3936fbe6669ed185f,93000,1,UpdatePublished,"{'model_id': 'model_mnist_784_noniid', 'round': 11, 'ticket_id': 553, 'cid': 'sha256:b33ffb1447fca9587a69e7ff55511965ff0c87f105f1c93a1c5cc499dfcde598'}",mock
0x2448857856bdbca0348073f5fb9c625ced7e2460ca54f84a37a81bac985c5823,86000,1,TicketReserved,"{'model_id': 'model_mnist_784_noniid', 'round': 11, 'ticket_id': 554, 'owner': 'acct_4'}",mock
0xfb6555d734ad604d86edc15a0fa10f9a70c1275804b9113aabe9544dfe34e577,93000,1,UpdatePublished,"{'model_id': 'model_mnist_784_noniid', 'round': 11, 'ticket_id': 554, 'cid': 'sha256:9c25f8684b7933059dba561f628c14f043fdfa422c77429bf9be666722a9c1e4'}",mock
0xd51779fa4e29f4266d1c39519e02e53253fe60b3e2ebb2a28ccab3495c0b0649,86000,1,TicketReserved,"{'model_id': 'model_mnist_784_noniid', 'round': 11, 'ticket_id': 555, 'owner': 'acct_5'}",mock
0x270294d5ae0be92ecffb5767e86cf74a112380293cc5e02584117f747b926286,93000,1,UpdatePublished,"{'model_id': 'model_mnist_784_noniid', 'round': 11, 'ticket_id': 555, 'cid': 'sha256:220d567a342f8003e2c02508f5e3bc6483c9568e9377c4173001022ab4e08c92'}",mock
0xf5078e52e05fb6026978e702a98d98a4bd0d1bfe749828ca96df51129f65dcec,86000,1,TicketReserved,"{'model_id': 'model_mnist_784_noniid', 'round': 11, 'ticket_id': 556, 'owner': 'acct_6'}",mock
0x734919da7757c4b452a6c7cd38c70f8808ad2f95fe76f604d502faf45d009483,93000,1,UpdatePublished,"{'model_id': 'model_mnist_784_noniid', 'round': 11, 'ticket_id': 556, 'cid': 'sha256:397e9472f5477c2462936d8cb9289b28fa770b7dbd6fc9b22f678ba31e5029b0'}",mock
0xbb30e187d30f3005cb1870ef8a75b080fa8cdf4f6b1fff9f39da98b8f5429933,86000,1,TicketReserved,"{'model_id': 'model_mnist_784_noniid', 'round': 11, 'ticket_id': 557, 'owner': 'acct_7'}",mock
0xd8137f58f61f4b2332da3e862fbe783fcdce977c20293f5f67f14bc78508f110,93000,1,UpdatePublished,"{'model_id': 'model_mnist_784_noniid', 'round': 11, 'ticket_id': 557, 'cid': 'sha256:13280d111ee11e7deec84aa98173fe0419da71ff116eccdb0382069a9b6f6752'}",mock
0xf62ce0cd415d03f4c058431fd54f575e66ad56779118fab95627478736a7d031,86000,1,TicketReserved,"{'model_id': 'model_mnist_784_noniid', 'round': 11, 'ticket_id': 558, 'owner': 'acct_8'}",mock
0x934eff71d6b0e03c7cb12e81989768c53e17c5bf265335ae1d5a6940e43678d3,93000,1,UpdatePublished,"{'model_id': 'model_mnist_784_noniid', 'round': 11, 'ticket_id': 558, 'cid': 'sha256:ac87ba058692bc31cbf4a210d79603b401cdb7d403f99412532e7509d74a22f1'}",mock
0xec4a2922caa32420cb90aa3c9cdc71efd56d05abf595867240d96f0365f2bb51,86000,1,TicketReserved,"{'model_id': 'model_mnist_784_noniid', 'round': 11, 'ticket_id': 559, 'owner': 'acct_9'}",mock
0x9466aa5d52c7a459a113bc20dc26b7c26bb6bb201ab61e435f313cbb826bbc2a,93000,1,UpdatePublished,"{'model_id': 'model_mnist_784_noniid', 'round': 11, 'ticket_id': 559, 'cid': 'sha256:4584f340464912023aa7caba78874d98380f784b3fbc783eb491bb557fe047a7'}",mock
0x9a24f6d42b23be7f01192f0739048ebb189ca718b1aa4bf1cee955f690ec35b7,86000,1,TicketReserved,"{'model_id': 'model_mnist_784_noniid', 'round': 11, 'ticket_id': 560, 'owner': 'acct_10'}",mock
0xb4087a545135e7fee50935e52cc8c1130b7f5e77eb27e4a45273dc83bdb3a216,93000,1,UpdatePublished,"{'model_id': 'model_mnist_784_noniid', 'round': 11, 'ticket_id': 560, 'cid': 'sha256:6e20f85844549a82efe587343c20d5a5cd7d316acb16d48bc0788e28990873f7'}",mock
0x539ea12aa3ee27d195c1bdf60f79e1929d5eacca29eaab93d21f17fc5d63126a,86000,1,TicketReserved,"{'model_id': 'model_mnist_784_noniid', 'round': 11, 'ticket_id': 561, 'owner': 'acct_11'}",mock
0x6bd897f118bf5e206fba991c0abb80f22ad8fbb761e5c4d7981226edd104e233,93000,1,UpdatePublished,"{'model_id': 'model_mnist_784_noniid', 'round': 11, 'ticket_id': 561, 'cid': 'sha256:ac7296cb06750fd3e8a6d0cc5f4d5e159cb3bd62e836365a33e31bf2f262c13b'}",mock
0xe299356fff3a8a2925a607afcbf25cb187ef7ae188eb1c84d9d4487f2148f93f,86000,1,TicketReserved,"{'model_id': 'model_mnist_784_noniid', 'round': 11, 'ticket_id': 562, 'owner': 'acct_12'}",mock
0xb56de33584cb7bb786704aa275011d7851e183b12b51d4bb328abd53ab2605c0,93000,1,UpdatePublished,"{'model_id': 'model_mnist_784_noniid', 'round': 11, 'ticket_id': 562, 'cid': 'sha256:f358f4ec46c75b0f51b4c18f118652f955586f825bff12d30c7aaff2164e2508'}",mock
0x6ae9612a3b6291aaa73fd3585d23290dc745b8f0cdb0e51239c24f2621d7a0c5,86000,1,TicketReserved,"{'model_id': 'model_mnist_784_noniid', 'round': 11, 'ticket_id': 563, 'owner': 'acct_13'}",mock
0xc7c568b15481cbe4532d6f97a5354bccb6259c0139331afccb575e4253eff0b6,93000,1,UpdatePublished,"{'model_id': 'model_mnist_784_noniid', 'round': 11, 'ticket_id': 563, 'cid': 'sha256:a14d244549e078c0fb761645effccda851571788c15d946fb805ba2063d6016d'}",mock
0xbaf6839e3262d2a5707667afbcfa05a04da5857c4d7fa903cb8293fec7ddf682,86000,1,TicketReserved,"{'model_id': 'model_mnist_784_noniid', 'round': 11, 'ticket_id': 564, 'owner': 'acct_14'}",mock
0x326676db740a0f643898039686ae3c6ebc8726e200b089705f883c4c415cdda5,93000,1,UpdatePublished,"{'model_id': 'model_mnist_784_noniid', 'round': 11, 'ticket_id': 564, 'cid': 'sha256:517d1559ed7c3846c5ea1dee2aaa6c6f42f9587937e8670c5a99b127049c4bf1'}",mock
0xadb34e781abac1bb5c5d1e37fb5d9b6ccadeb543df53581394a3819dbd1201d6,86000,1,TicketReserved,"{'model_id': 'model_mnist_784_noniid', 'round': 11, 'ticket_id': 565, 'owner': 'acct_15'}",mock
0x1070b1944d96bdd92280011d07ab4b52e6ca406fbb75df96ec14b09093091863,93000,1,UpdatePublished,"{'model_id': 'model_mnist_784_noniid', 'round': 11, 'ticket_id': 565, 'cid': 'sha256:69365f99ccc944889c603aeae144b5ae6cd8b5d3042db67a5cd4b6cbbc804980'}",mock
0x38a2725349c97fc2528e38b98c50e57bdba0c16680da23abe5ab01a59e2f2584,86000,1,TicketReserved,"{'model_id': 'model_mnist_784_noniid', 'round': 11, 'ticket_id': 566, 'owner': 'acct_16'}",mock
0x7a4833dfd0242e810d7e6d2a446773ea65986b93c5402929675424d4f2429338,93000,1,UpdatePublished,"{'model_id': 'model_mnist_784_noniid', 'round': 11, 'ticket_id': 566, 'cid': 'sha256:f1702d162892a88edff89f3675b9092c142817fcdbf63c734d42afa93e81c696'}",mock
0xececd2b28cb7482ae84b713b40de82245937788a53cd32efba59f110ba69dc58,86000,1,TicketReserved,"{'model_id': 'model_mnist_784_noniid', 'round': 11, 'ticket_id': 567, 'owner': 'acct_17'}",mock
0x4da28968a2eec0e2e74289c7818450cd91b86ae2824a26cd5700d4b8ea91adfb,93000,1,UpdatePublished,"{'model_id': 'model_mnist_784_noniid', 'round': 11, 'ticket_id': 567, 'cid': 'sha256:d3ee81f66673de840d368942e4030def966a16eafb75c8f4040ef10749220e42'}",mock
0xb6799a468b1a68489dbee2e9d339d0fa8ad18eee8e316ad10fff8bdb7fc69208,86000,1,TicketReserved,"{'model_id': 'model_mnist_784_noniid', 'round': 11, 'ticket_id': 568, 'owner': 'acct_18'}",mock
0x802c28c71155df2a248a2d5a8384105f7fa72c31709bf22fd053e63ee76b43b8,93000,1,UpdatePublished,"{'model_id': 'model_mnist_784_noniid', 'round': 11, 'ticket_id': 568, 'cid': 'sha256:ffe6321f3f2314f3125bc181aea9cb12403e14b0dfdba8a2ba6bcbba64992bce'}",mock
0xe35bf58b581d836f04c9b95ec86c16f52ee4710bf792dc0535d63580306502b0,86000,1,TicketReserved,"{'model_id': 'model_mnist_784_noniid', 'round': 11, 'ticket_id': 569, 'owner': 'acct_19'}",mock
0xe4ba7c29f620a4aac3f64b99f2ae648bdb382e147e8824c61859e0e53cde48fd,93000,1,UpdatePublished,"{'model_id': 'model_mnist_784_noniid', 'round': 11, 'ticket_id': 569, 'cid': 'sha256:311351b10a952908e3e6179d54f39d8d0f4ac641628a7bb578001e8769dd7387'}",mock
0x5b47c1e7d0c89e3484376f4448bc35c58aa01e89754784744c6f9bb28450e71f,86000,1,TicketReserved,"{'model_id': 'model_mnist_784_noniid', 'round': 11, 'ticket_id': 570, 'owner': 'acct_20'}",mock
0xc2f78c038971ce13f151d9ce056c66db0ca70d7a0ddcc20a69319bc6d6b408eb,93000,1,UpdatePublished,"{'model_id': 'model_mnist_784_noniid', 'round': 11, 'ticket_id': 570, 'cid': 'sha256:41d85131fec21ff687cc7632a81be74dc698b98d0974784424cb60603e570ee8'}",mock
0x9ac8e1d8db1205a7e7d9e68310ea05c382219c58c6f40229a8e1de5db717d065,86000,1,TicketReserved,"{'model_id': 'model_mnist_784_noniid', 'round': 11, 'ticket_id': 571, 'owner': 'acct_21'}",mock
0xf9015f00bf176b3f96f957dee31a344039396c85894040db9ab7aee75602fbaa,93000,1,UpdatePublished,"{'model_id': 'model_mnist_784_noniid', 'round': 11, 'ticket_id': 571, 'cid': 'sha256:7fe38dd0611a0107ab393b24f9419750b97201db63940c6bd977abe35562d8f6'}",mock
0x34f309a4795811cc68a7693b0f6a6318677ae5c4bf5b85a7a4d43c7ebf48cf07,86000,1,TicketReserved,"{'model_id': 'model_mnist_784_noniid', 'round': 11, 'ticket_id': 572, 'owner': 'acct_22'}",mock
0xaf1b28851c7265dbe6209f013b1cf7b1c2bb991f4f31fed389ced7b0812019be,93000,1,UpdatePublished,"{'model_id': 'model_mnist_784_noniid', 'round': 11, 'ticket_id': 572, 'cid': 'sha256:d898a5b07818591d40633192d9fd3cd82c025a59ba8b18f55e74223e96ce4a5e'}",mock
0x8f49dc11056213007b2d26cdba21a4168691de6877139a84a2caea915d312f72,86000,1,TicketReserved,"{'model_id': 'model_mnist_784_noniid', 'round': 11, 'ticket_id': 573, 'owner': 'acct_23'}",mock
0x889d46982557852b49f3ce39800a3bfa69abbb609e8d03b9431e2767986a73f6,93000,1,UpdatePublished,"{'model_id': 'model_mnist_784_noniid', 'round': 11, 'ticket_id': 573, 'cid': 'sha256:7f017062b109f42ee34aaea7fef6205c2247deb9990b52436c543cc6a26e33d3'}",mock
0x738093fa9b54bd4b6b661a3cdf8b5d38e1dde71853a5d0e3b255e0ebd0e57e96,86000,1,TicketReserved,"{'model_id': 'model_mnist_784_noniid', 'round': 11, 'ticket_id': 574, 'owner': 'acct_24'}",mock
0x31669d87c48e1a643c59c03770e681a701af758e7b9e7140414a35c45657daa6,93000,1,UpdatePublished,"{'model_id': 'model_mnist_784_noniid', 'round': 11, 'ticket_id': 574, 'cid': 'sha256:113a2e371b28dcedbef1b16957b0dfd7d038ec4657ea9c87a4dbe530245d7658'}",mock
0x9338b2e2b9573023b167200e6887886b1f1473f4d89c347c0d06ab10e4d082a7,86000,1,TicketReserved,"{'model_id': 'model_mnist_784_noniid', 'round': 11, 'ticket_id': 575, 'owner': 'acct_25'}",mock
0xed8446ee65802b38633a69ee77f7ee5177d9cdf6d4d9dd61a03ad901a2653417,93000,1,UpdatePublished,"{'model_id': 'model_mnist_784_noniid', 'round': 11, 'ticket_id': 575, 'cid': 'sha256:2d24062ddfc476aad35def3e4a8f9ba8dd1e8b7821e5e578f94a97e69cc7e893'}",mock
0x55a57b28a16c50ec3f6e659bfbfdca7695a18e5965d349ca02d6c1e3257c782a,86000,1,TicketReserved,"{'model_id': 'model_mnist_784_noniid', 'round': 11, 'ticket_id': 576, 'owner': 'acct_26'}",mock
0xa8ed5ea159de6320ccf90657fcd1400a3a9feba0a4faa544c6f38f18b1bf5017,93000,1,UpdatePublished,"{'model_id': 'model_mnist_784_noniid', 'round': 11, 'ticket_id': 576, 'cid': 'sha256:46216bf8178d97d82c111984b23b64e63ad83499bc5622b5b158bf6fbe0534b6'}",mock
0x017d0bf210ad2165da13871f2409a6e7485d1fd967d720b9e10ee775265a15b9,86000,1,TicketReserved,"{'model_id': 'model_mnist_784_noniid', 'round': 11, 'ticket_id': 577, 'owner': 'acct_27'}",mock
0x14646981fcbf9cd38825851cd6a232b7d29ae6b5fddb5a7189f1ebc9183d3c2d,93000,1,UpdatePublished,"{'model_id': 'model_mnist_784_noniid', 'round': 11, 'ticket_id': 577, 'cid': 'sha256:73846e82c4d1216b38304e1ba3c79206162f7877bafe4873a1b910d6b6160fc4'}",mock
0x97dbd24330112e2f9c3717241b48b3ba9dd9c4670a40cc64b418c63a631dc8f4,86000,1,TicketReserved,"{'model_id': 'model_mnist_784_noniid', 'round': 11, 'ticket_id': 578, 'owner': 'acct_28'}",mock
0x8e346c7734f2a0daf0fb7f67fd3d7116f64096d3837e45a665efc47b775526e2,93000,1,UpdatePublished,"{'model_id': 'model_mnist_784_noniid', 'round': 11, 'ticket_id': 578, 'cid': 'sha256:ed299005ea3e9474cb33876ab356a33a2878729d18167d613fc0f137c3edd475'}",mock
0xd252ec5e0bfad401f41a4b279062188bb1d58fa31e8b827ebc172383eb48de87,86000,1,TicketReserved,"{'model_id': 'model_mnist_784_noniid', 'round': 11, 'ticket_id': 579, 'owner': 'acct_29'}",mock
0xb4eff17004519b2770e25a9c95c32d935979764c2c3c804c3cd07788c6539f40,93000,1,UpdatePublished,"{'model_id': 'model_mnist_784_noniid', 'round': 11, 'ticket_id': 579, 'cid': 'sha256:806eac9e09bcd158e0d1b6cb33872f5fd5c316db6557aad3685e3ffbdc20728c'}",mock
0x511061fb450b6d0698e2a80f590ba2f990d976abeb3f34e4d83a019bddb2fdbb,86000,1,TicketReserved,"{'model_id': 'model_mnist_784_noniid', 'round': 11, 'ticket_id': 580, 'owner': 'acct_30'}",mock
0xbc693f51bc4ee48753f1e99d464016249733715e4a8fe9421650aaa136623940,93000,1,UpdatePublished,"{'model_id': 'model_mnist_784_noniid', 'round': 11, 'ticket_id': 580, 'cid': 'sha256:bdcebe37e83c5cafd1822666805aee8096f69a6c4a514c808c9e0025d003f288'}",mock
0xa19a5d5a73f7ef9c794f19cb265ec9e38eb2261a5bcecd1d93fd53c56430220b,86000,1,TicketReserved,"{'model_id': 'model_mnist_784_noniid', 'round': 11, 'ticket_id': 581, 'owner': 'acct_31'}",mock
0x016df98cecea0376973f5ff746ad4016ee52ad31104cf43b26f7fa016b04425a,93000,1,UpdatePublished,"{'model_id': 'model_mnist_784_noniid', 'round': 11, 'ticket_id': 581, 'cid': 'sha256:91aa952267b22bf4daeeb4b5bc48f304e086df24902674e284cc82719f6dc344'}",mock
0x46ef136284eaa1a2cd7a05f3a2db785ede7fc5bcf4fbee90f4f5029411f6cdb9,86000,1,TicketReserved,"{'model_id': 'model_mnist_784_noniid', 'round': 11, 'ticket_id': 582, 'owner': 'acct_32'}",mock
0x49c0bd3b6148919a2ae1ea293ae8e839ad809fce6d92a67f11b086944674466b,93000,1,UpdatePublished,"{'model_id': 'model_mnist_784_noniid', 'round': 11, 'ticket_id': 582, 'cid': 'sha256:1793414c848e1e88d59eeaa88db89590d1ff22edba3db099eec37c6f127cef1b'}",mock
0xce93ece226b4f78d1aa376355c6076b44915626054ffa2da396683e8c206c8b1,86000,1,TicketReserved,"{'model_id': 'model_mnist_784_noniid', 'round': 11, 'ticket_id': 583, 'owner': 'acct_33'}",mock
0xa7c8bd92e9912762385706a8b8ec2fcb713bf4d2c4057a73e62fe8db080d7aca,93000,1,UpdatePublished,"{'model_id': 'model_mnist_784_noniid', 'round': 11, 'ticket_id': 583, 'cid': 'sha256:a02449d5ab86ee8600b904746a94a720cabb61151e6e2e981343dfefa107ed72'}",mock
0x0e8df95d5b1b705fd64bb6a73ff035526a87b5866d65c8e9337c3f9437a33dd8,86000,1,TicketReserved,"{'model_id': 'model_mnist_784_noniid', 'round': 11, 'ticket_id': 584, 'owner': 'acct_34'}",mock
0x1ff7b77dfe2db83ad7fe6c43d99e38d2564c8721032e2175f12e97d53d748b5c,93000,1,UpdatePublished,"{'model_id': 'model_mnist_784_noniid', 'round': 11, 'ticket_id': 584, 'cid': 'sha256:e4614710b2f7ed4777d267774c0f14f6acd490a5a17a010764b04b1101753e9e'}",mock
0x8f083c5e8f7f8b0950f1ce4e48968b31ec4f908f5df5200030975582ef08d373,86000,1,TicketReserved,"{'model_id': 'model_mnist_784_noniid', 'round': 11, 'ticket_id': 585, 'owner': 'acct_35'}",mock
0x860adc362fa2193330ce3e236a38ad4b4a9a78dacc66a4222d63ebb089f21791,93000,1,UpdatePublished,"{'model_id': 'model_mnist_784_noniid', 'round': 11, 'ticket_id': 585, 'cid': 'sha256:9861253c7b189c687ebfc28f7b842841dc5b3d65ca9c608d8e8f8acdc7856261'}",mock
0x72030ee08606e4e2820e4f342c73dc9d60c87736b2d74d4267b22d0ebb9c1230,86000,1,TicketReserved,"{'model_id': 'model_mnist_784_noniid', 'round': 11, 'ticket_id': 586, 'owner': 'acct_36'}",mock
0xb6a31720a8e177009d4afb1798df511881457dfd4e5a733f0d14be3edc20cb94,93000,1,UpdatePublished,"{'model_id': 'model_mnist_784_noniid', 'round': 11, 'ticket_id': 586, 'cid': 'sha256:16b752954906ed672326044dcb7c62e9bbc2312a14fdbce0dc2bf7d45b40126c'}",mock
0x679e00b6f755614c0898545532cbdf88d7c689a36346111057528b2f4c313a12,86000,1,TicketReserved,"{'model_id': 'model_mnist_784_noniid', 'round': 11, 'ticket_id': 587, 'owner': 'acct_37'}",mock
0x3c9318b5326833ec204b4cb42450f06f88895efbf06be645fa32a3fe5f4c4140,93000,1,UpdatePublished,"{'model_id': 'model_mnist_784_noniid', 'round': 11, 'ticket_id': 587, 'cid': 'sha256:0ec21c3ed92878d79cbd711519b0d8234150d300e1cc0bfddd533d5345c18be9'}",mock
0xf21a2b9289f3ffdc5eea63492301380a53f24f62b9db1a7613cca70d51ecb073,86000,1,TicketReserved,"{'model_id': 'model_mnist_784_noniid', 'round': 11, 'ticket_id': 588, 'owner': 'acct_38'}",mock
0xb825524d5527d0922bf562ebc07a3abfffad54de40e447d8c55c525e2a05d92b,93000,1,UpdatePublished,"{'model_id': 'model_mnist_784_noniid', 'round': 11, 'ticket_id': 588, 'cid': 'sha256:8d1f26981a3f7634feae8b5521aac85e7bd0327a3b9a6e04ad016a8378595016'}",mock
0x069a148978fbc50b6e9f0110fe6bbac385961cd4f8c49110e517896775cc2033,86000,1,TicketReserved,"{'model_id': 'model_mnist_784_noniid', 'round': 11, 'ticket_id': 589, 'owner': 'acct_39'}",mock
0x1a98e3ad784dea94897b808d4d1d4cc53c9306b35ea01c3e647e877ac6227eaf,93000,1,UpdatePublished,"{'model_id': 'model_mnist_784_noniid', 'round': 11, 'ticket_id': 589, 'cid': 'sha256:ac0d5e08bbbf92245b58a64ae71ec6353ea323f33dff44a43b7488be674a1f41'}",mock
0x9a972ad7e540b28a4a0c8c8a43d1d4772649084908014bb953949add3a062ffc,86000,1,TicketReserved,"{'model_id': 'model_mnist_784_noniid', 'round': 11, 'ticket_id': 590, 'owner': 'acct_40'}",mock
0xef9e357930a8f00e211046bd7ef2aa802ca779ec5dfa8006bfe26191e0a4f107,93000,1,UpdatePublished,"{'model_id': 'model_mnist_784_noniid', 'round': 11, 'ticket_id': 590, 'cid': 'sha256:eb88d6ff53f07a0e6abb17408e6a0497e3f481ae8d6914db43efc347a0c211e3'}",mock
0xc5e9e5ce09142e882121fcf535a0962fc81a584527e18d19aed3b04f4b3b3412,86000,1,TicketReserved,"{'model_id': 'model_mnist_784_noniid', 'round': 11, 'ticket_id': 591, 'owner': 'acct_41'}",mock
0xb7e3217587b4bbcee8f3ab3e05e4ff56d1f7b27e393f74dc1f420d45852fd768,93000,1,UpdatePublished,"{'model_id': 'model_mnist_784_noniid', 'round': 11, 'ticket_id': 591, 'cid': 'sha256:03c1105e7779bcb688d74deccebc732897d74fdba572ba396d080ee7d886ebd4'}",mock
0x6dbfe4b7ade8b22993557d87d22ce5827c1d486405a42ac5f7d3d297aaca39af,86000,1,TicketReserved,"{'model_id': 'model_mnist_784_noniid', 'round': 11, 'ticket_id': 592, 'owner': 'acct_42'}",mock
0x0a855759fb01ad7a4e7b57dcb742e154cb1e9140b0dfb30ec1bfe7ce228e24ae,93000,1,UpdatePublished,"{'model_id': 'model_mnist_784_noniid', 'round': 11, 'ticket_id': 592, 'cid': 'sha256:5f97fb0ccdf87555cbabc42ce6d305b65c15235f37f7a19cdcadab1cd0adcc5d'}",mock
0x173303ada01a80fca697783fe5688df83f1115eb210b0ec74b1eeaeeb470c4ce,86000,1,TicketReserved,"{'model_id': 'model_mnist_784_noniid', 'round': 11, 'ticket_id': 593, 'owner': 'acct_43'}",mock
0x40a1e90370966bf3516be8551a00ae4f657ce366d74b61e7abe01b9b62b4bb4a,93000,1,UpdatePublished,"{'model_id': 'model_mnist_784_noniid', 'round': 11, 'ticket_id': 593, 'cid': 'sha256:acbd208aa2c311948846e18c4a4b647c599923555cea94c8bbd7eafc626eb54d'}",mock
0x58f263127293722851fc3746492fe65d271ca20a964fce481a19a633c3f68c02,86000,1,TicketReserved,"{'model_id': 'model_mnist_784_noniid', 'round': 11, 'ticket_id': 594, 'owner': 'acct_44'}",mock
0x5e61b433f02cdde7a8dae8e03b635c1d5a7136e3303444a493ab70124e29dbb6,93000,1,UpdatePublished,"{'model_id': 'model_mnist_784_noniid', 'round': 11, 'ticket_id': 594, 'cid': 'sha256:688619cd587c7cee6a1dd0b72bc0919ea190665b8058d0ea4156fe5b737bcbe1'}",mock
0x220798b60237a85ec27f120b7971f6bd886d8fe42a23a4a90845c0b3f270f3e1,86000,1,TicketReserved,"{'model_id': 'model_mnist_784_noniid', 'round': 11, 'ticket_id': 595, 'owner': 'acct_45'}",mock
0x1d3670324f8dd501ab9535f5adfb6cd5f1ccf1368fc39612972c38307eeed6d6,93000,1,UpdatePublished,"{'model_id': 'model_mnist_784_noniid', 'round': 11, 'ticket_id': 595, 'cid': 'sha256:be20db7ab0e198b84aa5dcccff7bbc0b4893727f5bf4473a71526f2107b124c3'}",mock
0xedf9bc46af547e02b09dec14dbf5432427c38715b3cb9911818875606e0e8378,86000,1,TicketReserved,"{'model_id': 'model_mnist_784_noniid', 'round': 11, 'ticket_id': 596, 'owner': 'acct_46'}",mock
0x7a4c8dac2f917cbdcba6f8bbffa0091313dfed5844c6d26bf3155caa2d4cb371,93000,1,UpdatePublished,"{'model_id': 'model_mnist_784_noniid', 'round': 11, 'ticket_id': 596, 'cid': 'sha256:e9e71accd92a48136a510e8ff4b7c5baafc13e8b7b5e61132d6c1e83c68af6fe'}",mock
0x967b6835d9c2a574f0715c599da75f79a78395b5ae826d26d36c9cf84b6eedea,86000,1,TicketReserved,"{'model_id': 'model_mnist_784_noniid', 'round': 11, 'ticket_id': 597, 'owner': 'acct_47'}",mock
0x1904619d142f2d57708b52c98e0024b7e092a67228cf44ee5ac2e5f587c30576,93000,1,UpdatePublished,"{'model_id': 'model_mnist_784_noniid', 'round': 11, 'ticket_id': 597, 'cid': 'sha256:2b700d2145999b75010c6e46e6ca33df252c471010838ad17ce10140e23f27a4'}",mock
0x20a2435c101884c3bd8d9279f141a13211f24a58a0194e1cf036df09c1066fbd,86000,1,TicketReserved,"{'model_id': 'model_mnist_784_noniid', 'round': 11, 'ticket_id': 598, 'owner': 'acct_48'}",mock
0x32e3ae86aa098df53169b39696f33b3e9d20873d105451a928ca37290255d31e,93000,1,UpdatePublished,"{'model_id': 'model_mnist_784_noniid', 'round': 11, 'ticket_id': 598, 'cid': 'sha256:e1b149ffc0bd183f06b5d5a10296081ca57edf79c7c3e7989629926c0fcccce4'}",mock
0xa24a7ab8be64d108bc7f709d7f5ffbd7fed75c64cd387a32ed496750be08c0b1,86000,1,TicketReserved,"{'model_id': 'model_mnist_784_noniid', 'round': 11, 'ticket_id': 599, 'owner': 'acct_49'}",mock
0x4b09982508962d1d4ff84a8ef7ff6e858a6ccba1dccc1b19ab8c160659b97ea7,93000,1,UpdatePublished,"{'model_id': 'model_mnist_784_noniid', 'round': 11, 'ticket_id': 599, 'cid': 'sha256:7f329e9e5bee8ee9b231799b82257a18a423879fbd4eb932df9c1183abd9b9b2'}",mock
0x38e93639404e94ce67109570209c9d13a033d37f6f658193c1a578e108be5f1b,86000,1,TicketReserved,"{'model_id': 'model_mnist_784_noniid', 'round': 11, 'ticket_id': 600, 'owner': 'acct_50'}",mock
0x6bba8b8d72b0501791d936ce8d2625363e523232ffda2d3bb602543401c3ff8c,93000,1,UpdatePublished,"{'model_id': 'model_mnist_784_noniid', 'round': 11, 'ticket_id': 600, 'cid': 'sha256:dc98f9e2af1035008e111d8d733a3f35681542eed75f9b9ad232a1bf17b81b16'}",mock
0x08b5f1ce14ce7a44d9a32158ae7502b6af04fa99acf2004e5c87a8bd04d1b076,1125000,1,RoundFinalized,"{'model_id': 'model_mnist_784_noniid', 'round': 11, 'included': 50, 'refunds': 50}",mock
0xaf9887333c33fdc0e17b8172b19be6b446295d2f86a57bb8c610d97273605e51,38000,1,Claimed,"{'model_id': 'model_mnist_784_noniid', 'account': 'acct_1', 'amount_wei': 14400000000000000}",mock
0x43284ad908e72ba38ba2459dccc0e258f8ed644f50481a6c3d22b69779a78a5a,38000,1,Claimed,"{'model_id': 'model_mnist_784_noniid', 'account': 'acct_2', 'amount_wei': 14400000000000000}",mock
0x9cc632b77127787e32bfbd80ddb64d3253f1a2c647ea0c9a8492adb498e8b0d2,38000,1,Claimed,"{'model_id': 'model_mnist_784_noniid', 'account': 'acct_3', 'amount_wei': 14400000000000000}",mock
0x827185df18589925f4eb0c64d09e81ea75d66ee8e4a2c56117c1493db1ea3a57,38000,1,Claimed,"{'model_id': 'model_mnist_784_noniid', 'account': 'acct_4', 'amount_wei': 14400000000000000}",mock
0x4ac2c3a6d591bc79c8fa8a2e1fc956f0aa21dedcc15edfd378424b989b263adb,38000,1,Claimed,"{'model_id': 'model_mnist_784_noniid', 'account': 'acct_5', 'amount_wei': 14400000000000000}",mock
0x01ceaa1c81eaedbf964a681791a492baef768beeacd505481adf0241f97c278a,38000,1,Claimed,"{'model_id': 'model_mnist_784_noniid', 'account': 'acct_6', 'amount_wei': 14400000000000000}",mock
0x4875f76fd40e38510186e07fc4ba00c540d2d447ea5d151bf6946f250e24ed42,38000,1,Claimed,"{'model_id': 'model_mnist_784_noniid', 'account': 'acct_7', 'amount_wei': 14400000000000000}",mock
0x888189796169015da795428e805507c76655a0941a30c4ef72f60512902b1b5f,38000,1,Claimed,"{'model_id': 'model_mnist_784_noniid', 'account': 'acct_8', 'amount_wei': 14400000000000000}",mock
0x6e3ad26566b2adb78d58d639747f31c648121b38475874fd2e5cbedc082bae0c,38000,1,Claimed,"{'model_id': 'model_mnist_784_noniid', 'account': 'acct_9', 'amount_wei': 14400000000000000}",mock
0xb15a71aac7fb61b93655fb6ec9453a24666c38c898e5a624528d3d9d1a5331a5,38000,1,Claimed,"{'model_id': 'model_mnist_784_noniid', 'account': 'acct_10', 'amount_wei': 14400000000000000}",mock
0x74affaed65500f024601eab6c89a2dffee0fc0c55108000952b0282bf9cde1a0,38000,1,Claimed,"{'model_id': 'model_mnist_784_noniid', 'account': 'acct_11', 'amount_wei': 14400000000000000}",mock
0x09b67d7b8f705a0e8d6cad968d37669e36fb1a36fd86c3c7cb020ba9d4be07da,38000,1,Claimed,"{'model_id': 'model_mnist_784_noniid', 'account': 'acct_12', 'amount_wei': 14400000000000000}",mock
0x304ec6077c059a08c677e964b9eeae41a17dfa2bde353cd0f9df4bf91921bb16,38000,1,Claimed,"{'model_id': 'model_mnist_784_noniid', 'account': 'acct_13', 'amount_wei': 14400000000000000}",mock
0xcbfa0bb9a0207950977f762dd5d674df3c09852973b80aca9ad044da8f90de58,38000,1,Claimed,"{'model_id': 'model_mnist_784_noniid', 'account': 'acct_14', 'amount_wei': 14400000000000000}",mock
0xda782196b06f203dae57a3b9a9e441b4d2aca8cda503eb2637c8cb4b94211b03,38000,1,Claimed,"{'model_id': 'model_mnist_784_noniid', 'account': 'acct_15', 'amount_wei': 14400000000000000}",mock
0x5ea84593317f359eac6b8ac333ec8a8a3732fd0730ea68d024d58db129ea037b,38000,1,Claimed,"{'model_id': 'model_mnist_784_noniid', 'account': 'acct_16', 'amount_wei': 14400000000000000}",mock
0x06d6b4e561650da46879048952e535a2e7e3b0def6e2bad4003821e661a4b49d,38000,1,Claimed,"{'model_id': 'model_mnist_784_noniid', 'account': 'acct_17', 'amount_wei': 14400000000000000}",mock
0x32a64a4898f04b256d7307c4cdd6d54f9eb3f6cf576fd9c501d535e8c2c0573c,38000,1,Claimed,"{'model_id': 'model_mnist_784_noniid', 'account': 'acct_18', 'amount_wei': 14400000000000000}",mock
0xc6eb91fbd3d2cf94402341abf4e6c93993069a74ca6625941f41a898a347a5ce,38000,1,Claimed,"{'model_id': 'model_mnist_784_noniid', 'account': 'acct_19', 'amount_wei': 14400000000000000}",mock
0x98a1ccd7872adedd93ade8bc1ca6332f7a9321864fd0047868a25a41f3de3516,38000,1,Claimed,"{'model_id': 'model_mnist_784_noniid', 'account': 'acct_20', 'amount_wei': 14400000000000000}",mock
0x92c79aafa270268589f34c4e235450871d9191e4017ee29eb46624814f8313d5,38000,1,Claimed,"{'model_id': 'model_mnist_784_noniid', 'account': 'acct_21', 'amount_wei': 14400000000000000}",mock
0xf9a455953052e4ab790bc10214e17b2223be3b6b2d02f1ae88f86580cff0e561,38000,1,Claimed,"{'model_id': 'model_mnist_784_noniid', 'account': 'acct_22', 'amount_wei': 14400000000000000}",mock
0xaa29443b2cf5767cc9c71b46d64ade52efe067047d4c4d93a4390d6d7290e498,38000,1,Claimed,"{'model_id': 'model_mnist_784_noniid', 'account': 'acct_23', 'amount_wei': 14400000000000000}",mock
0x67e0b763095825199cda923c0c40021ddd6d4595ad1e752192355d4014eeb16f,38000,1,Claimed,"{'model_id': 'model_mnist_784_noniid', 'account': 'acct_24', 'amount_wei': 14400000000000000}",mock
0xcb37e0f06710cb650a451b82af7a801605774bb373a36ca9a7868e620384d186,38000,1,Claimed,"{'model_id': 'model_mnist_784_noniid', 'account': 'acct_25', 'amount_wei': 14400000000000000}",mock
0xf6e22bc291f558e09cbbcf4b49dd2538ca1108e985591288afd5f13ae99f521a,38000,1,Claimed,"{'model_id': 'model_mnist_784_noniid', 'account': 'acct_26', 'amount_wei': 14400000000000000}",mock
0x6c0f4465263a51584dd742555c96f6ee74706e94bd5f039b934d34827487b21b,38000,1,Claimed,"{'model_id': 'model_mnist_784_noniid', 'account': 'acct_27', 'amount_wei': 14400000000000000}",mock
0x79f9594958797a540e4021aeade9f3b17ae87c27386468439a66dc73804d255f,38000,1,Claimed,"{'model_id': 'model_mnist_784_noniid', 'account': 'acct_28', 'amount_wei': 14400000000000000}",mock
0xaf616c5c9721c791feeafdf7aab6261bd48678c82e52962b13e45508fd0fe8d0,38000,1,Claimed,"{'model_id': 'model_mnist_784_noniid', 'account': 'acct_29', 'amount_wei': 14400000000000000}",mock
0x39cac6c105ba383790c1c6684c7fe2de01d2564423a9a33bc9872ee788b3ed76,38000,1,Claimed,"{'model_id': 'model_mnist_784_noniid', 'account': 'acct_30', 'amount_wei': 14400000000000000}",mock
0xa70637dc7cf764e4b4ae9e62a49f86b05aee710e0982dfc6d12cd448153c3079,38000,1,Claimed,"{'model_id': 'model_mnist_784_noniid', 'account': 'acct_31', 'amount_wei': 14400000000000000}",mock
0x318ee7eff9ab484de591ec15ba526e1c525a210c563838318119b881cc4eb213,38000,1,Claimed,"{'model_id': 'model_mnist_784_noniid', 'account': 'acct_32', 'amount_wei': 14400000000000000}",mock
0xa9a71b340b8115ed8a4f773d23e9a53a70989d1bf34d2038ef069906ef7bdcd9,38000,1,Claimed,"{'model_id': 'model_mnist_784_noniid', 'account': 'acct_33', 'amount_wei': 14400000000000000}",mock
0xa391ae0c31809589fd73b06be0b1b0dad24a676e0bc89d54b934e3cc556c7626,38000,1,Claimed,"{'model_id': 'model_mnist_784_noniid', 'account': 'acct_34', 'amount_wei': 14400000000000000}",mock
0x236e83d472d6b75e37b2adda8b9b850da50f678ebc9615c7a47bfa2c17bb3a37,38000,1,Claimed,"{'model_id': 'model_mnist_784_noniid', 'account': 'acct_35', 'amount_wei': 14400000000000000}",mock
0xb73ab50c97a38168fbb4e18e5b98bacc5633ac721b1b3f0e8261ca69a128716a,38000,1,Claimed,"{'model_id': 'model_mnist_784_noniid', 'account': 'acct_36', 'amount_wei': 14400000000000000}",mock
0x0ac4bb26f54d825fe7f03ca9236efbf8f71c816a9ef8e678b5c56b93ea3a5ad9,38000,1,Claimed,"{'model_id': 'model_mnist_784_noniid', 'account': 'acct_37', 'amount_wei': 14400000000000000}",mock
0xc46e38c1107a1af3c33c4896924293fd463f3a93525055870db71bfbda2505bf,38000,1,Claimed,"{'model_id': 'model_mnist_784_noniid', 'account': 'acct_38', 'amount_wei': 14400000000000000}",mock
0xa28d46520ccdf9ccf1159502c399fc0eb27be5ea4c90152905a32b9f395857cb,38000,1,Claimed,"{'model_id': 'model_mnist_784_noniid', 'account': 'acct_39', 'amount_wei': 14400000000000000}",mock
0x4327633aff95569fc91c578d303ee2588c822db2bf317ab763ea326e03883356,38000,1,Claimed,"{'model_id': 'model_mnist_784_noniid', 'account': 'acct_40', 'amount_wei': 14400000000000000}",mock
0x3e7c8b4fee9aaf3b517fd363cfbd2118d32433d711652130f96b2249c2997565,38000,1,Claimed,"{'model_id': 'model_mnist_784_noniid', 'account': 'acct_41', 'amount_wei': 14400000000000000}",mock
0x26351364ec7eccfc25e699397c2c9b622ef6e801b67bff8fcbf9b2ae607773fc,38000,1,Claimed,"{'model_id': 'model_mnist_784_noniid', 'account': 'acct_42', 'amount_wei': 14400000000000000}",mock
0x035d91ef033c2659b644b5856b7ea7db6ed964c92eabb22b65cba2a6beca1e34,38000,1,Claimed,"{'model_id': 'model_mnist_784_noniid', 'account': 'acct_43', 'amount_wei': 14400000000000000}",mock
0x9f72e65bef0e8570cedfd7f0a6f5f1956d53f2fbad559b09a9b115585501fd43,38000,1,Claimed,"{'model_id': 'model_mnist_784_noniid', 'account': 'acct_44', 'amount_wei': 14400000000000000}",mock
0xeb18120d5620c193c7e3accea57b342421ba637993738079050777059a0627de,38000,1,Claimed,"{'model_id': 'model_mnist_784_noniid', 'account': 'acct_45', 'amount_wei': 14400000000000000}",mock
0x0e8490350c66aa55f067daef4b7ec4ef9158a252c8c1b1e28f75e10fe640ada0,38000,1,Claimed,"{'model_id': 'model_mnist_784_noniid', 'account': 'acct_46', 'amount_wei': 14400000000000000}",mock
0x54acb474c3c1b16fd9262e4c357093dc00bc9e4993012b7176257f78f08b1aa6,38000,1,Claimed,"{'model_id': 'model_mnist_784_noniid', 'account': 'acct_47', 'amount_wei': 14400000000000000}",mock
0xc66883d8bd855740b78a5d1c3e881f41053855eb6937a72c939a9e7dfd5ff157,38000,1,Claimed,"{'model_id': 'model_mnist_784_noniid', 'account': 'acct_48', 'amount_wei': 14400000000000000}",mock
0x5b66e6221ae46c46ce48c9afd8d4d6b3f4b5b8487cd8803af0512dde42abd273,38000,1,Claimed,"{'model_id': 'model_mnist_784_noniid', 'account': 'acct_49', 'amount_wei': 14400000000000000}",mock
0xc90a881647dff22ec643989c110d5bc3139e0acc25c8385aa86bec9b1f93bdf8,38000,1,Claimed,"{'model_id': 'model_mnist_784_noniid', 'account': 'acct_50', 'amount_wei': 14400000000000000}",mock
