tx,gas_used,status,event,data,backend
0xbfecccbf5c78efdd3cb75ed541bc52407421eca9d5ed576c78be5c4729ecd651,145000,1,ListingCreated,"{'model_id': 'model_mnist_784_noniid', 'init_cid': 'sha256:e7417794aa108be740bb733ce0b24847f721b240e959c238fee0f16cb48c2898'}",mock
0xbcc82c1a94a9eb737f316bda0d37a2f10f6524658549d97362c789af5bdd3944,52000,1,RoundFunded,"{'model_id': 'model_mnist_784_noniid', 'amount_wei': 10000000000000000}",mock
0x56de5d0aaffb782f2515a3f28de122d0f879f475684d7e1086d645c0ac382fe5,86000,1,TicketReserved,"{'model_id': 'model_mnist_784_noniid', 'round': 0, 'ticket_id': 1, 'owner': 'acct_1'}",mock
0xa9513f15885d141b8f95a5072b501442768c8a9dff6706a0a142ab905321d9d3,93000,1,UpdatePublished,"{'model_id': 'model_mnist_784_noniid', 'round': 0, 'ticket_id': 1, 'cid': 'sha256:3c4053d48ad698129a8067884417107ec7ae3db2ee3aaed77ddea0349abf8c53'}",mock
0x98f417c27981aadb52337c5c01b04d67258b74be09756b7613c1f98e001de5bc,86000,1,TicketReserved,"{'model_id': 'model_mnist_784_noniid', 'round': 0, 'ticket_id': 2, 'owner': 'acct_2'}",mock
0x45a7fd3c3ca05ba12da9f29106174b48f35d0bda234dbe446cd7e583c188ad8a,93000,1,UpdatePublished,"{'model_id': 'model_mnist_784_noniid', 'round': 0, 'ticket_id': 2, 'cid': 'sha256:9fde1d64433d23188b2134d02b66f00a1d3332c996833809fc6de3e408d86cbc'}",mock
0x16ad0475fa80b96c08a184c1a5e1081b2eeeeeff602eda1cfcb58b2846a68706,86000,1,TicketReserved,"{'model_id': 'model_mnist_784_noniid', 'round': 0, 'ticket_id': 3, 'owner': 'acct_3'}",mock
0x4b046286b8a67554f646ccd7e5d757b1ccd70c8c2c36add807fa7329f02301e4,93000,1,UpdatePublished,"{'model_id': 'model_mnist_784_noniid', 'round': 0, 'ticket_id': 3, 'cid': 'sha256:d9a0b0c6356a4cab2e03647aa0b7d7b2c07ca927d1a9a5c7e48d722a179d8c11'}",mock
0xb124742304b2ee9f1e057deb220a654d65bf1b1734a829ce56b6329edca7dee2,86000,1,TicketReserved,"{'model_id': 'model_mnist_784_noniid', 'round': 0, 'ticket_id': 4, 'owner': 'acct_4'}",mock
0x09ed40f7455f1e7beede8f84c1b8cc358b97f2819ed93a14c5cc1f98c8519a6c,93000,1,UpdatePublished,"{'model_id': 'model_mnist_784_noniid', 'round': 0, 'ticket_id': 4, 'cid': 'sha256:379fc2f2f391b9da78d35eeef24c9a573a7013eb87de3c6946ba5b6e512428c6'}",mock
0x867a272bac6c0cb69eb6995e816bf8044b030d706735039f08bf93cfa9235079,86000,1,TicketReserved,"{'model_id': 'model_mnist_784_noniid', 'round': 0, 'ticket_id': 5, 'owner': 'acct_5'}",mock
0xca3deda78ea297bc8c7c0afc367711dc4ca955164d8ddf203dbc1b62b8848396,93000,1,UpdatePublished,"{'model_id': 'model_mnist_784_noniid', 'round': 0, 'ticket_id': 5, 'cid': 'sha256:d15ae1836600c1248c58f78a5179925a08e93f93445d669ea8789aede20fad22'}",mock
0xbaa83c9f322e5fb44f9353acc9597c73afacbac39af8217f9f10aa2a9eb2ac15,86000,1,TicketReserved,"{'model_id': 'model_mnist_784_noniid', 'round': 0, 'ticket_id': 6, 'owner': 'acct_6'}",mock
0x5e4a838692c2485f0671ed2d7a809a73139040c08faadf77676af44f8569a88e,93000,1,UpdatePublished,"{'model_id': 'model_mnist_784_noniid', 'round': 0, 'ticket_id': 6, 'cid': 'sha256:d7b90690ff73c6a404b4688f8f5af161047efa6182dbaf7852c95402c8976d9d'}",mock
0x9297619a5cda300ed034829bdc0829342a50955c2179064c13156a6628ba4928,86000,1,TicketReserved,"{'model_id': 'model_mnist_784_noniid', 'round': 0, 'ticket_id': 7, 'owner': 'acct_7'}",mock
0x73fc8e560f532e29c5b54423fa41ab1d4eb784d081efa765665e547dce7087f4,93000,1,UpdatePublished,"{'model_id': 'model_mnist_784_noniid', 'round': 0, 'ticket_id': 7, 'cid': 'sha256:44cd6a8f8425c068316aa982b43f8311ccf6f63c62a0b859a321ca139b11d65f'}",mock
0xe16252aaef42f14006135fcc8415a0fd2c49a688bd79b23b7c46b852aeabe31b,86000,1,TicketReserved,"{'model_id': 'model_mnist_784_noniid', 'round': 0, 'ticket_id': 8, 'owner': 'acct_8'}",mock
0xebd74b545e33376ab34f03e0e33c0750682fe3b8a6195f376ff042659b6a5c29,93000,1,UpdatePublished,"{'model_id': 'model_mnist_784_noniid', 'round': 0, 'ticket_id': 8, 'cid': 'sha256:e7b7de368a79a511c892a29f4483f26cceb46ddee7e10f40a98e7245ffa2d44b'}",mock
0x58496763de3fd1fc7196101d614e1919f4bb13713d8a00040274b8b634639126,86000,1,TicketReserved,"{'model_id': 'model_mnist_784_noniid', 'round': 0, 'ticket_id': 9, 'owner': 'acct_9'}",mock
0x49dc7eae6ca0b74cdf8675ae5e6c1570584ca92a6fa6857adc487fff3c560efe,93000,1,UpdatePublished,"{'model_id': 'model_mnist_784_noniid', 'round': 0, 'ticket_id': 9, 'cid': 'sha256:13c547c30cf1da13fccc29e5cf043b7e96f9b5ed08e762649e0408ecc1011e66'}",mock
0x55604b9dd8aed0da9a6a5cb4a8b85043b140a9a85f21804c5701054226f2c0be,86000,1,TicketReserved,"{'model_id': 'model_mnist_784_noniid', 'round': 0, 'ticket_id': 10, 'owner': 'acct_10'}",mock
0x161d77ca3ff5f1a48e5c3d1199c36f97aa71ca1252845cb6b294345aec627065,93000,1,UpdatePublished,"{'model_id': 'model_mnist_784_noniid', 'round': 0, 'ticket_id': 10, 'cid': 'sha256:13c839d13e76fa70957b7145c6b047bfa8ce8b838cdf4a6705b54f02f9e4bb85'}",mock
0x4298e397b5de4359f52a18e92ba392b4c2f2d161348a0d56e5b00cbd8544ac8d,86000,1,TicketReserved,"{'model_id': 'model_mnist_784_noniid', 'round': 0, 'ticket_id': 11, 'owner': 'acct_11'}",mock
0x3f0231ebc70907baf0692fcc373266fd4299672181f385503f73f386183f1b79,93000,1,UpdatePublished,"{'model_id': 'model_mnist_784_noniid', 'round': 0, 'ticket_id': 11, 'cid': 'sha256:b9c577f48393e45ff5297699cf28fb4203e86cd2195828a7fce98626451f2a0c'}",mock
0xd610f183ce7b57ed2fc6bd5713c108d3882bbceb982963b0ade812f5efca8624,86000,1,TicketReserved,"{'model_id': 'model_mnist_784_noniid', 'round': 0, 'ticket_id': 12, 'owner': 'acct_12'}",mock
0x7533d0702c21854036e48929188e1113691b48e9e356ec44e52e487cbe301150,93000,1,UpdatePublished,"{'model_id': 'model_mnist_784_noniid', 'round': 0, 'ticket_id': 12, 'cid': 'sha256:90a348b33595213149e7ee2e606028e6e6119373d61b338079a20a17754bd99b'}",mock
0x08dbeabd3d59f480ebce0f46b8957daa985d1719a561338958e6107eaeec1383,86000,1,TicketReserved,"{'model_id': 'model_mnist_784_noniid', 'round': 0, 'ticket_id': 13, 'owner': 'acct_13'}",mock
0x62ccea7bff97dfe510bf69251a22d9388359e7180f2ea2b536d3433a2e233dcf,93000,1,UpdatePublished,"{'model_id': 'model_mnist_784_noniid', 'round': 0, 'ticket_id': 13, 'cid': 'sha256:3e2fbb39805bb9a056c4ba13f483c5dc91a8d13ac2dc885e66923aef974c7559'}",mock
0x19250601c2a6931f9d99f899a3c6f0eb260c7d5459e68c065c2a7ada8b1c6c6a,86000,1,TicketReserved,"{'model_id': 'model_mnist_784_noniid', 'round': 0, 'ticket_id': 14, 'owner': 'acct_14'}",mock
0x1e85266519869c5053d07f462283b5f6ea2c973b9b2190048ce86066451579ce,93000,1,UpdatePublished,"{'model_id': 'model_mnist_784_noniid', 'round': 0, 'ticket_id': 14, 'cid': 'sha256:c1ec5f042dfeda1e1ae6d27ee3d702107dc5783916ab263326c2354cf6c0a74a'}",mock
0x5d13de7b792d93c950a8d76aed191336f8429c424bf7ac3aaa62011527dc4df2,86000,1,TicketReserved,"{'model_id': 'model_mnist_784_noniid', 'round': 0, 'ticket_id': 15, 'owner': 'acct_15'}",mock
0x3bb394da49abdfbfadfc7b540c4f2ad19a2e7b6de96680295362879615589eda,93000,1,UpdatePublished,"{'model_id': 'model_mnist_784_noniid', 'round': 0, 'ticket_id': 15, 'cid': 'sha256:98dac7e972f94f96722b0243f0f4b5e187e4c447ae7b4d9a6fedb3dcd1a84474'}",mock
0xc9de863883afdd3564d39ad72f165e14d9712214c27a3bc5635ff2894e672fbf,86000,1,TicketReserved,"{'model_id': 'model_mnist_784_noniid', 'round': 0, 'ticket_id': 16, 'owner': 'acct_16'}",mock
0xfa7c665c795d58c2d83112abecd1bc30da9494d939fb4918f8f73d23cf79dd2c,93000,1,UpdatePublished,"{'model_id': 'model_mnist_784_noniid', 'round': 0, 'ticket_id': 16, 'cid': 'sha256:c76587f58ff247abf4675732209e908b43cf2043180ef26558528f35200d186f'}",mock
0xa74fd0054fb3c56b39b7d6c54a1394a470d5c34b6249d1429bc2647bc94fd1cc,86000,1,TicketReserved,"{'model_id': 'model_mnist_784_noniid', 'round': 0, 'ticket_id': 17, 'owner': 'acct_17'}",mock
0xeb7f728b2e26bf39fd21f71da19e71d9e29c8631783adc2e03bb78c5499c3dbb,93000,1,UpdatePublished,"{'model_id': 'model_mnist_784_noniid', 'round': 0, 'ticket_id': 17, 'cid': 'sha256:7e03919af095f0c2064a96b3af97e0e2e9c91d5225366d7e33adff867163e64b'}",mock
0x0924c61d1a8940f8c065cc322880778e73828712a937ba49e5d7852f38c75be9,86000,1,TicketReserved,"{'model_id': 'model_mnist_784_noniid', 'round': 0, 'ticket_id': 18, 'owner': 'acct_18'}",mock
0xbbbc772047e2c724507b197a6793b9a42875a58a613b26b4a6e28a5b06141d5b,93000,1,UpdatePublished,"{'model_id': 'model_mnist_784_noniid', 'round': 0, 'ticket_id': 18, 'cid': 'sha256:e0048ba6ae6feae47f26bf50d7e4f70b0cfbd4f0d6e365ca6e11ac75a2e42dcc'}",mock
0x2c54f930d3ac15a6b2117441b923eb90060304f2cd8c5f1db5f462ef16300acb,86000,1,TicketReserved,"{'model_id': 'model_mnist_784_noniid', 'round': 0, 'ticket_id': 19, 'owner': 'acct_19'}",mock
0x52a89c8fe6b17adb2ae6d5a1c20368567d292d24ba4da68734b9ceb6bce2fd60,93000,1,UpdatePublished,"{'model_id': 'model_mnist_784_noniid', 'round': 0, 'ticket_id': 19, 'cid': 'sha256:50184316cbfdf032b87b2e32878a995b3fbe3cad86eea17558255b868f3a02c9'}",mock
0x58527fcd130cc70e2cdca042deaa73a8b944ddb7794b5f9035a44d0506897544,86000,1,TicketReserved,"{'model_id': 'model_mnist_784_noniid', 'round': 0, 'ticket_id': 20, 'owner': 'acct_20'}",mock
0x49e98803a3e76fb0209ef5636f24fd9a3adac5e68eada6db6d5e162f4bd1a3cf,93000,1,UpdatePublished,"{'model_id': 'model_mnist_784_noniid', 'round': 0, 'ticket_id': 20, 'cid': 'sha256:9e655688cc0d06638c621e0930549dcb6e3af5ba7addb159a0d8a5e24a327f35'}",mock
0xadf22da06421dc3eed046f970cc90a1fb596168deec507148b8cebd60c791765,86000,1,TicketReserved,"{'model_id': 'model_mnist_784_noniid', 'round': 0, 'ticket_id': 21, 'owner': 'acct_21'}",mock
0xa7e3a03750beff8d84c9a2eecf35107560129da11e0aee136fc9355a8c342288,93000,1,UpdatePublished,"{'model_id': 'model_mnist_784_noniid', 'round': 0, 'ticket_id': 21, 'cid': 'sha256:9257802f71231e051902b049205c7147d8aeea2910b424f1fe60c1e0ffe56e53'}",mock
0x8acfff3681ee93e7c5c2cc8aae181f37bbeb37f1f863ac852176ab2b7711dbfe,86000,1,TicketReserved,"{'model_id': 'model_mnist_784_noniid', 'round': 0, 'ticket_id': 22, 'owner': 'acct_22'}",mock
0x1b44ed8109dde7546ade1a3e529000e33efeef7b0a39334d58b022e3ae65b999,93000,1,UpdatePublished,"{'model_id': 'model_mnist_784_noniid', 'round': 0, 'ticket_id': 22, 'cid': 'sha256:4b1f90e3a708865580128c9e954682ef7566fd92f7e4a34c3982a57ed1aecd19'}",mock
0xe1ce51d1b9e7bfcc672301a3244b70f7da755d8e67596d12e5e08d987a7b3445,86000,1,TicketReserved,"{'model_id': 'model_mnist_784_noniid', 'round': 0, 'ticket_id': 23, 'owner': 'acct_23'}",mock
0xa20dcd99eada64c14955257e3ef1e69d9b2b36513752f3570ac57b950f8ea7c3,93000,1,UpdatePublished,"{'model_id': 'model_mnist_784_noniid', 'round': 0, 'ticket_id': 23, 'cid': 'sha256:6ca16772b392c33a821056a994bc5220b511e56e2dcc8863db9e1fa0e036999a'}",mock
0xcac21b64df2e93b9458d8b27714560d191b42fbdd3215b802197e777b927813c,86000,1,TicketReserved,"{'model_id': 'model_mnist_784_noniid', 'round': 0, 'ticket_id': 24, 'owner': 'acct_24'}",mock
0x1db53b5c20e34ad0058bc5b27cad72e1222e6a47385d2ffab4de7ea1f437134a,93000,1,UpdatePublished,"{'model_id': 'model_mnist_784_noniid', 'round': 0, 'ticket_id': 24, 'cid': 'sha256:8107a1fb20cca349570f06fd79a2b7972244063dcdd011bf10bb0fe598e40081'}",mock
0x2aeb38b5fc5e49b75266caa6a6048e2d6eacc67edd3db7960fa7078701fbc152,86000,1,TicketReserved,"{'model_id': 'model_mnist_784_noniid', 'round': 0, 'ticket_id': 25, 'owner': 'acct_25'}",mock
0xd9bdb9a70cc906d911ac406328f4959988a7425dee4908e0b347eaf9b0a254bf,93000,1,UpdatePublished,"{'model_id': 'model_mnist_784_noniid', 'round': 0, 'ticket_id': 25, 'cid': 'sha256:dc30b2d10f6864c39dc07dba834bcb668c4b9535d815d1c5cfaeb5217b6baa97'}",mock
0x62c1581a694fa09333038d9ea3b0b1ef3e74d7c5058f2c428d750acde427fff7,86000,1,TicketReserved,"{'model_id': 'model_mnist_784_noniid', 'round': 0, 'ticket_id': 26, 'owner': 'acct_26'}",mock
0xc88015d9e104566608ef99f8268ad021785908a2bb71266a4b91b8cf3eb7a308,93000,1,UpdatePublished,"{'model_id': 'model_mnist_784_noniid', 'round': 0, 'ticket_id': 26, 'cid': 'sha256:228d7ad3352320633b2906af4b48fd80455f6e8a1a03913ae13f50d4d2d9f56d'}",mock
0xfeeedab3f52578c0a0f015632c4038842f28214580f5b39fec08ebeced7c2efa,86000,1,TicketReserved,"{'model_id': 'model_mnist_784_noniid', 'round': 0, 'ticket_id': 27, 'owner': 'acct_27'}",mock
0x3261d7a054f8fddfa9556d5d4d65d58db92f50b43764fe06fe9a48cef16335db,93000,1,UpdatePublished,"{'model_id': 'model_mnist_784_noniid', 'round': 0, 'ticket_id': 27, 'cid': 'sha256:eb15360bba23d2a63b2c0e05b5ca653c9a3781a13005a3e94f50952551ab90b2'}",mock
0xcbc60507315cd1296a60a632e1c6ac8582b94bfa0a2f61ce1f370f5ac04672e5,86000,1,TicketReserved,"{'model_id': 'model_mnist_784_noniid', 'round': 0, 'ticket_id': 28, 'owner': 'acct_28'}",mock
0xbca719d976286da81ed6a35b9b718b8cd0a0dab63cdd59c1357ccd99eec0a7b8,93000,1,UpdatePublished,"{'model_id': 'model_mnist_784_noniid', 'round': 0, 'ticket_id': 28, 'cid': 'sha256:9e0e38301db984a1e234bbaca74dcecbb347800f10bfe9f23188dbc1d2821091'}",mock
0x38ed7c4753f50f61538c61c6a01aa42c5ff04b9b12fae305593f701e4909e032,86000,1,TicketReserved,"{'model_id': 'model_mnist_784_noniid', 'round': 0, 'ticket_id': 29, 'owner': 'acct_29'}",mock
0xd412910bbd7820090fda5095a5e0168ea615dea28d3c38b692684aabe13585c1,93000,1,UpdatePublished,"{'model_id': 'model_mnist_784_noniid', 'round': 0, 'ticket_id': 29, 'cid': 'sha256:332a31dd6ccb0cc91325fc39d00b3ecd7505593514bc055b1f9a3daf230ac935'}",mock
0xd1785e58c76de358ea6b36f67ff6f500e9ec060598f7f5ea2421c7f972f66807,86000,1,TicketReserved,"{'model_id': 'model_mnist_784_noniid', 'round': 0, 'ticket_id': 30, 'owner': 'acct_30'}",mock
0x2bb6106915f3016cd4dce13d8a976e89907bbf46186a545f20f0d439425008c0,93000,1,UpdatePublished,"{'model_id': 'model_mnist_784_noniid', 'round': 0, 'ticket_id': 30, 'cid': 'sha256:bec6ca96b48a5ddc0321c1087d52217e89552cac85c10558e482c7715145da9b'}",mock
0xaa5d17e8538988a5ed6a7ecf5104851b01e280088269066663b68d8dc6d43dd3,86000,1,TicketReserved,"{'model_id': 'model_mnist_784_noniid', 'round': 0, 'ticket_id': 31, 'owner': 'acct_31'}",mock
0xa55c950a0cbb20777ab53c04f5cf2f35679eb438f5d657610226f1b6e4d5c852,93000,1,UpdatePublished,"{'model_id': 'model_mnist_784_noniid', 'round': 0, 'ticket_id': 31, 'cid': 'sha256:7b7898723f435e7d8bfa44e8fddfed567c4768fa1b32831fe9a74d4e04a59d43'}",mock
0x80cdfc217329759921846c0a8364c21900e1c58d09b0945263682a5abec48aff,86000,1,TicketReserved,"{'model_id': 'model_mnist_784_noniid', 'round': 0, 'ticket_id': 32, 'owner': 'acct_32'}",mock
0xc2bf44210cb74b7ea8be821059de3ebd027fc2a4414a0d2fcb24e55b89b39e89,93000,1,UpdatePublished,"{'model_id': 'model_mnist_784_noniid', 'round': 0, 'ticket_id': 32, 'cid': 'sha256:f288ff41cb4ffd5824f61ab150ee340e889ccace42cdbf0a5a0dcaeb964a2e30'}",mock
0xe09fff2ee4df33727c3b7aa70238931ae3d9bfd03620e639ed6753c5a4f4709c,86000,1,TicketReserved,"{'model_id': 'model_mnist_784_noniid', 'round': 0, 'ticket_id': 33, 'owner': 'acct_33'}",mock
0x6368bbcccdf27989759a9a7995a4fb2f6370a6fac166d794861ef75a3573d2b7,93000,1,UpdatePublished,"{'model_id': 'model_mnist_784_noniid', 'round': 0, 'ticket_id': 33, 'cid': 'sha256:209dc196fd9edc3b9e3fdf868c34f5274f72098a5c9678892d26586ccf4b7ee5'}",mock
0xbf113b600ba237869aae560d327b0f2fb8cae854412c3d7c0387c76d4e550a2b,86000,1,TicketReserved,"{'model_id': 'model_mnist_784_noniid', 'round': 0, 'ticket_id': 34, 'owner': 'acct_34'}",mock
0x6b4a9b973f25fb352f392de1a4ad237d7b8675e9068c224bfd53c55139168452,93000,1,UpdatePublished,"{'model_id': 'model_mnist_784_noniid', 'round': 0, 'ticket_id': 34, 'cid': 'sha256:fa34120bc8613f27c442b495cdeae9cd037d168e832b7bdc69180fd519ce6be3'}",mock
0x13df0a6317139d995ca8008e8920e28a8f4a050a6b457fcc7367c1750d935471,86000,1,TicketReserved,"{'model_id': 'model_mnist_784_noniid', 'round': 0, 'ticket_id': 35, 'owner': 'acct_35'}",mock
0xd03594229d76926d00dc7824fdfc38b1b824595f2625376baab6376cc3be3253,93000,1,UpdatePublished,"{'model_id': 'model_mnist_784_noniid', 'round': 0, 'ticket_id': 35, 'cid': 'sha256:66edd3cc8da6bc98573f28a163302ec21625ea1a8a736f079575dca82207ec46'}",mock
0xdb56c0d96a6e279dd0861f7a21285303dff8e9c37407ead6050ed50f9825eab6,86000,1,TicketReserved,"{'model_id': 'model_mnist_784_noniid', 'round': 0, 'ticket_id': 36, 'owner': 'acct_36'}",mock
0x2a71f378d8a06fdd53f887d05552b1b22eb670b29936a657d3bd4df98252960f,93000,1,UpdatePublished,"{'model_id': 'model_mnist_784_noniid', 'round': 0, 'ticket_id': 36, 'cid': 'sha256:8fe0be23314109ca971b0d1e026949a9700a47a11fe21f718a81b2ae12f0df23'}",mock
0x01e4dd9b056c018a2ee75eb5afb88d073726b923e609142a6a005ea33d5608c4,86000,1,TicketReserved,"{'model_id': 'model_mnist_784_noniid', 'round': 0, 'ticket_id': 37, 'owner': 'acct_37'}",mock
0x7ab3bdbe779b76d69dd2af1b4ad9efdff1f641b2735e22c5fdc2c08d83ad1967,93000,1,UpdatePublished,"{'model_id': 'model_mnist_784_noniid', 'round': 0, 'ticket_id': 37, 'cid': 'sha256:8a633b4a0766fcf89b37b5e738495a3b6f850451aa94b7d2292c3c816bca4ead'}",mock
0x2ac3381240414be3afb6db34f99663707d58f117ea4733dbd6f2b2ec134c5d92,86000,1,TicketReserved,"{'model_id': 'model_mnist_784_noniid', 'round': 0, 'ticket_id': 38, 'owner': 'acct_38'}",mock
0x845dadd459fc90ef38c7b1093c28769c781d55007694678a5464ec6b02316491,93000,1,UpdatePublished,"{'model_id': 'model_mnist_784_noniid', 'round': 0, 'ticket_id': 38, 'cid': 'sha256:b73f491577267da85b489cc2595cadab11310063add0d5c60b8d9a843d75fbfc'}",mock
0xaa7542758486693d20c89ff2cbd0ad6adaf586a21a74ffd40837efe8ca5d45a6,86000,1,TicketReserved,"{'model_id': 'model_mnist_784_noniid', 'round': 0, 'ticket_id': 39, 'owner': 'acct_39'}",mock
0x022e3d0195d4e1dfef57848035bbeced1be3a299e58f7b30c843eda4e1482fc3,93000,1,UpdatePublished,"{'model_id': 'model_mnist_784_noniid', 'round': 0, 'ticket_id': 39, 'cid': 'sha256:f6bf9b364b3bd295584abdcfff89434cb0b430fcd32f6f81627d97c0d95d1360'}",mock
0x880a0545d1bc53526357f63271d23c751e5c58309f1657556b06de352f568de0,86000,1,TicketReserved,"{'model_id': 'model_mnist_784_noniid', 'round': 0, 'ticket_id': 40, 'owner': 'acct_40'}",mock
0x301537a59eb9db0a4cf457260e8f35cc121227fdfe864373c924eda667b44221,93000,1,UpdatePublished,"{'model_id': 'model_mnist_784_noniid', 'round': 0, 'ticket_id': 40, 'cid': 'sha256:c91d62756916241b04203dbcae7799862124dc8e5c5b785cda1765375d14d48a'}",mock
0xcc2910efbf12eac1405cb167a1e8924acba165dfa60d902dc8a84fca058c9a60,86000,1,TicketReserved,"{'model_id': 'model_mnist_784_noniid', 'round': 0, 'ticket_id': 41, 'owner': 'acct_41'}",mock
0x9318dbd2b7d99a4cfc8b1254cd980f71c7a0325bd2deb0ca1274ba282fe61ec1,93000,1,UpdatePublished,"{'model_id': 'model_mnist_784_noniid', 'round': 0, 'ticket_id': 41, 'cid': 'sha256:e7b44acf642ac8c56ee9e7b6ba82aa655f588cf6bbf56488bdd15e1d65959744'}",mock
0xff14853a374cdcea37ce43e3f81170f41734337e384914d9d57a04a8f9702c36,86000,1,TicketReserved,"{'model_id': 'model_mnist_784_noniid', 'round': 0, 'ticket_id': 42, 'owner': 'acct_42'}",mock
0xcb04fab68ece97b9816a886e5865ea62d9c9fb69d3afdff8ed3b556e50ef17e9,93000,1,UpdatePublished,"{'model_id': 'model_mnist_784_noniid', 'round': 0, 'ticket_id': 42, 'cid': 'sha256:e2dcad292c679e9c6543db1a942653aa3d0c190f9b7cf70ba805d35cb8980911'}",mock
0x9ea859dc07d20da2e29cd5dea545f8d84a483099e0667bd1d8be669cde8fc352,86000,1,TicketReserved,"{'model_id': 'model_mnist_784_noniid', 'round': 0, 'ticket_id': 43, 'owner': 'acct_43'}",mock
0x5a554c3d673af16b1bf292b68a0686c6e3314b9455056ee43be237857f0c8b3e,93000,1,UpdatePublished,"{'model_id': 'model_mnist_784_noniid', 'round': 0, 'ticket_id': 43, 'cid': 'sha256:c32e3ae73ddd89400279bc68637e746dff87b726859c5d393d083e2b11a90a83'}",mock
0x674e731dc78adaf01b8a58f8cda480c2d6696061599287cd1979a30c7d1ec071,86000,1,TicketReserved,"{'model_id': 'model_mnist_784_noniid', 'round': 0, 'ticket_id': 44, 'owner': 'acct_44'}",mock
0x8a6cf72100b237e9d9e1776c46c9f41f07f3b5c1c33e23a6c6d345f5be3bb229,93000,1,UpdatePublished,"{'model_id': 'model_mnist_784_noniid', 'round': 0, 'ticket_id': 44, 'cid': 'sha256:17eabfcc37a7bd8aeac6bb99aba4d221b37eaea3ad711d0b4ef5581e7f8ce7cc'}",mock
0xcba236cbd0e1445a38241478d5e4762dcb4bcfdc7a9ffa4de3066a4a80696854,86000,1,TicketReserved,"{'model_id': 'model_mnist_784_noniid', 'round': 0, 'ticket_id': 45, 'owner': 'acct_45'}",mock
0x9782d89232fedcdbacd68e24164ac153478c5b58b1805c46b4d9468a353271e7,93000,1,UpdatePublished,"{'model_id': 'model_mnist_784_noniid', 'round': 0, 'ticket_id': 45, 'cid': 'sha256:939126d24abe161954c782b37778f0712d090fcbf6b120bae94fbf6a18c69171'}",mock
0x5050e427fdc7104090cd4d672a6f669b16e796c3f099f7360c230cb74d5165cc,86000,1,TicketReserved,"{'model_id': 'model_mnist_784_noniid', 'round': 0, 'ticket_id': 46, 'owner': 'acct_46'}",mock
0x1b6ff9b0a1d13f7f22f5dc2ebd74d9c660ab0c665fe9a4d824c3e84d661340da,93000,1,UpdatePublished,"{'model_id': 'model_mnist_784_noniid', 'round': 0, 'ticket_id': 46, 'cid': 'sha256:2ac8193a267476d0b07bb2ca83a884a90ae5256fd9ade7d819a052c0388477d3'}",mock
0x7f40204fd38c41e5a1ddad74825953c2bee49eede9475a12169c557708a85f35,86000,1,TicketReserved,"{'model_id': 'model_mnist_784_noniid', 'round': 0, 'ticket_id': 47, 'owner': 'acct_47'}",mock
0x75016efeb50385148b4aa09b3ed1a1c16015b2d5835ff59e44b424c77658e2dc,93000,1,UpdatePublished,"{'model_id': 'model_mnist_784_noniid', 'round': 0, 'ticket_id': 47, 'cid': 'sha256:1b31c6e2d6f46b78d8c5b8657e76b77fbc08a1e3f216ac7daeeebbd50d691d69'}",mock
0x2212c0d2d952b0feb7f8d9a248075fa265a41463b34140493148409e18e7b403,86000,1,TicketReserved,"{'model_id': 'model_mnist_784_noniid', 'round': 0, 'ticket_id': 48, 'owner': 'acct_48'}",mock
0xa21b2ee6ab9fab628f5a864deda5df3086c6c11095dea22711504fca7c182155,93000,1,UpdatePublished,"{'model_id': 'model_mnist_784_noniid', 'round': 0, 'ticket_id': 48, 'cid': 'sha256:2dcc6eb63274df857c4d07397affee24c2f49ebc284164c61843d72f5fa6ba61'}",mock
0xb12042b71ce2b540af4d135bfb20a92f4414a0ff9d81fcca7224cd59d2679252,86000,1,TicketReserved,"{'model_id': 'model_mnist_784_noniid', 'round': 0, 'ticket_id': 49, 'owner': 'acct_49'}",mock
0x342a55ece6b234ab5874b377ea7c4d71beffa915db2c1cf0b5a17bdd01cd1314,93000,1,UpdatePublished,"{'model_id': 'model_mnist_784_noniid', 'round': 0, 'ticket_id': 49, 'cid': 'sha256:9b8f4975a9adbd41d04583666f348c2f6e03e7c6fd1b22c95b8a9bd45a5f73fd'}",mock
0x3e1116adcd604489d4b3c2a40cfaf8a29989fe693cec69e66af502ed1f632d37,86000,1,TicketReserved,"{'model_id': 'model_mnist_784_noniid', 'round': 0, 'ticket_id': 50, 'owner': 'acct_50'}",mock
0x5e5a149edfd60aaa5dd10abb722668b2d99de7d33f4ca3f904acf556d9068b4e,93000,1,UpdatePublished,"{'model_id': 'model_mnist_784_noniid', 'round': 0, 'ticket_id': 50, 'cid': 'sha256:c154a943246aaa272da862b2f730605fe0679dc5ca25286f6231da9fa89ab8bf'}",mock
0x0b541e443a694fdec62d2d8a32f8622c0bc0ef60ddc2c2d669ba50af09980f56,905000,1,RoundFinalized,"{'model_id': 'model_mnist_784_noniid', 'round': 0, 'included': 39, 'refunds': 39}",mock
0x71f665feda0d3d7cb720fe4d93348d1cdc22701e10016d37e7acd279334fa579,52000,1,RoundFunded,"{'model_id': 'model_mnist_784_noniid', 'amount_wei': 10000000000000000}",mock
0xe9f360bb96bb82d8e07d15b01ff2c0988a7851ffeed2f49099854a91dbaa118a,86000,1,TicketReserved,"{'model_id': 'model_mnist_784_noniid', 'round': 1, 'ticket_id': 51, 'owner': 'acct_1'}",mock
0x08dd83944cf0e65db1bc72ec662fbef55d5e6020880e8349da57b75f9573272d,93000,1,UpdatePublished,"{'model_id': 'model_mnist_784_noniid', 'round': 1, 'ticket_id': 51, 'cid': 'sha256:dba852cebc79cd6d910b5c1d67425210e1084a5906e7b597666295092edf8390'}",mock
0x11d9d8862a66de95c71548bf12b4563eabfe8b618e4fe6caaaa9067ad7444fe0,86000,1,TicketReserved,"{'model_id': 'model_mnist_784_noniid', 'round': 1, 'ticket_id': 52, 'owner': 'acct_2'}",mock
0x75958acfd8694e5448960cd1cc991f6d68cdc1a2a709a959106e7ba9febe50e9,93000,1,UpdatePublished,"{'model_id': 'model_mnist_784_noniid', 'round': 1, 'ticket_id': 52, 'cid': 'sha256:edbde3afc8411a54a5cfcd757a2ab6537747640248f4fc24015a78fce0c67804'}",mock
0xc8096c3545211682205ae445a310f45b528a03262dc2f4eafb57670e024ee44a,86000,1,TicketReserved,"{'model_id': 'model_mnist_784_noniid', 'round': 1, 'ticket_id': 53, 'owner': 'acct_3'}",mock
0xd7994fd8b3b93cff2d16a221b32d204329cc537ab2f929f1acd9677c78bdd5a1,93000,1,UpdatePublished,"{'model_id': 'model_mnist_784_noniid', 'round': 1, 'ticket_id': 53, 'cid': 'sha256:62e8ba35d40adf44fd69623250cb81dbf8a3722bcd4ac011d8e3525b1ea662f4'}",mock
0xe6ea3d71d2394bcfb92000c1a23ca411fe32012f17321831464477e379cb90f3,86000,1,TicketReserved,"{'model_id': 'model_mnist_784_noniid', 'round': 1, 'ticket_id': 54, 'owner': 'acct_4'}",mock
0xc41bebd9844f2253a8aa6b6b271768c706d54273afae62713a14fc3b1bebf325,93000,1,UpdatePublished,"{'model_id': 'model_mnist_784_noniid', 'round': 1, 'ticket_id': 54, 'cid': 'sha256:529a43f0a4bf4d11f02a8e02dfb8de68d224c50895f68c1edbab8c63ed10a24e'}",mock
0xf7d057095451716772256ac8e0daf65852efdc6e39ac49c105c42d32d9ed72ef,86000,1,TicketReserved,"{'model_id': 'model_mnist_784_noniid', 'round': 1, 'ticket_id': 55, 'owner': 'acct_5'}",mock
0xe65b6044381289fc09fb1806f8372339d3586495b7d1dcaeae232e799a89a345,93000,1,UpdatePublished,"{'model_id': 'model_mnist_784_noniid', 'round': 1, 'ticket_id': 55, 'cid': 'sha256:f22da2caf2c1a7952fdf05815bea7aa53cb8ad10f1c9b9ee6338f449ce29188e'}",mock
0x66c1919e693ad733bd04478d36aeee91d02b9aa762535b1b1215ea8c810de330,86000,1,TicketReserved,"{'model_id': 'model_mnist_784_noniid', 'round': 1, 'ticket_id': 56, 'owner': 'acct_6'}",mock
0xba4416a1e8f79f8afb74d79b6376041474564b78232d20ef95de710bcdabb417,93000,1,UpdatePublished,"{'model_id': 'model_mnist_784_noniid', 'round': 1, 'ticket_id': 56, 'cid': 'sha256:4797f02a792d5c6e28d666e466d551de340c8a47b97166136b45de0623dceaa6'}",mock
0x2de7fa4aa3a7ac860d4eb4e02088a111b63b39adcdff23c89887f5dab20d092e,86000,1,TicketReserved,"{'model_id': 'model_mnist_784_noniid', 'round': 1, 'ticket_id': 57, 'owner': 'acct_7'}",mock
0xb4eb364910096274c7f32801b629cf7724849c571c6e00585096714c50e4fa1a,93000,1,UpdatePublished,"{'model_id': 'model_mnist_784_noniid', 'round': 1, 'ticket_id': 57, 'cid': 'sha256:fbab46b782347b00180a1b4a55326c9b2eb8bd425e8db9aa8964a24d026766eb'}",mock
0x53a9efe66510937982e8e0815b84ba945e463843363f278b1438212d2b3fc5bc,86000,1,TicketReserved,"{'model_id': 'model_mnist_784_noniid', 'round': 1, 'ticket_id': 58, 'owner': 'acct_8'}",mock
0x3fd45b9910ec069e5e3b576fa164e71eab6769c7f647c1422c57bedd613e3d77,93000,1,UpdatePublished,"{'model_id': 'model_mnist_784_noniid', 'round': 1, 'ticket_id': 58, 'cid': 'sha256:03019705bc62a740098f29fde2f303b5acaf0350dab35512f7c02473c48a8b3c'}",mock
0xa7fc49b9e4a4cfaa2be035567bf95823216f1b957c99af6a06dcac3a86e4c37a,86000,1,TicketReserved,"{'model_id': 'model_mnist_784_noniid', 'round': 1, 'ticket_id': 59, 'owner': 'acct_9'}",mock
0x3fc1e3ae02b99e19722b5d89796109544ad6d0d100429f8f15cdaf9293881d2d,93000,1,UpdatePublished,"{'model_id': 'model_mnist_784_noniid', 'round': 1, 'ticket_id': 59, 'cid': 'sha256:4288d133a46fbc8047c44d694a503c79c210bee3b9526fd96a9cfc97c6e13472'}",mock
0x1e59ce6428f1d6ca2b3059b080398d9cd4819b9eceb0d9b5eeef854afa128b05,86000,1,TicketReserved,"{'model_id': 'model_mnist_784_noniid', 'round': 1, 'ticket_id': 60, 'owner': 'acct_10'}",mock
0x18dd9fdeb6a92a1abd550a6e02c2c74f8bcc3e701d7ee90dbf184c3a95a90386,93000,1,UpdatePublished,"{'model_id': 'model_mnist_784_noniid', 'round': 1, 'ticket_id': 60, 'cid': 'sha256:83a968dbe9f3cf652a8bc56e91352810caed0b6746f53d113335162a89720d6a'}",mock
0x9ddc49ef581cd310bfaa831e026413dce87fda6b4db68a0c3b4c6a9459241d95,86000,1,TicketReserved,"{'model_id': 'model_mnist_784_noniid', 'round': 1, 'ticket_id': 61, 'owner': 'acct_11'}",mock
0x22c77c649fca00e109e82bc43f8f090e1642373d62c40b980abf284fe4bd1e24,93000,1,UpdatePublished,"{'model_id': 'model_mnist_784_noniid', 'round': 1, 'ticket_id': 61, 'cid': 'sha256:43cb8d0b6cbd219e2126bd04da24f0177e2fbf0259695de50621e43c5adfdc2d'}",mock
0x32402d2fdb064c29c9d8a06e03277e62012470d64c72789007402a1731575c71,86000,1,TicketReserved,"{'model_id': 'model_mnist_784_noniid', 'round': 1, 'ticket_id': 62, 'owner': 'acct_12'}",mock
0xc0897195a066c591d8be7cd8e0962587681a2c9838a5b052dfa6053bc1addce6,93000,1,UpdatePublished,"{'model_id': 'model_mnist_784_noniid', 'round': 1, 'ticket_id': 62, 'cid': 'sha256:dfae2874c2e69073036c2b41d949f983e5b519e98d1e6f419913137b23a4c9bd'}",mock
0xb20bff4eb64f0437cbae9039dcfc12918f98e3904c8480c9e0f2f2ed08da94de,86000,1,TicketReserved,"{'model_id': 'model_mnist_784_noniid', 'round': 1, 'ticket_id': 63, 'owner': 'acct_13'}",mock
0x7b2fac343c8d07e55a392beb50352703730f0f3214835c73e0ba5a9cab904a48,93000,1,UpdatePublished,"{'model_id': 'model_mnist_784_noniid', 'round': 1, 'ticket_id': 63, 'cid': 'sha256:4dad90f92bd61f8d42c275b71b0fee5fc5172ca3bf3aaa78e62e6aa423adbbe6'}",mock
0x100e4cf85e7b52e036e6bafcdd304262bdef658822f55d23f8f35cc249c3bf27,86000,1,TicketReserved,"{'model_id': 'model_mnist_784_noniid', 'round': 1, 'ticket_id': 64, 'owner': 'acct_14'}",mock
0x5b99c9c2abd8d96443787cb6b41ad4fe135d9c28e04d017a8c1f92f38b43b2f4,93000,1,UpdatePublished,"{'model_id': 'model_mnist_784_noniid', 'round': 1, 'ticket_id': 64, 'cid': 'sha256:3ffc4f6979026180a09bc27d941cbd1112f822fdb7f3452474f937748594361e'}",mock
0xef14ebe3384ec4ec693f8142c47dbb3cc8d8cbcca880cc39015ea18b0e410fae,86000,1,TicketReserved,"{'model_id': 'model_mnist_784_noniid', 'round': 1, 'ticket_id': 65, 'owner': 'acct_15'}",mock
0xe039da38890cd3020721b918d58d666735198cf0f353f545c0bc030f1db5bebb,93000,1,UpdatePublished,"{'model_id': 'model_mnist_784_noniid', 'round': 1, 'ticket_id': 65, 'cid': 'sha256:003e0e29835858ebc51eff79368958892e06f713cc6f3d9b9d3934b5844907e4'}",mock
0xff0751f9c38f6e3a40ddb97c1e5e2d6bc7d037d62f3f2b9e60cad055535d5084,86000,1,TicketReserved,"{'model_id': 'model_mnist_784_noniid', 'round': 1, 'ticket_id': 66, 'owner': 'acct_16'}",mock
0x74c545388cbd26bf2bbaec756b85345dbb3bb7d459c052f62b02621fd26d16db,93000,1,UpdatePublished,"{'model_id': 'model_mnist_784_noniid', 'round': 1, 'ticket_id': 66, 'cid': 'sha256:e01dcf9666d5a25fae17f2bb435489151dc4ae62463c97ae4f5d7f19dc1a6046'}",mock
0x725f50c4d57033ba9bd942591478bd7798dd8737341fb4c30a26858abc8a1180,86000,1,TicketReserved,"{'model_id': 'model_mnist_784_noniid', 'round': 1, 'ticket_id': 67, 'owner': 'acct_17'}",mock
0xeb81d96ee42d4c7930f7750b2e7b9f428a0225dd771067b0ce6f79e2544f22e9,93000,1,UpdatePublished,"{'model_id': 'model_mnist_784_noniid', 'round': 1, 'ticket_id': 67, 'cid': 'sha256:5684824968484cfe7d9ae2a7ced465274cc671eb790034f5a19bcfcb7dd1b411'}",mock
0xaf4794b233b398cd4c8cab5fd9ff8e19e39caa6d04e84ae565c823e292345f70,86000,1,TicketReserved,"{'model_id': 'model_mnist_784_noniid', 'round': 1, 'ticket_id': 68, 'owner': 'acct_18'}",mock
0x0d35c564e9db03f12b6db2ce9f257a39ff5763606314ebdcbeeaa1ed8447eb1c,93000,1,UpdatePublished,"{'model_id': 'model_mnist_784_noniid', 'round': 1, 'ticket_id': 68, 'cid': 'sha256:4b08c11ff56f598c784ae91ebcc81c3d46c7ed836b0eeadd395152676ece71cb'}",mock
0x1cf4865b3cd8bcfc86ae26314a00e477c92638a13822a799d0f471ea51b1117d,86000,1,TicketReserved,"{'model_id': 'model_mnist_784_noniid', 'round': 1, 'ticket_id': 69, 'owner': 'acct_19'}",mock
0x8064d51c454d844dfa657fcc6c445b6f826bfc04c7df9a093d8a2ec7458842ab,93000,1,UpdatePublished,"{'model_id': 'model_mnist_784_noniid', 'round': 1, 'ticket_id': 69, 'cid': 'sha256:96a7c40ebcbe5c1078f10797ae7d6cb6b7b4af22c9098683e17f3e8b3b9db2c4'}",mock
0x98400e108caf904d012c66340532dbf5adde4fa7c9ee2ba8fd2c4b7baaa4cc86,86000,1,TicketReserved,"{'model_id': 'model_mnist_784_noniid', 'round': 1, 'ticket_id': 70, 'owner': 'acct_20'}",mock
0xf7a9aec4f2467ab17e4caca33552c7745a50e676f06f423d423b8499c02202f8,93000,1,UpdatePublished,"{'model_id': 'model_mnist_784_noniid', 'round': 1, 'ticket_id': 70, 'cid': 'sha256:162c8e57f440a6bbaa54e92fef015853184b32f278c4c1e83aa5ee98703a232e'}",mock
0x250e725725530c5ae7f85ef890f4bdbc11790da255a8d43598a6317f5fb65fb5,86000,1,TicketReserved,"{'model_id': 'model_mnist_784_noniid', 'round': 1, 'ticket_id': 71, 'owner': 'acct_21'}",mock
0x4f978ab7fb5f3e1e0c95cfb0499f8d40527302fc6c8bdb1f0b29d1dbe1aad458,93000,1,UpdatePublished,"{'model_id': 'model_mnist_784_noniid', 'round': 1, 'ticket_id': 71, 'cid': 'sha256:23da1d72b2d513844c8fef6c512ba8f1243c130aa1d0891a72476be3c4675217'}",mock
0x95a8bbbf4b3a230c53a0acd23dbbcf8d910bdc32e97015d88815b03b97fbca8a,86000,1,TicketReserved,"{'model_id': 'model_mnist_784_noniid', 'round': 1, 'ticket_id': 72, 'owner': 'acct_22'}",mock
0xce9af4b71764eafba15537c0768f520d12f6fff58e58c5c4c1b7e6baf08c5f3c,93000,1,UpdatePublished,"{'model_id': 'model_mnist_784_noniid', 'round': 1, 'ticket_id': 72, 'cid': 'sha256:b0d265ff9329d843e47b254d0a8358249d79b2583170b1faa7b2d4aa53f147f7'}",mock
0x692be76086283cf4eb9ade8b3dbc8959ddb121d24d4fcedb3bf6167fdb483f00,86000,1,TicketReserved,"{'model_id': 'model_mnist_784_noniid', 'round': 1, 'ticket_id': 73, 'owner': 'acct_23'}",mock
0x6988450a2f07afc234c1223f21ddede19d821d612355b525c7197994e6ff4d9f,93000,1,UpdatePublished,"{'model_id': 'model_mnist_784_noniid', 'round': 1, 'ticket_id': 73, 'cid': 'sha256:893dc6f79b37395077c1009e5a1cc02525ff55b35914a63712d19192741cfc53'}",mock
0x244c9eb6cbdb6a9862195e6e9da67eb33bc660124753a9b9074f35bd7a144a77,86000,1,TicketReserved,"{'model_id': 'model_mnist_784_noniid', 'round': 1, 'ticket_id': 74, 'owner': 'acct_24'}",mock
0xf520b1dcff4ae7c40bb292ca3ced7a3e23ed7ed7f1055b1070b3ce6caeae1667,93000,1,UpdatePublished,"{'model_id': 'model_mnist_784_noniid', 'round': 1, 'ticket_id': 74, 'cid': 'sha256:90e0dbfd026e4721bce5da701e6aa9d85e882e0711b3bb67b78f38b9d61ae4f1'}",mock
0x651702d8ed769d989acf6498ff1cec66dcaefa6348310bc8f7bbdbf4238b898d,86000,1,TicketReserved,"{'model_id': 'model_mnist_784_noniid', 'round': 1, 'ticket_id': 75, 'owner': 'acct_25'}",mock
0x9b14aae0d747b79851a17a2818264fbe54151699de50a55cb5cf1665967edd6b,93000,1,UpdatePublished,"{'model_id': 'model_mnist_784_noniid', 'round': 1, 'ticket_id': 75, 'cid': 'sha256:4039143050db906a5856c32860aae25d69cad6b2d8ef53c216f8e66b59b86a7f'}",mock
0x734c14811e1f8302fa6dc4bb8e211f2a14f8ea5237df7bf5a5a0da8fae17e86c,86000,1,TicketReserved,"{'model_id': 'model_mnist_784_noniid', 'round': 1, 'ticket_id': 76, 'owner': 'acct_26'}",mock
0x1c81c189fc3f6debd52b6328b5e9d29d628d5aaaf55b858d4a4781d0fdfc6d4e,93000,1,UpdatePublished,"{'model_id': 'model_mnist_784_noniid', 'round': 1, 'ticket_id': 76, 'cid': 'sha256:f0131c0164516019faed4336ddfca93c7bdc70a4ccdc83b89ccfa3f167cc00c9'}",mock
0x6e7f0bf90e68ca166d43df04f15e6661f9e53e38ed377dffdfb70b0f688024bc,86000,1,TicketReserved,"{'model_id': 'model_mnist_784_noniid', 'round': 1, 'ticket_id': 77, 'owner': 'acct_27'}",mock
0xc333ce01fa679c668594e8ec80402f2a2c534bd5fbc0867d93429f918d34378b,93000,1,UpdatePublished,"{'model_id': 'model_mnist_784_noniid', 'round': 1, 'ticket_id': 77, 'cid': 'sha256:d825b595396d3b0d7b9eed2380e773b53499b15f2b6ad49acebc06b49a02195d'}",mock
0xc83d22fc3e73958b07c7c534e7854ee4817a2672f2c8324652ece248ef2d6d53,86000,1,TicketReserved,"{'model_id': 'model_mnist_784_noniid', 'round': 1, 'ticket_id': 78, 'owner': 'acct_28'}",mock
0x193bf753df9e32407ffd52fe06d3cf57ee3456d531ef159615ef102671cd35f8,93000,1,UpdatePublished,"{'model_id': 'model_mnist_784_noniid', 'round': 1, 'ticket_id': 78, 'cid': 'sha256:d40e57432a6ec5d80ec6f86db6664736deff86f4af93357c9c957d99dcb10f6c'}",mock
0xac8eff649b3f61492967b87591ed26616b7caafdbec8b26f3c01c2ab0f4f25f7,86000,1,TicketReserved,"{'model_id': 'model_mnist_784_noniid', 'round': 1, 'ticket_id': 79, 'owner': 'acct_29'}",mock
0x63872b7e91b978c4671066ab19d63dcc3c54b2f3e739b7216e3cce8fb18f329d,93000,1,UpdatePublished,"{'model_id': 'model_mnist_784_noniid', 'round': 1, 'ticket_id': 79, 'cid': 'sha256:99a7920c7a4246bb40cccc3448d7eae5255b1c99610826aa3857fb4b724fd5e4'}",mock
0x7c98478858802fd35da0a6ed592e6e12297a92635233c55e6707bf5c33063b7e,86000,1,TicketReserved,"{'model_id': 'model_mnist_784_noniid', 'round': 1, 'ticket_id': 80, 'owner': 'acct_30'}",mock
0x68e152ee6bdb842d21adf29550adb801779d25a88ca24178983a0111c408d0fc,93000,1,UpdatePublished,"{'model_id': 'model_mnist_784_noniid', 'round': 1, 'ticket_id': 80, 'cid': 'sha256:91d4f5e623ed777c25481837ff9d7eb17c37e1fa9a41e547b872ea5ac23a723b'}",mock
0x361b033c744454e8f662c1022e6fb78862f7b703fcbe49776954f571a7228e63,86000,1,TicketReserved,"{'model_id': 'model_mnist_784_noniid', 'round': 1, 'ticket_id': 81, 'owner': 'acct_31'}",mock
0xd30dede005eb182fa60a32941d611beebc0b524a76d84c7fb6aa2caa65f8cfd6,93000,1,UpdatePublished,"{'model_id': 'model_mnist_784_noniid', 'round': 1, 'ticket_id': 81, 'cid': 'sha256:ebce437bbf6c605b99fdb79f0e93809921f6abb16eb0ed265b5eec504d6e3bdc'}",mock
0x2a34492a2df7691533370f5f794e4dbd0d81506930d466ca6278c67698704ba2,86000,1,TicketReserved,"{'model_id': 'model_mnist_784_noniid', 'round': 1, 'ticket_id': 82, 'owner': 'acct_32'}",mock
0x43d629d837988c097b50a0155ecedc804ecff35c92f96ea77b2f629f00bfa340,93000,1,UpdatePublished,"{'model_id': 'model_mnist_784_noniid', 'round': 1, 'ticket_id': 82, 'cid': 'sha256:d66a33d380c78dc4f3dd356128368d2eaf6a258f577afb39206fb13668fcd087'}",mock
0xf8abb91328cfb43f380483969b6624bf4c1ca9bbce54a507ddb3977dd9c260f4,86000,1,TicketReserved,"{'model_id': 'model_mnist_784_noniid', 'round': 1, 'ticket_id': 83, 'owner': 'acct_33'}",mock
0x0c18472c67b41b0253a8273a393676f0f7d430051b770a0170518d78a8c0ef06,93000,1,UpdatePublished,"{'model_id': 'model_mnist_784_noniid', 'round': 1, 'ticket_id': 83, 'cid': 'sha256:e68113310342ee8aedb50c1994a9c5418593ab12a5e3dfb26d3e71b207984a64'}",mock
0x77854a1028e1c007842c6320f796fe447d5bec511660f48e48658c2d2a9734ba,86000,1,TicketReserved,"{'model_id': 'model_mnist_784_noniid', 'round': 1, 'ticket_id': 84, 'owner': 'acct_34'}",mock
0x528f34fa2d67012b3bc3267dba69d0dbf8e92bd6a9d817bc0873c2eb40297487,93000,1,UpdatePublished,"{'model_id': 'model_mnist_784_noniid', 'round': 1, 'ticket_id': 84, 'cid': 'sha256:f9583ecc675151173a558fe8876e3bf379c58f72bd8fcb2181c352c3d69c9774'}",mock
0x229d300ddc2aef5f61ef70ee50f8747d5ac15769766b336b1d6de4e268f8f41d,86000,1,TicketReserved,"{'model_id': 'model_mnist_784_noniid', 'round': 1, 'ticket_id': 85, 'owner': 'acct_35'}",mock
0x8f2cc843f1adbb05d4a9b6d7eaf3e178102547e3d8303270b9aad5d3392477c1,93000,1,UpdatePublished,"{'model_id': 'model_mnist_784_noniid', 'round': 1, 'ticket_id': 85, 'cid': 'sha256:22c533f5b89daf382de31db90ee09247d8c571e55f3f303eb544e403aa0ad3d7'}",mock
0xe0dc2e6fe3581081bffed1da0eacc65f405cfc8964d24b933b159eb3208c88dd,86000,1,TicketReserved,"{'model_id': 'model_mnist_784_noniid', 'round': 1, 'ticket_id': 86, 'owner': 'acct_36'}",mock
0x123f3a0e391c6f6ba23106a2ff0f5ca7be3a5f60419dcf2f2077330511497fa9,93000,1,UpdatePublished,"{'model_id': 'model_mnist_784_noniid', 'round': 1, 'ticket_id': 86, 'cid': 'sha256:65dddc18e5f46a0e9a582261599a44c51f301124dee60f670a6f3772467f0b4b'}",mock
0x2bcfd7566d1cddaf2f3bbe2ebba4f8f17c4df33fec0c25ad16a2224ea4b857ed,86000,1,TicketReserved,"{'model_id': 'model_mnist_784_noniid', 'round': 1, 'ticket_id': 87, 'owner': 'acct_37'}",mock
0x4b8c8725eaf5917d85c9cdbbb683ac14a99e8a2d66886d345ad7547d35935f01,93000,1,UpdatePublished,"{'model_id': 'model_mnist_784_noniid', 'round': 1, 'ticket_id': 87, 'cid': 'sha256:a9104261a07a2354d7bd47c9db4791ca3330b6add5373cfe2fc31dd101489819'}",mock
0xf5f53a85bfe6b7e427610b460233e7be60498a2a54ba2010ad231de31bf144ca,86000,1,TicketReserved,"{'model_id': 'model_mnist_784_noniid', 'round': 1, 'ticket_id': 88, 'owner': 'acct_38'}",mock
0xeaeec162849b16a687d2b4076febcbd00c7def9b2c5892fc29ce5d3309e96ea5,93000,1,UpdatePublished,"{'model_id': 'model_mnist_784_noniid', 'round': 1, 'ticket_id': 88, 'cid': 'sha256:2f79a85dd68ceb4c0a593859e5175bfd57722810062ee4afa956a4bfc6afbfbd'}",mock
0x2c78d44b585c2d8cb7e2cd160b21bf585685ffcd8e166333d39be1a3f59eef3a,86000,1,TicketReserved,"{'model_id': 'model_mnist_784_noniid', 'round': 1, 'ticket_id': 89, 'owner': 'acct_39'}",mock
0x10acb4bceed6a0b2786266783d0361a0ecf05f83464a8671c4b2c3da3eaa1a75,93000,1,UpdatePublished,"{'model_id': 'model_mnist_784_noniid', 'round': 1, 'ticket_id': 89, 'cid': 'sha256:f177b187496db88ba7d3173d5542f7243a8e613595532a1b05538a39bb6df8d5'}",mock
0x422b8000d2f0dbb4c833db06230723650777d83b890ed6182d08aa3c6b4ffa92,86000,1,TicketReserved,"{'model_id': 'model_mnist_784_noniid', 'round': 1, 'ticket_id': 90, 'owner': 'acct_40'}",mock
0x5f04f3c42c40296456d39f70185cfd625bbcc7573a81113d14df1ce102672cdd,93000,1,UpdatePublished,"{'model_id': 'model_mnist_784_noniid', 'round': 1, 'ticket_id': 90, 'cid': 'sha256:b6c48a3ca4dde710927f4f0eeea91e2ef21ec70aceeaad167399ef13ad6baf83'}",mock
0x30bc77af512a193ea7d2f6dcf1ebc27689cbb3e57393290d1ad0a785068a2b15,86000,1,TicketReserved,"{'model_id': 'model_mnist_784_noniid', 'round': 1, 'ticket_id': 91, 'owner': 'acct_41'}",mock
0xd17228b991147128f6dcdc4a9b8fc6945b7fd8526624a17cefa2d217440ab7a5,93000,1,UpdatePublished,"{'model_id': 'model_mnist_784_noniid', 'round': 1, 'ticket_id': 91, 'cid': 'sha256:4a09dab73acfa3f6cee7bc38b20e3d393e8febc04914fb76c356847623a83a45'}",mock
0xe76026244b7e0994bb9ba9f51e6669fd6caa4e334434df940b0bcbd70c85c201,86000,1,TicketReserved,"{'model_id': 'model_mnist_784_noniid', 'round': 1, 'ticket_id': 92, 'owner': 'acct_42'}",mock
0x4ae14e5e311bbf6a3674d3c9a4c7cb02bfb79dd6e2472d7e4787c053664458ed,93000,1,UpdatePublished,"{'model_id': 'model_mnist_784_noniid', 'round': 1, 'ticket_id': 92, 'cid': 'sha256:ac54afe273a128afcca02110a958f25fe5e7353729c96846467b8b431e5612e5'}",mock
0xc92134fe66e2bbc6669b020811759e49082e8e67acdf7bcf64c327cefbe4ed81,86000,1,TicketReserved,"{'model_id': 'model_mnist_784_noniid', 'round': 1, 'ticket_id': 93, 'owner': 'acct_43'}",mock
0x2e278f639dd445c36460b12ddfd2de62f2adeaadb93262c8defba7b9fc4ae441,93000,1,UpdatePublished,"{'model_id': 'model_mnist_784_noniid', 'round': 1, 'ticket_id': 93, 'cid': 'sha256:4e19388b71f158842a707d3f49d64b20e7e6e1d6f4adeaff300347d501d4d212'}",mock
0xb9a304f063ae89dce7dd4fd67082c16e466b6209ddf99fc8f57db0047138a508,86000,1,TicketReserved,"{'model_id': 'model_mnist_784_noniid', 'round': 1, 'ticket_id': 94, 'owner': 'acct_44'}",mock
0xcecfcd5136545045e29de7eafd6854f76816e1cc9920c4be67e0430ae4d5c8d8,93000,1,UpdatePublished,"{'model_id': 'model_mnist_784_noniid', 'round': 1, 'ticket_id': 94, 'cid': 'sha256:94ed6fa8f2a60155d2f6722039772b729a2de765e01a0a318315f4e31a1f78d0'}",mock
0xf0294249f3cefa8e0581fb837eecd3b77827a632ba5e5349b0c653c46ab43965,86000,1,TicketReserved,"{'model_id': 'model_mnist_784_noniid', 'round': 1, 'ticket_id': 95, 'owner': 'acct_45'}",mock
0x33a51893285f620414806001571e8f5803fb71df7f632a2ac06b8ad7689c80d2,93000,1,UpdatePublished,"{'model_id': 'model_mnist_784_noniid', 'round': 1, 'ticket_id': 95, 'cid': 'sha256:54ac0bd6c675a1ff0436febf48a617e7dd0359ce117290ce5d51df3557f975d8'}",mock
0x436889d1477cbcfa367689431be117bf2b2b8365cec8d12cb623f1263aa8921b,86000,1,TicketReserved,"{'model_id': 'model_mnist_784_noniid', 'round': 1, 'ticket_id': 96, 'owner': 'acct_46'}",mock
0x13452911f9dd2ed27222f6944faf491f6f88b22860eba6195875d9f9e5f80487,93000,1,UpdatePublished,"{'model_id': 'model_mnist_784_noniid', 'round': 1, 'ticket_id': 96, 'cid': 'sha256:b6487699b30db65702f6511869bd720be55116f0661fba7f600472e0800a5edb'}",mock
0x7685068a5a3bdb901beef14a2a37fc0509def5396ff332e3fa124a65f4689b84,86000,1,TicketReserved,"{'model_id': 'model_mnist_784_noniid', 'round': 1, 'ticket_id': 97, 'owner': 'acct_47'}",mock
0x21b13a84a3e655441f1935f0f80cb9df592f406f5b2b9e1682c0cd298639eb99,93000,1,UpdatePublished,"{'model_id': 'model_mnist_784_noniid', 'round': 1, 'ticket_id': 97, 'cid': 'sha256:1439985ce6dd15ad3851b6687a138f726a6ebdc83db4b232e1fa6df803c62f24'}",mock
0xf9668b61fb0c4eeb4ed4bb74c08895ada523a15ef37d84aa4d8f97f0d2766db9,86000,1,TicketReserved,"{'model_id': 'model_mnist_784_noniid', 'round': 1, 'ticket_id': 98, 'owner': 'acct_48'}",mock
0x773b759fcc120f26ac4359f000d5228c96f54b26304783245e7154463e8ed1a4,93000,1,UpdatePublished,"{'model_id': 'model_mnist_784_noniid', 'round': 1, 'ticket_id': 98, 'cid': 'sha256:d166ba3ff26e6ca7cba29b993bed5a3b7c499f5cb7a927063141445a876ca5f0'}",mock
0xd39d755a5f639dcd55143bf8fad453a76936c9fc3e5642c1c845961d71a84a38,86000,1,TicketReserved,"{'model_id': 'model_mnist_784_noniid', 'round': 1, 'ticket_id': 99, 'owner': 'acct_49'}",mock
0xc994893fb4c83702764c98ded6b0906918675b64a9ad09b8a527f20d7ad5b693,93000,1,UpdatePublished,"{'model_id': 'model_mnist_784_noniid', 'round': 1, 'ticket_id': 99, 'cid': 'sha256:4c55f6b8fe41c55241d72b2178da00c8d47881de9bd19d2944b85d28475e5da3'}",mock
0x8336c84979745cf9a3a50f9f3f744fd03cb62690f26ece25a095b232058d842a,86000,1,TicketReserved,"{'model_id': 'model_mnist_784_noniid', 'round': 1, 'ticket_id': 100, 'owner': 'acct_50'}",mock
0xc9694f7e3291ca34b6a61e5674a26cf5b40a1dbd10bae607ae57de2f242f5d02,93000,1,UpdatePublished,"{'model_id': 'model_mnist_784_noniid', 'round': 1, 'ticket_id': 100, 'cid': 'sha256:6f312295966ce9ea0b9892ec16a27fb6d985a57a0b71e1bfbbc052c9bedd5e09'}",mock
0xf25e11139b95b3442da9d1966ac572461e0a07727abbec6b704381981ee75f3b,885000,1,RoundFinalized,"{'model_id': 'model_mnist_784_noniid', 'round': 1, 'included': 38, 'refunds': 38}",mock
0xccec27948ecf60112e48c2580899cfc401411e2e782104b0531babc277aef74e,52000,1,RoundFunded,"{'model_id': 'model_mnist_784_noniid', 'amount_wei': 10000000000000000}",mock
0x78a6943ed2a973cf52c3bc7bdd398057d51b471e0cd521c1668400bc83d39867,86000,1,TicketReserved,"{'model_id': 'model_mnist_784_noniid', 'round': 2, 'ticket_id': 101, 'owner': 'acct_1'}",mock
0x39de20232d803be0629c825aec138039e866e2b097909a86c7b67b377da25de5,93000,1,UpdatePublished,"{'model_id': 'model_mnist_784_noniid', 'round': 2, 'ticket_id': 101, 'cid': 'sha256:2656c03924257a1722e254cc957b3b1019b75d3f6857996a89dba9f89c4d16e2'}",mock
0x2141564aa12bf6207614efca5b526938fed4353ee700c1b9dd0d4389595f08a5,86000,1,TicketReserved,"{'model_id': 'model_mnist_784_noniid', 'round': 2, 'ticket_id': 102, 'owner': 'acct_2'}",mock
0xa90cbd029bc2ec177afbc6b478380884f4cd9b8958fbb6b5e802863f3ea0541a,93000,1,UpdatePublished,"{'model_id': 'model_mnist_784_noniid', 'round': 2, 'ticket_id': 102, 'cid': 'sha256:41305289a4395a56f213f7b3a84777b64bcf62ee750a8823225256f775cde2b9'}",mock
0x84edbb1a55b34c4372a3f680a13a73fa12cd4db86b430d97fffb9e72ff554b76,86000,1,TicketReserved,"{'model_id': 'model_mnist_784_noniid', 'round': 2, 'ticket_id': 103, 'owner': 'acct_3'}",mock
0x49a00771b38f3b96e9148e2d58cbc636f44057833e12a85e8a982ffdc6b3b2ee,93000,1,UpdatePublished,"{'model_id': 'model_mnist_784_noniid', 'round': 2, 'ticket_id': 103, 'cid': 'sha256:a958855b9912cbeca0f1d15f248ba2a00537267b4560de6af94e0c577469558d'}",mock
0xd6c30133bfe8a680c89793e14e20610f75646de0e040049410e3506c6138875e,86000,1,TicketReserved,"{'model_id': 'model_mnist_784_noniid', 'round': 2, 'ticket_id': 104, 'owner': 'acct_4'}",mock
0x946e884511e6fc0f0489919a9a94db9c524137b18669e99d955a51aa11e39fa0,93000,1,UpdatePublished,"{'model_id': 'model_mnist_784_noniid', 'round': 2, 'ticket_id': 104, 'cid': 'sha256:2738b19e42247ddcc9cc44e46e0295922c52266f2ff87ddfdb002aac69d3536b'}",mock
0x46b8065d063777460904bc77e20aaa64914b799cc69bf0282f004ffe86ebe69e,86000,1,TicketReserved,"{'model_id': 'model_mnist_784_noniid', 'round': 2, 'ticket_id': 105, 'owner': 'acct_5'}",mock
0xb7a5376b78d6c871ae916c93bb5b7ff898dc344d777eb4cb478b1f0d71805239,93000,1,UpdatePublished,"{'model_id': 'model_mnist_784_noniid', 'round': 2, 'ticket_id': 105, 'cid': 'sha256:542eaf3f6532ca585faf4e5be77145b168940d9cddd8d75d89a79a8d3cc96506'}",mock
0x99d38fc48fea64180e27c2cbdf834fec287260b132c6c601490c7af12e7f2af0,86000,1,TicketReserved,"{'model_id': 'model_mnist_784_noniid', 'round': 2, 'ticket_id': 106, 'owner': 'acct_6'}",mock
0x168f64d39b856e218e77df8a49ae2dbc436b1dfb9b005454a0fee8011ac7cebd,93000,1,UpdatePublished,"{'model_id': 'model_mnist_784_noniid', 'round': 2, 'ticket_id': 106, 'cid': 'sha256:b6e2946521923a11498ba0b1a516a89abf1f08c9d550bc6aa42cd1c48b0776d5'}",mock
0xafaef37dd987a44bf949a968b7ece858a513d4fb511c7f246d4b5cd4c66a74cb,86000,1,TicketReserved,"{'model_id': 'model_mnist_784_noniid', 'round': 2, 'ticket_id': 107, 'owner': 'acct_7'}",mock
0x744e379cf0d1590e38c1a074c5b9fe618167a89c2c9bba2099c48716ed83c2d8,93000,1,UpdatePublished,"{'model_id': 'model_mnist_784_noniid', 'round': 2, 'ticket_id': 107, 'cid': 'sha256:200f105095f6701dd9c23fd92c16ac792296a8417519b834a079afcba759f68f'}",mock
0x965e8ef5766faf405c8b854d46ca5a125203249ac6fa958b962799051e459e74,86000,1,TicketReserved,"{'model_id': 'model_mnist_784_noniid', 'round': 2, 'ticket_id': 108, 'owner': 'acct_8'}",mock
0xe557261d3679f1483d5a503f2e29305f8c16a89e1c2db5761dfddbb84673f366,93000,1,UpdatePublished,"{'model_id': 'model_mnist_784_noniid', 'round': 2, 'ticket_id': 108, 'cid': 'sha256:c71dadb0ee42664299813fcbff3a1ad41105b182794a4d29d7d85067f4816698'}",mock
0x32d5cfe47776b2985b4620e70cb00107ba1078a3b45b807129189403030a93f3,86000,1,TicketReserved,"{'model_id': 'model_mnist_784_noniid', 'round': 2, 'ticket_id': 109, 'owner': 'acct_9'}",mock
0xd741143f6d03674fb4cb6b91107ebe60f4f669d6db0be096926f0ae98eb31641,93000,1,UpdatePublished,"{'model_id': 'model_mnist_784_noniid', 'round': 2, 'ticket_id': 109, 'cid': 'sha256:bf46d68d11159c9fd4bcb35714bd3c274c827532d161cd95a04045a8a507ebad'}",mock
0xcaca70f4d044976f4209c07b7adf5f9887f1d6dbbd46fe5b2f4b2fdc094f6196,86000,1,TicketReserved,"{'model_id': 'model_mnist_784_noniid', 'round': 2, 'ticket_id': 110, 'owner': 'acct_10'}",mock
0x38131bf67de68683e28a01f1bef80d14f4a75b967e4f95082a8c3457f2a704c8,93000,1,UpdatePublished,"{'model_id': 'model_mnist_784_noniid', 'round': 2, 'ticket_id': 110, 'cid': 'sha256:151725bf2857506c3ad3e653d8891778b16b6410b0d3e858c3f1c775ed69b233'}",mock
0x0bca25c553b00f210b158c652ff733d453174bcc7e253066b0bef4068e0f3c34,86000,1,TicketReserved,"{'model_id': 'model_mnist_784_noniid', 'round': 2, 'ticket_id': 111, 'owner': 'acct_11'}",mock
0x52f68a2aac0950022dbf8ffea9271369e1ce6379fc45de50287ae62691bf13a0,93000,1,UpdatePublished,"{'model_id': 'model_mnist_784_noniid', 'round': 2, 'ticket_id': 111, 'cid': 'sha256:c96b405f765b9f1bccab0d9e752c4eb13a9f8b865f54dea4d4051dfd66cf9cf3'}",mock
0xa968c802fca3ee3ee5a18fb89ae882b2def2b39ab667e34da027def4575e3964,86000,1,TicketReserved,"{'model_id': 'model_mnist_784_noniid', 'round': 2, 'ticket_id': 112, 'owner': 'acct_12'}",mock
0xc79d06d0cff069c4ac846fa09001781fca3b2eac46d01560ecefe3c82fff4ccb,93000,1,UpdatePublished,"{'model_id': 'model_mnist_784_noniid', 'round': 2, 'ticket_id': 112, 'cid': 'sha256:04529ba93e5c9839363752b856893186946f6229a3a35a7e7e67184310596a37'}",mock
0xc768d3086a7b3ca0c81fa4a0b0055e9b11c838c6c1fd530d1665e516ae601c84,86000,1,TicketReserved,"{'model_id': 'model_mnist_784_noniid', 'round': 2, 'ticket_id': 113, 'owner': 'acct_13'}",mock
0x1ba08138853909d6b4402ae486d0de5be34fc33e66cc90ca1cbecf1afce2eac6,93000,1,UpdatePublished,"{'model_id': 'model_mnist_784_noniid', 'round': 2, 'ticket_id': 113, 'cid': 'sha256:628f584a56c94fd29864b21bbb96ad4de48da885b29391565313deb2c638285a'}",mock
0x5237c45f144b4d1cbacb8e17c62635868ee76b54e2117573ac25406129166da1,86000,1,TicketReserved,"{'model_id': 'model_mnist_784_noniid', 'round': 2, 'ticket_id': 114, 'owner': 'acct_14'}",mock
0x35c54e4d048b9c19782d2d91cbcb6578f5009cd6c6a8fe3cdccfd84e1557af56,93000,1,UpdatePublished,"{'model_id': 'model_mnist_784_noniid', 'round': 2, 'ticket_id': 114, 'cid': 'sha256:60b4e645da7f4060a2bbd7c4ac08662853e986865fd1de130b71d4f2606f65b1'}",mock
0xf90faa52eda7191bf37163e9660795e7e3cb3f05ee9afe37ae67c58e99e0c60a,86000,1,TicketReserved,"{'model_id': 'model_mnist_784_noniid', 'round': 2, 'ticket_id': 115, 'owner': 'acct_15'}",mock
0xd334d0d9648c072e0a582faa1765f19a067526a7b9453916f1a582afc213cf50,93000,1,UpdatePublished,"{'model_id': 'model_mnist_784_noniid', 'round': 2, 'ticket_id': 115, 'cid': 'sha256:93b90b333c2ba077511f68bc7340cb184e2f6180554d87b85fb509efc7ecde6c'}",mock
0x2f42cc58ead8fc7252707ee2f4a92c6525aacc8acb9ef6abb7563b637bbafcad,86000,1,TicketReserved,"{'model_id': 'model_mnist_784_noniid', 'round': 2, 'ticket_id': 116, 'owner': 'acct_16'}",mock
0x3843d28d94349b26a24d11dc44ba2a8319b56b1dc2284b475802730988b1a339,93000,1,UpdatePublished,"{'model_id': 'model_mnist_784_noniid', 'round': 2, 'ticket_id': 116, 'cid': 'sha256:33d1eb7f0b5756f41a51a7a43dc94495b010340323e09388c78e279cfba6d1d9'}",mock
0xa016c7f8ab9fc4c6b995f5f91e126ca236cb33e82ba68b5207dc36efeaeecef8,86000,1,TicketReserved,"{'model_id': 'model_mnist_784_noniid', 'round': 2, 'ticket_id': 117, 'owner': 'acct_17'}",mock
0x78a1c127ff74567b82aae225e647db9c08124c32df50fc6eab31742f3ea2b2cb,93000,1,UpdatePublished,"{'model_id': 'model_mnist_784_noniid', 'round': 2, 'ticket_id': 117, 'cid': 'sha256:4b760b66207dbc19191029576b6d278103d636a90d512a9427607a184a963c7f'}",mock
0xb616432d95f415b1b412a88e14de553b5ebb694ee94d6963d17884faaf4a8c7c,86000,1,TicketReserved,"{'model_id': 'model_mnist_784_noniid', 'round': 2, 'ticket_id': 118, 'owner': 'acct_18'}",mock
0x25acca564b61daaf8ba7e94afb9b61f3a0cca2c7ba076727d2e294eb8b656703,93000,1,UpdatePublished,"{'model_id': 'model_mnist_784_noniid', 'round': 2, 'ticket_id': 118, 'cid': 'sha256:0c914a5addefa7e7ab9202420248ab77cf342e895d57a23240c7693712bf21b6'}",mock
0xe219ce7eb7ad068722222e2f7cd3e953ad5b95b04ae3d9f251ed65a28bdcde78,86000,1,TicketReserved,"{'model_id': 'model_mnist_784_noniid', 'round': 2, 'ticket_id': 119, 'owner': 'acct_19'}",mock
0x990a9652b92a004171279e8e852e720925ec72201df1e63e016a088944aecbea,93000,1,UpdatePublished,"{'model_id': 'model_mnist_784_noniid', 'round': 2, 'ticket_id': 119, 'cid': 'sha256:19d8fe1d3f12c25d65dd1f98850930b2dadc808a468221d73aa5ac38cac80a1a'}",mock
0x3850b34fde5db10d0c641e4cfc408db3e585ebf192c948841dd16e603420a52e,86000,1,TicketReserved,"{'model_id': 'model_mnist_784_noniid', 'round': 2, 'ticket_id': 120, 'owner': 'acct_20'}",mock
0x36c515f20adc892f00557ddcc4040e1766c9a5847fa2567bb6924dfe9cdfaf37,93000,1,UpdatePublished,"{'model_id': 'model_mnist_784_noniid', 'round': 2, 'ticket_id': 120, 'cid': 'sha256:61a6ae99c0470f07759e6b29d039d9e2b6ba8c4fbcc55332bd9c2c3eba787a89'}",mock
0x9326c2c6df3b7056364d8fc99181239de76e337ec077cfcbc199d067b8850bb1,86000,1,TicketReserved,"{'model_id': 'model_mnist_784_noniid', 'round': 2, 'ticket_id': 121, 'owner': 'acct_21'}",mock
0x01ebe30b785931202e816c7e63b95bb14373dc3f56943ed8af0ea26ec7271621,93000,1,UpdatePublished,"{'model_id': 'model_mnist_784_noniid', 'round': 2, 'ticket_id': 121, 'cid': 'sha256:bcd74b89ff3b6e7871377f687cc1e2cd48dc77cc7267e2a762fad3dd6940d578'}",mock
0x8588b3903ba1ce2b200d0fc5e6ab1d9b6ba24d6c19a199f9196cade0b4bef535,86000,1,TicketReserved,"{'model_id': 'model_mnist_784_noniid', 'round': 2, 'ticket_id': 122, 'owner': 'acct_22'}",mock
0x8da4acdc520e4d0d2dceb75ce5c8f590e176ca187ba18022acd09eab879d5ea7,93000,1,UpdatePublished,"{'model_id': 'model_mnist_784_noniid', 'round': 2, 'ticket_id': 122, 'cid': 'sha256:ce5d971f2a2d77885283ad911c36751be254a2af1e64e40e224a17c8046c86bc'}",mock
0x8f2063364504350ebdc6d1e5aeb14b203b10e462b9939093e031d7ab04834e4f,86000,1,TicketReserved,"{'model_id': 'model_mnist_784_noniid', 'round': 2, 'ticket_id': 123, 'owner': 'acct_23'}",mock
0x1fbfd2c21389e7bcdda5051bfd667e2bec8161d79070bbc4345f061843e91f56,93000,1,UpdatePublished,"{'model_id': 'model_mnist_784_noniid', 'round': 2, 'ticket_id': 123, 'cid': 'sha256:4af697e52c686868e64df0be86f7a53766455a16d00f49f6715019bb83f1ec18'}",mock
0xbeb6729baa1bbdb848d0e0da61f6ab951a240308ba05425f0d8cf542b0f31dda,86000,1,TicketReserved,"{'model_id': 'model_mnist_784_noniid', 'round': 2, 'ticket_id': 124, 'owner': 'acct_24'}",mock
0x1c0099d637a6591ef23e02b6972a43c84b4b6992ae421413827eec3164c3cfa6,93000,1,UpdatePublished,"{'model_id': 'model_mnist_784_noniid', 'round': 2, 'ticket_id': 124, 'cid': 'sha256:624188608308f03f89b0386acc9ddceeb2f3f34ccd804231650735b367126929'}",mock
0xc3471d57a7445071f8e710a15d0c6c17aae3ede7a5d1e959f9f0d8c6c453f4d1,86000,1,TicketReserved,"{'model_id': 'model_mnist_784_noniid', 'round': 2, 'ticket_id': 125, 'owner': 'acct_25'}",mock
0xb84ca7b2e0a61f41ea58fb6865026b71d5328a0954d419a089444d38c7790ada,93000,1,UpdatePublished,"{'model_id': 'model_mnist_784_noniid', 'round': 2, 'ticket_id': 125, 'cid': 'sha256:92855d330b06bfadcb3c648b8dcc0e99acf02809f289185f8cce292df752cbae'}",mock
0xbdf144e8e41eb034955868f0cca3131d2f67c64dc05c75e16492ce19c2ff50cc,86000,1,TicketReserved,"{'model_id': 'model_mnist_784_noniid', 'round': 2, 'ticket_id': 126, 'owner': 'acct_26'}",mock
0xc7a4dc85f6a552f98cbb5eb509539b2a504d80eac2627fddf03ce667b6a24a82,93000,1,UpdatePublished,"{'model_id': 'model_mnist_784_noniid', 'round': 2, 'ticket_id': 126, 'cid': 'sha256:a43b992abfbc2eec679d352bda8d2083d2bbe615fe7f12ec047461d68d9b1e03'}",mock
0xf7b9d0da5231444052736eb0f51003ac5b47089c379536d7c400ad710f5230c4,86000,1,TicketReserved,"{'model_id': 'model_mnist_784_noniid', 'round': 2, 'ticket_id': 127, 'owner': 'acct_27'}",mock
0x7eea72d7070087fb2d38fa5e673ebff53f45b6d81f417c90d6c8302cd99a6bc5,93000,1,UpdatePublished,"{'model_id': 'model_mnist_784_noniid', 'round': 2, 'ticket_id': 127, 'cid': 'sha256:529386063d02dd1b39c26bdb11dfbc835b3ea87a1a168996cb6801eab14e8456'}",mock
0x072915ad79702a7608f8c490422b5e6676f5acd16b13910fe125396626fa2549,86000,1,TicketReserved,"{'model_id': 'model_mnist_784_noniid', 'round': 2, 'ticket_id': 128, 'owner': 'acct_28'}",mock
0xd8946ab8e7a8dd907f1544639fffe5838326207a55ecd135ff9de72386e57735,93000,1,UpdatePublished,"{'model_id': 'model_mnist_784_noniid', 'round': 2, 'ticket_id': 128, 'cid': 'sha256:42dbf1142c664f6c9883f56b206ff3e4f6ee237221f00695eb02d59bae67f880'}",mock
0x8f37c659c9e7f41c46769b142042b507d26ab0f8b7e193fc1f9b7a687e088dd5,86000,1,TicketReserved,"{'model_id': 'model_mnist_784_noniid', 'round': 2, 'ticket_id': 129, 'owner': 'acct_29'}",mock
0x8eeb8c55bd80b3078e522c776d219ef060d7d9fb67a14308d1bde6c236b327b1,93000,1,UpdatePublished,"{'model_id': 'model_mnist_784_noniid', 'round': 2, 'ticket_id': 129, 'cid': 'sha256:775d54b85d1ce6eafc4f9b15bb0534a4cb39ea5dead2c894f4684c4052ec2599'}",mock
0x9e97c23ca1e170c3a8c3ff86867ed7e2dafe742f7e9ef840b71284a46a29bfd7,86000,1,TicketReserved,"{'model_id': 'model_mnist_784_noniid', 'round': 2, 'ticket_id': 130, 'owner': 'acct_30'}",mock
0xe9d23a28fc47377ec05723dbf7a0189b71571dc1b6a60526c9089d539d9164f9,93000,1,UpdatePublished,"{'model_id': 'model_mnist_784_noniid', 'round': 2, 'ticket_id': 130, 'cid': 'sha256:fa938d42e771da2c487d02ed5f42b55b32c1bf5b24acb1797f916d5bed1f1ed4'}",mock
0xec8664c417b010c6038a71fe2639d51a627d95c4a5b92636435893b5aa11ebf4,86000,1,TicketReserved,"{'model_id': 'model_mnist_784_noniid', 'round': 2, 'ticket_id': 131, 'owner': 'acct_31'}",mock
0xd8a4ba826ae2d90b08044c149bf26fdf851e090392d5cfed359a9422768329c6,93000,1,UpdatePublished,"{'model_id': 'model_mnist_784_noniid', 'round': 2, 'ticket_id': 131, 'cid': 'sha256:2796a44afe19e925bccde8da801e929ca462044554bfbf12ea42f585b2155406'}",mock
0xf909951a2426b8c988cae3f52f2f905e3b64979af115f1c587a62de6889ef575,86000,1,TicketReserved,"{'model_id': 'model_mnist_784_noniid', 'round': 2, 'ticket_id': 132, 'owner': 'acct_32'}",mock
0xe47fac5ec78cde75057e1040e1afc0a6bff8ca65bd3dc49e0ab12f14109b3769,93000,1,UpdatePublished,"{'model_id': 'model_mnist_784_noniid', 'round': 2, 'ticket_id': 132, 'cid': 'sha256:91bba163123fc8d057cc11e49bde1b4f50ddc6ef3d4bd7fdfea4d8ce910c424f'}",mock
0xcb2a2e4a83cbc7ee3ddfc8cd317c4b109b424b50de0b60263dd7a9620f8fa465,86000,1,TicketReserved,"{'model_id': 'model_mnist_784_noniid', 'round': 2, 'ticket_id': 133, 'owner': 'acct_33'}",mock
0xf58278836083e52d3604b456f13fb1e752039d0c7745c923865111050a3e2c9d,93000,1,UpdatePublished,"{'model_id': 'model_mnist_784_noniid', 'round': 2, 'ticket_id': 133, 'cid': 'sha256:8e19ab21978b88c17638ad7a5727f374d8ba4fca308c7f42516178e654d34860'}",mock
0x74135abe38975cd25edbd016240183599aab29c4d290dad43a53bef027af975a,86000,1,TicketReserved,"{'model_id': 'model_mnist_784_noniid', 'round': 2, 'ticket_id': 134, 'owner': 'acct_34'}",mock
0x83810ac772cf735b00a75a80eed27cb84b28093f4b1b00e898360ba4ee2463d8,93000,1,UpdatePublished,"{'model_id': 'model_mnist_784_noniid', 'round': 2, 'ticket_id': 134, 'cid': 'sha256:090ffdc088193ba94cacdf9d13f9ccdb71c17e4fc2a2a3eaeb454f3f44996db9'}",mock
0x66c28a0c29afbf4eec17698f7f8ce4b5d550df86d8f0010919ec34cd6acae9ae,86000,1,TicketReserved,"{'model_id': 'model_mnist_784_noniid', 'round': 2, 'ticket_id': 135, 'owner': 'acct_35'}",mock
0x5450f714c4d5ffe780b5d89e3193c54968dc7b6f92a75342038cef71eb5bf0b1,93000,1,UpdatePublished,"{'model_id': 'model_mnist_784_noniid', 'round': 2, 'ticket_id': 135, 'cid': 'sha256:36280afb08795b7f2e4dba671565c315bbedfad7efe4bb8baff456dc654377c9'}",mock
0xcc5742853494b4610e94ace1d104648875363e0e578ae0d8618b5ac7fa4aa5be,86000,1,TicketReserved,"{'model_id': 'model_mnist_784_noniid', 'round': 2, 'ticket_id': 136, 'owner': 'acct_36'}",mock
0xb6deabff3273be417fde6d416075ab8343d848d9ff87a00371403d59adc4921c,93000,1,UpdatePublished,"{'model_id': 'model_mnist_784_noniid', 'round': 2, 'ticket_id': 136, 'cid': 'sha256:f4dfe0146515fa5b175eaf4be01d94f3734eafd9f8c97b39c85f1ac438778875'}",mock
0x84f0d2584768033f0b512dcd2bc5573b32ea085a6f17852c5268824d53c46d2b,86000,1,TicketReserved,"{'model_id': 'model_mnist_784_noniid', 'round': 2, 'ticket_id': 137, 'owner': 'acct_37'}",mock
0x42aec43be85fd828a41611b5a6f2b63ea8cc8a9047cdf5ff14ed65650498677b,93000,1,UpdatePublished,"{'model_id': 'model_mnist_784_noniid', 'round': 2, 'ticket_id': 137, 'cid': 'sha256:3ad3852b1a19b9269a4c863bc0b1dc53098655fcb95d1f2727e796eff88d9548'}",mock
0x2c329204b2558e887a2eb37ca5b94c40f7b58551d2e2396afa8803c0789bc878,86000,1,TicketReserved,"{'model_id': 'model_mnist_784_noniid', 'round': 2, 'ticket_id': 138, 'owner': 'acct_38'}",mock
0xf76cbc4e506d194f1eecadb28b6131e34ac22fa28f11ba8ee56d4a6f257bbe00,93000,1,UpdatePublished,"{'model_id': 'model_mnist_784_noniid', 'round': 2, 'ticket_id': 138, 'cid': 'sha256:2bc58fb57e6b2b4f6cc70bbd4231ed0774c18dacdcbaeddefe075c0a5adb80a6'}",mock
0xd1319538e19fc2ef1e510278467176029605f530966abedc44982671fc21c34e,86000,1,TicketReserved,"{'model_id': 'model_mnist_784_noniid', 'round': 2, 'ticket_id': 139, 'owner': 'acct_39'}",mock
0xb65d8b773941629d52877122693c01b410b4d1c2c4f62289deffc0b02d9711b8,93000,1,UpdatePublished,"{'model_id': 'model_mnist_784_noniid', 'round': 2, 'ticket_id': 139, 'cid': 'sha256:4c4122af566d81c02dce4ae2503a4452b0ebec7f54f22a4600d37d6d1c8d6bf0'}",mock
0xe73d01d32009b1b612a14e65163449fef173c3e5c1fab2aa5eda186498a6d387,86000,1,TicketReserved,"{'model_id': 'model_mnist_784_noniid', 'round': 2, 'ticket_id': 140, 'owner': 'acct_40'}",mock
0xd9dbd3d7f15875b29e3e18f46cce45c8a2e969c1b323e017be0d4ff3c2cb7e1c,93000,1,UpdatePublished,"{'model_id': 'model_mnist_784_noniid', 'round': 2, 'ticket_id': 140, 'cid': 'sha256:24b768b7a831686488c47b8050329e7ba58aced07a3cc9cf9d5ade88ed259af6'}",mock
0x98b19c15bd7783e48c76ddb7004c45377677df2ea6ff9e4183ba1290eb6b1d3a,86000,1,TicketReserved,"{'model_id': 'model_mnist_784_noniid', 'round': 2, 'ticket_id': 141, 'owner': 'acct_41'}",mock
0x09aa51046ccabada3be02fc07c4d65953438d129e5017452449de4b78acd05fe,93000,1,UpdatePublished,"{'model_id': 'model_mnist_784_noniid', 'round': 2, 'ticket_id': 141, 'cid': 'sha256:07a7bd0eec08f41adf5d200a386a55b6ba277f598060116af577c82647e467d3'}",mock
0x6e9b6b57b2f2c0f0cf0cb8bade5b30e98d32f4914b737602b54b0efde8314bee,86000,1,TicketReserved,"{'model_id': 'model_mnist_784_noniid', 'round': 2, 'ticket_id': 142, 'owner': 'acct_42'}",mock
0xe0760a3b7ca9cd7dc8db7819f5c47289ae512e5c1988e38398d0466aa32562f6,93000,1,UpdatePublished,"{'model_id': 'model_mnist_784_noniid', 'round': 2, 'ticket_id': 142, 'cid': 'sha256:b132a94c9d29675c90cdeba0e3423cacd23f4efc45c20b673e966f0a26cd3ba2'}",mock
0xe96b4292b16ae7a4c96b43a0b1a58bc28c7489d3d4a6ea5590fe1ce51c9fcd46,86000,1,TicketReserved,"{'model_id': 'model_mnist_784_noniid', 'round': 2, 'ticket_id': 143, 'owner': 'acct_43'}",mock
0x0c381b719409e0c56d4d9cc82ec07b88725397ee5265c88dc2956b40c09b0801,93000,1,UpdatePublished,"{'model_id': 'model_mnist_784_noniid', 'round': 2, 'ticket_id': 143, 'cid': 'sha256:aa31bd966c479b7106ae0cadcbe2ff65a1b7585e7aca54248faec9358d2b2944'}",mock
0x61f290fc0510dbc10130921ca05cb47d31b6210ec112e01ba4691eb29edbd34c,86000,1,TicketReserved,"{'model_id': 'model_mnist_784_noniid', 'round': 2, 'ticket_id': 144, 'owner': 'acct_44'}",mock
0xbf3d2b2abf921c494b4db7bf458a7c72276596a9492d5bf3d9fd478e77389dea,93000,1,UpdatePublished,"{'model_id': 'model_mnist_784_noniid', 'round': 2, 'ticket_id': 144, 'cid': 'sha256:70650c26390a7b0fda2e7655a8f7509d6a1ab9e80e6988de6e22a52c8b153d34'}",mock
0x2be406384e8a246b9e3f542ab185c799720666f102ff34f55b4def916babd209,86000,1,TicketReserved,"{'model_id': 'model_mnist_784_noniid', 'round': 2, 'ticket_id': 145, 'owner': 'acct_45'}",mock
0xddefd42dc8572fd807f9b22e6d165c4d656a010bcda4db278bf410bd32a3dde0,93000,1,UpdatePublished,"{'model_id': 'model_mnist_784_noniid', 'round': 2, 'ticket_id': 145, 'cid': 'sha256:789f8647c10a159c0e838cbcdd37f90659a681d0224793a94a1bae2083b2bd01'}",mock
0x1d91cd076f1a2f44a29832aa5fe0ff50cd8bbdd51c81ba36257b2f02f39b59e4,86000,1,TicketReserved,"{'model_id': 'model_mnist_784_noniid', 'round': 2, 'ticket_id': 146, 'owner': 'acct_46'}",mock
0x4197f939c4f3c8a87dbd7e9539a67bec0d9b3efc1b32153dbed8e294bb8efdcd,93000,1,UpdatePublished,"{'model_id': 'model_mnist_784_noniid', 'round': 2, 'ticket_id': 146, 'cid': 'sha256:63cec44ea5facad5bd8d89de4afa4569040608d04ece25bda6a2ec148f1002c4'}",mock
0xc137e77caec2be19caf0adf83dc2f98ec4412fa51fa4a81373c2a23dad76fe2d,86000,1,TicketReserved,"{'model_id': 'model_mnist_784_noniid', 'round': 2, 'ticket_id': 147, 'owner': 'acct_47'}",mock
0xb00840fd44dc9ab9ba29340406ed5526e545b45248dc127df94267faeee5e5a6,93000,1,UpdatePublished,"{'model_id': 'model_mnist_784_noniid', 'round': 2, 'ticket_id': 147, 'cid': 'sha256:7888edabd270f5ace06728dd7ff55e8dcaeab8293964d9ecf7fa7f358e265481'}",mock
0xe3dd536b4a038001723b85b4b35611f604d7cafeaf249de9b6bfab3949e2b298,86000,1,TicketReserved,"{'model_id': 'model_mnist_784_noniid', 'round': 2, 'ticket_id': 148, 'owner': 'acct_48'}",mock
0x8497a98b0b183a0c9f61b8d91d1e30d71d9bd582e3e0d6322c78692383dbefa8,93000,1,UpdatePublished,"{'model_id': 'model_mnist_784_noniid', 'round': 2, 'ticket_id': 148, 'cid': 'sha256:90ef9527e2e35950a6bd9f3e861d9081f1b4328afa6fa46cfd98253b2dd84b8b'}",mock
0x9d6cccba8cc68455b0bb1dc15fc9234ebc99fb0b8930a1f8c9210d85c90e59c7,86000,1,TicketReserved,"{'model_id': 'model_mnist_784_noniid', 'round': 2, 'ticket_id': 149, 'owner': 'acct_49'}",mock
0x23ce40c5e6ceab01d73952978518c5414de97c525f033b6cbab4b105066ff2da,93000,1,UpdatePublished,"{'model_id': 'model_mnist_784_noniid', 'round': 2, 'ticket_id': 149, 'cid': 'sha256:ea1b9a159d877dc6efcddfa65fb54ab3166aaa714de690ee5bcec3c099774a36'}",mock
0xe1cf16c5f8cdd806d9eb6669423133c6be60a5c4eeee0f014a94a44266f24562,86000,1,TicketReserved,"{'model_id': 'model_mnist_784_noniid', 'round': 2, 'ticket_id': 150, 'owner': 'acct_50'}",mock
0x6f427b9d9994a036ca249d88462381be7030a57ba286b93b5ffd6345f0f611c4,93000,1,UpdatePublished,"{'model_id': 'model_mnist_784_noniid', 'round': 2, 'ticket_id': 150, 'cid': 'sha256:784b6d9a6dda43c0bbd6066f86b3cb743db549736c02b9415ec1c4c9e9fe411c'}",mock
0x85a98dbdd5f80504734dd6a1f1b7e517aa36c66ef711e5e8e22a217fd91b0a3d,745000,1,RoundFinalized,"{'model_id': 'model_mnist_784_noniid', 'round': 2, 'included': 31, 'refunds': 31}",mock
0x11fc22b024ca9a64b7f76a8704091c61cf2315ba1ffbd2634b2b282c182ba2a3,52000,1,RoundFunded,"{'model_id': 'model_mnist_784_noniid', 'amount_wei': 10000000000000000}",mock
0x4df54672b88db7b16bd07334ca0b622a87a3780120fd076e670f38529c42f1e9,86000,1,TicketReserved,"{'model_id': 'model_mnist_784_noniid', 'round': 3, 'ticket_id': 151, 'owner': 'acct_1'}",mock
0xfd6fc8bd928a22a083e81db9fb8f783c2d85f2bef6435e63d06d911d155e99d1,93000,1,UpdatePublished,"{'model_id': 'model_mnist_784_noniid', 'round': 3, 'ticket_id': 151, 'cid': 'sha256:f2f642ee06052ae2d54d154669528bc623b6ad5eb048580ad617c369a3cd57e2'}",mock
0x04148c2fb0d6b708c71a8ef440420f9877024be1a89454309906e801bb9ae817,86000,1,TicketReserved,"{'model_id': 'model_mnist_784_noniid', 'round': 3, 'ticket_id': 152, 'owner': 'acct_2'}",mock
0x15f951ad219a4d4735c6e11a2ed96dee85ec25d6d351534bdc8e497ba3fff6e5,93000,1,UpdatePublished,"{'model_id': 'model_mnist_784_noniid', 'round': 3, 'ticket_id': 152, 'cid': 'sha256:524a7ba57e2c3f63be07266eb83e34220b8bb069b5532e2d708c48779be404b7'}",mock
0x77d75da3d94a136ffb0ab5dc86018149f90e5005781bbb00a88bc836599400cb,86000,1,TicketReserved,"{'model_id': 'model_mnist_784_noniid', 'round': 3, 'ticket_id': 153, 'owner': 'acct_3'}",mock
0x408bd39e0722d9b4d701d0169cd5c12f64271a8ca31aed560a92bfd007dc1894,93000,1,UpdatePublished,"{'model_id': 'model_mnist_784_noniid', 'round': 3, 'ticket_id': 153, 'cid': 'sha256:a8630875815f619a6bfd12a69f492bfbb04e81d83cb67d6b90a05ac7f888bdd8'}",mock
0xe66049b1984b644ecc646f77d3f11fb862baeb19b4836b1add34825e0408eaf9,86000,1,TicketReserved,"{'model_id': 'model_mnist_784_noniid', 'round': 3, 'ticket_id': 154, 'owner': 'acct_4'}",mock
0xed196c293992e236b6033b98fc4beefeff1ca80318c2e9c8ffbd73bdba580a62,93000,1,UpdatePublished,"{'model_id': 'model_mnist_784_noniid', 'round': 3, 'ticket_id': 154, 'cid': 'sha256:c7016d15e11cf0eb5be759e30ba01cf798d6fa3a5d93a4628a76c8c8b9613c4b'}",mock
0x84f8556a3f391065089c068006d314c68bf7b984cee3b5927cece1448b0d9968,86000,1,TicketReserved,"{'model_id': 'model_mnist_784_noniid', 'round': 3, 'ticket_id': 155, 'owner': 'acct_5'}",mock
0xe6244fa4ec167abbe4de8d10b4fd7ec10ae6d17017d145194bac0dbc125c8c1d,93000,1,UpdatePublished,"{'model_id': 'model_mnist_784_noniid', 'round': 3, 'ticket_id': 155, 'cid': 'sha256:2b48fb5e1fcebe88a358eeaffbb9d8d0b72ad08bf243c55af06179bdb8b0e3c0'}",mock
0xafeaefbc1ca2807629cc22cfb1a7fd8698d7da90485d2d34c4bff4e05d3f8d85,86000,1,TicketReserved,"{'model_id': 'model_mnist_784_noniid', 'round': 3, 'ticket_id': 156, 'owner': 'acct_6'}",mock
0x885b92ee62340b469e63f477512c26fd3758df61486763a79bd93d5cb3ef4c4e,93000,1,UpdatePublished,"{'model_id': 'model_mnist_784_noniid', 'round': 3, 'ticket_id': 156, 'cid': 'sha256:72612374e2f9f63e3b98abd1588998df993835d8cf689ca0665b2dabadcb80e7'}",mock
0x92cc417dcee8eb3a7c12646061688e854cca74a4020076a8f0ae5032a2130ef9,86000,1,TicketReserved,"{'model_id': 'model_mnist_784_noniid', 'round': 3, 'ticket_id': 157, 'owner': 'acct_7'}",mock
0x8419783dfead824f13e0a2cc9c32e1f4cab3bce8a0a561d0b6898f641fea060b,93000,1,UpdatePublished,"{'model_id': 'model_mnist_784_noniid', 'round': 3, 'ticket_id': 157, 'cid': 'sha256:028ee02cff228ba9995709a67564309abf0949b32bbd90266aa7f296b58766fa'}",mock
0xdefe0489ff36da73f8314720e5e815973783ee6dbfd8b4dbf064d8445702b77d,86000,1,TicketReserved,"{'model_id': 'model_mnist_784_noniid', 'round': 3, 'ticket_id': 158, 'owner': 'acct_8'}",mock
0xfe973072d3ae67d827e57ca4910ec751f269346a125033bb40213de7027d78fd,93000,1,UpdatePublished,"{'model_id': 'model_mnist_784_noniid', 'round': 3, 'ticket_id': 158, 'cid': 'sha256:86c8b7878c58cf547deb42ca241c9d8b606a5b046f7cd6d41587cc1ec72cfc9f'}",mock
0xaa66692a2c7a9a4994177ca61e01196a412f8c2622db832934d1b39df82061d3,86000,1,TicketReserved,"{'model_id': 'model_mnist_784_noniid', 'round': 3, 'ticket_id': 159, 'owner': 'acct_9'}",mock
0xc0c5211192e071d2b6e99779394e696cbb27f9dbb71d38a5674b1a85c1fa78e7,93000,1,UpdatePublished,"{'model_id': 'model_mnist_784_noniid', 'round': 3, 'ticket_id': 159, 'cid': 'sha256:bd46deaa6a4caf0fd7b9a786ccfcf912af2138ee23359815e8b63181a8a881f8'}",mock
0x63468b6576611a4654834a490d7df5bcd6006af2e1edafce085c9601a3f0e597,86000,1,TicketReserved,"{'model_id': 'model_mnist_784_noniid', 'round': 3, 'ticket_id': 160, 'owner': 'acct_10'}",mock
0xd843f27bf3b00e63e17021f6e90add1ae4476d54f70a76ff88a7e2b75ff7e796,93000,1,UpdatePublished,"{'model_id': 'model_mnist_784_noniid', 'round': 3, 'ticket_id': 160, 'cid': 'sha256:18d1ccba2f6cb2568f5a0975d6d9aaae6bef115a88ed01ea7e64aeff85adeef8'}",mock
0x29f08f1b8ca90f31b8de9c6af6cc94c75f70aa99fdced10459bbed238dbf62ad,86000,1,TicketReserved,"{'model_id': 'model_mnist_784_noniid', 'round': 3, 'ticket_id': 161, 'owner': 'acct_11'}",mock
0x200c0026eb9b8ea497e577ed951a1a3e95c2134d3a2f2a982a44827ed7f06ebb,93000,1,UpdatePublished,"{'model_id': 'model_mnist_784_noniid', 'round': 3, 'ticket_id': 161, 'cid': 'sha256:8638443896b3365c754cc041361d85456ac893d492a26e4d7c50f8f071ccc99b'}",mock
0xe3d62a1562ee9911355d740627e71b5b1237b695692247042d098777f7dae2d0,86000,1,TicketReserved,"{'model_id': 'model_mnist_784_noniid', 'round': 3, 'ticket_id': 162, 'owner': 'acct_12'}",mock
0x6efeb58152305edf69a8a9c68ddba500e9a451d47eea2b3aaadd599985645886,93000,1,UpdatePublished,"{'model_id': 'model_mnist_784_noniid', 'round': 3, 'ticket_id': 162, 'cid': 'sha256:68847fb6936fa01e9a4c39ed47ecbee84fe8922477fc4772e3714703f347824a'}",mock
0x133dab58f31be98f6564a56bd641a1f65de7934d721f1af3d17a1b645a1aff1c,86000,1,TicketReserved,"{'model_id': 'model_mnist_784_noniid', 'round': 3, 'ticket_id': 163, 'owner': 'acct_13'}",mock
0x5e8eed15203de7f0ac543fe6406c7cc03a887662282b7df2f3dc3c81a1cdbe98,93000,1,UpdatePublished,"{'model_id': 'model_mnist_784_noniid', 'round': 3, 'ticket_id': 163, 'cid': 'sha256:33cabf56310193b96a012ca8f709a076cba7d3bb08d21677ca1360d5cfd44c92'}",mock
0xfdfa12cd78af86a5fea4d9f16c67fa09c3e923db2e62e58fe55c151237defd5b,86000,1,TicketReserved,"{'model_id': 'model_mnist_784_noniid', 'round': 3, 'ticket_id': 164, 'owner': 'acct_14'}",mock
0x64cd6e9c9d099858a89beec5bea7a50b14f138706943edb306d0d7619d076cf9,93000,1,UpdatePublished,"{'model_id': 'model_mnist_784_noniid', 'round': 3, 'ticket_id': 164, 'cid': 'sha256:6091d34791172e548180aa8865de1fafa7856594d0f04d618377c034ac47547f'}",mock
0x57f0e54fa226c9845e9e64b3acc2c3273e5a9249ba82da12c8315903fbbb17b9,86000,1,TicketReserved,"{'model_id': 'model_mnist_784_noniid', 'round': 3, 'ticket_id': 165, 'owner': 'acct_15'}",mock
0x340a2da948c601b040cd9b522046ee033198dc0316416f8fea3aa80c57ae96d5,93000,1,UpdatePublished,"{'model_id': 'model_mnist_784_noniid', 'round': 3, 'ticket_id': 165, 'cid': 'sha256:894ae52e995efe600061dbd387d9cde7d322457c79d600f95c2c1cc2195765a4'}",mock
0x459d038fb79591daa04f4c2f3cff211fa9ad8a917797980da9a696882de8eb29,86000,1,TicketReserved,"{'model_id': 'model_mnist_784_noniid', 'round': 3, 'ticket_id': 166, 'owner': 'acct_16'}",mock
0x16d81f8827ba2f23212bb1a4136b98dc98bdc558f758a2cc94e5d7b8d38e14dd,93000,1,UpdatePublished,"{'model_id': 'model_mnist_784_noniid', 'round': 3, 'ticket_id': 166, 'cid': 'sha256:77b6fc4d188d1e263622b5af65729a4e808ab756d347dceff0ef622ea29807a6'}",mock
0xc11a0a29cbdfb71986d1f08fb8b49669ac82496ec12e94a96e600f3692935aeb,86000,1,TicketReserved,"{'model_id': 'model_mnist_784_noniid', 'round': 3, 'ticket_id': 167, 'owner': 'acct_17'}",mock
0xf0822206d43790468fd484d0debff3dbea66b6fc6eef7d9b880f4695208e80f3,93000,1,UpdatePublished,"{'model_id': 'model_mnist_784_noniid', 'round': 3, 'ticket_id': 167, 'cid': 'sha256:c36964e2e4ea5daea4beef229f1eb4d70aa3408b34c6957cb4283a92d0e25348'}",mock
0x64e9c447e25a1fb8b5641e4c1224266aa4c83931c3b56d347eee7d883bcc4187,86000,1,TicketReserved,"{'model_id': 'model_mnist_784_noniid', 'round': 3, 'ticket_id': 168, 'owner': 'acct_18'}",mock
0x22386e72544ee377d1bad856ef1f7cced028150b463f5ae3461d944b2af321d3,93000,1,UpdatePublished,"{'model_id': 'model_mnist_784_noniid', 'round': 3, 'ticket_id': 168, 'cid': 'sha256:0b8f665267becb926aebf63f691d1fb8b328b09e6f24031cced1c235e0509301'}",mock
0x4c0d330aed59dbe7822db53e277bd760ca3145f668189b720d747af1658638b7,86000,1,TicketReserved,"{'model_id': 'model_mnist_784_noniid', 'round': 3, 'ticket_id': 169, 'owner': 'acct_19'}",mock
0xb7d2f8ec1ae97ee4e666824a82844f382019cf2dd7424a96e045c4b8bbbaf159,93000,1,UpdatePublished,"{'model_id': 'model_mnist_784_noniid', 'round': 3, 'ticket_id': 169, 'cid': 'sha256:d91de8fb5adf44c924557646e167372b7a1eacf81325b7607f41d9cfc59601ce'}",mock
0xa4641af0eb499537b68d9959fb39cc037ed75d3f59eee77bc14595f0394dd1ef,86000,1,TicketReserved,"{'model_id': 'model_mnist_784_noniid', 'round': 3, 'ticket_id': 170, 'owner': 'acct_20'}",mock
0x1dc9395ccf951831ab5488299cdb9737a9e6b7030a8d60444a5caa00a906dd6f,93000,1,UpdatePublished,"{'model_id': 'model_mnist_784_noniid', 'round': 3, 'ticket_id': 170, 'cid': 'sha256:e208fd25d046f774ea7d2afeb1f846065b8f7960f27a51bd2b6f2486bb48ee84'}",mock
0x8e72b1bf59095909aa90c263e92a9a2462e486c7a6fa492d1ff32353d59f4220,86000,1,TicketReserved,"{'model_id': 'model_mnist_784_noniid', 'round': 3, 'ticket_id': 171, 'owner': 'acct_21'}",mock
0x1a5f37c0e23eb6e574aba98144e15be0d447c8cdcee67f3e2066fc8fa44b4250,93000,1,UpdatePublished,"{'model_id': 'model_mnist_784_noniid', 'round': 3, 'ticket_id': 171, 'cid': 'sha256:2dd6b9b2a09e54a16b6fc0e159c2f4aae1f9f3c47f20f8dc6cb350990bfd63e9'}",mock
0x82dad3300c25e2a4647306c622a882ac19dda975a11c68ced86e36d99e079f1b,86000,1,TicketReserved,"{'model_id': 'model_mnist_784_noniid', 'round': 3, 'ticket_id': 172, 'owner': 'acct_22'}",mock
0x8c5fdaf3e15d33c14adc0802d0cfebe6bfdecbbde0e4794e2c804d4e82bb932b,93000,1,UpdatePublished,"{'model_id': 'model_mnist_784_noniid', 'round': 3, 'ticket_id': 172, 'cid': 'sha256:88b93f7d990961771463fa2ffd0a1429623e532c221cfec4cb72e2c4bb64e394'}",mock
0xdda08fd5a10d83d4b4408feced117ea4b5965f31f9275414229bd3d42d00e2e9,86000,1,TicketReserved,"{'model_id': 'model_mnist_784_noniid', 'round': 3, 'ticket_id': 173, 'owner': 'acct_23'}",mock
0xef727848a427e78d0e9105a7bcadbe34efd10b208efd843400262021d9584bbb,93000,1,UpdatePublished,"{'model_id': 'model_mnist_784_noniid', 'round': 3, 'ticket_id': 173, 'cid': 'sha256:c551c6b8a2bea300ebf31027ad4bba8629a4204c9e7184d2eaf1994ded245df4'}",mock
0x1b05ab46969cf1327ed868ea608fd7284df6f4a60666ab9dc81e4f38b95a922a,86000,1,TicketReserved,"{'model_id': 'model_mnist_784_noniid', 'round': 3, 'ticket_id': 174, 'owner': 'acct_24'}",mock
0x488e8fde66f10ac43f74426eada00a887b769086eda038addab594acceae10f3,93000,1,UpdatePublished,"{'model_id': 'model_mnist_784_noniid', 'round': 3, 'ticket_id': 174, 'cid': 'sha256:dbeae9ed961d91cde91c4f2a85aa232dfd8a7d5e182ace696af01f0b04e8b208'}",mock
0xf30d79f55750171330ab57aebbaa3f115efdac98eb5586c038950085bb8fd526,86000,1,TicketReserved,"{'model_id': 'model_mnist_784_noniid', 'round': 3, 'ticket_id': 175, 'owner': 'acct_25'}",mock
0x7d3335cddd882e38aa0be2e0673ce1ecc999c1ea56e453dbe39fc9123810fb5e,93000,1,UpdatePublished,"{'model_id': 'model_mnist_784_noniid', 'round': 3, 'ticket_id': 175, 'cid': 'sha256:195c98586ea2508b7b766b814432a2dc9ead04d34a2e012b5ae421804a89f25b'}",mock
0xd6015f549a294fe9fa75ccd52e015d425c3710a726b8c57cc1f54b147d544895,86000,1,TicketReserved,"{'model_id': 'model_mnist_784_noniid', 'round': 3, 'ticket_id': 176, 'owner': 'acct_26'}",mock
0x29f8eec400c87e6e202f8e71590b8c76796f4f2f0dc8563451970e4098b1cfc2,93000,1,UpdatePublished,"{'model_id': 'model_mnist_784_noniid', 'round': 3, 'ticket_id': 176, 'cid': 'sha256:06d22365b39b0cb2b5ebc88eacc43ad74972619650d8325c15efee39fe2863c4'}",mock
0x317fc14d470c1e590ce1d4861f684f7c66298c390a511131c6898fcb3125ac5e,86000,1,TicketReserved,"{'model_id': 'model_mnist_784_noniid', 'round': 3, 'ticket_id': 177, 'owner': 'acct_27'}",mock
0x69b45a4880bdee3b1872d52af81fb186e4afe7a3b9da3530c7bdee6ef71bf34f,93000,1,UpdatePublished,"{'model_id': 'model_mnist_784_noniid', 'round': 3, 'ticket_id': 177, 'cid': 'sha256:882536d3015f1ee9e629a0edbf84a8ee8dc0f8031e75fa6cd11427e5b4bdf12b'}",mock
0x5e2238582a5ac96c6b37bb9418e4485e017a74d0ee2a72d70c5acf0d262c891c,86000,1,TicketReserved,"{'model_id': 'model_mnist_784_noniid', 'round': 3, 'ticket_id': 178, 'owner': 'acct_28'}",mock
0xeab17dc0f0aa875c65bb29599435feac7921b22acb870b7dc43de0cf34d1a2a6,93000,1,UpdatePublished,"{'model_id': 'model_mnist_784_noniid', 'round': 3, 'ticket_id': 178, 'cid': 'sha256:ff79b3977dfd1cc7659ae9b477a1a1f38a8b3c3a49d0f3e3920b9f5789b93343'}",mock
0x7493559b46303576c1b538d406ccb2c9871ca8df4c24a577df84646c03910cd2,86000,1,TicketReserved,"{'model_id': 'model_mnist_784_noniid', 'round': 3, 'ticket_id': 179, 'owner': 'acct_29'}",mock
0x7916c7f9a524d333e326f7cf85a8ab3cbbc5f39193795867703e7174d059099c,93000,1,UpdatePublished,"{'model_id': 'model_mnist_784_noniid', 'round': 3, 'ticket_id': 179, 'cid': 'sha256:eb66f999af246eab9d2a4c27812f03b9423f7503daa5cda9b687eb7be53442ab'}",mock
0xe345751f0ccbfd007a8d8930bb1322f2f82e91d2eae9f1f6512904e3b4da942b,86000,1,TicketReserved,"{'model_id': 'model_mnist_784_noniid', 'round': 3, 'ticket_id': 180, 'owner': 'acct_30'}",mock
0x1a473f9bdcb71c0d554b0470abaeafdbb49f59e1752a3ae1d0a32d4774083877,93000,1,UpdatePublished,"{'model_id': 'model_mnist_784_noniid', 'round': 3, 'ticket_id': 180, 'cid': 'sha256:8b84754db1e87785dd86760d56301211e96498c2e1177aa8544c492563c16e6a'}",mock
0x631324d290efadd8f54917c8b8397317c918741ee8a494e9a49190d8fc356fe2,86000,1,TicketReserved,"{'model_id': 'model_mnist_784_noniid', 'round': 3, 'ticket_id': 181, 'owner': 'acct_31'}",mock
0xde1d6ee9f37e56085cf0fa7ecbfe5b3a749e2967d20e242c6ca673f701cccb17,93000,1,UpdatePublished,"{'model_id': 'model_mnist_784_noniid', 'round': 3, 'ticket_id': 181, 'cid': 'sha256:a1e6c0e371ca8100474ee79d3e8b25dfd407d472242e128fc8330065c848b893'}",mock
0xcb6ecdb32d59304669d7f9c88d774295f2e17a1bc1a2003787be81cff7f2987b,86000,1,TicketReserved,"{'model_id': 'model_mnist_784_noniid', 'round': 3, 'ticket_id': 182, 'owner': 'acct_32'}",mock
0x4c09c21e1135a1d061fe54bf6c9be1473564897d3bf02857db116673fc618f51,93000,1,UpdatePublished,"{'model_id': 'model_mnist_784_noniid', 'round': 3, 'ticket_id': 182, 'cid': 'sha256:d46478fe3eddb99dacfa357380ed7d877b32701707a32dc39a1f3e5c3e2ac1a6'}",mock
0xa30f50444ac1919cc33c566b0521ba3bd414bf958c99b1e7b41411c52108293b,86000,1,TicketReserved,"{'model_id': 'model_mnist_784_noniid', 'round': 3, 'ticket_id': 183, 'owner': 'acct_33'}",mock
0x9e70491b396a28e88f823b9544b963f6c00316c8beb82a3fd0ca2ff46685df9b,93000,1,UpdatePublished,"{'model_id': 'model_mnist_784_noniid', 'round': 3, 'ticket_id': 183, 'cid': 'sha256:dd42fe394a8e9b17ae1f0cd132fce9af840202fe95e8d64882a337a279dece82'}",mock
0xf20a704c3cbec275d127a517cc3788bdb3861483fde849b2c88b7f52ee8b2c66,86000,1,TicketReserved,"{'model_id': 'model_mnist_784_noniid', 'round': 3, 'ticket_id': 184, 'owner': 'acct_34'}",mock
0x248cdf0b280a6b8f6b0b46799538052d67080b1cfa31649908831bf9b7953f37,93000,1,UpdatePublished,"{'model_id': 'model_mnist_784_noniid', 'round': 3, 'ticket_id': 184, 'cid': 'sha256:8d140f9bc9af0ac34b566bfd12634d52f752cd0d56a89e839903081cbee4a15d'}",mock
0x909a2cfbd7fd1bcc4c0ac46a082f8ac4fd2318c86b1e70f2ceb53166026e4577,86000,1,TicketReserved,"{'model_id': 'model_mnist_784_noniid', 'round': 3, 'ticket_id': 185, 'owner': 'acct_35'}",mock
0xc98a286b7b855884bdf9480df6734df6e4945d5d469a4a0a35a3baef85568306,93000,1,UpdatePublished,"{'model_id': 'model_mnist_784_noniid', 'round': 3, 'ticket_id': 185, 'cid': 'sha256:9879be0e5b041c6d690616848309249b3b93aaf2d0426929243ef23b4bd37bfb'}",mock
0xb413be74b130138dbe7bb62139dc6e6968a276394a5723ab04d2a2dad9c18192,86000,1,TicketReserved,"{'model_id': 'model_mnist_784_noniid', 'round': 3, 'ticket_id': 186, 'owner': 'acct_36'}",mock
0x21785ec452352ba9db0af1beeb2e0834d8e31db212f0fc6136edb719d97c9a40,93000,1,UpdatePublished,"{'model_id': 'model_mnist_784_noniid', 'round': 3, 'ticket_id': 186, 'cid': 'sha256:9b8fc08902c26d97f0cfca4752473ae1ef6d5e4ec13c5dc33d5de568bd4b7ba0'}",mock
0x62e4a65a9434f9ef21de49da31b89da1504d9f3d17cf657b91e3eeb68fcaad2c,86000,1,TicketReserved,"{'model_id': 'model_mnist_784_noniid', 'round': 3, 'ticket_id': 187, 'owner': 'acct_37'}",mock
0x68359ea73a3f55421b7beb7c38634e9527c2d5ad015c418fa66506e0e4ac097f,93000,1,UpdatePublished,"{'model_id': 'model_mnist_784_noniid', 'round': 3, 'ticket_id': 187, 'cid': 'sha256:561f06e28c6d07e8d58a491948253fdae1243854b3f195e4139dc6fcdb31cac5'}",mock
0x714c0622544943d75e7e1efdacd7628a90757406d62d64c3537ae668610e2862,86000,1,TicketReserved,"{'model_id': 'model_mnist_784_noniid', 'round': 3, 'ticket_id': 188, 'owner': 'acct_38'}",mock
0x7c15ca90cebc0115946e037dc90cf1d089ee093e636c4aff077d2b9529c923f4,93000,1,UpdatePublished,"{'model_id': 'model_mnist_784_noniid', 'round': 3, 'ticket_id': 188, 'cid': 'sha256:e7f04ecff19fdd80e2716a2a93c23264d6a793b7fa4e7be7ed9d1e7969ea712d'}",mock
0xeae6d84b2f94e8c6800e545a5719ba7076d6353710cefe7d7bf86971e7dde098,86000,1,TicketReserved,"{'model_id': 'model_mnist_784_noniid', 'round': 3, 'ticket_id': 189, 'owner': 'acct_39'}",mock
0x2cc68bc1d2483c8b17ae9235486ea15626c5899ea4a919cd40d2d24a0d98e5a5,93000,1,UpdatePublished,"{'model_id': 'model_mnist_784_noniid', 'round': 3, 'ticket_id': 189, 'cid': 'sha256:7548c62bcdd48c8dc2d332727244d894fb30c1945435048764a5ceace11b2cb4'}",mock
0xc827d90812800a3502638cd721c77252e9e3695133322fa191397ae11b8fca95,86000,1,TicketReserved,"{'model_id': 'model_mnist_784_noniid', 'round': 3, 'ticket_id': 190, 'owner': 'acct_40'}",mock
0xebab74a33b0626c104e8ca4333e0c1cf3c567342fcdaf6863e5905e6b6cf6325,93000,1,UpdatePublished,"{'model_id': 'model_mnist_784_noniid', 'round': 3, 'ticket_id': 190, 'cid': 'sha256:01ad97761c63b03ed46f0a13bf5a76a78195ed1f3b643b16299b2696a9c9a8a9'}",mock
0x2db8228e0fae17471e669a9745a16b1a13b0441ebedce7022591c1f9af8b7bba,86000,1,TicketReserved,"{'model_id': 'model_mnist_784_noniid', 'round': 3, 'ticket_id': 191, 'owner': 'acct_41'}",mock
0xf9e19084ff5eadfdadb876fc7b2953cd312a5abbffa425cf583ad29ddcdc626a,93000,1,UpdatePublished,"{'model_id': 'model_mnist_784_noniid', 'round': 3, 'ticket_id': 191, 'cid': 'sha256:a17316c364afcce98ce63c62cbdf646eb8b83ef1d32ef430a5bf2c9abc79e01d'}",mock
0x75acdc1c6ac29be7ff671383439c47f486e213518dfad4a30804938e04a991f6,86000,1,TicketReserved,"{'model_id': 'model_mnist_784_noniid', 'round': 3, 'ticket_id': 192, 'owner': 'acct_42'}",mock
0xb46ef3b7f570340be507128ee58fd0da7084fcc10d77f7332120f6fa8fa92bfa,93000,1,UpdatePublished,"{'model_id': 'model_mnist_784_noniid', 'round': 3, 'ticket_id': 192, 'cid': 'sha256:3dd26c8053f7dce5160fae4e2cce2751d34424c731940b8da5cd2ae2175d0e07'}",mock
0x585cea3d9f3f4d95bee80bc54073f2eff6234526db46d87abe9ad86be1912388,86000,1,TicketReserved,"{'model_id': 'model_mnist_784_noniid', 'round': 3, 'ticket_id': 193, 'owner': 'acct_43'}",mock
0x8651d4666249dcb4bd4b8454ce2785873a2c4f3becc32fd0b094b97fc63cbd24,93000,1,UpdatePublished,"{'model_id': 'model_mnist_784_noniid', 'round': 3, 'ticket_id': 193, 'cid': 'sha256:0090955c0f4d4171990ff1d69722287dec74f10631598086f6ccc14aeb83e96a'}",mock
0xd93b092cca04e537a2f78018d793260f5e4597c598e3af81a7b66aa8bf4b00d5,86000,1,TicketReserved,"{'model_id': 'model_mnist_784_noniid', 'round': 3, 'ticket_id': 194, 'owner': 'acct_44'}",mock
0x83eff47a2ee7262b55b2c8b86cf8b80b550b4a92130cab072aae6e8355b63da5,93000,1,UpdatePublished,"{'model_id': 'model_mnist_784_noniid', 'round': 3, 'ticket_id': 194, 'cid': 'sha256:cf19a56e465234c0e171784325d45f6f50f94adcd8454a23304b556454e938a6'}",mock
0x2d317067ef5a0e2eab557a197b082f99bd4b1e3b911968bf33606db8386ecf5c,86000,1,TicketReserved,"{'model_id': 'model_mnist_784_noniid', 'round': 3, 'ticket_id': 195, 'owner': 'acct_45'}",mock
0xe1b0ce9003ef38c3296a01f7461fb87d904a1ad485cdc7500f7ee172dd0f6389,93000,1,UpdatePublished,"{'model_id': 'model_mnist_784_noniid', 'round': 3, 'ticket_id': 195, 'cid': 'sha256:e83d26eb038ce856af4f9f44bd85881103169b4a6cbe29c058048f13d9533cfe'}",mock
0xd2ebbad8d1fb57a865ede35cd813c08b142160bb32d72328fde49987722262c5,86000,1,TicketReserved,"{'model_id': 'model_mnist_784_noniid', 'round': 3, 'ticket_id': 196, 'owner': 'acct_46'}",mock
0xa4a3a088cd34c234f3af65d8e596babc3fd0e101ed47ca097700cb9b1414c136,93000,1,UpdatePublished,"{'model_id': 'model_mnist_784_noniid', 'round': 3, 'ticket_id': 196, 'cid': 'sha256:19981c66161e829771f894345bc79673bf6fa14aa0672096a3793dfc1681af43'}",mock
0x1862e5c2f1629c783d033d414d8fa0cce5b43773439c832f5cccc41852b99eee,86000,1,TicketReserved,"{'model_id': 'model_mnist_784_noniid', 'round': 3, 'ticket_id': 197, 'owner': 'acct_47'}",mock
0x9c41b2e718480224cb9c0b7a3a431d8092f1695964f4ef8ab444df798b208b9f,93000,1,UpdatePublished,"{'model_id': 'model_mnist_784_noniid', 'round': 3, 'ticket_id': 197, 'cid': 'sha256:8d9d9e7e5df8e4f0b19d1d4db0cce6e516c11daf6893a94aca45c984f6c5975c'}",mock
0x0dc95b03421d82e1c1e9df69cf85db5e41d351ac62354e1f6213173a3f1bafac,86000,1,TicketReserved,"{'model_id': 'model_mnist_784_noniid', 'round': 3, 'ticket_id': 198, 'owner': 'acct_48'}",mock
0x731b0eaa813842a0e925b4c19025631b2d2738e5388ba701a4ca2cc0208cc95e,93000,1,UpdatePublished,"{'model_id': 'model_mnist_784_noniid', 'round': 3, 'ticket_id': 198, 'cid': 'sha256:c9b331b04fad56655a29e5e992a0f8bba2af41c6451f03e58a354eb1974d6d9e'}",mock
0x710304e9d02e2469db53eab5bb51c9ebf8f70f1f7799dd56f72f9fbe3cbfc428,86000,1,TicketReserved,"{'model_id': 'model_mnist_784_noniid', 'round': 3, 'ticket_id': 199, 'owner': 'acct_49'}",mock
0xbafc1745c19cfa7bc19c2b16d755de8d777fb0deb6b98174422e9847ab1de026,93000,1,UpdatePublished,"{'model_id': 'model_mnist_784_noniid', 'round': 3, 'ticket_id': 199, 'cid': 'sha256:57b771603ad4e3b3de1c6f54a7e657a5d04fe238d4dd0dcfe49241155484f660'}",mock
0x8e2436e3cd87e82dffb733667bc674cdcb46f93cc65bad61efd2084955d18ba6,86000,1,TicketReserved,"{'model_id': 'model_mnist_784_noniid', 'round': 3, 'ticket_id': 200, 'owner': 'acct_50'}",mock
0x29726710b647227780a19dc1378a8d1f398c5986ee74a1454d2b8ef86d0179fe,93000,1,UpdatePublished,"{'model_id': 'model_mnist_784_noniid', 'round': 3, 'ticket_id': 200, 'cid': 'sha256:7217cc943fd3a534674fec9e25722662c2b26f1b5dcf1414e61230a455dfac4e'}",mock
0xf81f7084ca6a8183c22a837d8b96b1e27f010585711ff6351b41ba2a0a6f060e,725000,1,RoundFinalized,"{'model_id': 'model_mnist_784_noniid', 'round': 3, 'included': 30, 'refunds': 30}",mock
0x534fa8afa5610ab4146e67acfb1da1e87951a5d567dd1aea2dc5dad7263666b3,52000,1,RoundFunded,"{'model_id': 'model_mnist_784_noniid', 'amount_wei': 10000000000000000}",mock
0x129e522a3bc5a641d8ff747fc88d0ee6f7cab7a5f06384074d420ff18d82da9a,86000,1,TicketReserved,"{'model_id': 'model_mnist_784_noniid', 'round': 4, 'ticket_id': 201, 'owner': 'acct_1'}",mock
0x7fb507d9a5b96ce151aa0ec1d862958487563ffced6989cad5550bca49090072,93000,1,UpdatePublished,"{'model_id': 'model_mnist_784_noniid', 'round': 4, 'ticket_id': 201, 'cid': 'sha256:2bc915c9891f082118280960eee809ab60c9ab90f1bda4cf0da9e6aae729f8a1'}",mock
0xfd3335aa32440ead23d4e90fbb26efcb6dc1362a564cf3821548f00033bb7933,86000,1,TicketReserved,"{'model_id': 'model_mnist_784_noniid', 'round': 4, 'ticket_id': 202, 'owner': 'acct_2'}",mock
0x7b6534b505d3ac20ffc61ba145e263b26ba650f72415417c60d04b8042319764,93000,1,UpdatePublished,"{'model_id': 'model_mnist_784_noniid', 'round': 4, 'ticket_id': 202, 'cid': 'sha256:b80155ade1331fbc4cc85ddfc061e49a1514afb4e7de1dc2870942d6fe90bcbe'}",mock
0xc20481b39c88fa992dd9e524becd155809074005173469964526360372fd6534,86000,1,TicketReserved,"{'model_id': 'model_mnist_784_noniid', 'round': 4, 'ticket_id': 203, 'owner': 'acct_3'}",mock
0xa0d81461b92947200f624da8cd88c875e3470431b57ec0f865eb62e413a1be52,93000,1,UpdatePublished,"{'model_id': 'model_mnist_784_noniid', 'round': 4, 'ticket_id': 203, 'cid': 'sha256:8a26cf05b02216f855d4657e32d92c2c5613ed2f5b80ac8b694e2c2838e27698'}",mock
0x4ab6c29be301e6da75c201fb6beb595c1507867aeb0cb05499f18e9b506db01e,86000,1,TicketReserved,"{'model_id': 'model_mnist_784_noniid', 'round': 4, 'ticket_id': 204, 'owner': 'acct_4'}",mock
0xe194fb84c32e8c577130c49dea20978444175a5adc939dbad5b8346bae680562,93000,1,UpdatePublished,"{'model_id': 'model_mnist_784_noniid', 'round': 4, 'ticket_id': 204, 'cid': 'sha256:7ee8a4f1464bec34a14249830470d9d4e7d33e7efda42253600f43be7bc1b392'}",mock
0xa2ebce57949f252faf419381b76f03e04873b659debb1a7a61d9e27466c19d49,86000,1,TicketReserved,"{'model_id': 'model_mnist_784_noniid', 'round': 4, 'ticket_id': 205, 'owner': 'acct_5'}",mock
0xd1f1e0f53de16f187f97b7c332e5529fd3fb44706cf0e3f7e57826485ed23778,93000,1,UpdatePublished,"{'model_id': 'model_mnist_784_noniid', 'round': 4, 'ticket_id': 205, 'cid': 'sha256:fcecd53c4e5a9e286d387ba003b258904f7bb6a31443b915a967908c79d83ad3'}",mock
0x62132be0f0ba7da9341fc5f4ebf96fde58cb24bf6442bd8f58e32c62917a130c,86000,1,TicketReserved,"{'model_id': 'model_mnist_784_noniid', 'round': 4, 'ticket_id': 206, 'owner': 'acct_6'}",mock
0x6bca105494d78a36e91f4f26f9b62447c6f974225269f697e2170fb306a56f95,93000,1,UpdatePublished,"{'model_id': 'model_mnist_784_noniid', 'round': 4, 'ticket_id': 206, 'cid': 'sha256:af804b72d3d9b6942a685c7c6b6a2451891186036da8b5660e3342bbc53e7892'}",mock
0xe7868ee2efb2e5b9bc0c27a1ae3c4973e47161afb0a114c3a07a681ab5e7deca,86000,1,TicketReserved,"{'model_id': 'model_mnist_784_noniid', 'round': 4, 'ticket_id': 207, 'owner': 'acct_7'}",mock
0x9aae4db1c2c2e82d266918fbd38448b81b121b264e78b33b2281c68d8bc3f6f5,93000,1,UpdatePublished,"{'model_id': 'model_mnist_784_noniid', 'round': 4, 'ticket_id': 207, 'cid': 'sha256:c39e0ba1ba73625edbcc5e6632058884c137f879bf9281b8b972ba4dab5ca245'}",mock
0x941e7c0baff99ceab30c2c6e07be286de9641544914218dce1847a298449bfd9,86000,1,TicketReserved,"{'model_id': 'model_mnist_784_noniid', 'round': 4, 'ticket_id': 208, 'owner': 'acct_8'}",mock
0xb190098f690e06ab7b68e5cd7cfd9d7cd4fe8e1e8bcf951a29456b93029c39ce,93000,1,UpdatePublished,"{'model_id': 'model_mnist_784_noniid', 'round': 4, 'ticket_id': 208, 'cid': 'sha256:bd6beb21fd148ffdbafe0e08f8f6ffc355cd9c1b546951898d6e05381d2b4fac'}",mock
0x0494654cd44a6d19f49be014512bf2b64ae9719557a776a665ebe26e09014ec0,86000,1,TicketReserved,"{'model_id': 'model_mnist_784_noniid', 'round': 4, 'ticket_id': 209, 'owner': 'acct_9'}",mock
0xed6f0d87e0ea922126e705c96091a23920b96790026d181c89bccf8ca361ef63,93000,1,UpdatePublished,"{'model_id': 'model_mnist_784_noniid', 'round': 4, 'ticket_id': 209, 'cid': 'sha256:4cc5ee80b55d1584efdbaac76e41ba2961333dabc279d8598b91f27b7c146cda'}",mock
0x5ae16a2cf182c5f276ef2e6748c5a84fd93f8195cb021e932aca5c36c3c6dd6f,86000,1,TicketReserved,"{'model_id': 'model_mnist_784_noniid', 'round': 4, 'ticket_id': 210, 'owner': 'acct_10'}",mock
0xd2750a134d713e18ab2ba219ba353c8a2c60995649a519a3fc1cc922c643eec8,93000,1,UpdatePublished,"{'model_id': 'model_mnist_784_noniid', 'round': 4, 'ticket_id': 210, 'cid': 'sha256:05805a24a8426f5404a7608fc12d2cd2b22e56207458f3619cfe68dffddec235'}",mock
0xa794b573c8dcc9fc01a00e33e73bd0c3d8be0443ea291d71e651d85afc6a2e9a,86000,1,TicketReserved,"{'model_id': 'model_mnist_784_noniid', 'round': 4, 'ticket_id': 211, 'owner': 'acct_11'}",mock
0x14ca6da62d981d5a94e0ca5ef2fb6ab37a0c000d0223b0deee573d5a572e8d13,93000,1,UpdatePublished,"{'model_id': 'model_mnist_784_noniid', 'round': 4, 'ticket_id': 211, 'cid': 'sha256:a2140d0cdb6df0a96995c7a016e91065024d3d7a0abd9029a2b9b37b510959fa'}",mock
0x82e932da8f15acedad70adca9b8429798f2772a7a5571230469ae44b8a8097d9,86000,1,TicketReserved,"{'model_id': 'model_mnist_784_noniid', 'round': 4, 'ticket_id': 212, 'owner': 'acct_12'}",mock
0x6ec47fc89fe88a65f4981e00aa81817543ece3df40dbb5605147c799005b1e10,93000,1,UpdatePublished,"{'model_id': 'model_mnist_784_noniid', 'round': 4, 'ticket_id': 212, 'cid': 'sha256:125efd699f7103c1272e8e55cd8ba5608bfba5665f4ac8b97bc513ffce6fb43a'}",mock
0x3bfacbeb7e2ced671bcc8c88815613bf77c66239cd3f484f3dbcb5eb36ade8c5,86000,1,TicketReserved,"{'model_id': 'model_mnist_784_noniid', 'round': 4, 'ticket_id': 213, 'owner': 'acct_13'}",mock
0x7fc0e22c9340ed2948c799fbedf5569046bb49486da709f080f7d04cdfc00d18,93000,1,UpdatePublished,"{'model_id': 'model_mnist_784_noniid', 'round': 4, 'ticket_id': 213, 'cid': 'sha256:b39690ec38762190726b526f692c8ef142dcf67989ac259ae6820dcca03a1854'}",mock
0x31cf59ed42d90e16c771c8200f4cdd727c0bb4f56aeaeb769e82504a3cfc1483,86000,1,TicketReserved,"{'model_id': 'model_mnist_784_noniid', 'round': 4, 'ticket_id': 214, 'owner': 'acct_14'}",mock
0x26bea9f2adee7ab7e7fca551aed2c2875f6ccfcbdcc57262056f913d719dbf95,93000,1,UpdatePublished,"{'model_id': 'model_mnist_784_noniid', 'round': 4, 'ticket_id': 214, 'cid': 'sha256:5e2719440ee5dbea67670d5cfc0d2f15b6923a1548318cff7ff7a093b382d76a'}",mock
0x61f1d2ae324d5fd0a6463760ade21e8c55113753ed08fccfe5bab91c97ac3f91,86000,1,TicketReserved,"{'model_id': 'model_mnist_784_noniid', 'round': 4, 'ticket_id': 215, 'owner': 'acct_15'}",mock
0xaafde4296ca080f0de440f7f36cdf3f0730a8194fc5a0b7f626bb191b9d457ce,93000,1,UpdatePublished,"{'model_id': 'model_mnist_784_noniid', 'round': 4, 'ticket_id': 215, 'cid': 'sha256:15ade872381996b74a41c6059c795423c5eed8fe3eb7be4c1a07d4b108f1928f'}",mock
0xaf8bc5341fdea00d9e3dcc125436dca4d6f5277152c98e6135d01e0a71e2e356,86000,1,TicketReserved,"{'model_id': 'model_mnist_784_noniid', 'round': 4, 'ticket_id': 216, 'owner': 'acct_16'}",mock
0x1da8ee650791ca3cd65ea9fc2180e5c5350332db7cd4dd68894610d7c450374b,93000,1,UpdatePublished,"{'model_id': 'model_mnist_784_noniid', 'round': 4, 'ticket_id': 216, 'cid': 'sha256:cc25f961b2441c95fbda84b57649117fe2745aa35b046c2af50e8ee6a7bbb2bf'}",mock
0x7f703042f175b210369351084c0b7520468b1433b6240c8cad274ba6849e8330,86000,1,TicketReserved,"{'model_id': 'model_mnist_784_noniid', 'round': 4, 'ticket_id': 217, 'owner': 'acct_17'}",mock
0xbcc5f4a1e55bbd849df97d6f026b330d27473c1db4d5631934d212bf394998d7,93000,1,UpdatePublished,"{'model_id': 'model_mnist_784_noniid', 'round': 4, 'ticket_id': 217, 'cid': 'sha256:569f4f74900d28c2730f162c4909ab050c03d9ebae4ffcf42dbb5b9f3ce976df'}",mock
0x07aece86cb4c70c147cc6754ed2f1b9348a90f2617760e71bf070d7e15aecef3,86000,1,TicketReserved,"{'model_id': 'model_mnist_784_noniid', 'round': 4, 'ticket_id': 218, 'owner': 'acct_18'}",mock
0x30e0327870d42ed1be45a16515a56b98480541b1dc915e271c6f830cddaa369f,93000,1,UpdatePublished,"{'model_id': 'model_mnist_784_noniid', 'round': 4, 'ticket_id': 218, 'cid': 'sha256:3682071bbae3de7960d1a463bc68eedf9ed32aababd0bdc368a024386785bc29'}",mock
0xb52bb6bb7183a626ac7969dfb8a8e4832819ab0e94b0057791826d7d64452c0b,86000,1,TicketReserved,"{'model_id': 'model_mnist_784_noniid', 'round': 4, 'ticket_id': 219, 'owner': 'acct_19'}",mock
0x200e4feb18a9d1352810d26417cdadb3cbd233d527b1198da81ed27b79eb5085,93000,1,UpdatePublished,"{'model_id': 'model_mnist_784_noniid', 'round': 4, 'ticket_id': 219, 'cid': 'sha256:039801e8fd0dbffa15b997339392325bc18e064b0643a1eca16242bfcc27aea6'}",mock
0x422058c5592b470fc0b4613a5798bbb0137495a5073a62ac9d2dc78377e5ee55,86000,1,TicketReserved,"{'model_id': 'model_mnist_784_noniid', 'round': 4, 'ticket_id': 220, 'owner': 'acct_20'}",mock
0x53dac64d7ce623a43b99c639fd262779b9379ff19be4904bfdceeb8c49ec2483,93000,1,UpdatePublished,"{'model_id': 'model_mnist_784_noniid', 'round': 4, 'ticket_id': 220, 'cid': 'sha256:1f1de92bb0f750ad2610c6039df54dc94e40f470127637613b96399432c95e6e'}",mock
0x8336bc8b517a1f6acae0de0ebdea662c1f5ccacea176d2196b7355f2e69a72d2,86000,1,TicketReserved,"{'model_id': 'model_mnist_784_noniid', 'round': 4, 'ticket_id': 221, 'owner': 'acct_21'}",mock
0x36516e1e9884b7d46f386573ccffaebde1b17ab798030d9f711adcff94847782,93000,1,UpdatePublished,"{'model_id': 'model_mnist_784_noniid', 'round': 4, 'ticket_id': 221, 'cid': 'sha256:12bed0f3e39e64d718dd98713ec95f269d33f5ff2c52d3af9413d9c79d31391b'}",mock
0xa1516702ea80fbf68a772f730f3e91d3e9fcd7b81116bc0b762a6441cc06bdb5,86000,1,TicketReserved,"{'model_id': 'model_mnist_784_noniid', 'round': 4, 'ticket_id': 222, 'owner': 'acct_22'}",mock
0xba4f29d4e16e761f0e090d209d9d20a1202fdd25fe419d25f9497d24a88aa969,93000,1,UpdatePublished,"{'model_id': 'model_mnist_784_noniid', 'round': 4, 'ticket_id': 222, 'cid': 'sha256:84f20bdadfbcc84a1569f091bab66c2b2a8f9e10baa8ffab624c87c00bcb00cd'}",mock
0x220464d5803f553741576f69b333b385325ff7ef71b5589f902ac2ea076779ad,86000,1,TicketReserved,"{'model_id': 'model_mnist_784_noniid', 'round': 4, 'ticket_id': 223, 'owner': 'acct_23'}",mock
0xfc1c9447b35b0c6722b957bc9809393c2da380144d5e82ed249133d9258bdb39,93000,1,UpdatePublished,"{'model_id': 'model_mnist_784_noniid', 'round': 4, 'ticket_id': 223, 'cid': 'sha256:ffd081fe82fcf66efa50df73a55344881c9da299cc2c77c2e920432881bc912b'}",mock
0xcd994ec52ee2129e63276255dafacf2c2039fcd89a16f508e464fa672e30ecce,86000,1,TicketReserved,"{'model_id': 'model_mnist_784_noniid', 'round': 4, 'ticket_id': 224, 'owner': 'acct_24'}",mock
0xd773a2f141ae660046d3b2459eaec480704b6c07772820971e2b0d9aa45a2ed8,93000,1,UpdatePublished,"{'model_id': 'model_mnist_784_noniid', 'round': 4, 'ticket_id': 224, 'cid': 'sha256:7e169042e2badad841a76e99c132fbff6724049934f65044c5c1979a937e6f42'}",mock
0xf4f5a813986c98a9c58975b47b6cf810d2d75fd2c747872edb2582aaf8568197,86000,1,TicketReserved,"{'model_id': 'model_mnist_784_noniid', 'round': 4, 'ticket_id': 225, 'owner': 'acct_25'}",mock
0xea42dd1a0367af56e0074193109611224465f2dc08982656c6e04e36e516d7d7,93000,1,UpdatePublished,"{'model_id': 'model_mnist_784_noniid', 'round': 4, 'ticket_id': 225, 'cid': 'sha256:aff2a9da7fb720b3b442c416011dae246ca464d076893a790c16e2d67b9e2559'}",mock
0xebab9f8fc9a9b04f59f7722010ece1d90d0defb221904f2dccb7884ed9202fae,86000,1,TicketReserved,"{'model_id': 'model_mnist_784_noniid', 'round': 4, 'ticket_id': 226, 'owner': 'acct_26'}",mock
0x9f0cd26fc9d0fdb08df24579c1f0af0d1931ad7541f3efe2fd6e12be43e05307,93000,1,UpdatePublished,"{'model_id': 'model_mnist_784_noniid', 'round': 4, 'ticket_id': 226, 'cid': 'sha256:3cacf01f834d1916640d30e09de13f2e6a69edfc1261cac77036bef24427966e'}",mock
0x1c78d2cc36cb79666b5d62ce4291bf638238df53435567f213f2621c96bf2910,86000,1,TicketReserved,"{'model_id': 'model_mnist_784_noniid', 'round': 4, 'ticket_id': 227, 'owner': 'acct_27'}",mock
0xf180f75084779c89e78d1a0fa26a8ef5e2cb7a271098b2af3690e8f944dc7fe7,93000,1,UpdatePublished,"{'model_id': 'model_mnist_784_noniid', 'round': 4, 'ticket_id': 227, 'cid': 'sha256:b647468c8bc05fcc176e773f35d0cef1ccb31c786056ee9864af7196d73b28cf'}",mock
0xcc37a9604e7edcf3a7ee81eebf47706dbd8a1ebfe05d18ce4a2e55d17177a389,86000,1,TicketReserved,"{'model_id': 'model_mnist_784_noniid', 'round': 4, 'ticket_id': 228, 'owner': 'acct_28'}",mock
0xd00b274f7dbf355a3afac286fe4b0b45918e193b60bfe08db50ee44937ba669d,93000,1,UpdatePublished,"{'model_id': 'model_mnist_784_noniid', 'round': 4, 'ticket_id': 228, 'cid': 'sha256:4e7f1038f1dcaa5aa92c2067c935c647f5e1ebc25d374601b1bd1abcdbd530f4'}",mock
0xb2efaaac0dbd54f5b5ff19f44d78c858403f3f8e812f3fd398018ab7e58240e8,86000,1,TicketReserved,"{'model_id': 'model_mnist_784_noniid', 'round': 4, 'ticket_id': 229, 'owner': 'acct_29'}",mock
0xb7c389e00742bb39fd32dbf08f8d861e46dc615fff0fa7cfc300b88d05d2f6c2,93000,1,UpdatePublished,"{'model_id': 'model_mnist_784_noniid', 'round': 4, 'ticket_id': 229, 'cid': 'sha256:a590b264dea71f569943919fabe8d09b138cd8039295d3af6dd6b985ca214a4f'}",mock
0x344709ec6f4adefc77231fbdf10c8003dab76d77cdf1ed8f7b8e89dd518bfae6,86000,1,TicketReserved,"{'model_id': 'model_mnist_784_noniid', 'round': 4, 'ticket_id': 230, 'owner': 'acct_30'}",mock
0x8e45a2819265b59a72b61f33fe6dcc1724bf51baf7788a5264f33f648d8d0efe,93000,1,UpdatePublished,"{'model_id': 'model_mnist_784_noniid', 'round': 4, 'ticket_id': 230, 'cid': 'sha256:8630f22b98aa46d1acb85b4b09d030b6eea7ebdcdcc69add7564419d4d663962'}",mock
0x772a9504103a86477c35de45218d9f49b08e4ac735129d9284f68a43622bb12d,86000,1,TicketReserved,"{'model_id': 'model_mnist_784_noniid', 'round': 4, 'ticket_id': 231, 'owner': 'acct_31'}",mock
0x5592013f58607aa02fba2cffe9c947d9def6dcf9491e9e1c84e0a7796b0047f8,93000,1,UpdatePublished,"{'model_id': 'model_mnist_784_noniid', 'round': 4, 'ticket_id': 231, 'cid': 'sha256:db509ee25668e6a340349ad7d31ecaccc029a0da87dc1836ceaa6b5b46f607ca'}",mock
0xd3e0b6383006e1d002be25413a0e92653b47df5ed68113599b96c1061eacc5b1,86000,1,TicketReserved,"{'model_id': 'model_mnist_784_noniid', 'round': 4, 'ticket_id': 232, 'owner': 'acct_32'}",mock
0x26909165a8bb152b780ca6ad9ff4c718411bee78aea38659ce214321e751a30c,93000,1,UpdatePublished,"{'model_id': 'model_mnist_784_noniid', 'round': 4, 'ticket_id': 232, 'cid': 'sha256:7b96365137f6fd1252e55f1784cbda69f87ba21fa7c85d493a8597953f12a6b2'}",mock
0xfa3998bfec6d0492b5e1ad892b07935086bb41b1c56a8ec9fe362ba20d2d67c8,86000,1,TicketReserved,"{'model_id': 'model_mnist_784_noniid', 'round': 4, 'ticket_id': 233, 'owner': 'acct_33'}",mock
0xdd07a22b48522f2e02578da6ae89ab52cb15204c6e9d94772af75ad9f767a1ef,93000,1,UpdatePublished,"{'model_id': 'model_mnist_784_noniid', 'round': 4, 'ticket_id': 233, 'cid': 'sha256:5687dbdebc77947149ec40f9e43e51642a15236ffed3c9d2b81fab61f064f9a0'}",mock
0x6f1c94d115b72c0c0ad2c8b9d1e5ec540d4a59d7a35b49635be0f26d2fd7668f,86000,1,TicketReserved,"{'model_id': 'model_mnist_784_noniid', 'round': 4, 'ticket_id': 234, 'owner': 'acct_34'}",mock
0x8dfa76680d87f6ce1516c275531c1863faf179ab0106be055af045298f25f18c,93000,1,UpdatePublished,"{'model_id': 'model_mnist_784_noniid', 'round': 4, 'ticket_id': 234, 'cid': 'sha256:5fd00739459148972dc6afcdc3192b2de1e4dbae1781385436d97136fa7a0daf'}",mock
0xd4e6151933fc75ebae9c0c189c6a37fd566179f92e24fd1466277bb31f2fd6e7,86000,1,TicketReserved,"{'model_id': 'model_mnist_784_noniid', 'round': 4, 'ticket_id': 235, 'owner': 'acct_35'}",mock
0x74fcd3d746236ab03186894bb4bda52b15d676211ab1aa1df1978d0fc9cd5733,93000,1,UpdatePublished,"{'model_id': 'model_mnist_784_noniid', 'round': 4, 'ticket_id': 235, 'cid': 'sha256:802cd1b5ce2735fc98ce1205725b32485a709670d83b0fb9c0ad4027aeb8322f'}",mock
0xef01c63110e0c493c10ec9475e1c2aea92f7a2e34ec7e0db4e810698be25a29c,86000,1,TicketReserved,"{'model_id': 'model_mnist_784_noniid', 'round': 4, 'ticket_id': 236, 'owner': 'acct_36'}",mock
0x29b74d1806f20e6f929d043221695202c1b4df75b58faff8d6ba11a440820858,93000,1,UpdatePublished,"{'model_id': 'model_mnist_784_noniid', 'round': 4, 'ticket_id': 236, 'cid': 'sha256:f3b4af58883723764bf7b741882e5a7452571713f3bf228f79c31447c547b4bf'}",mock
0xe9f67c46ef6367fd825d79fb37616ff7755f8cf1a13dd1e487645cb899dc17cd,86000,1,TicketReserved,"{'model_id': 'model_mnist_784_noniid', 'round': 4, 'ticket_id': 237, 'owner': 'acct_37'}",mock
0x7f8f5371d25d0cc6c7dd6ecfd8008a1d6c0863ca5df022748b0dbfe04c2d8211,93000,1,UpdatePublished,"{'model_id': 'model_mnist_784_noniid', 'round': 4, 'ticket_id': 237, 'cid': 'sha256:e417df89a23c2f958e041da51fd3b4809adb7f8e45a00f08961b7f3ea138ecff'}",mock
0x139fea1579bb1a505012aab14412422e618ab551c2213773d1f78e895c13bcdf,86000,1,TicketReserved,"{'model_id': 'model_mnist_784_noniid', 'round': 4, 'ticket_id': 238, 'owner': 'acct_38'}",mock
0xc6b6711ae2fa261262b4115d9b86eb72d421e327abcdfdb4bdd932eb52486ff1,93000,1,UpdatePublished,"{'model_id': 'model_mnist_784_noniid', 'round': 4, 'ticket_id': 238, 'cid': 'sha256:756a612f06310a64a5439df1f2a09368d08b5083fdea70b1f66ad82b923a8869'}",mock
0x10b2bc348e632e963e00cfb9955a740fbb5fe9aeac5ecdbbf5ede8e54142ed0e,86000,1,TicketReserved,"{'model_id': 'model_mnist_784_noniid', 'round': 4, 'ticket_id': 239, 'owner': 'acct_39'}",mock
0x34037c71872ace4db306247284a34e5248f0cbc3a3ccb7d08143108d93625165,93000,1,UpdatePublished,"{'model_id': 'model_mnist_784_noniid', 'round': 4, 'ticket_id': 239, 'cid': 'sha256:7be845af2637cbbdc39d36fa1248fbaf2b8abbae6e13b678a692f4a43245275e'}",mock
0xf94c8b315049898c5b3fd88967b4ea4c390716fa5a41eaca52a848f96a9e8472,86000,1,TicketReserved,"{'model_id': 'model_mnist_784_noniid', 'round': 4, 'ticket_id': 240, 'owner': 'acct_40'}",mock
0xf0486db5bcbcbaea8884a36f7a3f8862026c3e45ca493572e80fb070a828d35b,93000,1,UpdatePublished,"{'model_id': 'model_mnist_784_noniid', 'round': 4, 'ticket_id': 240, 'cid': 'sha256:8c77376a177dcaa05832a4edb2d507af6230bd0b5680776cc82411f836b848dd'}",mock
0x590c3f64be6c1c3d0845241946e7e349e50cc9a258394e5aed35335e8604a9b9,86000,1,TicketReserved,"{'model_id': 'model_mnist_784_noniid', 'round': 4, 'ticket_id': 241, 'owner': 'acct_41'}",mock
0x35015dc377d2b4b74dd258fc9bd60ca48ca33ab23bef5defd054e16002f77893,93000,1,UpdatePublished,"{'model_id': 'model_mnist_784_noniid', 'round': 4, 'ticket_id': 241, 'cid': 'sha256:826c28f13b07dd671285323f267a7bb5afed567ff6e00c463c33d0d2c816c1c6'}",mock
0xb3f55713dd22b0cad445f55bd3dd8170b593e733d4b2a4803da8c15dbbf66908,86000,1,TicketReserved,"{'model_id': 'model_mnist_784_noniid', 'round': 4, 'ticket_id': 242, 'owner': 'acct_42'}",mock
0x36589d8ae432297fe5c8f27b6f42f627db60cd6908b52c376f789121e6d22b04,93000,1,UpdatePublished,"{'model_id': 'model_mnist_784_noniid', 'round': 4, 'ticket_id': 242, 'cid': 'sha256:e977477a2e17063f80350d02652a7881bce38ae68d75d5256c7fc3955d2265e2'}",mock
0x556b616778d72dabe8ac78e8014041b63995f103d7025252db5cf8365ddae9c5,86000,1,TicketReserved,"{'model_id': 'model_mnist_784_noniid', 'round': 4, 'ticket_id': 243, 'owner': 'acct_43'}",mock
0x468b21446d56fd65792edf1f45eb6d3d1c22850e239b41299069735da97f034f,93000,1,UpdatePublished,"{'model_id': 'model_mnist_784_noniid', 'round': 4, 'ticket_id': 243, 'cid': 'sha256:6f2db60f9b1e3073121ad6679aa01af63c64dd577e87c84308f61d4c33ff7e6c'}",mock
0x8d56965f79f42b3ee469f3fc3266be6ab20c08a6fbc8d095667adb03a751e7a7,86000,1,TicketReserved,"{'model_id': 'model_mnist_784_noniid', 'round': 4, 'ticket_id': 244, 'owner': 'acct_44'}",mock
0xc77ef554c4e483e7db64ee5d3bc4b875b283d630dd4c7d4e554c9978d18f140c,93000,1,UpdatePublished,"{'model_id': 'model_mnist_784_noniid', 'round': 4, 'ticket_id': 244, 'cid': 'sha256:d7e6716814a648babbad4b2a562fd168d7ee8fed99a510f3c7385782fa7145e8'}",mock
0x094000eb4f4bbbfa765d1cc441410fc9c4bb96fa0f9ab052bf31e3e97df577e8,86000,1,TicketReserved,"{'model_id': 'model_mnist_784_noniid', 'round': 4, 'ticket_id': 245, 'owner': 'acct_45'}",mock
0x8025a53f22db4463bc7ad3267fb37b8b8f530fd6b00dd8b056a792c86412c4ca,93000,1,UpdatePublished,"{'model_id': 'model_mnist_784_noniid', 'round': 4, 'ticket_id': 245, 'cid': 'sha256:256bf69d2ca48f1b3c7f4007dffa46343e278a119841c855079cecfd3999bd13'}",mock
0x748401eca7f61af43b619f092ab4f700a57337f94358c8a97d1d23f0896f0631,86000,1,TicketReserved,"{'model_id': 'model_mnist_784_noniid', 'round': 4, 'ticket_id': 246, 'owner': 'acct_46'}",mock
0xcde7b6ebb8029855acf5504a5fd621eda37b3e5f8d8e3dee16c6cb5ff9926f94,93000,1,UpdatePublished,"{'model_id': 'model_mnist_784_noniid', 'round': 4, 'ticket_id': 246, 'cid': 'sha256:99e4a76e6bb00556eccd63827dab25b507ee68fdf590ab9069750cb5de8bf6d6'}",mock
0x94c172aa106886a4d7bd98f181648a91811c338cfe7c0908c8de2ed06339e435,86000,1,TicketReserved,"{'model_id': 'model_mnist_784_noniid', 'round': 4, 'ticket_id': 247, 'owner': 'acct_47'}",mock
0x2720d1906ad69ce1a6d4fde9e76f99a282643088763f0fb8626d469c4d81a77d,93000,1,UpdatePublished,"{'model_id': 'model_mnist_784_noniid', 'round': 4, 'ticket_id': 247, 'cid': 'sha256:0ad75262812968d579a5d6b025eec25bf45972db028fb330a08d4abf07897621'}",mock
0x93a9235022054d48acaf19513371647b9ad191177f698efcfe427a8079cb960d,86000,1,TicketReserved,"{'model_id': 'model_mnist_784_noniid', 'round': 4, 'ticket_id': 248, 'owner': 'acct_48'}",mock
0x9e726e68d61f9cac3b547dcde6987ab7743dbf5f4dfa65375b268837893da624,93000,1,UpdatePublished,"{'model_id': 'model_mnist_784_noniid', 'round': 4, 'ticket_id': 248, 'cid': 'sha256:382859cc2e74a9d520f5b0911e5cb1f1ad0be63b34fdb61972c03061f494818f'}",mock
0xba97cb3b69e123e4bfa451be5690a7a079ab2a092e5d6e6a4e2e5ccfeae11cbe,86000,1,TicketReserved,"{'model_id': 'model_mnist_784_noniid', 'round': 4, 'ticket_id': 249, 'owner': 'acct_49'}",mock
0x9bd82b7f6d34f026d145607fe0741579c656c903f9fc8147ddc1eec8da95cced,93000,1,UpdatePublished,"{'model_id': 'model_mnist_784_noniid', 'round': 4, 'ticket_id': 249, 'cid': 'sha256:b358a3f5e9bd847360d59e0c3aeba1df454b3371e6fe066351ef8c9895b4d7c5'}",mock
0x0a42ad5c30ecf923b611cf9b01035244a365dbd90500631ffacc908eac83c452,86000,1,TicketReserved,"{'model_id': 'model_mnist_784_noniid', 'round': 4, 'ticket_id': 250, 'owner': 'acct_50'}",mock
0xd04564391ead90b510a4e197eb5b2bf24da3fef16c540b139301517b4610d942,93000,1,UpdatePublished,"{'model_id': 'model_mnist_784_noniid', 'round': 4, 'ticket_id': 250, 'cid': 'sha256:7d9fc38fed74f6dda9622cf8422ee23c65a8e0cb4e0e2278fe5b6ad07177e3ba'}",mock
0xdf86ffea9e6688be94aa5db0d5887b3e63c11bb7b69255293f93c9be1106420a,845000,1,RoundFinalized,"{'model_id': 'model_mnist_784_noniid', 'round': 4, 'included': 36, 'refunds': 36}",mock
0x6058baba6cea1a93719590739b7c1fd019c7b3ef08377697ebccc4d8b5d707bc,52000,1,RoundFunded,"{'model_id': 'model_mnist_784_noniid', 'amount_wei': 10000000000000000}",mock
0xc0050100527a3e2756d4d7f7fe04f94b0c0f4899d67eb2e2f2a0fb95c39f927a,86000,1,TicketReserved,"{'model_id': 'model_mnist_784_noniid', 'round': 5, 'ticket_id': 251, 'owner': 'acct_1'}",mock
0xee6af62e7c4de8315abb1f96c9621b30ebfcec596083f89d305d469ada53390a,93000,1,UpdatePublished,"{'model_id': 'model_mnist_784_noniid', 'round': 5, 'ticket_id': 251, 'cid': 'sha256:475ac8c99a21e0aec49151953d77b2afb22e55e2f1ab33f5b74d0611a93c2acf'}",mock
0x2a39471e69de12fa1799a8c0758288f9ac3ce05d13e8bc5c6aca4ca5e407ff53,86000,1,TicketReserved,"{'model_id': 'model_mnist_784_noniid', 'round': 5, 'ticket_id': 252, 'owner': 'acct_2'}",mock
0xc4400eae9ac2877886b731e5fe81c4eefb8fafbfd643dc9ee48843f4b2a78145,93000,1,UpdatePublished,"{'model_id': 'model_mnist_784_noniid', 'round': 5, 'ticket_id': 252, 'cid': 'sha256:fb7ba330a863f3597c644d872066d5bf980e4dc162fea7e6935524087824c20e'}",mock
0x0913ea11a8c326bd078c1a45601a2908b1d3c4615d1dd950d2f5cea2911df06b,86000,1,TicketReserved,"{'model_id': 'model_mnist_784_noniid', 'round': 5, 'ticket_id': 253, 'owner': 'acct_3'}",mock
0xf0cb77915e0aa0967d778abc037d01e7ff7c7cf672131cd89268a70c8b23a6cb,93000,1,UpdatePublished,"{'model_id': 'model_mnist_784_noniid', 'round': 5, 'ticket_id': 253, 'cid': 'sha256:bff1ee4a769534964739515e0de3a1a6a32d316c5b58cdb499097870f44f068c'}",mock
0x15285eb888b791578ecaa665ede32eeb3ce1c8dc1b7544c057658657d3a358cc,86000,1,TicketReserved,"{'model_id': 'model_mnist_784_noniid', 'round': 5, 'ticket_id': 254, 'owner': 'acct_4'}",mock
0x6f40f00662b22deec3b1ebf85d6874508d99bd5858f0a89c1bd424e75fd0b51b,93000,1,UpdatePublished,"{'model_id': 'model_mnist_784_noniid', 'round': 5, 'ticket_id': 254, 'cid': 'sha256:3588708edc01d98b183085a604fd525f2c9d5f1d9a8593e84c216651a0303d81'}",mock
0xb6d3958c3971cff3faac4cfb4178ee8d9e8d1485fa13acdcbc3d7b5c3d58c3da,86000,1,TicketReserved,"{'model_id': 'model_mnist_784_noniid', 'round': 5, 'ticket_id': 255, 'owner': 'acct_5'}",mock
0x4561fe0531a0a90c1c93fea2e47b7ebabc56b229ba0a1e11930ada200daccf59,93000,1,UpdatePublished,"{'model_id': 'model_mnist_784_noniid', 'round': 5, 'ticket_id': 255, 'cid': 'sha256:4cd15acc479e52b966d61234a49a21c2da319890f2364d88894edd44c1792b43'}",mock
0x271cdc0bb8d4062060dab12e5c09380939992f79a6e5b90c8ab5dc03e6752cd5,86000,1,TicketReserved,"{'model_id': 'model_mnist_784_noniid', 'round': 5, 'ticket_id': 256, 'owner': 'acct_6'}",mock
0x614e44622968192e2a1e8dd52fac081338ed043da391f0477e3175bbda6ee488,93000,1,UpdatePublished,"{'model_id': 'model_mnist_784_noniid', 'round': 5, 'ticket_id': 256, 'cid': 'sha256:4e6a392aadc4952333724ffe9b9d3b2870f592c58e9ba40602f3be827df56a1e'}",mock
0x5725b4978050988ca6fbb734c1e3ab73c52169de0ab35b46597c660fb58d26c0,86000,1,TicketReserved,"{'model_id': 'model_mnist_784_noniid', 'round': 5, 'ticket_id': 257, 'owner': 'acct_7'}",mock
0xc5dd6703e8f075ca589305e1836753924b07e14bb3e974767d41c04bfe6c2fb3,93000,1,UpdatePublished,"{'model_id': 'model_mnist_784_noniid', 'round': 5, 'ticket_id': 257, 'cid': 'sha256:646276e73c865c21d112ae833b4cd7c15126bcb008e4247ec20f0f0ec463b0e0'}",mock
0xd29254a71ab7da7f219fe2cfec8be840492536a6970dd6d534078e076cd8d79f,86000,1,TicketReserved,"{'model_id': 'model_mnist_784_noniid', 'round': 5, 'ticket_id': 258, 'owner': 'acct_8'}",mock
0x35d279ba4cc7351aea2b2515e8872328bdf55172bca9ef25d8da9f07464e9237,93000,1,UpdatePublished,"{'model_id': 'model_mnist_784_noniid', 'round': 5, 'ticket_id': 258, 'cid': 'sha256:8f161f4f0c73fa8da37ce616c6a8d60aab7db623d251b4e9ff3652e4b9b3a358'}",mock
0x7fffa8f54aa81aa0289cbb4de7b446822d6774956e30927a426c9bb866ebcc2e,86000,1,TicketReserved,"{'model_id': 'model_mnist_784_noniid', 'round': 5, 'ticket_id': 259, 'owner': 'acct_9'}",mock
0x1254055e058362c0029b945ef8bdc8b2d36e655f176347ba2066d20aea4dfd41,93000,1,UpdatePublished,"{'model_id': 'model_mnist_784_noniid', 'round': 5, 'ticket_id': 259, 'cid': 'sha256:646a4b9600467e7e1cfd961d7b861cc050ab5afbe9a11c79ccbfc2a6bcc450d1'}",mock
0xa7113a2014231a416c0b9e1c6c92a5c1fd6720a8a41bcce43b91aeda8f2c9fb1,86000,1,TicketReserved,"{'model_id': 'model_mnist_784_noniid', 'round': 5, 'ticket_id': 260, 'owner': 'acct_10'}",mock
0x8c49b615a45ac671c695917ebada67d8365e7a2e8005dbae2ff99a7056e0d2b7,93000,1,UpdatePublished,"{'model_id': 'model_mnist_784_noniid', 'round': 5, 'ticket_id': 260, 'cid': 'sha256:cadb168c37c83d861b6120976a852439c1b9c2f0eac9ef93cbec5e04e2153261'}",mock
0xb482e55ea948b2347b8b49be36c17ae00fd7af4da7f5fee03ab360ec1433e397,86000,1,TicketReserved,"{'model_id': 'model_mnist_784_noniid', 'round': 5, 'ticket_id': 261, 'owner': 'acct_11'}",mock
0x5f7381ed2a84070e71915417385930d2bbc414fbe29039d47fa96d25d72b7de3,93000,1,UpdatePublished,"{'model_id': 'model_mnist_784_noniid', 'round': 5, 'ticket_id': 261, 'cid': 'sha256:9105ef95010dd09543b7d3046025e04cbbed8a3ae1edb18b4d50c4217ed2f4b9'}",mock
0xf47ce31ba19a7b444fdedc964d4fd14365e8c520d7eb0995ad0e8f9ce0ab1ecc,86000,1,TicketReserved,"{'model_id': 'model_mnist_784_noniid', 'round': 5, 'ticket_id': 262, 'owner': 'acct_12'}",mock
0x0f75c7da75c0a5c1d1cf77a9d7056efe3dfc27b2ccfd5b010e342974a4f3b38b,93000,1,UpdatePublished,"{'model_id': 'model_mnist_784_noniid', 'round': 5, 'ticket_id': 262, 'cid': 'sha256:d04d03f719ea4e23ae247d79d48c1145e7a2137fa7a71d735b32f4023f672e86'}",mock
0x8115d84c0fef8a73069447c110df5c112b15652cb5fad42907ab123a2af92072,86000,1,TicketReserved,"{'model_id': 'model_mnist_784_noniid', 'round': 5, 'ticket_id': 263, 'owner': 'acct_13'}",mock
0x1ad72bccd32b131fed9bf99432c4470957e4eb0e8ccce5fe140881650a16ea70,93000,1,UpdatePublished,"{'model_id': 'model_mnist_784_noniid', 'round': 5, 'ticket_id': 263, 'cid': 'sha256:6a7a655467c2a68cd127d9c1f6f5af48450c1db394adb9ff76cd48eb056243f5'}",mock
0x22f0fa806f5de28a94a38f87b1ee86504ee79fa348b99990df0713d9792c3bcb,86000,1,TicketReserved,"{'model_id': 'model_mnist_784_noniid', 'round': 5, 'ticket_id': 264, 'owner': 'acct_14'}",mock
0x74a2e0bbccd36ecaa8956e438eda4ee5251297d29b6871fcd3b657acf530581c,93000,1,UpdatePublished,"{'model_id': 'model_mnist_784_noniid', 'round': 5, 'ticket_id': 264, 'cid': 'sha256:a0dd4eea2d23c73a948aea4c324a81b23ef2225eae53fdf452852e8f4bde195c'}",mock
0x8992f11a57c8dff5b6b9bc99fa4cd5275cfbd2193b889406b8a6f21318aaad3d,86000,1,TicketReserved,"{'model_id': 'model_mnist_784_noniid', 'round': 5, 'ticket_id': 265, 'owner': 'acct_15'}",mock
0x2dbb1e8a1a9435b9524bef39eb96017f80a5f89c73e9d18bb7f9c2991a916200,93000,1,UpdatePublished,"{'model_id': 'model_mnist_784_noniid', 'round': 5, 'ticket_id': 265, 'cid': 'sha256:7dcb6f3590446a9b72e5f77d8d03fc95378e1208e4610cd7e8b9cbace1a88c9d'}",mock
0x5db52e1e97828e468b10a943ca4df9217cd99d7f64164fb4eee141c69014c979,86000,1,TicketReserved,"{'model_id': 'model_mnist_784_noniid', 'round': 5, 'ticket_id': 266, 'owner': 'acct_16'}",mock
0xfc2ed489debc93d3f954ce99f815b6e0dfb759cacda3462d4f3d93763776d7ff,93000,1,UpdatePublished,"{'model_id': 'model_mnist_784_noniid', 'round': 5, 'ticket_id': 266, 'cid': 'sha256:87d61549f4edd33bb5196d21a4f3ea282450e1dbcab158700830788abb84c21f'}",mock
0x17cd7792c32046240e1efcf612842c8a9b6159eb64960f0e6be7643f09fab978,86000,1,TicketReserved,"{'model_id': 'model_mnist_784_noniid', 'round': 5, 'ticket_id': 267, 'owner': 'acct_17'}",mock
0x3ac546e3d24d47b46f3e4a67461d24117f74bb515c67d27a4f47e6004d9382a1,93000,1,UpdatePublished,"{'model_id': 'model_mnist_784_noniid', 'round': 5, 'ticket_id': 267, 'cid': 'sha256:99697fb575c1f54bf2b7e3726111342cd5a45d01e8da657b64b4ea28beb1d285'}",mock
0xef3fc5eb5fdf92eece8095d35cbb60e058ccde55384617e297ef71c21d84d36b,86000,1,TicketReserved,"{'model_id': 'model_mnist_784_noniid', 'round': 5, 'ticket_id': 268, 'owner': 'acct_18'}",mock
0xf14580a5d0614198daebbfe8184c8cc92d85f5ea83030d45c1cb710a8d590e43,93000,1,UpdatePublished,"{'model_id': 'model_mnist_784_noniid', 'round': 5, 'ticket_id': 268, 'cid': 'sha256:acf19176750040a6687623659748441507ce441ad49f0a4bcbfb164085700980'}",mock
0xd5fa582d84d523bdb3afd204b93e6245dcca7df8ca442441aebbcecb0d6b9e58,86000,1,TicketReserved,"{'model_id': 'model_mnist_784_noniid', 'round': 5, 'ticket_id': 269, 'owner': 'acct_19'}",mock
0x1202645b2666555c6e7106b61cfbbd73b1c205c7ef4ac2a0179b9b9fceca36aa,93000,1,UpdatePublished,"{'model_id': 'model_mnist_784_noniid', 'round': 5, 'ticket_id': 269, 'cid': 'sha256:78339eab0e4520279c998349d280117376b7281943b9217d6cbe97eff1b79829'}",mock
0x859142a42aafdad4fe5c45987572236365726b9dca19e3bc39daec096029aa1b,86000,1,TicketReserved,"{'model_id': 'model_mnist_784_noniid', 'round': 5, 'ticket_id': 270, 'owner': 'acct_20'}",mock
0x7d735c287fdcb91f7058629904c3f1a63052054bd4734dcaf6ea3dd0a04c4897,93000,1,UpdatePublished,"{'model_id': 'model_mnist_784_noniid', 'round': 5, 'ticket_id': 270, 'cid': 'sha256:425f38ca41ce63a3b291deb9ac2eb8c2526db82046c48d9392211b35e90237b0'}",mock
0x763697eb29755e94b779e258c0fc80c0d5ff8c1627771e501d1d775280df4b48,86000,1,TicketReserved,"{'model_id': 'model_mnist_784_noniid', 'round': 5, 'ticket_id': 271, 'owner': 'acct_21'}",mock
0x4f305e1b454e0bd48861c789c142b376332c118cbea21f419a2058a735b8b57a,93000,1,UpdatePublished,"{'model_id': 'model_mnist_784_noniid', 'round': 5, 'ticket_id': 271, 'cid': 'sha256:61c50a392a3b88dc4be6aaceb0b75ef05d3379146c5ae00f817d7140b47afe55'}",mock
0x4f0e288fcc2707488381185b4af87d780db46a97ab4dd2e28989a2d1953454fe,86000,1,TicketReserved,"{'model_id': 'model_mnist_784_noniid', 'round': 5, 'ticket_id': 272, 'owner': 'acct_22'}",mock
0xf1ed2a3ae760cf0e0aea6a879f3fbabf9446595d1142272fbbd9535b9f6b872d,93000,1,UpdatePublished,"{'model_id': 'model_mnist_784_noniid', 'round': 5, 'ticket_id': 272, 'cid': 'sha256:9295f0bbb07f993a02f37dd3eb805f27094f1c153072e443d8f7b0b6067787c2'}",mock
0x2c7437fb891255d6ec3c14d48564db4d71789be9d201de7aef3d0b9f3a372140,86000,1,TicketReserved,"{'model_id': 'model_mnist_784_noniid', 'round': 5, 'ticket_id': 273, 'owner': 'acct_23'}",mock
0xe763ded4de7ce8871eaebc7e872b7da9978520edecfa1b2360e83eaa6469cdc1,93000,1,UpdatePublished,"{'model_id': 'model_mnist_784_noniid', 'round': 5, 'ticket_id': 273, 'cid': 'sha256:86cb7704c61f3f85872817ca887b9e49ef8a386508b779d8d42707a50a8928a4'}",mock
0x05bfd4b2fd69ceafd4277e3ef682f624a523b19609c37d9056aa6a5aa95bdb46,86000,1,TicketReserved,"{'model_id': 'model_mnist_784_noniid', 'round': 5, 'ticket_id': 274, 'owner': 'acct_24'}",mock
0x42a0ec1689004e625e5df626036f2112101b8c8b1e0818f7da32a8227fb2eb8e,93000,1,UpdatePublished,"{'model_id': 'model_mnist_784_noniid', 'round': 5, 'ticket_id': 274, 'cid': 'sha256:4aeacb623ee920f78493158fc4938cae6101ba43b5296051867accb49d2ba262'}",mock
0xa1fec38e31ffcf2a7fa5cf36fe18cbd3b9f28c5f801aa5bc00073f859d337dc3,86000,1,TicketReserved,"{'model_id': 'model_mnist_784_noniid', 'round': 5, 'ticket_id': 275, 'owner': 'acct_25'}",mock
0xa7f0472d4657a2299a839ab16dd48325665403c239f3daf5ab58996fdb736fb7,93000,1,UpdatePublished,"{'model_id': 'model_mnist_784_noniid', 'round': 5, 'ticket_id': 275, 'cid': 'sha256:66afb4dd4bb0bbade64081023983837f7146a97f98134ed48586140532966102'}",mock
0x69ddc95226f9f74747b2985ff3b5c364fcf15e4517c35d2b1e77ffe9201af4c4,86000,1,TicketReserved,"{'model_id': 'model_mnist_784_noniid', 'round': 5, 'ticket_id': 276, 'owner': 'acct_26'}",mock
0xecdfae7cc6abf8cf26412418b4f86a293d4f6e165f751a429558ebfec60f17a7,93000,1,UpdatePublished,"{'model_id': 'model_mnist_784_noniid', 'round': 5, 'ticket_id': 276, 'cid': 'sha256:0949df5df99980c1949ffaaeeba529a66ab126cb0a113208f5f5cabf449aaf27'}",mock
0xc75b3b30d85a25ac603a0f527dfdadc59f1f7afc9b83e20234f2053d4bde98a0,86000,1,TicketReserved,"{'model_id': 'model_mnist_784_noniid', 'round': 5, 'ticket_id': 277, 'owner': 'acct_27'}",mock
0xbaec093ac260ec792a617a06ef3662a4f7cef453086160c9b48359c13dac71c0,93000,1,UpdatePublished,"{'model_id': 'model_mnist_784_noniid', 'round': 5, 'ticket_id': 277, 'cid': 'sha256:01b9604ebb2e32626bd1aa0bfe49ee0c5678ef6f9ccee9b13170d23da3f55c5a'}",mock
0x849fb6cad27e3cfab9796dd04867745e0f3c53a74ebbb757fd35f4226379f3d2,86000,1,TicketReserved,"{'model_id': 'model_mnist_784_noniid', 'round': 5, 'ticket_id': 278, 'owner': 'acct_28'}",mock
0x3ffe201ea0a543a0c574c98c8089c8b7c4f71cd2628a09c8f542e8675f85b2c2,93000,1,UpdatePublished,"{'model_id': 'model_mnist_784_noniid', 'round': 5, 'ticket_id': 278, 'cid': 'sha256:01857e1ab1235bea2622d6368a3b159c4322142a052e2115bd7f2feda7f09205'}",mock
0xce7d61943349595eda8bbcad48cbbf4954f0c126de4b81657e7bb2f9ce04dcff,86000,1,TicketReserved,"{'model_id': 'model_mnist_784_noniid', 'round': 5, 'ticket_id': 279, 'owner': 'acct_29'}",mock
0xa294225e0af36728eeb33a851c2041f44275481248e671c889dd2a67fe6c307e,93000,1,UpdatePublished,"{'model_id': 'model_mnist_784_noniid', 'round': 5, 'ticket_id': 279, 'cid': 'sha256:ac96a66e1b34d2ec82d9da6ddd6805467c7d6d880995b109c9ed0112d50a248f'}",mock
0x714968945d7a5bb1eb8b50ee568bbcf80476d3d418af1bba9eb98df68d90ad2b,86000,1,TicketReserved,"{'model_id': 'model_mnist_784_noniid', 'round': 5, 'ticket_id': 280, 'owner': 'acct_30'}",mock
0x259781926feb928d05dbb52fe5b209aacb567855f6e105c7dd05f0c2b565f722,93000,1,UpdatePublished,"{'model_id': 'model_mnist_784_noniid', 'round': 5, 'ticket_id': 280, 'cid': 'sha256:ccca8c1e94b8ee2e3b6982d37d625c4ea2b525508d07a2a7b1aeba9301ee9727'}",mock
0x9ac240f4508f821a12a9f5be702280a347ac314564851916734294fa52917f57,86000,1,TicketReserved,"{'model_id': 'model_mnist_784_noniid', 'round': 5, 'ticket_id': 281, 'owner': 'acct_31'}",mock
0xc2ce894cc01797bbb9000c65e46ab8acc48a0ccb92b4725cb25c1eec0e2f13c9,93000,1,UpdatePublished,"{'model_id': 'model_mnist_784_noniid', 'round': 5, 'ticket_id': 281, 'cid': 'sha256:73680019d762c101fd2cabbcd11d54b8e9472429783f41f99d8d845b1a3fdb4f'}",mock
0x9ef2bf68bbf47e84468f0dc5ec3a615e99a7e5868ab6f0b7c3bea4bf8f4e6004,86000,1,TicketReserved,"{'model_id': 'model_mnist_784_noniid', 'round': 5, 'ticket_id': 282, 'owner': 'acct_32'}",mock
0x04a171bd6d7eb56f823b5eff07eced6cff0c5874e312d6c0cbc7699b26142363,93000,1,UpdatePublished,"{'model_id': 'model_mnist_784_noniid', 'round': 5, 'ticket_id': 282, 'cid': 'sha256:59b99b34495325d4351e2b4d6ea3b4a8246f74d022bb4ffe17de45dc6fc9c9b6'}",mock
0x91337d6016dd69dbf28d3d57080f04946e421ff789acc2f1adf02a8ef5158366,86000,1,TicketReserved,"{'model_id': 'model_mnist_784_noniid', 'round': 5, 'ticket_id': 283, 'owner': 'acct_33'}",mock
0x4707cd0ddaa9dbcaf5ea9e8558dae4d92cddd6de82022c9414296e9b263fc876,93000,1,UpdatePublished,"{'model_id': 'model_mnist_784_noniid', 'round': 5, 'ticket_id': 283, 'cid': 'sha256:8a0c5715a90c170d08bf40381fe4f5a049811d848ef6c06899866b3f77425b56'}",mock
0x01f5fa3d478192444392acee568b9b38f5b0b82086c72eb5f7902d32bc63db18,86000,1,TicketReserved,"{'model_id': 'model_mnist_784_noniid', 'round': 5, 'ticket_id': 284, 'owner': 'acct_34'}",mock
0x3c63e879161547bac58cad3c99ae4f723865c830c83101da3a5338ca7a510da1,93000,1,UpdatePublished,"{'model_id': 'model_mnist_784_noniid', 'round': 5, 'ticket_id': 284, 'cid': 'sha256:602670298b92aa6bfbf331a19d65649dcd298ea311fe2233a5dfad79336ad176'}",mock
0x332f9ad76eb75a7405415da01a82d1f01647b912f51c88db6e2094584433d0dc,86000,1,TicketReserved,"{'model_id': 'model_mnist_784_noniid', 'round': 5, 'ticket_id': 285, 'owner': 'acct_35'}",mock
0xffa0446246e03ca5d29652c5925f087f554aff92f1cad912b2fafdca1574f5e4,93000,1,UpdatePublished,"{'model_id': 'model_mnist_784_noniid', 'round': 5, 'ticket_id': 285, 'cid': 'sha256:1ee61c6791cf7c4953053ed078bec4a2dc32dcc1823cacaeec7972d75ec26c22'}",mock
0xc5fa5bc960b0b9472eb485b6f4419d66a53ef79d73abeb0cdac5e163ff1e6456,86000,1,TicketReserved,"{'model_id': 'model_mnist_784_noniid', 'round': 5, 'ticket_id': 286, 'owner': 'acct_36'}",mock
0x61e26767df98070c31ec57e2f89b8e2c99c4556f8f75f01be15fab0339356210,93000,1,UpdatePublished,"{'model_id': 'model_mnist_784_noniid', 'round': 5, 'ticket_id': 286, 'cid': 'sha256:15f5991358c7b639f677b548a551c2dbec00631ef0a7093c4ed399aa593971d6'}",mock
0x2abc580f70cdb835066bd9bfc1e5ab51ad63e99dc963a123f38a4089d3cd7bb8,86000,1,TicketReserved,"{'model_id': 'model_mnist_784_noniid', 'round': 5, 'ticket_id': 287, 'owner': 'acct_37'}",mock
0xb0dde8d28dbe5287d093e6d85353b3b201413aafdaa4446ffd1b05fd06d2c0de,93000,1,UpdatePublished,"{'model_id': 'model_mnist_784_noniid', 'round': 5, 'ticket_id': 287, 'cid': 'sha256:d28e6bb5e621e6f155d172d10431919d3a053a8e385561b50ede1022d2eba0e2'}",mock
0x1c33ec83ed5282d6bc6245036da87be081b9437cfaf2583bf06f813aa06365f0,86000,1,TicketReserved,"{'model_id': 'model_mnist_784_noniid', 'round': 5, 'ticket_id': 288, 'owner': 'acct_38'}",mock
0xef16d1b617929bafee9d1eea458c32730510fd8bb3f15fee42219de4e1681505,93000,1,UpdatePublished,"{'model_id': 'model_mnist_784_noniid', 'round': 5, 'ticket_id': 288, 'cid': 'sha256:9c021d418621f704aa2f8dc841bb392747dddaace5d69e2d38848b88d053371e'}",mock
0xe248d91b2a7cc0b6c23791c8932e0d457629d8f5c37a828e3a22509d35aefc4e,86000,1,TicketReserved,"{'model_id': 'model_mnist_784_noniid', 'round': 5, 'ticket_id': 289, 'owner': 'acct_39'}",mock
0xea0e989e79f03ed023c3c403664101c37963f5e41c63eedcb92bc51e72ad863f,93000,1,UpdatePublished,"{'model_id': 'model_mnist_784_noniid', 'round': 5, 'ticket_id': 289, 'cid': 'sha256:267450301516eee6cbec8c807294407e5bd7865510f36405f78e04035fcca5fc'}",mock
0xd175a255e57caecf184a7904bf74c913ecaf32468f5981d027d3cd65b0ff1311,86000,1,TicketReserved,"{'model_id': 'model_mnist_784_noniid', 'round': 5, 'ticket_id': 290, 'owner': 'acct_40'}",mock
0x24c3a72a0d2aa221bc1d706ee9ee999557b15367b5bac40335c8a58544af8d2b,93000,1,UpdatePublished,"{'model_id': 'model_mnist_784_noniid', 'round': 5, 'ticket_id': 290, 'cid': 'sha256:4b0caeb17f87591be7c492a0682ab9d22af13461f5ae3424fb9a5343a79e19ff'}",mock
0x74d9e215916db39fdb9db5a1eeb4093888300d1673932fd5501b09e4b4ab8c42,86000,1,TicketReserved,"{'model_id': 'model_mnist_784_noniid', 'round': 5, 'ticket_id': 291, 'owner': 'acct_41'}",mock
0xb5f48afefdd5fa32d755cf3bb382f7f4c07683e577b58ced5183e38161ad9791,93000,1,UpdatePublished,"{'model_id': 'model_mnist_784_noniid', 'round': 5, 'ticket_id': 291, 'cid': 'sha256:e4a151ce35dcd988a9964179d56934a473617fce929a0469ec8444d7f77d0e1f'}",mock
0x3327924b3361c55565e960764614d98dadbe646e345bb2a061629ebbe4f3da4d,86000,1,TicketReserved,"{'model_id': 'model_mnist_784_noniid', 'round': 5, 'ticket_id': 292, 'owner': 'acct_42'}",mock
0x64447e44b2b30ecf45850d9fcbb64f7567444f94dcf2272cd17aca240cd65fe2,93000,1,UpdatePublished,"{'model_id': 'model_mnist_784_noniid', 'round': 5, 'ticket_id': 292, 'cid': 'sha256:cf319c78365a983eda344d58754a4ce571f5c200837c0d4f8804460635c40f28'}",mock
0x95a7b1724d854ab10252e5eb929874876267deeaf8e2b0d610f9109ec4b41c21,86000,1,TicketReserved,"{'model_id': 'model_mnist_784_noniid', 'round': 5, 'ticket_id': 293, 'owner': 'acct_43'}",mock
0xea2ae1e1337344903955bcf25c26b0ec36eefde4af74da743d35414d25ccf915,93000,1,UpdatePublished,"{'model_id': 'model_mnist_784_noniid', 'round': 5, 'ticket_id': 293, 'cid': 'sha256:d2b4075ac3eedabb608d1e2820d30f0722a07f5351a7f00656548f075e03e8d8'}",mock
0x49381b3b108997c7008196d9f870c0213886090653a550f25aedece872100f33,86000,1,TicketReserved,"{'model_id': 'model_mnist_784_noniid', 'round': 5, 'ticket_id': 294, 'owner': 'acct_44'}",mock
0x105ccd0ac9baaf0fbf27ed56782c678b5fabe71e29177fba7297d72e39633541,93000,1,UpdatePublished,"{'model_id': 'model_mnist_784_noniid', 'round': 5, 'ticket_id': 294, 'cid': 'sha256:e5b8824ab01a1e7f86aa8a9493addfb161244debe6ccbd3bee281f9a750f37ca'}",mock
0xc05c42b834483f7c515d3753c1dd6fe8721ee2adbc5cfb2b6c90fe19781d608a,86000,1,TicketReserved,"{'model_id': 'model_mnist_784_noniid', 'round': 5, 'ticket_id': 295, 'owner': 'acct_45'}",mock
0xd17a3364df994a0f5a91904a0c6d263427a5488552f4528efc78de6e388ffada,93000,1,UpdatePublished,"{'model_id': 'model_mnist_784_noniid', 'round': 5, 'ticket_id': 295, 'cid': 'sha256:2a3b0e80228af925bd6c927f5823c88f0a3365e81139ecd404b38352e7cc3318'}",mock
0x02afd293222f80039b4d051beda3a202927028b13fd31637524ed44613039b0e,86000,1,TicketReserved,"{'model_id': 'model_mnist_784_noniid', 'round': 5, 'ticket_id': 296, 'owner': 'acct_46'}",mock
0x18dc1fa58387b20497b3a934a70ae827fb484119ca53daff8006484fa02a9492,93000,1,UpdatePublished,"{'model_id': 'model_mnist_784_noniid', 'round': 5, 'ticket_id': 296, 'cid': 'sha256:9d2ba36d0a2c035c1b02d84c01255c67cacb7aad8a9ff9a3ad7a15c14efae325'}",mock
0xae2ca86406d145daf4da37a7a9aac26853272b05d5833b8047c11c54c3357ffe,86000,1,TicketReserved,"{'model_id': 'model_mnist_784_noniid', 'round': 5, 'ticket_id': 297, 'owner': 'acct_47'}",mock
0x5edf7738c59aaca25848d242c9ad87a15b1997718140dacc39aae48c9ac64c9a,93000,1,UpdatePublished,"{'model_id': 'model_mnist_784_noniid', 'round': 5, 'ticket_id': 297, 'cid': 'sha256:0453e50a5c757ba5a1553509fe730bec5d0f43f81dcb7271b282526075f572ee'}",mock
0xeb1751660092da87611fc3306b4c4d254f147f90b5b2789d97fafdd076cdc8eb,86000,1,TicketReserved,"{'model_id': 'model_mnist_784_noniid', 'round': 5, 'ticket_id': 298, 'owner': 'acct_48'}",mock
0x2cea6c9fb68fe8968a81730ed6cecf85f7c589204de482b109bd0982fd80271c,93000,1,UpdatePublished,"{'model_id': 'model_mnist_784_noniid', 'round': 5, 'ticket_id': 298, 'cid': 'sha256:7b757627c94f09a2423f579eeadb967868cdb5a2d9b526b977d5ecd76b66c08d'}",mock
0xe1963c84289255258613ba43feb1759ab90aa64e36d83d0225680a255b7337f1,86000,1,TicketReserved,"{'model_id': 'model_mnist_784_noniid', 'round': 5, 'ticket_id': 299, 'owner': 'acct_49'}",mock
0xaee2e0894901f1cf445847f5f48a6d2c230116b4357fdb18f4fcac79c7e58aec,93000,1,UpdatePublished,"{'model_id': 'model_mnist_784_noniid', 'round': 5, 'ticket_id': 299, 'cid': 'sha256:2bd09f37bae823c952b9667628809999ecb2bbdde8858e6041cb7a8491c5b5ae'}",mock
0xf1bc69544c2e04cd6d56daf894857ce857f1da1d67355792c481ffb43b692bd4,86000,1,TicketReserved,"{'model_id': 'model_mnist_784_noniid', 'round': 5, 'ticket_id': 300, 'owner': 'acct_50'}",mock
0x2b15189f3259fae8b23b442daf18e0ed4a40f0038b6a927a3826df61dce2df2c,93000,1,UpdatePublished,"{'model_id': 'model_mnist_784_noniid', 'round': 5, 'ticket_id': 300, 'cid': 'sha256:d14cf671dd74ccf66bf0d2711f7df942ff73fd965f91fd145cf1380305ad8e78'}",mock
0x64473bd0459f44d247ca3e465375092aba7d9c1630466f3532b68febf21a102b,805000,1,RoundFinalized,"{'model_id': 'model_mnist_784_noniid', 'round': 5, 'included': 34, 'refunds': 34}",mock
0x6ce80780919732f1d60c4eb4d05c411205fe65592fac0f9cf32d3243da10ba72,52000,1,RoundFunded,"{'model_id': 'model_mnist_784_noniid', 'amount_wei': 10000000000000000}",mock
0x9aa2dfceb5b5e4a06c068e98aac61f34116ce7bf5bab01f957c2e538f2914144,86000,1,TicketReserved,"{'model_id': 'model_mnist_784_noniid', 'round': 6, 'ticket_id': 301, 'owner': 'acct_1'}",mock
0xfc4ef305a4b39e06ecd415b6398ddda6200b3ec2319c2c80b1ed5f968c011b4a,93000,1,UpdatePublished,"{'model_id': 'model_mnist_784_noniid', 'round': 6, 'ticket_id': 301, 'cid': 'sha256:517aee4e2167e642f7b2a45c63b33a2bb626edf60e09c2e345b992a10e8a31d5'}",mock
0xc1d3f269365dd936aa891d171592caa624b3c5f955142746841f8b3f2b384190,86000,1,TicketReserved,"{'model_id': 'model_mnist_784_noniid', 'round': 6, 'ticket_id': 302, 'owner': 'acct_2'}",mock
0xa4465fc0df14061129e562fb9865675afa93eccdf6cc94e12bdc6ddb78c470f5,93000,1,UpdatePublished,"{'model_id': 'model_mnist_784_noniid', 'round': 6, 'ticket_id': 302, 'cid': 'sha256:b679e6344364b9c52fa617f62f88c2dd7ef37ac281f37ae38dd6bdffb476c1f1'}",mock
0x8bbd0f6885d60ddab613c4bba7e73f62ef6590cf21f790ea83b0ea7395cdd479,86000,1,TicketReserved,"{'model_id': 'model_mnist_784_noniid', 'round': 6, 'ticket_id': 303, 'owner': 'acct_3'}",mock
0x82d038efad4e3a3138aef18df06af9f62f94f41f3fb95dd511b84b094d1a2ab9,93000,1,UpdatePublished,"{'model_id': 'model_mnist_784_noniid', 'round': 6, 'ticket_id': 303, 'cid': 'sha256:05d0676fb4814a18e4475c72eae329c416e829bbd5ad26f0c62588431fd397c0'}",mock
0x1076818401f91bb9adf6c72afbad166e84631d8e6e0a5f2962403c5460e8e7bb,86000,1,TicketReserved,"{'model_id': 'model_mnist_784_noniid', 'round': 6, 'ticket_id': 304, 'owner': 'acct_4'}",mock
0x7d6d25473cc57ef468e33d49817e4cc5f75f58d822fbd26a9f1dda48421ed5ee,93000,1,UpdatePublished,"{'model_id': 'model_mnist_784_noniid', 'round': 6, 'ticket_id': 304, 'cid': 'sha256:ffe2db94736373b9f0ae5f9ad918ceba0297753e629257283065bf4abca1cdf6'}",mock
0x4d96c5119dbb0e7c5d47c518433f8d413c6fda557eb19abffdff0857566399c6,86000,1,TicketReserved,"{'model_id': 'model_mnist_784_noniid', 'round': 6, 'ticket_id': 305, 'owner': 'acct_5'}",mock
0xd9dc841120259bb0443812cd61dc4455a9535fa60c03130d6b527b182b6fc719,93000,1,UpdatePublished,"{'model_id': 'model_mnist_784_noniid', 'round': 6, 'ticket_id': 305, 'cid': 'sha256:24948a619437d1c5fe7a32dcd3434fb65255ad20b9bdd12a94ab4b091fe1e5e7'}",mock
0x2270481380ee10115c9eca77c01b5f9c12efca846bf9bc47793bd4a55c62c18b,86000,1,TicketReserved,"{'model_id': 'model_mnist_784_noniid', 'round': 6, 'ticket_id': 306, 'owner': 'acct_6'}",mock
0xfcdc54112068ce2e82ebc94df9570162337a700cd44eeacda6f959dfb12eae4e,93000,1,UpdatePublished,"{'model_id': 'model_mnist_784_noniid', 'round': 6, 'ticket_id': 306, 'cid': 'sha256:70b7bdba79bdbb51f1bc20fe44a8b8a45986b86839f467df4acc7a6dc5942c0a'}",mock
0x813ae1c2a50602eaf7e9e2f4b922fa02e29f13ba01b9c59ed35b29845c6d712b,86000,1,TicketReserved,"{'model_id': 'model_mnist_784_noniid', 'round': 6, 'ticket_id': 307, 'owner': 'acct_7'}",mock
0x570610beea20a8d9a50ac8898aab9f6357007492da1fa711fdb412cc2634c5f8,93000,1,UpdatePublished,"{'model_id': 'model_mnist_784_noniid', 'round': 6, 'ticket_id': 307, 'cid': 'sha256:62b5d565071cb3d144bde152d92edd8c577a50dd2d10e7a31265db71afe1391f'}",mock
0xd83c55110afc7966f0e347c05cd00ca109cf4f998b41dcb7d1f38ba0ab9d91b9,86000,1,TicketReserved,"{'model_id': 'model_mnist_784_noniid', 'round': 6, 'ticket_id': 308, 'owner': 'acct_8'}",mock
0x46f42cabeb22f2f55e012673bbe9f428731d16a3d5a8efc46460778e32c69e8e,93000,1,UpdatePublished,"{'model_id': 'model_mnist_784_noniid', 'round': 6, 'ticket_id': 308, 'cid': 'sha256:cd3ba3e204d5f56bb03612f13393377702b62452379b4be38e5ae0bcd12444d6'}",mock
0x8dd16eca8865181c952e3a77d42c710df0b24a6432ad33fd8d622cceb2384ae7,86000,1,TicketReserved,"{'model_id': 'model_mnist_784_noniid', 'round': 6, 'ticket_id': 309, 'owner': 'acct_9'}",mock
0xa80b5bd7691d34455e816d653a8e2eb41efeaca85eb2478b976fd78401c43343,93000,1,UpdatePublished,"{'model_id': 'model_mnist_784_noniid', 'round': 6, 'ticket_id': 309, 'cid': 'sha256:5dd8de923f06143292eba04441f1cb922d24dcba66000a82a7e6b040b3bffcb2'}",mock
0x630ec9e342bc58a8b217423bdd3160570cd3a319adb35f95cec2178981c3c639,86000,1,TicketReserved,"{'model_id': 'model_mnist_784_noniid', 'round': 6, 'ticket_id': 310, 'owner': 'acct_10'}",mock
0x8dfa7c2a1109efbbb74982a29396766e5fbcca5e9d66753ce4da2954578ec3cf,93000,1,UpdatePublished,"{'model_id': 'model_mnist_784_noniid', 'round': 6, 'ticket_id': 310, 'cid': 'sha256:cfcb28dd46bf4f6c32169daa9506eac9b35f183bb22b01fe2f0086c3085d6b0b'}",mock
0xa25361cdd9a2db2aa7a89722a8a19da59469e54cdf6be2c933d6db528d8f26b0,86000,1,TicketReserved,"{'model_id': 'model_mnist_784_noniid', 'round': 6, 'ticket_id': 311, 'owner': 'acct_11'}",mock
0x30f1e993fded201a03ed8f22fb1973f2b2f5e4fa0c0cd6b32ef5078b3acd8641,93000,1,UpdatePublished,"{'model_id': 'model_mnist_784_noniid', 'round': 6, 'ticket_id': 311, 'cid': 'sha256:0ca8736f9176306cad187a7ba0a3134b402194fba57c81cd0d2a2ff066302beb'}",mock
0x0d8f692355356de7468d347b641d583048b018db3f7076a963bc8bf6588b2e32,86000,1,TicketReserved,"{'model_id': 'model_mnist_784_noniid', 'round': 6, 'ticket_id': 312, 'owner': 'acct_12'}",mock
0xadb0049d1ad945161536b73bca067657bbc9bf182144c0f84c8cd15b427f83b1,93000,1,UpdatePublished,"{'model_id': 'model_mnist_784_noniid', 'round': 6, 'ticket_id': 312, 'cid': 'sha256:69cc5a5bc38a4cc750466e2a1e58665a4f39921238b2973f003295129b1f73c2'}",mock
0x57e16de061c225ca451359016ff7910cd6c92f16936448be3fbd859e4de721ed,86000,1,TicketReserved,"{'model_id': 'model_mnist_784_noniid', 'round': 6, 'ticket_id': 313, 'owner': 'acct_13'}",mock
0x261e0108d0a3e6b667e9eb1bc626b27de3e08712dc3332a4b1b8e66cc6ff8044,93000,1,UpdatePublished,"{'model_id': 'model_mnist_784_noniid', 'round': 6, 'ticket_id': 313, 'cid': 'sha256:8d8b306284a6a6a97be0b3c18b2b266c6b287685f99da486a1f7dc302a6babd1'}",mock
0x9f6ffe7f532f8d76a301351e10ed09e1584b46e138bb936a41c56d4ad7507546,86000,1,TicketReserved,"{'model_id': 'model_mnist_784_noniid', 'round': 6, 'ticket_id': 314, 'owner': 'acct_14'}",mock
0x05287de4ca2a70f90a427a6e5a9a002756e8ed72f9cfec819592c1ec76ab41f6,93000,1,UpdatePublished,"{'model_id': 'model_mnist_784_noniid', 'round': 6, 'ticket_id': 314, 'cid': 'sha256:107705a8933c51d99d25b49fc16c56135ae249ab7e01428fc62c59f66d8a7f3f'}",mock
0xa878c9ffdfa285b6a63f4b85b75e0cd2df6b2f1fe5768f096a6c8768e31154e8,86000,1,TicketReserved,"{'model_id': 'model_mnist_784_noniid', 'round': 6, 'ticket_id': 315, 'owner': 'acct_15'}",mock
0x356ece8bebf3788fc96b3a15af6b6a89bfcfb908510a953e6531a730ba8e0143,93000,1,UpdatePublished,"{'model_id': 'model_mnist_784_noniid', 'round': 6, 'ticket_id': 315, 'cid': 'sha256:4be48806efef65c9dac09be05f62f5e4f481c93404cc003eec30ca32d2d024dc'}",mock
0x9bc56901e359fcb3f075be60d5ccf4af55f4f2411cde2f6e662e8be49cdc417b,86000,1,TicketReserved,"{'model_id': 'model_mnist_784_noniid', 'round': 6, 'ticket_id': 316, 'owner': 'acct_16'}",mock
0x504f84c0618e7df8a37c688ea086f192e29d6c503445110d0af19c95a9d8bf81,93000,1,UpdatePublished,"{'model_id': 'model_mnist_784_noniid', 'round': 6, 'ticket_id': 316, 'cid': 'sha256:e97bef82c84a71f4622d1f9c3d461ca02e22c818b4beb11855d5807537320764'}",mock
0xbffd97c8f6dc0fcc5fffbb6bafe9b997f040570825f8928fd1228c4503d0be9f,86000,1,TicketReserved,"{'model_id': 'model_mnist_784_noniid', 'round': 6, 'ticket_id': 317, 'owner': 'acct_17'}",mock
0xcab09da156a1e94150eb97fc4dc938ee4ccb98d40b43b2b478454230dabc6012,93000,1,UpdatePublished,"{'model_id': 'model_mnist_784_noniid', 'round': 6, 'ticket_id': 317, 'cid': 'sha256:6c5832733f62aa5548fb5dddabdb36d110294181cfaa943420fd4fde96c414ab'}",mock
0x2147176867cf7264473f8a412f0e882a887b92150dd089932ab9cba06128f9fc,86000,1,TicketReserved,"{'model_id': 'model_mnist_784_noniid', 'round': 6, 'ticket_id': 318, 'owner': 'acct_18'}",mock
0xcad04aa679b68cc9def55570fdebbd79f2ca595aed0a62b6ad3b195cd0953624,93000,1,UpdatePublished,"{'model_id': 'model_mnist_784_noniid', 'round': 6, 'ticket_id': 318, 'cid': 'sha256:5c616969ff815b95883ed205ab7e3dcb49177379d606a9de77cb69993c46cd9c'}",mock
0xf20d73a97c0d2461b5c6aee2a986db652ef2faa8bb9708a8167e6cbe0ac4b12a,86000,1,TicketReserved,"{'model_id': 'model_mnist_784_noniid', 'round': 6, 'ticket_id': 319, 'owner': 'acct_19'}",mock
0xbc1b913236d57ee1334f0596bc03b6d5b7d0fcbc0c270f8521655982c5891b64,93000,1,UpdatePublished,"{'model_id': 'model_mnist_784_noniid', 'round': 6, 'ticket_id': 319, 'cid': 'sha256:8e04ae7b559a8e79722cfde1d240868c793a3b22f758bf82ed9c07338a9a7acc'}",mock
0xbfdb0bcd9630f1cdcca9086c071078953d34b4cc243ad4ca62b9457efeddb14a,86000,1,TicketReserved,"{'model_id': 'model_mnist_784_noniid', 'round': 6, 'ticket_id': 320, 'owner': 'acct_20'}",mock
0x62dc4a8f55acf607c9fcc18f606191f911d3cd67673cb28e4ccebda4e1a58fe1,93000,1,UpdatePublished,"{'model_id': 'model_mnist_784_noniid', 'round': 6, 'ticket_id': 320, 'cid': 'sha256:4c9fe215c90cef35f1b06f7aab2d0cf2bd30e517b96be52a1dbdd6b25e5c84ad'}",mock
0x5dce273ea156a58569ef043a1d1b4bdd3d27b452549a92d8ad37f23200478963,86000,1,TicketReserved,"{'model_id': 'model_mnist_784_noniid', 'round': 6, 'ticket_id': 321, 'owner': 'acct_21'}",mock
0xc7e0d5f8781512bf78cb3ed469fd5d86b671fedc3aee5ca35a889909a417df42,93000,1,UpdatePublished,"{'model_id': 'model_mnist_784_noniid', 'round': 6, 'ticket_id': 321, 'cid': 'sha256:2bde7f0ae24afebc81b46682c7ebf6c48efa0831133b69427a58952732d1ece1'}",mock
0x624ea7f7647bc777c036ead7028b1ca3d9596e0de0892edb485d0291e74d8f81,86000,1,TicketReserved,"{'model_id': 'model_mnist_784_noniid', 'round': 6, 'ticket_id': 322, 'owner': 'acct_22'}",mock
0x40c515d3a586147df9ae2bdbee46ab2e869a5678fd58b879c1416d94f090686a,93000,1,UpdatePublished,"{'model_id': 'model_mnist_784_noniid', 'round': 6, 'ticket_id': 322, 'cid': 'sha256:bba09b422b841beaa8399eabf9e84d2b529c349193283c7e9bf332614414351d'}",mock
0x61e8e0489f485f178686f03698a84c1faf8986c08b7de519b4161482a5cdd226,86000,1,TicketReserved,"{'model_id': 'model_mnist_784_noniid', 'round': 6, 'ticket_id': 323, 'owner': 'acct_23'}",mock
0x9590fbbde6bea13b03f690d8722f46e4b001a4272c57106a47ab47d343c8ba2e,93000,1,UpdatePublished,"{'model_id': 'model_mnist_784_noniid', 'round': 6, 'ticket_id': 323, 'cid': 'sha256:f3ea3acd0bcd97227ae7927d984684a0401a4968a71b3bbe1f9f550dbaf67bb5'}",mock
0x8e9f5877a4f965b84a02b32562adad0592fb4131ab6414346fc68c98f468677f,86000,1,TicketReserved,"{'model_id': 'model_mnist_784_noniid', 'round': 6, 'ticket_id': 324, 'owner': 'acct_24'}",mock
0xccf275457442850119d7beaeb3b8b73c3a8e2cd630c67fd604e784245f63a586,93000,1,UpdatePublished,"{'model_id': 'model_mnist_784_noniid', 'round': 6, 'ticket_id': 324, 'cid': 'sha256:583216ecec5031782fab71f14be67f435cddb7527690c85120bfdb83a2069f31'}",mock
0xb3ed7e362ebca934621d4eec6826b58749c6ecef96c4c44ceb5cf3d8cb48235f,86000,1,TicketReserved,"{'model_id': 'model_mnist_784_noniid', 'round': 6, 'ticket_id': 325, 'owner': 'acct_25'}",mock
0x852d74858f1f75ba89c08ba6c31a9b991e645325abd7e1adf5da53535577c1ee,93000,1,UpdatePublished,"{'model_id': 'model_mnist_784_noniid', 'round': 6, 'ticket_id': 325, 'cid': 'sha256:1020435adf73ff206c3b9f2873cee0898fe0b8a09a308430de4dac5d30d67635'}",mock
0x14e2d38c2b68f1a79e2e52d80e6ff659409d4ddf151aa7ba835c506e7e814364,86000,1,TicketReserved,"{'model_id': 'model_mnist_784_noniid', 'round': 6, 'ticket_id': 326, 'owner': 'acct_26'}",mock
0x0995313b0abb7b4abbd04df9dc0d325ff2fad07ba7462a7c03264d364dbe56e4,93000,1,UpdatePublished,"{'model_id': 'model_mnist_784_noniid', 'round': 6, 'ticket_id': 326, 'cid': 'sha256:692e04672728f35bb9808c9a3520a963c13d0dee80ef074f463621756a0069d3'}",mock
0x49f72a605cb38d3471184e2aa98ff651735bd806bf257c2eafab62fd4d26b208,86000,1,TicketReserved,"{'model_id': 'model_mnist_784_noniid', 'round': 6, 'ticket_id': 327, 'owner': 'acct_27'}",mock
0x937866b4ef3d244a6966254eeb377e3c755cae69abbc1462d10512247d679c26,93000,1,UpdatePublished,"{'model_id': 'model_mnist_784_noniid', 'round': 6, 'ticket_id': 327, 'cid': 'sha256:919a15c6ff56913d4240da8ffe5cbfd2dbb236b1bf5b2870bdc3751876b080d1'}",mock
0x35b0de98990f921a3e54651a30e314b818fddf3c74cb06979d4fd8225b38db25,86000,1,TicketReserved,"{'model_id': 'model_mnist_784_noniid', 'round': 6, 'ticket_id': 328, 'owner': 'acct_28'}",mock
0x04afe2027e1fe157eca7af5633a4a3602b0a2bf00b2e293739025409b12f2928,93000,1,UpdatePublished,"{'model_id': 'model_mnist_784_noniid', 'round': 6, 'ticket_id': 328, 'cid': 'sha256:20cf04a432a33b7e6887f37e277b3d1cc7dfd45b5097998941491c365e1e6a92'}",mock
0xed8007e4e343d272a302b19680f35cd59c3a58c9a9a7484630bffbe079f6bc81,86000,1,TicketReserved,"{'model_id': 'model_mnist_784_noniid', 'round': 6, 'ticket_id': 329, 'owner': 'acct_29'}",mock
0x9c9a8749633b65d46dcca009887b92d87510fb86b03a2c8bd51afa8938f4b099,93000,1,UpdatePublished,"{'model_id': 'model_mnist_784_noniid', 'round': 6, 'ticket_id': 329, 'cid': 'sha256:c325a1c6ac6ff38b33219e34ed361f860a43b75bb68fa91d99eac2521af760fd'}",mock
0xca875f58f173f69535b87f997b90db9b96748aa605748c40bd14c3e364b37f13,86000,1,TicketReserved,"{'model_id': 'model_mnist_784_noniid', 'round': 6, 'ticket_id': 330, 'owner': 'acct_30'}",mock
0x0c9126240329f34468017b580f190e1f18735499c81c265e66b72e1823f5cbc8,93000,1,UpdatePublished,"{'model_id': 'model_mnist_784_noniid', 'round': 6, 'ticket_id': 330, 'cid': 'sha256:4fd4b6186758ea04b86ac98717dbcaeb85d8d4e6439c34afcb3da7b928fcaaa5'}",mock
0x53c1f30ebdf7537efac3e265b90bafc86e18be9653ee3cfc0d8cccb59fc32c30,86000,1,TicketReserved,"{'model_id': 'model_mnist_784_noniid', 'round': 6, 'ticket_id': 331, 'owner': 'acct_31'}",mock
0xa6401658a8fdeef1982c0d76b42751d5b14ca7bac042a7b7f3eb68d600011a6d,93000,1,UpdatePublished,"{'model_id': 'model_mnist_784_noniid', 'round': 6, 'ticket_id': 331, 'cid': 'sha256:d7dc2bddae3462a4ddc69ac93ed0778872be633565f2d4a04fea49f229977aed'}",mock
0x7f1d5a5d52841ddeb1c3074b77294f287ff6ac597a68febf1a7f755536dc6647,86000,1,TicketReserved,"{'model_id': 'model_mnist_784_noniid', 'round': 6, 'ticket_id': 332, 'owner': 'acct_32'}",mock
0xd9b5c852e5bc7546aa6f34dc31f8e4ca1af1ff72df0a815bbb82fd386abf7cd5,93000,1,UpdatePublished,"{'model_id': 'model_mnist_784_noniid', 'round': 6, 'ticket_id': 332, 'cid': 'sha256:acfb60cd0320c932dca2071c0b399bd90541556ec378de02a820fd2e37b268e6'}",mock
0xe06ea805d48a90f9ab9e6b0c08705d8bd76c5322fd50692bebb0040a74c7a14c,86000,1,TicketReserved,"{'model_id': 'model_mnist_784_noniid', 'round': 6, 'ticket_id': 333, 'owner': 'acct_33'}",mock
0xb16c39a9a74fd69051070de78e48097d49865522de6d2427425cee33915add81,93000,1,UpdatePublished,"{'model_id': 'model_mnist_784_noniid', 'round': 6, 'ticket_id': 333, 'cid': 'sha256:ea444168d9d4ed1147bd870238957cfa19d91d6185815302d029fc4a98f2abd5'}",mock
0x83dc863f72d2904777f6125b4db72af3cee8e2ae0ef667eaac95342e14583b81,86000,1,TicketReserved,"{'model_id': 'model_mnist_784_noniid', 'round': 6, 'ticket_id': 334, 'owner': 'acct_34'}",mock
0xc73e3f66da72d25c55a2a2546a36834f03da5606a6737ae518bac3e8734ee121,93000,1,UpdatePublished,"{'model_id': 'model_mnist_784_noniid', 'round': 6, 'ticket_id': 334, 'cid': 'sha256:e9b95b3b0803d5f6b3cf446e6614f8b7455749df5390da545d1e585d5d882a58'}",mock
0xfb982b6fe9be877c930c154b59d926d53d3bc01ab3d30fe67105bbc95f19e0fd,86000,1,TicketReserved,"{'model_id': 'model_mnist_784_noniid', 'round': 6, 'ticket_id': 335, 'owner': 'acct_35'}",mock
0x26d0d9b30e4bf091c6ca8e3e9c76ccdc6a9a45f6c92c53903b886e6ca6accffc,93000,1,UpdatePublished,"{'model_id': 'model_mnist_784_noniid', 'round': 6, 'ticket_id': 335, 'cid': 'sha256:a91b783e34c17fd28f0e118ead9eb5c1dd40786b8fd150ca04b6ada5345282ae'}",mock
0xd979c1caaf7897e906b94a36f93b74c098a37fa0bb096dc4f87f6b82293a3ce9,86000,1,TicketReserved,"{'model_id': 'model_mnist_784_noniid', 'round': 6, 'ticket_id': 336, 'owner': 'acct_36'}",mock
0x45ddbb26aeaec817eee2f310e1536b9928f72fb3f307952342d8261553868203,93000,1,UpdatePublished,"{'model_id': 'model_mnist_784_noniid', 'round': 6, 'ticket_id': 336, 'cid': 'sha256:bd99c36b9520ecf4de72407836a54b958a38c0363226171e8782c5cec19bf60e'}",mock
0xf30b5c260cf10032134a0a7ccf2dae5913404e15a0112c3643dcb4e3a9fc8668,86000,1,TicketReserved,"{'model_id': 'model_mnist_784_noniid', 'round': 6, 'ticket_id': 337, 'owner': 'acct_37'}",mock
0x181c17b57234da4c5c2e124f1f1e0379bbe3bbb3af5a399ec97405552ee357df,93000,1,UpdatePublished,"{'model_id': 'model_mnist_784_noniid', 'round': 6, 'ticket_id': 337, 'cid': 'sha256:4627c6d161824af580f1114906b13d96dab781058d68f3b588c7e7b935a04787'}",mock
0xc6383400d857476b1ef686318675ca200b059f6bff75e5f8c31961507208e1a1,86000,1,TicketReserved,"{'model_id': 'model_mnist_784_noniid', 'round': 6, 'ticket_id': 338, 'owner': 'acct_38'}",mock
0x66df8ce9f3f075d69f18a7e7899581edc9cf0fba60e5f9f8aef07bef303b7e7a,93000,1,UpdatePublished,"{'model_id': 'model_mnist_784_noniid', 'round': 6, 'ticket_id': 338, 'cid': 'sha256:da848917828a4cc51b18ec5def04a8788cf87c71200879f3e61bc553c9bb044e'}",mock
0x4a1a91b558a91778830c327ec76a0d07518cd918c93792f0dd01ca00073c30ab,86000,1,TicketReserved,"{'model_id': 'model_mnist_784_noniid', 'round': 6, 'ticket_id': 339, 'owner': 'acct_39'}",mock
0x9280e3da694f856bf7b261fddb6e6894714a00b0205aa50f081c8f0e378892dc,93000,1,UpdatePublished,"{'model_id': 'model_mnist_784_noniid', 'round': 6, 'ticket_id': 339, 'cid': 'sha256:01bf19d0adbbada5096cdb3656e55b47890928b9e6bb339425baef7fd8ed00f5'}",mock
0x5c90aeac2506b6d8419e39aded52a801976dccd3d31f25a8ad5742f66d0f8f59,86000,1,TicketReserved,"{'model_id': 'model_mnist_784_noniid', 'round': 6, 'ticket_id': 340, 'owner': 'acct_40'}",mock
0x652732126587365ffe36cedb95b92dbe817e5b72a6f260e16db2ce7197a573d4,93000,1,UpdatePublished,"{'model_id': 'model_mnist_784_noniid', 'round': 6, 'ticket_id': 340, 'cid': 'sha256:3402bbd2ad8dfed22914f1be9998fb5c351a808d89be2aaadeb15d360b9c8670'}",mock
0xf85b740f5764b5810f54dbeb7bd27a09aef4407dfa405c7f919ccffe9f273b9e,86000,1,TicketReserved,"{'model_id': 'model_mnist_784_noniid', 'round': 6, 'ticket_id': 341, 'owner': 'acct_41'}",mock
0x29842724e65cde60f97481fab7bd58ac775761541e56ee7687b904d70d7cc561,93000,1,UpdatePublished,"{'model_id': 'model_mnist_784_noniid', 'round': 6, 'ticket_id': 341, 'cid': 'sha256:64b01d19d13dfb01d98ba332c476a6dcd3ea0c72994a09525b292fa025e92882'}",mock
0xf1e6bf34e339f7481bc8841292265d6e8a78ed95224e5ac8872c8cf31a33dbce,86000,1,TicketReserved,"{'model_id': 'model_mnist_784_noniid', 'round': 6, 'ticket_id': 342, 'owner': 'acct_42'}",mock
0x906ff523237d090bd8b1a60485aae3aaa1732542384d01e825a19060f1a8a091,93000,1,UpdatePublished,"{'model_id': 'model_mnist_784_noniid', 'round': 6, 'ticket_id': 342, 'cid': 'sha256:0eb79aa78ada3dc303235f6ea1672a9aa985bcc70050be15c24916cb5016d901'}",mock
0x4bde6bc975ab8f7cd2719d320b556dbceb4389f18037ea6790ec5f5c71f72866,86000,1,TicketReserved,"{'model_id': 'model_mnist_784_noniid', 'round': 6, 'ticket_id': 343, 'owner': 'acct_43'}",mock
0x540ca3ab0851ccc3ba9fbbc2f2cdd39d2f3be4bc24b40b4fff19f17e57b28a06,93000,1,UpdatePublished,"{'model_id': 'model_mnist_784_noniid', 'round': 6, 'ticket_id': 343, 'cid': 'sha256:2ba1668afe5f34633478d6c7421428422e1e50c21afd66c7f261e94343e2c62a'}",mock
0xb572bf5082f0a75b55b509321fe01f35efa2ba2af2336e8c717986e38ec998ee,86000,1,TicketReserved,"{'model_id': 'model_mnist_784_noniid', 'round': 6, 'ticket_id': 344, 'owner': 'acct_44'}",mock
0x0d9ffba06a8c1293a6881fb9d5bd614a28aa539c210c7f77c8dfcad4083223ee,93000,1,UpdatePublished,"{'model_id': 'model_mnist_784_noniid', 'round': 6, 'ticket_id': 344, 'cid': 'sha256:977270725193ced9bd9dac9f408c7433254281aa9c430b851e02a5b602db9c9e'}",mock
0xd7ab18a47e112bb013a1658581296fda8a8839d598d50437fa41594841cd5fce,86000,1,TicketReserved,"{'model_id': 'model_mnist_784_noniid', 'round': 6, 'ticket_id': 345, 'owner': 'acct_45'}",mock
0xb7437525eddc54fd11c5899936cb2482e4a9ceee111283512eecf530bd6c862b,93000,1,UpdatePublished,"{'model_id': 'model_mnist_784_noniid', 'round': 6, 'ticket_id': 345, 'cid': 'sha256:68a564a1e53582058a959b51d7b7aec38155b69e959e6bcea9e5a55e1dd7bb3e'}",mock
0xcaab30b60e1c5f19bb09dab26cd30128389fff6c8294bb1ef0ec492a5f1b6bfe,86000,1,TicketReserved,"{'model_id': 'model_mnist_784_noniid', 'round': 6, 'ticket_id': 346, 'owner': 'acct_46'}",mock
0x8462e6c8420f1e218262d45afcf5d5df8af77e85de68ff32ee814a33a7d1f9ba,93000,1,UpdatePublished,"{'model_id': 'model_mnist_784_noniid', 'round': 6, 'ticket_id': 346, 'cid': 'sha256:acd9327911a8d873090a74a4dac50aa19de4b18ccc50a8095b06416c65a1a9e4'}",mock
0x15848e7c71c38e8695744bf2fea5dc8c39531f3f3b136788734fc5ff352e0300,86000,1,TicketReserved,"{'model_id': 'model_mnist_784_noniid', 'round': 6, 'ticket_id': 347, 'owner': 'acct_47'}",mock
0xd12e6d08057df8a7869cbd9a6fae760645f88eaaf5537607bfbdef8a2367188b,93000,1,UpdatePublished,"{'model_id': 'model_mnist_784_noniid', 'round': 6, 'ticket_id': 347, 'cid': 'sha256:f386fae15ff943d40d1f85c30509a33d8411a615fb75f11a16d6424c93394063'}",mock
0xbf30bfbaffca0023688aedf5d2e88462494bfee0d5a90ce773a22757517fc1bf,86000,1,TicketReserved,"{'model_id': 'model_mnist_784_noniid', 'round': 6, 'ticket_id': 348, 'owner': 'acct_48'}",mock
0x18449fa89c9568a260421739a64477ed66ef78066e1ca5db40223f460d7bf00d,93000,1,UpdatePublished,"{'model_id': 'model_mnist_784_noniid', 'round': 6, 'ticket_id': 348, 'cid': 'sha256:fa52baa88180acf72fb59d4b3ca38c929def470f9e1e18767903e7ff322dc936'}",mock
0x51040372615fd902a68918a86507da39a12af786fcae3c74545b20c50891630e,86000,1,TicketReserved,"{'model_id': 'model_mnist_784_noniid', 'round': 6, 'ticket_id': 349, 'owner': 'acct_49'}",mock
0x55eaf0f719e7a9793b199e27f735d25bd88b0650c98fa880893a420db2249344,93000,1,UpdatePublished,"{'model_id': 'model_mnist_784_noniid', 'round': 6, 'ticket_id': 349, 'cid': 'sha256:471222cfd0e5f6887c1bd73fb0b0a89c7d6f82396e00775ce7406597bbf5d7c4'}",mock
0x20c2262f8de027a13f12e9fb40422bde30bc917c081bd25cd2452e352cc811a3,86000,1,TicketReserved,"{'model_id': 'model_mnist_784_noniid', 'round': 6, 'ticket_id': 350, 'owner': 'acct_50'}",mock
0x9bf245819c6e57e73b0541ef3d195970bc92c69773fa61fce3f6e3cc3c866de2,93000,1,UpdatePublished,"{'model_id': 'model_mnist_784_noniid', 'round': 6, 'ticket_id': 350, 'cid': 'sha256:a19ca698cc26292876ecbccfc4754b039b6aa35bd895fc9e0ffd6d1bc66345ef'}",mock
0xd76749d33993478f232605f0ff7dad9b9ba1e7328e9782a71f02684e5a56fa21,905000,1,RoundFinalized,"{'model_id': 'model_mnist_784_noniid', 'round': 6, 'included': 39, 'refunds': 39}",mock
0x2df27144a72c75d29788e44062ed9a98fa10486dcbe0327d698b60f9f89dea4d,52000,1,RoundFunded,"{'model_id': 'model_mnist_784_noniid', 'amount_wei': 10000000000000000}",mock
0x792f6035bef743a078c8ce698671e7e3b76bd2fd87c0b48b045c7c249c78a7bc,86000,1,TicketReserved,"{'model_id': 'model_mnist_784_noniid', 'round': 7, 'ticket_id': 351, 'owner': 'acct_1'}",mock
0xbad2a7790a0b8b748fdef78d01c40e39c3afbe19fa91ebf503695323ac2ff272,93000,1,UpdatePublished,"{'model_id': 'model_mnist_784_noniid', 'round': 7, 'ticket_id': 351, 'cid': 'sha256:d5d4ee9865ab52f71498bf040fd80a985a1ca708b5a9ab792afdad6dcf615666'}",mock
0x02370a68aa1de893f70fd9ae3d00e94cdc82dd56f6880a4725d0a2cce398f4e7,86000,1,TicketReserved,"{'model_id': 'model_mnist_784_noniid', 'round': 7, 'ticket_id': 352, 'owner': 'acct_2'}",mock
0xfcb2cfd33c03a1a4c1d921f89ab3475981b44315daf56a8cca6443ce5146bf20,93000,1,UpdatePublished,"{'model_id': 'model_mnist_784_noniid', 'round': 7, 'ticket_id': 352, 'cid': 'sha256:0c115b8a890a66d7f05aa7ec2c74dd5825501dd9e17a4048f9cd977d6b0d2728'}",mock
0xb11b19adbbc5935d669f7d2f6a1bf65f4c1684d9c692b92f38b851aa3d8a538e,86000,1,TicketReserved,"{'model_id': 'model_mnist_784_noniid', 'round': 7, 'ticket_id': 353, 'owner': 'acct_3'}",mock
0x8a1651081c4de4f19480088310ee2b6ce05bc061971caf507ee8d9ed6b80e373,93000,1,UpdatePublished,"{'model_id': 'model_mnist_784_noniid', 'round': 7, 'ticket_id': 353, 'cid': 'sha256:950c774247b98f7c62be4b36acf937061847995321afd0284979247630cea93e'}",mock
0x00f336adc78aabf36298c52011ec34882eea841446195da0195942235cb043bb,86000,1,TicketReserved,"{'model_id': 'model_mnist_784_noniid', 'round': 7, 'ticket_id': 354, 'owner': 'acct_4'}",mock
0xb4fe276f37d052d8222099982f11e6c11e9d88128bd5910971899cd95193ab05,93000,1,UpdatePublished,"{'model_id': 'model_mnist_784_noniid', 'round': 7, 'ticket_id': 354, 'cid': 'sha256:6d230b25fe9456720028168aef39f573242348b87697194be14ba97098a79365'}",mock
0x314d86874d332065d3fa238dffd0b81f9e250606b34ee78c084b65bb7ca8c123,86000,1,TicketReserved,"{'model_id': 'model_mnist_784_noniid', 'round': 7, 'ticket_id': 355, 'owner': 'acct_5'}",mock
0xaed6dcb0dce8cc5e0c3c2dfa69b04e9eca8c3ca0fbc04b70178a11b6eb443850,93000,1,UpdatePublished,"{'model_id': 'model_mnist_784_noniid', 'round': 7, 'ticket_id': 355, 'cid': 'sha256:a32afd4fb35e6b75f389f7902d22088fb6ee462a58d07df8d5112e72bbafc7b1'}",mock
0x1007fb301b6f181d392bc03aa524e303bd1040b4a83ee67ad13cabe697210cf1,86000,1,TicketReserved,"{'model_id': 'model_mnist_784_noniid', 'round': 7, 'ticket_id': 356, 'owner': 'acct_6'}",mock
0x33f0f023a15e12726b25af1613925934bee1c7a22633aff21941b73d20be3cfb,93000,1,UpdatePublished,"{'model_id': 'model_mnist_784_noniid', 'round': 7, 'ticket_id': 356, 'cid': 'sha256:6b3f9a25afce4c383f016ce28f09d50c985601a9b07271c5d083c62549ec0efa'}",mock
0x382a72281fad930b4a69116831fc90bbd722dbcb492e1c6c5db36a354d3b81a2,86000,1,TicketReserved,"{'model_id': 'model_mnist_784_noniid', 'round': 7, 'ticket_id': 357, 'owner': 'acct_7'}",mock
0xc5fcd5902bdc84e0c4fcf853c8b016931c845fe0c53d332d6b292500eb476883,93000,1,UpdatePublished,"{'model_id': 'model_mnist_784_noniid', 'round': 7, 'ticket_id': 357, 'cid': 'sha256:f7a2bef5239e3eddab866063868740e515d35f39cc88c561e4190513d40fe800'}",mock
0x85127b46e7654f72e3b5373342d93f3291be11d171736f357744bbaee87e7ca7,86000,1,TicketReserved,"{'model_id': 'model_mnist_784_noniid', 'round': 7, 'ticket_id': 358, 'owner': 'acct_8'}",mock
0xd9e0b930d7ebaa583d9aa386204703e1784164dd04156435fe43e6e6a1491fbc,93000,1,UpdatePublished,"{'model_id': 'model_mnist_784_noniid', 'round': 7, 'ticket_id': 358, 'cid': 'sha256:76ac165a816eeb4467869f53a40dc597412b8e162c984b7502b8c53e244723ab'}",mock
0xca91c2df14802c12335f67010957f8d5f5ba2613e09af2e1cf837a1979545d59,86000,1,TicketReserved,"{'model_id': 'model_mnist_784_noniid', 'round': 7, 'ticket_id': 359, 'owner': 'acct_9'}",mock
0xd4e7772780d8f2733f421a5f22bee60ed4ca2d82d195b79b59bd8baa50e5bfe8,93000,1,UpdatePublished,"{'model_id': 'model_mnist_784_noniid', 'round': 7, 'ticket_id': 359, 'cid': 'sha256:19f41c0833d8983451ff734aea1411aba2760b61891ecb46acc1b82903d6a1b5'}",mock
0x93e8d0adb2a565815e189c267b3ea706ef285048fac633b8e1f7714e494323c9,86000,1,TicketReserved,"{'model_id': 'model_mnist_784_noniid', 'round': 7, 'ticket_id': 360, 'owner': 'acct_10'}",mock
0xa6e334ef67600747665af9e006c7dfb41ae793e6cd0e6a9c500983383009495a,93000,1,UpdatePublished,"{'model_id': 'model_mnist_784_noniid', 'round': 7, 'ticket_id': 360, 'cid': 'sha256:3c7d3a57c342baa86b9fffa85671c0473b2a67af1c0c4ab66f263e85857a686d'}",mock
0xa8a59bd5a4b454d43898cb315689b72deb547a2beb90afe4a736af33712bbd39,86000,1,TicketReserved,"{'model_id': 'model_mnist_784_noniid', 'round': 7, 'ticket_id': 361, 'owner': 'acct_11'}",mock
0x5f4fea9d507784f26067ead701142becedf12348b386aadfa49a0790a3c50657,93000,1,UpdatePublished,"{'model_id': 'model_mnist_784_noniid', 'round': 7, 'ticket_id': 361, 'cid': 'sha256:f26739c4fc75b02556b12e9b92d0e5acfe628baffc2e91545cf248d7fc2f087e'}",mock
0x0441de4e0821e1fb0dceee38c9a1b210aaa4f2bbb432d3e9ef74fff43af9c393,86000,1,TicketReserved,"{'model_id': 'model_mnist_784_noniid', 'round': 7, 'ticket_id': 362, 'owner': 'acct_12'}",mock
0x2bf3a11deb7578b4fae3903c8e5975020812d69948107086fce8546a04b506c8,93000,1,UpdatePublished,"{'model_id': 'model_mnist_784_noniid', 'round': 7, 'ticket_id': 362, 'cid': 'sha256:c617f7105bcdaf68121a65291d6e748f09cdf261a5bd3c026157a6ae28023b2d'}",mock
0x4c3fbd563ce61493be4e8913c8aef5af2555d6aeaa49d995d2ca6716a7669d69,86000,1,TicketReserved,"{'model_id': 'model_mnist_784_noniid', 'round': 7, 'ticket_id': 363, 'owner': 'acct_13'}",mock
0xe55d2a9152a783ef0253651e186e1ee65871c8459ae00d29fba5a46391d662a6,93000,1,UpdatePublished,"{'model_id': 'model_mnist_784_noniid', 'round': 7, 'ticket_id': 363, 'cid': 'sha256:ac62d895635a7d288046282c209bfa362aa00fbc91afe717e5c5b7e16d221018'}",mock
0x3f323cebd2878a5dee8152c65a868c752b03ace1115aa2522eb13700ddb2ad04,86000,1,TicketReserved,"{'model_id': 'model_mnist_784_noniid', 'round': 7, 'ticket_id': 364, 'owner': 'acct_14'}",mock
0x477d17768bce7d7271f0be9edfe0624e18d172b3da8bb3a8f8c98edb63141c43,93000,1,UpdatePublished,"{'model_id': 'model_mnist_784_noniid', 'round': 7, 'ticket_id': 364, 'cid': 'sha256:ad758bb931876df683ba780a3f1b9a8b11c9f607c418ca9c4c8c160c7332ae33'}",mock
0x4d669972ef3c2be20de8ca9c93c5496a86db1618871ebb19a4a431e327cbc278,86000,1,TicketReserved,"{'model_id': 'model_mnist_784_noniid', 'round': 7, 'ticket_id': 365, 'owner': 'acct_15'}",mock
0xe33be3f97589c0c724a576f13842122d0f953e91af4f06d8e2364c89adcd24b6,93000,1,UpdatePublished,"{'model_id': 'model_mnist_784_noniid', 'round': 7, 'ticket_id': 365, 'cid': 'sha256:903773db78900dbf1338fc911cbabfebf3cde22144f3fdec8b7d7d29c6868513'}",mock
0x9e952c665d22998dc6317ae4101c6da26837a330b80fe95bf35970ffdd664832,86000,1,TicketReserved,"{'model_id': 'model_mnist_784_noniid', 'round': 7, 'ticket_id': 366, 'owner': 'acct_16'}",mock
0x61aed2811d321a9204819c24555b8db41962fd4f72006d054ba30426e384b33a,93000,1,UpdatePublished,"{'model_id': 'model_mnist_784_noniid', 'round': 7, 'ticket_id': 366, 'cid': 'sha256:7ab4f98642a190ae7df71d65671295d1bec495dd372b94176f4dea1973f615a0'}",mock
0x48684180e48698d81796928e979ed601fd6614d5cb346c44451e347a821bddf5,86000,1,TicketReserved,"{'model_id': 'model_mnist_784_noniid', 'round': 7, 'ticket_id': 367, 'owner': 'acct_17'}",mock
0xc5b43217dc3d4da12d6bbf49e7967bda9a302fd523ed9ff0b87ed3ac9db9f881,93000,1,UpdatePublished,"{'model_id': 'model_mnist_784_noniid', 'round': 7, 'ticket_id': 367, 'cid': 'sha256:1394e23524a3f49e17e6fa7a835306898baa5ab3e0879ef4ae01e8b283c8c7d5'}",mock
0xb0070ff3348bc82a698b82fb755aff4a92ed5aa62e45c6dc2b0fb767176a6e0d,86000,1,TicketReserved,"{'model_id': 'model_mnist_784_noniid', 'round': 7, 'ticket_id': 368, 'owner': 'acct_18'}",mock
0x8ac7b5a2f5240c2033f1b9dd1bf2a4ea665e7d8f24acff51504246a3f1dfecef,93000,1,UpdatePublished,"{'model_id': 'model_mnist_784_noniid', 'round': 7, 'ticket_id': 368, 'cid': 'sha256:dc1f57552192ba964324755bcfb4b6fe542bf97c4052f77842c1fe389aa9e66c'}",mock
0x7ad855d747d79c40ddffd401a7f1b76476fee9147a4f24b7d99d1f90305ebae9,86000,1,TicketReserved,"{'model_id': 'model_mnist_784_noniid', 'round': 7, 'ticket_id': 369, 'owner': 'acct_19'}",mock
0x6bd66bd1db3b5a2d98f0710bf35fef4cb6b05f2f7132bb1043cd849298d0d1b1,93000,1,UpdatePublished,"{'model_id': 'model_mnist_784_noniid', 'round': 7, 'ticket_id': 369, 'cid': 'sha256:6019f162bc6a4f2ef22518a63b9132c27f309c62e7a7b38809ecc5e2d2656ada'}",mock
0x9fe35e61eada148e52e9d32ab40f0095971f9b59248026cdebb787d573e2fb02,86000,1,TicketReserved,"{'model_id': 'model_mnist_784_noniid', 'round': 7, 'ticket_id': 370, 'owner': 'acct_20'}",mock
0xc7a5bd793f4263d9691858159ed9538e1e61743f28a96bff0581e1a983e5fa23,93000,1,UpdatePublished,"{'model_id': 'model_mnist_784_noniid', 'round': 7, 'ticket_id': 370, 'cid': 'sha256:cdbb9f1063f8bd257384601ec61bde3aaa05aa45af1659cc42053236f2d39301'}",mock
0x58f3dfeec37713f8735446d393b7b39469000abe8a4805ab4deb233044c53daf,86000,1,TicketReserved,"{'model_id': 'model_mnist_784_noniid', 'round': 7, 'ticket_id': 371, 'owner': 'acct_21'}",mock
0x8afc573fe763a701291e6b8bb8543efa4f1c41e46f010bc43aa349451b8b23a5,93000,1,UpdatePublished,"{'model_id': 'model_mnist_784_noniid', 'round': 7, 'ticket_id': 371, 'cid': 'sha256:03bab4dc656154ae61b5ec4cd51a6ee058186041b57fb87c4082f3cfbabf0d1c'}",mock
0x555363aa53bb09565ce8aa309525a01759b42b3195bd3466805b78eecd64bed4,86000,1,TicketReserved,"{'model_id': 'model_mnist_784_noniid', 'round': 7, 'ticket_id': 372, 'owner': 'acct_22'}",mock
0x4f4238d95ff7572b6a1249c9376a20b7192c13a96d4b8b0863e676acaa4a41d2,93000,1,UpdatePublished,"{'model_id': 'model_mnist_784_noniid', 'round': 7, 'ticket_id': 372, 'cid': 'sha256:f4aad3e0be0f8567f92dc45defd3b0b5f8ad4c54322d8e1d33703f44a6ebc115'}",mock
0xffd49fe7d133a6d4bb4793721d59431a773725956bd6cb95fc8ffbd3c16a7b25,86000,1,TicketReserved,"{'model_id': 'model_mnist_784_noniid', 'round': 7, 'ticket_id': 373, 'owner': 'acct_23'}",mock
0x4130abe868118d606da13be9cb5c172aa034052b18942135e138f8531c51b5f4,93000,1,UpdatePublished,"{'model_id': 'model_mnist_784_noniid', 'round': 7, 'ticket_id': 373, 'cid': 'sha256:af0d51796851d186580b031407ed7d138e401d7801d827c5f59cb2b0acdd44c3'}",mock
0xc560561a3eb5cf07c30379babf49d69ee2d117dee730e079c2fae51cff100449,86000,1,TicketReserved,"{'model_id': 'model_mnist_784_noniid', 'round': 7, 'ticket_id': 374, 'owner': 'acct_24'}",mock
0x83d6f7b783a997d08e058f1b2ce54bd7cef9bc3d80cb82be2aeb8b227bbe746b,93000,1,UpdatePublished,"{'model_id': 'model_mnist_784_noniid', 'round': 7, 'ticket_id': 374, 'cid': 'sha256:244885a7e0554b82109f4e693d391155946bfaa7efb1278afbb2a533b76aa03a'}",mock
0x2d3c2bbc821c666c42e56b24a6e2ce12f90007c9faf8ba329af816f545aaa18a,86000,1,TicketReserved,"{'model_id': 'model_mnist_784_noniid', 'round': 7, 'ticket_id': 375, 'owner': 'acct_25'}",mock
0xe7cdfac8084c00485260dc30a10139c93e08a2db0c349abb3d6e292dba8e69aa,93000,1,UpdatePublished,"{'model_id': 'model_mnist_784_noniid', 'round': 7, 'ticket_id': 375, 'cid': 'sha256:4629d7017618d7f3fe878638644cd0935a04080393b133e1bf6e6503cbad6eaf'}",mock
0x52e8d4263e476a4a592c3339a57d359964511abf92d8668d8a9627bc9536fc9e,86000,1,TicketReserved,"{'model_id': 'model_mnist_784_noniid', 'round': 7, 'ticket_id': 376, 'owner': 'acct_26'}",mock
0x33237d17bb1af38f6da520d9e196969d80dd28da50665a45235bfbf9591771be,93000,1,UpdatePublished,"{'model_id': 'model_mnist_784_noniid', 'round': 7, 'ticket_id': 376, 'cid': 'sha256:83ea06ed4f3f82693c0491ffa241c6aefe684fdc4f8898bca857c5a755f50ebd'}",mock
0xa22cf4c2545ef3b93878b197ced67002ce2d43029a7551789e1a6dbd24b6cebe,86000,1,TicketReserved,"{'model_id': 'model_mnist_784_noniid', 'round': 7, 'ticket_id': 377, 'owner': 'acct_27'}",mock
0x3ef0bd41883dee1b62b6db67dab80375c5bb53dd2868deae9b3e95c0710210a8,93000,1,UpdatePublished,"{'model_id': 'model_mnist_784_noniid', 'round': 7, 'ticket_id': 377, 'cid': 'sha256:374f4aa06c4140bb7edcfe1603ab750d4ba7e39743a1549bc6f6267fd69a8ec1'}",mock
0x3e5205aefe5278db1b60422462f8fd4b8e760296ca349d1417b44f63bc1e41c8,86000,1,TicketReserved,"{'model_id': 'model_mnist_784_noniid', 'round': 7, 'ticket_id': 378, 'owner': 'acct_28'}",mock
0x940e19839db29ddd17e1ef726c94e29c20acf10570194110ea1abbfd5a2ce563,93000,1,UpdatePublished,"{'model_id': 'model_mnist_784_noniid', 'round': 7, 'ticket_id': 378, 'cid': 'sha256:32808e8987ad2aca9ad92122ed23c168285d94a99de5e6fcf894580b33b8e59e'}",mock
0x67a80dec2d1ff74cfb739a7965a26b8899e768946a2f4ba415ea459a6e0d2e6f,86000,1,TicketReserved,"{'model_id': 'model_mnist_784_noniid', 'round': 7, 'ticket_id': 379, 'owner': 'acct_29'}",mock
0xf82ced615aadcd47a6e77057ca5b1f909528365abaac266efcab214aa2eb5543,93000,1,UpdatePublished,"{'model_id': 'model_mnist_784_noniid', 'round': 7, 'ticket_id': 379, 'cid': 'sha256:f8f5cabc54e0946730ad74f5177868217c6a7abc79eadd48f70b0384949aae8a'}",mock
0xdda25a46969d66c72da3d23de5eb3e758b8a77b2fe0be25efdd2bdb3d5b1a75a,86000,1,TicketReserved,"{'model_id': 'model_mnist_784_noniid', 'round': 7, 'ticket_id': 380, 'owner': 'acct_30'}",mock
0x346492eea1d008453a8dff1056bf6cca93da33d9a7a855bae6e2ee8b60a9b7a5,93000,1,UpdatePublished,"{'model_id': 'model_mnist_784_noniid', 'round': 7, 'ticket_id': 380, 'cid': 'sha256:454323a17a6e1b8a1047136e20d362586a419ffd79d34176f62a144f837c9830'}",mock
0xde17fe1c1ab70604d2aaf7f933cab91cb8cc739b5b69887e2a3f296d9efde2f9,86000,1,TicketReserved,"{'model_id': 'model_mnist_784_noniid', 'round': 7, 'ticket_id': 381, 'owner': 'acct_31'}",mock
0x60182c689af2a981781810ffb0e70f2329a0955db33a5a56d02dd39ba6cbe6c7,93000,1,UpdatePublished,"{'model_id': 'model_mnist_784_noniid', 'round': 7, 'ticket_id': 381, 'cid': 'sha256:fc430297cdbc69f5d66e4f116884af1df6e638afe391bcaba48e09972638d86f'}",mock
0xc0c68775d83e63d969397616f9cfb7fa5b86e17b5432835ede3b70cbb94eb466,86000,1,TicketReserved,"{'model_id': 'model_mnist_784_noniid', 'round': 7, 'ticket_id': 382, 'owner': 'acct_32'}",mock
0xb17a734050f33700d1a42e023e1c4bc88c2cb8ab26dd9cd7a889495c9521e698,93000,1,UpdatePublished,"{'model_id': 'model_mnist_784_noniid', 'round': 7, 'ticket_id': 382, 'cid': 'sha256:1b3e7bc97781d62fb700c004ec1f5cd77a48f31a330d013b868ca03fe2fe61cf'}",mock
0x6e57cccb44b79bbe8abf9ef8a7fdf4e86f20d4a57142f694ff76988e679c93a5,86000,1,TicketReserved,"{'model_id': 'model_mnist_784_noniid', 'round': 7, 'ticket_id': 383, 'owner': 'acct_33'}",mock
0x74612ee2bdb592e38db16594af5cf29fda1a4ffc294460a8da7c5a14e96c7fee,93000,1,UpdatePublished,"{'model_id': 'model_mnist_784_noniid', 'round': 7, 'ticket_id': 383, 'cid': 'sha256:22a652473e51237a148d5c6e9c672323e05892e19c76e831143ef5b6f8e82769'}",mock
0x0cb46067b36afc580b69c496ecb51b3c76616f663658674223417b55a736cf0f,86000,1,TicketReserved,"{'model_id': 'model_mnist_784_noniid', 'round': 7, 'ticket_id': 384, 'owner': 'acct_34'}",mock
0x936c54191e8132c02baae25a14fb80d45197f15c64c4b76c79de701152056ed1,93000,1,UpdatePublished,"{'model_id': 'model_mnist_784_noniid', 'round': 7, 'ticket_id': 384, 'cid': 'sha256:ff7e4af5556eb065fbd2fd0e2523c4547d4c7adc6460739bcfa7c49ddac9e01e'}",mock
0x3279bbf897d83892cb510c20223d8b9736145e0edd085d03817387609501cd70,86000,1,TicketReserved,"{'model_id': 'model_mnist_784_noniid', 'round': 7, 'ticket_id': 385, 'owner': 'acct_35'}",mock
0xfc9d041416d99f505beb9ab6f7a3d8d5fccaf759d7c9caf7d6a39c73a68b103e,93000,1,UpdatePublished,"{'model_id': 'model_mnist_784_noniid', 'round': 7, 'ticket_id': 385, 'cid': 'sha256:92dee39f92ed51d1301cdcb092f7da736129930e40946f91656fff738461556b'}",mock
0x4382452dab80d48009461d1708237397fdd43d5c433d394b2f67a20a3865850b,86000,1,TicketReserved,"{'model_id': 'model_mnist_784_noniid', 'round': 7, 'ticket_id': 386, 'owner': 'acct_36'}",mock
0x9fb05edffbdf3cc9d93259df6993cf58986dc336cdcb2b30459e22b46b47a970,93000,1,UpdatePublished,"{'model_id': 'model_mnist_784_noniid', 'round': 7, 'ticket_id': 386, 'cid': 'sha256:34af43df3a8dd5061b6e3e9296c333b00ea39e88cbfdad61511c9f9ce1880bb6'}",mock
0x070307bb644d1ff20755ee098541bdc3ae8eb0bca62e8f93c0075ffe0b4c6438,86000,1,TicketReserved,"{'model_id': 'model_mnist_784_noniid', 'round': 7, 'ticket_id': 387, 'owner': 'acct_37'}",mock
0x81d6ce356b3b5919c4f0283a6f16c2be2a543401d569ff5b2c7c6187d3594ccd,93000,1,UpdatePublished,"{'model_id': 'model_mnist_784_noniid', 'round': 7, 'ticket_id': 387, 'cid': 'sha256:0448109b6a14c5aa910d6d40aa74a8ebf0c3cff65ec4af62ef056a1467e0f24a'}",mock
0xa1a4763b7225cb8d2df242546c8b0675786accf6c93e92e93ee9741b7e2148af,86000,1,TicketReserved,"{'model_id': 'model_mnist_784_noniid', 'round': 7, 'ticket_id': 388, 'owner': 'acct_38'}",mock
0xeb10b299d3b48e2eaccca11c262f88487c5c5b249b08ee9d81a4749c1c7deb96,93000,1,UpdatePublished,"{'model_id': 'model_mnist_784_noniid', 'round': 7, 'ticket_id': 388, 'cid': 'sha256:c76535285b5aef2e4dfb33f9243f91382ad7084fd73f0df40aafced4daefad4b'}",mock
0xfc106f99f2a497633b5f81ba7ad622d77295eaec00cc0116a582b1b498ff14a5,86000,1,TicketReserved,"{'model_id': 'model_mnist_784_noniid', 'round': 7, 'ticket_id': 389, 'owner': 'acct_39'}",mock
0x35c2113d2dd479031e28c75482a55c471a9594ac04a8819e06c71718959aede3,93000,1,UpdatePublished,"{'model_id': 'model_mnist_784_noniid', 'round': 7, 'ticket_id': 389, 'cid': 'sha256:e63631f2858119c54e92f16e2001900a5917f42ac562ea9cd6cd93c1d12febd7'}",mock
0x813910a83957a6920216c7246b5d5ff8ff3cd556172a1d0d4a6e195904c93097,86000,1,TicketReserved,"{'model_id': 'model_mnist_784_noniid', 'round': 7, 'ticket_id': 390, 'owner': 'acct_40'}",mock
0xab3843fd468a3bfb15da1a4911fa004bf4ea2fba9a3c0aaa341c7e0446eef9c4,93000,1,UpdatePublished,"{'model_id': 'model_mnist_784_noniid', 'round': 7, 'ticket_id': 390, 'cid': 'sha256:f826526381302985837c08bbfd75248d219a2c7b643a10b0b38c6e872f00bf30'}",mock
0xdffd41eca3d1640bfafd48fd83026fd124a2a0742844ffa7bd08a7bd9e3e394f,86000,1,TicketReserved,"{'model_id': 'model_mnist_784_noniid', 'round': 7, 'ticket_id': 391, 'owner': 'acct_41'}",mock
0x9ed50a6c567292d782335e98916dc5ccbd3ef589eaf5a00cc02e221e17336118,93000,1,UpdatePublished,"{'model_id': 'model_mnist_784_noniid', 'round': 7, 'ticket_id': 391, 'cid': 'sha256:f232bed2e94a9a7bdac96db1d904bb9cc7db24745b8315301da4e4e4c1fecd74'}",mock
0x1813bc80016e4bd214a81fc61b03a557e97fc801f223eb557bdb8f1240ca2f09,86000,1,TicketReserved,"{'model_id': 'model_mnist_784_noniid', 'round': 7, 'ticket_id': 392, 'owner': 'acct_42'}",mock
0x39b9d59b7bcf3b7c8c733eed831f9eaaa02e817f3dd7ebe9f68bf75123bdacd9,93000,1,UpdatePublished,"{'model_id': 'model_mnist_784_noniid', 'round': 7, 'ticket_id': 392, 'cid': 'sha256:71a9bc86c63917a5afe3bf6a783a021377d7390753eb67722da8b58681e81d86'}",mock
0xf669f8fb963ef1d0b12878f5280711460c68e4190bd55e33c2e6b7736666e586,86000,1,TicketReserved,"{'model_id': 'model_mnist_784_noniid', 'round': 7, 'ticket_id': 393, 'owner': 'acct_43'}",mock
0xd4427b83b4f87b3d5e293d8efb2ddac21ddd4151920daaf1e912864c6a35f8b6,93000,1,UpdatePublished,"{'model_id': 'model_mnist_784_noniid', 'round': 7, 'ticket_id': 393, 'cid': 'sha256:e3c1737ceac3c8ee455d102f4798184785be1aa0e6b1400e0bd5ea18b868e8f4'}",mock
0x5ea712a8bbdcc56a2c1dad62383367a8297897855b2f4b83400af21037e69341,86000,1,TicketReserved,"{'model_id': 'model_mnist_784_noniid', 'round': 7, 'ticket_id': 394, 'owner': 'acct_44'}",mock
0x197f6ba9074588bcf945cee5b9120b9656b1aa22229fd9e52ad54137259a651e,93000,1,UpdatePublished,"{'model_id': 'model_mnist_784_noniid', 'round': 7, 'ticket_id': 394, 'cid': 'sha256:992136455e0c0cb2b6a978db23af63eee6fbf6205b5f559f4cd166a2ac4ca0cd'}",mock
0xc6e262874b480e6c5161b7605b9b8269db8ae9e4a9dbba008237cdee58342734,86000,1,TicketReserved,"{'model_id': 'model_mnist_784_noniid', 'round': 7, 'ticket_id': 395, 'owner': 'acct_45'}",mock
0x471e0a104044901973bef81b67bcfcd6b58202a24824f573e396bd103027d7f2,93000,1,UpdatePublished,"{'model_id': 'model_mnist_784_noniid', 'round': 7, 'ticket_id': 395, 'cid': 'sha256:dbf605be2666684b3314365657ee2cd4d37a2b3f74da0dfc314d2e3f53cbe997'}",mock
0xbae631e0a8ec3bf761bc16c07d0a409cc7c33dd2f27ec5fadc72fd9a5cbd77cc,86000,1,TicketReserved,"{'model_id': 'model_mnist_784_noniid', 'round': 7, 'ticket_id': 396, 'owner': 'acct_46'}",mock
0x6ac7a92e1d08a71065d7edac4ffa854e0ba0645ec1d152b3741ab60de6db5fc6,93000,1,UpdatePublished,"{'model_id': 'model_mnist_784_noniid', 'round': 7, 'ticket_id': 396, 'cid': 'sha256:4b98236829e3cfb8e55293412e8eca9f0465bf35bd0262634809ee90ce52ec15'}",mock
0x9d7ada6ef16410fff607b0252aa2d76e0edf9e301c9a099fc8e9daa544b1e048,86000,1,TicketReserved,"{'model_id': 'model_mnist_784_noniid', 'round': 7, 'ticket_id': 397, 'owner': 'acct_47'}",mock
0x17040daaf85f49ea35e6150c5657c2a324108a7c640759c211103f35443f6969,93000,1,UpdatePublished,"{'model_id': 'model_mnist_784_noniid', 'round': 7, 'ticket_id': 397, 'cid': 'sha256:7405e5866e62c25d956767c217d753a430965d37a66fcb6e015fcb2312ae3be8'}",mock
0xb1615513a53c4dd32325f952b891708d0692a2a8f2c89ba53f1172abf09be1b8,86000,1,TicketReserved,"{'model_id': 'model_mnist_784_noniid', 'round': 7, 'ticket_id': 398, 'owner': 'acct_48'}",mock
0x7c1c847795a5b9f7067cf5f43fe3821d7cdf7563cb227cefb1c99b9c3c3a916c,93000,1,UpdatePublished,"{'model_id': 'model_mnist_784_noniid', 'round': 7, 'ticket_id': 398, 'cid': 'sha256:7ea54be4bc072d37acc5094ae1756c01e85f728c0cb99f8d35b5aeab07941263'}",mock
0xe807330be95b1e4132ab5f99f9c26f0142cdcc5cea106f86fc5ae848624375d5,86000,1,TicketReserved,"{'model_id': 'model_mnist_784_noniid', 'round': 7, 'ticket_id': 399, 'owner': 'acct_49'}",mock
0x8c52acac6455873a0ef2c26a44101db68c88c77fd2f9e1e35ae8fb74e1cea0dd,93000,1,UpdatePublished,"{'model_id': 'model_mnist_784_noniid', 'round': 7, 'ticket_id': 399, 'cid': 'sha256:a6ac281fd117f60f81577ae444fdb69e956922b279365e0bd250fb5ef4920379'}",mock
0x8685fdb24a42e704aca24489a6208dad018ae67b24e49cf2ff4b35830ee16357,86000,1,TicketReserved,"{'model_id': 'model_mnist_784_noniid', 'round': 7, 'ticket_id': 400, 'owner': 'acct_50'}",mock
0x3fc9770419fcea1dde327cc00e76ba9d6e67a63124d976d98c607abd28df5610,93000,1,UpdatePublished,"{'model_id': 'model_mnist_784_noniid', 'round': 7, 'ticket_id': 400, 'cid': 'sha256:671c682940df92c60a2a0cbf23ad2258377ab41365d7ed1822b99190336b8daf'}",mock
0x6e806aa329b332daca20e73be00b7194995ea1969166dbe8cef216d634374bfe,905000,1,RoundFinalized,"{'model_id': 'model_mnist_784_noniid', 'round': 7, 'included': 39, 'refunds': 39}",mock
0x17d2910d2a30c4f6a00015c757de976881c973059547f134ab74d762b0d5c841,52000,1,RoundFunded,"{'model_id': 'model_mnist_784_noniid', 'amount_wei': 10000000000000000}",mock
0xa03a066942be26d692cdba7d5c08c707472baf2022c67f6f6f4d4943ad780049,86000,1,TicketReserved,"{'model_id': 'model_mnist_784_noniid', 'round': 8, 'ticket_id': 401, 'owner': 'acct_1'}",mock
0x1454d64225899187d0348c8b74fb4bd9590eaf1532e4ae618ca64498efe617c8,93000,1,UpdatePublished,"{'model_id': 'model_mnist_784_noniid', 'round': 8, 'ticket_id': 401, 'cid': 'sha256:377721a077a83f7f4a978e49dbc5fd0c9f13cbbd46978c4fac9eb9dd78584fc8'}",mock
0x04945ef3422ae6619da4863a2e37e6c0e411c8b91514e453d21378579573000d,86000,1,TicketReserved,"{'model_id': 'model_mnist_784_noniid', 'round': 8, 'ticket_id': 402, 'owner': 'acct_2'}",mock
0x019145ddf09e2ea4a7c8bd4022cdf09205017460d521fcb34bb9112b7942ba9e,93000,1,UpdatePublished,"{'model_id': 'model_mnist_784_noniid', 'round': 8, 'ticket_id': 402, 'cid': 'sha256:1a7d63051461237340bb2a32ba737a336dc9c1cd748383a03ecfbac4be2634be'}",mock
0x9ed1ce9b5e72bbe9e70d5ed5486cf18519d777a421737ab78f1ba60eac52294f,86000,1,TicketReserved,"{'model_id': 'model_mnist_784_noniid', 'round': 8, 'ticket_id': 403, 'owner': 'acct_3'}",mock
0xd47d4e9d1d84eca9af79c4934fcc811ea9c4ade1e72228e020665d9ca434c032,93000,1,UpdatePublished,"{'model_id': 'model_mnist_784_noniid', 'round': 8, 'ticket_id': 403, 'cid': 'sha256:f714ffad84dda94bf1dc3570d33fe3e87475ab2156746b0ceccf501930637f35'}",mock
0x6ba20cf5889e2000c2aa9fe62481aee4bd1231ea57c712e6b70a8d516b166087,86000,1,TicketReserved,"{'model_id': 'model_mnist_784_noniid', 'round': 8, 'ticket_id': 404, 'owner': 'acct_4'}",mock
0x8e9a522a064954a2f5f977f1c76be7226b6b22aec34a0586c04675cae0b7f6e0,93000,1,UpdatePublished,"{'model_id': 'model_mnist_784_noniid', 'round': 8, 'ticket_id': 404, 'cid': 'sha256:83e2e4126c641a0cd2334f673ea7624238bed994818debd133a0854bf98d200d'}",mock
0x6eed98ffe9abce2899d55a119d633103a0681978579a9b545bfbe7d976f1c719,86000,1,TicketReserved,"{'model_id': 'model_mnist_784_noniid', 'round': 8, 'ticket_id': 405, 'owner': 'acct_5'}",mock
0xeb2bd46f63457363d8724a85b203ed9841b7cc8ad520bc1c4bfeacb7608c1416,93000,1,UpdatePublished,"{'model_id': 'model_mnist_784_noniid', 'round': 8, 'ticket_id': 405, 'cid': 'sha256:2f565e6d6b45d56a66462b2e33d82d6553c06691f499a9d678c03ad9c4f97c49'}",mock
0x9f84a9d1644d3b4cce978f39bfee4f6de04cb394769d19aa35626fbe1396e1e3,86000,1,TicketReserved,"{'model_id': 'model_mnist_784_noniid', 'round': 8, 'ticket_id': 406, 'owner': 'acct_6'}",mock
0x381298e3762a00d584e26646ae2d285f2d83a34deb82ebbd749b9ee50a3895f1,93000,1,UpdatePublished,"{'model_id': 'model_mnist_784_noniid', 'round': 8, 'ticket_id': 406, 'cid': 'sha256:34a7af9d1fb6f0427d238a0e0e96c4829f4dadc45cc93ae0f55c19e5100fde00'}",mock
0x642033b403f7754ff6a970aa8717a05e5d56706905234507bea8f7461f3dcaad,86000,1,TicketReserved,"{'model_id': 'model_mnist_784_noniid', 'round': 8, 'ticket_id': 407, 'owner': 'acct_7'}",mock
0xa896902b7259e1dd3de23d7bcc4e4633a18c336c2088749a67caabc5c12e1391,93000,1,UpdatePublished,"{'model_id': 'model_mnist_784_noniid', 'round': 8, 'ticket_id': 407, 'cid': 'sha256:19424493a18b0e223d1812dcd1e2d36e97ce4d0d023cfa8aa5b7423058f1fce0'}",mock
0x9648941e0463cf98023e15032293e97d3f0b8aab8d377dca374bdb6f893d8034,86000,1,TicketReserved,"{'model_id': 'model_mnist_784_noniid', 'round': 8, 'ticket_id': 408, 'owner': 'acct_8'}",mock
0x1009749dfe2bbd579dc0c653b5d1e4a6fdbe4133fd6d6664ba95dfafc3bbde98,93000,1,UpdatePublished,"{'model_id': 'model_mnist_784_noniid', 'round': 8, 'ticket_id': 408, 'cid': 'sha256:e10d9dbc4ed781acc790634b9e746483d1efce6215eca1e1c9a9a32a897b545e'}",mock
0x132b36de278b4e2c678167d4d423e71fa669cdedf3bf92baa7b45d90528508c2,86000,1,TicketReserved,"{'model_id': 'model_mnist_784_noniid', 'round': 8, 'ticket_id': 409, 'owner': 'acct_9'}",mock
0x66c8be086f9f63d8cdecb9e498c01c21baad4bf8b28e56769a24531221847a4f,93000,1,UpdatePublished,"{'model_id': 'model_mnist_784_noniid', 'round': 8, 'ticket_id': 409, 'cid': 'sha256:4b536cac908afd3b53acced016d87f08e5ea60b30dffb827944a3ae9a8ea2e7b'}",mock
0xa3be4850a70afd6284430066b1e9594d42ac2614161a6c51d852f681d48340fd,86000,1,TicketReserved,"{'model_id': 'model_mnist_784_noniid', 'round': 8, 'ticket_id': 410, 'owner': 'acct_10'}",mock
0x0472943f4f040c5ac2078fd8659a10f85f8d6ca84f05fe97b6186965ff28fd3c,93000,1,UpdatePublished,"{'model_id': 'model_mnist_784_noniid', 'round': 8, 'ticket_id': 410, 'cid': 'sha256:5b4c6527ba2b063fe691257427428d7ef19c9b4a5395f71cc17781ddd41283c0'}",mock
0xaa58e3d2804f9b2915cc5d81c839f1276c48f46570beba2c9be549a99bcc8829,86000,1,TicketReserved,"{'model_id': 'model_mnist_784_noniid', 'round': 8, 'ticket_id': 411, 'owner': 'acct_11'}",mock
0xeeaf545673552cba0b1872a6400b1229cc049a4d7e728d610581da2437e519cc,93000,1,UpdatePublished,"{'model_id': 'model_mnist_784_noniid', 'round': 8, 'ticket_id': 411, 'cid': 'sha256:672aaa42800791b279bd81b74fd704504f8bd0dc1ed23837aa7a5fe78ac4c85c'}",mock
0xc5f49aeeb0650dd984e258e782dc65a8ad1d349203408ee6112e45b9bcd3e8b5,86000,1,TicketReserved,"{'model_id': 'model_mnist_784_noniid', 'round': 8, 'ticket_id': 412, 'owner': 'acct_12'}",mock
0xd740c0c69876bbecaf9a1bf39f04866d2cb0c348f061bb3bfc3c3c3fec1f2332,93000,1,UpdatePublished,"{'model_id': 'model_mnist_784_noniid', 'round': 8, 'ticket_id': 412, 'cid': 'sha256:b986aea961540e9a63f30ecda76f9736898880db1ee848a7ba0f1a6211cc16cf'}",mock
0xc2867100ecaaaff1cba0e99d9f7b0fb0aaa6b0e49b923dbd4241c9d6fa39d882,86000,1,TicketReserved,"{'model_id': 'model_mnist_784_noniid', 'round': 8, 'ticket_id': 413, 'owner': 'acct_13'}",mock
0xd17d802ed6a88bc20223c7cd51b98afd8faf9f815d133a8699f2e7b82290de82,93000,1,UpdatePublished,"{'model_id': 'model_mnist_784_noniid', 'round': 8, 'ticket_id': 413, 'cid': 'sha256:392b7ecb14f6f021b27dda4c7b4b1bb40c3035c2c47989f1681d9c33cca68c09'}",mock
0xf86e02353f6f53825e955cf939e319b082eb41a8c9e556dd30519f2b3e055bfb,86000,1,TicketReserved,"{'model_id': 'model_mnist_784_noniid', 'round': 8, 'ticket_id': 414, 'owner': 'acct_14'}",mock
0xf34f0056f126d9a56c45a4e5a59e163281dd4c36c209e84cbe75f8f33c7f19c2,93000,1,UpdatePublished,"{'model_id': 'model_mnist_784_noniid', 'round': 8, 'ticket_id': 414, 'cid': 'sha256:5a70c22e873757e7768c80d14ac4ff28738c2184a5f9e4a85df030f36de34c61'}",mock
0x2422492c4261bf36490bef34cbcc459de6173e640db2272dce6e87a8464c8d5f,86000,1,TicketReserved,"{'model_id': 'model_mnist_784_noniid', 'round': 8, 'ticket_id': 415, 'owner': 'acct_15'}",mock
0x318479046c759540f4be38cc96a2e6fdc10b17e01eedcde04d25dc74ff958737,93000,1,UpdatePublished,"{'model_id': 'model_mnist_784_noniid', 'round': 8, 'ticket_id': 415, 'cid': 'sha256:91afeadabfcfdcb4a9934911086ae639fca91b1a15cfa32c5caa964de5b04e4b'}",mock
0xef423857022d9d7237a1d530ac68c200e2c552279ebde1905528482ed6f1d1dd,86000,1,TicketReserved,"{'model_id': 'model_mnist_784_noniid', 'round': 8, 'ticket_id': 416, 'owner': 'acct_16'}",mock
0x7ad0ce9f054e6766f2d2af97e20302d74e906767bb430f63cd023d2b7ee91702,93000,1,UpdatePublished,"{'model_id': 'model_mnist_784_noniid', 'round': 8, 'ticket_id': 416, 'cid': 'sha256:702f5af804559120c8f0532ff0c82f0c433060dfead1de26d4213e213a1fa3a9'}",mock
0x15ad093663dd7edf290d162ad3c3b91c6f28d2ede054653a8ed36a3d05c4f5f5,86000,1,TicketReserved,"{'model_id': 'model_mnist_784_noniid', 'round': 8, 'ticket_id': 417, 'owner': 'acct_17'}",mock
0xb1f5a8f349ced0836d5b79e0f90de3735f8127056b7ba15ca415ed4519cce1d7,93000,1,UpdatePublished,"{'model_id': 'model_mnist_784_noniid', 'round': 8, 'ticket_id': 417, 'cid': 'sha256:ac477980270e2be95bfd034d712dca095510c3535cdd19701f5084b68f6904d2'}",mock
0xba83a7c804a35dbb22db97a1950787d4166705024a2f00224370e4524be49cc2,86000,1,TicketReserved,"{'model_id': 'model_mnist_784_noniid', 'round': 8, 'ticket_id': 418, 'owner': 'acct_18'}",mock
0x6e29fd7a4adf83b678e8b1b363cabf624a154a6637f45f3a1b1f39bd0fec3d39,93000,1,UpdatePublished,"{'model_id': 'model_mnist_784_noniid', 'round': 8, 'ticket_id': 418, 'cid': 'sha256:e0384afed3ccb62d9f00575053da61a1bf1545eef2296d4e396dc63d19e39286'}",mock
0x25895eecccd9d1c561154b520ac5309e0010c54bb33f517e8f8ad96b7a491d90,86000,1,TicketReserved,"{'model_id': 'model_mnist_784_noniid', 'round': 8, 'ticket_id': 419, 'owner': 'acct_19'}",mock
0x3a68641f5111e7e2bd3d2f2d67a7d821dafb9532f413129416c6c163f53daad6,93000,1,UpdatePublished,"{'model_id': 'model_mnist_784_noniid', 'round': 8, 'ticket_id': 419, 'cid': 'sha256:8b160ada925d87a238a85f037607bdf29ad6ac41306b16732ef500433451a68d'}",mock
0xc3668ce16354c36038a4f6cd92e06eec97aa85a9ee61f15246ebcc9e8380334f,86000,1,TicketReserved,"{'model_id': 'model_mnist_784_noniid', 'round': 8, 'ticket_id': 420, 'owner': 'acct_20'}",mock
0x520499c515ad897ba5eeff3c45339a8360b1eb64fd82613212da4a9610ec823c,93000,1,UpdatePublished,"{'model_id': 'model_mnist_784_noniid', 'round': 8, 'ticket_id': 420, 'cid': 'sha256:0970a41829f8a279c492e57061a63242d9f6fe335453b913e125b10584cf8f9d'}",mock
0x3de4bf416cb5a577c57b988397bb2b514144202f0795d6fab837f697eed70f75,86000,1,TicketReserved,"{'model_id': 'model_mnist_784_noniid', 'round': 8, 'ticket_id': 421, 'owner': 'acct_21'}",mock
0xfbf0d2280ad4a0ab8e39cc9dd7c430aa9cf0c3385a0838d37d18ea470f6cc013,93000,1,UpdatePublished,"{'model_id': 'model_mnist_784_noniid', 'round': 8, 'ticket_id': 421, 'cid': 'sha256:41beb5a4c4ddb9e29e343f252b9adf2b88a99ce7ed40888b4031ae877b799a33'}",mock
0x8ed0dbedce3d4a862cb61b7b9351056c2ddaa3e0e17c64f0528fe3aac3016e45,86000,1,TicketReserved,"{'model_id': 'model_mnist_784_noniid', 'round': 8, 'ticket_id': 422, 'owner': 'acct_22'}",mock
0x5f210828e3ac2a13e20d1aaaf3c294cb619a24949a126b22b9b259685a57f4ca,93000,1,UpdatePublished,"{'model_id': 'model_mnist_784_noniid', 'round': 8, 'ticket_id': 422, 'cid': 'sha256:95a74a8d5261a9c5c05aae75e793567369d74990a2416c8cd35fda8e98d064a8'}",mock
0xce724dbbcc6596375b720b0eaaf50c4b450979f5229da2d4696917703cbc1891,86000,1,TicketReserved,"{'model_id': 'model_mnist_784_noniid', 'round': 8, 'ticket_id': 423, 'owner': 'acct_23'}",mock
0x5b42b4a4935c8b2d91f17fdceeec5fa8aae9c5be9e6565087293c34e2f63c77a,93000,1,UpdatePublished,"{'model_id': 'model_mnist_784_noniid', 'round': 8, 'ticket_id': 423, 'cid': 'sha256:a327fae714660ee9a0454b54440f0e858affcfd1843ec5f8072ad98ad86e591c'}",mock
0xfb1bce3136eec23f13fe6a10d1305160e91240dc053061fe9be7712332675cff,86000,1,TicketReserved,"{'model_id': 'model_mnist_784_noniid', 'round': 8, 'ticket_id': 424, 'owner': 'acct_24'}",mock
0x176c5425525666c2cb6f8b219625d91c6acc747783285b02ca8b9f269789e37a,93000,1,UpdatePublished,"{'model_id': 'model_mnist_784_noniid', 'round': 8, 'ticket_id': 424, 'cid': 'sha256:3d3c9598c26be0e6da54ee02c673ef7ea02dde6cc45b7cbb7d0ab3733179b9fc'}",mock
0x9542b63bd8c2d636d63372c133dc3eeebd809db65b2322ea71ca2b5a145df715,86000,1,TicketReserved,"{'model_id': 'model_mnist_784_noniid', 'round': 8, 'ticket_id': 425, 'owner': 'acct_25'}",mock
0x7fab806c937d534d75f9651938d40464ff69bb2181ec782da52d06562c35aa7b,93000,1,UpdatePublished,"{'model_id': 'model_mnist_784_noniid', 'round': 8, 'ticket_id': 425, 'cid': 'sha256:7864572926bfcd663c4331815bfe29aeaba8b071a65711b9d656d1f7db0ed210'}",mock
0xb9f7bb848d5ac4a5355acda6fa85e7a037dbd0d686f96f8366a9e597a6906143,86000,1,TicketReserved,"{'model_id': 'model_mnist_784_noniid', 'round': 8, 'ticket_id': 426, 'owner': 'acct_26'}",mock
0x6a281408071ed5d1098e4035e8d48d4faad9c4ffcf4c40e786e0bf59d79adf17,93000,1,UpdatePublished,"{'model_id': 'model_mnist_784_noniid', 'round': 8, 'ticket_id': 426, 'cid': 'sha256:8ffd134e050cf0c7078a859232f259da262546135742cc5bf1db49e7187b0b5b'}",mock
0x7738c01dcc4bdcd9f530aea01b3f9d4e054519d655f5e3b0039a17b022eef9ad,86000,1,TicketReserved,"{'model_id': 'model_mnist_784_noniid', 'round': 8, 'ticket_id': 427, 'owner': 'acct_27'}",mock
0x1bb2b1e63550da1d8faa46414a412be775eb42746dbcd542aabd233ede52c223,93000,1,UpdatePublished,"{'model_id': 'model_mnist_784_noniid', 'round': 8, 'ticket_id': 427, 'cid': 'sha256:670b304e8ba13aa58f236b9f1f29241a5060911279f2559884e79cebcb169fc8'}",mock
0xaabc7f4437aabc121e5e9a2458dd2a068e5c6b90e9e78bda123b25591b9b2355,86000,1,TicketReserved,"{'model_id': 'model_mnist_784_noniid', 'round': 8, 'ticket_id': 428, 'owner': 'acct_28'}",mock
0xb41616ace789573c5c2e88c816bd5f1e01cf677f5239613e822857c61dcd1750,93000,1,UpdatePublished,"{'model_id': 'model_mnist_784_noniid', 'round': 8, 'ticket_id': 428, 'cid': 'sha256:3d1255a8945dca0998a8db2b170bc96b2413bda4b3681b89604af6111638cb8e'}",mock
0x4abbf5c15fc1ae7327f3e0fc4342e75dd14cf745e0d2bd71f62798091c244acf,86000,1,TicketReserved,"{'model_id': 'model_mnist_784_noniid', 'round': 8, 'ticket_id': 429, 'owner': 'acct_29'}",mock
0xaafcf15b85062ec378953ee2eee98278c50c1452a126aaba8b8bedb5caa1dfbe,93000,1,UpdatePublished,"{'model_id': 'model_mnist_784_noniid', 'round': 8, 'ticket_id': 429, 'cid': 'sha256:51d675765660dfaa1a42affad426d9abc244cb59da33819e0cd01cb7109acef4'}",mock
0x52b2760858e402abf7460736607b9b4affeefd36dfa1c3ce3ba017a89ebd3ea6,86000,1,TicketReserved,"{'model_id': 'model_mnist_784_noniid', 'round': 8, 'ticket_id': 430, 'owner': 'acct_30'}",mock
0x3c410e8fcca3afed5d1d2b98a8ca5f07cb7f0882879d28e208f17ef5391b73cd,93000,1,UpdatePublished,"{'model_id': 'model_mnist_784_noniid', 'round': 8, 'ticket_id': 430, 'cid': 'sha256:acc00ad6219a03442785adc32b2ef91ac4014780ecd5f201fe97caa20201d229'}",mock
0x657405375435794f86fa471721688254ac4fe7b7370a56cd5afcdbd59174e757,86000,1,TicketReserved,"{'model_id': 'model_mnist_784_noniid', 'round': 8, 'ticket_id': 431, 'owner': 'acct_31'}",mock
0x4109c77bc1a874188ef263f63b60b89add0da511be57984357bfcdb9df4036ea,93000,1,UpdatePublished,"{'model_id': 'model_mnist_784_noniid', 'round': 8, 'ticket_id': 431, 'cid': 'sha256:295c5fb3649ece02c2f5619108867963aceac840e04bf7887ce9ce73711cfdf8'}",mock
0x0c9c5ad5032de2b85709a1dcf764f15945854860e17698c6b89267c5bd14c401,86000,1,TicketReserved,"{'model_id': 'model_mnist_784_noniid', 'round': 8, 'ticket_id': 432, 'owner': 'acct_32'}",mock
0xa0829f637fbf850685f8d2e3bfec15ea6daeb3f6a698a6532b092d9002d8ca32,93000,1,UpdatePublished,"{'model_id': 'model_mnist_784_noniid', 'round': 8, 'ticket_id': 432, 'cid': 'sha256:7b05c44bb8dc4f19b442721702ad7336eaf18d48133312b0cda08bba63c939c1'}",mock
0xa998a722a29ac4cbd43a061046925130c31461fe0dfe0a811907209ccacdcfeb,86000,1,TicketReserved,"{'model_id': 'model_mnist_784_noniid', 'round': 8, 'ticket_id': 433, 'owner': 'acct_33'}",mock
0x740e46b4be61b59db2c544bb3be8d5ef692240780acbb62d972056b035af91d2,93000,1,UpdatePublished,"{'model_id': 'model_mnist_784_noniid', 'round': 8, 'ticket_id': 433, 'cid': 'sha256:726b4dbf06694b95fc49b040fe22f0697f141023c96f8b411460dbc0715943ee'}",mock
0x4147fda9adac32ddb9660e054f8c177c34a0509f321ad40faf4a942463b8ace6,86000,1,TicketReserved,"{'model_id': 'model_mnist_784_noniid', 'round': 8, 'ticket_id': 434, 'owner': 'acct_34'}",mock
0x2104bd9912a7540e1846bdf9c756f891df8323beb47f69e0338e0c2b43c2ffd4,93000,1,UpdatePublished,"{'model_id': 'model_mnist_784_noniid', 'round': 8, 'ticket_id': 434, 'cid': 'sha256:07f4d3b8afe8fbb2001918911fe6289c556c306c5ac1d686036d168327fc9496'}",mock
0xcf14a3fb63379c605596a3580f85a01691eb7b9ddb32a6a61b0bf35316dc4686,86000,1,TicketReserved,"{'model_id': 'model_mnist_784_noniid', 'round': 8, 'ticket_id': 435, 'owner': 'acct_35'}",mock
0x31a71e8be157bbd5ab1253df3643be1053dadc72aa2d518c834d0113c4633818,93000,1,UpdatePublished,"{'model_id': 'model_mnist_784_noniid', 'round': 8, 'ticket_id': 435, 'cid': 'sha256:a1f734f7f96594f8d6bc493530d388a6ad347dd6a2deacf3b199496016d1e0e8'}",mock
0x8f7a2a4d381eda66eeeeb1929abd063389f460b0ce57de5a153351389f12cdf6,86000,1,TicketReserved,"{'model_id': 'model_mnist_784_noniid', 'round': 8, 'ticket_id': 436, 'owner': 'acct_36'}",mock
0xd08beb8435e9fcfcd869a1c4673706e234493a0981957def0290b3a27fa0b567,93000,1,UpdatePublished,"{'model_id': 'model_mnist_784_noniid', 'round': 8, 'ticket_id': 436, 'cid': 'sha256:0bcce0db0274e2a4a5931da259109bcdf8a6c49edf398e8b5adb66d3bd3db7e7'}",mock
0x15c7175af0f31e188dee7f00c5c0ca48ac9b5d9fe1b74773b862928f8d4f40f1,86000,1,TicketReserved,"{'model_id': 'model_mnist_784_noniid', 'round': 8, 'ticket_id': 437, 'owner': 'acct_37'}",mock
0x2bb5cf33d636d54c7deb34f7535d1af84851e287936343e159de2e8bc34da849,93000,1,UpdatePublished,"{'model_id': 'model_mnist_784_noniid', 'round': 8, 'ticket_id': 437, 'cid': 'sha256:85870b8aebfdc08078229be94190cbe42d4778c74001980e0a6049197ffd3efd'}",mock
0xa702a68932b917ae3555a27b1945dec311edf958a8d2b840690289ce08114fc7,86000,1,TicketReserved,"{'model_id': 'model_mnist_784_noniid', 'round': 8, 'ticket_id': 438, 'owner': 'acct_38'}",mock
0xb87a5aece93ef62abb5bb780ff378f26df75c46c6d801eb351c4690bea7d7da8,93000,1,UpdatePublished,"{'model_id': 'model_mnist_784_noniid', 'round': 8, 'ticket_id': 438, 'cid': 'sha256:323ff56940297350695f92391620f050e4f6d57b0584c68ec956da62600caec1'}",mock
0x9eeba726b1766cc62db9fc6583d6dd84ba0a82624b3727ae90d6f5b1a724f9b0,86000,1,TicketReserved,"{'model_id': 'model_mnist_784_noniid', 'round': 8, 'ticket_id': 439, 'owner': 'acct_39'}",mock
0x7d877f39a07914442a1de40f93bc2a3b1003bbc576e7b6475e93387135aa2248,93000,1,UpdatePublished,"{'model_id': 'model_mnist_784_noniid', 'round': 8, 'ticket_id': 439, 'cid': 'sha256:bbbb54c6baead679db75f14ef1b341d38e49b72bdeb91ae1f74ae10387bc5c23'}",mock
0x4726b285b6584683541773d29594ff18e389477b5ae05285ad781abdd7c9c549,86000,1,TicketReserved,"{'model_id': 'model_mnist_784_noniid', 'round': 8, 'ticket_id': 440, 'owner': 'acct_40'}",mock
0xa74faf2e9cc812d5fb8f4359126b3bbd6da998889dbfce95032391d33ea410f5,93000,1,UpdatePublished,"{'model_id': 'model_mnist_784_noniid', 'round': 8, 'ticket_id': 440, 'cid': 'sha256:a995acea9e02d11e1c1fc1bfc20d496169ebec12eabb83c6326e3242f58249cc'}",mock
0x897e4155c4981c98271259dbf158c98a750f6ff7dbe4f4efee3e7cd1ae71435a,86000,1,TicketReserved,"{'model_id': 'model_mnist_784_noniid', 'round': 8, 'ticket_id': 441, 'owner': 'acct_41'}",mock
0x6718442e14ff2a886a0835ac980601d3f95455bdb64a67451352abe0529289af,93000,1,UpdatePublished,"{'model_id': 'model_mnist_784_noniid', 'round': 8, 'ticket_id': 441, 'cid': 'sha256:32098d4e50523e8970807f53015b1082058fd803520fbb67c8ca958807707f42'}",mock
0x79257e393fe73cfcba697e92357e557b5ac51afd8057d6aaf2fc7c2d504f52a0,86000,1,TicketReserved,"{'model_id': 'model_mnist_784_noniid', 'round': 8, 'ticket_id': 442, 'owner': 'acct_42'}",mock
0xf5074019fb02d15aea0dfcc7939b35e7ddc37957f2f0381ed0c137a4598f15a6,93000,1,UpdatePublished,"{'model_id': 'model_mnist_784_noniid', 'round': 8, 'ticket_id': 442, 'cid': 'sha256:3ebd9e53f72602e5b60ef87a19dbaea7479b22a9ed51b4803418ff6f9e4c08a4'}",mock
0xabe8a67b038543434f49a86a344a87b4648e91d585ad2c814b1fa990763bbff6,86000,1,TicketReserved,"{'model_id': 'model_mnist_784_noniid', 'round': 8, 'ticket_id': 443, 'owner': 'acct_43'}",mock
0x0d0d49988d64fdeff5a3ec1ef46131649109375c0f18d9ef3b01a0be73531268,93000,1,UpdatePublished,"{'model_id': 'model_mnist_784_noniid', 'round': 8, 'ticket_id': 443, 'cid': 'sha256:02354bc9acec97c9cfe1bd2fc14a23b61cfda587f7a15841e2d9b51893f91d12'}",mock
0x403d51af11838c4c4783e51dd3e94b6e92ef4648f18285427f3c8be7d4eee58c,86000,1,TicketReserved,"{'model_id': 'model_mnist_784_noniid', 'round': 8, 'ticket_id': 444, 'owner': 'acct_44'}",mock
0x78e9faa53369f731ea29b7a5ab05734c838c5c6a7f11ab7fc7905d5deff0aca5,93000,1,UpdatePublished,"{'model_id': 'model_mnist_784_noniid', 'round': 8, 'ticket_id': 444, 'cid': 'sha256:02150aa046f6af7abd93f34e17f0a6ed1147ebac59e6d59ac87b8315eb03500b'}",mock
0x25d600a0d8912e977915511449a03e463b51cc902857ce273a5cddac52d19809,86000,1,TicketReserved,"{'model_id': 'model_mnist_784_noniid', 'round': 8, 'ticket_id': 445, 'owner': 'acct_45'}",mock
0xce278a4013a52c0afa63268983f5c9be8c7c4521b7c25536ac2631cf23df2447,93000,1,UpdatePublished,"{'model_id': 'model_mnist_784_noniid', 'round': 8, 'ticket_id': 445, 'cid': 'sha256:e3f995bd55c760ea26be08e241f84663f9e269b151f65ff5796db1be96f2f3e9'}",mock
0x5721066cdf5422e155df1541bc3d70bcf0b799b228f2c5817a469ebf3f3a2916,86000,1,TicketReserved,"{'model_id': 'model_mnist_784_noniid', 'round': 8, 'ticket_id': 446, 'owner': 'acct_46'}",mock
0xc15843867db5a800ad7fd28dd67bf961d95a229d328bc6b29752ead75c98d467,93000,1,UpdatePublished,"{'model_id': 'model_mnist_784_noniid', 'round': 8, 'ticket_id': 446, 'cid': 'sha256:c6ced8eb80e5eb18165e8978bc8982ed50f8566a363bbed1981a0f5514196b5f'}",mock
0xe33b566d38cbf2044d28e1cba0cd9a24ef462b4a70cc435df951d5e9b9f43bc4,86000,1,TicketReserved,"{'model_id': 'model_mnist_784_noniid', 'round': 8, 'ticket_id': 447, 'owner': 'acct_47'}",mock
0xa3c6f49aa364189fe8df925ce919ae9fb3935143d996fcba046b5f7621c8eae6,93000,1,UpdatePublished,"{'model_id': 'model_mnist_784_noniid', 'round': 8, 'ticket_id': 447, 'cid': 'sha256:392c38c79018252d4f0ae3a5587d1771dc97d811bb247c95c8cdfa0e148c0203'}",mock
0xb2321fa658ca0ba5660b6528b8f6ce9dc1bd2aaf8306caae0259fb00e73c9cad,86000,1,TicketReserved,"{'model_id': 'model_mnist_784_noniid', 'round': 8, 'ticket_id': 448, 'owner': 'acct_48'}",mock
0x1b1a3dcedf8a5d32a6861041a5692ad74a6e0f1a4e03e389e96b54edf2a1ba14,93000,1,UpdatePublished,"{'model_id': 'model_mnist_784_noniid', 'round': 8, 'ticket_id': 448, 'cid': 'sha256:9afe1cef3224130cc1fd474e30fcc342929625816c7db3e4d0d048e43f3c3b14'}",mock
0x4373f902c5898bad14d3e4736e4a6ef2bacd90681cf62ecdd562a099b0fae818,86000,1,TicketReserved,"{'model_id': 'model_mnist_784_noniid', 'round': 8, 'ticket_id': 449, 'owner': 'acct_49'}",mock
0xacff407324532a3a1f2b707b34aa78ec073755b5d25c82a364f1f96dc09485c4,93000,1,UpdatePublished,"{'model_id': 'model_mnist_784_noniid', 'round': 8, 'ticket_id': 449, 'cid': 'sha256:6f5bb7fb34dc3bf516d28c680e4318e14049e0ba1d16cd4c761af8323612d295'}",mock
0x1c64a6c171fd3e286ce3eb1011f313fea49b4a0c9c3076df7b86ae9e19cca392,86000,1,TicketReserved,"{'model_id': 'model_mnist_784_noniid', 'round': 8, 'ticket_id': 450, 'owner': 'acct_50'}",mock
0xac2c6a6e13c0f9ffa9992ebbdbe763c36b62ede5a835683c797c7461e24642a6,93000,1,UpdatePublished,"{'model_id': 'model_mnist_784_noniid', 'round': 8, 'ticket_id': 450, 'cid': 'sha256:dea02b734d4afc870a5b1989971ecb43da9d5a24dd3f213fa1c6918b4216907a'}",mock
0x5c42b5944849a00fd8c3e1c9c4b10f15f6a6396bf72329daa0fa98f7020f287f,885000,1,RoundFinalized,"{'model_id': 'model_mnist_784_noniid', 'round': 8, 'included': 38, 'refunds': 38}",mock
0x21c797bded2c6102527134005402ffe6eb95c7ff133253b22c32710796f0977a,52000,1,RoundFunded,"{'model_id': 'model_mnist_784_noniid', 'amount_wei': 10000000000000000}",mock
0xf6f04d22653abbd91468aff3168444de4f4af83c2efaf6266c7b21cd9d1023dc,86000,1,TicketReserved,"{'model_id': 'model_mnist_784_noniid', 'round': 9, 'ticket_id': 451, 'owner': 'acct_1'}",mock
0xb40539b8b740c26b41616b68b237834a46fc8c11afbd4e97be8ad0fa3050a7d2,93000,1,UpdatePublished,"{'model_id': 'model_mnist_784_noniid', 'round': 9, 'ticket_id': 451, 'cid': 'sha256:4c5115265faba892cc5e06def95e317f5559a79206f26d35fd5e5865144c1373'}",mock
0x79159b5e3e9c360bad8484a5c8b2b5f25625c627e2ceebc7bdc35c34092b8e48,86000,1,TicketReserved,"{'model_id': 'model_mnist_784_noniid', 'round': 9, 'ticket_id': 452, 'owner': 'acct_2'}",mock
0x91f404b0515468eec5725c37d1134891798f47d46231fcadac80ca8f0b210f04,93000,1,UpdatePublished,"{'model_id': 'model_mnist_784_noniid', 'round': 9, 'ticket_id': 452, 'cid': 'sha256:32073a78bccd2410bc20254727f0757018c3594666a8356b64481c65d6c6b3ac'}",mock
0xeb21b987abc79a6a3e2c6c7dfc4c2e2cf77faaf634391a131a086786c40f229b,86000,1,TicketReserved,"{'model_id': 'model_mnist_784_noniid', 'round': 9, 'ticket_id': 453, 'owner': 'acct_3'}",mock
0xa143890b7c26b2a689d00ac7f7f88bca1b27f6eee5ea15e555389aa73b95b4b4,93000,1,UpdatePublished,"{'model_id': 'model_mnist_784_noniid', 'round': 9, 'ticket_id': 453, 'cid': 'sha256:af7066707d3686b4c8878493efed1a520794f5f365aebb8121a12135d07bd90f'}",mock
0x73e2be4c62d0d58bb908a3e7e7e111c8a8597c1235efc6beb1c125b27a4665bf,86000,1,TicketReserved,"{'model_id': 'model_mnist_784_noniid', 'round': 9, 'ticket_id': 454, 'owner': 'acct_4'}",mock
0x3b01d7a632338f5eac8d5f97f8dcf458f2e1720b5e20af484b64f011a228d729,93000,1,UpdatePublished,"{'model_id': 'model_mnist_784_noniid', 'round': 9, 'ticket_id': 454, 'cid': 'sha256:fe0ad9a86ddf41052172a21a5d1550468fa0b5eae93eefd9d81b9579321dc211'}",mock
0xa434a38903c638d2699a5c40bab9318d757d9466f40d2c037759d06a8f4f5bc5,86000,1,TicketReserved,"{'model_id': 'model_mnist_784_noniid', 'round': 9, 'ticket_id': 455, 'owner': 'acct_5'}",mock
0xd0ab0a18e5fad1a60f4d3e5f76310ba4aa61f4492d63f3a6764e23af356df4a0,93000,1,UpdatePublished,"{'model_id': 'model_mnist_784_noniid', 'round': 9, 'ticket_id': 455, 'cid': 'sha256:79219578aae024bfb5130c16fee77c684d95e0d4d9748bb93c2c0fb864f7f20c'}",mock
0x2096bd0dc5e0306353c58a320c14bfc8532e0e263cba8ca2d4c926dba3476715,86000,1,TicketReserved,"{'model_id': 'model_mnist_784_noniid', 'round': 9, 'ticket_id': 456, 'owner': 'acct_6'}",mock
0x7960a565a506b0e775ee5db177e5643074c56a6eb89fef0afaef5614868afb60,93000,1,UpdatePublished,"{'model_id': 'model_mnist_784_noniid', 'round': 9, 'ticket_id': 456, 'cid': 'sha256:6b94d74d18ec12f324db0f41373396ae815d673083b59d53be31e6cc1c34b619'}",mock
0x6f9f0f5ba8c19486b822b69c8b19e050c36c0895e7e1a2b9b0b7565de05408f8,86000,1,TicketReserved,"{'model_id': 'model_mnist_784_noniid', 'round': 9, 'ticket_id': 457, 'owner': 'acct_7'}",mock
0x2a0de30c42f24c7b546c42156da31393efca07df6f3c040c91a6d319fba24b4c,93000,1,UpdatePublished,"{'model_id': 'model_mnist_784_noniid', 'round': 9, 'ticket_id': 457, 'cid': 'sha256:3a70872c8a58d20873ba6492efef3454e14468facdcc4d69c270def5caef2780'}",mock
0xde8e39b137d4c7e299252f44be53d5d293b50de62ef3079ea1d0404307b6a261,86000,1,TicketReserved,"{'model_id': 'model_mnist_784_noniid', 'round': 9, 'ticket_id': 458, 'owner': 'acct_8'}",mock
0x1685a1673692a596f095f0165d8b98fd67766285367fb3ce3439f60f1ddf59e0,93000,1,UpdatePublished,"{'model_id': 'model_mnist_784_noniid', 'round': 9, 'ticket_id': 458, 'cid': 'sha256:e88d9f348828902d0bd2340e7626e8c1b793034c4522d43837a84fe321d88161'}",mock
0x3a79de3f65ae4ce6b423c4f5252768a1690e772ecd20259afd1a13ccace39255,86000,1,TicketReserved,"{'model_id': 'model_mnist_784_noniid', 'round': 9, 'ticket_id': 459, 'owner': 'acct_9'}",mock
0x926acb3da1a84b91131c28dbe77e3cf3437037f3b16ccb52a8250804be673f9b,93000,1,UpdatePublished,"{'model_id': 'model_mnist_784_noniid', 'round': 9, 'ticket_id': 459, 'cid': 'sha256:6a2437903d1fc87b7482700e7c48ede26999bc889dbc0e84f4055982161029dd'}",mock
0xb84fc8de3113677f1731415d5e3ad952ec13e8a9fdc11ecf774c9f660b2b6306,86000,1,TicketReserved,"{'model_id': 'model_mnist_784_noniid', 'round': 9, 'ticket_id': 460, 'owner': 'acct_10'}",mock
0x371812707e5e9474b7d6f337dae1b5db07e4599303faaa84239ce1d189cf4ac1,93000,1,UpdatePublished,"{'model_id': 'model_mnist_784_noniid', 'round': 9, 'ticket_id': 460, 'cid': 'sha256:8a38bd12e290116dea6975de5d949b1ea3699684a6642dbb90721cc86acf3de5'}",mock
0x502a27aa0ca28f62b51b8905c2e0525c61bebb90abc391a25c61537400d308e3,86000,1,TicketReserved,"{'model_id': 'model_mnist_784_noniid', 'round': 9, 'ticket_id': 461, 'owner': 'acct_11'}",mock
0x728128c4a0c3f877b84d1b04dd644717dc4973aedf3776b79a22ffc8b58ac018,93000,1,UpdatePublished,"{'model_id': 'model_mnist_784_noniid', 'round': 9, 'ticket_id': 461, 'cid': 'sha256:ed21c2f99739f4f8ebf8dc269051f027ca97c85e426e8b7e4829eda86b53152b'}",mock
0x7518858075fbba4058544d0fe103b598439c7d833bf7365318ff37cc34252a34,86000,1,TicketReserved,"{'model_id': 'model_mnist_784_noniid', 'round': 9, 'ticket_id': 462, 'owner': 'acct_12'}",mock
0x327d176884a3154e0c5ab22791cb128012297c045c430237b96b0bc7ad934fb4,93000,1,UpdatePublished,"{'model_id': 'model_mnist_784_noniid', 'round': 9, 'ticket_id': 462, 'cid': 'sha256:aa10be6de1bfc5db2369c73dcfd645c8a1b7e02f83a0a777f330f081c0b04c77'}",mock
0x817ba30afc67f453cfc8c95f0b211717fab18d3a32e2e8629171804e61cd3726,86000,1,TicketReserved,"{'model_id': 'model_mnist_784_noniid', 'round': 9, 'ticket_id': 463, 'owner': 'acct_13'}",mock
0x9664c13a7703e2c0e4b2010e9e38e7c903ed3119564d776d57a7270f7a8b3a10,93000,1,UpdatePublished,"{'model_id': 'model_mnist_784_noniid', 'round': 9, 'ticket_id': 463, 'cid': 'sha256:d3b1691ddd0b5fd12be7d9fd43cfb8bb340224e42080f9c2522249188d57ff78'}",mock
0x528b9c9492dd1cf1226dd439528c872e29b785930440b9192bbd1c0ad4a07b2e,86000,1,TicketReserved,"{'model_id': 'model_mnist_784_noniid', 'round': 9, 'ticket_id': 464, 'owner': 'acct_14'}",mock
0x6d8bac203ab422fb008592d64ed49899bbab68051cf6e62108bc4579dc9d9c85,93000,1,UpdatePublished,"{'model_id': 'model_mnist_784_noniid', 'round': 9, 'ticket_id': 464, 'cid': 'sha256:6513b5397f21599f3a5b55d3f0536d745610c42e7c835b29ac8bdbcd74aa0190'}",mock
0x5860ae9a9c7917d7842444dee5fa98c6ed366389adb68d4076cae318b175b9cc,86000,1,TicketReserved,"{'model_id': 'model_mnist_784_noniid', 'round': 9, 'ticket_id': 465, 'owner': 'acct_15'}",mock
0x9d11d5c065dcf14f7a2dd8cdedc151579c2eabe901e7c3353953aab1c38dae45,93000,1,UpdatePublished,"{'model_id': 'model_mnist_784_noniid', 'round': 9, 'ticket_id': 465, 'cid': 'sha256:ba2ff1886c03010a3e08e2e3e23378e3bd2b77ab2caa9fd0bfb76788aadf2a8b'}",mock
0xa4981a3d95d72eb5f18986511a6934e219dd1268c24199d7f45f5352100c2277,86000,1,TicketReserved,"{'model_id': 'model_mnist_784_noniid', 'round': 9, 'ticket_id': 466, 'owner': 'acct_16'}",mock
0x4a6f4d71d8c322f2bc1466b2fb38fbbe5597137baf462bb1f20e45c6758f7cc1,93000,1,UpdatePublished,"{'model_id': 'model_mnist_784_noniid', 'round': 9, 'ticket_id': 466, 'cid': 'sha256:48029e7e31b66843526889ec696cce4462909311051c8fb8398441d69c40e454'}",mock
0xbdb5a3a0210d3e19dce77bfece8669086c43f1fa4da1968d6867a61c011d9757,86000,1,TicketReserved,"{'model_id': 'model_mnist_784_noniid', 'round': 9, 'ticket_id': 467, 'owner': 'acct_17'}",mock
0xc751df913f92b77496de85235cbe840751b88d38643aac3aa0d2e5f01f58f932,93000,1,UpdatePublished,"{'model_id': 'model_mnist_784_noniid', 'round': 9, 'ticket_id': 467, 'cid': 'sha256:1274a02a50f901e7b8aef852d214d9337c8097ff1afd2b8f3dbd9ab47572606a'}",mock
0x5a78a55aaf83daccd279c945770eb6e02b5593cd5b00b7d4863ef6f9fe3a7db6,86000,1,TicketReserved,"{'model_id': 'model_mnist_784_noniid', 'round': 9, 'ticket_id': 468, 'owner': 'acct_18'}",mock
0xb5d30dd6219ec9883d3be1db96238ea7423a0031b245a7fbb592c0cbac9f2be1,93000,1,UpdatePublished,"{'model_id': 'model_mnist_784_noniid', 'round': 9, 'ticket_id': 468, 'cid': 'sha256:ae6c902a2aaa20c1f20d7674005c2be61bae97c42a159c9f2f9e3f258c54301b'}",mock
0xbb41d55d57678845daaa8d960540d724112e7e7b03a5760715ba754b2c96a01f,86000,1,TicketReserved,"{'model_id': 'model_mnist_784_noniid', 'round': 9, 'ticket_id': 469, 'owner': 'acct_19'}",mock
0x359b4202556b92c0ea2659b1d61742dcee42d08f638dcdf29a4215b4c3b600c7,93000,1,UpdatePublished,"{'model_id': 'model_mnist_784_noniid', 'round': 9, 'ticket_id': 469, 'cid': 'sha256:8ed3c8ec01ad7d7b331681e5efeef38b7a32fc3717a1106b47f1f1ec9cd69932'}",mock
0xbe644d06d2f4619b06495f80b84e6d7e4a62b9e9cde5deadee463594d151403b,86000,1,TicketReserved,"{'model_id': 'model_mnist_784_noniid', 'round': 9, 'ticket_id': 470, 'owner': 'acct_20'}",mock
0xd86d84cff91673e6f12f5d79fc88c19975305e418bed455dd182bee6f99c0c4c,93000,1,UpdatePublished,"{'model_id': 'model_mnist_784_noniid', 'round': 9, 'ticket_id': 470, 'cid': 'sha256:8cb62a0c60ee6ae03fa89ba595ca19529473733273171faca96f04f70bc74072'}",mock
0x2da490e261d1a312d5c3b8245ae5a8431ce4f82fc3709b29b718f802f9740305,86000,1,TicketReserved,"{'model_id': 'model_mnist_784_noniid', 'round': 9, 'ticket_id': 471, 'owner': 'acct_21'}",mock
0xd85735023057a444aee146c841843c35a9ec932dfce5ec19e813c0364fb157f9,93000,1,UpdatePublished,"{'model_id': 'model_mnist_784_noniid', 'round': 9, 'ticket_id': 471, 'cid': 'sha256:81e1655a035be16e8c863f9f283c75a06126018dafe2a836445cccac3982ef0f'}",mock
0x69a1961027c5de0ffba8afda22f43d8ad1a329b9eeca2ac728f254e33bd08d60,86000,1,TicketReserved,"{'model_id': 'model_mnist_784_noniid', 'round': 9, 'ticket_id': 472, 'owner': 'acct_22'}",mock
0x8fc2db17f2762a868e91de0af0c77b10614c745356aae385dc2b1a50e4e680f6,93000,1,UpdatePublished,"{'model_id': 'model_mnist_784_noniid', 'round': 9, 'ticket_id': 472, 'cid': 'sha256:271a878bea933a66e465d0bdc9feed57d891dd37e5a89abcf5991702c2e773f3'}",mock
0xc4226da6635f6c4b4516d4b52a8c556b260ab8d23a6800dd6d7cb3f52983545d,86000,1,TicketReserved,"{'model_id': 'model_mnist_784_noniid', 'round': 9, 'ticket_id': 473, 'owner': 'acct_23'}",mock
0x70ba6f8fcc990d587693d8df77e2f21a83e54f4409fd82e77264986f66108bb9,93000,1,UpdatePublished,"{'model_id': 'model_mnist_784_noniid', 'round': 9, 'ticket_id': 473, 'cid': 'sha256:25624c4ffdef3deb47879b9570375c277cdc669b6daf1cf95ed95a101b8e8e1e'}",mock
0x4024c84a695bbd09c779798e8db8b7014672ac2a61a0dd649442d70d0def3d01,86000,1,TicketReserved,"{'model_id': 'model_mnist_784_noniid', 'round': 9, 'ticket_id': 474, 'owner': 'acct_24'}",mock
0x803d5109c7d29cb2f6ca5001a7633e960cab8ae3ea8da33228e2e118129ac958,93000,1,UpdatePublished,"{'model_id': 'model_mnist_784_noniid', 'round': 9, 'ticket_id': 474, 'cid': 'sha256:7da281fed43ba855f5ac3f1c7a043151ae57537cd482b7ea51925dc80fb2319c'}",mock
0x17e78862469ceb99f8c292e7e01cab8829ad86d7874d81b9eb7e5fc7172d2cbf,86000,1,TicketReserved,"{'model_id': 'model_mnist_784_noniid', 'round': 9, 'ticket_id': 475, 'owner': 'acct_25'}",mock
0x000ce2fe14c705ba91cbb0a88e9d8acadf818e3bbac3cc69db8beefb30a5bb3d,93000,1,UpdatePublished,"{'model_id': 'model_mnist_784_noniid', 'round': 9, 'ticket_id': 475, 'cid': 'sha256:b7970f2555d259bf48092a3da06ebfe24ab4b342fb1bd42114cfe286f5839830'}",mock
0x986396d75795f567f6edda39099ce2284fc856b0d84516179d84dc9933c76855,86000,1,TicketReserved,"{'model_id': 'model_mnist_784_noniid', 'round': 9, 'ticket_id': 476, 'owner': 'acct_26'}",mock
0x6b1992abaf4c396b5769832c1f11f6f5c39549dcbc7346856afb2445f90892c7,93000,1,UpdatePublished,"{'model_id': 'model_mnist_784_noniid', 'round': 9, 'ticket_id': 476, 'cid': 'sha256:b07fecc2f8bfa28120133bc52861629cf16a272c52728ef5765a465adec1e4ff'}",mock
0x30e2eb7c3e9db6709551ad95aa7e5c40aa0a063fd429b920d8f85063340f0c68,86000,1,TicketReserved,"{'model_id': 'model_mnist_784_noniid', 'round': 9, 'ticket_id': 477, 'owner': 'acct_27'}",mock
0xdd3430976a65b4fdef9837a75918e09ed2d42e79d104e2957eb2bd599ebe96f2,93000,1,UpdatePublished,"{'model_id': 'model_mnist_784_noniid', 'round': 9, 'ticket_id': 477, 'cid': 'sha256:901653b1697900243b18c86a98c8b86c165d75efbb11c5edffa9e08ff15de75b'}",mock
0xd5f0753abfc50dea01bb71c2ae0b01b3381a79928087eaedfadfe2bac666c7d0,86000,1,TicketReserved,"{'model_id': 'model_mnist_784_noniid', 'round': 9, 'ticket_id': 478, 'owner': 'acct_28'}",mock
0x622ab292b7e4814a3099bbdac26e77fa5ac28eb558d3bef90fa50ed97682c818,93000,1,UpdatePublished,"{'model_id': 'model_mnist_784_noniid', 'round': 9, 'ticket_id': 478, 'cid': 'sha256:d66bfa007fbb0b42bb43c7e49dfa242365a45c14b1e4247710b76bdcca7c0089'}",mock
0x4ff70bbf106f23fec919e4ca55fc518674afc5a952365c5c1e163fa74dbf3302,86000,1,TicketReserved,"{'model_id': 'model_mnist_784_noniid', 'round': 9, 'ticket_id': 479, 'owner': 'acct_29'}",mock
0xbb348112bfabf14e99262d0fc5c84b35175f7bc1478e6b0144cacba1c8e2f708,93000,1,UpdatePublished,"{'model_id': 'model_mnist_784_noniid', 'round': 9, 'ticket_id': 479, 'cid': 'sha256:f5381a4a6a96db0b4b8da8a1e64c2d64f97ab5e8d622c4d4e70765461d36c414'}",mock
0x5bd5b98d7bf261fe51fc2c65991accade6599114582427191e6917832013c8ee,86000,1,TicketReserved,"{'model_id': 'model_mnist_784_noniid', 'round': 9, 'ticket_id': 480, 'owner': 'acct_30'}",mock
0x9e47b242a44cc62e5c18d58b4adaba57fc862cf209e21eae95b454ecd02d2341,93000,1,UpdatePublished,"{'model_id': 'model_mnist_784_noniid', 'round': 9, 'ticket_id': 480, 'cid': 'sha256:0e1c29790606703eb695a49dc170147edb6e9dff43c53eb0d2c34fd2d4c61272'}",mock
0x30c67dc5d4dc9f2e43ecec2b223eaa47bde493096939f6004e5c040513975ce8,86000,1,TicketReserved,"{'model_id': 'model_mnist_784_noniid', 'round': 9, 'ticket_id': 481, 'owner': 'acct_31'}",mock
0x996e073613ecc6e4deb807e2641e46efeeb3a2813ec4acbb930930be9ee2e5fd,93000,1,UpdatePublished,"{'model_id': 'model_mnist_784_noniid', 'round': 9, 'ticket_id': 481, 'cid': 'sha256:e00b4fcf0783672a9858fa214fd5e4791c4d1e54e22cbace63e73c568fd5f9c8'}",mock
0x49c44163003f769e3eeba90065b33a7b384d91fdd2300d4fca8693b7256488a5,86000,1,TicketReserved,"{'model_id': 'model_mnist_784_noniid', 'round': 9, 'ticket_id': 482, 'owner': 'acct_32'}",mock
0xcac0eb732f23048d4c1e52cdbd138e2be8edb011455c80722ec41e31201435e2,93000,1,UpdatePublished,"{'model_id': 'model_mnist_784_noniid', 'round': 9, 'ticket_id': 482, 'cid': 'sha256:32c55d2b30d8a0fcf7cae502867af305b011f58e37ae1af33721dfd65b8ed7f6'}",mock
0xb442bde686f430d5f75f3373a7524dd5f5889cc563bf5af0e9eeec6233516197,86000,1,TicketReserved,"{'model_id': 'model_mnist_784_noniid', 'round': 9, 'ticket_id': 483, 'owner': 'acct_33'}",mock
0xc5f5db947cf5aad12a22796e46758eaec06a48dba4abe0c719047d7f533b01ae,93000,1,UpdatePublished,"{'model_id': 'model_mnist_784_noniid', 'round': 9, 'ticket_id': 483, 'cid': 'sha256:c4415abca9ee4fd88d8e96fe4eb14d15f42591b87efb3206b1d5b2197dea7f7f'}",mock
0xf83cde7ca7227ab806487a9c876829b73983b7c743da73e3457a3eb3c59908dc,86000,1,TicketReserved,"{'model_id': 'model_mnist_784_noniid', 'round': 9, 'ticket_id': 484, 'owner': 'acct_34'}",mock
0xa3779dd4019552ee0ceba35b1c74baaacede207a1339685bf5881396a5ace398,93000,1,UpdatePublished,"{'model_id': 'model_mnist_784_noniid', 'round': 9, 'ticket_id': 484, 'cid': 'sha256:3a1fefa70956087d783539f5ef48bae1df8672a0f98680c6b4b2994d750f08be'}",mock
0xa9dd0d2505924d3c87640d13a74a56c51c4b517235a3eb9ae8344cdecc1145b8,86000,1,TicketReserved,"{'model_id': 'model_mnist_784_noniid', 'round': 9, 'ticket_id': 485, 'owner': 'acct_35'}",mock
0x054b2c339d8b0ae4c5fb00df722c1191526b76bbfd9668e09a9606e5a5980d53,93000,1,UpdatePublished,"{'model_id': 'model_mnist_784_noniid', 'round': 9, 'ticket_id': 485, 'cid': 'sha256:3b006e4ac67096d320aa111d3294dc415be1a8309b31d9e7b5117a43b854b1e4'}",mock
0xe6c9fb879fa82592b38b6ca47a32c8e60e108eebce28a8e1c0aeef08e28f00bc,86000,1,TicketReserved,"{'model_id': 'model_mnist_784_noniid', 'round': 9, 'ticket_id': 486, 'owner': 'acct_36'}",mock
0x6d247a5b2faedf3594cb27583e2cb0ccaece2f37bdb8e0626a3636bc6229b5d6,93000,1,UpdatePublished,"{'model_id': 'model_mnist_784_noniid', 'round': 9, 'ticket_id': 486, 'cid': 'sha256:193c28729209daf922f1e9926b134f5e488706df35b55770f2970724884c9d9e'}",mock
0x4b4fc68d2c0bab3807947806fffd5f566afe8152d6baea809f7df1a0f1d46845,86000,1,TicketReserved,"{'model_id': 'model_mnist_784_noniid', 'round': 9, 'ticket_id': 487, 'owner': 'acct_37'}",mock
0x08385dffed646b2d4f9b5e5043a65a56191d359cccbd3950b446311d58d807ff,93000,1,UpdatePublished,"{'model_id': 'model_mnist_784_noniid', 'round': 9, 'ticket_id': 487, 'cid': 'sha256:d404922afa988a54da7962c60a3f3135c97a23568a99599fc68e693e7cceb60f'}",mock
0x5d3dc00d0cf1813ddf2b1aa61f1efc354e23062fbfe9afec204bd263a3553aac,86000,1,TicketReserved,"{'model_id': 'model_mnist_784_noniid', 'round': 9, 'ticket_id': 488, 'owner': 'acct_38'}",mock
0x82d2cd0b1850957aa1a36b09daa8b32d0c73ecb4b5b74940afc2d95f2e20e061,93000,1,UpdatePublished,"{'model_id': 'model_mnist_784_noniid', 'round': 9, 'ticket_id': 488, 'cid': 'sha256:9aed180399879a5e5fd8534898cb9d6daed5668bbe556afc9c9bdd40c9f2c8eb'}",mock
0xbd1be7948e230cf3828d3acdfd0d73534605859f7ba05ff172bef23029a3d4d2,86000,1,TicketReserved,"{'model_id': 'model_mnist_784_noniid', 'round': 9, 'ticket_id': 489, 'owner': 'acct_39'}",mock
0xb5ceda2ea8c8b7351565b41a5cef75e7916b0e38c8000805195c2f35965ffbf0,93000,1,UpdatePublished,"{'model_id': 'model_mnist_784_noniid', 'round': 9, 'ticket_id': 489, 'cid': 'sha256:5de88d04689afb3399017bbe940ca53a662e01d0cb50a79018dd24c5c35001e7'}",mock
0xdcab879ca8d4ad8b9badc22ed8d3490ca1625d1b399cffeb51b2225e24b9863f,86000,1,TicketReserved,"{'model_id': 'model_mnist_784_noniid', 'round': 9, 'ticket_id': 490, 'owner': 'acct_40'}",mock
0xb0ad3144fbe7d6d1333ab7231524f07801390915ce108b70302423c0f8493f61,93000,1,UpdatePublished,"{'model_id': 'model_mnist_784_noniid', 'round': 9, 'ticket_id': 490, 'cid': 'sha256:189760921d52d9bd6f694c96aa79fbc6b13a790cb199533b1351afe1a1070a90'}",mock
0x4831d25547ded7ce3ef53fcd4aea90156225f70fa54185d65ed3afcacb9e87a4,86000,1,TicketReserved,"{'model_id': 'model_mnist_784_noniid', 'round': 9, 'ticket_id': 491, 'owner': 'acct_41'}",mock
0xcacf8997ed5fbf16fac6b6e2d76cd576aa35241a34f726a901b29a336eafa5b5,93000,1,UpdatePublished,"{'model_id': 'model_mnist_784_noniid', 'round': 9, 'ticket_id': 491, 'cid': 'sha256:f5a5680f42c1cdbc8818b81d63e6234f66721accad6add73c21a832e686d1719'}",mock
0xdc77ea68f14c833e79601f43b13ae063a96b5907e31855f0fbe16e3fa7eb27b1,86000,1,TicketReserved,"{'model_id': 'model_mnist_784_noniid', 'round': 9, 'ticket_id': 492, 'owner': 'acct_42'}",mock
0x982c6bcd9337e6da38bb737318276c55411332197599fcd454df066a43b70107,93000,1,UpdatePublished,"{'model_id': 'model_mnist_784_noniid', 'round': 9, 'ticket_id': 492, 'cid': 'sha256:be4ae1235ef028c7ae28425e4d8622eb55c2c53284e5042928eb8354eeef315d'}",mock
0xe6d4f571d006ae2737e8de33d8ba6e271be27d7f38686dd9957b94f27efa29d7,86000,1,TicketReserved,"{'model_id': 'model_mnist_784_noniid', 'round': 9, 'ticket_id': 493, 'owner': 'acct_43'}",mock
0xfce7cffd9f5f282333d24ccfe11861ee717974d732ecd35d6e319748eb513f03,93000,1,UpdatePublished,"{'model_id': 'model_mnist_784_noniid', 'round': 9, 'ticket_id': 493, 'cid': 'sha256:d4e9f99684fa8eee6035861c05a1ae35cf3fdb27e09f45a2c89202a40cd61dd6'}",mock
0x84fb46ce987b59db5e14d7088421c281ebc492554bad7fc86ebd2b9ca2a5daa0,86000,1,TicketReserved,"{'model_id': 'model_mnist_784_noniid', 'round': 9, 'ticket_id': 494, 'owner': 'acct_44'}",mock
0x128d2a407e95f24a5263d47e770cdbe8f0db5c55868985c7bcdc32e728d32850,93000,1,UpdatePublished,"{'model_id': 'model_mnist_784_noniid', 'round': 9, 'ticket_id': 494, 'cid': 'sha256:12e28b6b24e3ec1a3ddc76ba7357e96fbe51960e644f4b7c18f0cb4fcf98f87a'}",mock
0x9d1cb270f71ece72490e3c9b460a72429d8b4c8e65685a63d91179a909213039,86000,1,TicketReserved,"{'model_id': 'model_mnist_784_noniid', 'round': 9, 'ticket_id': 495, 'owner': 'acct_45'}",mock
0x052ab7d2903cbb9b578cde336e5d2effc55f0584edb74d3c03d1d49053c2b759,93000,1,UpdatePublished,"{'model_id': 'model_mnist_784_noniid', 'round': 9, 'ticket_id': 495, 'cid': 'sha256:6c5719f16193eb699e2e2bfa92d8c7aa3f903ef77d9a1759cd7ea0ed706ae4de'}",mock
0xa93c902de0e4cbab8cfd9bf77dff6d10e663e21c1f86548b6b14b002daa7c03b,86000,1,TicketReserved,"{'model_id': 'model_mnist_784_noniid', 'round': 9, 'ticket_id': 496, 'owner': 'acct_46'}",mock
0xe45a99250ffbb5d13dc23cbfd7b1aff145abfaf0069baa2e2c0ad707eaa16673,93000,1,UpdatePublished,"{'model_id': 'model_mnist_784_noniid', 'round': 9, 'ticket_id': 496, 'cid': 'sha256:bcf01701c288f090fd0410adc0f430136598f5a30bab3f19020d664012d893bc'}",mock
0xe53d1a9912e8c2346b2bb71b9d9420b68b946fc8490c2ebf0bf462b6a466f330,86000,1,TicketReserved,"{'model_id': 'model_mnist_784_noniid', 'round': 9, 'ticket_id': 497, 'owner': 'acct_47'}",mock
0x0930951869cef8972d513830dcb61c8b1fc08df6ac4e36c1e577cdb8860f61dc,93000,1,UpdatePublished,"{'model_id': 'model_mnist_784_noniid', 'round': 9, 'ticket_id': 497, 'cid': 'sha256:71368534089c12699252c96a25eb423f1cad0a3a72c2963985698428f1885807'}",mock
0xf95e9a37939d874b417e574c75355f6bd792748f056d5b0ec509b2d6b5b251a4,86000,1,TicketReserved,"{'model_id': 'model_mnist_784_noniid', 'round': 9, 'ticket_id': 498, 'owner': 'acct_48'}",mock
0x02022832284fd41c0ac75f0703c8eaaaa903775ea0363bf62f9f9faaee4c6662,93000,1,UpdatePublished,"{'model_id': 'model_mnist_784_noniid', 'round': 9, 'ticket_id': 498, 'cid': 'sha256:0be1520f53d9350fa88ffd45d7aa136181f433b486a61290a4d2329579d46a8c'}",mock
0x51a22f76bc900bcedf0a2753182dbeee17e0eb27cfe35de91ec4c496cfae59d7,86000,1,TicketReserved,"{'model_id': 'model_mnist_784_noniid', 'round': 9, 'ticket_id': 499, 'owner': 'acct_49'}",mock
0x65d1a8ac18e8fb9368f1487f8a9b0e48260532073883bcabbdf45d002286a892,93000,1,UpdatePublished,"{'model_id': 'model_mnist_784_noniid', 'round': 9, 'ticket_id': 499, 'cid': 'sha256:45bfd681aa6fc8b1669ce59ef5306b3aa278104a9ba058580c6e1186d655fb24'}",mock
0x6c3c9b048d15c273ef5287d86db1561b27c9cd890e3b7f697e4e320dbdb31183,86000,1,TicketReserved,"{'model_id': 'model_mnist_784_noniid', 'round': 9, 'ticket_id': 500, 'owner': 'acct_50'}",mock
0x64e1aeb8df3914f323d94eaaf40d5e575c2815d6ace8bd34bd1a901bfb5eb7a3,93000,1,UpdatePublished,"{'model_id': 'model_mnist_784_noniid', 'round': 9, 'ticket_id': 500, 'cid': 'sha256:1dbb305d0692e6ef2a3208f9a1b07ff67b5b5bc1d7b5a08d5bf57a1d4a394aa2'}",mock
0xe375334f3ddcb6ebb9beeb83614fd9778ddccd475a90f313e09d8bbdb1e2be9c,805000,1,RoundFinalized,"{'model_id': 'model_mnist_784_noniid', 'round': 9, 'included': 34, 'refunds': 34}",mock
0x202c9f8463a9485d2d93c72308ecea5ea9158fdb33f5f01136b7451c1fa93243,52000,1,RoundFunded,"{'model_id': 'model_mnist_784_noniid', 'amount_wei': 10000000000000000}",mock
0x875f0c76dd50a933b676e2d6eadefe86f6cb7241ce56f95d60ad3a87865b0792,86000,1,TicketReserved,"{'model_id': 'model_mnist_784_noniid', 'round': 10, 'ticket_id': 501, 'owner': 'acct_1'}",mock
0xbc61c99be996e8e35fffa62fc3bd27be717be41b8e71de0220eb579bce18fd36,93000,1,UpdatePublished,"{'model_id': 'model_mnist_784_noniid', 'round': 10, 'ticket_id': 501, 'cid': 'sha256:8acb159012fe90a0c979a54cd3fd1d2c101d27d50d22b54c46c0474e6b8aca8d'}",mock
0x473c8c96864b8d14d32bfcc76cd9104be5f50660c96986424a6b8c41b5a3bc68,86000,1,TicketReserved,"{'model_id': 'model_mnist_784_noniid', 'round': 10, 'ticket_id': 502, 'owner': 'acct_2'}",mock
0xc3cdce41dd3afaff71d00e4cdb63f345843924f6d9a83a285cb5c09f9e9338e8,93000,1,UpdatePublished,"{'model_id': 'model_mnist_784_noniid', 'round': 10, 'ticket_id': 502, 'cid': 'sha256:fd7cdbce2cce21cc0e394fea729a7e35d0939902bf710edcf30ad02e8fa4f62e'}",mock
0x8ff38419d0164c5e57cef0a683612e94c04d57391943baf2010d64afd9a620c9,86000,1,TicketReserved,"{'model_id': 'model_mnist_784_noniid', 'round': 10, 'ticket_id': 503, 'owner': 'acct_3'}",mock
0x5c0aa2cb10c6c1b0f4710979b1ef562c8a13b618e1228055f8976972d6751160,93000,1,UpdatePublished,"{'model_id': 'model_mnist_784_noniid', 'round': 10, 'ticket_id': 503, 'cid': 'sha256:80c2bbaf6a2e8211f7718cddbf489797d58f29931d50619e20bbd1f399800c1e'}",mock
0x35ce2f3fc426e22664943efd95f19d0341d29749e1b9ab6d44a00a46c87d5bdf,86000,1,TicketReserved,"{'model_id': 'model_mnist_784_noniid', 'round': 10, 'ticket_id': 504, 'owner': 'acct_4'}",mock
0x3894ee3ce03bed0db76e4125dc0a954076a079088f292eacac29d2f3f418ab90,93000,1,UpdatePublished,"{'model_id': 'model_mnist_784_noniid', 'round': 10, 'ticket_id': 504, 'cid': 'sha256:214219351ea8f319e1b266786d311a67f8217e4065e0b00da1de40b573400c02'}",mock
0xfd9da98c10080881d89b430f2c2abb56d53d4703b271bb0ef77d1edcbb156621,86000,1,TicketReserved,"{'model_id': 'model_mnist_784_noniid', 'round': 10, 'ticket_id': 505, 'owner': 'acct_5'}",mock
0xc916749b150827ef5346a6fc49c70f6e9deee24748cf9e73bca683f4de33dfbf,93000,1,UpdatePublished,"{'model_id': 'model_mnist_784_noniid', 'round': 10, 'ticket_id': 505, 'cid': 'sha256:bd02088e0b1e1b3f9eb10dd53c896ce4ec126b53d98551b2dade7dc675a30ac6'}",mock
0xba76594f634c51c035e14c625a06fa79f73fb2950adf043ac8e5c291eb089e22,86000,1,TicketReserved,"{'model_id': 'model_mnist_784_noniid', 'round': 10, 'ticket_id': 506, 'owner': 'acct_6'}",mock
0x116e27ffa06688cef809c428d217f5c369bfdcaf26f7dcd9594621bb14ce9c1b,93000,1,UpdatePublished,"{'model_id': 'model_mnist_784_noniid', 'round': 10, 'ticket_id': 506, 'cid': 'sha256:e2a1a225b79bb593f8be365a7533db3e6d54e1648d737d08fa4b312b63662900'}",mock
0x2e3f6a35346ade821a0fa0b6a0181c3bd87efdcdf8e576ecce081c1078fd923c,86000,1,TicketReserved,"{'model_id': 'model_mnist_784_noniid', 'round': 10, 'ticket_id': 507, 'owner': 'acct_7'}",mock
0x703a8ce7b5aa6916005ac7de044b3f54945f472a4f0469d07d1428155f1fa532,93000,1,UpdatePublished,"{'model_id': 'model_mnist_784_noniid', 'round': 10, 'ticket_id': 507, 'cid': 'sha256:7ed1bd785b8dc1abf93c23398b3a0e05319b244dbc24498293335d3e7b9a64f7'}",mock
0x27a70b648990df3ed81bffca1bd0b9c840c1f675a74fa8976395d743ddd827e0,86000,1,TicketReserved,"{'model_id': 'model_mnist_784_noniid', 'round': 10, 'ticket_id': 508, 'owner': 'acct_8'}",mock
0xa8a8203c4e998f3c3104bcf6249efea21cf6b95f898a14dbf25f6c7ac49e7218,93000,1,UpdatePublished,"{'model_id': 'model_mnist_784_noniid', 'round': 10, 'ticket_id': 508, 'cid': 'sha256:9cca47d7c87518f4939c6d823b90b85ec52bc777a45beb4a4d84d6229eb6e819'}",mock
0x4ed4456f975d9dd64dd8e15e0f1b53d59703e59b50656ddfe95d794fc09ab6a0,86000,1,TicketReserved,"{'model_id': 'model_mnist_784_noniid', 'round': 10, 'ticket_id': 509, 'owner': 'acct_9'}",mock
0x7ea26f0ed97f6e0b0f1f5eb64d76f1b187ec4f85708f98e6ddecdf5047ffa116,93000,1,UpdatePublished,"{'model_id': 'model_mnist_784_noniid', 'round': 10, 'ticket_id': 509, 'cid': 'sha256:841fdb462b49c36b55ef5aab67e989d466d98c701500d953d262e4568da19b5c'}",mock
0x469739b4028968d77c20c90fbbab3b24bd924fc420e3459ee4873d06c8aac5fc,86000,1,TicketReserved,"{'model_id': 'model_mnist_784_noniid', 'round': 10, 'ticket_id': 510, 'owner': 'acct_10'}",mock
0x963871efd003b8ea2835b45393334e604b379a22ead25506decd7d3b75514c40,93000,1,UpdatePublished,"{'model_id': 'model_mnist_784_noniid', 'round': 10, 'ticket_id': 510, 'cid': 'sha256:1fe9dc51950210b8ac2ecae18ca326b5dc00d1ddc5db2a503faac582ad887caf'}",mock
0xc97b4a201e2a60d37cce3cbb886c41eb4615681c955feeae30892214d2ae9ab7,86000,1,TicketReserved,"{'model_id': 'model_mnist_784_noniid', 'round': 10, 'ticket_id': 511, 'owner': 'acct_11'}",mock
0xe3f55308b913591d7940a5bfb9d42a6efcb60ae4b195278ea46496c41c22b72d,93000,1,UpdatePublished,"{'model_id': 'model_mnist_784_noniid', 'round': 10, 'ticket_id': 511, 'cid': 'sha256:c0f793df74ba60c6cc4e949b2738a24481850c5493af7c59fbcd3083c6e1e639'}",mock
0x32f68109ad6866a5f7eada10d2619da35db61b55418a4b4e7fe73033ea59ff6f,86000,1,TicketReserved,"{'model_id': 'model_mnist_784_noniid', 'round': 10, 'ticket_id': 512, 'owner': 'acct_12'}",mock
0x31457a5493cdd08336d432a2c12bf0cd3c12a06345644eb9a7cbdf4da682d965,93000,1,UpdatePublished,"{'model_id': 'model_mnist_784_noniid', 'round': 10, 'ticket_id': 512, 'cid': 'sha256:8d65d904ce71330ebd15ac3093caeba06e9cb3a4f7eb66931c39113a1c0e98cd'}",mock
0x097d43385f1b29cb30e7c9713f44c019a190c449ef7823a9de17ebbc5a60eba1,86000,1,TicketReserved,"{'model_id': 'model_mnist_784_noniid', 'round': 10, 'ticket_id': 513, 'owner': 'acct_13'}",mock
0x909650318293fc425feb519ed1d4f8c5b0a168fb9db38e371540d0e5dae97863,93000,1,UpdatePublished,"{'model_id': 'model_mnist_784_noniid', 'round': 10, 'ticket_id': 513, 'cid': 'sha256:fe193f8592f7b163cfb66b4d57fe1dd4caaf7943fa50dfbcddf378d4df68de3e'}",mock
0xba967c8f03525e5982ce90da9f3eaa007c8a0c2f1d3db95c376e4f64e4e822b4,86000,1,TicketReserved,"{'model_id': 'model_mnist_784_noniid', 'round': 10, 'ticket_id': 514, 'owner': 'acct_14'}",mock
0xa5ea7c29eaac1c0c313ea6459c7d448dac95955a183bc766d1382bf991f7a438,93000,1,UpdatePublished,"{'model_id': 'model_mnist_784_noniid', 'round': 10, 'ticket_id': 514, 'cid': 'sha256:72cd051ddd93bed297f2d8a35e20ad7b391c688cf5f80cecb7ed83771c0894a2'}",mock
0xc2cd6875603f91a154baacbaf5a7512e55e6edd8a1c80352bc0ae10f0f3aff44,86000,1,TicketReserved,"{'model_id': 'model_mnist_784_noniid', 'round': 10, 'ticket_id': 515, 'owner': 'acct_15'}",mock
0xe973f07e8447bdc8d01f04a49c45fdf5006fbbcbb5ff6095c7c3685d85687577,93000,1,UpdatePublished,"{'model_id': 'model_mnist_784_noniid', 'round': 10, 'ticket_id': 515, 'cid': 'sha256:70188a2fa44c579afe56bc2cd717989a539200f23cb422ccfe2cf24460c3208d'}",mock
0xfb30a5ea3cc62b92b988410c97b2e70d7acbe20a3c2f5d8924d1d1a45950faee,86000,1,TicketReserved,"{'model_id': 'model_mnist_784_noniid', 'round': 10, 'ticket_id': 516, 'owner': 'acct_16'}",mock
0x137f5532789484755ff310fe849be15ef2ad6c9267c37e29ad7dc70bb5cfdceb,93000,1,UpdatePublished,"{'model_id': 'model_mnist_784_noniid', 'round': 10, 'ticket_id': 516, 'cid': 'sha256:5f426576e0a83505fab1b31695de9f411bea36a726844fe97cdaf8e0705eb29d'}",mock
0x877927d5cad941adeda3cce0dbc010efb93f89426dce8c0538f3def57d062851,86000,1,TicketReserved,"{'model_id': 'model_mnist_784_noniid', 'round': 10, 'ticket_id': 517, 'owner': 'acct_17'}",mock
0xf768bef56438d0e20f2ddce726ab28873a3f815b0c4fdb344bfc081eb95c39b1,93000,1,UpdatePublished,"{'model_id': 'model_mnist_784_noniid', 'round': 10, 'ticket_id': 517, 'cid': 'sha256:5d6ae739e6dca3aac79aa3f8b7a93744e42bf6438a3ac369514b36c53092f677'}",mock
0x28c4aaa138c7caea4ecac5701e660965e3fef5dafbcea3b51791931b00912d2a,86000,1,TicketReserved,"{'model_id': 'model_mnist_784_noniid', 'round': 10, 'ticket_id': 518, 'owner': 'acct_18'}",mock
0x1a38611d368d538691ba782032e32115e9bf4f88585ca926996f5f1ddbb2de35,93000,1,UpdatePublished,"{'model_id': 'model_mnist_784_noniid', 'round': 10, 'ticket_id': 518, 'cid': 'sha256:dd5337e7e2568bcac8210b7f18e91fe302582ce3284f04caa8161ea395e997d7'}",mock
0xac59652d87ca08b1db43c02b10d7548e38bfd19ca5bb5231e703863aadd1cfcb,86000,1,TicketReserved,"{'model_id': 'model_mnist_784_noniid', 'round': 10, 'ticket_id': 519, 'owner': 'acct_19'}",mock
0xe0aeb9ca57cca2f8157d91a3c5c96329ed2e11ead3ca1a0f7760c19274efce89,93000,1,UpdatePublished,"{'model_id': 'model_mnist_784_noniid', 'round': 10, 'ticket_id': 519, 'cid': 'sha256:890332aedc8c32144f5b1cc18cae9d3010495488e5094dd3af80055ee68f49a9'}",mock
0x0c04f0bbe5ff898d5e86958d91963a57db5526356fbac08b8316dce34cc4aeca,86000,1,TicketReserved,"{'model_id': 'model_mnist_784_noniid', 'round': 10, 'ticket_id': 520, 'owner': 'acct_20'}",mock
0xc25ffc73ba5728247f3aa0b5c5338d4670ca1a50baac51c6c240b76eb42c29b2,93000,1,UpdatePublished,"{'model_id': 'model_mnist_784_noniid', 'round': 10, 'ticket_id': 520, 'cid': 'sha256:a02b2019a8a3f0177e7738b6a449f99523215c2ddbbc7f2f95846edb2561bda4'}",mock
0x4dd4b118722a433e5e763d334f5c7bad8a5ac2fa078ef5b8aa27ae25c85d62b8,86000,1,TicketReserved,"{'model_id': 'model_mnist_784_noniid', 'round': 10, 'ticket_id': 521, 'owner': 'acct_21'}",mock
0xf7a0dffed8e687535b144b81a56a955b2e240707feb6643143934d1b0558e8aa,93000,1,UpdatePublished,"{'model_id': 'model_mnist_784_noniid', 'round': 10, 'ticket_id': 521, 'cid': 'sha256:6159f4a67a11dd03792f022b4ee3620e9df0c87ec4967bebd78d5de3d5ff0a3e'}",mock
0x40ffca26c3e3e3025120ac308d0dd54d632c270bde54125166bb0e46b709987b,86000,1,TicketReserved,"{'model_id': 'model_mnist_784_noniid', 'round': 10, 'ticket_id': 522, 'owner': 'acct_22'}",mock
0x4f6cc4d724390043187e6bb59a0053995ec3d4941e620b8eb730cb0d23a30cb4,93000,1,UpdatePublished,"{'model_id': 'model_mnist_784_noniid', 'round': 10, 'ticket_id': 522, 'cid': 'sha256:89fb4c7739a97b2766bbc93094852cddcee2fb60703c9dae3a98e657ac89e529'}",mock
0xdd0ccb251a8341988f302ae59c1508a3d8692778e6892d1fd70169b10e47977f,86000,1,TicketReserved,"{'model_id': 'model_mnist_784_noniid', 'round': 10, 'ticket_id': 523, 'owner': 'acct_23'}",mock
0xdf417a752f6854ce006f359f79ef187b3c363ffec8e82fe92e7b53ccfc12e8ce,93000,1,UpdatePublished,"{'model_id': 'model_mnist_784_noniid', 'round': 10, 'ticket_id': 523, 'cid': 'sha256:3a27def3a3209106c101f99c1321fc4613a2cbff3f11a5f4e1fb1affc11e4d5a'}",mock
0x6415283768edb2a64404299948c6b9a6efb14a18ee709c8b89e11e25bc9a2ff8,86000,1,TicketReserved,"{'model_id': 'model_mnist_784_noniid', 'round': 10, 'ticket_id': 524, 'owner': 'acct_24'}",mock
0x39e9ce6257e24e1bb32cf5286aff2d87e5cffe915d691492177b7ca364573f7f,93000,1,UpdatePublished,"{'model_id': 'model_mnist_784_noniid', 'round': 10, 'ticket_id': 524, 'cid': 'sha256:7cd88ecb8737d07a2f069b8580b60b26b2eb45afa242373c1e0356d4f65ab911'}",mock
0x005fed43aaeea03e606ba33703464db93938295fdc1ab7996c0ac19ce7b549eb,86000,1,TicketReserved,"{'model_id': 'model_mnist_784_noniid', 'round': 10, 'ticket_id': 525, 'owner': 'acct_25'}",mock
0x28f565226193f986a1f157de51e56cf8d8fe7f6c7622a34336a75acd920bc8d4,93000,1,UpdatePublished,"{'model_id': 'model_mnist_784_noniid', 'round': 10, 'ticket_id': 525, 'cid': 'sha256:c2236335964b1e3370b07b72163c81ba5363d0bda3b773a3e44c01239d3dd294'}",mock
0xfa9b31d74dca4589b7ace2b94a28041a94de0e67667894cc10a5088540ce5017,86000,1,TicketReserved,"{'model_id': 'model_mnist_784_noniid', 'round': 10, 'ticket_id': 526, 'owner': 'acct_26'}",mock
0x1c5a74179bc7b3961f2e65c83c4be55e049ab855cb9b7b0f32b77ac576204384,93000,1,UpdatePublished,"{'model_id': 'model_mnist_784_noniid', 'round': 10, 'ticket_id': 526, 'cid': 'sha256:90b654701ca8f0e7374a50a62292f8a18116c398cda45338cf58766a8aac03ef'}",mock
0x812bf6df8b6953a8c10bb1d6ed0bdce0617ddd4f92e1799d3d16360ed36e2d40,86000,1,TicketReserved,"{'model_id': 'model_mnist_784_noniid', 'round': 10, 'ticket_id': 527, 'owner': 'acct_27'}",mock
0x8ce7e76a89df465f9803bf0b0c266d2b15d357303a1c834362ed065c632d3102,93000,1,UpdatePublished,"{'model_id': 'model_mnist_784_noniid', 'round': 10, 'ticket_id': 527, 'cid': 'sha256:655ec84bf002130ad0fa54808ac68d30440ec4194a73d38a5bd43661833f094e'}",mock
0x62dff9a6446aa5490011f4208e5406b561786790e7624a62e23f93aa21715367,86000,1,TicketReserved,"{'model_id': 'model_mnist_784_noniid', 'round': 10, 'ticket_id': 528, 'owner': 'acct_28'}",mock
0xb4f511905d41b482d9d406f407be72b9f0f030132398a97e38998d413477bf38,93000,1,UpdatePublished,"{'model_id': 'model_mnist_784_noniid', 'round': 10, 'ticket_id': 528, 'cid': 'sha256:bb65ea9faf0113d713c19ca77be15e42f2e6f4e7e8249f26ceed716f17302d72'}",mock
0xdb87c42248f31187c65ce42aefe87abf0ea0d384c09186b6ffe2ed4435e6c935,86000,1,TicketReserved,"{'model_id': 'model_mnist_784_noniid', 'round': 10, 'ticket_id': 529, 'owner': 'acct_29'}",mock
0x60ced87e05f9a981bbb4b48b776f3c4a2df0e46418f1c0dcfbceb2b8ce687d1d,93000,1,UpdatePublished,"{'model_id': 'model_mnist_784_noniid', 'round': 10, 'ticket_id': 529, 'cid': 'sha256:0a13b002540946885cb35e3386088396e08993efdfd8a8e2e79cc4be29e5b24d'}",mock
0x1228260b0ee458e2cbcfb53a54465c447a6015a59e515adca82207423e0ba796,86000,1,TicketReserved,"{'model_id': 'model_mnist_784_noniid', 'round': 10, 'ticket_id': 530, 'owner': 'acct_30'}",mock
0xd5681b85c9d60ded4158f4460cfccafc714efce94aa66724b9d10ca383a329a5,93000,1,UpdatePublished,"{'model_id': 'model_mnist_784_noniid', 'round': 10, 'ticket_id': 530, 'cid': 'sha256:b2b82f792ea5f4dd735e16805fcdbb609e12c7d5023769f6c481a31662e1d213'}",mock
0x98765f69d75e7f300541ebd4112668d5ed1326374f49301bd1e86771283c0888,86000,1,TicketReserved,"{'model_id': 'model_mnist_784_noniid', 'round': 10, 'ticket_id': 531, 'owner': 'acct_31'}",mock
0x72bba800bb2143cd42f36dec64f9bf1be718abfd2dc43d9f6e27c7e28dd89eff,93000,1,UpdatePublished,"{'model_id': 'model_mnist_784_noniid', 'round': 10, 'ticket_id': 531, 'cid': 'sha256:1a46449a9b829b38ed7653c98656827f1d48756e1b07260f516fe934690628ff'}",mock
0x3c7caed3cf789119474081a7c52cb933315ff7e950e741ec5cb64007344ad89e,86000,1,TicketReserved,"{'model_id': 'model_mnist_784_noniid', 'round': 10, 'ticket_id': 532, 'owner': 'acct_32'}",mock
0x5085d449ecc8b98e9cf0d775014d0eb1f7994bc0bfa3dd001dbfd3dac5637744,93000,1,UpdatePublished,"{'model_id': 'model_mnist_784_noniid', 'round': 10, 'ticket_id': 532, 'cid': 'sha256:5bd83dcf5dd14aca7b9ed3a23973d8810134be82c976bd55d7e8828ea8ea80c3'}",mock
0xdcbb8cfc8eed30f543bdb4b76d09c2bbd9d77b0db01fcc476181158802343ff4,86000,1,TicketReserved,"{'model_id': 'model_mnist_784_noniid', 'round': 10, 'ticket_id': 533, 'owner': 'acct_33'}",mock
0x35f63358467eeee9ebc3d308bac1e315947076cf21a0fd8d24a76cff5bfc5981,93000,1,UpdatePublished,"{'model_id': 'model_mnist_784_noniid', 'round': 10, 'ticket_id': 533, 'cid': 'sha256:abfab9d98f8da4e6a7aa76f98796d738d9653874dca1dd02cde6556aac892c9a'}",mock
0xa1bd15040b0cbafe220f3bc467120fcc464b64c50ccde89edf4e8983ea2621d8,86000,1,TicketReserved,"{'model_id': 'model_mnist_784_noniid', 'round': 10, 'ticket_id': 534, 'owner': 'acct_34'}",mock
0xfd31563f7d4bef5f6d2c277f8ba567431e1e4af61cbe8ad848a682e1caa6eef7,93000,1,UpdatePublished,"{'model_id': 'model_mnist_784_noniid', 'round': 10, 'ticket_id': 534, 'cid': 'sha256:d073e13b9fba994ad53651c07e599f768923b7b43985880b199ed5996c006688'}",mock
0xb2149d51496ea065f30f4e41978a1e8d7f1ccf0ee45edab6aecc4a1510933003,86000,1,TicketReserved,"{'model_id': 'model_mnist_784_noniid', 'round': 10, 'ticket_id': 535, 'owner': 'acct_35'}",mock
0xdc7feb48e4a3224badeb741eb91f1b78340bf02dedde25e4ebffe36bc7ef234f,93000,1,UpdatePublished,"{'model_id': 'model_mnist_784_noniid', 'round': 10, 'ticket_id': 535, 'cid': 'sha256:ba59f0a7deb28ccb965cfb60587a6c03f2bb7ab56231cfad105f6e6707ade763'}",mock
0xfa49a15bc56d75561778bce88288abe6f8b1d5934cd5e40a44ea53ceae5fcd43,86000,1,TicketReserved,"{'model_id': 'model_mnist_784_noniid', 'round': 10, 'ticket_id': 536, 'owner': 'acct_36'}",mock
0x379e7b3e030bcd6f6485377311fee4a08dde65cd13dfbbde1c5dd7389469028c,93000,1,UpdatePublished,"{'model_id': 'model_mnist_784_noniid', 'round': 10, 'ticket_id': 536, 'cid': 'sha256:3fb6380634cccf8cbd3a3744214187ca2c061ef38763d3408967aa92cfa4b11b'}",mock
0xbff13246aaa929f921018cbe0e404a86ff4fefafbb8bc8183e4b30c8be279b4a,86000,1,TicketReserved,"{'model_id': 'model_mnist_784_noniid', 'round': 10, 'ticket_id': 537, 'owner': 'acct_37'}",mock
0x5a4dea14528cc7c75697f339104ef1e5687e63915cdd9c7e1dda3b8d965262dc,93000,1,UpdatePublished,"{'model_id': 'model_mnist_784_noniid', 'round': 10, 'ticket_id': 537, 'cid': 'sha256:dd4d0cdf7199c8ff22af9c75edf98d2acf9a6c370e150abada3df63f9808c0dd'}",mock
0x24695f00cbee9d0c61212d888250cb54fba96a5b3e4acddf088b88612679dbc8,86000,1,TicketReserved,"{'model_id': 'model_mnist_784_noniid', 'round': 10, 'ticket_id': 538, 'owner': 'acct_38'}",mock
0x98e846c17701391fdbad9633a1ad426348ccb779d99a58c467aeb9ba7214e35c,93000,1,UpdatePublished,"{'model_id': 'model_mnist_784_noniid', 'round': 10, 'ticket_id': 538, 'cid': 'sha256:77b90889f354aa75b0a3b95cae2be64a776abafda53107ac5d377cb24aaea73c'}",mock
0x316ecb578049321ae46abbe1385407c66bc32b243cfeef90648eab65bf754ca5,86000,1,TicketReserved,"{'model_id': 'model_mnist_784_noniid', 'round': 10, 'ticket_id': 539, 'owner': 'acct_39'}",mock
0x1fdceb54718d67d9eb3d0f32bc8ca4606633da4b08aa98faebcafbcbd2150c38,93000,1,UpdatePublished,"{'model_id': 'model_mnist_784_noniid', 'round': 10, 'ticket_id': 539, 'cid': 'sha256:bb91017d847bcb9aa0985d4d9c3096220097540b236371e843897e0e1d78d05d'}",mock
0x5f86315195ae41c5f523473a712cd94ae549e9579e579e04ecf3e3bb50323620,86000,1,TicketReserved,"{'model_id': 'model_mnist_784_noniid', 'round': 10, 'ticket_id': 540, 'owner': 'acct_40'}",mock
0x482f3ef66a8f152870cedfa2cec44e73e8baad910ebd144e8f02e66e3aa4afb5,93000,1,UpdatePublished,"{'model_id': 'model_mnist_784_noniid', 'round': 10, 'ticket_id': 540, 'cid': 'sha256:01778df3dbf8710a0e46cb2e923c9904c3e89899300f0988a5606a9cb5120784'}",mock
0xdfd3a96460610cdc4268a0be763af3f0ef65d1bf8162c2e061ee4e58fdc92ee9,86000,1,TicketReserved,"{'model_id': 'model_mnist_784_noniid', 'round': 10, 'ticket_id': 541, 'owner': 'acct_41'}",mock
0x34bf37b9f25e38a6689ed1e83f4aca2ccdf07e11b50366aabc0e9dc4abdc8c32,93000,1,UpdatePublished,"{'model_id': 'model_mnist_784_noniid', 'round': 10, 'ticket_id': 541, 'cid': 'sha256:eabfe611584f1ca548a7c433180a0d932fcae55fb7b6a3c17d50d0dc0adb41cb'}",mock
0x259e3014624113d86763d52447039418614fae92fec307f7dbc218ce3289739c,86000,1,TicketReserved,"{'model_id': 'model_mnist_784_noniid', 'round': 10, 'ticket_id': 542, 'owner': 'acct_42'}",mock
0x05f59cf711ac6ef2aa6c993d8e565ae72e10360e4b7a373a88fb0a270532ac2b,93000,1,UpdatePublished,"{'model_id': 'model_mnist_784_noniid', 'round': 10, 'ticket_id': 542, 'cid': 'sha256:039ddacc6367f9744661987d390fa3e02eb9068263a5b8a3c89b184b9991d2ed'}",mock
0xc9833e75de473968a92c236dd63a2d58d28ef4335df6b9a17606afdea9301f93,86000,1,TicketReserved,"{'model_id': 'model_mnist_784_noniid', 'round': 10, 'ticket_id': 543, 'owner': 'acct_43'}",mock
0x8d476607928f1fe6270c8767109115afa921d1e88286e582f1e509ede7d220b8,93000,1,UpdatePublished,"{'model_id': 'model_mnist_784_noniid', 'round': 10, 'ticket_id': 543, 'cid': 'sha256:8a82c600ecea54ccd42049b675a4b100d98a34004d5ce79a19cb5a1ca01062f4'}",mock
0xd71c18cd9cc8cad2ba9a4fed633ed0e9f399baa9651345ed612f76c9ed425c20,86000,1,TicketReserved,"{'model_id': 'model_mnist_784_noniid', 'round': 10, 'ticket_id': 544, 'owner': 'acct_44'}",mock
0x49d2aed0de74c4828967d0fa01648976eaf182b12cbb3b13ac1195d5a5e206d2,93000,1,UpdatePublished,"{'model_id': 'model_mnist_784_noniid', 'round': 10, 'ticket_id': 544, 'cid': 'sha256:2a755e85a2c613e1fe4deb8f8bd84aa66f8285003e14afcd54397428946ab024'}",mock
0x283ee33d5eaacd27e06cab2b63bc1127f840cc1caa6043a38b595964f371297e,86000,1,TicketReserved,"{'model_id': 'model_mnist_784_noniid', 'round': 10, 'ticket_id': 545, 'owner': 'acct_45'}",mock
0x490bec9ad1ed58aea378775e0ed132f11d072162c0a243da3caec51d1579a9dc,93000,1,UpdatePublished,"{'model_id': 'model_mnist_784_noniid', 'round': 10, 'ticket_id': 545, 'cid': 'sha256:7b09eb9b73cdfd897c5e10516011d48835229773b33cc2aa09d43599fd73f866'}",mock
0x3e70149b9fc8b18504071b9288a2752e32adb7057e90aad6c84ceb92c375da16,86000,1,TicketReserved,"{'model_id': 'model_mnist_784_noniid', 'round': 10, 'ticket_id': 546, 'owner': 'acct_46'}",mock
0x85b96591da88fc40cbecd88b5efbfdf1785142b9f08ee4b9815d21873e7b7190,93000,1,UpdatePublished,"{'model_id': 'model_mnist_784_noniid', 'round': 10, 'ticket_id': 546, 'cid': 'sha256:e693c202cf3c8aedeeaab3b30fe5b562d8ed86ed24c05a9461676a4b3703c292'}",mock
0x6aad107f8a7e398de9b7e7b1d98234d670d5aba68eaca20b10fa254f9bd81b11,86000,1,TicketReserved,"{'model_id': 'model_mnist_784_noniid', 'round': 10, 'ticket_id': 547, 'owner': 'acct_47'}",mock
0x37e1a3cddc7b1cc492a848559db5824841339b2f97dbed554d0c732f6c6fe3b8,93000,1,UpdatePublished,"{'model_id': 'model_mnist_784_noniid', 'round': 10, 'ticket_id': 547, 'cid': 'sha256:67683c6220ec531b776d50f5f57c09e4ac33cf095c4bb82006ce1770ec9c471d'}",mock
0x92a603203e5abff3cb7a427c5122e25711920ad03ce903954b76822254f36896,86000,1,TicketReserved,"{'model_id': 'model_mnist_784_noniid', 'round': 10, 'ticket_id': 548, 'owner': 'acct_48'}",mock
0x47f7a2a961c55b7e744694202bd586bcd4257007684b73e69059b63481728247,93000,1,UpdatePublished,"{'model_id': 'model_mnist_784_noniid', 'round': 10, 'ticket_id': 548, 'cid': 'sha256:4baeeabc94a2567799cec2f9b3c9fdd4a97590f322c27fdde094b22e81d8497d'}",mock
0xd7d4935048c96f7a7778b75c41188ec147f7801e1ca1df8e9c44b1c4f4215c96,86000,1,TicketReserved,"{'model_id': 'model_mnist_784_noniid', 'round': 10, 'ticket_id': 549, 'owner': 'acct_49'}",mock
0x044c8087e882c3651a3f091eb5d99e9510406512095a8a69d5e93f60dde9f9f5,93000,1,UpdatePublished,"{'model_id': 'model_mnist_784_noniid', 'round': 10, 'ticket_id': 549, 'cid': 'sha256:4993794c445c892547bd04e2f04d916aa0a1f449597ed6c6cecd7c6fb98c6795'}",mock
0x848daebe089f6738a99d30a76619f98015e909be03ea763de950ece1dc0290a2,86000,1,TicketReserved,"{'model_id': 'model_mnist_784_noniid', 'round': 10, 'ticket_id': 550, 'owner': 'acct_50'}",mock
0x3268054536985a6c8d790fe97d453cba808fed37d97db714c79dae50488883d3,93000,1,UpdatePublished,"{'model_id': 'model_mnist_784_noniid', 'round': 10, 'ticket_id': 550, 'cid': 'sha256:bbda01db7108a72450e925fe16fc2c2a6fb3a2546545d7289cff2066a54bc465'}",mock
0xb0f828bff2d04b76b5b986ce19abe4d5fd910410a0c89bb03ed535d1fcc19a73,785000,1,RoundFinalized,"{'model_id': 'model_mnist_784_noniid', 'round': 10, 'included': 33, 'refunds': 33}",mock
0x536d8f5d4ff59526776a14afbd4e8d95244ae0d52c3d15b416b2f5635f17c48d,52000,1,RoundFunded,"{'model_id': 'model_mnist_784_noniid', 'amount_wei': 10000000000000000}",mock
0x002415f51041305e157c3cda22e7c80fe40d388014a2650089576447c3781b9d,86000,1,TicketReserved,"{'model_id': 'model_mnist_784_noniid', 'round': 11, 'ticket_id': 551, 'owner': 'acct_1'}",mock
0xf04bfb2d10f2c041f51425853f3f530666cb064b2a99c65cfe43fb4a60e13848,93000,1,UpdatePublished,"{'model_id': 'model_mnist_784_noniid', 'round': 11, 'ticket_id': 551, 'cid': 'sha256:bfe8a97d5e6cb0cd2f9c93eb859a7dc21ba2087e0ac995f397134b66a66b6fcd'}",mock
0xd59d725438062d511be603a5f4a14af4e07333122d72ffdcecac14185eeb87bd,86000,1,TicketReserved,"{'model_id': 'model_mnist_784_noniid', 'round': 11, 'ticket_id': 552, 'owner': 'acct_2'}",mock
0x59fa39861cd7c8547249a3d4b8f906f014765d88e9db139d24787569496b7440,93000,1,UpdatePublished,"{'model_id': 'model_mnist_784_noniid', 'round': 11, 'ticket_id': 552, 'cid': 'sha256:c9e59c9c05222695f9933005ee29cc4f1f527acbe98973e5e18cffca47cee9f7'}",mock
0x2b41d42ed7e1491d43815b455f5d79b10984cd942bbc436329dc4cfbdfaa1d1e,86000,1,TicketReserved,"{'model_id': 'model_mnist_784_noniid', 'round': 11, 'ticket_id': 553, 'owner': 'acct_3'}",mock
0xf87623b5aa9f482430459ab3800076f22b98619eb1af541c37871c4db46e8078,93000,1,UpdatePublished,"{'model_id': 'model_mnist_784_noniid', 'round': 11, 'ticket_id': 553, 'cid': 'sha256:3606d6c8e523335d73c2ec00263b14d1cddabf68d3d5bbfe9c8ebdd547ec478d'}",mock
0x2448857856bdbca0348073f5fb9c625ced7e2460ca54f84a37a81bac985c5823,86000,1,TicketReserved,"{'model_id': 'model_mnist_784_noniid', 'round': 11, 'ticket_id': 554, 'owner': 'acct_4'}",mock
0x9779e3a7ab8d43a32f533478aa78e7c11214803a7a02f316a1e4bd39a54cdc7a,93000,1,UpdatePublished,"{'model_id': 'model_mnist_784_noniid', 'round': 11, 'ticket_id': 554, 'cid': 'sha256:16d7171fdfd67f4ffeaf8dd89873b90b81c2737fd3d3a455f451a4eda3bff893'}",mock
0xd51779fa4e29f4266d1c39519e02e53253fe60b3e2ebb2a28ccab3495c0b0649,86000,1,TicketReserved,"{'model_id': 'model_mnist_784_noniid', 'round': 11, 'ticket_id': 555, 'owner': 'acct_5'}",mock
0xe81856464e41eff76793c80351b3f028a237a12cdcb52279ad80b897228b04de,93000,1,UpdatePublished,"{'model_id': 'model_mnist_784_noniid', 'round': 11, 'ticket_id': 555, 'cid': 'sha256:274998281952422c51790230ed7e10ac91d63a865294c3eba39c8fd832812d9c'}",mock
0xf5078e52e05fb6026978e702a98d98a4bd0d1bfe749828ca96df51129f65dcec,86000,1,TicketReserved,"{'model_id': 'model_mnist_784_noniid', 'round': 11, 'ticket_id': 556, 'owner': 'acct_6'}",mock
0x06e7bb77c08dbb0bfdfced186606ea7c4575e7d745ae9790e53176d06a850212,93000,1,UpdatePublished,"{'model_id': 'model_mnist_784_noniid', 'round': 11, 'ticket_id': 556, 'cid': 'sha256:45940ec235755821f8cdf342f9b1ba7618cb581c678fd99305fd0f629bf69003'}",mock
0xbb30e187d30f3005cb1870ef8a75b080fa8cdf4f6b1fff9f39da98b8f5429933,86000,1,TicketReserved,"{'model_id': 'model_mnist_784_noniid', 'round': 11, 'ticket_id': 557, 'owner': 'acct_7'}",mock
0xa0b9db589536ee3fd074835db24bb5c0eadc1294b1f5f0ca2f7b8b625e3c573b,93000,1,UpdatePublished,"{'model_id': 'model_mnist_784_noniid', 'round': 11, 'ticket_id': 557, 'cid': 'sha256:d279d2cc728f4a0a02d804022a120e56667827cfa7030cc7c2fd87efe0482c8c'}",mock
0xf62ce0cd415d03f4c058431fd54f575e66ad56779118fab95627478736a7d031,86000,1,TicketReserved,"{'model_id': 'model_mnist_784_noniid', 'round': 11, 'ticket_id': 558, 'owner': 'acct_8'}",mock
0x9bed406fb9c91e638a346906a784fec1d97a7e0edc2bb3317c1d65fb0d048f06,93000,1,UpdatePublished,"{'model_id': 'model_mnist_784_noniid', 'round': 11, 'ticket_id': 558, 'cid': 'sha256:a85c69cafe877fec8e97925cd86f2eb1228650a2bdd0d5491b3f313d9f6182ba'}",mock
0xec4a2922caa32420cb90aa3c9cdc71efd56d05abf595867240d96f0365f2bb51,86000,1,TicketReserved,"{'model_id': 'model_mnist_784_noniid', 'round': 11, 'ticket_id': 559, 'owner': 'acct_9'}",mock
0x4670de8ac5bf635bf69e63b559504095953480bfce3d9eb66eb7977147158f1c,93000,1,UpdatePublished,"{'model_id': 'model_mnist_784_noniid', 'round': 11, 'ticket_id': 559, 'cid': 'sha256:4fd81d9ca132049c87a8d7554721df57c7a7248a2d1cefb26402e6a783d57027'}",mock
0x9a24f6d42b23be7f01192f0739048ebb189ca718b1aa4bf1cee955f690ec35b7,86000,1,TicketReserved,"{'model_id': 'model_mnist_784_noniid', 'round': 11, 'ticket_id': 560, 'owner': 'acct_10'}",mock
0xc31067eb9ca3d1d1ee4f022f582d7e2195ca5b667ff4e4d6aca772c4c675f345,93000,1,UpdatePublished,"{'model_id': 'model_mnist_784_noniid', 'round': 11, 'ticket_id': 560, 'cid': 'sha256:62f2327cdaca99b4c5592715d08b06f0ceef2894071ff2acd3314313d45a8638'}",mock
0x539ea12aa3ee27d195c1bdf60f79e1929d5eacca29eaab93d21f17fc5d63126a,86000,1,TicketReserved,"{'model_id': 'model_mnist_784_noniid', 'round': 11, 'ticket_id': 561, 'owner': 'acct_11'}",mock
0x1a193c3790416da1835d19c7fd88cd02b622dd10100fa33063209c91b73c1cef,93000,1,UpdatePublished,"{'model_id': 'model_mnist_784_noniid', 'round': 11, 'ticket_id': 561, 'cid': 'sha256:ba1864f1335aaeaf740540b04968c31532068abea76edc763b4a7618fea67e00'}",mock
0xe299356fff3a8a2925a607afcbf25cb187ef7ae188eb1c84d9d4487f2148f93f,86000,1,TicketReserved,"{'model_id': 'model_mnist_784_noniid', 'round': 11, 'ticket_id': 562, 'owner': 'acct_12'}",mock
0x802fa2f021ee6f168ed2b7241e8a945cf56e74c82a4edbf1a27fdf4aa8b7751c,93000,1,UpdatePublished,"{'model_id': 'model_mnist_784_noniid', 'round': 11, 'ticket_id': 562, 'cid': 'sha256:596d8c5da7d906dcbe7e0b7322ff422a93c71ec814ccce8c32db08ac8eda82d7'}",mock
0x6ae9612a3b6291aaa73fd3585d23290dc745b8f0cdb0e51239c24f2621d7a0c5,86000,1,TicketReserved,"{'model_id': 'model_mnist_784_noniid', 'round': 11, 'ticket_id': 563, 'owner': 'acct_13'}",mock
0xd478501c5c9b8c5f87818afef16a7f4cc42bcf9b23c63b0ae6896ea2a3420594,93000,1,UpdatePublished,"{'model_id': 'model_mnist_784_noniid', 'round': 11, 'ticket_id': 563, 'cid': 'sha256:ca0b7ced6b869d55e851a83e4c4003f0b6fc4ea1ae4d2d63b5fac1ae1d68736d'}",mock
0xbaf6839e3262d2a5707667afbcfa05a04da5857c4d7fa903cb8293fec7ddf682,86000,1,TicketReserved,"{'model_id': 'model_mnist_784_noniid', 'round': 11, 'ticket_id': 564, 'owner': 'acct_14'}",mock
0x7db55f4587e9dce424ed1f2515701e8ec8e0147a9a28c3813315cefd113dbc58,93000,1,UpdatePublished,"{'model_id': 'model_mnist_784_noniid', 'round': 11, 'ticket_id': 564, 'cid': 'sha256:c4c7584dfce1839b267e622ebdec6a5165028f4c2779a5256bbc306abd6e2496'}",mock
0xadb34e781abac1bb5c5d1e37fb5d9b6ccadeb543df53581394a3819dbd1201d6,86000,1,TicketReserved,"{'model_id': 'model_mnist_784_noniid', 'round': 11, 'ticket_id': 565, 'owner': 'acct_15'}",mock
0xe0d8fc2d7096a4412b65afc128165d01f01215e7998886c4da777342d607edca,93000,1,UpdatePublished,"{'model_id': 'model_mnist_784_noniid', 'round': 11, 'ticket_id': 565, 'cid': 'sha256:ff0fcfee3e3107e0b9e6ed3d7ce72a9ecec334f5e51584cad23047213575496a'}",mock
0x38a2725349c97fc2528e38b98c50e57bdba0c16680da23abe5ab01a59e2f2584,86000,1,TicketReserved,"{'model_id': 'model_mnist_784_noniid', 'round': 11, 'ticket_id': 566, 'owner': 'acct_16'}",mock
0xbe71f50c7482572b9db102fbb070c4412ff5715ff64847f930fa4299ad94e509,93000,1,UpdatePublished,"{'model_id': 'model_mnist_784_noniid', 'round': 11, 'ticket_id': 566, 'cid': 'sha256:8c33b23e392be7132e8e21059dad30d7207c05a3a479339640d9ef03d8e2b874'}",mock
0xececd2b28cb7482ae84b713b40de82245937788a53cd32efba59f110ba69dc58,86000,1,TicketReserved,"{'model_id': 'model_mnist_784_noniid', 'round': 11, 'ticket_id': 567, 'owner': 'acct_17'}",mock
0x740e68ca4470c1c022f340e0f3963c1cca6eed2778e48a2e4d9b97a8d6a6d7b5,93000,1,UpdatePublished,"{'model_id': 'model_mnist_784_noniid', 'round': 11, 'ticket_id': 567, 'cid': 'sha256:281cee28c378c7ecf6e2c1dcfe765f6c087f83f99cff79c52c701373d85961ab'}",mock
0xb6799a468b1a68489dbee2e9d339d0fa8ad18eee8e316ad10fff8bdb7fc69208,86000,1,TicketReserved,"{'model_id': 'model_mnist_784_noniid', 'round': 11, 'ticket_id': 568, 'owner': 'acct_18'}",mock
0x18542e869d0c660e9eeff8c4ff71f414a0106575ef5218f76ba589881cb82e14,93000,1,UpdatePublished,"{'model_id': 'model_mnist_784_noniid', 'round': 11, 'ticket_id': 568, 'cid': 'sha256:ae73a595027812b0d5029aa9c6e2229e4507c63bcac6f68239ace5ec91655471'}",mock
0xe35bf58b581d836f04c9b95ec86c16f52ee4710bf792dc0535d63580306502b0,86000,1,TicketReserved,"{'model_id': 'model_mnist_784_noniid', 'round': 11, 'ticket_id': 569, 'owner': 'acct_19'}",mock
0x5f94316da8a5013e55eb685a23a477740697138e906cbaa2aec109a61cece238,93000,1,UpdatePublished,"{'model_id': 'model_mnist_784_noniid', 'round': 11, 'ticket_id': 569, 'cid': 'sha256:7e8c0ec00156f240b9f728d3b85af7cc9bdeb2047867546ca55e47782887e057'}",mock
0x5b47c1e7d0c89e3484376f4448bc35c58aa01e89754784744c6f9bb28450e71f,86000,1,TicketReserved,"{'model_id': 'model_mnist_784_noniid', 'round': 11, 'ticket_id': 570, 'owner': 'acct_20'}",mock
0xebbee96d569bc63b3aedc9a3ee95872e2441156206bf38e0a0641bddb5726bbf,93000,1,UpdatePublished,"{'model_id': 'model_mnist_784_noniid', 'round': 11, 'ticket_id': 570, 'cid': 'sha256:66fa3f940ac32740d67a927e544c2697c47e1332928fff37f5d97678cddfc53a'}",mock
0x9ac8e1d8db1205a7e7d9e68310ea05c382219c58c6f40229a8e1de5db717d065,86000,1,TicketReserved,"{'model_id': 'model_mnist_784_noniid', 'round': 11, 'ticket_id': 571, 'owner': 'acct_21'}",mock
0xecd7ae24ffb8b1ecc3eb6bf0a0c6c1aad5882978f58e653deb3cf62baf2f2c5a,93000,1,UpdatePublished,"{'model_id': 'model_mnist_784_noniid', 'round': 11, 'ticket_id': 571, 'cid': 'sha256:f5ee40f4c73805630549a970c0c130b9fb3a5162f0067ec20304aa6b3f874787'}",mock
0x34f309a4795811cc68a7693b0f6a6318677ae5c4bf5b85a7a4d43c7ebf48cf07,86000,1,TicketReserved,"{'model_id': 'model_mnist_784_noniid', 'round': 11, 'ticket_id': 572, 'owner': 'acct_22'}",mock
0x802ebe89a1ecda88f4bd4fb4b54f9060447b5f2f55433b044934941828ae2490,93000,1,UpdatePublished,"{'model_id': 'model_mnist_784_noniid', 'round': 11, 'ticket_id': 572, 'cid': 'sha256:62aab7fa64da9bd226cf4cc60e27c014960dfa726a95078b85a9b04088e41fae'}",mock
0x8f49dc11056213007b2d26cdba21a4168691de6877139a84a2caea915d312f72,86000,1,TicketReserved,"{'model_id': 'model_mnist_784_noniid', 'round': 11, 'ticket_id': 573, 'owner': 'acct_23'}",mock
0xebef6673b23da3ac2870ba567a68c6299f06b2e4c6eef458e58ecb79ce74417c,93000,1,UpdatePublished,"{'model_id': 'model_mnist_784_noniid', 'round': 11, 'ticket_id': 573, 'cid': 'sha256:2137a196d01f258547748afea0ccf1d1ae0fbb761763aa992ec3fe9a6c71a861'}",mock
0x738093fa9b54bd4b6b661a3cdf8b5d38e1dde71853a5d0e3b255e0ebd0e57e96,86000,1,TicketReserved,"{'model_id': 'model_mnist_784_noniid', 'round': 11, 'ticket_id': 574, 'owner': 'acct_24'}",mock
0xfdcb48e0de2479b1b3a0775fe3bdad8c2b818e30edc0fd4354f59578f85ff166,93000,1,UpdatePublished,"{'model_id': 'model_mnist_784_noniid', 'round': 11, 'ticket_id': 574, 'cid': 'sha256:25351f51216a6d879c9f799e34ce74ff31d5bf9a054942793a57d8eaa1b730bd'}",mock
0x9338b2e2b9573023b167200e6887886b1f1473f4d89c347c0d06ab10e4d082a7,86000,1,TicketReserved,"{'model_id': 'model_mnist_784_noniid', 'round': 11, 'ticket_id': 575, 'owner': 'acct_25'}",mock
0x7b1dcd6b5996b1ff19f1913b5b5bd2b1d8d666f23a2d050ea447e3f9a69061c4,93000,1,UpdatePublished,"{'model_id': 'model_mnist_784_noniid', 'round': 11, 'ticket_id': 575, 'cid': 'sha256:8c17433dac8abdbf9be98f7c10b286b4e104ecf922cd178db0abc70cf71dad6c'}",mock
0x55a57b28a16c50ec3f6e659bfbfdca7695a18e5965d349ca02d6c1e3257c782a,86000,1,TicketReserved,"{'model_id': 'model_mnist_784_noniid', 'round': 11, 'ticket_id': 576, 'owner': 'acct_26'}",mock
0xe871f3cf16946f05ed8533752967d6120c65037ecc42479af1413e17a817983e,93000,1,UpdatePublished,"{'model_id': 'model_mnist_784_noniid', 'round': 11, 'ticket_id': 576, 'cid': 'sha256:a6d4f5d0ed753b13b23c3a74b088d67d21010c160d04fc91a357995b06eee174'}",mock
0x017d0bf210ad2165da13871f2409a6e7485d1fd967d720b9e10ee775265a15b9,86000,1,TicketReserved,"{'model_id': 'model_mnist_784_noniid', 'round': 11, 'ticket_id': 577, 'owner': 'acct_27'}",mock
0x52ffd24da21acad4321f71a8f76b6bcc0969ddb4d2ad3bb32cb11e8014c58c2c,93000,1,UpdatePublished,"{'model_id': 'model_mnist_784_noniid', 'round': 11, 'ticket_id': 577, 'cid': 'sha256:4a4307131ea3883e272dc3b027833035503d5960139ba5ac6c7d89db49a03964'}",mock
0x97dbd24330112e2f9c3717241b48b3ba9dd9c4670a40cc64b418c63a631dc8f4,86000,1,TicketReserved,"{'model_id': 'model_mnist_784_noniid', 'round': 11, 'ticket_id': 578, 'owner': 'acct_28'}",mock
0x180555e8c3aba0cc48105a3ec946d0a8f4fb7e17e985983d6d0e65d185432ff6,93000,1,UpdatePublished,"{'model_id': 'model_mnist_784_noniid', 'round': 11, 'ticket_id': 578, 'cid': 'sha256:32ff0de65ea8c6bc221fe96ff78cf4abdc6927231445a8a4b100cf210dbc1a5f'}",mock
0xd252ec5e0bfad401f41a4b279062188bb1d58fa31e8b827ebc172383eb48de87,86000,1,TicketReserved,"{'model_id': 'model_mnist_784_noniid', 'round': 11, 'ticket_id': 579, 'owner': 'acct_29'}",mock
0x1332c9f62fbc0a2ae0e6e8c3b7cdf56b2cd616a027dbb93d958b4d296e737c52,93000,1,UpdatePublished,"{'model_id': 'model_mnist_784_noniid', 'round': 11, 'ticket_id': 579, 'cid': 'sha256:56a287eaa3e13e4bb5fa0e4f74f6680a6d3c9ea3305df3c01481e514354c92f5'}",mock
0x511061fb450b6d0698e2a80f590ba2f990d976abeb3f34e4d83a019bddb2fdbb,86000,1,TicketReserved,"{'model_id': 'model_mnist_784_noniid', 'round': 11, 'ticket_id': 580, 'owner': 'acct_30'}",mock
0x51c730a9d6765ef7d28940df0f6245f5ea9765a3c2b2a5192d4fddb6041a9c09,93000,1,UpdatePublished,"{'model_id': 'model_mnist_784_noniid', 'round': 11, 'ticket_id': 580, 'cid': 'sha256:e4e41e34fbfc41c11a41f932f338dc0ac4c760bc1415f45c07b1012ef5046e32'}",mock
0xa19a5d5a73f7ef9c794f19cb265ec9e38eb2261a5bcecd1d93fd53c56430220b,86000,1,TicketReserved,"{'model_id': 'model_mnist_784_noniid', 'round': 11, 'ticket_id': 581, 'owner': 'acct_31'}",mock
0xbfdc012b6c068178f2623f69107b00ceac6d125bfce0155e0468fdf864cb74d6,93000,1,UpdatePublished,"{'model_id': 'model_mnist_784_noniid', 'round': 11, 'ticket_id': 581, 'cid': 'sha256:b0e43961f6a6622a1e8cf31d01180293ef8145a211e5bba7aa5dec458729b666'}",mock
0x46ef136284eaa1a2cd7a05f3a2db785ede7fc5bcf4fbee90f4f5029411f6cdb9,86000,1,TicketReserved,"{'model_id': 'model_mnist_784_noniid', 'round': 11, 'ticket_id': 582, 'owner': 'acct_32'}",mock
0x2016fc8d4c20344226c79d0308ad7e5e622001b185a9825b7064f331697a0c3a,93000,1,UpdatePublished,"{'model_id': 'model_mnist_784_noniid', 'round': 11, 'ticket_id': 582, 'cid': 'sha256:656bb28641ffb61805b24abaae6e46337c6499bca3d20c6bb0e3514c35445513'}",mock
0xce93ece226b4f78d1aa376355c6076b44915626054ffa2da396683e8c206c8b1,86000,1,TicketReserved,"{'model_id': 'model_mnist_784_noniid', 'round': 11, 'ticket_id': 583, 'owner': 'acct_33'}",mock
0x03dd41ac65c1ebe9ace91509eb0630f19a677a957acf4f7c862cc8c7fe5ab62a,93000,1,UpdatePublished,"{'model_id': 'model_mnist_784_noniid', 'round': 11, 'ticket_id': 583, 'cid': 'sha256:6e7c21d12389a61e444cbbd21a98f4d9ffa60320013ef70597badfbecb9e9684'}",mock
0x0e8df95d5b1b705fd64bb6a73ff035526a87b5866d65c8e9337c3f9437a33dd8,86000,1,TicketReserved,"{'model_id': 'model_mnist_784_noniid', 'round': 11, 'ticket_id': 584, 'owner': 'acct_34'}",mock
0x134a8af24960655fbc2b47a3a90ef9cc1ccc9e4279c48d2d2c7c8ea4e5efae91,93000,1,UpdatePublished,"{'model_id': 'model_mnist_784_noniid', 'round': 11, 'ticket_id': 584, 'cid': 'sha256:de2cab977eee8d2059ceb5ee2a1b2a46e9ea7643f96c1760d83527f450c6288c'}",mock
0x8f083c5e8f7f8b0950f1ce4e48968b31ec4f908f5df5200030975582ef08d373,86000,1,TicketReserved,"{'model_id': 'model_mnist_784_noniid', 'round': 11, 'ticket_id': 585, 'owner': 'acct_35'}",mock
0xcc265f214e8ebe66dc177e91afcdb342801e5f97683acff5cd49a0f7e2e12ae5,93000,1,UpdatePublished,"{'model_id': 'model_mnist_784_noniid', 'round': 11, 'ticket_id': 585, 'cid': 'sha256:bcbe23b4a7ea45f62858fefc00ab186316a8b1ee32641f9829e331b66961944e'}",mock
0x72030ee08606e4e2820e4f342c73dc9d60c87736b2d74d4267b22d0ebb9c1230,86000,1,TicketReserved,"{'model_id': 'model_mnist_784_noniid', 'round': 11, 'ticket_id': 586, 'owner': 'acct_36'}",mock
0x741b6ae8c18a1243b0aae569aac5235a66d69d6f61cdc9344cbb1a9be681f82e,93000,1,UpdatePublished,"{'model_id': 'model_mnist_784_noniid', 'round': 11, 'ticket_id': 586, 'cid': 'sha256:41489223060cd514fe00e9862578b35f6460a81bbc99a78f1903da089cc644cf'}",mock
0x679e00b6f755614c0898545532cbdf88d7c689a36346111057528b2f4c313a12,86000,1,TicketReserved,"{'model_id': 'model_mnist_784_noniid', 'round': 11, 'ticket_id': 587, 'owner': 'acct_37'}",mock
0x535c3c9ce83ae064fa47596e600b6e7c431786cf2982cbad5ac54e31def0e6e7,93000,1,UpdatePublished,"{'model_id': 'model_mnist_784_noniid', 'round': 11, 'ticket_id': 587, 'cid': 'sha256:13264774c3794d25d5639aa0a816ddf0c8519da2e40a29ccec7529c48a970038'}",mock
0xf21a2b9289f3ffdc5eea63492301380a53f24f62b9db1a7613cca70d51ecb073,86000,1,TicketReserved,"{'model_id': 'model_mnist_784_noniid', 'round': 11, 'ticket_id': 588, 'owner': 'acct_38'}",mock
0x6ef11854b60480623988f9cbad3bbe79a0c43018e3f22b6d6e79deb795d4d373,93000,1,UpdatePublished,"{'model_id': 'model_mnist_784_noniid', 'round': 11, 'ticket_id': 588, 'cid': 'sha256:9d13f41e3ba28db5bdf3b463c16926d01a23da0ad103852c2daf85df735c6732'}",mock
0x069a148978fbc50b6e9f0110fe6bbac385961cd4f8c49110e517896775cc2033,86000,1,TicketReserved,"{'model_id': 'model_mnist_784_noniid', 'round': 11, 'ticket_id': 589, 'owner': 'acct_39'}",mock
0x41737905551395cc26400232806c7d1c00389e5853a9ca8e87f628b555479240,93000,1,UpdatePublished,"{'model_id': 'model_mnist_784_noniid', 'round': 11, 'ticket_id': 589, 'cid': 'sha256:094150cb9ac58b7be6954894fd113fc1f35f563d3818882cadc1ca186ab0c399'}",mock
0x9a972ad7e540b28a4a0c8c8a43d1d4772649084908014bb953949add3a062ffc,86000,1,TicketReserved,"{'model_id': 'model_mnist_784_noniid', 'round': 11, 'ticket_id': 590, 'owner': 'acct_40'}",mock
0x12bf1a23d501adbb882d6a48e4c52ffe6e6feae073e527d07f7403f263db137d,93000,1,UpdatePublished,"{'model_id': 'model_mnist_784_noniid', 'round': 11, 'ticket_id': 590, 'cid': 'sha256:cc31805e241c1679761e600efb4a506eb8e36d2d733faca3e6ffe1cc0e8f79ea'}",mock
0xc5e9e5ce09142e882121fcf535a0962fc81a584527e18d19aed3b04f4b3b3412,86000,1,TicketReserved,"{'model_id': 'model_mnist_784_noniid', 'round': 11, 'ticket_id': 591, 'owner': 'acct_41'}",mock
0xa81bcef2fb10cfd0396b1aa098eaada5bb7a56e5b638952318e16fc594f4efa5,93000,1,UpdatePublished,"{'model_id': 'model_mnist_784_noniid', 'round': 11, 'ticket_id': 591, 'cid': 'sha256:77a266c0c8c043704a3badddc756c7ba9812acdbda6d5db7b97c9eb68daa499e'}",mock
0x6dbfe4b7ade8b22993557d87d22ce5827c1d486405a42ac5f7d3d297aaca39af,86000,1,TicketReserved,"{'model_id': 'model_mnist_784_noniid', 'round': 11, 'ticket_id': 592, 'owner': 'acct_42'}",mock
0x3eb86aa86b096ee31562ab96eed3cc29d31c7fd53b87869267df93e08c383cad,93000,1,UpdatePublished,"{'model_id': 'model_mnist_784_noniid', 'round': 11, 'ticket_id': 592, 'cid': 'sha256:8a1611464a749e975a115eb91227dfa85c723bc356b38193c77d18c8a1189503'}",mock
0x173303ada01a80fca697783fe5688df83f1115eb210b0ec74b1eeaeeb470c4ce,86000,1,TicketReserved,"{'model_id': 'model_mnist_784_noniid', 'round': 11, 'ticket_id': 593, 'owner': 'acct_43'}",mock
0x706066462da5a18ee399af33df2b4761edf2e2bdfedf279b63dc9395777fbfd3,93000,1,UpdatePublished,"{'model_id': 'model_mnist_784_noniid', 'round': 11, 'ticket_id': 593, 'cid': 'sha256:d2a637e664bf2cffbdda53591bda688aa9ee9092bd3524604dbabb9a78e26528'}",mock
0x58f263127293722851fc3746492fe65d271ca20a964fce481a19a633c3f68c02,86000,1,TicketReserved,"{'model_id': 'model_mnist_784_noniid', 'round': 11, 'ticket_id': 594, 'owner': 'acct_44'}",mock
0xf2bf94b055cfb70d69bf0dcef8e06a848a8e36a81dc2be75aa882a9321714847,93000,1,UpdatePublished,"{'model_id': 'model_mnist_784_noniid', 'round': 11, 'ticket_id': 594, 'cid': 'sha256:4470a3cb8a4f2d41e043c397fb5ee7bf852e4386dd3410b4933d9dc566a85213'}",mock
0x220798b60237a85ec27f120b7971f6bd886d8fe42a23a4a90845c0b3f270f3e1,86000,1,TicketReserved,"{'model_id': 'model_mnist_784_noniid', 'round': 11, 'ticket_id': 595, 'owner': 'acct_45'}",mock
0x1bba17c28ca1b363f9d52daa6daa46e1abf6d6e2e1bc24f44c39290003bb84a5,93000,1,UpdatePublished,"{'model_id': 'model_mnist_784_noniid', 'round': 11, 'ticket_id': 595, 'cid': 'sha256:199a34ac6beaee12a67d44b4f4a0763fd75b35ad97602191728e3e0dcd575467'}",mock
0xedf9bc46af547e02b09dec14dbf5432427c38715b3cb9911818875606e0e8378,86000,1,TicketReserved,"{'model_id': 'model_mnist_784_noniid', 'round': 11, 'ticket_id': 596, 'owner': 'acct_46'}",mock
0x029da43ff6152dae5a520327a112a9f637e79dfa28f899785d350140f2f762eb,93000,1,UpdatePublished,"{'model_id': 'model_mnist_784_noniid', 'round': 11, 'ticket_id': 596, 'cid': 'sha256:215687602414538a778bb88f0358f3abf0d80cb35331ab960a1e81cf5abfa146'}",mock
0x967b6835d9c2a574f0715c599da75f79a78395b5ae826d26d36c9cf84b6eedea,86000,1,TicketReserved,"{'model_id': 'model_mnist_784_noniid', 'round': 11, 'ticket_id': 597, 'owner': 'acct_47'}",mock
0x7605a7e593063ee9eef7d84111adc5a77d1c13986ced0187d06235d5cb75f67a,93000,1,UpdatePublished,"{'model_id': 'model_mnist_784_noniid', 'round': 11, 'ticket_id': 597, 'cid': 'sha256:e9eca4a5a631b2b71baa692645a32744d7789d70fe3d43b5b66590f590ef05d4'}",mock
0x20a2435c101884c3bd8d9279f141a13211f24a58a0194e1cf036df09c1066fbd,86000,1,TicketReserved,"{'model_id': 'model_mnist_784_noniid', 'round': 11, 'ticket_id': 598, 'owner': 'acct_48'}",mock
0x24e1d2924896ecdef47d7e00ac9d274eabe2022e48b73f47b034941885994ec8,93000,1,UpdatePublished,"{'model_id': 'model_mnist_784_noniid', 'round': 11, 'ticket_id': 598, 'cid': 'sha256:0c5329c99664385dadea5e7c60053afcc439104a485102ed3a34feedc96b66b4'}",mock
0xa24a7ab8be64d108bc7f709d7f5ffbd7fed75c64cd387a32ed496750be08c0b1,86000,1,TicketReserved,"{'model_id': 'model_mnist_784_noniid', 'round': 11, 'ticket_id': 599, 'owner': 'acct_49'}",mock
0x0b0c8410ec023dab97b73a8d56949905c9ff8d760c65d5dc8e5b84accf301703,93000,1,UpdatePublished,"{'model_id': 'model_mnist_784_noniid', 'round': 11, 'ticket_id': 599, 'cid': 'sha256:19aba7174b028d648e03fdd551080388542670628426d80e9166d327674daaf1'}",mock
0x38e93639404e94ce67109570209c9d13a033d37f6f658193c1a578e108be5f1b,86000,1,TicketReserved,"{'model_id': 'model_mnist_784_noniid', 'round': 11, 'ticket_id': 600, 'owner': 'acct_50'}",mock
0x483754bf0c29b401b3e68d0a756cc122c32f608d98bc1f8d0db8c4b93d480e15,93000,1,UpdatePublished,"{'model_id': 'model_mnist_784_noniid', 'round': 11, 'ticket_id': 600, 'cid': 'sha256:d40dc5bc4f361f59706abf92487f1d2d5e4a07b41618d93dfe69be5277f5b37f'}",mock
0x3ec3bbd084b4f4461a4bb8aceb8cf2cd9575e1901e0b949def8be21ed6d4ac37,785000,1,RoundFinalized,"{'model_id': 'model_mnist_784_noniid', 'round': 11, 'included': 33, 'refunds': 33}",mock
0xb0f2d2c7a1b43b90bec97616ac917d7600828ba3e76cb51284c8998783ffd657,38000,1,Claimed,"{'model_id': 'model_mnist_784_noniid', 'account': 'acct_1', 'amount_wei': 10170472286571358}",mock
0x6a713c337f619f8c8adfc175316983b4df6af16468db806736f84eeb65fe59f9,38000,1,Claimed,"{'model_id': 'model_mnist_784_noniid', 'account': 'acct_2', 'amount_wei': 8952117259218028}",mock
0x4c176bbb17f6bc8c1f7299f5c48bfd2575a99583e77c82b6604e3e53afbffbd4,38000,1,Claimed,"{'model_id': 'model_mnist_784_noniid', 'account': 'acct_3', 'amount_wei': 8945021782483083}",mock
0xd623babf5ce81ca3465fba7aa146e213445e8816f883d39b6d613bc4b34fb92a,38000,1,Claimed,"{'model_id': 'model_mnist_784_noniid', 'account': 'acct_4', 'amount_wei': 8980232418912135}",mock
0xf0ee2e531b4e4ef6c6209f2c41c1c68193826ab0d224c14e3c929998a239ba60,38000,1,Claimed,"{'model_id': 'model_mnist_784_noniid', 'account': 'acct_5', 'amount_wei': 8932566917087040}",mock
0xa593f741c45337398808d2a167a9ccdd9aa4847aaa229c57913b1f1869473988,38000,1,Claimed,"{'model_id': 'model_mnist_784_noniid', 'account': 'acct_6', 'amount_wei': 14167123958744851}",mock
0xe6d4650eb1440beb5a83602a6e5162d74ef93cea08c4ed760b74a3024a8af2c8,38000,1,Claimed,"{'model_id': 'model_mnist_784_noniid', 'account': 'acct_7', 'amount_wei': 10272647888746959}",mock
0xa0faa79daa88e7ad99c75d5cdd5d57efb173808b872b5de119eed0c0b03e0ba1,38000,1,Claimed,"{'model_id': 'model_mnist_784_noniid', 'account': 'acct_8', 'amount_wei': 14129416568096284}",mock
0x4cb11108dd23f80191afd4d62cbfddfdde2a61375786f781a11314ae6bb90bd4,38000,1,Claimed,"{'model_id': 'model_mnist_784_noniid', 'account': 'acct_9', 'amount_wei': 12844543313583561}",mock
0x377775b201d07ce8b4f4c404432febb49645d5c73fa04b0ca054a7ce7c2498c7,38000,1,Claimed,"{'model_id': 'model_mnist_784_noniid', 'account': 'acct_10', 'amount_wei': 11543678028198153}",mock
0xaf41a45a705e2408cd672cdcb1088c4730128e53a4e0c9127324cdfe956ce5ef,38000,1,Claimed,"{'model_id': 'model_mnist_784_noniid', 'account': 'acct_11', 'amount_wei': 11556012847633740}",mock
0xd3ffe8f4b360af186cc627bd0981229c0a1460d7f7186acb064508f5403aa56e,38000,1,Claimed,"{'model_id': 'model_mnist_784_noniid', 'account': 'acct_12', 'amount_wei': 10278355115816417}",mock
0x7a5c82ac70320d98b83d91b8e931ff979c8d0a84b9043580d307df6d43af4e22,38000,1,Claimed,"{'model_id': 'model_mnist_784_noniid', 'account': 'acct_13', 'amount_wei': 8907314391834516}",mock
0xc114a7b066396170003a34e94bb6473d3ed35e24e979f87e36873c1168345cb2,38000,1,Claimed,"{'model_id': 'model_mnist_784_noniid', 'account': 'acct_14', 'amount_wei': 12857346017387963}",mock
0x61c87995a8a0b756b680cead008cdb903dccd9ca520ff39a74b17dacfedffb4d,38000,1,Claimed,"{'model_id': 'model_mnist_784_noniid', 'account': 'acct_15', 'amount_wei': 11548608487288204}",mock
0x3632d4169773f1026bf0ecab70293d01bc8775cc020fa32a8e0ba8200e2f1a9c,38000,1,Claimed,"{'model_id': 'model_mnist_784_noniid', 'account': 'acct_16', 'amount_wei': 7690119821698769}",mock
0xded10a0344b09923857b459e49b9aee5865890f63dc796a0edeb07cd031ccd60,38000,1,Claimed,"{'model_id': 'model_mnist_784_noniid', 'account': 'acct_17', 'amount_wei': 10329905621526514}",mock
0x6b15a8905313614998dfcef456a4432ff70be54ddaa4018b0c94f0c53d3fa351,38000,1,Claimed,"{'model_id': 'model_mnist_784_noniid', 'account': 'acct_18', 'amount_wei': 8923654261115561}",mock
0xa006e0c92ceb2e3751207da2a4cd3a2a493ce07dd853940e334c4a169f81530c,38000,1,Claimed,"{'model_id': 'model_mnist_784_noniid', 'account': 'acct_19', 'amount_wei': 12806835922934994}",mock
0xabb24cce25764072fde76851e594de7f23f9415f2b5e5792ba70b5e4839b3259,38000,1,Claimed,"{'model_id': 'model_mnist_784_noniid', 'account': 'acct_20', 'amount_wei': 11616596055275772}",mock
0x381b43cb2ad4967ca3511a459e0a6adeba1f46d963e60e9ef20b05c2edfe0314,38000,1,Claimed,"{'model_id': 'model_mnist_784_noniid', 'account': 'acct_21', 'amount_wei': 5145179099338691}",mock
0x1a42ea39b9894de1a38fc81b7f1c565a8807f6b311e69199f07d139e3f3ade98,38000,1,Claimed,"{'model_id': 'model_mnist_784_noniid', 'account': 'acct_22', 'amount_wei': 10276515083615853}",mock
0x3b2b20e19031a48aa38d1996299e4e7829e40426211b010f11e5a855919c5d90,38000,1,Claimed,"{'model_id': 'model_mnist_784_noniid', 'account': 'acct_23', 'amount_wei': 10303607641068942}",mock
0x677880ac4cb8cbbd714a0cf5ba785cc0c447ad568cbda76bb6eee2e74c86b951,38000,1,Claimed,"{'model_id': 'model_mnist_784_noniid', 'account': 'acct_24', 'amount_wei': 11493052931732647}",mock
0x7ba34ba94149281962d35eecb5635b1c69a58eb20aea14267a4df7b21e943f84,38000,1,Claimed,"{'model_id': 'model_mnist_784_noniid', 'account': 'acct_25', 'amount_wei': 11503805619904691}",mock
0x28bfbe6a4c6da4597a7f9597a63e32f847dc2714b7e2e4151473f8e3ba973a72,38000,1,Claimed,"{'model_id': 'model_mnist_784_noniid', 'account': 'acct_26', 'amount_wei': 11493052931732647}",mock
0xb8d8641c7fc3502a305dd7ecd1b20352c0db3b6af89ebabafc2afc0014715ee8,38000,1,Claimed,"{'model_id': 'model_mnist_784_noniid', 'account': 'acct_27', 'amount_wei': 10198935284673824}",mock
0xaff1e961613a3afc07dd8d75eb31df4e073f14825cb5bfac1bb28308ddd04e25,38000,1,Claimed,"{'model_id': 'model_mnist_784_noniid', 'account': 'acct_28', 'amount_wei': 10260854789317787}",mock
0x76c172c2f1e609c0ccc61f47d878f6656b865cf4af35f23cb257c2571ad323a5,38000,1,Claimed,"{'model_id': 'model_mnist_784_noniid', 'account': 'acct_29', 'amount_wei': 7702454641134357}",mock
0x8d0e3dc291dd16f65f873ddceecc0267a7976d2e289171a5ddfa14caabe3244c,38000,1,Claimed,"{'model_id': 'model_mnist_784_noniid', 'account': 'acct_30', 'amount_wei': 10252982544603437}",mock
0xd899479d52d8064c88d0f7482681735da68da55daa6e0a2da1743781d1dcc99d,38000,1,Claimed,"{'model_id': 'model_mnist_784_noniid', 'account': 'acct_31', 'amount_wei': 11557521143259683}",mock
0x940f5b95fe7ed784327f1a2c173104a24d0b86d679a74f9cc9d7d08a9d439ad8,38000,1,Claimed,"{'model_id': 'model_mnist_784_noniid', 'account': 'acct_32', 'amount_wei': 10353438160538930}",mock
0x5db973d440161b8984f1d27c676d663e776df19e51d4ee6cde08e9be1d07718d,38000,1,Claimed,"{'model_id': 'model_mnist_784_noniid', 'account': 'acct_33', 'amount_wei': 12817473609094502}",mock
0xefe9487372b0446b8ed8511d4b824dde28fd88a9d5b74f621bfd1874bcfb3a6a,38000,1,Claimed,"{'model_id': 'model_mnist_784_noniid', 'account': 'acct_34', 'amount_wei': 11550425666524738}",mock
0xd8173ba552c03115b01b1cec9d048b578a282d60ab16562a9fe0ead6ffad0707,38000,1,Claimed,"{'model_id': 'model_mnist_784_noniid', 'account': 'acct_35', 'amount_wei': 10227730019350912}",mock
0xbcf3ad8a6f385ae0b2726188a7df71c91fa4c5de1131c77dafa84ea79ada9456,38000,1,Claimed,"{'model_id': 'model_mnist_784_noniid', 'account': 'acct_36', 'amount_wei': 10323157983199929}",mock
0x3f4a4d357651f92288a0bdabdc8ef9b976fc3e1def361c2204eaa8900500ee86,38000,1,Claimed,"{'model_id': 'model_mnist_784_noniid', 'account': 'acct_37', 'amount_wei': 11550425666524738}",mock
0x9fb81acba025ce43c50bebaca9663358b6a91cfbd7bf9842f3ec22e6f6d6f3cc,38000,1,Claimed,"{'model_id': 'model_mnist_784_noniid', 'account': 'acct_38', 'amount_wei': 11563228370329139}",mock
0x3d4b2e8f2d2a0fefa6a3254f37f77f9bcb5ca98590892e7ac5a68dab372ff79f,38000,1,Claimed,"{'model_id': 'model_mnist_784_noniid', 'account': 'acct_39', 'amount_wei': 15423534215155108}",mock
0x32acc34cd75f9ec65415031f0d7696f93511a4a2fe32b48365f3f82e52e0bb0a,38000,1,Claimed,"{'model_id': 'model_mnist_784_noniid', 'account': 'acct_40', 'amount_wei': 10278355115816417}",mock
0x70995d683bcc1e1803c3ec5cd42690917f6980b571092fb9eecaf466a38eaf87,38000,1,Claimed,"{'model_id': 'model_mnist_784_noniid', 'account': 'acct_41', 'amount_wei': 12857346017387963}",mock
0x1b2b7f017637e514ac1b24195cb673270f766fff02c2201f917ad78279d0bb64,38000,1,Claimed,"{'model_id': 'model_mnist_784_noniid', 'account': 'acct_42', 'amount_wei': 10245555331293870}",mock
0xdef89fe54e4c78dbf7df09efcb9105a335b8fca3b4b3a60c0c626e1ed1b1b030,38000,1,Claimed,"{'model_id': 'model_mnist_784_noniid', 'account': 'acct_43', 'amount_wei': 11600935760977707}",mock
0x08e49f54b79ac991ba84d019fd043cdf2a3a62ed87f7849d74263874fb5e2232,38000,1,Claimed,"{'model_id': 'model_mnist_784_noniid', 'account': 'acct_44', 'amount_wei': 11529058145157217}",mock
0x599aa596df8526082858df29183ea17f291e62b71751244125ccc5e4f0998864,38000,1,Claimed,"{'model_id': 'model_mnist_784_noniid', 'account': 'acct_45', 'amount_wei': 11570632730674676}",mock
0x59a52f460e59ecaf442466d195e98a4aa4550ebfbbfa787edb5088448560df13,38000,1,Claimed,"{'model_id': 'model_mnist_784_noniid', 'account': 'acct_46', 'amount_wei': 8991641829103130}",mock
0xf927158384f9476d2bdf3fd84789a9b626bf1872b4c3f9c2f107d4cbd24d6c86,38000,1,Claimed,"{'model_id': 'model_mnist_784_noniid', 'account': 'acct_47', 'amount_wei': 11563228370329140}",mock
0x6153687d1d96772992c1b3dae7c64202e4bfc1dded74cf997245033f2004f7ee,38000,1,Claimed,"{'model_id': 'model_mnist_784_noniid', 'account': 'acct_48', 'amount_wei': 14120503912124805}",mock
0xb50c78a4a8897cd294e5d7d292c7b4a435a8394bb53442aa31ffd499f44e2bb8,38000,1,Claimed,"{'model_id': 'model_mnist_784_noniid', 'account': 'acct_49', 'amount_wei': 11494892963933212}",mock
0x158ee5f765631188f8231fbca822081b7cfd5e63e8a7c1d9d47a099a29957c06,38000,1,Claimed,"{'model_id': 'model_mnist_784_noniid', 'account': 'acct_50', 'amount_wei': 10297905457947403}",mock
