tx,gas_used,status,event,data,backend
0x91b73c31c4e8dcd237639b66130d50c4ed4e9af9142fd3163a75a96e1e7fc17a,145000,1,ListingCreated,"{'model_id': 'model_mnist_784_noniid', 'init_cid': 'sha256:cb7d3ccc7dd70433374c8f12d7627b07efdac9b356eafb08f03b2296ce9b3a75'}",mock
0xbcc82c1a94a9eb737f316bda0d37a2f10f6524658549d97362c789af5bdd3944,52000,1,RoundFunded,"{'model_id': 'model_mnist_784_noniid', 'amount_wei': 10000000000000000}",mock
0x56de5d0aaffb782f2515a3f28de122d0f879f475684d7e1086d645c0ac382fe5,86000,1,TicketReserved,"{'model_id': 'model_mnist_784_noniid', 'round': 0, 'ticket_id': 1, 'owner': 'acct_1'}",mock
0x706f96e63412ef78bcf360bf24f383cb2cf6d6f98c20005d3d6d4a2541f2f661,93000,1,UpdatePublished,"{'model_id': 'model_mnist_784_noniid', 'round': 0, 'ticket_id': 1, 'cid': 'sha256:f1f6e39811f7a9838da33474a0b67049cd9f5a9bd549c7e91782a5e59a54f9b5'}",mock
0x98f417c27981aadb52337c5c01b04d67258b74be09756b7613c1f98e001de5bc,86000,1,TicketReserved,"{'model_id': 'model_mnist_784_noniid', 'round': 0, 'ticket_id': 2, 'owner': 'acct_2'}",mock
0xcf35c48cad0a1e7422b1aca99745620905ec42f4e62cf0ca6c91e9e74084ab7f,93000,1,UpdatePublished,"{'model_id': 'model_mnist_784_noniid', 'round': 0, 'ticket_id': 2, 'cid': 'sha256:e96c5b826287d5a664bf70dcb8aaae010619fa5a24673c02675f8583f348b31b'}",mock
0x16ad0475fa80b96c08a184c1a5e1081b2eeeeeff602eda1cfcb58b2846a68706,86000,1,TicketReserved,"{'model_id': 'model_mnist_784_noniid', 'round': 0, 'ticket_id': 3, 'owner': 'acct_3'}",mock
0xffebcd7984c5b480620cfcbedf2e3333fc8a9df81ca66af29186978aa09fed6b,93000,1,UpdatePublished,"{'model_id': 'model_mnist_784_noniid', 'round': 0, 'ticket_id': 3, 'cid': 'sha256:defd857d39135972f4ab7fa15bed551f6a08d4ae1e99957bf915a27a9a8af5c4'}",mock
0x10039cf328ad78f88fd22be86274f7c59677d3fa136984195d35ac0bcaadf198,86000,1,TicketReserved,"{'model_id': 'model_mnist_784_noniid', 'round': 0, 'ticket_id': 4, 'owner': 'acct_5'}",mock
0xe3b2b79795720ee4749121e58849939d259f24e77a1603ea426206c015b1adb1,93000,1,UpdatePublished,"{'model_id': 'model_mnist_784_noniid', 'round': 0, 'ticket_id': 4, 'cid': 'sha256:231926aacc4b5f7483d53b4f26dd28209e1880d600b6f7da03322cb453c88681'}",mock
0x256b8d025b1e08c3264a75e25fadf2de1182353381fa3763c588e30c6678de17,86000,1,TicketReserved,"{'model_id': 'model_mnist_784_noniid', 'round': 0, 'ticket_id': 5, 'owner': 'acct_6'}",mock
0x294d0b9c52b892f579e49a42756e688784e729e70491376ac1723db70438e7ec,93000,1,UpdatePublished,"{'model_id': 'model_mnist_784_noniid', 'round': 0, 'ticket_id': 5, 'cid': 'sha256:4e2b639b4748bc9fd9d124959d418c6316023ac58199a728ea62962d24428d38'}",mock
0xf22d4504eef5d216ae9fb93a78ac48ea5a363cedab98d17a9143464a034b949d,86000,1,TicketReserved,"{'model_id': 'model_mnist_784_noniid', 'round': 0, 'ticket_id': 6, 'owner': 'acct_7'}",mock
0x631787a95fd03b78cfcc0b2ac278cf9ea50fcdfdac7cf7fd79e29f48475781ca,93000,1,UpdatePublished,"{'model_id': 'model_mnist_784_noniid', 'round': 0, 'ticket_id': 6, 'cid': 'sha256:63b4beb176e606cf2c0353713e720762aa69b29cec2b9f1abdb7366000b511d0'}",mock
0x53d9f4a00a86f80cd4d6df5430b11597ca8aa735a6426729093704111a7d7062,86000,1,TicketReserved,"{'model_id': 'model_mnist_784_noniid', 'round': 0, 'ticket_id': 7, 'owner': 'acct_8'}",mock
0x3e18b52257a80c0da036a96118427c30a0ad5fa9cf31e490c60361e7c25a8f55,93000,1,UpdatePublished,"{'model_id': 'model_mnist_784_noniid', 'round': 0, 'ticket_id': 7, 'cid': 'sha256:68dcd4329880966e8428b5a1cfc256dea77d8e94cc21460db7d4a8c8ab492dbf'}",mock
0x31c3c2297146a502f1ba66cd589414ca872fd0e572b4bdcd899b12a10317c624,86000,1,TicketReserved,"{'model_id': 'model_mnist_784_noniid', 'round': 0, 'ticket_id': 8, 'owner': 'acct_9'}",mock
0x37527b1c6e0fcdcbe8333bab9ce60046e1d582dc9b4b5dfb0dcf7fb36bc55f64,93000,1,UpdatePublished,"{'model_id': 'model_mnist_784_noniid', 'round': 0, 'ticket_id': 8, 'cid': 'sha256:c9be548f50fc374ae0647a629accdee5a9df583d3f00fe88a8f5607f49ea2d76'}",mock
0x1d429298f9280deafc9360772946cae90d5c26cd5068c9db90e968445cde9fd7,86000,1,TicketReserved,"{'model_id': 'model_mnist_784_noniid', 'round': 0, 'ticket_id': 9, 'owner': 'acct_10'}",mock
0x0e007abfd5119469a4cab03420246b3b8a358fe04a7889d04fe4ac668bc6b42c,93000,1,UpdatePublished,"{'model_id': 'model_mnist_784_noniid', 'round': 0, 'ticket_id': 9, 'cid': 'sha256:1fac80f88b2f380f92ce857d415c1959839eba5b143df33d8e2a102eaf5c5f9e'}",mock
0x8b41839477b9bb48b528948635d9332b5b37d3c1b1defda1b4871d6b99d8aec7,86000,1,TicketReserved,"{'model_id': 'model_mnist_784_noniid', 'round': 0, 'ticket_id': 10, 'owner': 'acct_11'}",mock
0x12b971bd2c3350a5b7e71957ef018d216553c6b957017fc64792ab7a181c0343,93000,1,UpdatePublished,"{'model_id': 'model_mnist_784_noniid', 'round': 0, 'ticket_id': 10, 'cid': 'sha256:076c75b37e2a97945480e11a11fe23c0023451f9dedc41864429373b4a7fa227'}",mock
0x263032c059baad95f3cca5e98dfe8698f1aa2c5c8397bb6c0e37ba4c57878d0b,86000,1,TicketReserved,"{'model_id': 'model_mnist_784_noniid', 'round': 0, 'ticket_id': 11, 'owner': 'acct_13'}",mock
0x6760fb6effcff53e834cf835987c157a74ae11c32ff0732826402f4bd30394e3,93000,1,UpdatePublished,"{'model_id': 'model_mnist_784_noniid', 'round': 0, 'ticket_id': 11, 'cid': 'sha256:4f986f9fa251ad33e898303a84063959c032c17cd49c0c706417f515ac852a1f'}",mock
0x88e247ca4f30fa5c5b7d403f45fff1fea4c21445b2e74e73e6d325d5405ea03e,86000,1,TicketReserved,"{'model_id': 'model_mnist_784_noniid', 'round': 0, 'ticket_id': 12, 'owner': 'acct_14'}",mock
0x159471fdb4582b35e4a783f0a3ece9e058e08fd2afe7489543d5fc31eff0d0a2,93000,1,UpdatePublished,"{'model_id': 'model_mnist_784_noniid', 'round': 0, 'ticket_id': 12, 'cid': 'sha256:ffd3b56b47a3eb34079aa9a82afe83de7a5369e49748f19bd58f994ecb1fb00e'}",mock
0xfa47874809c1f7d895a60aa37e9d69c1890e1e87c8c8c4dcd18474ad9ea81755,86000,1,TicketReserved,"{'model_id': 'model_mnist_784_noniid', 'round': 0, 'ticket_id': 13, 'owner': 'acct_15'}",mock
0xfafb16ec736a896ddf8cb8e65024c9c6855ee6f41315be53d1e6ea49dfb7e2fc,93000,1,UpdatePublished,"{'model_id': 'model_mnist_784_noniid', 'round': 0, 'ticket_id': 13, 'cid': 'sha256:ff37e9d0663b6a17951634cc4bff065a328ee8ef78bb743e52ff4079a5e3a35c'}",mock
0x4eeff9ba741faa0d59c1d9c0fe59ac9fef7c155e4489b7b4348a79d3f580dcdd,86000,1,TicketReserved,"{'model_id': 'model_mnist_784_noniid', 'round': 0, 'ticket_id': 14, 'owner': 'acct_16'}",mock
0x36bf8c2c77ab6d084b3201e03cdc5bb91b792bed063f7b57e6703b3fa804ae3b,93000,1,UpdatePublished,"{'model_id': 'model_mnist_784_noniid', 'round': 0, 'ticket_id': 14, 'cid': 'sha256:66e71f57cb84970b4637a426be0837fbe68f2c846c4ba9ae208b25e898777a9a'}",mock
0x5d11e708811a1b8bea77e6c591a3f9a35d1bd53db37901e6a2857c0574eae4d2,86000,1,TicketReserved,"{'model_id': 'model_mnist_784_noniid', 'round': 0, 'ticket_id': 15, 'owner': 'acct_17'}",mock
0x7342bd1a383843fbe0be99e475ceea8ebb6c294c2cc8ea1791f5b9573e16c8b3,93000,1,UpdatePublished,"{'model_id': 'model_mnist_784_noniid', 'round': 0, 'ticket_id': 15, 'cid': 'sha256:19841a86532977e4c0d3f777017be9ca9bab295a9b89b7072b0e10c2f3f28acf'}",mock
0x791ce4be6e91e5b9804bed29667fb04e521352dd06ceed2e767e080cdae99431,86000,1,TicketReserved,"{'model_id': 'model_mnist_784_noniid', 'round': 0, 'ticket_id': 16, 'owner': 'acct_18'}",mock
0xc88c0b1595ed1e29b368a6a9a01ba6e9828ce91bb59d4ffda5b663622308f3d2,93000,1,UpdatePublished,"{'model_id': 'model_mnist_784_noniid', 'round': 0, 'ticket_id': 16, 'cid': 'sha256:90e435342909341705ed14f8a817445c34cddb65f74457d534eed7f7bc4484cd'}",mock
0x0925b49df2976498ebda021d240e545880bb9c350cf22da424b8203ecba7ea29,86000,1,TicketReserved,"{'model_id': 'model_mnist_784_noniid', 'round': 0, 'ticket_id': 17, 'owner': 'acct_19'}",mock
0xa8473baaaf0ae7f15247cea3a3b7c243f3091d20d592a0a097b21677b17323d4,93000,1,UpdatePublished,"{'model_id': 'model_mnist_784_noniid', 'round': 0, 'ticket_id': 17, 'cid': 'sha256:8c928d5db04f420d0e2c706ce0eb54d0df117293a849815ae3dd65a393ee62c1'}",mock
0x3889fbb5630cdd1b3480ba31810236aa7dda63bff90e6693848b362b705261b4,86000,1,TicketReserved,"{'model_id': 'model_mnist_784_noniid', 'round': 0, 'ticket_id': 18, 'owner': 'acct_20'}",mock
0x4695a260a62d411dfecb8afc5471de545cfa5c77eb7a7667fb882a87aa005280,93000,1,UpdatePublished,"{'model_id': 'model_mnist_784_noniid', 'round': 0, 'ticket_id': 18, 'cid': 'sha256:2e3c0fbb13d51a5e550a86125904e9ef1ca7f9d0c4356adc8af296edea201655'}",mock
0x22064089c3c08526c56c3a02d007bf4090f0a5b5a303c67b98d077a1033d4fbb,86000,1,TicketReserved,"{'model_id': 'model_mnist_784_noniid', 'round': 0, 'ticket_id': 19, 'owner': 'acct_21'}",mock
0x1ce7b6546bc99ed61d18f93eb40b9de64697f39f88cf8b280cb4f525f75a7247,93000,1,UpdatePublished,"{'model_id': 'model_mnist_784_noniid', 'round': 0, 'ticket_id': 19, 'cid': 'sha256:37713e590b5e63661c78fc4ee9cd68c936f765652aecc6b2d74679eee1de6306'}",mock
0xab6d5d0be938af21af754ac6b21ab492b4dc211dd529e28692de6523460093b9,86000,1,TicketReserved,"{'model_id': 'model_mnist_784_noniid', 'round': 0, 'ticket_id': 20, 'owner': 'acct_22'}",mock
0x4cb8662bbd5c6f302861532111a7441e03bd23767ec66b5d4c0a827c1d2c6f5e,93000,1,UpdatePublished,"{'model_id': 'model_mnist_784_noniid', 'round': 0, 'ticket_id': 20, 'cid': 'sha256:7fe9fc309574aaa26346194c65c3dcebd0e88247d6e223a2d870afccb7abddcf'}",mock
0x14eeb39155fc9353d5e0869eabe1e34b56821c045f731900bfac6db6acc94cfc,86000,1,TicketReserved,"{'model_id': 'model_mnist_784_noniid', 'round': 0, 'ticket_id': 21, 'owner': 'acct_23'}",mock
0x3d9f5ad8bad29f466f5959ae4def2c278b64da290c86f6a32248083e35958027,93000,1,UpdatePublished,"{'model_id': 'model_mnist_784_noniid', 'round': 0, 'ticket_id': 21, 'cid': 'sha256:2a442c97d2f3ce0e4434765991bc0d19846713cb567ebf128ffe948127544f2b'}",mock
0x9e8e7886fb2056fc5a96f06c3bf435d7a5c6f4ac97b0fc0d83ba25771c418905,86000,1,TicketReserved,"{'model_id': 'model_mnist_784_noniid', 'round': 0, 'ticket_id': 22, 'owner': 'acct_24'}",mock
0x29ef466ce0da9d0c15f39dd78c14e0fb987d30b48527bfc8981610b22df3d6ba,93000,1,UpdatePublished,"{'model_id': 'model_mnist_784_noniid', 'round': 0, 'ticket_id': 22, 'cid': 'sha256:98c2142a310438171750074d956a195582a3cb3b5bfbfacd1769dea0c7778c91'}",mock
0x0fa904d21d337218a82b42957ed4da9428e8dbbb3fb2a5d199296ba118062aea,86000,1,TicketReserved,"{'model_id': 'model_mnist_784_noniid', 'round': 0, 'ticket_id': 23, 'owner': 'acct_25'}",mock
0xd3ca60e561c8f52a6f08d8e21474f194dc1a62d139233bc8a1c713fc68e6495a,93000,1,UpdatePublished,"{'model_id': 'model_mnist_784_noniid', 'round': 0, 'ticket_id': 23, 'cid': 'sha256:c06b9ee14915df41de1c5c6c8e98adc24fe17d8d84e09950f924318026d3f229'}",mock
0xc2ca396e0fcf1067d05875f1b2518339f6ad4c671df0463234bedae424b9e95c,86000,1,TicketReserved,"{'model_id': 'model_mnist_784_noniid', 'round': 0, 'ticket_id': 24, 'owner': 'acct_26'}",mock
0x9ecaa1b9e89f71fb5367ae4a415e6d22f0cc88e92a608126d13ad395eb03d30a,93000,1,UpdatePublished,"{'model_id': 'model_mnist_784_noniid', 'round': 0, 'ticket_id': 24, 'cid': 'sha256:4160531767e8d9c312ad08d0f8c23c0ff6b44ea12c9f5b4c5331450b31b2139e'}",mock
0x014c030554679f2dc0a02caebe942e996d3c8aa2fe93d396c6ed5e970cef0f67,86000,1,TicketReserved,"{'model_id': 'model_mnist_784_noniid', 'round': 0, 'ticket_id': 25, 'owner': 'acct_27'}",mock
0x254838118905bedb236619b39aa049e331af9a9b0ccc6a9693b36a4aa96bc1b3,93000,1,UpdatePublished,"{'model_id': 'model_mnist_784_noniid', 'round': 0, 'ticket_id': 25, 'cid': 'sha256:5c574ec4488b48e506994fc2e6b4b43d9e99f79ff4533c0018f0a203c1cd01ff'}",mock
0x119f3a17e4396ad29a5b7699cdfa6b99db7bb327ccc5c7aa7e09e79c4348a688,86000,1,TicketReserved,"{'model_id': 'model_mnist_784_noniid', 'round': 0, 'ticket_id': 26, 'owner': 'acct_28'}",mock
0x841fa2f2fae26504c0955410096bcc76e242881af6c845cffa09bd0a6aaebb4c,93000,1,UpdatePublished,"{'model_id': 'model_mnist_784_noniid', 'round': 0, 'ticket_id': 26, 'cid': 'sha256:6edb9ac650ea8d5b0e4f24dadd7edbc89a0287eddca3faceb625509a2c219b81'}",mock
0xe2dde6ffe6c8fcf820c5eaa9494bda71f81ee5bacb93b7da3bfe94ed98449266,86000,1,TicketReserved,"{'model_id': 'model_mnist_784_noniid', 'round': 0, 'ticket_id': 27, 'owner': 'acct_29'}",mock
0x7cbc12d2d812407c87334bb206442152be36b3016c2554f93254af18eec61921,93000,1,UpdatePublished,"{'model_id': 'model_mnist_784_noniid', 'round': 0, 'ticket_id': 27, 'cid': 'sha256:79e31f32647c3116344feb1be7ac64a167ef52181399cf22e6109ee25796003d'}",mock
0x1291bed21543215c13a8eb96660820aff0779f7e7b1dc5f767a806de434ca518,86000,1,TicketReserved,"{'model_id': 'model_mnist_784_noniid', 'round': 0, 'ticket_id': 28, 'owner': 'acct_30'}",mock
0x8d41a1168f393006b75586bfc343b39b63362727eb4c3550cb94ce2bba13a718,93000,1,UpdatePublished,"{'model_id': 'model_mnist_784_noniid', 'round': 0, 'ticket_id': 28, 'cid': 'sha256:dd6b860d5beb6e564ba8af8dce9e24da647808f5df72d30c9b4c779ea51e5d6b'}",mock
0x8242611db92a07f9d5ec680ceda9a9a288e042f0723a46749f4ec7faac89eb20,86000,1,TicketReserved,"{'model_id': 'model_mnist_784_noniid', 'round': 0, 'ticket_id': 29, 'owner': 'acct_31'}",mock
0xaaecc5e4eba9874b16a759840044fa58089683f3dd0f5b9f5c94c5297b368fa3,93000,1,UpdatePublished,"{'model_id': 'model_mnist_784_noniid', 'round': 0, 'ticket_id': 29, 'cid': 'sha256:0168d88037c528dbcbbb1daf0b6f8eccfba6111f65ec2f9e8e6d2103f0aa925d'}",mock
0x096e9f601768714b49eab95ff8e56b328f70471e7a44ea5aa9188f295ab3f073,86000,1,TicketReserved,"{'model_id': 'model_mnist_784_noniid', 'round': 0, 'ticket_id': 30, 'owner': 'acct_32'}",mock
0x7a0761bdefd39bc9ee751588ddf8a0409b92c9c18adfb41abc354e66ac6f02be,93000,1,UpdatePublished,"{'model_id': 'model_mnist_784_noniid', 'round': 0, 'ticket_id': 30, 'cid': 'sha256:570fd38f4a4ca7a9d4361618bd4a71a1619f0062a3e8ae9e2c2e256e5df525a0'}",mock
0x311d513b68726207c4debc37a4add1abf93ce912782101845e16dfbf503811ad,86000,1,TicketReserved,"{'model_id': 'model_mnist_784_noniid', 'round': 0, 'ticket_id': 31, 'owner': 'acct_33'}",mock
0x4e2aa3f64f6944f36b78ddca2d0e1c84bbc295cb544bd4859802a660ae70e763,93000,1,UpdatePublished,"{'model_id': 'model_mnist_784_noniid', 'round': 0, 'ticket_id': 31, 'cid': 'sha256:8beba18d9914f3e3435158fb25c7004a1e775c00584548bfc5246deda4519a15'}",mock
0xa6f3be84ef6a79af8b141d385977772e3c9eae7e0986bc3c58990f92943b19b8,86000,1,TicketReserved,"{'model_id': 'model_mnist_784_noniid', 'round': 0, 'ticket_id': 32, 'owner': 'acct_34'}",mock
0xfb5d454d8dfef0417aebc0c3ad3e6776632d183409770186f0e370458b35a992,93000,1,UpdatePublished,"{'model_id': 'model_mnist_784_noniid', 'round': 0, 'ticket_id': 32, 'cid': 'sha256:8f36185cedf5c37160764d5eed95a918740f1b419fcd3e68d641eb54a3ea809f'}",mock
0x1dc1a42cd0a0513c797e3bb6cec9f82463aa2221bdbdcfda3ce989ec2375ce1d,86000,1,TicketReserved,"{'model_id': 'model_mnist_784_noniid', 'round': 0, 'ticket_id': 33, 'owner': 'acct_35'}",mock
0x8d925db4024e0a48cb311db27200dd94a68703c18928118e7286735267cf9aec,93000,1,UpdatePublished,"{'model_id': 'model_mnist_784_noniid', 'round': 0, 'ticket_id': 33, 'cid': 'sha256:65dd6e82714990c92c0305003ef6d306939497c8cb3c2b6b5549590df614d5bc'}",mock
0x2a51b64f8aa266a09d42bb6fadf308b4014e6eb0cedc9c07bc06f4f278fdb700,86000,1,TicketReserved,"{'model_id': 'model_mnist_784_noniid', 'round': 0, 'ticket_id': 34, 'owner': 'acct_37'}",mock
0xec2f88c3c0595c951942c7fb911b93bc7bd7966e8f4059e9137263cdceff062b,93000,1,UpdatePublished,"{'model_id': 'model_mnist_784_noniid', 'round': 0, 'ticket_id': 34, 'cid': 'sha256:1e6b2a8fef07bac26ac73b946c4223569ef5bf4c19861a318898040e797e756c'}",mock
0xd8d1f9419123d80b0dbff71ba3e05806cd58e0b9f5e72ed1efc8833615c90405,86000,1,TicketReserved,"{'model_id': 'model_mnist_784_noniid', 'round': 0, 'ticket_id': 35, 'owner': 'acct_38'}",mock
0x079630d95c1a97e6113c58c95a4ffff8c3a10899c35f4cb9ac41965ceccba8f1,93000,1,UpdatePublished,"{'model_id': 'model_mnist_784_noniid', 'round': 0, 'ticket_id': 35, 'cid': 'sha256:72c891f3399bdf13e7a970b157368decfe61e6895be491cb8aaa17c3c81144b6'}",mock
0xf26b792d694d67724a23bb0b6869a5e8a20816f8fa6dc5b1c11a578712764638,86000,1,TicketReserved,"{'model_id': 'model_mnist_784_noniid', 'round': 0, 'ticket_id': 36, 'owner': 'acct_39'}",mock
0x5c1543a28311f552f0b3a0f712dc2f1b9723ca24b1dcfdeded216f26fa00beb3,93000,1,UpdatePublished,"{'model_id': 'model_mnist_784_noniid', 'round': 0, 'ticket_id': 36, 'cid': 'sha256:f7bc299a52146080a231672150109150a21004d7d44db9ed68630e146c546c86'}",mock
0x8028541ae1389793b26f1c38e225fdb3742e2e8daa334da5d308d4ceb5b5d20c,86000,1,TicketReserved,"{'model_id': 'model_mnist_784_noniid', 'round': 0, 'ticket_id': 37, 'owner': 'acct_41'}",mock
0xb92791e5a563eb084ba8d4852223dc78e4d34da53ba914913b06d8e2c9794b3c,93000,1,UpdatePublished,"{'model_id': 'model_mnist_784_noniid', 'round': 0, 'ticket_id': 37, 'cid': 'sha256:c0b18aca500320f79c77f1fd52df38972b0a8f404271dc1f506b3a14caa2aed4'}",mock
0x9eacd0b9a4982904a2811ec8c4ea373030f75529a4e99f8d49374de98f0e3a23,86000,1,TicketReserved,"{'model_id': 'model_mnist_784_noniid', 'round': 0, 'ticket_id': 38, 'owner': 'acct_42'}",mock
0xa918ff4472e0ee48c1686f5b3f7f80220cc310bd65a7c22abafd458fdfe5d28c,93000,1,UpdatePublished,"{'model_id': 'model_mnist_784_noniid', 'round': 0, 'ticket_id': 38, 'cid': 'sha256:096630ce6b5a35fe4ec43c201d6b55ad7f4e43bf60f04f4afcdf3a25d02149c7'}",mock
0x568a532ab7b2bea5eea51b46d2af86c6b532f076643fb656707cfcf98caf11f6,86000,1,TicketReserved,"{'model_id': 'model_mnist_784_noniid', 'round': 0, 'ticket_id': 39, 'owner': 'acct_43'}",mock
0x562b5584b613e7b3f73d22723dbba1a28134a4f48c9f58358e1d097d8dbe9a9e,93000,1,UpdatePublished,"{'model_id': 'model_mnist_784_noniid', 'round': 0, 'ticket_id': 39, 'cid': 'sha256:6ce0e982773cdf177a2b135db397852661abca46dbce997270568325d012d41b'}",mock
0x11769b1adbe67b2e7f1312024090d471f165b8c8a3f2dabaaf1f75a6c63521ba,86000,1,TicketReserved,"{'model_id': 'model_mnist_784_noniid', 'round': 0, 'ticket_id': 40, 'owner': 'acct_44'}",mock
0xc43384abe2fd3d7973a938ee7ff87465228ccfb15edbc3c48a83e6a729680c39,93000,1,UpdatePublished,"{'model_id': 'model_mnist_784_noniid', 'round': 0, 'ticket_id': 40, 'cid': 'sha256:fe99563b606a526d499c8ec38821905f066c9b5171bcd76ac301da569ab72bca'}",mock
0xa7f1945b90d0c82715188cce8957f863e6257676c8facb2bf795ca3db5e804b4,86000,1,TicketReserved,"{'model_id': 'model_mnist_784_noniid', 'round': 0, 'ticket_id': 41, 'owner': 'acct_45'}",mock
0xbb3976429105fad38d417d006d0c7d66bc6be05bca70bfc616744a14d5ae04b4,93000,1,UpdatePublished,"{'model_id': 'model_mnist_784_noniid', 'round': 0, 'ticket_id': 41, 'cid': 'sha256:313c8a8f8f0710b630cfe0d51328280a9467369fdf4514f75aab3276640ccd76'}",mock
0xba0eb834f995eb3a84dae42f99899a6f0d6d0c755bf03c59f2a1dc56521ed665,86000,1,TicketReserved,"{'model_id': 'model_mnist_784_noniid', 'round': 0, 'ticket_id': 42, 'owner': 'acct_46'}",mock
0x99136774ceceb89608eb13b5d0d59087e14d1c57030f85b085e44b2c7a3eafb7,93000,1,UpdatePublished,"{'model_id': 'model_mnist_784_noniid', 'round': 0, 'ticket_id': 42, 'cid': 'sha256:d55be733ec08767956b38569a2a1d868773b6ede194e19629b0913bfa4fc3bb7'}",mock
0x77131ee537b028419d874741beb0a772ab1a14adf685f0118907ad2c847f1e12,86000,1,TicketReserved,"{'model_id': 'model_mnist_784_noniid', 'round': 0, 'ticket_id': 43, 'owner': 'acct_47'}",mock
0x04e0331e1761a7185f710bc8b0b8c3180cb077a3a508b92cfa142b4395c23265,93000,1,UpdatePublished,"{'model_id': 'model_mnist_784_noniid', 'round': 0, 'ticket_id': 43, 'cid': 'sha256:31064b93370281aece3a8e9b1ae53a31cd0e1044baf7a73e6279fbc2422bb2fc'}",mock
0x76b937200bb5f858260aae5c7ad879d070a30b62085a34e287a0bd50fc50aebf,86000,1,TicketReserved,"{'model_id': 'model_mnist_784_noniid', 'round': 0, 'ticket_id': 44, 'owner': 'acct_48'}",mock
0xa6e838716d54ee5152e952468cbc63912015d94d5e3b041a8008eb7331a4acc0,93000,1,UpdatePublished,"{'model_id': 'model_mnist_784_noniid', 'round': 0, 'ticket_id': 44, 'cid': 'sha256:2240b7a7a4a6f787f0f2bfe21332c134bb1599d99c39c9ee41a90c471ec8b094'}",mock
0xc5b9a0716bfb0c929ce4a6b1f17dc9bd9234b4914dc00d441e90b4a29b809ed7,86000,1,TicketReserved,"{'model_id': 'model_mnist_784_noniid', 'round': 0, 'ticket_id': 45, 'owner': 'acct_50'}",mock
0x2e074feae4127ca692f7503bf6b57523c0b6bcc7ef4bf76aa5ac1d9fb3b41108,93000,1,UpdatePublished,"{'model_id': 'model_mnist_784_noniid', 'round': 0, 'ticket_id': 45, 'cid': 'sha256:178a1b4394547c3ac1eb83d789067f995625ecef7521bd2fb574a24a2ecdf498'}",mock
0x6e2e627ee039f97c217d325a4c7174e69d919e71afa31148d4e686a1f985254c,1025000,1,RoundFinalized,"{'model_id': 'model_mnist_784_noniid', 'round': 0, 'included': 45, 'refunds': 45}",mock
0x0e57f9ba89c1804d37a0114be8d9627e42ee601601e67d2a2325ddf51732cfaf,52000,1,RoundFunded,"{'model_id': 'model_mnist_784_noniid', 'amount_wei': 10000000000000000}",mock
0xddda65114c18ad2076c9b001387f165ad9c5029e5086a1a8803d102d49c2fb7e,86000,1,TicketReserved,"{'model_id': 'model_mnist_784_noniid', 'round': 1, 'ticket_id': 46, 'owner': 'acct_1'}",mock
0x9477379b40bae69e17fa00e69a455d9cfccf1ea9ed73407abfb94e227d7b4411,93000,1,UpdatePublished,"{'model_id': 'model_mnist_784_noniid', 'round': 1, 'ticket_id': 46, 'cid': 'sha256:ce4121998f25f3968be50ab72161a74111a9d2c931dafee7677c4bc76c490a80'}",mock
0x27ec17eb4be0b7262347473b17927f3b3f096680a27aa0233a25fafbb07228c5,86000,1,TicketReserved,"{'model_id': 'model_mnist_784_noniid', 'round': 1, 'ticket_id': 47, 'owner': 'acct_2'}",mock
0xa1664f5c8add84f042dd83c0149882f813c5826afca9a36e1823aa5b137ab354,93000,1,UpdatePublished,"{'model_id': 'model_mnist_784_noniid', 'round': 1, 'ticket_id': 47, 'cid': 'sha256:fc849918ba728b379d05c774f3885890bdc0812129d2694324da17058557163e'}",mock
0x82ca3f8b623d973ac4ffbac6caa25a0ecf36469e883d67088c38b6446a8ad598,86000,1,TicketReserved,"{'model_id': 'model_mnist_784_noniid', 'round': 1, 'ticket_id': 48, 'owner': 'acct_3'}",mock
0x159dc9eb8981d952540d041687d99e0f186fdbfe21bca7eecc959c7d72a79996,93000,1,UpdatePublished,"{'model_id': 'model_mnist_784_noniid', 'round': 1, 'ticket_id': 48, 'cid': 'sha256:f704b10d54d6abde12968220a664754b475e02749bd344f348a069596a8b0c3e'}",mock
0xbf511f9a1873051142a418b58d89f73865a5e7b93028031e0688ff71d6fef31f,86000,1,TicketReserved,"{'model_id': 'model_mnist_784_noniid', 'round': 1, 'ticket_id': 49, 'owner': 'acct_4'}",mock
0x4927d691630b872d60923cd6d0928fd8625acfdfeb90bdd918d4b042e96033d6,93000,1,UpdatePublished,"{'model_id': 'model_mnist_784_noniid', 'round': 1, 'ticket_id': 49, 'cid': 'sha256:b9146dcf0d2eeebeefeea44e371996c05d8a1b22121adec8195e0f881624e171'}",mock
0x34ff534e06de1efde89bfdb7c637310f5180040744b318efb49d1b77e56c7e78,86000,1,TicketReserved,"{'model_id': 'model_mnist_784_noniid', 'round': 1, 'ticket_id': 50, 'owner': 'acct_5'}",mock
0xa0d99579fa7adb3fb222bbf33f05ea2cfbc4c62eb79d2fc0a45ba5341bd9db1a,93000,1,UpdatePublished,"{'model_id': 'model_mnist_784_noniid', 'round': 1, 'ticket_id': 50, 'cid': 'sha256:cb6a527ac572048b2420b713aa5639269c861900dae3805dbd89257c75bb663d'}",mock
0x5b3be3b0223ad76c779d0f716b3724eae7ff17b899fabe354ad33f2d7ad57034,86000,1,TicketReserved,"{'model_id': 'model_mnist_784_noniid', 'round': 1, 'ticket_id': 51, 'owner': 'acct_6'}",mock
0x75f1c7f2922bbf81c6ce20823e944dc49d8703fe4190ce206be500fe1f77e16f,93000,1,UpdatePublished,"{'model_id': 'model_mnist_784_noniid', 'round': 1, 'ticket_id': 51, 'cid': 'sha256:04f52d3750d5e45db39c284b8b9176bbaca9ce5f004d01227dc970a80eac96ac'}",mock
0x857dcc452954f90cf74f04ffa1578dfb0a8ce276178bda22adefd0e2d532a8b2,86000,1,TicketReserved,"{'model_id': 'model_mnist_784_noniid', 'round': 1, 'ticket_id': 52, 'owner': 'acct_7'}",mock
0x052ffdda265668ba0c5e61334fe35cf11d41abcec0dec505c33045da1789b501,93000,1,UpdatePublished,"{'model_id': 'model_mnist_784_noniid', 'round': 1, 'ticket_id': 52, 'cid': 'sha256:0c80f2f8a92395707028ab65858963c47d5764260e674d280242633a5be69080'}",mock
0xc69f33961216ad053581dc5a3439d3f870f3af3e2e410511ad3747b6b1a655cc,86000,1,TicketReserved,"{'model_id': 'model_mnist_784_noniid', 'round': 1, 'ticket_id': 53, 'owner': 'acct_8'}",mock
0xfbde8edbedb832a1400fffd665478fc5d043fdaf0c3fb9471d629cb051beee98,93000,1,UpdatePublished,"{'model_id': 'model_mnist_784_noniid', 'round': 1, 'ticket_id': 53, 'cid': 'sha256:f2a1dc7d31d7fff163de5cc5b78e60d0948316a5b6fa7f8ba854a8231e6b45af'}",mock
0xc404056498c676ec6ad1a21a2befd1324a677649e57e0b4dda749377e10a8070,86000,1,TicketReserved,"{'model_id': 'model_mnist_784_noniid', 'round': 1, 'ticket_id': 54, 'owner': 'acct_9'}",mock
0x7d4795b2da8c3c378b6c76aeb59cd95a5234194a7453c5b927756ad5b6dc50cf,93000,1,UpdatePublished,"{'model_id': 'model_mnist_784_noniid', 'round': 1, 'ticket_id': 54, 'cid': 'sha256:761e4f7c4d6a422607f93f0c4fb53719d253ebf298cf7e34f0a5e26300d8cbef'}",mock
0x5cde28c440025e36a604debc8ade96f0fb3b0019b881136ba3e108ec7a59fe18,86000,1,TicketReserved,"{'model_id': 'model_mnist_784_noniid', 'round': 1, 'ticket_id': 55, 'owner': 'acct_11'}",mock
0x60caee293591de9d416fa73e24fd4c4be70430d2f414699d0e8369fce5da0acd,93000,1,UpdatePublished,"{'model_id': 'model_mnist_784_noniid', 'round': 1, 'ticket_id': 55, 'cid': 'sha256:e761ac2e9029e877805e2a456d53ee69d3de8dcc4a232bc2c7b3d46051a35847'}",mock
0x9cad1def8e18b009eb1ea90daa5153b169bd8ff94d550a308776b06856195eb4,86000,1,TicketReserved,"{'model_id': 'model_mnist_784_noniid', 'round': 1, 'ticket_id': 56, 'owner': 'acct_13'}",mock
0x38dc60edf4172e52b908e71faee2f359ed902b2eccf9d24f8469ee989ff15608,93000,1,UpdatePublished,"{'model_id': 'model_mnist_784_noniid', 'round': 1, 'ticket_id': 56, 'cid': 'sha256:ff80201a9b57eedf0b2f0ddca614ea36ef701a89dd4bee3ca5afecdf384154a8'}",mock
0xb4a8a62c30fea1d8c98d2920b5e137eab3202dae8110904c240451dae4f501a6,86000,1,TicketReserved,"{'model_id': 'model_mnist_784_noniid', 'round': 1, 'ticket_id': 57, 'owner': 'acct_15'}",mock
0x59d43099b08a521f9b67abad01bf07f9c98bcdb1eed7375d950a80a38c48209c,93000,1,UpdatePublished,"{'model_id': 'model_mnist_784_noniid', 'round': 1, 'ticket_id': 57, 'cid': 'sha256:7ece93632e1db9bc1576892bdaf504ae1a2f0162397177d5a2e2baca1fadcdb9'}",mock
0x0e6dade3fadaabfdfb3ba3d63e482a7bca4507256112641994decc980ce84b98,86000,1,TicketReserved,"{'model_id': 'model_mnist_784_noniid', 'round': 1, 'ticket_id': 58, 'owner': 'acct_16'}",mock
0xe3e78ad3d15dedae73ae2e3bb3395246a67bff7b640331e315b756529779d6e0,93000,1,UpdatePublished,"{'model_id': 'model_mnist_784_noniid', 'round': 1, 'ticket_id': 58, 'cid': 'sha256:c38a7abba24f7801027acf5ee69994983bdae1e4b8c38801f00fa7c4b7987935'}",mock
0xfbefdee8e4db6924f157f08e3191a0563b1a76d8ce24f755a9a740396d3be425,86000,1,TicketReserved,"{'model_id': 'model_mnist_784_noniid', 'round': 1, 'ticket_id': 59, 'owner': 'acct_17'}",mock
0xb60182d64fa355ccef911648576ae11ca97b8d1f429382baf5a9b57671e8fb87,93000,1,UpdatePublished,"{'model_id': 'model_mnist_784_noniid', 'round': 1, 'ticket_id': 59, 'cid': 'sha256:4589273af27e6f35125d62651f0bdc1b1ed288a4df17582be2da23e9cfd00509'}",mock
0xe040980cea8481ee4c100b87a9dbae0f0a4704ef292be84cc8d664ad17b205ca,86000,1,TicketReserved,"{'model_id': 'model_mnist_784_noniid', 'round': 1, 'ticket_id': 60, 'owner': 'acct_20'}",mock
0xe567b513a87102ae59fc40d8106171452d7855c21b0d7401b8b9bc30ef18e12a,93000,1,UpdatePublished,"{'model_id': 'model_mnist_784_noniid', 'round': 1, 'ticket_id': 60, 'cid': 'sha256:51fe33bab8c7c40cd7ff79e2fec0406f1d25bee032aeeaa9fb48b4c3255318c5'}",mock
0x33aa47b8609ceadefadee35c1c34ae37526c49461f1bbd1c70ddd7d400a17a61,86000,1,TicketReserved,"{'model_id': 'model_mnist_784_noniid', 'round': 1, 'ticket_id': 61, 'owner': 'acct_21'}",mock
0xd03992b779e2fa03f453f8b08d87dfa010ecabd0ddaff13b0caccbc3875118d5,93000,1,UpdatePublished,"{'model_id': 'model_mnist_784_noniid', 'round': 1, 'ticket_id': 61, 'cid': 'sha256:e59e30c6738f71e204164f7279148816e6066e106caf80fc7549b5a8703f9518'}",mock
0xaab85f7a6419eac648f836548f847c23377ae42a625460866f2917ad70e435a5,86000,1,TicketReserved,"{'model_id': 'model_mnist_784_noniid', 'round': 1, 'ticket_id': 62, 'owner': 'acct_22'}",mock
0x22738c4cd1ee1d81d56b8b36461313578ef970f5b44472a22fc228db87475fbc,93000,1,UpdatePublished,"{'model_id': 'model_mnist_784_noniid', 'round': 1, 'ticket_id': 62, 'cid': 'sha256:ea7a807de57573e3595c124ca8d05e44f1e767df3160a21d3666e0f3169727c9'}",mock
0xbb7ae79de19181cef78df30bc82836c4cf9801c18e35c2cc4aaf8d178f5830b3,86000,1,TicketReserved,"{'model_id': 'model_mnist_784_noniid', 'round': 1, 'ticket_id': 63, 'owner': 'acct_23'}",mock
0x3c917b825ab5bb70644770e3755c0a82892cfa58f8389dbac9f373aa2d83dec7,93000,1,UpdatePublished,"{'model_id': 'model_mnist_784_noniid', 'round': 1, 'ticket_id': 63, 'cid': 'sha256:526c6beeab38a41034aaa4ccd6bead62f33f12c6e797f74fdb7f884acc78bab7'}",mock
0xf1925525e4b0b50e7fa96343ab69a48a779f33a63eb4536e68142d67243a0926,86000,1,TicketReserved,"{'model_id': 'model_mnist_784_noniid', 'round': 1, 'ticket_id': 64, 'owner': 'acct_24'}",mock
0x4c7be10eb84231d463dd57841efdeb2e36c7fea4cd70901eb0dc7c92a2e551e1,93000,1,UpdatePublished,"{'model_id': 'model_mnist_784_noniid', 'round': 1, 'ticket_id': 64, 'cid': 'sha256:fb2ac19ae1ac82c6ad7074f334e91d549bd38eceecfcdec8566729fc3bc9e7f1'}",mock
0xd31b4cc30a1e2362e5e502a4dac054445e93d125238309c246d3fc422f79b379,86000,1,TicketReserved,"{'model_id': 'model_mnist_784_noniid', 'round': 1, 'ticket_id': 65, 'owner': 'acct_25'}",mock
0x334c765914e4874bd850583b10e976af449822c42d483f252575e27024c1318c,93000,1,UpdatePublished,"{'model_id': 'model_mnist_784_noniid', 'round': 1, 'ticket_id': 65, 'cid': 'sha256:d1b0f1b90498083e564cb9e11e2fbb9cd2e23d120f522d242a91dd1464d79ceb'}",mock
0x2253fada5b6bcc3b9a3d5d25d548df4a019ae16187d0938071cfcbbc92e458bb,86000,1,TicketReserved,"{'model_id': 'model_mnist_784_noniid', 'round': 1, 'ticket_id': 66, 'owner': 'acct_26'}",mock
0xd68fa259d46bc1baccd62debebfcffb892502c07ddd0bbe527bc00198a137ae4,93000,1,UpdatePublished,"{'model_id': 'model_mnist_784_noniid', 'round': 1, 'ticket_id': 66, 'cid': 'sha256:d4b94fe1796da26aa0927041f58a750fce0c59cb5f35bbb11c9db3f420e0cef8'}",mock
0xe2af83c01024677f95fa3b216f5595ed49d5ed098cbd8fb2451d7df20aa89599,86000,1,TicketReserved,"{'model_id': 'model_mnist_784_noniid', 'round': 1, 'ticket_id': 67, 'owner': 'acct_27'}",mock
0xde48773ed349c5d9a94049be4ef1ea119ca6db6c61b2b26f61d72e4aa7f396ea,93000,1,UpdatePublished,"{'model_id': 'model_mnist_784_noniid', 'round': 1, 'ticket_id': 67, 'cid': 'sha256:a3b046a73365a04eee1437bdbba2d2b859250c96213d4adc3ca2a566069353d2'}",mock
0xb7606971cc09e72a1bc9a0f993ebe87fb483904c448b70dfd200f1741de0a788,86000,1,TicketReserved,"{'model_id': 'model_mnist_784_noniid', 'round': 1, 'ticket_id': 68, 'owner': 'acct_28'}",mock
0x26545047b4bb90da8867135063b1fe88dd4967e2a783a1e4354c9278e8b33b15,93000,1,UpdatePublished,"{'model_id': 'model_mnist_784_noniid', 'round': 1, 'ticket_id': 68, 'cid': 'sha256:94fbcb00fdbfb53e1f54bb0f013e1bbde8b6656098a6a2e36982149bd1b35df7'}",mock
0x2afa57325bc9128d2ee2bd65bf510656b7fc7001f80a34467c7b3a9232cb4f7d,86000,1,TicketReserved,"{'model_id': 'model_mnist_784_noniid', 'round': 1, 'ticket_id': 69, 'owner': 'acct_29'}",mock
0x13d9aa1929d52cd954ef7e27582a64f761a94a50f390a8d120b61a3854f84771,93000,1,UpdatePublished,"{'model_id': 'model_mnist_784_noniid', 'round': 1, 'ticket_id': 69, 'cid': 'sha256:655217d87c08861a8447895ae6f8511680c6beb5be5c3aacf24f71f95b5a4729'}",mock
0x616d1dc53263170b46a3f2fc7350cf8c2a8831a82194f4b28fd24183da172f91,86000,1,TicketReserved,"{'model_id': 'model_mnist_784_noniid', 'round': 1, 'ticket_id': 70, 'owner': 'acct_30'}",mock
0xe64f2539541146581f754ece2e62ba826f8fe781d487e2afda200da81706534d,93000,1,UpdatePublished,"{'model_id': 'model_mnist_784_noniid', 'round': 1, 'ticket_id': 70, 'cid': 'sha256:f7cd6b33d796dcfd9685b03dbb3b6ed224fa01decad9eebf5ce6fe8d51954930'}",mock
0x8f4a1fa79f03def921c94e8211d4e9099171a83aa26756f095503a83db42bb79,86000,1,TicketReserved,"{'model_id': 'model_mnist_784_noniid', 'round': 1, 'ticket_id': 71, 'owner': 'acct_31'}",mock
0x08bf1750a0071b2d6d2cef09f88884508c205b03c3ab0e3af060aae1ff227302,93000,1,UpdatePublished,"{'model_id': 'model_mnist_784_noniid', 'round': 1, 'ticket_id': 71, 'cid': 'sha256:2fe9060e2991dd3828879316ec415ceb6871ec6e3cf4864412f5b0b8bbe05a4a'}",mock
0xa601a7269ef19201d1416f4b2b6a8feeb5433e76c384f6885600949a7b99461a,86000,1,TicketReserved,"{'model_id': 'model_mnist_784_noniid', 'round': 1, 'ticket_id': 72, 'owner': 'acct_32'}",mock
0x7e3db28bb4e6fb6cf18a28a1bfb740e2f55e72ea44643095972a71d89543ac28,93000,1,UpdatePublished,"{'model_id': 'model_mnist_784_noniid', 'round': 1, 'ticket_id': 72, 'cid': 'sha256:f366cea61f78baa517144e76c72817d8606592a7f066156ffe51c7c79fc6d788'}",mock
0x0c3b624482c14fbbb823b60c5a319e9422924d1e2af8e6ad630f3d9cdd7e7bd8,86000,1,TicketReserved,"{'model_id': 'model_mnist_784_noniid', 'round': 1, 'ticket_id': 73, 'owner': 'acct_33'}",mock
0x60879ab6d5f06a262a238baa6dcb2e70842c0345c01338ee2bec781bd6dbb322,93000,1,UpdatePublished,"{'model_id': 'model_mnist_784_noniid', 'round': 1, 'ticket_id': 73, 'cid': 'sha256:48443ed864df5110de45e2e350db1f0a509044aed1e4f31e41023fb9770dba62'}",mock
0x085ac5b81db434c01edb05c80fa43097b60e4029891a8f3532523414c46d6634,86000,1,TicketReserved,"{'model_id': 'model_mnist_784_noniid', 'round': 1, 'ticket_id': 74, 'owner': 'acct_34'}",mock
0x9376e84c9592982ff4b8530f39836ab23762927edcfff2dbd9fd59d49532ad37,93000,1,UpdatePublished,"{'model_id': 'model_mnist_784_noniid', 'round': 1, 'ticket_id': 74, 'cid': 'sha256:231a8cbe92c93bba3c0c71044f7ce4fb39635d2ea661e13eea1433e0d098fd27'}",mock
0x9df88ab59807c215c6c5ecbc2e196c46dd1c3792fbea0dd4d0c0e4a3f46af77d,86000,1,TicketReserved,"{'model_id': 'model_mnist_784_noniid', 'round': 1, 'ticket_id': 75, 'owner': 'acct_35'}",mock
0x6a79dce14b3635efad3dbf930b60f2f46b6dd9271800dd23579f8cee37d29dbc,93000,1,UpdatePublished,"{'model_id': 'model_mnist_784_noniid', 'round': 1, 'ticket_id': 75, 'cid': 'sha256:be78f033a228d87b9bdc2b793b407829a02a14b70ba24822614139ee1d94b793'}",mock
0x6cd3ff35fe1abfa83f581ed0336a7a21c24e38a05a94aeecafab48edfbc3e951,86000,1,TicketReserved,"{'model_id': 'model_mnist_784_noniid', 'round': 1, 'ticket_id': 76, 'owner': 'acct_36'}",mock
0xd7b3ec3b50678528e25fbed948ea689f599d63c1a3fb89b5152c97ed35dd60c4,93000,1,UpdatePublished,"{'model_id': 'model_mnist_784_noniid', 'round': 1, 'ticket_id': 76, 'cid': 'sha256:89d0e749173804d7b44f6723c38cb70d3af1691adc3b38c3c3a01f314f25697a'}",mock
0xadf44fb9f901c784bde487afc23a02c5b5d1a8ef04fa4edcffae99a377d807a2,86000,1,TicketReserved,"{'model_id': 'model_mnist_784_noniid', 'round': 1, 'ticket_id': 77, 'owner': 'acct_37'}",mock
0x86262645cff1503f77b4b6786f55f80d1bcc9555ac27fcc6a4ad37a7f300107b,93000,1,UpdatePublished,"{'model_id': 'model_mnist_784_noniid', 'round': 1, 'ticket_id': 77, 'cid': 'sha256:bdff8a86da283f21c5dba44b0ea0f81c816b83a1029ca014d81e80bfc59cb963'}",mock
0xc2f16f20060c77d9c8b6ffc3054969f7c3e12716881298a8159cf71bdf9b4e7e,86000,1,TicketReserved,"{'model_id': 'model_mnist_784_noniid', 'round': 1, 'ticket_id': 78, 'owner': 'acct_38'}",mock
0x07fe24e43d13869e0bccc9296881d6f9b9f978e7b6812226bc7d7bf5e69b682d,93000,1,UpdatePublished,"{'model_id': 'model_mnist_784_noniid', 'round': 1, 'ticket_id': 78, 'cid': 'sha256:0a5d5432c2882a5f46f4ccd29a257fd7993eabfebcce3c247cdc36e76118038e'}",mock
0xbce7d4c5fe0ab928646cc05c36ae08ae9e165ecef118f234f009d37285a0d7ef,86000,1,TicketReserved,"{'model_id': 'model_mnist_784_noniid', 'round': 1, 'ticket_id': 79, 'owner': 'acct_39'}",mock
0xd396ca7833c5705b3c4d15a54c19c8ab27a02598714cc89d358722dc90df5796,93000,1,UpdatePublished,"{'model_id': 'model_mnist_784_noniid', 'round': 1, 'ticket_id': 79, 'cid': 'sha256:7b85f6592c0e5e1127b7992ad23b31655aff5f4a816cfd05ffe71fce55450fa6'}",mock
0xfe245efbaf11513a73e0d986e51e753bdc96a64c9a50f76dbfa721045914f8d2,86000,1,TicketReserved,"{'model_id': 'model_mnist_784_noniid', 'round': 1, 'ticket_id': 80, 'owner': 'acct_40'}",mock
0x55ab842b6d492113b8e47ea3c223afc132e8fee2c40beebb32f80a006a492df9,93000,1,UpdatePublished,"{'model_id': 'model_mnist_784_noniid', 'round': 1, 'ticket_id': 80, 'cid': 'sha256:e7274e2db669533a882ec8877f207c1c738d9ff93424954fc1b23c8e653cd29f'}",mock
0x3a2a2ead7f436536661034f6e0abda0f537b1e0b873ed38b3394ba74a6668135,86000,1,TicketReserved,"{'model_id': 'model_mnist_784_noniid', 'round': 1, 'ticket_id': 81, 'owner': 'acct_41'}",mock
0x801a9a85a3bc44914f46329090e5e0bc9e471cb5ec15cc27637b3b06145b9c10,93000,1,UpdatePublished,"{'model_id': 'model_mnist_784_noniid', 'round': 1, 'ticket_id': 81, 'cid': 'sha256:a7d40fb88962fc3eb0949f7dab28b74f60409e98c5375c458188a000dd7497ca'}",mock
0xcde3a77b94f2ca3ee49cab6ed710720a26a7a5995b243eed3348f28c6e4f7780,86000,1,TicketReserved,"{'model_id': 'model_mnist_784_noniid', 'round': 1, 'ticket_id': 82, 'owner': 'acct_42'}",mock
0xf4b6c26c68ae1bb77d237b754aa75655cc4278f98f6e2c2bf525308f4b065724,93000,1,UpdatePublished,"{'model_id': 'model_mnist_784_noniid', 'round': 1, 'ticket_id': 82, 'cid': 'sha256:c82fcd4b8e6a958cbf0ce379759901cba88fab630349b5f811e61eb81eb5968b'}",mock
0x69ee635e20f248db9b9da8d35f67d6a17e4a12d284ffbda6aa4b55a771155910,86000,1,TicketReserved,"{'model_id': 'model_mnist_784_noniid', 'round': 1, 'ticket_id': 83, 'owner': 'acct_43'}",mock
0xf78cea1f56ec4ca1a063716110251415b22312fe680f72b37e00fd4d9832ffad,93000,1,UpdatePublished,"{'model_id': 'model_mnist_784_noniid', 'round': 1, 'ticket_id': 83, 'cid': 'sha256:a18e1d980d8eb2bcae1d066da00f28b2f28a4f7377b405a0a5bd0b8d59e77d37'}",mock
0x4e48a6b2c95b055760caea753e1678fd1881e229299eeea0d3b31053cc757fa3,86000,1,TicketReserved,"{'model_id': 'model_mnist_784_noniid', 'round': 1, 'ticket_id': 84, 'owner': 'acct_44'}",mock
0x388951d6378b1f1eb817c177355befb9c5c8e8b10fe7c0e364451e8e890bb348,93000,1,UpdatePublished,"{'model_id': 'model_mnist_784_noniid', 'round': 1, 'ticket_id': 84, 'cid': 'sha256:c001175710871d7e60fad6b59325b806d3a3a3799e17a1daa97f90dd1611a19f'}",mock
0x82635bd53614c27272dccb5a0b2e417789c24969b88fc55167ee763db28fefd9,86000,1,TicketReserved,"{'model_id': 'model_mnist_784_noniid', 'round': 1, 'ticket_id': 85, 'owner': 'acct_45'}",mock
0x6fa31651ac2185d9a258ef5a17a0f7e1eb5891f1a8ecbea2efd76d500a635568,93000,1,UpdatePublished,"{'model_id': 'model_mnist_784_noniid', 'round': 1, 'ticket_id': 85, 'cid': 'sha256:f3eb482a3e573a6f39620a11f53eaab57e398e2257473c1d2596e6d6342eccb9'}",mock
0x5b334f5144914995dd5b5710f470b27792291373afed3b876708f1ccd400ccff,86000,1,TicketReserved,"{'model_id': 'model_mnist_784_noniid', 'round': 1, 'ticket_id': 86, 'owner': 'acct_46'}",mock
0x17d0221c995a82f962e2d66695387177aa246b8d94c39a32478914c62876cf67,93000,1,UpdatePublished,"{'model_id': 'model_mnist_784_noniid', 'round': 1, 'ticket_id': 86, 'cid': 'sha256:139b632ba412e277db5fa1ae880bb8d86e29812f067acc142823358ce99b5ec9'}",mock
0xfd1b86868206c6b68c004bd73ed0406fca5e5068688587e5f90422e0876805bf,86000,1,TicketReserved,"{'model_id': 'model_mnist_784_noniid', 'round': 1, 'ticket_id': 87, 'owner': 'acct_47'}",mock
0x09de4641590d660903188a54b848466898f0092107bb8092ca4765b521854e80,93000,1,UpdatePublished,"{'model_id': 'model_mnist_784_noniid', 'round': 1, 'ticket_id': 87, 'cid': 'sha256:db280ebe2bfe05103d965b2a7084fe73c16dd762c2ce94c382234fca3fdb9d6f'}",mock
0x999730d9652b52c5717a52501905be2ae3bab27e86c9805a1f022850a081d6a0,86000,1,TicketReserved,"{'model_id': 'model_mnist_784_noniid', 'round': 1, 'ticket_id': 88, 'owner': 'acct_49'}",mock
0x21025ac8d7fd5afb4f0506714b0a5c65136084bbfbee18b6458cdf90683fba60,93000,1,UpdatePublished,"{'model_id': 'model_mnist_784_noniid', 'round': 1, 'ticket_id': 88, 'cid': 'sha256:52990caf6e1f53b1b9a4c84ac9ce88e9270945d888a4a614565cbb45dc098f2c'}",mock
0x1a375757716a753b72b4d68907390d5dddc1adb89bd5b22792cb9b9c9e310160,86000,1,TicketReserved,"{'model_id': 'model_mnist_784_noniid', 'round': 1, 'ticket_id': 89, 'owner': 'acct_50'}",mock
0x83a87a51db4552ae358fce7cf7152eea7ba1f0ca441eb482a2f6586d042f5158,93000,1,UpdatePublished,"{'model_id': 'model_mnist_784_noniid', 'round': 1, 'ticket_id': 89, 'cid': 'sha256:ee593a88252abba71c6833d31f4a1d38c8f003e978f9a1f2cfa00069c8ffad92'}",mock
0x859d557eeae10f3599d1548389343aa325e3d0087dc17b7984d0bbe2933067aa,1005000,1,RoundFinalized,"{'model_id': 'model_mnist_784_noniid', 'round': 1, 'included': 44, 'refunds': 44}",mock
0x2c648928f9309bcf46aa856a9d8156f4ae50841c8dac7095cec9f032c506df52,52000,1,RoundFunded,"{'model_id': 'model_mnist_784_noniid', 'amount_wei': 10000000000000000}",mock
0x5bda2105b292c2045cd0935421cb81db3e8f30eec9fa9f7be9a84245ca749c25,86000,1,TicketReserved,"{'model_id': 'model_mnist_784_noniid', 'round': 2, 'ticket_id': 90, 'owner': 'acct_1'}",mock
0x9e4d2abadd2e753f89b57026bbdbfbb42df1d2e84bdd2526ce486b725b05fdc6,93000,1,UpdatePublished,"{'model_id': 'model_mnist_784_noniid', 'round': 2, 'ticket_id': 90, 'cid': 'sha256:a06672827ac3daf72e2cbcb02694924a97c440b2b96ce27dd09ff3dd91f6910b'}",mock
0x551782bb89a13a6eee39466b5017d00b15cf1eeada82a10046d0e30a7265291a,86000,1,TicketReserved,"{'model_id': 'model_mnist_784_noniid', 'round': 2, 'ticket_id': 91, 'owner': 'acct_2'}",mock
0x869613d4aedd80c068f5c05ac666a6617b4aa78bbec7917f6b0bccb146720ce8,93000,1,UpdatePublished,"{'model_id': 'model_mnist_784_noniid', 'round': 2, 'ticket_id': 91, 'cid': 'sha256:52ca96efbca8ec764da230a732120b412a2226ac98a7442d1ddf1b76560206f6'}",mock
0xebe179f75b9d0b1ad39e478b8e552e9d341f16583139b6e6c9a10384ccaf5f61,86000,1,TicketReserved,"{'model_id': 'model_mnist_784_noniid', 'round': 2, 'ticket_id': 92, 'owner': 'acct_3'}",mock
0xe2c1efa3b208a0bf121aa0132062058d20d45813f98532cb2393a1a9bd241c96,93000,1,UpdatePublished,"{'model_id': 'model_mnist_784_noniid', 'round': 2, 'ticket_id': 92, 'cid': 'sha256:e4d84d72fe383763769f3cbf29043d3dcad1cc62554d04032789635b2a32620c'}",mock
0x05c55a8e013876587b8a0d2cd1df76c5f42242ce7211d32aead50d5c231fddd8,86000,1,TicketReserved,"{'model_id': 'model_mnist_784_noniid', 'round': 2, 'ticket_id': 93, 'owner': 'acct_4'}",mock
0xcebf562c971b54bb9683b716205ed13cd45d1a766377d86aa1ed193d15721513,93000,1,UpdatePublished,"{'model_id': 'model_mnist_784_noniid', 'round': 2, 'ticket_id': 93, 'cid': 'sha256:f3414a7338f79418cb6f44f6edaa6c3395a955d4505b574aaaeb4d5442e04ee3'}",mock
0x92bf90a84176c815fd57ad523d50b5dd33c365d0f1e1e512fe8f25b46fc52881,86000,1,TicketReserved,"{'model_id': 'model_mnist_784_noniid', 'round': 2, 'ticket_id': 94, 'owner': 'acct_5'}",mock
0x524e0ea2569aa63917dc314f9153862514b900d57f1c5672d1f1c99547e3c822,93000,1,UpdatePublished,"{'model_id': 'model_mnist_784_noniid', 'round': 2, 'ticket_id': 94, 'cid': 'sha256:765a8656b7d35a6733709e335dac89fbc3fc69bb2a0170410cb5b6ee3fb3cac6'}",mock
0xfeae4cb8d124f301cb624bd9788d445e31a1fcbdd6ba3f252fbb68210d69b954,86000,1,TicketReserved,"{'model_id': 'model_mnist_784_noniid', 'round': 2, 'ticket_id': 95, 'owner': 'acct_7'}",mock
0x590fc6384f1c8bf99c4879074acde37df1412b60f1f7c41d9183278f3d920052,93000,1,UpdatePublished,"{'model_id': 'model_mnist_784_noniid', 'round': 2, 'ticket_id': 95, 'cid': 'sha256:6c52d57e1b0af532ca1bec7370b3d55022ee573e09e4b985edd044dd98b0c4e2'}",mock
0x3e7ac81b237b7e77828288665a4fc685b5b822889f71f32a53508a793c3f6af2,86000,1,TicketReserved,"{'model_id': 'model_mnist_784_noniid', 'round': 2, 'ticket_id': 96, 'owner': 'acct_8'}",mock
0x38f26775a95f2df1eae6d8710a155f614482edc8f1128b5495ee3a21f8969047,93000,1,UpdatePublished,"{'model_id': 'model_mnist_784_noniid', 'round': 2, 'ticket_id': 96, 'cid': 'sha256:54f0cdb309f11d1687f3a6eac83e1e86613863f496ef9fe1648116a39b9ccc64'}",mock
0xde2c7d62fc271ab3e0a5d56cce232513e428618ad9f3bcdbe392711d9648a015,86000,1,TicketReserved,"{'model_id': 'model_mnist_784_noniid', 'round': 2, 'ticket_id': 97, 'owner': 'acct_9'}",mock
0x821a9955b04ef4eb6d4f0baf309375f1d087b1438dbbf13a76c6a69875a5d235,93000,1,UpdatePublished,"{'model_id': 'model_mnist_784_noniid', 'round': 2, 'ticket_id': 97, 'cid': 'sha256:acba8ac147b937b79158512cdfb215840bc4a74f181a4418ca92ba681c02d65d'}",mock
0x0a4536680abcedb66e2d7ce711ec52bf75a6785ea77a1bde54d7fe13ca4910cb,86000,1,TicketReserved,"{'model_id': 'model_mnist_784_noniid', 'round': 2, 'ticket_id': 98, 'owner': 'acct_10'}",mock
0x3e56a816d44af414cf1acf2a1327d891c4682fb55c29a0b6bb659ab88707dac4,93000,1,UpdatePublished,"{'model_id': 'model_mnist_784_noniid', 'round': 2, 'ticket_id': 98, 'cid': 'sha256:2f576d0af510f77d55055f64ae90ceeeb823b4fc7f0f817c85be0f9ed5cf4814'}",mock
0x4e155b8495faddd8969c248ddf8180ca4767546abd01f92b3bfd00c08f0eba04,86000,1,TicketReserved,"{'model_id': 'model_mnist_784_noniid', 'round': 2, 'ticket_id': 99, 'owner': 'acct_11'}",mock
0x234431b7cba2a7583eb1b6059913b4ecd1e25bf4051363a1bea3020f04bd5678,93000,1,UpdatePublished,"{'model_id': 'model_mnist_784_noniid', 'round': 2, 'ticket_id': 99, 'cid': 'sha256:a32f3450a07cf5e7f2ba846111642a8f99eabe6586f5fbdd58f980978e64187f'}",mock
0xdaa29cc4e00e59f2c22d613681a48ad4a2f66a291846154d0fa04850d7aa4ae9,86000,1,TicketReserved,"{'model_id': 'model_mnist_784_noniid', 'round': 2, 'ticket_id': 100, 'owner': 'acct_13'}",mock
0x2e3956e6797b93b369761e33cbbc8becdb0448b74382e2114edc6c8d5a361961,93000,1,UpdatePublished,"{'model_id': 'model_mnist_784_noniid', 'round': 2, 'ticket_id': 100, 'cid': 'sha256:751ff89061e48201c59735e667acd08ad26b6ce8e1b05bfd65b2c3471642deeb'}",mock
0x16c792ad5269b62adebe4c4d38bce4281275f0c32986296cde5b7fdca4327475,86000,1,TicketReserved,"{'model_id': 'model_mnist_784_noniid', 'round': 2, 'ticket_id': 101, 'owner': 'acct_14'}",mock
0xe70e8bd3c8a6fbc1a2489667f79805fc0f60d859a1e6be6e3d8c89bf82787353,93000,1,UpdatePublished,"{'model_id': 'model_mnist_784_noniid', 'round': 2, 'ticket_id': 101, 'cid': 'sha256:55d3db7a8c17b8b1d4a19f40c982c26196220ec08423c71a1ec082d257f4af36'}",mock
0x3ff66e948fe878f658eac0c61c57c6ccbb6dab31c24639e9c72aa3368e461c40,86000,1,TicketReserved,"{'model_id': 'model_mnist_784_noniid', 'round': 2, 'ticket_id': 102, 'owner': 'acct_15'}",mock
0x411536c7b7a65c0522e99cf078157f931f27b296b7290e195a639c59e5b113cb,93000,1,UpdatePublished,"{'model_id': 'model_mnist_784_noniid', 'round': 2, 'ticket_id': 102, 'cid': 'sha256:18a6d2ec220b9e16fab43a42cb084ee8d15711800adb9ec7ac25d2bcb8fb9a06'}",mock
0xa57ef275a531028ec922eb407eca415355778e41773058bba724973049050faf,86000,1,TicketReserved,"{'model_id': 'model_mnist_784_noniid', 'round': 2, 'ticket_id': 103, 'owner': 'acct_16'}",mock
0x2d624ed026e6285fe4d1a8b5b649d94795681f783ba7a13fa229b804e14f6015,93000,1,UpdatePublished,"{'model_id': 'model_mnist_784_noniid', 'round': 2, 'ticket_id': 103, 'cid': 'sha256:7796a8996cf232370b9e9087d5be79de6cbecf970f20f084e44197d735e90307'}",mock
0x3002b0b6bd3b65fcdfc7d468ab74b8691d3028ef354444346e299b3df6d3fafb,86000,1,TicketReserved,"{'model_id': 'model_mnist_784_noniid', 'round': 2, 'ticket_id': 104, 'owner': 'acct_17'}",mock
0xb809296b926f2d332378dca2ee6a35dc568d68ca8b36c3505ff91a205f847ae1,93000,1,UpdatePublished,"{'model_id': 'model_mnist_784_noniid', 'round': 2, 'ticket_id': 104, 'cid': 'sha256:75a0f3d25f73cf0162ace0d3072ad3226b04b9e6459f25f73d0169eafe1e25c1'}",mock
0x2ac1dce87e7dd6c386a7b04da414a94b35a2130fc8a96750fe3bc2c30c124a7c,86000,1,TicketReserved,"{'model_id': 'model_mnist_784_noniid', 'round': 2, 'ticket_id': 105, 'owner': 'acct_18'}",mock
0x57da0fd8f27f427b580355fdea73f1fe101b419bdfe7c9d61ffc9f6e52dbf10b,93000,1,UpdatePublished,"{'model_id': 'model_mnist_784_noniid', 'round': 2, 'ticket_id': 105, 'cid': 'sha256:e5d3eb70f8cb53858a09c00482b1d3e5a266181c4e0386d2fbcdb57c4056c93a'}",mock
0x702373969a14c90239c659b8d581039fae6145613945074f6950057f60df6e25,86000,1,TicketReserved,"{'model_id': 'model_mnist_784_noniid', 'round': 2, 'ticket_id': 106, 'owner': 'acct_19'}",mock
0xc8552a9460f4be22fb39c15fa143cf71c6bf2e6407fdbc5783db9b4c8661b21b,93000,1,UpdatePublished,"{'model_id': 'model_mnist_784_noniid', 'round': 2, 'ticket_id': 106, 'cid': 'sha256:c23e5316c06152b0bba7f4fa485277d56ca2acf772f5e5a772f5cdf6f7b9a7ca'}",mock
0xb9a4680bfd3c3d03d588508f536f67317f8dfbc3edf2f33fe6fc471b1655e34e,86000,1,TicketReserved,"{'model_id': 'model_mnist_784_noniid', 'round': 2, 'ticket_id': 107, 'owner': 'acct_20'}",mock
0x9067fb11f3fa1a35735b0adeeedeb68aee09c82eb0086f3e1aebc923dbd7be5a,93000,1,UpdatePublished,"{'model_id': 'model_mnist_784_noniid', 'round': 2, 'ticket_id': 107, 'cid': 'sha256:b3afa89a0b51c6e01969cae929c4e7af450ebe8de5bc790b9b6e095c9a1a9dbd'}",mock
0x9a9947be067c5dd0ec991c96b3f9212c34fc520e22eb7cdba1689c48cc3bc495,86000,1,TicketReserved,"{'model_id': 'model_mnist_784_noniid', 'round': 2, 'ticket_id': 108, 'owner': 'acct_21'}",mock
0x56caaf4c375b51d5e509d289157fe356035a3e41ad798296da95f9bdedf9ad08,93000,1,UpdatePublished,"{'model_id': 'model_mnist_784_noniid', 'round': 2, 'ticket_id': 108, 'cid': 'sha256:587df23ff92bfe6799613f45e85502da0898ceb1bbed81f432415321947fbb55'}",mock
0x258567b9709a5a6f5d9fc0b83ecb57f37b61a409ad548a175d19c2a02cd15575,86000,1,TicketReserved,"{'model_id': 'model_mnist_784_noniid', 'round': 2, 'ticket_id': 109, 'owner': 'acct_22'}",mock
0x4ad2a05ea7b1aa78973c3cadb0689ac743ab53160b9e3adf07992ffd695da8ba,93000,1,UpdatePublished,"{'model_id': 'model_mnist_784_noniid', 'round': 2, 'ticket_id': 109, 'cid': 'sha256:87b166b7d4bad802d5ef2608fc262b0ca5b996dbc819348d86c061c83b2a8f24'}",mock
0xd0cede72065bf4149237009898637899df409d78bf985c7a07424058e1891427,86000,1,TicketReserved,"{'model_id': 'model_mnist_784_noniid', 'round': 2, 'ticket_id': 110, 'owner': 'acct_23'}",mock
0xcd9b005f63b37e6ac50f1ee9eb6ce39cd04560acc4a2d72afd4562a9c9279f25,93000,1,UpdatePublished,"{'model_id': 'model_mnist_784_noniid', 'round': 2, 'ticket_id': 110, 'cid': 'sha256:eff8f291e897d6c4fb83f451a164e338314924c5e0acaa926e21234f0cb0b547'}",mock
0xf1778b736bda14e57f6606e8bd81f00fde2bd26077a0d155a8e428bcb3930912,86000,1,TicketReserved,"{'model_id': 'model_mnist_784_noniid', 'round': 2, 'ticket_id': 111, 'owner': 'acct_25'}",mock
0x6361d4b08e1a782953f1d09b04d22c20efdb93c2a52f46e7788afb1e7fc49bb5,93000,1,UpdatePublished,"{'model_id': 'model_mnist_784_noniid', 'round': 2, 'ticket_id': 111, 'cid': 'sha256:c265b0e453ef4640bd5ab3e4afdb5cfb26ccf42d5ec2f274339022867605cb8d'}",mock
0x0533460c75a09bdfa53126bdede1f4b6efa9562864d44ed39d20b29a161eb202,86000,1,TicketReserved,"{'model_id': 'model_mnist_784_noniid', 'round': 2, 'ticket_id': 112, 'owner': 'acct_27'}",mock
0xd04dae143b48d5e89f3e6bab15d15af6927e44807e745377c58d95d422bdfb3a,93000,1,UpdatePublished,"{'model_id': 'model_mnist_784_noniid', 'round': 2, 'ticket_id': 112, 'cid': 'sha256:feff691d9ff7b1d54c621334fd8071a36b912263615361d39c451edfcc53a921'}",mock
0x61d39936e8c2594db69b77c3bf53df7361aec4854c4b963708cadc733ff1ff4c,86000,1,TicketReserved,"{'model_id': 'model_mnist_784_noniid', 'round': 2, 'ticket_id': 113, 'owner': 'acct_28'}",mock
0xbae55b0b0a4a096d32e3d25625c7c65de7f8fbc7ef53de27664c24b3cfa01362,93000,1,UpdatePublished,"{'model_id': 'model_mnist_784_noniid', 'round': 2, 'ticket_id': 113, 'cid': 'sha256:253d172dee56555dfe8f84017d5ea87aa9061caa9206b9cd15b09df43ce91be0'}",mock
0x22114af753256a26e6c81c4a76047cb409d2aab0387dcc538a70abd19204520e,86000,1,TicketReserved,"{'model_id': 'model_mnist_784_noniid', 'round': 2, 'ticket_id': 114, 'owner': 'acct_29'}",mock
0x6d261a8a2dea3cdbfb13e0da94fdcd2e0d61a84484eece41844186b524b092c6,93000,1,UpdatePublished,"{'model_id': 'model_mnist_784_noniid', 'round': 2, 'ticket_id': 114, 'cid': 'sha256:3e326c50a7c1023c6ca378f634e450a22d405fa4a92c6be819067aff23558501'}",mock
0x8828f77186e25703643feb88973e22032c8f54dc0e4b1ecbea057f4cf27e8a07,86000,1,TicketReserved,"{'model_id': 'model_mnist_784_noniid', 'round': 2, 'ticket_id': 115, 'owner': 'acct_32'}",mock
0xb149107e86bfe54e6991e160d45accc823556553ec6c1a895b2b49e4ba9c2334,93000,1,UpdatePublished,"{'model_id': 'model_mnist_784_noniid', 'round': 2, 'ticket_id': 115, 'cid': 'sha256:a58257b0301a6dea939154740fa466cacfe082d210bf765b977f4c2d2d377f30'}",mock
0x6d0c1509aeeca8e972de2c4ade8211d70d9cf1c5e3be109119943ca7eb6bcf2d,86000,1,TicketReserved,"{'model_id': 'model_mnist_784_noniid', 'round': 2, 'ticket_id': 116, 'owner': 'acct_34'}",mock
0xb0911667858f2966797f26d8de4ca1398e156792991f5200a8668796e634e021,93000,1,UpdatePublished,"{'model_id': 'model_mnist_784_noniid', 'round': 2, 'ticket_id': 116, 'cid': 'sha256:a42c09950928aecd491103065b17bd8bf9c6a284d376d1bb049162d975be4fad'}",mock
0x6b1c5d2a29a7b591aaf8adac001c0fd27e8e93add9466aec0228161b53b4c525,86000,1,TicketReserved,"{'model_id': 'model_mnist_784_noniid', 'round': 2, 'ticket_id': 117, 'owner': 'acct_36'}",mock
0x2c0680f867f8e46966cc31077cadd21e8e4123139471a4126ff85e6239df3926,93000,1,UpdatePublished,"{'model_id': 'model_mnist_784_noniid', 'round': 2, 'ticket_id': 117, 'cid': 'sha256:1d499b6e9376d3f605b461ccd13c7fff2b7f092ba6cc172392a2ea3ed81772e9'}",mock
0x72ff1668b45ccd91f7b7f34c50bca9726788ecb7277de76220b32f1629a10423,86000,1,TicketReserved,"{'model_id': 'model_mnist_784_noniid', 'round': 2, 'ticket_id': 118, 'owner': 'acct_37'}",mock
0x9197fd63bce59cad11d81b2b9dd7624aa47eda2681bfce4b9abbbbab25d37a10,93000,1,UpdatePublished,"{'model_id': 'model_mnist_784_noniid', 'round': 2, 'ticket_id': 118, 'cid': 'sha256:2cb45254f377372541171b0cf3991dc2a46805ed67cd8ba3990f6da888e99b0e'}",mock
0xcbb3d956b8f1e9f1d0e45f4ca50a3df8ae2ebf82042aa3b672e6dc0df9705156,86000,1,TicketReserved,"{'model_id': 'model_mnist_784_noniid', 'round': 2, 'ticket_id': 119, 'owner': 'acct_38'}",mock
0x57de786fed9d427be43b2ea7e9ccad2adf4c32a988e3b4d0749c5318184a4dd9,93000,1,UpdatePublished,"{'model_id': 'model_mnist_784_noniid', 'round': 2, 'ticket_id': 119, 'cid': 'sha256:029c6356790ad8246c02793da4a81507807de2c8f665fcaf2cf5dc340820b40a'}",mock
0x75aa3671ddc7dc88e3b89c194301e83c3a70c5bae9556abf1217e3de5b0c58e9,86000,1,TicketReserved,"{'model_id': 'model_mnist_784_noniid', 'round': 2, 'ticket_id': 120, 'owner': 'acct_39'}",mock
0xf906c1f5e7fe31bc3e964a253095c45b390fe0b2ca30f685f9cbbde7f59966ef,93000,1,UpdatePublished,"{'model_id': 'model_mnist_784_noniid', 'round': 2, 'ticket_id': 120, 'cid': 'sha256:aee0139d0a9149ec937d73f8372e9a1c23bc209ba8265307752014932ac27e3c'}",mock
0x372307fa70a59cf008f6ad17b8b424d0541f391a914525704472acc3e041f37d,86000,1,TicketReserved,"{'model_id': 'model_mnist_784_noniid', 'round': 2, 'ticket_id': 121, 'owner': 'acct_40'}",mock
0x9ec73a45efcce80a2905e297bee52c1519fb098d3bfa4f403d829765feae3244,93000,1,UpdatePublished,"{'model_id': 'model_mnist_784_noniid', 'round': 2, 'ticket_id': 121, 'cid': 'sha256:a0aee67906595d1add0f7ee70bf133bdf99cde8151a7bc8ee33730bb64fd1c0a'}",mock
0x2ca582e188d51c04b47a1c6203ab75e98832259b903aea3be2aa0eb126004cc7,86000,1,TicketReserved,"{'model_id': 'model_mnist_784_noniid', 'round': 2, 'ticket_id': 122, 'owner': 'acct_41'}",mock
0xd79613a9034f39f6450b9def8193a018693995ca6ed8465d070b21c22670aa26,93000,1,UpdatePublished,"{'model_id': 'model_mnist_784_noniid', 'round': 2, 'ticket_id': 122, 'cid': 'sha256:a4d6c51c278b0e8669cb82112e3e90c23074bbd9807eb3ec3625077d6e491084'}",mock
0xd2061823a09b2ec3120a6ff155093a820c887af7d8231ec5c36f64cbb286f244,86000,1,TicketReserved,"{'model_id': 'model_mnist_784_noniid', 'round': 2, 'ticket_id': 123, 'owner': 'acct_42'}",mock
0xb3683150c3f670302bc01e64c54cdb5c747893a0c4019e04d0a2ea9a38eff371,93000,1,UpdatePublished,"{'model_id': 'model_mnist_784_noniid', 'round': 2, 'ticket_id': 123, 'cid': 'sha256:de45913f5d34da46e4ebf4624423c8f41e0d9029c55eb92dc43fd5a08d4b0747'}",mock
0xda5f49a21e931843a2cbc8b91d016b2d3d85fd3d1f2ffd49fab77a7a788ced74,86000,1,TicketReserved,"{'model_id': 'model_mnist_784_noniid', 'round': 2, 'ticket_id': 124, 'owner': 'acct_43'}",mock
0x630392cab4a48dc331527c82cc68065604fe68f9953cb9078b2d4550f53d9928,93000,1,UpdatePublished,"{'model_id': 'model_mnist_784_noniid', 'round': 2, 'ticket_id': 124, 'cid': 'sha256:154ded8be8201f579dc8d7ee9797b84fdd73f33ab868ee73f64d919701495a88'}",mock
0xf17e0c91081d661fbeec9c1fc33fd3599da74b452469f40b51687e5074ebdf7b,86000,1,TicketReserved,"{'model_id': 'model_mnist_784_noniid', 'round': 2, 'ticket_id': 125, 'owner': 'acct_44'}",mock
0x0fb8dc9b68e75751a442b1015c3562cf0ec8bd325f9129ad88f6582138db6c6b,93000,1,UpdatePublished,"{'model_id': 'model_mnist_784_noniid', 'round': 2, 'ticket_id': 125, 'cid': 'sha256:b150174a37612aa06d5085fced0fd5ea0835b06b084098cf0907744310327c65'}",mock
0xf592c89de1aa80ecd651ea48956fbe2abc374648b6e17f3f94c596c965473d2c,86000,1,TicketReserved,"{'model_id': 'model_mnist_784_noniid', 'round': 2, 'ticket_id': 126, 'owner': 'acct_45'}",mock
0x91833e0bb1d8dc4bf016dc7cb0c73979a30c8d68170460e6412aff6337719430,93000,1,UpdatePublished,"{'model_id': 'model_mnist_784_noniid', 'round': 2, 'ticket_id': 126, 'cid': 'sha256:0514ad46c0606dae031dc6d12fea8334d4459ab37d4ed54930c134f26d3a3874'}",mock
0x4cee4ced806489b65ab4e3259ffe980e40783f3db922283fad766d7f968141b7,86000,1,TicketReserved,"{'model_id': 'model_mnist_784_noniid', 'round': 2, 'ticket_id': 127, 'owner': 'acct_46'}",mock
0x2bbc84c52901082f3cde6f16cfe43dd2fbbd6215f1e9496ae4bb7836f6ef3bdc,93000,1,UpdatePublished,"{'model_id': 'model_mnist_784_noniid', 'round': 2, 'ticket_id': 127, 'cid': 'sha256:f62b53f5f968a2c2c6e1407e0ae13d2826159943eae13e38131b1d448be18e0d'}",mock
0x0911d93071e048adac0679716a979c935023e8d5ddb15e3822485e026a4eaece,86000,1,TicketReserved,"{'model_id': 'model_mnist_784_noniid', 'round': 2, 'ticket_id': 128, 'owner': 'acct_47'}",mock
0xa2f0c13d951bdead968a8b4ad72ac23ed0d03c9a7514c69ebb8eed4991162677,93000,1,UpdatePublished,"{'model_id': 'model_mnist_784_noniid', 'round': 2, 'ticket_id': 128, 'cid': 'sha256:d9ab0ff691274f205fedcc6af32d8af19bbcb2eb6fb2488b7f4ade60b64fae07'}",mock
0xe31c0638d1e762f28c300702c980eee0343add931fdfb11098c7165f442272a0,86000,1,TicketReserved,"{'model_id': 'model_mnist_784_noniid', 'round': 2, 'ticket_id': 129, 'owner': 'acct_48'}",mock
0x1f2d5c04cd3988445902710b81ac919188a9c258b95b906a12d90ba0a297e4ba,93000,1,UpdatePublished,"{'model_id': 'model_mnist_784_noniid', 'round': 2, 'ticket_id': 129, 'cid': 'sha256:7e003f577df8cbac5a12eee88ba8f188f51607e45af612e002858505f2577512'}",mock
0x439af3c5b04704e5af4f4fbf3901f64ee71fb2bd0a5db6f4c0c3486c27d43916,86000,1,TicketReserved,"{'model_id': 'model_mnist_784_noniid', 'round': 2, 'ticket_id': 130, 'owner': 'acct_49'}",mock
0x5d60d1b805a5508b263f716ce3639aaa8727eb44e1ed8c47e004b67c0a2c769e,93000,1,UpdatePublished,"{'model_id': 'model_mnist_784_noniid', 'round': 2, 'ticket_id': 130, 'cid': 'sha256:b48672a3c3819b0abbf2a494038ac8d62481aee832666121a4aae727c3b65c62'}",mock
0x2c7401b1654e63c3ef2932b6c765ba58ebd94766b804fc4a30e734bbc0d04115,86000,1,TicketReserved,"{'model_id': 'model_mnist_784_noniid', 'round': 2, 'ticket_id': 131, 'owner': 'acct_50'}",mock
0x184deeecfb3b3beaabb1071539437d1f4ef7544eaab7ef6ac01c62d7b2958fb5,93000,1,UpdatePublished,"{'model_id': 'model_mnist_784_noniid', 'round': 2, 'ticket_id': 131, 'cid': 'sha256:bc2944814f3b319687799a72e9d1332a58819aac73cdb4d03e90387e37a5b79e'}",mock
0x5207eb3a3d8e1d02c963c5be165fb0f7d94550b2575131c283442dded4e6069c,965000,1,RoundFinalized,"{'model_id': 'model_mnist_784_noniid', 'round': 2, 'included': 42, 'refunds': 42}",mock
0x223843a5d4b6426f515266c20b22b5722d7a3df0d7ea44b88c2c3f80f7d94740,52000,1,RoundFunded,"{'model_id': 'model_mnist_784_noniid', 'amount_wei': 10000000000000000}",mock
0x239fd536a7744ab54c7213997e2d002addc72a77a1c3520874b6b1e656c76728,86000,1,TicketReserved,"{'model_id': 'model_mnist_784_noniid', 'round': 3, 'ticket_id': 132, 'owner': 'acct_1'}",mock
0xbd2e85f0b8c267d44dccd74207eec0d496d2eeb62885fbaa6fbde1f2ee76ee33,93000,1,UpdatePublished,"{'model_id': 'model_mnist_784_noniid', 'round': 3, 'ticket_id': 132, 'cid': 'sha256:184b5db29207251226f1ab27dd9fb6b0ba8cedb276d1e2f63e701f761e624520'}",mock
0x3ecd3238bb7e405dea583e842714204e6c168a2d541016b1a703160d9db83291,86000,1,TicketReserved,"{'model_id': 'model_mnist_784_noniid', 'round': 3, 'ticket_id': 133, 'owner': 'acct_2'}",mock
0x7e74496ab864219ab88adfa951fcdfd760b7f978ca0e966d0a98576ddceb71e4,93000,1,UpdatePublished,"{'model_id': 'model_mnist_784_noniid', 'round': 3, 'ticket_id': 133, 'cid': 'sha256:47b6ac2d17d051994f86fc3c5cf411b26d8f3fe08056ca7e78645210e08d51cf'}",mock
0x9526d578092314240c747cab5c5ae391300db1ee0dbf8fd7f5e2e175df6c45f0,86000,1,TicketReserved,"{'model_id': 'model_mnist_784_noniid', 'round': 3, 'ticket_id': 134, 'owner': 'acct_3'}",mock
0x6d1574942c84cd3cf6371c46b5f37369420810bb42688a5c36726712cd68f453,93000,1,UpdatePublished,"{'model_id': 'model_mnist_784_noniid', 'round': 3, 'ticket_id': 134, 'cid': 'sha256:d739230e65544f0620b35d22d3444cdeeb58d412eb04830fa7420f01b7a01778'}",mock
0xa31f53d1dbc9be5adf3bbbc26ce32afce1a8142999750ec7c3c08b4d6cfc74c7,86000,1,TicketReserved,"{'model_id': 'model_mnist_784_noniid', 'round': 3, 'ticket_id': 135, 'owner': 'acct_4'}",mock
0xcb246a021722d510c210bdeccb58fc37550ea250475465a21d1a33a836001cb5,93000,1,UpdatePublished,"{'model_id': 'model_mnist_784_noniid', 'round': 3, 'ticket_id': 135, 'cid': 'sha256:3ea4b121424f9690940a49326c7d52626c5886670e6621a4d6dde0f9c7ab2d9f'}",mock
0xd59467a1ea56fed80611a8b9963514f6f7e3c7a3b61eac1ff32afd1066cddde2,86000,1,TicketReserved,"{'model_id': 'model_mnist_784_noniid', 'round': 3, 'ticket_id': 136, 'owner': 'acct_5'}",mock
0x23d99026e4f297364a3e4492aba70c06816b67002fd7aea6eef862865c8c5d22,93000,1,UpdatePublished,"{'model_id': 'model_mnist_784_noniid', 'round': 3, 'ticket_id': 136, 'cid': 'sha256:b7bd715f0a4782779dbe8623472ce5a829b02326c4417489f8218fcc98f66398'}",mock
0xb003665f53eaf41f8abdca2ba9b382a374e63bf6791d974fdd3266c8ac96a866,86000,1,TicketReserved,"{'model_id': 'model_mnist_784_noniid', 'round': 3, 'ticket_id': 137, 'owner': 'acct_6'}",mock
0xfdba42849040b164b088dfc1940e31c12395024a4ead7929642471aad8df81dc,93000,1,UpdatePublished,"{'model_id': 'model_mnist_784_noniid', 'round': 3, 'ticket_id': 137, 'cid': 'sha256:0d98570109d33d65e2c437ab90ea4259c9fc8cfb422a8eeeb81e063f5259f099'}",mock
0xdc97cd246ef7f7f21df6e23e6770fba6b66fe6c8a9a3393e085e6825b86c109e,86000,1,TicketReserved,"{'model_id': 'model_mnist_784_noniid', 'round': 3, 'ticket_id': 138, 'owner': 'acct_7'}",mock
0xc956fb784fd548b6cdf2d543542e8436f32f19371b47ff4d08c1cf72ad552138,93000,1,UpdatePublished,"{'model_id': 'model_mnist_784_noniid', 'round': 3, 'ticket_id': 138, 'cid': 'sha256:a4212971647577b5b91f766660937cb83f4ecd8e0f6c6d7943e6d47be1fa6d53'}",mock
0x167e5fc353f0efbe32a1f1a5a97578af8af1895c410905d27503d831e7f12aba,86000,1,TicketReserved,"{'model_id': 'model_mnist_784_noniid', 'round': 3, 'ticket_id': 139, 'owner': 'acct_8'}",mock
0x9689bba7aa90d57407d1b6c805478b89fdf99852da3f9a5fe9482e964d7ad64d,93000,1,UpdatePublished,"{'model_id': 'model_mnist_784_noniid', 'round': 3, 'ticket_id': 139, 'cid': 'sha256:815160ae3f0aecdfb26ec0833c372a7799a3038dc9cc33143682adbee6f33ecd'}",mock
0xd93baf5e669b2d12036c2f9bdab5ae6e5b6a8cf2bc6e4237851faa85689ec213,86000,1,TicketReserved,"{'model_id': 'model_mnist_784_noniid', 'round': 3, 'ticket_id': 140, 'owner': 'acct_9'}",mock
0xd58ea45091cf9a0cbee2c33ce88b112ac98609b9a752ff2e44eeb0b8c5612e83,93000,1,UpdatePublished,"{'model_id': 'model_mnist_784_noniid', 'round': 3, 'ticket_id': 140, 'cid': 'sha256:1180ee65d2f16f236022dce01f7bb7324f963e402d8e3ef6d2efce272229045d'}",mock
0x8906c5c91610affcda17cb28cb7376265621722272f2e3d060db37bddfecc914,86000,1,TicketReserved,"{'model_id': 'model_mnist_784_noniid', 'round': 3, 'ticket_id': 141, 'owner': 'acct_10'}",mock
0x4c4b1d24be2c08bd040965a2d0fabb476d067c2b291b3157ebbb05bb7c01f969,93000,1,UpdatePublished,"{'model_id': 'model_mnist_784_noniid', 'round': 3, 'ticket_id': 141, 'cid': 'sha256:187cc7d9f6af41e20036363d85abcdede7df7ba51eb2196ccd5881251ac55191'}",mock
0xb4f8452cfbc034c13f1612cdc008c04f59110ee4a212d7bd3166252ba466f305,86000,1,TicketReserved,"{'model_id': 'model_mnist_784_noniid', 'round': 3, 'ticket_id': 142, 'owner': 'acct_11'}",mock
0xe164db57df7e5b0609abc7ddfa1324fc270b0156cc0e64c36b92c25932577d48,93000,1,UpdatePublished,"{'model_id': 'model_mnist_784_noniid', 'round': 3, 'ticket_id': 142, 'cid': 'sha256:b658a6cd600d72d6324788e06b03678747c5c84a314777ded22e9bcbe5d7fa59'}",mock
0xac5d3bf01c15cd6799ea4437f154c09495dde73c9c74e3674a3221e6d8c841d9,86000,1,TicketReserved,"{'model_id': 'model_mnist_784_noniid', 'round': 3, 'ticket_id': 143, 'owner': 'acct_12'}",mock
0xe3c5a3ace80d00ab33c25d2d2fdbc3ae5dae1817821545c70f4b33ed74ace7bd,93000,1,UpdatePublished,"{'model_id': 'model_mnist_784_noniid', 'round': 3, 'ticket_id': 143, 'cid': 'sha256:d53764a79514558a0bc3e1e6f72190365c93e236124ccf832f81ff1cc4635b09'}",mock
0x922fc4e9b7b53ddc69880a4bd58cd06f174fc708ecf05edf16c29862fb61e393,86000,1,TicketReserved,"{'model_id': 'model_mnist_784_noniid', 'round': 3, 'ticket_id': 144, 'owner': 'acct_16'}",mock
0x1f9ea57be35eac9fdd21284f495e4c1b9b36f12a0a6e2505906c1959aa6dc242,93000,1,UpdatePublished,"{'model_id': 'model_mnist_784_noniid', 'round': 3, 'ticket_id': 144, 'cid': 'sha256:fe44914c4164368811f55cf5837106e6f72a600da31b7d161dba9f977b1c650d'}",mock
0x71b3b4e0bc0255c371a83ce40ed280608579e05af99748531ce338b07a022f59,86000,1,TicketReserved,"{'model_id': 'model_mnist_784_noniid', 'round': 3, 'ticket_id': 145, 'owner': 'acct_18'}",mock
0xe6d9ff6312a0c7b54379d6669cb0a062bf4266e3d5eb0663de273d15a80b2d9c,93000,1,UpdatePublished,"{'model_id': 'model_mnist_784_noniid', 'round': 3, 'ticket_id': 145, 'cid': 'sha256:71b24ced1b01686a443aae86d8f5ebb292a3699a3c3e9d293f8c0302dde8c82a'}",mock
0x6748398a5bb5bda0e7567fb4428a6cb650ac409c33b3f56182a0b358f6923c50,86000,1,TicketReserved,"{'model_id': 'model_mnist_784_noniid', 'round': 3, 'ticket_id': 146, 'owner': 'acct_19'}",mock
0xcc456f6ec875bcfe16ede62ffc6b477ccf2cde46145d292c2306fc235a510179,93000,1,UpdatePublished,"{'model_id': 'model_mnist_784_noniid', 'round': 3, 'ticket_id': 146, 'cid': 'sha256:2940575097ea601b20cab107e267fb456c03d8e0b31d203705bfbcbcf26c6561'}",mock
0xf37283d54d02056ac345626b871124796f71f01bc8e3dc67e96b99dbb2f09ad2,86000,1,TicketReserved,"{'model_id': 'model_mnist_784_noniid', 'round': 3, 'ticket_id': 147, 'owner': 'acct_20'}",mock
0x3aece912df50e3ba4f3ff39d6c219125b38fe1d127cf666d2983806e0e64da9d,93000,1,UpdatePublished,"{'model_id': 'model_mnist_784_noniid', 'round': 3, 'ticket_id': 147, 'cid': 'sha256:711ffc2ea4ac1bade9a7adad274dffad19da8fc220b2213697288980ac574094'}",mock
0xf825bf8256e9ac74d0f34505ae277d35347584ccb1364468dace0adf90d5042e,86000,1,TicketReserved,"{'model_id': 'model_mnist_784_noniid', 'round': 3, 'ticket_id': 148, 'owner': 'acct_21'}",mock
0x1b02ee145db2acbb8e3b5eb891833ff8e68a1029b9fa8e5e69a37dc54cd59766,93000,1,UpdatePublished,"{'model_id': 'model_mnist_784_noniid', 'round': 3, 'ticket_id': 148, 'cid': 'sha256:504c9f7823c97ce9febe4873b489b4fe9f8dee34be84c08e1a3501162096f784'}",mock
0xb694521c8b277acdd3822e9dbf8a42e5d026fe42e9f49b3b7b9f67af9cea6679,86000,1,TicketReserved,"{'model_id': 'model_mnist_784_noniid', 'round': 3, 'ticket_id': 149, 'owner': 'acct_23'}",mock
0x3d099cdff5e74bd91a78da3d5100efd75e6bc8242d1dfd34a3b20245c742aa35,93000,1,UpdatePublished,"{'model_id': 'model_mnist_784_noniid', 'round': 3, 'ticket_id': 149, 'cid': 'sha256:62239a6b53743b56323f8f5e8ce14f286d25cc96ab2ae52012fcd6102524584b'}",mock
0xe822c11f69a62a6375249756ee5035894dbe394aa7b66b120d2726578d0fa8ea,86000,1,TicketReserved,"{'model_id': 'model_mnist_784_noniid', 'round': 3, 'ticket_id': 150, 'owner': 'acct_24'}",mock
0xfc6f3047db0df3133a4c9533537a0b90ade5792458839c236891fff2f74abcff,93000,1,UpdatePublished,"{'model_id': 'model_mnist_784_noniid', 'round': 3, 'ticket_id': 150, 'cid': 'sha256:2af99bb01212e3635cc553a49332da839c9ee9d78702f68da36e7eee21d1aee2'}",mock
0x4a8f254e7ab5e90706da6d834630e79379507b2d010eefecbaaa61aa44b03434,86000,1,TicketReserved,"{'model_id': 'model_mnist_784_noniid', 'round': 3, 'ticket_id': 151, 'owner': 'acct_25'}",mock
0xd77102b5332dc898be4e27f95935f3802289c1dcb4868dd79d47b52a0e905ea4,93000,1,UpdatePublished,"{'model_id': 'model_mnist_784_noniid', 'round': 3, 'ticket_id': 151, 'cid': 'sha256:99bd6a93d44719ab84b188065ed629a196ffc732d007fdf01a8c1dd6456e5ccf'}",mock
0x38428fd518cbca19ef3c9827317f967ee622ad029ec7f4c61e9d6279e034e7bc,86000,1,TicketReserved,"{'model_id': 'model_mnist_784_noniid', 'round': 3, 'ticket_id': 152, 'owner': 'acct_27'}",mock
0x7b5516673c6a1860a672a8f6bec12ea184947ebcc6295625bbae7b8d4c1f6741,93000,1,UpdatePublished,"{'model_id': 'model_mnist_784_noniid', 'round': 3, 'ticket_id': 152, 'cid': 'sha256:727b83c291d9c47b97f9a37fbbf386898127fd835fe243dda27ceb1b34a01df1'}",mock
0x4a9f7786d94c83cb90d5092355e94a5b691fcdac6305822e28227e85cc1e1e29,86000,1,TicketReserved,"{'model_id': 'model_mnist_784_noniid', 'round': 3, 'ticket_id': 153, 'owner': 'acct_28'}",mock
0x5d95b810c9cee9b283654e3f786c896b9dfc3411ce8a97dc974b3478b9b3635f,93000,1,UpdatePublished,"{'model_id': 'model_mnist_784_noniid', 'round': 3, 'ticket_id': 153, 'cid': 'sha256:7f635a731d3d3aedf06f98c024d316747235a50a29d1d504f372a7672baf3869'}",mock
0xc0c8c02a33b3a94b78852a1079561340b1f1a93e2a1510d36774a7493714ec69,86000,1,TicketReserved,"{'model_id': 'model_mnist_784_noniid', 'round': 3, 'ticket_id': 154, 'owner': 'acct_29'}",mock
0x18ee0112786be0545038c209086676710ceead3a71c9f7e63b003ad4d1fef6cd,93000,1,UpdatePublished,"{'model_id': 'model_mnist_784_noniid', 'round': 3, 'ticket_id': 154, 'cid': 'sha256:4da82c77cb563d148c016ffbdb68e371ad486264581186df8be77b33fbed0212'}",mock
0x516c2a82ec7aa1eaa455af44706820045a8f3e7b33b4187346ab87b574c28738,86000,1,TicketReserved,"{'model_id': 'model_mnist_784_noniid', 'round': 3, 'ticket_id': 155, 'owner': 'acct_30'}",mock
0xae100e7700ad097190ac2a49b872741f264b1f8a6907409e889a0f5c2c08d0e9,93000,1,UpdatePublished,"{'model_id': 'model_mnist_784_noniid', 'round': 3, 'ticket_id': 155, 'cid': 'sha256:c155e6d4a1e67600ed90b1d438e6538abe388e416a227155416b275dfeb61727'}",mock
0x4630158af46f72f0019c0e96da188b4b6bc61d183fe45e42a8ba02a0c787bbc0,86000,1,TicketReserved,"{'model_id': 'model_mnist_784_noniid', 'round': 3, 'ticket_id': 156, 'owner': 'acct_31'}",mock
0x54b2c869d671ff62f0e14cff5cde4f874b6a8f8adba16c741cee84ce83736d6a,93000,1,UpdatePublished,"{'model_id': 'model_mnist_784_noniid', 'round': 3, 'ticket_id': 156, 'cid': 'sha256:5f65324b5d1693574ad29ec980bf5ad70b21f783abb07ceccb852637af27429a'}",mock
0x21b89e1eab289f60b2797390e109a5b4fb18e1b90aee0428a5a961e44b25a120,86000,1,TicketReserved,"{'model_id': 'model_mnist_784_noniid', 'round': 3, 'ticket_id': 157, 'owner': 'acct_32'}",mock
0x812a45e01decef4872cabda4a9b248b20a0726cd127f0497565a5b14800ea2dc,93000,1,UpdatePublished,"{'model_id': 'model_mnist_784_noniid', 'round': 3, 'ticket_id': 157, 'cid': 'sha256:f297f661d5ecdffefc9f11342a316f0925c5e4bf10a9798be3299b0dd5039860'}",mock
0xc55acd9ee972c3e415efcea81f0f7b5bb57d6ddd53771c9325f3cf029a278e73,86000,1,TicketReserved,"{'model_id': 'model_mnist_784_noniid', 'round': 3, 'ticket_id': 158, 'owner': 'acct_33'}",mock
0xa542f721001e987e64af92cadd0b1833c583c0821eb7607e3e3f498129f9a768,93000,1,UpdatePublished,"{'model_id': 'model_mnist_784_noniid', 'round': 3, 'ticket_id': 158, 'cid': 'sha256:ea899c56539b1ebefb6280dadc75384bf667ea88f251b5c5626ff0611faac88a'}",mock
0x346ff5eaf076fca2bf99ee0014632282c35cb9efcfec160dcbef67cd93d3a2ea,86000,1,TicketReserved,"{'model_id': 'model_mnist_784_noniid', 'round': 3, 'ticket_id': 159, 'owner': 'acct_34'}",mock
0xd9c46c2e6da8e1212934e29fb54d8aa9281ca88162b5c0b48d225b239930a3ad,93000,1,UpdatePublished,"{'model_id': 'model_mnist_784_noniid', 'round': 3, 'ticket_id': 159, 'cid': 'sha256:ab175c02577ddf312a46d88f60ccfdc18d87a04c8ae4362b152ec6f397f1916b'}",mock
0x7852c81612cc51b637ee874a6ba9266579fd46e39f24f32220094f3483b89671,86000,1,TicketReserved,"{'model_id': 'model_mnist_784_noniid', 'round': 3, 'ticket_id': 160, 'owner': 'acct_35'}",mock
0xa6a7b18f8d4c186563aedc75922c379e5dbf38104b2823e99b38568c7850b5fc,93000,1,UpdatePublished,"{'model_id': 'model_mnist_784_noniid', 'round': 3, 'ticket_id': 160, 'cid': 'sha256:7f8c364e482a9af6db80f9260b9cec6d40d4acdae6c0af2416030f15ce07c008'}",mock
0x7e0cdb560daac0645f3017865ebc401091a264087e3d43207e59747c1fd1b3a3,86000,1,TicketReserved,"{'model_id': 'model_mnist_784_noniid', 'round': 3, 'ticket_id': 161, 'owner': 'acct_36'}",mock
0x421f986ea779d2723cf0b55cacbed75038498a6630cfff2c35003b512e5ac9b6,93000,1,UpdatePublished,"{'model_id': 'model_mnist_784_noniid', 'round': 3, 'ticket_id': 161, 'cid': 'sha256:ab88cf92d781928c483de43ce3eaae2e21052a2106a06f0fc96ececa46e765fc'}",mock
0x693701b181afa1887d2bf2235eba1fa1c35fd7c540b629c334f6cf508aec62d2,86000,1,TicketReserved,"{'model_id': 'model_mnist_784_noniid', 'round': 3, 'ticket_id': 162, 'owner': 'acct_37'}",mock
0x8dd5ed9841d4b695157acbf257a00339c6851e0b6590f7bbbb802c3ac9957917,93000,1,UpdatePublished,"{'model_id': 'model_mnist_784_noniid', 'round': 3, 'ticket_id': 162, 'cid': 'sha256:eba71c076e61f5aec56a33740b55032af00486c0851d3e4bb552f41a545e2fa1'}",mock
0xbb80e174b4cf6d7eb520a3ea1c0921dc22e0bcb3e109ce7c92f5ddfd95e043d8,86000,1,TicketReserved,"{'model_id': 'model_mnist_784_noniid', 'round': 3, 'ticket_id': 163, 'owner': 'acct_38'}",mock
0xf70ac7ba0d29c3f20ba8f48c61f4ac29113d936283fed52adb82d90f4c2b58b5,93000,1,UpdatePublished,"{'model_id': 'model_mnist_784_noniid', 'round': 3, 'ticket_id': 163, 'cid': 'sha256:fc2cc4c23a7fed217cdb98e50ec4fc28d3a93b998890cb6bcce0d91231b0b08e'}",mock
0xfbd9083eb159f59e0af7d66ff911ba7f2bd20efaee629ff58f206b40572f30c3,86000,1,TicketReserved,"{'model_id': 'model_mnist_784_noniid', 'round': 3, 'ticket_id': 164, 'owner': 'acct_39'}",mock
0x67c2e298986c15eee5c81b1bca7ac1e6859c36043724757f59c288183f8b696e,93000,1,UpdatePublished,"{'model_id': 'model_mnist_784_noniid', 'round': 3, 'ticket_id': 164, 'cid': 'sha256:98db4e8e90724cd0d033419ebb1dc9d49c8c8c6984c140dcc05f3955818958a2'}",mock
0xb5946ea1cdf11c6bd09f723bba284e4432c1dd29899cc779cf75ae74b30b83d8,86000,1,TicketReserved,"{'model_id': 'model_mnist_784_noniid', 'round': 3, 'ticket_id': 165, 'owner': 'acct_40'}",mock
0xb740d19f176f186a8f8c3674450d2439c1aca7423f85daaf524637b01ec6f2fb,93000,1,UpdatePublished,"{'model_id': 'model_mnist_784_noniid', 'round': 3, 'ticket_id': 165, 'cid': 'sha256:d2a106a4aad4246eb1f3d394b7dbbf9d0167fd7c143ec6b4836f410c72552407'}",mock
0x2d738cba2b7aa009d6216bf2f0104840fe32002c0eee617f394fcc007b2f8561,86000,1,TicketReserved,"{'model_id': 'model_mnist_784_noniid', 'round': 3, 'ticket_id': 166, 'owner': 'acct_41'}",mock
0xea9aa2834c17c6e3499faceb9e5ab0e7c9f17cfd37f94bec94c5f87e6be2d4a8,93000,1,UpdatePublished,"{'model_id': 'model_mnist_784_noniid', 'round': 3, 'ticket_id': 166, 'cid': 'sha256:aab98c8ecd2c6f641129debfaed09e39acdab55f826a5963b5b4aa4a51769853'}",mock
0x5dca72f1a90a59e9906bb6457cf7968ae5908e0d2f52b134af9d07a0203cc1f9,86000,1,TicketReserved,"{'model_id': 'model_mnist_784_noniid', 'round': 3, 'ticket_id': 167, 'owner': 'acct_42'}",mock
0xea98118997f9c1c25c954ee31e23ef37b7e439e37ca11b65a7e9f987fd7cfed0,93000,1,UpdatePublished,"{'model_id': 'model_mnist_784_noniid', 'round': 3, 'ticket_id': 167, 'cid': 'sha256:ad47d000c91774fd62025074ebe1e0b648565cbb75fcb2d7696fb2142335672d'}",mock
0x866deeae1d33dee4c8ad82061fe36b5f584bd1c05b063bd25d2752d87b3b4889,86000,1,TicketReserved,"{'model_id': 'model_mnist_784_noniid', 'round': 3, 'ticket_id': 168, 'owner': 'acct_43'}",mock
0x5e8c025d35da2f5bb1ef749a31c8e460937ac5823256094b6cece58a062fba7d,93000,1,UpdatePublished,"{'model_id': 'model_mnist_784_noniid', 'round': 3, 'ticket_id': 168, 'cid': 'sha256:a3166f86b50a07d700a03629023e175cab34e19d82e6591afc1903ee21a77f12'}",mock
0xc59eb130e831a043f2bcb4f88df16d463c3802e2d890eae80781e8ba7a50e003,86000,1,TicketReserved,"{'model_id': 'model_mnist_784_noniid', 'round': 3, 'ticket_id': 169, 'owner': 'acct_44'}",mock
0xe5ada696dc8ba4e891a7c5d123d233d296573805a3a1010dfee6e5421bd73da4,93000,1,UpdatePublished,"{'model_id': 'model_mnist_784_noniid', 'round': 3, 'ticket_id': 169, 'cid': 'sha256:d80e877a06eb1e3e831221d6c21cf31c5a927b248425485e3a452d0b9f7f6563'}",mock
0xbe6be62b671ae8bde5b9372dbbad77dcbe5afb1857cdbe3d8722a57e7e983318,86000,1,TicketReserved,"{'model_id': 'model_mnist_784_noniid', 'round': 3, 'ticket_id': 170, 'owner': 'acct_45'}",mock
0x730f9bfe60711db536b7178b197cd83a990ed08129b0017c8e68259d5f10019b,93000,1,UpdatePublished,"{'model_id': 'model_mnist_784_noniid', 'round': 3, 'ticket_id': 170, 'cid': 'sha256:c24ea9c1e2f4c715a0402b5878ef6cbc23cc81a16754637e30f38df501cc98dc'}",mock
0xf54fdbb7fea8d486e4b8940abb306545829f918d88dbce79d5dff15188f777ad,86000,1,TicketReserved,"{'model_id': 'model_mnist_784_noniid', 'round': 3, 'ticket_id': 171, 'owner': 'acct_46'}",mock
0x55be5c155bd25bfcd9ec4b9feb505ea976ade03c3717db68feb8d49996626838,93000,1,UpdatePublished,"{'model_id': 'model_mnist_784_noniid', 'round': 3, 'ticket_id': 171, 'cid': 'sha256:99d40b921cceede5ad2935730df14bb1b47f346ac4bf6dd9a212b2d2b9165015'}",mock
0xf22a492c2582eded9d73fd4435a009ea535cb68a28dbb41a0cc93f3568ece264,86000,1,TicketReserved,"{'model_id': 'model_mnist_784_noniid', 'round': 3, 'ticket_id': 172, 'owner': 'acct_47'}",mock
0x0c2b8d1ef6f44fd13176decdfdfaf78a3d54e0057bab1caa1a7992257589cb95,93000,1,UpdatePublished,"{'model_id': 'model_mnist_784_noniid', 'round': 3, 'ticket_id': 172, 'cid': 'sha256:37d1f32e8292c886e6a07cf27a33d4f7fd515fa3a318af7d2a61f6d2fc2a4884'}",mock
0x193b0143db7b22fe8c2963523f6cdaff9943a8df6663a96d91bfe773732935bf,86000,1,TicketReserved,"{'model_id': 'model_mnist_784_noniid', 'round': 3, 'ticket_id': 173, 'owner': 'acct_48'}",mock
0x4642f7d4ea56024c7522e000d6173eb234f3f265e6aca7faa8cc9d52f174a82c,93000,1,UpdatePublished,"{'model_id': 'model_mnist_784_noniid', 'round': 3, 'ticket_id': 173, 'cid': 'sha256:aa99c6cf9f5ad4472e6313dc5e7187d2133621a43011c43d0162b12ee68d2def'}",mock
0x9fa7e5a36eac1b2486face45b905b2095245418f2cf6512eaabcbff2e389c898,86000,1,TicketReserved,"{'model_id': 'model_mnist_784_noniid', 'round': 3, 'ticket_id': 174, 'owner': 'acct_49'}",mock
0xaa977ae9942cf514446840d0e1a0c924d5d6e5466eb449d032086f7753d896c3,93000,1,UpdatePublished,"{'model_id': 'model_mnist_784_noniid', 'round': 3, 'ticket_id': 174, 'cid': 'sha256:11d5e328a19c85daec1a90bf861713bc5c79fa6026bce416601ddb095d71aaac'}",mock
0xdb197778ad4968ecd2f3775204b46195f616e7926ac0871f3ed8e6525f758d37,86000,1,TicketReserved,"{'model_id': 'model_mnist_784_noniid', 'round': 3, 'ticket_id': 175, 'owner': 'acct_50'}",mock
0x33ca445f9fe6ca430e5b84d5033cb99723c0e8a9ce8e463deda4bdd5a576e37f,93000,1,UpdatePublished,"{'model_id': 'model_mnist_784_noniid', 'round': 3, 'ticket_id': 175, 'cid': 'sha256:4a7d01a53e6615cabfb6ec73a783a504b32b7f252117fe6e99f46c6ddd3181c9'}",mock
0xbc65bfac9a44b9937599fd0bccf5d84fb018818c56cbaff0e361cc87500b3d95,1005000,1,RoundFinalized,"{'model_id': 'model_mnist_784_noniid', 'round': 3, 'included': 44, 'refunds': 44}",mock
0x9e8b50b20201c81c3a2c4150b47d312b2b84fa2922f23c581575e617c74d96fb,52000,1,RoundFunded,"{'model_id': 'model_mnist_784_noniid', 'amount_wei': 10000000000000000}",mock
0x3bbfac78ecc95815be3bc2b3da33f3487beb52eba0d41c43f9a57d0642c04e45,86000,1,TicketReserved,"{'model_id': 'model_mnist_784_noniid', 'round': 4, 'ticket_id': 176, 'owner': 'acct_2'}",mock
0x3b77619bc16c66464c3926cc2ecc85dffe7b8a1de96424397c4d96fdc147c56e,93000,1,UpdatePublished,"{'model_id': 'model_mnist_784_noniid', 'round': 4, 'ticket_id': 176, 'cid': 'sha256:f3e7d2dbc587084df47735cd2ad52742f1e6f0c7179899330cd2a7021b7de9b3'}",mock
0x2efaf415e028c4e081660c2146f4bbba790606823365cff3bc1f93018d8fe0e1,86000,1,TicketReserved,"{'model_id': 'model_mnist_784_noniid', 'round': 4, 'ticket_id': 177, 'owner': 'acct_3'}",mock
0xd80ebed3ade1b5c6a8efd63126246371bee509d1e149de29580732865a7cb33c,93000,1,UpdatePublished,"{'model_id': 'model_mnist_784_noniid', 'round': 4, 'ticket_id': 177, 'cid': 'sha256:3fc13a7950ad3132fead659b1ede2999aadbd107affe219662ebbb82885cc76f'}",mock
0x839f17a32b125c141dfbbfa601cb4e5d241e96db900196145334085609509958,86000,1,TicketReserved,"{'model_id': 'model_mnist_784_noniid', 'round': 4, 'ticket_id': 178, 'owner': 'acct_4'}",mock
0x344b8e1d319b427cc86dc7b77d734f67415b278941907309f74d4cdee0de0b28,93000,1,UpdatePublished,"{'model_id': 'model_mnist_784_noniid', 'round': 4, 'ticket_id': 178, 'cid': 'sha256:9fa85c91ad9d639910ae00047d1e5b97f276eab96edd16b532b9b8b7ad118f79'}",mock
0x36bf7f51eda7cbf217a14e456e791b108eb7f4075b2ad9eadbae36c327811511,86000,1,TicketReserved,"{'model_id': 'model_mnist_784_noniid', 'round': 4, 'ticket_id': 179, 'owner': 'acct_5'}",mock
0x2bb5c1f00393fb4411a4ceb0b7911628286d16d877caab6a024738f07cb34c06,93000,1,UpdatePublished,"{'model_id': 'model_mnist_784_noniid', 'round': 4, 'ticket_id': 179, 'cid': 'sha256:3b80c2c0822ba06b64f9587d28ebfae6f358dc2ee14cb10e7156bf281c5e00b5'}",mock
0x43c74ec88a0f0e276e0b2223456bb3e06e2e247facc39b2711322baaf0859fd9,86000,1,TicketReserved,"{'model_id': 'model_mnist_784_noniid', 'round': 4, 'ticket_id': 180, 'owner': 'acct_6'}",mock
0x365a608179e392530cb0085470b12c88eae531ba733cad396bd120e3ed1f1c40,93000,1,UpdatePublished,"{'model_id': 'model_mnist_784_noniid', 'round': 4, 'ticket_id': 180, 'cid': 'sha256:618d92af606e6f57592b467439263802e4ec84433e7c94558f76f97cfc2234b5'}",mock
0x90cdc44fe310747cd64b62d8d2fdfcc58c234c79a9c43d9036a9c32f2a70a756,86000,1,TicketReserved,"{'model_id': 'model_mnist_784_noniid', 'round': 4, 'ticket_id': 181, 'owner': 'acct_7'}",mock
0x03600b39a37dc8500d09ec99e5497a3a5741bba18f45b52c84905d1bf9a0633a,93000,1,UpdatePublished,"{'model_id': 'model_mnist_784_noniid', 'round': 4, 'ticket_id': 181, 'cid': 'sha256:0797431159c0cd6139ec846924b92418aa4cd8b0ee6e6576e8e415ab21303945'}",mock
0xc513df78a60a99fc2e5f08f807d757d9c42e32cd5904645f45d64a96e6b1a56f,86000,1,TicketReserved,"{'model_id': 'model_mnist_784_noniid', 'round': 4, 'ticket_id': 182, 'owner': 'acct_8'}",mock
0x39d7fa4e60854d65e9cbef4a8233ea3421d047ff660bfe459d0ca98c31b09275,93000,1,UpdatePublished,"{'model_id': 'model_mnist_784_noniid', 'round': 4, 'ticket_id': 182, 'cid': 'sha256:16cc0a4db39380db8fcf6a63ff939260bce793860574b68fe905c963630a2b91'}",mock
0x27826ea578320f56be7061ccf9f898c361327df4c1b95fb294bb3dde36f66ef0,86000,1,TicketReserved,"{'model_id': 'model_mnist_784_noniid', 'round': 4, 'ticket_id': 183, 'owner': 'acct_9'}",mock
0x50567be9da7a17ea95aa219887fb9c903522b3b5e3f5847f966212a30bc5c5d0,93000,1,UpdatePublished,"{'model_id': 'model_mnist_784_noniid', 'round': 4, 'ticket_id': 183, 'cid': 'sha256:a7dcfb523dd96e86a0b76892bbc1c7447c5e93b667d703d23dc6c6467fa7a04a'}",mock
0x9624ff876a3761079396c466850e46a0d5c5d6ca1d0a1e65618098b5dac42e05,86000,1,TicketReserved,"{'model_id': 'model_mnist_784_noniid', 'round': 4, 'ticket_id': 184, 'owner': 'acct_10'}",mock
0xab80f453ccdad191a9e78baa0609c07de9141535bb702e7c40b0428221a8716a,93000,1,UpdatePublished,"{'model_id': 'model_mnist_784_noniid', 'round': 4, 'ticket_id': 184, 'cid': 'sha256:9598860453adce9e6dc72dcbbda46b668e91d3d5d5b13461f128d2f87d89946e'}",mock
0x4dba56ee0f7436428a792fb980e7090c11e4bae364d041744713b22e4783bdf1,86000,1,TicketReserved,"{'model_id': 'model_mnist_784_noniid', 'round': 4, 'ticket_id': 185, 'owner': 'acct_11'}",mock
0x8b73cdd51565908702ad7af39fb5a120c7dd2d19ce8efd976330562726a05766,93000,1,UpdatePublished,"{'model_id': 'model_mnist_784_noniid', 'round': 4, 'ticket_id': 185, 'cid': 'sha256:66bf6a47842b840389f6eb4eb98290d300c65b88877d03beef47acfb4c19d9e0'}",mock
0x5bd692c3ab0d3aaa96aaa88b717a5223f8ff9e2ab56d045f381ca378adf17709,86000,1,TicketReserved,"{'model_id': 'model_mnist_784_noniid', 'round': 4, 'ticket_id': 186, 'owner': 'acct_12'}",mock
0x91bd60442d590195a528da101d85fb0f441c5968aebae7660d36cf35fc5ab458,93000,1,UpdatePublished,"{'model_id': 'model_mnist_784_noniid', 'round': 4, 'ticket_id': 186, 'cid': 'sha256:8275d8e6aa5d1d23e50ff2ceaccb8f7393ab0cc4780bcc7d7d141dfa91ed8fbb'}",mock
0x9b9c9ac1926309c10dc80804811ee9c16cbf110dd54cc32d4a468b8fc4c7de24,86000,1,TicketReserved,"{'model_id': 'model_mnist_784_noniid', 'round': 4, 'ticket_id': 187, 'owner': 'acct_13'}",mock
0xabcabdf9677d050dd112b2a068f6ac4ad988d5c5d4ed29aab637dec02f0702f8,93000,1,UpdatePublished,"{'model_id': 'model_mnist_784_noniid', 'round': 4, 'ticket_id': 187, 'cid': 'sha256:53f09d4f5d722728b7eaee51417be3a37b4ae9318e1fbebe26b672a2fe43065d'}",mock
0xf4200d031c2bce8fc5a0ee20c12f5ecef2b18aef03c6db32d86b3fe63e88ed4f,86000,1,TicketReserved,"{'model_id': 'model_mnist_784_noniid', 'round': 4, 'ticket_id': 188, 'owner': 'acct_14'}",mock
0x7485bcdb03c7e63d42db11d445e619ec4a32a16653dfce606e4af4059d92d3d9,93000,1,UpdatePublished,"{'model_id': 'model_mnist_784_noniid', 'round': 4, 'ticket_id': 188, 'cid': 'sha256:e9c9aa14ee9af3029c1e10096349e45b6d2c0dc307f25badaba35f26acda23f5'}",mock
0xdff7be0216ab138f48376d68d7f4a5bab9380a845e8cd92edf4bf79725bb3aa6,86000,1,TicketReserved,"{'model_id': 'model_mnist_784_noniid', 'round': 4, 'ticket_id': 189, 'owner': 'acct_15'}",mock
0x9c2acd54ddb515c7f6bdb94a8c992775f93cd88f3cd653b0585fb25bd0fde75c,93000,1,UpdatePublished,"{'model_id': 'model_mnist_784_noniid', 'round': 4, 'ticket_id': 189, 'cid': 'sha256:370f8dd235e099bb20be2bd9e314cd2bc35ce82f051629c3ebfc280501a9646e'}",mock
0x6a16894f83438eba5504c332153e1a8582663424f66d4a040b92ce334ce685ff,86000,1,TicketReserved,"{'model_id': 'model_mnist_784_noniid', 'round': 4, 'ticket_id': 190, 'owner': 'acct_16'}",mock
0x9ab18ff893385c265612ceaa7d38894fcf1487520d637b32da797349b049f80c,93000,1,UpdatePublished,"{'model_id': 'model_mnist_784_noniid', 'round': 4, 'ticket_id': 190, 'cid': 'sha256:781d432cbbd5373d96976fc5110d300abadcf04971ec8e8333c2672130bd6f6b'}",mock
0xf2d26fbf729f79f197a2bbd6a6dbc2ac39ad4b081304c7b722dcf180ee2e2e3e,86000,1,TicketReserved,"{'model_id': 'model_mnist_784_noniid', 'round': 4, 'ticket_id': 191, 'owner': 'acct_17'}",mock
0xa3f96e7a36140128d6e52135de9d7b47b1618b03f802f81e60022167e4e1ea5a,93000,1,UpdatePublished,"{'model_id': 'model_mnist_784_noniid', 'round': 4, 'ticket_id': 191, 'cid': 'sha256:dc617191029a7fc96721af84149aa4ea95d507367ca7145508412a52c178bea4'}",mock
0xdfbf0537b9ef86b311e649d50d44b773d62d6f22bcede97bbf81baab22ec7ce8,86000,1,TicketReserved,"{'model_id': 'model_mnist_784_noniid', 'round': 4, 'ticket_id': 192, 'owner': 'acct_18'}",mock
0xfb192529c6697d566dd12d57c827b99e337e5a43cdeee0c076470c34e81d9679,93000,1,UpdatePublished,"{'model_id': 'model_mnist_784_noniid', 'round': 4, 'ticket_id': 192, 'cid': 'sha256:43a452c844a1071a85b18958feecd961b533cb0b3798930cf0df260c93f2d078'}",mock
0x33df4e59e2e7ef3912394e92059523a702d7aa3254e6ed0d3f782f35feebf3e2,86000,1,TicketReserved,"{'model_id': 'model_mnist_784_noniid', 'round': 4, 'ticket_id': 193, 'owner': 'acct_19'}",mock
0x569c61c822e2a52a98d78edaf5ca1650aca277c594d682a5e00e00a2f2fe6098,93000,1,UpdatePublished,"{'model_id': 'model_mnist_784_noniid', 'round': 4, 'ticket_id': 193, 'cid': 'sha256:6737770580dafad38a3b8e5c219aa5bae3917d2c46eed1ed810f3b24757fc6ec'}",mock
0x87cd9cb6554ee57add1e58686b4b8e993d0aa4dcb217d66dc5ed951c1fbcf179,86000,1,TicketReserved,"{'model_id': 'model_mnist_784_noniid', 'round': 4, 'ticket_id': 194, 'owner': 'acct_20'}",mock
0x1fb63e87da4103fa9b6c2df401530fc297dedadf19662dfca26409808dbe6f17,93000,1,UpdatePublished,"{'model_id': 'model_mnist_784_noniid', 'round': 4, 'ticket_id': 194, 'cid': 'sha256:5ab64b526887e5e78ff1ef8dbcaccb1eb42befcff3064e9e43cb29a1c980a0f6'}",mock
0xbd80f80401f0917c780489d2d647f01dabd7ee50cfb2b80847ac69a0283321fd,86000,1,TicketReserved,"{'model_id': 'model_mnist_784_noniid', 'round': 4, 'ticket_id': 195, 'owner': 'acct_21'}",mock
0xb4dba01b3414526f8cfe0bd69e9c468763635048e470c63f91199f6ed4c09d2d,93000,1,UpdatePublished,"{'model_id': 'model_mnist_784_noniid', 'round': 4, 'ticket_id': 195, 'cid': 'sha256:8fb343163e0b6f7c5cd841c5bb35c0f36089c19aadd92bec1ca2ce00742abc07'}",mock
0x194f3cfbb96644f449dbb3ab28ad92d3783a313ca998db2a339ed75e388dfbb3,86000,1,TicketReserved,"{'model_id': 'model_mnist_784_noniid', 'round': 4, 'ticket_id': 196, 'owner': 'acct_23'}",mock
0x3f95cf916328e25de856230c8434a14a0dc039c3eddfc6b71c62462be62567ea,93000,1,UpdatePublished,"{'model_id': 'model_mnist_784_noniid', 'round': 4, 'ticket_id': 196, 'cid': 'sha256:35bd50adbcd82ad9747d8a70245310a84bf418dd4fe4d581f7720763d6fc30bf'}",mock
0x6082d8c1527c7ed7c395ceeca0b32f041e658be82e7974f33a62c84a2c37fea1,86000,1,TicketReserved,"{'model_id': 'model_mnist_784_noniid', 'round': 4, 'ticket_id': 197, 'owner': 'acct_24'}",mock
0x452e9c33cd6a6382a9bebfb9c0bc8f0dc1506629dbc31f7605a4f8d2a6ef9688,93000,1,UpdatePublished,"{'model_id': 'model_mnist_784_noniid', 'round': 4, 'ticket_id': 197, 'cid': 'sha256:c1c1338801362cef89541fffc5686f8c98f57c62dafac24eeb434aae471da2b1'}",mock
0xd68ad6a7ab87419c0d0a9e4d2438784901b43dccaac3f90f3bd2fac17bf052f2,86000,1,TicketReserved,"{'model_id': 'model_mnist_784_noniid', 'round': 4, 'ticket_id': 198, 'owner': 'acct_25'}",mock
0xf3a95e2a903a2aa1850795d32afb668178579c61ceb02b016b7ddce2180a5c14,93000,1,UpdatePublished,"{'model_id': 'model_mnist_784_noniid', 'round': 4, 'ticket_id': 198, 'cid': 'sha256:0854c93d890056d27ab14c3204571c5d7c17cc5b162730cafe49d02e2c6218ab'}",mock
0x0b9dc98c9dd9e425db5ca709121df1cda9f373faf50bd18f9369d715b5043931,86000,1,TicketReserved,"{'model_id': 'model_mnist_784_noniid', 'round': 4, 'ticket_id': 199, 'owner': 'acct_26'}",mock
0x6f85239874bf02f14ff38b3f2cd6c6c15f2de7ae8353e8bdff8fac855a07bd24,93000,1,UpdatePublished,"{'model_id': 'model_mnist_784_noniid', 'round': 4, 'ticket_id': 199, 'cid': 'sha256:fe872ad6fece94d6c1dcd17498e1398dc53e6938e185dd2bdfd6bf29846aea81'}",mock
0xf7a939cf0edd0f6e8143be7b6b9cfcb21f55f35e2354772ffb5208a64610975f,86000,1,TicketReserved,"{'model_id': 'model_mnist_784_noniid', 'round': 4, 'ticket_id': 200, 'owner': 'acct_27'}",mock
0xcbf11606acf6bf13d029a360dae9609814a3ffde958273f5a1acc08672a295a3,93000,1,UpdatePublished,"{'model_id': 'model_mnist_784_noniid', 'round': 4, 'ticket_id': 200, 'cid': 'sha256:bafab4e93e975fe7dc7948be00043551559943be1e96d99c59528670e08a8384'}",mock
0x837c6ba95e643e8d201ddb3c4ca21422eba112b82f86465106556e3d01248c04,86000,1,TicketReserved,"{'model_id': 'model_mnist_784_noniid', 'round': 4, 'ticket_id': 201, 'owner': 'acct_28'}",mock
0x6fa97e3aecd0986cbe61cdf64fb025503e7fd749d4c844bb1a9e46a25195ff35,93000,1,UpdatePublished,"{'model_id': 'model_mnist_784_noniid', 'round': 4, 'ticket_id': 201, 'cid': 'sha256:c65e154c64414e279260c1c99db570c9d0a82690d0ea27050456cfcab390ff31'}",mock
0x252f73f10480df2f0b23a3cc31540480901f08d9d86642b295b9d2f21448d8db,86000,1,TicketReserved,"{'model_id': 'model_mnist_784_noniid', 'round': 4, 'ticket_id': 202, 'owner': 'acct_29'}",mock
0x44ca02ac678ee1bb9259062a82dc38aaca5442fd5fbc83380df6b72dcee0b7d7,93000,1,UpdatePublished,"{'model_id': 'model_mnist_784_noniid', 'round': 4, 'ticket_id': 202, 'cid': 'sha256:be114f5f8f7633f9779c5681ab6a159755476246db1ee614791fe0975c783cf2'}",mock
0x6d11603ed1386e3cd0a6dfd43bcc36b001b6eecdd10267f8b96727c446e118a0,86000,1,TicketReserved,"{'model_id': 'model_mnist_784_noniid', 'round': 4, 'ticket_id': 203, 'owner': 'acct_30'}",mock
0x5fc85b1cf6b5b572dd923f6cad210a2cf690fec6931a7dd599340b576bafb46f,93000,1,UpdatePublished,"{'model_id': 'model_mnist_784_noniid', 'round': 4, 'ticket_id': 203, 'cid': 'sha256:5e239b53bc31e0d96600b0eedc3741bff7320111bb08ced6d02d367c83bf1a87'}",mock
0x842a7d4eed5807ec6b6e9ade8942283b161a8c79f64a352623be46bbf36e4944,86000,1,TicketReserved,"{'model_id': 'model_mnist_784_noniid', 'round': 4, 'ticket_id': 204, 'owner': 'acct_31'}",mock
0xb031fefe6f2ebd7e4ef7c746064334e3ec53d4847c60e2974a68bc771e4a6b4a,93000,1,UpdatePublished,"{'model_id': 'model_mnist_784_noniid', 'round': 4, 'ticket_id': 204, 'cid': 'sha256:6cbfd3f1776510a0e1820b98897be3530a545ec06dd4efb4d788199a5f28743d'}",mock
0xcb12b13b98e597cc885c7fdf2e5418f6949790a06848ad1c3d8adcede039f7ef,86000,1,TicketReserved,"{'model_id': 'model_mnist_784_noniid', 'round': 4, 'ticket_id': 205, 'owner': 'acct_32'}",mock
0x1279cb51074e342d21f20baa82bcd8e2a6242705168b585188929358a9492ac1,93000,1,UpdatePublished,"{'model_id': 'model_mnist_784_noniid', 'round': 4, 'ticket_id': 205, 'cid': 'sha256:06173d86e2c581e306d83fbcfc3d411c15f0e22d1260fabed287c6c4c43d56f8'}",mock
0xe81aea9a267d334d15aabc3743727b9713910e91b09a02d54000124fb0b37593,86000,1,TicketReserved,"{'model_id': 'model_mnist_784_noniid', 'round': 4, 'ticket_id': 206, 'owner': 'acct_34'}",mock
0xa92af15cb2eca69196bd1a8c48f912d53e2f1d0e433d00a9f5675101ce4ee0d8,93000,1,UpdatePublished,"{'model_id': 'model_mnist_784_noniid', 'round': 4, 'ticket_id': 206, 'cid': 'sha256:bfa47129e706b5c82e017ce7953845d174d87db8043aa152fe18d4b4e829ac40'}",mock
0x3e95cb0dcbc9190fb2784268007a4d455423cb8abfcc40de45f40c2b1703730f,86000,1,TicketReserved,"{'model_id': 'model_mnist_784_noniid', 'round': 4, 'ticket_id': 207, 'owner': 'acct_35'}",mock
0x8029504749e9373cbd67b7eaf2c92069ecf5d18f2ae07747cbfebf1ac0642a7b,93000,1,UpdatePublished,"{'model_id': 'model_mnist_784_noniid', 'round': 4, 'ticket_id': 207, 'cid': 'sha256:15917853f48c6484ebbedcc14c4c832dc7df286c01434edd9da4813aff160311'}",mock
0x9ef2c3c87e06257d9138e1c632b11954f75c344e3d9708cf2ccb8201315c9d2d,86000,1,TicketReserved,"{'model_id': 'model_mnist_784_noniid', 'round': 4, 'ticket_id': 208, 'owner': 'acct_36'}",mock
0x5f7e525779dbaba0d83849f023b1862369d945cbb94cc6ae4cf8b5e564e323f7,93000,1,UpdatePublished,"{'model_id': 'model_mnist_784_noniid', 'round': 4, 'ticket_id': 208, 'cid': 'sha256:9ced2770b5e4a31b8a20396a1e7f97ada42da20fcef6a805bcb689bce362b07c'}",mock
0x843966e5f3ebea12b190b8c3125d8c90fb56012559ff3dc2ce670774da5533a1,86000,1,TicketReserved,"{'model_id': 'model_mnist_784_noniid', 'round': 4, 'ticket_id': 209, 'owner': 'acct_37'}",mock
0x36bf2cec82321b8e15419dc53a0f34a765678613475dcd28ac7c0e9db741cbd4,93000,1,UpdatePublished,"{'model_id': 'model_mnist_784_noniid', 'round': 4, 'ticket_id': 209, 'cid': 'sha256:3002943cc3a4553ec51da2558f7073d05c2f2ca44cb4ebbb0225972ea9a5f5ec'}",mock
0x7853a4f58c7bf66275f3a5611a5df870002e21099193d308a81291dab785e8fe,86000,1,TicketReserved,"{'model_id': 'model_mnist_784_noniid', 'round': 4, 'ticket_id': 210, 'owner': 'acct_38'}",mock
0x59d2b9738f49787b61bfe31e67196917616176ccf85a8f576ca74d9bf40930c7,93000,1,UpdatePublished,"{'model_id': 'model_mnist_784_noniid', 'round': 4, 'ticket_id': 210, 'cid': 'sha256:c2d8838413c7c3bb81aa5a5a1beef93eeb4143dc566c45a2dc38bdae7ac1822e'}",mock
0x133770cd2d88d97de1b582ea5a09a3e2b303e43c6dce3c9b364796be00feb2e4,86000,1,TicketReserved,"{'model_id': 'model_mnist_784_noniid', 'round': 4, 'ticket_id': 211, 'owner': 'acct_39'}",mock
0x3d2d20aa8764725f349a75d3e89d4868f4ac0b2f94fe66f06cbf77f0bde99356,93000,1,UpdatePublished,"{'model_id': 'model_mnist_784_noniid', 'round': 4, 'ticket_id': 211, 'cid': 'sha256:d555aeb406837504a275ef1283793058c56b6f8008c4e3d635fa3fe10fa37b74'}",mock
0x99c2586260c5f9d12cdcf6af3a23067f9078339c505292c508997b23af7a025b,86000,1,TicketReserved,"{'model_id': 'model_mnist_784_noniid', 'round': 4, 'ticket_id': 212, 'owner': 'acct_40'}",mock
0xf04cb609766de713579c66ff8476a62744c9b7a6930e17059f8d27f207848641,93000,1,UpdatePublished,"{'model_id': 'model_mnist_784_noniid', 'round': 4, 'ticket_id': 212, 'cid': 'sha256:5c3cc70bd1199196f40da59bf34e0ce3026f97c37bbd287f28b86b49d470780b'}",mock
0x514fd5e30ab0c669bc6f7ab637bf784406b79daae7fa6e362c47a84a30225008,86000,1,TicketReserved,"{'model_id': 'model_mnist_784_noniid', 'round': 4, 'ticket_id': 213, 'owner': 'acct_41'}",mock
0xdd58f6df9c7d0ece7aeb8a4c92eef9a35d120f5f5870d9003107bf98b231b644,93000,1,UpdatePublished,"{'model_id': 'model_mnist_784_noniid', 'round': 4, 'ticket_id': 213, 'cid': 'sha256:9efcdac23527cadf5abf2e99bd3d200c8fb7236322bdf49c7e63cbdee210f693'}",mock
0x153e81272f27423714ced90e5ee377a2787f6a706bf0c61a02af15b4a91ecc99,86000,1,TicketReserved,"{'model_id': 'model_mnist_784_noniid', 'round': 4, 'ticket_id': 214, 'owner': 'acct_42'}",mock
0x86e8d364b673751502b9c045e404a00f64ffd5feaa77254011eb72025e01af8c,93000,1,UpdatePublished,"{'model_id': 'model_mnist_784_noniid', 'round': 4, 'ticket_id': 214, 'cid': 'sha256:9418380a7a0fdd7d73c2dedfd7f3b9ff8e49d3ed091e67a6d23b987b4ad60d52'}",mock
0xe53dcf78a3e8017f3f8e39b06e9eb9ad4463283ccbffb381098b5211c5de3683,86000,1,TicketReserved,"{'model_id': 'model_mnist_784_noniid', 'round': 4, 'ticket_id': 215, 'owner': 'acct_43'}",mock
0xc05a8b898e7d6bd06dc0dbd0cc95eb5339eea3f886e26bf1a7eb9f33c70c91d2,93000,1,UpdatePublished,"{'model_id': 'model_mnist_784_noniid', 'round': 4, 'ticket_id': 215, 'cid': 'sha256:604108527a1a5fb9a11fe22ec80e85876e0b660d91772e7a0b115f6d94d9559a'}",mock
0xe98c363f192b138091528e616a8bb61ab0d4e49a9b4b65b27c0eb012574da45a,86000,1,TicketReserved,"{'model_id': 'model_mnist_784_noniid', 'round': 4, 'ticket_id': 216, 'owner': 'acct_44'}",mock
0x6292615d466916fb281df89ff141d645ca46b69e6ba87c982dd0b80a54a5ad67,93000,1,UpdatePublished,"{'model_id': 'model_mnist_784_noniid', 'round': 4, 'ticket_id': 216, 'cid': 'sha256:c9af9aede7c52f3eb11800905f6b3af43d1d6454e38f1071f650875427155d7c'}",mock
0x8df505a44665ae3a0ab756ec7f5bd1344e7e950e8e13373964087dd6e302b3b1,86000,1,TicketReserved,"{'model_id': 'model_mnist_784_noniid', 'round': 4, 'ticket_id': 217, 'owner': 'acct_45'}",mock
0x475014793d58cc0e5744c1d24950b9c0c168dbcab562d9f240d5b2bf07fab981,93000,1,UpdatePublished,"{'model_id': 'model_mnist_784_noniid', 'round': 4, 'ticket_id': 217, 'cid': 'sha256:06560b2c57ff135df1927fbc088a27acd88c5eb4d20523550f9e107a875cbb4f'}",mock
0xfcfd2368e53bb2d52b0dc9087c87f34acb1490e5aefe2b021bae3da021a5032f,86000,1,TicketReserved,"{'model_id': 'model_mnist_784_noniid', 'round': 4, 'ticket_id': 218, 'owner': 'acct_46'}",mock
0xf8f921355547d3eab5442e0f316937c4ef3516768b925c30608caede8fcf1cc1,93000,1,UpdatePublished,"{'model_id': 'model_mnist_784_noniid', 'round': 4, 'ticket_id': 218, 'cid': 'sha256:05f72e7aad6053c12da8ed061dff1751855db9ed4c7f54ed98a5648b48806b3b'}",mock
0x30e1c277a5a36a6426939406ed94b8e85788e41977d515ea0a33441723c6f9f7,86000,1,TicketReserved,"{'model_id': 'model_mnist_784_noniid', 'round': 4, 'ticket_id': 219, 'owner': 'acct_47'}",mock
0xc222455d4fd6c08a074d082907360f1a8bba7314a12b8e5be6fa5ad47b2cda01,93000,1,UpdatePublished,"{'model_id': 'model_mnist_784_noniid', 'round': 4, 'ticket_id': 219, 'cid': 'sha256:3b3bd196d918b6e5a9cb8fc55fa7ff7528d247a50b3cd41a44ab4d12901601dd'}",mock
0xa5beed32be5ba4b105aaa6b4b5cc49619389bb405d4fec7927d0aebddb4567b4,86000,1,TicketReserved,"{'model_id': 'model_mnist_784_noniid', 'round': 4, 'ticket_id': 220, 'owner': 'acct_48'}",mock
0x442c2c8197b750666bbbad41e0a33261e527b1aee38a8bf97e7c1475ea011ffc,93000,1,UpdatePublished,"{'model_id': 'model_mnist_784_noniid', 'round': 4, 'ticket_id': 220, 'cid': 'sha256:7055590231e5c40d78e096c0c276b3fe90a9aa2aa37542382ac5be021c89272a'}",mock
0x2dabd2792e656893f03e1b2cba418f893c81927efd38d810b90026d0e162b666,86000,1,TicketReserved,"{'model_id': 'model_mnist_784_noniid', 'round': 4, 'ticket_id': 221, 'owner': 'acct_49'}",mock
0x4bed09867f41ec86b60fc23575df9007d6ce63903f9a77ff7ff541173ab39ba3,93000,1,UpdatePublished,"{'model_id': 'model_mnist_784_noniid', 'round': 4, 'ticket_id': 221, 'cid': 'sha256:3b443857ca585fedb31f1ac9f0f7e87ca6b8cc282c577fa6358a6f2e57b776a5'}",mock
0x852fbb8894b443232c138e2114b18d49252ed7e77d842b5ddd7d77d6e886d4f3,86000,1,TicketReserved,"{'model_id': 'model_mnist_784_noniid', 'round': 4, 'ticket_id': 222, 'owner': 'acct_50'}",mock
0x3ba29c8beb67503949da75c39a6ae72e0d7feed7d7256f56a75db5f237aa0918,93000,1,UpdatePublished,"{'model_id': 'model_mnist_784_noniid', 'round': 4, 'ticket_id': 222, 'cid': 'sha256:154e62c75681bdf22a8782db33778674c1e8e4c1a6658b6090372d3b6d717cb1'}",mock
0x707b0fbbc1d7f205ebdf4ac7567967510b5a1a465cbcd62f71c2cce90c668186,1065000,1,RoundFinalized,"{'model_id': 'model_mnist_784_noniid', 'round': 4, 'included': 47, 'refunds': 47}",mock
0xb778a5a2215de0e94bd57c4324ab4dc63403dfc79e983962076440a245c43e1b,52000,1,RoundFunded,"{'model_id': 'model_mnist_784_noniid', 'amount_wei': 10000000000000000}",mock
0xa766180d81ec59956b382893fd3f5b6540bb8075e46ae6b26cc862ede2f7bf36,86000,1,TicketReserved,"{'model_id': 'model_mnist_784_noniid', 'round': 5, 'ticket_id': 223, 'owner': 'acct_1'}",mock
0x26b654eddfb6c8928128f2ea6e8767fd6ce4ffa3a56c0daa9c24efcacda2eb68,93000,1,UpdatePublished,"{'model_id': 'model_mnist_784_noniid', 'round': 5, 'ticket_id': 223, 'cid': 'sha256:526c4bbf2792c08cebaa0c7dc961eda53bfd754e09a8c6be3943275d986397f2'}",mock
0xb504f95b901b1f0609e3d303b428dc4a3e17c7da1c98605b610381c3e33bfdce,86000,1,TicketReserved,"{'model_id': 'model_mnist_784_noniid', 'round': 5, 'ticket_id': 224, 'owner': 'acct_3'}",mock
0x3371f2e9b8a2bba664bb3dcae002bd3d07e1a8e25b79f8f64b26dd9035cdafde,93000,1,UpdatePublished,"{'model_id': 'model_mnist_784_noniid', 'round': 5, 'ticket_id': 224, 'cid': 'sha256:76a18ccc86715bdbcaedad5a643762f6859c6218709c56ed56188110c41101b5'}",mock
0xc0e80c7a4b7ef4f10cb3b591cee27ad6ceb54fd82715d7d0d52532ad3d9689ef,86000,1,TicketReserved,"{'model_id': 'model_mnist_784_noniid', 'round': 5, 'ticket_id': 225, 'owner': 'acct_4'}",mock
0xbe0775dbb1f2e2f36dda5cb6f6b589fe85bf4d747953d8dc5449e1737c2f5539,93000,1,UpdatePublished,"{'model_id': 'model_mnist_784_noniid', 'round': 5, 'ticket_id': 225, 'cid': 'sha256:1bd15946ec015ad5a7cb675d0082896ab4603a65d0f7449eabf65829970a2265'}",mock
0x1fd75e12ed6c0b6fb9d037dbe4a9c01da67f688a1d7c776ac8312a8407c9b061,86000,1,TicketReserved,"{'model_id': 'model_mnist_784_noniid', 'round': 5, 'ticket_id': 226, 'owner': 'acct_5'}",mock
0xf12d91c2fddff648a62b2c78aa10382e4c7d29274a86d3af18e41d8b36761c25,93000,1,UpdatePublished,"{'model_id': 'model_mnist_784_noniid', 'round': 5, 'ticket_id': 226, 'cid': 'sha256:40a9b7c8a8a8ea8645bc32fe58798db2f445f6a408d486de4a64fe5163303685'}",mock
0xb0f7a33aa19cf0bfef778e724454edc84c2b70c9ed152d5ad46986af90006af9,86000,1,TicketReserved,"{'model_id': 'model_mnist_784_noniid', 'round': 5, 'ticket_id': 227, 'owner': 'acct_6'}",mock
0xfc8355fbd37441411873e5ca75900bc0ead2c5785dfea1089a486dadc86f28f2,93000,1,UpdatePublished,"{'model_id': 'model_mnist_784_noniid', 'round': 5, 'ticket_id': 227, 'cid': 'sha256:fb23186aaac734707202854902fd1bb1ef2cb413a3930d8431155c25aed5ee9e'}",mock
0x599862bf424c8e299c4a8386afc83799a35313bfac8287d83872845715479bd7,86000,1,TicketReserved,"{'model_id': 'model_mnist_784_noniid', 'round': 5, 'ticket_id': 228, 'owner': 'acct_8'}",mock
0x0526872be8d9691e84b225703ee1aac751ffdc1c8fdb59f7c3c18329741c5e53,93000,1,UpdatePublished,"{'model_id': 'model_mnist_784_noniid', 'round': 5, 'ticket_id': 228, 'cid': 'sha256:42ace871c34778311ef8d43d8fb9c7aa50f7c62ee438423257f6d805455588c0'}",mock
0x1dcbb744fdc1438913ad3da127b55fb4efb4d5d48c783508e4439545ee064f7a,86000,1,TicketReserved,"{'model_id': 'model_mnist_784_noniid', 'round': 5, 'ticket_id': 229, 'owner': 'acct_9'}",mock
0xb666f877b171f14067f64ce2dd3e54facc70e011c057e1fbe25546500f09bf12,93000,1,UpdatePublished,"{'model_id': 'model_mnist_784_noniid', 'round': 5, 'ticket_id': 229, 'cid': 'sha256:9b411f48cc4aa191ce1c13c1d07c0289749bb85198c6aefd274058228c0ef35e'}",mock
0xce777dbdc6bbf86fd928ee7ea289c7758cd800190fd0f31db1b6e9b713f7f6b5,86000,1,TicketReserved,"{'model_id': 'model_mnist_784_noniid', 'round': 5, 'ticket_id': 230, 'owner': 'acct_10'}",mock
0x49b0c84ce2e47830754686f52689150670cdd6dea5b2321823cec8242a58df99,93000,1,UpdatePublished,"{'model_id': 'model_mnist_784_noniid', 'round': 5, 'ticket_id': 230, 'cid': 'sha256:bb5b41ed3ea1521e99f0f23cf83b0c12c7b35c9aa48c402a6bb09b6bf266ed7e'}",mock
0x6b0c7f0a202d9a9ad38d51f9de63d4f107a498354f14c429e34043739b65693b,86000,1,TicketReserved,"{'model_id': 'model_mnist_784_noniid', 'round': 5, 'ticket_id': 231, 'owner': 'acct_11'}",mock
0xafccdec0cb6dee513e01f863f29d22baf7f86c7807f0c11c4d4753664f4d9f73,93000,1,UpdatePublished,"{'model_id': 'model_mnist_784_noniid', 'round': 5, 'ticket_id': 231, 'cid': 'sha256:426861433f1c9d210e86fd1ae5f948c02a7247be5e3f6f394a41f2944e3f1f9e'}",mock
0x33a08c0266045c562c896bcff52cc9ddbbc4e9f1f6a8134fd5d038da8cf34843,86000,1,TicketReserved,"{'model_id': 'model_mnist_784_noniid', 'round': 5, 'ticket_id': 232, 'owner': 'acct_12'}",mock
0x66403c1c98cf18d3fb2ad6284ca680ab15b88ec9ae606bacaafe5fa27a58c747,93000,1,UpdatePublished,"{'model_id': 'model_mnist_784_noniid', 'round': 5, 'ticket_id': 232, 'cid': 'sha256:52faea87a612198374946d67b7425521ffeb3e9447cc3a07aa330f7ff5416803'}",mock
0x3a1bf4cceaa0f3d9fd347197926f796dd94f4e930345800352dfc52f8a8ea0e4,86000,1,TicketReserved,"{'model_id': 'model_mnist_784_noniid', 'round': 5, 'ticket_id': 233, 'owner': 'acct_13'}",mock
0x9032417daf1b28f3f8d7233316bc36fed7679184a7603f55b9264649bf47696c,93000,1,UpdatePublished,"{'model_id': 'model_mnist_784_noniid', 'round': 5, 'ticket_id': 233, 'cid': 'sha256:da33ac287e53245fdec8f0a5f07a8f0e2107eadb8182f14a99c309e61fd1142d'}",mock
0xc19a65b5321311ae16e0177a21cb787e9b2cfd66922a8f822ba411432c8331bd,86000,1,TicketReserved,"{'model_id': 'model_mnist_784_noniid', 'round': 5, 'ticket_id': 234, 'owner': 'acct_15'}",mock
0x9f394464e87c07d3a5215f365e97d945fea86ad1ddd82fe03ad463641b2a0782,93000,1,UpdatePublished,"{'model_id': 'model_mnist_784_noniid', 'round': 5, 'ticket_id': 234, 'cid': 'sha256:b8dad2c02770ad16f826394a50acd4662b079b435ba4e0e32632e8b2c3481e62'}",mock
0x84e6ba0f6251ecf1c1108adcd9d915d8583b92678c7524685a16848e089766ce,86000,1,TicketReserved,"{'model_id': 'model_mnist_784_noniid', 'round': 5, 'ticket_id': 235, 'owner': 'acct_16'}",mock
0xa4805df092d39e0fd522579bc50f373e36aa5ec6f972987b2c0964aafea1c101,93000,1,UpdatePublished,"{'model_id': 'model_mnist_784_noniid', 'round': 5, 'ticket_id': 235, 'cid': 'sha256:32f39963dd833ad4760605b7fe3a5feae8cc601185aa487939d7b0a86fdba1eb'}",mock
0xcc0eede8dd1d6c9d0398694966a5a77dbd8e8eb0ecf0ad1a007c29edea0c5e64,86000,1,TicketReserved,"{'model_id': 'model_mnist_784_noniid', 'round': 5, 'ticket_id': 236, 'owner': 'acct_17'}",mock
0x6ce4b0fecde84c9b6e686d772c93314ceefd777a6568839a75f5a10a81407203,93000,1,UpdatePublished,"{'model_id': 'model_mnist_784_noniid', 'round': 5, 'ticket_id': 236, 'cid': 'sha256:b560264efb754ba384c4d556448bab4471ede116e9a761263686c99f9146629f'}",mock
0x7a09e7d3abf9295fa4debc0a37bc255cb77f234b1ccf0e2490d8ed625fd5e545,86000,1,TicketReserved,"{'model_id': 'model_mnist_784_noniid', 'round': 5, 'ticket_id': 237, 'owner': 'acct_18'}",mock
0x70f5b2545d6055a2da3c93a42a921cb0365f51878199edca8140cff127210a3f,93000,1,UpdatePublished,"{'model_id': 'model_mnist_784_noniid', 'round': 5, 'ticket_id': 237, 'cid': 'sha256:a37fecd358c63704820599cc2ff7c29f3fe4358f777dbbee87eba092b8c525c7'}",mock
0x82e0454fb78e819f549a3f33907a430640b96b6b81f629f98672bbd3352bcdda,86000,1,TicketReserved,"{'model_id': 'model_mnist_784_noniid', 'round': 5, 'ticket_id': 238, 'owner': 'acct_19'}",mock
0x7d80c5ed8e79906e9db6acb50f559f53347f0056682961cc341abc4d5b070a82,93000,1,UpdatePublished,"{'model_id': 'model_mnist_784_noniid', 'round': 5, 'ticket_id': 238, 'cid': 'sha256:0af3ccb864ea34073b684ba4590c9bfa1bb38327791ecd3b11c5bc26409a0d8f'}",mock
0x367e4b7b35789a97225d027be40d4ac62a87f119b796955a6f4f20e8bfc6425c,86000,1,TicketReserved,"{'model_id': 'model_mnist_784_noniid', 'round': 5, 'ticket_id': 239, 'owner': 'acct_20'}",mock
0xc97ea859788636aa0625ab1a1a86700dc78f6cd36d449c42ca2fcd7661d70ffa,93000,1,UpdatePublished,"{'model_id': 'model_mnist_784_noniid', 'round': 5, 'ticket_id': 239, 'cid': 'sha256:05c9bb9a7caefb4a5fd8f4e9fcc6e1e006d67e4ea0d944597d9de06692ac2f67'}",mock
0x51412cf6fe2d8aaea14ea4334e229097d51362b50a4ab7d2a5906c90f1183be1,86000,1,TicketReserved,"{'model_id': 'model_mnist_784_noniid', 'round': 5, 'ticket_id': 240, 'owner': 'acct_21'}",mock
0x6cf71a2505d0d4b51060741c63ea8e24457d20bc68d7e8751c4a20203af6a6c5,93000,1,UpdatePublished,"{'model_id': 'model_mnist_784_noniid', 'round': 5, 'ticket_id': 240, 'cid': 'sha256:543c7af5ca73a80bc6dc58bb4418fc2440d1e98ade0b1e5379b06d1c65af4e39'}",mock
0x5be70671529bffcbf45b3780e397693ce1e4a1508d537dae19bfe617fde99b8f,86000,1,TicketReserved,"{'model_id': 'model_mnist_784_noniid', 'round': 5, 'ticket_id': 241, 'owner': 'acct_22'}",mock
0x5ee46e9ca5e45c59153844a44727ff7e7b816f1b1808ac89aa12c3a6b6ee2870,93000,1,UpdatePublished,"{'model_id': 'model_mnist_784_noniid', 'round': 5, 'ticket_id': 241, 'cid': 'sha256:7705eb5cb3f95c0c0f2111e38c5735e8f7be6f5f862c9b045610c6dd2d6b3dad'}",mock
0xf9950d6aeb1ec443b893ac5bf3a9e3e5c86644c1dd8cff63d9a46541a614b9eb,86000,1,TicketReserved,"{'model_id': 'model_mnist_784_noniid', 'round': 5, 'ticket_id': 242, 'owner': 'acct_23'}",mock
0xb9c902d88589b137050c52225ddd9bade39942d5a1cf3adaf526ede03eebc997,93000,1,UpdatePublished,"{'model_id': 'model_mnist_784_noniid', 'round': 5, 'ticket_id': 242, 'cid': 'sha256:621933d42f6807c05738934d4913f81de34ae5457ca0727318387e8417e42458'}",mock
0x48766d38f3821b836651b75a04b3f01ad33b4afae686cc2fbdb5005c42493935,86000,1,TicketReserved,"{'model_id': 'model_mnist_784_noniid', 'round': 5, 'ticket_id': 243, 'owner': 'acct_25'}",mock
0xacd998307213a8a3b1fc98b6e0332c7778553f1789c8f77ae3e61fd3829b9dec,93000,1,UpdatePublished,"{'model_id': 'model_mnist_784_noniid', 'round': 5, 'ticket_id': 243, 'cid': 'sha256:545fe99e5627a9a8c841db626fdce24009f9d0d90e8713b90714e5690f66a9ec'}",mock
0x93e30d68c4f7b9e1e487205f6a5a60a859070350d0275a1bd98fdb6ca391810f,86000,1,TicketReserved,"{'model_id': 'model_mnist_784_noniid', 'round': 5, 'ticket_id': 244, 'owner': 'acct_26'}",mock
0xac705cecb143a840dc2adbcf3611c8b111a91a38d94627adbdd24466178082e9,93000,1,UpdatePublished,"{'model_id': 'model_mnist_784_noniid', 'round': 5, 'ticket_id': 244, 'cid': 'sha256:c2524de8d8a0f632d447543c46f44813f593a6c593effb2039db8a9f29321ee8'}",mock
0x1c228284d85009fd15d7ce70700c3cc5ce0daf104d636f7bb90b0a5ef8290a0d,86000,1,TicketReserved,"{'model_id': 'model_mnist_784_noniid', 'round': 5, 'ticket_id': 245, 'owner': 'acct_27'}",mock
0x565686bfc104b45192e5d60dd5582ee190eb6cc3c8fc40477ab727bb09009ea3,93000,1,UpdatePublished,"{'model_id': 'model_mnist_784_noniid', 'round': 5, 'ticket_id': 245, 'cid': 'sha256:0096284b9cc40a050e41bc5e1e80597192d87ad68e18666edf700857c1c4293d'}",mock
0x03a33402cd9d4ed8b890eee2be25d547c94567bca6470b6ee43640e2d39dff9d,86000,1,TicketReserved,"{'model_id': 'model_mnist_784_noniid', 'round': 5, 'ticket_id': 246, 'owner': 'acct_28'}",mock
0x9bec85e31c7c7dc8d6b1916c75dad7ea5793520593a2e14f7577dbcca615245d,93000,1,UpdatePublished,"{'model_id': 'model_mnist_784_noniid', 'round': 5, 'ticket_id': 246, 'cid': 'sha256:09028ff27c6b00ec30ef02a59db1062ba08a025e9f86aaa2498af5c38e60ff2e'}",mock
0x1b3deaf06be0622bf5dc45a21c5fe13e40c046028db2fd87781b5f07d65a6ddd,86000,1,TicketReserved,"{'model_id': 'model_mnist_784_noniid', 'round': 5, 'ticket_id': 247, 'owner': 'acct_29'}",mock
0xf8c360df276a6410bce1886ad9335979b5acfbbf46a8f06bcf2b175194c4592a,93000,1,UpdatePublished,"{'model_id': 'model_mnist_784_noniid', 'round': 5, 'ticket_id': 247, 'cid': 'sha256:4d136667f400478b4deee92f23aa33ec2b93dcff9a17bf955e061007e8bcc032'}",mock
0x5029df02717e8f9a53eef4bd6aa03dcc274f76123cefdd688d91abdac2034a76,86000,1,TicketReserved,"{'model_id': 'model_mnist_784_noniid', 'round': 5, 'ticket_id': 248, 'owner': 'acct_30'}",mock
0xb2bc07566f50ea9bfb4729099584e90781ae1bfcc092875402dca87bf266f9b0,93000,1,UpdatePublished,"{'model_id': 'model_mnist_784_noniid', 'round': 5, 'ticket_id': 248, 'cid': 'sha256:649affbf2475a5cb773b5f1c96b23b21e8f7e9aadbd16151639b76a09c3abc12'}",mock
0x5b361abbcd3b08445446eb48e6661ca2ba70469affd3414971bd6cc60d48a2c3,86000,1,TicketReserved,"{'model_id': 'model_mnist_784_noniid', 'round': 5, 'ticket_id': 249, 'owner': 'acct_31'}",mock
0xebb338754333fd939ede6aad7a3ebc7f0c608a7095482c5e9133a7429f91a9b8,93000,1,UpdatePublished,"{'model_id': 'model_mnist_784_noniid', 'round': 5, 'ticket_id': 249, 'cid': 'sha256:e4a3f7a8ec7f77a23a1a03ed70b826dee15c9ba2517166c8af39e045a3a39c8c'}",mock
0x66562d2aa46ce4ebe4fc4958199ea8afcb1850486b490947a82bc0ea8cb74549,86000,1,TicketReserved,"{'model_id': 'model_mnist_784_noniid', 'round': 5, 'ticket_id': 250, 'owner': 'acct_33'}",mock
0x2fcaa509db08d02602cea7c7cf76dd50c293cdfaa94efe727c4a75e58d90a7cd,93000,1,UpdatePublished,"{'model_id': 'model_mnist_784_noniid', 'round': 5, 'ticket_id': 250, 'cid': 'sha256:5b307139a8ee25557e221d88e9e2833a1cb7191d220a1a7700cbdf0548b7973d'}",mock
0x67e51e37bd2a1f89bb2daf85bb4d781d29a5b35faf910fb376b6eee8a6337c3c,86000,1,TicketReserved,"{'model_id': 'model_mnist_784_noniid', 'round': 5, 'ticket_id': 251, 'owner': 'acct_34'}",mock
0x2eb711977eee0642dd80795854740c14a227cff519cf13fc380d4b5688515534,93000,1,UpdatePublished,"{'model_id': 'model_mnist_784_noniid', 'round': 5, 'ticket_id': 251, 'cid': 'sha256:bd23f9444d5b4cb279ec18f57fd224e983e73e23a1b6a4d2089c583e03e8ced1'}",mock
0x808501b53a9a84824714ea391d662ffeda781749058da4346f536d13410c7a5a,86000,1,TicketReserved,"{'model_id': 'model_mnist_784_noniid', 'round': 5, 'ticket_id': 252, 'owner': 'acct_35'}",mock
0x9e15ff8458c14177e2c1cf89c8a1b7b4e86a8cca966964a95b6a41ebb4db83ce,93000,1,UpdatePublished,"{'model_id': 'model_mnist_784_noniid', 'round': 5, 'ticket_id': 252, 'cid': 'sha256:00f30b35b2f656039f1228f11320b8f646c4e00ec26ec8a285f7002f32331efd'}",mock
0xdc70a076355f9aef78cf649baf10a57d2e225f201a48ff8e145821f232c67040,86000,1,TicketReserved,"{'model_id': 'model_mnist_784_noniid', 'round': 5, 'ticket_id': 253, 'owner': 'acct_36'}",mock
0xf8278cbcf37200bd915b33be6624a3765f8d2b8db7334a20650fea688d19f3df,93000,1,UpdatePublished,"{'model_id': 'model_mnist_784_noniid', 'round': 5, 'ticket_id': 253, 'cid': 'sha256:50d12b89a63a6c6ab03dc9fcbedb88e596cdbadfd8b7840f0605d49dd11a114f'}",mock
0x2a2c1e16e9b904d0b84f6a237e62e3d410ec81b021b591d23beb5306259e2786,86000,1,TicketReserved,"{'model_id': 'model_mnist_784_noniid', 'round': 5, 'ticket_id': 254, 'owner': 'acct_37'}",mock
0x6927684dcf09fa828f66d7b20b0b2e56999a915524fe121bef62b349a3834c17,93000,1,UpdatePublished,"{'model_id': 'model_mnist_784_noniid', 'round': 5, 'ticket_id': 254, 'cid': 'sha256:bc68074696bf28d70aef9e156e01994d5da2883a9bde4fa0575a5f615b312d83'}",mock
0x2d0cb24961614ac416c3206b2c59c34f8174acf32f1bb2f07f48553859abb40d,86000,1,TicketReserved,"{'model_id': 'model_mnist_784_noniid', 'round': 5, 'ticket_id': 255, 'owner': 'acct_38'}",mock
0xa1e591f3563d933b28250f08fd9bbea399470e27a34662529f038f28f0aec5ef,93000,1,UpdatePublished,"{'model_id': 'model_mnist_784_noniid', 'round': 5, 'ticket_id': 255, 'cid': 'sha256:6b5f00769cb4ba72d3da76d9633a44b9d32ca5f1ca07c6d5449ff52fd4334dc5'}",mock
0x2f7ac4a89bd05d3f1725b3851a156a28bfd0356184c8e74881e2830ead0e76d6,86000,1,TicketReserved,"{'model_id': 'model_mnist_784_noniid', 'round': 5, 'ticket_id': 256, 'owner': 'acct_39'}",mock
0xe83637ab362ab0750e5fa5ab520269fcc5a9f31d49f986b13cab9c39c4014a2e,93000,1,UpdatePublished,"{'model_id': 'model_mnist_784_noniid', 'round': 5, 'ticket_id': 256, 'cid': 'sha256:4d14c69063f4114741c515dfe324378a900c23a258855c56f6df2b2409d3e5e4'}",mock
0x139a62f6530b9966150e0f29f7ae2d56ee4cdca23cf36bbcaa31e58147d9a64f,86000,1,TicketReserved,"{'model_id': 'model_mnist_784_noniid', 'round': 5, 'ticket_id': 257, 'owner': 'acct_40'}",mock
0xa8a5f09771fa41479c909a3270af4bcd430bb0923ad53864646d6328b73cab9a,93000,1,UpdatePublished,"{'model_id': 'model_mnist_784_noniid', 'round': 5, 'ticket_id': 257, 'cid': 'sha256:aa9722665a3cc5803051bc0a9d12cefe763606ebeba6a28b0b5e2b530e0c0230'}",mock
0xc0678ab2db6ea9bd4cce576560b4592efed45a4aceb00a19fb2fbe71952e3093,86000,1,TicketReserved,"{'model_id': 'model_mnist_784_noniid', 'round': 5, 'ticket_id': 258, 'owner': 'acct_41'}",mock
0xf6366a3e71623b1961200413e77e5e285a024d48bcea39d1fb399e8ce5056622,93000,1,UpdatePublished,"{'model_id': 'model_mnist_784_noniid', 'round': 5, 'ticket_id': 258, 'cid': 'sha256:4d8427f78805d87eb4db11bc82862dae9258615dae6d77b9743aba99640577cc'}",mock
0x0d83d86e97853123f51ba68e874b13f7562f2798541e676b583a2b2625fce95b,86000,1,TicketReserved,"{'model_id': 'model_mnist_784_noniid', 'round': 5, 'ticket_id': 259, 'owner': 'acct_42'}",mock
0x636bb5a0231741385ac7cb9b9995c88193c6e360619d7c8d9f5234b847b3a540,93000,1,UpdatePublished,"{'model_id': 'model_mnist_784_noniid', 'round': 5, 'ticket_id': 259, 'cid': 'sha256:128ae9940bf0aad0b4801c159a1dcd113b1bafa23f4f197150323f4a72bc1f6e'}",mock
0xd6c1ca3388fb4017ac36f3ee7eed7f8badf28c13f01fb3896a7fb48aeaa0c051,86000,1,TicketReserved,"{'model_id': 'model_mnist_784_noniid', 'round': 5, 'ticket_id': 260, 'owner': 'acct_44'}",mock
0x437adc0372215201d82f3d3bade0bdbb2569faae33d56dda9965ec1b75027132,93000,1,UpdatePublished,"{'model_id': 'model_mnist_784_noniid', 'round': 5, 'ticket_id': 260, 'cid': 'sha256:c264213d3aae3a14dc84c0f51fa4ff03ebaa9937022e75c110fdf47787b7ba03'}",mock
0x1132687197fff86b5ddc09584f164c11d6fe5f802fde1f065a6ad5a4d1bd96f8,86000,1,TicketReserved,"{'model_id': 'model_mnist_784_noniid', 'round': 5, 'ticket_id': 261, 'owner': 'acct_45'}",mock
0x8dd67d7eeff1583e9279618bec6b18676d407e73501123733c0fa9afb05705d7,93000,1,UpdatePublished,"{'model_id': 'model_mnist_784_noniid', 'round': 5, 'ticket_id': 261, 'cid': 'sha256:2046e27c2ce4353425a207c5b2f08717b9a4b8bf938cf41b24e19fc34a4abafb'}",mock
0x25f6c773c19cce4325a07aa30e8c39cfe368a8a9e86b8908ca299a789e89373d,86000,1,TicketReserved,"{'model_id': 'model_mnist_784_noniid', 'round': 5, 'ticket_id': 262, 'owner': 'acct_46'}",mock
0x5a71cc6882bc7d0405915b260f976342c469d41dae4bae0681f5002e1df25ff9,93000,1,UpdatePublished,"{'model_id': 'model_mnist_784_noniid', 'round': 5, 'ticket_id': 262, 'cid': 'sha256:04dcd13f59fabb8e20c52ca98d08cebd6e83080d07c9a81f9b4e08b68d9039a8'}",mock
0xf39116033a79e7ff42045e674e74aa5d4dfe89a751599e167a6301e00182fcf1,86000,1,TicketReserved,"{'model_id': 'model_mnist_784_noniid', 'round': 5, 'ticket_id': 263, 'owner': 'acct_47'}",mock
0x5c158e8a58ccc2d1e1238e89ff154ddb6d28ea42818357e60dfe4860ea170bd2,93000,1,UpdatePublished,"{'model_id': 'model_mnist_784_noniid', 'round': 5, 'ticket_id': 263, 'cid': 'sha256:e8e81e512fc5d26bde87291928bcc38c163c6ed6a68890a3ec16f6d59e6f5afc'}",mock
0x9cec1452b780f934825ed4db8f045b3cde48799da71453663c1909840943aeb8,86000,1,TicketReserved,"{'model_id': 'model_mnist_784_noniid', 'round': 5, 'ticket_id': 264, 'owner': 'acct_48'}",mock
0xcf56209794832e5837ceebff5969c3c186d1d183f0a2039d42a48b03aa27fb9b,93000,1,UpdatePublished,"{'model_id': 'model_mnist_784_noniid', 'round': 5, 'ticket_id': 264, 'cid': 'sha256:8dcd9ae92b7e72090c517697457d0b8f58f4bf3d66b2159d2b01257d0d3f1f7e'}",mock
0xe3aa19b7719cc9d9cac689b687436043c338b9a72d4947e262047589b5ea9f47,86000,1,TicketReserved,"{'model_id': 'model_mnist_784_noniid', 'round': 5, 'ticket_id': 265, 'owner': 'acct_49'}",mock
0x9ba0783a7ab089a2b049d24e459b14472d6f7b64cd82f12ca7c04e5765e6b9ce,93000,1,UpdatePublished,"{'model_id': 'model_mnist_784_noniid', 'round': 5, 'ticket_id': 265, 'cid': 'sha256:c17b1564c3c56c9d24421aee1aa66dd9c7d4b96749a9e3d8a14e3ced7a5d20b1'}",mock
0xcf74faaf422ee7dbf5b5a491a8d26e1d277615e724fc271f3d2928432ffaace0,86000,1,TicketReserved,"{'model_id': 'model_mnist_784_noniid', 'round': 5, 'ticket_id': 266, 'owner': 'acct_50'}",mock
0xab6aefafe76ed3df4dc0235b471d1e41a10bb4df73b7d9ae5ff363f0d9f3c955,93000,1,UpdatePublished,"{'model_id': 'model_mnist_784_noniid', 'round': 5, 'ticket_id': 266, 'cid': 'sha256:a5bff55301dea77849fa16755bf2ff714b6decca093b6fdff7c9a4d82077e264'}",mock
0x2bf9d3b22e5c7538819180ef3cf5e3c353872cbeef85949a8b233231770e459e,1005000,1,RoundFinalized,"{'model_id': 'model_mnist_784_noniid', 'round': 5, 'included': 44, 'refunds': 44}",mock
0x8533d61e78450f88b2df70e48578d698ac8962addf6c8f5cfd920cb0d07bd232,52000,1,RoundFunded,"{'model_id': 'model_mnist_784_noniid', 'amount_wei': 10000000000000000}",mock
0x7a2ee7febe7fbca5aad920d36437678faa61e435d37492e5f471e530d296b6b8,86000,1,TicketReserved,"{'model_id': 'model_mnist_784_noniid', 'round': 6, 'ticket_id': 267, 'owner': 'acct_1'}",mock
0x350bc12e42db69669951a5fcfc1d2debe492a1a261c9c5cbbddbc0b520664486,93000,1,UpdatePublished,"{'model_id': 'model_mnist_784_noniid', 'round': 6, 'ticket_id': 267, 'cid': 'sha256:33934922cfbad4dd3563204670b7613cb7a0c88fe75b47d6ddd69065c0f3d7b4'}",mock
0xaf0490bd0b641485494ff00137fe7337580ba3f4f0a8cbe4db1ecf5a2442178f,86000,1,TicketReserved,"{'model_id': 'model_mnist_784_noniid', 'round': 6, 'ticket_id': 268, 'owner': 'acct_2'}",mock
0x532c15b31be50ac6f968a829c2391533d21262a36791c122d297ae105259c370,93000,1,UpdatePublished,"{'model_id': 'model_mnist_784_noniid', 'round': 6, 'ticket_id': 268, 'cid': 'sha256:459d373c8ec4f8658f148227e78b31fb0f94ae8d2bfc02a9f476611debfa8459'}",mock
0x8cdb4667de056a0ceb44e32b669a1cf8060b4c42df5b1c557883e63cc6a892de,86000,1,TicketReserved,"{'model_id': 'model_mnist_784_noniid', 'round': 6, 'ticket_id': 269, 'owner': 'acct_3'}",mock
0x5344cd54077b3055181128f82013ae8bd041a617ddb922330329c723da5f3030,93000,1,UpdatePublished,"{'model_id': 'model_mnist_784_noniid', 'round': 6, 'ticket_id': 269, 'cid': 'sha256:d924d5d634348d3ae808b616e844db0c687b4e1b467ae1d2410d4d1e972d018e'}",mock
0x8626432aea9a3bf9e8f8ee3ce1c2e2951edb2022b6ad2e0cc6f3d72bbf379600,86000,1,TicketReserved,"{'model_id': 'model_mnist_784_noniid', 'round': 6, 'ticket_id': 270, 'owner': 'acct_5'}",mock
0x1808fb60297f88121db555129fff99b68688e8fa442471e2ad3102c9b4252bb9,93000,1,UpdatePublished,"{'model_id': 'model_mnist_784_noniid', 'round': 6, 'ticket_id': 270, 'cid': 'sha256:bd1d6ed5e8676488dca7fad84dfdc7cd6847309ca322ecddb1f353d08e6a4c47'}",mock
0x72920cc73661e0dc04eb647f9e3184c004ecdb3795347c2b2c15077778f6cd2c,86000,1,TicketReserved,"{'model_id': 'model_mnist_784_noniid', 'round': 6, 'ticket_id': 271, 'owner': 'acct_6'}",mock
0x570cbc8b5d669c4d06be5afe67b5df0ac28858f0085296e1570ce5ada2991530,93000,1,UpdatePublished,"{'model_id': 'model_mnist_784_noniid', 'round': 6, 'ticket_id': 271, 'cid': 'sha256:8f24395ec142096a9a952ed15cdfa6705691b7a8c6ce2da575f27a5dc2bc7274'}",mock
0x858f91935d3693fe4eb126cd408438143640dbe8946cc5e39de8aee289cab57a,86000,1,TicketReserved,"{'model_id': 'model_mnist_784_noniid', 'round': 6, 'ticket_id': 272, 'owner': 'acct_7'}",mock
0xa2ef12cf6823059bcd1ecbe9b8457ef8ad6c1d6cea242e2e5b3c33499534b890,93000,1,UpdatePublished,"{'model_id': 'model_mnist_784_noniid', 'round': 6, 'ticket_id': 272, 'cid': 'sha256:440ea12a9341333d768853e099446430c96e5f86e711894fc9986013162fe49b'}",mock
0x9ffae19b32a38a5f2e14166e6504fecb5f4f916942d69a25a5c463a727fb4d53,86000,1,TicketReserved,"{'model_id': 'model_mnist_784_noniid', 'round': 6, 'ticket_id': 273, 'owner': 'acct_8'}",mock
0x3947addfc2b7152d2e831c4eaffefc0146adb20c61969fffd5e07544131b6e17,93000,1,UpdatePublished,"{'model_id': 'model_mnist_784_noniid', 'round': 6, 'ticket_id': 273, 'cid': 'sha256:d82a415226aac6633c8c54283cbb80e38c017953bbee73b4caa74ad27fe53d0a'}",mock
0x5726f79d41c011d80787b48c4372e374a2428504853bda4f06082050a23b689b,86000,1,TicketReserved,"{'model_id': 'model_mnist_784_noniid', 'round': 6, 'ticket_id': 274, 'owner': 'acct_9'}",mock
0xa5a2c3e98132bd7dabaee51b3c963a4e1cd4b6bdf5a0d4c388e4035e84a5cd16,93000,1,UpdatePublished,"{'model_id': 'model_mnist_784_noniid', 'round': 6, 'ticket_id': 274, 'cid': 'sha256:b1ac0c8ce9c3b8c982840e2c40d1e197f1aaf44ba5d8ffd7c7172bc35237ea6f'}",mock
0x658799dc7fec0e64ca278bc7bf2d0400d04d3f829b8de71dbf1851a177143d48,86000,1,TicketReserved,"{'model_id': 'model_mnist_784_noniid', 'round': 6, 'ticket_id': 275, 'owner': 'acct_10'}",mock
0x403a022ec5a38a16f44fd83ea2fe2b2f8cd23aca5e9c57d567cd5e7b0be9900b,93000,1,UpdatePublished,"{'model_id': 'model_mnist_784_noniid', 'round': 6, 'ticket_id': 275, 'cid': 'sha256:d9091db5b7019d9cb685ab4d7904db9d6b5c4a3c4ffa4036ebe6015f4fcc8748'}",mock
0xb83fe4598ff034a80b9c0b52abf1289a4f61031dd3a83e6922fb4983165cccad,86000,1,TicketReserved,"{'model_id': 'model_mnist_784_noniid', 'round': 6, 'ticket_id': 276, 'owner': 'acct_11'}",mock
0xe3e1c9a2ef154d14861a36c50c453484b73cdabc62e07202176a6925e3749877,93000,1,UpdatePublished,"{'model_id': 'model_mnist_784_noniid', 'round': 6, 'ticket_id': 276, 'cid': 'sha256:5de118bf9179351bfc653cbfce27d7f567a743271689144b4d931517b03dc419'}",mock
0x3fb74ef485c3d630cd817890cb9ef97bc85171916aa7f6e9ad7a61eecb2bf61d,86000,1,TicketReserved,"{'model_id': 'model_mnist_784_noniid', 'round': 6, 'ticket_id': 277, 'owner': 'acct_12'}",mock
0x5120d067f7c44b465458754131b9ed9d8134b373606e20a17496c6c74c02904e,93000,1,UpdatePublished,"{'model_id': 'model_mnist_784_noniid', 'round': 6, 'ticket_id': 277, 'cid': 'sha256:85d8df8032c97a4bcdaeb4f5f57aada62ec70811b6b9efc662d175d11439e51d'}",mock
0x4ef39e04b26e6420f338869f01cf7f329975590f0174a9de538e0197a1dfce01,86000,1,TicketReserved,"{'model_id': 'model_mnist_784_noniid', 'round': 6, 'ticket_id': 278, 'owner': 'acct_13'}",mock
0xcac73d2cdbced31232672f80b8ce467db2dd506d07751b1c60b1241c0de91d2e,93000,1,UpdatePublished,"{'model_id': 'model_mnist_784_noniid', 'round': 6, 'ticket_id': 278, 'cid': 'sha256:bcc43e40eb3ab7cdf1b7dfa42340bd5cc6bd35388296684f1293e4643025f17f'}",mock
0x2547e8a7830b4f02481e97ece7e1a5ee6998285f8a4483f1afe150f08ad11df5,86000,1,TicketReserved,"{'model_id': 'model_mnist_784_noniid', 'round': 6, 'ticket_id': 279, 'owner': 'acct_14'}",mock
0x2b0875c4554ac85a6608c95c1ecb073c167fbbe3a3df5845c711a256aeaaba2f,93000,1,UpdatePublished,"{'model_id': 'model_mnist_784_noniid', 'round': 6, 'ticket_id': 279, 'cid': 'sha256:aecbc1a64214303ae7845fcc2322bef9092cce07460e39bccdaac9bcbe636b1f'}",mock
0x7b76f557c6b0355e7d6262cc43ccd5c289d6f856f6298c0c58ccf5a21a8ccab0,86000,1,TicketReserved,"{'model_id': 'model_mnist_784_noniid', 'round': 6, 'ticket_id': 280, 'owner': 'acct_15'}",mock
0x7c91886bc48935ec241bd8c85722312ff6e452165b506d80ece43e3c92d7d602,93000,1,UpdatePublished,"{'model_id': 'model_mnist_784_noniid', 'round': 6, 'ticket_id': 280, 'cid': 'sha256:901c8c8cead6cf77bad2313a3829df64fbc22cf8b70f3a00b55b16033439811f'}",mock
0x6e055ff6858720208c7a32389073c8add4963170e681f9fe2286aa7a41ed48c3,86000,1,TicketReserved,"{'model_id': 'model_mnist_784_noniid', 'round': 6, 'ticket_id': 281, 'owner': 'acct_16'}",mock
0x5e752f688e687665df4d0c50dabd7526a360d41107b6bcd11883aff678f6eec6,93000,1,UpdatePublished,"{'model_id': 'model_mnist_784_noniid', 'round': 6, 'ticket_id': 281, 'cid': 'sha256:e0f54733140579b7ebbf6bef49c12e953eaddba5337769016228ea26f033bac3'}",mock
0x3764c8951cecbdd8cb27567a3aa0f101ce20ee05f23a04f85730412b5ebbfe08,86000,1,TicketReserved,"{'model_id': 'model_mnist_784_noniid', 'round': 6, 'ticket_id': 282, 'owner': 'acct_17'}",mock
0x2fc06717d4267d045a6e0c437851a15fc72327d6f1bec1d9661f52398f9e2c79,93000,1,UpdatePublished,"{'model_id': 'model_mnist_784_noniid', 'round': 6, 'ticket_id': 282, 'cid': 'sha256:c0064143f3888ceb3ae1875bdec41d0b74c52a328d92aec59cc1a872437a8e6a'}",mock
0x882c9d2ff07d4e86bc3ca2c497f59694536c1c994cc2a2ae404b819ed20df759,86000,1,TicketReserved,"{'model_id': 'model_mnist_784_noniid', 'round': 6, 'ticket_id': 283, 'owner': 'acct_18'}",mock
0x7cdb41173b8b76e644c9d4e51ef217d298decdee2712d74ae5866a48dee37c89,93000,1,UpdatePublished,"{'model_id': 'model_mnist_784_noniid', 'round': 6, 'ticket_id': 283, 'cid': 'sha256:016e671f05a290b03085171f99635c70766ac537e731f7cadcd4c5c5b3c1c9e2'}",mock
0x0a8f212ca9d49ff4dae42072443d5f6af0b439b1ab0113bdaf5f3806efadae12,86000,1,TicketReserved,"{'model_id': 'model_mnist_784_noniid', 'round': 6, 'ticket_id': 284, 'owner': 'acct_19'}",mock
0x299836adf858b10dc73a6d8126321bcc5bdc8b16536536f3e9223ab21075005f,93000,1,UpdatePublished,"{'model_id': 'model_mnist_784_noniid', 'round': 6, 'ticket_id': 284, 'cid': 'sha256:65680037a721a831548b62fe0531e6cb921ae8b78a087fa4b269d3483877a39a'}",mock
0xf2590f7bc1f18f37c9dfe7dfd61fa7596126d4b17b3aba8f478429965d21ae52,86000,1,TicketReserved,"{'model_id': 'model_mnist_784_noniid', 'round': 6, 'ticket_id': 285, 'owner': 'acct_20'}",mock
0x8f5026c01e58cda2adcf6af7add29f57007a3f139b50b3fcd0c30974a0b7d96b,93000,1,UpdatePublished,"{'model_id': 'model_mnist_784_noniid', 'round': 6, 'ticket_id': 285, 'cid': 'sha256:0afae489b06484ba75399262dc2c9ec11b14d3c823aacf6b95d2b423da4128f1'}",mock
0x5bfaf8ee15754fb35f16c03c065000d15aabc8f5e8b9031a0177e933edb2e56c,86000,1,TicketReserved,"{'model_id': 'model_mnist_784_noniid', 'round': 6, 'ticket_id': 286, 'owner': 'acct_21'}",mock
0x37c5b6846d19004bfcb3e8e6dda95238dbcac8074c2cabb7ac6bce76bc5857a1,93000,1,UpdatePublished,"{'model_id': 'model_mnist_784_noniid', 'round': 6, 'ticket_id': 286, 'cid': 'sha256:8283027517319eac1234017af6ecdda8d6d60b072e377ab73a3a416a5fb6b6fc'}",mock
0x51118f8eacb6b54060e6cc2003467639e9d19a18dac1f60e8dcb021905ef6a15,86000,1,TicketReserved,"{'model_id': 'model_mnist_784_noniid', 'round': 6, 'ticket_id': 287, 'owner': 'acct_23'}",mock
0xd138705dd08e75220974d80359db9fd4d4561b19bdc3f46c6c0e21c3436b4cd8,93000,1,UpdatePublished,"{'model_id': 'model_mnist_784_noniid', 'round': 6, 'ticket_id': 287, 'cid': 'sha256:711ec34294c8061cdfe5a6dca3f0dcd6a661684502d58645d42026d163cf63c8'}",mock
0xd8532a96e03c5c7e4ee2da9abaa414687c3bf0855ae7acb22cf89eb8951d236d,86000,1,TicketReserved,"{'model_id': 'model_mnist_784_noniid', 'round': 6, 'ticket_id': 288, 'owner': 'acct_24'}",mock
0x8ea33a8b7dab0c575ba1bc44118883578754f876066df1a98b9449b9ef1f0961,93000,1,UpdatePublished,"{'model_id': 'model_mnist_784_noniid', 'round': 6, 'ticket_id': 288, 'cid': 'sha256:42db619f88a77bd12c8b672dfe3180ccf551ffd93270eb430da6ad8d0c3d5873'}",mock
0x00224efa90f513b1a18419e359e6eee185f24e5f5e533c16f2dc6e68ab0b367d,86000,1,TicketReserved,"{'model_id': 'model_mnist_784_noniid', 'round': 6, 'ticket_id': 289, 'owner': 'acct_25'}",mock
0xd782733ee59ccd65ef8e282c7cdb614a42ea95bd62a6897d37b460c48d8b6764,93000,1,UpdatePublished,"{'model_id': 'model_mnist_784_noniid', 'round': 6, 'ticket_id': 289, 'cid': 'sha256:5de4b69d445999a3fb9c310cce1c1ec4ec9835083b7edde5934e53ca478ffc3a'}",mock
0x0407e3aa3b29d5a34cf892bfe06bccd5060fb72c58247896c280ab367842fc34,86000,1,TicketReserved,"{'model_id': 'model_mnist_784_noniid', 'round': 6, 'ticket_id': 290, 'owner': 'acct_27'}",mock
0x417f8b2b0d13e64700dcfa6042ac75f182c94099c990f50740f48821bc463d5a,93000,1,UpdatePublished,"{'model_id': 'model_mnist_784_noniid', 'round': 6, 'ticket_id': 290, 'cid': 'sha256:731b81cfb7729f710059c94ca3cf117de2c598aff48aa85ed5708bc34abea513'}",mock
0x1e15c4927912c87bd887ec501bae517c2e44a1d6d00d00550dd48c0f93559f0a,86000,1,TicketReserved,"{'model_id': 'model_mnist_784_noniid', 'round': 6, 'ticket_id': 291, 'owner': 'acct_29'}",mock
0x049ef4a6d486fd30b145a2e788daf807dcb191e4ab1c6073a00de0ae3dc1314d,93000,1,UpdatePublished,"{'model_id': 'model_mnist_784_noniid', 'round': 6, 'ticket_id': 291, 'cid': 'sha256:a02a281464f5557ce142ff5a4a298e419753bfa9e4d0cc2a7995a280b6e1bc3d'}",mock
0xdd47c879e4f9fa5876db13318c75a650b92f313cd6f112b314c96a405ab6f045,86000,1,TicketReserved,"{'model_id': 'model_mnist_784_noniid', 'round': 6, 'ticket_id': 292, 'owner': 'acct_30'}",mock
0xad28ad244ae4895d76a8c070b4baf72efb685070e747548d1a1f688acb2d3dd4,93000,1,UpdatePublished,"{'model_id': 'model_mnist_784_noniid', 'round': 6, 'ticket_id': 292, 'cid': 'sha256:01f26c7aeff0aa6387f2dc5246976bb1fe9bdef4bd2209cc3f82bad5172c7c81'}",mock
0x49180baed14096fc3d3333ae82646dcd37fa4358f4adda7b9f892230641f37e2,86000,1,TicketReserved,"{'model_id': 'model_mnist_784_noniid', 'round': 6, 'ticket_id': 293, 'owner': 'acct_31'}",mock
0x4b3039fc95e7828e5949e417b644fc161ac944b7a649dff476174a23f51a6624,93000,1,UpdatePublished,"{'model_id': 'model_mnist_784_noniid', 'round': 6, 'ticket_id': 293, 'cid': 'sha256:41851214eb79ad8f5dc02780919a1295faac25f868a23b487c6f566f117765fc'}",mock
0x7cf3483d9a64e053cf3006dc22673b12cad192764c9d1e43f42527ba9edae8c9,86000,1,TicketReserved,"{'model_id': 'model_mnist_784_noniid', 'round': 6, 'ticket_id': 294, 'owner': 'acct_32'}",mock
0x2ac83eb3699ebd49021d8735dabdf698fa08a5b9569454bddc3931b5facd62ad,93000,1,UpdatePublished,"{'model_id': 'model_mnist_784_noniid', 'round': 6, 'ticket_id': 294, 'cid': 'sha256:6001e129ea707aa785bf57c94ac4ef693b91bf12d3a8d5540a2b077704e735bf'}",mock
0x71c2436e114ac5003fceaec3abae746327be2da5572a1f72b533289c7d520cc9,86000,1,TicketReserved,"{'model_id': 'model_mnist_784_noniid', 'round': 6, 'ticket_id': 295, 'owner': 'acct_33'}",mock
0x78f82b23286b1ad30c4a729e57b363736a15557ab34e9e91c310cfc1f6a2a191,93000,1,UpdatePublished,"{'model_id': 'model_mnist_784_noniid', 'round': 6, 'ticket_id': 295, 'cid': 'sha256:a8694c55e602250dd4806f71c0944c1f0532e0a0b0c4d968939164caba05906c'}",mock
0x9b28b024487a96853de41e6853e1f0075e84596b001eee99e7641f188d19d7e3,86000,1,TicketReserved,"{'model_id': 'model_mnist_784_noniid', 'round': 6, 'ticket_id': 296, 'owner': 'acct_34'}",mock
0x1c026ea80cc2c6e9a2d6894b5fe3ba8e29d9d1a9e7c95529ca49f59b2d6af7f6,93000,1,UpdatePublished,"{'model_id': 'model_mnist_784_noniid', 'round': 6, 'ticket_id': 296, 'cid': 'sha256:1950df7e1a3aeab2d1cb6dd507bfceacbb3950bb5fb2337ec97ce9d651f178dd'}",mock
0x1014fa24c0a82dcc5a7199ccfc99a159e7d69a6dbecd8b21136d6bc61150edb5,86000,1,TicketReserved,"{'model_id': 'model_mnist_784_noniid', 'round': 6, 'ticket_id': 297, 'owner': 'acct_35'}",mock
0xda7a61d0bfc972937104d7751a238621845b308fe1c396edefcff754655f1526,93000,1,UpdatePublished,"{'model_id': 'model_mnist_784_noniid', 'round': 6, 'ticket_id': 297, 'cid': 'sha256:998bd636076555ee4df52f1deb3739bf001e0d0a18e0a556f4607c5a2ea3df7d'}",mock
0xe8cf9b43b19866fe3292bf6740f65ef6e6046440779cc871dd3a8ce864cdc954,86000,1,TicketReserved,"{'model_id': 'model_mnist_784_noniid', 'round': 6, 'ticket_id': 298, 'owner': 'acct_36'}",mock
0x5b93aa4320a996f7c2061e36501438cc83f969ec431407f54df46647f22ce2d1,93000,1,UpdatePublished,"{'model_id': 'model_mnist_784_noniid', 'round': 6, 'ticket_id': 298, 'cid': 'sha256:4677ff4c011ca7094afc1e0497953077db4b4bb8e2df9d390fc96ca7469499bd'}",mock
0xb51d910508878cfab9f5255d8bf4a5e1aa752ca0c41081b00645abf7e23c5616,86000,1,TicketReserved,"{'model_id': 'model_mnist_784_noniid', 'round': 6, 'ticket_id': 299, 'owner': 'acct_37'}",mock
0xdd59f266e03eff563415dfd4de3f6fd4fe3ea93a7033442bc9aa8ecb3a32df99,93000,1,UpdatePublished,"{'model_id': 'model_mnist_784_noniid', 'round': 6, 'ticket_id': 299, 'cid': 'sha256:a80c432258acede90a6f2aa4032f392d3f36d9650cfcdcf1a33a05aeea25db47'}",mock
0x1730a48b5ee89287ea8f0b239f69d01805f1333dc4ddbb73eb658e3324bc4cfb,86000,1,TicketReserved,"{'model_id': 'model_mnist_784_noniid', 'round': 6, 'ticket_id': 300, 'owner': 'acct_38'}",mock
0x023c2c818875bf10767182d7b1644dcc0d8631c559a0eed7de800260d00c89a6,93000,1,UpdatePublished,"{'model_id': 'model_mnist_784_noniid', 'round': 6, 'ticket_id': 300, 'cid': 'sha256:c59031c7604abec840120c24ab3b8e61c8c277b52e1531606e915284a154ee6f'}",mock
0x2dd241a7566bd35b6e5f501314372db383f31aab745c6c9567aff16f8bc8ba0e,86000,1,TicketReserved,"{'model_id': 'model_mnist_784_noniid', 'round': 6, 'ticket_id': 301, 'owner': 'acct_39'}",mock
0xb087cf4d286661f0a493b90954738a85872e446a8d22418348ea60f367823a83,93000,1,UpdatePublished,"{'model_id': 'model_mnist_784_noniid', 'round': 6, 'ticket_id': 301, 'cid': 'sha256:450c465e2491179429ca369f83a51afc7c160198ad9a5d3e3251321a9aef23d6'}",mock
0x58312a9f219d601dbac6075a9ff6d68493855b59419f029d6c17608b4fc6eccd,86000,1,TicketReserved,"{'model_id': 'model_mnist_784_noniid', 'round': 6, 'ticket_id': 302, 'owner': 'acct_42'}",mock
0x6f8ec011eb55168126c54343cd4622f5cbf9fea5bf41fb3913e4160ae2a49107,93000,1,UpdatePublished,"{'model_id': 'model_mnist_784_noniid', 'round': 6, 'ticket_id': 302, 'cid': 'sha256:ec6c2c1d11da68b4a6c69cdb6a02c4c336240b2603830bd78714ea4fd350112b'}",mock
0x7cbe8451ac42afdc9f670e34cc3b4f073adc3193574f09b48761d5d582026071,86000,1,TicketReserved,"{'model_id': 'model_mnist_784_noniid', 'round': 6, 'ticket_id': 303, 'owner': 'acct_44'}",mock
0x8fd4532bd25b25e3592af817a07d4d796a3fc5450c83f9e845170cf2196d8784,93000,1,UpdatePublished,"{'model_id': 'model_mnist_784_noniid', 'round': 6, 'ticket_id': 303, 'cid': 'sha256:5c9b80b9bf782e39dd7f542aef839688db4f4816dd5f46629a7d88e24297a2d8'}",mock
0xbda5552cac8f47fc2e2019603a4d0ff822469d437f4c185a8fb6ea5b4bc9c8f8,86000,1,TicketReserved,"{'model_id': 'model_mnist_784_noniid', 'round': 6, 'ticket_id': 304, 'owner': 'acct_45'}",mock
0xcd1ed30f360a9fbd890f5eb8bc87d1ac0374025bc55b16bf6a8ba651996e3284,93000,1,UpdatePublished,"{'model_id': 'model_mnist_784_noniid', 'round': 6, 'ticket_id': 304, 'cid': 'sha256:196fa0c1a1eb53e34c8ceffb5cccd270e2d11a8138fbe0ff20d2f3048eb7a117'}",mock
0x98916a71dfb4c51a26d19fc262381c446f7b25e84536a7951e5aa75c5137a54e,86000,1,TicketReserved,"{'model_id': 'model_mnist_784_noniid', 'round': 6, 'ticket_id': 305, 'owner': 'acct_46'}",mock
0xbaf68e2d5dff9a48535f194cf0fc54f775090f3dc9b23f7519ca3951d29f2f81,93000,1,UpdatePublished,"{'model_id': 'model_mnist_784_noniid', 'round': 6, 'ticket_id': 305, 'cid': 'sha256:473a8a8ba48bc8e121a170c8c341ba3250b9d6f810ccac86a65d904e20822b55'}",mock
0x598ebf6585ee86f152acaffcfbf2c8d5a331455b980fa42f6c4ec25ef73fd34e,86000,1,TicketReserved,"{'model_id': 'model_mnist_784_noniid', 'round': 6, 'ticket_id': 306, 'owner': 'acct_47'}",mock
0xabd7df5140be11ac7563fd7ddc486a38cf7c800e4146921fe2f3e0f43e78510c,93000,1,UpdatePublished,"{'model_id': 'model_mnist_784_noniid', 'round': 6, 'ticket_id': 306, 'cid': 'sha256:3b8f78c3c629ad635faa21d0d6efc5933b07a90441f14828b21e737aa314eb13'}",mock
0xa8f6ab11f7af31f8a0217824566e515fc1e0f941dd8a131c8cafcdcc5cb3367b,86000,1,TicketReserved,"{'model_id': 'model_mnist_784_noniid', 'round': 6, 'ticket_id': 307, 'owner': 'acct_49'}",mock
0x77536783e4310e47f938613ea6432c54664298e14bb7f3ec4196e78ea82723c4,93000,1,UpdatePublished,"{'model_id': 'model_mnist_784_noniid', 'round': 6, 'ticket_id': 307, 'cid': 'sha256:49ea7ea02db029b99bf971eb8205a8eb99d5c73f5ea17d9ce307eae721f4ac3f'}",mock
0xa0c7f7d3f1413cbe19789320fafc8afb39270a87cdd1767bd646c005d4fe3b9c,86000,1,TicketReserved,"{'model_id': 'model_mnist_784_noniid', 'round': 6, 'ticket_id': 308, 'owner': 'acct_50'}",mock
0x350ebdf78ce24698b738bb88d35f2a0784ac5a9744860b81705db8796c4f7a70,93000,1,UpdatePublished,"{'model_id': 'model_mnist_784_noniid', 'round': 6, 'ticket_id': 308, 'cid': 'sha256:0f54e5656b1761a687ad49ca305803c1ba0a8b5609c4053ea04fc6190e2bda61'}",mock
0x5ec54852545accbf362fbf0c40636d1b1e5e856a08db9cb9fa6390ea6452d160,965000,1,RoundFinalized,"{'model_id': 'model_mnist_784_noniid', 'round': 6, 'included': 42, 'refunds': 42}",mock
0x0ad868f87c214a84f19879bd632806c8a9848aee2cf78a6ed521551043c04b85,52000,1,RoundFunded,"{'model_id': 'model_mnist_784_noniid', 'amount_wei': 10000000000000000}",mock
0x85dc07719b9708f5a18da0ce7e051a5382b90dc6d2d9ec1ebd23829264bf6af9,86000,1,TicketReserved,"{'model_id': 'model_mnist_784_noniid', 'round': 7, 'ticket_id': 309, 'owner': 'acct_1'}",mock
0x6182437ac2a79484290b39f4ca9dbac6e51e3d66778dbc24a317ecb076a03d78,93000,1,UpdatePublished,"{'model_id': 'model_mnist_784_noniid', 'round': 7, 'ticket_id': 309, 'cid': 'sha256:0ff8aba4c37782c0ec857dcb374b9cee302eb3755975037d0b737796f31c39e6'}",mock
0xbad93d811efcbd387485f2f90fa573d489d5082cad2a38372e06d6c9d773e019,86000,1,TicketReserved,"{'model_id': 'model_mnist_784_noniid', 'round': 7, 'ticket_id': 310, 'owner': 'acct_2'}",mock
0x873711b6cc1949661519acf5847e21afa6cf2cc1c275a2ff1d35ad1cf6bd5b52,93000,1,UpdatePublished,"{'model_id': 'model_mnist_784_noniid', 'round': 7, 'ticket_id': 310, 'cid': 'sha256:c2aa9646d3e6b2cbd16e9bdb9e74328e06a71f3350749225c032d030852ef0f4'}",mock
0xbbb71134e5df5fc1c654e396a3032ff1a4344d4dce59a6cd061a50f5a1e84b8e,86000,1,TicketReserved,"{'model_id': 'model_mnist_784_noniid', 'round': 7, 'ticket_id': 311, 'owner': 'acct_3'}",mock
0x2560dd3d7c81b38b3a529155286530a9e6dc82045b5138fba3dc46a8e053fa4a,93000,1,UpdatePublished,"{'model_id': 'model_mnist_784_noniid', 'round': 7, 'ticket_id': 311, 'cid': 'sha256:ea2659bba20854087b01752b8a6a2627194d4353f04c467e6a9a5acfd739fd41'}",mock
0x48e5717a66dcf621af9a693ddfe59d58e2b683d2ea3b12420ffad716cf7237e8,86000,1,TicketReserved,"{'model_id': 'model_mnist_784_noniid', 'round': 7, 'ticket_id': 312, 'owner': 'acct_4'}",mock
0x981f2b5acb6eb66fb6de82671df5a41422825e925331e0c14659226b5e48c118,93000,1,UpdatePublished,"{'model_id': 'model_mnist_784_noniid', 'round': 7, 'ticket_id': 312, 'cid': 'sha256:5cb8f2cf38853c918f35e9923e5456ad7a403f30d18fccb10ec3e608b39eae03'}",mock
0x37d77188e671dacf5dbe155f7cb78d314a805c299c8f7a5993a1d062d9589e42,86000,1,TicketReserved,"{'model_id': 'model_mnist_784_noniid', 'round': 7, 'ticket_id': 313, 'owner': 'acct_5'}",mock
0x931f2d992164a3a1b34a11fd31fb9eaa3d61ffab9601a0f3ea9275adc75284ea,93000,1,UpdatePublished,"{'model_id': 'model_mnist_784_noniid', 'round': 7, 'ticket_id': 313, 'cid': 'sha256:b0611786303714fd92d61a2aca509861bf4bdc3d91ca663ef2ba82c842808045'}",mock
0xf66e263c76358646c76067855ca0f91aabb4d7679e92b3de09c95d61474e46f1,86000,1,TicketReserved,"{'model_id': 'model_mnist_784_noniid', 'round': 7, 'ticket_id': 314, 'owner': 'acct_6'}",mock
0xba35b51d4b091726b6d60faadaf3b7f878c56d755743dc8764fbe85bcf325081,93000,1,UpdatePublished,"{'model_id': 'model_mnist_784_noniid', 'round': 7, 'ticket_id': 314, 'cid': 'sha256:49c0911cd0eb99db9d45abcec2e3a54d4af10bd348fd47a54ab13b95d93c93f3'}",mock
0x7a0d05e22f8b3ecaf80a93ce81368d1f4fbd17f210dffaaab3d2d271f66f21fa,86000,1,TicketReserved,"{'model_id': 'model_mnist_784_noniid', 'round': 7, 'ticket_id': 315, 'owner': 'acct_7'}",mock
0xd30d72f6b64c5e4b9eb68e4296f3ada366bff6e02876b89b0179ec3ac0f5314d,93000,1,UpdatePublished,"{'model_id': 'model_mnist_784_noniid', 'round': 7, 'ticket_id': 315, 'cid': 'sha256:b740616a8f4970e618a6fdcc4a25beb96b742bd1c585103f1d3c92df86bcdd9d'}",mock
0xd8c0ce0dc32da3885c9d954aa4f534ce6ef9ef3dc3c21f04b5b168aac58661e3,86000,1,TicketReserved,"{'model_id': 'model_mnist_784_noniid', 'round': 7, 'ticket_id': 316, 'owner': 'acct_8'}",mock
0xea5325c46de8281a86a14db53c666d619ed48e708ead7cc52179ae0042207acb,93000,1,UpdatePublished,"{'model_id': 'model_mnist_784_noniid', 'round': 7, 'ticket_id': 316, 'cid': 'sha256:1407fa5e70a82533e01bb19d31cd2eca7f137fee1e9c17571e3c74ec5009e79a'}",mock
0x1fce72011f96c3cc5ab8c0c4b0a464d274fc14d541e68485b82b78a2b1486319,86000,1,TicketReserved,"{'model_id': 'model_mnist_784_noniid', 'round': 7, 'ticket_id': 317, 'owner': 'acct_9'}",mock
0x0f478bfea398162829836e0d9934058c5d82cb385a24e1f2d1034ad798dce2e0,93000,1,UpdatePublished,"{'model_id': 'model_mnist_784_noniid', 'round': 7, 'ticket_id': 317, 'cid': 'sha256:8588a192bc6afec57c7fd312cc0abf02df3c37b6df6610a86ed4be387afc42c5'}",mock
0x9565c0e5d0ab10ceb31737d95dd2afc7ad450c486261f7bf0180e8e63e3a4969,86000,1,TicketReserved,"{'model_id': 'model_mnist_784_noniid', 'round': 7, 'ticket_id': 318, 'owner': 'acct_10'}",mock
0xb99dfe5e9d5d36736008a27280bed21b2efa2b021feb6de77e20a4bfd6476891,93000,1,UpdatePublished,"{'model_id': 'model_mnist_784_noniid', 'round': 7, 'ticket_id': 318, 'cid': 'sha256:cb49479c8592772a4e2ffe753f44d6fe18982951a61a5f076f7bd57a1cdd3473'}",mock
0x856c1c0f171ee92a5571cb0bf4a5b355bcb04004e205862b0234d9939f32cad8,86000,1,TicketReserved,"{'model_id': 'model_mnist_784_noniid', 'round': 7, 'ticket_id': 319, 'owner': 'acct_11'}",mock
0x193b16793c2dd564d25fd707df7092e5b1bb41fd9fddffb764d9ed16e41d16c8,93000,1,UpdatePublished,"{'model_id': 'model_mnist_784_noniid', 'round': 7, 'ticket_id': 319, 'cid': 'sha256:5e6667a902510922546f817738439638ee539834f9e4e209cb66ed9addd5aba2'}",mock
0xe285c0fb99180e0864bf28da2e07b846b62b3a1730c9ece98d560b5162475ae0,86000,1,TicketReserved,"{'model_id': 'model_mnist_784_noniid', 'round': 7, 'ticket_id': 320, 'owner': 'acct_12'}",mock
0x233c1032bd9e82a21e4eb0f641dbe6ac9f72bc4c95a3b1a0f861e669f5eda23c,93000,1,UpdatePublished,"{'model_id': 'model_mnist_784_noniid', 'round': 7, 'ticket_id': 320, 'cid': 'sha256:36a136d47df0a79ce6859323a85e5ca995cb240525327e4a0fc78cd151cbc0f7'}",mock
0x1ed8361334bbe55f0ded2f8dc73d97e7d8299e847fd905b448d77b4e7de67581,86000,1,TicketReserved,"{'model_id': 'model_mnist_784_noniid', 'round': 7, 'ticket_id': 321, 'owner': 'acct_13'}",mock
0xefde6f73972a55423d0efce9ac7371c1568df280c4a17550b39e1aae370aabb7,93000,1,UpdatePublished,"{'model_id': 'model_mnist_784_noniid', 'round': 7, 'ticket_id': 321, 'cid': 'sha256:88f61b3e68fdbab8600b63c33588819e8a5a3a35d59d63d8cc86750ef830307a'}",mock
0x7149325a3d256d6c0c8c5348ce14b23afe28f6bd2b16057e01d6841fb3a8b373,86000,1,TicketReserved,"{'model_id': 'model_mnist_784_noniid', 'round': 7, 'ticket_id': 322, 'owner': 'acct_14'}",mock
0xce9f52369224006f9244b0883bfb2b99844a2f75d8b45bd9c32bb1c5fa0af701,93000,1,UpdatePublished,"{'model_id': 'model_mnist_784_noniid', 'round': 7, 'ticket_id': 322, 'cid': 'sha256:1654818590ffe6ffb1a9d26ed87c223c5f1ac50496923f8068f48e793b802dfc'}",mock
0xf68944379360d28d8db58b253ed4be91997716aa684bb511b993ebe069d00e2f,86000,1,TicketReserved,"{'model_id': 'model_mnist_784_noniid', 'round': 7, 'ticket_id': 323, 'owner': 'acct_15'}",mock
0xdc86407a4810240ccf7937c3fa6c6f8a6d4f91b1152d680e0f479b40ee9ddf8a,93000,1,UpdatePublished,"{'model_id': 'model_mnist_784_noniid', 'round': 7, 'ticket_id': 323, 'cid': 'sha256:80e450c7a1a1e908a1e9e0adc59bdaf45212f2a8e3b9cff9a89cfb50ab50aff1'}",mock
0x9b316b6679147868b9446a2264c5d13470d922026f0d229de67d8030f0a08e95,86000,1,TicketReserved,"{'model_id': 'model_mnist_784_noniid', 'round': 7, 'ticket_id': 324, 'owner': 'acct_16'}",mock
0x91a4662c6bca466c69bc65a6f3e672671b0facb8862dd81ec65e749462d391df,93000,1,UpdatePublished,"{'model_id': 'model_mnist_784_noniid', 'round': 7, 'ticket_id': 324, 'cid': 'sha256:bff6ea1a79274402576de2f5e4f1e75c51113818db165555252b234b967cb193'}",mock
0xf5454d5073716f795ef35f30ae48792a043cb87548f68f7712c040c3c2dbc4dd,86000,1,TicketReserved,"{'model_id': 'model_mnist_784_noniid', 'round': 7, 'ticket_id': 325, 'owner': 'acct_17'}",mock
0x6b63765ee3dda4e4e268b57d9e640eed450d8ad40f587c3e7cb37a0c465813be,93000,1,UpdatePublished,"{'model_id': 'model_mnist_784_noniid', 'round': 7, 'ticket_id': 325, 'cid': 'sha256:f0da7b7c1605ef8333d1c865fa48cf919519fdb87145783d46e3dd38c9e629ba'}",mock
0x84c461802925dd75d5c9f6039be790c665abbb98d3019d247de828aa9521b218,86000,1,TicketReserved,"{'model_id': 'model_mnist_784_noniid', 'round': 7, 'ticket_id': 326, 'owner': 'acct_18'}",mock
0xcb0111316b6c5a33a4bbc4eda21cf3c83a18bf82507cec1bfa46bf02ac568884,93000,1,UpdatePublished,"{'model_id': 'model_mnist_784_noniid', 'round': 7, 'ticket_id': 326, 'cid': 'sha256:80ee746afdffc72001362c08422f6341ecc800042bc2217acf165af67e46be46'}",mock
0x4d3e2f94b3b6575616fff263d95b768c1f5430799f2802ec315bb64f15dad9ec,86000,1,TicketReserved,"{'model_id': 'model_mnist_784_noniid', 'round': 7, 'ticket_id': 327, 'owner': 'acct_19'}",mock
0x7249fc7d7c54ff1af92e0dcd44a90067d0d92b637deef0cce699967b3d071678,93000,1,UpdatePublished,"{'model_id': 'model_mnist_784_noniid', 'round': 7, 'ticket_id': 327, 'cid': 'sha256:4ac9622b7300bb4e5ad43b8bca075c775058cc4923a055bb5732e39c7bed2cc4'}",mock
0xe957566a9537b0042ca3043d9c04c6b9cf376c00f0adcbc3c44028dacb02595b,86000,1,TicketReserved,"{'model_id': 'model_mnist_784_noniid', 'round': 7, 'ticket_id': 328, 'owner': 'acct_20'}",mock
0x7891a71b4cd7c5528b4ccdfd1fa4522ddddf3dea165a2175a739f455e472e6d3,93000,1,UpdatePublished,"{'model_id': 'model_mnist_784_noniid', 'round': 7, 'ticket_id': 328, 'cid': 'sha256:9fd6bd3da7b7bd6f45e5a6f0a7f4d1c6395b956fccfa01aada441e2fb6faff4b'}",mock
0x16ec99134f47b9b7180725efdd030ca7e6c692d4bb3768c4a1a2f22a90f428fd,86000,1,TicketReserved,"{'model_id': 'model_mnist_784_noniid', 'round': 7, 'ticket_id': 329, 'owner': 'acct_21'}",mock
0x52edfe8683cd8bab0cc5ede1253e0836a3683c0b7ec7bb77954ab10f283b494f,93000,1,UpdatePublished,"{'model_id': 'model_mnist_784_noniid', 'round': 7, 'ticket_id': 329, 'cid': 'sha256:fa08fcc5ed27f6b7aeb34a249fd61725cd6a38a1fd697876868cf29bef11655f'}",mock
0x95f66781a454a7eccd090db295e996c26927d0ea523255726adde346f15711c4,86000,1,TicketReserved,"{'model_id': 'model_mnist_784_noniid', 'round': 7, 'ticket_id': 330, 'owner': 'acct_23'}",mock
0x99f39b9826d6c86a75e2ccd0158c594b6575cdad925a27d7c049d8f4fd9a7fc5,93000,1,UpdatePublished,"{'model_id': 'model_mnist_784_noniid', 'round': 7, 'ticket_id': 330, 'cid': 'sha256:b890ad6f64915a50219622a12970b79f83533e7b1f3b4af1de3b7b3d326694dc'}",mock
0x17fce89e22dbb56ab543d4856e699b63f963b6369c94e6621cd7f5bc4c6566fa,86000,1,TicketReserved,"{'model_id': 'model_mnist_784_noniid', 'round': 7, 'ticket_id': 331, 'owner': 'acct_24'}",mock
0xa159ba7cff55197266676afaacd8f59892779ff54f474f618ec1c2d3d0885ca1,93000,1,UpdatePublished,"{'model_id': 'model_mnist_784_noniid', 'round': 7, 'ticket_id': 331, 'cid': 'sha256:9bad9eaf0b059aeda8eee6547a916baa4728061ae2a2810bdc4564229d7cd622'}",mock
0xa43f00289fee58d058961c473957e15dddbb040657a5e547e6943575ecf656ee,86000,1,TicketReserved,"{'model_id': 'model_mnist_784_noniid', 'round': 7, 'ticket_id': 332, 'owner': 'acct_25'}",mock
0x86e2c515a34363ea16b7155a407156e4414c7b331045aaeb5aed0a6ca36ec633,93000,1,UpdatePublished,"{'model_id': 'model_mnist_784_noniid', 'round': 7, 'ticket_id': 332, 'cid': 'sha256:f419d17b1ea085fb397b577d00b190c48c336ea3a4575a40d75c92e30d2bd28c'}",mock
0xa8cf9c2f440f1b5812436c06b98f691d947cf9efa9dbae590eb702eb4410efde,86000,1,TicketReserved,"{'model_id': 'model_mnist_784_noniid', 'round': 7, 'ticket_id': 333, 'owner': 'acct_26'}",mock
0x4a7a2bc9f12de1f3e59c7e606f5d59da11c528f7a8563c29257552f0727e76c8,93000,1,UpdatePublished,"{'model_id': 'model_mnist_784_noniid', 'round': 7, 'ticket_id': 333, 'cid': 'sha256:7dfacb3469ed64cf7e3c68af6e98bb0a18a607018c66758b547589b7be08428d'}",mock
0x6806f509d7f7a684f94d3c4e8d5d2d72b984fdc9fac0f7a02e14696426f23417,86000,1,TicketReserved,"{'model_id': 'model_mnist_784_noniid', 'round': 7, 'ticket_id': 334, 'owner': 'acct_28'}",mock
0x3a7cde4d1d2db0041894e876a6980f7770a50af47949615ca9585befca09cf88,93000,1,UpdatePublished,"{'model_id': 'model_mnist_784_noniid', 'round': 7, 'ticket_id': 334, 'cid': 'sha256:411801e185bf0a012a0cec7e32923b46156ef970e882bd5c0a9675db92d9d5f3'}",mock
0x8acb122efc7b640dd36e682f8afffcf5231d4a7456d820cf4bb8b399d2ccf042,86000,1,TicketReserved,"{'model_id': 'model_mnist_784_noniid', 'round': 7, 'ticket_id': 335, 'owner': 'acct_29'}",mock
0xf0b1ef5f621715346accece24383c74b5fe85f711dbc170533b7e1fd24fcfb39,93000,1,UpdatePublished,"{'model_id': 'model_mnist_784_noniid', 'round': 7, 'ticket_id': 335, 'cid': 'sha256:a413dfa67e7b0e2e09fbee7ce470afd8ae7bd6b4ba72ba635e7f1b4c0902598b'}",mock
0x001e854df0a008b030c0465ed5488601e364556de8300133cf498bb91037ee64,86000,1,TicketReserved,"{'model_id': 'model_mnist_784_noniid', 'round': 7, 'ticket_id': 336, 'owner': 'acct_30'}",mock
0xeef2249b5dc54e40e2d456c6e1103b1ff204da643c11d53fcd8c44987b1aca9d,93000,1,UpdatePublished,"{'model_id': 'model_mnist_784_noniid', 'round': 7, 'ticket_id': 336, 'cid': 'sha256:38470ee33eaab4c87fa73a3a38cea8f5be5e8537194126b4acf1a14bfa128f81'}",mock
0xdb028adc3459f1d6c6509419c1e87e3183ca071f07b288588748b767e50fa2db,86000,1,TicketReserved,"{'model_id': 'model_mnist_784_noniid', 'round': 7, 'ticket_id': 337, 'owner': 'acct_31'}",mock
0x36ffe24a4b9d6ee5d7392c6049fa7bfbdd49b460e551fa435ab45dceb1bee9cf,93000,1,UpdatePublished,"{'model_id': 'model_mnist_784_noniid', 'round': 7, 'ticket_id': 337, 'cid': 'sha256:5f83d030d1826d10cb651f104e1381d908d1962aca803a61e04e391172eb2ca6'}",mock
0x46a5f11afa629231ff517be6f963749de66ba6e299848361e06e99ea105209a3,86000,1,TicketReserved,"{'model_id': 'model_mnist_784_noniid', 'round': 7, 'ticket_id': 338, 'owner': 'acct_32'}",mock
0x1b841f89cdfc68f668e07f7220082547e5c3c8761786dfb68a4038fac38a8991,93000,1,UpdatePublished,"{'model_id': 'model_mnist_784_noniid', 'round': 7, 'ticket_id': 338, 'cid': 'sha256:78f20cbbdd7da282d4573480ef6525c8a7d10a9607bfdc9912606e0ab03c63b0'}",mock
0xc6c727eac36eb943bdbada4082484c6652ff5ef28763c93d8a6440391c462eb6,86000,1,TicketReserved,"{'model_id': 'model_mnist_784_noniid', 'round': 7, 'ticket_id': 339, 'owner': 'acct_33'}",mock
0x0f5443524d5717e5c8242a6e3ac75dbb755321b05a8133954878fc2e5ba430a5,93000,1,UpdatePublished,"{'model_id': 'model_mnist_784_noniid', 'round': 7, 'ticket_id': 339, 'cid': 'sha256:cf3c103632fd6f0b5596583706a35baf9f21f53c8c3e24d70d3a0b05faf04e61'}",mock
0x067dbc9933956a2d1f9bae6407374a5d386c18de59ea30776cdcf5c74a2d03d3,86000,1,TicketReserved,"{'model_id': 'model_mnist_784_noniid', 'round': 7, 'ticket_id': 340, 'owner': 'acct_34'}",mock
0x18ee1cbb79a17e3312dd0f412f629007dbfbab2c3280ead774baa0251fb2a602,93000,1,UpdatePublished,"{'model_id': 'model_mnist_784_noniid', 'round': 7, 'ticket_id': 340, 'cid': 'sha256:e98a8cfd51d8cd6e69876e670f975f5e7c5ad4476b45791a428e841c10eb2bba'}",mock
0xd6befd2b51557f742516fc8532a8f2cd75553ac5b1fdc4c27412387c394171bb,86000,1,TicketReserved,"{'model_id': 'model_mnist_784_noniid', 'round': 7, 'ticket_id': 341, 'owner': 'acct_35'}",mock
0x40ce8bb691c6df8108a1ab0676b6a5449033643e520ba6e74d5c7d4695e6369a,93000,1,UpdatePublished,"{'model_id': 'model_mnist_784_noniid', 'round': 7, 'ticket_id': 341, 'cid': 'sha256:804140b68c80876c26ade10c95e4e51d3e1eba920d7e186a3d87fa85c2778199'}",mock
0x33b30086bd5847e5ed7ff5bcac9355d79484e5803ac689933cbe2d04042a9dee,86000,1,TicketReserved,"{'model_id': 'model_mnist_784_noniid', 'round': 7, 'ticket_id': 342, 'owner': 'acct_36'}",mock
0xd75bdae7fd37d514a7502093ff4a17643fcfa283dec6c7a549bb09e6d0e16bbb,93000,1,UpdatePublished,"{'model_id': 'model_mnist_784_noniid', 'round': 7, 'ticket_id': 342, 'cid': 'sha256:85c53076483d185d0352db91f3ec5c8ae7711698b3d1e481462a394e6dee69b6'}",mock
0x0692ca1172ba043c9bb3f5797b19c2e0f0aa4d784de44b65c9fac63cf9b293b4,86000,1,TicketReserved,"{'model_id': 'model_mnist_784_noniid', 'round': 7, 'ticket_id': 343, 'owner': 'acct_38'}",mock
0x2fe3417b8e17830825d83c0fb20c047164de5fb991f6db29097cae388ce6c8a3,93000,1,UpdatePublished,"{'model_id': 'model_mnist_784_noniid', 'round': 7, 'ticket_id': 343, 'cid': 'sha256:d1c89299d17e128d6bbcdb16bc8210ca7547a774336b4f593303b2fa2acb943d'}",mock
0x4cb52689a5b32327de5e5f2a0c9a3499f917d9a95aba9a1947d52e7d3c34ca6d,86000,1,TicketReserved,"{'model_id': 'model_mnist_784_noniid', 'round': 7, 'ticket_id': 344, 'owner': 'acct_39'}",mock
0x3bc636df11e98b70ecc1f1462d754c8534c2b497eb510a6c6287541ed9081131,93000,1,UpdatePublished,"{'model_id': 'model_mnist_784_noniid', 'round': 7, 'ticket_id': 344, 'cid': 'sha256:8345421e6c3f578d8a829f9d1ba0e93e860d890f4d187ce03a987cd9d62d34df'}",mock
0xbd87dd59ce198c9c6e93b55778bc04fceeac2396eff4451806e70c6469c836a8,86000,1,TicketReserved,"{'model_id': 'model_mnist_784_noniid', 'round': 7, 'ticket_id': 345, 'owner': 'acct_40'}",mock
0x6a105560d621882c799a0dbe2553506e7143784fd9cd3e02defd17c4ab4efc74,93000,1,UpdatePublished,"{'model_id': 'model_mnist_784_noniid', 'round': 7, 'ticket_id': 345, 'cid': 'sha256:897d87e2155f656adc93d2214f444da9de77d5d492038c870cbbd7ea52771cee'}",mock
0x5b04b6355217ef4105484cc53d17ac6020276105132569548e83e4d3e4c25109,86000,1,TicketReserved,"{'model_id': 'model_mnist_784_noniid', 'round': 7, 'ticket_id': 346, 'owner': 'acct_41'}",mock
0x2788567f13530eef23fb7c1d798c7e30a1f3d8bc3ed43ae3ffb28dcd0036030a,93000,1,UpdatePublished,"{'model_id': 'model_mnist_784_noniid', 'round': 7, 'ticket_id': 346, 'cid': 'sha256:a6d30fad03d766668522a98424a5ae1ee936d85a5b3dcb783220962311326cef'}",mock
0x4a39a6c756788014db9105596cafac8519929e14ac690754de97d65d2bd2cbe0,86000,1,TicketReserved,"{'model_id': 'model_mnist_784_noniid', 'round': 7, 'ticket_id': 347, 'owner': 'acct_42'}",mock
0xbf6d63e80ebb56dba1d5e4bac4da7794b1eb075c88b54c87e9c93d4b2d15f3f2,93000,1,UpdatePublished,"{'model_id': 'model_mnist_784_noniid', 'round': 7, 'ticket_id': 347, 'cid': 'sha256:541d56942dddcbb6b7e8e554e401e3f342d45d6d746d1690cb66fd9b0e03b6f4'}",mock
0x18e9a22f1c8e2b578d997bbafdae794eaafbdc0867b84e9d70ea549764271882,86000,1,TicketReserved,"{'model_id': 'model_mnist_784_noniid', 'round': 7, 'ticket_id': 348, 'owner': 'acct_43'}",mock
0x37b390561ba578b28f9d0a1646147569fb262b799709dfa915dc3e8316687c71,93000,1,UpdatePublished,"{'model_id': 'model_mnist_784_noniid', 'round': 7, 'ticket_id': 348, 'cid': 'sha256:6abbb14df9159f13f94c73eb05af569af6cd0578138f2feae131912c11f1c84a'}",mock
0x06d34bfcdf650987584fd51d21a0bbd885dcef250e56c0493e165d45ed99d41a,86000,1,TicketReserved,"{'model_id': 'model_mnist_784_noniid', 'round': 7, 'ticket_id': 349, 'owner': 'acct_44'}",mock
0xe4dd38d6aa140f5fcaa68acefc11b5479d0e28dccbe652b7341a4cb703fffe8a,93000,1,UpdatePublished,"{'model_id': 'model_mnist_784_noniid', 'round': 7, 'ticket_id': 349, 'cid': 'sha256:5f8c5e94c3d8b2d4c5c6b1765086120d2095be97ed3080321797e53d7cce63b6'}",mock
0xe348b17a794360f937d3e6b48f13dbcb336676e1adeb8b5fd25d07dbfc74acbb,86000,1,TicketReserved,"{'model_id': 'model_mnist_784_noniid', 'round': 7, 'ticket_id': 350, 'owner': 'acct_45'}",mock
0xe03034deb7be490e29e27a68b12933c72b3d7cd8478d9ee38d3b173ffee679a4,93000,1,UpdatePublished,"{'model_id': 'model_mnist_784_noniid', 'round': 7, 'ticket_id': 350, 'cid': 'sha256:007ee0dcc5bd4d10c824982057439646a3909dc17e32134bcc1a20bbab837d58'}",mock
0xb4dbaa9395f4ee58cad07416c7dab419df8e4649b791a7b18b4975b693af69e8,86000,1,TicketReserved,"{'model_id': 'model_mnist_784_noniid', 'round': 7, 'ticket_id': 351, 'owner': 'acct_46'}",mock
0xf5b82479fe3125687ba9b49a0e83e213bd236ef2fcdb10832d2679ec6fa9d944,93000,1,UpdatePublished,"{'model_id': 'model_mnist_784_noniid', 'round': 7, 'ticket_id': 351, 'cid': 'sha256:274ad14e23d1d0217fd915fc487372d543403a7b6aeb1ae446141ffccf1f04dd'}",mock
0xe92426e22bb28e0bda5c86940dede8a8a66e4b71315cce3dcd3ff70fd375703f,86000,1,TicketReserved,"{'model_id': 'model_mnist_784_noniid', 'round': 7, 'ticket_id': 352, 'owner': 'acct_47'}",mock
0x796667fd991e7a9607448c6f8dd13ae3e8922416a4f1cba9512db68b728705c8,93000,1,UpdatePublished,"{'model_id': 'model_mnist_784_noniid', 'round': 7, 'ticket_id': 352, 'cid': 'sha256:c694ec5e311b011ed161c074785ac64a5c9db6a183d11f0b6a6429e7f5c45806'}",mock
0x18f6f038aff42a4a3b2ec6708ddec563b7c9a03a79b1e72e654c29eea24f040e,86000,1,TicketReserved,"{'model_id': 'model_mnist_784_noniid', 'round': 7, 'ticket_id': 353, 'owner': 'acct_48'}",mock
0x7b445cc0e0ef22b4e9471fe5d9ab3237b9f1287968af8eaaf282f615393b2bc6,93000,1,UpdatePublished,"{'model_id': 'model_mnist_784_noniid', 'round': 7, 'ticket_id': 353, 'cid': 'sha256:52d34af1cdec6efeb513e899d3a02eb034032d1ace3115b339fdd734e83b7c06'}",mock
0x11d67ea24eb934119a701b16f9f21aad8273f8c8c831cb1eafa3031e8a0b418e,86000,1,TicketReserved,"{'model_id': 'model_mnist_784_noniid', 'round': 7, 'ticket_id': 354, 'owner': 'acct_50'}",mock
0x4681f6035241a6971473f20d2ab6009576f66f33b4163870f605785f969140a7,93000,1,UpdatePublished,"{'model_id': 'model_mnist_784_noniid', 'round': 7, 'ticket_id': 354, 'cid': 'sha256:4828b2371f3c8e3c49929693d26810c4ebd96bdc948354a4d614c9ba266aadf4'}",mock
0xdd2bc2eab517fc2ee4f67c4f8bd59c792350214032708d1378ef48236e32e8bb,1045000,1,RoundFinalized,"{'model_id': 'model_mnist_784_noniid', 'round': 7, 'included': 46, 'refunds': 46}",mock
0x614b60c3874da59196a8e70cf54b13f046b968a7f3a62ed0ee61e23dc5e493f2,52000,1,RoundFunded,"{'model_id': 'model_mnist_784_noniid', 'amount_wei': 10000000000000000}",mock
0x8a6251446d179ed65eca26ceecbd0302d89446aa688b54ed0821b83580b136c9,86000,1,TicketReserved,"{'model_id': 'model_mnist_784_noniid', 'round': 8, 'ticket_id': 355, 'owner': 'acct_2'}",mock
0x8561ce9cb97b64e5e5001bb84f58bf1716ca0dc0162b7e97c4e33e2e281644ea,93000,1,UpdatePublished,"{'model_id': 'model_mnist_784_noniid', 'round': 8, 'ticket_id': 355, 'cid': 'sha256:7228d2b3752489f71f0b58756053e0d70ee4ae22fa3c0147f2a86ae73e4c745f'}",mock
0x297e21496b0b730e7aed363ae4bb195da56b108d07a5d985ef9d3935ed9eebd7,86000,1,TicketReserved,"{'model_id': 'model_mnist_784_noniid', 'round': 8, 'ticket_id': 356, 'owner': 'acct_3'}",mock
0x0210924f2ddefbae1fe0f996664fbe5862b107262b6c44f7f4c293f455d2aeda,93000,1,UpdatePublished,"{'model_id': 'model_mnist_784_noniid', 'round': 8, 'ticket_id': 356, 'cid': 'sha256:8592591bdb03a332f08f425e56752a154a083360f1c3bbc2c6abf2fa7afefdde'}",mock
0xb85ebcdb82c115480e79ded6c86b46a2afdee0c302cd700591f0a3369e4d2427,86000,1,TicketReserved,"{'model_id': 'model_mnist_784_noniid', 'round': 8, 'ticket_id': 357, 'owner': 'acct_4'}",mock
0x97dd310ead5bb9f9008430761b403eec5731c253549e8ecf9b98a85903d9b1ec,93000,1,UpdatePublished,"{'model_id': 'model_mnist_784_noniid', 'round': 8, 'ticket_id': 357, 'cid': 'sha256:5fe08cd4451a7cd0c33570d68a64d8630e98bcc1f2051ee77a773e7e1e0d8f02'}",mock
0x697f6b4bda0fecade27725fea64a2608e131c4eff284214c9bb44b504002a9f6,86000,1,TicketReserved,"{'model_id': 'model_mnist_784_noniid', 'round': 8, 'ticket_id': 358, 'owner': 'acct_5'}",mock
0x33b4009d6d4e028987bd2d3a7d0b2a2c50a6d5b79e50bb7057680417ac705ab4,93000,1,UpdatePublished,"{'model_id': 'model_mnist_784_noniid', 'round': 8, 'ticket_id': 358, 'cid': 'sha256:f7b5083e924476f38aa846b9e90188d50d4604b149b274252866adc678ffb0bf'}",mock
0x2fbd6718dc4a732446683eec67e7117db1a5a26b0131bf4567dae44a808e81a0,86000,1,TicketReserved,"{'model_id': 'model_mnist_784_noniid', 'round': 8, 'ticket_id': 359, 'owner': 'acct_6'}",mock
0x55e32fdb4f8de2d299192ce5313c17857be4f44b405d211ef025f415aa2094fb,93000,1,UpdatePublished,"{'model_id': 'model_mnist_784_noniid', 'round': 8, 'ticket_id': 359, 'cid': 'sha256:220746dceca857b3cf34c0ca92696402eca2c48956b6d32f67434b999c90e738'}",mock
0x342ba35b99f4f81b5b25e0724327ff416b3620555070117ace35120386860af9,86000,1,TicketReserved,"{'model_id': 'model_mnist_784_noniid', 'round': 8, 'ticket_id': 360, 'owner': 'acct_8'}",mock
0xfc531233be82c6b64de0266f1d80186550f91a7f2b858b6261761e2c60499488,93000,1,UpdatePublished,"{'model_id': 'model_mnist_784_noniid', 'round': 8, 'ticket_id': 360, 'cid': 'sha256:2cfbd8fdf26c6e9b62480ad6f2da0d8a27c72273d51561b07cdcacd7820b71c7'}",mock
0xec943febc48678c9e08939b041a68653bf830eca28cd116b1d9597c4bd12251a,86000,1,TicketReserved,"{'model_id': 'model_mnist_784_noniid', 'round': 8, 'ticket_id': 361, 'owner': 'acct_9'}",mock
0xfb5d619ecf8741ad7f55b7a671f3b93fbdd13e2a4c25c4520bade18435333ada,93000,1,UpdatePublished,"{'model_id': 'model_mnist_784_noniid', 'round': 8, 'ticket_id': 361, 'cid': 'sha256:4ceaa8a8820e871c268fd23ebaa1a3053044872fd16a2764d2399b6d186741ec'}",mock
0x9d246fcf2d26c075e0fcd791d9b2aef59da2d3747a04ef776cc6c302a468d457,86000,1,TicketReserved,"{'model_id': 'model_mnist_784_noniid', 'round': 8, 'ticket_id': 362, 'owner': 'acct_10'}",mock
0xe513350c97df1ce045d8a0b1456095fcc83c2672709d2eeea4bd3e2fee747b02,93000,1,UpdatePublished,"{'model_id': 'model_mnist_784_noniid', 'round': 8, 'ticket_id': 362, 'cid': 'sha256:63ddf6c8b8a3eb7110fd7e9ab7b05beb774f59f9f7e9f2847371f74975903713'}",mock
0x297fa37c0763bcf3f6d2ab5fd4b4da550ac98ce07511dd0908af1a77eaff21fd,86000,1,TicketReserved,"{'model_id': 'model_mnist_784_noniid', 'round': 8, 'ticket_id': 363, 'owner': 'acct_11'}",mock
0x9fdcc9c939ba9a13ae81c2d4f620d0ecc6863937a9d120a0393f5c591c90f482,93000,1,UpdatePublished,"{'model_id': 'model_mnist_784_noniid', 'round': 8, 'ticket_id': 363, 'cid': 'sha256:120d7b114846926d9876124ad190e09c3eb656bd8898d5b97827a8f7fca1e7eb'}",mock
0x6f35cd723ffa39450941d4d40a14b51064cb58151a96dbaa8e7be4c90ce85f74,86000,1,TicketReserved,"{'model_id': 'model_mnist_784_noniid', 'round': 8, 'ticket_id': 364, 'owner': 'acct_12'}",mock
0x2cf1504986fb0bfb598d21773ce78dc0c47102e22a548b0005ea4a7a27b7aae8,93000,1,UpdatePublished,"{'model_id': 'model_mnist_784_noniid', 'round': 8, 'ticket_id': 364, 'cid': 'sha256:b0d2853d685122237290236aa03a0e2c655eaaa9a03cf40492f7e809d44585f6'}",mock
0x6e171306f6eb79bde178eb652095a4897c36b604ab119e97459553af74107fb2,86000,1,TicketReserved,"{'model_id': 'model_mnist_784_noniid', 'round': 8, 'ticket_id': 365, 'owner': 'acct_13'}",mock
0x3b5c90e0ff25f33ff8700544408a7e58647679d74709a9cfce54942eca7485d9,93000,1,UpdatePublished,"{'model_id': 'model_mnist_784_noniid', 'round': 8, 'ticket_id': 365, 'cid': 'sha256:d3bd57fc4c06b4a7d21f11c49f13920f26f6bd4f3a8d821e826627d1955c95a1'}",mock
0x3930eb0093f773bbe914d13a63b8e705d0209f5e1fcabf32187279f5400bd62d,86000,1,TicketReserved,"{'model_id': 'model_mnist_784_noniid', 'round': 8, 'ticket_id': 366, 'owner': 'acct_14'}",mock
0x58ea62cd58a2dbd7d53e5f78e423d6edbc7ce9615d064c9ca0a7f95b43cd9b92,93000,1,UpdatePublished,"{'model_id': 'model_mnist_784_noniid', 'round': 8, 'ticket_id': 366, 'cid': 'sha256:1f1185703f8b4f25083b30cbf979af364b9c94a546593907a5a7dcab8f0810a7'}",mock
0xe42d49fec30adc7a4b07ef137c38e91b123c7fa08d2af2f74f3c15a3b1287dff,86000,1,TicketReserved,"{'model_id': 'model_mnist_784_noniid', 'round': 8, 'ticket_id': 367, 'owner': 'acct_15'}",mock
0x012e29f2ec9726dd6495e7fec7bf4bd2d72e4952d0d6d8136a07b8dbee278c30,93000,1,UpdatePublished,"{'model_id': 'model_mnist_784_noniid', 'round': 8, 'ticket_id': 367, 'cid': 'sha256:cde141a3b0cc3f2668eb94929709681663d613bb7ff59e9d37f95b3342904b43'}",mock
0x4d7684a948b1e2d7cabc23427c829d3ef46407980ab28aec8034282cf9980fa9,86000,1,TicketReserved,"{'model_id': 'model_mnist_784_noniid', 'round': 8, 'ticket_id': 368, 'owner': 'acct_16'}",mock
0x3f4f73560ebc8febf5ad569393d39232f24b68d234b0b0623c206be50a8f6a79,93000,1,UpdatePublished,"{'model_id': 'model_mnist_784_noniid', 'round': 8, 'ticket_id': 368, 'cid': 'sha256:523f137fd71f4813c0f4849016a2193bbd4b2d620648943a3500ab7c89e71af8'}",mock
0x344b48e434255672f0b1d5f80634f346ee6e92f598b42d0c6d39bf79b60320ce,86000,1,TicketReserved,"{'model_id': 'model_mnist_784_noniid', 'round': 8, 'ticket_id': 369, 'owner': 'acct_17'}",mock
0xf44a693da24da28e2fdea278c5bee37542d91f3a5912b81f4b846b3b12a703ca,93000,1,UpdatePublished,"{'model_id': 'model_mnist_784_noniid', 'round': 8, 'ticket_id': 369, 'cid': 'sha256:7400b7b3579707e4e6a8874812d3502de7727a3d2ef2172d0a93c505c5d5dcdf'}",mock
0x95c92a9b870bf49f858f2b4d68cf5f2567286b4a5889ab797c800aa6ebc1cc01,86000,1,TicketReserved,"{'model_id': 'model_mnist_784_noniid', 'round': 8, 'ticket_id': 370, 'owner': 'acct_18'}",mock
0xc2be28c6900c09c74d091837f54933a0029af02b9f5b2e6bd8714660694c88af,93000,1,UpdatePublished,"{'model_id': 'model_mnist_784_noniid', 'round': 8, 'ticket_id': 370, 'cid': 'sha256:332fb3b42f42d6b6614d05bf5e0d8814ac42ebbea2480abc5d80ccefe4802449'}",mock
0x93bef2d81c1799f88838d9f7d8d0c61c37559467bc8c85546922ae539ba70328,86000,1,TicketReserved,"{'model_id': 'model_mnist_784_noniid', 'round': 8, 'ticket_id': 371, 'owner': 'acct_19'}",mock
0x0a2c930cba2f0ffbe4a957b64c25000a56cee2b8cfeb23bc7761b66c60ae9c9b,93000,1,UpdatePublished,"{'model_id': 'model_mnist_784_noniid', 'round': 8, 'ticket_id': 371, 'cid': 'sha256:423fcaec96ff73e924fd705e7da88fa7408b0de87d31576d729b8655f37667ba'}",mock
0x75f4234476f5dc0aa541fc66f891a56396b5f16fa986c5dc0aa9f2ee7c38593b,86000,1,TicketReserved,"{'model_id': 'model_mnist_784_noniid', 'round': 8, 'ticket_id': 372, 'owner': 'acct_20'}",mock
0xf44537bd23d01f04c8793054457751c92007c076324a947806cb2b946994ec3c,93000,1,UpdatePublished,"{'model_id': 'model_mnist_784_noniid', 'round': 8, 'ticket_id': 372, 'cid': 'sha256:d335c4e72c4bc715b43adfe4c1b05d8aeb395c29c50227165a27ba3bdbd956f9'}",mock
0x5df761981ac39dee8555ab6a5e17ebf220f37fd925c8a0f0c8fef22a74ef3950,86000,1,TicketReserved,"{'model_id': 'model_mnist_784_noniid', 'round': 8, 'ticket_id': 373, 'owner': 'acct_22'}",mock
0x26e0197e94ad837799103b210cbb5a352eb164bb807ff4538ea1daa99d2bd20c,93000,1,UpdatePublished,"{'model_id': 'model_mnist_784_noniid', 'round': 8, 'ticket_id': 373, 'cid': 'sha256:2878d98ccdd54a32acd27fda29af0225dcd025ab865322a8a9294ed6f46385df'}",mock
0x88177223c54218bdc919645eb969249da912f0ccfb80bb0bbad5680750563ab8,86000,1,TicketReserved,"{'model_id': 'model_mnist_784_noniid', 'round': 8, 'ticket_id': 374, 'owner': 'acct_23'}",mock
0xefeff4cab317c2507333ace4835cb0a77185901dcde9b1d85d0d5315a55e6ae4,93000,1,UpdatePublished,"{'model_id': 'model_mnist_784_noniid', 'round': 8, 'ticket_id': 374, 'cid': 'sha256:db5aed8765fdb7b798680901db7cf537e3267d78c507394e3a6d3e3a2f1c3871'}",mock
0x9f45eb82bdfb8122bbee4dd9bdd0a40817ced93b805226573d940a4b2f33f161,86000,1,TicketReserved,"{'model_id': 'model_mnist_784_noniid', 'round': 8, 'ticket_id': 375, 'owner': 'acct_24'}",mock
0x70a52b19b6c5ae8494ce550c926c020db89c58fd77b1bc92708dfeecbc7627f6,93000,1,UpdatePublished,"{'model_id': 'model_mnist_784_noniid', 'round': 8, 'ticket_id': 375, 'cid': 'sha256:ff2125b249fad4511dee18c09e52bd4280931f6f288df4fe28766170c47a1e01'}",mock
0x1c220e4a6a9d73d9c121a3d7c1dd154c7e87ec473e6207cc9b2e6bc042a3b161,86000,1,TicketReserved,"{'model_id': 'model_mnist_784_noniid', 'round': 8, 'ticket_id': 376, 'owner': 'acct_25'}",mock
0x21dcf793aaf0b5df667bc009dd55c9fc936017f1957b6ebda2a5327009261179,93000,1,UpdatePublished,"{'model_id': 'model_mnist_784_noniid', 'round': 8, 'ticket_id': 376, 'cid': 'sha256:7598209aa1294f3ab050d5a4afc35cc50717ad14a786a7f36ee99fa27768b8c1'}",mock
0x5f0aa8f0670906d9485e2e7d91afb09a6136ec50e3172b3ba6792cfa7898e242,86000,1,TicketReserved,"{'model_id': 'model_mnist_784_noniid', 'round': 8, 'ticket_id': 377, 'owner': 'acct_26'}",mock
0x57e387adbe396339ecd785ade8fa506f25e7516c57bc8710c4e867d304f0cff1,93000,1,UpdatePublished,"{'model_id': 'model_mnist_784_noniid', 'round': 8, 'ticket_id': 377, 'cid': 'sha256:b43b919203ef1ddd04a53b3d6d3a2d0a2201cba436cabb95a4a3ab7a29bf061e'}",mock
0x2b3e0c5cf74d8e0118b914c594f4c9aafade6a695a11f0d11ec0051d1c333b5e,86000,1,TicketReserved,"{'model_id': 'model_mnist_784_noniid', 'round': 8, 'ticket_id': 378, 'owner': 'acct_28'}",mock
0xddcefc56bf24a531c132b3937eb4e475e839bc3200b2362369a51b3d56f68b93,93000,1,UpdatePublished,"{'model_id': 'model_mnist_784_noniid', 'round': 8, 'ticket_id': 378, 'cid': 'sha256:94037a85ee896401d79896d0b46c132b51082294e2fa172a13c797094b933247'}",mock
0x2752b665973e588d2aa5a27e87b2d7255da6acdc5b444be47360935871196e97,86000,1,TicketReserved,"{'model_id': 'model_mnist_784_noniid', 'round': 8, 'ticket_id': 379, 'owner': 'acct_29'}",mock
0xbc4014f7805e06213be29b55a700a3aa947973b3bd329e2aa2fc19ce8bc42f3c,93000,1,UpdatePublished,"{'model_id': 'model_mnist_784_noniid', 'round': 8, 'ticket_id': 379, 'cid': 'sha256:df1d22336dde07851769a97f554ccd609fb9fd08bd9c5c4e762f71eba0082286'}",mock
0xc0a0810a32ed6556aa9b0f87f7f1d1f43893b3f211a627c7a646cfe8db3f5961,86000,1,TicketReserved,"{'model_id': 'model_mnist_784_noniid', 'round': 8, 'ticket_id': 380, 'owner': 'acct_30'}",mock
0x086c11f461011783a30c7e871c0f24597d75cdfb89c57a632fd09b8615aaeaca,93000,1,UpdatePublished,"{'model_id': 'model_mnist_784_noniid', 'round': 8, 'ticket_id': 380, 'cid': 'sha256:4a3a6eb4dee981cb0e7b99a58538d8ecb0223f6d908bd3712ce3ebe43f50d90e'}",mock
0x90ed74f34aba3817c1093f994a31c89a455de29595b203f1ae64309d33155844,86000,1,TicketReserved,"{'model_id': 'model_mnist_784_noniid', 'round': 8, 'ticket_id': 381, 'owner': 'acct_31'}",mock
0x88de2078d7f1fe1d3b9d02a666061e475a765de06787535ae319edd4e8c41859,93000,1,UpdatePublished,"{'model_id': 'model_mnist_784_noniid', 'round': 8, 'ticket_id': 381, 'cid': 'sha256:2fa9e47ddfbca2541bccf3a59e156bb651a9b32229b51c607157d5f3a0aa0780'}",mock
0x7710068df095f9536a98dc7fd29c8ce93d95f38a246872eeff5cf02c319e33e5,86000,1,TicketReserved,"{'model_id': 'model_mnist_784_noniid', 'round': 8, 'ticket_id': 382, 'owner': 'acct_32'}",mock
0xfe1312f12b09c5cf4837975a933c5df4361cb488c780ecf3edbb081a57607108,93000,1,UpdatePublished,"{'model_id': 'model_mnist_784_noniid', 'round': 8, 'ticket_id': 382, 'cid': 'sha256:d9f3cc4341a418e66fe0633a4306fbd3fce6a69ce67f2e943d3006a60201b452'}",mock
0xaa250525e2181fca4ad70f47abe557d7a5cd626fc295e132e876ccf8196c9a29,86000,1,TicketReserved,"{'model_id': 'model_mnist_784_noniid', 'round': 8, 'ticket_id': 383, 'owner': 'acct_33'}",mock
0xf0967948f6092022efd4ac335f5bd6348cebd86dbb1c3a43018cd80a8e76c4aa,93000,1,UpdatePublished,"{'model_id': 'model_mnist_784_noniid', 'round': 8, 'ticket_id': 383, 'cid': 'sha256:544c19e048891a9698bd7883f6df4444dc1e1aa2d7418bca37cf1fe237cbeab0'}",mock
0x94d8f643d96f8c5649f3026a7f38e520be3f798713500d9cb16b5907d3ea8d42,86000,1,TicketReserved,"{'model_id': 'model_mnist_784_noniid', 'round': 8, 'ticket_id': 384, 'owner': 'acct_34'}",mock
0x344c7879d69fd719353590afc4f46b6b675fa63bf6f10b306c9d07947e4fef80,93000,1,UpdatePublished,"{'model_id': 'model_mnist_784_noniid', 'round': 8, 'ticket_id': 384, 'cid': 'sha256:f7828245367d72ef23094120b7113fe7a6f462511c1c54d24d5787f92d067ace'}",mock
0x231454f3430770603653f7ac5ddc325ef12d5061646c727f43cb633769465be2,86000,1,TicketReserved,"{'model_id': 'model_mnist_784_noniid', 'round': 8, 'ticket_id': 385, 'owner': 'acct_35'}",mock
0xd0cce3e5fb1f97583f2401d543af1a806dfe2300ebf7fb48ae3cd2999d2c5e30,93000,1,UpdatePublished,"{'model_id': 'model_mnist_784_noniid', 'round': 8, 'ticket_id': 385, 'cid': 'sha256:f9dcd7de1fd459ef78b18234b414b53ddc0ace1f9ff0bc6ee1f0c37def054a35'}",mock
0xa8a1b22ba174dc7bc0ddf4c756ba3a1c5ee813eca3b24c5be3c582b8d6a85d6a,86000,1,TicketReserved,"{'model_id': 'model_mnist_784_noniid', 'round': 8, 'ticket_id': 386, 'owner': 'acct_36'}",mock
0xf8dd07a839458e2d7b9e24a712ce4673269087190b393502dfba22d806d5764d,93000,1,UpdatePublished,"{'model_id': 'model_mnist_784_noniid', 'round': 8, 'ticket_id': 386, 'cid': 'sha256:441eb8c25f9cb320e632bf5568265b57107fad61281c6ac794ce6a4a8ae56ebc'}",mock
0xc8e8a96aff8b1101622ceb3bfe02d773875c3fb297cd42d0f03bdc7f132adef5,86000,1,TicketReserved,"{'model_id': 'model_mnist_784_noniid', 'round': 8, 'ticket_id': 387, 'owner': 'acct_37'}",mock
0x545441a1ff39628c48e8c3995eaa348829ad27cafdf9264edbace25eec7a0401,93000,1,UpdatePublished,"{'model_id': 'model_mnist_784_noniid', 'round': 8, 'ticket_id': 387, 'cid': 'sha256:b3320f0a84510ccd1625b406c92e5f931b05efe9eaf7d63fcfca5690f3eee778'}",mock
0x680b8e309907f8ddd56790f4f68b00d811dabf69827083feb63b832b9491db77,86000,1,TicketReserved,"{'model_id': 'model_mnist_784_noniid', 'round': 8, 'ticket_id': 388, 'owner': 'acct_38'}",mock
0x32d4bf429bb60ad9ba76e54e53ef1eb203d69e5334ea123f997e00b1c8256b82,93000,1,UpdatePublished,"{'model_id': 'model_mnist_784_noniid', 'round': 8, 'ticket_id': 388, 'cid': 'sha256:af253080639c242aacd359e1058545f220741f0d0bf327482fd0d9eecba73c21'}",mock
0x67fa7ec307ad5e9d5f141e629359ece64d1d0e40bbe9f832f0f49b762df60e82,86000,1,TicketReserved,"{'model_id': 'model_mnist_784_noniid', 'round': 8, 'ticket_id': 389, 'owner': 'acct_39'}",mock
0x386bdd31ac5e00f15282b558a6270d5fbfe4c6b785e863df5ac0b7d729def19c,93000,1,UpdatePublished,"{'model_id': 'model_mnist_784_noniid', 'round': 8, 'ticket_id': 389, 'cid': 'sha256:f7251de86bc1ece4b136284f578dc3b25bba7e9c05c00d1aaf68f1a6072df5e5'}",mock
0xc9d8d9df0cfffe2d677e3ce55c14e3a20a5b6bdc53248e4c0f47d8e866db8690,86000,1,TicketReserved,"{'model_id': 'model_mnist_784_noniid', 'round': 8, 'ticket_id': 390, 'owner': 'acct_40'}",mock
0x72e55b0fee2b4f78f1e92c3d2deb6e61547fefbfcad4404553e01249a87cc312,93000,1,UpdatePublished,"{'model_id': 'model_mnist_784_noniid', 'round': 8, 'ticket_id': 390, 'cid': 'sha256:18f3ca392810a892779c9b05290dd52e31b41f9aebb4dafb88e0072d2b720d4f'}",mock
0x667b7baee85992e1a9f99fa44c85270dfe8e4bcc2848d73b41bed8e5664eca36,86000,1,TicketReserved,"{'model_id': 'model_mnist_784_noniid', 'round': 8, 'ticket_id': 391, 'owner': 'acct_42'}",mock
0x63a2ba9a8792330d8e9656e8e15c3d786214e774e3f7231e55c7722fc9897bf3,93000,1,UpdatePublished,"{'model_id': 'model_mnist_784_noniid', 'round': 8, 'ticket_id': 391, 'cid': 'sha256:34eb7fbf46eb869eac2431df034e69555fb118c63019fe5b6fe3c1ac3dad32ca'}",mock
0x36fea595bdfd775d6f6ecda20ea16c154f52f00cd00bbae0e7c4386b01964e3f,86000,1,TicketReserved,"{'model_id': 'model_mnist_784_noniid', 'round': 8, 'ticket_id': 392, 'owner': 'acct_43'}",mock
0x3f060f64ef3e6c62a05a5e9427ffddef1b498ae7b763dc0d57e70377ca0a57bd,93000,1,UpdatePublished,"{'model_id': 'model_mnist_784_noniid', 'round': 8, 'ticket_id': 392, 'cid': 'sha256:5f5e46b7df56b8308e0da94b3cac2e6aa22c815f7dfe45aa09719e912519c983'}",mock
0xdf5480594f2c3801c766f49c1156b3530649d0126add1a1b244ebde414c10cc0,86000,1,TicketReserved,"{'model_id': 'model_mnist_784_noniid', 'round': 8, 'ticket_id': 393, 'owner': 'acct_44'}",mock
0x8111a42f3145f4f4a8d8b5ff6059190f0c81adb3f6d16c1535e7f4d9dbf8d5cd,93000,1,UpdatePublished,"{'model_id': 'model_mnist_784_noniid', 'round': 8, 'ticket_id': 393, 'cid': 'sha256:c00a886f5ff43248abd06bfd2cb97356be68eddaa1a9d5c35da28cb5f23d49ef'}",mock
0x14e17843424fada723603bcb0fae03dcbb11f00c4736691d393659bb9e097e0f,86000,1,TicketReserved,"{'model_id': 'model_mnist_784_noniid', 'round': 8, 'ticket_id': 394, 'owner': 'acct_46'}",mock
0x343cccedd03aa97c328ceb567f5a6d0e995a0456f5a09a2c464475444ae66886,93000,1,UpdatePublished,"{'model_id': 'model_mnist_784_noniid', 'round': 8, 'ticket_id': 394, 'cid': 'sha256:44c406a748436f6fb735653282b7e102f81e17c872ce536be0c7a2db923359ca'}",mock
0x3e3d3cbc9e4329ca23c761beb796a1a8e8a3680855f88a557241eb4168287f6c,86000,1,TicketReserved,"{'model_id': 'model_mnist_784_noniid', 'round': 8, 'ticket_id': 395, 'owner': 'acct_47'}",mock
0x0084f3d9454f3f3670c42c804bab3fb9f9cc3eb96ad65b619a90646f29593abe,93000,1,UpdatePublished,"{'model_id': 'model_mnist_784_noniid', 'round': 8, 'ticket_id': 395, 'cid': 'sha256:03dad60dec09e1208c9fd50dc2f9f3e912f57e2f28951b78993411c715280989'}",mock
0xc94b2052d69b307c8f7989e47943de912f1b75896ae7f1ff080c19f84c544992,86000,1,TicketReserved,"{'model_id': 'model_mnist_784_noniid', 'round': 8, 'ticket_id': 396, 'owner': 'acct_49'}",mock
0xf9a49002ca8741ef05e7dc6c235976e3a2e8e642204f4283aa1258d92124b30f,93000,1,UpdatePublished,"{'model_id': 'model_mnist_784_noniid', 'round': 8, 'ticket_id': 396, 'cid': 'sha256:73ec201a6a7e8eb0987756776387cdd23435fe1e17ed0f02f6ffc4dfd34b9c0f'}",mock
0xde6d651c7df0ff289e9b7bcbe6a512a8adc1327be8e8e3fc53055f8a01f10380,86000,1,TicketReserved,"{'model_id': 'model_mnist_784_noniid', 'round': 8, 'ticket_id': 397, 'owner': 'acct_50'}",mock
0x29a218b3a5a6e7ab3bbaeedfedf0c8a2ea58664c8b0efdd48203c1494818eed7,93000,1,UpdatePublished,"{'model_id': 'model_mnist_784_noniid', 'round': 8, 'ticket_id': 397, 'cid': 'sha256:747780502d69faa17453400a66f264fec8b102796bdc0d884bff34ef44938842'}",mock
0xa92babf228669c7fe857428fe66b348d77a8498dddf27e9cfb37e06b65d254e8,985000,1,RoundFinalized,"{'model_id': 'model_mnist_784_noniid', 'round': 8, 'included': 43, 'refunds': 43}",mock
0xbd6ecb85db31a5e7fda24920442d11ff67ab6b303c2c448cd6fa98286b2fe33a,52000,1,RoundFunded,"{'model_id': 'model_mnist_784_noniid', 'amount_wei': 10000000000000000}",mock
0x14b1bb5193b379d68007d29a74b6a31d00287b810018f63acebf9bad4aaf3fe2,86000,1,TicketReserved,"{'model_id': 'model_mnist_784_noniid', 'round': 9, 'ticket_id': 398, 'owner': 'acct_1'}",mock
0x9d64a1b67c429112a0084e19ef6cb251fff5806f1d39670a07283d387d42d516,93000,1,UpdatePublished,"{'model_id': 'model_mnist_784_noniid', 'round': 9, 'ticket_id': 398, 'cid': 'sha256:70caf0eed90620474ef9444a8e0c7f6469f4dbd5ee52c170f71dc0a4828447c6'}",mock
0x26a8838e0062aa41c448e052ace377343394e88c5f9fca55c69dc5639086a831,86000,1,TicketReserved,"{'model_id': 'model_mnist_784_noniid', 'round': 9, 'ticket_id': 399, 'owner': 'acct_2'}",mock
0x94971cc55aece09874fdf9095178b41e624cd30158717c4bd90efee81f06f2a7,93000,1,UpdatePublished,"{'model_id': 'model_mnist_784_noniid', 'round': 9, 'ticket_id': 399, 'cid': 'sha256:83bd3c47c36feb34dd554e913105127f9347928427a4ae8cc3fe2d3d720e50bd'}",mock
0xcf3ce8221679a5ed4e656c400cc21d9b19cbdfba7a7fe29f9ca6c7533dc47e83,86000,1,TicketReserved,"{'model_id': 'model_mnist_784_noniid', 'round': 9, 'ticket_id': 400, 'owner': 'acct_3'}",mock
0xc48adbe6d825e1a79c04cb1a5d272487c980a0d4b567188b6c81b933c4d0f3be,93000,1,UpdatePublished,"{'model_id': 'model_mnist_784_noniid', 'round': 9, 'ticket_id': 400, 'cid': 'sha256:0d5b9ac24d49dcd04adeb55c962bdfb005893dda5e9687d464989f0e171ead50'}",mock
0x8b7d072d2beb0793a80cff434d66a6bcc7912faa511dc9b307cab59ade8ae69d,86000,1,TicketReserved,"{'model_id': 'model_mnist_784_noniid', 'round': 9, 'ticket_id': 401, 'owner': 'acct_4'}",mock
0x205e955cf00e8f08fbd07b49142d90c14bd04432f4004b2f34439bef66ee1953,93000,1,UpdatePublished,"{'model_id': 'model_mnist_784_noniid', 'round': 9, 'ticket_id': 401, 'cid': 'sha256:0ee6cb1d2e9cffcd2872d778c1bba18248818818ff1bfa59cebdaa52cdf06ad6'}",mock
0xc9b78d6117ca2c5feb58c8200e5ce9fe8a6736b7086cfa98da503a395355a26d,86000,1,TicketReserved,"{'model_id': 'model_mnist_784_noniid', 'round': 9, 'ticket_id': 402, 'owner': 'acct_5'}",mock
0xadb7c5779aa92b708a18118d70fdbe6867f8032fe7aa9c235c5755b2fb009205,93000,1,UpdatePublished,"{'model_id': 'model_mnist_784_noniid', 'round': 9, 'ticket_id': 402, 'cid': 'sha256:ced122d2a8da84f50a0fd2eee0a49144b70415e290359b1215481465398a4ba2'}",mock
0x3fce3f09a5d855408c3cc02564bb4b336d47c5817c09cf393f9c18fc6b4f0427,86000,1,TicketReserved,"{'model_id': 'model_mnist_784_noniid', 'round': 9, 'ticket_id': 403, 'owner': 'acct_6'}",mock
0xafeaac005c42f5e4a158e07dd850c5ff6d39da51ee3c92e14ea4d5e66a887820,93000,1,UpdatePublished,"{'model_id': 'model_mnist_784_noniid', 'round': 9, 'ticket_id': 403, 'cid': 'sha256:f76643104c7e03d83b2a8b57bab7794b6dc87e2998c18267354256d25c09397a'}",mock
0xf55a2018c6ba76de5d2949416afaffc0c545d033be7af7e87824ed2f2cffc50f,86000,1,TicketReserved,"{'model_id': 'model_mnist_784_noniid', 'round': 9, 'ticket_id': 404, 'owner': 'acct_7'}",mock
0x5a1dd8e98bd103363636e725f7bcef0cff495349a967f72241bf63bf50b45c8c,93000,1,UpdatePublished,"{'model_id': 'model_mnist_784_noniid', 'round': 9, 'ticket_id': 404, 'cid': 'sha256:391ebbd848cc0108a8b087dfcc3923eb39c27201161fca89c9038a1e334169a1'}",mock
0x1a1eff0a4e614b6a7e9c29b0ab4d69a1db7dabda3124ab96d0fe270f4d9bda5a,86000,1,TicketReserved,"{'model_id': 'model_mnist_784_noniid', 'round': 9, 'ticket_id': 405, 'owner': 'acct_8'}",mock
0xaf318dbfe03fbfa4edba20ae5e98f910813138295029728e88df8ba741cab819,93000,1,UpdatePublished,"{'model_id': 'model_mnist_784_noniid', 'round': 9, 'ticket_id': 405, 'cid': 'sha256:1f20b684a9ce51951d2a05dabcee9910b5b8a57127d0ceffbe1e8f9170abe15d'}",mock
0x222330acff67665bc7e02ebe2a19e5044117a75cfeeed946a1aa2a9e0c9994e4,86000,1,TicketReserved,"{'model_id': 'model_mnist_784_noniid', 'round': 9, 'ticket_id': 406, 'owner': 'acct_9'}",mock
0x07920716a7b118bf2723f07ae7d3506ec54ce4aef644640e26da20dc25e5e3ee,93000,1,UpdatePublished,"{'model_id': 'model_mnist_784_noniid', 'round': 9, 'ticket_id': 406, 'cid': 'sha256:2c3bd27679a7ebddecc7677d24041e68c7311fb0e1b31f31e2c2859e0e43c984'}",mock
0x2df89ceb5909799adf961895e31b89aeb766a07192ee2e4b901678e09370f03f,86000,1,TicketReserved,"{'model_id': 'model_mnist_784_noniid', 'round': 9, 'ticket_id': 407, 'owner': 'acct_11'}",mock
0x141007a168153152a0e6f3510d49ba4d3407358c57113440755c1b10a08b693c,93000,1,UpdatePublished,"{'model_id': 'model_mnist_784_noniid', 'round': 9, 'ticket_id': 407, 'cid': 'sha256:39fd0a154fe1bf69645bb49af4e3556068e9ee414ea5ad949214810c25dd25de'}",mock
0x4214c3714eb25619790e9c6800abf6a36aaca147d9e73a29ed538f551b60c8ce,86000,1,TicketReserved,"{'model_id': 'model_mnist_784_noniid', 'round': 9, 'ticket_id': 408, 'owner': 'acct_12'}",mock
0xb1b2400bc2253a612449e3a3b2f10147d5a08e89980c7b98888098b343af8220,93000,1,UpdatePublished,"{'model_id': 'model_mnist_784_noniid', 'round': 9, 'ticket_id': 408, 'cid': 'sha256:e519faa08cf09586453a4bfd25f9fea0e43829524ff7670d4f674cc4b71936f5'}",mock
0x23e92c6f7df2b05335f6948160011e95c72ef6ca12d66a0883690fe4da1c682a,86000,1,TicketReserved,"{'model_id': 'model_mnist_784_noniid', 'round': 9, 'ticket_id': 409, 'owner': 'acct_13'}",mock
0x3c49504cf68ec16cc975a1444597e2486ef72774b24761393bcbf732140138b2,93000,1,UpdatePublished,"{'model_id': 'model_mnist_784_noniid', 'round': 9, 'ticket_id': 409, 'cid': 'sha256:9b6e6832023ad43da30a9146ac33a5574feb3b49ce787d910a3c93c7e563cf54'}",mock
0xa158d1cdc4c0b49489163ae874e7e31c4ff0bbef53b1c1c966df2ad0ec12037b,86000,1,TicketReserved,"{'model_id': 'model_mnist_784_noniid', 'round': 9, 'ticket_id': 410, 'owner': 'acct_14'}",mock
0x21df24152d07872237b053531917ec60be459eddda7bf0180d5e08680131f898,93000,1,UpdatePublished,"{'model_id': 'model_mnist_784_noniid', 'round': 9, 'ticket_id': 410, 'cid': 'sha256:07dfe682967075acf768871441025eaabb36314728a94bfc6b2c8ccd1fa6829f'}",mock
0xded16e6f5a797f22a6b0bd55b711a1cf75740ddf9ad44fe3157104c5d8b801c2,86000,1,TicketReserved,"{'model_id': 'model_mnist_784_noniid', 'round': 9, 'ticket_id': 411, 'owner': 'acct_15'}",mock
0xc4988196d4242a45dcee2b8a50dd47dead372a801d46994822523d13686206ff,93000,1,UpdatePublished,"{'model_id': 'model_mnist_784_noniid', 'round': 9, 'ticket_id': 411, 'cid': 'sha256:a638474fa5abf7dac47b4c393eb6648e53f73c7fde5867aea5f4b34ecb1f4bc5'}",mock
0xffc6f73a11511aac4e318ae972860f1e7d87a1586257d82606780d8961e4fd03,86000,1,TicketReserved,"{'model_id': 'model_mnist_784_noniid', 'round': 9, 'ticket_id': 412, 'owner': 'acct_16'}",mock
0x4ef95e7613026a27948217b5bf16da5eb4176ed22bb0857927afc04774af63dc,93000,1,UpdatePublished,"{'model_id': 'model_mnist_784_noniid', 'round': 9, 'ticket_id': 412, 'cid': 'sha256:fe29096bfc7f4d096d608ac88be939e55be3942995e2b3671393152d6641c7e2'}",mock
0xf4b13eb6239d9377e48b4cca55bb2ad7c87935b9ef1299938d06772f89507830,86000,1,TicketReserved,"{'model_id': 'model_mnist_784_noniid', 'round': 9, 'ticket_id': 413, 'owner': 'acct_17'}",mock
0x2b1a3af669647fbb213ec79c4e518d2c89860d41d1b36947927e8e00b9615449,93000,1,UpdatePublished,"{'model_id': 'model_mnist_784_noniid', 'round': 9, 'ticket_id': 413, 'cid': 'sha256:c4cf0c410d7c00ae63e702d18a1b87db3d1331126d301f083ab4636c5763966e'}",mock
0xed327bf0b33711eef605fb108234fdf65b71916d97ea417b1bec7914a5595dba,86000,1,TicketReserved,"{'model_id': 'model_mnist_784_noniid', 'round': 9, 'ticket_id': 414, 'owner': 'acct_18'}",mock
0xe5810d7b43d98a41f753df5987fb8e438dd63c274df26c8b0cf0b42ba995686b,93000,1,UpdatePublished,"{'model_id': 'model_mnist_784_noniid', 'round': 9, 'ticket_id': 414, 'cid': 'sha256:4e1232a481801048100d3e050fadcb2de00ef13566a57a0f7718399cf75d26ed'}",mock
0xe5920ec9a137ecd44a4ccdd2ef50c4bfc398f0a1920611b16a4a2c8ab548459b,86000,1,TicketReserved,"{'model_id': 'model_mnist_784_noniid', 'round': 9, 'ticket_id': 415, 'owner': 'acct_19'}",mock
0x77820889136862b123300babf3e586dd4c17d831daf68c1940c40b5b8f76de0e,93000,1,UpdatePublished,"{'model_id': 'model_mnist_784_noniid', 'round': 9, 'ticket_id': 415, 'cid': 'sha256:1b8675c8f9f45e47296ed674f49f02d250e6f437554c6d3cd008c66d5d0ab680'}",mock
0xa7263707439e5c19909917c3fc85438cc45d4e56c535723e5064fc66604f9eda,86000,1,TicketReserved,"{'model_id': 'model_mnist_784_noniid', 'round': 9, 'ticket_id': 416, 'owner': 'acct_20'}",mock
0x046246e605ca0e6dfa20a7d7265589d7d061f84bb81181f19df11689c2d606a2,93000,1,UpdatePublished,"{'model_id': 'model_mnist_784_noniid', 'round': 9, 'ticket_id': 416, 'cid': 'sha256:468e83064f4969e68ce7675821578a4cf6485719aa982b0356ce2556ff83d4a5'}",mock
0x6fad2ccaf626760867bae5f395a59886fe19dacb6b4a9a134635b0ff690cb39f,86000,1,TicketReserved,"{'model_id': 'model_mnist_784_noniid', 'round': 9, 'ticket_id': 417, 'owner': 'acct_21'}",mock
0xcae78b668ab6c3709043be61747e5332a4425a42ae948ba5f57a072bc67a5a68,93000,1,UpdatePublished,"{'model_id': 'model_mnist_784_noniid', 'round': 9, 'ticket_id': 417, 'cid': 'sha256:a8b4f31d244998f34c3aa7ce2aad9d05a7419486c10e51f70c4874feb46be985'}",mock
0x3b56861061993b11c12c68f502b878d3c135c29d93511b41fe4d9764f6d9414c,86000,1,TicketReserved,"{'model_id': 'model_mnist_784_noniid', 'round': 9, 'ticket_id': 418, 'owner': 'acct_22'}",mock
0x2b9466ecb8eb6ec23dee1846b6ac159a4f4eb247744dddb2a0be03c677d19978,93000,1,UpdatePublished,"{'model_id': 'model_mnist_784_noniid', 'round': 9, 'ticket_id': 418, 'cid': 'sha256:bcc9b1bbc504296e4a886637b08fbe0119087501aa160ed726742f14f1f027ec'}",mock
0x7bc3584e9d53246241ba25120d85f325a18273f62841929d9ddf2830b1651c13,86000,1,TicketReserved,"{'model_id': 'model_mnist_784_noniid', 'round': 9, 'ticket_id': 419, 'owner': 'acct_23'}",mock
0xefc936cac37c172f7889b33297904a1bbad4be1df84e9247e4461420ae80d787,93000,1,UpdatePublished,"{'model_id': 'model_mnist_784_noniid', 'round': 9, 'ticket_id': 419, 'cid': 'sha256:b81606a13948371c6f5d29b47f102c26b047d0fbd6d5c3dfe4cceeb68c836caa'}",mock
0x4656fe07ea4ce3aa8f73ba9ec3a84d4831d6913f12a60661dbce03c3697cbf39,86000,1,TicketReserved,"{'model_id': 'model_mnist_784_noniid', 'round': 9, 'ticket_id': 420, 'owner': 'acct_24'}",mock
0x895e43992fa3dacbb659d5cd01c7c8ee6435466875c0198d46a56add28d42586,93000,1,UpdatePublished,"{'model_id': 'model_mnist_784_noniid', 'round': 9, 'ticket_id': 420, 'cid': 'sha256:20f3135751ec07e7deb2c18212d1182d0b1fd8666dcedd1e17bbaf1788e8c0ba'}",mock
0x1a22b62245024c4d21a5e6ee7c033eea8593802ca6d9675fc10319677fb949a4,86000,1,TicketReserved,"{'model_id': 'model_mnist_784_noniid', 'round': 9, 'ticket_id': 421, 'owner': 'acct_25'}",mock
0x642fc3f823d200bbaab157d43c175dc86acd588a0a51b4484e3ed62b4433c080,93000,1,UpdatePublished,"{'model_id': 'model_mnist_784_noniid', 'round': 9, 'ticket_id': 421, 'cid': 'sha256:9acecd2e70f4d1b11ec4563fdd973e748c8fccbe6c5d1aabcfe04d4a08808a4b'}",mock
0x98d1e34b1ff2fad9961eecf57b028c4474af38e44b11827486f6b66680c4e4e6,86000,1,TicketReserved,"{'model_id': 'model_mnist_784_noniid', 'round': 9, 'ticket_id': 422, 'owner': 'acct_26'}",mock
0xef0f8fd2daebcc3faada48e3d42abd0a1f6e9666d1b148ab71c59b5df4c40c47,93000,1,UpdatePublished,"{'model_id': 'model_mnist_784_noniid', 'round': 9, 'ticket_id': 422, 'cid': 'sha256:b8fb430cfad90475ef622754b224cc384fb13977904b611969ff7b0ff82dacbe'}",mock
0x4ef7879d144c5cbf72c9965993aac0d203ee9c2d4f9a7ca915c9a965c6fc10ee,86000,1,TicketReserved,"{'model_id': 'model_mnist_784_noniid', 'round': 9, 'ticket_id': 423, 'owner': 'acct_27'}",mock
0x88b8967350a8103b8b1284fe4d94de45d13c83e15c160314077a085eee2f30fe,93000,1,UpdatePublished,"{'model_id': 'model_mnist_784_noniid', 'round': 9, 'ticket_id': 423, 'cid': 'sha256:8599aa3f895fb8fcbff7cc6a18748ad00e69360532ecf3f81f848b5d6837628c'}",mock
0x525a4a414214691ad47e7846db37adff3ac04785f18b580b429ed80c14106375,86000,1,TicketReserved,"{'model_id': 'model_mnist_784_noniid', 'round': 9, 'ticket_id': 424, 'owner': 'acct_28'}",mock
0x5d4763b1fe207c07eeec01426da967bd8a2728364e9665fc2da8d4daeca01075,93000,1,UpdatePublished,"{'model_id': 'model_mnist_784_noniid', 'round': 9, 'ticket_id': 424, 'cid': 'sha256:507125d421f9914768d63610056714f915bcac915c09c1dc90c1822c3207efdb'}",mock
0x091a5885f18628d47796653d14077e863d4b33c9c5f5fa483a184363ddf10ff4,86000,1,TicketReserved,"{'model_id': 'model_mnist_784_noniid', 'round': 9, 'ticket_id': 425, 'owner': 'acct_29'}",mock
0x573f9c3c425f9ae8ae249ffdb91f7d4d5c01f8b1638a37c7520f6e886d242976,93000,1,UpdatePublished,"{'model_id': 'model_mnist_784_noniid', 'round': 9, 'ticket_id': 425, 'cid': 'sha256:50fd48e67633b6e31619a4ec27176fdd5a89e6fdbc5bda1fd139f1018721b2b3'}",mock
0xbb4ac68a927674b84ea4a70eeabac1c8b4c9fd43a8b747638c9475eb0faade73,86000,1,TicketReserved,"{'model_id': 'model_mnist_784_noniid', 'round': 9, 'ticket_id': 426, 'owner': 'acct_30'}",mock
0xed30a07e4ca253fa7883c84be770429313ef2a5902a7bb34d7b88ad397c3db0d,93000,1,UpdatePublished,"{'model_id': 'model_mnist_784_noniid', 'round': 9, 'ticket_id': 426, 'cid': 'sha256:60f4e1bc6df312b4bd3e9fc4c2261300c184d12e066b14722693edb3bc54a9fa'}",mock
0x5891eac263b59bc77d6d9587f3defd8c9525b98a379603608ca096289d340b7b,86000,1,TicketReserved,"{'model_id': 'model_mnist_784_noniid', 'round': 9, 'ticket_id': 427, 'owner': 'acct_31'}",mock
0x32a0e3ad9cc14b7e21cdd2d85f8510022db0e03031bd7b6c2ff52f26246154e0,93000,1,UpdatePublished,"{'model_id': 'model_mnist_784_noniid', 'round': 9, 'ticket_id': 427, 'cid': 'sha256:a6f469011d1acf4982e05fb1e040cb8902fc99a45f9f992aa667e8aa726a68c2'}",mock
0xd70334c1f353ed6fa2164747efa12444148691516cc0aeb22b86dc4937a3b1fd,86000,1,TicketReserved,"{'model_id': 'model_mnist_784_noniid', 'round': 9, 'ticket_id': 428, 'owner': 'acct_32'}",mock
0xb73733917c17f5bed24ea652389e53859230d6505d4c36d4d5e88f0d856db14e,93000,1,UpdatePublished,"{'model_id': 'model_mnist_784_noniid', 'round': 9, 'ticket_id': 428, 'cid': 'sha256:c462077b58678e2c2bfb3a1fd3adcc1c7848380257c29592772309fd15650799'}",mock
0xb56ac2dbb0abaef8dc174338d144fae18afe67a18726ab693a9f622b53f4f7d8,86000,1,TicketReserved,"{'model_id': 'model_mnist_784_noniid', 'round': 9, 'ticket_id': 429, 'owner': 'acct_33'}",mock
0x89c01bc9581c17a8b25982f8bea4c7eb9aa2c7992e802fffacf41777f0bd480e,93000,1,UpdatePublished,"{'model_id': 'model_mnist_784_noniid', 'round': 9, 'ticket_id': 429, 'cid': 'sha256:25dbf8b009a562b72c8441a4874f827b060f62f6df32b893159e91c84019ba0e'}",mock
0x8d54ef9e0f5aac1556f6eca34a96f080c65d54767f896138bc7326976434ba11,86000,1,TicketReserved,"{'model_id': 'model_mnist_784_noniid', 'round': 9, 'ticket_id': 430, 'owner': 'acct_34'}",mock
0xa7ce1b2758c78da3f3de993f4cae88f84436a0e16ed5c7107cdd2041c604e975,93000,1,UpdatePublished,"{'model_id': 'model_mnist_784_noniid', 'round': 9, 'ticket_id': 430, 'cid': 'sha256:af08c922f73ed0bceb7cdc9e9c341dffd9b34c8052591bf9e26135a91b9f33d9'}",mock
0x724cf0bd91b3fb490f220a45ab4012f44ec56a02e586e0de05c63a0d5c01a950,86000,1,TicketReserved,"{'model_id': 'model_mnist_784_noniid', 'round': 9, 'ticket_id': 431, 'owner': 'acct_35'}",mock
0x0e4c9e07073bf2df335754d670c2fe6452ab2a759589d0827d1823694fe5d373,93000,1,UpdatePublished,"{'model_id': 'model_mnist_784_noniid', 'round': 9, 'ticket_id': 431, 'cid': 'sha256:894b63cb31df6ee1b4b88deaba724e320c26e692bc9ec1edee06de92e5a74699'}",mock
0xe008b7847b4b2dfeb19b4d38da6f868222df7febbdd3cfe767e0a7345d9068d5,86000,1,TicketReserved,"{'model_id': 'model_mnist_784_noniid', 'round': 9, 'ticket_id': 432, 'owner': 'acct_36'}",mock
0xab04f4a88d3604e9a0d0f6fd49a86adee1cadaf3d1f193e11bb52dbbf733eaf3,93000,1,UpdatePublished,"{'model_id': 'model_mnist_784_noniid', 'round': 9, 'ticket_id': 432, 'cid': 'sha256:b1c9878533c7a7de3ae1ccceb6a69b45641703bd3b366211db5c1fe97dc87e7c'}",mock
0xe2ffc4b706fe026b8a34d731fcc57abb61aee951ac4fced45df306c230fc03f0,86000,1,TicketReserved,"{'model_id': 'model_mnist_784_noniid', 'round': 9, 'ticket_id': 433, 'owner': 'acct_37'}",mock
0x60e3395962c2c989202604ff13851eaf758a325081f69cea24dd7ed0f00c8d53,93000,1,UpdatePublished,"{'model_id': 'model_mnist_784_noniid', 'round': 9, 'ticket_id': 433, 'cid': 'sha256:2c6e5d5f88539a44c4b2315e831671c57d5958aa84b0956a5b5ba5a16e41cb8c'}",mock
0xf639248c6be023ab02383fd4023dbcc864e9feb50268d1fbce35c30c6a589e90,86000,1,TicketReserved,"{'model_id': 'model_mnist_784_noniid', 'round': 9, 'ticket_id': 434, 'owner': 'acct_38'}",mock
0x907694b9c845c131e47e706c9d39567673fad7d40f23d85741f38da4472eef12,93000,1,UpdatePublished,"{'model_id': 'model_mnist_784_noniid', 'round': 9, 'ticket_id': 434, 'cid': 'sha256:98bc33938a3ab250686749aac278670f1cacad414ae9826514a16ef65238c8fc'}",mock
0xa8e97e1426bb35871ea07b3ca05bfd9971fe0b03215ac31665a3fb7a29618e85,86000,1,TicketReserved,"{'model_id': 'model_mnist_784_noniid', 'round': 9, 'ticket_id': 435, 'owner': 'acct_39'}",mock
0x45465e78386c0514ab728760dcfee2563dc4895fea55b912337e8b4036110cb8,93000,1,UpdatePublished,"{'model_id': 'model_mnist_784_noniid', 'round': 9, 'ticket_id': 435, 'cid': 'sha256:aeb8b5a9aeb9f9ba2e949b5cd290c483cd7673664954245774a39a993d44ef44'}",mock
0x0d0c2b34b84aab9c75399a32b19d6a83b5e4a0129c544c9afbf3c86a9a6983dc,86000,1,TicketReserved,"{'model_id': 'model_mnist_784_noniid', 'round': 9, 'ticket_id': 436, 'owner': 'acct_41'}",mock
0x230e2f09f2da387d2676341998319c32fc60649848817e2234d60a3a5d6e78dd,93000,1,UpdatePublished,"{'model_id': 'model_mnist_784_noniid', 'round': 9, 'ticket_id': 436, 'cid': 'sha256:de317f08d17117a98d2c7d6b7d6e32f09b98be2b615e156d898a48afe60c678d'}",mock
0x79ceeb4d562333d91436c000660ff70c9aae7821dd0446758b0fc20c144b1520,86000,1,TicketReserved,"{'model_id': 'model_mnist_784_noniid', 'round': 9, 'ticket_id': 437, 'owner': 'acct_43'}",mock
0xa52b0b9b86bb167638738d8b57c91b96133ad800bebb288e6320ba7d83784d82,93000,1,UpdatePublished,"{'model_id': 'model_mnist_784_noniid', 'round': 9, 'ticket_id': 437, 'cid': 'sha256:9d9a5f0edd0c6cf37a1373df257ef49f39784aa82e2fad41b27f3aaee062cacd'}",mock
0xd37d3139127a0946bc877c17b482c3e7acacba5775ce0cc8a43317da0c11ece1,86000,1,TicketReserved,"{'model_id': 'model_mnist_784_noniid', 'round': 9, 'ticket_id': 438, 'owner': 'acct_44'}",mock
0x08276797a5906fbfc0c68a8556f351ed74037c9e13fd67c5c57a9a0e0fca3080,93000,1,UpdatePublished,"{'model_id': 'model_mnist_784_noniid', 'round': 9, 'ticket_id': 438, 'cid': 'sha256:8e62927a59e9c25ee0aa382af6c54f00bea2d515fc984679e3547875eb607b47'}",mock
0x9119194ccd649bee46e6aaa792bcf7475b13c7b8011238fe4b11499944b183d7,86000,1,TicketReserved,"{'model_id': 'model_mnist_784_noniid', 'round': 9, 'ticket_id': 439, 'owner': 'acct_45'}",mock
0x951b0af897cd7abf19e807589cf6eaf09a57d904ae130a25727bc34696e7058e,93000,1,UpdatePublished,"{'model_id': 'model_mnist_784_noniid', 'round': 9, 'ticket_id': 439, 'cid': 'sha256:25c3ac7c340eaa2a6343197fb2a3a88d6c10d8a4d3e6715854a7e187f066ecf5'}",mock
0x85ba01f60ceebf4abc5c0b6482ee74150072b2a179bf08c655bc0c6f5ac26583,86000,1,TicketReserved,"{'model_id': 'model_mnist_784_noniid', 'round': 9, 'ticket_id': 440, 'owner': 'acct_46'}",mock
0x20ff7be959f248704efb2ba1acd7904e35bd8504928ae868f1e40a9134e5c3dc,93000,1,UpdatePublished,"{'model_id': 'model_mnist_784_noniid', 'round': 9, 'ticket_id': 440, 'cid': 'sha256:202bd2c1d8a02233c742c967d14dd07d2796cbb7b483f14ac1377e805ad1c923'}",mock
0x1ab2cfdb1f7efa950265564be6ea8bbc57bf576d294dd90141286d1ff162c69c,86000,1,TicketReserved,"{'model_id': 'model_mnist_784_noniid', 'round': 9, 'ticket_id': 441, 'owner': 'acct_48'}",mock
0x1a25d3a59471ee397ae3dc10d9bc734d3dce1352ad2ea883255c4da5feea8c1b,93000,1,UpdatePublished,"{'model_id': 'model_mnist_784_noniid', 'round': 9, 'ticket_id': 441, 'cid': 'sha256:cd1da8118f97a169fea32228ef2590046751ec1cce248e5f974a0e0856c376bc'}",mock
0x6017d55fa9046784a2e9e1e0601a8d97c13cdb8b39b1c0da8066ff5760a34ac1,86000,1,TicketReserved,"{'model_id': 'model_mnist_784_noniid', 'round': 9, 'ticket_id': 442, 'owner': 'acct_49'}",mock
0x9d79c2d6c1b3ecc5425478805afec673e13e123fa501196b91375943bb2c5bce,93000,1,UpdatePublished,"{'model_id': 'model_mnist_784_noniid', 'round': 9, 'ticket_id': 442, 'cid': 'sha256:bb0528048de2e280d752691adaa3209f3e1a0e08bdf2ecd79f3a4481780e7dcb'}",mock
0xecabcdf43b6f554e467278bf0708b9a96b0c387dd1ef73804e66031af3c0cd32,1025000,1,RoundFinalized,"{'model_id': 'model_mnist_784_noniid', 'round': 9, 'included': 45, 'refunds': 45}",mock
0xcaa4f04dffff34ed1fbb6ef1fe0c2042cb5929bf20607c56e0b9eef6ad3afd30,52000,1,RoundFunded,"{'model_id': 'model_mnist_784_noniid', 'amount_wei': 10000000000000000}",mock
0xef0dbe73128025a1c8c3a889cfa61a7d283e1d9f2ceed49cb00cef2592d49ee2,86000,1,TicketReserved,"{'model_id': 'model_mnist_784_noniid', 'round': 10, 'ticket_id': 443, 'owner': 'acct_1'}",mock
0x5d784021d78635ec394b80771af4c396062959962bf9cf53d1219e3fa18332b6,93000,1,UpdatePublished,"{'model_id': 'model_mnist_784_noniid', 'round': 10, 'ticket_id': 443, 'cid': 'sha256:6a3008d96d064216dc27b724964ed1af6374503f1a32c439760451a249c5442d'}",mock
0x62852fa16d1e3955f0402252be40fa9e93c680e99cab7b9a03b7d12c78ae4212,86000,1,TicketReserved,"{'model_id': 'model_mnist_784_noniid', 'round': 10, 'ticket_id': 444, 'owner': 'acct_2'}",mock
0xbdb923577ade73e8186595bc10c8beab7ff7cf9e1eeca5952fbc9e9acdbe7479,93000,1,UpdatePublished,"{'model_id': 'model_mnist_784_noniid', 'round': 10, 'ticket_id': 444, 'cid': 'sha256:52a15e3d041ab6ac85e2f7b48bec49980230128c5b2fa4ea437406157e1096dd'}",mock
0xa480607be385684652be576ca672462aceae21a3b8f8c35c91b24a562e100e91,86000,1,TicketReserved,"{'model_id': 'model_mnist_784_noniid', 'round': 10, 'ticket_id': 445, 'owner': 'acct_3'}",mock
0x2437e3938132d390ac13c3b5c1b0d4943369b7911f1c82881d42adad374bd733,93000,1,UpdatePublished,"{'model_id': 'model_mnist_784_noniid', 'round': 10, 'ticket_id': 445, 'cid': 'sha256:366a3965294b05bb2f09e8084f8f52901e39b0adec0bc021d9482cfa94df038c'}",mock
0x6c6f0f6719ed9f91890b85a4c180732b43a77cb24676a67697f0e9155b1e6e55,86000,1,TicketReserved,"{'model_id': 'model_mnist_784_noniid', 'round': 10, 'ticket_id': 446, 'owner': 'acct_4'}",mock
0x5cd29c4c5355d7c8cc538f335cdb32cee5849a13c9d3aeb8851cf2515ed7b3a3,93000,1,UpdatePublished,"{'model_id': 'model_mnist_784_noniid', 'round': 10, 'ticket_id': 446, 'cid': 'sha256:bca79b330acfd77b0817fe8e226a2ff74d08938891d6360d89f85144ab6c1f02'}",mock
0xb510f619fec009e7e290e0318e8e827fb0fe6f9eb3b4c28e9acbb67281b37c76,86000,1,TicketReserved,"{'model_id': 'model_mnist_784_noniid', 'round': 10, 'ticket_id': 447, 'owner': 'acct_5'}",mock
0x31cd1bd85bf42f76015ac289c4fb33d95a5980ddd0000f7aaf3cbe530bbd12d9,93000,1,UpdatePublished,"{'model_id': 'model_mnist_784_noniid', 'round': 10, 'ticket_id': 447, 'cid': 'sha256:3f05d3cadc3e9368bb5c8a4e1d1def0892274bd01931580bdada720e72892540'}",mock
0x2cbe381759e180ce1d636f34c3e8215f71812872591a03da8da8f3d2a27be1ba,86000,1,TicketReserved,"{'model_id': 'model_mnist_784_noniid', 'round': 10, 'ticket_id': 448, 'owner': 'acct_6'}",mock
0x9a5a78dced1f40a458871f2483b105347c945e5b15b315b01a813e0956e111d2,93000,1,UpdatePublished,"{'model_id': 'model_mnist_784_noniid', 'round': 10, 'ticket_id': 448, 'cid': 'sha256:9df53cbf871b7e88257176371e4c989e9d20f9a8695d31fb389ad63d7533393d'}",mock
0x5d5a955453d64f36007d4b322caf6844e1bdb2a865cb192493a0fea7b1121094,86000,1,TicketReserved,"{'model_id': 'model_mnist_784_noniid', 'round': 10, 'ticket_id': 449, 'owner': 'acct_7'}",mock
0x86f4b94a7dc65e4071231394a6e7c91dd7064354fbb9c242a995a47552ed68d2,93000,1,UpdatePublished,"{'model_id': 'model_mnist_784_noniid', 'round': 10, 'ticket_id': 449, 'cid': 'sha256:d54c5fb5c299d09f19cce37a62d18f37ec48deb1c950eb80c0a85d36aabb340b'}",mock
0x3d6a6f6cea4c313ba16abac99e7da8b7666344f97cc5ffe8c5cba761fad90a98,86000,1,TicketReserved,"{'model_id': 'model_mnist_784_noniid', 'round': 10, 'ticket_id': 450, 'owner': 'acct_8'}",mock
0x01f362639d9c0af4e91a43f4c0dee8da12090228577a8965cfafe494f05ce212,93000,1,UpdatePublished,"{'model_id': 'model_mnist_784_noniid', 'round': 10, 'ticket_id': 450, 'cid': 'sha256:92999763c5be60cd3cbf353ba72521d1b28c22f59b08b8e5b5ac84e02c4b6636'}",mock
0x0b2e836eeaf1bef5267555139b1900c4fd482389c5d98fb96dfec9f4d61915c1,86000,1,TicketReserved,"{'model_id': 'model_mnist_784_noniid', 'round': 10, 'ticket_id': 451, 'owner': 'acct_9'}",mock
0x9ad1273d2c2d80409247eb68c5e6ffa3768bd4d57e13948b6d62e656a5f63bbd,93000,1,UpdatePublished,"{'model_id': 'model_mnist_784_noniid', 'round': 10, 'ticket_id': 451, 'cid': 'sha256:1712add06b9332d833d9eb647086e6c0a38361a4bf16185213b26dfff2e81be7'}",mock
0x95db1ac55e3d87215b8c49e13d3f1d2eb5139e51eed09f42eb654b21c4692894,86000,1,TicketReserved,"{'model_id': 'model_mnist_784_noniid', 'round': 10, 'ticket_id': 452, 'owner': 'acct_10'}",mock
0x7c44f09d2d1095d6451243c834139f35a558530797f5e83ff8795009a3181487,93000,1,UpdatePublished,"{'model_id': 'model_mnist_784_noniid', 'round': 10, 'ticket_id': 452, 'cid': 'sha256:9b6cab6968a5c202ab1c01076f6de174b9d8e0448dc00433f4f8fe5920ef87df'}",mock
0x878d95e5df61faf338993db8c399f9ed8fee5e9d6efd2aff0ac2db0c22d65557,86000,1,TicketReserved,"{'model_id': 'model_mnist_784_noniid', 'round': 10, 'ticket_id': 453, 'owner': 'acct_11'}",mock
0x45ac7f749e790e56ddf6e88f324629c6873a6af397f67ce99377dddf27f9809a,93000,1,UpdatePublished,"{'model_id': 'model_mnist_784_noniid', 'round': 10, 'ticket_id': 453, 'cid': 'sha256:f04ae3002121f60820e6f82cf7747417bbe9613234c6dfbf3a43bb23a38bd271'}",mock
0x3b8b2168f0da8506625463a4f1c3da3a8d1a8076c386bab78783f7403944d5a8,86000,1,TicketReserved,"{'model_id': 'model_mnist_784_noniid', 'round': 10, 'ticket_id': 454, 'owner': 'acct_12'}",mock
0xa389f30c30a648dd11b8dad19eb88e30aa6a56f89693fa22c3e7debd5247863e,93000,1,UpdatePublished,"{'model_id': 'model_mnist_784_noniid', 'round': 10, 'ticket_id': 454, 'cid': 'sha256:4f61f26dfba6a588a8de9b35b72a866b793860707e215ce5ae1e835940196232'}",mock
0x218aba27697218acd499d01a2e987e6be7229f5112a928bca9da1d62d3771d58,86000,1,TicketReserved,"{'model_id': 'model_mnist_784_noniid', 'round': 10, 'ticket_id': 455, 'owner': 'acct_13'}",mock
0x9e48490b7183def472552ad2107f2d229083f86cd89f92337ad7b4c0d76d546a,93000,1,UpdatePublished,"{'model_id': 'model_mnist_784_noniid', 'round': 10, 'ticket_id': 455, 'cid': 'sha256:1d09043dc3a84fc600129f67d6812084a372d1972f8728869d375a7e7768c745'}",mock
0x0a5530d0d7cf6815dbfb64e8f7b1cbca2de1a543fc62c211610cd26cdfd416f7,86000,1,TicketReserved,"{'model_id': 'model_mnist_784_noniid', 'round': 10, 'ticket_id': 456, 'owner': 'acct_14'}",mock
0x048a1e33683c111e41c714c5cf305e7efc06afca291e4ae6526aae3e3d10fd25,93000,1,UpdatePublished,"{'model_id': 'model_mnist_784_noniid', 'round': 10, 'ticket_id': 456, 'cid': 'sha256:3a2fbec591cc03d8c45a8d4d696e5a5aae3687326fc16290c836cbfeb9671c61'}",mock
0xdb5bab611179c613cbdc39955b8d351c9586f28fb46018cec76593132dc3466e,86000,1,TicketReserved,"{'model_id': 'model_mnist_784_noniid', 'round': 10, 'ticket_id': 457, 'owner': 'acct_16'}",mock
0xb4816bafdc97ae70b80f94971ad53795690d985fadea583f043d2e858603b55a,93000,1,UpdatePublished,"{'model_id': 'model_mnist_784_noniid', 'round': 10, 'ticket_id': 457, 'cid': 'sha256:698655d5ac6d40c2c2bd21c7b4ee3377466afa8ec9c98f2db11da0bb38d6e5b6'}",mock
0x4617e0ad5beebde194b92b4cfd7f73b083302e71982068bab8046da4fcb6a11b,86000,1,TicketReserved,"{'model_id': 'model_mnist_784_noniid', 'round': 10, 'ticket_id': 458, 'owner': 'acct_17'}",mock
0xa5ecc5bc88f37cd6d4b022425d74c1d7f7a6b869be2b229ae330f75b5fb37857,93000,1,UpdatePublished,"{'model_id': 'model_mnist_784_noniid', 'round': 10, 'ticket_id': 458, 'cid': 'sha256:137d6ec2ca107e78d8ae4ff1b50956ad537d7e0a2bd826e1ddc49be70c0f4b25'}",mock
0x445b17452414c9b6626b7be2c8e50105dbaeb42e01c5ed91fd5f0f20acb957ef,86000,1,TicketReserved,"{'model_id': 'model_mnist_784_noniid', 'round': 10, 'ticket_id': 459, 'owner': 'acct_18'}",mock
0x926c1671e4b72ba8bdc5fea97847e7a6ab565b238a91cbdc745eeef38fed8b36,93000,1,UpdatePublished,"{'model_id': 'model_mnist_784_noniid', 'round': 10, 'ticket_id': 459, 'cid': 'sha256:7a970aaaca5e1ab1413541886f7f37e5414fe649b5960aba6177fb7242a91435'}",mock
0xb8cbd9914c2d1a883e4e07516a138c95e7683a72dcc3bd4e766a72728aa93d1b,86000,1,TicketReserved,"{'model_id': 'model_mnist_784_noniid', 'round': 10, 'ticket_id': 460, 'owner': 'acct_19'}",mock
0x5a4b07d48b542d4525c05134421ea2b48a6ece2be19a55490e3c82ccf2ca8f4a,93000,1,UpdatePublished,"{'model_id': 'model_mnist_784_noniid', 'round': 10, 'ticket_id': 460, 'cid': 'sha256:6bffc5070ef8ceaad156c93516209a6b4aa31a5a341ca0677b3a2f27f1185925'}",mock
0x6704981c49c687f542279e6603508173f167065d56fc8f6fe5db5cf3dd744991,86000,1,TicketReserved,"{'model_id': 'model_mnist_784_noniid', 'round': 10, 'ticket_id': 461, 'owner': 'acct_20'}",mock
0x650c7005c513bb5be11db35d80902d76dc28c4916eea0f97b976c3413f265a07,93000,1,UpdatePublished,"{'model_id': 'model_mnist_784_noniid', 'round': 10, 'ticket_id': 461, 'cid': 'sha256:d2c64e62cdfa0e86d9d432a3c441f1b69815ab2a506d2ccfbebf5524e35be168'}",mock
0xe6b7daf6e42754c9df56eb6fbd54e64d33d612f8ef8d404fea57522f6d53e2c4,86000,1,TicketReserved,"{'model_id': 'model_mnist_784_noniid', 'round': 10, 'ticket_id': 462, 'owner': 'acct_22'}",mock
0xcbd09187151465c8a4bf4288ce07bc41bdea7bb94da8e44fef34288f5e872b55,93000,1,UpdatePublished,"{'model_id': 'model_mnist_784_noniid', 'round': 10, 'ticket_id': 462, 'cid': 'sha256:68ba25687dbe865749f4b62a40cb348182fea5cdaade32dfe3666e3c7d83f118'}",mock
0x6eb749a59a03ac1558a07921377ccbc51a07dbc5e910418c8abe3bd080bb3d75,86000,1,TicketReserved,"{'model_id': 'model_mnist_784_noniid', 'round': 10, 'ticket_id': 463, 'owner': 'acct_23'}",mock
0xcc8b0d62b900d0bf60713d53dfbde37ff0bc85ddf970694207861cb6fbc1d467,93000,1,UpdatePublished,"{'model_id': 'model_mnist_784_noniid', 'round': 10, 'ticket_id': 463, 'cid': 'sha256:0473b2c47409ab7cf4aaa7c195f059b94d80b83e3df3f600809b8f4d875911e9'}",mock
0x218c4ca6daf3a7d81ca6d841a08158253f8276a56ae5dadefcfd551c9f726f88,86000,1,TicketReserved,"{'model_id': 'model_mnist_784_noniid', 'round': 10, 'ticket_id': 464, 'owner': 'acct_24'}",mock
0xeac882dccb43b01478b3cbbd27851e016acf6b822e7028d8ea749efd495a6f77,93000,1,UpdatePublished,"{'model_id': 'model_mnist_784_noniid', 'round': 10, 'ticket_id': 464, 'cid': 'sha256:5314fde0a695d351f1cc0d094f36c72b033ddf9036499f58068f44bdbeee36cf'}",mock
0x4a4f02d380bb022e3218d0606c3d3a489aca4918f1fcb5e47d347ddafb37769c,86000,1,TicketReserved,"{'model_id': 'model_mnist_784_noniid', 'round': 10, 'ticket_id': 465, 'owner': 'acct_25'}",mock
0x0150daadc9bf57053a2e75ad09fa4ab7a6501b4ddd595febfe93a718c49a7d49,93000,1,UpdatePublished,"{'model_id': 'model_mnist_784_noniid', 'round': 10, 'ticket_id': 465, 'cid': 'sha256:cee6bae72e9bc78d0a332f2f13a1dd15cfc951ede8345c1aaaff1c734ce88083'}",mock
0xec7908476747be8083c9ab8442e3e96d0e1088c722a2bb8395755809f9e8c1d5,86000,1,TicketReserved,"{'model_id': 'model_mnist_784_noniid', 'round': 10, 'ticket_id': 466, 'owner': 'acct_26'}",mock
0x421f07b7770432e3f9adcdd7ed9afa6bf96c66c8101f95309395d02b45b45944,93000,1,UpdatePublished,"{'model_id': 'model_mnist_784_noniid', 'round': 10, 'ticket_id': 466, 'cid': 'sha256:6c8c701077ff72dd305016e7068478bb9052904e4912fe00d8c786f629fefc49'}",mock
0xf348b0ea49e5ffd5f06241ff9c6161a34c4a9c9c59ff7e9c4e4f1600c64051e5,86000,1,TicketReserved,"{'model_id': 'model_mnist_784_noniid', 'round': 10, 'ticket_id': 467, 'owner': 'acct_27'}",mock
0xe6c05ff4f81d883784f8bb304ee98b106affce986230fe3864f02bc21abbf1c9,93000,1,UpdatePublished,"{'model_id': 'model_mnist_784_noniid', 'round': 10, 'ticket_id': 467, 'cid': 'sha256:de055a11eb13c534d15ac8235c9c4b0f92237107e5011bce6e1fad235f3bad3e'}",mock
0x1b3b6f23baa497b877f4dd7271865603c3d5543fea223c6f917540195569ceda,86000,1,TicketReserved,"{'model_id': 'model_mnist_784_noniid', 'round': 10, 'ticket_id': 468, 'owner': 'acct_28'}",mock
0xb879058a8d0716d797c69a97183567075cda9182e82d9194191989bfc8a2ca23,93000,1,UpdatePublished,"{'model_id': 'model_mnist_784_noniid', 'round': 10, 'ticket_id': 468, 'cid': 'sha256:d2ad16ac9d249695ee4ff0608ae0c65b237ab7a082d0d014beec7581d9f9341a'}",mock
0x686573ae41833b9553dac1e25a87d74ba9b95bbb378a58aebe68d86ad665ed6c,86000,1,TicketReserved,"{'model_id': 'model_mnist_784_noniid', 'round': 10, 'ticket_id': 469, 'owner': 'acct_29'}",mock
0x2f075dd5f6a2831d1946804b947f1b2dcada4460c28353d6b938c8edbe772bbc,93000,1,UpdatePublished,"{'model_id': 'model_mnist_784_noniid', 'round': 10, 'ticket_id': 469, 'cid': 'sha256:10135a1a0d58bf5e6ac1d493626559f00722c19bc2eae2c2366c66b827da38d6'}",mock
0x526ef36ac7b2dd8fff1dbdd0f4c7c82b4eb0ff5e9fc7661c8c0584759fb7b85b,86000,1,TicketReserved,"{'model_id': 'model_mnist_784_noniid', 'round': 10, 'ticket_id': 470, 'owner': 'acct_30'}",mock
0xbb4d33e3bbbf90a5baad52ddf15201e125e9c16adffa4c838fcb14a34bc6a2b3,93000,1,UpdatePublished,"{'model_id': 'model_mnist_784_noniid', 'round': 10, 'ticket_id': 470, 'cid': 'sha256:a94b7c55ba89dc1c25960651dbd0fa2a6f169668018f455b0a0f06c0605f5078'}",mock
0xa1872ac0b6797dfc607f486b80ccfa1c5b7a695893d1b1bf7c2f461067799baa,86000,1,TicketReserved,"{'model_id': 'model_mnist_784_noniid', 'round': 10, 'ticket_id': 471, 'owner': 'acct_31'}",mock
0x0275fa30aaf510340fca11a2c318bf5f030272f560743b91290319a48c291127,93000,1,UpdatePublished,"{'model_id': 'model_mnist_784_noniid', 'round': 10, 'ticket_id': 471, 'cid': 'sha256:da57e4e36d359967bb645f6218bb166e417c318ff4dd22a438285e5dca60762a'}",mock
0xea8a04894b183ec01d8ab65aeb67f206c1b3e46b3742e56991a00d581aa16bcf,86000,1,TicketReserved,"{'model_id': 'model_mnist_784_noniid', 'round': 10, 'ticket_id': 472, 'owner': 'acct_32'}",mock
0xa47911bdf7a6f97cbe80d9da59a80f52175b74a24ea717ee3ad49aeec207014e,93000,1,UpdatePublished,"{'model_id': 'model_mnist_784_noniid', 'round': 10, 'ticket_id': 472, 'cid': 'sha256:92bf48b26021372c0d1b6fad38735ac9c9ad5f38caf30660c9ac20bc8b8fef5f'}",mock
0xc5db2794c71bc6bf77c0e247caac808ab2c2f64f1885aec3209b9f97d00bed6f,86000,1,TicketReserved,"{'model_id': 'model_mnist_784_noniid', 'round': 10, 'ticket_id': 473, 'owner': 'acct_33'}",mock
0xab5e52aa5866b87191e14fcd5049ccef5f7a3ccccd062c7322d18aef98ade172,93000,1,UpdatePublished,"{'model_id': 'model_mnist_784_noniid', 'round': 10, 'ticket_id': 473, 'cid': 'sha256:e725d1ee37841d8531bd8f004f46b2ed069023f13248d0a817f1d7ac173613da'}",mock
0x2f726cf14e8867eb382a228ffa08965a1a0e5d93c3ce2d2ae3472505a107eff3,86000,1,TicketReserved,"{'model_id': 'model_mnist_784_noniid', 'round': 10, 'ticket_id': 474, 'owner': 'acct_35'}",mock
0x11e727e23665c10851c695f6498154e4eab85189d1594034ef891d3f965759b8,93000,1,UpdatePublished,"{'model_id': 'model_mnist_784_noniid', 'round': 10, 'ticket_id': 474, 'cid': 'sha256:36da87f306166a17126a01638f2e0a036fcff2760bda6aeb6495592b313c3474'}",mock
0x3e09e5128d7222112f878f287533e7d2fc451254287717b67c4fb7ed1fca541b,86000,1,TicketReserved,"{'model_id': 'model_mnist_784_noniid', 'round': 10, 'ticket_id': 475, 'owner': 'acct_36'}",mock
0x6d18833e9b5a2a92aec207e0049e4c5df8b00b4d3e196038a88539e03e8825e5,93000,1,UpdatePublished,"{'model_id': 'model_mnist_784_noniid', 'round': 10, 'ticket_id': 475, 'cid': 'sha256:a35e33c9de81fd61eee012d7bd4906571114efe6a3ccc7056869ba6ea7801a12'}",mock
0xe974b584ba3d1c5fea34ab3a01c1c4acdb5855821d1ff7ad5454b11547e834f5,86000,1,TicketReserved,"{'model_id': 'model_mnist_784_noniid', 'round': 10, 'ticket_id': 476, 'owner': 'acct_37'}",mock
0xc5d6ed8426df6527151099e204754e43bfbbf8f218a7944248747364dc927370,93000,1,UpdatePublished,"{'model_id': 'model_mnist_784_noniid', 'round': 10, 'ticket_id': 476, 'cid': 'sha256:ccfbf5f058390ec72bd69004cd8aef1aad16ff08f49fa9e790220a00e497e560'}",mock
0xf3a7aa27a33d16444ee73e205f7c25b866b7ece02f194c5342b13c8f8190b77a,86000,1,TicketReserved,"{'model_id': 'model_mnist_784_noniid', 'round': 10, 'ticket_id': 477, 'owner': 'acct_39'}",mock
0xf0196d2ed23a2abbe9d587f1145861f385a87fef66ad8ae3d9be46192e864cba,93000,1,UpdatePublished,"{'model_id': 'model_mnist_784_noniid', 'round': 10, 'ticket_id': 477, 'cid': 'sha256:8047bbeb329ae0b5ccc4bc98e9918d8aae5a5c6de3e013529b1c9cc3cfacc87e'}",mock
0x874987dda2634405671c6594574affef9a0938195f8a5a5762d18ae8f1082c2f,86000,1,TicketReserved,"{'model_id': 'model_mnist_784_noniid', 'round': 10, 'ticket_id': 478, 'owner': 'acct_40'}",mock
0x5057526cb55d1efdeaec4c8861a31b4c68c3d94b542a2eb7c06a6fc3db3047ce,93000,1,UpdatePublished,"{'model_id': 'model_mnist_784_noniid', 'round': 10, 'ticket_id': 478, 'cid': 'sha256:d07b1b2f8aed6d382b075722d585bfb185443a36ea6e545a12002a8ee0772f4a'}",mock
0x792a1801ee9bdacad9c6c253718785a770ed89ee09ab8a8904fd30ba456dc375,86000,1,TicketReserved,"{'model_id': 'model_mnist_784_noniid', 'round': 10, 'ticket_id': 479, 'owner': 'acct_41'}",mock
0x78f43f6b90dc7b771469ab101d24fba89ebf08986db921f7f8678c9572ab47aa,93000,1,UpdatePublished,"{'model_id': 'model_mnist_784_noniid', 'round': 10, 'ticket_id': 479, 'cid': 'sha256:bcd4619ff4629614c56ed027eb975dfefea4860e85cf4a431d519ceff6cc789a'}",mock
0xd9017e8b8351e610c04fbb8f82454ddbc674562d306febf74f9423eaaadcb388,86000,1,TicketReserved,"{'model_id': 'model_mnist_784_noniid', 'round': 10, 'ticket_id': 480, 'owner': 'acct_42'}",mock
0xa23d8839ac2935442087f0492404a34442dd7f8c3397ae1ff25a1198bf1f7f87,93000,1,UpdatePublished,"{'model_id': 'model_mnist_784_noniid', 'round': 10, 'ticket_id': 480, 'cid': 'sha256:4b1858b1faeace15e6b187ef630b8aab3ed68ec06e871b0508e4af90ab56da64'}",mock
0xa56c452485782423742af03fd0a450de76724e40d343d5afcbe9b2593cb22c5e,86000,1,TicketReserved,"{'model_id': 'model_mnist_784_noniid', 'round': 10, 'ticket_id': 481, 'owner': 'acct_43'}",mock
0x7be3d664888683866452d96afe3aee9a17faee39f9e5190f89f958da31fd008a,93000,1,UpdatePublished,"{'model_id': 'model_mnist_784_noniid', 'round': 10, 'ticket_id': 481, 'cid': 'sha256:18a5fe7aba6cf2dfa278fb4adb874231c62e0de469d1d6bc5a2509f92075fb8f'}",mock
0x23447defb54a62ed99b1cd1fffe5424ea7d6d8c7ec64b823ad4edc438ad69ac0,86000,1,TicketReserved,"{'model_id': 'model_mnist_784_noniid', 'round': 10, 'ticket_id': 482, 'owner': 'acct_44'}",mock
0xcf3406b4cb131e48ceaf0f63f778ed663eac180812d78915ea610c5009b9beb3,93000,1,UpdatePublished,"{'model_id': 'model_mnist_784_noniid', 'round': 10, 'ticket_id': 482, 'cid': 'sha256:0eecf67f00ca1c76edaa44b4459fe1981612483f293258cb2d9a5b6a4e64fe62'}",mock
0xd73ae9e96f36db1e9644fda46262f4e0fd9ced4121965382ead147d1812385e2,86000,1,TicketReserved,"{'model_id': 'model_mnist_784_noniid', 'round': 10, 'ticket_id': 483, 'owner': 'acct_45'}",mock
0x6e78ab4c1a3a7e3172b1c725ccd1e811e262453b61a055ebb34a60f600e33fe3,93000,1,UpdatePublished,"{'model_id': 'model_mnist_784_noniid', 'round': 10, 'ticket_id': 483, 'cid': 'sha256:08f8eca679c64e2c4aee4564a6c513a7da988739b37e6ce2538a69e031d6dff9'}",mock
0x3eeea0cab7f6f3686c2c1c09fe25a7636ee9ca880d4a84301112945709ae8fd1,86000,1,TicketReserved,"{'model_id': 'model_mnist_784_noniid', 'round': 10, 'ticket_id': 484, 'owner': 'acct_46'}",mock
0x2ff8d1825a8cbf76594fc07d0628801e75107a876dfca5e708545c02bda6f2b3,93000,1,UpdatePublished,"{'model_id': 'model_mnist_784_noniid', 'round': 10, 'ticket_id': 484, 'cid': 'sha256:d1bffc1a6cd57c997fc62e8e952cf547e471bcacd6b59dbc06b6dd5a156985e8'}",mock
0x1e908940e5d375ed19a92762db860e1e8f50ba26c2c113349b93d28639953228,86000,1,TicketReserved,"{'model_id': 'model_mnist_784_noniid', 'round': 10, 'ticket_id': 485, 'owner': 'acct_47'}",mock
0x64642a0870c25a9bfe574b90b29499e6142f3d701089efa97f46a981ca6dc043,93000,1,UpdatePublished,"{'model_id': 'model_mnist_784_noniid', 'round': 10, 'ticket_id': 485, 'cid': 'sha256:13251c1b3ea95bd7b4726ff09681fe2e3a62d8ea88e3e1be0b506aaa2fdc8e0f'}",mock
0x30ae48810fa4658edb75fe5e6170152bc0481e47849a9f90b24d9a5adbb6a24d,86000,1,TicketReserved,"{'model_id': 'model_mnist_784_noniid', 'round': 10, 'ticket_id': 486, 'owner': 'acct_48'}",mock
0xa48f42392f8fccdc0bab86fb32e3c672171fe66d70cdb728ba687280964969ca,93000,1,UpdatePublished,"{'model_id': 'model_mnist_784_noniid', 'round': 10, 'ticket_id': 486, 'cid': 'sha256:38607c93739fd9cc53cf0d6bbef2ec71cc4d7af841046bc6de6d3372351223ed'}",mock
0x068dd4e6302da107031a6090e54a3b68ca4bf916c8c2dd5f5b0317060a10364c,86000,1,TicketReserved,"{'model_id': 'model_mnist_784_noniid', 'round': 10, 'ticket_id': 487, 'owner': 'acct_49'}",mock
0x9926c0802e07ddf9ba757fddb4d9f268b70f8d30a692e3a66f893269edaef21a,93000,1,UpdatePublished,"{'model_id': 'model_mnist_784_noniid', 'round': 10, 'ticket_id': 487, 'cid': 'sha256:a183e40ba85138fa7b4f472322b05812f62b1315b06163b3a6d644602fc6a715'}",mock
0x3b7970d62af4e2f4ce0e527e226e33a510986ffaad8a199840ea88e3cdcf18ae,86000,1,TicketReserved,"{'model_id': 'model_mnist_784_noniid', 'round': 10, 'ticket_id': 488, 'owner': 'acct_50'}",mock
0xeee4d8eaa0705965035c6b56d5fd05e789e6b775a78928b7210a88384fa096b5,93000,1,UpdatePublished,"{'model_id': 'model_mnist_784_noniid', 'round': 10, 'ticket_id': 488, 'cid': 'sha256:129d046e5644c28aaea8dae21c64cc7fdc2192b992c98a469dd706d1fe3ad2bc'}",mock
0x257c5a9e52f7eca164977957358a0c6dc621e2cd22efe7a12c18c8143a6e8118,1045000,1,RoundFinalized,"{'model_id': 'model_mnist_784_noniid', 'round': 10, 'included': 46, 'refunds': 46}",mock
0x4c164a46692885abded210ca151ee2edc8d46a34c83f785dbb58aa22e266b65a,52000,1,RoundFunded,"{'model_id': 'model_mnist_784_noniid', 'amount_wei': 10000000000000000}",mock
0xbfdf7c4c593063a90359080968275ea471635edf8a80e1efbd007c417f01709f,86000,1,TicketReserved,"{'model_id': 'model_mnist_784_noniid', 'round': 11, 'ticket_id': 489, 'owner': 'acct_1'}",mock
0xc8edbe7a89e4d20d81202c64fee5d44ec466d1da0116c6613d1010b8c9b99ea8,93000,1,UpdatePublished,"{'model_id': 'model_mnist_784_noniid', 'round': 11, 'ticket_id': 489, 'cid': 'sha256:d55de5066ef990e8a776448de41706f17227dee25ec783f8a9f435222c0a44f3'}",mock
0xbe544d1458ff7f797a5e6a0f215003ec6ee8d5f26aee72515fe8e622e528e81d,86000,1,TicketReserved,"{'model_id': 'model_mnist_784_noniid', 'round': 11, 'ticket_id': 490, 'owner': 'acct_2'}",mock
0x90501cb4056f946d11b7946b6d91557ece4bebc0382242028ca5ebe0792771df,93000,1,UpdatePublished,"{'model_id': 'model_mnist_784_noniid', 'round': 11, 'ticket_id': 490, 'cid': 'sha256:b31e80b84708dabd72f0d300a2e6813003f1aa0e0beff75ddeaf0623a527d24b'}",mock
0x99e0839716e3c8b3bd71958dc701ff66304ebea6fd81ce69821116e28ad3c168,86000,1,TicketReserved,"{'model_id': 'model_mnist_784_noniid', 'round': 11, 'ticket_id': 491, 'owner': 'acct_3'}",mock
0x75e687bd2c4d4589389cb5a3bb30da0b3d206b1701dee95b052e5e57c436842d,93000,1,UpdatePublished,"{'model_id': 'model_mnist_784_noniid', 'round': 11, 'ticket_id': 491, 'cid': 'sha256:013e78ba17cd1a91bcf479c8949f33761bdac31e1afea069ef93373db00d08ff'}",mock
0x90694a7d11583992d712a0b52605cb8e96a21073d251837cf801f443ddc7e18b,86000,1,TicketReserved,"{'model_id': 'model_mnist_784_noniid', 'round': 11, 'ticket_id': 492, 'owner': 'acct_4'}",mock
0xbf97aaf40fcae7f0499f5885dc86824e76fb6e64f2d2b323c84e4d25b872394d,93000,1,UpdatePublished,"{'model_id': 'model_mnist_784_noniid', 'round': 11, 'ticket_id': 492, 'cid': 'sha256:fd67b919f0088c5bca10cd2ddfd4aa345ce3c168f74be326a2ae4eb5a92f6d37'}",mock
0x384f3736fa9c234c0de0849038a4211006c5da5fcf770cb4210f3498e883a318,86000,1,TicketReserved,"{'model_id': 'model_mnist_784_noniid', 'round': 11, 'ticket_id': 493, 'owner': 'acct_6'}",mock
0xfe87c8ae2ddb84a532e94b990d1f77d202ea9ea10c02190b1bf83b3dc6ea7161,93000,1,UpdatePublished,"{'model_id': 'model_mnist_784_noniid', 'round': 11, 'ticket_id': 493, 'cid': 'sha256:9b1f2ca2b23989e104cf18af9834fbfcf6c90036c86b9c300bbde5e36198f664'}",mock
0x81c84d3031b6d23d6c8fbdb4e025704f989d5ce670319e9203f0aba4e24f05b5,86000,1,TicketReserved,"{'model_id': 'model_mnist_784_noniid', 'round': 11, 'ticket_id': 494, 'owner': 'acct_7'}",mock
0x33f8d9eaafe5c7065ba54dcddfa7e31c72d8f00e7b4f90c69d3369db0202e620,93000,1,UpdatePublished,"{'model_id': 'model_mnist_784_noniid', 'round': 11, 'ticket_id': 494, 'cid': 'sha256:44d5b5f9079dd3880edaca2a836e99dfe47ce84a8dd15b5276b19ba1bfa40be1'}",mock
0xbf4217568cc450e389abc0f3093d02413f170ba0a0712b0ce25a7e1e3279a332,86000,1,TicketReserved,"{'model_id': 'model_mnist_784_noniid', 'round': 11, 'ticket_id': 495, 'owner': 'acct_8'}",mock
0x7b0f294477584a2d32ee3122f8fcb08c2de412e1c2ec3613b6a10e040f9531e1,93000,1,UpdatePublished,"{'model_id': 'model_mnist_784_noniid', 'round': 11, 'ticket_id': 495, 'cid': 'sha256:38aff91178aa551a72a4e1718cdd63408703e0a80273a05f07e3b9d2b9b02fb7'}",mock
0xe91153f44f14e4901898805914c7ec376eba311d4c793cb37d8db59ed11b3f06,86000,1,TicketReserved,"{'model_id': 'model_mnist_784_noniid', 'round': 11, 'ticket_id': 496, 'owner': 'acct_9'}",mock
0x8dd07449165a673000e17b9a095564d1352f94981fcee310940cf8917fc060e2,93000,1,UpdatePublished,"{'model_id': 'model_mnist_784_noniid', 'round': 11, 'ticket_id': 496, 'cid': 'sha256:f1e26af1d9bc9bf03a676fc1025d5f60be50583ae3cecd81faf526f8a2e826ee'}",mock
0xbb44395ed37dc33577005a7f122e895e98c03f8539ce5d3a925e38d82f5c13fb,86000,1,TicketReserved,"{'model_id': 'model_mnist_784_noniid', 'round': 11, 'ticket_id': 497, 'owner': 'acct_10'}",mock
0xbeec26946568297f5e2b911da56d4057541f5df39f596b8070db64f23c159e5a,93000,1,UpdatePublished,"{'model_id': 'model_mnist_784_noniid', 'round': 11, 'ticket_id': 497, 'cid': 'sha256:38b9a3afea5016177b5dbb8ebb8b793e14fe6513685491a5905a427c60c65b3d'}",mock
0xe4bde0a5036917dcb5ce242fa49d62ddd3679196b63e28fb17c286a4795bc0fc,86000,1,TicketReserved,"{'model_id': 'model_mnist_784_noniid', 'round': 11, 'ticket_id': 498, 'owner': 'acct_11'}",mock
0x173356403b82f193c8be3b2f64a2294f76dffa23eb5ab3be139e08e5ae9df026,93000,1,UpdatePublished,"{'model_id': 'model_mnist_784_noniid', 'round': 11, 'ticket_id': 498, 'cid': 'sha256:1e6800043bbe6203de1ad1c31f25d265d5a8fe03c83097384079c05696d1651f'}",mock
0x4ec83d88674dc2bfa621a6cac45d4ce1a7c594232c902af76731b9dc85b98e94,86000,1,TicketReserved,"{'model_id': 'model_mnist_784_noniid', 'round': 11, 'ticket_id': 499, 'owner': 'acct_12'}",mock
0x450cf62b9dc4785ae6aa2f8ccc9be041dc84d9de60cea7f3306397c08b087e90,93000,1,UpdatePublished,"{'model_id': 'model_mnist_784_noniid', 'round': 11, 'ticket_id': 499, 'cid': 'sha256:f5fb7c7458d417b1c7b67d72fde48d728d5b360c6625a25f83a90e77165f5195'}",mock
0xd095475a081c6725ed193ef92bd7e3e19e262462125aad3c6c0c625bafb96c95,86000,1,TicketReserved,"{'model_id': 'model_mnist_784_noniid', 'round': 11, 'ticket_id': 500, 'owner': 'acct_13'}",mock
0x8671d84b136c8b837c7212736194e5cf0c985dc8f0d6ba71d81a7ba6d5eee884,93000,1,UpdatePublished,"{'model_id': 'model_mnist_784_noniid', 'round': 11, 'ticket_id': 500, 'cid': 'sha256:0ab620472a0c60e6d70b44f12202cf1dd328afb23e0058a67ed51ef2344e01ad'}",mock
0x4b1d12e6f3dc02e176dba8cb4e07f2e9c689e7a66452aeea8b596741cbe60075,86000,1,TicketReserved,"{'model_id': 'model_mnist_784_noniid', 'round': 11, 'ticket_id': 501, 'owner': 'acct_14'}",mock
0x3257084bf23ae8369250a3273f605b698fed3bf9c99f6924aacbbef858eaf318,93000,1,UpdatePublished,"{'model_id': 'model_mnist_784_noniid', 'round': 11, 'ticket_id': 501, 'cid': 'sha256:ac6669b2e0af5af39e757b515f022b7975aea8693350010899d9c83d294c5297'}",mock
0x6000f1eef36b6bb72afafe63d99bc7996fd5f0a663dac15ddec95c525874cbbf,86000,1,TicketReserved,"{'model_id': 'model_mnist_784_noniid', 'round': 11, 'ticket_id': 502, 'owner': 'acct_15'}",mock
0x5cc3b908d260a53ae92930d6df778abe264c0876cef07488d2e88d0f6e31b61b,93000,1,UpdatePublished,"{'model_id': 'model_mnist_784_noniid', 'round': 11, 'ticket_id': 502, 'cid': 'sha256:29902d398019c56962f6cdc60099167a1e4b7e75898b8fdd33a47c779938b853'}",mock
0x99285e07a0348548bc32d7222a6fe928d50f012baf6ebf5df663219ce6288668,86000,1,TicketReserved,"{'model_id': 'model_mnist_784_noniid', 'round': 11, 'ticket_id': 503, 'owner': 'acct_16'}",mock
0x3b49209a1365628498a9145f33f633fd80d5b60a6d229a22f7514051c40516ce,93000,1,UpdatePublished,"{'model_id': 'model_mnist_784_noniid', 'round': 11, 'ticket_id': 503, 'cid': 'sha256:f7e47eda64994482cca0892899551f74c28230b22b79fe03c79b93082405d765'}",mock
0x5077f9195fcc85f03a677a0b86887afcf61e996092dae4cf69ad3388d8a2eb09,86000,1,TicketReserved,"{'model_id': 'model_mnist_784_noniid', 'round': 11, 'ticket_id': 504, 'owner': 'acct_17'}",mock
0x257406dd25b06015c1a55fc34798fe890369ffb212afafb48a8957175b29a31b,93000,1,UpdatePublished,"{'model_id': 'model_mnist_784_noniid', 'round': 11, 'ticket_id': 504, 'cid': 'sha256:96210cd1587932de43b2b98cb0e743ddadb2e093480c84314b7dfe311edde876'}",mock
0xb957998fe100b2f2035680b620ae2d71f7e187b793cab735a02bb2c17f2e7793,86000,1,TicketReserved,"{'model_id': 'model_mnist_784_noniid', 'round': 11, 'ticket_id': 505, 'owner': 'acct_18'}",mock
0x92eab7f733141a4e037d76df74a57846b29ccd0844047c3bebceadcf3d9e78c2,93000,1,UpdatePublished,"{'model_id': 'model_mnist_784_noniid', 'round': 11, 'ticket_id': 505, 'cid': 'sha256:95aee0108e1bbeddba2adff3b32754caffa0406e6bab4e909bb3b29b473eee2c'}",mock
0x2507fd038f1da0271b44706d0b5f9ab70a6e5500faf2c29941e261bb9fd9ca2b,86000,1,TicketReserved,"{'model_id': 'model_mnist_784_noniid', 'round': 11, 'ticket_id': 506, 'owner': 'acct_19'}",mock
0x7d3ffefacdf4e4f74e19f7d7b6a0eec8556cf39cb481019c65674d52d8a8e664,93000,1,UpdatePublished,"{'model_id': 'model_mnist_784_noniid', 'round': 11, 'ticket_id': 506, 'cid': 'sha256:7cf922e7d61c95ecdad140452c193767e5ca859cdc0f8a6092aa7ad32595f38a'}",mock
0xdc4074e072474f1d5797238204cd11f7892fbcc5aaf3c044f042442d81b2c526,86000,1,TicketReserved,"{'model_id': 'model_mnist_784_noniid', 'round': 11, 'ticket_id': 507, 'owner': 'acct_20'}",mock
0xda3d593f268fc24d5a86a1b5a3cb2b1c805969adb595444d4f0b775e01736643,93000,1,UpdatePublished,"{'model_id': 'model_mnist_784_noniid', 'round': 11, 'ticket_id': 507, 'cid': 'sha256:60acc5c0cd6ca942c083131028afa0ee5d59457222e7b6f36e918aa178445f11'}",mock
0x1596cffe22d6479bf4acb9c3f36baf8bfbe6e1c002349e1e2d00b361691b6333,86000,1,TicketReserved,"{'model_id': 'model_mnist_784_noniid', 'round': 11, 'ticket_id': 508, 'owner': 'acct_22'}",mock
0x3a61f44729b7cbc81901eceeea57c34aa18ae29199a3799904fe18369bbe7db9,93000,1,UpdatePublished,"{'model_id': 'model_mnist_784_noniid', 'round': 11, 'ticket_id': 508, 'cid': 'sha256:1ef954094c3ef1bd6ca26f693de9d6b1594359b093ef9ab0da05b0e36de2032f'}",mock
0xed7e0fb2b43236b5f832b934027af9ca93bee6b8289ae72e1d3832ae4ef7726e,86000,1,TicketReserved,"{'model_id': 'model_mnist_784_noniid', 'round': 11, 'ticket_id': 509, 'owner': 'acct_23'}",mock
0x8e03f126d90616ba3090781a53562280dd6f7ed309d6ed8fba859f8266c2eac1,93000,1,UpdatePublished,"{'model_id': 'model_mnist_784_noniid', 'round': 11, 'ticket_id': 509, 'cid': 'sha256:c0b10f9657b28d196eba3b38c0c3a3122b1d70cce483e82f621f7e6b1a13b5b1'}",mock
0x80fa9fffd3bd8800ea5ab8d839fa1b76e2addd2ff1a49ded9fc9d8b6c6a9f475,86000,1,TicketReserved,"{'model_id': 'model_mnist_784_noniid', 'round': 11, 'ticket_id': 510, 'owner': 'acct_24'}",mock
0x89f73fadd9317337ca356ba52d4079bb13893fc28a4d714cf3d0bf184ab58eb1,93000,1,UpdatePublished,"{'model_id': 'model_mnist_784_noniid', 'round': 11, 'ticket_id': 510, 'cid': 'sha256:e0b4bb4082f41e072dee8b62b462dac7baa62bed430c2b072768740c0349a912'}",mock
0x3580ac7411fb8dc9f94917a9bcc76afe6b08692819c7e173430e2289572e48c0,86000,1,TicketReserved,"{'model_id': 'model_mnist_784_noniid', 'round': 11, 'ticket_id': 511, 'owner': 'acct_25'}",mock
0xd8eb422fba3ca7bd0a460cc7c29a7b19b14cfdae02105c2d4eed1c57e3b672db,93000,1,UpdatePublished,"{'model_id': 'model_mnist_784_noniid', 'round': 11, 'ticket_id': 511, 'cid': 'sha256:1e3b80ffb88fedd8bdd7050ff595f3e1be0abfe8c571d0669dfb2b840cb4eb2f'}",mock
0x029eed5f0b8c3383ef58438e2cdff2f9304e156dddabd9e1cd30355597942404,86000,1,TicketReserved,"{'model_id': 'model_mnist_784_noniid', 'round': 11, 'ticket_id': 512, 'owner': 'acct_26'}",mock
0x55ff822fe74b0217af2bf53ca92f694b1ed3c9707a14886673bbe51449de9f83,93000,1,UpdatePublished,"{'model_id': 'model_mnist_784_noniid', 'round': 11, 'ticket_id': 512, 'cid': 'sha256:23842240293b22ce107cfbf71287cd7375d6c4b3a9f560776a176ed073e335bb'}",mock
0x439535b59ce3251854744503cc44f716159b4954fbee3273aee90248a5abb9b2,86000,1,TicketReserved,"{'model_id': 'model_mnist_784_noniid', 'round': 11, 'ticket_id': 513, 'owner': 'acct_27'}",mock
0x43d235c09df819beb1b5deb3ea4ce7f634f12dec0a3284075155325f75d2f406,93000,1,UpdatePublished,"{'model_id': 'model_mnist_784_noniid', 'round': 11, 'ticket_id': 513, 'cid': 'sha256:84dc5c5e67274efd702b624dced246189809c06a8de30ec29ef5e10a671e026f'}",mock
0x5e05e845e3be178988e12ce50061c96780cdaafe40cf4d6e5027e4cb8714d9b6,86000,1,TicketReserved,"{'model_id': 'model_mnist_784_noniid', 'round': 11, 'ticket_id': 514, 'owner': 'acct_28'}",mock
0x18c85ccfe3d275fced1739e9ebd093c2db4b109b489bee7480ea8393c82226e1,93000,1,UpdatePublished,"{'model_id': 'model_mnist_784_noniid', 'round': 11, 'ticket_id': 514, 'cid': 'sha256:3d539ff6f1f8e003c54d07e8a86ca9f8032bdb5d06efca80bd1d863170c8ca3b'}",mock
0xca20b9363a21754c6d56a249b7a1b2e52fec30afc5effd77d3be3768517aa383,86000,1,TicketReserved,"{'model_id': 'model_mnist_784_noniid', 'round': 11, 'ticket_id': 515, 'owner': 'acct_29'}",mock
0x69652a2af45ecda07ebb02ca4a4d193b8587262e9e94e3b99b7e4fb695b7174f,93000,1,UpdatePublished,"{'model_id': 'model_mnist_784_noniid', 'round': 11, 'ticket_id': 515, 'cid': 'sha256:5c0b782ff87a177c56f4d770cb0c8e7c5e42aebac24ea317e448072a57f4926f'}",mock
0x9d5f8da5e0ed609783dde026c07c2c6361c8821d109c07aa232d3090ae8a537a,86000,1,TicketReserved,"{'model_id': 'model_mnist_784_noniid', 'round': 11, 'ticket_id': 516, 'owner': 'acct_30'}",mock
0x253578dfd9592809def930f2f48242ad92a0d04ff4175aaa5acf75d81f4268c8,93000,1,UpdatePublished,"{'model_id': 'model_mnist_784_noniid', 'round': 11, 'ticket_id': 516, 'cid': 'sha256:2ff06c68c37abf31f07aab3adf886ee03fbc0a93fdd30e1fcfbd55d4f0214184'}",mock
0x6ad96479303e217f3a1f5df094ac6fb69a5199553930c89639c236c4d0fdee35,86000,1,TicketReserved,"{'model_id': 'model_mnist_784_noniid', 'round': 11, 'ticket_id': 517, 'owner': 'acct_33'}",mock
0x1dbc10dbaeba41411a596328af08d9cdfcd2be40ee9e19b120091d387f53e48f,93000,1,UpdatePublished,"{'model_id': 'model_mnist_784_noniid', 'round': 11, 'ticket_id': 517, 'cid': 'sha256:151daec99a60a49d99a3f89d7b75fde01427f0a1e94d40f79701b03bb7ae37de'}",mock
0xb9178607f7b55d91f28a517c66bfe363852c74d2f23991af94a7013dce84c7ab,86000,1,TicketReserved,"{'model_id': 'model_mnist_784_noniid', 'round': 11, 'ticket_id': 518, 'owner': 'acct_34'}",mock
0xee949d1d46ef87738875d257d0cef6e1a234cacf67195faf3f9f1e4b06be5a46,93000,1,UpdatePublished,"{'model_id': 'model_mnist_784_noniid', 'round': 11, 'ticket_id': 518, 'cid': 'sha256:08e786f09824e1be31d94839fed6725d5cb9f2008dbbc102e90e34c0af4a5633'}",mock
0x31e2a844c549688140c3947d22db2daeee8c036c70b62619451e001246f49660,86000,1,TicketReserved,"{'model_id': 'model_mnist_784_noniid', 'round': 11, 'ticket_id': 519, 'owner': 'acct_35'}",mock
0xf2e767e7caa90095dc94b042c41ad65ed80fee96244e2f0f644bd0a91884f2d6,93000,1,UpdatePublished,"{'model_id': 'model_mnist_784_noniid', 'round': 11, 'ticket_id': 519, 'cid': 'sha256:2ad12165a0e1f715494c1f46efb12691dbc8a6e7c3995100fe000608954e367a'}",mock
0x8af21ab14d5bbbac10a9d671c710ba37e47103c90cd5e385616be7c560a7a7a1,86000,1,TicketReserved,"{'model_id': 'model_mnist_784_noniid', 'round': 11, 'ticket_id': 520, 'owner': 'acct_36'}",mock
0x91bc47d7eb0093d194d4a2061c262e55d0bd3b503d2f80b5a7dff67125312c7e,93000,1,UpdatePublished,"{'model_id': 'model_mnist_784_noniid', 'round': 11, 'ticket_id': 520, 'cid': 'sha256:15afd1f00f886cc2887699be80d0e29009b1027f2c380908a52dd8e117446448'}",mock
0x7266723a8b47025cd54e1f4771b8e1db07625fc38eebf0658ae7b50f4f16dc23,86000,1,TicketReserved,"{'model_id': 'model_mnist_784_noniid', 'round': 11, 'ticket_id': 521, 'owner': 'acct_37'}",mock
0xc008f26d9d23606053dd242c4c4535a974f0ee63295241005ef2f4cf325d6591,93000,1,UpdatePublished,"{'model_id': 'model_mnist_784_noniid', 'round': 11, 'ticket_id': 521, 'cid': 'sha256:fdb9b6e1a6db064c73a246b797f4f562c6e9c8dfa5e5f31f52d1fb6430d69863'}",mock
0x6d79f04ad097fd9862acf8112fc6203b372564250ef34cdb02f33d058e55bfbf,86000,1,TicketReserved,"{'model_id': 'model_mnist_784_noniid', 'round': 11, 'ticket_id': 522, 'owner': 'acct_38'}",mock
0x0511cc33750b3f5a9355c26c0748142d645c13908478e996a60c507ad069568b,93000,1,UpdatePublished,"{'model_id': 'model_mnist_784_noniid', 'round': 11, 'ticket_id': 522, 'cid': 'sha256:e69098b938642033169974e5dbdf08e3660affe82c2fb30a23ee1794c7a60f95'}",mock
0x85f12d9dcdbc9af55b573e4e248a66165aa302b47c7d6693e2f437f33a755260,86000,1,TicketReserved,"{'model_id': 'model_mnist_784_noniid', 'round': 11, 'ticket_id': 523, 'owner': 'acct_39'}",mock
0xbe21953fbb477e90615a817f9db869d45f22084e591dde0cf223874b17ee9c55,93000,1,UpdatePublished,"{'model_id': 'model_mnist_784_noniid', 'round': 11, 'ticket_id': 523, 'cid': 'sha256:ed5535325a488e7e27c7cb85e04f4f3937fd6837a267a2f0e4a5334c3345555c'}",mock
0x3d650784ecd80b4ad7628ee7095531961e1ac0292df2b9faef5da013c31c6f4c,86000,1,TicketReserved,"{'model_id': 'model_mnist_784_noniid', 'round': 11, 'ticket_id': 524, 'owner': 'acct_41'}",mock
0x88ff38f95f5db330156407157f11adb4c15c805dbe1aed2305a8eefaea911234,93000,1,UpdatePublished,"{'model_id': 'model_mnist_784_noniid', 'round': 11, 'ticket_id': 524, 'cid': 'sha256:f14ce4925ef17a49c260167d5581c2b7238d3fa189d268ba136eb0e063339f92'}",mock
0xa173e362c0000c5cfe0c5cd5a0999d329ef71fd02a9429a67e8b53249efa8d2b,86000,1,TicketReserved,"{'model_id': 'model_mnist_784_noniid', 'round': 11, 'ticket_id': 525, 'owner': 'acct_42'}",mock
0x89a9af331e721f0a458cf9eb277f157ca92c2f4d6ff7777d08b2839da7b42bc4,93000,1,UpdatePublished,"{'model_id': 'model_mnist_784_noniid', 'round': 11, 'ticket_id': 525, 'cid': 'sha256:7689708e30b5e32aa2f480666125e8d55a2a148843b8cc2736a5857f6f022ed0'}",mock
0xb63c2a4f1e18932aa49eebfe11c45f197711a403c4447d0db82fbe3ad4d3686d,86000,1,TicketReserved,"{'model_id': 'model_mnist_784_noniid', 'round': 11, 'ticket_id': 526, 'owner': 'acct_44'}",mock
0x9d5fcea22c6510e130f13036d8c240f53f3ea31dbb2b4f0b866f81a900e4f7b8,93000,1,UpdatePublished,"{'model_id': 'model_mnist_784_noniid', 'round': 11, 'ticket_id': 526, 'cid': 'sha256:13243a95053c4fbda4dba449b0247207775fd3311983ef608426feb87ba100d1'}",mock
0x498abbe88e62365b7dece01683d3b7c8b3681d9f5178e3dcbe2139aa39bebbcc,86000,1,TicketReserved,"{'model_id': 'model_mnist_784_noniid', 'round': 11, 'ticket_id': 527, 'owner': 'acct_45'}",mock
0xe2559c442a6c6ea4ba1ee58958c3160dd398db494ff8c9393489602353be9eb3,93000,1,UpdatePublished,"{'model_id': 'model_mnist_784_noniid', 'round': 11, 'ticket_id': 527, 'cid': 'sha256:272dadca4b737fd1349ae041216c2fb2510fb4c362e70441ddfdac1edb8db03d'}",mock
0x2034add67a6f88945bda25bae164cfd7b8340d07dd023535599bac6c9749e247,86000,1,TicketReserved,"{'model_id': 'model_mnist_784_noniid', 'round': 11, 'ticket_id': 528, 'owner': 'acct_46'}",mock
0x0e3eb4c24ff2ccd2d2204cfb25ae1ce41c8077741f78cd04bfcbf643b1965a20,93000,1,UpdatePublished,"{'model_id': 'model_mnist_784_noniid', 'round': 11, 'ticket_id': 528, 'cid': 'sha256:60765c814a74e5578499818f7d9aff293d241f212d2b95a3d48c69df5eb8748b'}",mock
0x0c9187dd06fb8d7e4ce4f77d14bccefda53506ec278373b2325b676fca3a1742,86000,1,TicketReserved,"{'model_id': 'model_mnist_784_noniid', 'round': 11, 'ticket_id': 529, 'owner': 'acct_47'}",mock
0x95f37e04920a63ea72e0b02b9e8d07d27bc566558402c924ade5bfea5595dae3,93000,1,UpdatePublished,"{'model_id': 'model_mnist_784_noniid', 'round': 11, 'ticket_id': 529, 'cid': 'sha256:d94782abd455e34a6d91ae6297ee18de7c496420ba4165c6c07fb2cdffc3dbec'}",mock
0xa7bdca03d2c44545e9e0edfb851a4cb50c3bef6f5930995d850250cf6e61e040,86000,1,TicketReserved,"{'model_id': 'model_mnist_784_noniid', 'round': 11, 'ticket_id': 530, 'owner': 'acct_48'}",mock
0x8b406776614c6bda32c71f14b35021318bce17923d3a74710e90479d508b8b8a,93000,1,UpdatePublished,"{'model_id': 'model_mnist_784_noniid', 'round': 11, 'ticket_id': 530, 'cid': 'sha256:5264b4a5674c45b40605c13dd9fe6691aa72e165a7a730bafdadc85f37507dc5'}",mock
0x187e847e4338c1923c01f7409fa9c0c08d778680b6db5241bbf2830c0a1b55f3,86000,1,TicketReserved,"{'model_id': 'model_mnist_784_noniid', 'round': 11, 'ticket_id': 531, 'owner': 'acct_50'}",mock
0x26a39b40964bd73b5c4e26bbf93a7a7b25c719c68e29754b2e7ec3f0d3ecea6f,93000,1,UpdatePublished,"{'model_id': 'model_mnist_784_noniid', 'round': 11, 'ticket_id': 531, 'cid': 'sha256:da7a82f58003c718684c70e8971c007f5415b4dee1b03047ff1c846635571c26'}",mock
0x7cf24b3ff97ddbce8b93f1f02bc8a33f672b3272a42dec57abf5189ba82b35a9,985000,1,RoundFinalized,"{'model_id': 'model_mnist_784_noniid', 'round': 11, 'included': 43, 'refunds': 43}",mock
0x4ac964a0defbcc4cef3713266439f754bea432185b9eb4507dfec99a542cd5d5,38000,1,Claimed,"{'model_id': 'model_mnist_784_noniid', 'account': 'acct_1', 'amount_wei': 12269793850683637}",mock
0x2280eb89b22309f56d8eaf623d9c2a9ff87bb4ff19230b6b7f8a9f8f67af84c1,38000,1,Claimed,"{'model_id': 'model_mnist_784_noniid', 'account': 'acct_2', 'amount_wei': 13487845220392603}",mock
0xe39eec034b02aed2641a7fe7ee79d65d9d800fc183fea55bdce7776f3e82ef15,38000,1,Claimed,"{'model_id': 'model_mnist_784_noniid', 'account': 'acct_3', 'amount_wei': 14715117947665330}",mock
0x04abd9b4cebef1787ce8a7ff5e20d6da02d5453ae99aa6397873e642c3ab06f6,38000,1,Claimed,"{'model_id': 'model_mnist_784_noniid', 'account': 'acct_4', 'amount_wei': 12254800487347870}",mock
0x1aea55ad73a6e837d72f74219a999b928acf3d83e72de206e3afd4a948428115,38000,1,Claimed,"{'model_id': 'model_mnist_784_noniid', 'account': 'acct_5', 'amount_wei': 13482559808130446}",mock
0xb869b466c0d78862c1ec5a08c690e88e829cc11d501cb1d0d1bac05694b85e59,38000,1,Claimed,"{'model_id': 'model_mnist_784_noniid', 'account': 'acct_6', 'amount_wei': 13477022709570092}",mock
0xa65a33d20edefd6677020a08f053e0a8b037a85f254457394fd40aa5dd674431,38000,1,Claimed,"{'model_id': 'model_mnist_784_noniid', 'account': 'acct_7', 'amount_wei': 12255287080857719}",mock
0x87fc7fdd3c63d6e33228dcf8b45c280a7cdef0f55ecf466fe4facb49c9b465a8,38000,1,Claimed,"{'model_id': 'model_mnist_784_noniid', 'account': 'acct_8', 'amount_wei': 14715117947665330}",mock
0xf2ca99f61808f1fde7797838ae58a6bbc10ea9045f56de6ba0234b8cc66c7ab2,38000,1,Claimed,"{'model_id': 'model_mnist_784_noniid', 'account': 'acct_9', 'amount_wei': 14715117947665330}",mock
0x7837fe3de896af7a26d9887884fc79134c72ed8d247829d22a247216d2fa07a2,38000,1,Claimed,"{'model_id': 'model_mnist_784_noniid', 'account': 'acct_10', 'amount_wei': 12265622998170381}",mock
0xb8a2158fb767a466fc473ede088c2ba5103e6d6a0598d263aa40fb8a40122c7e,38000,1,Claimed,"{'model_id': 'model_mnist_784_noniid', 'account': 'acct_11', 'amount_wei': 14715117947665330}",mock
0xfb291c3af572b4dc52d192026f7d1418d1706bb2da1a78b96573352bbb9e6001,38000,1,Claimed,"{'model_id': 'model_mnist_784_noniid', 'account': 'acct_12', 'amount_wei': 11027527760075143}",mock
0xfdfa19a95126bc69f36e58581c5ec665cc85cf1c0c5f6c89ed1fa604f06f2eb8,38000,1,Claimed,"{'model_id': 'model_mnist_784_noniid', 'account': 'acct_13', 'amount_wei': 13487845220392603}",mock
0xb7665856b710579205338902f83c07ee6f870d205bc50f1c71415efb6dba5d5f,38000,1,Claimed,"{'model_id': 'model_mnist_784_noniid', 'account': 'acct_14', 'amount_wei': 11033299765847149}",mock
0x93286b90c88c4845ef34df9f1b09f82af1b5540e9d10c8d7f2bd305aaeb3d9b8,38000,1,Claimed,"{'model_id': 'model_mnist_784_noniid', 'account': 'acct_15', 'amount_wei': 12270453916044777}",mock
0x9e4e31a508e3eb9d39afca923005fe1f3c2ee5e88bb5a9b86b39e8b948518a95,38000,1,Claimed,"{'model_id': 'model_mnist_784_noniid', 'account': 'acct_16', 'amount_wei': 14715117947665330}",mock
0x12cc9600108afa39e21d68495a8f6a7fb06d71d0a28ce3e3eb54f6b05748433a,38000,1,Claimed,"{'model_id': 'model_mnist_784_noniid', 'account': 'acct_17', 'amount_wei': 13487845220392603}",mock
0x4de66c6cfa2e9fd4c9e37e440fd501b7d3fa4361e531ab14337bd279973273cb,38000,1,Claimed,"{'model_id': 'model_mnist_784_noniid', 'account': 'acct_18', 'amount_wei': 13487845220392603}",mock
0x68fbb9f7e05246bed4135a32c947e5185ac089031828d096a244945ce75e9c63,38000,1,Claimed,"{'model_id': 'model_mnist_784_noniid', 'account': 'acct_19', 'amount_wei': 13487845220392603}",mock
0x9283457f3755ae5cfb49d4d9f0f870a59d30747a67bda9a46fdd6085bd526a43,38000,1,Claimed,"{'model_id': 'model_mnist_784_noniid', 'account': 'acct_20', 'amount_wei': 14715117947665330}",mock
0x41482e0bfdede3c47f53b1a0ff1e5a74794e5498f6f1668d5a90566a3d826c8b,38000,1,Claimed,"{'model_id': 'model_mnist_784_noniid', 'account': 'acct_21', 'amount_wei': 11032610364247736}",mock
0x63842fb89b3c0e05602e5c3bfe3c8da00afd09e14cbc7886eb81bafc005a218a,38000,1,Claimed,"{'model_id': 'model_mnist_784_noniid', 'account': 'acct_22', 'amount_wei': 9819592720502730}",mock
0x75ee077778f929edea363aef797ba489f93b8d71519826f1220359fbd544b902,38000,1,Claimed,"{'model_id': 'model_mnist_784_noniid', 'account': 'acct_23', 'amount_wei': 14715117947665330}",mock
0x41f341f0bedfed8c2dc6fc714d709abe5a3a77cf7d5d1157a7c3d301404af2fc,38000,1,Claimed,"{'model_id': 'model_mnist_784_noniid', 'account': 'acct_24', 'amount_wei': 12249749982297365}",mock
0x93b5e50e970b1c8932a9a8f0c770a65e8bba5a3fa1b05aeb0b671d717276ccb7,38000,1,Claimed,"{'model_id': 'model_mnist_784_noniid', 'account': 'acct_25', 'amount_wei': 14715117947665330}",mock
0x656909012cc14d4a4cddb622e81d06d5de880328dc583317bca27daccf8253da,38000,1,Claimed,"{'model_id': 'model_mnist_784_noniid', 'account': 'acct_26', 'amount_wei': 11011654744202127}",mock
0x632b7bd28b01e7960d837437de3e1926e3c5e1ce09428bb753603d8414a1853f,38000,1,Claimed,"{'model_id': 'model_mnist_784_noniid', 'account': 'acct_27', 'amount_wei': 12265168503782620}",mock
0xa9a4f9a23be22881b1e1c887912e51220b427e850faf2f1f585be97c5e543b51,38000,1,Claimed,"{'model_id': 'model_mnist_784_noniid', 'account': 'acct_28', 'amount_wei': 13477022709570092}",mock
0x96e87699d7d47f41525c927d04231428151e7b653a7147b0ce73292407fb88b0,38000,1,Claimed,"{'model_id': 'model_mnist_784_noniid', 'account': 'acct_29', 'amount_wei': 14715117947665330}",mock
0x6d627e4a5aab999a4b43c0bddd0a72b4d7ec87d36089b4ff112e9088b19124c4,38000,1,Claimed,"{'model_id': 'model_mnist_784_noniid', 'account': 'acct_30', 'amount_wei': 13477022709570092}",mock
0x00f11cd7451e11e974889aa4c675775a96bad73b39e2326462b6702f0afceeb0,38000,1,Claimed,"{'model_id': 'model_mnist_784_noniid', 'account': 'acct_31', 'amount_wei': 12244464570035208}",mock
0x1233429489e04f29deedc55516efcf2381ab01d2d99731453eb92c9e711102f9,38000,1,Claimed,"{'model_id': 'model_mnist_784_noniid', 'account': 'acct_32', 'amount_wei': 12255287080857719}",mock
0x09e1bc80a6d51a23c28a10201641661ca376768dd44a5bfd4cfc426801bf7d1a,38000,1,Claimed,"{'model_id': 'model_mnist_784_noniid', 'account': 'acct_33', 'amount_wei': 12264256752123283}",mock
0x19a4168c7a0312e2e459ae3724d9953a4fed1ac557beda734fbf3031497f31f9,38000,1,Claimed,"{'model_id': 'model_mnist_784_noniid', 'account': 'acct_34', 'amount_wei': 13497726643317504}",mock
0x127de6e0d2dbeafe611e629b1072735769a60a367dfae69c6e4770db18e73c0f,38000,1,Claimed,"{'model_id': 'model_mnist_784_noniid', 'account': 'acct_35', 'amount_wei': 13477022709570092}",mock
0x1617df1437327bc3e804e269e022a24bb2ceb38293b8d87fd7f3da4aa2cccbb8,38000,1,Claimed,"{'model_id': 'model_mnist_784_noniid', 'account': 'acct_36', 'amount_wei': 13492895725443108}",mock
0x35c40ad8234051d54abd83ce9840bf66cbc87edc6f7cb2d5933720b2f5ab70a4,38000,1,Claimed,"{'model_id': 'model_mnist_784_noniid', 'account': 'acct_37', 'amount_wei': 13497726643317504}",mock
0x5a1282e82644444d33d6d798c8036d3deb5b87e3a615fbf1021a199695aa0324,38000,1,Claimed,"{'model_id': 'model_mnist_784_noniid', 'account': 'acct_38', 'amount_wei': 13497726643317504}",mock
0x06ffd8afe00137573f5007d33debe4eca7c1f6b98905c2273ce6b57ded932814,38000,1,Claimed,"{'model_id': 'model_mnist_784_noniid', 'account': 'acct_39', 'amount_wei': 14715117947665330}",mock
0x8320048dda6e2383963d12e51ee1206d3361d63f9c3fe8857f863596a65cc43f,38000,1,Claimed,"{'model_id': 'model_mnist_784_noniid', 'account': 'acct_40', 'amount_wei': 9800020125590764}",mock
0xedce5c07f36909eba7d12445a55ac4588e66e81caeb43660d4a9eb2a2a793b49,38000,1,Claimed,"{'model_id': 'model_mnist_784_noniid', 'account': 'acct_41', 'amount_wei': 12244464570035208}",mock
0xd52ab272c57cb2a8f18207ef153432b61604ad7579644eb77291316766952ce4,38000,1,Claimed,"{'model_id': 'model_mnist_784_noniid', 'account': 'acct_42', 'amount_wei': 13492895725443108}",mock
0xaabff90fae1970f3a9e5782c59aa40da49367c5384a65b7bad3590a45a081421,38000,1,Claimed,"{'model_id': 'model_mnist_784_noniid', 'account': 'acct_43', 'amount_wei': 11017191842762481}",mock
0x005c8de535981de23b7d11288e3a84aafb3050a2441489b691c929fedda23613,38000,1,Claimed,"{'model_id': 'model_mnist_784_noniid', 'account': 'acct_44', 'amount_wei': 14715117947665330}",mock
0xb7b573d1b9483dc882f7eda947a4f5087dd801ca6d7602a81973753150af0554,38000,1,Claimed,"{'model_id': 'model_mnist_784_noniid', 'account': 'acct_45', 'amount_wei': 13482559808130446}",mock
0x6ea907cab82d5b7af22c679430f7bf23ea66b21b56a539b9b33676de00292c9d,38000,1,Claimed,"{'model_id': 'model_mnist_784_noniid', 'account': 'acct_46', 'amount_wei': 14715117947665330}",mock
0x692abfbcf3903a5c5cd0efe937c2c30173b124e483cebb2bff986f35da664fdb,38000,1,Claimed,"{'model_id': 'model_mnist_784_noniid', 'account': 'acct_47', 'amount_wei': 13492895725443108}",mock
0x88ab77754d7cdd76da166823488b7043a3cee056cb6e1b84d568600962176a2f,38000,1,Claimed,"{'model_id': 'model_mnist_784_noniid', 'account': 'acct_48', 'amount_wei': 11017191842762481}",mock
0xee711b8991d0b9cb0735453fcf9c1179721d1e4a9303afef1bfbf7989e3f1501,38000,1,Claimed,"{'model_id': 'model_mnist_784_noniid', 'account': 'acct_49', 'amount_wei': 11042946281560398}",mock
0x977eed3b5e271dba9541b7a88f08b4c7fef95c9da6d3da4a6f3c050054dd128f,38000,1,Claimed,"{'model_id': 'model_mnist_784_noniid', 'account': 'acct_50', 'amount_wei': 13492895725443108}",mock
