tx,gas_used,status,event,data,backend
0x5ab84855cd44a8d3e73fa011ce45c63b1185ab057ef9fa44f6acf3fcfbdda6b0,145000,1,ListingCreated,"{'model_id': 'model_mnist_784_noniid', 'init_cid': 'sha256:06b364374210898ad311c48033620e9576e971969d4d4e64a688b6585949d1f3'}",mock
0xbcc82c1a94a9eb737f316bda0d37a2f10f6524658549d97362c789af5bdd3944,52000,1,RoundFunded,"{'model_id': 'model_mnist_784_noniid', 'amount_wei': 10000000000000000}",mock
0x56de5d0aaffb782f2515a3f28de122d0f879f475684d7e1086d645c0ac382fe5,86000,1,TicketReserved,"{'model_id': 'model_mnist_784_noniid', 'round': 0, 'ticket_id': 1, 'owner': 'acct_1'}",mock
0x8d448dc3c9f321191fe633382ec8f5b41a0028af15c405a6cf6283141511f491,93000,1,UpdatePublished,"{'model_id': 'model_mnist_784_noniid', 'round': 0, 'ticket_id': 1, 'cid': 'sha256:af8431a0cb5b05d4aaf9a8abd987b55a2bfd5ef3748fe10f86af6fe80c11b609'}",mock
0x98f417c27981aadb52337c5c01b04d67258b74be09756b7613c1f98e001de5bc,86000,1,TicketReserved,"{'model_id': 'model_mnist_784_noniid', 'round': 0, 'ticket_id': 2, 'owner': 'acct_2'}",mock
0xab47d20e82e379bc6451adbc2ec5b7e9b2f7b529471eb80e0f6294386c892793,93000,1,UpdatePublished,"{'model_id': 'model_mnist_784_noniid', 'round': 0, 'ticket_id': 2, 'cid': 'sha256:aee267bd3f822b081970ee297fbb426fe404c8cb1657f1b33cafdb931ee37df4'}",mock
0x16ad0475fa80b96c08a184c1a5e1081b2eeeeeff602eda1cfcb58b2846a68706,86000,1,TicketReserved,"{'model_id': 'model_mnist_784_noniid', 'round': 0, 'ticket_id': 3, 'owner': 'acct_3'}",mock
0x2b715feaa3929fed97df0c83b5713431863bfc2ecf780fa4c8e89236330b442f,93000,1,UpdatePublished,"{'model_id': 'model_mnist_784_noniid', 'round': 0, 'ticket_id': 3, 'cid': 'sha256:bc80fa332ea89d6458e7a2b7d66e3d7de5d41af85bcec2bfca63c3f15e1c97a6'}",mock
0xb124742304b2ee9f1e057deb220a654d65bf1b1734a829ce56b6329edca7dee2,86000,1,TicketReserved,"{'model_id': 'model_mnist_784_noniid', 'round': 0, 'ticket_id': 4, 'owner': 'acct_4'}",mock
0x41d0579627e18e60a34c8397d5f418cda8b91305a9229b8e988bcf4de4f061c0,93000,1,UpdatePublished,"{'model_id': 'model_mnist_784_noniid', 'round': 0, 'ticket_id': 4, 'cid': 'sha256:e70fa5bf3ad2ca65b8feb6affda120855cad08fc8410025dd9687707835783f2'}",mock
0x867a272bac6c0cb69eb6995e816bf8044b030d706735039f08bf93cfa9235079,86000,1,TicketReserved,"{'model_id': 'model_mnist_784_noniid', 'round': 0, 'ticket_id': 5, 'owner': 'acct_5'}",mock
0x0e64453b2a4c88f9873a218166519ccd7add61b5933a0acc0b1e809dc9532a09,93000,1,UpdatePublished,"{'model_id': 'model_mnist_784_noniid', 'round': 0, 'ticket_id': 5, 'cid': 'sha256:6498317dae9053d08199cd327bcc56e65ed93f1ac0b3829ab366b2cf19dc45a7'}",mock
0xbaa83c9f322e5fb44f9353acc9597c73afacbac39af8217f9f10aa2a9eb2ac15,86000,1,TicketReserved,"{'model_id': 'model_mnist_784_noniid', 'round': 0, 'ticket_id': 6, 'owner': 'acct_6'}",mock
0xea21faee3a39adaf542f89622cfa664a105c514c98829a998e4e512dbc574e9d,93000,1,UpdatePublished,"{'model_id': 'model_mnist_784_noniid', 'round': 0, 'ticket_id': 6, 'cid': 'sha256:d9623024a9192dd5d0ba7bab14fe721cbf5ad5195c3305866cf345957ee9a43c'}",mock
0x9297619a5cda300ed034829bdc0829342a50955c2179064c13156a6628ba4928,86000,1,TicketReserved,"{'model_id': 'model_mnist_784_noniid', 'round': 0, 'ticket_id': 7, 'owner': 'acct_7'}",mock
0x7c7fefdcff047fa7f6d53a5195f00aff53dd9b27067c76b8d2768d7cbf66c6e0,93000,1,UpdatePublished,"{'model_id': 'model_mnist_784_noniid', 'round': 0, 'ticket_id': 7, 'cid': 'sha256:7dd23b9bd05f9ae486a9792458ec275682e8b79b2bb8d9eb0ea03e2653b70f36'}",mock
0xe16252aaef42f14006135fcc8415a0fd2c49a688bd79b23b7c46b852aeabe31b,86000,1,TicketReserved,"{'model_id': 'model_mnist_784_noniid', 'round': 0, 'ticket_id': 8, 'owner': 'acct_8'}",mock
0x12d984dee7cc7c6d67a2a60653d4268714a45ca391f591c3c0c055ce3b3c81c4,93000,1,UpdatePublished,"{'model_id': 'model_mnist_784_noniid', 'round': 0, 'ticket_id': 8, 'cid': 'sha256:5695f409618e8c392e9e8d47538864a2bad65a401b948e006f9305d581924018'}",mock
0x58496763de3fd1fc7196101d614e1919f4bb13713d8a00040274b8b634639126,86000,1,TicketReserved,"{'model_id': 'model_mnist_784_noniid', 'round': 0, 'ticket_id': 9, 'owner': 'acct_9'}",mock
0xc5f7f80f830778b7ebf507f13f4c48b5c9906cafc018ffc7eb1769782d00ad26,93000,1,UpdatePublished,"{'model_id': 'model_mnist_784_noniid', 'round': 0, 'ticket_id': 9, 'cid': 'sha256:7b258b34047aa99420dc548b0faf9e013380bf88e6d8126cbcddb29b867eacfc'}",mock
0x55604b9dd8aed0da9a6a5cb4a8b85043b140a9a85f21804c5701054226f2c0be,86000,1,TicketReserved,"{'model_id': 'model_mnist_784_noniid', 'round': 0, 'ticket_id': 10, 'owner': 'acct_10'}",mock
0xe485c937dd370d3ab0a970ea43b80e9abbb33e348eda05836537e1897b5ec3e9,93000,1,UpdatePublished,"{'model_id': 'model_mnist_784_noniid', 'round': 0, 'ticket_id': 10, 'cid': 'sha256:3cadcd9afc9679543746e74bfb0a28796033322f2b3607d45b805503cf4b0ec5'}",mock
0x4298e397b5de4359f52a18e92ba392b4c2f2d161348a0d56e5b00cbd8544ac8d,86000,1,TicketReserved,"{'model_id': 'model_mnist_784_noniid', 'round': 0, 'ticket_id': 11, 'owner': 'acct_11'}",mock
0x4c526912c497c1182da98b51f7db830c3ea44b2a49aa4d1140bd895435d4ec9e,93000,1,UpdatePublished,"{'model_id': 'model_mnist_784_noniid', 'round': 0, 'ticket_id': 11, 'cid': 'sha256:6d0e08bd3bc25b8f02cd4ea4fe0e22662c115937c959073c2657bef84c45b6c9'}",mock
0xd610f183ce7b57ed2fc6bd5713c108d3882bbceb982963b0ade812f5efca8624,86000,1,TicketReserved,"{'model_id': 'model_mnist_784_noniid', 'round': 0, 'ticket_id': 12, 'owner': 'acct_12'}",mock
0x05b5a838539e6fe12eb9e80c603c6b12935bac7d53e962f3204e98f8207443b2,93000,1,UpdatePublished,"{'model_id': 'model_mnist_784_noniid', 'round': 0, 'ticket_id': 12, 'cid': 'sha256:e825b91fd95308d8ea0cca2e0d94013573634ced9526130157de242359d4f135'}",mock
0x08dbeabd3d59f480ebce0f46b8957daa985d1719a561338958e6107eaeec1383,86000,1,TicketReserved,"{'model_id': 'model_mnist_784_noniid', 'round': 0, 'ticket_id': 13, 'owner': 'acct_13'}",mock
0xc27d6d77365d4ff270b2764dc5b199e2ac76eef3c06a6291d0d5fefe43644577,93000,1,UpdatePublished,"{'model_id': 'model_mnist_784_noniid', 'round': 0, 'ticket_id': 13, 'cid': 'sha256:356e043b7ed3694957b3edb60b45c840a5414576f9f3271963ba9e8ada3fd466'}",mock
0x19250601c2a6931f9d99f899a3c6f0eb260c7d5459e68c065c2a7ada8b1c6c6a,86000,1,TicketReserved,"{'model_id': 'model_mnist_784_noniid', 'round': 0, 'ticket_id': 14, 'owner': 'acct_14'}",mock
0xb966639b48a88c2b6e0844afcedb6a8dc1d53684c49bcdbb3e2d779bf87d66d3,93000,1,UpdatePublished,"{'model_id': 'model_mnist_784_noniid', 'round': 0, 'ticket_id': 14, 'cid': 'sha256:5d3576ce134b90ceb39eb8f6cb19d4c4c8ac2eaf669edbd7ed2724a4444f0e39'}",mock
0x5d13de7b792d93c950a8d76aed191336f8429c424bf7ac3aaa62011527dc4df2,86000,1,TicketReserved,"{'model_id': 'model_mnist_784_noniid', 'round': 0, 'ticket_id': 15, 'owner': 'acct_15'}",mock
0x06a85590a6ffad92fa41411e21977a4665fbe1d9ef633eacbff09db51492b744,93000,1,UpdatePublished,"{'model_id': 'model_mnist_784_noniid', 'round': 0, 'ticket_id': 15, 'cid': 'sha256:df5c17a915310272befef748009b39aeb75d392d2fb6002e2f10317610d16d7e'}",mock
0xc9de863883afdd3564d39ad72f165e14d9712214c27a3bc5635ff2894e672fbf,86000,1,TicketReserved,"{'model_id': 'model_mnist_784_noniid', 'round': 0, 'ticket_id': 16, 'owner': 'acct_16'}",mock
0x8f2d0cae25a866e52e26dcc0bc6178db03477fbbfd1a9af7ae44e2287869faa2,93000,1,UpdatePublished,"{'model_id': 'model_mnist_784_noniid', 'round': 0, 'ticket_id': 16, 'cid': 'sha256:9bee8b655f3aee809041a6ef14efefd246b73d0f56f569c75e8e32b8fe7db794'}",mock
0xa74fd0054fb3c56b39b7d6c54a1394a470d5c34b6249d1429bc2647bc94fd1cc,86000,1,TicketReserved,"{'model_id': 'model_mnist_784_noniid', 'round': 0, 'ticket_id': 17, 'owner': 'acct_17'}",mock
0x2f6b2536ad386aa5dcf6aac75eb26ff9b8f44225b22471969bca52ea6e4cbe91,93000,1,UpdatePublished,"{'model_id': 'model_mnist_784_noniid', 'round': 0, 'ticket_id': 17, 'cid': 'sha256:03d0bdda82e1780845978c5bd092c146b8fc941240c337dae30f4064b936d071'}",mock
0x0924c61d1a8940f8c065cc322880778e73828712a937ba49e5d7852f38c75be9,86000,1,TicketReserved,"{'model_id': 'model_mnist_784_noniid', 'round': 0, 'ticket_id': 18, 'owner': 'acct_18'}",mock
0x071d2a8030eb4938dd99dfc95bc5b5457cd792f5bca12e91605c8b371dfa5bce,93000,1,UpdatePublished,"{'model_id': 'model_mnist_784_noniid', 'round': 0, 'ticket_id': 18, 'cid': 'sha256:44cce80bebbc3c417fe99e78db85df371506e879a1487c6db533fc52f9e41dd7'}",mock
0x2c54f930d3ac15a6b2117441b923eb90060304f2cd8c5f1db5f462ef16300acb,86000,1,TicketReserved,"{'model_id': 'model_mnist_784_noniid', 'round': 0, 'ticket_id': 19, 'owner': 'acct_19'}",mock
0xe60236d956589aaf5ba02db0647112a88313d08ba15a682fe725059ad19d3570,93000,1,UpdatePublished,"{'model_id': 'model_mnist_784_noniid', 'round': 0, 'ticket_id': 19, 'cid': 'sha256:d19b97efd328371b6b94f7e894371e7203d0199ac40a60eb934115bc0698aaba'}",mock
0x58527fcd130cc70e2cdca042deaa73a8b944ddb7794b5f9035a44d0506897544,86000,1,TicketReserved,"{'model_id': 'model_mnist_784_noniid', 'round': 0, 'ticket_id': 20, 'owner': 'acct_20'}",mock
0x9edd6b6e4a29392f14635832a4e5570a42cf958d50591517f693835c90a36d92,93000,1,UpdatePublished,"{'model_id': 'model_mnist_784_noniid', 'round': 0, 'ticket_id': 20, 'cid': 'sha256:fe64b37e1a70657f7a9f2c6cbd1ba4a2e1c5fa412744c46fbfbe67f8ea94472a'}",mock
0xadf22da06421dc3eed046f970cc90a1fb596168deec507148b8cebd60c791765,86000,1,TicketReserved,"{'model_id': 'model_mnist_784_noniid', 'round': 0, 'ticket_id': 21, 'owner': 'acct_21'}",mock
0x0b69dce91f5022facda0d0c42ca1c2685ff70508eef03a1adc07b4bbe61e8303,93000,1,UpdatePublished,"{'model_id': 'model_mnist_784_noniid', 'round': 0, 'ticket_id': 21, 'cid': 'sha256:cf32ac00934d1c29bf6f541e608889f678a70c6a55d1e4ecc4d25b92104ef1d8'}",mock
0x8acfff3681ee93e7c5c2cc8aae181f37bbeb37f1f863ac852176ab2b7711dbfe,86000,1,TicketReserved,"{'model_id': 'model_mnist_784_noniid', 'round': 0, 'ticket_id': 22, 'owner': 'acct_22'}",mock
0xfbdb8c8c3f3daade0d22a14510cee1f7d4e324f798bc5dd1522d268eb0ef3d2f,93000,1,UpdatePublished,"{'model_id': 'model_mnist_784_noniid', 'round': 0, 'ticket_id': 22, 'cid': 'sha256:8eb18af375fc41369728b20bcedc3687c38abbcc4f47d4478e8fefda17830c0a'}",mock
0xe1ce51d1b9e7bfcc672301a3244b70f7da755d8e67596d12e5e08d987a7b3445,86000,1,TicketReserved,"{'model_id': 'model_mnist_784_noniid', 'round': 0, 'ticket_id': 23, 'owner': 'acct_23'}",mock
0xf4aae7e24275a9bbd20e825dc0594033f32612ba01dd1cc414204c0dd2d19941,93000,1,UpdatePublished,"{'model_id': 'model_mnist_784_noniid', 'round': 0, 'ticket_id': 23, 'cid': 'sha256:9addae1b441eb19eb99b7d184aac240c3952ea67dc551f2f2d663e7719eab1fe'}",mock
0xcac21b64df2e93b9458d8b27714560d191b42fbdd3215b802197e777b927813c,86000,1,TicketReserved,"{'model_id': 'model_mnist_784_noniid', 'round': 0, 'ticket_id': 24, 'owner': 'acct_24'}",mock
0x9b43f8af2ff3fe6dc0111ea9e0313e4f21b4555d6594d143c9cffe25d6c8e5b1,93000,1,UpdatePublished,"{'model_id': 'model_mnist_784_noniid', 'round': 0, 'ticket_id': 24, 'cid': 'sha256:14156d9f05757dae874e76943848911ab0c5be8c48e75e486c79c61f776700dd'}",mock
0x2aeb38b5fc5e49b75266caa6a6048e2d6eacc67edd3db7960fa7078701fbc152,86000,1,TicketReserved,"{'model_id': 'model_mnist_784_noniid', 'round': 0, 'ticket_id': 25, 'owner': 'acct_25'}",mock
0x86df3c8622b485b453d35fdbff72ca0764323e92e010f06d5d2f01d6cf437295,93000,1,UpdatePublished,"{'model_id': 'model_mnist_784_noniid', 'round': 0, 'ticket_id': 25, 'cid': 'sha256:f302c5f5465f543b3442e3402669927b627fe12307810b578063d0de4b30b96a'}",mock
0x62c1581a694fa09333038d9ea3b0b1ef3e74d7c5058f2c428d750acde427fff7,86000,1,TicketReserved,"{'model_id': 'model_mnist_784_noniid', 'round': 0, 'ticket_id': 26, 'owner': 'acct_26'}",mock
0x62e3a968034258392d01f898f7fb1b69424df9b0c197f253f11fb0a998fb2832,93000,1,UpdatePublished,"{'model_id': 'model_mnist_784_noniid', 'round': 0, 'ticket_id': 26, 'cid': 'sha256:afbaf74197504aa19717979beeddfe2182bea961a05b5094849c2a6d4bad9f0f'}",mock
0xfeeedab3f52578c0a0f015632c4038842f28214580f5b39fec08ebeced7c2efa,86000,1,TicketReserved,"{'model_id': 'model_mnist_784_noniid', 'round': 0, 'ticket_id': 27, 'owner': 'acct_27'}",mock
0x016d0adc33e4db7f05ea00ff008c3c834cfdc414dc51fbe766a0fcc16e8fb0ec,93000,1,UpdatePublished,"{'model_id': 'model_mnist_784_noniid', 'round': 0, 'ticket_id': 27, 'cid': 'sha256:ffc054bb83b58aea4b7f75e3988eb4a21d3afb40972e65fa42a26538b70f35dd'}",mock
0xcbc60507315cd1296a60a632e1c6ac8582b94bfa0a2f61ce1f370f5ac04672e5,86000,1,TicketReserved,"{'model_id': 'model_mnist_784_noniid', 'round': 0, 'ticket_id': 28, 'owner': 'acct_28'}",mock
0x594c46f837f93d6619d8b70bb689e9ba4764c880068b18f06d081f5507321cc7,93000,1,UpdatePublished,"{'model_id': 'model_mnist_784_noniid', 'round': 0, 'ticket_id': 28, 'cid': 'sha256:811bccb732bdcf0f04158d70991bab5b2f56f20bf879e6cecdf9b468481c670d'}",mock
0x38ed7c4753f50f61538c61c6a01aa42c5ff04b9b12fae305593f701e4909e032,86000,1,TicketReserved,"{'model_id': 'model_mnist_784_noniid', 'round': 0, 'ticket_id': 29, 'owner': 'acct_29'}",mock
0xb8873843a62cd5096c0b8174a2e11aed1e2d47b3bbfe2a3d69c6ecdf53979d63,93000,1,UpdatePublished,"{'model_id': 'model_mnist_784_noniid', 'round': 0, 'ticket_id': 29, 'cid': 'sha256:606bb06a925d80ecea6e17fb5a9a64ed8dd22a1b71fe3ec81b837b172a287052'}",mock
0xd1785e58c76de358ea6b36f67ff6f500e9ec060598f7f5ea2421c7f972f66807,86000,1,TicketReserved,"{'model_id': 'model_mnist_784_noniid', 'round': 0, 'ticket_id': 30, 'owner': 'acct_30'}",mock
0x151e6790c6a671073187e620db325609d4d0d4036b1f28d2c866fa9ee2cdd1bc,93000,1,UpdatePublished,"{'model_id': 'model_mnist_784_noniid', 'round': 0, 'ticket_id': 30, 'cid': 'sha256:d031262a2f9082981e5d11808e6089dcbc9a204fb6df3acae68cc78f7987da56'}",mock
0xaa5d17e8538988a5ed6a7ecf5104851b01e280088269066663b68d8dc6d43dd3,86000,1,TicketReserved,"{'model_id': 'model_mnist_784_noniid', 'round': 0, 'ticket_id': 31, 'owner': 'acct_31'}",mock
0xd1ff6fa522f91b204ace888189d0a23f1afef5e21c80c94222b3b898dc3941ea,93000,1,UpdatePublished,"{'model_id': 'model_mnist_784_noniid', 'round': 0, 'ticket_id': 31, 'cid': 'sha256:3b7f2aa7261e878a8586b9b344c0e8bb8e2dadb13e76193485240c506ffcbbc0'}",mock
0x80cdfc217329759921846c0a8364c21900e1c58d09b0945263682a5abec48aff,86000,1,TicketReserved,"{'model_id': 'model_mnist_784_noniid', 'round': 0, 'ticket_id': 32, 'owner': 'acct_32'}",mock
0x1db10651af9e01d11b48198f54be11490b53e8ad707bbec9c7c4b888b43b6d81,93000,1,UpdatePublished,"{'model_id': 'model_mnist_784_noniid', 'round': 0, 'ticket_id': 32, 'cid': 'sha256:2b855452d637d30e8e910414245c6ae8b0b926886c4b4b2ec95901ce8fea8719'}",mock
0xe09fff2ee4df33727c3b7aa70238931ae3d9bfd03620e639ed6753c5a4f4709c,86000,1,TicketReserved,"{'model_id': 'model_mnist_784_noniid', 'round': 0, 'ticket_id': 33, 'owner': 'acct_33'}",mock
0xbd48dda3fe34ed83ddc226df8c7cd18ca6efa66cd7c44dedaa23647c47a0e3e9,93000,1,UpdatePublished,"{'model_id': 'model_mnist_784_noniid', 'round': 0, 'ticket_id': 33, 'cid': 'sha256:ec575a1d5b8054299eacc9efbd4b10da34555e21888d166f706cfdaf49205f61'}",mock
0xbf113b600ba237869aae560d327b0f2fb8cae854412c3d7c0387c76d4e550a2b,86000,1,TicketReserved,"{'model_id': 'model_mnist_784_noniid', 'round': 0, 'ticket_id': 34, 'owner': 'acct_34'}",mock
0xd15167c905074543ee89d66fa83d9c7246a0ff8f4446532bfe0fbb2e53417027,93000,1,UpdatePublished,"{'model_id': 'model_mnist_784_noniid', 'round': 0, 'ticket_id': 34, 'cid': 'sha256:21e4314e6e8f8ca9cce0fbdf3141a887b3c3fab21a1afc9f92d556a090321bb4'}",mock
0x13df0a6317139d995ca8008e8920e28a8f4a050a6b457fcc7367c1750d935471,86000,1,TicketReserved,"{'model_id': 'model_mnist_784_noniid', 'round': 0, 'ticket_id': 35, 'owner': 'acct_35'}",mock
0x0a09fe20ff055cc942e55ddeb8e384ef9374fbb07ef07af1d9625df60c8a9964,93000,1,UpdatePublished,"{'model_id': 'model_mnist_784_noniid', 'round': 0, 'ticket_id': 35, 'cid': 'sha256:ac6932fba7420366a0337e756c34d376613fb95ee93c2c0aeab4088af940019e'}",mock
0xdb56c0d96a6e279dd0861f7a21285303dff8e9c37407ead6050ed50f9825eab6,86000,1,TicketReserved,"{'model_id': 'model_mnist_784_noniid', 'round': 0, 'ticket_id': 36, 'owner': 'acct_36'}",mock
0x5604eb193208178b4e2c6be206104bd87a036260a748d6e8cb91331eca8cd017,93000,1,UpdatePublished,"{'model_id': 'model_mnist_784_noniid', 'round': 0, 'ticket_id': 36, 'cid': 'sha256:c0fa39dbb53771d660026de060a0198c11e45dc770bc6e6a8d5e2e155cc9cd16'}",mock
0x01e4dd9b056c018a2ee75eb5afb88d073726b923e609142a6a005ea33d5608c4,86000,1,TicketReserved,"{'model_id': 'model_mnist_784_noniid', 'round': 0, 'ticket_id': 37, 'owner': 'acct_37'}",mock
0x614da7d525252bdf2f75d86015e9ba5533a19054c729b8201ccc8223116b4db4,93000,1,UpdatePublished,"{'model_id': 'model_mnist_784_noniid', 'round': 0, 'ticket_id': 37, 'cid': 'sha256:31b8c15b26e4cf7a2260cef56034926df3ff19189b48cb17f2e1a6685b13fcc6'}",mock
0x2ac3381240414be3afb6db34f99663707d58f117ea4733dbd6f2b2ec134c5d92,86000,1,TicketReserved,"{'model_id': 'model_mnist_784_noniid', 'round': 0, 'ticket_id': 38, 'owner': 'acct_38'}",mock
0x2ba3ee529a0ff0bbb3932de56f100dcb299aea202d1394f7d80fb39ba88e656d,93000,1,UpdatePublished,"{'model_id': 'model_mnist_784_noniid', 'round': 0, 'ticket_id': 38, 'cid': 'sha256:7f3971acb81eb59e4384448e9b3f4350ac1577c9e0c7d84adb58d671b3d4b5fe'}",mock
0xaa7542758486693d20c89ff2cbd0ad6adaf586a21a74ffd40837efe8ca5d45a6,86000,1,TicketReserved,"{'model_id': 'model_mnist_784_noniid', 'round': 0, 'ticket_id': 39, 'owner': 'acct_39'}",mock
0x5e7c3864981e31ee3b423ab22ff33bf603020ab4510b7441260866ff15c2c448,93000,1,UpdatePublished,"{'model_id': 'model_mnist_784_noniid', 'round': 0, 'ticket_id': 39, 'cid': 'sha256:89fd42c000f11328827b18fb135ce0f36de9f1a05c764dd7b368741eac9f6ddb'}",mock
0x880a0545d1bc53526357f63271d23c751e5c58309f1657556b06de352f568de0,86000,1,TicketReserved,"{'model_id': 'model_mnist_784_noniid', 'round': 0, 'ticket_id': 40, 'owner': 'acct_40'}",mock
0xa52224ab882fbc1578e4ce9ef2dd943443cd1222669a8a1371f69ebc52875ecd,93000,1,UpdatePublished,"{'model_id': 'model_mnist_784_noniid', 'round': 0, 'ticket_id': 40, 'cid': 'sha256:91a45dbda6bd10a59d7291615ec2c96544ee567b125938690fdce3234d8f3346'}",mock
0xcc2910efbf12eac1405cb167a1e8924acba165dfa60d902dc8a84fca058c9a60,86000,1,TicketReserved,"{'model_id': 'model_mnist_784_noniid', 'round': 0, 'ticket_id': 41, 'owner': 'acct_41'}",mock
0x90f2f1b3058e3d387745c43557c24cf955876ed0d57d26c2dc11a7b21e34e20f,93000,1,UpdatePublished,"{'model_id': 'model_mnist_784_noniid', 'round': 0, 'ticket_id': 41, 'cid': 'sha256:d2e0eaefb390efde052d3c4203a640a11391c1c142905f8fb261607c7daf42a4'}",mock
0xff14853a374cdcea37ce43e3f81170f41734337e384914d9d57a04a8f9702c36,86000,1,TicketReserved,"{'model_id': 'model_mnist_784_noniid', 'round': 0, 'ticket_id': 42, 'owner': 'acct_42'}",mock
0x0f73523037c4108ae908852e792b04a4c1aa0d21b8f236fe7a19874b9dfeedb1,93000,1,UpdatePublished,"{'model_id': 'model_mnist_784_noniid', 'round': 0, 'ticket_id': 42, 'cid': 'sha256:196c8d2402883477b81620573bec5e93987aa01e32fce3e90f161c51e98f0840'}",mock
0x9ea859dc07d20da2e29cd5dea545f8d84a483099e0667bd1d8be669cde8fc352,86000,1,TicketReserved,"{'model_id': 'model_mnist_784_noniid', 'round': 0, 'ticket_id': 43, 'owner': 'acct_43'}",mock
0x52f23db37147562ba251e5af3e7a732110ce65932b61aed7e053ac00c4b1e017,93000,1,UpdatePublished,"{'model_id': 'model_mnist_784_noniid', 'round': 0, 'ticket_id': 43, 'cid': 'sha256:0f219b8d31c53607a3eedd85bbe127a604274915cd9a7d79ea1b2e6a080490ae'}",mock
0x674e731dc78adaf01b8a58f8cda480c2d6696061599287cd1979a30c7d1ec071,86000,1,TicketReserved,"{'model_id': 'model_mnist_784_noniid', 'round': 0, 'ticket_id': 44, 'owner': 'acct_44'}",mock
0x30328dae582e9392027d26eabd58543418629a27c3c4e41bc1589f5ba0006719,93000,1,UpdatePublished,"{'model_id': 'model_mnist_784_noniid', 'round': 0, 'ticket_id': 44, 'cid': 'sha256:b0f36ed6f989e6c7da5b360cb2431df2c1e7d2726b43d49d08d2c69f23e9ac05'}",mock
0xcba236cbd0e1445a38241478d5e4762dcb4bcfdc7a9ffa4de3066a4a80696854,86000,1,TicketReserved,"{'model_id': 'model_mnist_784_noniid', 'round': 0, 'ticket_id': 45, 'owner': 'acct_45'}",mock
0x98afc4a258d9ae76bd02b98685f74e9fda0b06523b3bc9991eda4adab013743c,93000,1,UpdatePublished,"{'model_id': 'model_mnist_784_noniid', 'round': 0, 'ticket_id': 45, 'cid': 'sha256:ed91007ad592e07461f97f4fdf7959231fbfb7e2af960c5afa36f15182edac4d'}",mock
0x5050e427fdc7104090cd4d672a6f669b16e796c3f099f7360c230cb74d5165cc,86000,1,TicketReserved,"{'model_id': 'model_mnist_784_noniid', 'round': 0, 'ticket_id': 46, 'owner': 'acct_46'}",mock
0x916657a9b6dd73816d2f1b75142fd32d88fb5df663ac4ce5d3cf83ac326281e8,93000,1,UpdatePublished,"{'model_id': 'model_mnist_784_noniid', 'round': 0, 'ticket_id': 46, 'cid': 'sha256:4e03c5824c1b0db6f6212d65f2596b347828785513c27cf44839b457597bb1a7'}",mock
0x7f40204fd38c41e5a1ddad74825953c2bee49eede9475a12169c557708a85f35,86000,1,TicketReserved,"{'model_id': 'model_mnist_784_noniid', 'round': 0, 'ticket_id': 47, 'owner': 'acct_47'}",mock
0x7948252e321128ecb498bc245c746aa7a732cfaef80c090911f1a954cbe0b733,93000,1,UpdatePublished,"{'model_id': 'model_mnist_784_noniid', 'round': 0, 'ticket_id': 47, 'cid': 'sha256:d111b77f40b63acacf88be56986190362d2826fdc003cea1c77958e5a2de6975'}",mock
0x2212c0d2d952b0feb7f8d9a248075fa265a41463b34140493148409e18e7b403,86000,1,TicketReserved,"{'model_id': 'model_mnist_784_noniid', 'round': 0, 'ticket_id': 48, 'owner': 'acct_48'}",mock
0xd0b4729be1bfa5fb8d6f3bbd89a13dc01d991e291064fd61a9b3f45dee8b5222,93000,1,UpdatePublished,"{'model_id': 'model_mnist_784_noniid', 'round': 0, 'ticket_id': 48, 'cid': 'sha256:e032fc448ea8e8eb1f2ae734491c6454557372d522bef9e7442c2496ebc92deb'}",mock
0xb12042b71ce2b540af4d135bfb20a92f4414a0ff9d81fcca7224cd59d2679252,86000,1,TicketReserved,"{'model_id': 'model_mnist_784_noniid', 'round': 0, 'ticket_id': 49, 'owner': 'acct_49'}",mock
0xcd9ee3f8c1e6a886e15a2a914ef41a72db193a53496dc21f656c6e4bd8e04fa9,93000,1,UpdatePublished,"{'model_id': 'model_mnist_784_noniid', 'round': 0, 'ticket_id': 49, 'cid': 'sha256:9cd0172c0c0ce6ac38cc28d10f14c29c3488c5902ec0f8ed3702c4a879f6d753'}",mock
0x3e1116adcd604489d4b3c2a40cfaf8a29989fe693cec69e66af502ed1f632d37,86000,1,TicketReserved,"{'model_id': 'model_mnist_784_noniid', 'round': 0, 'ticket_id': 50, 'owner': 'acct_50'}",mock
0x6ad9f44d038b9528290903ba4819d135e6596c1f5cb297d0153f181a4e9a3181,93000,1,UpdatePublished,"{'model_id': 'model_mnist_784_noniid', 'round': 0, 'ticket_id': 50, 'cid': 'sha256:44cb1550b19733d70a7e9b8236876b711a7d91b4e363bd00affd338e5b364743'}",mock
0xa66c2724f1a9ea51b5eb5b7ab9cd091ff34a709ebbde4d87eea510999dd3cbf7,605000,1,RoundFinalized,"{'model_id': 'model_mnist_784_noniid', 'round': 0, 'included': 24, 'refunds': 24}",mock
0x71f665feda0d3d7cb720fe4d93348d1cdc22701e10016d37e7acd279334fa579,52000,1,RoundFunded,"{'model_id': 'model_mnist_784_noniid', 'amount_wei': 10000000000000000}",mock
0xe9f360bb96bb82d8e07d15b01ff2c0988a7851ffeed2f49099854a91dbaa118a,86000,1,TicketReserved,"{'model_id': 'model_mnist_784_noniid', 'round': 1, 'ticket_id': 51, 'owner': 'acct_1'}",mock
0x6ce224a976a084ddd4c6a288188a54fe7ba4b5ac675d71ee137b6f22b7715f8b,93000,1,UpdatePublished,"{'model_id': 'model_mnist_784_noniid', 'round': 1, 'ticket_id': 51, 'cid': 'sha256:90e538daf50d0479879cd92c0e31f64bc2f42a5923286f286c490d5e5dd2bce6'}",mock
0x11d9d8862a66de95c71548bf12b4563eabfe8b618e4fe6caaaa9067ad7444fe0,86000,1,TicketReserved,"{'model_id': 'model_mnist_784_noniid', 'round': 1, 'ticket_id': 52, 'owner': 'acct_2'}",mock
0xd20a4d0490b6957eaf8565ce9cd273ba58733501aecae2e59b6a44d6be1441cd,93000,1,UpdatePublished,"{'model_id': 'model_mnist_784_noniid', 'round': 1, 'ticket_id': 52, 'cid': 'sha256:55a8d6d53943d1d2cd1788329f354107823dda766cd22b3a74e1057d8eaa0de5'}",mock
0xc8096c3545211682205ae445a310f45b528a03262dc2f4eafb57670e024ee44a,86000,1,TicketReserved,"{'model_id': 'model_mnist_784_noniid', 'round': 1, 'ticket_id': 53, 'owner': 'acct_3'}",mock
0xa25e249893e5d580e34bf48330ff371a722ffe729187f47c28db27629a8e11d9,93000,1,UpdatePublished,"{'model_id': 'model_mnist_784_noniid', 'round': 1, 'ticket_id': 53, 'cid': 'sha256:1d87d8c34313a9cc216962f8ec54d0827a5a7e70f6c421a9249e2f61344f8b5c'}",mock
0xe6ea3d71d2394bcfb92000c1a23ca411fe32012f17321831464477e379cb90f3,86000,1,TicketReserved,"{'model_id': 'model_mnist_784_noniid', 'round': 1, 'ticket_id': 54, 'owner': 'acct_4'}",mock
0xd8006a6d66d9577d79910bd694c1a8bdb7d4c291ffb7e228dbc803ba66a4c06e,93000,1,UpdatePublished,"{'model_id': 'model_mnist_784_noniid', 'round': 1, 'ticket_id': 54, 'cid': 'sha256:86fca58316a3cf25587a69280d0642e39b9482227233264606973c1162c1c713'}",mock
0xf7d057095451716772256ac8e0daf65852efdc6e39ac49c105c42d32d9ed72ef,86000,1,TicketReserved,"{'model_id': 'model_mnist_784_noniid', 'round': 1, 'ticket_id': 55, 'owner': 'acct_5'}",mock
0xe264df08709152dadbb32b608c7156dcf7655982491c82a67093366250a42e50,93000,1,UpdatePublished,"{'model_id': 'model_mnist_784_noniid', 'round': 1, 'ticket_id': 55, 'cid': 'sha256:75e74b0b18c566ffc61c23e59ef4467e016611d0d9833857af16c33910b26f4c'}",mock
0x66c1919e693ad733bd04478d36aeee91d02b9aa762535b1b1215ea8c810de330,86000,1,TicketReserved,"{'model_id': 'model_mnist_784_noniid', 'round': 1, 'ticket_id': 56, 'owner': 'acct_6'}",mock
0x2be9714aa8071fa1dd6eb9f86477247b9ada0bd274222f93463d1b03f53dd8c0,93000,1,UpdatePublished,"{'model_id': 'model_mnist_784_noniid', 'round': 1, 'ticket_id': 56, 'cid': 'sha256:94e8fa2917da02c95c57fbb27dae2984586d12a91f4df1782f90aad7e0bc92e4'}",mock
0x2de7fa4aa3a7ac860d4eb4e02088a111b63b39adcdff23c89887f5dab20d092e,86000,1,TicketReserved,"{'model_id': 'model_mnist_784_noniid', 'round': 1, 'ticket_id': 57, 'owner': 'acct_7'}",mock
0xb7a4870560a0880cb0acf5d854209587dd48e4f16c283b7d56c9fe17867b72f2,93000,1,UpdatePublished,"{'model_id': 'model_mnist_784_noniid', 'round': 1, 'ticket_id': 57, 'cid': 'sha256:3aa80b052562e4c318e1ac97c8304eda017601ee00d76436e7e5c0821033e915'}",mock
0x53a9efe66510937982e8e0815b84ba945e463843363f278b1438212d2b3fc5bc,86000,1,TicketReserved,"{'model_id': 'model_mnist_784_noniid', 'round': 1, 'ticket_id': 58, 'owner': 'acct_8'}",mock
0x86629375de2e2ecd13ab2b22817d37166599433865d1c7170ac308a7e4fb190c,93000,1,UpdatePublished,"{'model_id': 'model_mnist_784_noniid', 'round': 1, 'ticket_id': 58, 'cid': 'sha256:030b61653cd247efb8223c91af1bb2867b0feffeb9e7aae250da64773edbc09c'}",mock
0xa7fc49b9e4a4cfaa2be035567bf95823216f1b957c99af6a06dcac3a86e4c37a,86000,1,TicketReserved,"{'model_id': 'model_mnist_784_noniid', 'round': 1, 'ticket_id': 59, 'owner': 'acct_9'}",mock
0x7f9bcdad9c1df949877fb6d23a2f4f0795f7c432f2555909d96f6d7baf985f7d,93000,1,UpdatePublished,"{'model_id': 'model_mnist_784_noniid', 'round': 1, 'ticket_id': 59, 'cid': 'sha256:55a7a7a9ef833153bbcb4981f9451006957ca76fd874481793e69a1fb4d1db82'}",mock
0x1e59ce6428f1d6ca2b3059b080398d9cd4819b9eceb0d9b5eeef854afa128b05,86000,1,TicketReserved,"{'model_id': 'model_mnist_784_noniid', 'round': 1, 'ticket_id': 60, 'owner': 'acct_10'}",mock
0x1d9a412f0a5ec4746a587260565d97288fb34c225490c814ec2a377595a4b308,93000,1,UpdatePublished,"{'model_id': 'model_mnist_784_noniid', 'round': 1, 'ticket_id': 60, 'cid': 'sha256:de4ecfc63ea33146685c5aa08ac90d878a8749d880ec749a8b56e39ff3dd0abe'}",mock
0x9ddc49ef581cd310bfaa831e026413dce87fda6b4db68a0c3b4c6a9459241d95,86000,1,TicketReserved,"{'model_id': 'model_mnist_784_noniid', 'round': 1, 'ticket_id': 61, 'owner': 'acct_11'}",mock
0xe51e470c89838f90a0c88d8019b2970e8df1b797dd284382dc9e6ed1fc53abf7,93000,1,UpdatePublished,"{'model_id': 'model_mnist_784_noniid', 'round': 1, 'ticket_id': 61, 'cid': 'sha256:4eacdf45fc2ef0060257b74eb3171c78486db59ad1c45636206be20390b47a18'}",mock
0x32402d2fdb064c29c9d8a06e03277e62012470d64c72789007402a1731575c71,86000,1,TicketReserved,"{'model_id': 'model_mnist_784_noniid', 'round': 1, 'ticket_id': 62, 'owner': 'acct_12'}",mock
0x250c99762816d6bcaef3051377015f97ef68874df1f978517add01d1dc0ec66f,93000,1,UpdatePublished,"{'model_id': 'model_mnist_784_noniid', 'round': 1, 'ticket_id': 62, 'cid': 'sha256:e96a39812ae6ba31386a153d96696c47247c16b6ddfb0ccf06e32f4dfec92d03'}",mock
0xb20bff4eb64f0437cbae9039dcfc12918f98e3904c8480c9e0f2f2ed08da94de,86000,1,TicketReserved,"{'model_id': 'model_mnist_784_noniid', 'round': 1, 'ticket_id': 63, 'owner': 'acct_13'}",mock
0xfd2868f4662cf567e0ca857db252f2268d0d2314a061ab6bd9c5661ca14986b4,93000,1,UpdatePublished,"{'model_id': 'model_mnist_784_noniid', 'round': 1, 'ticket_id': 63, 'cid': 'sha256:9fd149f9c8608af3117520bd6763abec17eedd1f66dead927e15a3b8f755f6d4'}",mock
0x100e4cf85e7b52e036e6bafcdd304262bdef658822f55d23f8f35cc249c3bf27,86000,1,TicketReserved,"{'model_id': 'model_mnist_784_noniid', 'round': 1, 'ticket_id': 64, 'owner': 'acct_14'}",mock
0x03666e16eb07a1de9e3354c57db7f6b413b555f03ac0ddfd12164466a7f632c7,93000,1,UpdatePublished,"{'model_id': 'model_mnist_784_noniid', 'round': 1, 'ticket_id': 64, 'cid': 'sha256:650f961e9f2013561ae5378fa4071fcae318c950d8ea07331126f46578b8cd6b'}",mock
0xef14ebe3384ec4ec693f8142c47dbb3cc8d8cbcca880cc39015ea18b0e410fae,86000,1,TicketReserved,"{'model_id': 'model_mnist_784_noniid', 'round': 1, 'ticket_id': 65, 'owner': 'acct_15'}",mock
0x431af947f7a2d63897740ffc3a32fda2920685ea5e474989eb15c3992222d850,93000,1,UpdatePublished,"{'model_id': 'model_mnist_784_noniid', 'round': 1, 'ticket_id': 65, 'cid': 'sha256:8f72330f57a2b287c7ff73528190d89410229edbf7cd0b948a74acfcb512ef34'}",mock
0xff0751f9c38f6e3a40ddb97c1e5e2d6bc7d037d62f3f2b9e60cad055535d5084,86000,1,TicketReserved,"{'model_id': 'model_mnist_784_noniid', 'round': 1, 'ticket_id': 66, 'owner': 'acct_16'}",mock
0x4a066c2673adfb7e6e7ef54ced775cd2882931a4fd2426a6fd18387d9b282766,93000,1,UpdatePublished,"{'model_id': 'model_mnist_784_noniid', 'round': 1, 'ticket_id': 66, 'cid': 'sha256:e91120407f075f03325c9e4d7fc66451a9bc4e4a6856275af60d747afa976bf5'}",mock
0x725f50c4d57033ba9bd942591478bd7798dd8737341fb4c30a26858abc8a1180,86000,1,TicketReserved,"{'model_id': 'model_mnist_784_noniid', 'round': 1, 'ticket_id': 67, 'owner': 'acct_17'}",mock
0x843816ed7f806b225267aeb17c6b4ec431802753f6b43df38843594a9bbfe524,93000,1,UpdatePublished,"{'model_id': 'model_mnist_784_noniid', 'round': 1, 'ticket_id': 67, 'cid': 'sha256:f7d70cf96a785c0c6a9dee1461fc1f1f873e05161a9dcc3cb20083b17f3580c0'}",mock
0xaf4794b233b398cd4c8cab5fd9ff8e19e39caa6d04e84ae565c823e292345f70,86000,1,TicketReserved,"{'model_id': 'model_mnist_784_noniid', 'round': 1, 'ticket_id': 68, 'owner': 'acct_18'}",mock
0x4c500d7e8c7c5872cb7ed84fa10be10ed028642f8cb893975c4c97a2689e2256,93000,1,UpdatePublished,"{'model_id': 'model_mnist_784_noniid', 'round': 1, 'ticket_id': 68, 'cid': 'sha256:477f76b0a0d04c945a17dd7d17316052477a2cd3aa5d28a285943a2375e63009'}",mock
0x1cf4865b3cd8bcfc86ae26314a00e477c92638a13822a799d0f471ea51b1117d,86000,1,TicketReserved,"{'model_id': 'model_mnist_784_noniid', 'round': 1, 'ticket_id': 69, 'owner': 'acct_19'}",mock
0xecc7f7432fbbb202f94ff95c440dc6fe2918c3583cec058b9e0cbc06b5b08026,93000,1,UpdatePublished,"{'model_id': 'model_mnist_784_noniid', 'round': 1, 'ticket_id': 69, 'cid': 'sha256:af99635d14a33c7c559b1545fecc0235f0197e30970d563b59408a84ca82a4db'}",mock
0x98400e108caf904d012c66340532dbf5adde4fa7c9ee2ba8fd2c4b7baaa4cc86,86000,1,TicketReserved,"{'model_id': 'model_mnist_784_noniid', 'round': 1, 'ticket_id': 70, 'owner': 'acct_20'}",mock
0x9f738950d09cffc2a9703a95f1b498759f9fd6c3b0b6c4e67f5df4f7e89a5a7e,93000,1,UpdatePublished,"{'model_id': 'model_mnist_784_noniid', 'round': 1, 'ticket_id': 70, 'cid': 'sha256:c364f037e44c749e1b546f586f7dfdbe3b9c008284a026b40b173ab0e7aaddc5'}",mock
0x250e725725530c5ae7f85ef890f4bdbc11790da255a8d43598a6317f5fb65fb5,86000,1,TicketReserved,"{'model_id': 'model_mnist_784_noniid', 'round': 1, 'ticket_id': 71, 'owner': 'acct_21'}",mock
0x1baa1d7b62b10307cb7f29eb21963b3de71bde578d78945921f9d5c0dd3089fb,93000,1,UpdatePublished,"{'model_id': 'model_mnist_784_noniid', 'round': 1, 'ticket_id': 71, 'cid': 'sha256:5179164f820b0630c72c64b67551374c1459d4daa5ddda8cd03c18c8bb74f081'}",mock
0x95a8bbbf4b3a230c53a0acd23dbbcf8d910bdc32e97015d88815b03b97fbca8a,86000,1,TicketReserved,"{'model_id': 'model_mnist_784_noniid', 'round': 1, 'ticket_id': 72, 'owner': 'acct_22'}",mock
0xb98198dc7be2820e31d179000c83a5b5fb2ef8692aa89e4999e64765d4ecd0de,93000,1,UpdatePublished,"{'model_id': 'model_mnist_784_noniid', 'round': 1, 'ticket_id': 72, 'cid': 'sha256:21738462f2ff561847ad9a331520cf5b3182df4855cecfeb8e992508e8c5ec5d'}",mock
0x692be76086283cf4eb9ade8b3dbc8959ddb121d24d4fcedb3bf6167fdb483f00,86000,1,TicketReserved,"{'model_id': 'model_mnist_784_noniid', 'round': 1, 'ticket_id': 73, 'owner': 'acct_23'}",mock
0xdbceeedf6cc3e8094b472fee7f841ad244c333586fab8b9f8aab7456de5031ce,93000,1,UpdatePublished,"{'model_id': 'model_mnist_784_noniid', 'round': 1, 'ticket_id': 73, 'cid': 'sha256:5e5e4b4db65effe29839b39dc0870840dd5d4c52c1408a4d540efa1f6ef447c5'}",mock
0x244c9eb6cbdb6a9862195e6e9da67eb33bc660124753a9b9074f35bd7a144a77,86000,1,TicketReserved,"{'model_id': 'model_mnist_784_noniid', 'round': 1, 'ticket_id': 74, 'owner': 'acct_24'}",mock
0xa2322384b5de339eabedff4b7b054c5acb0ff5890f024cb44e102c3756725269,93000,1,UpdatePublished,"{'model_id': 'model_mnist_784_noniid', 'round': 1, 'ticket_id': 74, 'cid': 'sha256:f50394bce0c4d03d13696d01e899dae55d00f06e8ace118b18da89880b8765a6'}",mock
0x651702d8ed769d989acf6498ff1cec66dcaefa6348310bc8f7bbdbf4238b898d,86000,1,TicketReserved,"{'model_id': 'model_mnist_784_noniid', 'round': 1, 'ticket_id': 75, 'owner': 'acct_25'}",mock
0x9944415371bee93c943de6f4655ac67d0cb1a80647606d6806030c85b0da785e,93000,1,UpdatePublished,"{'model_id': 'model_mnist_784_noniid', 'round': 1, 'ticket_id': 75, 'cid': 'sha256:7294e82f12f86f4729232522a69c9fa6fce0c9d27f95ad4739b0a27a0da3898c'}",mock
0x734c14811e1f8302fa6dc4bb8e211f2a14f8ea5237df7bf5a5a0da8fae17e86c,86000,1,TicketReserved,"{'model_id': 'model_mnist_784_noniid', 'round': 1, 'ticket_id': 76, 'owner': 'acct_26'}",mock
0x25c927abae2e81e2e104e722aa9e2d6453c2b8bfd10ded7ab119582d80f725c3,93000,1,UpdatePublished,"{'model_id': 'model_mnist_784_noniid', 'round': 1, 'ticket_id': 76, 'cid': 'sha256:3b39ced6c84d3338d3882663a366ddf6e4157270bd077e16d56ae66a0f9c366a'}",mock
0x6e7f0bf90e68ca166d43df04f15e6661f9e53e38ed377dffdfb70b0f688024bc,86000,1,TicketReserved,"{'model_id': 'model_mnist_784_noniid', 'round': 1, 'ticket_id': 77, 'owner': 'acct_27'}",mock
0x251f5ec8bb514a9ab963fe4a4de7786d9340f3c4beaf09379e3257d122f5c268,93000,1,UpdatePublished,"{'model_id': 'model_mnist_784_noniid', 'round': 1, 'ticket_id': 77, 'cid': 'sha256:273921be5749b972b22e6512f882ff2c920745b418685a5bb0e61c317c5a61f3'}",mock
0xc83d22fc3e73958b07c7c534e7854ee4817a2672f2c8324652ece248ef2d6d53,86000,1,TicketReserved,"{'model_id': 'model_mnist_784_noniid', 'round': 1, 'ticket_id': 78, 'owner': 'acct_28'}",mock
0x029c8ea98e0a890ad71956899b46f40cae95ebb0de9e1cce8b5f5e7b05971460,93000,1,UpdatePublished,"{'model_id': 'model_mnist_784_noniid', 'round': 1, 'ticket_id': 78, 'cid': 'sha256:332c03989b121e773fc141abf146f033b03c04290d388b670a9852c2a1e0c114'}",mock
0xac8eff649b3f61492967b87591ed26616b7caafdbec8b26f3c01c2ab0f4f25f7,86000,1,TicketReserved,"{'model_id': 'model_mnist_784_noniid', 'round': 1, 'ticket_id': 79, 'owner': 'acct_29'}",mock
0x06248e98d67eb8d18081b8bda55cc6190a8f7e2a8e70530076d6032f2e8dcd6e,93000,1,UpdatePublished,"{'model_id': 'model_mnist_784_noniid', 'round': 1, 'ticket_id': 79, 'cid': 'sha256:c06f2849b30e5857d34e7d164e4d1d400fe0cedf900ae27571142942038ec6d7'}",mock
0x7c98478858802fd35da0a6ed592e6e12297a92635233c55e6707bf5c33063b7e,86000,1,TicketReserved,"{'model_id': 'model_mnist_784_noniid', 'round': 1, 'ticket_id': 80, 'owner': 'acct_30'}",mock
0xafdc4b3bd7745c5be607e144a54bcf36abe983103282d3ec01226891a57d19c6,93000,1,UpdatePublished,"{'model_id': 'model_mnist_784_noniid', 'round': 1, 'ticket_id': 80, 'cid': 'sha256:060f8a04cff80b9c1ca61ab0fcdf6ae5807aaa2cab661c9d410c909d79302697'}",mock
0x361b033c744454e8f662c1022e6fb78862f7b703fcbe49776954f571a7228e63,86000,1,TicketReserved,"{'model_id': 'model_mnist_784_noniid', 'round': 1, 'ticket_id': 81, 'owner': 'acct_31'}",mock
0x7ed55640b0fbe2091ec0c12bd6682011244309d34914154905be65b2fe496caa,93000,1,UpdatePublished,"{'model_id': 'model_mnist_784_noniid', 'round': 1, 'ticket_id': 81, 'cid': 'sha256:b05e83e48c3983fbaecdcec91d4e40c6de963c837e70d28917357a7adf77ceee'}",mock
0x2a34492a2df7691533370f5f794e4dbd0d81506930d466ca6278c67698704ba2,86000,1,TicketReserved,"{'model_id': 'model_mnist_784_noniid', 'round': 1, 'ticket_id': 82, 'owner': 'acct_32'}",mock
0x79f78f25af6b96ffe854fd130386f0c8f30cbee4067f0323c2c5b72f44616c6f,93000,1,UpdatePublished,"{'model_id': 'model_mnist_784_noniid', 'round': 1, 'ticket_id': 82, 'cid': 'sha256:c9b26bbb9d329f5e52db6867a04a614f3e776044232d395da81f974f19f657e6'}",mock
0xf8abb91328cfb43f380483969b6624bf4c1ca9bbce54a507ddb3977dd9c260f4,86000,1,TicketReserved,"{'model_id': 'model_mnist_784_noniid', 'round': 1, 'ticket_id': 83, 'owner': 'acct_33'}",mock
0x0990d43d49300139f1848f89532c86e1f65dbb7c789d9bda183d65eefef49c04,93000,1,UpdatePublished,"{'model_id': 'model_mnist_784_noniid', 'round': 1, 'ticket_id': 83, 'cid': 'sha256:4dee500d685296feafa39699d84bdf47ba2881e537abe646256f076004ea3d88'}",mock
0x77854a1028e1c007842c6320f796fe447d5bec511660f48e48658c2d2a9734ba,86000,1,TicketReserved,"{'model_id': 'model_mnist_784_noniid', 'round': 1, 'ticket_id': 84, 'owner': 'acct_34'}",mock
0x92b45f22c770140673201458d46f182cbe1b77efd0ebc8b32c83b05a19ae4d27,93000,1,UpdatePublished,"{'model_id': 'model_mnist_784_noniid', 'round': 1, 'ticket_id': 84, 'cid': 'sha256:e67ba8573d1864e391618c3fa387d3a2b57bca1308369d6597685336618c251c'}",mock
0x229d300ddc2aef5f61ef70ee50f8747d5ac15769766b336b1d6de4e268f8f41d,86000,1,TicketReserved,"{'model_id': 'model_mnist_784_noniid', 'round': 1, 'ticket_id': 85, 'owner': 'acct_35'}",mock
0x047f1691bb8d7ef9d44ec4bc4600e2dea0fe1f8d423b33de40d194803149c1e1,93000,1,UpdatePublished,"{'model_id': 'model_mnist_784_noniid', 'round': 1, 'ticket_id': 85, 'cid': 'sha256:18541324c57f5f595712b318aa56841711ded02d91204ef01a70737e73106e01'}",mock
0xe0dc2e6fe3581081bffed1da0eacc65f405cfc8964d24b933b159eb3208c88dd,86000,1,TicketReserved,"{'model_id': 'model_mnist_784_noniid', 'round': 1, 'ticket_id': 86, 'owner': 'acct_36'}",mock
0x82db15742cbadb153a5ac5ccc25a6d0634abafebf51d573f3aa960b70dfd2679,93000,1,UpdatePublished,"{'model_id': 'model_mnist_784_noniid', 'round': 1, 'ticket_id': 86, 'cid': 'sha256:3e3ace283f9dbfdfba89e32c9c3be7c9fa51be60711d2d79f1c0a470b1360335'}",mock
0x2bcfd7566d1cddaf2f3bbe2ebba4f8f17c4df33fec0c25ad16a2224ea4b857ed,86000,1,TicketReserved,"{'model_id': 'model_mnist_784_noniid', 'round': 1, 'ticket_id': 87, 'owner': 'acct_37'}",mock
0x730f00c499cd61659c44326c9b2be5178e359f55d222536d1421a8044fc00478,93000,1,UpdatePublished,"{'model_id': 'model_mnist_784_noniid', 'round': 1, 'ticket_id': 87, 'cid': 'sha256:53a58869312984d6fedf544aa56a1123ab90e9580a5a7e91504038ab8deeb428'}",mock
0xf5f53a85bfe6b7e427610b460233e7be60498a2a54ba2010ad231de31bf144ca,86000,1,TicketReserved,"{'model_id': 'model_mnist_784_noniid', 'round': 1, 'ticket_id': 88, 'owner': 'acct_38'}",mock
0x3064b1cc2f10655a1e64accc42e8493baa1fa6cbdd1c91695acf333eb1d5fcb3,93000,1,UpdatePublished,"{'model_id': 'model_mnist_784_noniid', 'round': 1, 'ticket_id': 88, 'cid': 'sha256:bcbf8ba2dce495262d28caaeda2b2f42e61089d118e30e53be03a54f02b70074'}",mock
0x2c78d44b585c2d8cb7e2cd160b21bf585685ffcd8e166333d39be1a3f59eef3a,86000,1,TicketReserved,"{'model_id': 'model_mnist_784_noniid', 'round': 1, 'ticket_id': 89, 'owner': 'acct_39'}",mock
0x40cc0e8352f1fdb35820236b17d01bae55adfc416f2e2a066b65fbdcbcb5c53c,93000,1,UpdatePublished,"{'model_id': 'model_mnist_784_noniid', 'round': 1, 'ticket_id': 89, 'cid': 'sha256:bce8bde0fbef47b0cd0a1cefd0acb7107233a7e9c46d2b5e665a97a38f5d1066'}",mock
0x422b8000d2f0dbb4c833db06230723650777d83b890ed6182d08aa3c6b4ffa92,86000,1,TicketReserved,"{'model_id': 'model_mnist_784_noniid', 'round': 1, 'ticket_id': 90, 'owner': 'acct_40'}",mock
0x072b68e067988d37c7fd9b1700b158efd0e12dcdb8750e62cc635ed5e8c23498,93000,1,UpdatePublished,"{'model_id': 'model_mnist_784_noniid', 'round': 1, 'ticket_id': 90, 'cid': 'sha256:16d06bb85de53896c29a8268c9097d30344ea8e5feeb4d1102e10b7b7aef75b5'}",mock
0x30bc77af512a193ea7d2f6dcf1ebc27689cbb3e57393290d1ad0a785068a2b15,86000,1,TicketReserved,"{'model_id': 'model_mnist_784_noniid', 'round': 1, 'ticket_id': 91, 'owner': 'acct_41'}",mock
0xfb58a3d7279fdc0b7fdf5d9c32453f92a12edce0d930aa3cd633c2da50d96c56,93000,1,UpdatePublished,"{'model_id': 'model_mnist_784_noniid', 'round': 1, 'ticket_id': 91, 'cid': 'sha256:a11958c4a8d6bcb54574c38077fafe6cc4e24cc5f8151773319def50302ff1af'}",mock
0xe76026244b7e0994bb9ba9f51e6669fd6caa4e334434df940b0bcbd70c85c201,86000,1,TicketReserved,"{'model_id': 'model_mnist_784_noniid', 'round': 1, 'ticket_id': 92, 'owner': 'acct_42'}",mock
0x0414ed2e34bc4a83b58b0d498b2830723a92af23efe0532c3878bf7f060f86de,93000,1,UpdatePublished,"{'model_id': 'model_mnist_784_noniid', 'round': 1, 'ticket_id': 92, 'cid': 'sha256:fd86735f633edf707aaecc3bfd8c876744885b3c6ac0b518c022e766e7edd026'}",mock
0xc92134fe66e2bbc6669b020811759e49082e8e67acdf7bcf64c327cefbe4ed81,86000,1,TicketReserved,"{'model_id': 'model_mnist_784_noniid', 'round': 1, 'ticket_id': 93, 'owner': 'acct_43'}",mock
0x940578fd43ae094836d08254da9dcc7591da61072e94bd365302c383eb2a513e,93000,1,UpdatePublished,"{'model_id': 'model_mnist_784_noniid', 'round': 1, 'ticket_id': 93, 'cid': 'sha256:bfb8b800cd8cea10d943f293a48a4a5f2b0014042d01bb7704535b58f42150d4'}",mock
0xb9a304f063ae89dce7dd4fd67082c16e466b6209ddf99fc8f57db0047138a508,86000,1,TicketReserved,"{'model_id': 'model_mnist_784_noniid', 'round': 1, 'ticket_id': 94, 'owner': 'acct_44'}",mock
0x95d8413ef4e84d695422080cb820bf30bc2c3b3be7eb7df9f28069715d62fc42,93000,1,UpdatePublished,"{'model_id': 'model_mnist_784_noniid', 'round': 1, 'ticket_id': 94, 'cid': 'sha256:1b72f3d5612736b6983e742cf02ef73daf8721c7b850ce9e3c4366f39235f046'}",mock
0xf0294249f3cefa8e0581fb837eecd3b77827a632ba5e5349b0c653c46ab43965,86000,1,TicketReserved,"{'model_id': 'model_mnist_784_noniid', 'round': 1, 'ticket_id': 95, 'owner': 'acct_45'}",mock
0x437de84b4226ecf4cefd251bfa307ab9fb919815080b8118ca2087b38c72455b,93000,1,UpdatePublished,"{'model_id': 'model_mnist_784_noniid', 'round': 1, 'ticket_id': 95, 'cid': 'sha256:c6e6b4116bbe65a58dd4fc52e566a80520b72103a3b3fb67bbb32ad0513627a8'}",mock
0x436889d1477cbcfa367689431be117bf2b2b8365cec8d12cb623f1263aa8921b,86000,1,TicketReserved,"{'model_id': 'model_mnist_784_noniid', 'round': 1, 'ticket_id': 96, 'owner': 'acct_46'}",mock
0x831b0e56b1f2f152c8265a17795d25bc8b28f008a14a0e8d76b9f77450678b40,93000,1,UpdatePublished,"{'model_id': 'model_mnist_784_noniid', 'round': 1, 'ticket_id': 96, 'cid': 'sha256:386a182d211868c9092cfcf1d4adae995ff21ae7394e8b8bdb9ec4b3b2d8df4d'}",mock
0x7685068a5a3bdb901beef14a2a37fc0509def5396ff332e3fa124a65f4689b84,86000,1,TicketReserved,"{'model_id': 'model_mnist_784_noniid', 'round': 1, 'ticket_id': 97, 'owner': 'acct_47'}",mock
0xc5270685cb9cc8bd4a5c7f37cb61e3773961147a0b878f69294bdb622b97dbec,93000,1,UpdatePublished,"{'model_id': 'model_mnist_784_noniid', 'round': 1, 'ticket_id': 97, 'cid': 'sha256:27d049aa867b31d76cae918537ee4beeb1685a45ec9a17ead902d28a22d6bcab'}",mock
0xf9668b61fb0c4eeb4ed4bb74c08895ada523a15ef37d84aa4d8f97f0d2766db9,86000,1,TicketReserved,"{'model_id': 'model_mnist_784_noniid', 'round': 1, 'ticket_id': 98, 'owner': 'acct_48'}",mock
0x31ecf3dd39872e533e8cd7d04c49787c7b06812c16212ede5867729a5fb37738,93000,1,UpdatePublished,"{'model_id': 'model_mnist_784_noniid', 'round': 1, 'ticket_id': 98, 'cid': 'sha256:39f18ab36f2727722f9a32a87dab71c25627d34d2ae13a01b7792aa079c99090'}",mock
0xd39d755a5f639dcd55143bf8fad453a76936c9fc3e5642c1c845961d71a84a38,86000,1,TicketReserved,"{'model_id': 'model_mnist_784_noniid', 'round': 1, 'ticket_id': 99, 'owner': 'acct_49'}",mock
0xe93fae2f3a7661bb33159599b4a57e4e30b97060a8f979e0fd11713dbe85aec1,93000,1,UpdatePublished,"{'model_id': 'model_mnist_784_noniid', 'round': 1, 'ticket_id': 99, 'cid': 'sha256:5704489837f09d6604278e944bc1a7e865f2d7842ee15003ae514cdbbd189f33'}",mock
0x8336c84979745cf9a3a50f9f3f744fd03cb62690f26ece25a095b232058d842a,86000,1,TicketReserved,"{'model_id': 'model_mnist_784_noniid', 'round': 1, 'ticket_id': 100, 'owner': 'acct_50'}",mock
0xb83ba41576c9ab0d3f774e70948811a7d5010bc0c2611445c6cdd9d6c343d632,93000,1,UpdatePublished,"{'model_id': 'model_mnist_784_noniid', 'round': 1, 'ticket_id': 100, 'cid': 'sha256:37deaca011f4d3c816e88c02d264dd5cb5e8590d3f6076b62f3db1564013fabd'}",mock
0xf9657426ba0a6677c784513e997681cbda6bcfcded2a0fa73a13134e19853d09,805000,1,RoundFinalized,"{'model_id': 'model_mnist_784_noniid', 'round': 1, 'included': 34, 'refunds': 34}",mock
0xccec27948ecf60112e48c2580899cfc401411e2e782104b0531babc277aef74e,52000,1,RoundFunded,"{'model_id': 'model_mnist_784_noniid', 'amount_wei': 10000000000000000}",mock
0x78a6943ed2a973cf52c3bc7bdd398057d51b471e0cd521c1668400bc83d39867,86000,1,TicketReserved,"{'model_id': 'model_mnist_784_noniid', 'round': 2, 'ticket_id': 101, 'owner': 'acct_1'}",mock
0x5e581f0b452d217db85f5a6ff41f1074709d8842562490795c5123bba61af16e,93000,1,UpdatePublished,"{'model_id': 'model_mnist_784_noniid', 'round': 2, 'ticket_id': 101, 'cid': 'sha256:c4508e4877cbdd761ce324f3c82b2d6ff35a0f5cbf1fcf73cb550382d02906b1'}",mock
0x2141564aa12bf6207614efca5b526938fed4353ee700c1b9dd0d4389595f08a5,86000,1,TicketReserved,"{'model_id': 'model_mnist_784_noniid', 'round': 2, 'ticket_id': 102, 'owner': 'acct_2'}",mock
0x7cad98270cb1530d262111269117b1c353717fd18bc63d3dcd8d444d8b34e5da,93000,1,UpdatePublished,"{'model_id': 'model_mnist_784_noniid', 'round': 2, 'ticket_id': 102, 'cid': 'sha256:1f93d0354ddebf61ad199ed2ebf719680a060a38e01b918caf6d1def9fb7d8b0'}",mock
0x84edbb1a55b34c4372a3f680a13a73fa12cd4db86b430d97fffb9e72ff554b76,86000,1,TicketReserved,"{'model_id': 'model_mnist_784_noniid', 'round': 2, 'ticket_id': 103, 'owner': 'acct_3'}",mock
0xe26751fe8682ec5c52893d8c0d9e063079001440e91a5d2730b59fff7c8be208,93000,1,UpdatePublished,"{'model_id': 'model_mnist_784_noniid', 'round': 2, 'ticket_id': 103, 'cid': 'sha256:ce067f91a8f34a554e0c564615b876d5b0d9cb6ffb61ac84b3eccc6c6b12ccac'}",mock
0xd6c30133bfe8a680c89793e14e20610f75646de0e040049410e3506c6138875e,86000,1,TicketReserved,"{'model_id': 'model_mnist_784_noniid', 'round': 2, 'ticket_id': 104, 'owner': 'acct_4'}",mock
0xd2f805d694dc9e0e092df77419e141657e978d0b162dab048fbe7f8ffa8a0287,93000,1,UpdatePublished,"{'model_id': 'model_mnist_784_noniid', 'round': 2, 'ticket_id': 104, 'cid': 'sha256:6ed09ddfd2981c4a88f52523af13d139e5d1c805d187470c53eb12990ba2f277'}",mock
0x46b8065d063777460904bc77e20aaa64914b799cc69bf0282f004ffe86ebe69e,86000,1,TicketReserved,"{'model_id': 'model_mnist_784_noniid', 'round': 2, 'ticket_id': 105, 'owner': 'acct_5'}",mock
0xd62126f1bbb6692f99102f503dd082c0d163963b6d2a0110e6ec1624bf13ad2f,93000,1,UpdatePublished,"{'model_id': 'model_mnist_784_noniid', 'round': 2, 'ticket_id': 105, 'cid': 'sha256:aaeb83a625b7000f81c926a29ad598c1d5138eec959bb6923a18986b97fbc341'}",mock
0x99d38fc48fea64180e27c2cbdf834fec287260b132c6c601490c7af12e7f2af0,86000,1,TicketReserved,"{'model_id': 'model_mnist_784_noniid', 'round': 2, 'ticket_id': 106, 'owner': 'acct_6'}",mock
0x51fcf14efc383554291317d1c3b60010fa14ba2cabc47188aa6e0e149c9dddb5,93000,1,UpdatePublished,"{'model_id': 'model_mnist_784_noniid', 'round': 2, 'ticket_id': 106, 'cid': 'sha256:c722eb648acc4ebffe2c0fad46988e7f99de98afc1a527eae7e4e0e9eb154586'}",mock
0xafaef37dd987a44bf949a968b7ece858a513d4fb511c7f246d4b5cd4c66a74cb,86000,1,TicketReserved,"{'model_id': 'model_mnist_784_noniid', 'round': 2, 'ticket_id': 107, 'owner': 'acct_7'}",mock
0xc550516fc4da17545f8f370ce41b081c131c39cb1e77dd86418ea5e20bf082ec,93000,1,UpdatePublished,"{'model_id': 'model_mnist_784_noniid', 'round': 2, 'ticket_id': 107, 'cid': 'sha256:1a2b83dd706e62519ac47ff3279dc17e82a1d6f8293ef33a59b65f83655b0b5f'}",mock
0x965e8ef5766faf405c8b854d46ca5a125203249ac6fa958b962799051e459e74,86000,1,TicketReserved,"{'model_id': 'model_mnist_784_noniid', 'round': 2, 'ticket_id': 108, 'owner': 'acct_8'}",mock
0xb1e99fd93859cfe1f25d2d7a3d1a419a866518b272e94f750657a5e42ebfae46,93000,1,UpdatePublished,"{'model_id': 'model_mnist_784_noniid', 'round': 2, 'ticket_id': 108, 'cid': 'sha256:658f3540d11b9df4dec49fd70d3f79858f9154416669a1aa4df351e1f1becd94'}",mock
0x32d5cfe47776b2985b4620e70cb00107ba1078a3b45b807129189403030a93f3,86000,1,TicketReserved,"{'model_id': 'model_mnist_784_noniid', 'round': 2, 'ticket_id': 109, 'owner': 'acct_9'}",mock
0xd41cdf1f5f30b86f2d178664797f574b892cf3a40d29c8107a211447df8c2558,93000,1,UpdatePublished,"{'model_id': 'model_mnist_784_noniid', 'round': 2, 'ticket_id': 109, 'cid': 'sha256:63b0b7163094d720d9210172ae84446b1c534285ffeff52ccbf3445404b3328b'}",mock
0xcaca70f4d044976f4209c07b7adf5f9887f1d6dbbd46fe5b2f4b2fdc094f6196,86000,1,TicketReserved,"{'model_id': 'model_mnist_784_noniid', 'round': 2, 'ticket_id': 110, 'owner': 'acct_10'}",mock
0x2f66b62ee8560f8ad447203941c3cf877f2996c7378e633e29cea8d472e8894e,93000,1,UpdatePublished,"{'model_id': 'model_mnist_784_noniid', 'round': 2, 'ticket_id': 110, 'cid': 'sha256:7e061f11f54c54de156ed19678a076e65916b060272f215ce15276c682f7de5b'}",mock
0x0bca25c553b00f210b158c652ff733d453174bcc7e253066b0bef4068e0f3c34,86000,1,TicketReserved,"{'model_id': 'model_mnist_784_noniid', 'round': 2, 'ticket_id': 111, 'owner': 'acct_11'}",mock
0xf76cb0378c9470152b7360d5dc935508451afe2a794415fb2ee85e2bb0bc3822,93000,1,UpdatePublished,"{'model_id': 'model_mnist_784_noniid', 'round': 2, 'ticket_id': 111, 'cid': 'sha256:63dcc679a81766ee578510cadb11407dcace1bab3677edd6a0a98813143e200a'}",mock
0xa968c802fca3ee3ee5a18fb89ae882b2def2b39ab667e34da027def4575e3964,86000,1,TicketReserved,"{'model_id': 'model_mnist_784_noniid', 'round': 2, 'ticket_id': 112, 'owner': 'acct_12'}",mock
0x3d31842b99f4641f18e50f7c4ddff36339264b8d42e27ad5019185b3565a5dd5,93000,1,UpdatePublished,"{'model_id': 'model_mnist_784_noniid', 'round': 2, 'ticket_id': 112, 'cid': 'sha256:1c4af2656c12a2a6cd1bedbbef8ab8d4aada271502a5f3a5b7c09eb5d2327b2a'}",mock
0xc768d3086a7b3ca0c81fa4a0b0055e9b11c838c6c1fd530d1665e516ae601c84,86000,1,TicketReserved,"{'model_id': 'model_mnist_784_noniid', 'round': 2, 'ticket_id': 113, 'owner': 'acct_13'}",mock
0x1a6ce7c10f92148cffcbb4aa1f15bbeba7893dfde92e21a28efca92c31208ab0,93000,1,UpdatePublished,"{'model_id': 'model_mnist_784_noniid', 'round': 2, 'ticket_id': 113, 'cid': 'sha256:c2c44d8d356d0475c24d4cf480c789c1d8b66930b379d0fbd1628c93a10ffba8'}",mock
0x5237c45f144b4d1cbacb8e17c62635868ee76b54e2117573ac25406129166da1,86000,1,TicketReserved,"{'model_id': 'model_mnist_784_noniid', 'round': 2, 'ticket_id': 114, 'owner': 'acct_14'}",mock
0x4e364f2b9262bca286ccdb9ff45e27f319be3f35b9535e800e2d2443d2e2d0b6,93000,1,UpdatePublished,"{'model_id': 'model_mnist_784_noniid', 'round': 2, 'ticket_id': 114, 'cid': 'sha256:d1911ecfc4e3a5741c4c68ea3a2f2e1cf10b7f397392308d40690803a7820ee4'}",mock
0xf90faa52eda7191bf37163e9660795e7e3cb3f05ee9afe37ae67c58e99e0c60a,86000,1,TicketReserved,"{'model_id': 'model_mnist_784_noniid', 'round': 2, 'ticket_id': 115, 'owner': 'acct_15'}",mock
0xd5fd0bffe78cf5abf3db8f2fd5dd28174ae05ec9a171d02a257ddcbc24a83f13,93000,1,UpdatePublished,"{'model_id': 'model_mnist_784_noniid', 'round': 2, 'ticket_id': 115, 'cid': 'sha256:95423b47a819dd02c56bfa951a74fb8549468df42dcc971159229836420589af'}",mock
0x2f42cc58ead8fc7252707ee2f4a92c6525aacc8acb9ef6abb7563b637bbafcad,86000,1,TicketReserved,"{'model_id': 'model_mnist_784_noniid', 'round': 2, 'ticket_id': 116, 'owner': 'acct_16'}",mock
0xef05f22d3c244281e136fbaadcd97a9f6d0a0b81b57740bbb5ccc04e4cd2f0ae,93000,1,UpdatePublished,"{'model_id': 'model_mnist_784_noniid', 'round': 2, 'ticket_id': 116, 'cid': 'sha256:5ecbfdba74cbe7b69698e673a4268b812ecb5e9049e7ec5e3554beb359016541'}",mock
0xa016c7f8ab9fc4c6b995f5f91e126ca236cb33e82ba68b5207dc36efeaeecef8,86000,1,TicketReserved,"{'model_id': 'model_mnist_784_noniid', 'round': 2, 'ticket_id': 117, 'owner': 'acct_17'}",mock
0xa1b55e43ca40c83cc27fee22559f72d62410d45806631356732294c951ca5f5a,93000,1,UpdatePublished,"{'model_id': 'model_mnist_784_noniid', 'round': 2, 'ticket_id': 117, 'cid': 'sha256:bfeae0dc3f00a835577f20dc8ab8445962560e82937e8022d4815dd64c65dba5'}",mock
0xb616432d95f415b1b412a88e14de553b5ebb694ee94d6963d17884faaf4a8c7c,86000,1,TicketReserved,"{'model_id': 'model_mnist_784_noniid', 'round': 2, 'ticket_id': 118, 'owner': 'acct_18'}",mock
0xf788d72069abda7a719231d719c326781e925c6793ed02c838d1bb068b53dd0b,93000,1,UpdatePublished,"{'model_id': 'model_mnist_784_noniid', 'round': 2, 'ticket_id': 118, 'cid': 'sha256:015070d1bda274b1c5a0e39b91ec615cd6adb6dceba7a06c10d358535ec47699'}",mock
0xe219ce7eb7ad068722222e2f7cd3e953ad5b95b04ae3d9f251ed65a28bdcde78,86000,1,TicketReserved,"{'model_id': 'model_mnist_784_noniid', 'round': 2, 'ticket_id': 119, 'owner': 'acct_19'}",mock
0xceffedeb13887b6429af0d440f28a08d4be8f9a892f69a89d393cea3ac270d1a,93000,1,UpdatePublished,"{'model_id': 'model_mnist_784_noniid', 'round': 2, 'ticket_id': 119, 'cid': 'sha256:45aa86efc7d36035dc7f82c4873adc0883884719ad6d3d29a7eb8381beb68e4b'}",mock
0x3850b34fde5db10d0c641e4cfc408db3e585ebf192c948841dd16e603420a52e,86000,1,TicketReserved,"{'model_id': 'model_mnist_784_noniid', 'round': 2, 'ticket_id': 120, 'owner': 'acct_20'}",mock
0x9c090f8b7d36c3aee451bd378d9134d27ddb5b66e2ccefce7ad05f97fcee19bb,93000,1,UpdatePublished,"{'model_id': 'model_mnist_784_noniid', 'round': 2, 'ticket_id': 120, 'cid': 'sha256:c8c4bcab7b1c5381258663b439f4ceb12bcac8b1902c709daa584b2a703c1f0b'}",mock
0x9326c2c6df3b7056364d8fc99181239de76e337ec077cfcbc199d067b8850bb1,86000,1,TicketReserved,"{'model_id': 'model_mnist_784_noniid', 'round': 2, 'ticket_id': 121, 'owner': 'acct_21'}",mock
0x59de1a9113f7de3cadd73bf642177067e661d6832089e60b534cc901766670a6,93000,1,UpdatePublished,"{'model_id': 'model_mnist_784_noniid', 'round': 2, 'ticket_id': 121, 'cid': 'sha256:1cecc330818cd80746ffcc55dd679841c4f93a1f955daf64039d1833753392db'}",mock
0x8588b3903ba1ce2b200d0fc5e6ab1d9b6ba24d6c19a199f9196cade0b4bef535,86000,1,TicketReserved,"{'model_id': 'model_mnist_784_noniid', 'round': 2, 'ticket_id': 122, 'owner': 'acct_22'}",mock
0x669e9ef247306950dd0f74bf80557439bf1e621dd4ea48ecdb8635fc3b6619df,93000,1,UpdatePublished,"{'model_id': 'model_mnist_784_noniid', 'round': 2, 'ticket_id': 122, 'cid': 'sha256:1175d437d05f4ebc78b3341f8bca5d38b7a75f044ee6602712a7fd09469035c6'}",mock
0x8f2063364504350ebdc6d1e5aeb14b203b10e462b9939093e031d7ab04834e4f,86000,1,TicketReserved,"{'model_id': 'model_mnist_784_noniid', 'round': 2, 'ticket_id': 123, 'owner': 'acct_23'}",mock
0xa6844a76e0ff7730cbd6f82fce1c41e512e4f09520e6fee6ee21491d2c2bc425,93000,1,UpdatePublished,"{'model_id': 'model_mnist_784_noniid', 'round': 2, 'ticket_id': 123, 'cid': 'sha256:5cb110b53f7750214001777c4954c09475b371920ab268df667b1b58a9d21acf'}",mock
0xbeb6729baa1bbdb848d0e0da61f6ab951a240308ba05425f0d8cf542b0f31dda,86000,1,TicketReserved,"{'model_id': 'model_mnist_784_noniid', 'round': 2, 'ticket_id': 124, 'owner': 'acct_24'}",mock
0xbfb0fca5a0d495bbd62372a9dc275470717b8cb396655848fc9d555e499383c7,93000,1,UpdatePublished,"{'model_id': 'model_mnist_784_noniid', 'round': 2, 'ticket_id': 124, 'cid': 'sha256:e942b7bc6e9de93923bb191a5f8afba48836fdfa333fad889fd561beb50ba393'}",mock
0xc3471d57a7445071f8e710a15d0c6c17aae3ede7a5d1e959f9f0d8c6c453f4d1,86000,1,TicketReserved,"{'model_id': 'model_mnist_784_noniid', 'round': 2, 'ticket_id': 125, 'owner': 'acct_25'}",mock
0xaf17bceb6078a79f00979e34425ec0448836b7114454b29cc5a7642953e387f8,93000,1,UpdatePublished,"{'model_id': 'model_mnist_784_noniid', 'round': 2, 'ticket_id': 125, 'cid': 'sha256:0f020cb86c6a2276338f25f83a2a1023990a1f0468dc6d7369fb2ff441f2d616'}",mock
0xbdf144e8e41eb034955868f0cca3131d2f67c64dc05c75e16492ce19c2ff50cc,86000,1,TicketReserved,"{'model_id': 'model_mnist_784_noniid', 'round': 2, 'ticket_id': 126, 'owner': 'acct_26'}",mock
0x55b3963d053bc733a105f620db90e9c32b98e11273b1d36be9a398ac80aff8ab,93000,1,UpdatePublished,"{'model_id': 'model_mnist_784_noniid', 'round': 2, 'ticket_id': 126, 'cid': 'sha256:88177cfb047810b7b186735b129328633a16e6dc7aa3cef010c54d15667a00cf'}",mock
0xf7b9d0da5231444052736eb0f51003ac5b47089c379536d7c400ad710f5230c4,86000,1,TicketReserved,"{'model_id': 'model_mnist_784_noniid', 'round': 2, 'ticket_id': 127, 'owner': 'acct_27'}",mock
0x9e6a769fe7c32b192df20be5aff6f6e30e7486af2025ddca660326951d402555,93000,1,UpdatePublished,"{'model_id': 'model_mnist_784_noniid', 'round': 2, 'ticket_id': 127, 'cid': 'sha256:234f8c26992ef1030b5a70f563cabf4c3b3334501eca887a02dbe459612fc734'}",mock
0x072915ad79702a7608f8c490422b5e6676f5acd16b13910fe125396626fa2549,86000,1,TicketReserved,"{'model_id': 'model_mnist_784_noniid', 'round': 2, 'ticket_id': 128, 'owner': 'acct_28'}",mock
0xf0e0775bb1056b756fc0ba97ea70164bc512f54f76d867274c674daa7f0ac6ef,93000,1,UpdatePublished,"{'model_id': 'model_mnist_784_noniid', 'round': 2, 'ticket_id': 128, 'cid': 'sha256:3c5fff574dc3e5cdac7b4cb94d8c2a6dac90ab6b747a5078ec8ce785a42a830b'}",mock
0x8f37c659c9e7f41c46769b142042b507d26ab0f8b7e193fc1f9b7a687e088dd5,86000,1,TicketReserved,"{'model_id': 'model_mnist_784_noniid', 'round': 2, 'ticket_id': 129, 'owner': 'acct_29'}",mock
0xa05a8f561ac8d915bbd57ef355e0e19fcf0f60495489ba7193c0d7b16aa10639,93000,1,UpdatePublished,"{'model_id': 'model_mnist_784_noniid', 'round': 2, 'ticket_id': 129, 'cid': 'sha256:ab626cd1194f43a45a880f65e9206447503eb60845795ce6391ccf5ad292ad70'}",mock
0x9e97c23ca1e170c3a8c3ff86867ed7e2dafe742f7e9ef840b71284a46a29bfd7,86000,1,TicketReserved,"{'model_id': 'model_mnist_784_noniid', 'round': 2, 'ticket_id': 130, 'owner': 'acct_30'}",mock
0x9eb87f7959e7618784cc9b7736d31dafc86a9b167e75137725342f1efad7ee4e,93000,1,UpdatePublished,"{'model_id': 'model_mnist_784_noniid', 'round': 2, 'ticket_id': 130, 'cid': 'sha256:96aed0f576d493e17a1995c2acdfba30aa445d9e1a6e36132e786e0b21599764'}",mock
0xec8664c417b010c6038a71fe2639d51a627d95c4a5b92636435893b5aa11ebf4,86000,1,TicketReserved,"{'model_id': 'model_mnist_784_noniid', 'round': 2, 'ticket_id': 131, 'owner': 'acct_31'}",mock
0xfb55ba1c4e6d02ec6e0dc4a364663a1142ed9ca945624e3b85473a6a459a626a,93000,1,UpdatePublished,"{'model_id': 'model_mnist_784_noniid', 'round': 2, 'ticket_id': 131, 'cid': 'sha256:b96a926f60ec9fffde2d4f8ddfd36d408c81f892244dc04bea57ca7e835e7981'}",mock
0xf909951a2426b8c988cae3f52f2f905e3b64979af115f1c587a62de6889ef575,86000,1,TicketReserved,"{'model_id': 'model_mnist_784_noniid', 'round': 2, 'ticket_id': 132, 'owner': 'acct_32'}",mock
0xf5ec8edcf9e993dfc5768f277636bcb53f0ae36bd43959e630ce3e99f8404f45,93000,1,UpdatePublished,"{'model_id': 'model_mnist_784_noniid', 'round': 2, 'ticket_id': 132, 'cid': 'sha256:8aed4e8d704884d7bac4170d8744383d0ddf2c389448e7b0f3e66ed3cc3ccecb'}",mock
0xcb2a2e4a83cbc7ee3ddfc8cd317c4b109b424b50de0b60263dd7a9620f8fa465,86000,1,TicketReserved,"{'model_id': 'model_mnist_784_noniid', 'round': 2, 'ticket_id': 133, 'owner': 'acct_33'}",mock
0x423e3af79c350b9529425c12b25da36b75ab14ac851d2cb2ab8fa99f7f0705f9,93000,1,UpdatePublished,"{'model_id': 'model_mnist_784_noniid', 'round': 2, 'ticket_id': 133, 'cid': 'sha256:f94377c888bbc60084aaba5f08c3cdf63f07b9d1552c4a2a7d535e3401db5cad'}",mock
0x74135abe38975cd25edbd016240183599aab29c4d290dad43a53bef027af975a,86000,1,TicketReserved,"{'model_id': 'model_mnist_784_noniid', 'round': 2, 'ticket_id': 134, 'owner': 'acct_34'}",mock
0x9257a9d72fdd8850ee7d64d1677511a6ba1f0d85edd4c546fa4dbaec24f089ea,93000,1,UpdatePublished,"{'model_id': 'model_mnist_784_noniid', 'round': 2, 'ticket_id': 134, 'cid': 'sha256:72146fdb2855441bb69a391ca1596fdaabe7345fbb32c2c5e469defbb1bc315a'}",mock
0x66c28a0c29afbf4eec17698f7f8ce4b5d550df86d8f0010919ec34cd6acae9ae,86000,1,TicketReserved,"{'model_id': 'model_mnist_784_noniid', 'round': 2, 'ticket_id': 135, 'owner': 'acct_35'}",mock
0x2a9a23e0a93e5e60b62651ece41576ca705b61d1c7c63f466cc60b8068a60a84,93000,1,UpdatePublished,"{'model_id': 'model_mnist_784_noniid', 'round': 2, 'ticket_id': 135, 'cid': 'sha256:6785017b8896552d04e7d228a3b0942e80384f0bb459aebaf3023f33e7195909'}",mock
0xcc5742853494b4610e94ace1d104648875363e0e578ae0d8618b5ac7fa4aa5be,86000,1,TicketReserved,"{'model_id': 'model_mnist_784_noniid', 'round': 2, 'ticket_id': 136, 'owner': 'acct_36'}",mock
0x5678fc97dc701f31ed817eb1687e59e327824d331846cdf9fbd32fe4405739b3,93000,1,UpdatePublished,"{'model_id': 'model_mnist_784_noniid', 'round': 2, 'ticket_id': 136, 'cid': 'sha256:0687a0ca5f8a12e1c0c29e61b6e092d82afa83ad1cd730d8a18d1e61d73e5770'}",mock
0x84f0d2584768033f0b512dcd2bc5573b32ea085a6f17852c5268824d53c46d2b,86000,1,TicketReserved,"{'model_id': 'model_mnist_784_noniid', 'round': 2, 'ticket_id': 137, 'owner': 'acct_37'}",mock
0xdf81f28430c8abd0f63becbf4010f0ebdf4be039628642d1b86cc8d171c58315,93000,1,UpdatePublished,"{'model_id': 'model_mnist_784_noniid', 'round': 2, 'ticket_id': 137, 'cid': 'sha256:ad6c918bc1bd51bafadfee43a00f21c5e0580ab2782789ff03d8ae515b0d8237'}",mock
0x2c329204b2558e887a2eb37ca5b94c40f7b58551d2e2396afa8803c0789bc878,86000,1,TicketReserved,"{'model_id': 'model_mnist_784_noniid', 'round': 2, 'ticket_id': 138, 'owner': 'acct_38'}",mock
0x2d215a3888f15bd0700bdcd24bead27538754ee91d8ff07984dd148daea9ebbf,93000,1,UpdatePublished,"{'model_id': 'model_mnist_784_noniid', 'round': 2, 'ticket_id': 138, 'cid': 'sha256:6c1a971a794590fbafb6a65011a62d8e76e732f4c1a4a94d231362d5c2b118d9'}",mock
0xd1319538e19fc2ef1e510278467176029605f530966abedc44982671fc21c34e,86000,1,TicketReserved,"{'model_id': 'model_mnist_784_noniid', 'round': 2, 'ticket_id': 139, 'owner': 'acct_39'}",mock
0x8f64ba13cdcccd80176ecccf8210ae8a48cf3853178c81a72cb0c6feb88f6571,93000,1,UpdatePublished,"{'model_id': 'model_mnist_784_noniid', 'round': 2, 'ticket_id': 139, 'cid': 'sha256:c60d70512f31d5d9b437486912d22ee8ade1dccbcca641fa70ad9765166fe729'}",mock
0xe73d01d32009b1b612a14e65163449fef173c3e5c1fab2aa5eda186498a6d387,86000,1,TicketReserved,"{'model_id': 'model_mnist_784_noniid', 'round': 2, 'ticket_id': 140, 'owner': 'acct_40'}",mock
0xf5d3e314b7d08573b8856cc6a31368617b68668bf75fb1973b13330bf50222cb,93000,1,UpdatePublished,"{'model_id': 'model_mnist_784_noniid', 'round': 2, 'ticket_id': 140, 'cid': 'sha256:249334e7af4c72e1f17d19d1b5e08f16a56fe8d79d0be0b2186c4291d28f47fd'}",mock
0x98b19c15bd7783e48c76ddb7004c45377677df2ea6ff9e4183ba1290eb6b1d3a,86000,1,TicketReserved,"{'model_id': 'model_mnist_784_noniid', 'round': 2, 'ticket_id': 141, 'owner': 'acct_41'}",mock
0x262f1f47efe86acbff1ec2415ddc3d66354e58e0ec0bfb2a2e07b76880a85ce7,93000,1,UpdatePublished,"{'model_id': 'model_mnist_784_noniid', 'round': 2, 'ticket_id': 141, 'cid': 'sha256:ce75c88df6ad9e37bc014d040347857d3bfff28d303a28feef8923d34a5b21e4'}",mock
0x6e9b6b57b2f2c0f0cf0cb8bade5b30e98d32f4914b737602b54b0efde8314bee,86000,1,TicketReserved,"{'model_id': 'model_mnist_784_noniid', 'round': 2, 'ticket_id': 142, 'owner': 'acct_42'}",mock
0x00d97ce2e7a07ca80eb873cfb5b066fef56851a0e32e34653e4fafd13adc7302,93000,1,UpdatePublished,"{'model_id': 'model_mnist_784_noniid', 'round': 2, 'ticket_id': 142, 'cid': 'sha256:e1e20ced7a2e594e254d52d0a711200412d47156eac66ed63cfded066c013a2f'}",mock
0xe96b4292b16ae7a4c96b43a0b1a58bc28c7489d3d4a6ea5590fe1ce51c9fcd46,86000,1,TicketReserved,"{'model_id': 'model_mnist_784_noniid', 'round': 2, 'ticket_id': 143, 'owner': 'acct_43'}",mock
0x7464e7fc6bbeb13df3d6975eb892b736720768f07ac3bf3acbc89851044fc627,93000,1,UpdatePublished,"{'model_id': 'model_mnist_784_noniid', 'round': 2, 'ticket_id': 143, 'cid': 'sha256:a93e28ac77bc64e078247c143ebd0e3755179d500cbaa5e6b3dca1d534a2451c'}",mock
0x61f290fc0510dbc10130921ca05cb47d31b6210ec112e01ba4691eb29edbd34c,86000,1,TicketReserved,"{'model_id': 'model_mnist_784_noniid', 'round': 2, 'ticket_id': 144, 'owner': 'acct_44'}",mock
0xcb56d6120bc1e1b2a49a478f3bc1cefab198d907328047c5e6fc4e935e42959e,93000,1,UpdatePublished,"{'model_id': 'model_mnist_784_noniid', 'round': 2, 'ticket_id': 144, 'cid': 'sha256:960fffad613fff2b01a35ab1b47a70137d0dfc02d9880c1915a7087ef0c2bbd2'}",mock
0x2be406384e8a246b9e3f542ab185c799720666f102ff34f55b4def916babd209,86000,1,TicketReserved,"{'model_id': 'model_mnist_784_noniid', 'round': 2, 'ticket_id': 145, 'owner': 'acct_45'}",mock
0x2a77b93e44c3ae6b43d0f58acd1415085ba9cc9b304d2d91ebce637426dc33f0,93000,1,UpdatePublished,"{'model_id': 'model_mnist_784_noniid', 'round': 2, 'ticket_id': 145, 'cid': 'sha256:9bc41b80589c719af07047cd2b28fe82f36162634b621d2d514d3c5f565930ff'}",mock
0x1d91cd076f1a2f44a29832aa5fe0ff50cd8bbdd51c81ba36257b2f02f39b59e4,86000,1,TicketReserved,"{'model_id': 'model_mnist_784_noniid', 'round': 2, 'ticket_id': 146, 'owner': 'acct_46'}",mock
0xcbcfbee25e1219ab07dcaa62e483bf4579b806d1d1ebf523fe4daeda1963edd4,93000,1,UpdatePublished,"{'model_id': 'model_mnist_784_noniid', 'round': 2, 'ticket_id': 146, 'cid': 'sha256:41c1c2c5b083409dc222340f67987cdc2fe072ed1a3a54fdbb7f41ace8d264e7'}",mock
0xc137e77caec2be19caf0adf83dc2f98ec4412fa51fa4a81373c2a23dad76fe2d,86000,1,TicketReserved,"{'model_id': 'model_mnist_784_noniid', 'round': 2, 'ticket_id': 147, 'owner': 'acct_47'}",mock
0xbfb0a02ad9320b8bfb755eb4b544e15b8db16b48bf6de559ee52b74e580b8df7,93000,1,UpdatePublished,"{'model_id': 'model_mnist_784_noniid', 'round': 2, 'ticket_id': 147, 'cid': 'sha256:525b2b6745c2e91968e5a45a1b97059e2e8973a2b219071d55b60c6cb2797c90'}",mock
0xe3dd536b4a038001723b85b4b35611f604d7cafeaf249de9b6bfab3949e2b298,86000,1,TicketReserved,"{'model_id': 'model_mnist_784_noniid', 'round': 2, 'ticket_id': 148, 'owner': 'acct_48'}",mock
0x49317b43682a762cc3cf4f54dcda829b80f7895e02155509b8d4d9f0960ac263,93000,1,UpdatePublished,"{'model_id': 'model_mnist_784_noniid', 'round': 2, 'ticket_id': 148, 'cid': 'sha256:3870a9afa12939105736b1fdc103a54e93530640992c27d462cefc73bfbfea51'}",mock
0x9d6cccba8cc68455b0bb1dc15fc9234ebc99fb0b8930a1f8c9210d85c90e59c7,86000,1,TicketReserved,"{'model_id': 'model_mnist_784_noniid', 'round': 2, 'ticket_id': 149, 'owner': 'acct_49'}",mock
0x829990907c629b9ee724f38e9a0a237190f737695bed74a2833c414d12f47e21,93000,1,UpdatePublished,"{'model_id': 'model_mnist_784_noniid', 'round': 2, 'ticket_id': 149, 'cid': 'sha256:2a3e6c3a3778f0520181be0a3e58d0cd8723b83ad2842d17c93958866967f31b'}",mock
0xe1cf16c5f8cdd806d9eb6669423133c6be60a5c4eeee0f014a94a44266f24562,86000,1,TicketReserved,"{'model_id': 'model_mnist_784_noniid', 'round': 2, 'ticket_id': 150, 'owner': 'acct_50'}",mock
0x6c75bfa72f7dcab4daa71feac26a1b71788ce3bbc401d9ad923eb83273f35d1e,93000,1,UpdatePublished,"{'model_id': 'model_mnist_784_noniid', 'round': 2, 'ticket_id': 150, 'cid': 'sha256:778154f286bf7cc8e1288107876265119af7661486f12b6f3080a255a22de250'}",mock
0x309ea219efea5427cbf6c543821d3d3c730ab4a31667d3b659610617275507a6,625000,1,RoundFinalized,"{'model_id': 'model_mnist_784_noniid', 'round': 2, 'included': 25, 'refunds': 25}",mock
0x11fc22b024ca9a64b7f76a8704091c61cf2315ba1ffbd2634b2b282c182ba2a3,52000,1,RoundFunded,"{'model_id': 'model_mnist_784_noniid', 'amount_wei': 10000000000000000}",mock
0x4df54672b88db7b16bd07334ca0b622a87a3780120fd076e670f38529c42f1e9,86000,1,TicketReserved,"{'model_id': 'model_mnist_784_noniid', 'round': 3, 'ticket_id': 151, 'owner': 'acct_1'}",mock
0x9258b6abc052151f1c943f1d0f4875d222e0e8a30d92e2886fa750a6582f3f72,93000,1,UpdatePublished,"{'model_id': 'model_mnist_784_noniid', 'round': 3, 'ticket_id': 151, 'cid': 'sha256:93f7f0429690b0619c9756779c87428b1c5a6f6587556cbd257004bbf6d52e31'}",mock
0x04148c2fb0d6b708c71a8ef440420f9877024be1a89454309906e801bb9ae817,86000,1,TicketReserved,"{'model_id': 'model_mnist_784_noniid', 'round': 3, 'ticket_id': 152, 'owner': 'acct_2'}",mock
0x2f5debff3492d33b33358e3262e9a4f9167b1b4bf26eb342045ee2bd70e2581b,93000,1,UpdatePublished,"{'model_id': 'model_mnist_784_noniid', 'round': 3, 'ticket_id': 152, 'cid': 'sha256:53c9b737b37dda45e1ffac12814e0c593d1b12134834bf1c09f21f598ecf35c0'}",mock
0x77d75da3d94a136ffb0ab5dc86018149f90e5005781bbb00a88bc836599400cb,86000,1,TicketReserved,"{'model_id': 'model_mnist_784_noniid', 'round': 3, 'ticket_id': 153, 'owner': 'acct_3'}",mock
0x9c5cdf3e91c9ca8ce9549b9a0c3a8d39c77e7b078f38786487c3b184f468a05d,93000,1,UpdatePublished,"{'model_id': 'model_mnist_784_noniid', 'round': 3, 'ticket_id': 153, 'cid': 'sha256:b82f589a9e0b1d845bbce43b1740cd57c6b1e16b9774cf67b824e42a5d92c737'}",mock
0xe66049b1984b644ecc646f77d3f11fb862baeb19b4836b1add34825e0408eaf9,86000,1,TicketReserved,"{'model_id': 'model_mnist_784_noniid', 'round': 3, 'ticket_id': 154, 'owner': 'acct_4'}",mock
0xfbb8361868b65ce912a28fc79315ada46987bf0cbe4cf7fe9a46dcd02849ccaa,93000,1,UpdatePublished,"{'model_id': 'model_mnist_784_noniid', 'round': 3, 'ticket_id': 154, 'cid': 'sha256:8d50144ce479eaaa84b9cc53dd9467b179a323c71b7e7fa91d23be62d327fb86'}",mock
0x84f8556a3f391065089c068006d314c68bf7b984cee3b5927cece1448b0d9968,86000,1,TicketReserved,"{'model_id': 'model_mnist_784_noniid', 'round': 3, 'ticket_id': 155, 'owner': 'acct_5'}",mock
0xde60db05c6fc0422a4fb73109ba8baa37b6eb3a9888bd1998b657ee748649f36,93000,1,UpdatePublished,"{'model_id': 'model_mnist_784_noniid', 'round': 3, 'ticket_id': 155, 'cid': 'sha256:6345c5e96dfafb69add58b80837ad0017076863b0fb45efcb33aa0441af4adf4'}",mock
0xafeaefbc1ca2807629cc22cfb1a7fd8698d7da90485d2d34c4bff4e05d3f8d85,86000,1,TicketReserved,"{'model_id': 'model_mnist_784_noniid', 'round': 3, 'ticket_id': 156, 'owner': 'acct_6'}",mock
0xd6475293b02a9bb5cff3d27480fb6d21dcf0578c7a90560c89baa58a602eff15,93000,1,UpdatePublished,"{'model_id': 'model_mnist_784_noniid', 'round': 3, 'ticket_id': 156, 'cid': 'sha256:9e3d0b8914d1babded96098fdcad5303cf031b69a13639899b46cdb239be514e'}",mock
0x92cc417dcee8eb3a7c12646061688e854cca74a4020076a8f0ae5032a2130ef9,86000,1,TicketReserved,"{'model_id': 'model_mnist_784_noniid', 'round': 3, 'ticket_id': 157, 'owner': 'acct_7'}",mock
0x799989d76d108460232107c51c44f4f19821306c759f6f3747a07f2ef46cbc0d,93000,1,UpdatePublished,"{'model_id': 'model_mnist_784_noniid', 'round': 3, 'ticket_id': 157, 'cid': 'sha256:fb346a4282bf6536215c17529a25842c5fa9beae67b0a37f1c90e0a4aaacc206'}",mock
0xdefe0489ff36da73f8314720e5e815973783ee6dbfd8b4dbf064d8445702b77d,86000,1,TicketReserved,"{'model_id': 'model_mnist_784_noniid', 'round': 3, 'ticket_id': 158, 'owner': 'acct_8'}",mock
0x5216bd91c0f782323d667424bfcec3b951d84e198676afc992b43a6350033880,93000,1,UpdatePublished,"{'model_id': 'model_mnist_784_noniid', 'round': 3, 'ticket_id': 158, 'cid': 'sha256:5c1ed25c8375ab61a1e619257c1ab7472eba02c244cc7f794b233c211b98bb81'}",mock
0xaa66692a2c7a9a4994177ca61e01196a412f8c2622db832934d1b39df82061d3,86000,1,TicketReserved,"{'model_id': 'model_mnist_784_noniid', 'round': 3, 'ticket_id': 159, 'owner': 'acct_9'}",mock
0x8014ae363fb605e675cfd033ceeb0e6d8267837a2565428c31ed7a5feef4a208,93000,1,UpdatePublished,"{'model_id': 'model_mnist_784_noniid', 'round': 3, 'ticket_id': 159, 'cid': 'sha256:a47d8a7effdefe3ff4670302b78ee373c446f5fef5e0f412392ec32d57a71b01'}",mock
0x63468b6576611a4654834a490d7df5bcd6006af2e1edafce085c9601a3f0e597,86000,1,TicketReserved,"{'model_id': 'model_mnist_784_noniid', 'round': 3, 'ticket_id': 160, 'owner': 'acct_10'}",mock
0xe2525348b4181f7f2808567c919780d2838509851b401e214b4c108aea5a779f,93000,1,UpdatePublished,"{'model_id': 'model_mnist_784_noniid', 'round': 3, 'ticket_id': 160, 'cid': 'sha256:e5a21e33dc18c0381b37fb127fa818f3eea13097d51dfa694b49bcf5004f0676'}",mock
0x29f08f1b8ca90f31b8de9c6af6cc94c75f70aa99fdced10459bbed238dbf62ad,86000,1,TicketReserved,"{'model_id': 'model_mnist_784_noniid', 'round': 3, 'ticket_id': 161, 'owner': 'acct_11'}",mock
0x51c326d00eaaed93e2435b5ef185e09214a632785d707bfdb999d399fd04d86d,93000,1,UpdatePublished,"{'model_id': 'model_mnist_784_noniid', 'round': 3, 'ticket_id': 161, 'cid': 'sha256:96efd6215f82740248dc27e647aadef72f763e5b2e40a7221d0bced73913a7da'}",mock
0xe3d62a1562ee9911355d740627e71b5b1237b695692247042d098777f7dae2d0,86000,1,TicketReserved,"{'model_id': 'model_mnist_784_noniid', 'round': 3, 'ticket_id': 162, 'owner': 'acct_12'}",mock
0x4518dcfab0f464d352747195e0d750ad31d1b98e57f190c7a3788497f9bacb17,93000,1,UpdatePublished,"{'model_id': 'model_mnist_784_noniid', 'round': 3, 'ticket_id': 162, 'cid': 'sha256:8fd111995e972661886c553164c3a9fb916fa1b2dcd4570c374a3bc37479cede'}",mock
0x133dab58f31be98f6564a56bd641a1f65de7934d721f1af3d17a1b645a1aff1c,86000,1,TicketReserved,"{'model_id': 'model_mnist_784_noniid', 'round': 3, 'ticket_id': 163, 'owner': 'acct_13'}",mock
0x912dde3baa22a51c33fa92665c45f06516136de1b911250714f3b4bf749dde49,93000,1,UpdatePublished,"{'model_id': 'model_mnist_784_noniid', 'round': 3, 'ticket_id': 163, 'cid': 'sha256:d43c66d982db6ba61ef5e1e829f278fa100f00da5cad7f7cb694c45cd778c98d'}",mock
0xfdfa12cd78af86a5fea4d9f16c67fa09c3e923db2e62e58fe55c151237defd5b,86000,1,TicketReserved,"{'model_id': 'model_mnist_784_noniid', 'round': 3, 'ticket_id': 164, 'owner': 'acct_14'}",mock
0x5790d16e998a7230cd51ec7d5e0f0d48dc816dd8cc1ea15aca5c331b16531756,93000,1,UpdatePublished,"{'model_id': 'model_mnist_784_noniid', 'round': 3, 'ticket_id': 164, 'cid': 'sha256:65cb4d37326778c581375fcd375c69c26bc8f3bb10c5266c7ff98e652b77a24d'}",mock
0x57f0e54fa226c9845e9e64b3acc2c3273e5a9249ba82da12c8315903fbbb17b9,86000,1,TicketReserved,"{'model_id': 'model_mnist_784_noniid', 'round': 3, 'ticket_id': 165, 'owner': 'acct_15'}",mock
0x39f363a4268178638e5b40b9904c73a6517b04d01e8b2b314a1b156c755f6c94,93000,1,UpdatePublished,"{'model_id': 'model_mnist_784_noniid', 'round': 3, 'ticket_id': 165, 'cid': 'sha256:0aca1ec57a1452d15d82ae88fe960e903d99d22ae11ef1a288c76d0212473230'}",mock
0x459d038fb79591daa04f4c2f3cff211fa9ad8a917797980da9a696882de8eb29,86000,1,TicketReserved,"{'model_id': 'model_mnist_784_noniid', 'round': 3, 'ticket_id': 166, 'owner': 'acct_16'}",mock
0x660e6b86f944db5df4c59b264fb4da8c787ea1713901b565836e4a9b3c4f5e0f,93000,1,UpdatePublished,"{'model_id': 'model_mnist_784_noniid', 'round': 3, 'ticket_id': 166, 'cid': 'sha256:5e5a05bcf557d79f3f4c0601c038642cfb6d8234964963872653446506ab8c27'}",mock
0xc11a0a29cbdfb71986d1f08fb8b49669ac82496ec12e94a96e600f3692935aeb,86000,1,TicketReserved,"{'model_id': 'model_mnist_784_noniid', 'round': 3, 'ticket_id': 167, 'owner': 'acct_17'}",mock
0xaa3f8a39d70451d60b5006fc8c96b29425f9a57822255d95111cfaa5a09b2e6c,93000,1,UpdatePublished,"{'model_id': 'model_mnist_784_noniid', 'round': 3, 'ticket_id': 167, 'cid': 'sha256:dd185481c98e955d5a932679d17a394ba6cf91cf62833705162287b99eb930f0'}",mock
0x64e9c447e25a1fb8b5641e4c1224266aa4c83931c3b56d347eee7d883bcc4187,86000,1,TicketReserved,"{'model_id': 'model_mnist_784_noniid', 'round': 3, 'ticket_id': 168, 'owner': 'acct_18'}",mock
0xde8be9d2b63dbe0cfcfdf76dc505eb8e5f3e2b967abbacdb5ac8bf3b220374d9,93000,1,UpdatePublished,"{'model_id': 'model_mnist_784_noniid', 'round': 3, 'ticket_id': 168, 'cid': 'sha256:8085d49beb1f322c5ff8895089fefcba0e6c1580892f6fe7ef790a0a40f48976'}",mock
0x4c0d330aed59dbe7822db53e277bd760ca3145f668189b720d747af1658638b7,86000,1,TicketReserved,"{'model_id': 'model_mnist_784_noniid', 'round': 3, 'ticket_id': 169, 'owner': 'acct_19'}",mock
0xd892842356886db67e4ff9a8b37f95af99cee71495e774da14cdfda8762aabcc,93000,1,UpdatePublished,"{'model_id': 'model_mnist_784_noniid', 'round': 3, 'ticket_id': 169, 'cid': 'sha256:b42098abf4cf28e658dcbee400b01e4fd34c1ad01170ddeec0d3c0550dd7cd90'}",mock
0xa4641af0eb499537b68d9959fb39cc037ed75d3f59eee77bc14595f0394dd1ef,86000,1,TicketReserved,"{'model_id': 'model_mnist_784_noniid', 'round': 3, 'ticket_id': 170, 'owner': 'acct_20'}",mock
0x33f50b4291922f258fa5439a6d15501d8f38293b0f11cc8d5dbd48eeac357d09,93000,1,UpdatePublished,"{'model_id': 'model_mnist_784_noniid', 'round': 3, 'ticket_id': 170, 'cid': 'sha256:547cd6156331d23de548816519fa6bb2bb3e66bb2ca03fccb7c86fe3951a0e9f'}",mock
0x8e72b1bf59095909aa90c263e92a9a2462e486c7a6fa492d1ff32353d59f4220,86000,1,TicketReserved,"{'model_id': 'model_mnist_784_noniid', 'round': 3, 'ticket_id': 171, 'owner': 'acct_21'}",mock
0x5c73e9e162c8f95635c04bf438701f9b057e4a5832d56a00cac6695fad80b5f2,93000,1,UpdatePublished,"{'model_id': 'model_mnist_784_noniid', 'round': 3, 'ticket_id': 171, 'cid': 'sha256:493517552e3756649475e10efc641d813fa214c674d5f9c7db7fbd09299b357a'}",mock
0x82dad3300c25e2a4647306c622a882ac19dda975a11c68ced86e36d99e079f1b,86000,1,TicketReserved,"{'model_id': 'model_mnist_784_noniid', 'round': 3, 'ticket_id': 172, 'owner': 'acct_22'}",mock
0x30bead99b391d76480d2f83ab061607397c15f9e6dccf92bd3ad2d6db2b008fd,93000,1,UpdatePublished,"{'model_id': 'model_mnist_784_noniid', 'round': 3, 'ticket_id': 172, 'cid': 'sha256:7d95e762c51e8103fb815498a6b7ba55ea20675868f9ac4a0337935a41417c87'}",mock
0xdda08fd5a10d83d4b4408feced117ea4b5965f31f9275414229bd3d42d00e2e9,86000,1,TicketReserved,"{'model_id': 'model_mnist_784_noniid', 'round': 3, 'ticket_id': 173, 'owner': 'acct_23'}",mock
0xe00e99e74bd5287722ae68c7fe5239313d6bb3da1d01482ad989a2387e786f92,93000,1,UpdatePublished,"{'model_id': 'model_mnist_784_noniid', 'round': 3, 'ticket_id': 173, 'cid': 'sha256:9be1ce003272d06331e29b2473f58dba2565bf631efd35403219f29d579d1d0b'}",mock
0x1b05ab46969cf1327ed868ea608fd7284df6f4a60666ab9dc81e4f38b95a922a,86000,1,TicketReserved,"{'model_id': 'model_mnist_784_noniid', 'round': 3, 'ticket_id': 174, 'owner': 'acct_24'}",mock
0x9adbd91b8e9968f00e29be362ae0f9c0fa5653e59f810e3e89bfe205bbb6ebae,93000,1,UpdatePublished,"{'model_id': 'model_mnist_784_noniid', 'round': 3, 'ticket_id': 174, 'cid': 'sha256:7b713a20e910895dfc662c1574ab94b22bdca4bd49f15ad5591428468df319f8'}",mock
0xf30d79f55750171330ab57aebbaa3f115efdac98eb5586c038950085bb8fd526,86000,1,TicketReserved,"{'model_id': 'model_mnist_784_noniid', 'round': 3, 'ticket_id': 175, 'owner': 'acct_25'}",mock
0xe84b83693b88c0fa27e7252fdb83e4fe71c630687001ab5ebb29c73d3e319f42,93000,1,UpdatePublished,"{'model_id': 'model_mnist_784_noniid', 'round': 3, 'ticket_id': 175, 'cid': 'sha256:8ccd35316cfc636ebf6211e616e49ff50fafd61d36ab075a0b61057dce94aa0f'}",mock
0xd6015f549a294fe9fa75ccd52e015d425c3710a726b8c57cc1f54b147d544895,86000,1,TicketReserved,"{'model_id': 'model_mnist_784_noniid', 'round': 3, 'ticket_id': 176, 'owner': 'acct_26'}",mock
0xc6b04f5cda0d537ba87ca09d16e3a2084d1460afe32fc10fa5b343269c676dd1,93000,1,UpdatePublished,"{'model_id': 'model_mnist_784_noniid', 'round': 3, 'ticket_id': 176, 'cid': 'sha256:f9de8e7670afa58821c33a9ee5774930ba3cf14c130bcd1e1f0d1f7d02827cf7'}",mock
0x317fc14d470c1e590ce1d4861f684f7c66298c390a511131c6898fcb3125ac5e,86000,1,TicketReserved,"{'model_id': 'model_mnist_784_noniid', 'round': 3, 'ticket_id': 177, 'owner': 'acct_27'}",mock
0x5372f93f953979349fa61b4bdbbb188c5224c25b5904db39c45131f088baaca0,93000,1,UpdatePublished,"{'model_id': 'model_mnist_784_noniid', 'round': 3, 'ticket_id': 177, 'cid': 'sha256:26985d21366ad8e1b0c957120a472453ec7f05b360c9ad5c61307a3391740b65'}",mock
0x5e2238582a5ac96c6b37bb9418e4485e017a74d0ee2a72d70c5acf0d262c891c,86000,1,TicketReserved,"{'model_id': 'model_mnist_784_noniid', 'round': 3, 'ticket_id': 178, 'owner': 'acct_28'}",mock
0xbbe97c746c8e15532540bd3330015a12def38bc1901bfdcb2c55f85f8df261f7,93000,1,UpdatePublished,"{'model_id': 'model_mnist_784_noniid', 'round': 3, 'ticket_id': 178, 'cid': 'sha256:72e5d541257a5b650ebdc56b93378697ca0063faf42e99c9d9390fcba89e6734'}",mock
0x7493559b46303576c1b538d406ccb2c9871ca8df4c24a577df84646c03910cd2,86000,1,TicketReserved,"{'model_id': 'model_mnist_784_noniid', 'round': 3, 'ticket_id': 179, 'owner': 'acct_29'}",mock
0x4784eacd87a4ef5f12f9de70b480d1b02b88e0fd975005fa1b7ccfde482ae235,93000,1,UpdatePublished,"{'model_id': 'model_mnist_784_noniid', 'round': 3, 'ticket_id': 179, 'cid': 'sha256:f068b9d4ec2a52e719c33d5a8f4de955b88c78237cff6a7abc6f15116fdb3de5'}",mock
0xe345751f0ccbfd007a8d8930bb1322f2f82e91d2eae9f1f6512904e3b4da942b,86000,1,TicketReserved,"{'model_id': 'model_mnist_784_noniid', 'round': 3, 'ticket_id': 180, 'owner': 'acct_30'}",mock
0xb2448ded4d4b6daa9ef49011cde353b153100f88aed2f187048d6c18512b5e9f,93000,1,UpdatePublished,"{'model_id': 'model_mnist_784_noniid', 'round': 3, 'ticket_id': 180, 'cid': 'sha256:513fb00fe9e386d1ec66bf8dba19ffb167a9e18228d8e9705335ed051c214d8f'}",mock
0x631324d290efadd8f54917c8b8397317c918741ee8a494e9a49190d8fc356fe2,86000,1,TicketReserved,"{'model_id': 'model_mnist_784_noniid', 'round': 3, 'ticket_id': 181, 'owner': 'acct_31'}",mock
0xb25d02cc3c6849930d3c84eb23fe273bbb92c23c89cb242bfebef73af576babc,93000,1,UpdatePublished,"{'model_id': 'model_mnist_784_noniid', 'round': 3, 'ticket_id': 181, 'cid': 'sha256:cac494f8df8df771ecaaa48f48846c902eecf71661bbe4886dd990464d4c1d7b'}",mock
0xcb6ecdb32d59304669d7f9c88d774295f2e17a1bc1a2003787be81cff7f2987b,86000,1,TicketReserved,"{'model_id': 'model_mnist_784_noniid', 'round': 3, 'ticket_id': 182, 'owner': 'acct_32'}",mock
0xa255ba75af55cad58a3b7aeb3ac0278d05e62dfcfecd0f5a4044fe1e7f121b08,93000,1,UpdatePublished,"{'model_id': 'model_mnist_784_noniid', 'round': 3, 'ticket_id': 182, 'cid': 'sha256:62bb6e375951433036a3d8f0b09394a79cd3be0b95e4a0ed3bc9a75a0d730e66'}",mock
0xa30f50444ac1919cc33c566b0521ba3bd414bf958c99b1e7b41411c52108293b,86000,1,TicketReserved,"{'model_id': 'model_mnist_784_noniid', 'round': 3, 'ticket_id': 183, 'owner': 'acct_33'}",mock
0xcf2d696b1493747d2530c735f758d81f6bc4a800be6a1b5648a7cef16dbc2602,93000,1,UpdatePublished,"{'model_id': 'model_mnist_784_noniid', 'round': 3, 'ticket_id': 183, 'cid': 'sha256:75a1e4671c5099a0fd995cabfde52af7efa93278aeceae63584b6d2ef6278a02'}",mock
0xf20a704c3cbec275d127a517cc3788bdb3861483fde849b2c88b7f52ee8b2c66,86000,1,TicketReserved,"{'model_id': 'model_mnist_784_noniid', 'round': 3, 'ticket_id': 184, 'owner': 'acct_34'}",mock
0xe2730dca22d6b9b37ad4863a9be7e2f74f8f1b6ac1b056f6f1267983140a51c4,93000,1,UpdatePublished,"{'model_id': 'model_mnist_784_noniid', 'round': 3, 'ticket_id': 184, 'cid': 'sha256:c4ee333094032bf71aef4507bb3d6af00fe0e1000d5a5a803c1e15a8e07e4a89'}",mock
0x909a2cfbd7fd1bcc4c0ac46a082f8ac4fd2318c86b1e70f2ceb53166026e4577,86000,1,TicketReserved,"{'model_id': 'model_mnist_784_noniid', 'round': 3, 'ticket_id': 185, 'owner': 'acct_35'}",mock
0xe47ff6c70f532de40fd503ba03097ddeab8075a3d0f2ffa6965571428a9231e4,93000,1,UpdatePublished,"{'model_id': 'model_mnist_784_noniid', 'round': 3, 'ticket_id': 185, 'cid': 'sha256:273f83d70911bb28d46d92a50574051a50ef678016eece7ee5fd2c7d0a1376b9'}",mock
0xb413be74b130138dbe7bb62139dc6e6968a276394a5723ab04d2a2dad9c18192,86000,1,TicketReserved,"{'model_id': 'model_mnist_784_noniid', 'round': 3, 'ticket_id': 186, 'owner': 'acct_36'}",mock
0xe818d15848e1073352db86ab2a498933ea685928162c1c0b1f88400bd01b2074,93000,1,UpdatePublished,"{'model_id': 'model_mnist_784_noniid', 'round': 3, 'ticket_id': 186, 'cid': 'sha256:e825a36e23d80520756bd2e37070d74313d95f91e3296fb61aac5f4d24d92139'}",mock
0x62e4a65a9434f9ef21de49da31b89da1504d9f3d17cf657b91e3eeb68fcaad2c,86000,1,TicketReserved,"{'model_id': 'model_mnist_784_noniid', 'round': 3, 'ticket_id': 187, 'owner': 'acct_37'}",mock
0x7a644b6675c25db047972f46556c58c4f41d99cfb6b35a8c5677d76c36288c9d,93000,1,UpdatePublished,"{'model_id': 'model_mnist_784_noniid', 'round': 3, 'ticket_id': 187, 'cid': 'sha256:e89c4128f9dbd5346c53d4abf9968d749cb5da99f8e252cc9fa35209fc4b5767'}",mock
0x714c0622544943d75e7e1efdacd7628a90757406d62d64c3537ae668610e2862,86000,1,TicketReserved,"{'model_id': 'model_mnist_784_noniid', 'round': 3, 'ticket_id': 188, 'owner': 'acct_38'}",mock
0x2f0126baf4bb12637e4e224b0ef4a30eb0285aec7d7b20f8a077c77e0c2968ab,93000,1,UpdatePublished,"{'model_id': 'model_mnist_784_noniid', 'round': 3, 'ticket_id': 188, 'cid': 'sha256:d92a9de1624c120258525607a1b4d7fc764b2db54f6da66bbf8edb36c3b82970'}",mock
0xeae6d84b2f94e8c6800e545a5719ba7076d6353710cefe7d7bf86971e7dde098,86000,1,TicketReserved,"{'model_id': 'model_mnist_784_noniid', 'round': 3, 'ticket_id': 189, 'owner': 'acct_39'}",mock
0xd547b9d81c095e5ab32f43bbe6d023a75a6fd54a6b287ef0dc318921b81c3f19,93000,1,UpdatePublished,"{'model_id': 'model_mnist_784_noniid', 'round': 3, 'ticket_id': 189, 'cid': 'sha256:19ae608a5502183c8be8a19265d0036ff98d31c5f334416047c462e880c21a12'}",mock
0xc827d90812800a3502638cd721c77252e9e3695133322fa191397ae11b8fca95,86000,1,TicketReserved,"{'model_id': 'model_mnist_784_noniid', 'round': 3, 'ticket_id': 190, 'owner': 'acct_40'}",mock
0xf62fce092ebb789ae5b7edf8ac50bac158b63e3687df157a4fb8494a5693a3fe,93000,1,UpdatePublished,"{'model_id': 'model_mnist_784_noniid', 'round': 3, 'ticket_id': 190, 'cid': 'sha256:b8fc7cdca93368f9ea5290b6c80c0d95e1f1762def3dd2794cfc3c9aecbceb57'}",mock
0x2db8228e0fae17471e669a9745a16b1a13b0441ebedce7022591c1f9af8b7bba,86000,1,TicketReserved,"{'model_id': 'model_mnist_784_noniid', 'round': 3, 'ticket_id': 191, 'owner': 'acct_41'}",mock
0x9a10cb236ab06e73238a133ccd7f57cf44ae7477ae83f487da89391acb01ad23,93000,1,UpdatePublished,"{'model_id': 'model_mnist_784_noniid', 'round': 3, 'ticket_id': 191, 'cid': 'sha256:5c1f4020831179de74c90bfe3bec590356321cbfd5fdd636b7b9d6d8814a30f0'}",mock
0x75acdc1c6ac29be7ff671383439c47f486e213518dfad4a30804938e04a991f6,86000,1,TicketReserved,"{'model_id': 'model_mnist_784_noniid', 'round': 3, 'ticket_id': 192, 'owner': 'acct_42'}",mock
0x56be5ecabd01418fca07636de75ab78c318ee43460a420ee381336ad5122d876,93000,1,UpdatePublished,"{'model_id': 'model_mnist_784_noniid', 'round': 3, 'ticket_id': 192, 'cid': 'sha256:459e756e867a9d4c044f81b465a46e27ddd29ee7616e5059abd1f2bce0c2bf0c'}",mock
0x585cea3d9f3f4d95bee80bc54073f2eff6234526db46d87abe9ad86be1912388,86000,1,TicketReserved,"{'model_id': 'model_mnist_784_noniid', 'round': 3, 'ticket_id': 193, 'owner': 'acct_43'}",mock
0x7bcc3b13388686446535a3d5c50124435a65d47afbf5f748631224fb591b1709,93000,1,UpdatePublished,"{'model_id': 'model_mnist_784_noniid', 'round': 3, 'ticket_id': 193, 'cid': 'sha256:06fd3316fd0a28b37f13c0c9c242f5e439d943c6141c67b0e8c5ee809d57e31d'}",mock
0xd93b092cca04e537a2f78018d793260f5e4597c598e3af81a7b66aa8bf4b00d5,86000,1,TicketReserved,"{'model_id': 'model_mnist_784_noniid', 'round': 3, 'ticket_id': 194, 'owner': 'acct_44'}",mock
0x0cd82de7a5e77adb56302393ddeb8cbee2a7dc5dcadca26271365a927aebde6d,93000,1,UpdatePublished,"{'model_id': 'model_mnist_784_noniid', 'round': 3, 'ticket_id': 194, 'cid': 'sha256:3521c0c6460b9e9f576cd7e250ec4b251da4de406547c0248a4d23513435a1ac'}",mock
0x2d317067ef5a0e2eab557a197b082f99bd4b1e3b911968bf33606db8386ecf5c,86000,1,TicketReserved,"{'model_id': 'model_mnist_784_noniid', 'round': 3, 'ticket_id': 195, 'owner': 'acct_45'}",mock
0xfeef2f53d2db79e211b0751ec39d444e926dae37aa99962e00a64231db2eed1c,93000,1,UpdatePublished,"{'model_id': 'model_mnist_784_noniid', 'round': 3, 'ticket_id': 195, 'cid': 'sha256:8209eb0f8f7be4872587d3fb559d664cabeb19df544f18530b4d80fc8ff3c476'}",mock
0xd2ebbad8d1fb57a865ede35cd813c08b142160bb32d72328fde49987722262c5,86000,1,TicketReserved,"{'model_id': 'model_mnist_784_noniid', 'round': 3, 'ticket_id': 196, 'owner': 'acct_46'}",mock
0x39cc7f1e15eb7fe5d02e7f2df14a530ff7e8b2819455cee3dddd84d718412dfd,93000,1,UpdatePublished,"{'model_id': 'model_mnist_784_noniid', 'round': 3, 'ticket_id': 196, 'cid': 'sha256:434ceb9d41dd4f926db6c2f0ca7cb899c9f6c31ca414bd4e10172d787cedda3d'}",mock
0x1862e5c2f1629c783d033d414d8fa0cce5b43773439c832f5cccc41852b99eee,86000,1,TicketReserved,"{'model_id': 'model_mnist_784_noniid', 'round': 3, 'ticket_id': 197, 'owner': 'acct_47'}",mock
0x0da44a2b2beb4b2acdcc350df83d3f3c3cf34b59b5dc03bf2990b795638c821e,93000,1,UpdatePublished,"{'model_id': 'model_mnist_784_noniid', 'round': 3, 'ticket_id': 197, 'cid': 'sha256:4f393c672ce595da8d3832056226c6a579323f128537c0176a8e5ae01bdb0660'}",mock
0x0dc95b03421d82e1c1e9df69cf85db5e41d351ac62354e1f6213173a3f1bafac,86000,1,TicketReserved,"{'model_id': 'model_mnist_784_noniid', 'round': 3, 'ticket_id': 198, 'owner': 'acct_48'}",mock
0xb5f3f52196e399ae142a8cd7ebade562893c92226f6439676718ba14f9f35cd3,93000,1,UpdatePublished,"{'model_id': 'model_mnist_784_noniid', 'round': 3, 'ticket_id': 198, 'cid': 'sha256:f034896d4d9b617e90a244c761965628b52f80471ccd377605b7f9f03c6fbcb2'}",mock
0x710304e9d02e2469db53eab5bb51c9ebf8f70f1f7799dd56f72f9fbe3cbfc428,86000,1,TicketReserved,"{'model_id': 'model_mnist_784_noniid', 'round': 3, 'ticket_id': 199, 'owner': 'acct_49'}",mock
0x927d6f3724b5e5ca12c8070475052bae4d393dd279728b0f769a9ec6c0ba63c6,93000,1,UpdatePublished,"{'model_id': 'model_mnist_784_noniid', 'round': 3, 'ticket_id': 199, 'cid': 'sha256:1e8755826484f632f9289c03810610b79c64378e61714098c484c687c99e790c'}",mock
0x8e2436e3cd87e82dffb733667bc674cdcb46f93cc65bad61efd2084955d18ba6,86000,1,TicketReserved,"{'model_id': 'model_mnist_784_noniid', 'round': 3, 'ticket_id': 200, 'owner': 'acct_50'}",mock
0xee544c2e0d6a8a6365e137ceab25c3633884d08c5aa026bfe871a2a0b220ecc0,93000,1,UpdatePublished,"{'model_id': 'model_mnist_784_noniid', 'round': 3, 'ticket_id': 200, 'cid': 'sha256:1cdf182618d71ae85592e729aec2ea93d361d2b9866ef02f917995e8efd60f18'}",mock
0x80fa9932a4ccbf64b65e4803bfd345dd1a90b0d7f523002e1f2877e10c011631,645000,1,RoundFinalized,"{'model_id': 'model_mnist_784_noniid', 'round': 3, 'included': 26, 'refunds': 26}",mock
0x534fa8afa5610ab4146e67acfb1da1e87951a5d567dd1aea2dc5dad7263666b3,52000,1,RoundFunded,"{'model_id': 'model_mnist_784_noniid', 'amount_wei': 10000000000000000}",mock
0x129e522a3bc5a641d8ff747fc88d0ee6f7cab7a5f06384074d420ff18d82da9a,86000,1,TicketReserved,"{'model_id': 'model_mnist_784_noniid', 'round': 4, 'ticket_id': 201, 'owner': 'acct_1'}",mock
0x74b381c24f26e8b066935f061b9cdd5a9e2121abee7450d07cc8adcbe2e7cc0c,93000,1,UpdatePublished,"{'model_id': 'model_mnist_784_noniid', 'round': 4, 'ticket_id': 201, 'cid': 'sha256:2d455b76319932050f8f2ad7c0936c1178732f21b79d8ca78e86ba0ec2f6768d'}",mock
0xfd3335aa32440ead23d4e90fbb26efcb6dc1362a564cf3821548f00033bb7933,86000,1,TicketReserved,"{'model_id': 'model_mnist_784_noniid', 'round': 4, 'ticket_id': 202, 'owner': 'acct_2'}",mock
0x562c1bd9d7a3e5dad182ba185a147908f88ebc31bad4b3bbe184eb7f0d8ccd56,93000,1,UpdatePublished,"{'model_id': 'model_mnist_784_noniid', 'round': 4, 'ticket_id': 202, 'cid': 'sha256:dcb75155a59909761fdfc36be47965a28edcc9b301a54abc407c6a70bd86839d'}",mock
0xc20481b39c88fa992dd9e524becd155809074005173469964526360372fd6534,86000,1,TicketReserved,"{'model_id': 'model_mnist_784_noniid', 'round': 4, 'ticket_id': 203, 'owner': 'acct_3'}",mock
0x6eeba97d48d8adbe338d16580bce2d07a0c28c708abb1bbaf802adbae18455a3,93000,1,UpdatePublished,"{'model_id': 'model_mnist_784_noniid', 'round': 4, 'ticket_id': 203, 'cid': 'sha256:f18159478168615b7166e8994e2d2d99c20fc2ffd2031906d086363109a18f52'}",mock
0x4ab6c29be301e6da75c201fb6beb595c1507867aeb0cb05499f18e9b506db01e,86000,1,TicketReserved,"{'model_id': 'model_mnist_784_noniid', 'round': 4, 'ticket_id': 204, 'owner': 'acct_4'}",mock
0x7d6c6da0c7a91be1408ef7c9badd6054e50cd1394b96f9a83e15e51f4eea72c3,93000,1,UpdatePublished,"{'model_id': 'model_mnist_784_noniid', 'round': 4, 'ticket_id': 204, 'cid': 'sha256:e9f7575454a49964a076d65bd6875965491f1a9270c6162a6a2e1b0d30e6d52e'}",mock
0xa2ebce57949f252faf419381b76f03e04873b659debb1a7a61d9e27466c19d49,86000,1,TicketReserved,"{'model_id': 'model_mnist_784_noniid', 'round': 4, 'ticket_id': 205, 'owner': 'acct_5'}",mock
0x1f40992cbf7c722070e555f6c40fe2f5899cc8d45c9db9d34de2e4880c7a1f92,93000,1,UpdatePublished,"{'model_id': 'model_mnist_784_noniid', 'round': 4, 'ticket_id': 205, 'cid': 'sha256:37895ad36913dd5f7fb586f2015b5f77af229190999da965f62449f9c8b38dd0'}",mock
0x62132be0f0ba7da9341fc5f4ebf96fde58cb24bf6442bd8f58e32c62917a130c,86000,1,TicketReserved,"{'model_id': 'model_mnist_784_noniid', 'round': 4, 'ticket_id': 206, 'owner': 'acct_6'}",mock
0xdf685c77ae89bc6bedf8ae66741f3bfcfbd352a17c7b14ab83b6462fdf339054,93000,1,UpdatePublished,"{'model_id': 'model_mnist_784_noniid', 'round': 4, 'ticket_id': 206, 'cid': 'sha256:7cde6d4af7629d3d3ad9c88cf753e74700da00ee1aeb2baab7313dc8ce5b4379'}",mock
0xe7868ee2efb2e5b9bc0c27a1ae3c4973e47161afb0a114c3a07a681ab5e7deca,86000,1,TicketReserved,"{'model_id': 'model_mnist_784_noniid', 'round': 4, 'ticket_id': 207, 'owner': 'acct_7'}",mock
0xf485821c06c94bf0ac018ebe52ca0a93d2831c2283f5b50bf500deea80b4425a,93000,1,UpdatePublished,"{'model_id': 'model_mnist_784_noniid', 'round': 4, 'ticket_id': 207, 'cid': 'sha256:15f7c14794c7cb4e0694d1920328f1379fa53f8ad9658087205ba0fdf5a02dbe'}",mock
0x941e7c0baff99ceab30c2c6e07be286de9641544914218dce1847a298449bfd9,86000,1,TicketReserved,"{'model_id': 'model_mnist_784_noniid', 'round': 4, 'ticket_id': 208, 'owner': 'acct_8'}",mock
0x80718e24aaa55af8968f996ab2a04a39de1c64172e9cc323ca6ba6ee97a07bdf,93000,1,UpdatePublished,"{'model_id': 'model_mnist_784_noniid', 'round': 4, 'ticket_id': 208, 'cid': 'sha256:0fd8a8be15a7ee4c680dc3ebac84b4560851d160491bb7bc43553915275a3faa'}",mock
0x0494654cd44a6d19f49be014512bf2b64ae9719557a776a665ebe26e09014ec0,86000,1,TicketReserved,"{'model_id': 'model_mnist_784_noniid', 'round': 4, 'ticket_id': 209, 'owner': 'acct_9'}",mock
0x8dc08fab64a983530702cd61113e926f8a71d7ec79ee6e664fd3652dba29ea93,93000,1,UpdatePublished,"{'model_id': 'model_mnist_784_noniid', 'round': 4, 'ticket_id': 209, 'cid': 'sha256:661effdb1317d613eba194dc7bb6b28c43c90f83572002aea2bd6dbad63d7525'}",mock
0x5ae16a2cf182c5f276ef2e6748c5a84fd93f8195cb021e932aca5c36c3c6dd6f,86000,1,TicketReserved,"{'model_id': 'model_mnist_784_noniid', 'round': 4, 'ticket_id': 210, 'owner': 'acct_10'}",mock
0xdff24e843d56e69d4d4b22b2e8fa2eeaf8a8f03794108b5bdd9927168839c5e2,93000,1,UpdatePublished,"{'model_id': 'model_mnist_784_noniid', 'round': 4, 'ticket_id': 210, 'cid': 'sha256:9f8359cd0ee275862af907c18519e3e0fc8ff9f53f4325729377712e5dd579c2'}",mock
0xa794b573c8dcc9fc01a00e33e73bd0c3d8be0443ea291d71e651d85afc6a2e9a,86000,1,TicketReserved,"{'model_id': 'model_mnist_784_noniid', 'round': 4, 'ticket_id': 211, 'owner': 'acct_11'}",mock
0xe47c8e3b1c3be22a2ef7fa98377be9cea9c321aef2bd41ea404023eaaee7e96a,93000,1,UpdatePublished,"{'model_id': 'model_mnist_784_noniid', 'round': 4, 'ticket_id': 211, 'cid': 'sha256:c5cb120bd396fe1e93733e6dbfc73cf5e7b374baaf5c95587286d633433a11e9'}",mock
0x82e932da8f15acedad70adca9b8429798f2772a7a5571230469ae44b8a8097d9,86000,1,TicketReserved,"{'model_id': 'model_mnist_784_noniid', 'round': 4, 'ticket_id': 212, 'owner': 'acct_12'}",mock
0xceb942e25d80a2809384ac516b558b5d71d518905fc9442affae23e2e89a59d3,93000,1,UpdatePublished,"{'model_id': 'model_mnist_784_noniid', 'round': 4, 'ticket_id': 212, 'cid': 'sha256:113eef572406623ab0df15a249bf5ec9d73be80b1eb6e2b2db4a6d6e00cfc49e'}",mock
0x3bfacbeb7e2ced671bcc8c88815613bf77c66239cd3f484f3dbcb5eb36ade8c5,86000,1,TicketReserved,"{'model_id': 'model_mnist_784_noniid', 'round': 4, 'ticket_id': 213, 'owner': 'acct_13'}",mock
0x37fbd27edf21202379689a9e7f1cc92bdaf86c6c93558d37f036d114c7ad35c7,93000,1,UpdatePublished,"{'model_id': 'model_mnist_784_noniid', 'round': 4, 'ticket_id': 213, 'cid': 'sha256:bd1b122246728a95dc26d3997af90046c20ef31239c92f958043ce702fcd7e76'}",mock
0x31cf59ed42d90e16c771c8200f4cdd727c0bb4f56aeaeb769e82504a3cfc1483,86000,1,TicketReserved,"{'model_id': 'model_mnist_784_noniid', 'round': 4, 'ticket_id': 214, 'owner': 'acct_14'}",mock
0x4f7f3e6f31a059ac55af67b1ce07607b9727e9ad9bf956f843bd0ae5a2834bd7,93000,1,UpdatePublished,"{'model_id': 'model_mnist_784_noniid', 'round': 4, 'ticket_id': 214, 'cid': 'sha256:8425ebd1e5c95ad7bfc1b860e2f142c4a349350c323d017da745e8103c4eb06f'}",mock
0x61f1d2ae324d5fd0a6463760ade21e8c55113753ed08fccfe5bab91c97ac3f91,86000,1,TicketReserved,"{'model_id': 'model_mnist_784_noniid', 'round': 4, 'ticket_id': 215, 'owner': 'acct_15'}",mock
0xc32805b26b8b43af00c68e478b2539e9949712cf68547d9b7a80ab4aa98b30e7,93000,1,UpdatePublished,"{'model_id': 'model_mnist_784_noniid', 'round': 4, 'ticket_id': 215, 'cid': 'sha256:0a0bb1b2e545d30b8c87bb56b2ac3ec9e7a5e8cb78dc8f8836d18e9b3e67678a'}",mock
0xaf8bc5341fdea00d9e3dcc125436dca4d6f5277152c98e6135d01e0a71e2e356,86000,1,TicketReserved,"{'model_id': 'model_mnist_784_noniid', 'round': 4, 'ticket_id': 216, 'owner': 'acct_16'}",mock
0x37395924f624f71b9bfb419be1c27af06a85567203d9a99b4efc514b8972a727,93000,1,UpdatePublished,"{'model_id': 'model_mnist_784_noniid', 'round': 4, 'ticket_id': 216, 'cid': 'sha256:8c92acc3083c334baa156cc1e8fef9ac2de5204414e02f499b3798f7e3968168'}",mock
0x7f703042f175b210369351084c0b7520468b1433b6240c8cad274ba6849e8330,86000,1,TicketReserved,"{'model_id': 'model_mnist_784_noniid', 'round': 4, 'ticket_id': 217, 'owner': 'acct_17'}",mock
0xdba94a38a3ff6477c50ae4a290b00c65bc07d487e39fec87e4fd79f78778454c,93000,1,UpdatePublished,"{'model_id': 'model_mnist_784_noniid', 'round': 4, 'ticket_id': 217, 'cid': 'sha256:58c7f4891393648cc39363184358e9b75e44c1c99a177289bb51836fb915c42e'}",mock
0x07aece86cb4c70c147cc6754ed2f1b9348a90f2617760e71bf070d7e15aecef3,86000,1,TicketReserved,"{'model_id': 'model_mnist_784_noniid', 'round': 4, 'ticket_id': 218, 'owner': 'acct_18'}",mock
0x77a298b8ab14d37abe1d87d2cd7a265cd83f1ba33c831eae0fbed6123d120e97,93000,1,UpdatePublished,"{'model_id': 'model_mnist_784_noniid', 'round': 4, 'ticket_id': 218, 'cid': 'sha256:78fc288058f06da990c2c9f0a898dcfb122ee4a81292996196834ad441e7788a'}",mock
0xb52bb6bb7183a626ac7969dfb8a8e4832819ab0e94b0057791826d7d64452c0b,86000,1,TicketReserved,"{'model_id': 'model_mnist_784_noniid', 'round': 4, 'ticket_id': 219, 'owner': 'acct_19'}",mock
0xc7b6e849cd52d68657bd329a6525ca78e60bebdb15ef2f057e36ce2a9b735dd1,93000,1,UpdatePublished,"{'model_id': 'model_mnist_784_noniid', 'round': 4, 'ticket_id': 219, 'cid': 'sha256:f5c6fcb5cb8235ff7c700e8fd74e218b959ffc749b73f8a28a199b37b62b17b4'}",mock
0x422058c5592b470fc0b4613a5798bbb0137495a5073a62ac9d2dc78377e5ee55,86000,1,TicketReserved,"{'model_id': 'model_mnist_784_noniid', 'round': 4, 'ticket_id': 220, 'owner': 'acct_20'}",mock
0x7395eb523c91459d7881a9a3eaf1b53d0fa63af0d39e1b5196360923301b0db6,93000,1,UpdatePublished,"{'model_id': 'model_mnist_784_noniid', 'round': 4, 'ticket_id': 220, 'cid': 'sha256:a3112b974989d840e7b3a8673102bfaa34a1e333f73083f7f6196baa1156d59f'}",mock
0x8336bc8b517a1f6acae0de0ebdea662c1f5ccacea176d2196b7355f2e69a72d2,86000,1,TicketReserved,"{'model_id': 'model_mnist_784_noniid', 'round': 4, 'ticket_id': 221, 'owner': 'acct_21'}",mock
0x0bbcc437ab6c26500a2b43f26779b7188553db16829d3d301508c0b8dfbcb3bc,93000,1,UpdatePublished,"{'model_id': 'model_mnist_784_noniid', 'round': 4, 'ticket_id': 221, 'cid': 'sha256:a35693ccc5584f95577f9e8e95335620896473bcaf20ee4d3c482f19bfbaabcc'}",mock
0xa1516702ea80fbf68a772f730f3e91d3e9fcd7b81116bc0b762a6441cc06bdb5,86000,1,TicketReserved,"{'model_id': 'model_mnist_784_noniid', 'round': 4, 'ticket_id': 222, 'owner': 'acct_22'}",mock
0x09bc23cfa6ca78671049ff5ca42e36eba3bc57d57a8735781676ec8069d32898,93000,1,UpdatePublished,"{'model_id': 'model_mnist_784_noniid', 'round': 4, 'ticket_id': 222, 'cid': 'sha256:bf202463a266844bea749ed7dc4a1a39570c2008185e66a83ea3fec0453582aa'}",mock
0x220464d5803f553741576f69b333b385325ff7ef71b5589f902ac2ea076779ad,86000,1,TicketReserved,"{'model_id': 'model_mnist_784_noniid', 'round': 4, 'ticket_id': 223, 'owner': 'acct_23'}",mock
0x58c53ed092cdf422371bdd80e5caaa89252fdf67bb0f530b6ae74af18dfeb11a,93000,1,UpdatePublished,"{'model_id': 'model_mnist_784_noniid', 'round': 4, 'ticket_id': 223, 'cid': 'sha256:0fc8e4b5dba1f0de75aa4eccd21665136c7f029805be089fcaaad4f4678acf12'}",mock
0xcd994ec52ee2129e63276255dafacf2c2039fcd89a16f508e464fa672e30ecce,86000,1,TicketReserved,"{'model_id': 'model_mnist_784_noniid', 'round': 4, 'ticket_id': 224, 'owner': 'acct_24'}",mock
0x37725a0b30d19fa9636d6c2d2ce7bf40827b5eb50328de7db583409b3c0ff226,93000,1,UpdatePublished,"{'model_id': 'model_mnist_784_noniid', 'round': 4, 'ticket_id': 224, 'cid': 'sha256:0af2b6bfeca93ad664063276c196811888ccbef2e19079d76a3faae7a13a90be'}",mock
0xf4f5a813986c98a9c58975b47b6cf810d2d75fd2c747872edb2582aaf8568197,86000,1,TicketReserved,"{'model_id': 'model_mnist_784_noniid', 'round': 4, 'ticket_id': 225, 'owner': 'acct_25'}",mock
0xbd925d6d52ebc6ed901b48380c5684ff6ab9804fd46a7110fee3fe4774875944,93000,1,UpdatePublished,"{'model_id': 'model_mnist_784_noniid', 'round': 4, 'ticket_id': 225, 'cid': 'sha256:e147ddb898a177d86ecf9fc8e8990972992e34b7daa17d9c8d0126da84da209c'}",mock
0xebab9f8fc9a9b04f59f7722010ece1d90d0defb221904f2dccb7884ed9202fae,86000,1,TicketReserved,"{'model_id': 'model_mnist_784_noniid', 'round': 4, 'ticket_id': 226, 'owner': 'acct_26'}",mock
0x99d0491538b4cda366292566555f7d4232dde75cb4d28d7ae472b1b7496055a4,93000,1,UpdatePublished,"{'model_id': 'model_mnist_784_noniid', 'round': 4, 'ticket_id': 226, 'cid': 'sha256:db6d978483036eb7834a3153d877c707f86f1fadb60f0c7b2310423a2a2c9791'}",mock
0x1c78d2cc36cb79666b5d62ce4291bf638238df53435567f213f2621c96bf2910,86000,1,TicketReserved,"{'model_id': 'model_mnist_784_noniid', 'round': 4, 'ticket_id': 227, 'owner': 'acct_27'}",mock
0x45a2f2276983ce55b8ba8ea9a1ab905e115e05aa8484c1314b8338fdd6b505e8,93000,1,UpdatePublished,"{'model_id': 'model_mnist_784_noniid', 'round': 4, 'ticket_id': 227, 'cid': 'sha256:b191a88d511d262750177c3308c71bfa5c0b415042db1aab9b589d6dcd9ff642'}",mock
0xcc37a9604e7edcf3a7ee81eebf47706dbd8a1ebfe05d18ce4a2e55d17177a389,86000,1,TicketReserved,"{'model_id': 'model_mnist_784_noniid', 'round': 4, 'ticket_id': 228, 'owner': 'acct_28'}",mock
0x2d8dfbbc4c290e202b9288b77facc041167c21ca2a66794368aff363adfea9f3,93000,1,UpdatePublished,"{'model_id': 'model_mnist_784_noniid', 'round': 4, 'ticket_id': 228, 'cid': 'sha256:05bc2d8afe76ae6c996acf63b791653930364f16c6928ceab593cc8031d624c7'}",mock
0xb2efaaac0dbd54f5b5ff19f44d78c858403f3f8e812f3fd398018ab7e58240e8,86000,1,TicketReserved,"{'model_id': 'model_mnist_784_noniid', 'round': 4, 'ticket_id': 229, 'owner': 'acct_29'}",mock
0x68540c1f4b13062d2598a422d4c46f5804260231b14c432f84ffc7470f805a85,93000,1,UpdatePublished,"{'model_id': 'model_mnist_784_noniid', 'round': 4, 'ticket_id': 229, 'cid': 'sha256:2ac3d80a3706b9395601e1d898d53af8a24f5fdd6f002afa670530ecdd08646e'}",mock
0x344709ec6f4adefc77231fbdf10c8003dab76d77cdf1ed8f7b8e89dd518bfae6,86000,1,TicketReserved,"{'model_id': 'model_mnist_784_noniid', 'round': 4, 'ticket_id': 230, 'owner': 'acct_30'}",mock
0x87502b3ca4ffe10c91280f496b9a4ae471295827402da0f34ced8bf933fbf605,93000,1,UpdatePublished,"{'model_id': 'model_mnist_784_noniid', 'round': 4, 'ticket_id': 230, 'cid': 'sha256:c9f62a1a89062941adc50fbdcb2e7665d84d5549ce3be322f209d12b6e083b0a'}",mock
0x772a9504103a86477c35de45218d9f49b08e4ac735129d9284f68a43622bb12d,86000,1,TicketReserved,"{'model_id': 'model_mnist_784_noniid', 'round': 4, 'ticket_id': 231, 'owner': 'acct_31'}",mock
0xb22538fb46345a978efac7c51cee4d49ecfa1ab71ded61545256994d7e1a47a8,93000,1,UpdatePublished,"{'model_id': 'model_mnist_784_noniid', 'round': 4, 'ticket_id': 231, 'cid': 'sha256:315fde234211f07d048a00f0c3c6c4c166891d71d065ec964c04aa43c4319410'}",mock
0xd3e0b6383006e1d002be25413a0e92653b47df5ed68113599b96c1061eacc5b1,86000,1,TicketReserved,"{'model_id': 'model_mnist_784_noniid', 'round': 4, 'ticket_id': 232, 'owner': 'acct_32'}",mock
0xe1b7d3a779ebd6357ae49cabc96f10cf38b3e3fa9eb2b507c93c63b5f43f6d35,93000,1,UpdatePublished,"{'model_id': 'model_mnist_784_noniid', 'round': 4, 'ticket_id': 232, 'cid': 'sha256:4833a75d5e9c52cc25ab6334bc1c8621d732a1bace2884e1325ab301855cdf93'}",mock
0xfa3998bfec6d0492b5e1ad892b07935086bb41b1c56a8ec9fe362ba20d2d67c8,86000,1,TicketReserved,"{'model_id': 'model_mnist_784_noniid', 'round': 4, 'ticket_id': 233, 'owner': 'acct_33'}",mock
0x07a14dc910fc1892a362e071e10c778e3a0e0b9b6280910aa1e1a90ceba823dc,93000,1,UpdatePublished,"{'model_id': 'model_mnist_784_noniid', 'round': 4, 'ticket_id': 233, 'cid': 'sha256:cc5b4ef8d8f6f18e314d61b4c2a6d80f98693624350c31588e2046062f0af2c1'}",mock
0x6f1c94d115b72c0c0ad2c8b9d1e5ec540d4a59d7a35b49635be0f26d2fd7668f,86000,1,TicketReserved,"{'model_id': 'model_mnist_784_noniid', 'round': 4, 'ticket_id': 234, 'owner': 'acct_34'}",mock
0xf2e04d51326e7b2a184222ed8f71ebd2175a859aa798fca4480a638454704918,93000,1,UpdatePublished,"{'model_id': 'model_mnist_784_noniid', 'round': 4, 'ticket_id': 234, 'cid': 'sha256:12bc28ce938d860a09181db2145d9aad196f3878844d2f7aeec7e53ca54419c0'}",mock
0xd4e6151933fc75ebae9c0c189c6a37fd566179f92e24fd1466277bb31f2fd6e7,86000,1,TicketReserved,"{'model_id': 'model_mnist_784_noniid', 'round': 4, 'ticket_id': 235, 'owner': 'acct_35'}",mock
0x041e2f35482b2c262a7bb1c225a440dc6e9bb267bb83b6a6efd8b73c1d572808,93000,1,UpdatePublished,"{'model_id': 'model_mnist_784_noniid', 'round': 4, 'ticket_id': 235, 'cid': 'sha256:ee8295fca2dbe945fca7b459782d3ecb71fb4bf34fed4f87670b5a45475ee67f'}",mock
0xef01c63110e0c493c10ec9475e1c2aea92f7a2e34ec7e0db4e810698be25a29c,86000,1,TicketReserved,"{'model_id': 'model_mnist_784_noniid', 'round': 4, 'ticket_id': 236, 'owner': 'acct_36'}",mock
0xaccdedbef5cbd0e475b530599bbd150c1aaceb6ae4da5105ed6c7e4bac1e06f6,93000,1,UpdatePublished,"{'model_id': 'model_mnist_784_noniid', 'round': 4, 'ticket_id': 236, 'cid': 'sha256:4b017a02e05ce367b379482e6aca766d884863542027047ebdd07110075d3248'}",mock
0xe9f67c46ef6367fd825d79fb37616ff7755f8cf1a13dd1e487645cb899dc17cd,86000,1,TicketReserved,"{'model_id': 'model_mnist_784_noniid', 'round': 4, 'ticket_id': 237, 'owner': 'acct_37'}",mock
0xc3065beb60ac4a3364f41b819621103d1e65c0f11ba9ff0561d05ead25e5c64a,93000,1,UpdatePublished,"{'model_id': 'model_mnist_784_noniid', 'round': 4, 'ticket_id': 237, 'cid': 'sha256:4a7120aaeb983c7292fdaf0dbd99ac36432df629674caf929fed6ef17b34ae19'}",mock
0x139fea1579bb1a505012aab14412422e618ab551c2213773d1f78e895c13bcdf,86000,1,TicketReserved,"{'model_id': 'model_mnist_784_noniid', 'round': 4, 'ticket_id': 238, 'owner': 'acct_38'}",mock
0x2151039786c80965b427b3d805c60548a73bd4cb4fd5d83a8ed4a2e1e22e0ee0,93000,1,UpdatePublished,"{'model_id': 'model_mnist_784_noniid', 'round': 4, 'ticket_id': 238, 'cid': 'sha256:634269928ec23d797ec00ec98d75066cb7171a8956b4e421ce158003d7d0eaa3'}",mock
0x10b2bc348e632e963e00cfb9955a740fbb5fe9aeac5ecdbbf5ede8e54142ed0e,86000,1,TicketReserved,"{'model_id': 'model_mnist_784_noniid', 'round': 4, 'ticket_id': 239, 'owner': 'acct_39'}",mock
0x43a1f5acc98a7afca6a17d9ad74125b5ffb71c2c113d3faf92166515326d38fe,93000,1,UpdatePublished,"{'model_id': 'model_mnist_784_noniid', 'round': 4, 'ticket_id': 239, 'cid': 'sha256:111e437d39c690db3b2b6871a01cbebbbeded8ef4a832851b68ff6caf22ce4f0'}",mock
0xf94c8b315049898c5b3fd88967b4ea4c390716fa5a41eaca52a848f96a9e8472,86000,1,TicketReserved,"{'model_id': 'model_mnist_784_noniid', 'round': 4, 'ticket_id': 240, 'owner': 'acct_40'}",mock
0x3bb09232b377dc43d8e7a7b33f9dcc20d63ceee48f3e03bcd92a91a1a30e2658,93000,1,UpdatePublished,"{'model_id': 'model_mnist_784_noniid', 'round': 4, 'ticket_id': 240, 'cid': 'sha256:dc2b9830233d1f3da27c1c0eac0119011e3dd1f56a048492115b1d681b0b347c'}",mock
0x590c3f64be6c1c3d0845241946e7e349e50cc9a258394e5aed35335e8604a9b9,86000,1,TicketReserved,"{'model_id': 'model_mnist_784_noniid', 'round': 4, 'ticket_id': 241, 'owner': 'acct_41'}",mock
0x87cdf931182fa46d563cf493e5254e53de78afc3d1df84f63a7d9992d4ec52b7,93000,1,UpdatePublished,"{'model_id': 'model_mnist_784_noniid', 'round': 4, 'ticket_id': 241, 'cid': 'sha256:067bac2a9e594c6b26332131b62caa68777fcd39bb3060ff1d50c5a83bd7b33a'}",mock
0xb3f55713dd22b0cad445f55bd3dd8170b593e733d4b2a4803da8c15dbbf66908,86000,1,TicketReserved,"{'model_id': 'model_mnist_784_noniid', 'round': 4, 'ticket_id': 242, 'owner': 'acct_42'}",mock
0x874a55c6eb81ae7f065eb119cf0932492fd85d681663d26367fe2b4da5912deb,93000,1,UpdatePublished,"{'model_id': 'model_mnist_784_noniid', 'round': 4, 'ticket_id': 242, 'cid': 'sha256:1b68776b1bb2b540e460066ab684d94326ac1749d965e353f8792b70b2575587'}",mock
0x556b616778d72dabe8ac78e8014041b63995f103d7025252db5cf8365ddae9c5,86000,1,TicketReserved,"{'model_id': 'model_mnist_784_noniid', 'round': 4, 'ticket_id': 243, 'owner': 'acct_43'}",mock
0x09151b039035e388cbc552d51f6b707816abfcf2f6c43253aa3d0fa8205e4f6c,93000,1,UpdatePublished,"{'model_id': 'model_mnist_784_noniid', 'round': 4, 'ticket_id': 243, 'cid': 'sha256:253627644fb0c23580382ae1910d9cac7a49b29ac019954b29d9757778daf679'}",mock
0x8d56965f79f42b3ee469f3fc3266be6ab20c08a6fbc8d095667adb03a751e7a7,86000,1,TicketReserved,"{'model_id': 'model_mnist_784_noniid', 'round': 4, 'ticket_id': 244, 'owner': 'acct_44'}",mock
0x28cb86ed698cb4ecc4770377cec570fbc92c2a564f365122a237b019e9f44a87,93000,1,UpdatePublished,"{'model_id': 'model_mnist_784_noniid', 'round': 4, 'ticket_id': 244, 'cid': 'sha256:accfb52838acd2a35452468e848b6367a309ede6aea394526439ebe4af9ce51b'}",mock
0x094000eb4f4bbbfa765d1cc441410fc9c4bb96fa0f9ab052bf31e3e97df577e8,86000,1,TicketReserved,"{'model_id': 'model_mnist_784_noniid', 'round': 4, 'ticket_id': 245, 'owner': 'acct_45'}",mock
0xcd901440fcd9252329b492a13baba6513c633351acccef08bc6cd34aaf1ebcfa,93000,1,UpdatePublished,"{'model_id': 'model_mnist_784_noniid', 'round': 4, 'ticket_id': 245, 'cid': 'sha256:625ecad39d47434668c6c300caecaec0984b1ceb9290cfdf62e64096ec994fe7'}",mock
0x748401eca7f61af43b619f092ab4f700a57337f94358c8a97d1d23f0896f0631,86000,1,TicketReserved,"{'model_id': 'model_mnist_784_noniid', 'round': 4, 'ticket_id': 246, 'owner': 'acct_46'}",mock
0x664d9a6907e8a78c2dd20d745079422847abd96d91dec90f16923c45f34537c0,93000,1,UpdatePublished,"{'model_id': 'model_mnist_784_noniid', 'round': 4, 'ticket_id': 246, 'cid': 'sha256:56b9e0e2de3969d5154dcf89c7cee563d58fb8e21f2b7d00bb055c1158895205'}",mock
0x94c172aa106886a4d7bd98f181648a91811c338cfe7c0908c8de2ed06339e435,86000,1,TicketReserved,"{'model_id': 'model_mnist_784_noniid', 'round': 4, 'ticket_id': 247, 'owner': 'acct_47'}",mock
0xcb4255c98cca929144689b9f6ca0b7a4d4427afab577f713a9a35b544013a053,93000,1,UpdatePublished,"{'model_id': 'model_mnist_784_noniid', 'round': 4, 'ticket_id': 247, 'cid': 'sha256:d9c065f85ba823a3d21a751bd183f21c9145af74b77cea16d67d5d910520d7a3'}",mock
0x93a9235022054d48acaf19513371647b9ad191177f698efcfe427a8079cb960d,86000,1,TicketReserved,"{'model_id': 'model_mnist_784_noniid', 'round': 4, 'ticket_id': 248, 'owner': 'acct_48'}",mock
0x29674baf553cd21818a88151ae3af7bc1c010ad14f5de02efe32ff1d777d1ac7,93000,1,UpdatePublished,"{'model_id': 'model_mnist_784_noniid', 'round': 4, 'ticket_id': 248, 'cid': 'sha256:f53f7f184dffbdf310ae393b5c700fee0e1e23eaad8b2a14d70056d57fab1397'}",mock
0xba97cb3b69e123e4bfa451be5690a7a079ab2a092e5d6e6a4e2e5ccfeae11cbe,86000,1,TicketReserved,"{'model_id': 'model_mnist_784_noniid', 'round': 4, 'ticket_id': 249, 'owner': 'acct_49'}",mock
0xb041bc737b01485cbf41abf6cf34699167cb367747d8466299c2ffde26996d19,93000,1,UpdatePublished,"{'model_id': 'model_mnist_784_noniid', 'round': 4, 'ticket_id': 249, 'cid': 'sha256:6cf073e3cb6d9686de234db9e2afa8e4b0aa47eb265b869da41731845e3c1f51'}",mock
0x0a42ad5c30ecf923b611cf9b01035244a365dbd90500631ffacc908eac83c452,86000,1,TicketReserved,"{'model_id': 'model_mnist_784_noniid', 'round': 4, 'ticket_id': 250, 'owner': 'acct_50'}",mock
0xdf7289751ae2395bb13e87819c168faa268b79659882ea8fbb7baef28bce86d1,93000,1,UpdatePublished,"{'model_id': 'model_mnist_784_noniid', 'round': 4, 'ticket_id': 250, 'cid': 'sha256:1328bcd92efef0b5a5287038cbe252a7e2c39cccf46060277376a4ce6abc6994'}",mock
0x831bebfc74b819a5116ff4ce97ee810ba378d32f2f7c6b8edc9fc08913d2f946,665000,1,RoundFinalized,"{'model_id': 'model_mnist_784_noniid', 'round': 4, 'included': 27, 'refunds': 27}",mock
0x6058baba6cea1a93719590739b7c1fd019c7b3ef08377697ebccc4d8b5d707bc,52000,1,RoundFunded,"{'model_id': 'model_mnist_784_noniid', 'amount_wei': 10000000000000000}",mock
0xc0050100527a3e2756d4d7f7fe04f94b0c0f4899d67eb2e2f2a0fb95c39f927a,86000,1,TicketReserved,"{'model_id': 'model_mnist_784_noniid', 'round': 5, 'ticket_id': 251, 'owner': 'acct_1'}",mock
0x7243e770216c2ab64a1212f773fbbf1f6fd0c58d568ac65e342fdaf6f58d4bb6,93000,1,UpdatePublished,"{'model_id': 'model_mnist_784_noniid', 'round': 5, 'ticket_id': 251, 'cid': 'sha256:7f3ca3b9dff5fc2bb8db24a8fa9d60edfcea013c87a2752bdf7bee1e7ab41324'}",mock
0x2a39471e69de12fa1799a8c0758288f9ac3ce05d13e8bc5c6aca4ca5e407ff53,86000,1,TicketReserved,"{'model_id': 'model_mnist_784_noniid', 'round': 5, 'ticket_id': 252, 'owner': 'acct_2'}",mock
0x1989b4684b196825993e97dfe36828af0231c3f3d32f3c31ab1341ebd79416f3,93000,1,UpdatePublished,"{'model_id': 'model_mnist_784_noniid', 'round': 5, 'ticket_id': 252, 'cid': 'sha256:c4c7d432262f9a8c62a17fd55c0157e92f5dff8eb0d671ec8610add2cedea6dc'}",mock
0x0913ea11a8c326bd078c1a45601a2908b1d3c4615d1dd950d2f5cea2911df06b,86000,1,TicketReserved,"{'model_id': 'model_mnist_784_noniid', 'round': 5, 'ticket_id': 253, 'owner': 'acct_3'}",mock
0x5a3e84f269c0f13ac869c424ab911906f1b441a9a401071cc6bd669383c8b8be,93000,1,UpdatePublished,"{'model_id': 'model_mnist_784_noniid', 'round': 5, 'ticket_id': 253, 'cid': 'sha256:b3e643f9ddaf78b77e78ce05433af13a413e5b82225679a671bc2f579b63042c'}",mock
0x15285eb888b791578ecaa665ede32eeb3ce1c8dc1b7544c057658657d3a358cc,86000,1,TicketReserved,"{'model_id': 'model_mnist_784_noniid', 'round': 5, 'ticket_id': 254, 'owner': 'acct_4'}",mock
0xe016ee42a98e227d8d1b1b262ee02ff435781931e584211967e7f6435c560d66,93000,1,UpdatePublished,"{'model_id': 'model_mnist_784_noniid', 'round': 5, 'ticket_id': 254, 'cid': 'sha256:01bf1796d3ad763de43fa18c9029056ea9765b3cdfbe4fc7df4de0c05bc2458d'}",mock
0xb6d3958c3971cff3faac4cfb4178ee8d9e8d1485fa13acdcbc3d7b5c3d58c3da,86000,1,TicketReserved,"{'model_id': 'model_mnist_784_noniid', 'round': 5, 'ticket_id': 255, 'owner': 'acct_5'}",mock
0x72f207708134d5e0d673a540c66718ff5688a5e0b495fca8a047232963aee76e,93000,1,UpdatePublished,"{'model_id': 'model_mnist_784_noniid', 'round': 5, 'ticket_id': 255, 'cid': 'sha256:b47c8571bc168afdcf8b23307deb3773f24524b2c5cdbccb21b3b2089ec48a8a'}",mock
0x271cdc0bb8d4062060dab12e5c09380939992f79a6e5b90c8ab5dc03e6752cd5,86000,1,TicketReserved,"{'model_id': 'model_mnist_784_noniid', 'round': 5, 'ticket_id': 256, 'owner': 'acct_6'}",mock
0x72bcf51752177f0555cb9807124081042cd1c1bb0a0b84c25be7bc2a3b93da8c,93000,1,UpdatePublished,"{'model_id': 'model_mnist_784_noniid', 'round': 5, 'ticket_id': 256, 'cid': 'sha256:380cc6f07ee91e671f970a3c40ab14fe163eb688da69b8d2b9c635cf77fcce89'}",mock
0x5725b4978050988ca6fbb734c1e3ab73c52169de0ab35b46597c660fb58d26c0,86000,1,TicketReserved,"{'model_id': 'model_mnist_784_noniid', 'round': 5, 'ticket_id': 257, 'owner': 'acct_7'}",mock
0x4f8e1fad94ed6e76af5f91ea121228f114d39f71bb48ab52d370ff8872396a39,93000,1,UpdatePublished,"{'model_id': 'model_mnist_784_noniid', 'round': 5, 'ticket_id': 257, 'cid': 'sha256:e499d8c4ea92184948da6f87ca9d618547bb79949f938240265f4e0b44334b11'}",mock
0xd29254a71ab7da7f219fe2cfec8be840492536a6970dd6d534078e076cd8d79f,86000,1,TicketReserved,"{'model_id': 'model_mnist_784_noniid', 'round': 5, 'ticket_id': 258, 'owner': 'acct_8'}",mock
0x1c5c3add76173bcfa393b9c3ca2c3579ff7a61c5499c6c17152235becc246d5e,93000,1,UpdatePublished,"{'model_id': 'model_mnist_784_noniid', 'round': 5, 'ticket_id': 258, 'cid': 'sha256:24cd4f5cea7cb6b2932a65c83f44244d13f5abf6f390767e1e5a9f01e7cf0319'}",mock
0x7fffa8f54aa81aa0289cbb4de7b446822d6774956e30927a426c9bb866ebcc2e,86000,1,TicketReserved,"{'model_id': 'model_mnist_784_noniid', 'round': 5, 'ticket_id': 259, 'owner': 'acct_9'}",mock
0x6ba5fdcc065901bcc0b331478de2ee1ddcdf879444f763670ca5f2322134488e,93000,1,UpdatePublished,"{'model_id': 'model_mnist_784_noniid', 'round': 5, 'ticket_id': 259, 'cid': 'sha256:22c5d5d08f2ded434642bc185d6f83d074196c2f9d3bb839bb50d93d994a031f'}",mock
0xa7113a2014231a416c0b9e1c6c92a5c1fd6720a8a41bcce43b91aeda8f2c9fb1,86000,1,TicketReserved,"{'model_id': 'model_mnist_784_noniid', 'round': 5, 'ticket_id': 260, 'owner': 'acct_10'}",mock
0x0010d0a4a8457ad9af0f4443136b953fa517cd9617ac02a39d614916d11990e4,93000,1,UpdatePublished,"{'model_id': 'model_mnist_784_noniid', 'round': 5, 'ticket_id': 260, 'cid': 'sha256:af52c9eec75a7a268b9d3585f3be664a28695543e6b1564707c446f28ceb4f49'}",mock
0xb482e55ea948b2347b8b49be36c17ae00fd7af4da7f5fee03ab360ec1433e397,86000,1,TicketReserved,"{'model_id': 'model_mnist_784_noniid', 'round': 5, 'ticket_id': 261, 'owner': 'acct_11'}",mock
0xb1b29fb428f169b0b09c4c93b32323911a294ae4228d60ad75583c8cdf2e1c78,93000,1,UpdatePublished,"{'model_id': 'model_mnist_784_noniid', 'round': 5, 'ticket_id': 261, 'cid': 'sha256:d17cddb8cf85b590898be505ccd093bad8c4636e345a9a84adba37adb7fd735d'}",mock
0xf47ce31ba19a7b444fdedc964d4fd14365e8c520d7eb0995ad0e8f9ce0ab1ecc,86000,1,TicketReserved,"{'model_id': 'model_mnist_784_noniid', 'round': 5, 'ticket_id': 262, 'owner': 'acct_12'}",mock
0x2261361b13c95aa0090f52530f48030ffb0f06805a605f0c2c2f063bdfed7651,93000,1,UpdatePublished,"{'model_id': 'model_mnist_784_noniid', 'round': 5, 'ticket_id': 262, 'cid': 'sha256:8f169640a90ad44846c04ffea5b6cd1269939b9d2ac837761a986b2d696cc2a2'}",mock
0x8115d84c0fef8a73069447c110df5c112b15652cb5fad42907ab123a2af92072,86000,1,TicketReserved,"{'model_id': 'model_mnist_784_noniid', 'round': 5, 'ticket_id': 263, 'owner': 'acct_13'}",mock
0xe7d4a48b156a4547030ecf3e6ee8ea0715d87f89bc9ab65dbf835906f768e261,93000,1,UpdatePublished,"{'model_id': 'model_mnist_784_noniid', 'round': 5, 'ticket_id': 263, 'cid': 'sha256:5599719e66d7922f4aeb35d2a35d4108500d7e10bcdef54439372f0ced9f3630'}",mock
0x22f0fa806f5de28a94a38f87b1ee86504ee79fa348b99990df0713d9792c3bcb,86000,1,TicketReserved,"{'model_id': 'model_mnist_784_noniid', 'round': 5, 'ticket_id': 264, 'owner': 'acct_14'}",mock
0xde3c84e54d0f301f2541402b0eaa61610446ab64d5cf9b92532d644867b1465f,93000,1,UpdatePublished,"{'model_id': 'model_mnist_784_noniid', 'round': 5, 'ticket_id': 264, 'cid': 'sha256:a66f669acaba20f91bb93b15277c83bcc25ccd7376e95caadb878a309dbf01b9'}",mock
0x8992f11a57c8dff5b6b9bc99fa4cd5275cfbd2193b889406b8a6f21318aaad3d,86000,1,TicketReserved,"{'model_id': 'model_mnist_784_noniid', 'round': 5, 'ticket_id': 265, 'owner': 'acct_15'}",mock
0xe0f8d2b0a7a92c1a661b9fe7a34e03ab3b4fd3101907ff02bf28aeee71453dfe,93000,1,UpdatePublished,"{'model_id': 'model_mnist_784_noniid', 'round': 5, 'ticket_id': 265, 'cid': 'sha256:6ff2c642424ab81996ead3971ee5e7a1b5ec3a660b311dfa7093641ef7ab3768'}",mock
0x5db52e1e97828e468b10a943ca4df9217cd99d7f64164fb4eee141c69014c979,86000,1,TicketReserved,"{'model_id': 'model_mnist_784_noniid', 'round': 5, 'ticket_id': 266, 'owner': 'acct_16'}",mock
0xa6029c00d25a69a449cc6d3f9a737316c3c8cc824cf4aad5e17b09a2a6318b3f,93000,1,UpdatePublished,"{'model_id': 'model_mnist_784_noniid', 'round': 5, 'ticket_id': 266, 'cid': 'sha256:7d86a8660f459bee6b77213c59a6721c5ab3f47c35ef203285adc4c610e457a4'}",mock
0x17cd7792c32046240e1efcf612842c8a9b6159eb64960f0e6be7643f09fab978,86000,1,TicketReserved,"{'model_id': 'model_mnist_784_noniid', 'round': 5, 'ticket_id': 267, 'owner': 'acct_17'}",mock
0x2c079406821538168ec55d1ec53563ea57d3c1925e962e81ab62252388104efe,93000,1,UpdatePublished,"{'model_id': 'model_mnist_784_noniid', 'round': 5, 'ticket_id': 267, 'cid': 'sha256:419f9d62f48fed52aea50aef8a31f1e0355396ed6d78663db23b1962ea09cd75'}",mock
0xef3fc5eb5fdf92eece8095d35cbb60e058ccde55384617e297ef71c21d84d36b,86000,1,TicketReserved,"{'model_id': 'model_mnist_784_noniid', 'round': 5, 'ticket_id': 268, 'owner': 'acct_18'}",mock
0xf96224e695290078b4b1319a4de04c2eab72a9e221da37fc1632582da113c945,93000,1,UpdatePublished,"{'model_id': 'model_mnist_784_noniid', 'round': 5, 'ticket_id': 268, 'cid': 'sha256:8705db557d0a7c7939c6e1370e20492ce98907ac31588a59772d2764f6af83e1'}",mock
0xd5fa582d84d523bdb3afd204b93e6245dcca7df8ca442441aebbcecb0d6b9e58,86000,1,TicketReserved,"{'model_id': 'model_mnist_784_noniid', 'round': 5, 'ticket_id': 269, 'owner': 'acct_19'}",mock
0x234a193526aa79fcd1f83ab8b762cf733451e6f86f65b4b6229f25775ea95d69,93000,1,UpdatePublished,"{'model_id': 'model_mnist_784_noniid', 'round': 5, 'ticket_id': 269, 'cid': 'sha256:78be11b641f6ec424301dc8f698fc11e5059888b67964236d6797f1c7de1f633'}",mock
0x859142a42aafdad4fe5c45987572236365726b9dca19e3bc39daec096029aa1b,86000,1,TicketReserved,"{'model_id': 'model_mnist_784_noniid', 'round': 5, 'ticket_id': 270, 'owner': 'acct_20'}",mock
0x2a47107210af9f9c6a9899e559982bad3f4f9507a75fd38b6b78ecb5b4d151ac,93000,1,UpdatePublished,"{'model_id': 'model_mnist_784_noniid', 'round': 5, 'ticket_id': 270, 'cid': 'sha256:4327df25e634c716e3a130a9c2519281485222a578297614d80e089ed94be1a7'}",mock
0x763697eb29755e94b779e258c0fc80c0d5ff8c1627771e501d1d775280df4b48,86000,1,TicketReserved,"{'model_id': 'model_mnist_784_noniid', 'round': 5, 'ticket_id': 271, 'owner': 'acct_21'}",mock
0xc8a06c99b0c47969b62210eea366d78517feeb4eb13c94b999bf3ce57885d80e,93000,1,UpdatePublished,"{'model_id': 'model_mnist_784_noniid', 'round': 5, 'ticket_id': 271, 'cid': 'sha256:ffd3143fe0b15242859e8c14e4e7e3dfcd2fd41ead99e4b312bb8964d02e80ad'}",mock
0x4f0e288fcc2707488381185b4af87d780db46a97ab4dd2e28989a2d1953454fe,86000,1,TicketReserved,"{'model_id': 'model_mnist_784_noniid', 'round': 5, 'ticket_id': 272, 'owner': 'acct_22'}",mock
0xd8b964bdaa30f49b3b9719fd045808a1b7f66476c6b492405a477934a4f55b44,93000,1,UpdatePublished,"{'model_id': 'model_mnist_784_noniid', 'round': 5, 'ticket_id': 272, 'cid': 'sha256:5d933f63e63fabdcb94e20b50ba55d5e9ba6e84a7ff2757ea3b4f2f8d722beb7'}",mock
0x2c7437fb891255d6ec3c14d48564db4d71789be9d201de7aef3d0b9f3a372140,86000,1,TicketReserved,"{'model_id': 'model_mnist_784_noniid', 'round': 5, 'ticket_id': 273, 'owner': 'acct_23'}",mock
0xef03d56de391014b29f751d4e1fcfd14ecc87c2cd8f0f883f88c35fbfac2abde,93000,1,UpdatePublished,"{'model_id': 'model_mnist_784_noniid', 'round': 5, 'ticket_id': 273, 'cid': 'sha256:b380ea7ab65c5d3ae56ac2c8f6791d95cfa006cc9e008d1f05a8fcc5b61794e1'}",mock
0x05bfd4b2fd69ceafd4277e3ef682f624a523b19609c37d9056aa6a5aa95bdb46,86000,1,TicketReserved,"{'model_id': 'model_mnist_784_noniid', 'round': 5, 'ticket_id': 274, 'owner': 'acct_24'}",mock
0x6d65d32f42901693ef60a1817809dbd4409937552d9fbb7b5f94ce724529d84f,93000,1,UpdatePublished,"{'model_id': 'model_mnist_784_noniid', 'round': 5, 'ticket_id': 274, 'cid': 'sha256:a45b05beaa7b83519a85119e9e97d8a99abef8e20959fb7b6ecd48d311627e57'}",mock
0xa1fec38e31ffcf2a7fa5cf36fe18cbd3b9f28c5f801aa5bc00073f859d337dc3,86000,1,TicketReserved,"{'model_id': 'model_mnist_784_noniid', 'round': 5, 'ticket_id': 275, 'owner': 'acct_25'}",mock
0xb7208616797989f8d29193438aebda77527765fd4245f13455fb9ed4e014e5fd,93000,1,UpdatePublished,"{'model_id': 'model_mnist_784_noniid', 'round': 5, 'ticket_id': 275, 'cid': 'sha256:91926c3c1f3a3f335046564aa0bdd0ecb5bc5155e394de9e11f62eb47af816ef'}",mock
0x69ddc95226f9f74747b2985ff3b5c364fcf15e4517c35d2b1e77ffe9201af4c4,86000,1,TicketReserved,"{'model_id': 'model_mnist_784_noniid', 'round': 5, 'ticket_id': 276, 'owner': 'acct_26'}",mock
0x84994d7cbbb11144bcf916c87ac28da8f059c8fd4e7b477bc4757ebd4129f9bf,93000,1,UpdatePublished,"{'model_id': 'model_mnist_784_noniid', 'round': 5, 'ticket_id': 276, 'cid': 'sha256:284747204e6dab54a9b24d08bdeb9c70e661d8969dc33a5009a0c74686b7839c'}",mock
0xc75b3b30d85a25ac603a0f527dfdadc59f1f7afc9b83e20234f2053d4bde98a0,86000,1,TicketReserved,"{'model_id': 'model_mnist_784_noniid', 'round': 5, 'ticket_id': 277, 'owner': 'acct_27'}",mock
0x4de9486de9e505b4c66d51c69d05a6a4c5d300832fb00e89c3aa537b8aad022b,93000,1,UpdatePublished,"{'model_id': 'model_mnist_784_noniid', 'round': 5, 'ticket_id': 277, 'cid': 'sha256:7e956129d214aacc951baac72a2072cb549aaa074febe033cab3a73fb0843b83'}",mock
0x849fb6cad27e3cfab9796dd04867745e0f3c53a74ebbb757fd35f4226379f3d2,86000,1,TicketReserved,"{'model_id': 'model_mnist_784_noniid', 'round': 5, 'ticket_id': 278, 'owner': 'acct_28'}",mock
0x610588c82cda794fe5ad05bd0dc9cff288cf400ab00afba4536e5c8428a86052,93000,1,UpdatePublished,"{'model_id': 'model_mnist_784_noniid', 'round': 5, 'ticket_id': 278, 'cid': 'sha256:570b9c8fde17a24407e6c530f5eefb0454fae12eb637ab9e8e32050e55077097'}",mock
0xce7d61943349595eda8bbcad48cbbf4954f0c126de4b81657e7bb2f9ce04dcff,86000,1,TicketReserved,"{'model_id': 'model_mnist_784_noniid', 'round': 5, 'ticket_id': 279, 'owner': 'acct_29'}",mock
0xce309db37d13e928f42aea230e0411f802896dbc7caace3720967533ac33be5b,93000,1,UpdatePublished,"{'model_id': 'model_mnist_784_noniid', 'round': 5, 'ticket_id': 279, 'cid': 'sha256:fdd1bf10298cb98f5746547d23ea48ecb70748184939709bc56c402320ab25b6'}",mock
0x714968945d7a5bb1eb8b50ee568bbcf80476d3d418af1bba9eb98df68d90ad2b,86000,1,TicketReserved,"{'model_id': 'model_mnist_784_noniid', 'round': 5, 'ticket_id': 280, 'owner': 'acct_30'}",mock
0x96cf364a3b940c30dbdc9d0f27da66bb3dc275eb45bede708a103a6cee7f2264,93000,1,UpdatePublished,"{'model_id': 'model_mnist_784_noniid', 'round': 5, 'ticket_id': 280, 'cid': 'sha256:9fafd751bb309fc2e76bc676a9feaddde3e8852a4e936add597b93d1f56ec60e'}",mock
0x9ac240f4508f821a12a9f5be702280a347ac314564851916734294fa52917f57,86000,1,TicketReserved,"{'model_id': 'model_mnist_784_noniid', 'round': 5, 'ticket_id': 281, 'owner': 'acct_31'}",mock
0x1ac0db903c4eaa8cc90e96da71e235afcf86c978134ec85e3460da3f4eb1b533,93000,1,UpdatePublished,"{'model_id': 'model_mnist_784_noniid', 'round': 5, 'ticket_id': 281, 'cid': 'sha256:a417f44801828cf613bbcfd3de8ea4c17f629535cd08e03b0730c10208f86f18'}",mock
0x9ef2bf68bbf47e84468f0dc5ec3a615e99a7e5868ab6f0b7c3bea4bf8f4e6004,86000,1,TicketReserved,"{'model_id': 'model_mnist_784_noniid', 'round': 5, 'ticket_id': 282, 'owner': 'acct_32'}",mock
0x689fbdf556cadd5f503a81f138dbc5290c7ec56bfc53e460d75a4fd04a4c6fd4,93000,1,UpdatePublished,"{'model_id': 'model_mnist_784_noniid', 'round': 5, 'ticket_id': 282, 'cid': 'sha256:4afcfaa0f4ae2c4007ca319e17acbf0c623b65508b0df49b20479318c4bd8abf'}",mock
0x91337d6016dd69dbf28d3d57080f04946e421ff789acc2f1adf02a8ef5158366,86000,1,TicketReserved,"{'model_id': 'model_mnist_784_noniid', 'round': 5, 'ticket_id': 283, 'owner': 'acct_33'}",mock
0x0a651e3dcb397362387a55321ce0ebaec6d07059ae250199e15ed782583d14a2,93000,1,UpdatePublished,"{'model_id': 'model_mnist_784_noniid', 'round': 5, 'ticket_id': 283, 'cid': 'sha256:352a842c7e136ca7401079d1eb207c29ff8aa70f4559447bf052e4822f7678bf'}",mock
0x01f5fa3d478192444392acee568b9b38f5b0b82086c72eb5f7902d32bc63db18,86000,1,TicketReserved,"{'model_id': 'model_mnist_784_noniid', 'round': 5, 'ticket_id': 284, 'owner': 'acct_34'}",mock
0x6862d82cc3a75a6118fde9d72789fe189b28d46fbc62ced855e317845d9f5b4c,93000,1,UpdatePublished,"{'model_id': 'model_mnist_784_noniid', 'round': 5, 'ticket_id': 284, 'cid': 'sha256:37c0720d949dcec8ee44b578773262134928097ed343036ae4c6869a019538f4'}",mock
0x332f9ad76eb75a7405415da01a82d1f01647b912f51c88db6e2094584433d0dc,86000,1,TicketReserved,"{'model_id': 'model_mnist_784_noniid', 'round': 5, 'ticket_id': 285, 'owner': 'acct_35'}",mock
0x5af5e191538ce98334098a263addde62a7d2b8a891685d2b6396ba9045154925,93000,1,UpdatePublished,"{'model_id': 'model_mnist_784_noniid', 'round': 5, 'ticket_id': 285, 'cid': 'sha256:ab684ab46d2891c0cc7569540056238bcba7740bec8563532e6a4cc5e80b7ff0'}",mock
0xc5fa5bc960b0b9472eb485b6f4419d66a53ef79d73abeb0cdac5e163ff1e6456,86000,1,TicketReserved,"{'model_id': 'model_mnist_784_noniid', 'round': 5, 'ticket_id': 286, 'owner': 'acct_36'}",mock
0x852334303d45ed2537b7de203d96d53fc0557695eb5ad9b66154b295e35c14a1,93000,1,UpdatePublished,"{'model_id': 'model_mnist_784_noniid', 'round': 5, 'ticket_id': 286, 'cid': 'sha256:6ac78ea87ca02c31bb61e31008009bfe05cdabe3677c095281d8cfc3d6e305f6'}",mock
0x2abc580f70cdb835066bd9bfc1e5ab51ad63e99dc963a123f38a4089d3cd7bb8,86000,1,TicketReserved,"{'model_id': 'model_mnist_784_noniid', 'round': 5, 'ticket_id': 287, 'owner': 'acct_37'}",mock
0x14bf1bb4c37ccf5ea263540f9b16d67ff5b0806b889fcaa025b20e3ab8a9f97a,93000,1,UpdatePublished,"{'model_id': 'model_mnist_784_noniid', 'round': 5, 'ticket_id': 287, 'cid': 'sha256:b7195dd7bb877871b45fba2a062bbc169e144bac58ba35af89a846183224f626'}",mock
0x1c33ec83ed5282d6bc6245036da87be081b9437cfaf2583bf06f813aa06365f0,86000,1,TicketReserved,"{'model_id': 'model_mnist_784_noniid', 'round': 5, 'ticket_id': 288, 'owner': 'acct_38'}",mock
0x44c53f475b6256aa5a09d3a25d33354766c6a42faf064fcf83952ebb35deebea,93000,1,UpdatePublished,"{'model_id': 'model_mnist_784_noniid', 'round': 5, 'ticket_id': 288, 'cid': 'sha256:4104f8a948eecbee1bd7d0d8fa645e7f0ca7b62cb7f658cd13faf436d0025293'}",mock
0xe248d91b2a7cc0b6c23791c8932e0d457629d8f5c37a828e3a22509d35aefc4e,86000,1,TicketReserved,"{'model_id': 'model_mnist_784_noniid', 'round': 5, 'ticket_id': 289, 'owner': 'acct_39'}",mock
0x93aa8652a4df7d1be2d1fb104ff71ccfb00dacfb09c4e8803dae0f1f2d38d6fd,93000,1,UpdatePublished,"{'model_id': 'model_mnist_784_noniid', 'round': 5, 'ticket_id': 289, 'cid': 'sha256:80fd90833262eb25edb3eb632423626766042a7b1aa6593b159b67e12281dacd'}",mock
0xd175a255e57caecf184a7904bf74c913ecaf32468f5981d027d3cd65b0ff1311,86000,1,TicketReserved,"{'model_id': 'model_mnist_784_noniid', 'round': 5, 'ticket_id': 290, 'owner': 'acct_40'}",mock
0xec2fa3eecbbbd558f34a5e2c8be872dd299a6e8d6492f17b73e9c1563f25aef7,93000,1,UpdatePublished,"{'model_id': 'model_mnist_784_noniid', 'round': 5, 'ticket_id': 290, 'cid': 'sha256:fab5b4e4bd4201b2fd926261ea0e353883f8a6741597d249b2569d25625c7006'}",mock
0x74d9e215916db39fdb9db5a1eeb4093888300d1673932fd5501b09e4b4ab8c42,86000,1,TicketReserved,"{'model_id': 'model_mnist_784_noniid', 'round': 5, 'ticket_id': 291, 'owner': 'acct_41'}",mock
0xe59032ac6bf04a580f566daac358e5d5d8e6f162c7b35227837b0ae5fdfb8897,93000,1,UpdatePublished,"{'model_id': 'model_mnist_784_noniid', 'round': 5, 'ticket_id': 291, 'cid': 'sha256:938bdcff7afb0f35bfc318f29fb918728474b302eeb8102e3a98c2b3be42d488'}",mock
0x3327924b3361c55565e960764614d98dadbe646e345bb2a061629ebbe4f3da4d,86000,1,TicketReserved,"{'model_id': 'model_mnist_784_noniid', 'round': 5, 'ticket_id': 292, 'owner': 'acct_42'}",mock
0x6a10d5b58bdc189f81172089d0e211087309cffdd8b8dc184e4c8b19fe5f21e4,93000,1,UpdatePublished,"{'model_id': 'model_mnist_784_noniid', 'round': 5, 'ticket_id': 292, 'cid': 'sha256:c4622673e939f64fbe7da0a72f03c8385b7b5919ec2d9ff169545136e956bc45'}",mock
0x95a7b1724d854ab10252e5eb929874876267deeaf8e2b0d610f9109ec4b41c21,86000,1,TicketReserved,"{'model_id': 'model_mnist_784_noniid', 'round': 5, 'ticket_id': 293, 'owner': 'acct_43'}",mock
0xadd530c6668c67d2f38a615e60fc4917f26400a588c5085f50c1da64fd4d64fa,93000,1,UpdatePublished,"{'model_id': 'model_mnist_784_noniid', 'round': 5, 'ticket_id': 293, 'cid': 'sha256:d554c12c077bbf14a296b2a2ec04b498e02ef8f1463ff1cb7486bd8690b96951'}",mock
0x49381b3b108997c7008196d9f870c0213886090653a550f25aedece872100f33,86000,1,TicketReserved,"{'model_id': 'model_mnist_784_noniid', 'round': 5, 'ticket_id': 294, 'owner': 'acct_44'}",mock
0xe5bd24143392d4f90664e1667ec50197342e908615c94d185f20979dfd850013,93000,1,UpdatePublished,"{'model_id': 'model_mnist_784_noniid', 'round': 5, 'ticket_id': 294, 'cid': 'sha256:9fe05069d0630ca025030a1bebf01c743a2435ddb465675504c16e45db3076db'}",mock
0xc05c42b834483f7c515d3753c1dd6fe8721ee2adbc5cfb2b6c90fe19781d608a,86000,1,TicketReserved,"{'model_id': 'model_mnist_784_noniid', 'round': 5, 'ticket_id': 295, 'owner': 'acct_45'}",mock
0x1896666e4bb169d2ae7738d666633a0f7c444118798f06172951ee0e9490105e,93000,1,UpdatePublished,"{'model_id': 'model_mnist_784_noniid', 'round': 5, 'ticket_id': 295, 'cid': 'sha256:30eb873d0fbca4ebc5397e15fd45eb900f89df71bdc48a24a10a6d71251ad8dd'}",mock
0x02afd293222f80039b4d051beda3a202927028b13fd31637524ed44613039b0e,86000,1,TicketReserved,"{'model_id': 'model_mnist_784_noniid', 'round': 5, 'ticket_id': 296, 'owner': 'acct_46'}",mock
0x9584100b38640c1e0b6475bd229246acb9d64805f306b798218275ad396c91e6,93000,1,UpdatePublished,"{'model_id': 'model_mnist_784_noniid', 'round': 5, 'ticket_id': 296, 'cid': 'sha256:9179d185381e414c8c7d83f7d80b1959992805d420b6e458b275b5e2d4c5ddb7'}",mock
0xae2ca86406d145daf4da37a7a9aac26853272b05d5833b8047c11c54c3357ffe,86000,1,TicketReserved,"{'model_id': 'model_mnist_784_noniid', 'round': 5, 'ticket_id': 297, 'owner': 'acct_47'}",mock
0x451f475108d21c2ea0f32ea404a67ffcc8c6198155afddfafc94618705114a88,93000,1,UpdatePublished,"{'model_id': 'model_mnist_784_noniid', 'round': 5, 'ticket_id': 297, 'cid': 'sha256:edcee5a8b9af986cc0dc82dbce389036562486c325c8e332037a10274d6c768d'}",mock
0xeb1751660092da87611fc3306b4c4d254f147f90b5b2789d97fafdd076cdc8eb,86000,1,TicketReserved,"{'model_id': 'model_mnist_784_noniid', 'round': 5, 'ticket_id': 298, 'owner': 'acct_48'}",mock
0x89d885f85377bf496e0c39d9d92dcc3cb5028d40492d9ca74a19990b334413df,93000,1,UpdatePublished,"{'model_id': 'model_mnist_784_noniid', 'round': 5, 'ticket_id': 298, 'cid': 'sha256:2ac27e8e3bcd8052716f51332a1742626859c81d9ade87c9e2be046d1ed572d0'}",mock
0xe1963c84289255258613ba43feb1759ab90aa64e36d83d0225680a255b7337f1,86000,1,TicketReserved,"{'model_id': 'model_mnist_784_noniid', 'round': 5, 'ticket_id': 299, 'owner': 'acct_49'}",mock
0xd912db1c789d0a6232388151f5ce0fc46ff52efb15f416122d985631a994d936,93000,1,UpdatePublished,"{'model_id': 'model_mnist_784_noniid', 'round': 5, 'ticket_id': 299, 'cid': 'sha256:cffd5e57248f8f3514ad0ac354490b6026f259b2e2c23fc9138c67db745f90b6'}",mock
0xf1bc69544c2e04cd6d56daf894857ce857f1da1d67355792c481ffb43b692bd4,86000,1,TicketReserved,"{'model_id': 'model_mnist_784_noniid', 'round': 5, 'ticket_id': 300, 'owner': 'acct_50'}",mock
0xa0ae38399662770c219f3a69ab3c2e7b4192ccc5781366a65734bfb217ed22cb,93000,1,UpdatePublished,"{'model_id': 'model_mnist_784_noniid', 'round': 5, 'ticket_id': 300, 'cid': 'sha256:c7516259aaa78d5fd80854a997134ca63bc06b910ad9daf883dfff194059e960'}",mock
0xde02762e4458d35d44c354c1723ce9f020f8cd41325b075ed67ec6446aa29a46,645000,1,RoundFinalized,"{'model_id': 'model_mnist_784_noniid', 'round': 5, 'included': 26, 'refunds': 26}",mock
0x6ce80780919732f1d60c4eb4d05c411205fe65592fac0f9cf32d3243da10ba72,52000,1,RoundFunded,"{'model_id': 'model_mnist_784_noniid', 'amount_wei': 10000000000000000}",mock
0x9aa2dfceb5b5e4a06c068e98aac61f34116ce7bf5bab01f957c2e538f2914144,86000,1,TicketReserved,"{'model_id': 'model_mnist_784_noniid', 'round': 6, 'ticket_id': 301, 'owner': 'acct_1'}",mock
0x4408044afd76bd06d9563ac4501dd193815f8a241e1c7349071665418eb492d6,93000,1,UpdatePublished,"{'model_id': 'model_mnist_784_noniid', 'round': 6, 'ticket_id': 301, 'cid': 'sha256:2f76d7a598b7aa05877dc55dbd98765b9c56fc0bd3eb314ff44ce399c185dce4'}",mock
0xc1d3f269365dd936aa891d171592caa624b3c5f955142746841f8b3f2b384190,86000,1,TicketReserved,"{'model_id': 'model_mnist_784_noniid', 'round': 6, 'ticket_id': 302, 'owner': 'acct_2'}",mock
0x483035ffba2af1f80470fd119662685c5a319bd3ac53614af647cfd236832181,93000,1,UpdatePublished,"{'model_id': 'model_mnist_784_noniid', 'round': 6, 'ticket_id': 302, 'cid': 'sha256:69b8cdfe66bdc409fd48c418734f95cb071d5e124670ef5612b3d2137e9e55e0'}",mock
0x8bbd0f6885d60ddab613c4bba7e73f62ef6590cf21f790ea83b0ea7395cdd479,86000,1,TicketReserved,"{'model_id': 'model_mnist_784_noniid', 'round': 6, 'ticket_id': 303, 'owner': 'acct_3'}",mock
0x3497781ecad6346fc96859e4afeced8cc39e3a661d92eb31c94add01af3cf5ff,93000,1,UpdatePublished,"{'model_id': 'model_mnist_784_noniid', 'round': 6, 'ticket_id': 303, 'cid': 'sha256:d82bfead92f4108e4dcea408acb01ffcb77adb2346503b44e8960c009845da4b'}",mock
0x1076818401f91bb9adf6c72afbad166e84631d8e6e0a5f2962403c5460e8e7bb,86000,1,TicketReserved,"{'model_id': 'model_mnist_784_noniid', 'round': 6, 'ticket_id': 304, 'owner': 'acct_4'}",mock
0x0395e397107303ab5085e405d138370f66fdaae456a26423071e81f40860e1aa,93000,1,UpdatePublished,"{'model_id': 'model_mnist_784_noniid', 'round': 6, 'ticket_id': 304, 'cid': 'sha256:a437eda9ff9451832c4bda3ff7172d43424383a19d521023d68cd5aebf88a7e9'}",mock
0x4d96c5119dbb0e7c5d47c518433f8d413c6fda557eb19abffdff0857566399c6,86000,1,TicketReserved,"{'model_id': 'model_mnist_784_noniid', 'round': 6, 'ticket_id': 305, 'owner': 'acct_5'}",mock
0x5ed18793448b4f66a8ce5a27c38a98dd8ed96580c8b176001fa73f57c9327923,93000,1,UpdatePublished,"{'model_id': 'model_mnist_784_noniid', 'round': 6, 'ticket_id': 305, 'cid': 'sha256:9c9470f0b2fce482bb52da233b34e1c043688c44fd992b33a59700b9acd0209d'}",mock
0x2270481380ee10115c9eca77c01b5f9c12efca846bf9bc47793bd4a55c62c18b,86000,1,TicketReserved,"{'model_id': 'model_mnist_784_noniid', 'round': 6, 'ticket_id': 306, 'owner': 'acct_6'}",mock
0xa6a8ab1a9b52e437c63f1caee3b8d25a6d19fb2d5557c8f8899e5d2565873627,93000,1,UpdatePublished,"{'model_id': 'model_mnist_784_noniid', 'round': 6, 'ticket_id': 306, 'cid': 'sha256:128c3ee76d6abcb9722cbcd225df90b9b517ab6b657c40bd8d78660ce29bf01f'}",mock
0x813ae1c2a50602eaf7e9e2f4b922fa02e29f13ba01b9c59ed35b29845c6d712b,86000,1,TicketReserved,"{'model_id': 'model_mnist_784_noniid', 'round': 6, 'ticket_id': 307, 'owner': 'acct_7'}",mock
0xf1bda7597c7645036cd1a18e8733b1217374eb45bb9be246df18c7bb8f8ef6bb,93000,1,UpdatePublished,"{'model_id': 'model_mnist_784_noniid', 'round': 6, 'ticket_id': 307, 'cid': 'sha256:42ec262ba797a3bd0625a778a9eda62eef51f3b2e8d7c27c76f95fb2a764ce8a'}",mock
0xd83c55110afc7966f0e347c05cd00ca109cf4f998b41dcb7d1f38ba0ab9d91b9,86000,1,TicketReserved,"{'model_id': 'model_mnist_784_noniid', 'round': 6, 'ticket_id': 308, 'owner': 'acct_8'}",mock
0x254699b6bd8c501e4ad4bf6ebf1072634bc1b0e06dcfc9c800c73604b743af7b,93000,1,UpdatePublished,"{'model_id': 'model_mnist_784_noniid', 'round': 6, 'ticket_id': 308, 'cid': 'sha256:74cc4053373870fd9a072a2958ce26b97495cf8ed7e0cc664ab6cc03a1254516'}",mock
0x8dd16eca8865181c952e3a77d42c710df0b24a6432ad33fd8d622cceb2384ae7,86000,1,TicketReserved,"{'model_id': 'model_mnist_784_noniid', 'round': 6, 'ticket_id': 309, 'owner': 'acct_9'}",mock
0x529e90bab992deb543bb38f56d9b443f4693151ffaa39348f7d1d4d65da7bf96,93000,1,UpdatePublished,"{'model_id': 'model_mnist_784_noniid', 'round': 6, 'ticket_id': 309, 'cid': 'sha256:1042aa635483fbdce07f9cc2a8a7f2e81e553aee6e24aa967420ac7cb51891df'}",mock
0x630ec9e342bc58a8b217423bdd3160570cd3a319adb35f95cec2178981c3c639,86000,1,TicketReserved,"{'model_id': 'model_mnist_784_noniid', 'round': 6, 'ticket_id': 310, 'owner': 'acct_10'}",mock
0x03dcfa5551a3e29c4f97f50943e784d218093a6803a732d3d9f8ed3b5a055384,93000,1,UpdatePublished,"{'model_id': 'model_mnist_784_noniid', 'round': 6, 'ticket_id': 310, 'cid': 'sha256:65bc5383578e24baebe590ed29caf5ff343bad201beb18c2de3336610653f9ee'}",mock
0xa25361cdd9a2db2aa7a89722a8a19da59469e54cdf6be2c933d6db528d8f26b0,86000,1,TicketReserved,"{'model_id': 'model_mnist_784_noniid', 'round': 6, 'ticket_id': 311, 'owner': 'acct_11'}",mock
0xbf06f5664c5306701c8563227a13427ef2a462ea978675bed6d3b1a0bbec8413,93000,1,UpdatePublished,"{'model_id': 'model_mnist_784_noniid', 'round': 6, 'ticket_id': 311, 'cid': 'sha256:c05f591e0464894beeb0d42e4f6f0db665528caa8cb3f9f2062d4d053587b8d7'}",mock
0x0d8f692355356de7468d347b641d583048b018db3f7076a963bc8bf6588b2e32,86000,1,TicketReserved,"{'model_id': 'model_mnist_784_noniid', 'round': 6, 'ticket_id': 312, 'owner': 'acct_12'}",mock
0xdeb59b91bcbf1198d7e22b210d101606d146a2c44dd79b180932f62933a1647a,93000,1,UpdatePublished,"{'model_id': 'model_mnist_784_noniid', 'round': 6, 'ticket_id': 312, 'cid': 'sha256:e0e54a93a588dd5e954a03ed675d939b2bd601b1823b38b6da84d427d97b13af'}",mock
0x57e16de061c225ca451359016ff7910cd6c92f16936448be3fbd859e4de721ed,86000,1,TicketReserved,"{'model_id': 'model_mnist_784_noniid', 'round': 6, 'ticket_id': 313, 'owner': 'acct_13'}",mock
0xd262b11eff45bd395e3fa4bc6d954219e20b4cd48808b4263258168b8c10a4b6,93000,1,UpdatePublished,"{'model_id': 'model_mnist_784_noniid', 'round': 6, 'ticket_id': 313, 'cid': 'sha256:eb8d911fdab8825da6938461c788f4bdf1c7b2f5180b75b992fc07b300cef70e'}",mock
0x9f6ffe7f532f8d76a301351e10ed09e1584b46e138bb936a41c56d4ad7507546,86000,1,TicketReserved,"{'model_id': 'model_mnist_784_noniid', 'round': 6, 'ticket_id': 314, 'owner': 'acct_14'}",mock
0x86bb09ca9ecb9c5ca8150f2c7da4a8dcd77914adea92780d8f36e6706bcad96b,93000,1,UpdatePublished,"{'model_id': 'model_mnist_784_noniid', 'round': 6, 'ticket_id': 314, 'cid': 'sha256:72dbbfdc80086baddd9093cfff62ebe8540ddc5663b9fb363cdf4b6b926bfbb4'}",mock
0xa878c9ffdfa285b6a63f4b85b75e0cd2df6b2f1fe5768f096a6c8768e31154e8,86000,1,TicketReserved,"{'model_id': 'model_mnist_784_noniid', 'round': 6, 'ticket_id': 315, 'owner': 'acct_15'}",mock
0x441a5674f42631f07e9b2dac8b3eabd8df63625b95049084b92a522f7aea31da,93000,1,UpdatePublished,"{'model_id': 'model_mnist_784_noniid', 'round': 6, 'ticket_id': 315, 'cid': 'sha256:96475a0d463525f31354e31d5d1bbd9ea1cc445164700839cc7af4b29f49e9fc'}",mock
0x9bc56901e359fcb3f075be60d5ccf4af55f4f2411cde2f6e662e8be49cdc417b,86000,1,TicketReserved,"{'model_id': 'model_mnist_784_noniid', 'round': 6, 'ticket_id': 316, 'owner': 'acct_16'}",mock
0x0eb1a6e95a9e9a3f1a17f8a11f37d571b56112a57ea1e141301eb70b14df0dc3,93000,1,UpdatePublished,"{'model_id': 'model_mnist_784_noniid', 'round': 6, 'ticket_id': 316, 'cid': 'sha256:68b676d32797bf7178f573758726df7a333e7632a42545bd2273080e5a861b07'}",mock
0xbffd97c8f6dc0fcc5fffbb6bafe9b997f040570825f8928fd1228c4503d0be9f,86000,1,TicketReserved,"{'model_id': 'model_mnist_784_noniid', 'round': 6, 'ticket_id': 317, 'owner': 'acct_17'}",mock
0x6e91afada538e2f6c33b0077682ebe9915543aac5c6dfc246ad59506216d83cd,93000,1,UpdatePublished,"{'model_id': 'model_mnist_784_noniid', 'round': 6, 'ticket_id': 317, 'cid': 'sha256:d6d60147958ce694c496a05469e1f81c8f70ee88a1371df8ca84144d9454a2d6'}",mock
0x2147176867cf7264473f8a412f0e882a887b92150dd089932ab9cba06128f9fc,86000,1,TicketReserved,"{'model_id': 'model_mnist_784_noniid', 'round': 6, 'ticket_id': 318, 'owner': 'acct_18'}",mock
0x90d5ecf97d1f04ffa72456d672a0e1dd92e6a2c37cd7b2b83b590c67728ee12b,93000,1,UpdatePublished,"{'model_id': 'model_mnist_784_noniid', 'round': 6, 'ticket_id': 318, 'cid': 'sha256:523c50658b37ba9f2445478011545bdee70744521b97d590e9b4c52f5dd172ef'}",mock
0xf20d73a97c0d2461b5c6aee2a986db652ef2faa8bb9708a8167e6cbe0ac4b12a,86000,1,TicketReserved,"{'model_id': 'model_mnist_784_noniid', 'round': 6, 'ticket_id': 319, 'owner': 'acct_19'}",mock
0x8afd2b4713f444a52285c3e9b5b4b4b857125612b9355d0035b768ca21013cea,93000,1,UpdatePublished,"{'model_id': 'model_mnist_784_noniid', 'round': 6, 'ticket_id': 319, 'cid': 'sha256:be6f228663addbc3593c6ce7940a1785f7e32e6e1f0c276fe53d81865b9885fe'}",mock
0xbfdb0bcd9630f1cdcca9086c071078953d34b4cc243ad4ca62b9457efeddb14a,86000,1,TicketReserved,"{'model_id': 'model_mnist_784_noniid', 'round': 6, 'ticket_id': 320, 'owner': 'acct_20'}",mock
0x6c7f24aa2b5b3dcc2296999bd5676314f4e811095d17c83fae50210443a4b1db,93000,1,UpdatePublished,"{'model_id': 'model_mnist_784_noniid', 'round': 6, 'ticket_id': 320, 'cid': 'sha256:abc7e7b632159e378ae4f4d73a01c6c585588f99776bd9dddd1a1a420bd82d1a'}",mock
0x5dce273ea156a58569ef043a1d1b4bdd3d27b452549a92d8ad37f23200478963,86000,1,TicketReserved,"{'model_id': 'model_mnist_784_noniid', 'round': 6, 'ticket_id': 321, 'owner': 'acct_21'}",mock
0x685965e03b6011adcfb5abd3e02216d2e8530efd21f1aaa9f1842c48a8cf0867,93000,1,UpdatePublished,"{'model_id': 'model_mnist_784_noniid', 'round': 6, 'ticket_id': 321, 'cid': 'sha256:5d652cb702c34c51a4e0ae194e918b79abc0f44f5cf8306f974103f32c71abcc'}",mock
0x624ea7f7647bc777c036ead7028b1ca3d9596e0de0892edb485d0291e74d8f81,86000,1,TicketReserved,"{'model_id': 'model_mnist_784_noniid', 'round': 6, 'ticket_id': 322, 'owner': 'acct_22'}",mock
0xa210e242d815e3574a236d74c8ac8ac654c40542a123ca2ecec12c2c22673045,93000,1,UpdatePublished,"{'model_id': 'model_mnist_784_noniid', 'round': 6, 'ticket_id': 322, 'cid': 'sha256:85a8e674c70e17cc040517e0291c485dafa9d446aa47cf85f46f1a1ad4d306f2'}",mock
0x61e8e0489f485f178686f03698a84c1faf8986c08b7de519b4161482a5cdd226,86000,1,TicketReserved,"{'model_id': 'model_mnist_784_noniid', 'round': 6, 'ticket_id': 323, 'owner': 'acct_23'}",mock
0x387a232e7503eb86a5a024d33ca3d9d9648b4f2d858b0d35d136af73e3233373,93000,1,UpdatePublished,"{'model_id': 'model_mnist_784_noniid', 'round': 6, 'ticket_id': 323, 'cid': 'sha256:a1a79d01b64e97a24b44b2b0beb9ec83996846760c119d273a2ae10c90e1bd97'}",mock
0x8e9f5877a4f965b84a02b32562adad0592fb4131ab6414346fc68c98f468677f,86000,1,TicketReserved,"{'model_id': 'model_mnist_784_noniid', 'round': 6, 'ticket_id': 324, 'owner': 'acct_24'}",mock
0xa2e8fbcc8d7f36217e509118789954272fe71aa4bb82719b40db6084cf13fea2,93000,1,UpdatePublished,"{'model_id': 'model_mnist_784_noniid', 'round': 6, 'ticket_id': 324, 'cid': 'sha256:76b212fe8ab1117a293327d5f944f59dba2905e2a570f4d4c72f1eae615d774c'}",mock
0xb3ed7e362ebca934621d4eec6826b58749c6ecef96c4c44ceb5cf3d8cb48235f,86000,1,TicketReserved,"{'model_id': 'model_mnist_784_noniid', 'round': 6, 'ticket_id': 325, 'owner': 'acct_25'}",mock
0x9d4e6e5941cdaf7a6434882366b6b8ce63c69593c18bf2a9aa6e1fb90414ae38,93000,1,UpdatePublished,"{'model_id': 'model_mnist_784_noniid', 'round': 6, 'ticket_id': 325, 'cid': 'sha256:ad02685ba8d02ae7e72e2d0cf4da5bf225a570b6147493c4f3968cdb1665c34d'}",mock
0x14e2d38c2b68f1a79e2e52d80e6ff659409d4ddf151aa7ba835c506e7e814364,86000,1,TicketReserved,"{'model_id': 'model_mnist_784_noniid', 'round': 6, 'ticket_id': 326, 'owner': 'acct_26'}",mock
0x99aa65422662d04802db39eba692486cfe54d54a17975f0abe713fa2be5b5e4d,93000,1,UpdatePublished,"{'model_id': 'model_mnist_784_noniid', 'round': 6, 'ticket_id': 326, 'cid': 'sha256:a613120089a8d73f493d851519fafb85029c6c9a5b9f28e3bcb52be7a7b777e6'}",mock
0x49f72a605cb38d3471184e2aa98ff651735bd806bf257c2eafab62fd4d26b208,86000,1,TicketReserved,"{'model_id': 'model_mnist_784_noniid', 'round': 6, 'ticket_id': 327, 'owner': 'acct_27'}",mock
0xcd6892e439e58f3c46f5f5a3f2fba0de3ddc0ac60d67a7ad8fa322ae6cff6c96,93000,1,UpdatePublished,"{'model_id': 'model_mnist_784_noniid', 'round': 6, 'ticket_id': 327, 'cid': 'sha256:4f83ad8649679f223489b644b548b690eba7db81394ff6743b5674389b74a753'}",mock
0x35b0de98990f921a3e54651a30e314b818fddf3c74cb06979d4fd8225b38db25,86000,1,TicketReserved,"{'model_id': 'model_mnist_784_noniid', 'round': 6, 'ticket_id': 328, 'owner': 'acct_28'}",mock
0x2fed24556fd4ce1ad5504303e7582e32848645f9886f54cc2a3a2a0cf0e10803,93000,1,UpdatePublished,"{'model_id': 'model_mnist_784_noniid', 'round': 6, 'ticket_id': 328, 'cid': 'sha256:002c4fc7de5a2c7de3c7252f361b45094a0b9649514714de7968821610c4853b'}",mock
0xed8007e4e343d272a302b19680f35cd59c3a58c9a9a7484630bffbe079f6bc81,86000,1,TicketReserved,"{'model_id': 'model_mnist_784_noniid', 'round': 6, 'ticket_id': 329, 'owner': 'acct_29'}",mock
0x9cf066385fea87ea049a6ce66242f0759efe396bf968e5d470557c45b6066b4f,93000,1,UpdatePublished,"{'model_id': 'model_mnist_784_noniid', 'round': 6, 'ticket_id': 329, 'cid': 'sha256:53d24c26963f62daaa0ea5e6650f92c72324e890e571eb84b92437d5b0911d66'}",mock
0xca875f58f173f69535b87f997b90db9b96748aa605748c40bd14c3e364b37f13,86000,1,TicketReserved,"{'model_id': 'model_mnist_784_noniid', 'round': 6, 'ticket_id': 330, 'owner': 'acct_30'}",mock
0x60228024f80879acfd440525da56f5bd575290bd500ff67d53887bf71b8104e3,93000,1,UpdatePublished,"{'model_id': 'model_mnist_784_noniid', 'round': 6, 'ticket_id': 330, 'cid': 'sha256:46d3dccb961ec4bf61012c56f52aae9e31c4fb08fc739a62bafa3ccc6009da3a'}",mock
0x53c1f30ebdf7537efac3e265b90bafc86e18be9653ee3cfc0d8cccb59fc32c30,86000,1,TicketReserved,"{'model_id': 'model_mnist_784_noniid', 'round': 6, 'ticket_id': 331, 'owner': 'acct_31'}",mock
0x9701afc148258f17253ba9b2e1704a78aee65d4488443e0ef02e00ca79d1f8cf,93000,1,UpdatePublished,"{'model_id': 'model_mnist_784_noniid', 'round': 6, 'ticket_id': 331, 'cid': 'sha256:5ef844cd3dc9da0c97b214049e82a9bc79f0902d572b0e1d88c00b6aa5120c4c'}",mock
0x7f1d5a5d52841ddeb1c3074b77294f287ff6ac597a68febf1a7f755536dc6647,86000,1,TicketReserved,"{'model_id': 'model_mnist_784_noniid', 'round': 6, 'ticket_id': 332, 'owner': 'acct_32'}",mock
0x750e218af478cba6804f24d905169a1ee48e724938ff3285fc27d48933c127cc,93000,1,UpdatePublished,"{'model_id': 'model_mnist_784_noniid', 'round': 6, 'ticket_id': 332, 'cid': 'sha256:a0ad109841c4fc208745c77f276173afc1363bb185cad6f8119c1ca1629b6d6d'}",mock
0xe06ea805d48a90f9ab9e6b0c08705d8bd76c5322fd50692bebb0040a74c7a14c,86000,1,TicketReserved,"{'model_id': 'model_mnist_784_noniid', 'round': 6, 'ticket_id': 333, 'owner': 'acct_33'}",mock
0xac70b1709d60e3fc0d065e4fcc6af4ac6c4ad174dfb73f947d8fca24ec7bbbde,93000,1,UpdatePublished,"{'model_id': 'model_mnist_784_noniid', 'round': 6, 'ticket_id': 333, 'cid': 'sha256:8b10603a1e81185ca5a471766f9e3b5de75d347421aab90518594947557351ca'}",mock
0x83dc863f72d2904777f6125b4db72af3cee8e2ae0ef667eaac95342e14583b81,86000,1,TicketReserved,"{'model_id': 'model_mnist_784_noniid', 'round': 6, 'ticket_id': 334, 'owner': 'acct_34'}",mock
0x87b828cd0599989f685f1617d4945c21652b1af6c98f03db690d775c19c61dd2,93000,1,UpdatePublished,"{'model_id': 'model_mnist_784_noniid', 'round': 6, 'ticket_id': 334, 'cid': 'sha256:a8288170cad94f7e30a4f656ec444a17cc6a4db761deae995587a21d0d65b19a'}",mock
0xfb982b6fe9be877c930c154b59d926d53d3bc01ab3d30fe67105bbc95f19e0fd,86000,1,TicketReserved,"{'model_id': 'model_mnist_784_noniid', 'round': 6, 'ticket_id': 335, 'owner': 'acct_35'}",mock
0x4bc0cd58d27bd9fa83785f1b0fd979a7c964b1dae12c09ac8bb2b4b11a61fafb,93000,1,UpdatePublished,"{'model_id': 'model_mnist_784_noniid', 'round': 6, 'ticket_id': 335, 'cid': 'sha256:8cbd302a16bfa3a8bc672eeba1fa892d05b32443c722460c1321c98f29191955'}",mock
0xd979c1caaf7897e906b94a36f93b74c098a37fa0bb096dc4f87f6b82293a3ce9,86000,1,TicketReserved,"{'model_id': 'model_mnist_784_noniid', 'round': 6, 'ticket_id': 336, 'owner': 'acct_36'}",mock
0x377444ab9fdec67c6a933ba71b77a07d2ac2de2dc49c9d1cb9aa42ea627f6036,93000,1,UpdatePublished,"{'model_id': 'model_mnist_784_noniid', 'round': 6, 'ticket_id': 336, 'cid': 'sha256:7996ae65d2c84caaf1218dc81a2590ad5645ef5cafc815fae994066bf95caacc'}",mock
0xf30b5c260cf10032134a0a7ccf2dae5913404e15a0112c3643dcb4e3a9fc8668,86000,1,TicketReserved,"{'model_id': 'model_mnist_784_noniid', 'round': 6, 'ticket_id': 337, 'owner': 'acct_37'}",mock
0x95b9b188f180810719bcd1b26c2d9d1f2a148e6e4dd00903d62d606b9f6f9152,93000,1,UpdatePublished,"{'model_id': 'model_mnist_784_noniid', 'round': 6, 'ticket_id': 337, 'cid': 'sha256:f84eb5d97c96f87e0466b6a50e31eaaaec2736c0be3a2ee96cf411060d39b1eb'}",mock
0xc6383400d857476b1ef686318675ca200b059f6bff75e5f8c31961507208e1a1,86000,1,TicketReserved,"{'model_id': 'model_mnist_784_noniid', 'round': 6, 'ticket_id': 338, 'owner': 'acct_38'}",mock
0xafa9514170f874072853fd28300b28af61848ccedb464fc7dfc07457b2b3034a,93000,1,UpdatePublished,"{'model_id': 'model_mnist_784_noniid', 'round': 6, 'ticket_id': 338, 'cid': 'sha256:c05b0f36612d2a1a2156f5949c22707760f5f76be6988cadec0cc916bc747b91'}",mock
0x4a1a91b558a91778830c327ec76a0d07518cd918c93792f0dd01ca00073c30ab,86000,1,TicketReserved,"{'model_id': 'model_mnist_784_noniid', 'round': 6, 'ticket_id': 339, 'owner': 'acct_39'}",mock
0x9b20a5736223293d65384f195d694fdac8bde9f41c7d7642e5691512afa1d545,93000,1,UpdatePublished,"{'model_id': 'model_mnist_784_noniid', 'round': 6, 'ticket_id': 339, 'cid': 'sha256:560e89607770015a3845a4fee9c6c8451e603caf9b947020dc0b76e7806f47c4'}",mock
0x5c90aeac2506b6d8419e39aded52a801976dccd3d31f25a8ad5742f66d0f8f59,86000,1,TicketReserved,"{'model_id': 'model_mnist_784_noniid', 'round': 6, 'ticket_id': 340, 'owner': 'acct_40'}",mock
0x18f81b52ee7075f2e30a9a7fe77e662177448321e47ec5d27846c8b18a53099d,93000,1,UpdatePublished,"{'model_id': 'model_mnist_784_noniid', 'round': 6, 'ticket_id': 340, 'cid': 'sha256:1c77e65e3579ffa9611cfb1dc28139be696f2d3042d4822b0e10b20780b81a00'}",mock
0xf85b740f5764b5810f54dbeb7bd27a09aef4407dfa405c7f919ccffe9f273b9e,86000,1,TicketReserved,"{'model_id': 'model_mnist_784_noniid', 'round': 6, 'ticket_id': 341, 'owner': 'acct_41'}",mock
0xc37348434392ddd004b8c39f13846694173afef36a46521cc9aba51f4d40bfaa,93000,1,UpdatePublished,"{'model_id': 'model_mnist_784_noniid', 'round': 6, 'ticket_id': 341, 'cid': 'sha256:3eeb92036854409d5ad0814b677ac23eac6dff4bfd9d49de424e5b50f276b43c'}",mock
0xf1e6bf34e339f7481bc8841292265d6e8a78ed95224e5ac8872c8cf31a33dbce,86000,1,TicketReserved,"{'model_id': 'model_mnist_784_noniid', 'round': 6, 'ticket_id': 342, 'owner': 'acct_42'}",mock
0xe3a3fd1ec75c215bba480793b638575b6786269af9986a809e60bb36e7158c8a,93000,1,UpdatePublished,"{'model_id': 'model_mnist_784_noniid', 'round': 6, 'ticket_id': 342, 'cid': 'sha256:d03558f131c87e3577bec879d711f21413e7b3e04f1d43b21b7f9b5ff3f87c54'}",mock
0x4bde6bc975ab8f7cd2719d320b556dbceb4389f18037ea6790ec5f5c71f72866,86000,1,TicketReserved,"{'model_id': 'model_mnist_784_noniid', 'round': 6, 'ticket_id': 343, 'owner': 'acct_43'}",mock
0x36d561120813d7aa165cc8e40caa8331ea14332e46310e3c07b10ea66f25eeb9,93000,1,UpdatePublished,"{'model_id': 'model_mnist_784_noniid', 'round': 6, 'ticket_id': 343, 'cid': 'sha256:4500375c5f7d34f5555044d33e1578b94fcfcf0df24ac1415fbb8e9eccc7325e'}",mock
0xb572bf5082f0a75b55b509321fe01f35efa2ba2af2336e8c717986e38ec998ee,86000,1,TicketReserved,"{'model_id': 'model_mnist_784_noniid', 'round': 6, 'ticket_id': 344, 'owner': 'acct_44'}",mock
0xa580e0d9deecf6c1b33c379efb2395110247f2e93725e94efbf2558d6dfcdd49,93000,1,UpdatePublished,"{'model_id': 'model_mnist_784_noniid', 'round': 6, 'ticket_id': 344, 'cid': 'sha256:e8982fddb5efb31fac405b88dba9895c3fd73b8cdfab17e023571dc3fe5b50d9'}",mock
0xd7ab18a47e112bb013a1658581296fda8a8839d598d50437fa41594841cd5fce,86000,1,TicketReserved,"{'model_id': 'model_mnist_784_noniid', 'round': 6, 'ticket_id': 345, 'owner': 'acct_45'}",mock
0xcc9973be0ba3612ee426bbb18d6e1e38ebaa8ebdd6a6ce790309e8046bba2b52,93000,1,UpdatePublished,"{'model_id': 'model_mnist_784_noniid', 'round': 6, 'ticket_id': 345, 'cid': 'sha256:92a14e10eb4b64e2be02ee4ac6cc98ea8702adb175f2ee1909ec5112e8bdcadf'}",mock
0xcaab30b60e1c5f19bb09dab26cd30128389fff6c8294bb1ef0ec492a5f1b6bfe,86000,1,TicketReserved,"{'model_id': 'model_mnist_784_noniid', 'round': 6, 'ticket_id': 346, 'owner': 'acct_46'}",mock
0x1fd97b38d85facc3603378b2abb5c6e2c230773c8adceee685bdae2c45938c63,93000,1,UpdatePublished,"{'model_id': 'model_mnist_784_noniid', 'round': 6, 'ticket_id': 346, 'cid': 'sha256:2b0ff1617a6ebd6b9570181dc02117f71d2adb146d97dc8af9d16e3261735375'}",mock
0x15848e7c71c38e8695744bf2fea5dc8c39531f3f3b136788734fc5ff352e0300,86000,1,TicketReserved,"{'model_id': 'model_mnist_784_noniid', 'round': 6, 'ticket_id': 347, 'owner': 'acct_47'}",mock
0xc0f2e103fc89e7534ec5dc604ea2186f8243e2635dc25593454fe341222302de,93000,1,UpdatePublished,"{'model_id': 'model_mnist_784_noniid', 'round': 6, 'ticket_id': 347, 'cid': 'sha256:c7a29503ec521300a125b1cbcdd170e2891cdaf9a83a8f31766afda404ea6237'}",mock
0xbf30bfbaffca0023688aedf5d2e88462494bfee0d5a90ce773a22757517fc1bf,86000,1,TicketReserved,"{'model_id': 'model_mnist_784_noniid', 'round': 6, 'ticket_id': 348, 'owner': 'acct_48'}",mock
0x379a04d486deab23ec44c91fd751e47892fc3e528e68d1fb851913d8890eccc8,93000,1,UpdatePublished,"{'model_id': 'model_mnist_784_noniid', 'round': 6, 'ticket_id': 348, 'cid': 'sha256:52eba5c4e91db6b62f8b84e3e0896d5c92068c3aacf1a8b2946b6b6fa56b3237'}",mock
0x51040372615fd902a68918a86507da39a12af786fcae3c74545b20c50891630e,86000,1,TicketReserved,"{'model_id': 'model_mnist_784_noniid', 'round': 6, 'ticket_id': 349, 'owner': 'acct_49'}",mock
0x12ef4311267a417d1c742d7709ba6ca3f57b4af0e86e82585fcf5469b3778b78,93000,1,UpdatePublished,"{'model_id': 'model_mnist_784_noniid', 'round': 6, 'ticket_id': 349, 'cid': 'sha256:4fee4cddce27dd69970fad3b5513598979cff28d33486a8faaba42967c801b54'}",mock
0x20c2262f8de027a13f12e9fb40422bde30bc917c081bd25cd2452e352cc811a3,86000,1,TicketReserved,"{'model_id': 'model_mnist_784_noniid', 'round': 6, 'ticket_id': 350, 'owner': 'acct_50'}",mock
0xae58e96676209824c196c055b7613da1f75f6e56b5cb37ce5ed449315269ba37,93000,1,UpdatePublished,"{'model_id': 'model_mnist_784_noniid', 'round': 6, 'ticket_id': 350, 'cid': 'sha256:d5f137c549630b2f544ede9f659d5c91e172d62766b612d30536c9edadf39f58'}",mock
0x2eb033690b7fab324645d5a047b608f32675adfe4248e353b5cc5e74848bdfbc,605000,1,RoundFinalized,"{'model_id': 'model_mnist_784_noniid', 'round': 6, 'included': 24, 'refunds': 24}",mock
0x2df27144a72c75d29788e44062ed9a98fa10486dcbe0327d698b60f9f89dea4d,52000,1,RoundFunded,"{'model_id': 'model_mnist_784_noniid', 'amount_wei': 10000000000000000}",mock
0x792f6035bef743a078c8ce698671e7e3b76bd2fd87c0b48b045c7c249c78a7bc,86000,1,TicketReserved,"{'model_id': 'model_mnist_784_noniid', 'round': 7, 'ticket_id': 351, 'owner': 'acct_1'}",mock
0x2ee539fede714558dcabb696ab11083c54e3c9331f62713ab889fb502e724387,93000,1,UpdatePublished,"{'model_id': 'model_mnist_784_noniid', 'round': 7, 'ticket_id': 351, 'cid': 'sha256:6bd4b27e23f879485daffd150fa8df578457ecfd1ea3d14b027d6ba688e9c21d'}",mock
0x02370a68aa1de893f70fd9ae3d00e94cdc82dd56f6880a4725d0a2cce398f4e7,86000,1,TicketReserved,"{'model_id': 'model_mnist_784_noniid', 'round': 7, 'ticket_id': 352, 'owner': 'acct_2'}",mock
0x08d21cdcbff48db070eb6b8ccfb523fe64dc7dfa9d832835ed676f14c8905706,93000,1,UpdatePublished,"{'model_id': 'model_mnist_784_noniid', 'round': 7, 'ticket_id': 352, 'cid': 'sha256:7c11a6a121f9370fd53c8daa85deac07f01260bc15375d990ad148cf844ee5de'}",mock
0xb11b19adbbc5935d669f7d2f6a1bf65f4c1684d9c692b92f38b851aa3d8a538e,86000,1,TicketReserved,"{'model_id': 'model_mnist_784_noniid', 'round': 7, 'ticket_id': 353, 'owner': 'acct_3'}",mock
0xa69ca15a6dce6b72e6489fc536c58bf7559e10e96a544256d2f54ef3981ac911,93000,1,UpdatePublished,"{'model_id': 'model_mnist_784_noniid', 'round': 7, 'ticket_id': 353, 'cid': 'sha256:ab2d12fd43f92b68e11df86ed662a3b4304ccfcc85bc56148f2036d727b40b69'}",mock
0x00f336adc78aabf36298c52011ec34882eea841446195da0195942235cb043bb,86000,1,TicketReserved,"{'model_id': 'model_mnist_784_noniid', 'round': 7, 'ticket_id': 354, 'owner': 'acct_4'}",mock
0xd23cd39bf38726fd59c3cd1651f38772511e153100079408604260474dd5695f,93000,1,UpdatePublished,"{'model_id': 'model_mnist_784_noniid', 'round': 7, 'ticket_id': 354, 'cid': 'sha256:63818c58174e86cfd6f470031ee5e4cac643f4a30efd6147d4929d39fde0b642'}",mock
0x314d86874d332065d3fa238dffd0b81f9e250606b34ee78c084b65bb7ca8c123,86000,1,TicketReserved,"{'model_id': 'model_mnist_784_noniid', 'round': 7, 'ticket_id': 355, 'owner': 'acct_5'}",mock
0xee016d5e133981de9f6e91488de23d72f4b41047165f440c51b1842bfb4ccb66,93000,1,UpdatePublished,"{'model_id': 'model_mnist_784_noniid', 'round': 7, 'ticket_id': 355, 'cid': 'sha256:a76fe785808da4f803e521ecac42dc213f0d5487fe7082fc2ef20434a1d15856'}",mock
0x1007fb301b6f181d392bc03aa524e303bd1040b4a83ee67ad13cabe697210cf1,86000,1,TicketReserved,"{'model_id': 'model_mnist_784_noniid', 'round': 7, 'ticket_id': 356, 'owner': 'acct_6'}",mock
0xf2d5e24c02b4c49622390c619d5d2a7cce6daad1bf3f1d93ffb9a8c5c7012179,93000,1,UpdatePublished,"{'model_id': 'model_mnist_784_noniid', 'round': 7, 'ticket_id': 356, 'cid': 'sha256:fcd437d86bbaddc4e0ac5f5fe293bee2bc03475f11f92b196cf4b31e59bda461'}",mock
0x382a72281fad930b4a69116831fc90bbd722dbcb492e1c6c5db36a354d3b81a2,86000,1,TicketReserved,"{'model_id': 'model_mnist_784_noniid', 'round': 7, 'ticket_id': 357, 'owner': 'acct_7'}",mock
0xafa5cbb40bb0dd4dbb3b120f39f8b6fa95989adbc1b9126291432a54601afeb1,93000,1,UpdatePublished,"{'model_id': 'model_mnist_784_noniid', 'round': 7, 'ticket_id': 357, 'cid': 'sha256:65107cf2170b16f2f1f8a9fbde46e6ed324e7ef1fc9f277f5d7a8b8eed563383'}",mock
0x85127b46e7654f72e3b5373342d93f3291be11d171736f357744bbaee87e7ca7,86000,1,TicketReserved,"{'model_id': 'model_mnist_784_noniid', 'round': 7, 'ticket_id': 358, 'owner': 'acct_8'}",mock
0x9c849cb8a6fba08219f7b6f582f910be7f3e242de15713f132a19ced04d5902a,93000,1,UpdatePublished,"{'model_id': 'model_mnist_784_noniid', 'round': 7, 'ticket_id': 358, 'cid': 'sha256:20f97285c1214294bc48b1b0ea0ed676135cf41001c0319e1cb481b3b88101a8'}",mock
0xca91c2df14802c12335f67010957f8d5f5ba2613e09af2e1cf837a1979545d59,86000,1,TicketReserved,"{'model_id': 'model_mnist_784_noniid', 'round': 7, 'ticket_id': 359, 'owner': 'acct_9'}",mock
0x4cfd785e5c252dde724157f950b838b363b912a587a2ceacd00fd38da2088218,93000,1,UpdatePublished,"{'model_id': 'model_mnist_784_noniid', 'round': 7, 'ticket_id': 359, 'cid': 'sha256:f699974b965bf5604968e9a6635cc008b9fa7e0d8ca42e55ef822fc452929405'}",mock
0x93e8d0adb2a565815e189c267b3ea706ef285048fac633b8e1f7714e494323c9,86000,1,TicketReserved,"{'model_id': 'model_mnist_784_noniid', 'round': 7, 'ticket_id': 360, 'owner': 'acct_10'}",mock
0x01e0fdb4983cb903c9d95bd5b6ccd0ca5c177f2863d7434f71633e61a2ca7924,93000,1,UpdatePublished,"{'model_id': 'model_mnist_784_noniid', 'round': 7, 'ticket_id': 360, 'cid': 'sha256:e400346710a473425287454f9e2a1e62bef03556e5a4cf5a486a097eb2bb761d'}",mock
0xa8a59bd5a4b454d43898cb315689b72deb547a2beb90afe4a736af33712bbd39,86000,1,TicketReserved,"{'model_id': 'model_mnist_784_noniid', 'round': 7, 'ticket_id': 361, 'owner': 'acct_11'}",mock
0x25a3b6b0516994b709b0e06dc89f81bc5ab7f206b9d2eb593dece24b12323e87,93000,1,UpdatePublished,"{'model_id': 'model_mnist_784_noniid', 'round': 7, 'ticket_id': 361, 'cid': 'sha256:924853ea3739c989534e1818507b111ddaecf74b6c80d8d9b983f913dd1e3d36'}",mock
0x0441de4e0821e1fb0dceee38c9a1b210aaa4f2bbb432d3e9ef74fff43af9c393,86000,1,TicketReserved,"{'model_id': 'model_mnist_784_noniid', 'round': 7, 'ticket_id': 362, 'owner': 'acct_12'}",mock
0xd816f7fb89dab9d4b8e8c3caac21f098eb63285b50f4759a3d25746e60a50ee6,93000,1,UpdatePublished,"{'model_id': 'model_mnist_784_noniid', 'round': 7, 'ticket_id': 362, 'cid': 'sha256:7e161a40bebc10899e1161571d68279704e48f3aa1536200842dd13262718c02'}",mock
0x4c3fbd563ce61493be4e8913c8aef5af2555d6aeaa49d995d2ca6716a7669d69,86000,1,TicketReserved,"{'model_id': 'model_mnist_784_noniid', 'round': 7, 'ticket_id': 363, 'owner': 'acct_13'}",mock
0x6ebf157af74a42eb766c5604d4cab241112c42640f992029b6a9ac4eaa77aa26,93000,1,UpdatePublished,"{'model_id': 'model_mnist_784_noniid', 'round': 7, 'ticket_id': 363, 'cid': 'sha256:d277f62488eea1336293f58576db6dcc4cbbe4c459c13df9cad3e1b498ddb352'}",mock
0x3f323cebd2878a5dee8152c65a868c752b03ace1115aa2522eb13700ddb2ad04,86000,1,TicketReserved,"{'model_id': 'model_mnist_784_noniid', 'round': 7, 'ticket_id': 364, 'owner': 'acct_14'}",mock
0xcedb444f0ed192569f08ec21584e59690337ccd7fd9bc8b9c984c570e92bd11a,93000,1,UpdatePublished,"{'model_id': 'model_mnist_784_noniid', 'round': 7, 'ticket_id': 364, 'cid': 'sha256:b2466c5545f3d0bca432b605b376c652ee260509891b3370795a1a42b9da708a'}",mock
0x4d669972ef3c2be20de8ca9c93c5496a86db1618871ebb19a4a431e327cbc278,86000,1,TicketReserved,"{'model_id': 'model_mnist_784_noniid', 'round': 7, 'ticket_id': 365, 'owner': 'acct_15'}",mock
0xf1df01f20078cc848c26169b2120228c7751d0c3f617f4bdd93a897a52006e93,93000,1,UpdatePublished,"{'model_id': 'model_mnist_784_noniid', 'round': 7, 'ticket_id': 365, 'cid': 'sha256:1a27f58097e4446274ec98c3b93f3512a06cbdb0fca740684e9c90c2e92650e7'}",mock
0x9e952c665d22998dc6317ae4101c6da26837a330b80fe95bf35970ffdd664832,86000,1,TicketReserved,"{'model_id': 'model_mnist_784_noniid', 'round': 7, 'ticket_id': 366, 'owner': 'acct_16'}",mock
0x6d5f06c7435430a361724235d19298c694b473ecb44fe85b2f204477f52b93b3,93000,1,UpdatePublished,"{'model_id': 'model_mnist_784_noniid', 'round': 7, 'ticket_id': 366, 'cid': 'sha256:2c7d1fab1ef6fdd3b692c69f4d34084ff12f79ce9fbeb8e833c543e05f6da1e9'}",mock
0x48684180e48698d81796928e979ed601fd6614d5cb346c44451e347a821bddf5,86000,1,TicketReserved,"{'model_id': 'model_mnist_784_noniid', 'round': 7, 'ticket_id': 367, 'owner': 'acct_17'}",mock
0xe8a5b5ad6cc307c958ec11693642305e0e2d2447d060137f2b402c05c0892ed4,93000,1,UpdatePublished,"{'model_id': 'model_mnist_784_noniid', 'round': 7, 'ticket_id': 367, 'cid': 'sha256:1312c0dc765d4e4af070a9d56f080f186705badece140a759549aaa9e80a1da5'}",mock
0xb0070ff3348bc82a698b82fb755aff4a92ed5aa62e45c6dc2b0fb767176a6e0d,86000,1,TicketReserved,"{'model_id': 'model_mnist_784_noniid', 'round': 7, 'ticket_id': 368, 'owner': 'acct_18'}",mock
0x532738142a8955d5099a89a727199e45c13ec94fd3eb1c550666b8df6b50af02,93000,1,UpdatePublished,"{'model_id': 'model_mnist_784_noniid', 'round': 7, 'ticket_id': 368, 'cid': 'sha256:6f1db280b1c37113afae0c122e04a363f9ac3f7ecc40c91c2f9c88ae84159ca1'}",mock
0x7ad855d747d79c40ddffd401a7f1b76476fee9147a4f24b7d99d1f90305ebae9,86000,1,TicketReserved,"{'model_id': 'model_mnist_784_noniid', 'round': 7, 'ticket_id': 369, 'owner': 'acct_19'}",mock
0x861b9cc43b40c7f54acd08424110ef2a6d3af2f1b5623a4ddafa65a7cd72737f,93000,1,UpdatePublished,"{'model_id': 'model_mnist_784_noniid', 'round': 7, 'ticket_id': 369, 'cid': 'sha256:5f055328dd373f01bc313e1e95f572eebecb2c1cdca77b6963d8152cc08ce28d'}",mock
0x9fe35e61eada148e52e9d32ab40f0095971f9b59248026cdebb787d573e2fb02,86000,1,TicketReserved,"{'model_id': 'model_mnist_784_noniid', 'round': 7, 'ticket_id': 370, 'owner': 'acct_20'}",mock
0x34936f012bf8c59036706374eb524c65bb90c975cf1d1b31803bf3b8d822581e,93000,1,UpdatePublished,"{'model_id': 'model_mnist_784_noniid', 'round': 7, 'ticket_id': 370, 'cid': 'sha256:ac9f960ab73b58420dc20e1d4b57582c98b86a5fc29351c15c1209058f8464de'}",mock
0x58f3dfeec37713f8735446d393b7b39469000abe8a4805ab4deb233044c53daf,86000,1,TicketReserved,"{'model_id': 'model_mnist_784_noniid', 'round': 7, 'ticket_id': 371, 'owner': 'acct_21'}",mock
0x85920ef09ed9dd3e782fda483344b0ce01a5f332676da18e7e34d49e2142370d,93000,1,UpdatePublished,"{'model_id': 'model_mnist_784_noniid', 'round': 7, 'ticket_id': 371, 'cid': 'sha256:9a0d2929504536e3f80117d4ba67bbbfa1cfae3a289defcb8cf2b9c39b735869'}",mock
0x555363aa53bb09565ce8aa309525a01759b42b3195bd3466805b78eecd64bed4,86000,1,TicketReserved,"{'model_id': 'model_mnist_784_noniid', 'round': 7, 'ticket_id': 372, 'owner': 'acct_22'}",mock
0xdae9fa8c426ddc620d840624f969fc174d08c17381fd0eddf7898f4824fbd481,93000,1,UpdatePublished,"{'model_id': 'model_mnist_784_noniid', 'round': 7, 'ticket_id': 372, 'cid': 'sha256:36bd2bd7a62f98e067f61f25545e3fb39a13d5a31811b8ba6971ab88d99dc642'}",mock
0xffd49fe7d133a6d4bb4793721d59431a773725956bd6cb95fc8ffbd3c16a7b25,86000,1,TicketReserved,"{'model_id': 'model_mnist_784_noniid', 'round': 7, 'ticket_id': 373, 'owner': 'acct_23'}",mock
0xb8c5786c7ebea92c103a0a6ae5cd882e64276ed1120d36883b35b26e7c4de9c4,93000,1,UpdatePublished,"{'model_id': 'model_mnist_784_noniid', 'round': 7, 'ticket_id': 373, 'cid': 'sha256:eb3dfab109bfde8404abbe453b2223458f74e8be00edf50db996a86f98479510'}",mock
0xc560561a3eb5cf07c30379babf49d69ee2d117dee730e079c2fae51cff100449,86000,1,TicketReserved,"{'model_id': 'model_mnist_784_noniid', 'round': 7, 'ticket_id': 374, 'owner': 'acct_24'}",mock
0xeca1006f4d5c98418bce86ea4d62bbd27c4cc13bae010ab5226f87a9ae8e94fb,93000,1,UpdatePublished,"{'model_id': 'model_mnist_784_noniid', 'round': 7, 'ticket_id': 374, 'cid': 'sha256:467b3796e7d5712e285296b0b4ff1f5b43645e0b28863dba65dd979421a5895e'}",mock
0x2d3c2bbc821c666c42e56b24a6e2ce12f90007c9faf8ba329af816f545aaa18a,86000,1,TicketReserved,"{'model_id': 'model_mnist_784_noniid', 'round': 7, 'ticket_id': 375, 'owner': 'acct_25'}",mock
0x7ce23c15f916882f143c0c336506f3f34cd473f95aa2caf3431159d400dd21de,93000,1,UpdatePublished,"{'model_id': 'model_mnist_784_noniid', 'round': 7, 'ticket_id': 375, 'cid': 'sha256:3d0748f810a5a5bc658ae9e7243b24e321948a2d4a4455c11ad4280c41bef1db'}",mock
0x52e8d4263e476a4a592c3339a57d359964511abf92d8668d8a9627bc9536fc9e,86000,1,TicketReserved,"{'model_id': 'model_mnist_784_noniid', 'round': 7, 'ticket_id': 376, 'owner': 'acct_26'}",mock
0x974999c3cf059fbbfe321fcf6432374080a99031f278d844ef5c9d0ffee0620d,93000,1,UpdatePublished,"{'model_id': 'model_mnist_784_noniid', 'round': 7, 'ticket_id': 376, 'cid': 'sha256:7338fd9c5a5eb35272db3540e74bf9ecdce0c7a8d41f20513d09a6b5ff8da90e'}",mock
0xa22cf4c2545ef3b93878b197ced67002ce2d43029a7551789e1a6dbd24b6cebe,86000,1,TicketReserved,"{'model_id': 'model_mnist_784_noniid', 'round': 7, 'ticket_id': 377, 'owner': 'acct_27'}",mock
0x47a48fee3a43a66247ad904b62f7e90395a047360e99353eeca84bde3fd5b9ce,93000,1,UpdatePublished,"{'model_id': 'model_mnist_784_noniid', 'round': 7, 'ticket_id': 377, 'cid': 'sha256:1ab9e005c68558d12433c81482bd501607fb06cd863c722e866e4d3dc4db7e7f'}",mock
0x3e5205aefe5278db1b60422462f8fd4b8e760296ca349d1417b44f63bc1e41c8,86000,1,TicketReserved,"{'model_id': 'model_mnist_784_noniid', 'round': 7, 'ticket_id': 378, 'owner': 'acct_28'}",mock
0x498c8bdf56ea56f6e40eca5bd6ea1f852d34ed527569dc5912459179f2a080b9,93000,1,UpdatePublished,"{'model_id': 'model_mnist_784_noniid', 'round': 7, 'ticket_id': 378, 'cid': 'sha256:2d43283fe5ae66b98f1af5fc24369b46a41b99d5c38a527195c2ac969ee1425d'}",mock
0x67a80dec2d1ff74cfb739a7965a26b8899e768946a2f4ba415ea459a6e0d2e6f,86000,1,TicketReserved,"{'model_id': 'model_mnist_784_noniid', 'round': 7, 'ticket_id': 379, 'owner': 'acct_29'}",mock
0xa24a75c520d9c5d02a308ddf7765291a0bbd2d6077207336b933c0d1091a2f09,93000,1,UpdatePublished,"{'model_id': 'model_mnist_784_noniid', 'round': 7, 'ticket_id': 379, 'cid': 'sha256:81ea36d049aad61aeacbb11d642fa988344afcbbc5fca2a0c85ffaa2f7dc1637'}",mock
0xdda25a46969d66c72da3d23de5eb3e758b8a77b2fe0be25efdd2bdb3d5b1a75a,86000,1,TicketReserved,"{'model_id': 'model_mnist_784_noniid', 'round': 7, 'ticket_id': 380, 'owner': 'acct_30'}",mock
0x701c66ef48c3b542fec9297dae88bf012b7c04e4dc10134904c5c502b5366f24,93000,1,UpdatePublished,"{'model_id': 'model_mnist_784_noniid', 'round': 7, 'ticket_id': 380, 'cid': 'sha256:4f97bc3020383e1983d43497a48547503be3366eea599d226d5bc09c78396503'}",mock
0xde17fe1c1ab70604d2aaf7f933cab91cb8cc739b5b69887e2a3f296d9efde2f9,86000,1,TicketReserved,"{'model_id': 'model_mnist_784_noniid', 'round': 7, 'ticket_id': 381, 'owner': 'acct_31'}",mock
0x06e8ef1a913402b8606b1d3262e25c1e0df528a1e9631f8d76412653cdf97fc4,93000,1,UpdatePublished,"{'model_id': 'model_mnist_784_noniid', 'round': 7, 'ticket_id': 381, 'cid': 'sha256:ea3a2e5c13b2fa6135908255a59b16b76621b0b1b1f2f790819120cf2cbf22d7'}",mock
0xc0c68775d83e63d969397616f9cfb7fa5b86e17b5432835ede3b70cbb94eb466,86000,1,TicketReserved,"{'model_id': 'model_mnist_784_noniid', 'round': 7, 'ticket_id': 382, 'owner': 'acct_32'}",mock
0xa4b853ed5d33c85df1875fc2b6805f76fd1d3c714a2c3c761eb1ad6c61e26f5e,93000,1,UpdatePublished,"{'model_id': 'model_mnist_784_noniid', 'round': 7, 'ticket_id': 382, 'cid': 'sha256:846a309b05df6d0f5239e8f8dca361cc34344b6928b8ee26dcca05370b915332'}",mock
0x6e57cccb44b79bbe8abf9ef8a7fdf4e86f20d4a57142f694ff76988e679c93a5,86000,1,TicketReserved,"{'model_id': 'model_mnist_784_noniid', 'round': 7, 'ticket_id': 383, 'owner': 'acct_33'}",mock
0x7df4f158cfbfc3bccf27fde7de413bbc3e6c56c10c5a3d99bd4628b92c6ef319,93000,1,UpdatePublished,"{'model_id': 'model_mnist_784_noniid', 'round': 7, 'ticket_id': 383, 'cid': 'sha256:79a05754e06ee99a7e6d969e8da62a050c5abcea87729b1adf7eb1e0b3533a8c'}",mock
0x0cb46067b36afc580b69c496ecb51b3c76616f663658674223417b55a736cf0f,86000,1,TicketReserved,"{'model_id': 'model_mnist_784_noniid', 'round': 7, 'ticket_id': 384, 'owner': 'acct_34'}",mock
0x07226ec9c670cbce9c789cb3dbb65f2b43ddd323582edcdf254229c72169a49a,93000,1,UpdatePublished,"{'model_id': 'model_mnist_784_noniid', 'round': 7, 'ticket_id': 384, 'cid': 'sha256:bc2078dbcb1fb3186f2b28b51e85debe6d0a5a8f282dd23b57ef211f5c774af5'}",mock
0x3279bbf897d83892cb510c20223d8b9736145e0edd085d03817387609501cd70,86000,1,TicketReserved,"{'model_id': 'model_mnist_784_noniid', 'round': 7, 'ticket_id': 385, 'owner': 'acct_35'}",mock
0x35158a6c79ad9cfe18d68b3760bfca6ad72c06da0280b7db67412279c7b29792,93000,1,UpdatePublished,"{'model_id': 'model_mnist_784_noniid', 'round': 7, 'ticket_id': 385, 'cid': 'sha256:a2755b1e334204654c3a86c3576062a69b07cc41ef25e2c4a665c4c6cce45e68'}",mock
0x4382452dab80d48009461d1708237397fdd43d5c433d394b2f67a20a3865850b,86000,1,TicketReserved,"{'model_id': 'model_mnist_784_noniid', 'round': 7, 'ticket_id': 386, 'owner': 'acct_36'}",mock
0x836ca417e1b06fb07798de1101a959dd27a8e8e41d6897542705daee2609eac6,93000,1,UpdatePublished,"{'model_id': 'model_mnist_784_noniid', 'round': 7, 'ticket_id': 386, 'cid': 'sha256:cec4788438d05485acfabeed1bff2ee25217589e176077d8519a92b00fc4c225'}",mock
0x070307bb644d1ff20755ee098541bdc3ae8eb0bca62e8f93c0075ffe0b4c6438,86000,1,TicketReserved,"{'model_id': 'model_mnist_784_noniid', 'round': 7, 'ticket_id': 387, 'owner': 'acct_37'}",mock
0x5596eeb0292e948077b150f8cde02888b1012aebcd5397ed7bc55d1163298d98,93000,1,UpdatePublished,"{'model_id': 'model_mnist_784_noniid', 'round': 7, 'ticket_id': 387, 'cid': 'sha256:7b7f27e5a6f9e9721008334a817a77fd234a32fd3761e3cb3d7b76f6ff73d7d8'}",mock
0xa1a4763b7225cb8d2df242546c8b0675786accf6c93e92e93ee9741b7e2148af,86000,1,TicketReserved,"{'model_id': 'model_mnist_784_noniid', 'round': 7, 'ticket_id': 388, 'owner': 'acct_38'}",mock
0xc3ef09c6cbd1e722e8182901d15ddf3754eba9971fd64455b88022ea9cdf6bc8,93000,1,UpdatePublished,"{'model_id': 'model_mnist_784_noniid', 'round': 7, 'ticket_id': 388, 'cid': 'sha256:e84979106330f50a053659131731cedc262f847dd58d06b3a88fe79e249cff77'}",mock
0xfc106f99f2a497633b5f81ba7ad622d77295eaec00cc0116a582b1b498ff14a5,86000,1,TicketReserved,"{'model_id': 'model_mnist_784_noniid', 'round': 7, 'ticket_id': 389, 'owner': 'acct_39'}",mock
0x6f40198b160bc9cb947163a92dd00e82215b96e222560c4bdf1843c13950a26c,93000,1,UpdatePublished,"{'model_id': 'model_mnist_784_noniid', 'round': 7, 'ticket_id': 389, 'cid': 'sha256:c5dd74f283ed0f1d52d0f029a9e93997146b6b161e099b160a7768c6a6e3493f'}",mock
0x813910a83957a6920216c7246b5d5ff8ff3cd556172a1d0d4a6e195904c93097,86000,1,TicketReserved,"{'model_id': 'model_mnist_784_noniid', 'round': 7, 'ticket_id': 390, 'owner': 'acct_40'}",mock
0x85f6c456657a032880696c05093454e9602ee1c82578e926b89a7c0b9be0e1c7,93000,1,UpdatePublished,"{'model_id': 'model_mnist_784_noniid', 'round': 7, 'ticket_id': 390, 'cid': 'sha256:1684ea540542b54daa9cb893db1170010a37677d3e5bada38360d590464b1791'}",mock
0xdffd41eca3d1640bfafd48fd83026fd124a2a0742844ffa7bd08a7bd9e3e394f,86000,1,TicketReserved,"{'model_id': 'model_mnist_784_noniid', 'round': 7, 'ticket_id': 391, 'owner': 'acct_41'}",mock
0x149257f2f10054265df7a67bbf1f3bfce438c0541395fd117cb4eee80ae06764,93000,1,UpdatePublished,"{'model_id': 'model_mnist_784_noniid', 'round': 7, 'ticket_id': 391, 'cid': 'sha256:bb22b15af1756d221b36b08fd981709f22086732936b521bf460100db559fb10'}",mock
0x1813bc80016e4bd214a81fc61b03a557e97fc801f223eb557bdb8f1240ca2f09,86000,1,TicketReserved,"{'model_id': 'model_mnist_784_noniid', 'round': 7, 'ticket_id': 392, 'owner': 'acct_42'}",mock
0x4043448799d369437133eb6b10c3aaa750caa6e7ebe9f143602ed3f8cc746a2c,93000,1,UpdatePublished,"{'model_id': 'model_mnist_784_noniid', 'round': 7, 'ticket_id': 392, 'cid': 'sha256:3e741374012fdd3e797948073ba81b0c919b3222ca693f5a27b7c1496d531de5'}",mock
0xf669f8fb963ef1d0b12878f5280711460c68e4190bd55e33c2e6b7736666e586,86000,1,TicketReserved,"{'model_id': 'model_mnist_784_noniid', 'round': 7, 'ticket_id': 393, 'owner': 'acct_43'}",mock
0x95519b9fc2f2846cf5787802df5f6e4d587e768731f46a8f4c00d7d7a93dca7e,93000,1,UpdatePublished,"{'model_id': 'model_mnist_784_noniid', 'round': 7, 'ticket_id': 393, 'cid': 'sha256:90f26733daaa8e666d1eb0b5d5fc8109760fe958d26669d2438ff73ea4cadef0'}",mock
0x5ea712a8bbdcc56a2c1dad62383367a8297897855b2f4b83400af21037e69341,86000,1,TicketReserved,"{'model_id': 'model_mnist_784_noniid', 'round': 7, 'ticket_id': 394, 'owner': 'acct_44'}",mock
0xcf15ee97f648f30737d71d1e8efc1d7065622155ce94789109b7f630065c885b,93000,1,UpdatePublished,"{'model_id': 'model_mnist_784_noniid', 'round': 7, 'ticket_id': 394, 'cid': 'sha256:e027c0c64f0fc7d3d7423d978804aa441313a0dbae4d9e584bb0173acf848663'}",mock
0xc6e262874b480e6c5161b7605b9b8269db8ae9e4a9dbba008237cdee58342734,86000,1,TicketReserved,"{'model_id': 'model_mnist_784_noniid', 'round': 7, 'ticket_id': 395, 'owner': 'acct_45'}",mock
0xd3628e61b3810ed17f322b114c1addb8e72b3cc39ebb156569751e2aa8e9eb37,93000,1,UpdatePublished,"{'model_id': 'model_mnist_784_noniid', 'round': 7, 'ticket_id': 395, 'cid': 'sha256:4eaf233c7c1a455523e7bb50f92fbe8ab274729455dab1f81c2d5131498ab2b4'}",mock
0xbae631e0a8ec3bf761bc16c07d0a409cc7c33dd2f27ec5fadc72fd9a5cbd77cc,86000,1,TicketReserved,"{'model_id': 'model_mnist_784_noniid', 'round': 7, 'ticket_id': 396, 'owner': 'acct_46'}",mock
0xa6fcfa62036c392da81861e401a92c0f7dfcc224b6ce76f5397ef4bbac0a327a,93000,1,UpdatePublished,"{'model_id': 'model_mnist_784_noniid', 'round': 7, 'ticket_id': 396, 'cid': 'sha256:622ddce6b88856c6dfd377f884ff8d787fa1624d86c6f4e41fa6ca80c527a56d'}",mock
0x9d7ada6ef16410fff607b0252aa2d76e0edf9e301c9a099fc8e9daa544b1e048,86000,1,TicketReserved,"{'model_id': 'model_mnist_784_noniid', 'round': 7, 'ticket_id': 397, 'owner': 'acct_47'}",mock
0x15ec526998e47fcad82b4a5a9c0ccb9c67fd2b3139668ea9fed5a2f86863049e,93000,1,UpdatePublished,"{'model_id': 'model_mnist_784_noniid', 'round': 7, 'ticket_id': 397, 'cid': 'sha256:10f30a6f2f545320a550642088c14ea6f60f553694240aceb5ddacbd8413d225'}",mock
0xb1615513a53c4dd32325f952b891708d0692a2a8f2c89ba53f1172abf09be1b8,86000,1,TicketReserved,"{'model_id': 'model_mnist_784_noniid', 'round': 7, 'ticket_id': 398, 'owner': 'acct_48'}",mock
0xc3e381e7b5e573d23a45f3c01460c0d3485c41809a53fa55c9a08872cbafb523,93000,1,UpdatePublished,"{'model_id': 'model_mnist_784_noniid', 'round': 7, 'ticket_id': 398, 'cid': 'sha256:40684a2ad52efc6cb8b12884d6f8b1478d59a611b65f77b8ff3ba1c999ace248'}",mock
0xe807330be95b1e4132ab5f99f9c26f0142cdcc5cea106f86fc5ae848624375d5,86000,1,TicketReserved,"{'model_id': 'model_mnist_784_noniid', 'round': 7, 'ticket_id': 399, 'owner': 'acct_49'}",mock
0x347be104925ce7ccd3f3223b83a179d5ff25883ec8170d87eaba7e2b4ccd3c4b,93000,1,UpdatePublished,"{'model_id': 'model_mnist_784_noniid', 'round': 7, 'ticket_id': 399, 'cid': 'sha256:09dfcf3bf5da1490d358c2a31015058afde98dde697c40350860e20e34365fce'}",mock
0x8685fdb24a42e704aca24489a6208dad018ae67b24e49cf2ff4b35830ee16357,86000,1,TicketReserved,"{'model_id': 'model_mnist_784_noniid', 'round': 7, 'ticket_id': 400, 'owner': 'acct_50'}",mock
0x8e32a055d5abed2679ae29235c6a52415388a5294206cd9b638090d263be2556,93000,1,UpdatePublished,"{'model_id': 'model_mnist_784_noniid', 'round': 7, 'ticket_id': 400, 'cid': 'sha256:71e03c234a73a57ba03ecbba0bea29b3ed7156efcefd3fd7738b3165dacb247e'}",mock
0x20654bc4bfcfd650b11aac480e508a9671dbc5b760452e9a256bf793a71f2f38,645000,1,RoundFinalized,"{'model_id': 'model_mnist_784_noniid', 'round': 7, 'included': 26, 'refunds': 26}",mock
0x17d2910d2a30c4f6a00015c757de976881c973059547f134ab74d762b0d5c841,52000,1,RoundFunded,"{'model_id': 'model_mnist_784_noniid', 'amount_wei': 10000000000000000}",mock
0xa03a066942be26d692cdba7d5c08c707472baf2022c67f6f6f4d4943ad780049,86000,1,TicketReserved,"{'model_id': 'model_mnist_784_noniid', 'round': 8, 'ticket_id': 401, 'owner': 'acct_1'}",mock
0xbeee96e34db06f6bad87837d8085f3d5693191d0cb79f48abcd00d9b0313aaa5,93000,1,UpdatePublished,"{'model_id': 'model_mnist_784_noniid', 'round': 8, 'ticket_id': 401, 'cid': 'sha256:d807cdcf1f19e05fc710430bb161e6d18dd646026db052ee296266b30854a25e'}",mock
0x04945ef3422ae6619da4863a2e37e6c0e411c8b91514e453d21378579573000d,86000,1,TicketReserved,"{'model_id': 'model_mnist_784_noniid', 'round': 8, 'ticket_id': 402, 'owner': 'acct_2'}",mock
0xfaa8487a07a7840491b98f91557e4bee1edfead812ef26c01b6584d9fc249537,93000,1,UpdatePublished,"{'model_id': 'model_mnist_784_noniid', 'round': 8, 'ticket_id': 402, 'cid': 'sha256:d3c5d617a4be92a1dd397c637ecad4fcb9d7c7ef5262026cdabc3b4f0fb30295'}",mock
0x9ed1ce9b5e72bbe9e70d5ed5486cf18519d777a421737ab78f1ba60eac52294f,86000,1,TicketReserved,"{'model_id': 'model_mnist_784_noniid', 'round': 8, 'ticket_id': 403, 'owner': 'acct_3'}",mock
0xf4167580c0fe4477e1e214ff5f029159a2c43321eec44f0d0eb13a9344d72369,93000,1,UpdatePublished,"{'model_id': 'model_mnist_784_noniid', 'round': 8, 'ticket_id': 403, 'cid': 'sha256:93a039e8c9cdf3d8a91252aff8b8c16693841c4f271b228d3ab2b75006b3da6d'}",mock
0x6ba20cf5889e2000c2aa9fe62481aee4bd1231ea57c712e6b70a8d516b166087,86000,1,TicketReserved,"{'model_id': 'model_mnist_784_noniid', 'round': 8, 'ticket_id': 404, 'owner': 'acct_4'}",mock
0x798cf728c3fc04e7fc86520bf0809b4a45f2259b339aac5fa4d3f853857cfbf6,93000,1,UpdatePublished,"{'model_id': 'model_mnist_784_noniid', 'round': 8, 'ticket_id': 404, 'cid': 'sha256:6b1c2ff39335f70c99a98ad522d6e1562f02f44573153dbaa8369ea99fdb8400'}",mock
0x6eed98ffe9abce2899d55a119d633103a0681978579a9b545bfbe7d976f1c719,86000,1,TicketReserved,"{'model_id': 'model_mnist_784_noniid', 'round': 8, 'ticket_id': 405, 'owner': 'acct_5'}",mock
0x68431c576da08b02caad7ce6a739d73af3d624b9c31ce72136492471c969014b,93000,1,UpdatePublished,"{'model_id': 'model_mnist_784_noniid', 'round': 8, 'ticket_id': 405, 'cid': 'sha256:25fa475a6392bc10081deda60819ecabfb830fc16c076b55084b60e2b50fcde7'}",mock
0x9f84a9d1644d3b4cce978f39bfee4f6de04cb394769d19aa35626fbe1396e1e3,86000,1,TicketReserved,"{'model_id': 'model_mnist_784_noniid', 'round': 8, 'ticket_id': 406, 'owner': 'acct_6'}",mock
0x500f2d92e1f3f9e868efa17a5a68319b2720b9dcb5916d7a84fe02a9f5c93680,93000,1,UpdatePublished,"{'model_id': 'model_mnist_784_noniid', 'round': 8, 'ticket_id': 406, 'cid': 'sha256:cbad99935b48e45c99c3ec1f93f6948de547f1f8d4d2e04c2ab173e0938b529c'}",mock
0x642033b403f7754ff6a970aa8717a05e5d56706905234507bea8f7461f3dcaad,86000,1,TicketReserved,"{'model_id': 'model_mnist_784_noniid', 'round': 8, 'ticket_id': 407, 'owner': 'acct_7'}",mock
0xb277102d559d2efd6fbb01c7774f59cc80083a411c803b436191475b47b7fc19,93000,1,UpdatePublished,"{'model_id': 'model_mnist_784_noniid', 'round': 8, 'ticket_id': 407, 'cid': 'sha256:ef84703fc7a36855184dc2055dc1d437f4396f8bf547e8dd50f68ca72c326ea0'}",mock
0x9648941e0463cf98023e15032293e97d3f0b8aab8d377dca374bdb6f893d8034,86000,1,TicketReserved,"{'model_id': 'model_mnist_784_noniid', 'round': 8, 'ticket_id': 408, 'owner': 'acct_8'}",mock
0xf3edf20aca45f7f212a6ac4576d4962efd5167551d3647b7cc7701a117da6452,93000,1,UpdatePublished,"{'model_id': 'model_mnist_784_noniid', 'round': 8, 'ticket_id': 408, 'cid': 'sha256:78dea46f1df4a6a522f9e54c9af43d669dbc2f485021fb55635079fadbc10595'}",mock
0x132b36de278b4e2c678167d4d423e71fa669cdedf3bf92baa7b45d90528508c2,86000,1,TicketReserved,"{'model_id': 'model_mnist_784_noniid', 'round': 8, 'ticket_id': 409, 'owner': 'acct_9'}",mock
0xd8d14a89dc63ccbcbc649a024b0d9f80eb7b79cd812eb32b69c556f8d82b36eb,93000,1,UpdatePublished,"{'model_id': 'model_mnist_784_noniid', 'round': 8, 'ticket_id': 409, 'cid': 'sha256:5bfaa42a94666d34d3e6b1d77a379af8c9179d2b6ec8b6be47ca18848db43de4'}",mock
0xa3be4850a70afd6284430066b1e9594d42ac2614161a6c51d852f681d48340fd,86000,1,TicketReserved,"{'model_id': 'model_mnist_784_noniid', 'round': 8, 'ticket_id': 410, 'owner': 'acct_10'}",mock
0x963134aee9423a94233f658b8431c756ce924c421b13b1ab8d8b9190d9ee63d8,93000,1,UpdatePublished,"{'model_id': 'model_mnist_784_noniid', 'round': 8, 'ticket_id': 410, 'cid': 'sha256:5f03e6d07e1e9bfcefb031a13eef0eb9e3cd3aada8f02c0a7de9c309e50745e8'}",mock
0xaa58e3d2804f9b2915cc5d81c839f1276c48f46570beba2c9be549a99bcc8829,86000,1,TicketReserved,"{'model_id': 'model_mnist_784_noniid', 'round': 8, 'ticket_id': 411, 'owner': 'acct_11'}",mock
0xb0dc336150e34d22440d1acb4ed019ff227f3a8fff54d16239231f1fc3e095bb,93000,1,UpdatePublished,"{'model_id': 'model_mnist_784_noniid', 'round': 8, 'ticket_id': 411, 'cid': 'sha256:35a2c7023bcad721267eb7150482a138e79f65df090ee93fba4de2d20da87513'}",mock
0xc5f49aeeb0650dd984e258e782dc65a8ad1d349203408ee6112e45b9bcd3e8b5,86000,1,TicketReserved,"{'model_id': 'model_mnist_784_noniid', 'round': 8, 'ticket_id': 412, 'owner': 'acct_12'}",mock
0x2063b9e9ae07c111cbc5d6dfa047c7df031388449ddcb1f40a1574403f003a3d,93000,1,UpdatePublished,"{'model_id': 'model_mnist_784_noniid', 'round': 8, 'ticket_id': 412, 'cid': 'sha256:c402f1a656dcfd7e33afd0ed5239a78d4763d034d946bec3d57542de19d3f533'}",mock
0xc2867100ecaaaff1cba0e99d9f7b0fb0aaa6b0e49b923dbd4241c9d6fa39d882,86000,1,TicketReserved,"{'model_id': 'model_mnist_784_noniid', 'round': 8, 'ticket_id': 413, 'owner': 'acct_13'}",mock
0xc8802ccaa260674131ae38e6a2df1e1460969bf0187866661627fb399d5eff2f,93000,1,UpdatePublished,"{'model_id': 'model_mnist_784_noniid', 'round': 8, 'ticket_id': 413, 'cid': 'sha256:639824a5b78e0ffaecdc9fd03b43749c80cf808ceb3bf791dc994924bc282c89'}",mock
0xf86e02353f6f53825e955cf939e319b082eb41a8c9e556dd30519f2b3e055bfb,86000,1,TicketReserved,"{'model_id': 'model_mnist_784_noniid', 'round': 8, 'ticket_id': 414, 'owner': 'acct_14'}",mock
0x595c742e2f03ce9561e7644652c2e4b36c06813f08ac8af3a2ac3721fa1aeb7e,93000,1,UpdatePublished,"{'model_id': 'model_mnist_784_noniid', 'round': 8, 'ticket_id': 414, 'cid': 'sha256:c40b9b819924827d6ea5ac78f57fe885c3c8ebac30cd436ccf77d8769372b02a'}",mock
0x2422492c4261bf36490bef34cbcc459de6173e640db2272dce6e87a8464c8d5f,86000,1,TicketReserved,"{'model_id': 'model_mnist_784_noniid', 'round': 8, 'ticket_id': 415, 'owner': 'acct_15'}",mock
0x4e00af19c19be20f135cb33ebe3eccdb5f2e428da8ab4fdb31c23e8a7c1fbc0c,93000,1,UpdatePublished,"{'model_id': 'model_mnist_784_noniid', 'round': 8, 'ticket_id': 415, 'cid': 'sha256:5a408e8af4fa93bec6affea13ce3b4c393adad48b28a28701df04bac731c4a32'}",mock
0xef423857022d9d7237a1d530ac68c200e2c552279ebde1905528482ed6f1d1dd,86000,1,TicketReserved,"{'model_id': 'model_mnist_784_noniid', 'round': 8, 'ticket_id': 416, 'owner': 'acct_16'}",mock
0x860218d7955c0097b3f036da8832f03904212fb185033e92a4b1e4492f7d1a53,93000,1,UpdatePublished,"{'model_id': 'model_mnist_784_noniid', 'round': 8, 'ticket_id': 416, 'cid': 'sha256:e962e2e9c957f89bc4573dc091ad9665aa73371a4106cee2337a99ecb0f40735'}",mock
0x15ad093663dd7edf290d162ad3c3b91c6f28d2ede054653a8ed36a3d05c4f5f5,86000,1,TicketReserved,"{'model_id': 'model_mnist_784_noniid', 'round': 8, 'ticket_id': 417, 'owner': 'acct_17'}",mock
0x8462aab459f81705fdeb7c38cfc9081c1dab93d8e8f16b73d629a91f6c4e9fe8,93000,1,UpdatePublished,"{'model_id': 'model_mnist_784_noniid', 'round': 8, 'ticket_id': 417, 'cid': 'sha256:90884f36e1cd41ce3726ddf9fe899924472991350d529f44b2bcde1ed1485c77'}",mock
0xba83a7c804a35dbb22db97a1950787d4166705024a2f00224370e4524be49cc2,86000,1,TicketReserved,"{'model_id': 'model_mnist_784_noniid', 'round': 8, 'ticket_id': 418, 'owner': 'acct_18'}",mock
0xdcc3393e742008db6b9514c83cdd3e6809454ebd6d9210a0ca379ec4892f6a89,93000,1,UpdatePublished,"{'model_id': 'model_mnist_784_noniid', 'round': 8, 'ticket_id': 418, 'cid': 'sha256:9d8613991e195b3200f50df246ab48ab12983e688dc62cafb6684e6e64a15b20'}",mock
0x25895eecccd9d1c561154b520ac5309e0010c54bb33f517e8f8ad96b7a491d90,86000,1,TicketReserved,"{'model_id': 'model_mnist_784_noniid', 'round': 8, 'ticket_id': 419, 'owner': 'acct_19'}",mock
0x95ad2ed0eff59036dcdda46f00684b91c4f8c0d5552b266f133fabe5b508b018,93000,1,UpdatePublished,"{'model_id': 'model_mnist_784_noniid', 'round': 8, 'ticket_id': 419, 'cid': 'sha256:7646e26db12d1350abdf4a3d4f6747421d7ee9cc424858c730993b4b30e0cfe4'}",mock
0xc3668ce16354c36038a4f6cd92e06eec97aa85a9ee61f15246ebcc9e8380334f,86000,1,TicketReserved,"{'model_id': 'model_mnist_784_noniid', 'round': 8, 'ticket_id': 420, 'owner': 'acct_20'}",mock
0x2e312336c35082d0d172a64951941b614ca4cf2ee4b49d1450698f3cbfbdf950,93000,1,UpdatePublished,"{'model_id': 'model_mnist_784_noniid', 'round': 8, 'ticket_id': 420, 'cid': 'sha256:d79f29424ff56579b5d23e0b9b0a1dd96fee0beabef22a27a5c945af228ba163'}",mock
0x3de4bf416cb5a577c57b988397bb2b514144202f0795d6fab837f697eed70f75,86000,1,TicketReserved,"{'model_id': 'model_mnist_784_noniid', 'round': 8, 'ticket_id': 421, 'owner': 'acct_21'}",mock
0x31c827f4462fe22fa40b0e4778bdcd4cc46ae681c7f3f159d1af77f12a641c1a,93000,1,UpdatePublished,"{'model_id': 'model_mnist_784_noniid', 'round': 8, 'ticket_id': 421, 'cid': 'sha256:5750d894581acfdde56295e8b04649310b57d13a6dbb3281b258c6d2200f624e'}",mock
0x8ed0dbedce3d4a862cb61b7b9351056c2ddaa3e0e17c64f0528fe3aac3016e45,86000,1,TicketReserved,"{'model_id': 'model_mnist_784_noniid', 'round': 8, 'ticket_id': 422, 'owner': 'acct_22'}",mock
0x5c48f954765480e3d59837405946ff4e76d0d370f2f939139719b076a88616d2,93000,1,UpdatePublished,"{'model_id': 'model_mnist_784_noniid', 'round': 8, 'ticket_id': 422, 'cid': 'sha256:98d0c28994275dda90db12791ece3d85bff629b2804c99949782df20ec54d128'}",mock
0xce724dbbcc6596375b720b0eaaf50c4b450979f5229da2d4696917703cbc1891,86000,1,TicketReserved,"{'model_id': 'model_mnist_784_noniid', 'round': 8, 'ticket_id': 423, 'owner': 'acct_23'}",mock
0xa1af3999344fdf2f979878c2ddb796330546d7bbcad709a3a34cab0a971edb42,93000,1,UpdatePublished,"{'model_id': 'model_mnist_784_noniid', 'round': 8, 'ticket_id': 423, 'cid': 'sha256:a3d7910cd0c35e4b205413ab77105ef5b6eae7b442a10d8799b43beb59a2e430'}",mock
0xfb1bce3136eec23f13fe6a10d1305160e91240dc053061fe9be7712332675cff,86000,1,TicketReserved,"{'model_id': 'model_mnist_784_noniid', 'round': 8, 'ticket_id': 424, 'owner': 'acct_24'}",mock
0xed12454b3bd180effaf85c73b8c29df9947b1313edcb02d378726d90e514a329,93000,1,UpdatePublished,"{'model_id': 'model_mnist_784_noniid', 'round': 8, 'ticket_id': 424, 'cid': 'sha256:b19d3ec61fda6f1f42d542d932ab508e3e6787b368ff6ee2bc68cf2990d78fa1'}",mock
0x9542b63bd8c2d636d63372c133dc3eeebd809db65b2322ea71ca2b5a145df715,86000,1,TicketReserved,"{'model_id': 'model_mnist_784_noniid', 'round': 8, 'ticket_id': 425, 'owner': 'acct_25'}",mock
0x7a563931efe4ca1d4abb226267e12a56d2394082e78a92bb64029f2c413aca72,93000,1,UpdatePublished,"{'model_id': 'model_mnist_784_noniid', 'round': 8, 'ticket_id': 425, 'cid': 'sha256:1db57d9fb8ba1b3a3cbdb3026ed90c39f3b3e76c893f2bf58d25589877ea3571'}",mock
0xb9f7bb848d5ac4a5355acda6fa85e7a037dbd0d686f96f8366a9e597a6906143,86000,1,TicketReserved,"{'model_id': 'model_mnist_784_noniid', 'round': 8, 'ticket_id': 426, 'owner': 'acct_26'}",mock
0x5082e60714c01e31c5fc06ded02f47ac269ac40a406fb4c5435c64929fa94acf,93000,1,UpdatePublished,"{'model_id': 'model_mnist_784_noniid', 'round': 8, 'ticket_id': 426, 'cid': 'sha256:c8b0c60d4a73fe79dbc635e51969c6c86cbbc347b77d3e76f0e23c7d329455f0'}",mock
0x7738c01dcc4bdcd9f530aea01b3f9d4e054519d655f5e3b0039a17b022eef9ad,86000,1,TicketReserved,"{'model_id': 'model_mnist_784_noniid', 'round': 8, 'ticket_id': 427, 'owner': 'acct_27'}",mock
0x64d68b7ca1574860d2a527dd9ff77a9c93ba2b5aec8245fa6f2333c9446fd14e,93000,1,UpdatePublished,"{'model_id': 'model_mnist_784_noniid', 'round': 8, 'ticket_id': 427, 'cid': 'sha256:441c42cd17af26fc89063dddee324acfded7580731a2cbaf7d88609028a3afe4'}",mock
0xaabc7f4437aabc121e5e9a2458dd2a068e5c6b90e9e78bda123b25591b9b2355,86000,1,TicketReserved,"{'model_id': 'model_mnist_784_noniid', 'round': 8, 'ticket_id': 428, 'owner': 'acct_28'}",mock
0xed8707b4ea06802e6800d420228aace1eab490da51a2eb49b7c57b3b361bfac7,93000,1,UpdatePublished,"{'model_id': 'model_mnist_784_noniid', 'round': 8, 'ticket_id': 428, 'cid': 'sha256:dfb0feaa9df39cf1f7baaaf4c54ee1923409ef77a4715f8fbc47ee3e82d07ecf'}",mock
0x4abbf5c15fc1ae7327f3e0fc4342e75dd14cf745e0d2bd71f62798091c244acf,86000,1,TicketReserved,"{'model_id': 'model_mnist_784_noniid', 'round': 8, 'ticket_id': 429, 'owner': 'acct_29'}",mock
0xbec18df434876e5ed2d5af3ec6ac0ce4736ff39a6d5304ad5fdd73154e40382f,93000,1,UpdatePublished,"{'model_id': 'model_mnist_784_noniid', 'round': 8, 'ticket_id': 429, 'cid': 'sha256:19d7f7b4b0e0e603e1d2c350cda9380b3953a1333a963071612c7fed15d6e3a4'}",mock
0x52b2760858e402abf7460736607b9b4affeefd36dfa1c3ce3ba017a89ebd3ea6,86000,1,TicketReserved,"{'model_id': 'model_mnist_784_noniid', 'round': 8, 'ticket_id': 430, 'owner': 'acct_30'}",mock
0x172c2376c23b3647f2a60f944203567b84d57ab2b4edfe47ed6fa4fdbe151e71,93000,1,UpdatePublished,"{'model_id': 'model_mnist_784_noniid', 'round': 8, 'ticket_id': 430, 'cid': 'sha256:9bc065649ffd6606344ff180c41edbb45fb22d5ed7a25aff712073695821c27f'}",mock
0x657405375435794f86fa471721688254ac4fe7b7370a56cd5afcdbd59174e757,86000,1,TicketReserved,"{'model_id': 'model_mnist_784_noniid', 'round': 8, 'ticket_id': 431, 'owner': 'acct_31'}",mock
0x1c58a24504c03ac51a129fc64289ca995e2b83b36d3cf6d6b2da18fdd8f186d9,93000,1,UpdatePublished,"{'model_id': 'model_mnist_784_noniid', 'round': 8, 'ticket_id': 431, 'cid': 'sha256:ed4274388794b25d76172c0e8ebb2bb3acf1212aa67c530a769d7a52045e7321'}",mock
0x0c9c5ad5032de2b85709a1dcf764f15945854860e17698c6b89267c5bd14c401,86000,1,TicketReserved,"{'model_id': 'model_mnist_784_noniid', 'round': 8, 'ticket_id': 432, 'owner': 'acct_32'}",mock
0xb211416b13e413335f84c428738ed43b5c6ac750a0450c2c0624182b1380fec7,93000,1,UpdatePublished,"{'model_id': 'model_mnist_784_noniid', 'round': 8, 'ticket_id': 432, 'cid': 'sha256:973999b560bf6dabec5f037897be6e9aceb571b7f0dfbba5c9854869feea1e7f'}",mock
0xa998a722a29ac4cbd43a061046925130c31461fe0dfe0a811907209ccacdcfeb,86000,1,TicketReserved,"{'model_id': 'model_mnist_784_noniid', 'round': 8, 'ticket_id': 433, 'owner': 'acct_33'}",mock
0x9db73ed11ba61f141ee201b6c696a09addd89680a7cd9345e60425c384ab838b,93000,1,UpdatePublished,"{'model_id': 'model_mnist_784_noniid', 'round': 8, 'ticket_id': 433, 'cid': 'sha256:52dd8a1d8e51bd54c83035670e8df0561523d4f7cbada02769f5149f5590528f'}",mock
0x4147fda9adac32ddb9660e054f8c177c34a0509f321ad40faf4a942463b8ace6,86000,1,TicketReserved,"{'model_id': 'model_mnist_784_noniid', 'round': 8, 'ticket_id': 434, 'owner': 'acct_34'}",mock
0xde5c3b5533a2935a24059fe8c5813b2e3646d06e5d1706660f039ea5fd8b56f0,93000,1,UpdatePublished,"{'model_id': 'model_mnist_784_noniid', 'round': 8, 'ticket_id': 434, 'cid': 'sha256:938be883924e373c48948a09ff4226b254cc87372c5e8ec323082efbde62036c'}",mock
0xcf14a3fb63379c605596a3580f85a01691eb7b9ddb32a6a61b0bf35316dc4686,86000,1,TicketReserved,"{'model_id': 'model_mnist_784_noniid', 'round': 8, 'ticket_id': 435, 'owner': 'acct_35'}",mock
0x45a37d46e01d959dc7c8a0e36726f20f01f87c086777a06663461d79f688efd6,93000,1,UpdatePublished,"{'model_id': 'model_mnist_784_noniid', 'round': 8, 'ticket_id': 435, 'cid': 'sha256:c64e14fe465fe5bf4046681b414de6d108f0fea13555a297f9d6acc0b92333f5'}",mock
0x8f7a2a4d381eda66eeeeb1929abd063389f460b0ce57de5a153351389f12cdf6,86000,1,TicketReserved,"{'model_id': 'model_mnist_784_noniid', 'round': 8, 'ticket_id': 436, 'owner': 'acct_36'}",mock
0x8897452678fbd29c3a2abc9d0a43443cffcffedbb1fa5e1de3cb83b79240471a,93000,1,UpdatePublished,"{'model_id': 'model_mnist_784_noniid', 'round': 8, 'ticket_id': 436, 'cid': 'sha256:d83058b6268a760793ddb4a0afb1a496fbada43b8f0d817898111abc012ba533'}",mock
0x15c7175af0f31e188dee7f00c5c0ca48ac9b5d9fe1b74773b862928f8d4f40f1,86000,1,TicketReserved,"{'model_id': 'model_mnist_784_noniid', 'round': 8, 'ticket_id': 437, 'owner': 'acct_37'}",mock
0xfc564e5cf53005eb8a1733dae55a49f4012c53eb3e2a1b11809277523d46ccff,93000,1,UpdatePublished,"{'model_id': 'model_mnist_784_noniid', 'round': 8, 'ticket_id': 437, 'cid': 'sha256:a113f4f4c98e8b42e3f4de852b03085cd90e2b5c19eb9a28bcf888b9f78e55f9'}",mock
0xa702a68932b917ae3555a27b1945dec311edf958a8d2b840690289ce08114fc7,86000,1,TicketReserved,"{'model_id': 'model_mnist_784_noniid', 'round': 8, 'ticket_id': 438, 'owner': 'acct_38'}",mock
0x9d3cc79a21246b53ac4ea82226ac483fbe20293ab86b65a6991a6b647ee8d2f5,93000,1,UpdatePublished,"{'model_id': 'model_mnist_784_noniid', 'round': 8, 'ticket_id': 438, 'cid': 'sha256:247aab08e2af36ff0854e2114151afce112ad0fd58446ec217038bd1a6571bd8'}",mock
0x9eeba726b1766cc62db9fc6583d6dd84ba0a82624b3727ae90d6f5b1a724f9b0,86000,1,TicketReserved,"{'model_id': 'model_mnist_784_noniid', 'round': 8, 'ticket_id': 439, 'owner': 'acct_39'}",mock
0x7a762747cc6b6c11dfa7dc4a52408fba21b346e2010914e9b25643fba5363b98,93000,1,UpdatePublished,"{'model_id': 'model_mnist_784_noniid', 'round': 8, 'ticket_id': 439, 'cid': 'sha256:746640c34aa10d54ca03a612e63d22c4591bdeff49e4defa77910ef1b09748ac'}",mock
0x4726b285b6584683541773d29594ff18e389477b5ae05285ad781abdd7c9c549,86000,1,TicketReserved,"{'model_id': 'model_mnist_784_noniid', 'round': 8, 'ticket_id': 440, 'owner': 'acct_40'}",mock
0x13e272773008d103002e1913a51e55b99466c50a323be0a13f34fb3b14f1f2fe,93000,1,UpdatePublished,"{'model_id': 'model_mnist_784_noniid', 'round': 8, 'ticket_id': 440, 'cid': 'sha256:ebc3bb4842f5ca71544c0f9ab9196ca3869d7ae6ae1096cc7b28f5f943ce99b7'}",mock
0x897e4155c4981c98271259dbf158c98a750f6ff7dbe4f4efee3e7cd1ae71435a,86000,1,TicketReserved,"{'model_id': 'model_mnist_784_noniid', 'round': 8, 'ticket_id': 441, 'owner': 'acct_41'}",mock
0x14ce13f5505efdca59d6be87f60151f667842a9ec957b78afd817a4e03ccdcc6,93000,1,UpdatePublished,"{'model_id': 'model_mnist_784_noniid', 'round': 8, 'ticket_id': 441, 'cid': 'sha256:ff8343e8e6c316d704338e7902ad439af890d10cb22e694e70072c93d4d0dc82'}",mock
0x79257e393fe73cfcba697e92357e557b5ac51afd8057d6aaf2fc7c2d504f52a0,86000,1,TicketReserved,"{'model_id': 'model_mnist_784_noniid', 'round': 8, 'ticket_id': 442, 'owner': 'acct_42'}",mock
0xf5986fb4ca97e91a475ced4f95ffebca69170d159e2788f168923d2d68fa7b14,93000,1,UpdatePublished,"{'model_id': 'model_mnist_784_noniid', 'round': 8, 'ticket_id': 442, 'cid': 'sha256:711af3d18c1cc9a2fc43075a980d0d0d470fd862ebcd3189c5fa48e5f475eaf3'}",mock
0xabe8a67b038543434f49a86a344a87b4648e91d585ad2c814b1fa990763bbff6,86000,1,TicketReserved,"{'model_id': 'model_mnist_784_noniid', 'round': 8, 'ticket_id': 443, 'owner': 'acct_43'}",mock
0x522641a33638d2aaa50d6c9c4c274e2abc710b5a077e848ab1779bf5d57a534d,93000,1,UpdatePublished,"{'model_id': 'model_mnist_784_noniid', 'round': 8, 'ticket_id': 443, 'cid': 'sha256:5e4340db6b4fea421ae15d08ef2cc0c03838015959143a15b6efb798f7c1218c'}",mock
0x403d51af11838c4c4783e51dd3e94b6e92ef4648f18285427f3c8be7d4eee58c,86000,1,TicketReserved,"{'model_id': 'model_mnist_784_noniid', 'round': 8, 'ticket_id': 444, 'owner': 'acct_44'}",mock
0xd22a6309330ed760cdcb8b474294883e94cbdc708504259c4501437bfb9e9028,93000,1,UpdatePublished,"{'model_id': 'model_mnist_784_noniid', 'round': 8, 'ticket_id': 444, 'cid': 'sha256:62a0ab13fd06ea6c1b9bf6eb3db58bcf33d1cbb77cb026974c64df723de3f503'}",mock
0x25d600a0d8912e977915511449a03e463b51cc902857ce273a5cddac52d19809,86000,1,TicketReserved,"{'model_id': 'model_mnist_784_noniid', 'round': 8, 'ticket_id': 445, 'owner': 'acct_45'}",mock
0x306d6c8e82dd8123730ecd3e1c182158d144f220f37ee347dbba72056f16338a,93000,1,UpdatePublished,"{'model_id': 'model_mnist_784_noniid', 'round': 8, 'ticket_id': 445, 'cid': 'sha256:7bb19528c52ad7fddd54c933f05645c8493f6f1b8db11d2d0ba5930f2c570cbd'}",mock
0x5721066cdf5422e155df1541bc3d70bcf0b799b228f2c5817a469ebf3f3a2916,86000,1,TicketReserved,"{'model_id': 'model_mnist_784_noniid', 'round': 8, 'ticket_id': 446, 'owner': 'acct_46'}",mock
0x35521a2d6094f01f1731a7dd3b6d0740318ff7b420f6f77a9e440e56061987b1,93000,1,UpdatePublished,"{'model_id': 'model_mnist_784_noniid', 'round': 8, 'ticket_id': 446, 'cid': 'sha256:e1eb6112fde677369846e09bcbe6363ac7aeea9042955803385d41e8eae2b612'}",mock
0xe33b566d38cbf2044d28e1cba0cd9a24ef462b4a70cc435df951d5e9b9f43bc4,86000,1,TicketReserved,"{'model_id': 'model_mnist_784_noniid', 'round': 8, 'ticket_id': 447, 'owner': 'acct_47'}",mock
0x10f8f1a91f67e390d27651ff0de8ffd6f5e97a71e11ffe8afc82f407cfa5f0fc,93000,1,UpdatePublished,"{'model_id': 'model_mnist_784_noniid', 'round': 8, 'ticket_id': 447, 'cid': 'sha256:360a2afee0e354d7fc63bb3dfe92f2b6022ca2512a5ee98260f8e9a35728f473'}",mock
0xb2321fa658ca0ba5660b6528b8f6ce9dc1bd2aaf8306caae0259fb00e73c9cad,86000,1,TicketReserved,"{'model_id': 'model_mnist_784_noniid', 'round': 8, 'ticket_id': 448, 'owner': 'acct_48'}",mock
0xc64a073d8f6e1736f4672e4e01e3955bb339ddd23c3f2c2b9903b49cfc85ecff,93000,1,UpdatePublished,"{'model_id': 'model_mnist_784_noniid', 'round': 8, 'ticket_id': 448, 'cid': 'sha256:5ebc692243bc7060a619345ecdbe692d266c5d7dcb4653b06e6989e4f4145275'}",mock
0x4373f902c5898bad14d3e4736e4a6ef2bacd90681cf62ecdd562a099b0fae818,86000,1,TicketReserved,"{'model_id': 'model_mnist_784_noniid', 'round': 8, 'ticket_id': 449, 'owner': 'acct_49'}",mock
0xdae0b651fcbe7c42839e1800687779546e66cf20be1fc1c0717d7df2143c904c,93000,1,UpdatePublished,"{'model_id': 'model_mnist_784_noniid', 'round': 8, 'ticket_id': 449, 'cid': 'sha256:4b338d7577fc8b6d25886c28e779e3d4f03deffb13ac06286af126662a011192'}",mock
0x1c64a6c171fd3e286ce3eb1011f313fea49b4a0c9c3076df7b86ae9e19cca392,86000,1,TicketReserved,"{'model_id': 'model_mnist_784_noniid', 'round': 8, 'ticket_id': 450, 'owner': 'acct_50'}",mock
0xe4bc759ca76fbb5f7258d3ff8bf15af09c45bbdf697adede28f9b55c03840fe8,93000,1,UpdatePublished,"{'model_id': 'model_mnist_784_noniid', 'round': 8, 'ticket_id': 450, 'cid': 'sha256:ee3beeee16da798c2b5a8c38d982fdcf07edad6b81f5f7163ee65e79db1152ec'}",mock
0x5c7c39d444252a09993f3f8225cb0ac55c10acc0f58675ff6809c9bddcd22d18,785000,1,RoundFinalized,"{'model_id': 'model_mnist_784_noniid', 'round': 8, 'included': 33, 'refunds': 33}",mock
0x21c797bded2c6102527134005402ffe6eb95c7ff133253b22c32710796f0977a,52000,1,RoundFunded,"{'model_id': 'model_mnist_784_noniid', 'amount_wei': 10000000000000000}",mock
0xf6f04d22653abbd91468aff3168444de4f4af83c2efaf6266c7b21cd9d1023dc,86000,1,TicketReserved,"{'model_id': 'model_mnist_784_noniid', 'round': 9, 'ticket_id': 451, 'owner': 'acct_1'}",mock
0xd58dc3ce8ba2c604947c4cbff7ca3bd44bdcdc34776943f2c24039cf7c99a122,93000,1,UpdatePublished,"{'model_id': 'model_mnist_784_noniid', 'round': 9, 'ticket_id': 451, 'cid': 'sha256:7246f4ec55f5d6feacf79a403fc61a40c476fa5ea1baf9532a18bd1acb38073e'}",mock
0x79159b5e3e9c360bad8484a5c8b2b5f25625c627e2ceebc7bdc35c34092b8e48,86000,1,TicketReserved,"{'model_id': 'model_mnist_784_noniid', 'round': 9, 'ticket_id': 452, 'owner': 'acct_2'}",mock
0x6097bd45100500b19750d69dd51cbf166383cd1f54fb33a80917b142897cc9b5,93000,1,UpdatePublished,"{'model_id': 'model_mnist_784_noniid', 'round': 9, 'ticket_id': 452, 'cid': 'sha256:e949e26df75360717014cd0e11eb378626eb2480c461926079375ba397ada32a'}",mock
0xeb21b987abc79a6a3e2c6c7dfc4c2e2cf77faaf634391a131a086786c40f229b,86000,1,TicketReserved,"{'model_id': 'model_mnist_784_noniid', 'round': 9, 'ticket_id': 453, 'owner': 'acct_3'}",mock
0xb6ab594907d110f7d6a01692d9a0ea8712d4eb792c5d223c53ae84d48c0a2bee,93000,1,UpdatePublished,"{'model_id': 'model_mnist_784_noniid', 'round': 9, 'ticket_id': 453, 'cid': 'sha256:ffedb9b03c350b1b42ab19e5f469d9d3327e06e495451fbd3d41524dc5e3688b'}",mock
0x73e2be4c62d0d58bb908a3e7e7e111c8a8597c1235efc6beb1c125b27a4665bf,86000,1,TicketReserved,"{'model_id': 'model_mnist_784_noniid', 'round': 9, 'ticket_id': 454, 'owner': 'acct_4'}",mock
0xd8b3ff8de50252b0921600f099c2d44de21bd0483e03244159137ae02ae67d86,93000,1,UpdatePublished,"{'model_id': 'model_mnist_784_noniid', 'round': 9, 'ticket_id': 454, 'cid': 'sha256:a49f22fd97a3515adf1cd97a2849afaf3cdfeb6979ef1cf569700504824b5245'}",mock
0xa434a38903c638d2699a5c40bab9318d757d9466f40d2c037759d06a8f4f5bc5,86000,1,TicketReserved,"{'model_id': 'model_mnist_784_noniid', 'round': 9, 'ticket_id': 455, 'owner': 'acct_5'}",mock
0x489fdd9d977eb49b948286dd9e30e14a086a4671ea3bc4b38a728630831159a9,93000,1,UpdatePublished,"{'model_id': 'model_mnist_784_noniid', 'round': 9, 'ticket_id': 455, 'cid': 'sha256:f7f8055cd3a0389939756e7507f7f9ff61bcdf30021759297c8482139b703e14'}",mock
0x2096bd0dc5e0306353c58a320c14bfc8532e0e263cba8ca2d4c926dba3476715,86000,1,TicketReserved,"{'model_id': 'model_mnist_784_noniid', 'round': 9, 'ticket_id': 456, 'owner': 'acct_6'}",mock
0xf8401a4ed2c55b7af4afdecda11e5c2435a0efb08bedd65991f5da051e8b61e8,93000,1,UpdatePublished,"{'model_id': 'model_mnist_784_noniid', 'round': 9, 'ticket_id': 456, 'cid': 'sha256:92e54c187162f2b7d3e3894303688ebd66a121f97032d3c362e6c9a318ebb4d7'}",mock
0x6f9f0f5ba8c19486b822b69c8b19e050c36c0895e7e1a2b9b0b7565de05408f8,86000,1,TicketReserved,"{'model_id': 'model_mnist_784_noniid', 'round': 9, 'ticket_id': 457, 'owner': 'acct_7'}",mock
0x298124c9016cbb0d4ba959ee1975bace6734b87ebf25a621b387ba33f98ec979,93000,1,UpdatePublished,"{'model_id': 'model_mnist_784_noniid', 'round': 9, 'ticket_id': 457, 'cid': 'sha256:f61ced98a8e5d4763a0497d10854034be0b1f18363b6423675626db542e43a00'}",mock
0xde8e39b137d4c7e299252f44be53d5d293b50de62ef3079ea1d0404307b6a261,86000,1,TicketReserved,"{'model_id': 'model_mnist_784_noniid', 'round': 9, 'ticket_id': 458, 'owner': 'acct_8'}",mock
0xf32beddb509903250e1f691e7a9b74677c38461aef90bcc195edca5b502f5d71,93000,1,UpdatePublished,"{'model_id': 'model_mnist_784_noniid', 'round': 9, 'ticket_id': 458, 'cid': 'sha256:12ed76271c2200fff369f767038954774cbbfcc0e600fd7c936e9a5ad4ed887f'}",mock
0x3a79de3f65ae4ce6b423c4f5252768a1690e772ecd20259afd1a13ccace39255,86000,1,TicketReserved,"{'model_id': 'model_mnist_784_noniid', 'round': 9, 'ticket_id': 459, 'owner': 'acct_9'}",mock
0x982b918d0de9d2c6959d1793bc933125233021ed84dbcc229421c0bfad050f25,93000,1,UpdatePublished,"{'model_id': 'model_mnist_784_noniid', 'round': 9, 'ticket_id': 459, 'cid': 'sha256:290db3cf7f71fc8fb8ced2a4f8e0b9e07795c8f0ccb98d88533fd737c3ec62db'}",mock
0xb84fc8de3113677f1731415d5e3ad952ec13e8a9fdc11ecf774c9f660b2b6306,86000,1,TicketReserved,"{'model_id': 'model_mnist_784_noniid', 'round': 9, 'ticket_id': 460, 'owner': 'acct_10'}",mock
0x3d0342e94fae01ad4859cf51bf31fad0e28daa479be8f539d4a475ef3a94ff64,93000,1,UpdatePublished,"{'model_id': 'model_mnist_784_noniid', 'round': 9, 'ticket_id': 460, 'cid': 'sha256:6b4570321946845e85bc59dddce90b24083247605f76a717e68b468674a47ae5'}",mock
0x502a27aa0ca28f62b51b8905c2e0525c61bebb90abc391a25c61537400d308e3,86000,1,TicketReserved,"{'model_id': 'model_mnist_784_noniid', 'round': 9, 'ticket_id': 461, 'owner': 'acct_11'}",mock
0xbbe61c8261ac90eb5c73ca70901bd5f8bd45323cb6080e42b5cb85f9d0cc45a7,93000,1,UpdatePublished,"{'model_id': 'model_mnist_784_noniid', 'round': 9, 'ticket_id': 461, 'cid': 'sha256:de6a3b3f171499ac4859d6bc1bf7961d17b42a03242df6ec7c10bb75eb2ed9dc'}",mock
0x7518858075fbba4058544d0fe103b598439c7d833bf7365318ff37cc34252a34,86000,1,TicketReserved,"{'model_id': 'model_mnist_784_noniid', 'round': 9, 'ticket_id': 462, 'owner': 'acct_12'}",mock
0x18f9fc799e315cd2bdf0b4a52d7a8b77e7f0f6343a837559d8f73bc71feaa4ab,93000,1,UpdatePublished,"{'model_id': 'model_mnist_784_noniid', 'round': 9, 'ticket_id': 462, 'cid': 'sha256:955063757446ffeac9d4c0531e63c691131ea75cca6fa62c77a098a330ce52f6'}",mock
0x817ba30afc67f453cfc8c95f0b211717fab18d3a32e2e8629171804e61cd3726,86000,1,TicketReserved,"{'model_id': 'model_mnist_784_noniid', 'round': 9, 'ticket_id': 463, 'owner': 'acct_13'}",mock
0x6ada7724eb80c979837f756778d06c7754cfad65a9aa517402bb9bb4f09271fb,93000,1,UpdatePublished,"{'model_id': 'model_mnist_784_noniid', 'round': 9, 'ticket_id': 463, 'cid': 'sha256:8f9afb387c52627c2e888096937627882542ba11337ae7b7ce65523a4e2790d0'}",mock
0x528b9c9492dd1cf1226dd439528c872e29b785930440b9192bbd1c0ad4a07b2e,86000,1,TicketReserved,"{'model_id': 'model_mnist_784_noniid', 'round': 9, 'ticket_id': 464, 'owner': 'acct_14'}",mock
0x6be2f87cb66e6e9eb8ab8b6c40e07d525d3ca5223206c8a6d0be45a6328f5e35,93000,1,UpdatePublished,"{'model_id': 'model_mnist_784_noniid', 'round': 9, 'ticket_id': 464, 'cid': 'sha256:2744ea16988eff9d13449343e34c09c5ecfdf547775e1fd0559c4190ce06042f'}",mock
0x5860ae9a9c7917d7842444dee5fa98c6ed366389adb68d4076cae318b175b9cc,86000,1,TicketReserved,"{'model_id': 'model_mnist_784_noniid', 'round': 9, 'ticket_id': 465, 'owner': 'acct_15'}",mock
0x3c89b516331637fa590e154e728910e0cd352e79cd12d9a64905ff110c7db49b,93000,1,UpdatePublished,"{'model_id': 'model_mnist_784_noniid', 'round': 9, 'ticket_id': 465, 'cid': 'sha256:a152ad4fb0e1a634feb3b83cf8a64458ff552d78cb89905d3a8c3d840e4ec2eb'}",mock
0xa4981a3d95d72eb5f18986511a6934e219dd1268c24199d7f45f5352100c2277,86000,1,TicketReserved,"{'model_id': 'model_mnist_784_noniid', 'round': 9, 'ticket_id': 466, 'owner': 'acct_16'}",mock
0xedaeff1477f11b4b025286a2b08a7800a41f1bdc5222393c93941963567a906a,93000,1,UpdatePublished,"{'model_id': 'model_mnist_784_noniid', 'round': 9, 'ticket_id': 466, 'cid': 'sha256:6582cb9aa2216ccf20c9bc48bc25a4eb540c7a1c302acea3e194aa8ca6fe7c76'}",mock
0xbdb5a3a0210d3e19dce77bfece8669086c43f1fa4da1968d6867a61c011d9757,86000,1,TicketReserved,"{'model_id': 'model_mnist_784_noniid', 'round': 9, 'ticket_id': 467, 'owner': 'acct_17'}",mock
0x55602b70e8064840532d349c9b6f9c5c2b175ff65369900215e3239408dc3409,93000,1,UpdatePublished,"{'model_id': 'model_mnist_784_noniid', 'round': 9, 'ticket_id': 467, 'cid': 'sha256:a5efa32cd5750184474bd7cedf943b33aaae2461883bb2718b5111f6bcb6b4f5'}",mock
0x5a78a55aaf83daccd279c945770eb6e02b5593cd5b00b7d4863ef6f9fe3a7db6,86000,1,TicketReserved,"{'model_id': 'model_mnist_784_noniid', 'round': 9, 'ticket_id': 468, 'owner': 'acct_18'}",mock
0xce75e251b495bd32dcf014e9fb430fa52487bd30838dc604d5856d1df214e0b4,93000,1,UpdatePublished,"{'model_id': 'model_mnist_784_noniid', 'round': 9, 'ticket_id': 468, 'cid': 'sha256:29191767301908bb6fa6f4bbb0f498ea624541b148b79ee0ba8b84bce1a06cc5'}",mock
0xbb41d55d57678845daaa8d960540d724112e7e7b03a5760715ba754b2c96a01f,86000,1,TicketReserved,"{'model_id': 'model_mnist_784_noniid', 'round': 9, 'ticket_id': 469, 'owner': 'acct_19'}",mock
0x7f8dcac9de6857e27a4d81571bf6e23a2c22b33b3106a6abe39b0a79cb422ac3,93000,1,UpdatePublished,"{'model_id': 'model_mnist_784_noniid', 'round': 9, 'ticket_id': 469, 'cid': 'sha256:07634bdd563cafde7c9d2a13fdd06579c7ca099b9edbe4ec16fd64221e0dd3c6'}",mock
0xbe644d06d2f4619b06495f80b84e6d7e4a62b9e9cde5deadee463594d151403b,86000,1,TicketReserved,"{'model_id': 'model_mnist_784_noniid', 'round': 9, 'ticket_id': 470, 'owner': 'acct_20'}",mock
0x9120509dec3c1d9e993037ee596de0da4313aab7125e1d6e027651a83b912566,93000,1,UpdatePublished,"{'model_id': 'model_mnist_784_noniid', 'round': 9, 'ticket_id': 470, 'cid': 'sha256:b04ce8be30b8652ad028ab2a20aa1fcf56326018a43df63e85b5a73afe1e85bc'}",mock
0x2da490e261d1a312d5c3b8245ae5a8431ce4f82fc3709b29b718f802f9740305,86000,1,TicketReserved,"{'model_id': 'model_mnist_784_noniid', 'round': 9, 'ticket_id': 471, 'owner': 'acct_21'}",mock
0x6ece135624240d256e7c0fc1626917549e86959b3f6668042f6cc2244124ac57,93000,1,UpdatePublished,"{'model_id': 'model_mnist_784_noniid', 'round': 9, 'ticket_id': 471, 'cid': 'sha256:d2a4841e46560a2dbcdbf4fceaf936fd0cc14c75c315bfec220734c330d7071f'}",mock
0x69a1961027c5de0ffba8afda22f43d8ad1a329b9eeca2ac728f254e33bd08d60,86000,1,TicketReserved,"{'model_id': 'model_mnist_784_noniid', 'round': 9, 'ticket_id': 472, 'owner': 'acct_22'}",mock
0x5914eb92e20cd483085ec51b9d1a151100806b3e144c04bea8b07a9966008413,93000,1,UpdatePublished,"{'model_id': 'model_mnist_784_noniid', 'round': 9, 'ticket_id': 472, 'cid': 'sha256:3b63ccc88fb70f5a81633244445e6d7486419804e12edcff432544ef355fb22d'}",mock
0xc4226da6635f6c4b4516d4b52a8c556b260ab8d23a6800dd6d7cb3f52983545d,86000,1,TicketReserved,"{'model_id': 'model_mnist_784_noniid', 'round': 9, 'ticket_id': 473, 'owner': 'acct_23'}",mock
0xec0c668277870e1888fc514047a50a2ff5bf840f2868a44bc8442a63ccd1e83c,93000,1,UpdatePublished,"{'model_id': 'model_mnist_784_noniid', 'round': 9, 'ticket_id': 473, 'cid': 'sha256:aa080086f29b2f33d80d2096ead6a3779007b49a6201a643edb24dec66a1e946'}",mock
0x4024c84a695bbd09c779798e8db8b7014672ac2a61a0dd649442d70d0def3d01,86000,1,TicketReserved,"{'model_id': 'model_mnist_784_noniid', 'round': 9, 'ticket_id': 474, 'owner': 'acct_24'}",mock
0x6692ff30aea10a167c3f54c04b36f994d5b559b5b01dccbae3eb88e7e729f182,93000,1,UpdatePublished,"{'model_id': 'model_mnist_784_noniid', 'round': 9, 'ticket_id': 474, 'cid': 'sha256:f60bb7c2ef5d5e0441056a8ff9df3af7594e643a5a45ecfac033a6c616ef06e4'}",mock
0x17e78862469ceb99f8c292e7e01cab8829ad86d7874d81b9eb7e5fc7172d2cbf,86000,1,TicketReserved,"{'model_id': 'model_mnist_784_noniid', 'round': 9, 'ticket_id': 475, 'owner': 'acct_25'}",mock
0xab5b3f0e01c0f4d4aa7e8f09a343fb945feffeebc7d69be875d6ffa5512cfa9f,93000,1,UpdatePublished,"{'model_id': 'model_mnist_784_noniid', 'round': 9, 'ticket_id': 475, 'cid': 'sha256:3814663d6d3dd04f3f13240c47a3949ca8e3d01f093b3732657d702943065d8c'}",mock
0x986396d75795f567f6edda39099ce2284fc856b0d84516179d84dc9933c76855,86000,1,TicketReserved,"{'model_id': 'model_mnist_784_noniid', 'round': 9, 'ticket_id': 476, 'owner': 'acct_26'}",mock
0x9df82e730d1df4a84adc9f350140a5db32e50a9b1122cb7892e0bc2533a90e04,93000,1,UpdatePublished,"{'model_id': 'model_mnist_784_noniid', 'round': 9, 'ticket_id': 476, 'cid': 'sha256:89fb958c7a3f88326e53418f39ac472989bceb7e7f13a434ba60218148895643'}",mock
0x30e2eb7c3e9db6709551ad95aa7e5c40aa0a063fd429b920d8f85063340f0c68,86000,1,TicketReserved,"{'model_id': 'model_mnist_784_noniid', 'round': 9, 'ticket_id': 477, 'owner': 'acct_27'}",mock
0x753637808036a82a206b2217c321ddb66159d89cbdc8dc821da7dc833d38f466,93000,1,UpdatePublished,"{'model_id': 'model_mnist_784_noniid', 'round': 9, 'ticket_id': 477, 'cid': 'sha256:e62b208e0e08f04465a2a98ce8b1acd433d4cf838a14b1f72786f836a6709d73'}",mock
0xd5f0753abfc50dea01bb71c2ae0b01b3381a79928087eaedfadfe2bac666c7d0,86000,1,TicketReserved,"{'model_id': 'model_mnist_784_noniid', 'round': 9, 'ticket_id': 478, 'owner': 'acct_28'}",mock
0x1ae8dc0079d6246f737bc0ac39201ceaff6aeafcccd2c1e887d96088e0126d0b,93000,1,UpdatePublished,"{'model_id': 'model_mnist_784_noniid', 'round': 9, 'ticket_id': 478, 'cid': 'sha256:b2685c67d589959b7427e0bde707a6354c445706403a06ad865dc260f12c749c'}",mock
0x4ff70bbf106f23fec919e4ca55fc518674afc5a952365c5c1e163fa74dbf3302,86000,1,TicketReserved,"{'model_id': 'model_mnist_784_noniid', 'round': 9, 'ticket_id': 479, 'owner': 'acct_29'}",mock
0x507d881838aa84bac3d0c065520397ef3b73839a16302829aa159a3e5774e1bf,93000,1,UpdatePublished,"{'model_id': 'model_mnist_784_noniid', 'round': 9, 'ticket_id': 479, 'cid': 'sha256:7cf4e1b11d121d7accf9e91a8284312032ea80b55886ee26f6a1003515ba6b3f'}",mock
0x5bd5b98d7bf261fe51fc2c65991accade6599114582427191e6917832013c8ee,86000,1,TicketReserved,"{'model_id': 'model_mnist_784_noniid', 'round': 9, 'ticket_id': 480, 'owner': 'acct_30'}",mock
0xb6e47a28cd6d57626592347b36f2575be7f42ed0861fb3f9fd5497e5b6de49ed,93000,1,UpdatePublished,"{'model_id': 'model_mnist_784_noniid', 'round': 9, 'ticket_id': 480, 'cid': 'sha256:efa41c54dd145d2bcf0bf9d6aa16c585cdcacf3b1b4c4413d3c242fe3a67db35'}",mock
0x30c67dc5d4dc9f2e43ecec2b223eaa47bde493096939f6004e5c040513975ce8,86000,1,TicketReserved,"{'model_id': 'model_mnist_784_noniid', 'round': 9, 'ticket_id': 481, 'owner': 'acct_31'}",mock
0x6f142417c94b9dc8b03133fe0e906b61b4b09aca0ea89a530eb51d5b0a160ece,93000,1,UpdatePublished,"{'model_id': 'model_mnist_784_noniid', 'round': 9, 'ticket_id': 481, 'cid': 'sha256:bac08d40a77d7cb6768cd292f0c7747b3ba1223670aee77c1da92f755df11b30'}",mock
0x49c44163003f769e3eeba90065b33a7b384d91fdd2300d4fca8693b7256488a5,86000,1,TicketReserved,"{'model_id': 'model_mnist_784_noniid', 'round': 9, 'ticket_id': 482, 'owner': 'acct_32'}",mock
0x920879e39a2931260f86e5d473086d20d0b824abb7468b74e6ffdc061a6426b1,93000,1,UpdatePublished,"{'model_id': 'model_mnist_784_noniid', 'round': 9, 'ticket_id': 482, 'cid': 'sha256:d48cfa7376edb28557d3bbe29fe14f9575cb278c0308c2a078ef4da2bb6e58ad'}",mock
0xb442bde686f430d5f75f3373a7524dd5f5889cc563bf5af0e9eeec6233516197,86000,1,TicketReserved,"{'model_id': 'model_mnist_784_noniid', 'round': 9, 'ticket_id': 483, 'owner': 'acct_33'}",mock
0x615fadefef51ebb320298943881199993267d2b48cf69cb4e6bc10ee5c0ad29f,93000,1,UpdatePublished,"{'model_id': 'model_mnist_784_noniid', 'round': 9, 'ticket_id': 483, 'cid': 'sha256:0e1de39c08336af6052aea54f6ec609ea1dfe5c7c15b76dbfd7099105f821b1b'}",mock
0xf83cde7ca7227ab806487a9c876829b73983b7c743da73e3457a3eb3c59908dc,86000,1,TicketReserved,"{'model_id': 'model_mnist_784_noniid', 'round': 9, 'ticket_id': 484, 'owner': 'acct_34'}",mock
0x72caaca648c1e60fa7a2be6cfc61fded686e84d0baa8ed6a8be7d4d4869238d9,93000,1,UpdatePublished,"{'model_id': 'model_mnist_784_noniid', 'round': 9, 'ticket_id': 484, 'cid': 'sha256:b03e265dfedc50eb45acd69c0499a8420b76c2f68586044f1b31d3f44eb82741'}",mock
0xa9dd0d2505924d3c87640d13a74a56c51c4b517235a3eb9ae8344cdecc1145b8,86000,1,TicketReserved,"{'model_id': 'model_mnist_784_noniid', 'round': 9, 'ticket_id': 485, 'owner': 'acct_35'}",mock
0x1ea3b42b21503297d7dd62f82c78b6d8bde9060142b4a0252e0d0a565ce4c767,93000,1,UpdatePublished,"{'model_id': 'model_mnist_784_noniid', 'round': 9, 'ticket_id': 485, 'cid': 'sha256:09e945b925752381d255ac21b62215db20c214c7294ec33c441ab9aee94e48e9'}",mock
0xe6c9fb879fa82592b38b6ca47a32c8e60e108eebce28a8e1c0aeef08e28f00bc,86000,1,TicketReserved,"{'model_id': 'model_mnist_784_noniid', 'round': 9, 'ticket_id': 486, 'owner': 'acct_36'}",mock
0xf19cc10b9fb6995a92d602f1a7dfd14c21c5baae9e8c4b0b2136e65b214c4639,93000,1,UpdatePublished,"{'model_id': 'model_mnist_784_noniid', 'round': 9, 'ticket_id': 486, 'cid': 'sha256:66a927d9827136787fec6041cfac7666d9394ad9682b049478df84ef4dedbf43'}",mock
0x4b4fc68d2c0bab3807947806fffd5f566afe8152d6baea809f7df1a0f1d46845,86000,1,TicketReserved,"{'model_id': 'model_mnist_784_noniid', 'round': 9, 'ticket_id': 487, 'owner': 'acct_37'}",mock
0x3cc8ca18703efaa45c1541b4a228fbe92cea9c3c7e55d8f615959574891bb3dd,93000,1,UpdatePublished,"{'model_id': 'model_mnist_784_noniid', 'round': 9, 'ticket_id': 487, 'cid': 'sha256:2387924e0ada057774eca85455f2985267507d2e80006b1c9f0d9185b301f601'}",mock
0x5d3dc00d0cf1813ddf2b1aa61f1efc354e23062fbfe9afec204bd263a3553aac,86000,1,TicketReserved,"{'model_id': 'model_mnist_784_noniid', 'round': 9, 'ticket_id': 488, 'owner': 'acct_38'}",mock
0xdca62cb53daf7d5a9e45139603f2192dfa6454a6752f56ea547796ca70eb88fb,93000,1,UpdatePublished,"{'model_id': 'model_mnist_784_noniid', 'round': 9, 'ticket_id': 488, 'cid': 'sha256:5320b166fce44f835e05e84093c90a3cab3319a4351f0fb2397481128d8d416a'}",mock
0xbd1be7948e230cf3828d3acdfd0d73534605859f7ba05ff172bef23029a3d4d2,86000,1,TicketReserved,"{'model_id': 'model_mnist_784_noniid', 'round': 9, 'ticket_id': 489, 'owner': 'acct_39'}",mock
0xe406e080b6f04467758769be39224f212175a9169ffa095a9c0886835d6f7de8,93000,1,UpdatePublished,"{'model_id': 'model_mnist_784_noniid', 'round': 9, 'ticket_id': 489, 'cid': 'sha256:db2b48e06e020ed38fd6215c18f532704cd4c220739920b2af2bf2f8a6916347'}",mock
0xdcab879ca8d4ad8b9badc22ed8d3490ca1625d1b399cffeb51b2225e24b9863f,86000,1,TicketReserved,"{'model_id': 'model_mnist_784_noniid', 'round': 9, 'ticket_id': 490, 'owner': 'acct_40'}",mock
0x49d88ebc12bd1dfa4e1233542be7be2913510cc9ad1f95385b698996d18a73e5,93000,1,UpdatePublished,"{'model_id': 'model_mnist_784_noniid', 'round': 9, 'ticket_id': 490, 'cid': 'sha256:765e3e70189594e380947fd43dfff8a06e369363169fc2ea85c51dd812a0292e'}",mock
0x4831d25547ded7ce3ef53fcd4aea90156225f70fa54185d65ed3afcacb9e87a4,86000,1,TicketReserved,"{'model_id': 'model_mnist_784_noniid', 'round': 9, 'ticket_id': 491, 'owner': 'acct_41'}",mock
0x8eeb7d46940bde279cec6e17cca677a18b6cc0950885ca5fc3b9fdde7660afdd,93000,1,UpdatePublished,"{'model_id': 'model_mnist_784_noniid', 'round': 9, 'ticket_id': 491, 'cid': 'sha256:fa99b0f46c79600ea679c4499a1f983c207413b0873b2555fec4e17d668eabfb'}",mock
0xdc77ea68f14c833e79601f43b13ae063a96b5907e31855f0fbe16e3fa7eb27b1,86000,1,TicketReserved,"{'model_id': 'model_mnist_784_noniid', 'round': 9, 'ticket_id': 492, 'owner': 'acct_42'}",mock
0xfc12b62e9fc97ae6cefe7a265a473ac57bec508f2857b62475afadcdd241c61e,93000,1,UpdatePublished,"{'model_id': 'model_mnist_784_noniid', 'round': 9, 'ticket_id': 492, 'cid': 'sha256:9da732d954d0584a07b032bbc1ada6ad115a4ff2061c05e082e330006f69d4c9'}",mock
0xe6d4f571d006ae2737e8de33d8ba6e271be27d7f38686dd9957b94f27efa29d7,86000,1,TicketReserved,"{'model_id': 'model_mnist_784_noniid', 'round': 9, 'ticket_id': 493, 'owner': 'acct_43'}",mock
0xd042d2b1019b5488a096471dccd00e2bd6e8e3515d4c69f2f6a16a9dd1111378,93000,1,UpdatePublished,"{'model_id': 'model_mnist_784_noniid', 'round': 9, 'ticket_id': 493, 'cid': 'sha256:87c4fd83574b936dd1348a72f0ec6f1be24fe20425b0e10cb412adcdc83e069a'}",mock
0x84fb46ce987b59db5e14d7088421c281ebc492554bad7fc86ebd2b9ca2a5daa0,86000,1,TicketReserved,"{'model_id': 'model_mnist_784_noniid', 'round': 9, 'ticket_id': 494, 'owner': 'acct_44'}",mock
0x852eaea8f33166c9204bf327412d0e35d65cce6bb5e54e48c82310f1d2baa12f,93000,1,UpdatePublished,"{'model_id': 'model_mnist_784_noniid', 'round': 9, 'ticket_id': 494, 'cid': 'sha256:b661606ce6ff317460de05cf772bacd8ea791664c15efe8435abbd418249b639'}",mock
0x9d1cb270f71ece72490e3c9b460a72429d8b4c8e65685a63d91179a909213039,86000,1,TicketReserved,"{'model_id': 'model_mnist_784_noniid', 'round': 9, 'ticket_id': 495, 'owner': 'acct_45'}",mock
0x0425c4d69c5c0de35b7963ca519c4b8366b5812f4366be8fef5d5dfb634c2217,93000,1,UpdatePublished,"{'model_id': 'model_mnist_784_noniid', 'round': 9, 'ticket_id': 495, 'cid': 'sha256:6441be1dc3c244fa45c5f1283f09c694d25c4561a1bea359736bbf234b0aa0f8'}",mock
0xa93c902de0e4cbab8cfd9bf77dff6d10e663e21c1f86548b6b14b002daa7c03b,86000,1,TicketReserved,"{'model_id': 'model_mnist_784_noniid', 'round': 9, 'ticket_id': 496, 'owner': 'acct_46'}",mock
0x3e5d9d04c3c886bfd2464cb5003dc79b66dc7dcf78a628216274b213fff60ade,93000,1,UpdatePublished,"{'model_id': 'model_mnist_784_noniid', 'round': 9, 'ticket_id': 496, 'cid': 'sha256:b8b1287c48874aa3d270b5fa45bad182917357bb2e9e77d4ebb5e5c9a5b0f308'}",mock
0xe53d1a9912e8c2346b2bb71b9d9420b68b946fc8490c2ebf0bf462b6a466f330,86000,1,TicketReserved,"{'model_id': 'model_mnist_784_noniid', 'round': 9, 'ticket_id': 497, 'owner': 'acct_47'}",mock
0x11f7461eb29bb535adb6070de809e7825b2eebc823028420b84dfcdc81992dfd,93000,1,UpdatePublished,"{'model_id': 'model_mnist_784_noniid', 'round': 9, 'ticket_id': 497, 'cid': 'sha256:d6046383862c3cdc961176642e5c73544ba0f82204081a06bc04ae2e463badde'}",mock
0xf95e9a37939d874b417e574c75355f6bd792748f056d5b0ec509b2d6b5b251a4,86000,1,TicketReserved,"{'model_id': 'model_mnist_784_noniid', 'round': 9, 'ticket_id': 498, 'owner': 'acct_48'}",mock
0x9f504fa6836719278b8caba083d3c65c903a9e96de847383f05bfb14b35c78e8,93000,1,UpdatePublished,"{'model_id': 'model_mnist_784_noniid', 'round': 9, 'ticket_id': 498, 'cid': 'sha256:7ea1f080c9233ee153d984574fe0febee3db014d6340f04b19f5eb83329e50b8'}",mock
0x51a22f76bc900bcedf0a2753182dbeee17e0eb27cfe35de91ec4c496cfae59d7,86000,1,TicketReserved,"{'model_id': 'model_mnist_784_noniid', 'round': 9, 'ticket_id': 499, 'owner': 'acct_49'}",mock
0xe3f8066b914b5b5a1a99cc48897d5ac871249a619aaa6d4321d86ba3466f0b88,93000,1,UpdatePublished,"{'model_id': 'model_mnist_784_noniid', 'round': 9, 'ticket_id': 499, 'cid': 'sha256:19c3c2ffe53c97c6872db3fa8e49fc2eb1195f9a7943664fe392d36dead4a0f1'}",mock
0x6c3c9b048d15c273ef5287d86db1561b27c9cd890e3b7f697e4e320dbdb31183,86000,1,TicketReserved,"{'model_id': 'model_mnist_784_noniid', 'round': 9, 'ticket_id': 500, 'owner': 'acct_50'}",mock
0x42f9b84f7005102a99b8f91c0575efd270af9bc5b588d8145b4dda38d78a7d05,93000,1,UpdatePublished,"{'model_id': 'model_mnist_784_noniid', 'round': 9, 'ticket_id': 500, 'cid': 'sha256:d78d92fae83313a805d9213b2634cc26895d39babe9286c7e1a0e93d6f67de3c'}",mock
0x5b0fc81b55df77d9df1b2ca8fc29d5c568635a0aabc06be9cb36106f3fdebb49,665000,1,RoundFinalized,"{'model_id': 'model_mnist_784_noniid', 'round': 9, 'included': 27, 'refunds': 27}",mock
0x202c9f8463a9485d2d93c72308ecea5ea9158fdb33f5f01136b7451c1fa93243,52000,1,RoundFunded,"{'model_id': 'model_mnist_784_noniid', 'amount_wei': 10000000000000000}",mock
0x875f0c76dd50a933b676e2d6eadefe86f6cb7241ce56f95d60ad3a87865b0792,86000,1,TicketReserved,"{'model_id': 'model_mnist_784_noniid', 'round': 10, 'ticket_id': 501, 'owner': 'acct_1'}",mock
0x6d31240e4b3bd4d249aff89c7e853995a4d477dfbdea8bff27258021d7650f0c,93000,1,UpdatePublished,"{'model_id': 'model_mnist_784_noniid', 'round': 10, 'ticket_id': 501, 'cid': 'sha256:9bfa1c1d982cb044ae9abf249b0a4aaeab3c9eeaffa1830da6ad980a4d66e376'}",mock
0x473c8c96864b8d14d32bfcc76cd9104be5f50660c96986424a6b8c41b5a3bc68,86000,1,TicketReserved,"{'model_id': 'model_mnist_784_noniid', 'round': 10, 'ticket_id': 502, 'owner': 'acct_2'}",mock
0x53277d19ca18d783c547077b5a799c0586fff3cbd6675048892099176d03ab48,93000,1,UpdatePublished,"{'model_id': 'model_mnist_784_noniid', 'round': 10, 'ticket_id': 502, 'cid': 'sha256:df2d7685575a30b6f2910eb8d7243edd58765219e528a396559e509a779a6bda'}",mock
0x8ff38419d0164c5e57cef0a683612e94c04d57391943baf2010d64afd9a620c9,86000,1,TicketReserved,"{'model_id': 'model_mnist_784_noniid', 'round': 10, 'ticket_id': 503, 'owner': 'acct_3'}",mock
0xc687c3d9f922172fdbbac89d80348b2b333d83c003a2e49aba8d5950f6d82dc3,93000,1,UpdatePublished,"{'model_id': 'model_mnist_784_noniid', 'round': 10, 'ticket_id': 503, 'cid': 'sha256:ab88aeb642fe992e789816a3259f10f02180faa7e9a9ccd351f8b342881d91b7'}",mock
0x35ce2f3fc426e22664943efd95f19d0341d29749e1b9ab6d44a00a46c87d5bdf,86000,1,TicketReserved,"{'model_id': 'model_mnist_784_noniid', 'round': 10, 'ticket_id': 504, 'owner': 'acct_4'}",mock
0x56a7e1e7bc3a7008c8c3b30ef178f6f5df999e0aad0a27010ec95f02078522f4,93000,1,UpdatePublished,"{'model_id': 'model_mnist_784_noniid', 'round': 10, 'ticket_id': 504, 'cid': 'sha256:695e1897ff24d8c9f359da7acb577d3d6e6b717317124d83c67928410916cb93'}",mock
0xfd9da98c10080881d89b430f2c2abb56d53d4703b271bb0ef77d1edcbb156621,86000,1,TicketReserved,"{'model_id': 'model_mnist_784_noniid', 'round': 10, 'ticket_id': 505, 'owner': 'acct_5'}",mock
0x3d2cc6ce85da2580056f3e8fdad3c8acfd69e0d19c5eee8276ddd4de8ab08b38,93000,1,UpdatePublished,"{'model_id': 'model_mnist_784_noniid', 'round': 10, 'ticket_id': 505, 'cid': 'sha256:ae68dbbebcd02b159b3ab676d341475bfbbf28023005958031847daca80bac92'}",mock
0xba76594f634c51c035e14c625a06fa79f73fb2950adf043ac8e5c291eb089e22,86000,1,TicketReserved,"{'model_id': 'model_mnist_784_noniid', 'round': 10, 'ticket_id': 506, 'owner': 'acct_6'}",mock
0xbad0a23b132e7a9d521733469e8b5a29a794a81dbb5ebf05a41f382b32d2430a,93000,1,UpdatePublished,"{'model_id': 'model_mnist_784_noniid', 'round': 10, 'ticket_id': 506, 'cid': 'sha256:28e1bd0977e351be14b515a5573b29da51e29902050db24ba22326e3c3e3861e'}",mock
0x2e3f6a35346ade821a0fa0b6a0181c3bd87efdcdf8e576ecce081c1078fd923c,86000,1,TicketReserved,"{'model_id': 'model_mnist_784_noniid', 'round': 10, 'ticket_id': 507, 'owner': 'acct_7'}",mock
0x2a1df4090ee151a26e1d2a0c6e7eaea5a5695c58f0ec9015ab77ef476b7f8d21,93000,1,UpdatePublished,"{'model_id': 'model_mnist_784_noniid', 'round': 10, 'ticket_id': 507, 'cid': 'sha256:2d3f7823e2104d0355f629ca5f80b895618bfdc575ed1eb11ec76abc7bf7c059'}",mock
0x27a70b648990df3ed81bffca1bd0b9c840c1f675a74fa8976395d743ddd827e0,86000,1,TicketReserved,"{'model_id': 'model_mnist_784_noniid', 'round': 10, 'ticket_id': 508, 'owner': 'acct_8'}",mock
0xf4ca193357bbbbcc27120cb4e643d3352e323209e9a18d32a4142693de082870,93000,1,UpdatePublished,"{'model_id': 'model_mnist_784_noniid', 'round': 10, 'ticket_id': 508, 'cid': 'sha256:55bef8b3ce2d72b4c7d2a67935d7340da6752ac543b2d13bf35b7a84c91f9cb6'}",mock
0x4ed4456f975d9dd64dd8e15e0f1b53d59703e59b50656ddfe95d794fc09ab6a0,86000,1,TicketReserved,"{'model_id': 'model_mnist_784_noniid', 'round': 10, 'ticket_id': 509, 'owner': 'acct_9'}",mock
0x13d80a50fc96275c130511b520069f24d2a33f69e9c69f7ceaca432175cb93ff,93000,1,UpdatePublished,"{'model_id': 'model_mnist_784_noniid', 'round': 10, 'ticket_id': 509, 'cid': 'sha256:88932682707990ae44bcb2fd7ca8d028574415f805e6b213fcbda0e2ae07739c'}",mock
0x469739b4028968d77c20c90fbbab3b24bd924fc420e3459ee4873d06c8aac5fc,86000,1,TicketReserved,"{'model_id': 'model_mnist_784_noniid', 'round': 10, 'ticket_id': 510, 'owner': 'acct_10'}",mock
0x9920d1de4252557f052ec250ccd1593b433705eba20731b40c4f1ea6938875a5,93000,1,UpdatePublished,"{'model_id': 'model_mnist_784_noniid', 'round': 10, 'ticket_id': 510, 'cid': 'sha256:21c3340c8290e9da7fa303c5258073eca6146b7dd825dd916ca4a262d38cfe81'}",mock
0xc97b4a201e2a60d37cce3cbb886c41eb4615681c955feeae30892214d2ae9ab7,86000,1,TicketReserved,"{'model_id': 'model_mnist_784_noniid', 'round': 10, 'ticket_id': 511, 'owner': 'acct_11'}",mock
0x6e762974ce3d8f593bddcf1928855c4f4fd1f8603800a3d0e536c68dbbcd30e0,93000,1,UpdatePublished,"{'model_id': 'model_mnist_784_noniid', 'round': 10, 'ticket_id': 511, 'cid': 'sha256:1549c97719335d44557eac496ac060471d022ec0034e9d2b36356fa2e01a9d65'}",mock
0x32f68109ad6866a5f7eada10d2619da35db61b55418a4b4e7fe73033ea59ff6f,86000,1,TicketReserved,"{'model_id': 'model_mnist_784_noniid', 'round': 10, 'ticket_id': 512, 'owner': 'acct_12'}",mock
0x6ef3d11b69e2813ecd9426d9bf2b6308b06e657e5846a341d65d1a7848904717,93000,1,UpdatePublished,"{'model_id': 'model_mnist_784_noniid', 'round': 10, 'ticket_id': 512, 'cid': 'sha256:ef636398c9fef8a4a0d4b482ede090de528102594ccfae621a18b0ee23f57e64'}",mock
0x097d43385f1b29cb30e7c9713f44c019a190c449ef7823a9de17ebbc5a60eba1,86000,1,TicketReserved,"{'model_id': 'model_mnist_784_noniid', 'round': 10, 'ticket_id': 513, 'owner': 'acct_13'}",mock
0xec8c00982b19db2eb24869c7ba90361e8a66a2229fcb96774673a0e6f89f4a66,93000,1,UpdatePublished,"{'model_id': 'model_mnist_784_noniid', 'round': 10, 'ticket_id': 513, 'cid': 'sha256:196a0f46ccb707c01767fb3d45e2d8fc0f40fac438eafa89cd2178d667a87ec9'}",mock
0xba967c8f03525e5982ce90da9f3eaa007c8a0c2f1d3db95c376e4f64e4e822b4,86000,1,TicketReserved,"{'model_id': 'model_mnist_784_noniid', 'round': 10, 'ticket_id': 514, 'owner': 'acct_14'}",mock
0xf26c2778d17940ca8ebededeea05ef8852ce07ef7482a8b6e1445157468b64cc,93000,1,UpdatePublished,"{'model_id': 'model_mnist_784_noniid', 'round': 10, 'ticket_id': 514, 'cid': 'sha256:9f9a4bad702ca2db0dedf8efd6be61da021876716e666f7ba0842da08c68c735'}",mock
0xc2cd6875603f91a154baacbaf5a7512e55e6edd8a1c80352bc0ae10f0f3aff44,86000,1,TicketReserved,"{'model_id': 'model_mnist_784_noniid', 'round': 10, 'ticket_id': 515, 'owner': 'acct_15'}",mock
0xdb8843f8e037459c738f32980f9061c087eac6f514ab50eece48f8eb7e6e642c,93000,1,UpdatePublished,"{'model_id': 'model_mnist_784_noniid', 'round': 10, 'ticket_id': 515, 'cid': 'sha256:af158307a294db9b7ddf67f5126db479b006df9c53325ccfeae30fe405ed19d3'}",mock
0xfb30a5ea3cc62b92b988410c97b2e70d7acbe20a3c2f5d8924d1d1a45950faee,86000,1,TicketReserved,"{'model_id': 'model_mnist_784_noniid', 'round': 10, 'ticket_id': 516, 'owner': 'acct_16'}",mock
0x0ff48a3e0bf2721e631f44a51805d1a79fd877387d522474352d364c2a52e31b,93000,1,UpdatePublished,"{'model_id': 'model_mnist_784_noniid', 'round': 10, 'ticket_id': 516, 'cid': 'sha256:c7572bb0d469da4fbbda2edf0ffd1697ed4c291215db8a324a37c98802e936d5'}",mock
0x877927d5cad941adeda3cce0dbc010efb93f89426dce8c0538f3def57d062851,86000,1,TicketReserved,"{'model_id': 'model_mnist_784_noniid', 'round': 10, 'ticket_id': 517, 'owner': 'acct_17'}",mock
0xde5a54c98516a0a33c221776fbfdb48eb4f8cc51e8608624d344dca888d37872,93000,1,UpdatePublished,"{'model_id': 'model_mnist_784_noniid', 'round': 10, 'ticket_id': 517, 'cid': 'sha256:412ca049c04ebc5af3f0d47f8b017c116d98b90c9482f53091777c3c2e563304'}",mock
0x28c4aaa138c7caea4ecac5701e660965e3fef5dafbcea3b51791931b00912d2a,86000,1,TicketReserved,"{'model_id': 'model_mnist_784_noniid', 'round': 10, 'ticket_id': 518, 'owner': 'acct_18'}",mock
0x1da4d3fb91a647f8ca502906211aae6cb40d865ad4e1f16100a22d17e4dc577e,93000,1,UpdatePublished,"{'model_id': 'model_mnist_784_noniid', 'round': 10, 'ticket_id': 518, 'cid': 'sha256:f6af8978827f44ec848afb3785a349ab87c6acd2d8b2e7a24cdbe06cc7b1208a'}",mock
0xac59652d87ca08b1db43c02b10d7548e38bfd19ca5bb5231e703863aadd1cfcb,86000,1,TicketReserved,"{'model_id': 'model_mnist_784_noniid', 'round': 10, 'ticket_id': 519, 'owner': 'acct_19'}",mock
0xa394d638807946599544f558babdb27b2ca355ce18625ac63c550d4aaa626366,93000,1,UpdatePublished,"{'model_id': 'model_mnist_784_noniid', 'round': 10, 'ticket_id': 519, 'cid': 'sha256:52bcae9203b4c3cdc00aa182551291550b3aafd88d544e760a64b96ea0a7835e'}",mock
0x0c04f0bbe5ff898d5e86958d91963a57db5526356fbac08b8316dce34cc4aeca,86000,1,TicketReserved,"{'model_id': 'model_mnist_784_noniid', 'round': 10, 'ticket_id': 520, 'owner': 'acct_20'}",mock
0xd130edc4ee6707a4196cd490849127a968ee81990af8411f0469a0ae8373a610,93000,1,UpdatePublished,"{'model_id': 'model_mnist_784_noniid', 'round': 10, 'ticket_id': 520, 'cid': 'sha256:a1ecc50b018f98b6e9b2922786b57667ecb79e96a3c805abc4e8992e36bec777'}",mock
0x4dd4b118722a433e5e763d334f5c7bad8a5ac2fa078ef5b8aa27ae25c85d62b8,86000,1,TicketReserved,"{'model_id': 'model_mnist_784_noniid', 'round': 10, 'ticket_id': 521, 'owner': 'acct_21'}",mock
0x0bfb9df2ee03dffeea7ffb3a4058c895143cf5731b398418d827d8d1dce821f2,93000,1,UpdatePublished,"{'model_id': 'model_mnist_784_noniid', 'round': 10, 'ticket_id': 521, 'cid': 'sha256:ccc96dfc370f9f6b57343f8a27a265d213da5c693a6fe396e2d5b65c755441f9'}",mock
0x40ffca26c3e3e3025120ac308d0dd54d632c270bde54125166bb0e46b709987b,86000,1,TicketReserved,"{'model_id': 'model_mnist_784_noniid', 'round': 10, 'ticket_id': 522, 'owner': 'acct_22'}",mock
0xd453448c96d0a332ea66570b41560c62c20df8219f9f710f1da868154a0c3d34,93000,1,UpdatePublished,"{'model_id': 'model_mnist_784_noniid', 'round': 10, 'ticket_id': 522, 'cid': 'sha256:998468952098521904fd25b01346ceda4bb2067f202c749c0e648d9abef3df8c'}",mock
0xdd0ccb251a8341988f302ae59c1508a3d8692778e6892d1fd70169b10e47977f,86000,1,TicketReserved,"{'model_id': 'model_mnist_784_noniid', 'round': 10, 'ticket_id': 523, 'owner': 'acct_23'}",mock
0xf240821419441acddba2d1c5a562b2a40cbdd7a7f83023c9456e0b7611ba132a,93000,1,UpdatePublished,"{'model_id': 'model_mnist_784_noniid', 'round': 10, 'ticket_id': 523, 'cid': 'sha256:eb7e1aee864080c79258d80a85cf08cba26b9f0f8bf134b6d19d4c5a55fa047c'}",mock
0x6415283768edb2a64404299948c6b9a6efb14a18ee709c8b89e11e25bc9a2ff8,86000,1,TicketReserved,"{'model_id': 'model_mnist_784_noniid', 'round': 10, 'ticket_id': 524, 'owner': 'acct_24'}",mock
0x4993840ba2e602a6c4e8df05f9232a8f59f5cd08dd4026849d3e3e17c3ac6bd3,93000,1,UpdatePublished,"{'model_id': 'model_mnist_784_noniid', 'round': 10, 'ticket_id': 524, 'cid': 'sha256:085918e82910a50cb0262d7e4603dba79c9f6dd8631520314731fd3fa4bf5ed8'}",mock
0x005fed43aaeea03e606ba33703464db93938295fdc1ab7996c0ac19ce7b549eb,86000,1,TicketReserved,"{'model_id': 'model_mnist_784_noniid', 'round': 10, 'ticket_id': 525, 'owner': 'acct_25'}",mock
0xb27e9e24db4d7c856ec92d587a82f8670cb24318253329d4e7f392dd0b4b94d3,93000,1,UpdatePublished,"{'model_id': 'model_mnist_784_noniid', 'round': 10, 'ticket_id': 525, 'cid': 'sha256:5d5a69572fbf5d11118c542895a78ac869f42a538bcd47a71d4e1913446df474'}",mock
0xfa9b31d74dca4589b7ace2b94a28041a94de0e67667894cc10a5088540ce5017,86000,1,TicketReserved,"{'model_id': 'model_mnist_784_noniid', 'round': 10, 'ticket_id': 526, 'owner': 'acct_26'}",mock
0x99d5a4e8e3eb8ffd270ce3a2634ba8a74a87595d72ed73cb33c864d85ed81654,93000,1,UpdatePublished,"{'model_id': 'model_mnist_784_noniid', 'round': 10, 'ticket_id': 526, 'cid': 'sha256:4d6c091d3123c26d9dd0ecba43109ae93d3320667460b323079549552f6324b1'}",mock
0x812bf6df8b6953a8c10bb1d6ed0bdce0617ddd4f92e1799d3d16360ed36e2d40,86000,1,TicketReserved,"{'model_id': 'model_mnist_784_noniid', 'round': 10, 'ticket_id': 527, 'owner': 'acct_27'}",mock
0x63c10c47fc685450c7090181aa0aa141a581bbb3eedcd0d3bdf933473729c0e8,93000,1,UpdatePublished,"{'model_id': 'model_mnist_784_noniid', 'round': 10, 'ticket_id': 527, 'cid': 'sha256:75cc67c0d0ba57f0475d7ac35001f4c6076741826b8cf9e731a3e1cd775c86aa'}",mock
0x62dff9a6446aa5490011f4208e5406b561786790e7624a62e23f93aa21715367,86000,1,TicketReserved,"{'model_id': 'model_mnist_784_noniid', 'round': 10, 'ticket_id': 528, 'owner': 'acct_28'}",mock
0xdf869331a870be58cd1468bc8fb5b8e19cc26b5db09de9f5dba2fc3e6c9c9e3e,93000,1,UpdatePublished,"{'model_id': 'model_mnist_784_noniid', 'round': 10, 'ticket_id': 528, 'cid': 'sha256:54819ad238417eddeb3fd48914be768d65450106d381490afbfe957c3b8eb99f'}",mock
0xdb87c42248f31187c65ce42aefe87abf0ea0d384c09186b6ffe2ed4435e6c935,86000,1,TicketReserved,"{'model_id': 'model_mnist_784_noniid', 'round': 10, 'ticket_id': 529, 'owner': 'acct_29'}",mock
0x2f0fceb9c8ef6bb21f9a8bac527ae54ba7eef05525446adf2a7f1894cae8c390,93000,1,UpdatePublished,"{'model_id': 'model_mnist_784_noniid', 'round': 10, 'ticket_id': 529, 'cid': 'sha256:524eaf00f9b1e876bfb2e26c1c53ce17aa964d65b6e83967275fd744c12a7aad'}",mock
0x1228260b0ee458e2cbcfb53a54465c447a6015a59e515adca82207423e0ba796,86000,1,TicketReserved,"{'model_id': 'model_mnist_784_noniid', 'round': 10, 'ticket_id': 530, 'owner': 'acct_30'}",mock
0xa7c0ba4605c9d0f8aae28e421c8d040875628da831d8cc96491c58978f113b08,93000,1,UpdatePublished,"{'model_id': 'model_mnist_784_noniid', 'round': 10, 'ticket_id': 530, 'cid': 'sha256:be7f09d016c7df9ddd07728a779e7a0b2ae0e35459992b065b2264af071c9714'}",mock
0x98765f69d75e7f300541ebd4112668d5ed1326374f49301bd1e86771283c0888,86000,1,TicketReserved,"{'model_id': 'model_mnist_784_noniid', 'round': 10, 'ticket_id': 531, 'owner': 'acct_31'}",mock
0x21d1f3231fcbcb3af0786b0d891b47eff719a3bd2327bd7b0315bb3198439a7a,93000,1,UpdatePublished,"{'model_id': 'model_mnist_784_noniid', 'round': 10, 'ticket_id': 531, 'cid': 'sha256:71b8b1fdc481db62d5ec920768d32590e4c0fa280168a084e4d9ada3f9177aac'}",mock
0x3c7caed3cf789119474081a7c52cb933315ff7e950e741ec5cb64007344ad89e,86000,1,TicketReserved,"{'model_id': 'model_mnist_784_noniid', 'round': 10, 'ticket_id': 532, 'owner': 'acct_32'}",mock
0x7a6ab50a61b779d1a11de378ad84fab55b4eb274ec342f736cd73a04aad0c731,93000,1,UpdatePublished,"{'model_id': 'model_mnist_784_noniid', 'round': 10, 'ticket_id': 532, 'cid': 'sha256:9808c321c8733a21b0f261184d6839592cf55a557de8cdc0771cea1b8ac3265c'}",mock
0xdcbb8cfc8eed30f543bdb4b76d09c2bbd9d77b0db01fcc476181158802343ff4,86000,1,TicketReserved,"{'model_id': 'model_mnist_784_noniid', 'round': 10, 'ticket_id': 533, 'owner': 'acct_33'}",mock
0xe38e63b8e7e4db4d38aa52ddeda8c550da51d4ade50812268647e1fd6fc9ed24,93000,1,UpdatePublished,"{'model_id': 'model_mnist_784_noniid', 'round': 10, 'ticket_id': 533, 'cid': 'sha256:bb33e931d427e4f1a1dfd37cac14758c4deeb820bccae7c3482a99e731c9b99f'}",mock
0xa1bd15040b0cbafe220f3bc467120fcc464b64c50ccde89edf4e8983ea2621d8,86000,1,TicketReserved,"{'model_id': 'model_mnist_784_noniid', 'round': 10, 'ticket_id': 534, 'owner': 'acct_34'}",mock
0x1905be960a483a03b996f75e7ca92730c72cdb035c59d30488d6b303273ccca3,93000,1,UpdatePublished,"{'model_id': 'model_mnist_784_noniid', 'round': 10, 'ticket_id': 534, 'cid': 'sha256:ccc5d4be03bb56911ab70eb3222c1dd76ae30004bdb7702ecac6fd52cb30db6f'}",mock
0xb2149d51496ea065f30f4e41978a1e8d7f1ccf0ee45edab6aecc4a1510933003,86000,1,TicketReserved,"{'model_id': 'model_mnist_784_noniid', 'round': 10, 'ticket_id': 535, 'owner': 'acct_35'}",mock
0x26a87167fbca701e6c96dfae76087624157689bcf12a24227e662b28698b058e,93000,1,UpdatePublished,"{'model_id': 'model_mnist_784_noniid', 'round': 10, 'ticket_id': 535, 'cid': 'sha256:bb82b31b523fba0f12e8db16f8a3eee1544f488059f016a308693e588aac305e'}",mock
0xfa49a15bc56d75561778bce88288abe6f8b1d5934cd5e40a44ea53ceae5fcd43,86000,1,TicketReserved,"{'model_id': 'model_mnist_784_noniid', 'round': 10, 'ticket_id': 536, 'owner': 'acct_36'}",mock
0x7346b72f31483da485f40a4ac6593891e673355fe7b7233614f61873cf48d0ff,93000,1,UpdatePublished,"{'model_id': 'model_mnist_784_noniid', 'round': 10, 'ticket_id': 536, 'cid': 'sha256:0ff4fdf67d33f44b5767c8ba02cc54ef564b1af542eb99ac3e584866b07d75ef'}",mock
0xbff13246aaa929f921018cbe0e404a86ff4fefafbb8bc8183e4b30c8be279b4a,86000,1,TicketReserved,"{'model_id': 'model_mnist_784_noniid', 'round': 10, 'ticket_id': 537, 'owner': 'acct_37'}",mock
0xbfa76a224433e625267de0aef921b853a3fb6ce75b9cf57aaf892c500bba4441,93000,1,UpdatePublished,"{'model_id': 'model_mnist_784_noniid', 'round': 10, 'ticket_id': 537, 'cid': 'sha256:c85d02f9cc7c416a6f2747f74af077ae0cc7e86ffa55f503c9d06f9a56133df0'}",mock
0x24695f00cbee9d0c61212d888250cb54fba96a5b3e4acddf088b88612679dbc8,86000,1,TicketReserved,"{'model_id': 'model_mnist_784_noniid', 'round': 10, 'ticket_id': 538, 'owner': 'acct_38'}",mock
0x71888d3ef1c51004177b66f5cb45a935ac71373c393ae19e3c3c44a87f0f0a55,93000,1,UpdatePublished,"{'model_id': 'model_mnist_784_noniid', 'round': 10, 'ticket_id': 538, 'cid': 'sha256:4ef1f97f9fceeccfad87b85d4361bfe628e56417bcea4f94cf2aa69deffdf39f'}",mock
0x316ecb578049321ae46abbe1385407c66bc32b243cfeef90648eab65bf754ca5,86000,1,TicketReserved,"{'model_id': 'model_mnist_784_noniid', 'round': 10, 'ticket_id': 539, 'owner': 'acct_39'}",mock
0xbb6edc988c326ee73fa8efeee2173df7c2017deeea4fe31d8e3b57961fb1af6d,93000,1,UpdatePublished,"{'model_id': 'model_mnist_784_noniid', 'round': 10, 'ticket_id': 539, 'cid': 'sha256:5d172675d2e15db68da97e055b24e1e2534ee3c1ab23b25976840139a571a7df'}",mock
0x5f86315195ae41c5f523473a712cd94ae549e9579e579e04ecf3e3bb50323620,86000,1,TicketReserved,"{'model_id': 'model_mnist_784_noniid', 'round': 10, 'ticket_id': 540, 'owner': 'acct_40'}",mock
0x35e464b4f2a568186515dc8e18c1871db84fea9c5e17c5771bf1a850abc7953b,93000,1,UpdatePublished,"{'model_id': 'model_mnist_784_noniid', 'round': 10, 'ticket_id': 540, 'cid': 'sha256:149bca4fabafd9eb80c0f152349aa03ceddbd35f0b3f66416db4f86d2dcc6741'}",mock
0xdfd3a96460610cdc4268a0be763af3f0ef65d1bf8162c2e061ee4e58fdc92ee9,86000,1,TicketReserved,"{'model_id': 'model_mnist_784_noniid', 'round': 10, 'ticket_id': 541, 'owner': 'acct_41'}",mock
0xe7e9cd65579da348c9f05d9235b6a7dfeb74b99add7dde8cd5de7ab4208739cb,93000,1,UpdatePublished,"{'model_id': 'model_mnist_784_noniid', 'round': 10, 'ticket_id': 541, 'cid': 'sha256:322442384a8940b7843d07e4c605f8bef9abda0667fbbabd9c1cf0de60fef1fe'}",mock
0x259e3014624113d86763d52447039418614fae92fec307f7dbc218ce3289739c,86000,1,TicketReserved,"{'model_id': 'model_mnist_784_noniid', 'round': 10, 'ticket_id': 542, 'owner': 'acct_42'}",mock
0xea5b6d851ca44d5e4536927845404cf836d63d39bb53a58d6fffba71f298d136,93000,1,UpdatePublished,"{'model_id': 'model_mnist_784_noniid', 'round': 10, 'ticket_id': 542, 'cid': 'sha256:1576415249dc4bb8132f7de4b5d1478bf7ea34c0f3412fe49950d5c52d6a8c0d'}",mock
0xc9833e75de473968a92c236dd63a2d58d28ef4335df6b9a17606afdea9301f93,86000,1,TicketReserved,"{'model_id': 'model_mnist_784_noniid', 'round': 10, 'ticket_id': 543, 'owner': 'acct_43'}",mock
0x06ff8a86a7cedcd15d2d2b46f3f68d7de4572ac764c2e663e919712048330a63,93000,1,UpdatePublished,"{'model_id': 'model_mnist_784_noniid', 'round': 10, 'ticket_id': 543, 'cid': 'sha256:db52a86bc395db431a2fe1e682a9d83fbcd5509b7aa1850095bdb79f0c209d25'}",mock
0xd71c18cd9cc8cad2ba9a4fed633ed0e9f399baa9651345ed612f76c9ed425c20,86000,1,TicketReserved,"{'model_id': 'model_mnist_784_noniid', 'round': 10, 'ticket_id': 544, 'owner': 'acct_44'}",mock
0xa5caa7a66ef869147f01c383917c000bdf833ca0d3426e2d5cc353739bd4a152,93000,1,UpdatePublished,"{'model_id': 'model_mnist_784_noniid', 'round': 10, 'ticket_id': 544, 'cid': 'sha256:074427702e98c2526cd62bae2c332dea30d7d49c29d48b641b954ec7d83bef4d'}",mock
0x283ee33d5eaacd27e06cab2b63bc1127f840cc1caa6043a38b595964f371297e,86000,1,TicketReserved,"{'model_id': 'model_mnist_784_noniid', 'round': 10, 'ticket_id': 545, 'owner': 'acct_45'}",mock
0x3dc719153912706368245e917695de3b1261cd85bcd1a040eab3191e6ecafff7,93000,1,UpdatePublished,"{'model_id': 'model_mnist_784_noniid', 'round': 10, 'ticket_id': 545, 'cid': 'sha256:9e3620b8b546b57c02ef4460c39613013a1a61350f93b0ce1b755953fdd321f6'}",mock
0x3e70149b9fc8b18504071b9288a2752e32adb7057e90aad6c84ceb92c375da16,86000,1,TicketReserved,"{'model_id': 'model_mnist_784_noniid', 'round': 10, 'ticket_id': 546, 'owner': 'acct_46'}",mock
0xa3f2485a5f969053348d8423d64a8ea83c3195116a4084a537054089cb640ee0,93000,1,UpdatePublished,"{'model_id': 'model_mnist_784_noniid', 'round': 10, 'ticket_id': 546, 'cid': 'sha256:5dbb1d23d634d22a83c4bd8cf9211c0eabd52bdc20a32ddcc8ab60b10a893d2a'}",mock
0x6aad107f8a7e398de9b7e7b1d98234d670d5aba68eaca20b10fa254f9bd81b11,86000,1,TicketReserved,"{'model_id': 'model_mnist_784_noniid', 'round': 10, 'ticket_id': 547, 'owner': 'acct_47'}",mock
0xe769a3146b062063f2abb40a6f5fa99eac7d44ed3d7520e43d6213dfb70ea77c,93000,1,UpdatePublished,"{'model_id': 'model_mnist_784_noniid', 'round': 10, 'ticket_id': 547, 'cid': 'sha256:933445f486792bd9a55e1ebaba384e2e152d6446fdd32e2368ae7569bb3aaf09'}",mock
0x92a603203e5abff3cb7a427c5122e25711920ad03ce903954b76822254f36896,86000,1,TicketReserved,"{'model_id': 'model_mnist_784_noniid', 'round': 10, 'ticket_id': 548, 'owner': 'acct_48'}",mock
0x9a6263ada3b06f5341510207c9d059ad645857b91a2c4d43a3f55828dfbbc94e,93000,1,UpdatePublished,"{'model_id': 'model_mnist_784_noniid', 'round': 10, 'ticket_id': 548, 'cid': 'sha256:e64f9d04baf955e99ebb332748dc40cb60eb6325b574392418c11f30ce098551'}",mock
0xd7d4935048c96f7a7778b75c41188ec147f7801e1ca1df8e9c44b1c4f4215c96,86000,1,TicketReserved,"{'model_id': 'model_mnist_784_noniid', 'round': 10, 'ticket_id': 549, 'owner': 'acct_49'}",mock
0x30786c6e02d6e29731ebdf435a80bcb31dd7d693a7b1a5208912c3a3c8bd6c53,93000,1,UpdatePublished,"{'model_id': 'model_mnist_784_noniid', 'round': 10, 'ticket_id': 549, 'cid': 'sha256:321d87c921a625ab02d4d838cdff969aa3bec31737c446c933577ff17f39c9a0'}",mock
0x848daebe089f6738a99d30a76619f98015e909be03ea763de950ece1dc0290a2,86000,1,TicketReserved,"{'model_id': 'model_mnist_784_noniid', 'round': 10, 'ticket_id': 550, 'owner': 'acct_50'}",mock
0xf808f1a25ce6d78f9c301bc935eafe9e6724cc52dc36924fff53f3f1101961a2,93000,1,UpdatePublished,"{'model_id': 'model_mnist_784_noniid', 'round': 10, 'ticket_id': 550, 'cid': 'sha256:b4383116300545ab6f4ee24d71fbefefc13993ec245f18d4f012ba7ea1ff4642'}",mock
0x9dad17939a4eb07f305612ffd0f7adc294ea3713d8a8b891b6fbb51c3a45dac8,745000,1,RoundFinalized,"{'model_id': 'model_mnist_784_noniid', 'round': 10, 'included': 31, 'refunds': 31}",mock
0x536d8f5d4ff59526776a14afbd4e8d95244ae0d52c3d15b416b2f5635f17c48d,52000,1,RoundFunded,"{'model_id': 'model_mnist_784_noniid', 'amount_wei': 10000000000000000}",mock
0x002415f51041305e157c3cda22e7c80fe40d388014a2650089576447c3781b9d,86000,1,TicketReserved,"{'model_id': 'model_mnist_784_noniid', 'round': 11, 'ticket_id': 551, 'owner': 'acct_1'}",mock
0x816a3816f4aeafc802f494155dce060d3ed5c2e09652107461df67c2243bd3b1,93000,1,UpdatePublished,"{'model_id': 'model_mnist_784_noniid', 'round': 11, 'ticket_id': 551, 'cid': 'sha256:ee8cd0aba60aaa98d595e6a8d92578912fdff15fb0823ed2ebbb3da69ca74e57'}",mock
0xd59d725438062d511be603a5f4a14af4e07333122d72ffdcecac14185eeb87bd,86000,1,TicketReserved,"{'model_id': 'model_mnist_784_noniid', 'round': 11, 'ticket_id': 552, 'owner': 'acct_2'}",mock
0xa97bfae9d84ca21eb738cc92866b4e944cc1e2c1d1b70f78c2f1085b835ec693,93000,1,UpdatePublished,"{'model_id': 'model_mnist_784_noniid', 'round': 11, 'ticket_id': 552, 'cid': 'sha256:9dd366cd89a8f04ae1b91b8b4c9d477e08f6d66cf36d21e4f3b9ef88070a2caa'}",mock
0x2b41d42ed7e1491d43815b455f5d79b10984cd942bbc436329dc4cfbdfaa1d1e,86000,1,TicketReserved,"{'model_id': 'model_mnist_784_noniid', 'round': 11, 'ticket_id': 553, 'owner': 'acct_3'}",mock
0xb84246de944049b22decd9f56b24107fb03359361ba9f259476a8d5355b1a534,93000,1,UpdatePublished,"{'model_id': 'model_mnist_784_noniid', 'round': 11, 'ticket_id': 553, 'cid': 'sha256:e90f4b14b00a83bb3f8b0cec059f0cc7c288b2b75fad4aaae257c21654aaa9d4'}",mock
0x2448857856bdbca0348073f5fb9c625ced7e2460ca54f84a37a81bac985c5823,86000,1,TicketReserved,"{'model_id': 'model_mnist_784_noniid', 'round': 11, 'ticket_id': 554, 'owner': 'acct_4'}",mock
0x6c9331ac7f28ec3ebff5257ce9964f8bba942f0ce67434a9ba04bf54014eff7d,93000,1,UpdatePublished,"{'model_id': 'model_mnist_784_noniid', 'round': 11, 'ticket_id': 554, 'cid': 'sha256:d88c507fdc15202661dbf87195c0a46d6233d166939f2ca534a334ecfa540be5'}",mock
0xd51779fa4e29f4266d1c39519e02e53253fe60b3e2ebb2a28ccab3495c0b0649,86000,1,TicketReserved,"{'model_id': 'model_mnist_784_noniid', 'round': 11, 'ticket_id': 555, 'owner': 'acct_5'}",mock
0x4878e0cbb62dbd88ccb5aba3ca6e32e95e63bfed38cdbbe6a30c9c31aa0ebc2c,93000,1,UpdatePublished,"{'model_id': 'model_mnist_784_noniid', 'round': 11, 'ticket_id': 555, 'cid': 'sha256:5d33ba3c21fc0bdb434ef37c87a12403707c9fa494485980005b8a9df1d3be03'}",mock
0xf5078e52e05fb6026978e702a98d98a4bd0d1bfe749828ca96df51129f65dcec,86000,1,TicketReserved,"{'model_id': 'model_mnist_784_noniid', 'round': 11, 'ticket_id': 556, 'owner': 'acct_6'}",mock
0x61cf7da6b8eac617c2f5e9b2745e8885881b1b0d99fd8fcf5052b8bab02e3b34,93000,1,UpdatePublished,"{'model_id': 'model_mnist_784_noniid', 'round': 11, 'ticket_id': 556, 'cid': 'sha256:7a6dfde0ccb36f678f82998857d28ea7720a008d9341ffd118d3c504e1c04bef'}",mock
0xbb30e187d30f3005cb1870ef8a75b080fa8cdf4f6b1fff9f39da98b8f5429933,86000,1,TicketReserved,"{'model_id': 'model_mnist_784_noniid', 'round': 11, 'ticket_id': 557, 'owner': 'acct_7'}",mock
0x2b65d8537b3f41009aaa4713bb75d32ba13e8648ffe38f19d7e2300d58b5754f,93000,1,UpdatePublished,"{'model_id': 'model_mnist_784_noniid', 'round': 11, 'ticket_id': 557, 'cid': 'sha256:f2ec925872d9770adac0b47e92a27b11763f80f6a2faf38a20aea7a4ee3ac759'}",mock
0xf62ce0cd415d03f4c058431fd54f575e66ad56779118fab95627478736a7d031,86000,1,TicketReserved,"{'model_id': 'model_mnist_784_noniid', 'round': 11, 'ticket_id': 558, 'owner': 'acct_8'}",mock
0x84cf4f00af93566a56f240f5ab839aefb616eac2ae5441c090bc39772d1811e9,93000,1,UpdatePublished,"{'model_id': 'model_mnist_784_noniid', 'round': 11, 'ticket_id': 558, 'cid': 'sha256:7bb97446d5fa3e415b791bf9b45aa895bdd5a1cacd2d5e9848f25cd4dc0f7cba'}",mock
0xec4a2922caa32420cb90aa3c9cdc71efd56d05abf595867240d96f0365f2bb51,86000,1,TicketReserved,"{'model_id': 'model_mnist_784_noniid', 'round': 11, 'ticket_id': 559, 'owner': 'acct_9'}",mock
0x06b4cee1fbe96c34ec77295341a943be1a3d4a846ff84057deebbad39f6b37be,93000,1,UpdatePublished,"{'model_id': 'model_mnist_784_noniid', 'round': 11, 'ticket_id': 559, 'cid': 'sha256:cfb9feffa66261560a7dbf4e73a8895f3956db851d5c9906bff98180ba23e3de'}",mock
0x9a24f6d42b23be7f01192f0739048ebb189ca718b1aa4bf1cee955f690ec35b7,86000,1,TicketReserved,"{'model_id': 'model_mnist_784_noniid', 'round': 11, 'ticket_id': 560, 'owner': 'acct_10'}",mock
0x5af201c73187dd182683076ec6d163b22438689539344d7ab975d3082abca39f,93000,1,UpdatePublished,"{'model_id': 'model_mnist_784_noniid', 'round': 11, 'ticket_id': 560, 'cid': 'sha256:ff521bf8c74f0a3a3325c2d0da6c7655c80a32c9dd4d1dbbce64ae51ea699026'}",mock
0x539ea12aa3ee27d195c1bdf60f79e1929d5eacca29eaab93d21f17fc5d63126a,86000,1,TicketReserved,"{'model_id': 'model_mnist_784_noniid', 'round': 11, 'ticket_id': 561, 'owner': 'acct_11'}",mock
0xc036646ddd836ae28bc1a77e7f1338677c72299b7e2b71df786f1eb0259eabb6,93000,1,UpdatePublished,"{'model_id': 'model_mnist_784_noniid', 'round': 11, 'ticket_id': 561, 'cid': 'sha256:f70bf965d1c71b523a90bbfb5f5ef78019564fccdc9fc316e89f927fe31b3969'}",mock
0xe299356fff3a8a2925a607afcbf25cb187ef7ae188eb1c84d9d4487f2148f93f,86000,1,TicketReserved,"{'model_id': 'model_mnist_784_noniid', 'round': 11, 'ticket_id': 562, 'owner': 'acct_12'}",mock
0x127e2c83dcca5837702fad38adb5265a4c79aa95b8fe7b65008015b286b8c91e,93000,1,UpdatePublished,"{'model_id': 'model_mnist_784_noniid', 'round': 11, 'ticket_id': 562, 'cid': 'sha256:1a93c79218ef752cce7664f6060a0187366120b1fff321e8df162ff2d51bedc8'}",mock
0x6ae9612a3b6291aaa73fd3585d23290dc745b8f0cdb0e51239c24f2621d7a0c5,86000,1,TicketReserved,"{'model_id': 'model_mnist_784_noniid', 'round': 11, 'ticket_id': 563, 'owner': 'acct_13'}",mock
0x5a9d1d5c1163bcbe63ac78a4a47e576a0b0fb0d4c3a673da851820295b12a03a,93000,1,UpdatePublished,"{'model_id': 'model_mnist_784_noniid', 'round': 11, 'ticket_id': 563, 'cid': 'sha256:05b57343b7b98b2efe92a8c9660948090504473b6a95a47963692b14003258bf'}",mock
0xbaf6839e3262d2a5707667afbcfa05a04da5857c4d7fa903cb8293fec7ddf682,86000,1,TicketReserved,"{'model_id': 'model_mnist_784_noniid', 'round': 11, 'ticket_id': 564, 'owner': 'acct_14'}",mock
0xdec768515d3be2b5666fdb55cb34a19a812be16a5fd661892323b10dd2fb1e56,93000,1,UpdatePublished,"{'model_id': 'model_mnist_784_noniid', 'round': 11, 'ticket_id': 564, 'cid': 'sha256:2584f5555727356471c5be0cd48393a74d2617232d525f94b97e40468a87bcdd'}",mock
0xadb34e781abac1bb5c5d1e37fb5d9b6ccadeb543df53581394a3819dbd1201d6,86000,1,TicketReserved,"{'model_id': 'model_mnist_784_noniid', 'round': 11, 'ticket_id': 565, 'owner': 'acct_15'}",mock
0x223717a04db1e97828d620b48fd1cd99dfb6bfd59103b795ad8b5e90fd62bef1,93000,1,UpdatePublished,"{'model_id': 'model_mnist_784_noniid', 'round': 11, 'ticket_id': 565, 'cid': 'sha256:bc7b63fde252958700649a4a44f46194828f989299b7b35af73f2849948fc8ad'}",mock
0x38a2725349c97fc2528e38b98c50e57bdba0c16680da23abe5ab01a59e2f2584,86000,1,TicketReserved,"{'model_id': 'model_mnist_784_noniid', 'round': 11, 'ticket_id': 566, 'owner': 'acct_16'}",mock
0x33ee6cb64c746cebcc541d6eab4785d48054a994c9a45f10c3ba2697ad9971c5,93000,1,UpdatePublished,"{'model_id': 'model_mnist_784_noniid', 'round': 11, 'ticket_id': 566, 'cid': 'sha256:b4c73f991bb046bca172ecb4bd45a9a6f02881849dfbf557de27a9915ac20a0e'}",mock
0xececd2b28cb7482ae84b713b40de82245937788a53cd32efba59f110ba69dc58,86000,1,TicketReserved,"{'model_id': 'model_mnist_784_noniid', 'round': 11, 'ticket_id': 567, 'owner': 'acct_17'}",mock
0x888f3b4d77af85c6a54606d32dd2316597e9ee4156b58a18b8503b174dbc579e,93000,1,UpdatePublished,"{'model_id': 'model_mnist_784_noniid', 'round': 11, 'ticket_id': 567, 'cid': 'sha256:4ceb14d7dad6a05b8495b2bfb53fe6275b7ac180ff9cb1e2f7d0f7da33955365'}",mock
0xb6799a468b1a68489dbee2e9d339d0fa8ad18eee8e316ad10fff8bdb7fc69208,86000,1,TicketReserved,"{'model_id': 'model_mnist_784_noniid', 'round': 11, 'ticket_id': 568, 'owner': 'acct_18'}",mock
0x7dda8462b9169c00d20f09f94d7023886c0d7dbca27f0052afa4f875e902f43b,93000,1,UpdatePublished,"{'model_id': 'model_mnist_784_noniid', 'round': 11, 'ticket_id': 568, 'cid': 'sha256:a821bcf704569d1a836edecb8636b394da75d9b6673c58f26924ce75d10376f5'}",mock
0xe35bf58b581d836f04c9b95ec86c16f52ee4710bf792dc0535d63580306502b0,86000,1,TicketReserved,"{'model_id': 'model_mnist_784_noniid', 'round': 11, 'ticket_id': 569, 'owner': 'acct_19'}",mock
0xe3d61894bb1001b0c5af319bcd82bef9cea0bebc3c83fb0ce80219f737c465af,93000,1,UpdatePublished,"{'model_id': 'model_mnist_784_noniid', 'round': 11, 'ticket_id': 569, 'cid': 'sha256:7a5a34a00ebd6340321b40f6732c363a4ad2ff3be4dc1ebba86b93925503cff0'}",mock
0x5b47c1e7d0c89e3484376f4448bc35c58aa01e89754784744c6f9bb28450e71f,86000,1,TicketReserved,"{'model_id': 'model_mnist_784_noniid', 'round': 11, 'ticket_id': 570, 'owner': 'acct_20'}",mock
0x8e81cb24238a45679704931c9d28af86594816ae9618266364edb91782de5d21,93000,1,UpdatePublished,"{'model_id': 'model_mnist_784_noniid', 'round': 11, 'ticket_id': 570, 'cid': 'sha256:1adc80bee1073aa09381a0169a743fe9ed511e3114fce0f28fe7b76b5c17e92c'}",mock
0x9ac8e1d8db1205a7e7d9e68310ea05c382219c58c6f40229a8e1de5db717d065,86000,1,TicketReserved,"{'model_id': 'model_mnist_784_noniid', 'round': 11, 'ticket_id': 571, 'owner': 'acct_21'}",mock
0x4cc695373dee84383a3522a7d92dc426d38edcec03c95ec1b6b110775c4277e6,93000,1,UpdatePublished,"{'model_id': 'model_mnist_784_noniid', 'round': 11, 'ticket_id': 571, 'cid': 'sha256:0c64461b2c18fd9ae8c1bd95a39b221f78a76bb10e18fe86c176c44227dc2edf'}",mock
0x34f309a4795811cc68a7693b0f6a6318677ae5c4bf5b85a7a4d43c7ebf48cf07,86000,1,TicketReserved,"{'model_id': 'model_mnist_784_noniid', 'round': 11, 'ticket_id': 572, 'owner': 'acct_22'}",mock
0x2d7663720697eac5851ee42b8a256d85828a879878da4885994580130545978c,93000,1,UpdatePublished,"{'model_id': 'model_mnist_784_noniid', 'round': 11, 'ticket_id': 572, 'cid': 'sha256:e3e5f0df9ed163938d07a77347c7787d34d452faa6badfdc34a52052449074ee'}",mock
0x8f49dc11056213007b2d26cdba21a4168691de6877139a84a2caea915d312f72,86000,1,TicketReserved,"{'model_id': 'model_mnist_784_noniid', 'round': 11, 'ticket_id': 573, 'owner': 'acct_23'}",mock
0xbdacf33223ada1fd9ed3ef7a99247a8ddb830f908a1e15cb17a0866e2b652671,93000,1,UpdatePublished,"{'model_id': 'model_mnist_784_noniid', 'round': 11, 'ticket_id': 573, 'cid': 'sha256:402c869017e8f0a61d79cfb74754dc272cb5ebdd8d6f7263d1bfb8135faca1fd'}",mock
0x738093fa9b54bd4b6b661a3cdf8b5d38e1dde71853a5d0e3b255e0ebd0e57e96,86000,1,TicketReserved,"{'model_id': 'model_mnist_784_noniid', 'round': 11, 'ticket_id': 574, 'owner': 'acct_24'}",mock
0xb41bc973833618fb72697a0222a0cd7bc5eb7a432631a001de9008c30f087da4,93000,1,UpdatePublished,"{'model_id': 'model_mnist_784_noniid', 'round': 11, 'ticket_id': 574, 'cid': 'sha256:a5a657d2ff66ec0acaaef43cc7873722d1d63b11a79972782ad875c74f5f0c1b'}",mock
0x9338b2e2b9573023b167200e6887886b1f1473f4d89c347c0d06ab10e4d082a7,86000,1,TicketReserved,"{'model_id': 'model_mnist_784_noniid', 'round': 11, 'ticket_id': 575, 'owner': 'acct_25'}",mock
0x50520babe20e417aa9bda1fda750f9f6c7847e389be1a974e1d2a6843e26bf50,93000,1,UpdatePublished,"{'model_id': 'model_mnist_784_noniid', 'round': 11, 'ticket_id': 575, 'cid': 'sha256:f64719419883d0df8aa58429838ba39a1cd46d577e7fc155edf600dea9b63b67'}",mock
0x55a57b28a16c50ec3f6e659bfbfdca7695a18e5965d349ca02d6c1e3257c782a,86000,1,TicketReserved,"{'model_id': 'model_mnist_784_noniid', 'round': 11, 'ticket_id': 576, 'owner': 'acct_26'}",mock
0x0309cff07eb90b0ae521cc3cb3cfc4407e6d3e83cfd1b4201b3247e57c9e9fe8,93000,1,UpdatePublished,"{'model_id': 'model_mnist_784_noniid', 'round': 11, 'ticket_id': 576, 'cid': 'sha256:c50689e65908c555a916529b12494c7687e6ba2a25807fe0a2177565c69b30dc'}",mock
0x017d0bf210ad2165da13871f2409a6e7485d1fd967d720b9e10ee775265a15b9,86000,1,TicketReserved,"{'model_id': 'model_mnist_784_noniid', 'round': 11, 'ticket_id': 577, 'owner': 'acct_27'}",mock
0x8cb61a5484bfbe0a882129424f4af63354512b0a85800f8dd229e82bed95bbd7,93000,1,UpdatePublished,"{'model_id': 'model_mnist_784_noniid', 'round': 11, 'ticket_id': 577, 'cid': 'sha256:91b4aa0ba2b485effafa1997c3c01f46356c4391600f74cf971c3d5e7a8e44da'}",mock
0x97dbd24330112e2f9c3717241b48b3ba9dd9c4670a40cc64b418c63a631dc8f4,86000,1,TicketReserved,"{'model_id': 'model_mnist_784_noniid', 'round': 11, 'ticket_id': 578, 'owner': 'acct_28'}",mock
0x143d84cf5117c0b8b846e7bc1db4a39dceaa2ea3a66822128f101a1ca79d0896,93000,1,UpdatePublished,"{'model_id': 'model_mnist_784_noniid', 'round': 11, 'ticket_id': 578, 'cid': 'sha256:577490ccc73a81ef009ee7c924e4fdc32b97af4122dfde6c885ca03056753061'}",mock
0xd252ec5e0bfad401f41a4b279062188bb1d58fa31e8b827ebc172383eb48de87,86000,1,TicketReserved,"{'model_id': 'model_mnist_784_noniid', 'round': 11, 'ticket_id': 579, 'owner': 'acct_29'}",mock
0xd870f997a3c0919e1dde1a6d5bf9d851940cadc83e7702b7332db1797d92f3f9,93000,1,UpdatePublished,"{'model_id': 'model_mnist_784_noniid', 'round': 11, 'ticket_id': 579, 'cid': 'sha256:90f8a95b115eec0e11816b6e591b37ebceda8e0af32f437209cc93a6391196fa'}",mock
0x511061fb450b6d0698e2a80f590ba2f990d976abeb3f34e4d83a019bddb2fdbb,86000,1,TicketReserved,"{'model_id': 'model_mnist_784_noniid', 'round': 11, 'ticket_id': 580, 'owner': 'acct_30'}",mock
0x8601b25da777c679fa8a1f0138ef59326977ad7dc8749e06a293d588ca68d38f,93000,1,UpdatePublished,"{'model_id': 'model_mnist_784_noniid', 'round': 11, 'ticket_id': 580, 'cid': 'sha256:bdef9f536a3c417e746d0bc9badd4591b1f2a61c9a8aa1dd7c3fdf71238da754'}",mock
0xa19a5d5a73f7ef9c794f19cb265ec9e38eb2261a5bcecd1d93fd53c56430220b,86000,1,TicketReserved,"{'model_id': 'model_mnist_784_noniid', 'round': 11, 'ticket_id': 581, 'owner': 'acct_31'}",mock
0xde4a9dda38aa97d9903ad8b88c2282e3f47f2582f33eba6a02f35eb57492414e,93000,1,UpdatePublished,"{'model_id': 'model_mnist_784_noniid', 'round': 11, 'ticket_id': 581, 'cid': 'sha256:5505de98914f1296755ad2306946353486d165b36fe6c0cfc30c6969b99be088'}",mock
0x46ef136284eaa1a2cd7a05f3a2db785ede7fc5bcf4fbee90f4f5029411f6cdb9,86000,1,TicketReserved,"{'model_id': 'model_mnist_784_noniid', 'round': 11, 'ticket_id': 582, 'owner': 'acct_32'}",mock
0x131f016aad4ca53365e1aa991cd16faf7f4d2256d034f00a2143d4d05ba42dd0,93000,1,UpdatePublished,"{'model_id': 'model_mnist_784_noniid', 'round': 11, 'ticket_id': 582, 'cid': 'sha256:994027ed7629b165827bd937f443f13694aeb988ee5e74b9797a2adda14a9fc1'}",mock
0xce93ece226b4f78d1aa376355c6076b44915626054ffa2da396683e8c206c8b1,86000,1,TicketReserved,"{'model_id': 'model_mnist_784_noniid', 'round': 11, 'ticket_id': 583, 'owner': 'acct_33'}",mock
0x0d499dad0f7f6854ab627cc61f7fe82334e180f35248e0d7c796223e368d2f4f,93000,1,UpdatePublished,"{'model_id': 'model_mnist_784_noniid', 'round': 11, 'ticket_id': 583, 'cid': 'sha256:07959696eb8434b24b01888d99cf237995b546bb801c2158d6446ecc7355a349'}",mock
0x0e8df95d5b1b705fd64bb6a73ff035526a87b5866d65c8e9337c3f9437a33dd8,86000,1,TicketReserved,"{'model_id': 'model_mnist_784_noniid', 'round': 11, 'ticket_id': 584, 'owner': 'acct_34'}",mock
0x19bb7bebf38644bf97668f6ce1eaefe2663af9a58d3452d124c8aa1a78a79659,93000,1,UpdatePublished,"{'model_id': 'model_mnist_784_noniid', 'round': 11, 'ticket_id': 584, 'cid': 'sha256:6acaaddaf9367be7e3dbd3d6f519182f0834e62131063a24a38d64c16df079f1'}",mock
0x8f083c5e8f7f8b0950f1ce4e48968b31ec4f908f5df5200030975582ef08d373,86000,1,TicketReserved,"{'model_id': 'model_mnist_784_noniid', 'round': 11, 'ticket_id': 585, 'owner': 'acct_35'}",mock
0x8b96ccc2bc7af279e0ff60232551276e42d92f19d05f12ee3bc45c98dbbef16e,93000,1,UpdatePublished,"{'model_id': 'model_mnist_784_noniid', 'round': 11, 'ticket_id': 585, 'cid': 'sha256:81cac02b49dd171641d60f77ad432eacddff0cb928d54f59dbaf241d8fc1b6bb'}",mock
0x72030ee08606e4e2820e4f342c73dc9d60c87736b2d74d4267b22d0ebb9c1230,86000,1,TicketReserved,"{'model_id': 'model_mnist_784_noniid', 'round': 11, 'ticket_id': 586, 'owner': 'acct_36'}",mock
0xd6d918b74a32c0ee435925904ed004592e6cecee6478dac2bad95b4c82abc22f,93000,1,UpdatePublished,"{'model_id': 'model_mnist_784_noniid', 'round': 11, 'ticket_id': 586, 'cid': 'sha256:123891b9b927d8154be62aea351db50f9431bf7cd70d5754557b5903530c3a40'}",mock
0x679e00b6f755614c0898545532cbdf88d7c689a36346111057528b2f4c313a12,86000,1,TicketReserved,"{'model_id': 'model_mnist_784_noniid', 'round': 11, 'ticket_id': 587, 'owner': 'acct_37'}",mock
0xad28b485ed892c4721e4a77e1def1de10337b0a9387f19cf9b43e72282d7e519,93000,1,UpdatePublished,"{'model_id': 'model_mnist_784_noniid', 'round': 11, 'ticket_id': 587, 'cid': 'sha256:d68c400bec50b3938583b7d4aa25203fd70ff3828ceb9cc7d36515781fadb3c6'}",mock
0xf21a2b9289f3ffdc5eea63492301380a53f24f62b9db1a7613cca70d51ecb073,86000,1,TicketReserved,"{'model_id': 'model_mnist_784_noniid', 'round': 11, 'ticket_id': 588, 'owner': 'acct_38'}",mock
0x6c29d5f74f1260dd5a453b53ef44878a1de6ba6e9e471dfd72481c0c78387f9e,93000,1,UpdatePublished,"{'model_id': 'model_mnist_784_noniid', 'round': 11, 'ticket_id': 588, 'cid': 'sha256:cd8a01c87659859f50779582aca5ca6fef68c7a87fd5f2d5e1301b0edcff89a7'}",mock
0x069a148978fbc50b6e9f0110fe6bbac385961cd4f8c49110e517896775cc2033,86000,1,TicketReserved,"{'model_id': 'model_mnist_784_noniid', 'round': 11, 'ticket_id': 589, 'owner': 'acct_39'}",mock
0x928053a69b9dd5b59c7ee02a95e73250544b4450d6e67c6c35608cd7342d904b,93000,1,UpdatePublished,"{'model_id': 'model_mnist_784_noniid', 'round': 11, 'ticket_id': 589, 'cid': 'sha256:687c08223e9bab904390a7b25215562c5c976ffb7bc56650191c5f683c09c56e'}",mock
0x9a972ad7e540b28a4a0c8c8a43d1d4772649084908014bb953949add3a062ffc,86000,1,TicketReserved,"{'model_id': 'model_mnist_784_noniid', 'round': 11, 'ticket_id': 590, 'owner': 'acct_40'}",mock
0xb6c8a6b3cbfd5b53ca34f4b64036124418b204c283511eb42fe8770e74999fc1,93000,1,UpdatePublished,"{'model_id': 'model_mnist_784_noniid', 'round': 11, 'ticket_id': 590, 'cid': 'sha256:b9824ea580803fdd04d88a99c77857838be50be3ec8006a7f267a4ae078fcc79'}",mock
0xc5e9e5ce09142e882121fcf535a0962fc81a584527e18d19aed3b04f4b3b3412,86000,1,TicketReserved,"{'model_id': 'model_mnist_784_noniid', 'round': 11, 'ticket_id': 591, 'owner': 'acct_41'}",mock
0x774ee5f9ee7c6cac6cd97f861873f12c75a0282ab319e9cdb4f98a3d8473babf,93000,1,UpdatePublished,"{'model_id': 'model_mnist_784_noniid', 'round': 11, 'ticket_id': 591, 'cid': 'sha256:0f8a1fc8009488525d5552c25d53115286938d7828b7025ea01f3e61c3534d2f'}",mock
0x6dbfe4b7ade8b22993557d87d22ce5827c1d486405a42ac5f7d3d297aaca39af,86000,1,TicketReserved,"{'model_id': 'model_mnist_784_noniid', 'round': 11, 'ticket_id': 592, 'owner': 'acct_42'}",mock
0xc8fe33ba19de5d3d46efb2bb069a12cf7a6d9d3badacd8c7b2b5ce62b7ab4017,93000,1,UpdatePublished,"{'model_id': 'model_mnist_784_noniid', 'round': 11, 'ticket_id': 592, 'cid': 'sha256:7e5b141cf2f6750e5cc92fbef6f0b767524c93ca801c4ad851ecadca16c29167'}",mock
0x173303ada01a80fca697783fe5688df83f1115eb210b0ec74b1eeaeeb470c4ce,86000,1,TicketReserved,"{'model_id': 'model_mnist_784_noniid', 'round': 11, 'ticket_id': 593, 'owner': 'acct_43'}",mock
0xf4b23068c753c3b2850f367951d9f9fb23a16d458e1298a42bda727f6403495f,93000,1,UpdatePublished,"{'model_id': 'model_mnist_784_noniid', 'round': 11, 'ticket_id': 593, 'cid': 'sha256:28932030904b7c3a170c93ae2c2b03ef3af52e0e552571798283b855f49ddcb6'}",mock
0x58f263127293722851fc3746492fe65d271ca20a964fce481a19a633c3f68c02,86000,1,TicketReserved,"{'model_id': 'model_mnist_784_noniid', 'round': 11, 'ticket_id': 594, 'owner': 'acct_44'}",mock
0x589926b40ec95fc463e6574af8fb92f3efd9aeaaf1bd6b5e7722d1470de5d8a4,93000,1,UpdatePublished,"{'model_id': 'model_mnist_784_noniid', 'round': 11, 'ticket_id': 594, 'cid': 'sha256:9514e7445f6df4db60ebfb725c3d69da287bf4faf4e8a549d8ff3756a27764da'}",mock
0x220798b60237a85ec27f120b7971f6bd886d8fe42a23a4a90845c0b3f270f3e1,86000,1,TicketReserved,"{'model_id': 'model_mnist_784_noniid', 'round': 11, 'ticket_id': 595, 'owner': 'acct_45'}",mock
0x8576092bdcbe895169acaff874a45320a8e2b8a3d6de9fddb91830c49f32512c,93000,1,UpdatePublished,"{'model_id': 'model_mnist_784_noniid', 'round': 11, 'ticket_id': 595, 'cid': 'sha256:6e7cb4a5a1538a7999567a5d2365c5846b62b34945d1507871a00452629c9307'}",mock
0xedf9bc46af547e02b09dec14dbf5432427c38715b3cb9911818875606e0e8378,86000,1,TicketReserved,"{'model_id': 'model_mnist_784_noniid', 'round': 11, 'ticket_id': 596, 'owner': 'acct_46'}",mock
0xc018d774269a4906d9e6a9210ef3845ac49fed6c802aa7b797a53162f6f0bcf4,93000,1,UpdatePublished,"{'model_id': 'model_mnist_784_noniid', 'round': 11, 'ticket_id': 596, 'cid': 'sha256:83dc2fbe447cdb57897481db2ee96da30cadf5d6e41fc7845585d5a1efbf1dc0'}",mock
0x967b6835d9c2a574f0715c599da75f79a78395b5ae826d26d36c9cf84b6eedea,86000,1,TicketReserved,"{'model_id': 'model_mnist_784_noniid', 'round': 11, 'ticket_id': 597, 'owner': 'acct_47'}",mock
0x515a90743a607407e7a1dc3a906b5f4e5ac65bdec8e9ac035c4349f0d6243707,93000,1,UpdatePublished,"{'model_id': 'model_mnist_784_noniid', 'round': 11, 'ticket_id': 597, 'cid': 'sha256:bd5fbed9d76ff88cbbe21f91db8e69b09e2d945894a2eaf65f44747f35bd466e'}",mock
0x20a2435c101884c3bd8d9279f141a13211f24a58a0194e1cf036df09c1066fbd,86000,1,TicketReserved,"{'model_id': 'model_mnist_784_noniid', 'round': 11, 'ticket_id': 598, 'owner': 'acct_48'}",mock
0x9d57471b1f107a5eaaff05b76c0606d615daaacdca7a49b2cf9c2a9b2660ff97,93000,1,UpdatePublished,"{'model_id': 'model_mnist_784_noniid', 'round': 11, 'ticket_id': 598, 'cid': 'sha256:00ad5c09cf9ba573bef822fce7705cec2b6d526136c6557dc34b0782aa34cb5b'}",mock
0xa24a7ab8be64d108bc7f709d7f5ffbd7fed75c64cd387a32ed496750be08c0b1,86000,1,TicketReserved,"{'model_id': 'model_mnist_784_noniid', 'round': 11, 'ticket_id': 599, 'owner': 'acct_49'}",mock
0x3dd378c94fed974f9d86623efb4540cc5c06fa8fa5c63af5d3aa444108727ac0,93000,1,UpdatePublished,"{'model_id': 'model_mnist_784_noniid', 'round': 11, 'ticket_id': 599, 'cid': 'sha256:c4ea1e63e351eec0645a503dc3efa106d9f9174474b377564175c8ec03fcb7af'}",mock
0x38e93639404e94ce67109570209c9d13a033d37f6f658193c1a578e108be5f1b,86000,1,TicketReserved,"{'model_id': 'model_mnist_784_noniid', 'round': 11, 'ticket_id': 600, 'owner': 'acct_50'}",mock
0x8e39fb215ce96fb1d2fcf2d196fe9e0c3a11c972bb0cfcd12d0bdbbebe6d9da0,93000,1,UpdatePublished,"{'model_id': 'model_mnist_784_noniid', 'round': 11, 'ticket_id': 600, 'cid': 'sha256:bdcd42099909003196f2e40c5253fb6433c3b040d0bb5a21bb82d527de2a7c0c'}",mock
0xb6bdc38b03c85e966ad00f0ff6d75d596801c028a90a845c15a27d81ec98ff1e,745000,1,RoundFinalized,"{'model_id': 'model_mnist_784_noniid', 'round': 11, 'included': 31, 'refunds': 31}",mock
0x0f74c6dbd37c67674bfddc9668c0b2c1d6e35d6c89bb4a129864edd006362ec0,38000,1,Claimed,"{'model_id': 'model_mnist_784_noniid', 'account': 'acct_1', 'amount_wei': 6703177348338639}",mock
0x010be1ac0002a8071068f0a08c6a869960bd9f7fd0cf3f8b34a8bfa3367b28ff,38000,1,Claimed,"{'model_id': 'model_mnist_784_noniid', 'account': 'acct_2', 'amount_wei': 10875996401518222}",mock
0x42903b5b2383bbeb92d2d1175abaf3107334771cf61ed066ec8145ec3f1718ed,38000,1,Claimed,"{'model_id': 'model_mnist_784_noniid', 'account': 'acct_3', 'amount_wei': 10895546743649209}",mock
0xc247274665e16db68c3819dac4f0aadf3b840229bb70a677ac76323c1e35e69e,38000,1,Claimed,"{'model_id': 'model_mnist_784_noniid', 'account': 'acct_4', 'amount_wei': 8073574749096570}",mock
0x8b7f41747b23e9d8a41d4ed0bd46c6eb1b90ec46445c3b16a26fcf25246e84d4,38000,1,Claimed,"{'model_id': 'model_mnist_784_noniid', 'account': 'acct_5', 'amount_wei': 6912066365007541}",mock
0x67669ac6573b810bc55655bda888ddb665c833172769b4cc02f6230871519953,38000,1,Claimed,"{'model_id': 'model_mnist_784_noniid', 'account': 'acct_6', 'amount_wei': 8218334171275348}",mock
0x00c18da007ad596777700a48cc729ce517d251751e1da472c328c52dedc61ef9,38000,1,Claimed,"{'model_id': 'model_mnist_784_noniid', 'account': 'acct_7', 'amount_wei': 12353531176111820}",mock
0x00d210bd6286d6b944cb26cbbd7894c130e76294cc5f8843e308510f7ad78486,38000,1,Claimed,"{'model_id': 'model_mnist_784_noniid', 'account': 'acct_8', 'amount_wei': 8213930036510680}",mock
0x98d157c1582a07fad418acbac4ebd73aca1cf0883d75ebbdb3f9f5ff68bdc979,38000,1,Claimed,"{'model_id': 'model_mnist_784_noniid', 'account': 'acct_9', 'amount_wei': 9510931359033827}",mock
0x34fcd3e903fc060ec9bf2f6d67a48b041bc4b93460fe154d195e42519bd038bf,38000,1,Claimed,"{'model_id': 'model_mnist_784_noniid', 'account': 'acct_10', 'amount_wei': 5410226332806977}",mock
0x55dfb52705f3535c0e3b8011290e234a6cd3f0da2914fb85cda2d03299951043,38000,1,Claimed,"{'model_id': 'model_mnist_784_noniid', 'account': 'acct_11', 'amount_wei': 10904459399620687}",mock
0x0d36ca4ffad7bd9386cadec9ef5466e622e4446c7a6611e590cfd6205915d89c,38000,1,Claimed,"{'model_id': 'model_mnist_784_noniid', 'account': 'acct_12', 'amount_wei': 10863495461597927}",mock
0x93cfc7e88ea0c99720dbdc50628eeb24571ea4248b83ab62f3cb42c43ae51f34,38000,1,Claimed,"{'model_id': 'model_mnist_784_noniid', 'account': 'acct_13', 'amount_wei': 6706765632287453}",mock
0x0287b9f73d788c4d092123d4b32ff83bf6590a05cd82bae6d9237ff6a6cd7890,38000,1,Claimed,"{'model_id': 'model_mnist_784_noniid', 'account': 'acct_14', 'amount_wei': 6768800371741549}",mock
0xbb3e67ca44a790ff3b89efadd51ad322614c6dd26927fe6bc38c2ff7866c6056,38000,1,Claimed,"{'model_id': 'model_mnist_784_noniid', 'account': 'acct_15', 'amount_wei': 6878848451429096}",mock
0x7bb0c5fb9a7d69f447ab7ec1cc6dc6b65f3b7438114c7bd565ae883e5f6a489c,38000,1,Claimed,"{'model_id': 'model_mnist_784_noniid', 'account': 'acct_16', 'amount_wei': 9581878754459397}",mock
0x52ea3b583aa055dee00e153f1c1307c636223f9e35bbaf284da86247badb783a,38000,1,Claimed,"{'model_id': 'model_mnist_784_noniid', 'account': 'acct_17', 'amount_wei': 8074714350236171}",mock
0x0e34dc870bda421e67b72e5b49acd498095c2fc1c3d0fc718b775afc900d57f8,38000,1,Claimed,"{'model_id': 'model_mnist_784_noniid', 'account': 'acct_18', 'amount_wei': 12292663068184888}",mock
0x23a89d7a4c834c38446f78eafe00fd538cdb21d213bb9bf1d60282065f47974f,38000,1,Claimed,"{'model_id': 'model_mnist_784_noniid', 'account': 'acct_19', 'amount_wei': 12230628328730795}",mock
0xa9cd553876e0361d93e4aac6a6a31bb2b37cf663446c023cf4bf750a5d98d2e1,38000,1,Claimed,"{'model_id': 'model_mnist_784_noniid', 'account': 'acct_20', 'amount_wei': 10952249124829770}",mock
0x7a021951bb1b58c37371e339a81130a3fbd1da589d8d5b9727d5b577008e433a,38000,1,Claimed,"{'model_id': 'model_mnist_784_noniid', 'account': 'acct_21', 'amount_wei': 7997294995397462}",mock
0xdac94634f801e61443946fa767bc02354e71ead63a526d996e9d05f7296c7994,38000,1,Claimed,"{'model_id': 'model_mnist_784_noniid', 'account': 'acct_22', 'amount_wei': 9534089029250318}",mock
0x89c1c1c26227b06d9b41d7e9ab9385d5fc40a3a112d0926934e0eabac1ba8a1f,38000,1,Claimed,"{'model_id': 'model_mnist_784_noniid', 'account': 'acct_23', 'amount_wei': 6832198327359616}",mock
0x77fdd9ee58d0a3bec4420b5a922d7058a971d079b419e5abc098a0ae4316c29f,38000,1,Claimed,"{'model_id': 'model_mnist_784_noniid', 'account': 'acct_24', 'amount_wei': 5433718786659964}",mock
0x1285cb438705084afddf84e2d16102e94ab89f193dd2687cd63ee2bb40abf9f0,38000,1,Claimed,"{'model_id': 'model_mnist_784_noniid', 'account': 'acct_25', 'amount_wei': 9495546743649210}",mock
0xd7d2db7e393d19a1507eaffc9e9278d47df873905ff80e1fad49cef4993a85aa,38000,1,Claimed,"{'model_id': 'model_mnist_784_noniid', 'account': 'acct_26', 'amount_wei': 9367665365767832}",mock
0xacbbf7c46c51723f067c0d309d0033b210bc0f6bde296482c67c6a2b829adaf7,38000,1,Claimed,"{'model_id': 'model_mnist_784_noniid', 'account': 'acct_27', 'amount_wei': 6842631442631441}",mock
0x830bb0224e77e4ee08a76a99bda4b7a39186d29914cb999e6f91ec3e8162c73e,38000,1,Claimed,"{'model_id': 'model_mnist_784_noniid', 'account': 'acct_28', 'amount_wei': 4171652421652423}",mock
0xd6c0e194c32f58469eed153cdac9b0eafa60df973b4510bdb9019f7b29b06e97,38000,1,Claimed,"{'model_id': 'model_mnist_784_noniid', 'account': 'acct_29', 'amount_wei': 6612679610782078}",mock
0xf141fa53a70047c35560ccf254e91378a21f66e520ba77ca7ede199178f4cc16,38000,1,Claimed,"{'model_id': 'model_mnist_784_noniid', 'account': 'acct_30', 'amount_wei': 10908047683569506}",mock
0x7ffd0c93765d63545e3e30ea8c4c9404023412f72947db1935d0368484c53521,38000,1,Claimed,"{'model_id': 'model_mnist_784_noniid', 'account': 'acct_31', 'amount_wei': 6836140439081616}",mock
0x02aa53750a55813bd4e1223fb4dd553048cfa1e34eff791bc39ad35bd95a60a7,38000,1,Claimed,"{'model_id': 'model_mnist_784_noniid', 'account': 'acct_32', 'amount_wei': 8077136002657825}",mock
0x269862885417dbe3f557c23f5b6dad8833915313e7291164113cb32b4d19837d,38000,1,Claimed,"{'model_id': 'model_mnist_784_noniid', 'account': 'acct_33', 'amount_wei': 9511285186807008}",mock
0x0a9c1acbfefac2d4ef097fb1908f87487dfed74399f3861ba15907501a3e5b95,38000,1,Claimed,"{'model_id': 'model_mnist_784_noniid', 'account': 'acct_34', 'amount_wei': 9661719761719761}",mock
0xac4d1e8b3883c848e83cb7430524a60b4a06efc6ae4ddc7000f11b10da8f28da,38000,1,Claimed,"{'model_id': 'model_mnist_784_noniid', 'account': 'acct_35', 'amount_wei': 8172966098487921}",mock
0xaf7615ac1e99ab5593f0f8b6acf9c7db23c46e690554299b425826988c4741f1,38000,1,Claimed,"{'model_id': 'model_mnist_784_noniid', 'account': 'acct_36', 'amount_wei': 9367665365767832}",mock
0x7654d3338e1e74d90ad0a2da151fd463d51c1e1e59ec2350fb6afda103196e0c,38000,1,Claimed,"{'model_id': 'model_mnist_784_noniid', 'account': 'acct_37', 'amount_wei': 9537677313199134}",mock
0x6f435cdd076408b42014cacb4d383a10366ba4a1c7d33c29f8db878fbbe3ee90,38000,1,Claimed,"{'model_id': 'model_mnist_784_noniid', 'account': 'acct_38', 'amount_wei': 9443591291693757}",mock
0xfc6fffeca2c46a9a437247af4ebf8fbf6ec0fe72f93b77eeb7ddf79e2546fb8a,38000,1,Claimed,"{'model_id': 'model_mnist_784_noniid', 'account': 'acct_39', 'amount_wei': 9632340777502066}",mock
0x51877937133cf8249ea7224276d81065261c8b8b2826693ce33a9a16c3accad1,38000,1,Claimed,"{'model_id': 'model_mnist_784_noniid', 'account': 'acct_40', 'amount_wei': 14953562801665268}",mock
0x1429a06c592120305d2a0bb494f438109301ceee239ac7c887e152a178bb417c,38000,1,Claimed,"{'model_id': 'model_mnist_784_noniid', 'account': 'acct_41', 'amount_wei': 10892663068184889}",mock
0x4771fb6e33772e80821df4399782939b214b6b12de75bddfdbecfb131b4efa1c,38000,1,Claimed,"{'model_id': 'model_mnist_784_noniid', 'account': 'acct_42', 'amount_wei': 6802568697729987}",mock
0x0509d1db0c8fdc928dc8ac77f244fa493313f564c92688265d2ecda3b7bcb885,38000,1,Claimed,"{'model_id': 'model_mnist_784_noniid', 'account': 'acct_43', 'amount_wei': 6674714350236172}",mock
0xcc9203070d1fe6bdf392ca1f2c75b126df28ca0eb0a69b23c53e434307196151,38000,1,Claimed,"{'model_id': 'model_mnist_784_noniid', 'account': 'acct_44', 'amount_wei': 13553562801665268}",mock
0x4f232542783283f6dc625dc7d81c78033874d88e4cf7640a49d57f1cbb451cdd,38000,1,Claimed,"{'model_id': 'model_mnist_784_noniid', 'account': 'acct_45', 'amount_wei': 10878418053939876}",mock
0xd4de59ac3e6edd44e089d4320b3a32714024f941c9a6a6a7cb582f57e61d98c5,38000,1,Claimed,"{'model_id': 'model_mnist_784_noniid', 'account': 'acct_46', 'amount_wei': 10875996401518223}",mock
0xc3a83466a448c7fc0c288c8078e7ace1e0aab0e489db29078b0ba29ec8270166,38000,1,Claimed,"{'model_id': 'model_mnist_784_noniid', 'account': 'acct_47', 'amount_wei': 12312213410315876}",mock
0x8ac0f955eae5fb52ba71dfa2d7c6da4705934425224910fce2edf7841e74081f,38000,1,Claimed,"{'model_id': 'model_mnist_784_noniid', 'account': 'acct_48', 'amount_wei': 8059329734851557}",mock
0xa79e63ff9111558158f43f31f7b35c4bf957d920520c400132f1e98b471768a8,38000,1,Claimed,"{'model_id': 'model_mnist_784_noniid', 'account': 'acct_49', 'amount_wei': 9523432298954121}",mock
0xf72fd48f014e1b60b86fe3ca9b22b7e74479bbd4f467663a9e259cf4ffbafdd5,38000,1,Claimed,"{'model_id': 'model_mnist_784_noniid', 'account': 'acct_50', 'amount_wei': 9615674110835399}",mock
