tx,gas_used,status,event,data,backend
0xbfecccbf5c78efdd3cb75ed541bc52407421eca9d5ed576c78be5c4729ecd651,145000,1,ListingCreated,"{'model_id': 'model_mnist_784_noniid', 'init_cid': 'sha256:e7417794aa108be740bb733ce0b24847f721b240e959c238fee0f16cb48c2898'}",mock
0xbcc82c1a94a9eb737f316bda0d37a2f10f6524658549d97362c789af5bdd3944,52000,1,RoundFunded,"{'model_id': 'model_mnist_784_noniid', 'amount_wei': 10000000000000000}",mock
0x56de5d0aaffb782f2515a3f28de122d0f879f475684d7e1086d645c0ac382fe5,86000,1,TicketReserved,"{'model_id': 'model_mnist_784_noniid', 'round': 0, 'ticket_id': 1, 'owner': 'acct_1'}",mock
0xa9513f15885d141b8f95a5072b501442768c8a9dff6706a0a142ab905321d9d3,93000,1,UpdatePublished,"{'model_id': 'model_mnist_784_noniid', 'round': 0, 'ticket_id': 1, 'cid': 'sha256:3c4053d48ad698129a8067884417107ec7ae3db2ee3aaed77ddea0349abf8c53'}",mock
0x98f417c27981aadb52337c5c01b04d67258b74be09756b7613c1f98e001de5bc,86000,1,TicketReserved,"{'model_id': 'model_mnist_784_noniid', 'round': 0, 'ticket_id': 2, 'owner': 'acct_2'}",mock
0x84e0751cd53baaced4e29fc052010282bfbe021513fd03b1eced1059137b20b6,93000,1,UpdatePublished,"{'model_id': 'model_mnist_784_noniid', 'round': 0, 'ticket_id': 2, 'cid': 'sha256:9c7f206e6828cef63ad5ccd5f3b1d440b01f893d1c5f418a58cb248e6be67c7f'}",mock
0x16ad0475fa80b96c08a184c1a5e1081b2eeeeeff602eda1cfcb58b2846a68706,86000,1,TicketReserved,"{'model_id': 'model_mnist_784_noniid', 'round': 0, 'ticket_id': 3, 'owner': 'acct_3'}",mock
0x4b046286b8a67554f646ccd7e5d757b1ccd70c8c2c36add807fa7329f02301e4,93000,1,UpdatePublished,"{'model_id': 'model_mnist_784_noniid', 'round': 0, 'ticket_id': 3, 'cid': 'sha256:d9a0b0c6356a4cab2e03647aa0b7d7b2c07ca927d1a9a5c7e48d722a179d8c11'}",mock
0xb124742304b2ee9f1e057deb220a654d65bf1b1734a829ce56b6329edca7dee2,86000,1,TicketReserved,"{'model_id': 'model_mnist_784_noniid', 'round': 0, 'ticket_id': 4, 'owner': 'acct_4'}",mock
0x09ed40f7455f1e7beede8f84c1b8cc358b97f2819ed93a14c5cc1f98c8519a6c,93000,1,UpdatePublished,"{'model_id': 'model_mnist_784_noniid', 'round': 0, 'ticket_id': 4, 'cid': 'sha256:379fc2f2f391b9da78d35eeef24c9a573a7013eb87de3c6946ba5b6e512428c6'}",mock
0x867a272bac6c0cb69eb6995e816bf8044b030d706735039f08bf93cfa9235079,86000,1,TicketReserved,"{'model_id': 'model_mnist_784_noniid', 'round': 0, 'ticket_id': 5, 'owner': 'acct_5'}",mock
0xca3deda78ea297bc8c7c0afc367711dc4ca955164d8ddf203dbc1b62b8848396,93000,1,UpdatePublished,"{'model_id': 'model_mnist_784_noniid', 'round': 0, 'ticket_id': 5, 'cid': 'sha256:d15ae1836600c1248c58f78a5179925a08e93f93445d669ea8789aede20fad22'}",mock
0xbaa83c9f322e5fb44f9353acc9597c73afacbac39af8217f9f10aa2a9eb2ac15,86000,1,TicketReserved,"{'model_id': 'model_mnist_784_noniid', 'round': 0, 'ticket_id': 6, 'owner': 'acct_6'}",mock
0x888be2772db1c19fd79a240c89f2e3884e814b27300f05622fe24752755b92d9,93000,1,UpdatePublished,"{'model_id': 'model_mnist_784_noniid', 'round': 0, 'ticket_id': 6, 'cid': 'sha256:0eabb4ea0cf9e2c5e0c843cd068575ce171a5ae4520ec49e32de808d4cad21d1'}",mock
0x9297619a5cda300ed034829bdc0829342a50955c2179064c13156a6628ba4928,86000,1,TicketReserved,"{'model_id': 'model_mnist_784_noniid', 'round': 0, 'ticket_id': 7, 'owner': 'acct_7'}",mock
0x73fc8e560f532e29c5b54423fa41ab1d4eb784d081efa765665e547dce7087f4,93000,1,UpdatePublished,"{'model_id': 'model_mnist_784_noniid', 'round': 0, 'ticket_id': 7, 'cid': 'sha256:44cd6a8f8425c068316aa982b43f8311ccf6f63c62a0b859a321ca139b11d65f'}",mock
0xe16252aaef42f14006135fcc8415a0fd2c49a688bd79b23b7c46b852aeabe31b,86000,1,TicketReserved,"{'model_id': 'model_mnist_784_noniid', 'round': 0, 'ticket_id': 8, 'owner': 'acct_8'}",mock
0xebd74b545e33376ab34f03e0e33c0750682fe3b8a6195f376ff042659b6a5c29,93000,1,UpdatePublished,"{'model_id': 'model_mnist_784_noniid', 'round': 0, 'ticket_id': 8, 'cid': 'sha256:e7b7de368a79a511c892a29f4483f26cceb46ddee7e10f40a98e7245ffa2d44b'}",mock
0x58496763de3fd1fc7196101d614e1919f4bb13713d8a00040274b8b634639126,86000,1,TicketReserved,"{'model_id': 'model_mnist_784_noniid', 'round': 0, 'ticket_id': 9, 'owner': 'acct_9'}",mock
0x49dc7eae6ca0b74cdf8675ae5e6c1570584ca92a6fa6857adc487fff3c560efe,93000,1,UpdatePublished,"{'model_id': 'model_mnist_784_noniid', 'round': 0, 'ticket_id': 9, 'cid': 'sha256:13c547c30cf1da13fccc29e5cf043b7e96f9b5ed08e762649e0408ecc1011e66'}",mock
0x55604b9dd8aed0da9a6a5cb4a8b85043b140a9a85f21804c5701054226f2c0be,86000,1,TicketReserved,"{'model_id': 'model_mnist_784_noniid', 'round': 0, 'ticket_id': 10, 'owner': 'acct_10'}",mock
0x161d77ca3ff5f1a48e5c3d1199c36f97aa71ca1252845cb6b294345aec627065,93000,1,UpdatePublished,"{'model_id': 'model_mnist_784_noniid', 'round': 0, 'ticket_id': 10, 'cid': 'sha256:13c839d13e76fa70957b7145c6b047bfa8ce8b838cdf4a6705b54f02f9e4bb85'}",mock
0x4298e397b5de4359f52a18e92ba392b4c2f2d161348a0d56e5b00cbd8544ac8d,86000,1,TicketReserved,"{'model_id': 'model_mnist_784_noniid', 'round': 0, 'ticket_id': 11, 'owner': 'acct_11'}",mock
0xa02a83bea35c7343987438ff7ea089177d728703cb79b3e03722b2e8d66d56d7,93000,1,UpdatePublished,"{'model_id': 'model_mnist_784_noniid', 'round': 0, 'ticket_id': 11, 'cid': 'sha256:432b3b59ee451113bbd5bfc146ae0076e11c076b748a3f3d64d46ce0aa2ba574'}",mock
0xd610f183ce7b57ed2fc6bd5713c108d3882bbceb982963b0ade812f5efca8624,86000,1,TicketReserved,"{'model_id': 'model_mnist_784_noniid', 'round': 0, 'ticket_id': 12, 'owner': 'acct_12'}",mock
0x7533d0702c21854036e48929188e1113691b48e9e356ec44e52e487cbe301150,93000,1,UpdatePublished,"{'model_id': 'model_mnist_784_noniid', 'round': 0, 'ticket_id': 12, 'cid': 'sha256:90a348b33595213149e7ee2e606028e6e6119373d61b338079a20a17754bd99b'}",mock
0x08dbeabd3d59f480ebce0f46b8957daa985d1719a561338958e6107eaeec1383,86000,1,TicketReserved,"{'model_id': 'model_mnist_784_noniid', 'round': 0, 'ticket_id': 13, 'owner': 'acct_13'}",mock
0x62ccea7bff97dfe510bf69251a22d9388359e7180f2ea2b536d3433a2e233dcf,93000,1,UpdatePublished,"{'model_id': 'model_mnist_784_noniid', 'round': 0, 'ticket_id': 13, 'cid': 'sha256:3e2fbb39805bb9a056c4ba13f483c5dc91a8d13ac2dc885e66923aef974c7559'}",mock
0x19250601c2a6931f9d99f899a3c6f0eb260c7d5459e68c065c2a7ada8b1c6c6a,86000,1,TicketReserved,"{'model_id': 'model_mnist_784_noniid', 'round': 0, 'ticket_id': 14, 'owner': 'acct_14'}",mock
0x1e85266519869c5053d07f462283b5f6ea2c973b9b2190048ce86066451579ce,93000,1,UpdatePublished,"{'model_id': 'model_mnist_784_noniid', 'round': 0, 'ticket_id': 14, 'cid': 'sha256:c1ec5f042dfeda1e1ae6d27ee3d702107dc5783916ab263326c2354cf6c0a74a'}",mock
0x5d13de7b792d93c950a8d76aed191336f8429c424bf7ac3aaa62011527dc4df2,86000,1,TicketReserved,"{'model_id': 'model_mnist_784_noniid', 'round': 0, 'ticket_id': 15, 'owner': 'acct_15'}",mock
0x201441be8079854bf64b045fd134483b92224fbbb0f78c112c408191db1e7b97,93000,1,UpdatePublished,"{'model_id': 'model_mnist_784_noniid', 'round': 0, 'ticket_id': 15, 'cid': 'sha256:bbbe7c007cb7542e30a4dc0330db54e48afbc84e58f6bed7cc18754ab8123080'}",mock
0xc9de863883afdd3564d39ad72f165e14d9712214c27a3bc5635ff2894e672fbf,86000,1,TicketReserved,"{'model_id': 'model_mnist_784_noniid', 'round': 0, 'ticket_id': 16, 'owner': 'acct_16'}",mock
0x131cc44322c116d3d4c32138b9aedcf61a6529d08c88b4f98307104f9ddef082,93000,1,UpdatePublished,"{'model_id': 'model_mnist_784_noniid', 'round': 0, 'ticket_id': 16, 'cid': 'sha256:89f3d1933cc7c5e108abab991cf4be1a080ac2d7a335847edb76f864c18e63eb'}",mock
0xa74fd0054fb3c56b39b7d6c54a1394a470d5c34b6249d1429bc2647bc94fd1cc,86000,1,TicketReserved,"{'model_id': 'model_mnist_784_noniid', 'round': 0, 'ticket_id': 17, 'owner': 'acct_17'}",mock
0xeb7f728b2e26bf39fd21f71da19e71d9e29c8631783adc2e03bb78c5499c3dbb,93000,1,UpdatePublished,"{'model_id': 'model_mnist_784_noniid', 'round': 0, 'ticket_id': 17, 'cid': 'sha256:7e03919af095f0c2064a96b3af97e0e2e9c91d5225366d7e33adff867163e64b'}",mock
0x0924c61d1a8940f8c065cc322880778e73828712a937ba49e5d7852f38c75be9,86000,1,TicketReserved,"{'model_id': 'model_mnist_784_noniid', 'round': 0, 'ticket_id': 18, 'owner': 'acct_18'}",mock
0x97f0a7a62ecfb3a59378db0dbf8e383dafdd7a76033205e42a2c9432f37414b6,93000,1,UpdatePublished,"{'model_id': 'model_mnist_784_noniid', 'round': 0, 'ticket_id': 18, 'cid': 'sha256:4cb137a50a95a246bc9b51fb52d3c2ccd75e3d43796581725b8e831269c3e151'}",mock
0x2c54f930d3ac15a6b2117441b923eb90060304f2cd8c5f1db5f462ef16300acb,86000,1,TicketReserved,"{'model_id': 'model_mnist_784_noniid', 'round': 0, 'ticket_id': 19, 'owner': 'acct_19'}",mock
0x52a89c8fe6b17adb2ae6d5a1c20368567d292d24ba4da68734b9ceb6bce2fd60,93000,1,UpdatePublished,"{'model_id': 'model_mnist_784_noniid', 'round': 0, 'ticket_id': 19, 'cid': 'sha256:50184316cbfdf032b87b2e32878a995b3fbe3cad86eea17558255b868f3a02c9'}",mock
0x58527fcd130cc70e2cdca042deaa73a8b944ddb7794b5f9035a44d0506897544,86000,1,TicketReserved,"{'model_id': 'model_mnist_784_noniid', 'round': 0, 'ticket_id': 20, 'owner': 'acct_20'}",mock
0x49e98803a3e76fb0209ef5636f24fd9a3adac5e68eada6db6d5e162f4bd1a3cf,93000,1,UpdatePublished,"{'model_id': 'model_mnist_784_noniid', 'round': 0, 'ticket_id': 20, 'cid': 'sha256:9e655688cc0d06638c621e0930549dcb6e3af5ba7addb159a0d8a5e24a327f35'}",mock
0xadf22da06421dc3eed046f970cc90a1fb596168deec507148b8cebd60c791765,86000,1,TicketReserved,"{'model_id': 'model_mnist_784_noniid', 'round': 0, 'ticket_id': 21, 'owner': 'acct_21'}",mock
0xa7e3a03750beff8d84c9a2eecf35107560129da11e0aee136fc9355a8c342288,93000,1,UpdatePublished,"{'model_id': 'model_mnist_784_noniid', 'round': 0, 'ticket_id': 21, 'cid': 'sha256:9257802f71231e051902b049205c7147d8aeea2910b424f1fe60c1e0ffe56e53'}",mock
0x8acfff3681ee93e7c5c2cc8aae181f37bbeb37f1f863ac852176ab2b7711dbfe,86000,1,TicketReserved,"{'model_id': 'model_mnist_784_noniid', 'round': 0, 'ticket_id': 22, 'owner': 'acct_22'}",mock
0x1b44ed8109dde7546ade1a3e529000e33efeef7b0a39334d58b022e3ae65b999,93000,1,UpdatePublished,"{'model_id': 'model_mnist_784_noniid', 'round': 0, 'ticket_id': 22, 'cid': 'sha256:4b1f90e3a708865580128c9e954682ef7566fd92f7e4a34c3982a57ed1aecd19'}",mock
0xe1ce51d1b9e7bfcc672301a3244b70f7da755d8e67596d12e5e08d987a7b3445,86000,1,TicketReserved,"{'model_id': 'model_mnist_784_noniid', 'round': 0, 'ticket_id': 23, 'owner': 'acct_23'}",mock
0x51157de10eed5f9549d5a23341de3a3d54c544f704a0c065ad0a1c72a86ea1f7,93000,1,UpdatePublished,"{'model_id': 'model_mnist_784_noniid', 'round': 0, 'ticket_id': 23, 'cid': 'sha256:015da666cfef1e61b293a01f9969c8e9c41f764e285b75b2890ef9669353ad20'}",mock
0xcac21b64df2e93b9458d8b27714560d191b42fbdd3215b802197e777b927813c,86000,1,TicketReserved,"{'model_id': 'model_mnist_784_noniid', 'round': 0, 'ticket_id': 24, 'owner': 'acct_24'}",mock
0x1db53b5c20e34ad0058bc5b27cad72e1222e6a47385d2ffab4de7ea1f437134a,93000,1,UpdatePublished,"{'model_id': 'model_mnist_784_noniid', 'round': 0, 'ticket_id': 24, 'cid': 'sha256:8107a1fb20cca349570f06fd79a2b7972244063dcdd011bf10bb0fe598e40081'}",mock
0x2aeb38b5fc5e49b75266caa6a6048e2d6eacc67edd3db7960fa7078701fbc152,86000,1,TicketReserved,"{'model_id': 'model_mnist_784_noniid', 'round': 0, 'ticket_id': 25, 'owner': 'acct_25'}",mock
0xd9bdb9a70cc906d911ac406328f4959988a7425dee4908e0b347eaf9b0a254bf,93000,1,UpdatePublished,"{'model_id': 'model_mnist_784_noniid', 'round': 0, 'ticket_id': 25, 'cid': 'sha256:dc30b2d10f6864c39dc07dba834bcb668c4b9535d815d1c5cfaeb5217b6baa97'}",mock
0x62c1581a694fa09333038d9ea3b0b1ef3e74d7c5058f2c428d750acde427fff7,86000,1,TicketReserved,"{'model_id': 'model_mnist_784_noniid', 'round': 0, 'ticket_id': 26, 'owner': 'acct_26'}",mock
0xc88015d9e104566608ef99f8268ad021785908a2bb71266a4b91b8cf3eb7a308,93000,1,UpdatePublished,"{'model_id': 'model_mnist_784_noniid', 'round': 0, 'ticket_id': 26, 'cid': 'sha256:228d7ad3352320633b2906af4b48fd80455f6e8a1a03913ae13f50d4d2d9f56d'}",mock
0xfeeedab3f52578c0a0f015632c4038842f28214580f5b39fec08ebeced7c2efa,86000,1,TicketReserved,"{'model_id': 'model_mnist_784_noniid', 'round': 0, 'ticket_id': 27, 'owner': 'acct_27'}",mock
0x3261d7a054f8fddfa9556d5d4d65d58db92f50b43764fe06fe9a48cef16335db,93000,1,UpdatePublished,"{'model_id': 'model_mnist_784_noniid', 'round': 0, 'ticket_id': 27, 'cid': 'sha256:eb15360bba23d2a63b2c0e05b5ca653c9a3781a13005a3e94f50952551ab90b2'}",mock
0xcbc60507315cd1296a60a632e1c6ac8582b94bfa0a2f61ce1f370f5ac04672e5,86000,1,TicketReserved,"{'model_id': 'model_mnist_784_noniid', 'round': 0, 'ticket_id': 28, 'owner': 'acct_28'}",mock
0xbca719d976286da81ed6a35b9b718b8cd0a0dab63cdd59c1357ccd99eec0a7b8,93000,1,UpdatePublished,"{'model_id': 'model_mnist_784_noniid', 'round': 0, 'ticket_id': 28, 'cid': 'sha256:9e0e38301db984a1e234bbaca74dcecbb347800f10bfe9f23188dbc1d2821091'}",mock
0x38ed7c4753f50f61538c61c6a01aa42c5ff04b9b12fae305593f701e4909e032,86000,1,TicketReserved,"{'model_id': 'model_mnist_784_noniid', 'round': 0, 'ticket_id': 29, 'owner': 'acct_29'}",mock
0xd412910bbd7820090fda5095a5e0168ea615dea28d3c38b692684aabe13585c1,93000,1,UpdatePublished,"{'model_id': 'model_mnist_784_noniid', 'round': 0, 'ticket_id': 29, 'cid': 'sha256:332a31dd6ccb0cc91325fc39d00b3ecd7505593514bc055b1f9a3daf230ac935'}",mock
0xd1785e58c76de358ea6b36f67ff6f500e9ec060598f7f5ea2421c7f972f66807,86000,1,TicketReserved,"{'model_id': 'model_mnist_784_noniid', 'round': 0, 'ticket_id': 30, 'owner': 'acct_30'}",mock
0x2bb6106915f3016cd4dce13d8a976e89907bbf46186a545f20f0d439425008c0,93000,1,UpdatePublished,"{'model_id': 'model_mnist_784_noniid', 'round': 0, 'ticket_id': 30, 'cid': 'sha256:bec6ca96b48a5ddc0321c1087d52217e89552cac85c10558e482c7715145da9b'}",mock
0xaa5d17e8538988a5ed6a7ecf5104851b01e280088269066663b68d8dc6d43dd3,86000,1,TicketReserved,"{'model_id': 'model_mnist_784_noniid', 'round': 0, 'ticket_id': 31, 'owner': 'acct_31'}",mock
0xa55c950a0cbb20777ab53c04f5cf2f35679eb438f5d657610226f1b6e4d5c852,93000,1,UpdatePublished,"{'model_id': 'model_mnist_784_noniid', 'round': 0, 'ticket_id': 31, 'cid': 'sha256:7b7898723f435e7d8bfa44e8fddfed567c4768fa1b32831fe9a74d4e04a59d43'}",mock
0x80cdfc217329759921846c0a8364c21900e1c58d09b0945263682a5abec48aff,86000,1,TicketReserved,"{'model_id': 'model_mnist_784_noniid', 'round': 0, 'ticket_id': 32, 'owner': 'acct_32'}",mock
0xc2bf44210cb74b7ea8be821059de3ebd027fc2a4414a0d2fcb24e55b89b39e89,93000,1,UpdatePublished,"{'model_id': 'model_mnist_784_noniid', 'round': 0, 'ticket_id': 32, 'cid': 'sha256:f288ff41cb4ffd5824f61ab150ee340e889ccace42cdbf0a5a0dcaeb964a2e30'}",mock
0xe09fff2ee4df33727c3b7aa70238931ae3d9bfd03620e639ed6753c5a4f4709c,86000,1,TicketReserved,"{'model_id': 'model_mnist_784_noniid', 'round': 0, 'ticket_id': 33, 'owner': 'acct_33'}",mock
0x823ea31728889e032c8484d7a664a98cde22068ed708a062f9a5bb9cd3c01c66,93000,1,UpdatePublished,"{'model_id': 'model_mnist_784_noniid', 'round': 0, 'ticket_id': 33, 'cid': 'sha256:774abfbf6742e6343ed2b9184c945881a759de155ca51c50569a55328ac2ef57'}",mock
0xbf113b600ba237869aae560d327b0f2fb8cae854412c3d7c0387c76d4e550a2b,86000,1,TicketReserved,"{'model_id': 'model_mnist_784_noniid', 'round': 0, 'ticket_id': 34, 'owner': 'acct_34'}",mock
0x6b4a9b973f25fb352f392de1a4ad237d7b8675e9068c224bfd53c55139168452,93000,1,UpdatePublished,"{'model_id': 'model_mnist_784_noniid', 'round': 0, 'ticket_id': 34, 'cid': 'sha256:fa34120bc8613f27c442b495cdeae9cd037d168e832b7bdc69180fd519ce6be3'}",mock
0x13df0a6317139d995ca8008e8920e28a8f4a050a6b457fcc7367c1750d935471,86000,1,TicketReserved,"{'model_id': 'model_mnist_784_noniid', 'round': 0, 'ticket_id': 35, 'owner': 'acct_35'}",mock
0xd03594229d76926d00dc7824fdfc38b1b824595f2625376baab6376cc3be3253,93000,1,UpdatePublished,"{'model_id': 'model_mnist_784_noniid', 'round': 0, 'ticket_id': 35, 'cid': 'sha256:66edd3cc8da6bc98573f28a163302ec21625ea1a8a736f079575dca82207ec46'}",mock
0xdb56c0d96a6e279dd0861f7a21285303dff8e9c37407ead6050ed50f9825eab6,86000,1,TicketReserved,"{'model_id': 'model_mnist_784_noniid', 'round': 0, 'ticket_id': 36, 'owner': 'acct_36'}",mock
0x2a71f378d8a06fdd53f887d05552b1b22eb670b29936a657d3bd4df98252960f,93000,1,UpdatePublished,"{'model_id': 'model_mnist_784_noniid', 'round': 0, 'ticket_id': 36, 'cid': 'sha256:8fe0be23314109ca971b0d1e026949a9700a47a11fe21f718a81b2ae12f0df23'}",mock
0x01e4dd9b056c018a2ee75eb5afb88d073726b923e609142a6a005ea33d5608c4,86000,1,TicketReserved,"{'model_id': 'model_mnist_784_noniid', 'round': 0, 'ticket_id': 37, 'owner': 'acct_37'}",mock
0x7ab3bdbe779b76d69dd2af1b4ad9efdff1f641b2735e22c5fdc2c08d83ad1967,93000,1,UpdatePublished,"{'model_id': 'model_mnist_784_noniid', 'round': 0, 'ticket_id': 37, 'cid': 'sha256:8a633b4a0766fcf89b37b5e738495a3b6f850451aa94b7d2292c3c816bca4ead'}",mock
0x2ac3381240414be3afb6db34f99663707d58f117ea4733dbd6f2b2ec134c5d92,86000,1,TicketReserved,"{'model_id': 'model_mnist_784_noniid', 'round': 0, 'ticket_id': 38, 'owner': 'acct_38'}",mock
0x845dadd459fc90ef38c7b1093c28769c781d55007694678a5464ec6b02316491,93000,1,UpdatePublished,"{'model_id': 'model_mnist_784_noniid', 'round': 0, 'ticket_id': 38, 'cid': 'sha256:b73f491577267da85b489cc2595cadab11310063add0d5c60b8d9a843d75fbfc'}",mock
0xaa7542758486693d20c89ff2cbd0ad6adaf586a21a74ffd40837efe8ca5d45a6,86000,1,TicketReserved,"{'model_id': 'model_mnist_784_noniid', 'round': 0, 'ticket_id': 39, 'owner': 'acct_39'}",mock
0x022e3d0195d4e1dfef57848035bbeced1be3a299e58f7b30c843eda4e1482fc3,93000,1,UpdatePublished,"{'model_id': 'model_mnist_784_noniid', 'round': 0, 'ticket_id': 39, 'cid': 'sha256:f6bf9b364b3bd295584abdcfff89434cb0b430fcd32f6f81627d97c0d95d1360'}",mock
0x880a0545d1bc53526357f63271d23c751e5c58309f1657556b06de352f568de0,86000,1,TicketReserved,"{'model_id': 'model_mnist_784_noniid', 'round': 0, 'ticket_id': 40, 'owner': 'acct_40'}",mock
0x301537a59eb9db0a4cf457260e8f35cc121227fdfe864373c924eda667b44221,93000,1,UpdatePublished,"{'model_id': 'model_mnist_784_noniid', 'round': 0, 'ticket_id': 40, 'cid': 'sha256:c91d62756916241b04203dbcae7799862124dc8e5c5b785cda1765375d14d48a'}",mock
0xcc2910efbf12eac1405cb167a1e8924acba165dfa60d902dc8a84fca058c9a60,86000,1,TicketReserved,"{'model_id': 'model_mnist_784_noniid', 'round': 0, 'ticket_id': 41, 'owner': 'acct_41'}",mock
0xd1622c8bd50ed97c7b8d3c27265914aef4e85667144b0ef93b00e38aaf9f35ce,93000,1,UpdatePublished,"{'model_id': 'model_mnist_784_noniid', 'round': 0, 'ticket_id': 41, 'cid': 'sha256:6743efe6938e426986f27f369409fc90c61f559f6443817fc239239f1af2602c'}",mock
0xff14853a374cdcea37ce43e3f81170f41734337e384914d9d57a04a8f9702c36,86000,1,TicketReserved,"{'model_id': 'model_mnist_784_noniid', 'round': 0, 'ticket_id': 42, 'owner': 'acct_42'}",mock
0xcb04fab68ece97b9816a886e5865ea62d9c9fb69d3afdff8ed3b556e50ef17e9,93000,1,UpdatePublished,"{'model_id': 'model_mnist_784_noniid', 'round': 0, 'ticket_id': 42, 'cid': 'sha256:e2dcad292c679e9c6543db1a942653aa3d0c190f9b7cf70ba805d35cb8980911'}",mock
0x9ea859dc07d20da2e29cd5dea545f8d84a483099e0667bd1d8be669cde8fc352,86000,1,TicketReserved,"{'model_id': 'model_mnist_784_noniid', 'round': 0, 'ticket_id': 43, 'owner': 'acct_43'}",mock
0xf128e999349f5d79e1a112e8c58f8d34ea0b7f0dcc0b187f2f3eeb3fa140ea23,93000,1,UpdatePublished,"{'model_id': 'model_mnist_784_noniid', 'round': 0, 'ticket_id': 43, 'cid': 'sha256:7a5c483d3b37b40bc38e0863d7ab1e4db4fd29a37fae8c3c9e9db9679fc3e4cd'}",mock
0x674e731dc78adaf01b8a58f8cda480c2d6696061599287cd1979a30c7d1ec071,86000,1,TicketReserved,"{'model_id': 'model_mnist_784_noniid', 'round': 0, 'ticket_id': 44, 'owner': 'acct_44'}",mock
0x23ea9a44988c6b0555139677e9642fb91e7207b11f3d316167f415a62641ef0c,93000,1,UpdatePublished,"{'model_id': 'model_mnist_784_noniid', 'round': 0, 'ticket_id': 44, 'cid': 'sha256:2b1ba18a3510cbd3b89769b8001846e1175aedf2a150de97ddec099857ea0a4c'}",mock
0xcba236cbd0e1445a38241478d5e4762dcb4bcfdc7a9ffa4de3066a4a80696854,86000,1,TicketReserved,"{'model_id': 'model_mnist_784_noniid', 'round': 0, 'ticket_id': 45, 'owner': 'acct_45'}",mock
0x9782d89232fedcdbacd68e24164ac153478c5b58b1805c46b4d9468a353271e7,93000,1,UpdatePublished,"{'model_id': 'model_mnist_784_noniid', 'round': 0, 'ticket_id': 45, 'cid': 'sha256:939126d24abe161954c782b37778f0712d090fcbf6b120bae94fbf6a18c69171'}",mock
0x5050e427fdc7104090cd4d672a6f669b16e796c3f099f7360c230cb74d5165cc,86000,1,TicketReserved,"{'model_id': 'model_mnist_784_noniid', 'round': 0, 'ticket_id': 46, 'owner': 'acct_46'}",mock
0x1b6ff9b0a1d13f7f22f5dc2ebd74d9c660ab0c665fe9a4d824c3e84d661340da,93000,1,UpdatePublished,"{'model_id': 'model_mnist_784_noniid', 'round': 0, 'ticket_id': 46, 'cid': 'sha256:2ac8193a267476d0b07bb2ca83a884a90ae5256fd9ade7d819a052c0388477d3'}",mock
0x7f40204fd38c41e5a1ddad74825953c2bee49eede9475a12169c557708a85f35,86000,1,TicketReserved,"{'model_id': 'model_mnist_784_noniid', 'round': 0, 'ticket_id': 47, 'owner': 'acct_47'}",mock
0x75016efeb50385148b4aa09b3ed1a1c16015b2d5835ff59e44b424c77658e2dc,93000,1,UpdatePublished,"{'model_id': 'model_mnist_784_noniid', 'round': 0, 'ticket_id': 47, 'cid': 'sha256:1b31c6e2d6f46b78d8c5b8657e76b77fbc08a1e3f216ac7daeeebbd50d691d69'}",mock
0x2212c0d2d952b0feb7f8d9a248075fa265a41463b34140493148409e18e7b403,86000,1,TicketReserved,"{'model_id': 'model_mnist_784_noniid', 'round': 0, 'ticket_id': 48, 'owner': 'acct_48'}",mock
0xa21b2ee6ab9fab628f5a864deda5df3086c6c11095dea22711504fca7c182155,93000,1,UpdatePublished,"{'model_id': 'model_mnist_784_noniid', 'round': 0, 'ticket_id': 48, 'cid': 'sha256:2dcc6eb63274df857c4d07397affee24c2f49ebc284164c61843d72f5fa6ba61'}",mock
0xb12042b71ce2b540af4d135bfb20a92f4414a0ff9d81fcca7224cd59d2679252,86000,1,TicketReserved,"{'model_id': 'model_mnist_784_noniid', 'round': 0, 'ticket_id': 49, 'owner': 'acct_49'}",mock
0x342a55ece6b234ab5874b377ea7c4d71beffa915db2c1cf0b5a17bdd01cd1314,93000,1,UpdatePublished,"{'model_id': 'model_mnist_784_noniid', 'round': 0, 'ticket_id': 49, 'cid': 'sha256:9b8f4975a9adbd41d04583666f348c2f6e03e7c6fd1b22c95b8a9bd45a5f73fd'}",mock
0x3e1116adcd604489d4b3c2a40cfaf8a29989fe693cec69e66af502ed1f632d37,86000,1,TicketReserved,"{'model_id': 'model_mnist_784_noniid', 'round': 0, 'ticket_id': 50, 'owner': 'acct_50'}",mock
0x5e5a149edfd60aaa5dd10abb722668b2d99de7d33f4ca3f904acf556d9068b4e,93000,1,UpdatePublished,"{'model_id': 'model_mnist_784_noniid', 'round': 0, 'ticket_id': 50, 'cid': 'sha256:c154a943246aaa272da862b2f730605fe0679dc5ca25286f6231da9fa89ab8bf'}",mock
0x46300070dfbb37abb4469b440d3e89520f3c06d1b2e1de60376169e2dbdc1257,1015000,1,RoundFinalized,"{'model_id': 'model_mnist_784_noniid', 'round': 0, 'included': 39, 'refunds': 50}",mock
0x71f665feda0d3d7cb720fe4d93348d1cdc22701e10016d37e7acd279334fa579,52000,1,RoundFunded,"{'model_id': 'model_mnist_784_noniid', 'amount_wei': 10000000000000000}",mock
0xe9f360bb96bb82d8e07d15b01ff2c0988a7851ffeed2f49099854a91dbaa118a,86000,1,TicketReserved,"{'model_id': 'model_mnist_784_noniid', 'round': 1, 'ticket_id': 51, 'owner': 'acct_1'}",mock
0x5252b90e40557b9da731fd5c31a1f7e0233fe925f3fbc3fe1175c9b20d9f998a,93000,1,UpdatePublished,"{'model_id': 'model_mnist_784_noniid', 'round': 1, 'ticket_id': 51, 'cid': 'sha256:ae647d2a4f32fda0da46d35a07b891ee3f26ceaee272b94908e800588deaa79e'}",mock
0x11d9d8862a66de95c71548bf12b4563eabfe8b618e4fe6caaaa9067ad7444fe0,86000,1,TicketReserved,"{'model_id': 'model_mnist_784_noniid', 'round': 1, 'ticket_id': 52, 'owner': 'acct_2'}",mock
0xac584f6e514e3a51f454efd28d42aea7d78b07161b8cfa6d503d38debed0af4b,93000,1,UpdatePublished,"{'model_id': 'model_mnist_784_noniid', 'round': 1, 'ticket_id': 52, 'cid': 'sha256:7eeefbc82cffa4abecf4beae8c5554bc811a82d5c594a6a846b72687aa6429d2'}",mock
0xc8096c3545211682205ae445a310f45b528a03262dc2f4eafb57670e024ee44a,86000,1,TicketReserved,"{'model_id': 'model_mnist_784_noniid', 'round': 1, 'ticket_id': 53, 'owner': 'acct_3'}",mock
0xc118f6251b96377d8427d3bf71d70f41f8034d325fef92c8f6bd3a6de23db915,93000,1,UpdatePublished,"{'model_id': 'model_mnist_784_noniid', 'round': 1, 'ticket_id': 53, 'cid': 'sha256:012a05ade71bd58075356d7a2c6076ba6a3d85e7d1d0ac80678e6e712c768efd'}",mock
0xe6ea3d71d2394bcfb92000c1a23ca411fe32012f17321831464477e379cb90f3,86000,1,TicketReserved,"{'model_id': 'model_mnist_784_noniid', 'round': 1, 'ticket_id': 54, 'owner': 'acct_4'}",mock
0x8d7431b17f4d397a06a3d371882705d6e4d5a74cacd635a0a8b3754e6578d556,93000,1,UpdatePublished,"{'model_id': 'model_mnist_784_noniid', 'round': 1, 'ticket_id': 54, 'cid': 'sha256:7d8bed418a1b9034004be14143aab4d6059c7c71b708e9149ce2c79f9994ffb6'}",mock
0xf7d057095451716772256ac8e0daf65852efdc6e39ac49c105c42d32d9ed72ef,86000,1,TicketReserved,"{'model_id': 'model_mnist_784_noniid', 'round': 1, 'ticket_id': 55, 'owner': 'acct_5'}",mock
0x73cbc672e95684db565d18ac110c628eed0dafc3f70f39ef2e60cc2ca215fce6,93000,1,UpdatePublished,"{'model_id': 'model_mnist_784_noniid', 'round': 1, 'ticket_id': 55, 'cid': 'sha256:aac0676c04c8a16d8af1a78c7a3c1da94b90f77a5f66c1f4615044b7d235f268'}",mock
0x66c1919e693ad733bd04478d36aeee91d02b9aa762535b1b1215ea8c810de330,86000,1,TicketReserved,"{'model_id': 'model_mnist_784_noniid', 'round': 1, 'ticket_id': 56, 'owner': 'acct_6'}",mock
0xac09c3d579a1d22085c6db11f5e82d15a751edb359860696428f91cecab18926,93000,1,UpdatePublished,"{'model_id': 'model_mnist_784_noniid', 'round': 1, 'ticket_id': 56, 'cid': 'sha256:17e79c5386a3d3a1f9e686d70a517e3e3cb4dd6282a110edd7603eda9cfb11e2'}",mock
0x2de7fa4aa3a7ac860d4eb4e02088a111b63b39adcdff23c89887f5dab20d092e,86000,1,TicketReserved,"{'model_id': 'model_mnist_784_noniid', 'round': 1, 'ticket_id': 57, 'owner': 'acct_7'}",mock
0xa11f14281ea8f4c75267007a2da1be7959ba5c510c157c4a0f3a6e92eac40276,93000,1,UpdatePublished,"{'model_id': 'model_mnist_784_noniid', 'round': 1, 'ticket_id': 57, 'cid': 'sha256:50ed47eb527dcebc047472c41002e2bfbcb4f1ce02f0baa51edec41f4b707bfb'}",mock
0x53a9efe66510937982e8e0815b84ba945e463843363f278b1438212d2b3fc5bc,86000,1,TicketReserved,"{'model_id': 'model_mnist_784_noniid', 'round': 1, 'ticket_id': 58, 'owner': 'acct_8'}",mock
0x21e1b3b1f4cf889674bcbe0e23a37143235607fca8539ad217fbfb2cc1a88dca,93000,1,UpdatePublished,"{'model_id': 'model_mnist_784_noniid', 'round': 1, 'ticket_id': 58, 'cid': 'sha256:84a30d0ea353feb643f229ca82d3b8e9d7cbd8566dab60c25e5ad2b2bd582362'}",mock
0xa7fc49b9e4a4cfaa2be035567bf95823216f1b957c99af6a06dcac3a86e4c37a,86000,1,TicketReserved,"{'model_id': 'model_mnist_784_noniid', 'round': 1, 'ticket_id': 59, 'owner': 'acct_9'}",mock
0x352e76c488e2937f8240f675f6a7d10ba44ca02e48d80ff48e62adba3e8ebf4d,93000,1,UpdatePublished,"{'model_id': 'model_mnist_784_noniid', 'round': 1, 'ticket_id': 59, 'cid': 'sha256:365c5aef4d2db49d3088b9598530b64eeebed5de48784047bb8ae4e071187898'}",mock
0x1e59ce6428f1d6ca2b3059b080398d9cd4819b9eceb0d9b5eeef854afa128b05,86000,1,TicketReserved,"{'model_id': 'model_mnist_784_noniid', 'round': 1, 'ticket_id': 60, 'owner': 'acct_10'}",mock
0x5a436973ad278633451511709ca0ef08826f969fe43d1f3659a15d60bfcd5538,93000,1,UpdatePublished,"{'model_id': 'model_mnist_784_noniid', 'round': 1, 'ticket_id': 60, 'cid': 'sha256:7bd6f109778fa38876e25212a45d6a0f9210e3a839db260a4accaca23efd6ba0'}",mock
0x9ddc49ef581cd310bfaa831e026413dce87fda6b4db68a0c3b4c6a9459241d95,86000,1,TicketReserved,"{'model_id': 'model_mnist_784_noniid', 'round': 1, 'ticket_id': 61, 'owner': 'acct_11'}",mock
0xf2c082c1f809dad236a32e2100399d7f595addf2f9f3f57dfe0850fcf32d3587,93000,1,UpdatePublished,"{'model_id': 'model_mnist_784_noniid', 'round': 1, 'ticket_id': 61, 'cid': 'sha256:2793743371815307fb50c7baf912cf74edae4c89de231df914c26e5286c8965b'}",mock
0x32402d2fdb064c29c9d8a06e03277e62012470d64c72789007402a1731575c71,86000,1,TicketReserved,"{'model_id': 'model_mnist_784_noniid', 'round': 1, 'ticket_id': 62, 'owner': 'acct_12'}",mock
0xdbc91cc3e1676d7b03e80f7a05108deaf0363a6dced5e925f79fa2e8e0b71f65,93000,1,UpdatePublished,"{'model_id': 'model_mnist_784_noniid', 'round': 1, 'ticket_id': 62, 'cid': 'sha256:5810fdb068fdceccee636652c38234b4c7848b03cd601405270a4cffd8912e4a'}",mock
0xb20bff4eb64f0437cbae9039dcfc12918f98e3904c8480c9e0f2f2ed08da94de,86000,1,TicketReserved,"{'model_id': 'model_mnist_784_noniid', 'round': 1, 'ticket_id': 63, 'owner': 'acct_13'}",mock
0xbf7a239eb112b765baa085cb2292c0742385d3ba46f9a819880bdc6f654e40cc,93000,1,UpdatePublished,"{'model_id': 'model_mnist_784_noniid', 'round': 1, 'ticket_id': 63, 'cid': 'sha256:ab75b86528e23cce47046c0d8e5deb7e3960f7a3a353209081027ce92482a15f'}",mock
0x100e4cf85e7b52e036e6bafcdd304262bdef658822f55d23f8f35cc249c3bf27,86000,1,TicketReserved,"{'model_id': 'model_mnist_784_noniid', 'round': 1, 'ticket_id': 64, 'owner': 'acct_14'}",mock
0x433c190186640d78484e2a1c60ac171b2306d63f5419935f6e028d9c69ff95ed,93000,1,UpdatePublished,"{'model_id': 'model_mnist_784_noniid', 'round': 1, 'ticket_id': 64, 'cid': 'sha256:5f5675b9aa3ebe4379383ba7aed399364205d3a985d4b1d04b68babe4ec53a58'}",mock
0xef14ebe3384ec4ec693f8142c47dbb3cc8d8cbcca880cc39015ea18b0e410fae,86000,1,TicketReserved,"{'model_id': 'model_mnist_784_noniid', 'round': 1, 'ticket_id': 65, 'owner': 'acct_15'}",mock
0x9fc3fa998d7d9e78401a092a656d9da9e4ebb7ea90a888f853810fc8e47660aa,93000,1,UpdatePublished,"{'model_id': 'model_mnist_784_noniid', 'round': 1, 'ticket_id': 65, 'cid': 'sha256:edd426e168867ffbc694b0822fac6dd2226a01b9bdd50b47cfd548710a25d952'}",mock
0xff0751f9c38f6e3a40ddb97c1e5e2d6bc7d037d62f3f2b9e60cad055535d5084,86000,1,TicketReserved,"{'model_id': 'model_mnist_784_noniid', 'round': 1, 'ticket_id': 66, 'owner': 'acct_16'}",mock
0x89bb12c082294fff95718cd57aabc850e56faae509bc1737ecf3ba8bd83fea5f,93000,1,UpdatePublished,"{'model_id': 'model_mnist_784_noniid', 'round': 1, 'ticket_id': 66, 'cid': 'sha256:701f66d21a03d60bb05688cca808a839eb5337346c54d00c303684c985854111'}",mock
0x725f50c4d57033ba9bd942591478bd7798dd8737341fb4c30a26858abc8a1180,86000,1,TicketReserved,"{'model_id': 'model_mnist_784_noniid', 'round': 1, 'ticket_id': 67, 'owner': 'acct_17'}",mock
0xcb631c53de79c436321ea3da20e0010e76b936e17a9be43dc4bbbfd06fb1969d,93000,1,UpdatePublished,"{'model_id': 'model_mnist_784_noniid', 'round': 1, 'ticket_id': 67, 'cid': 'sha256:7935cdc60882af77887b7e759da85f0f8261cf6af0871c2617ef44da2f617897'}",mock
0xaf4794b233b398cd4c8cab5fd9ff8e19e39caa6d04e84ae565c823e292345f70,86000,1,TicketReserved,"{'model_id': 'model_mnist_784_noniid', 'round': 1, 'ticket_id': 68, 'owner': 'acct_18'}",mock
0x3bbf84459c93651f6d74824c36dd2782ca6f44c2d4887574f07ebf4440c80855,93000,1,UpdatePublished,"{'model_id': 'model_mnist_784_noniid', 'round': 1, 'ticket_id': 68, 'cid': 'sha256:04c1d27474fc4af9bc329f9361460d0be50d8682f44d62311a67e9590e2aec15'}",mock
0x1cf4865b3cd8bcfc86ae26314a00e477c92638a13822a799d0f471ea51b1117d,86000,1,TicketReserved,"{'model_id': 'model_mnist_784_noniid', 'round': 1, 'ticket_id': 69, 'owner': 'acct_19'}",mock
0xd2e24f9c7f5274a50d06e2a441d413f2aed8cfc418a738e2fa33a4263600bc81,93000,1,UpdatePublished,"{'model_id': 'model_mnist_784_noniid', 'round': 1, 'ticket_id': 69, 'cid': 'sha256:d793baef97d04cbf4a5f6364ed2d30a9eb5624fbf93620654b5d3698c624e335'}",mock
0x98400e108caf904d012c66340532dbf5adde4fa7c9ee2ba8fd2c4b7baaa4cc86,86000,1,TicketReserved,"{'model_id': 'model_mnist_784_noniid', 'round': 1, 'ticket_id': 70, 'owner': 'acct_20'}",mock
0xb50a9a298af06e92db4e1b1a62330ecca985d568ac4538d765b0f5b61182637b,93000,1,UpdatePublished,"{'model_id': 'model_mnist_784_noniid', 'round': 1, 'ticket_id': 70, 'cid': 'sha256:eb5bd6174f507b9917cf7cffc59a4d6fd8d9123a76b46aca91d1409ab1d9c21f'}",mock
0x250e725725530c5ae7f85ef890f4bdbc11790da255a8d43598a6317f5fb65fb5,86000,1,TicketReserved,"{'model_id': 'model_mnist_784_noniid', 'round': 1, 'ticket_id': 71, 'owner': 'acct_21'}",mock
0xd7e70b9f30f1e17f0fdb76cd7959c28c74268103be1ef5e1c71415e3b80adb12,93000,1,UpdatePublished,"{'model_id': 'model_mnist_784_noniid', 'round': 1, 'ticket_id': 71, 'cid': 'sha256:ecf4a6542aca552b13773f33766bc5d3be546f75ae6a4cfcef9f951a397709ee'}",mock
0x95a8bbbf4b3a230c53a0acd23dbbcf8d910bdc32e97015d88815b03b97fbca8a,86000,1,TicketReserved,"{'model_id': 'model_mnist_784_noniid', 'round': 1, 'ticket_id': 72, 'owner': 'acct_22'}",mock
0x34272bfb862b61a7f41072694feba7e1c7cc1dd5b9e9391d08df9b6b981a15ad,93000,1,UpdatePublished,"{'model_id': 'model_mnist_784_noniid', 'round': 1, 'ticket_id': 72, 'cid': 'sha256:c8f3077212898454520cf66a977a14822555f7e24801480071da42838b9feb97'}",mock
0x692be76086283cf4eb9ade8b3dbc8959ddb121d24d4fcedb3bf6167fdb483f00,86000,1,TicketReserved,"{'model_id': 'model_mnist_784_noniid', 'round': 1, 'ticket_id': 73, 'owner': 'acct_23'}",mock
0xafc43d6943c42b0536d8cabf3a53811eea6a9b456502fc50372b6b1d8b4601cd,93000,1,UpdatePublished,"{'model_id': 'model_mnist_784_noniid', 'round': 1, 'ticket_id': 73, 'cid': 'sha256:bf3348dd287736b0f53dab5d8641889795f3e2bea8826640362b735ce8392b83'}",mock
0x244c9eb6cbdb6a9862195e6e9da67eb33bc660124753a9b9074f35bd7a144a77,86000,1,TicketReserved,"{'model_id': 'model_mnist_784_noniid', 'round': 1, 'ticket_id': 74, 'owner': 'acct_24'}",mock
0x0b2481e29bec4bf5a825043e45c765bbddb822dccb8c68967092ead205ef73e4,93000,1,UpdatePublished,"{'model_id': 'model_mnist_784_noniid', 'round': 1, 'ticket_id': 74, 'cid': 'sha256:3223e5b1977989a49e06459844b60c4387f96a9d35fb4eedc668f204c162aae2'}",mock
0x651702d8ed769d989acf6498ff1cec66dcaefa6348310bc8f7bbdbf4238b898d,86000,1,TicketReserved,"{'model_id': 'model_mnist_784_noniid', 'round': 1, 'ticket_id': 75, 'owner': 'acct_25'}",mock
0x39074e9beda3e400a20c8687f76218b5c2523717d2d5b65c19de58216bd30768,93000,1,UpdatePublished,"{'model_id': 'model_mnist_784_noniid', 'round': 1, 'ticket_id': 75, 'cid': 'sha256:96183d321f3e05946190cc153785876c224137c22cd510a109613fa4caf006ce'}",mock
0x734c14811e1f8302fa6dc4bb8e211f2a14f8ea5237df7bf5a5a0da8fae17e86c,86000,1,TicketReserved,"{'model_id': 'model_mnist_784_noniid', 'round': 1, 'ticket_id': 76, 'owner': 'acct_26'}",mock
0x1f97d85909a2b7b46ac5df45a54a0e2661b5342e274e5b18d7747ee33440e74b,93000,1,UpdatePublished,"{'model_id': 'model_mnist_784_noniid', 'round': 1, 'ticket_id': 76, 'cid': 'sha256:2225743e22ce65e7c6e4c6b5adbc75e41e07a7a08e714794d6c4352a158d9a7a'}",mock
0x6e7f0bf90e68ca166d43df04f15e6661f9e53e38ed377dffdfb70b0f688024bc,86000,1,TicketReserved,"{'model_id': 'model_mnist_784_noniid', 'round': 1, 'ticket_id': 77, 'owner': 'acct_27'}",mock
0x99c0044e8bf1c2d5636a0ca7b724aa10eee7dd997d7e27f6dea84a11bdffff68,93000,1,UpdatePublished,"{'model_id': 'model_mnist_784_noniid', 'round': 1, 'ticket_id': 77, 'cid': 'sha256:628b762aa8fec9d2c55b8565c5870e226bc552538409d1312f951215c497a0c2'}",mock
0xc83d22fc3e73958b07c7c534e7854ee4817a2672f2c8324652ece248ef2d6d53,86000,1,TicketReserved,"{'model_id': 'model_mnist_784_noniid', 'round': 1, 'ticket_id': 78, 'owner': 'acct_28'}",mock
0xa2d19823d42a0c13da24046ccc32396f1675966784c59875594a554f5dbd0992,93000,1,UpdatePublished,"{'model_id': 'model_mnist_784_noniid', 'round': 1, 'ticket_id': 78, 'cid': 'sha256:eb8300f61a460bb3e6e134f9ccaab846291790b0976f7dc841092377bb65d5a1'}",mock
0xac8eff649b3f61492967b87591ed26616b7caafdbec8b26f3c01c2ab0f4f25f7,86000,1,TicketReserved,"{'model_id': 'model_mnist_784_noniid', 'round': 1, 'ticket_id': 79, 'owner': 'acct_29'}",mock
0x00b0e853db6fcf2373f768e5680296a4f88a0507484aba78b3b6e5b8e444ba5a,93000,1,UpdatePublished,"{'model_id': 'model_mnist_784_noniid', 'round': 1, 'ticket_id': 79, 'cid': 'sha256:9af05be56c7efbe820421669ca55b49a9a3f6f0f0fe7a79a9a4ed6fb69c4274e'}",mock
0x7c98478858802fd35da0a6ed592e6e12297a92635233c55e6707bf5c33063b7e,86000,1,TicketReserved,"{'model_id': 'model_mnist_784_noniid', 'round': 1, 'ticket_id': 80, 'owner': 'acct_30'}",mock
0x4a10bd0fee1fa5f0a2f99f5d1903c9bc9015f24c6bf0ddc422f4189e0ed652cc,93000,1,UpdatePublished,"{'model_id': 'model_mnist_784_noniid', 'round': 1, 'ticket_id': 80, 'cid': 'sha256:958d22cbdcd15563ac94a255ec92fc553ffbf544f16355a9c296527ecd4063fb'}",mock
0x361b033c744454e8f662c1022e6fb78862f7b703fcbe49776954f571a7228e63,86000,1,TicketReserved,"{'model_id': 'model_mnist_784_noniid', 'round': 1, 'ticket_id': 81, 'owner': 'acct_31'}",mock
0x1fcd265d426a60097f853044385345f937ca491c1b76994a15b7abaa66febb7f,93000,1,UpdatePublished,"{'model_id': 'model_mnist_784_noniid', 'round': 1, 'ticket_id': 81, 'cid': 'sha256:07454cc7d71629e27f1cda7e225ca05258f946e22e64bd3bfb6b4923921e51ce'}",mock
0x2a34492a2df7691533370f5f794e4dbd0d81506930d466ca6278c67698704ba2,86000,1,TicketReserved,"{'model_id': 'model_mnist_784_noniid', 'round': 1, 'ticket_id': 82, 'owner': 'acct_32'}",mock
0xd13956b1946e5db37b6d024bda0537f4f5241159e6ba33a063ddc9197d77125d,93000,1,UpdatePublished,"{'model_id': 'model_mnist_784_noniid', 'round': 1, 'ticket_id': 82, 'cid': 'sha256:9a2fba255680c0219d2aad8fa1845afc8d6f0217a1983961bc13184051f3de0d'}",mock
0xf8abb91328cfb43f380483969b6624bf4c1ca9bbce54a507ddb3977dd9c260f4,86000,1,TicketReserved,"{'model_id': 'model_mnist_784_noniid', 'round': 1, 'ticket_id': 83, 'owner': 'acct_33'}",mock
0xf89cbec3756c7abf5bedc19227f50a888cac39233d1fbcde81a7ec769a8f840e,93000,1,UpdatePublished,"{'model_id': 'model_mnist_784_noniid', 'round': 1, 'ticket_id': 83, 'cid': 'sha256:97ace1484f47479db9f9945d9d19c1801a25fd70a3e0087460bc48681af96749'}",mock
0x77854a1028e1c007842c6320f796fe447d5bec511660f48e48658c2d2a9734ba,86000,1,TicketReserved,"{'model_id': 'model_mnist_784_noniid', 'round': 1, 'ticket_id': 84, 'owner': 'acct_34'}",mock
0x646853ca1631aa9a93e05fe42b8ce7305a78c279e71fe22e9b74ff4b5fbac5ee,93000,1,UpdatePublished,"{'model_id': 'model_mnist_784_noniid', 'round': 1, 'ticket_id': 84, 'cid': 'sha256:d1c3283361ef19585fd1facece5ea16cc7eff30b5592588f0e7292b2c297137d'}",mock
0x229d300ddc2aef5f61ef70ee50f8747d5ac15769766b336b1d6de4e268f8f41d,86000,1,TicketReserved,"{'model_id': 'model_mnist_784_noniid', 'round': 1, 'ticket_id': 85, 'owner': 'acct_35'}",mock
0x70c1fb514dbef9cc530a63bd14350f4d0a81839132dafe77aa77420f647be936,93000,1,UpdatePublished,"{'model_id': 'model_mnist_784_noniid', 'round': 1, 'ticket_id': 85, 'cid': 'sha256:8220bb6817463d198d405586029b5da8f797765e31488468c73075f4b5df0e41'}",mock
0xe0dc2e6fe3581081bffed1da0eacc65f405cfc8964d24b933b159eb3208c88dd,86000,1,TicketReserved,"{'model_id': 'model_mnist_784_noniid', 'round': 1, 'ticket_id': 86, 'owner': 'acct_36'}",mock
0x95184559e0247d6b99abececaa173a8ee60fbbdab92dea6cd40db5ca0d20a26f,93000,1,UpdatePublished,"{'model_id': 'model_mnist_784_noniid', 'round': 1, 'ticket_id': 86, 'cid': 'sha256:bc3beb1707a7fa3ef2d745ed3c2d8f3152099bdbf95cb1f2534276c615455b21'}",mock
0x2bcfd7566d1cddaf2f3bbe2ebba4f8f17c4df33fec0c25ad16a2224ea4b857ed,86000,1,TicketReserved,"{'model_id': 'model_mnist_784_noniid', 'round': 1, 'ticket_id': 87, 'owner': 'acct_37'}",mock
0xa8115b183752387b534dcc01f24b1cb793bab421182bceb89ffe611326b07c9f,93000,1,UpdatePublished,"{'model_id': 'model_mnist_784_noniid', 'round': 1, 'ticket_id': 87, 'cid': 'sha256:fee176223ad9a4782e99de17985fbd35b65965e150cfebdf28a798344d22e19b'}",mock
0xf5f53a85bfe6b7e427610b460233e7be60498a2a54ba2010ad231de31bf144ca,86000,1,TicketReserved,"{'model_id': 'model_mnist_784_noniid', 'round': 1, 'ticket_id': 88, 'owner': 'acct_38'}",mock
0x82a164b32998f94eb98ed7df3045aae7026b629740de50ff35b14b74b76a324d,93000,1,UpdatePublished,"{'model_id': 'model_mnist_784_noniid', 'round': 1, 'ticket_id': 88, 'cid': 'sha256:b8685b6bc1b418962947dc59646026d5f03e3068aeb3d3fb91478ea576e6ffcb'}",mock
0x2c78d44b585c2d8cb7e2cd160b21bf585685ffcd8e166333d39be1a3f59eef3a,86000,1,TicketReserved,"{'model_id': 'model_mnist_784_noniid', 'round': 1, 'ticket_id': 89, 'owner': 'acct_39'}",mock
0x67f56c9cbc7155a7e68ac4a870325772633e1ef7c0f08f3ca2597f0434761898,93000,1,UpdatePublished,"{'model_id': 'model_mnist_784_noniid', 'round': 1, 'ticket_id': 89, 'cid': 'sha256:ef3a5a802712f1270a8a6bd329612645a3a140b6486cee16b30625126a096201'}",mock
0x422b8000d2f0dbb4c833db06230723650777d83b890ed6182d08aa3c6b4ffa92,86000,1,TicketReserved,"{'model_id': 'model_mnist_784_noniid', 'round': 1, 'ticket_id': 90, 'owner': 'acct_40'}",mock
0xdbacd5c864d50b281891305bac580eb8ec7284ed97264e63fce26fff90f3d6b8,93000,1,UpdatePublished,"{'model_id': 'model_mnist_784_noniid', 'round': 1, 'ticket_id': 90, 'cid': 'sha256:55feec5c16d5c74b8c628dce2e0f5a6a34ac39642d7a28c92381f477029afb6d'}",mock
0x30bc77af512a193ea7d2f6dcf1ebc27689cbb3e57393290d1ad0a785068a2b15,86000,1,TicketReserved,"{'model_id': 'model_mnist_784_noniid', 'round': 1, 'ticket_id': 91, 'owner': 'acct_41'}",mock
0xe2fda3c7a759f0a2c581bc9740449041423a7b5c30bd2349dc9b36889a9ea220,93000,1,UpdatePublished,"{'model_id': 'model_mnist_784_noniid', 'round': 1, 'ticket_id': 91, 'cid': 'sha256:3a058bdef861b396cf4faa9a78e93b68502aa0deec602d3e342275be9ead4ed5'}",mock
0xe76026244b7e0994bb9ba9f51e6669fd6caa4e334434df940b0bcbd70c85c201,86000,1,TicketReserved,"{'model_id': 'model_mnist_784_noniid', 'round': 1, 'ticket_id': 92, 'owner': 'acct_42'}",mock
0x56bd03f62eddd385abb6135c7c70b648c021e6a3611ac34a2f81c1e8f021bdb1,93000,1,UpdatePublished,"{'model_id': 'model_mnist_784_noniid', 'round': 1, 'ticket_id': 92, 'cid': 'sha256:6984908276c5821517fcc2969c0ca687b818136e69c06e296c95509025711352'}",mock
0xc92134fe66e2bbc6669b020811759e49082e8e67acdf7bcf64c327cefbe4ed81,86000,1,TicketReserved,"{'model_id': 'model_mnist_784_noniid', 'round': 1, 'ticket_id': 93, 'owner': 'acct_43'}",mock
0x69d2faf348d09bcaca2533e0b8f165fa5bda31a6ac0a8de3fece4f0039fc5a98,93000,1,UpdatePublished,"{'model_id': 'model_mnist_784_noniid', 'round': 1, 'ticket_id': 93, 'cid': 'sha256:ca693864eed9c5a4c58949070560442c00d424bfff19012d8818c4da218749c1'}",mock
0xb9a304f063ae89dce7dd4fd67082c16e466b6209ddf99fc8f57db0047138a508,86000,1,TicketReserved,"{'model_id': 'model_mnist_784_noniid', 'round': 1, 'ticket_id': 94, 'owner': 'acct_44'}",mock
0x9e34b78c97d03b0aaa6afe027de1ea6084f50710a87bd3280cefb0c5def331f5,93000,1,UpdatePublished,"{'model_id': 'model_mnist_784_noniid', 'round': 1, 'ticket_id': 94, 'cid': 'sha256:45da81225ee968710426d67ff154a67aa16775aae6c22ecddf396bb35d41ab9a'}",mock
0xf0294249f3cefa8e0581fb837eecd3b77827a632ba5e5349b0c653c46ab43965,86000,1,TicketReserved,"{'model_id': 'model_mnist_784_noniid', 'round': 1, 'ticket_id': 95, 'owner': 'acct_45'}",mock
0xc83c914fcb9a863b4f3c5ed20e6750dad9b576bcb2372161e5392f6c626e04f8,93000,1,UpdatePublished,"{'model_id': 'model_mnist_784_noniid', 'round': 1, 'ticket_id': 95, 'cid': 'sha256:52b60419ca2cb6b46b87bf3a53b757066e4459daa63bc4c731f4535298056421'}",mock
0x436889d1477cbcfa367689431be117bf2b2b8365cec8d12cb623f1263aa8921b,86000,1,TicketReserved,"{'model_id': 'model_mnist_784_noniid', 'round': 1, 'ticket_id': 96, 'owner': 'acct_46'}",mock
0x07eb51d525b3f4624a40467502a9952ef5761c74f6a5933ec70cb5c0d3c9675a,93000,1,UpdatePublished,"{'model_id': 'model_mnist_784_noniid', 'round': 1, 'ticket_id': 96, 'cid': 'sha256:3768fbce5e86dc47c87992e83353971e90f5fa49e8f13b23fcc24ad2370a4151'}",mock
0x7685068a5a3bdb901beef14a2a37fc0509def5396ff332e3fa124a65f4689b84,86000,1,TicketReserved,"{'model_id': 'model_mnist_784_noniid', 'round': 1, 'ticket_id': 97, 'owner': 'acct_47'}",mock
0x596b34474401533017f1c15ff50eab402c97bbd68b1da9789defd7ef7e03cbc9,93000,1,UpdatePublished,"{'model_id': 'model_mnist_784_noniid', 'round': 1, 'ticket_id': 97, 'cid': 'sha256:ba301a98c4a1710435dea1d355f236c5817d1febf5a6445d6c9d3b30664b6571'}",mock
0xf9668b61fb0c4eeb4ed4bb74c08895ada523a15ef37d84aa4d8f97f0d2766db9,86000,1,TicketReserved,"{'model_id': 'model_mnist_784_noniid', 'round': 1, 'ticket_id': 98, 'owner': 'acct_48'}",mock
0x937970a7adc148fd00ee9117f64b380f4124f51c3bc90e9c9938fcb03bb04376,93000,1,UpdatePublished,"{'model_id': 'model_mnist_784_noniid', 'round': 1, 'ticket_id': 98, 'cid': 'sha256:c36b6761ac4aaf5d823e23179078359df133eaebcd20fd498ffcc24be3dd5a25'}",mock
0xd39d755a5f639dcd55143bf8fad453a76936c9fc3e5642c1c845961d71a84a38,86000,1,TicketReserved,"{'model_id': 'model_mnist_784_noniid', 'round': 1, 'ticket_id': 99, 'owner': 'acct_49'}",mock
0xce9724ea4a2cd1059582f200a9b05338eebbc046bccb8f4abd919124e8533130,93000,1,UpdatePublished,"{'model_id': 'model_mnist_784_noniid', 'round': 1, 'ticket_id': 99, 'cid': 'sha256:1fdc43908578d851ead26a3930cc4b3fab049cabd0c7b36c153a8bf573380f93'}",mock
0x8336c84979745cf9a3a50f9f3f744fd03cb62690f26ece25a095b232058d842a,86000,1,TicketReserved,"{'model_id': 'model_mnist_784_noniid', 'round': 1, 'ticket_id': 100, 'owner': 'acct_50'}",mock
0x3f5208a04d2bb656aa97fd6ff7ea4cb7153c0fb2492feddfaa23afc7b3485fb1,93000,1,UpdatePublished,"{'model_id': 'model_mnist_784_noniid', 'round': 1, 'ticket_id': 100, 'cid': 'sha256:24ae5e9016f1561b662198be02828f94215f4a31d8644c5f1211d041ba00817b'}",mock
0x6cbe7324046fa94dcea41beb0f8de04242e7f0891108f6065b3f5b7c31f7c73e,1005000,1,RoundFinalized,"{'model_id': 'model_mnist_784_noniid', 'round': 1, 'included': 38, 'refunds': 50}",mock
0xccec27948ecf60112e48c2580899cfc401411e2e782104b0531babc277aef74e,52000,1,RoundFunded,"{'model_id': 'model_mnist_784_noniid', 'amount_wei': 10000000000000000}",mock
0x78a6943ed2a973cf52c3bc7bdd398057d51b471e0cd521c1668400bc83d39867,86000,1,TicketReserved,"{'model_id': 'model_mnist_784_noniid', 'round': 2, 'ticket_id': 101, 'owner': 'acct_1'}",mock
0x7039fad45915e4f7e0d361040a3046e1066cccaf81aef6b9876fe99239c049d6,93000,1,UpdatePublished,"{'model_id': 'model_mnist_784_noniid', 'round': 2, 'ticket_id': 101, 'cid': 'sha256:f7e59ae7bd7c69056ecad295a5800a5d6ac489513003af329c5d2c2082e3d767'}",mock
0x2141564aa12bf6207614efca5b526938fed4353ee700c1b9dd0d4389595f08a5,86000,1,TicketReserved,"{'model_id': 'model_mnist_784_noniid', 'round': 2, 'ticket_id': 102, 'owner': 'acct_2'}",mock
0xc051a42efb9ff9d70073b1241e80b0a824e7e7bb618001289d18ca39dfff66c1,93000,1,UpdatePublished,"{'model_id': 'model_mnist_784_noniid', 'round': 2, 'ticket_id': 102, 'cid': 'sha256:5930a3cffea4eccf3bd30aa73f1f8c00fb8b8b14e9af1cd06417c6addcba420e'}",mock
0x84edbb1a55b34c4372a3f680a13a73fa12cd4db86b430d97fffb9e72ff554b76,86000,1,TicketReserved,"{'model_id': 'model_mnist_784_noniid', 'round': 2, 'ticket_id': 103, 'owner': 'acct_3'}",mock
0xff3e1b598b08e0869fb1341edd7d61e239ec09498afd153239ac9754952731f8,93000,1,UpdatePublished,"{'model_id': 'model_mnist_784_noniid', 'round': 2, 'ticket_id': 103, 'cid': 'sha256:ce56959ee18ba795ba9d3d9ff6931c9551c0c1f7cd69e9f522ac4f2c2b332575'}",mock
0xd6c30133bfe8a680c89793e14e20610f75646de0e040049410e3506c6138875e,86000,1,TicketReserved,"{'model_id': 'model_mnist_784_noniid', 'round': 2, 'ticket_id': 104, 'owner': 'acct_4'}",mock
0x8868168a2e7406508868b2b4967d4d53710b29afe6fa8b18b113029b3c6b009f,93000,1,UpdatePublished,"{'model_id': 'model_mnist_784_noniid', 'round': 2, 'ticket_id': 104, 'cid': 'sha256:8fe509d19508b183fb67a7a21a4735164d28e0f2d2c11fb6f374211bace3884b'}",mock
0x46b8065d063777460904bc77e20aaa64914b799cc69bf0282f004ffe86ebe69e,86000,1,TicketReserved,"{'model_id': 'model_mnist_784_noniid', 'round': 2, 'ticket_id': 105, 'owner': 'acct_5'}",mock
0xc19be32b736339e45a298de0efd874fa7582f686bb620c3c0b94343ad4c7caeb,93000,1,UpdatePublished,"{'model_id': 'model_mnist_784_noniid', 'round': 2, 'ticket_id': 105, 'cid': 'sha256:060d0eae3abb99d28dbc3fdc8b3a24ca5199ef8bb33e08feb8647868422b0d0e'}",mock
0x99d38fc48fea64180e27c2cbdf834fec287260b132c6c601490c7af12e7f2af0,86000,1,TicketReserved,"{'model_id': 'model_mnist_784_noniid', 'round': 2, 'ticket_id': 106, 'owner': 'acct_6'}",mock
0xf7769560211f4cb99f31d7d19b45280093eb84d56f4c93d5875192e4a0c23cdb,93000,1,UpdatePublished,"{'model_id': 'model_mnist_784_noniid', 'round': 2, 'ticket_id': 106, 'cid': 'sha256:b7135382f1ebeee502a47bab8d21487807805a3a87384ef2c2975003e1eda597'}",mock
0xafaef37dd987a44bf949a968b7ece858a513d4fb511c7f246d4b5cd4c66a74cb,86000,1,TicketReserved,"{'model_id': 'model_mnist_784_noniid', 'round': 2, 'ticket_id': 107, 'owner': 'acct_7'}",mock
0x50ad24715aeee12553c0f14d46d323daa8129ed456f669b79b913a89dc51fb09,93000,1,UpdatePublished,"{'model_id': 'model_mnist_784_noniid', 'round': 2, 'ticket_id': 107, 'cid': 'sha256:feb97583989cb0cc27b7af758ab63573fe51cca538cb515ce0147de145e81437'}",mock
0x965e8ef5766faf405c8b854d46ca5a125203249ac6fa958b962799051e459e74,86000,1,TicketReserved,"{'model_id': 'model_mnist_784_noniid', 'round': 2, 'ticket_id': 108, 'owner': 'acct_8'}",mock
0xd2419fc1b0f8c02c344005d9e80fa1b498eaae63d01181afe0b764435ee0e641,93000,1,UpdatePublished,"{'model_id': 'model_mnist_784_noniid', 'round': 2, 'ticket_id': 108, 'cid': 'sha256:222268a41191cd45032ba76ad1b02740698ae1472127f1a08030ab2606d4e0b4'}",mock
0x32d5cfe47776b2985b4620e70cb00107ba1078a3b45b807129189403030a93f3,86000,1,TicketReserved,"{'model_id': 'model_mnist_784_noniid', 'round': 2, 'ticket_id': 109, 'owner': 'acct_9'}",mock
0xdf3c326869e7f4e719e7d9427e0b7720072b41e1a23b70e042cd5d5f66d1bf99,93000,1,UpdatePublished,"{'model_id': 'model_mnist_784_noniid', 'round': 2, 'ticket_id': 109, 'cid': 'sha256:7bf0d57f62e73ef906323655d8a187915d7d502b8d9f37b0e5425749698c3da0'}",mock
0xcaca70f4d044976f4209c07b7adf5f9887f1d6dbbd46fe5b2f4b2fdc094f6196,86000,1,TicketReserved,"{'model_id': 'model_mnist_784_noniid', 'round': 2, 'ticket_id': 110, 'owner': 'acct_10'}",mock
0x227cac9f11a89b48963770afa367c1ea3bbeefea6c5ce840923f073e95f1c72f,93000,1,UpdatePublished,"{'model_id': 'model_mnist_784_noniid', 'round': 2, 'ticket_id': 110, 'cid': 'sha256:56bf93f3e063518c1861831c12cede37a1b95668add829cd61dc82baa941f314'}",mock
0x0bca25c553b00f210b158c652ff733d453174bcc7e253066b0bef4068e0f3c34,86000,1,TicketReserved,"{'model_id': 'model_mnist_784_noniid', 'round': 2, 'ticket_id': 111, 'owner': 'acct_11'}",mock
0x9b5b9a154298219e8453536683a1f0a61b0e7193e1677870130f67b4347c2f95,93000,1,UpdatePublished,"{'model_id': 'model_mnist_784_noniid', 'round': 2, 'ticket_id': 111, 'cid': 'sha256:d0c098778d117e40f538c5fe4b54e7133ee2188ff1d64c1365203684bc19388c'}",mock
0xa968c802fca3ee3ee5a18fb89ae882b2def2b39ab667e34da027def4575e3964,86000,1,TicketReserved,"{'model_id': 'model_mnist_784_noniid', 'round': 2, 'ticket_id': 112, 'owner': 'acct_12'}",mock
0x16ca1c570d63bba422bd3379f03ba53def795d5bac6f4c0ec01c1873cf040476,93000,1,UpdatePublished,"{'model_id': 'model_mnist_784_noniid', 'round': 2, 'ticket_id': 112, 'cid': 'sha256:160ac03227d46bf7f790c353b5b74cf1a29cf7bb19ed25402b83efc6e48c3e8e'}",mock
0xc768d3086a7b3ca0c81fa4a0b0055e9b11c838c6c1fd530d1665e516ae601c84,86000,1,TicketReserved,"{'model_id': 'model_mnist_784_noniid', 'round': 2, 'ticket_id': 113, 'owner': 'acct_13'}",mock
0x76f8a02f0fafb0aa06d28334b0fd0652ea17aed79de3170578e5c90949165c05,93000,1,UpdatePublished,"{'model_id': 'model_mnist_784_noniid', 'round': 2, 'ticket_id': 113, 'cid': 'sha256:2bc2c060f493d8842abb07f65d00a2447e760376b9a22c4d8d4979f31fe8306e'}",mock
0x5237c45f144b4d1cbacb8e17c62635868ee76b54e2117573ac25406129166da1,86000,1,TicketReserved,"{'model_id': 'model_mnist_784_noniid', 'round': 2, 'ticket_id': 114, 'owner': 'acct_14'}",mock
0x3c6d67143b24579e0af64fe1f57ad27c27f6277409f6e5d66464d37d09b1d349,93000,1,UpdatePublished,"{'model_id': 'model_mnist_784_noniid', 'round': 2, 'ticket_id': 114, 'cid': 'sha256:330f7545932d0a7625dc8d8bd90611be6a9a213b347c1180b443c120f571494b'}",mock
0xf90faa52eda7191bf37163e9660795e7e3cb3f05ee9afe37ae67c58e99e0c60a,86000,1,TicketReserved,"{'model_id': 'model_mnist_784_noniid', 'round': 2, 'ticket_id': 115, 'owner': 'acct_15'}",mock
0x2f51dd6243fdb86e2264c83b644d87825acbade97e5ab21350dfaefca27ceb06,93000,1,UpdatePublished,"{'model_id': 'model_mnist_784_noniid', 'round': 2, 'ticket_id': 115, 'cid': 'sha256:f422aa172a3b37f5933e305b2427572e28cfad7c8f5559f36be2751103794d94'}",mock
0x2f42cc58ead8fc7252707ee2f4a92c6525aacc8acb9ef6abb7563b637bbafcad,86000,1,TicketReserved,"{'model_id': 'model_mnist_784_noniid', 'round': 2, 'ticket_id': 116, 'owner': 'acct_16'}",mock
0x794d4d213696db53f1a14ba0188019b9c1177e054b824b779b214b9b3390828a,93000,1,UpdatePublished,"{'model_id': 'model_mnist_784_noniid', 'round': 2, 'ticket_id': 116, 'cid': 'sha256:9cbb5b905bda5be40723266507d2c74f393c6eaf9c0bfe439ebda9934b731453'}",mock
0xa016c7f8ab9fc4c6b995f5f91e126ca236cb33e82ba68b5207dc36efeaeecef8,86000,1,TicketReserved,"{'model_id': 'model_mnist_784_noniid', 'round': 2, 'ticket_id': 117, 'owner': 'acct_17'}",mock
0xe952355a513c3c05fe624172a8453231fd77a8dd627a2d53d56741157fc1cd07,93000,1,UpdatePublished,"{'model_id': 'model_mnist_784_noniid', 'round': 2, 'ticket_id': 117, 'cid': 'sha256:bebd05fa8b289a7bd6e3d57555e0ce4c2726e40a4421db87545ed4f692605169'}",mock
0xb616432d95f415b1b412a88e14de553b5ebb694ee94d6963d17884faaf4a8c7c,86000,1,TicketReserved,"{'model_id': 'model_mnist_784_noniid', 'round': 2, 'ticket_id': 118, 'owner': 'acct_18'}",mock
0x96c27197bc13972afc1edd3f3a26417f06a87fdc67f578876ccccdd90e6599b8,93000,1,UpdatePublished,"{'model_id': 'model_mnist_784_noniid', 'round': 2, 'ticket_id': 118, 'cid': 'sha256:3ba264de3b6b24c3c90a399bf7ee7e7336695d0a0210ddf5830b8f9e46bdeb26'}",mock
0xe219ce7eb7ad068722222e2f7cd3e953ad5b95b04ae3d9f251ed65a28bdcde78,86000,1,TicketReserved,"{'model_id': 'model_mnist_784_noniid', 'round': 2, 'ticket_id': 119, 'owner': 'acct_19'}",mock
0xec0c5f993649dce5dca8f2201af133c8fd80ea8b71dbd6b985af9050b5605df8,93000,1,UpdatePublished,"{'model_id': 'model_mnist_784_noniid', 'round': 2, 'ticket_id': 119, 'cid': 'sha256:7642e95e2462b85f13169d23ef5fd0518d0004d6e10eb7f6a6215ce88c4aa09d'}",mock
0x3850b34fde5db10d0c641e4cfc408db3e585ebf192c948841dd16e603420a52e,86000,1,TicketReserved,"{'model_id': 'model_mnist_784_noniid', 'round': 2, 'ticket_id': 120, 'owner': 'acct_20'}",mock
0x3b0354064decdac1bfd126fb586fed3c6f99580f2e63be175b3395857bc0fa3c,93000,1,UpdatePublished,"{'model_id': 'model_mnist_784_noniid', 'round': 2, 'ticket_id': 120, 'cid': 'sha256:095182d1f2e5a102c5ca5c31cb6249411f8d2ad433b6895eb7f94b5bd03c3383'}",mock
0x9326c2c6df3b7056364d8fc99181239de76e337ec077cfcbc199d067b8850bb1,86000,1,TicketReserved,"{'model_id': 'model_mnist_784_noniid', 'round': 2, 'ticket_id': 121, 'owner': 'acct_21'}",mock
0xc220479befe1b7f14beec0f3288770bb3f08b5c7687e2f5df7a0c07c18631b9c,93000,1,UpdatePublished,"{'model_id': 'model_mnist_784_noniid', 'round': 2, 'ticket_id': 121, 'cid': 'sha256:381d570dcb2aa1937d991f1e61fcebc1ea3069aa0085ec407d6e0f1d3bcc13eb'}",mock
0x8588b3903ba1ce2b200d0fc5e6ab1d9b6ba24d6c19a199f9196cade0b4bef535,86000,1,TicketReserved,"{'model_id': 'model_mnist_784_noniid', 'round': 2, 'ticket_id': 122, 'owner': 'acct_22'}",mock
0xcbaba88df96170fc2f2c8ef49f649294dfcd98b724e9a84a728816aceecde1a2,93000,1,UpdatePublished,"{'model_id': 'model_mnist_784_noniid', 'round': 2, 'ticket_id': 122, 'cid': 'sha256:8d9173f3e3b5f8584856d3ca195b12631f746a83d721be4845efc44ae86489fa'}",mock
0x8f2063364504350ebdc6d1e5aeb14b203b10e462b9939093e031d7ab04834e4f,86000,1,TicketReserved,"{'model_id': 'model_mnist_784_noniid', 'round': 2, 'ticket_id': 123, 'owner': 'acct_23'}",mock
0x35dff01c0e31ce7258871c99a7a361ab06b6da6d4603686a93bb7a6c9e947db7,93000,1,UpdatePublished,"{'model_id': 'model_mnist_784_noniid', 'round': 2, 'ticket_id': 123, 'cid': 'sha256:55532a4669836ace1546f8154b740d79b1a31f95ace17b1ac073d7c5a7bb3854'}",mock
0xbeb6729baa1bbdb848d0e0da61f6ab951a240308ba05425f0d8cf542b0f31dda,86000,1,TicketReserved,"{'model_id': 'model_mnist_784_noniid', 'round': 2, 'ticket_id': 124, 'owner': 'acct_24'}",mock
0xc80f4eb3ac9b197eeefdedf62ee05e3b5233d599849921c705db730ea235acb3,93000,1,UpdatePublished,"{'model_id': 'model_mnist_784_noniid', 'round': 2, 'ticket_id': 124, 'cid': 'sha256:5c70031cee07c1656dc724e59f843b9a7506781859009f6c3fd7b7bed7ffc635'}",mock
0xc3471d57a7445071f8e710a15d0c6c17aae3ede7a5d1e959f9f0d8c6c453f4d1,86000,1,TicketReserved,"{'model_id': 'model_mnist_784_noniid', 'round': 2, 'ticket_id': 125, 'owner': 'acct_25'}",mock
0xdbe942d807f504ec8dc30323df44c7a5b53ad3a5b03008a9bc5536a8ce02145d,93000,1,UpdatePublished,"{'model_id': 'model_mnist_784_noniid', 'round': 2, 'ticket_id': 125, 'cid': 'sha256:d2a23be46e190c66c0cdcea37871994608a277f3fab2f1c9869f3a4af22df3b0'}",mock
0xbdf144e8e41eb034955868f0cca3131d2f67c64dc05c75e16492ce19c2ff50cc,86000,1,TicketReserved,"{'model_id': 'model_mnist_784_noniid', 'round': 2, 'ticket_id': 126, 'owner': 'acct_26'}",mock
0x5154cf573ff4cdc17782993ad3b6955bd44e584f59ba000924d34ca50614f162,93000,1,UpdatePublished,"{'model_id': 'model_mnist_784_noniid', 'round': 2, 'ticket_id': 126, 'cid': 'sha256:e3fbb47bba0a8540510c5a33734635b1f4f99a2f47beb6eb389ae303b3a5ae16'}",mock
0xf7b9d0da5231444052736eb0f51003ac5b47089c379536d7c400ad710f5230c4,86000,1,TicketReserved,"{'model_id': 'model_mnist_784_noniid', 'round': 2, 'ticket_id': 127, 'owner': 'acct_27'}",mock
0x8d1c8436754d4b37d7a6fadaec9170071e5f1a8fcf919ebc0e868033b44a0ccd,93000,1,UpdatePublished,"{'model_id': 'model_mnist_784_noniid', 'round': 2, 'ticket_id': 127, 'cid': 'sha256:d2f0f1ef7ff4af044d9b93293c0730c66c5742ca8ec776099d02377f88b1f8f4'}",mock
0x072915ad79702a7608f8c490422b5e6676f5acd16b13910fe125396626fa2549,86000,1,TicketReserved,"{'model_id': 'model_mnist_784_noniid', 'round': 2, 'ticket_id': 128, 'owner': 'acct_28'}",mock
0x21c45888132d60730674ac50d4fdb193d7f83e57758e7dc949b2c6413c934ac8,93000,1,UpdatePublished,"{'model_id': 'model_mnist_784_noniid', 'round': 2, 'ticket_id': 128, 'cid': 'sha256:d35202bd989954e158b6d0bb81570ffdc17bb3bfc54c51b43bff356ccf644c30'}",mock
0x8f37c659c9e7f41c46769b142042b507d26ab0f8b7e193fc1f9b7a687e088dd5,86000,1,TicketReserved,"{'model_id': 'model_mnist_784_noniid', 'round': 2, 'ticket_id': 129, 'owner': 'acct_29'}",mock
0x465ea21753150c4c32f2e1bba65b70323deab59f7174bf242565a409e783378b,93000,1,UpdatePublished,"{'model_id': 'model_mnist_784_noniid', 'round': 2, 'ticket_id': 129, 'cid': 'sha256:a72ff5baf15e6be3d10bf1b4cdb6b152f9ab3a103970086b66659e8f6305ea2e'}",mock
0x9e97c23ca1e170c3a8c3ff86867ed7e2dafe742f7e9ef840b71284a46a29bfd7,86000,1,TicketReserved,"{'model_id': 'model_mnist_784_noniid', 'round': 2, 'ticket_id': 130, 'owner': 'acct_30'}",mock
0x630ff1118ebf2e63a879f94b72e79efbae30f787e6b268ef0026643d7ed3df64,93000,1,UpdatePublished,"{'model_id': 'model_mnist_784_noniid', 'round': 2, 'ticket_id': 130, 'cid': 'sha256:bc6a26c68e39ace44445cc32e0bb1c8ef11fb01121c50d9b94ccf0b8857f302e'}",mock
0xec8664c417b010c6038a71fe2639d51a627d95c4a5b92636435893b5aa11ebf4,86000,1,TicketReserved,"{'model_id': 'model_mnist_784_noniid', 'round': 2, 'ticket_id': 131, 'owner': 'acct_31'}",mock
0x17ee4b2f62c2277eb1c289e3f11043ca65e358f7087c03b7c19291f9f74bed05,93000,1,UpdatePublished,"{'model_id': 'model_mnist_784_noniid', 'round': 2, 'ticket_id': 131, 'cid': 'sha256:56e19b2f14259e7735cfe7d2de94c1f5eb49c4b10c5fbd1c46506e8762f56468'}",mock
0xf909951a2426b8c988cae3f52f2f905e3b64979af115f1c587a62de6889ef575,86000,1,TicketReserved,"{'model_id': 'model_mnist_784_noniid', 'round': 2, 'ticket_id': 132, 'owner': 'acct_32'}",mock
0x6ac1ed47d5f9206277110a78682e0e4d189277192bf32d489bc1a65915c10a98,93000,1,UpdatePublished,"{'model_id': 'model_mnist_784_noniid', 'round': 2, 'ticket_id': 132, 'cid': 'sha256:2b450aab4f56a688dd63c865d1f1106f1c5ea33b6a524540e44ea866c5370881'}",mock
0xcb2a2e4a83cbc7ee3ddfc8cd317c4b109b424b50de0b60263dd7a9620f8fa465,86000,1,TicketReserved,"{'model_id': 'model_mnist_784_noniid', 'round': 2, 'ticket_id': 133, 'owner': 'acct_33'}",mock
0x4d6f6e01fd1adb7d26fbeda9ed8f03cf370d68b50d4dace96866679df3246357,93000,1,UpdatePublished,"{'model_id': 'model_mnist_784_noniid', 'round': 2, 'ticket_id': 133, 'cid': 'sha256:f8b5db547c3cbe5d247fe29f603e14640cc9f3d78e02ce68d72023353a764be5'}",mock
0x74135abe38975cd25edbd016240183599aab29c4d290dad43a53bef027af975a,86000,1,TicketReserved,"{'model_id': 'model_mnist_784_noniid', 'round': 2, 'ticket_id': 134, 'owner': 'acct_34'}",mock
0xebb2f65262bb0d4597a7e5f835cf668ffc88bc49152db3b1a4365cc141e57739,93000,1,UpdatePublished,"{'model_id': 'model_mnist_784_noniid', 'round': 2, 'ticket_id': 134, 'cid': 'sha256:47c093ed41382191d3f262d381d120b69264520fe6a786df242b3719d9fa26cd'}",mock
0x66c28a0c29afbf4eec17698f7f8ce4b5d550df86d8f0010919ec34cd6acae9ae,86000,1,TicketReserved,"{'model_id': 'model_mnist_784_noniid', 'round': 2, 'ticket_id': 135, 'owner': 'acct_35'}",mock
0x1ee692dd64cb6e08a23edc6e2836ba0d42f552be8a9e92ab71c3b27fa916ed5a,93000,1,UpdatePublished,"{'model_id': 'model_mnist_784_noniid', 'round': 2, 'ticket_id': 135, 'cid': 'sha256:19c3b06bef34d7ef5b78953e0d4222ab5718a86335abba02e062c4fc187906cf'}",mock
0xcc5742853494b4610e94ace1d104648875363e0e578ae0d8618b5ac7fa4aa5be,86000,1,TicketReserved,"{'model_id': 'model_mnist_784_noniid', 'round': 2, 'ticket_id': 136, 'owner': 'acct_36'}",mock
0xbcfd2fe27bd4fc8064e0e74acc9d5241411e9a57458bdaca179793c7970d7a3d,93000,1,UpdatePublished,"{'model_id': 'model_mnist_784_noniid', 'round': 2, 'ticket_id': 136, 'cid': 'sha256:5f63f4cf4f40a7c69448e48bac62c3654c761b29abfb1ad255a2ef7898a9e3e5'}",mock
0x84f0d2584768033f0b512dcd2bc5573b32ea085a6f17852c5268824d53c46d2b,86000,1,TicketReserved,"{'model_id': 'model_mnist_784_noniid', 'round': 2, 'ticket_id': 137, 'owner': 'acct_37'}",mock
0x6ba25030ae0172bf249377d4ee2652a7df0a2507aaa48f47064328a6d604df60,93000,1,UpdatePublished,"{'model_id': 'model_mnist_784_noniid', 'round': 2, 'ticket_id': 137, 'cid': 'sha256:f78be164d468a31f68bc113a7ad803d98b69a902e8295464bf46bdfbbda06b7b'}",mock
0x2c329204b2558e887a2eb37ca5b94c40f7b58551d2e2396afa8803c0789bc878,86000,1,TicketReserved,"{'model_id': 'model_mnist_784_noniid', 'round': 2, 'ticket_id': 138, 'owner': 'acct_38'}",mock
0x3e0388c007701f4a77640787296f231c0a1106135026c563e0ecf6900598b530,93000,1,UpdatePublished,"{'model_id': 'model_mnist_784_noniid', 'round': 2, 'ticket_id': 138, 'cid': 'sha256:b037a5dc77b92f259a172642ee3c961018b50890b1c1abe39864fae6711af128'}",mock
0xd1319538e19fc2ef1e510278467176029605f530966abedc44982671fc21c34e,86000,1,TicketReserved,"{'model_id': 'model_mnist_784_noniid', 'round': 2, 'ticket_id': 139, 'owner': 'acct_39'}",mock
0x9bfb672ed94a1ba5efe691562df27a1aca84ce1797a687fd8c3d91a64f716331,93000,1,UpdatePublished,"{'model_id': 'model_mnist_784_noniid', 'round': 2, 'ticket_id': 139, 'cid': 'sha256:2c816bac3196c2f2f6e4a62622994cb3a65b3bce828cdc5b663a8ffdd742b440'}",mock
0xe73d01d32009b1b612a14e65163449fef173c3e5c1fab2aa5eda186498a6d387,86000,1,TicketReserved,"{'model_id': 'model_mnist_784_noniid', 'round': 2, 'ticket_id': 140, 'owner': 'acct_40'}",mock
0xa344184e76c00aaef3753a983fdb26ed9207ff4cb5e18b6cd63392fcc720133e,93000,1,UpdatePublished,"{'model_id': 'model_mnist_784_noniid', 'round': 2, 'ticket_id': 140, 'cid': 'sha256:91e9f52fe9df699eaac9f0aeaeaae461d2b0b35e68eb33ec9da42a1c84553f12'}",mock
0x98b19c15bd7783e48c76ddb7004c45377677df2ea6ff9e4183ba1290eb6b1d3a,86000,1,TicketReserved,"{'model_id': 'model_mnist_784_noniid', 'round': 2, 'ticket_id': 141, 'owner': 'acct_41'}",mock
0xf75091ca1c91bfb2e5c5183afe108307e6869d3f99abac744aea57d2ad5d8492,93000,1,UpdatePublished,"{'model_id': 'model_mnist_784_noniid', 'round': 2, 'ticket_id': 141, 'cid': 'sha256:e254d517358950fea9de3f1e40946878632596cba9ed45c51f7030abf0eff62c'}",mock
0x6e9b6b57b2f2c0f0cf0cb8bade5b30e98d32f4914b737602b54b0efde8314bee,86000,1,TicketReserved,"{'model_id': 'model_mnist_784_noniid', 'round': 2, 'ticket_id': 142, 'owner': 'acct_42'}",mock
0x06548fe07046e1adb4407460f48bc401738a3b6954273989f10f42e075eafc53,93000,1,UpdatePublished,"{'model_id': 'model_mnist_784_noniid', 'round': 2, 'ticket_id': 142, 'cid': 'sha256:2d3bc4157c10f0ebef9c1b215dfe4dc17405d404618d79f526668c6745d7827b'}",mock
0xe96b4292b16ae7a4c96b43a0b1a58bc28c7489d3d4a6ea5590fe1ce51c9fcd46,86000,1,TicketReserved,"{'model_id': 'model_mnist_784_noniid', 'round': 2, 'ticket_id': 143, 'owner': 'acct_43'}",mock
0x534fc80f821b2489a22497255831b041a8608d1f627ec8127e434db495b4ce80,93000,1,UpdatePublished,"{'model_id': 'model_mnist_784_noniid', 'round': 2, 'ticket_id': 143, 'cid': 'sha256:8959a164e8d8cfadd686138134b5c4131c0d6a36ffdccc9a8a837278bb43d7cc'}",mock
0x61f290fc0510dbc10130921ca05cb47d31b6210ec112e01ba4691eb29edbd34c,86000,1,TicketReserved,"{'model_id': 'model_mnist_784_noniid', 'round': 2, 'ticket_id': 144, 'owner': 'acct_44'}",mock
0x8115eb31bcb988c81ffaa055e64473977362e56a6fc1e147d1ee1ae0624383e7,93000,1,UpdatePublished,"{'model_id': 'model_mnist_784_noniid', 'round': 2, 'ticket_id': 144, 'cid': 'sha256:e5b7d729fe2a4d0048e732575559fff5ffc8c814f9d5bf69547266ff4b1e14b5'}",mock
0x2be406384e8a246b9e3f542ab185c799720666f102ff34f55b4def916babd209,86000,1,TicketReserved,"{'model_id': 'model_mnist_784_noniid', 'round': 2, 'ticket_id': 145, 'owner': 'acct_45'}",mock
0x3c91e46dcd5ddffdfd571c9c15538afe6d0afbf2f46eea2cdbb750be0d98529f,93000,1,UpdatePublished,"{'model_id': 'model_mnist_784_noniid', 'round': 2, 'ticket_id': 145, 'cid': 'sha256:cb61000b1b9471441511f78badc97380723d426c4bf50943981d14dbf072db22'}",mock
0x1d91cd076f1a2f44a29832aa5fe0ff50cd8bbdd51c81ba36257b2f02f39b59e4,86000,1,TicketReserved,"{'model_id': 'model_mnist_784_noniid', 'round': 2, 'ticket_id': 146, 'owner': 'acct_46'}",mock
0xc601a77e70585365a9ff62c6052ef56adbb5c7dc0d1e9d8832a991b80550e251,93000,1,UpdatePublished,"{'model_id': 'model_mnist_784_noniid', 'round': 2, 'ticket_id': 146, 'cid': 'sha256:b48e6a61d6b7aba52f49239184b9c360fdef797741d3e24979c9d19feec6522b'}",mock
0xc137e77caec2be19caf0adf83dc2f98ec4412fa51fa4a81373c2a23dad76fe2d,86000,1,TicketReserved,"{'model_id': 'model_mnist_784_noniid', 'round': 2, 'ticket_id': 147, 'owner': 'acct_47'}",mock
0xa5327fa51d9abf0201b39cc37876a1bb6857614cb187be280d3e7ee092c5da9e,93000,1,UpdatePublished,"{'model_id': 'model_mnist_784_noniid', 'round': 2, 'ticket_id': 147, 'cid': 'sha256:688582451f20e30a79b28c736d360e2cfecfdc3f206d7a5c3bbe30992f583b0c'}",mock
0xe3dd536b4a038001723b85b4b35611f604d7cafeaf249de9b6bfab3949e2b298,86000,1,TicketReserved,"{'model_id': 'model_mnist_784_noniid', 'round': 2, 'ticket_id': 148, 'owner': 'acct_48'}",mock
0xd1bc4eae5585a6bf74cd33bc4881f394b1ff8d168cd6f9ad24598d4850ed6dda,93000,1,UpdatePublished,"{'model_id': 'model_mnist_784_noniid', 'round': 2, 'ticket_id': 148, 'cid': 'sha256:f3014a2d88ff20e5224361b7496a1af156ef3d333a0cdb286d2a031f7e16e4ed'}",mock
0x9d6cccba8cc68455b0bb1dc15fc9234ebc99fb0b8930a1f8c9210d85c90e59c7,86000,1,TicketReserved,"{'model_id': 'model_mnist_784_noniid', 'round': 2, 'ticket_id': 149, 'owner': 'acct_49'}",mock
0x52d85f0de43af0e556c1c746e13c2a9f6f01e9b627f52fbdc86285300f0206af,93000,1,UpdatePublished,"{'model_id': 'model_mnist_784_noniid', 'round': 2, 'ticket_id': 149, 'cid': 'sha256:7a1b13a3ef9758069d539ec83d461e6b51b57bd9000373ce3ab5d9c23ac764ec'}",mock
0xe1cf16c5f8cdd806d9eb6669423133c6be60a5c4eeee0f014a94a44266f24562,86000,1,TicketReserved,"{'model_id': 'model_mnist_784_noniid', 'round': 2, 'ticket_id': 150, 'owner': 'acct_50'}",mock
0xf11f63a80f6183ae32ae90a6b34317c6298698b6d75fb974f0d8348f06574b91,93000,1,UpdatePublished,"{'model_id': 'model_mnist_784_noniid', 'round': 2, 'ticket_id': 150, 'cid': 'sha256:178f51dadde7889cbf6bc5585fd85c2cf428da54473775954589653cd2f87736'}",mock
0xe0a9d34ae6fe17a7302bca6d36ebf0d4e5851efe98f331612b37d619d761ca56,1055000,1,RoundFinalized,"{'model_id': 'model_mnist_784_noniid', 'round': 2, 'included': 43, 'refunds': 50}",mock
0x11fc22b024ca9a64b7f76a8704091c61cf2315ba1ffbd2634b2b282c182ba2a3,52000,1,RoundFunded,"{'model_id': 'model_mnist_784_noniid', 'amount_wei': 10000000000000000}",mock
0x4df54672b88db7b16bd07334ca0b622a87a3780120fd076e670f38529c42f1e9,86000,1,TicketReserved,"{'model_id': 'model_mnist_784_noniid', 'round': 3, 'ticket_id': 151, 'owner': 'acct_1'}",mock
0x34667c4c67216d536de303a081ebf6725c86aced680f3d399ba612aafc6d809a,93000,1,UpdatePublished,"{'model_id': 'model_mnist_784_noniid', 'round': 3, 'ticket_id': 151, 'cid': 'sha256:efe4d65b105f2f7f943b1a95115be28d57bbb255f719640e3de40cd7730749af'}",mock
0x04148c2fb0d6b708c71a8ef440420f9877024be1a89454309906e801bb9ae817,86000,1,TicketReserved,"{'model_id': 'model_mnist_784_noniid', 'round': 3, 'ticket_id': 152, 'owner': 'acct_2'}",mock
0x14a8b54c015a795adf091d39562345bff44f1e46c7a1724a050af65c9ab4b3c3,93000,1,UpdatePublished,"{'model_id': 'model_mnist_784_noniid', 'round': 3, 'ticket_id': 152, 'cid': 'sha256:0992f56b3eb46c2be877878a685beb75bb9698e73ec23c81e70d3c873a3d9752'}",mock
0x77d75da3d94a136ffb0ab5dc86018149f90e5005781bbb00a88bc836599400cb,86000,1,TicketReserved,"{'model_id': 'model_mnist_784_noniid', 'round': 3, 'ticket_id': 153, 'owner': 'acct_3'}",mock
0xd3f6feb66d56531a2164e229f4968b2d9ada7e87ad1723fa5b400995a8d62b0a,93000,1,UpdatePublished,"{'model_id': 'model_mnist_784_noniid', 'round': 3, 'ticket_id': 153, 'cid': 'sha256:d35b35bf81c285eb9fd45f845fa3b18fe6693b153c3c7455ff5379a0c39d5be5'}",mock
0xe66049b1984b644ecc646f77d3f11fb862baeb19b4836b1add34825e0408eaf9,86000,1,TicketReserved,"{'model_id': 'model_mnist_784_noniid', 'round': 3, 'ticket_id': 154, 'owner': 'acct_4'}",mock
0x3654cb7a9e11607c59d892b7584ba58f7fd0772bca161ee761b061bad9fb2292,93000,1,UpdatePublished,"{'model_id': 'model_mnist_784_noniid', 'round': 3, 'ticket_id': 154, 'cid': 'sha256:25648cb62e03ad375da414b0097207835edda3cf57ecb60b7924d488fd04bc45'}",mock
0x84f8556a3f391065089c068006d314c68bf7b984cee3b5927cece1448b0d9968,86000,1,TicketReserved,"{'model_id': 'model_mnist_784_noniid', 'round': 3, 'ticket_id': 155, 'owner': 'acct_5'}",mock
0x9ab7c8111c386586ede0eb040dba2878c1bf905ed933cee1d82d8aa3c62bfb7a,93000,1,UpdatePublished,"{'model_id': 'model_mnist_784_noniid', 'round': 3, 'ticket_id': 155, 'cid': 'sha256:54b82c56b39fdb10611baf381fe4843bffdcd626486a12ddd590009e59e98a32'}",mock
0xafeaefbc1ca2807629cc22cfb1a7fd8698d7da90485d2d34c4bff4e05d3f8d85,86000,1,TicketReserved,"{'model_id': 'model_mnist_784_noniid', 'round': 3, 'ticket_id': 156, 'owner': 'acct_6'}",mock
0x7622f7f1cc628ffb4512a83277be902c8fe5e0f8ec531b17d3fbd463fd8a28ad,93000,1,UpdatePublished,"{'model_id': 'model_mnist_784_noniid', 'round': 3, 'ticket_id': 156, 'cid': 'sha256:185119715778fb38949f1a7af3ec7a8cf3224c55a7eb665be12358c572d61d7b'}",mock
0x92cc417dcee8eb3a7c12646061688e854cca74a4020076a8f0ae5032a2130ef9,86000,1,TicketReserved,"{'model_id': 'model_mnist_784_noniid', 'round': 3, 'ticket_id': 157, 'owner': 'acct_7'}",mock
0x5d2c7d8e113bdb6835f3cc2867e4044ba6537a7bd5c681d35b194c0052ea2c4c,93000,1,UpdatePublished,"{'model_id': 'model_mnist_784_noniid', 'round': 3, 'ticket_id': 157, 'cid': 'sha256:bcce1fdd74ab0547fb460141f2a7a7fbdb8ccde7c382bbf1318463ba282ba14d'}",mock
0xdefe0489ff36da73f8314720e5e815973783ee6dbfd8b4dbf064d8445702b77d,86000,1,TicketReserved,"{'model_id': 'model_mnist_784_noniid', 'round': 3, 'ticket_id': 158, 'owner': 'acct_8'}",mock
0xe192d8cd8ea7970e8326ac54c76dbaaddecd93132ac7445c008f558482c1bb1d,93000,1,UpdatePublished,"{'model_id': 'model_mnist_784_noniid', 'round': 3, 'ticket_id': 158, 'cid': 'sha256:927274352ee295748047df7a4014b48e02921129ddef74b4e7535949a880b24c'}",mock
0xaa66692a2c7a9a4994177ca61e01196a412f8c2622db832934d1b39df82061d3,86000,1,TicketReserved,"{'model_id': 'model_mnist_784_noniid', 'round': 3, 'ticket_id': 159, 'owner': 'acct_9'}",mock
0xac289bdc785052b2a93f1b15e6367e9286a5d04e761e5381ca17674f47d84507,93000,1,UpdatePublished,"{'model_id': 'model_mnist_784_noniid', 'round': 3, 'ticket_id': 159, 'cid': 'sha256:9ead9d6f830112e2b63fb2512c44af27d900354bfec2341a4b4c10494e202b74'}",mock
0x63468b6576611a4654834a490d7df5bcd6006af2e1edafce085c9601a3f0e597,86000,1,TicketReserved,"{'model_id': 'model_mnist_784_noniid', 'round': 3, 'ticket_id': 160, 'owner': 'acct_10'}",mock
0x516f0b87de9883e67a00f639c7508aae1af811b0adf5b97094eba4a7b49df16b,93000,1,UpdatePublished,"{'model_id': 'model_mnist_784_noniid', 'round': 3, 'ticket_id': 160, 'cid': 'sha256:fa7b2ca21d9967213b82f862cf5fd938fa247d8004e13ad81b9c1edfd876f5b6'}",mock
0x29f08f1b8ca90f31b8de9c6af6cc94c75f70aa99fdced10459bbed238dbf62ad,86000,1,TicketReserved,"{'model_id': 'model_mnist_784_noniid', 'round': 3, 'ticket_id': 161, 'owner': 'acct_11'}",mock
0x3d32efa4da767904dc9e1eb6c5ab337df91a85b2001508ffcf746bda3535f719,93000,1,UpdatePublished,"{'model_id': 'model_mnist_784_noniid', 'round': 3, 'ticket_id': 161, 'cid': 'sha256:0af7cf1e830dda96977bae0baee4a1cdbd4a4e7d5cab569041fd9c819814dbc0'}",mock
0xe3d62a1562ee9911355d740627e71b5b1237b695692247042d098777f7dae2d0,86000,1,TicketReserved,"{'model_id': 'model_mnist_784_noniid', 'round': 3, 'ticket_id': 162, 'owner': 'acct_12'}",mock
0x63462902ff57e7d5584a57c6d42ae7900a57002476ad85988172676e7e3af1af,93000,1,UpdatePublished,"{'model_id': 'model_mnist_784_noniid', 'round': 3, 'ticket_id': 162, 'cid': 'sha256:5c8506be14ad3b5fe46b4c43003ac0998d164e2da22c821fca8d6458db784e95'}",mock
0x133dab58f31be98f6564a56bd641a1f65de7934d721f1af3d17a1b645a1aff1c,86000,1,TicketReserved,"{'model_id': 'model_mnist_784_noniid', 'round': 3, 'ticket_id': 163, 'owner': 'acct_13'}",mock
0x799bd3cb176acca28972b88bda6f56d931f1f88749c5660e538279092f4d1454,93000,1,UpdatePublished,"{'model_id': 'model_mnist_784_noniid', 'round': 3, 'ticket_id': 163, 'cid': 'sha256:6505069d9e9705dabc899dadbcb090f4e80ea3193c837bf6ca9625853dc29902'}",mock
0xfdfa12cd78af86a5fea4d9f16c67fa09c3e923db2e62e58fe55c151237defd5b,86000,1,TicketReserved,"{'model_id': 'model_mnist_784_noniid', 'round': 3, 'ticket_id': 164, 'owner': 'acct_14'}",mock
0x747226cc9d484436cb9c4c5da5d54dc951f20fd7fb1ab7c42813dc0253ce1168,93000,1,UpdatePublished,"{'model_id': 'model_mnist_784_noniid', 'round': 3, 'ticket_id': 164, 'cid': 'sha256:284da6d957de8670ec2aa2fdb6cb36be7fdd5dacca2ab5642e891dcc170b9728'}",mock
0x57f0e54fa226c9845e9e64b3acc2c3273e5a9249ba82da12c8315903fbbb17b9,86000,1,TicketReserved,"{'model_id': 'model_mnist_784_noniid', 'round': 3, 'ticket_id': 165, 'owner': 'acct_15'}",mock
0x0488803bb5a2fee1332cdcf213aed1d43c524f7b26bba489d3f591c3c2780858,93000,1,UpdatePublished,"{'model_id': 'model_mnist_784_noniid', 'round': 3, 'ticket_id': 165, 'cid': 'sha256:227789dbdeeb2dabac8af0fd950a83a4eb30aaac76b6fb4557f0efdac094d548'}",mock
0x459d038fb79591daa04f4c2f3cff211fa9ad8a917797980da9a696882de8eb29,86000,1,TicketReserved,"{'model_id': 'model_mnist_784_noniid', 'round': 3, 'ticket_id': 166, 'owner': 'acct_16'}",mock
0x7588a44dcd82e07fb4cbf1c48254425956284d8c1ea698b6043358773257c0b5,93000,1,UpdatePublished,"{'model_id': 'model_mnist_784_noniid', 'round': 3, 'ticket_id': 166, 'cid': 'sha256:5007c9545961cd5a3afb903d77b1483fc49c0aacdec2d45ee0abd7fcb5924ea2'}",mock
0xc11a0a29cbdfb71986d1f08fb8b49669ac82496ec12e94a96e600f3692935aeb,86000,1,TicketReserved,"{'model_id': 'model_mnist_784_noniid', 'round': 3, 'ticket_id': 167, 'owner': 'acct_17'}",mock
0xea4c170264fdd580808affa705cffd26e20d04e77e305162205c54d55f7e6139,93000,1,UpdatePublished,"{'model_id': 'model_mnist_784_noniid', 'round': 3, 'ticket_id': 167, 'cid': 'sha256:ee83587af3c1aaa13ea2da819dd36ea25c98a1dfb1758373894207c1c6ba431d'}",mock
0x64e9c447e25a1fb8b5641e4c1224266aa4c83931c3b56d347eee7d883bcc4187,86000,1,TicketReserved,"{'model_id': 'model_mnist_784_noniid', 'round': 3, 'ticket_id': 168, 'owner': 'acct_18'}",mock
0x1147473c67d9c3e837a82b91525881e5bb4878f3fddf246a9589f99d5a8f2795,93000,1,UpdatePublished,"{'model_id': 'model_mnist_784_noniid', 'round': 3, 'ticket_id': 168, 'cid': 'sha256:62178e36ddb1f766d0129da71da0cad23920894a7e6d2c6dfaae1b163488d7ca'}",mock
0x4c0d330aed59dbe7822db53e277bd760ca3145f668189b720d747af1658638b7,86000,1,TicketReserved,"{'model_id': 'model_mnist_784_noniid', 'round': 3, 'ticket_id': 169, 'owner': 'acct_19'}",mock
0xe581044b3b13c71f4927bf5e1874c572243935f4b14f6dcda7f54fce0ea8765a,93000,1,UpdatePublished,"{'model_id': 'model_mnist_784_noniid', 'round': 3, 'ticket_id': 169, 'cid': 'sha256:cf5b2c411e3074ca0f997f6f796784fa546eabeda5340a4aa99ef3b9133a2a0c'}",mock
0xa4641af0eb499537b68d9959fb39cc037ed75d3f59eee77bc14595f0394dd1ef,86000,1,TicketReserved,"{'model_id': 'model_mnist_784_noniid', 'round': 3, 'ticket_id': 170, 'owner': 'acct_20'}",mock
0xde59a985d911e7a431f5fe055752d33ee722c66478e7552ccb3553fe5decfd57,93000,1,UpdatePublished,"{'model_id': 'model_mnist_784_noniid', 'round': 3, 'ticket_id': 170, 'cid': 'sha256:92a29ee1b34464995ed81f242ee764e9faf1107dc5367faed618f77cd944be85'}",mock
0x8e72b1bf59095909aa90c263e92a9a2462e486c7a6fa492d1ff32353d59f4220,86000,1,TicketReserved,"{'model_id': 'model_mnist_784_noniid', 'round': 3, 'ticket_id': 171, 'owner': 'acct_21'}",mock
0x2781904b292fccd0f5f7347338f013326f58496855fc9843d3d4ff9d2f943437,93000,1,UpdatePublished,"{'model_id': 'model_mnist_784_noniid', 'round': 3, 'ticket_id': 171, 'cid': 'sha256:e9244da29ba35f301dfc245e3154dee8d744f4d9436f11e3a25c6c6a885cf5b8'}",mock
0x82dad3300c25e2a4647306c622a882ac19dda975a11c68ced86e36d99e079f1b,86000,1,TicketReserved,"{'model_id': 'model_mnist_784_noniid', 'round': 3, 'ticket_id': 172, 'owner': 'acct_22'}",mock
0xf1a8773bf49855a62f0b70d55fedcf7b07d90646e8df63269abb538588523252,93000,1,UpdatePublished,"{'model_id': 'model_mnist_784_noniid', 'round': 3, 'ticket_id': 172, 'cid': 'sha256:8cb006103210abbf7cfa0826acf1f659e8c42e290f1f803d4f52894aed8a33ec'}",mock
0xdda08fd5a10d83d4b4408feced117ea4b5965f31f9275414229bd3d42d00e2e9,86000,1,TicketReserved,"{'model_id': 'model_mnist_784_noniid', 'round': 3, 'ticket_id': 173, 'owner': 'acct_23'}",mock
0x902fbd9d892b6b2f3190a235c667b8359f1fd4df8dd8d9afc6c15e76dace75fd,93000,1,UpdatePublished,"{'model_id': 'model_mnist_784_noniid', 'round': 3, 'ticket_id': 173, 'cid': 'sha256:5651120d03773a228fbadd8c6dbdbeda635fc5d696d007dbb418a2c580b8b7e0'}",mock
0x1b05ab46969cf1327ed868ea608fd7284df6f4a60666ab9dc81e4f38b95a922a,86000,1,TicketReserved,"{'model_id': 'model_mnist_784_noniid', 'round': 3, 'ticket_id': 174, 'owner': 'acct_24'}",mock
0xc9fe9995e7b7903f5a88e2deeb8d6b40e22c7d2a6798ae167d28a6607065f1a6,93000,1,UpdatePublished,"{'model_id': 'model_mnist_784_noniid', 'round': 3, 'ticket_id': 174, 'cid': 'sha256:424d9046a5e045b8969381b9ac9c90c691fae923687f90072a69d354045b9ba5'}",mock
0xf30d79f55750171330ab57aebbaa3f115efdac98eb5586c038950085bb8fd526,86000,1,TicketReserved,"{'model_id': 'model_mnist_784_noniid', 'round': 3, 'ticket_id': 175, 'owner': 'acct_25'}",mock
0x8e96c87477e9caa7b8a68d726b2034ef30152057dbc2497f13c960b426c7a9e2,93000,1,UpdatePublished,"{'model_id': 'model_mnist_784_noniid', 'round': 3, 'ticket_id': 175, 'cid': 'sha256:7823b2c60c10b54417a86f04db0c1deb7f171ba30df60eb6c5bb10cb2be35e22'}",mock
0xd6015f549a294fe9fa75ccd52e015d425c3710a726b8c57cc1f54b147d544895,86000,1,TicketReserved,"{'model_id': 'model_mnist_784_noniid', 'round': 3, 'ticket_id': 176, 'owner': 'acct_26'}",mock
0x170557371db820e97d6306f04c28642358d7801879eb935138085704f589c906,93000,1,UpdatePublished,"{'model_id': 'model_mnist_784_noniid', 'round': 3, 'ticket_id': 176, 'cid': 'sha256:cf5dc049de93f098c9b193913ba9e57e13f76bf58a88e25c9b5a470de781aa52'}",mock
0x317fc14d470c1e590ce1d4861f684f7c66298c390a511131c6898fcb3125ac5e,86000,1,TicketReserved,"{'model_id': 'model_mnist_784_noniid', 'round': 3, 'ticket_id': 177, 'owner': 'acct_27'}",mock
0xb12c67a588b13e4d0c918f90fc4dc18ab3967b3bb6ac034d52fdf82e29c692f0,93000,1,UpdatePublished,"{'model_id': 'model_mnist_784_noniid', 'round': 3, 'ticket_id': 177, 'cid': 'sha256:9bcd412d7c3c875ea029788481ea9e8a0b7e2493e96511c3d55609badeadd2bc'}",mock
0x5e2238582a5ac96c6b37bb9418e4485e017a74d0ee2a72d70c5acf0d262c891c,86000,1,TicketReserved,"{'model_id': 'model_mnist_784_noniid', 'round': 3, 'ticket_id': 178, 'owner': 'acct_28'}",mock
0xf754982e678a84d71dba42384f464b203a50f85f9ee2fa85d088521933152ca7,93000,1,UpdatePublished,"{'model_id': 'model_mnist_784_noniid', 'round': 3, 'ticket_id': 178, 'cid': 'sha256:6e04fa520a56ed2b2a24d3f21b6f356220a8cb1d8cd695927202212130110a61'}",mock
0x7493559b46303576c1b538d406ccb2c9871ca8df4c24a577df84646c03910cd2,86000,1,TicketReserved,"{'model_id': 'model_mnist_784_noniid', 'round': 3, 'ticket_id': 179, 'owner': 'acct_29'}",mock
0xf142401f61864543ed69a817c881f5c2bdc0d16c92d37dd3bb16d0b1fd897caf,93000,1,UpdatePublished,"{'model_id': 'model_mnist_784_noniid', 'round': 3, 'ticket_id': 179, 'cid': 'sha256:26eeb525f39c8ca8a3fd337c8245106e8525db6b3a3610662fa860d027ede9dd'}",mock
0xe345751f0ccbfd007a8d8930bb1322f2f82e91d2eae9f1f6512904e3b4da942b,86000,1,TicketReserved,"{'model_id': 'model_mnist_784_noniid', 'round': 3, 'ticket_id': 180, 'owner': 'acct_30'}",mock
0x5fb796f6b53a2f08132b7cad73e67728664ba404cf51f7969220d060bf455d98,93000,1,UpdatePublished,"{'model_id': 'model_mnist_784_noniid', 'round': 3, 'ticket_id': 180, 'cid': 'sha256:6d19a0c43245345f452873ede4c042305dc89074f3955d765141b89ade70967b'}",mock
0x631324d290efadd8f54917c8b8397317c918741ee8a494e9a49190d8fc356fe2,86000,1,TicketReserved,"{'model_id': 'model_mnist_784_noniid', 'round': 3, 'ticket_id': 181, 'owner': 'acct_31'}",mock
0x04efbc38d084e989fe99a9887ccc793e56d288924a77c78d7edba0e61d95ace0,93000,1,UpdatePublished,"{'model_id': 'model_mnist_784_noniid', 'round': 3, 'ticket_id': 181, 'cid': 'sha256:49a45eb30522fdc9bd62391dec856e5e6bf63197d02f6b010ebd5cb1d80981ee'}",mock
0xcb6ecdb32d59304669d7f9c88d774295f2e17a1bc1a2003787be81cff7f2987b,86000,1,TicketReserved,"{'model_id': 'model_mnist_784_noniid', 'round': 3, 'ticket_id': 182, 'owner': 'acct_32'}",mock
0xcb8b5ad178d849ed31abfba0412a5cd938555f4a6fc3b616ccf21164c9ba648e,93000,1,UpdatePublished,"{'model_id': 'model_mnist_784_noniid', 'round': 3, 'ticket_id': 182, 'cid': 'sha256:430492e50130f67ca6d15a57556bf8e0d97d1feed234db7a3e11ca5597f19f7f'}",mock
0xa30f50444ac1919cc33c566b0521ba3bd414bf958c99b1e7b41411c52108293b,86000,1,TicketReserved,"{'model_id': 'model_mnist_784_noniid', 'round': 3, 'ticket_id': 183, 'owner': 'acct_33'}",mock
0x7f00600bb014632d4fe93feb1e1c0c073a8af7cb6291f660f93e64b5fd0aa4a3,93000,1,UpdatePublished,"{'model_id': 'model_mnist_784_noniid', 'round': 3, 'ticket_id': 183, 'cid': 'sha256:98e4ebfe326ad17784a0bfbf27dac65acb3ddac8fdca7ac854d092397133cd2d'}",mock
0xf20a704c3cbec275d127a517cc3788bdb3861483fde849b2c88b7f52ee8b2c66,86000,1,TicketReserved,"{'model_id': 'model_mnist_784_noniid', 'round': 3, 'ticket_id': 184, 'owner': 'acct_34'}",mock
0xc5387711a6c32284bac3b58cc68ec6be368a0f47c662f7ebdf5d06232b1f1996,93000,1,UpdatePublished,"{'model_id': 'model_mnist_784_noniid', 'round': 3, 'ticket_id': 184, 'cid': 'sha256:ef755a9ebea3573cba04783458e15043ba5ead6d9a053e117965feac75a13420'}",mock
0x909a2cfbd7fd1bcc4c0ac46a082f8ac4fd2318c86b1e70f2ceb53166026e4577,86000,1,TicketReserved,"{'model_id': 'model_mnist_784_noniid', 'round': 3, 'ticket_id': 185, 'owner': 'acct_35'}",mock
0x94b523adc04affd8f3df24514c9b967b75a6c6c3ab3166cb9e53eff19271d01a,93000,1,UpdatePublished,"{'model_id': 'model_mnist_784_noniid', 'round': 3, 'ticket_id': 185, 'cid': 'sha256:1982d0bfa8dd2c03e23b02e6f3394013d2ed7bcf1bbb5fdc7926c38bfa511f3b'}",mock
0xb413be74b130138dbe7bb62139dc6e6968a276394a5723ab04d2a2dad9c18192,86000,1,TicketReserved,"{'model_id': 'model_mnist_784_noniid', 'round': 3, 'ticket_id': 186, 'owner': 'acct_36'}",mock
0xe604e966dc398ddd37c47ec31d587af589d86f451c882b017625e5ebe584071b,93000,1,UpdatePublished,"{'model_id': 'model_mnist_784_noniid', 'round': 3, 'ticket_id': 186, 'cid': 'sha256:05f7abde6b02f684c342fa44b5140bfbb445ba2780d398a508a1a9852ef0d889'}",mock
0x62e4a65a9434f9ef21de49da31b89da1504d9f3d17cf657b91e3eeb68fcaad2c,86000,1,TicketReserved,"{'model_id': 'model_mnist_784_noniid', 'round': 3, 'ticket_id': 187, 'owner': 'acct_37'}",mock
0x1e75ee68a72f62c673e51d6f7ab7bd0ef3baf4ad1c73edf865d22db5f315ecb6,93000,1,UpdatePublished,"{'model_id': 'model_mnist_784_noniid', 'round': 3, 'ticket_id': 187, 'cid': 'sha256:362bcbf3e5dfd437fb10499030c21cc407cc18b1f235014688559053af185531'}",mock
0x714c0622544943d75e7e1efdacd7628a90757406d62d64c3537ae668610e2862,86000,1,TicketReserved,"{'model_id': 'model_mnist_784_noniid', 'round': 3, 'ticket_id': 188, 'owner': 'acct_38'}",mock
0x86802a032f3a9cdecdf478746adb46a4783a2a8c7ab1750b3bf705f3dd4f9206,93000,1,UpdatePublished,"{'model_id': 'model_mnist_784_noniid', 'round': 3, 'ticket_id': 188, 'cid': 'sha256:18c321d8c0c463ba2e455e5e81da6fc46cbcfd24666fc01b1d9e3436f7b99248'}",mock
0xeae6d84b2f94e8c6800e545a5719ba7076d6353710cefe7d7bf86971e7dde098,86000,1,TicketReserved,"{'model_id': 'model_mnist_784_noniid', 'round': 3, 'ticket_id': 189, 'owner': 'acct_39'}",mock
0xfa84adb26361ba6aed63a00e54750cfa48d2990987cec7858aab04c8e4f164eb,93000,1,UpdatePublished,"{'model_id': 'model_mnist_784_noniid', 'round': 3, 'ticket_id': 189, 'cid': 'sha256:ea4bbae7c811fb09e640ce127db2fdc3290a4a9a2a379cfcc0e2d2889dec7145'}",mock
0xc827d90812800a3502638cd721c77252e9e3695133322fa191397ae11b8fca95,86000,1,TicketReserved,"{'model_id': 'model_mnist_784_noniid', 'round': 3, 'ticket_id': 190, 'owner': 'acct_40'}",mock
0x87aa3831739ac94b97319937e1273a71e78f0b64b64c939c15189b0bea804faf,93000,1,UpdatePublished,"{'model_id': 'model_mnist_784_noniid', 'round': 3, 'ticket_id': 190, 'cid': 'sha256:9bda233ca7b331c9163359646c9d85d95f653dd9f2f1065092e6e6bd6ef57b38'}",mock
0x2db8228e0fae17471e669a9745a16b1a13b0441ebedce7022591c1f9af8b7bba,86000,1,TicketReserved,"{'model_id': 'model_mnist_784_noniid', 'round': 3, 'ticket_id': 191, 'owner': 'acct_41'}",mock
0xa4156c261669a0ab0eb43b1c16c7e61abf7cbbb287bf64c1a6cd6efa8e24cb00,93000,1,UpdatePublished,"{'model_id': 'model_mnist_784_noniid', 'round': 3, 'ticket_id': 191, 'cid': 'sha256:4de165acc39ea16bb726a9a9fc5d5accfc73f0fcbc047bd8169c945c1c5c554b'}",mock
0x75acdc1c6ac29be7ff671383439c47f486e213518dfad4a30804938e04a991f6,86000,1,TicketReserved,"{'model_id': 'model_mnist_784_noniid', 'round': 3, 'ticket_id': 192, 'owner': 'acct_42'}",mock
0xf19483d31cb481490f84d00690fbe27d82f410b81d4210b48028c33867272fae,93000,1,UpdatePublished,"{'model_id': 'model_mnist_784_noniid', 'round': 3, 'ticket_id': 192, 'cid': 'sha256:80feeae74b8f2d4689ab55fff441451538762eab5aff0bdc18481c236f81a492'}",mock
0x585cea3d9f3f4d95bee80bc54073f2eff6234526db46d87abe9ad86be1912388,86000,1,TicketReserved,"{'model_id': 'model_mnist_784_noniid', 'round': 3, 'ticket_id': 193, 'owner': 'acct_43'}",mock
0x724496b9461dc778f212ed7bf0e689beffbb1f1ab6ac903e8e6b76c12ae5245a,93000,1,UpdatePublished,"{'model_id': 'model_mnist_784_noniid', 'round': 3, 'ticket_id': 193, 'cid': 'sha256:dbd49f42ec0f4c15bce672ed35e86283e94e0ef793610c81fc3648392fecc21f'}",mock
0xd93b092cca04e537a2f78018d793260f5e4597c598e3af81a7b66aa8bf4b00d5,86000,1,TicketReserved,"{'model_id': 'model_mnist_784_noniid', 'round': 3, 'ticket_id': 194, 'owner': 'acct_44'}",mock
0x4b39fbed9b515aad1c83094169f236d8a1f2e6efa05b8ab26eb454dff90d7866,93000,1,UpdatePublished,"{'model_id': 'model_mnist_784_noniid', 'round': 3, 'ticket_id': 194, 'cid': 'sha256:cd778e663e3db7cf3e26b17d582150878453b2a2879e6e2e3149532b0baeed01'}",mock
0x2d317067ef5a0e2eab557a197b082f99bd4b1e3b911968bf33606db8386ecf5c,86000,1,TicketReserved,"{'model_id': 'model_mnist_784_noniid', 'round': 3, 'ticket_id': 195, 'owner': 'acct_45'}",mock
0x1daf67b4fbe6c7e9dac4c6dc277a6b9e8a99897485061fe5775e2678f1753b84,93000,1,UpdatePublished,"{'model_id': 'model_mnist_784_noniid', 'round': 3, 'ticket_id': 195, 'cid': 'sha256:79de7eebc16ec4c569870ee83127295303ffc6b86fccc7cdfc301ef58ea78855'}",mock
0xd2ebbad8d1fb57a865ede35cd813c08b142160bb32d72328fde49987722262c5,86000,1,TicketReserved,"{'model_id': 'model_mnist_784_noniid', 'round': 3, 'ticket_id': 196, 'owner': 'acct_46'}",mock
0xa8789e8c216c89bf95cd43abbedda35c44e133d7b803d8ad083f98a1259aab7c,93000,1,UpdatePublished,"{'model_id': 'model_mnist_784_noniid', 'round': 3, 'ticket_id': 196, 'cid': 'sha256:cb0464bbbf5889b49b1b2777ddc579a4365404418d55943ba8b15ab90fc82e5d'}",mock
0x1862e5c2f1629c783d033d414d8fa0cce5b43773439c832f5cccc41852b99eee,86000,1,TicketReserved,"{'model_id': 'model_mnist_784_noniid', 'round': 3, 'ticket_id': 197, 'owner': 'acct_47'}",mock
0x77d3cce5923c75c4e16ba77a702cc88711675aa07ec969e802c8eb3c58935579,93000,1,UpdatePublished,"{'model_id': 'model_mnist_784_noniid', 'round': 3, 'ticket_id': 197, 'cid': 'sha256:e71002d5cb16198724ff17838da99296841f0395b4f2c1aa8b416c34465a458c'}",mock
0x0dc95b03421d82e1c1e9df69cf85db5e41d351ac62354e1f6213173a3f1bafac,86000,1,TicketReserved,"{'model_id': 'model_mnist_784_noniid', 'round': 3, 'ticket_id': 198, 'owner': 'acct_48'}",mock
0x216e6afc0406def41f90b4c780080bd9d916f325dbd78d485933b50556077a47,93000,1,UpdatePublished,"{'model_id': 'model_mnist_784_noniid', 'round': 3, 'ticket_id': 198, 'cid': 'sha256:c6016aca14509473709f7917b9ed0fcc338d3b266dbbdb0548849ebd9d6a9854'}",mock
0x710304e9d02e2469db53eab5bb51c9ebf8f70f1f7799dd56f72f9fbe3cbfc428,86000,1,TicketReserved,"{'model_id': 'model_mnist_784_noniid', 'round': 3, 'ticket_id': 199, 'owner': 'acct_49'}",mock
0xbece35026247a82b1a23686c5507854aaf2d183d1503bfbb868a9226cbb312ba,93000,1,UpdatePublished,"{'model_id': 'model_mnist_784_noniid', 'round': 3, 'ticket_id': 199, 'cid': 'sha256:ca53e8364cc0cd5d76033fdfca2091dab5c64f19c67a02f43518d5b302a27be7'}",mock
0x8e2436e3cd87e82dffb733667bc674cdcb46f93cc65bad61efd2084955d18ba6,86000,1,TicketReserved,"{'model_id': 'model_mnist_784_noniid', 'round': 3, 'ticket_id': 200, 'owner': 'acct_50'}",mock
0x3533953f826a2164db0dc40e5098b7fb866f074906a5729b673dfb281d610338,93000,1,UpdatePublished,"{'model_id': 'model_mnist_784_noniid', 'round': 3, 'ticket_id': 200, 'cid': 'sha256:bbbfe33f537c04f4011be9d9cb99285bb2ddb6b085045ed4afb46da99e2688e1'}",mock
0x1ee794ff66ba022ea5ac3b681b32b5d52dfbff7a8452ed38ab18baed2ba193c0,1065000,1,RoundFinalized,"{'model_id': 'model_mnist_784_noniid', 'round': 3, 'included': 44, 'refunds': 50}",mock
0x534fa8afa5610ab4146e67acfb1da1e87951a5d567dd1aea2dc5dad7263666b3,52000,1,RoundFunded,"{'model_id': 'model_mnist_784_noniid', 'amount_wei': 10000000000000000}",mock
0x129e522a3bc5a641d8ff747fc88d0ee6f7cab7a5f06384074d420ff18d82da9a,86000,1,TicketReserved,"{'model_id': 'model_mnist_784_noniid', 'round': 4, 'ticket_id': 201, 'owner': 'acct_1'}",mock
0x9130a2bcd530961ecbf3f6302a44f3b1f1d83650910291f785c6e6cc740b603e,93000,1,UpdatePublished,"{'model_id': 'model_mnist_784_noniid', 'round': 4, 'ticket_id': 201, 'cid': 'sha256:4662c64d57d8e67cb4f77d9fe8b5f16b2dee4306872bd020ea5b2dfe12978bc5'}",mock
0xfd3335aa32440ead23d4e90fbb26efcb6dc1362a564cf3821548f00033bb7933,86000,1,TicketReserved,"{'model_id': 'model_mnist_784_noniid', 'round': 4, 'ticket_id': 202, 'owner': 'acct_2'}",mock
0xe99ffdedb41a11fc44dc0c549a1c6090f03ace12b2e39f85a78b8454e4681711,93000,1,UpdatePublished,"{'model_id': 'model_mnist_784_noniid', 'round': 4, 'ticket_id': 202, 'cid': 'sha256:ddd6f4cbd98865105b0b6c9ad30436d61fd33b97e7c8e96796270d98382b851f'}",mock
0xc20481b39c88fa992dd9e524becd155809074005173469964526360372fd6534,86000,1,TicketReserved,"{'model_id': 'model_mnist_784_noniid', 'round': 4, 'ticket_id': 203, 'owner': 'acct_3'}",mock
0x846707b87eeebd5ffabd63747dee538dba0212b719ed8ccd9688252c881602a2,93000,1,UpdatePublished,"{'model_id': 'model_mnist_784_noniid', 'round': 4, 'ticket_id': 203, 'cid': 'sha256:418485f94440f19e0ee32233f18a789efe8bf3770eb3c5663fc0469c8e67f599'}",mock
0x4ab6c29be301e6da75c201fb6beb595c1507867aeb0cb05499f18e9b506db01e,86000,1,TicketReserved,"{'model_id': 'model_mnist_784_noniid', 'round': 4, 'ticket_id': 204, 'owner': 'acct_4'}",mock
0xee87108bea8b791be15f29a885f8657fee960c8067abedd4c4252eba1395129a,93000,1,UpdatePublished,"{'model_id': 'model_mnist_784_noniid', 'round': 4, 'ticket_id': 204, 'cid': 'sha256:4465ec167b1261b182fc64ff376d61877d3502a6ded93d9cd6a37b18ad67ed57'}",mock
0xa2ebce57949f252faf419381b76f03e04873b659debb1a7a61d9e27466c19d49,86000,1,TicketReserved,"{'model_id': 'model_mnist_784_noniid', 'round': 4, 'ticket_id': 205, 'owner': 'acct_5'}",mock
0x9d2518fadc8927eb883eaf6e4f4aeb1c299438e166eda6d5f0256454beea11e8,93000,1,UpdatePublished,"{'model_id': 'model_mnist_784_noniid', 'round': 4, 'ticket_id': 205, 'cid': 'sha256:327a4c393058dab7ee6443a2ec2bcca04b215b68cd2571d7524448da6e8bfebc'}",mock
0x62132be0f0ba7da9341fc5f4ebf96fde58cb24bf6442bd8f58e32c62917a130c,86000,1,TicketReserved,"{'model_id': 'model_mnist_784_noniid', 'round': 4, 'ticket_id': 206, 'owner': 'acct_6'}",mock
0xdacc76dff7ae3275dc8460044f15827d26f1b6cdce7219be3593b532af99f90a,93000,1,UpdatePublished,"{'model_id': 'model_mnist_784_noniid', 'round': 4, 'ticket_id': 206, 'cid': 'sha256:e0a91776ddcb2a8924fc9e6ea8d0920e057be22d6b32e27bf58e34476253c811'}",mock
0xe7868ee2efb2e5b9bc0c27a1ae3c4973e47161afb0a114c3a07a681ab5e7deca,86000,1,TicketReserved,"{'model_id': 'model_mnist_784_noniid', 'round': 4, 'ticket_id': 207, 'owner': 'acct_7'}",mock
0xf158e8db81ff0f1a4b439f259aa83a07861f8676a288c048ebd649809d3963b9,93000,1,UpdatePublished,"{'model_id': 'model_mnist_784_noniid', 'round': 4, 'ticket_id': 207, 'cid': 'sha256:b3571cc3f949911676796ca6c6156f681645e9e821e86ae7f1b911dae4b24354'}",mock
0x941e7c0baff99ceab30c2c6e07be286de9641544914218dce1847a298449bfd9,86000,1,TicketReserved,"{'model_id': 'model_mnist_784_noniid', 'round': 4, 'ticket_id': 208, 'owner': 'acct_8'}",mock
0x92e7c15b7e2ffe828aeb9b859b0a6dbf88cd80601e44b0428c4859c934af7e34,93000,1,UpdatePublished,"{'model_id': 'model_mnist_784_noniid', 'round': 4, 'ticket_id': 208, 'cid': 'sha256:169382e9c9e867d4a75ad983b2a72938eab275bb4da7bcae94845fb9ce89d473'}",mock
0x0494654cd44a6d19f49be014512bf2b64ae9719557a776a665ebe26e09014ec0,86000,1,TicketReserved,"{'model_id': 'model_mnist_784_noniid', 'round': 4, 'ticket_id': 209, 'owner': 'acct_9'}",mock
0xae81c20782f1da8b2920f27e8633b0e0dbe8f8e5d6aee4c5bfbd69394b63a2ff,93000,1,UpdatePublished,"{'model_id': 'model_mnist_784_noniid', 'round': 4, 'ticket_id': 209, 'cid': 'sha256:96c6cea22d2c0015969f6db912933e7feac5c7011985daeb22ceaa6f1123d825'}",mock
0x5ae16a2cf182c5f276ef2e6748c5a84fd93f8195cb021e932aca5c36c3c6dd6f,86000,1,TicketReserved,"{'model_id': 'model_mnist_784_noniid', 'round': 4, 'ticket_id': 210, 'owner': 'acct_10'}",mock
0xf7e82446f407819052f89adc23d3cbabbdb23218e8a3ae18b290a5e5f1f6e279,93000,1,UpdatePublished,"{'model_id': 'model_mnist_784_noniid', 'round': 4, 'ticket_id': 210, 'cid': 'sha256:4fed534c299ddc940e2079501390019ac0fce3ee44af5e09e4ca0d852905bc9c'}",mock
0xa794b573c8dcc9fc01a00e33e73bd0c3d8be0443ea291d71e651d85afc6a2e9a,86000,1,TicketReserved,"{'model_id': 'model_mnist_784_noniid', 'round': 4, 'ticket_id': 211, 'owner': 'acct_11'}",mock
0x62dcb1b35c01899249de4e73825d2e9cbf3e8910d698f40f1add252bf09d0d3f,93000,1,UpdatePublished,"{'model_id': 'model_mnist_784_noniid', 'round': 4, 'ticket_id': 211, 'cid': 'sha256:6e8f7e29eadff7f8ce6ec203e7cdb284dacb937cebe32d8a2f60df0ce19c4a11'}",mock
0x82e932da8f15acedad70adca9b8429798f2772a7a5571230469ae44b8a8097d9,86000,1,TicketReserved,"{'model_id': 'model_mnist_784_noniid', 'round': 4, 'ticket_id': 212, 'owner': 'acct_12'}",mock
0x94204723a888e38059344743230dfce1165beacc5fc05390c1f102280f7ca43a,93000,1,UpdatePublished,"{'model_id': 'model_mnist_784_noniid', 'round': 4, 'ticket_id': 212, 'cid': 'sha256:87a8b749ff921687bedc4a020fcce1d192ce1695a8c768161a6b3d0ab3251ae2'}",mock
0x3bfacbeb7e2ced671bcc8c88815613bf77c66239cd3f484f3dbcb5eb36ade8c5,86000,1,TicketReserved,"{'model_id': 'model_mnist_784_noniid', 'round': 4, 'ticket_id': 213, 'owner': 'acct_13'}",mock
0x3dd21185ae09af90a78f367cb2cdeaa958d105f83fcf20a1c4d086c25d624497,93000,1,UpdatePublished,"{'model_id': 'model_mnist_784_noniid', 'round': 4, 'ticket_id': 213, 'cid': 'sha256:c68534c92ccb794a6c753736866dd7bf737d9ae7df2e0f95776104072e899810'}",mock
0x31cf59ed42d90e16c771c8200f4cdd727c0bb4f56aeaeb769e82504a3cfc1483,86000,1,TicketReserved,"{'model_id': 'model_mnist_784_noniid', 'round': 4, 'ticket_id': 214, 'owner': 'acct_14'}",mock
0xbaa20c577179a2fc7590de4fcd5d073ced9a72f69218b21d462fc28665c21d32,93000,1,UpdatePublished,"{'model_id': 'model_mnist_784_noniid', 'round': 4, 'ticket_id': 214, 'cid': 'sha256:2d3446919b6dbe4ed979bc7c0ebe8f19bc046b84a2591fceb34da432fb921804'}",mock
0x61f1d2ae324d5fd0a6463760ade21e8c55113753ed08fccfe5bab91c97ac3f91,86000,1,TicketReserved,"{'model_id': 'model_mnist_784_noniid', 'round': 4, 'ticket_id': 215, 'owner': 'acct_15'}",mock
0x469a8fa02fbbb55ffb81ef89121287410901e9afc2465f13355a4621017040e5,93000,1,UpdatePublished,"{'model_id': 'model_mnist_784_noniid', 'round': 4, 'ticket_id': 215, 'cid': 'sha256:061bd8ef443891a35761972370a3687e1712e4b82a93ea3de22a7d0c54de94a6'}",mock
0xaf8bc5341fdea00d9e3dcc125436dca4d6f5277152c98e6135d01e0a71e2e356,86000,1,TicketReserved,"{'model_id': 'model_mnist_784_noniid', 'round': 4, 'ticket_id': 216, 'owner': 'acct_16'}",mock
0xd3bb88d4bb8efc274a4bc623843723cb31553f1608ead5361e2753af93b3ccee,93000,1,UpdatePublished,"{'model_id': 'model_mnist_784_noniid', 'round': 4, 'ticket_id': 216, 'cid': 'sha256:4e65bbbc7a6cdea318f6a97c7298cb0fab5736d3a6f4118cb2aed0e8642029c7'}",mock
0x7f703042f175b210369351084c0b7520468b1433b6240c8cad274ba6849e8330,86000,1,TicketReserved,"{'model_id': 'model_mnist_784_noniid', 'round': 4, 'ticket_id': 217, 'owner': 'acct_17'}",mock
0x6d1f6412413c63641c6e44d3c7de7f65036514798779cea99263a13445762936,93000,1,UpdatePublished,"{'model_id': 'model_mnist_784_noniid', 'round': 4, 'ticket_id': 217, 'cid': 'sha256:94aac3046dafab17a2ac9e5f277fb4ccc19b61c90b22c2fcee0e93a5316f1387'}",mock
0x07aece86cb4c70c147cc6754ed2f1b9348a90f2617760e71bf070d7e15aecef3,86000,1,TicketReserved,"{'model_id': 'model_mnist_784_noniid', 'round': 4, 'ticket_id': 218, 'owner': 'acct_18'}",mock
0x6d7a942cb11192baf07d99bbb652ecef14c2a1c2958aef0cb1797f379fc10128,93000,1,UpdatePublished,"{'model_id': 'model_mnist_784_noniid', 'round': 4, 'ticket_id': 218, 'cid': 'sha256:875d7afb41c7270d7b7894347d4a071c43214daf6f717c15c4dbf69f3c69922c'}",mock
0xb52bb6bb7183a626ac7969dfb8a8e4832819ab0e94b0057791826d7d64452c0b,86000,1,TicketReserved,"{'model_id': 'model_mnist_784_noniid', 'round': 4, 'ticket_id': 219, 'owner': 'acct_19'}",mock
0xd78bfc89f8e10c2dd015166d34b4465e143aa7933258191335f95cc4977f8129,93000,1,UpdatePublished,"{'model_id': 'model_mnist_784_noniid', 'round': 4, 'ticket_id': 219, 'cid': 'sha256:8fb9a7dafb966a3be90c6ad179051417cda690329c8373a65c74e7b4bdd65df0'}",mock
0x422058c5592b470fc0b4613a5798bbb0137495a5073a62ac9d2dc78377e5ee55,86000,1,TicketReserved,"{'model_id': 'model_mnist_784_noniid', 'round': 4, 'ticket_id': 220, 'owner': 'acct_20'}",mock
0x069b830e8e7c69c737cc62556552517fd604a9b039649b99dc9f66382f98993b,93000,1,UpdatePublished,"{'model_id': 'model_mnist_784_noniid', 'round': 4, 'ticket_id': 220, 'cid': 'sha256:752f631f210c52756797ecb11eac1a54706a30cb12e024fdc29af60c2e04af1b'}",mock
0x8336bc8b517a1f6acae0de0ebdea662c1f5ccacea176d2196b7355f2e69a72d2,86000,1,TicketReserved,"{'model_id': 'model_mnist_784_noniid', 'round': 4, 'ticket_id': 221, 'owner': 'acct_21'}",mock
0xf6e660e0ad35014e0a315791338c179c3e6ed673e53899f7bb2532f28f63470d,93000,1,UpdatePublished,"{'model_id': 'model_mnist_784_noniid', 'round': 4, 'ticket_id': 221, 'cid': 'sha256:c1ae3d570142f44b145a068726c7c5d396d4f8132348572de751c16da80705a2'}",mock
0xa1516702ea80fbf68a772f730f3e91d3e9fcd7b81116bc0b762a6441cc06bdb5,86000,1,TicketReserved,"{'model_id': 'model_mnist_784_noniid', 'round': 4, 'ticket_id': 222, 'owner': 'acct_22'}",mock
0x5708597afbaaf2b725941b096a6ca75f99638fa4b9b5002c7ed2afa90d88e080,93000,1,UpdatePublished,"{'model_id': 'model_mnist_784_noniid', 'round': 4, 'ticket_id': 222, 'cid': 'sha256:905a4420d54ee0413a8d57b5ab1c0e14c28402409a7e49ef96d88a04d5b4b221'}",mock
0x220464d5803f553741576f69b333b385325ff7ef71b5589f902ac2ea076779ad,86000,1,TicketReserved,"{'model_id': 'model_mnist_784_noniid', 'round': 4, 'ticket_id': 223, 'owner': 'acct_23'}",mock
0xc4c05628b8630fccdd694c9dd2de8f5bb0ed7fda899781c0ff88fb0d31873d94,93000,1,UpdatePublished,"{'model_id': 'model_mnist_784_noniid', 'round': 4, 'ticket_id': 223, 'cid': 'sha256:24e8f8e55d45415b191cdfc54e14086c2aab7dc2f706f6e50ef551aeb55c1c58'}",mock
0xcd994ec52ee2129e63276255dafacf2c2039fcd89a16f508e464fa672e30ecce,86000,1,TicketReserved,"{'model_id': 'model_mnist_784_noniid', 'round': 4, 'ticket_id': 224, 'owner': 'acct_24'}",mock
0x864e111678af5fb9d4354cbf595990089a2c779862afc8ffa537be9e57378293,93000,1,UpdatePublished,"{'model_id': 'model_mnist_784_noniid', 'round': 4, 'ticket_id': 224, 'cid': 'sha256:543cb737824af7760777dee301438dde79d6c596e4e59c082fbf77f8fa1530f3'}",mock
0xf4f5a813986c98a9c58975b47b6cf810d2d75fd2c747872edb2582aaf8568197,86000,1,TicketReserved,"{'model_id': 'model_mnist_784_noniid', 'round': 4, 'ticket_id': 225, 'owner': 'acct_25'}",mock
0xe50773a5def048e62ba688278856bc5bc3971735f72c5609ea7b4635a44ad717,93000,1,UpdatePublished,"{'model_id': 'model_mnist_784_noniid', 'round': 4, 'ticket_id': 225, 'cid': 'sha256:2b5b0138a3eb8ee60d653a7b9db297659bcfca575d804ef95db419343ae997fe'}",mock
0xebab9f8fc9a9b04f59f7722010ece1d90d0defb221904f2dccb7884ed9202fae,86000,1,TicketReserved,"{'model_id': 'model_mnist_784_noniid', 'round': 4, 'ticket_id': 226, 'owner': 'acct_26'}",mock
0x3debc275567f6995b164cd2d29d9f82854db75d09c6d1fc382f84dfda59ddb2a,93000,1,UpdatePublished,"{'model_id': 'model_mnist_784_noniid', 'round': 4, 'ticket_id': 226, 'cid': 'sha256:f4759f0e75e1d4c77400e47f95f9da070910468aa3694cdd84dce107568e2267'}",mock
0x1c78d2cc36cb79666b5d62ce4291bf638238df53435567f213f2621c96bf2910,86000,1,TicketReserved,"{'model_id': 'model_mnist_784_noniid', 'round': 4, 'ticket_id': 227, 'owner': 'acct_27'}",mock
0x55e6b85b46d69e9e0b64ed0eb03fbd7f77dc1c3e0b03a0ad3ff3195a272c68b4,93000,1,UpdatePublished,"{'model_id': 'model_mnist_784_noniid', 'round': 4, 'ticket_id': 227, 'cid': 'sha256:7d975debfe06392bfea1c325c8a0b4b3bed04af8cfc3ee806b525795f91adfb4'}",mock
0xcc37a9604e7edcf3a7ee81eebf47706dbd8a1ebfe05d18ce4a2e55d17177a389,86000,1,TicketReserved,"{'model_id': 'model_mnist_784_noniid', 'round': 4, 'ticket_id': 228, 'owner': 'acct_28'}",mock
0x1216f32131f9280295ded347004788702dcf85be818ad449fef8c7722b971ec4,93000,1,UpdatePublished,"{'model_id': 'model_mnist_784_noniid', 'round': 4, 'ticket_id': 228, 'cid': 'sha256:b919468ade8ae234b2abe80b31da56c90e22bcca9593ab66ea133d4a95135af6'}",mock
0xb2efaaac0dbd54f5b5ff19f44d78c858403f3f8e812f3fd398018ab7e58240e8,86000,1,TicketReserved,"{'model_id': 'model_mnist_784_noniid', 'round': 4, 'ticket_id': 229, 'owner': 'acct_29'}",mock
0x6e72d925f0175735dfce2204b386ab7505c2ca00adfb4e278b99076ed129e12e,93000,1,UpdatePublished,"{'model_id': 'model_mnist_784_noniid', 'round': 4, 'ticket_id': 229, 'cid': 'sha256:0786ade7926c8b4f09a57219a3d4975f74b40a40380ed852ae5dd16916dca69c'}",mock
0x344709ec6f4adefc77231fbdf10c8003dab76d77cdf1ed8f7b8e89dd518bfae6,86000,1,TicketReserved,"{'model_id': 'model_mnist_784_noniid', 'round': 4, 'ticket_id': 230, 'owner': 'acct_30'}",mock
0xeae584dc538f725ec9a5fa1c6cc927f4cbd6911af02c3889c35c6ef66e9348e7,93000,1,UpdatePublished,"{'model_id': 'model_mnist_784_noniid', 'round': 4, 'ticket_id': 230, 'cid': 'sha256:3e0365b07ee4f0cb597fc5e312dc83cff0ea4cec0bffd9998a1eac15dbcef612'}",mock
0x772a9504103a86477c35de45218d9f49b08e4ac735129d9284f68a43622bb12d,86000,1,TicketReserved,"{'model_id': 'model_mnist_784_noniid', 'round': 4, 'ticket_id': 231, 'owner': 'acct_31'}",mock
0xab9febd257497b964f053c4d318d415e91f91135d5c03093da7924c0c8160a62,93000,1,UpdatePublished,"{'model_id': 'model_mnist_784_noniid', 'round': 4, 'ticket_id': 231, 'cid': 'sha256:e98f30282822c27b0ce02dca8afbe17e137091a0ce5b148587d46335f015eef0'}",mock
0xd3e0b6383006e1d002be25413a0e92653b47df5ed68113599b96c1061eacc5b1,86000,1,TicketReserved,"{'model_id': 'model_mnist_784_noniid', 'round': 4, 'ticket_id': 232, 'owner': 'acct_32'}",mock
0xc7b0c2261b5308a218bcd27de80223c6a7941c4077e8c6ac3f2dcdb381d338f4,93000,1,UpdatePublished,"{'model_id': 'model_mnist_784_noniid', 'round': 4, 'ticket_id': 232, 'cid': 'sha256:67429b348c833e833bb00b99294679ec936d564b400c9f234d2b2615f51986e4'}",mock
0xfa3998bfec6d0492b5e1ad892b07935086bb41b1c56a8ec9fe362ba20d2d67c8,86000,1,TicketReserved,"{'model_id': 'model_mnist_784_noniid', 'round': 4, 'ticket_id': 233, 'owner': 'acct_33'}",mock
0xa7a6b23efb79e56250c329b07e0af69b64720ea4d539db612faae714229c1958,93000,1,UpdatePublished,"{'model_id': 'model_mnist_784_noniid', 'round': 4, 'ticket_id': 233, 'cid': 'sha256:b3902ac853cf0c0c192571f5be076b4c34028fb03108ac9bb6754788f53db0d9'}",mock
0x6f1c94d115b72c0c0ad2c8b9d1e5ec540d4a59d7a35b49635be0f26d2fd7668f,86000,1,TicketReserved,"{'model_id': 'model_mnist_784_noniid', 'round': 4, 'ticket_id': 234, 'owner': 'acct_34'}",mock
0xe24ddd1d96aa9d6e3efe10c2f016d0692db6be9aee22bb87290db3de6b58cde7,93000,1,UpdatePublished,"{'model_id': 'model_mnist_784_noniid', 'round': 4, 'ticket_id': 234, 'cid': 'sha256:51744f726bcfe56508c5cd51bbb25e4acd1e3f56fea82b9700898197fb4d101d'}",mock
0xd4e6151933fc75ebae9c0c189c6a37fd566179f92e24fd1466277bb31f2fd6e7,86000,1,TicketReserved,"{'model_id': 'model_mnist_784_noniid', 'round': 4, 'ticket_id': 235, 'owner': 'acct_35'}",mock
0x29533d42fcb66b1a00dfca5f029a1feba790e2b6b1d4938215463308c650b10b,93000,1,UpdatePublished,"{'model_id': 'model_mnist_784_noniid', 'round': 4, 'ticket_id': 235, 'cid': 'sha256:c72286343fab949033974da7d5d49ebcf31cd253e5800a3a53fa322a1d18cafc'}",mock
0xef01c63110e0c493c10ec9475e1c2aea92f7a2e34ec7e0db4e810698be25a29c,86000,1,TicketReserved,"{'model_id': 'model_mnist_784_noniid', 'round': 4, 'ticket_id': 236, 'owner': 'acct_36'}",mock
0x6d63b3edb9dbe1f62ef47185eae918647525e8cf6252e83d4cf974378c6969fc,93000,1,UpdatePublished,"{'model_id': 'model_mnist_784_noniid', 'round': 4, 'ticket_id': 236, 'cid': 'sha256:4a6acc8d08ddeb3a9b270e9a222a3b002fa5df36920e76f46f15ede92c8575c4'}",mock
0xe9f67c46ef6367fd825d79fb37616ff7755f8cf1a13dd1e487645cb899dc17cd,86000,1,TicketReserved,"{'model_id': 'model_mnist_784_noniid', 'round': 4, 'ticket_id': 237, 'owner': 'acct_37'}",mock
0x5fc44d5c4e89887793826c90bc7468ca8f3d3b8d312a3d49d4f5ed2d7373560d,93000,1,UpdatePublished,"{'model_id': 'model_mnist_784_noniid', 'round': 4, 'ticket_id': 237, 'cid': 'sha256:6a2e791d621ff3172b88294048baa41ab62c4eb7c38119342321e4a1bd4aadea'}",mock
0x139fea1579bb1a505012aab14412422e618ab551c2213773d1f78e895c13bcdf,86000,1,TicketReserved,"{'model_id': 'model_mnist_784_noniid', 'round': 4, 'ticket_id': 238, 'owner': 'acct_38'}",mock
0x7ab6a608f981536d660531764b7c5ed3be4d1e0fa3522b5f9f5313304f9ef8a2,93000,1,UpdatePublished,"{'model_id': 'model_mnist_784_noniid', 'round': 4, 'ticket_id': 238, 'cid': 'sha256:21479e65f95103cfeea94fef3b7ac7336778b85a573e1023f8d863733d95eaad'}",mock
0x10b2bc348e632e963e00cfb9955a740fbb5fe9aeac5ecdbbf5ede8e54142ed0e,86000,1,TicketReserved,"{'model_id': 'model_mnist_784_noniid', 'round': 4, 'ticket_id': 239, 'owner': 'acct_39'}",mock
0xd12d93d7abc5d1078934258a7b9d152db6f79c345b1449a282b35c508a3bcfca,93000,1,UpdatePublished,"{'model_id': 'model_mnist_784_noniid', 'round': 4, 'ticket_id': 239, 'cid': 'sha256:953070c89a75dff964eee4f2ef5945b01027ffef8a72e98a57d7fe42607ad0d2'}",mock
0xf94c8b315049898c5b3fd88967b4ea4c390716fa5a41eaca52a848f96a9e8472,86000,1,TicketReserved,"{'model_id': 'model_mnist_784_noniid', 'round': 4, 'ticket_id': 240, 'owner': 'acct_40'}",mock
0xc2989ee782704c2c5cc5189620b0c3a0dbdc3a013e8647625753e3dbcefdce1c,93000,1,UpdatePublished,"{'model_id': 'model_mnist_784_noniid', 'round': 4, 'ticket_id': 240, 'cid': 'sha256:f267df7420fda283e153df7711c977d967adbc823f94065d4d753434086bfa16'}",mock
0x590c3f64be6c1c3d0845241946e7e349e50cc9a258394e5aed35335e8604a9b9,86000,1,TicketReserved,"{'model_id': 'model_mnist_784_noniid', 'round': 4, 'ticket_id': 241, 'owner': 'acct_41'}",mock
0x52714096f48e2ccb8707cb7221f497d98105326e1ad2d6f21f533b411e007f64,93000,1,UpdatePublished,"{'model_id': 'model_mnist_784_noniid', 'round': 4, 'ticket_id': 241, 'cid': 'sha256:913b5a38210b0f63891617c7ea61981cc2182c2b85eec8fbdc6e3fe9b5ee2234'}",mock
0xb3f55713dd22b0cad445f55bd3dd8170b593e733d4b2a4803da8c15dbbf66908,86000,1,TicketReserved,"{'model_id': 'model_mnist_784_noniid', 'round': 4, 'ticket_id': 242, 'owner': 'acct_42'}",mock
0x7b105c5883d2b812805417249d4a5ef78e43810e312a887335614a5547a33665,93000,1,UpdatePublished,"{'model_id': 'model_mnist_784_noniid', 'round': 4, 'ticket_id': 242, 'cid': 'sha256:503ffb342fa8495c33dc9fafbdec9342928ec7b9a0e5af709f4e8c4a6bca914e'}",mock
0x556b616778d72dabe8ac78e8014041b63995f103d7025252db5cf8365ddae9c5,86000,1,TicketReserved,"{'model_id': 'model_mnist_784_noniid', 'round': 4, 'ticket_id': 243, 'owner': 'acct_43'}",mock
0x1c5bc353208bdb4974a9a2a66cc517da125c0e6cca5a94084adabf3ca84a66ef,93000,1,UpdatePublished,"{'model_id': 'model_mnist_784_noniid', 'round': 4, 'ticket_id': 243, 'cid': 'sha256:4cfa7624dd6c894faf55c1ef45582d585c11f49a22bc5c22cc712ebbe47ca13c'}",mock
0x8d56965f79f42b3ee469f3fc3266be6ab20c08a6fbc8d095667adb03a751e7a7,86000,1,TicketReserved,"{'model_id': 'model_mnist_784_noniid', 'round': 4, 'ticket_id': 244, 'owner': 'acct_44'}",mock
0x0fd5546dec933bd3d04709f8b480f104ce3dd629c9540ac32d80b583c1af525a,93000,1,UpdatePublished,"{'model_id': 'model_mnist_784_noniid', 'round': 4, 'ticket_id': 244, 'cid': 'sha256:79b5639963ab5c65aa8d9028393ab0190c69e9e5878852ae61f3fea281cdb1fc'}",mock
0x094000eb4f4bbbfa765d1cc441410fc9c4bb96fa0f9ab052bf31e3e97df577e8,86000,1,TicketReserved,"{'model_id': 'model_mnist_784_noniid', 'round': 4, 'ticket_id': 245, 'owner': 'acct_45'}",mock
0x022dc46486c620c69124af1f81fd45539de7ac0d1e299bb2aa00d2653c2e195f,93000,1,UpdatePublished,"{'model_id': 'model_mnist_784_noniid', 'round': 4, 'ticket_id': 245, 'cid': 'sha256:69ebf730a2c472db1b0f19009cee741093fe584444b6226675db7c88356e52b8'}",mock
0x748401eca7f61af43b619f092ab4f700a57337f94358c8a97d1d23f0896f0631,86000,1,TicketReserved,"{'model_id': 'model_mnist_784_noniid', 'round': 4, 'ticket_id': 246, 'owner': 'acct_46'}",mock
0x2dd22d5cc87025246ac41aa265f96949f6c0ed4655562c3032190ade885dd19d,93000,1,UpdatePublished,"{'model_id': 'model_mnist_784_noniid', 'round': 4, 'ticket_id': 246, 'cid': 'sha256:fb8bae48fd1f0666ab1e14a83a24e2ee8f12628f57c577d095590c54c6b773fb'}",mock
0x94c172aa106886a4d7bd98f181648a91811c338cfe7c0908c8de2ed06339e435,86000,1,TicketReserved,"{'model_id': 'model_mnist_784_noniid', 'round': 4, 'ticket_id': 247, 'owner': 'acct_47'}",mock
0x245e8eb5478933677805c1400ea83ee79d72f41b4e27a2652f495f620d2ce2a7,93000,1,UpdatePublished,"{'model_id': 'model_mnist_784_noniid', 'round': 4, 'ticket_id': 247, 'cid': 'sha256:db654003230d3687f8945beae33bc56d8e4040c8560af6ce7b03de71e98e9517'}",mock
0x93a9235022054d48acaf19513371647b9ad191177f698efcfe427a8079cb960d,86000,1,TicketReserved,"{'model_id': 'model_mnist_784_noniid', 'round': 4, 'ticket_id': 248, 'owner': 'acct_48'}",mock
0xac59edb647bbbeef13b70ff4e9c7224eaf86dfb141b850beae96c46e8e6cac39,93000,1,UpdatePublished,"{'model_id': 'model_mnist_784_noniid', 'round': 4, 'ticket_id': 248, 'cid': 'sha256:94c336dac787e2ab3567192ad57723b3e7bbf58c1654e0d5ae7da58dac40e6d3'}",mock
0xba97cb3b69e123e4bfa451be5690a7a079ab2a092e5d6e6a4e2e5ccfeae11cbe,86000,1,TicketReserved,"{'model_id': 'model_mnist_784_noniid', 'round': 4, 'ticket_id': 249, 'owner': 'acct_49'}",mock
0x95089ffbea8cda1e90f814e776520427ad25a8b6dde1e9e925949309bd2b5fc6,93000,1,UpdatePublished,"{'model_id': 'model_mnist_784_noniid', 'round': 4, 'ticket_id': 249, 'cid': 'sha256:aa5d280c7f1afe921b25490388c78e9f6840b50a8e89efdad7ab55b6c36994fd'}",mock
0x0a42ad5c30ecf923b611cf9b01035244a365dbd90500631ffacc908eac83c452,86000,1,TicketReserved,"{'model_id': 'model_mnist_784_noniid', 'round': 4, 'ticket_id': 250, 'owner': 'acct_50'}",mock
0xb07e03bd16f9a08dd7879fe8d51025b086020afbfc5f3572b102581281290219,93000,1,UpdatePublished,"{'model_id': 'model_mnist_784_noniid', 'round': 4, 'ticket_id': 250, 'cid': 'sha256:9b527ef7ab91695f53df22f19f4f2ed1f3413a931ca68a785e13cd6f8c8fefc2'}",mock
0x54585aa4d5b709ccdc42ae31a23feacddd97099c6a450dd25aefcfc994a029da,1055000,1,RoundFinalized,"{'model_id': 'model_mnist_784_noniid', 'round': 4, 'included': 43, 'refunds': 50}",mock
0x6058baba6cea1a93719590739b7c1fd019c7b3ef08377697ebccc4d8b5d707bc,52000,1,RoundFunded,"{'model_id': 'model_mnist_784_noniid', 'amount_wei': 10000000000000000}",mock
0xc0050100527a3e2756d4d7f7fe04f94b0c0f4899d67eb2e2f2a0fb95c39f927a,86000,1,TicketReserved,"{'model_id': 'model_mnist_784_noniid', 'round': 5, 'ticket_id': 251, 'owner': 'acct_1'}",mock
0xeaccb6207506dfdd158ff13ac8a7764212ee039eda03f3d06862e8b99538c9c4,93000,1,UpdatePublished,"{'model_id': 'model_mnist_784_noniid', 'round': 5, 'ticket_id': 251, 'cid': 'sha256:09e1f01d513b738470c5e4f61f3f53ece4dba8e8644539b76c057a7a1f772dde'}",mock
0x2a39471e69de12fa1799a8c0758288f9ac3ce05d13e8bc5c6aca4ca5e407ff53,86000,1,TicketReserved,"{'model_id': 'model_mnist_784_noniid', 'round': 5, 'ticket_id': 252, 'owner': 'acct_2'}",mock
0xc76aa48199b62297db553c331cdc9b44cb7539dea135c1b275cc26f10ed8980a,93000,1,UpdatePublished,"{'model_id': 'model_mnist_784_noniid', 'round': 5, 'ticket_id': 252, 'cid': 'sha256:fedd41fa944580038f91c44b5fbce1364c65e91b9f6f5902a9893659c41fccc2'}",mock
0x0913ea11a8c326bd078c1a45601a2908b1d3c4615d1dd950d2f5cea2911df06b,86000,1,TicketReserved,"{'model_id': 'model_mnist_784_noniid', 'round': 5, 'ticket_id': 253, 'owner': 'acct_3'}",mock
0xbc13d16e8f02fe4027774ad277b04d878467c13d03b1a41fc76bfff59774b4cb,93000,1,UpdatePublished,"{'model_id': 'model_mnist_784_noniid', 'round': 5, 'ticket_id': 253, 'cid': 'sha256:0e1dd632c9a2dc851bf99bafb8a0285a4a333cfb476abd37118ffff48de42ae0'}",mock
0x15285eb888b791578ecaa665ede32eeb3ce1c8dc1b7544c057658657d3a358cc,86000,1,TicketReserved,"{'model_id': 'model_mnist_784_noniid', 'round': 5, 'ticket_id': 254, 'owner': 'acct_4'}",mock
0xae0e1aaac1cceec41a47375ca76d42e1a165593a1bf085a3864ea01a7e1b34e4,93000,1,UpdatePublished,"{'model_id': 'model_mnist_784_noniid', 'round': 5, 'ticket_id': 254, 'cid': 'sha256:799c7eb9f3db7b02e56966db9bde36803c3cbdb6a8abe4c531cec207a95173f5'}",mock
0xb6d3958c3971cff3faac4cfb4178ee8d9e8d1485fa13acdcbc3d7b5c3d58c3da,86000,1,TicketReserved,"{'model_id': 'model_mnist_784_noniid', 'round': 5, 'ticket_id': 255, 'owner': 'acct_5'}",mock
0xe6235f36126d73ed36af4ba1b6d608aa3be6fb601995cabd2dd1a87b6f616930,93000,1,UpdatePublished,"{'model_id': 'model_mnist_784_noniid', 'round': 5, 'ticket_id': 255, 'cid': 'sha256:6b327ca07fb0931148c32cd77e7d2ca13e9c3f42c2180d78cbf5a26c28bfbc8c'}",mock
0x271cdc0bb8d4062060dab12e5c09380939992f79a6e5b90c8ab5dc03e6752cd5,86000,1,TicketReserved,"{'model_id': 'model_mnist_784_noniid', 'round': 5, 'ticket_id': 256, 'owner': 'acct_6'}",mock
0x38b852e62974528bccf50b95e112c9f74d37ddd300bfb8f760bc6467f6498e3a,93000,1,UpdatePublished,"{'model_id': 'model_mnist_784_noniid', 'round': 5, 'ticket_id': 256, 'cid': 'sha256:94a003fa65344a861348ba28aa40cb7a41607eb0ae090e0976a2317000412a75'}",mock
0x5725b4978050988ca6fbb734c1e3ab73c52169de0ab35b46597c660fb58d26c0,86000,1,TicketReserved,"{'model_id': 'model_mnist_784_noniid', 'round': 5, 'ticket_id': 257, 'owner': 'acct_7'}",mock
0xe0adc23230e57365289c81c0e54f4433b91071343312ae6a79a50d2a71ad07dd,93000,1,UpdatePublished,"{'model_id': 'model_mnist_784_noniid', 'round': 5, 'ticket_id': 257, 'cid': 'sha256:48457821aad2d60b25b0c7b4b50aba7cb37352a0a8e2f11a03537096711a1b9d'}",mock
0xd29254a71ab7da7f219fe2cfec8be840492536a6970dd6d534078e076cd8d79f,86000,1,TicketReserved,"{'model_id': 'model_mnist_784_noniid', 'round': 5, 'ticket_id': 258, 'owner': 'acct_8'}",mock
0xccff51dbf787b4a4f03dc863a64d6107dbc8796edc7b459a4193ee693885eee4,93000,1,UpdatePublished,"{'model_id': 'model_mnist_784_noniid', 'round': 5, 'ticket_id': 258, 'cid': 'sha256:c2371a3ce4f115d7fc350a1ea7d6895c95d48d5ccf8c207950ff5c4eb1ca934e'}",mock
0x7fffa8f54aa81aa0289cbb4de7b446822d6774956e30927a426c9bb866ebcc2e,86000,1,TicketReserved,"{'model_id': 'model_mnist_784_noniid', 'round': 5, 'ticket_id': 259, 'owner': 'acct_9'}",mock
0x0614fb44d936bc3ab82bb8a05fff556d479f556863eee8e73480162b1f9b9812,93000,1,UpdatePublished,"{'model_id': 'model_mnist_784_noniid', 'round': 5, 'ticket_id': 259, 'cid': 'sha256:bb69d6eaaef57714da6f5da292a495e565aa48306ecf79831962347aaf6dde57'}",mock
0xa7113a2014231a416c0b9e1c6c92a5c1fd6720a8a41bcce43b91aeda8f2c9fb1,86000,1,TicketReserved,"{'model_id': 'model_mnist_784_noniid', 'round': 5, 'ticket_id': 260, 'owner': 'acct_10'}",mock
0x716a294fccaf88c7495761c8b85ddb1562a28a9e25ecc801f4af793008c436cc,93000,1,UpdatePublished,"{'model_id': 'model_mnist_784_noniid', 'round': 5, 'ticket_id': 260, 'cid': 'sha256:935fa33dd85af74d821809b1cd672ffb2144cd9be00fb5f8ef9e37a527cc2651'}",mock
0xb482e55ea948b2347b8b49be36c17ae00fd7af4da7f5fee03ab360ec1433e397,86000,1,TicketReserved,"{'model_id': 'model_mnist_784_noniid', 'round': 5, 'ticket_id': 261, 'owner': 'acct_11'}",mock
0xe9c8f52d60b491dec399c4d5ca2ae77ab4a90f9e925f5d8bb868c2890d9c70b3,93000,1,UpdatePublished,"{'model_id': 'model_mnist_784_noniid', 'round': 5, 'ticket_id': 261, 'cid': 'sha256:a92909b7def1d93200cc577441a50f723a484892ecee0bf888c1b2455d2cd203'}",mock
0xf47ce31ba19a7b444fdedc964d4fd14365e8c520d7eb0995ad0e8f9ce0ab1ecc,86000,1,TicketReserved,"{'model_id': 'model_mnist_784_noniid', 'round': 5, 'ticket_id': 262, 'owner': 'acct_12'}",mock
0x8ad647391eff62dbd54b32e3c2df8b5e29bc9e45183f87ba6d4e9cda5fef8ea5,93000,1,UpdatePublished,"{'model_id': 'model_mnist_784_noniid', 'round': 5, 'ticket_id': 262, 'cid': 'sha256:4ff68a363a958f88daf4b664a9f8d858a562d234b455a2f68328aa08cd110c8f'}",mock
0x8115d84c0fef8a73069447c110df5c112b15652cb5fad42907ab123a2af92072,86000,1,TicketReserved,"{'model_id': 'model_mnist_784_noniid', 'round': 5, 'ticket_id': 263, 'owner': 'acct_13'}",mock
0xe67cbbaf568e6541af4b558dc414ff3bf993b042bfcedf4974b135c68eb7ea67,93000,1,UpdatePublished,"{'model_id': 'model_mnist_784_noniid', 'round': 5, 'ticket_id': 263, 'cid': 'sha256:f497ecc1e19c2bcd89db4751984eedf855c1da155bf7b4f4e7043c578bf16019'}",mock
0x22f0fa806f5de28a94a38f87b1ee86504ee79fa348b99990df0713d9792c3bcb,86000,1,TicketReserved,"{'model_id': 'model_mnist_784_noniid', 'round': 5, 'ticket_id': 264, 'owner': 'acct_14'}",mock
0x743a46587161e6266286a819aa7ae5f1ca50c07b4333314b02f3273f0cb34978,93000,1,UpdatePublished,"{'model_id': 'model_mnist_784_noniid', 'round': 5, 'ticket_id': 264, 'cid': 'sha256:712232bcf1fa020681b172bf18f9b21b40813352dc4063a0d1d7218d6933af60'}",mock
0x8992f11a57c8dff5b6b9bc99fa4cd5275cfbd2193b889406b8a6f21318aaad3d,86000,1,TicketReserved,"{'model_id': 'model_mnist_784_noniid', 'round': 5, 'ticket_id': 265, 'owner': 'acct_15'}",mock
0x34dd2b6f6d3569483ee0c18222a06775aa9f8fad9dc29e72d83443f9abd03054,93000,1,UpdatePublished,"{'model_id': 'model_mnist_784_noniid', 'round': 5, 'ticket_id': 265, 'cid': 'sha256:f4f3f3239d7e6455db645ba59c02f2d5848081f06780ccd8111b25fcffa19104'}",mock
0x5db52e1e97828e468b10a943ca4df9217cd99d7f64164fb4eee141c69014c979,86000,1,TicketReserved,"{'model_id': 'model_mnist_784_noniid', 'round': 5, 'ticket_id': 266, 'owner': 'acct_16'}",mock
0x078a5772a05ebd47456c0d45c0c669e619c04097a47be1fc3f6f52ab40a87fe7,93000,1,UpdatePublished,"{'model_id': 'model_mnist_784_noniid', 'round': 5, 'ticket_id': 266, 'cid': 'sha256:19076c36d4555dd1cd0efcf7f4c439df92d19c01156030c3f49461c1a6c2e6a6'}",mock
0x17cd7792c32046240e1efcf612842c8a9b6159eb64960f0e6be7643f09fab978,86000,1,TicketReserved,"{'model_id': 'model_mnist_784_noniid', 'round': 5, 'ticket_id': 267, 'owner': 'acct_17'}",mock
0x98da356fbe2d162e043c99c279eeb4ecb458604f4a855cb320d45bb4a1e2e417,93000,1,UpdatePublished,"{'model_id': 'model_mnist_784_noniid', 'round': 5, 'ticket_id': 267, 'cid': 'sha256:00f33a0be94cab530a807ea127fcdecd7606d517f6b619fc0420fc06433828af'}",mock
0xef3fc5eb5fdf92eece8095d35cbb60e058ccde55384617e297ef71c21d84d36b,86000,1,TicketReserved,"{'model_id': 'model_mnist_784_noniid', 'round': 5, 'ticket_id': 268, 'owner': 'acct_18'}",mock
0xd16cba27ea63c718f109fe1c3e616fbafed648e6dc40340d392d1ed143e1aa32,93000,1,UpdatePublished,"{'model_id': 'model_mnist_784_noniid', 'round': 5, 'ticket_id': 268, 'cid': 'sha256:14c0167559608ff0bb5109a12e403bc13be692c9831927dee41e5afbb2ef4e09'}",mock
0xd5fa582d84d523bdb3afd204b93e6245dcca7df8ca442441aebbcecb0d6b9e58,86000,1,TicketReserved,"{'model_id': 'model_mnist_784_noniid', 'round': 5, 'ticket_id': 269, 'owner': 'acct_19'}",mock
0xb4686ed35e5097f6a22cd643270a8bcd12d20603adeeb04202fdd16f9906a996,93000,1,UpdatePublished,"{'model_id': 'model_mnist_784_noniid', 'round': 5, 'ticket_id': 269, 'cid': 'sha256:b2ea08c096f164fa09a51de014918a5fbdb1e79db94a460f06c9037d1d4fbfd9'}",mock
0x859142a42aafdad4fe5c45987572236365726b9dca19e3bc39daec096029aa1b,86000,1,TicketReserved,"{'model_id': 'model_mnist_784_noniid', 'round': 5, 'ticket_id': 270, 'owner': 'acct_20'}",mock
0x107d37daf3741101437c47acc7f7c32074cfcf887dc71377075ee1ef174aea42,93000,1,UpdatePublished,"{'model_id': 'model_mnist_784_noniid', 'round': 5, 'ticket_id': 270, 'cid': 'sha256:15e2b1be827fef7848f44a48777104761410bcd4d30fbe1c8a636b51055d89af'}",mock
0x763697eb29755e94b779e258c0fc80c0d5ff8c1627771e501d1d775280df4b48,86000,1,TicketReserved,"{'model_id': 'model_mnist_784_noniid', 'round': 5, 'ticket_id': 271, 'owner': 'acct_21'}",mock
0x2a1d7c021e080ca7e64f66619321c047ee656826ae64d97a6fc31fbb7d1696fd,93000,1,UpdatePublished,"{'model_id': 'model_mnist_784_noniid', 'round': 5, 'ticket_id': 271, 'cid': 'sha256:0e25a5bf2200988a5e735641cf58d6ea067611c40dd9e0e0bdd7ffe85a315046'}",mock
0x4f0e288fcc2707488381185b4af87d780db46a97ab4dd2e28989a2d1953454fe,86000,1,TicketReserved,"{'model_id': 'model_mnist_784_noniid', 'round': 5, 'ticket_id': 272, 'owner': 'acct_22'}",mock
0x522070018d87a27a1b367e68fb2edc4fe49395b30e0519bf216fc2d95f815814,93000,1,UpdatePublished,"{'model_id': 'model_mnist_784_noniid', 'round': 5, 'ticket_id': 272, 'cid': 'sha256:d4f917ab9d46dda7ff336f88dc1c548f1840bb2ad49d54c6f1312d979dddc377'}",mock
0x2c7437fb891255d6ec3c14d48564db4d71789be9d201de7aef3d0b9f3a372140,86000,1,TicketReserved,"{'model_id': 'model_mnist_784_noniid', 'round': 5, 'ticket_id': 273, 'owner': 'acct_23'}",mock
0x419c9e2b36ca229262a143190662122742ee89925d82ccc3540244a345424bc4,93000,1,UpdatePublished,"{'model_id': 'model_mnist_784_noniid', 'round': 5, 'ticket_id': 273, 'cid': 'sha256:c119ad1bfeae8d8b8a1d30f4027cd733de389c57426ef9cf2e33dd215dcacd3a'}",mock
0x05bfd4b2fd69ceafd4277e3ef682f624a523b19609c37d9056aa6a5aa95bdb46,86000,1,TicketReserved,"{'model_id': 'model_mnist_784_noniid', 'round': 5, 'ticket_id': 274, 'owner': 'acct_24'}",mock
0xcc7da836a272a205b2fff6f5248d75f2f9c01c5029e68a4a609f9d5602c67d80,93000,1,UpdatePublished,"{'model_id': 'model_mnist_784_noniid', 'round': 5, 'ticket_id': 274, 'cid': 'sha256:18938f61fad6efe2a049d943983189c47e1f5e5f0b54e513c1da2403a57a25db'}",mock
0xa1fec38e31ffcf2a7fa5cf36fe18cbd3b9f28c5f801aa5bc00073f859d337dc3,86000,1,TicketReserved,"{'model_id': 'model_mnist_784_noniid', 'round': 5, 'ticket_id': 275, 'owner': 'acct_25'}",mock
0x0ac066ecc49620b293ffecc2683df7e83c1f2186cf59bc9d06853e1863dc54af,93000,1,UpdatePublished,"{'model_id': 'model_mnist_784_noniid', 'round': 5, 'ticket_id': 275, 'cid': 'sha256:9bf3b4ee8c53bcc626161ec3e2ec20d199d88ff1018a62f02fcdbe3cec9a9469'}",mock
0x69ddc95226f9f74747b2985ff3b5c364fcf15e4517c35d2b1e77ffe9201af4c4,86000,1,TicketReserved,"{'model_id': 'model_mnist_784_noniid', 'round': 5, 'ticket_id': 276, 'owner': 'acct_26'}",mock
0x9c9b5524165d0d0ba872fbae9c9586c19bfe6be17140ef6983b7f431bd6eba85,93000,1,UpdatePublished,"{'model_id': 'model_mnist_784_noniid', 'round': 5, 'ticket_id': 276, 'cid': 'sha256:272d5adaa2d36ae50157ba900f8b45fea39dea59c826ce1d8895c680c08e1d8b'}",mock
0xc75b3b30d85a25ac603a0f527dfdadc59f1f7afc9b83e20234f2053d4bde98a0,86000,1,TicketReserved,"{'model_id': 'model_mnist_784_noniid', 'round': 5, 'ticket_id': 277, 'owner': 'acct_27'}",mock
0x5936c40c36cfef955eadd39bdc505b7c24044ac3b14c6c06c335b44519c84071,93000,1,UpdatePublished,"{'model_id': 'model_mnist_784_noniid', 'round': 5, 'ticket_id': 277, 'cid': 'sha256:f647b69cae066023ac2c09fbbcace240f92c1e16f7b69cd92abbe3fb16b426e1'}",mock
0x849fb6cad27e3cfab9796dd04867745e0f3c53a74ebbb757fd35f4226379f3d2,86000,1,TicketReserved,"{'model_id': 'model_mnist_784_noniid', 'round': 5, 'ticket_id': 278, 'owner': 'acct_28'}",mock
0x317a4fe4da5006b98d534de9c48c0df0e7c022017bb788ccd4a2ea6c323eba4a,93000,1,UpdatePublished,"{'model_id': 'model_mnist_784_noniid', 'round': 5, 'ticket_id': 278, 'cid': 'sha256:158e6209a46d479043277396cdf3e3199b6a7e156fd1cb8b850085538a00fc29'}",mock
0xce7d61943349595eda8bbcad48cbbf4954f0c126de4b81657e7bb2f9ce04dcff,86000,1,TicketReserved,"{'model_id': 'model_mnist_784_noniid', 'round': 5, 'ticket_id': 279, 'owner': 'acct_29'}",mock
0xa3efe91f1197095e3d204f6e51eb0574ccc608bf635db0cd7df69582416ba927,93000,1,UpdatePublished,"{'model_id': 'model_mnist_784_noniid', 'round': 5, 'ticket_id': 279, 'cid': 'sha256:937870fd4bdc9124e3007b2554d2fe10ec649598480e3201cff313d2475fe57b'}",mock
0x714968945d7a5bb1eb8b50ee568bbcf80476d3d418af1bba9eb98df68d90ad2b,86000,1,TicketReserved,"{'model_id': 'model_mnist_784_noniid', 'round': 5, 'ticket_id': 280, 'owner': 'acct_30'}",mock
0xbbc852c0de7e4f815af590729b0e8890c9fb210f906e3cb1d0dc448c6bde421e,93000,1,UpdatePublished,"{'model_id': 'model_mnist_784_noniid', 'round': 5, 'ticket_id': 280, 'cid': 'sha256:0c8f4364f8828a1953046c01910d6bf2bb4a436c5babf6994195111b2c8c7de4'}",mock
0x9ac240f4508f821a12a9f5be702280a347ac314564851916734294fa52917f57,86000,1,TicketReserved,"{'model_id': 'model_mnist_784_noniid', 'round': 5, 'ticket_id': 281, 'owner': 'acct_31'}",mock
0x5c08a91f6df4f046fd674ea66a5a431c4fd720e66fef2b2e807e502a1a32b00a,93000,1,UpdatePublished,"{'model_id': 'model_mnist_784_noniid', 'round': 5, 'ticket_id': 281, 'cid': 'sha256:57c249e8eddf75efb0df0752e97ef2c7d4f61188339e34180ed592bb4b6ae818'}",mock
0x9ef2bf68bbf47e84468f0dc5ec3a615e99a7e5868ab6f0b7c3bea4bf8f4e6004,86000,1,TicketReserved,"{'model_id': 'model_mnist_784_noniid', 'round': 5, 'ticket_id': 282, 'owner': 'acct_32'}",mock
0x6395190a0d4f3a402a664fa0e2c09cdab38f745e0d0ffc9a87d2ae4afa31b1c1,93000,1,UpdatePublished,"{'model_id': 'model_mnist_784_noniid', 'round': 5, 'ticket_id': 282, 'cid': 'sha256:9e6b2dc160a103aa74e81aa23eabac08d94f2873b07399d44c102ce11abf137b'}",mock
0x91337d6016dd69dbf28d3d57080f04946e421ff789acc2f1adf02a8ef5158366,86000,1,TicketReserved,"{'model_id': 'model_mnist_784_noniid', 'round': 5, 'ticket_id': 283, 'owner': 'acct_33'}",mock
0xf2d9438bde258a8d8335240d134f76e8a0729c59dcbca9954dd37b2ce0a52c1a,93000,1,UpdatePublished,"{'model_id': 'model_mnist_784_noniid', 'round': 5, 'ticket_id': 283, 'cid': 'sha256:1ed5c77ab6c6a162c8eb3e10a4e283a59480e697f830785067be256f409046ab'}",mock
0x01f5fa3d478192444392acee568b9b38f5b0b82086c72eb5f7902d32bc63db18,86000,1,TicketReserved,"{'model_id': 'model_mnist_784_noniid', 'round': 5, 'ticket_id': 284, 'owner': 'acct_34'}",mock
0x9d6e7224efaf20d526391890495cb7a850d013d4e64cef5c21b05a0b6e389e40,93000,1,UpdatePublished,"{'model_id': 'model_mnist_784_noniid', 'round': 5, 'ticket_id': 284, 'cid': 'sha256:7cd25902ec322311944cc82df7076c9352c7e47c0efcf4cb16dde9bb93722a32'}",mock
0x332f9ad76eb75a7405415da01a82d1f01647b912f51c88db6e2094584433d0dc,86000,1,TicketReserved,"{'model_id': 'model_mnist_784_noniid', 'round': 5, 'ticket_id': 285, 'owner': 'acct_35'}",mock
0xa066a2f83fd43277df7b1195210ca58f1a176676173f71b726f38788dc181317,93000,1,UpdatePublished,"{'model_id': 'model_mnist_784_noniid', 'round': 5, 'ticket_id': 285, 'cid': 'sha256:348a3c1b670d244bc328693653092f94e1abb82a4ab0a4b464d2cf2481685830'}",mock
0xc5fa5bc960b0b9472eb485b6f4419d66a53ef79d73abeb0cdac5e163ff1e6456,86000,1,TicketReserved,"{'model_id': 'model_mnist_784_noniid', 'round': 5, 'ticket_id': 286, 'owner': 'acct_36'}",mock
0x21da6c57b3028feda3283140d6de81a5d9d88a3201a8be882853bda8a3fc4dcf,93000,1,UpdatePublished,"{'model_id': 'model_mnist_784_noniid', 'round': 5, 'ticket_id': 286, 'cid': 'sha256:605f8a91091caded7846e1628fed0a52e3a28fe3a8b03a77b1e0a5173e6a8485'}",mock
0x2abc580f70cdb835066bd9bfc1e5ab51ad63e99dc963a123f38a4089d3cd7bb8,86000,1,TicketReserved,"{'model_id': 'model_mnist_784_noniid', 'round': 5, 'ticket_id': 287, 'owner': 'acct_37'}",mock
0xf710ff04e8a081b0d46fc3f562621578c8b3a5f3047e4f5a463b3d69e2f20e97,93000,1,UpdatePublished,"{'model_id': 'model_mnist_784_noniid', 'round': 5, 'ticket_id': 287, 'cid': 'sha256:f3edb58282de5f39eb26e431fd1949d1733282457965a141bb37abf7ead64531'}",mock
0x1c33ec83ed5282d6bc6245036da87be081b9437cfaf2583bf06f813aa06365f0,86000,1,TicketReserved,"{'model_id': 'model_mnist_784_noniid', 'round': 5, 'ticket_id': 288, 'owner': 'acct_38'}",mock
0x8276cb3355860a5bcd7bfa4288a57ec63270130da26cc6f67ad7c450fb4c2b7b,93000,1,UpdatePublished,"{'model_id': 'model_mnist_784_noniid', 'round': 5, 'ticket_id': 288, 'cid': 'sha256:ed9920e2811e2d92eced226eb463d49284ebff67d0bce8a3cda19265cd6b7ec6'}",mock
0xe248d91b2a7cc0b6c23791c8932e0d457629d8f5c37a828e3a22509d35aefc4e,86000,1,TicketReserved,"{'model_id': 'model_mnist_784_noniid', 'round': 5, 'ticket_id': 289, 'owner': 'acct_39'}",mock
0x2b65bf006b9175b7d60a7e20c9238fc7fd30ce84a3c0b503c6f9071a6a114a9f,93000,1,UpdatePublished,"{'model_id': 'model_mnist_784_noniid', 'round': 5, 'ticket_id': 289, 'cid': 'sha256:af23c57ad1055b629478a2355ea20ffd7e931e607d94e6ee507a81bf42c5f0f3'}",mock
0xd175a255e57caecf184a7904bf74c913ecaf32468f5981d027d3cd65b0ff1311,86000,1,TicketReserved,"{'model_id': 'model_mnist_784_noniid', 'round': 5, 'ticket_id': 290, 'owner': 'acct_40'}",mock
0x49a49f0b2b4692bcee7b50a97800c29987b29d55d2ec8fcddd442d38f9ec20d1,93000,1,UpdatePublished,"{'model_id': 'model_mnist_784_noniid', 'round': 5, 'ticket_id': 290, 'cid': 'sha256:e65975fbe6ea92c4e08f21ab95f4511f9db4464c0e245c48f1a2e4bb3465f10d'}",mock
0x74d9e215916db39fdb9db5a1eeb4093888300d1673932fd5501b09e4b4ab8c42,86000,1,TicketReserved,"{'model_id': 'model_mnist_784_noniid', 'round': 5, 'ticket_id': 291, 'owner': 'acct_41'}",mock
0x507be58eb8c41626174850cc0372afb7ab0ceaa10179a7a537dc01eadca91045,93000,1,UpdatePublished,"{'model_id': 'model_mnist_784_noniid', 'round': 5, 'ticket_id': 291, 'cid': 'sha256:28558a9707b86bd09866348de3e75d3dbd4a173da6da8be413c81bf587a11075'}",mock
0x3327924b3361c55565e960764614d98dadbe646e345bb2a061629ebbe4f3da4d,86000,1,TicketReserved,"{'model_id': 'model_mnist_784_noniid', 'round': 5, 'ticket_id': 292, 'owner': 'acct_42'}",mock
0x00ef72cc0d470f8406780509c8cef8e583458c47e86a86c9166d55a2cadc6e37,93000,1,UpdatePublished,"{'model_id': 'model_mnist_784_noniid', 'round': 5, 'ticket_id': 292, 'cid': 'sha256:834fe67c202a86687b2f9a5d4c902100458f2aa2437d37711627f9f58d8a4686'}",mock
0x95a7b1724d854ab10252e5eb929874876267deeaf8e2b0d610f9109ec4b41c21,86000,1,TicketReserved,"{'model_id': 'model_mnist_784_noniid', 'round': 5, 'ticket_id': 293, 'owner': 'acct_43'}",mock
0x366abc547c3e8344793d065f56dd2c40eaf80cc8ebf15ff2a14b40f69f1e3e51,93000,1,UpdatePublished,"{'model_id': 'model_mnist_784_noniid', 'round': 5, 'ticket_id': 293, 'cid': 'sha256:d80a8583608eec0e512cbe2a8312b28b3ce74bc48728e8dd31cc9905e6b7ac13'}",mock
0x49381b3b108997c7008196d9f870c0213886090653a550f25aedece872100f33,86000,1,TicketReserved,"{'model_id': 'model_mnist_784_noniid', 'round': 5, 'ticket_id': 294, 'owner': 'acct_44'}",mock
0x5f9998aa2f25ca0fbd62d9336639bd27261e611e2e62dcbe730a1dd8cc1960b3,93000,1,UpdatePublished,"{'model_id': 'model_mnist_784_noniid', 'round': 5, 'ticket_id': 294, 'cid': 'sha256:817b8b91227280fdccb1b23ea71695fc36d30cae18182ee9f88acb00459890be'}",mock
0xc05c42b834483f7c515d3753c1dd6fe8721ee2adbc5cfb2b6c90fe19781d608a,86000,1,TicketReserved,"{'model_id': 'model_mnist_784_noniid', 'round': 5, 'ticket_id': 295, 'owner': 'acct_45'}",mock
0x5d23e91966801ecf0c67966110ebc209b4ae9e6a6621ebc03593ec6c033d05e6,93000,1,UpdatePublished,"{'model_id': 'model_mnist_784_noniid', 'round': 5, 'ticket_id': 295, 'cid': 'sha256:1edca255533a4ab753a6dba2cca404261728b912717ec8ef29adb906c164cb28'}",mock
0x02afd293222f80039b4d051beda3a202927028b13fd31637524ed44613039b0e,86000,1,TicketReserved,"{'model_id': 'model_mnist_784_noniid', 'round': 5, 'ticket_id': 296, 'owner': 'acct_46'}",mock
0x480a6b6c2d1a98c2107da7346c0d8c082746e85bd9eb7b146aebededeec302d2,93000,1,UpdatePublished,"{'model_id': 'model_mnist_784_noniid', 'round': 5, 'ticket_id': 296, 'cid': 'sha256:fba295c3a4b4b440df1dd6e49d6327a9f6e290c46277bdb413f1d8c52b9f415d'}",mock
0xae2ca86406d145daf4da37a7a9aac26853272b05d5833b8047c11c54c3357ffe,86000,1,TicketReserved,"{'model_id': 'model_mnist_784_noniid', 'round': 5, 'ticket_id': 297, 'owner': 'acct_47'}",mock
0x5c1b5351d81aff04cd2ffb8cf06afda12ac560ebb29f16affef94bc02ddcbcfa,93000,1,UpdatePublished,"{'model_id': 'model_mnist_784_noniid', 'round': 5, 'ticket_id': 297, 'cid': 'sha256:997e04816c1aec6edc659b497f274daa0099d302925da0989b8fb30e5fa00784'}",mock
0xeb1751660092da87611fc3306b4c4d254f147f90b5b2789d97fafdd076cdc8eb,86000,1,TicketReserved,"{'model_id': 'model_mnist_784_noniid', 'round': 5, 'ticket_id': 298, 'owner': 'acct_48'}",mock
0xd5b5ce54c15bb1cec14df3b9bc1f3d4bf051226dced22c8410d3521f25df66ba,93000,1,UpdatePublished,"{'model_id': 'model_mnist_784_noniid', 'round': 5, 'ticket_id': 298, 'cid': 'sha256:8e8eec30daf0fb4337de6d2fc2a13841c409df84fae1739d6e06c2d74e99db3a'}",mock
0xe1963c84289255258613ba43feb1759ab90aa64e36d83d0225680a255b7337f1,86000,1,TicketReserved,"{'model_id': 'model_mnist_784_noniid', 'round': 5, 'ticket_id': 299, 'owner': 'acct_49'}",mock
0x538d309c647531f4d27c7a4807e6ce3da98b22c6a80a8fb10d89205f35403d87,93000,1,UpdatePublished,"{'model_id': 'model_mnist_784_noniid', 'round': 5, 'ticket_id': 299, 'cid': 'sha256:60959710775ad4f7556b5abf59b2194ed3b14a6663a4b4c0627ccd2c3fdc612d'}",mock
0xf1bc69544c2e04cd6d56daf894857ce857f1da1d67355792c481ffb43b692bd4,86000,1,TicketReserved,"{'model_id': 'model_mnist_784_noniid', 'round': 5, 'ticket_id': 300, 'owner': 'acct_50'}",mock
0xc2c4dc1e4ae3b581a96aca5bdb625c3c362ad305e22035e92cd3fde02dc12683,93000,1,UpdatePublished,"{'model_id': 'model_mnist_784_noniid', 'round': 5, 'ticket_id': 300, 'cid': 'sha256:58216052c74a02be35728e07d76097917a1f8e9825b39e25e8d66565b133b4ee'}",mock
0x81f449086b4a5d384f8dab1dc6eacb3c398f139404b73d4497d41bcc9b46b560,1015000,1,RoundFinalized,"{'model_id': 'model_mnist_784_noniid', 'round': 5, 'included': 39, 'refunds': 50}",mock
0x6ce80780919732f1d60c4eb4d05c411205fe65592fac0f9cf32d3243da10ba72,52000,1,RoundFunded,"{'model_id': 'model_mnist_784_noniid', 'amount_wei': 10000000000000000}",mock
0x9aa2dfceb5b5e4a06c068e98aac61f34116ce7bf5bab01f957c2e538f2914144,86000,1,TicketReserved,"{'model_id': 'model_mnist_784_noniid', 'round': 6, 'ticket_id': 301, 'owner': 'acct_1'}",mock
0x35ba5c426f498bdcefa556e49d01f62af78ac8a30c8b62bd0100fadd09c4822b,93000,1,UpdatePublished,"{'model_id': 'model_mnist_784_noniid', 'round': 6, 'ticket_id': 301, 'cid': 'sha256:eac2e3b95ab9b669c890522d42c8bbedaf0070c8fd24b8cd77c74d0b2b805287'}",mock
0xc1d3f269365dd936aa891d171592caa624b3c5f955142746841f8b3f2b384190,86000,1,TicketReserved,"{'model_id': 'model_mnist_784_noniid', 'round': 6, 'ticket_id': 302, 'owner': 'acct_2'}",mock
0x841b82df86555ddcb748e5c5df97786276f5c98bd867b5148cf2b2e06b709bba,93000,1,UpdatePublished,"{'model_id': 'model_mnist_784_noniid', 'round': 6, 'ticket_id': 302, 'cid': 'sha256:71c85014d48eaa31b0a2926a1758800826915e5e5a23041abb94916695b7ae59'}",mock
0x8bbd0f6885d60ddab613c4bba7e73f62ef6590cf21f790ea83b0ea7395cdd479,86000,1,TicketReserved,"{'model_id': 'model_mnist_784_noniid', 'round': 6, 'ticket_id': 303, 'owner': 'acct_3'}",mock
0x06d2d5429d8cd47114729a8506b0cbfd712d152378cd7aaf5479696013c24807,93000,1,UpdatePublished,"{'model_id': 'model_mnist_784_noniid', 'round': 6, 'ticket_id': 303, 'cid': 'sha256:c45b4f2b4551495f5ac178f8fcaa4a73b3ef848038de9e6947e3bd1e4adb5d9a'}",mock
0x1076818401f91bb9adf6c72afbad166e84631d8e6e0a5f2962403c5460e8e7bb,86000,1,TicketReserved,"{'model_id': 'model_mnist_784_noniid', 'round': 6, 'ticket_id': 304, 'owner': 'acct_4'}",mock
0x29ce53429aad6e18819a40d8f22beb7769deca974ce35c62fc19d1ab4653db40,93000,1,UpdatePublished,"{'model_id': 'model_mnist_784_noniid', 'round': 6, 'ticket_id': 304, 'cid': 'sha256:ac2efde3fabd5f0396bfb46b9d5e303ea986189846da9fe19382984741b98f82'}",mock
0x4d96c5119dbb0e7c5d47c518433f8d413c6fda557eb19abffdff0857566399c6,86000,1,TicketReserved,"{'model_id': 'model_mnist_784_noniid', 'round': 6, 'ticket_id': 305, 'owner': 'acct_5'}",mock
0xf4af0c317ca0988130e1cd2c612b25afb27892dce97b880515394da1f5a0302f,93000,1,UpdatePublished,"{'model_id': 'model_mnist_784_noniid', 'round': 6, 'ticket_id': 305, 'cid': 'sha256:380e9e91e71c0bcd2f46bb345f93f9618d93cee60ddc3041d67f15f7277d2bd4'}",mock
0x2270481380ee10115c9eca77c01b5f9c12efca846bf9bc47793bd4a55c62c18b,86000,1,TicketReserved,"{'model_id': 'model_mnist_784_noniid', 'round': 6, 'ticket_id': 306, 'owner': 'acct_6'}",mock
0xcddc427f4e886b4a8a78047a4394f7606a290819354ee4ddcd2bcca579a9becb,93000,1,UpdatePublished,"{'model_id': 'model_mnist_784_noniid', 'round': 6, 'ticket_id': 306, 'cid': 'sha256:1eaa6f0b3ff76a5d85e86b145f9010fab8c3d1f8a16b93ea3f6293b61ba45218'}",mock
0x813ae1c2a50602eaf7e9e2f4b922fa02e29f13ba01b9c59ed35b29845c6d712b,86000,1,TicketReserved,"{'model_id': 'model_mnist_784_noniid', 'round': 6, 'ticket_id': 307, 'owner': 'acct_7'}",mock
0xf3289c326153d8b50d0b092def7af81a5dae51429934c38e25d3699cb6d768e0,93000,1,UpdatePublished,"{'model_id': 'model_mnist_784_noniid', 'round': 6, 'ticket_id': 307, 'cid': 'sha256:9137c3cd917a2771aca0a92b61940da380b06fc3c520c603b8e1654bcec95624'}",mock
0xd83c55110afc7966f0e347c05cd00ca109cf4f998b41dcb7d1f38ba0ab9d91b9,86000,1,TicketReserved,"{'model_id': 'model_mnist_784_noniid', 'round': 6, 'ticket_id': 308, 'owner': 'acct_8'}",mock
0xae4a56f88a92dfae46ec63f63e857fb31685252807f270a322e25535be6145a3,93000,1,UpdatePublished,"{'model_id': 'model_mnist_784_noniid', 'round': 6, 'ticket_id': 308, 'cid': 'sha256:77520179e89a5d62b16c38485c07b64e673709a2710838465df1ae21f018d6ca'}",mock
0x8dd16eca8865181c952e3a77d42c710df0b24a6432ad33fd8d622cceb2384ae7,86000,1,TicketReserved,"{'model_id': 'model_mnist_784_noniid', 'round': 6, 'ticket_id': 309, 'owner': 'acct_9'}",mock
0x78772d38b72f307431231e461ba920c2d17034297be6f725d2f31c8cb85ad662,93000,1,UpdatePublished,"{'model_id': 'model_mnist_784_noniid', 'round': 6, 'ticket_id': 309, 'cid': 'sha256:e1524434cf4d092fc655661fd3264d0a48d45f69d5598b24c1a3dd87d8ddc05b'}",mock
0x630ec9e342bc58a8b217423bdd3160570cd3a319adb35f95cec2178981c3c639,86000,1,TicketReserved,"{'model_id': 'model_mnist_784_noniid', 'round': 6, 'ticket_id': 310, 'owner': 'acct_10'}",mock
0xca13984268889bbd85f95893ddfcad94ae198f8843d6a5d632ffdf41e6f663e6,93000,1,UpdatePublished,"{'model_id': 'model_mnist_784_noniid', 'round': 6, 'ticket_id': 310, 'cid': 'sha256:90cf314092c257f8abd607eec7ef9e8532f7f688aa05bc976369b6e51e52e642'}",mock
0xa25361cdd9a2db2aa7a89722a8a19da59469e54cdf6be2c933d6db528d8f26b0,86000,1,TicketReserved,"{'model_id': 'model_mnist_784_noniid', 'round': 6, 'ticket_id': 311, 'owner': 'acct_11'}",mock
0x2667580f93c6f88c08c45fa44ce5fe7522de263e01aae2d2748b933fada93160,93000,1,UpdatePublished,"{'model_id': 'model_mnist_784_noniid', 'round': 6, 'ticket_id': 311, 'cid': 'sha256:fd2dd01d9c7435e5bd06d98997f6fd1891a69e618b8a54c8834f4e3b4f24bb1f'}",mock
0x0d8f692355356de7468d347b641d583048b018db3f7076a963bc8bf6588b2e32,86000,1,TicketReserved,"{'model_id': 'model_mnist_784_noniid', 'round': 6, 'ticket_id': 312, 'owner': 'acct_12'}",mock
0x0a7aee44fb6e300796461c2e0cb1ca6cd5b0dbcb05a710246210c44c934e42c7,93000,1,UpdatePublished,"{'model_id': 'model_mnist_784_noniid', 'round': 6, 'ticket_id': 312, 'cid': 'sha256:25e32049da69a1c72f0bb673b616121ae18a61b4dc9c505058ae09e4956d44b0'}",mock
0x57e16de061c225ca451359016ff7910cd6c92f16936448be3fbd859e4de721ed,86000,1,TicketReserved,"{'model_id': 'model_mnist_784_noniid', 'round': 6, 'ticket_id': 313, 'owner': 'acct_13'}",mock
0xf15b821bb48795b42ba414921ba1513613f848af1a20f7627565b94cd5e4d493,93000,1,UpdatePublished,"{'model_id': 'model_mnist_784_noniid', 'round': 6, 'ticket_id': 313, 'cid': 'sha256:405c1035487f3c188a53e1755f148e3bd0c8db4a54fe26238aaedee918a8343c'}",mock
0x9f6ffe7f532f8d76a301351e10ed09e1584b46e138bb936a41c56d4ad7507546,86000,1,TicketReserved,"{'model_id': 'model_mnist_784_noniid', 'round': 6, 'ticket_id': 314, 'owner': 'acct_14'}",mock
0xdfa8b727897badcec8e83dd4342c6e9a01bea88f20461a33432158eb05c004d9,93000,1,UpdatePublished,"{'model_id': 'model_mnist_784_noniid', 'round': 6, 'ticket_id': 314, 'cid': 'sha256:510db776fa078093035405bfba2454492e65ab59ae0b941674d30192f7bc4767'}",mock
0xa878c9ffdfa285b6a63f4b85b75e0cd2df6b2f1fe5768f096a6c8768e31154e8,86000,1,TicketReserved,"{'model_id': 'model_mnist_784_noniid', 'round': 6, 'ticket_id': 315, 'owner': 'acct_15'}",mock
0x944b0db855c253fed639fcf43612de789de0d23f0ad22672384721a75e44feed,93000,1,UpdatePublished,"{'model_id': 'model_mnist_784_noniid', 'round': 6, 'ticket_id': 315, 'cid': 'sha256:c4748a52cfb0cc55074ad698bd0883a6925fc8b24cd0c920458d2401c34b7f94'}",mock
0x9bc56901e359fcb3f075be60d5ccf4af55f4f2411cde2f6e662e8be49cdc417b,86000,1,TicketReserved,"{'model_id': 'model_mnist_784_noniid', 'round': 6, 'ticket_id': 316, 'owner': 'acct_16'}",mock
0x78b06cf15c79cad33477b51e48b71a3360bdde10beaa33b409faa8dc8891f745,93000,1,UpdatePublished,"{'model_id': 'model_mnist_784_noniid', 'round': 6, 'ticket_id': 316, 'cid': 'sha256:1153176af40dfe2fed2b45fac2c246d6e5b12492134c71b5a61552494efe6de0'}",mock
0xbffd97c8f6dc0fcc5fffbb6bafe9b997f040570825f8928fd1228c4503d0be9f,86000,1,TicketReserved,"{'model_id': 'model_mnist_784_noniid', 'round': 6, 'ticket_id': 317, 'owner': 'acct_17'}",mock
0xafaf4e007621023294735ca16b181d80c1f5d112120e258d5d066b561688028e,93000,1,UpdatePublished,"{'model_id': 'model_mnist_784_noniid', 'round': 6, 'ticket_id': 317, 'cid': 'sha256:34aa47f3cc9a5219bbed36dc10d6d9d6cc460667398a0587928808347dd1b25b'}",mock
0x2147176867cf7264473f8a412f0e882a887b92150dd089932ab9cba06128f9fc,86000,1,TicketReserved,"{'model_id': 'model_mnist_784_noniid', 'round': 6, 'ticket_id': 318, 'owner': 'acct_18'}",mock
0xa94ff67a9e960c148a54e4f1af902138aa71bc73b0808a0b9a59945fe7b467a7,93000,1,UpdatePublished,"{'model_id': 'model_mnist_784_noniid', 'round': 6, 'ticket_id': 318, 'cid': 'sha256:c42fe13cfd921657100621d549f4754b9bdd2f6ca066d6c83fec66fe3f8e2667'}",mock
0xf20d73a97c0d2461b5c6aee2a986db652ef2faa8bb9708a8167e6cbe0ac4b12a,86000,1,TicketReserved,"{'model_id': 'model_mnist_784_noniid', 'round': 6, 'ticket_id': 319, 'owner': 'acct_19'}",mock
0xc14d89f9cac4c08ac526dc3a6854d4fc82e8e5c36a7cd441358b22594b555eab,93000,1,UpdatePublished,"{'model_id': 'model_mnist_784_noniid', 'round': 6, 'ticket_id': 319, 'cid': 'sha256:02dd9b5d26f499d14f4da36b139defc511e4760763567f2d117fc4aafbe53e66'}",mock
0xbfdb0bcd9630f1cdcca9086c071078953d34b4cc243ad4ca62b9457efeddb14a,86000,1,TicketReserved,"{'model_id': 'model_mnist_784_noniid', 'round': 6, 'ticket_id': 320, 'owner': 'acct_20'}",mock
0xf603e90c0ce6dd60840ad78b27a60a1766ceec13ff56fd721d1db7c95b6a2ba7,93000,1,UpdatePublished,"{'model_id': 'model_mnist_784_noniid', 'round': 6, 'ticket_id': 320, 'cid': 'sha256:d71efc3b6e4fa0d098395e46318facdc20235885430f54bcebd4ecb16b72e3da'}",mock
0x5dce273ea156a58569ef043a1d1b4bdd3d27b452549a92d8ad37f23200478963,86000,1,TicketReserved,"{'model_id': 'model_mnist_784_noniid', 'round': 6, 'ticket_id': 321, 'owner': 'acct_21'}",mock
0x9e05a7885a0005cb25b6087596c5e7b1f675a64802614967259a3ab588e62121,93000,1,UpdatePublished,"{'model_id': 'model_mnist_784_noniid', 'round': 6, 'ticket_id': 321, 'cid': 'sha256:c66adf09e71ef52e6f0d493c980d914f757402f62ef0c8b17f181d25345b393e'}",mock
0x624ea7f7647bc777c036ead7028b1ca3d9596e0de0892edb485d0291e74d8f81,86000,1,TicketReserved,"{'model_id': 'model_mnist_784_noniid', 'round': 6, 'ticket_id': 322, 'owner': 'acct_22'}",mock
0x44ed2c1895df90f2271e764171fa02b87c10a744510e28443303c76379cd5a6e,93000,1,UpdatePublished,"{'model_id': 'model_mnist_784_noniid', 'round': 6, 'ticket_id': 322, 'cid': 'sha256:f065f1b13819d51ae577d7bee238322cf19e4346f69f1f3939b454ec4fe11159'}",mock
0x61e8e0489f485f178686f03698a84c1faf8986c08b7de519b4161482a5cdd226,86000,1,TicketReserved,"{'model_id': 'model_mnist_784_noniid', 'round': 6, 'ticket_id': 323, 'owner': 'acct_23'}",mock
0xa9967c70ef3b8cbb919113e0d7ff75b1b24ef653211a72622bee32dde8a24bc2,93000,1,UpdatePublished,"{'model_id': 'model_mnist_784_noniid', 'round': 6, 'ticket_id': 323, 'cid': 'sha256:de04b2479d25be5dc3029768bb662a9445b39d87c2beb0dc24e88fbbb520b765'}",mock
0x8e9f5877a4f965b84a02b32562adad0592fb4131ab6414346fc68c98f468677f,86000,1,TicketReserved,"{'model_id': 'model_mnist_784_noniid', 'round': 6, 'ticket_id': 324, 'owner': 'acct_24'}",mock
0x1514db89e59936c36c5a80cdbe7bd75f07ce2edf5621b4f16ed00a00e3381399,93000,1,UpdatePublished,"{'model_id': 'model_mnist_784_noniid', 'round': 6, 'ticket_id': 324, 'cid': 'sha256:b1f4c3326595808be8176249d981f9178c3ecb9fd8e1953ddb44c8e7c4face42'}",mock
0xb3ed7e362ebca934621d4eec6826b58749c6ecef96c4c44ceb5cf3d8cb48235f,86000,1,TicketReserved,"{'model_id': 'model_mnist_784_noniid', 'round': 6, 'ticket_id': 325, 'owner': 'acct_25'}",mock
0xb89705a1a04cf7ffd796a4e112e8eca97724b55d6e6c2bcf05cba1efb9187f90,93000,1,UpdatePublished,"{'model_id': 'model_mnist_784_noniid', 'round': 6, 'ticket_id': 325, 'cid': 'sha256:dcd622e71ca8092192d3b7f30fa75110047a21b4026172a15199aff94eb09070'}",mock
0x14e2d38c2b68f1a79e2e52d80e6ff659409d4ddf151aa7ba835c506e7e814364,86000,1,TicketReserved,"{'model_id': 'model_mnist_784_noniid', 'round': 6, 'ticket_id': 326, 'owner': 'acct_26'}",mock
0x3d726b0ba60feb377d46bb46145c0b0b9a45ec799efedfbfbf7d340fbb898565,93000,1,UpdatePublished,"{'model_id': 'model_mnist_784_noniid', 'round': 6, 'ticket_id': 326, 'cid': 'sha256:058796bf9d145bce82b80871115b4cf907a296d610801972bd83f65806804942'}",mock
0x49f72a605cb38d3471184e2aa98ff651735bd806bf257c2eafab62fd4d26b208,86000,1,TicketReserved,"{'model_id': 'model_mnist_784_noniid', 'round': 6, 'ticket_id': 327, 'owner': 'acct_27'}",mock
0xcb93976a20a01bb82c279b1d34d7807bc00cd8d7d102c58334e8dfebd01a1c42,93000,1,UpdatePublished,"{'model_id': 'model_mnist_784_noniid', 'round': 6, 'ticket_id': 327, 'cid': 'sha256:4719b8db65352edeb67f1193381a75508ea6400f8a654fe12a5c52c9e2d3eda2'}",mock
0x35b0de98990f921a3e54651a30e314b818fddf3c74cb06979d4fd8225b38db25,86000,1,TicketReserved,"{'model_id': 'model_mnist_784_noniid', 'round': 6, 'ticket_id': 328, 'owner': 'acct_28'}",mock
0x2adbc49a50e23fc0a2b3b1213a81656cac7af2c96988283684cca9b437dd7de7,93000,1,UpdatePublished,"{'model_id': 'model_mnist_784_noniid', 'round': 6, 'ticket_id': 328, 'cid': 'sha256:f69867ded4bf233ad3832e31fb13694cae6f61037038d888d40f32ce30156b68'}",mock
0xed8007e4e343d272a302b19680f35cd59c3a58c9a9a7484630bffbe079f6bc81,86000,1,TicketReserved,"{'model_id': 'model_mnist_784_noniid', 'round': 6, 'ticket_id': 329, 'owner': 'acct_29'}",mock
0xbdc0c1b2b45ee77b1b391ae9ef3290ca141b9a472eb3a88ad52538f347bcf6e8,93000,1,UpdatePublished,"{'model_id': 'model_mnist_784_noniid', 'round': 6, 'ticket_id': 329, 'cid': 'sha256:581f794ccc7ce11a597b071431f3d68276ff05022afabd40da9e8a068a79a9bd'}",mock
0xca875f58f173f69535b87f997b90db9b96748aa605748c40bd14c3e364b37f13,86000,1,TicketReserved,"{'model_id': 'model_mnist_784_noniid', 'round': 6, 'ticket_id': 330, 'owner': 'acct_30'}",mock
0xa0e5df66696a5ed6f7e3eeb870f2a7d29367bcfd536b7571f6c86b35e8d9994d,93000,1,UpdatePublished,"{'model_id': 'model_mnist_784_noniid', 'round': 6, 'ticket_id': 330, 'cid': 'sha256:f9238b8da7abdbd111fc1e5143ddb9a23e9cdab8b0455622fbaf53f60952345f'}",mock
0x53c1f30ebdf7537efac3e265b90bafc86e18be9653ee3cfc0d8cccb59fc32c30,86000,1,TicketReserved,"{'model_id': 'model_mnist_784_noniid', 'round': 6, 'ticket_id': 331, 'owner': 'acct_31'}",mock
0x21c931524e06c86f183eaf24eef8d8287929b7aee0412b437f9034d853794017,93000,1,UpdatePublished,"{'model_id': 'model_mnist_784_noniid', 'round': 6, 'ticket_id': 331, 'cid': 'sha256:28c2160aab36a231f41f227bb714e8b30f2e7ad5956c7e9aba302484066ad867'}",mock
0x7f1d5a5d52841ddeb1c3074b77294f287ff6ac597a68febf1a7f755536dc6647,86000,1,TicketReserved,"{'model_id': 'model_mnist_784_noniid', 'round': 6, 'ticket_id': 332, 'owner': 'acct_32'}",mock
0xb0b945f2c658e28f336b39333ac8cfbd8f09eb7d18a0a856fd484ad864ddd6f7,93000,1,UpdatePublished,"{'model_id': 'model_mnist_784_noniid', 'round': 6, 'ticket_id': 332, 'cid': 'sha256:8e3d21f518bc69afe0d01992c7bb471d460b837b9567a3b71c52630e10b323d8'}",mock
0xe06ea805d48a90f9ab9e6b0c08705d8bd76c5322fd50692bebb0040a74c7a14c,86000,1,TicketReserved,"{'model_id': 'model_mnist_784_noniid', 'round': 6, 'ticket_id': 333, 'owner': 'acct_33'}",mock
0xa7ed94f8fc0709f236e3bb70fee8dacc21b080f1d79784a2530f5a5b8e336225,93000,1,UpdatePublished,"{'model_id': 'model_mnist_784_noniid', 'round': 6, 'ticket_id': 333, 'cid': 'sha256:d5490b1511c799d6e979fd406ebd094f351f45cda71da39981806ae5b5b9ead2'}",mock
0x83dc863f72d2904777f6125b4db72af3cee8e2ae0ef667eaac95342e14583b81,86000,1,TicketReserved,"{'model_id': 'model_mnist_784_noniid', 'round': 6, 'ticket_id': 334, 'owner': 'acct_34'}",mock
0x86ca32de6e4586f3d1bf1d76d7d0d1e0bcf60100d0db0beeda4c6e31aa38ec5e,93000,1,UpdatePublished,"{'model_id': 'model_mnist_784_noniid', 'round': 6, 'ticket_id': 334, 'cid': 'sha256:a29931d587efa1f6765749a21c4180327905a4987a78d7a77447e75569189521'}",mock
0xfb982b6fe9be877c930c154b59d926d53d3bc01ab3d30fe67105bbc95f19e0fd,86000,1,TicketReserved,"{'model_id': 'model_mnist_784_noniid', 'round': 6, 'ticket_id': 335, 'owner': 'acct_35'}",mock
0x37f10c4ff35bad09fb5100414c4a1a2bdd3a5d69a0d52db11fc63e057a895980,93000,1,UpdatePublished,"{'model_id': 'model_mnist_784_noniid', 'round': 6, 'ticket_id': 335, 'cid': 'sha256:51913cf31b1919a6cf68e97b5bfe668b02eee3ebfda9aaaecad1df3192c3b486'}",mock
0xd979c1caaf7897e906b94a36f93b74c098a37fa0bb096dc4f87f6b82293a3ce9,86000,1,TicketReserved,"{'model_id': 'model_mnist_784_noniid', 'round': 6, 'ticket_id': 336, 'owner': 'acct_36'}",mock
0x35a5e3fc5408db4d4b892b08314d09daf84bf67e092a1dd0bc65110725b5479c,93000,1,UpdatePublished,"{'model_id': 'model_mnist_784_noniid', 'round': 6, 'ticket_id': 336, 'cid': 'sha256:8276c95607c8bb09a1a3a8f491382044815289e545aa8cf0033b2ec816160b7b'}",mock
0xf30b5c260cf10032134a0a7ccf2dae5913404e15a0112c3643dcb4e3a9fc8668,86000,1,TicketReserved,"{'model_id': 'model_mnist_784_noniid', 'round': 6, 'ticket_id': 337, 'owner': 'acct_37'}",mock
0x8980531a65d39d6ddf1ec3e98ad481f4ae741ca865f06bf56b94e2d19cfc070d,93000,1,UpdatePublished,"{'model_id': 'model_mnist_784_noniid', 'round': 6, 'ticket_id': 337, 'cid': 'sha256:1945d3dbfc0a22cac2e02cff71aee641cfd600884663a6e5f02fd2b732b7f68b'}",mock
0xc6383400d857476b1ef686318675ca200b059f6bff75e5f8c31961507208e1a1,86000,1,TicketReserved,"{'model_id': 'model_mnist_784_noniid', 'round': 6, 'ticket_id': 338, 'owner': 'acct_38'}",mock
0xd3bea46c48b6351d2cc32d88f2e3240133be071fdbeeaf0fa72ee67331136a93,93000,1,UpdatePublished,"{'model_id': 'model_mnist_784_noniid', 'round': 6, 'ticket_id': 338, 'cid': 'sha256:3661ca455017a946a49c04e26b551117a99d2a8b3d7ac61f8ed73deb0acacb17'}",mock
0x4a1a91b558a91778830c327ec76a0d07518cd918c93792f0dd01ca00073c30ab,86000,1,TicketReserved,"{'model_id': 'model_mnist_784_noniid', 'round': 6, 'ticket_id': 339, 'owner': 'acct_39'}",mock
0x68d65eb743861ae6f40efb813400681c9a0780ce7b3f46ad2e6090677400cf9c,93000,1,UpdatePublished,"{'model_id': 'model_mnist_784_noniid', 'round': 6, 'ticket_id': 339, 'cid': 'sha256:55dc9352a138bc6db705a232db0b00ea8a8317c00ea13baa9f1296723487deda'}",mock
0x5c90aeac2506b6d8419e39aded52a801976dccd3d31f25a8ad5742f66d0f8f59,86000,1,TicketReserved,"{'model_id': 'model_mnist_784_noniid', 'round': 6, 'ticket_id': 340, 'owner': 'acct_40'}",mock
0x074acf9317dfc11d7528dd1362816f8f966aad1796baf0c13b039bc8c418beb5,93000,1,UpdatePublished,"{'model_id': 'model_mnist_784_noniid', 'round': 6, 'ticket_id': 340, 'cid': 'sha256:1eba509aa6b5f2d650cc5266f4ac1113908776b9401858b1bdb474985743af46'}",mock
0xf85b740f5764b5810f54dbeb7bd27a09aef4407dfa405c7f919ccffe9f273b9e,86000,1,TicketReserved,"{'model_id': 'model_mnist_784_noniid', 'round': 6, 'ticket_id': 341, 'owner': 'acct_41'}",mock
0x94b73175033cdc9314bfc20e78ff198417da3a7e7fa8cb5045bc9abb02a01201,93000,1,UpdatePublished,"{'model_id': 'model_mnist_784_noniid', 'round': 6, 'ticket_id': 341, 'cid': 'sha256:0980eef13e521c08a03da033e8354bba945eb4e486d6a29eb06a4a6289f112df'}",mock
0xf1e6bf34e339f7481bc8841292265d6e8a78ed95224e5ac8872c8cf31a33dbce,86000,1,TicketReserved,"{'model_id': 'model_mnist_784_noniid', 'round': 6, 'ticket_id': 342, 'owner': 'acct_42'}",mock
0xe7fdd5fcbd4350182a73ad9e4551deace17d41614065e86accf75cb2db7a2719,93000,1,UpdatePublished,"{'model_id': 'model_mnist_784_noniid', 'round': 6, 'ticket_id': 342, 'cid': 'sha256:cac79deeeeb6d02b4009b1a412144f9e6fddf8b576fda99194ab8ca9faafb491'}",mock
0x4bde6bc975ab8f7cd2719d320b556dbceb4389f18037ea6790ec5f5c71f72866,86000,1,TicketReserved,"{'model_id': 'model_mnist_784_noniid', 'round': 6, 'ticket_id': 343, 'owner': 'acct_43'}",mock
0x022f277e2986df39a0604e00fa75d889559b97f46c278a7d81c182b96921b8f3,93000,1,UpdatePublished,"{'model_id': 'model_mnist_784_noniid', 'round': 6, 'ticket_id': 343, 'cid': 'sha256:db0b868f487988bf308aeff92d428995d91bc91ae309721b8ec5daa45efcf964'}",mock
0xb572bf5082f0a75b55b509321fe01f35efa2ba2af2336e8c717986e38ec998ee,86000,1,TicketReserved,"{'model_id': 'model_mnist_784_noniid', 'round': 6, 'ticket_id': 344, 'owner': 'acct_44'}",mock
0xf20776c481252d3d1ebf16e08eba89223ffacad896e657efd3cf799f70f4a4cd,93000,1,UpdatePublished,"{'model_id': 'model_mnist_784_noniid', 'round': 6, 'ticket_id': 344, 'cid': 'sha256:80f5e16e365dd9b31cf18ee1772bd7da225c42d0f78ad302b428c55f68266d5b'}",mock
0xd7ab18a47e112bb013a1658581296fda8a8839d598d50437fa41594841cd5fce,86000,1,TicketReserved,"{'model_id': 'model_mnist_784_noniid', 'round': 6, 'ticket_id': 345, 'owner': 'acct_45'}",mock
0x1328c9d78ca1193e5ccd56a5d66bdc97e195a187f6a33b35b1c0489746616f6a,93000,1,UpdatePublished,"{'model_id': 'model_mnist_784_noniid', 'round': 6, 'ticket_id': 345, 'cid': 'sha256:25c5bf3729e351a6366b26f83d187c143900f92ed100a59fb4180ba8a2e6dc57'}",mock
0xcaab30b60e1c5f19bb09dab26cd30128389fff6c8294bb1ef0ec492a5f1b6bfe,86000,1,TicketReserved,"{'model_id': 'model_mnist_784_noniid', 'round': 6, 'ticket_id': 346, 'owner': 'acct_46'}",mock
0x5891c6e88cc40d746c2e8343e902596cb86fa3e54367cd57bb1d229bdcc1b551,93000,1,UpdatePublished,"{'model_id': 'model_mnist_784_noniid', 'round': 6, 'ticket_id': 346, 'cid': 'sha256:a8a9c55fa47fdf22e4a1031b3d350cc6f55677da51947d871ff0d75cb45a5f1a'}",mock
0x15848e7c71c38e8695744bf2fea5dc8c39531f3f3b136788734fc5ff352e0300,86000,1,TicketReserved,"{'model_id': 'model_mnist_784_noniid', 'round': 6, 'ticket_id': 347, 'owner': 'acct_47'}",mock
0x95f7ee2eca2437c42093e13278aae8a006c0b95615a156e50c454bc9a878bd19,93000,1,UpdatePublished,"{'model_id': 'model_mnist_784_noniid', 'round': 6, 'ticket_id': 347, 'cid': 'sha256:afceb8256c4edf81f542e566e61eff64394d0e0fc8131529e62eb8c9404d9a6d'}",mock
0xbf30bfbaffca0023688aedf5d2e88462494bfee0d5a90ce773a22757517fc1bf,86000,1,TicketReserved,"{'model_id': 'model_mnist_784_noniid', 'round': 6, 'ticket_id': 348, 'owner': 'acct_48'}",mock
0x5d3158b013b9380dbcc3b385227a381efc93350ebad210a022623e1dc8e0e78d,93000,1,UpdatePublished,"{'model_id': 'model_mnist_784_noniid', 'round': 6, 'ticket_id': 348, 'cid': 'sha256:4f332e77af516bca58308240f28b2e1d5e52ced7fd9888dfde1e9f797ddd5888'}",mock
0x51040372615fd902a68918a86507da39a12af786fcae3c74545b20c50891630e,86000,1,TicketReserved,"{'model_id': 'model_mnist_784_noniid', 'round': 6, 'ticket_id': 349, 'owner': 'acct_49'}",mock
0xcc8f4898d5642f835837adefeb1fbb38708567a08b71d2e10c42584c8e21b2cb,93000,1,UpdatePublished,"{'model_id': 'model_mnist_784_noniid', 'round': 6, 'ticket_id': 349, 'cid': 'sha256:93db0920e65c6a448afcf597c58c36654d5de9ea12e6ca7198ed6c6c57bdde4b'}",mock
0x20c2262f8de027a13f12e9fb40422bde30bc917c081bd25cd2452e352cc811a3,86000,1,TicketReserved,"{'model_id': 'model_mnist_784_noniid', 'round': 6, 'ticket_id': 350, 'owner': 'acct_50'}",mock
0x5bc5ed054ae1953a2a23d0d6a39b5b850e81074f5c6da529e33bd3745133d6a0,93000,1,UpdatePublished,"{'model_id': 'model_mnist_784_noniid', 'round': 6, 'ticket_id': 350, 'cid': 'sha256:7753c16638726cbbb0d2904ccacaffa7976a87c63f22e68a4644b5abff0d3bfd'}",mock
0x3806a375e6d458b4915362192edfc11a8a4b08a539e70bae729cbd26a626c192,1085000,1,RoundFinalized,"{'model_id': 'model_mnist_784_noniid', 'round': 6, 'included': 46, 'refunds': 50}",mock
0x2df27144a72c75d29788e44062ed9a98fa10486dcbe0327d698b60f9f89dea4d,52000,1,RoundFunded,"{'model_id': 'model_mnist_784_noniid', 'amount_wei': 10000000000000000}",mock
0x792f6035bef743a078c8ce698671e7e3b76bd2fd87c0b48b045c7c249c78a7bc,86000,1,TicketReserved,"{'model_id': 'model_mnist_784_noniid', 'round': 7, 'ticket_id': 351, 'owner': 'acct_1'}",mock
0x45940cba23cd077546ed6960a1f7d192931e7175796b1dab80159788dca5fa10,93000,1,UpdatePublished,"{'model_id': 'model_mnist_784_noniid', 'round': 7, 'ticket_id': 351, 'cid': 'sha256:b9ead0cd6376c48f72e8c617129756aa30bad9bc1b0f7d1259022a766499713e'}",mock
0x02370a68aa1de893f70fd9ae3d00e94cdc82dd56f6880a4725d0a2cce398f4e7,86000,1,TicketReserved,"{'model_id': 'model_mnist_784_noniid', 'round': 7, 'ticket_id': 352, 'owner': 'acct_2'}",mock
0xe00e3e4170ffd4ff7fbd32254dbfc5dfb8023489bca80f2bf26570ac244e06bd,93000,1,UpdatePublished,"{'model_id': 'model_mnist_784_noniid', 'round': 7, 'ticket_id': 352, 'cid': 'sha256:223050307412b9c2e4ebb8974a47c7a9980398cd39b5145ce916d24be2f468cd'}",mock
0xb11b19adbbc5935d669f7d2f6a1bf65f4c1684d9c692b92f38b851aa3d8a538e,86000,1,TicketReserved,"{'model_id': 'model_mnist_784_noniid', 'round': 7, 'ticket_id': 353, 'owner': 'acct_3'}",mock
0xe4a2481e8e25496bc66a9cddbff1dd58804dfb34e9fb07025be3c158346655ec,93000,1,UpdatePublished,"{'model_id': 'model_mnist_784_noniid', 'round': 7, 'ticket_id': 353, 'cid': 'sha256:85abe7d252ac0812a257cbf4e82ad2a0a417f98c892d166a8ba008140fdfc3c5'}",mock
0x00f336adc78aabf36298c52011ec34882eea841446195da0195942235cb043bb,86000,1,TicketReserved,"{'model_id': 'model_mnist_784_noniid', 'round': 7, 'ticket_id': 354, 'owner': 'acct_4'}",mock
0xc0d07b888535adafdf18a583284d886250dddb44e0c5a88c1cfcedbae23ebd3f,93000,1,UpdatePublished,"{'model_id': 'model_mnist_784_noniid', 'round': 7, 'ticket_id': 354, 'cid': 'sha256:f7dd97ced8ab66f4ca7fb6803d5043f51dccdcbe29a96e41bcf5c879679293e8'}",mock
0x314d86874d332065d3fa238dffd0b81f9e250606b34ee78c084b65bb7ca8c123,86000,1,TicketReserved,"{'model_id': 'model_mnist_784_noniid', 'round': 7, 'ticket_id': 355, 'owner': 'acct_5'}",mock
0xef50ede80c8be00e8d3935d76890cd05b936312efa1c6410d4379e0ba24e445c,93000,1,UpdatePublished,"{'model_id': 'model_mnist_784_noniid', 'round': 7, 'ticket_id': 355, 'cid': 'sha256:4728b203bce9583a4cda25e4a6705a06225ded3a827b3b28fea0652edf87ba95'}",mock
0x1007fb301b6f181d392bc03aa524e303bd1040b4a83ee67ad13cabe697210cf1,86000,1,TicketReserved,"{'model_id': 'model_mnist_784_noniid', 'round': 7, 'ticket_id': 356, 'owner': 'acct_6'}",mock
0x1facb6ccae6825641fd6f285247829e797353d5ac609c0195173059d71917c16,93000,1,UpdatePublished,"{'model_id': 'model_mnist_784_noniid', 'round': 7, 'ticket_id': 356, 'cid': 'sha256:6a1b471a744af084c544baaec86b39cef977bb0a43ed1f8fbb015733399f0640'}",mock
0x382a72281fad930b4a69116831fc90bbd722dbcb492e1c6c5db36a354d3b81a2,86000,1,TicketReserved,"{'model_id': 'model_mnist_784_noniid', 'round': 7, 'ticket_id': 357, 'owner': 'acct_7'}",mock
0x078089fb71929c06ab540c5d0778b12cc8a9169b588ee950105b454346602670,93000,1,UpdatePublished,"{'model_id': 'model_mnist_784_noniid', 'round': 7, 'ticket_id': 357, 'cid': 'sha256:6dcaf7ae1df4894352ea965a3a79d7861988578810a65b1586a21069f32468c5'}",mock
0x85127b46e7654f72e3b5373342d93f3291be11d171736f357744bbaee87e7ca7,86000,1,TicketReserved,"{'model_id': 'model_mnist_784_noniid', 'round': 7, 'ticket_id': 358, 'owner': 'acct_8'}",mock
0x6bfc4ac42b20900d50371f1cf413aa69b80cf43e6ae7463530d575daeb3f22fe,93000,1,UpdatePublished,"{'model_id': 'model_mnist_784_noniid', 'round': 7, 'ticket_id': 358, 'cid': 'sha256:ac9d2d2d03188ed2274c4bbdf9ca54a9797933e1e713e00da4efba58c67ba239'}",mock
0xca91c2df14802c12335f67010957f8d5f5ba2613e09af2e1cf837a1979545d59,86000,1,TicketReserved,"{'model_id': 'model_mnist_784_noniid', 'round': 7, 'ticket_id': 359, 'owner': 'acct_9'}",mock
0x731eb635e2f0cae7d4b7ade12ade1eb0ccbe7e012483e4306df478c75900352d,93000,1,UpdatePublished,"{'model_id': 'model_mnist_784_noniid', 'round': 7, 'ticket_id': 359, 'cid': 'sha256:1b40a72dd7d11a58a509dceb184dd06b629a2e8e276db6bc67bf9154812aef93'}",mock
0x93e8d0adb2a565815e189c267b3ea706ef285048fac633b8e1f7714e494323c9,86000,1,TicketReserved,"{'model_id': 'model_mnist_784_noniid', 'round': 7, 'ticket_id': 360, 'owner': 'acct_10'}",mock
0xa3e3e2c2d3e620b0f8bc6a13f287b4fc4426651ea605440bbac2b141dcf3f601,93000,1,UpdatePublished,"{'model_id': 'model_mnist_784_noniid', 'round': 7, 'ticket_id': 360, 'cid': 'sha256:381fd162042f7dd6879b1ea6e22ec4330c25657bc532618dcf14ca3127c1e56a'}",mock
0xa8a59bd5a4b454d43898cb315689b72deb547a2beb90afe4a736af33712bbd39,86000,1,TicketReserved,"{'model_id': 'model_mnist_784_noniid', 'round': 7, 'ticket_id': 361, 'owner': 'acct_11'}",mock
0x9920e448973eab0b4a9233f6e8f505ee8cec2c212c1982535700f0443a7bfbf8,93000,1,UpdatePublished,"{'model_id': 'model_mnist_784_noniid', 'round': 7, 'ticket_id': 361, 'cid': 'sha256:30fc9f213ed581069d0586c2faa337f2c846d8cad0facfa4eb3c900b76445f3e'}",mock
0x0441de4e0821e1fb0dceee38c9a1b210aaa4f2bbb432d3e9ef74fff43af9c393,86000,1,TicketReserved,"{'model_id': 'model_mnist_784_noniid', 'round': 7, 'ticket_id': 362, 'owner': 'acct_12'}",mock
0xe8bcc3ea8513cda27c3a1aa16880089d12390f2d87e08f5044323a6d6f52c36c,93000,1,UpdatePublished,"{'model_id': 'model_mnist_784_noniid', 'round': 7, 'ticket_id': 362, 'cid': 'sha256:282f76dd8f7e17f71bb7864440a27f2d42b58603e0c28f2adeab3b1705e581f3'}",mock
0x4c3fbd563ce61493be4e8913c8aef5af2555d6aeaa49d995d2ca6716a7669d69,86000,1,TicketReserved,"{'model_id': 'model_mnist_784_noniid', 'round': 7, 'ticket_id': 363, 'owner': 'acct_13'}",mock
0x2bd79ad584a7bdb9c7827e2146ef77e14a41e2fbfdf549d6f1ad30b78a6033f4,93000,1,UpdatePublished,"{'model_id': 'model_mnist_784_noniid', 'round': 7, 'ticket_id': 363, 'cid': 'sha256:f411a2ea914cfc8b9fc328e2cfb042cc9388b6d1fefc2592cb2243ca6f414a84'}",mock
0x3f323cebd2878a5dee8152c65a868c752b03ace1115aa2522eb13700ddb2ad04,86000,1,TicketReserved,"{'model_id': 'model_mnist_784_noniid', 'round': 7, 'ticket_id': 364, 'owner': 'acct_14'}",mock
0x8d6f241d23c849b20e958ec458df7154d654442c275678b89f8a3f5fabd759e3,93000,1,UpdatePublished,"{'model_id': 'model_mnist_784_noniid', 'round': 7, 'ticket_id': 364, 'cid': 'sha256:203b2f45f80a62529e8ecbe45622ef659799df83642daaafe533c680ebadb9d5'}",mock
0x4d669972ef3c2be20de8ca9c93c5496a86db1618871ebb19a4a431e327cbc278,86000,1,TicketReserved,"{'model_id': 'model_mnist_784_noniid', 'round': 7, 'ticket_id': 365, 'owner': 'acct_15'}",mock
0x60445eb6e232d2080787ef2c564afe67d20a3d2f810ad92fb227de29f3206461,93000,1,UpdatePublished,"{'model_id': 'model_mnist_784_noniid', 'round': 7, 'ticket_id': 365, 'cid': 'sha256:9718ef003f1c299a3d63c7cf71641472603caf1c853c5afa96701186b66947c8'}",mock
0x9e952c665d22998dc6317ae4101c6da26837a330b80fe95bf35970ffdd664832,86000,1,TicketReserved,"{'model_id': 'model_mnist_784_noniid', 'round': 7, 'ticket_id': 366, 'owner': 'acct_16'}",mock
0x6e33fee86c598e02b8da3e2a7c34163efa481c866671272085de2d128953bd04,93000,1,UpdatePublished,"{'model_id': 'model_mnist_784_noniid', 'round': 7, 'ticket_id': 366, 'cid': 'sha256:ed80e5725c55e4e53dce37432451c76b12eee9b476d85462a99df9ac083d893c'}",mock
0x48684180e48698d81796928e979ed601fd6614d5cb346c44451e347a821bddf5,86000,1,TicketReserved,"{'model_id': 'model_mnist_784_noniid', 'round': 7, 'ticket_id': 367, 'owner': 'acct_17'}",mock
0xed63ae834c0ef02e31b631ceb9384f74fded610860684dce284419de6c79f1c8,93000,1,UpdatePublished,"{'model_id': 'model_mnist_784_noniid', 'round': 7, 'ticket_id': 367, 'cid': 'sha256:0aba1b648cacc9fe335ac6afb8abd4a5bd6e1d54d69fa3bf9736d4b5c4ab8999'}",mock
0xb0070ff3348bc82a698b82fb755aff4a92ed5aa62e45c6dc2b0fb767176a6e0d,86000,1,TicketReserved,"{'model_id': 'model_mnist_784_noniid', 'round': 7, 'ticket_id': 368, 'owner': 'acct_18'}",mock
0x2412c97a94085a458b3dbaa59a7ecc8ef0fb10da18e87c8522f78ce9b1190063,93000,1,UpdatePublished,"{'model_id': 'model_mnist_784_noniid', 'round': 7, 'ticket_id': 368, 'cid': 'sha256:c664e5fea06463584b31ade5f6e7679c16caff67f38f58cc4a965aad3de15363'}",mock
0x7ad855d747d79c40ddffd401a7f1b76476fee9147a4f24b7d99d1f90305ebae9,86000,1,TicketReserved,"{'model_id': 'model_mnist_784_noniid', 'round': 7, 'ticket_id': 369, 'owner': 'acct_19'}",mock
0x53bb8a28c011aceac804f88742235621333df5629d64cf4cf995589f467e34e3,93000,1,UpdatePublished,"{'model_id': 'model_mnist_784_noniid', 'round': 7, 'ticket_id': 369, 'cid': 'sha256:f4b09989545ccce9c06cccb110fffa0964ab57b2f2e98c9771791eb5b1835d63'}",mock
0x9fe35e61eada148e52e9d32ab40f0095971f9b59248026cdebb787d573e2fb02,86000,1,TicketReserved,"{'model_id': 'model_mnist_784_noniid', 'round': 7, 'ticket_id': 370, 'owner': 'acct_20'}",mock
0xd79fd2f092e458216d307289e83073e5760995bfa4028059e783e44387bc5cd5,93000,1,UpdatePublished,"{'model_id': 'model_mnist_784_noniid', 'round': 7, 'ticket_id': 370, 'cid': 'sha256:bf5d529f219a68652f8f74b909cd15bbf2c09027c605642764042f0ebd3fa808'}",mock
0x58f3dfeec37713f8735446d393b7b39469000abe8a4805ab4deb233044c53daf,86000,1,TicketReserved,"{'model_id': 'model_mnist_784_noniid', 'round': 7, 'ticket_id': 371, 'owner': 'acct_21'}",mock
0x72b14204668309253d84222921c22cc6c0487c6f5f32da41720169074c748671,93000,1,UpdatePublished,"{'model_id': 'model_mnist_784_noniid', 'round': 7, 'ticket_id': 371, 'cid': 'sha256:7bcae76f0e90d74940ec89364e27677fea75c46c09ac73faa2d0106331a673e0'}",mock
0x555363aa53bb09565ce8aa309525a01759b42b3195bd3466805b78eecd64bed4,86000,1,TicketReserved,"{'model_id': 'model_mnist_784_noniid', 'round': 7, 'ticket_id': 372, 'owner': 'acct_22'}",mock
0xd0c499c53bfe3a0b749a637d76b226ab75acf3e72ef06ac4a4430cc40174d6bc,93000,1,UpdatePublished,"{'model_id': 'model_mnist_784_noniid', 'round': 7, 'ticket_id': 372, 'cid': 'sha256:7b8e8de812688056f54e8c25fc9e685751c8b2f28ac6a236f420758ba073c402'}",mock
0xffd49fe7d133a6d4bb4793721d59431a773725956bd6cb95fc8ffbd3c16a7b25,86000,1,TicketReserved,"{'model_id': 'model_mnist_784_noniid', 'round': 7, 'ticket_id': 373, 'owner': 'acct_23'}",mock
0x55c3a4f061b087f69ab5366125f232e176b10415c652bfabfc3d96d317aec08f,93000,1,UpdatePublished,"{'model_id': 'model_mnist_784_noniid', 'round': 7, 'ticket_id': 373, 'cid': 'sha256:2a6777d45589f2c07399a8e14399188eff348efa1dc0b049add7cb2614651249'}",mock
0xc560561a3eb5cf07c30379babf49d69ee2d117dee730e079c2fae51cff100449,86000,1,TicketReserved,"{'model_id': 'model_mnist_784_noniid', 'round': 7, 'ticket_id': 374, 'owner': 'acct_24'}",mock
0x23c94282b12806a02d30b9a90cff5aff2fe43ed89841ce6eae1f0b5cf44a9577,93000,1,UpdatePublished,"{'model_id': 'model_mnist_784_noniid', 'round': 7, 'ticket_id': 374, 'cid': 'sha256:7906729bea209653d6b627cbd068d11649cb723c6a627c1e6a7b9653d357906a'}",mock
0x2d3c2bbc821c666c42e56b24a6e2ce12f90007c9faf8ba329af816f545aaa18a,86000,1,TicketReserved,"{'model_id': 'model_mnist_784_noniid', 'round': 7, 'ticket_id': 375, 'owner': 'acct_25'}",mock
0x95c3fa42b3c1b4d602a45a72968dfbf262056a5f53df4412ad6d4474297492f8,93000,1,UpdatePublished,"{'model_id': 'model_mnist_784_noniid', 'round': 7, 'ticket_id': 375, 'cid': 'sha256:ec14d7841b417e807895f01ed99b6ad4747df784155076b032f0094f6e8e648b'}",mock
0x52e8d4263e476a4a592c3339a57d359964511abf92d8668d8a9627bc9536fc9e,86000,1,TicketReserved,"{'model_id': 'model_mnist_784_noniid', 'round': 7, 'ticket_id': 376, 'owner': 'acct_26'}",mock
0xedd0ac00895e67bae38041c0bfd9bdeaabc2b034782bd74c9a0d85afdea8658c,93000,1,UpdatePublished,"{'model_id': 'model_mnist_784_noniid', 'round': 7, 'ticket_id': 376, 'cid': 'sha256:10a1a4182d2a149a969d1df55706a737b74301947418a38a2964d372acb31fb3'}",mock
0xa22cf4c2545ef3b93878b197ced67002ce2d43029a7551789e1a6dbd24b6cebe,86000,1,TicketReserved,"{'model_id': 'model_mnist_784_noniid', 'round': 7, 'ticket_id': 377, 'owner': 'acct_27'}",mock
0xc1d36166ad5d61c2a290dc5f79ff15a3140bb86a04406ef0a78c42f7ef14ce91,93000,1,UpdatePublished,"{'model_id': 'model_mnist_784_noniid', 'round': 7, 'ticket_id': 377, 'cid': 'sha256:fe60ba51cd00ed12ab37c4f621bffea8917cdba7c7f715a1720679ea38ccd8ad'}",mock
0x3e5205aefe5278db1b60422462f8fd4b8e760296ca349d1417b44f63bc1e41c8,86000,1,TicketReserved,"{'model_id': 'model_mnist_784_noniid', 'round': 7, 'ticket_id': 378, 'owner': 'acct_28'}",mock
0x4459b04d9b78a91f74fafa4bdf9a1492b7695da17ca7343edcb6df2b96c17921,93000,1,UpdatePublished,"{'model_id': 'model_mnist_784_noniid', 'round': 7, 'ticket_id': 378, 'cid': 'sha256:d56e0869f115ca7a8a67114fbd4d8628a272921b63afd7bff455c063276c3155'}",mock
0x67a80dec2d1ff74cfb739a7965a26b8899e768946a2f4ba415ea459a6e0d2e6f,86000,1,TicketReserved,"{'model_id': 'model_mnist_784_noniid', 'round': 7, 'ticket_id': 379, 'owner': 'acct_29'}",mock
0x57d921fe2a243d7f71299afd6202e5d329cbe66f9ea8d61117afaa743c4bdf2d,93000,1,UpdatePublished,"{'model_id': 'model_mnist_784_noniid', 'round': 7, 'ticket_id': 379, 'cid': 'sha256:18deed32a0683fab22d9b6f327fb6965deabef82881bd8a234ccd96edbdde5b0'}",mock
0xdda25a46969d66c72da3d23de5eb3e758b8a77b2fe0be25efdd2bdb3d5b1a75a,86000,1,TicketReserved,"{'model_id': 'model_mnist_784_noniid', 'round': 7, 'ticket_id': 380, 'owner': 'acct_30'}",mock
0xb33023373ae6566629962801c90c7f0c84b1b2af2bddec506f142a25307fdf1f,93000,1,UpdatePublished,"{'model_id': 'model_mnist_784_noniid', 'round': 7, 'ticket_id': 380, 'cid': 'sha256:82f82bd642abcb4381dd5d03c6379c08e4ed791ae31b1db216d58930ebe7d960'}",mock
0xde17fe1c1ab70604d2aaf7f933cab91cb8cc739b5b69887e2a3f296d9efde2f9,86000,1,TicketReserved,"{'model_id': 'model_mnist_784_noniid', 'round': 7, 'ticket_id': 381, 'owner': 'acct_31'}",mock
0x68ef49e950ccade172712d71758f55b38ff1589088463c9bc528c4f285fd8a7d,93000,1,UpdatePublished,"{'model_id': 'model_mnist_784_noniid', 'round': 7, 'ticket_id': 381, 'cid': 'sha256:3cb86d59b06b3f1a74f8a9b55c9a08bcff9fcfa392eec7281ab9298474f622a5'}",mock
0xc0c68775d83e63d969397616f9cfb7fa5b86e17b5432835ede3b70cbb94eb466,86000,1,TicketReserved,"{'model_id': 'model_mnist_784_noniid', 'round': 7, 'ticket_id': 382, 'owner': 'acct_32'}",mock
0x1880e96f1b670ef80797fde64324d246881ca9891fbab9841ccc1cb5a1c795cd,93000,1,UpdatePublished,"{'model_id': 'model_mnist_784_noniid', 'round': 7, 'ticket_id': 382, 'cid': 'sha256:46d2765704ce51838307a65fcf27afd2eb980616721856695d0f8c9fdc37628b'}",mock
0x6e57cccb44b79bbe8abf9ef8a7fdf4e86f20d4a57142f694ff76988e679c93a5,86000,1,TicketReserved,"{'model_id': 'model_mnist_784_noniid', 'round': 7, 'ticket_id': 383, 'owner': 'acct_33'}",mock
0x2050986ae45d5e4d33e028aee39a5f0057c213ebaf054bee7c03de5cb36467bc,93000,1,UpdatePublished,"{'model_id': 'model_mnist_784_noniid', 'round': 7, 'ticket_id': 383, 'cid': 'sha256:2da2f8afa4d9b22c319c89de09ebafc81bc0e3b874c0a191fe718df9567826cd'}",mock
0x0cb46067b36afc580b69c496ecb51b3c76616f663658674223417b55a736cf0f,86000,1,TicketReserved,"{'model_id': 'model_mnist_784_noniid', 'round': 7, 'ticket_id': 384, 'owner': 'acct_34'}",mock
0x9fa51792d2e09a6b38e06ad0665a462f0cb2c02bf5f3c16d72edf2de5cdfc0aa,93000,1,UpdatePublished,"{'model_id': 'model_mnist_784_noniid', 'round': 7, 'ticket_id': 384, 'cid': 'sha256:61644059a62e1f333157f8128cac73c8a3e250f1e44075894ac02dd81405fcd3'}",mock
0x3279bbf897d83892cb510c20223d8b9736145e0edd085d03817387609501cd70,86000,1,TicketReserved,"{'model_id': 'model_mnist_784_noniid', 'round': 7, 'ticket_id': 385, 'owner': 'acct_35'}",mock
0xb6cc3a00cb649a9be4efeb1e06dac38775b8a60aaf551740364a3438caf0e99f,93000,1,UpdatePublished,"{'model_id': 'model_mnist_784_noniid', 'round': 7, 'ticket_id': 385, 'cid': 'sha256:5fc5cdea955304d236501e557da0ab07cee9f028af7098044334d6f9ebff799e'}",mock
0x4382452dab80d48009461d1708237397fdd43d5c433d394b2f67a20a3865850b,86000,1,TicketReserved,"{'model_id': 'model_mnist_784_noniid', 'round': 7, 'ticket_id': 386, 'owner': 'acct_36'}",mock
0xb64c444dce0134016bc8f75efbe345df387b3d4d79af8090cda18f031a6af826,93000,1,UpdatePublished,"{'model_id': 'model_mnist_784_noniid', 'round': 7, 'ticket_id': 386, 'cid': 'sha256:17989a75b9715e8871aba3afb764de02c8856f66d88fdfa688582a598cc64c89'}",mock
0x070307bb644d1ff20755ee098541bdc3ae8eb0bca62e8f93c0075ffe0b4c6438,86000,1,TicketReserved,"{'model_id': 'model_mnist_784_noniid', 'round': 7, 'ticket_id': 387, 'owner': 'acct_37'}",mock
0x888ecfbdf39b8c55e24c5495b2ef75ed1d51a0005cb09ae43b360cbc934800ff,93000,1,UpdatePublished,"{'model_id': 'model_mnist_784_noniid', 'round': 7, 'ticket_id': 387, 'cid': 'sha256:b009d1ea104576589a68bdd7020bdf47ff0984ce87a2925e3f6d27a6167d4f31'}",mock
0xa1a4763b7225cb8d2df242546c8b0675786accf6c93e92e93ee9741b7e2148af,86000,1,TicketReserved,"{'model_id': 'model_mnist_784_noniid', 'round': 7, 'ticket_id': 388, 'owner': 'acct_38'}",mock
0xfa0f3eb5ba7edbfa92564745473ddd69873b777389fe2699fda30adc72a84f5e,93000,1,UpdatePublished,"{'model_id': 'model_mnist_784_noniid', 'round': 7, 'ticket_id': 388, 'cid': 'sha256:12ce70010e876232c7a2d93f5717554f6301ac85c6793afda2dd11abb6524c8b'}",mock
0xfc106f99f2a497633b5f81ba7ad622d77295eaec00cc0116a582b1b498ff14a5,86000,1,TicketReserved,"{'model_id': 'model_mnist_784_noniid', 'round': 7, 'ticket_id': 389, 'owner': 'acct_39'}",mock
0xff129222b943637e289bd59a9d262eef52cedb5ad29db5f9bb2fffe4bb4bb4fe,93000,1,UpdatePublished,"{'model_id': 'model_mnist_784_noniid', 'round': 7, 'ticket_id': 389, 'cid': 'sha256:59ed448fc73302bc097336fe541d42bb825267f9363033344098dd7c07276c46'}",mock
0x813910a83957a6920216c7246b5d5ff8ff3cd556172a1d0d4a6e195904c93097,86000,1,TicketReserved,"{'model_id': 'model_mnist_784_noniid', 'round': 7, 'ticket_id': 390, 'owner': 'acct_40'}",mock
0x1b931851df658e39f5f3ca57f9771cf354359e1777826f19cfa8ef9dd9e374bb,93000,1,UpdatePublished,"{'model_id': 'model_mnist_784_noniid', 'round': 7, 'ticket_id': 390, 'cid': 'sha256:3db4fdabd6dc38eb3eb98c1f39cca7ae5ffab233b625f796f0063c9ef02bbcea'}",mock
0xdffd41eca3d1640bfafd48fd83026fd124a2a0742844ffa7bd08a7bd9e3e394f,86000,1,TicketReserved,"{'model_id': 'model_mnist_784_noniid', 'round': 7, 'ticket_id': 391, 'owner': 'acct_41'}",mock
0xde7075e9bed44f9bd3e87e8203786e4bb41d08f4829ab23a8e7e57942a2dc1ee,93000,1,UpdatePublished,"{'model_id': 'model_mnist_784_noniid', 'round': 7, 'ticket_id': 391, 'cid': 'sha256:16a289856705349e60e07238db3373812d1ffa3c8499b2fb082d79bdaac64801'}",mock
0x1813bc80016e4bd214a81fc61b03a557e97fc801f223eb557bdb8f1240ca2f09,86000,1,TicketReserved,"{'model_id': 'model_mnist_784_noniid', 'round': 7, 'ticket_id': 392, 'owner': 'acct_42'}",mock
0xc7f96d02ee3ab2b844e9edb517d01ce10234f39882d36d5ad57985e238ee85c0,93000,1,UpdatePublished,"{'model_id': 'model_mnist_784_noniid', 'round': 7, 'ticket_id': 392, 'cid': 'sha256:b4e7ac48762441f2f04c73654e4dfd0cfa7a3428b71bdcb0580025e50093eb5b'}",mock
0xf669f8fb963ef1d0b12878f5280711460c68e4190bd55e33c2e6b7736666e586,86000,1,TicketReserved,"{'model_id': 'model_mnist_784_noniid', 'round': 7, 'ticket_id': 393, 'owner': 'acct_43'}",mock
0x05a74e0911ae4fce05d3fabbd576268106d215ba95ee0619a02064fd0e304f9d,93000,1,UpdatePublished,"{'model_id': 'model_mnist_784_noniid', 'round': 7, 'ticket_id': 393, 'cid': 'sha256:5efaed36f81f57028d032d6bb955c04ff5d9cf82b6993d89e5e8aaca27492fd9'}",mock
0x5ea712a8bbdcc56a2c1dad62383367a8297897855b2f4b83400af21037e69341,86000,1,TicketReserved,"{'model_id': 'model_mnist_784_noniid', 'round': 7, 'ticket_id': 394, 'owner': 'acct_44'}",mock
0x42a38c5a4c53625f61d2ec298623fcbd87f41ee60dff9d08443e4e535183c0c8,93000,1,UpdatePublished,"{'model_id': 'model_mnist_784_noniid', 'round': 7, 'ticket_id': 394, 'cid': 'sha256:7faae181c64f3d431455658ea02d10b9fbc10152a365c7ed736f40a0fabf04a2'}",mock
0xc6e262874b480e6c5161b7605b9b8269db8ae9e4a9dbba008237cdee58342734,86000,1,TicketReserved,"{'model_id': 'model_mnist_784_noniid', 'round': 7, 'ticket_id': 395, 'owner': 'acct_45'}",mock
0xb90138a0e37d1d2619839f110d2867aa9918bcf58e507dc3699a7dc2ec433cb8,93000,1,UpdatePublished,"{'model_id': 'model_mnist_784_noniid', 'round': 7, 'ticket_id': 395, 'cid': 'sha256:6375784e7266fdb4d48c6d5d3df54af339a62b2026b6ea1fb9af3020905fb4eb'}",mock
0xbae631e0a8ec3bf761bc16c07d0a409cc7c33dd2f27ec5fadc72fd9a5cbd77cc,86000,1,TicketReserved,"{'model_id': 'model_mnist_784_noniid', 'round': 7, 'ticket_id': 396, 'owner': 'acct_46'}",mock
0xdaed1fef83cb4039bc82321a93c9ba097f9269070d3f7e87acdd7b89a0ef4c54,93000,1,UpdatePublished,"{'model_id': 'model_mnist_784_noniid', 'round': 7, 'ticket_id': 396, 'cid': 'sha256:e8d767d863c0b406a6e6f51592d3d8c05bb6cd51e1be3d840f2792c3acecce5f'}",mock
0x9d7ada6ef16410fff607b0252aa2d76e0edf9e301c9a099fc8e9daa544b1e048,86000,1,TicketReserved,"{'model_id': 'model_mnist_784_noniid', 'round': 7, 'ticket_id': 397, 'owner': 'acct_47'}",mock
0x432637e70f18e62b4922014f30e1999f833b03ff7b3420cd41f76d27407ff212,93000,1,UpdatePublished,"{'model_id': 'model_mnist_784_noniid', 'round': 7, 'ticket_id': 397, 'cid': 'sha256:fcd1266fa955d744542adf9b6b282ecd0390f9270fee0ac46ada4564e95a7725'}",mock
0xb1615513a53c4dd32325f952b891708d0692a2a8f2c89ba53f1172abf09be1b8,86000,1,TicketReserved,"{'model_id': 'model_mnist_784_noniid', 'round': 7, 'ticket_id': 398, 'owner': 'acct_48'}",mock
0xd2bcada70375538e6796453be281226de9fc6bc2dd49da17738cd5a28b0b01bc,93000,1,UpdatePublished,"{'model_id': 'model_mnist_784_noniid', 'round': 7, 'ticket_id': 398, 'cid': 'sha256:d25b86a83da4d1684513bd663b6dbb462d460eab1a2918f86a0aff6ad62e7e9b'}",mock
0xe807330be95b1e4132ab5f99f9c26f0142cdcc5cea106f86fc5ae848624375d5,86000,1,TicketReserved,"{'model_id': 'model_mnist_784_noniid', 'round': 7, 'ticket_id': 399, 'owner': 'acct_49'}",mock
0x830583ccaa0559a9a8b9b394f264fd0675734d88700fe6edf7b358b38f161e38,93000,1,UpdatePublished,"{'model_id': 'model_mnist_784_noniid', 'round': 7, 'ticket_id': 399, 'cid': 'sha256:43e773c3187f744b5f3ba5a4a4a2a9ee885f72da47fc66816c3396d3c8bb43e9'}",mock
0x8685fdb24a42e704aca24489a6208dad018ae67b24e49cf2ff4b35830ee16357,86000,1,TicketReserved,"{'model_id': 'model_mnist_784_noniid', 'round': 7, 'ticket_id': 400, 'owner': 'acct_50'}",mock
0xadf1694b93f21cda7c01e83e9f594933481ce73e9ecb5c0f147a92e59b63f506,93000,1,UpdatePublished,"{'model_id': 'model_mnist_784_noniid', 'round': 7, 'ticket_id': 400, 'cid': 'sha256:c35b9d56e9f5434b18429506a3123e32ece6815ac1f28fef133f1833ce930c42'}",mock
0xf48323a2967917fa57cdfe4aaf996775f630c42fbbaf3ef4624440cee643d104,995000,1,RoundFinalized,"{'model_id': 'model_mnist_784_noniid', 'round': 7, 'included': 37, 'refunds': 50}",mock
0x17d2910d2a30c4f6a00015c757de976881c973059547f134ab74d762b0d5c841,52000,1,RoundFunded,"{'model_id': 'model_mnist_784_noniid', 'amount_wei': 10000000000000000}",mock
0xa03a066942be26d692cdba7d5c08c707472baf2022c67f6f6f4d4943ad780049,86000,1,TicketReserved,"{'model_id': 'model_mnist_784_noniid', 'round': 8, 'ticket_id': 401, 'owner': 'acct_1'}",mock
0x28401d691b99fa1c18a1a4fc2cb9edfa3078429e123bbddc160de83049ac2766,93000,1,UpdatePublished,"{'model_id': 'model_mnist_784_noniid', 'round': 8, 'ticket_id': 401, 'cid': 'sha256:8cdd1081c4ff54a27908c1a43332b539f9fce150ad034da17e7ac5547d4bf6b0'}",mock
0x04945ef3422ae6619da4863a2e37e6c0e411c8b91514e453d21378579573000d,86000,1,TicketReserved,"{'model_id': 'model_mnist_784_noniid', 'round': 8, 'ticket_id': 402, 'owner': 'acct_2'}",mock
0x621214f5e6591b75cada3540df49c5f20990853f8c4dd25b3792d28364e34764,93000,1,UpdatePublished,"{'model_id': 'model_mnist_784_noniid', 'round': 8, 'ticket_id': 402, 'cid': 'sha256:406033d06a3b5c1984ac36dec22dc3d3dd1c924ddda949082bfea6df9df3298b'}",mock
0x9ed1ce9b5e72bbe9e70d5ed5486cf18519d777a421737ab78f1ba60eac52294f,86000,1,TicketReserved,"{'model_id': 'model_mnist_784_noniid', 'round': 8, 'ticket_id': 403, 'owner': 'acct_3'}",mock
0xca9a4d26134bb392402c1080c4dad59c801977634e016bde0de91ac8c6cc7086,93000,1,UpdatePublished,"{'model_id': 'model_mnist_784_noniid', 'round': 8, 'ticket_id': 403, 'cid': 'sha256:e81bebb0190d73c8f408f7b5caccd06abf974627e7d94f25378811c141cc9548'}",mock
0x6ba20cf5889e2000c2aa9fe62481aee4bd1231ea57c712e6b70a8d516b166087,86000,1,TicketReserved,"{'model_id': 'model_mnist_784_noniid', 'round': 8, 'ticket_id': 404, 'owner': 'acct_4'}",mock
0xd99623c858de837dd21cf2735f8f2324f9fe3f00cbdf92bdc0e7d284daa51b38,93000,1,UpdatePublished,"{'model_id': 'model_mnist_784_noniid', 'round': 8, 'ticket_id': 404, 'cid': 'sha256:c87e66b85b2fc19a756eb9569ddcfac13dfa8da6b8325e1d68be8d286d5c2707'}",mock
0x6eed98ffe9abce2899d55a119d633103a0681978579a9b545bfbe7d976f1c719,86000,1,TicketReserved,"{'model_id': 'model_mnist_784_noniid', 'round': 8, 'ticket_id': 405, 'owner': 'acct_5'}",mock
0x928277cb2f3a78d43c8c2d601fb0ca363eda1086837fe6f31cfc75d712d94d51,93000,1,UpdatePublished,"{'model_id': 'model_mnist_784_noniid', 'round': 8, 'ticket_id': 405, 'cid': 'sha256:99036805dbe937748f616a1d4048035cfc86a35766361c131ab3da770ca23c12'}",mock
0x9f84a9d1644d3b4cce978f39bfee4f6de04cb394769d19aa35626fbe1396e1e3,86000,1,TicketReserved,"{'model_id': 'model_mnist_784_noniid', 'round': 8, 'ticket_id': 406, 'owner': 'acct_6'}",mock
0x6bc0eb459cf757ec4192750350f43f3a384c29be0ea34f8398f59de2867d7168,93000,1,UpdatePublished,"{'model_id': 'model_mnist_784_noniid', 'round': 8, 'ticket_id': 406, 'cid': 'sha256:29847df53ee3af86a4f32dba014e8b581326b56a7c05c477429c616c6270a61d'}",mock
0x642033b403f7754ff6a970aa8717a05e5d56706905234507bea8f7461f3dcaad,86000,1,TicketReserved,"{'model_id': 'model_mnist_784_noniid', 'round': 8, 'ticket_id': 407, 'owner': 'acct_7'}",mock
0x979f337b11caa961c283eacc625547a5e470f73d70be0fa5f22617cddc491c4b,93000,1,UpdatePublished,"{'model_id': 'model_mnist_784_noniid', 'round': 8, 'ticket_id': 407, 'cid': 'sha256:392c54275850bc46854cde9775dee87bcf2c464e4fea1e18ff2c2a1794caf4bb'}",mock
0x9648941e0463cf98023e15032293e97d3f0b8aab8d377dca374bdb6f893d8034,86000,1,TicketReserved,"{'model_id': 'model_mnist_784_noniid', 'round': 8, 'ticket_id': 408, 'owner': 'acct_8'}",mock
0x563c56bcb720f6ef5d1e9505e8edd474007263198fad317d6ca21a324b4a8c70,93000,1,UpdatePublished,"{'model_id': 'model_mnist_784_noniid', 'round': 8, 'ticket_id': 408, 'cid': 'sha256:3e2b915a26174e62bea95261081bea7b76c8fe7d17c0fe72bbe72ce44295de17'}",mock
0x132b36de278b4e2c678167d4d423e71fa669cdedf3bf92baa7b45d90528508c2,86000,1,TicketReserved,"{'model_id': 'model_mnist_784_noniid', 'round': 8, 'ticket_id': 409, 'owner': 'acct_9'}",mock
0x1c3d214f87dc5d57a7b3d9ccbd51a63c874010eb49e25da31ac7e7083f8358e5,93000,1,UpdatePublished,"{'model_id': 'model_mnist_784_noniid', 'round': 8, 'ticket_id': 409, 'cid': 'sha256:520b3e7131c86eff40aff970bb48239ddc87b3bb9e312815e455782e3b28ab5d'}",mock
0xa3be4850a70afd6284430066b1e9594d42ac2614161a6c51d852f681d48340fd,86000,1,TicketReserved,"{'model_id': 'model_mnist_784_noniid', 'round': 8, 'ticket_id': 410, 'owner': 'acct_10'}",mock
0xc3a7d35b30b39289fae65145556eaffb14f040d8c56d371296c434f1a69125b1,93000,1,UpdatePublished,"{'model_id': 'model_mnist_784_noniid', 'round': 8, 'ticket_id': 410, 'cid': 'sha256:4900cc197a0ed497af47b441832ff3f95e603cebda8423a6c35fd7ed4933d4b7'}",mock
0xaa58e3d2804f9b2915cc5d81c839f1276c48f46570beba2c9be549a99bcc8829,86000,1,TicketReserved,"{'model_id': 'model_mnist_784_noniid', 'round': 8, 'ticket_id': 411, 'owner': 'acct_11'}",mock
0xadbc5ccfadc0382ae8898a291101558758682cab65ea233787c166553028e0ac,93000,1,UpdatePublished,"{'model_id': 'model_mnist_784_noniid', 'round': 8, 'ticket_id': 411, 'cid': 'sha256:4fbb67c3fcc59ab17e0001a0a85a4bb16ee5067afde48416f8f349c7b7b5d960'}",mock
0xc5f49aeeb0650dd984e258e782dc65a8ad1d349203408ee6112e45b9bcd3e8b5,86000,1,TicketReserved,"{'model_id': 'model_mnist_784_noniid', 'round': 8, 'ticket_id': 412, 'owner': 'acct_12'}",mock
0x5bab310e1d0a7880b9dcdb42e0135a632a73f6007255ee3b035ebb66caf48a82,93000,1,UpdatePublished,"{'model_id': 'model_mnist_784_noniid', 'round': 8, 'ticket_id': 412, 'cid': 'sha256:19943c2ece9bd29b97176c11689422812cb8f4d43b473da93d90a721ff894b23'}",mock
0xc2867100ecaaaff1cba0e99d9f7b0fb0aaa6b0e49b923dbd4241c9d6fa39d882,86000,1,TicketReserved,"{'model_id': 'model_mnist_784_noniid', 'round': 8, 'ticket_id': 413, 'owner': 'acct_13'}",mock
0x0142f83adc681530a27f5f707bba5809582eae7fae9f908889fe2a493c2b212e,93000,1,UpdatePublished,"{'model_id': 'model_mnist_784_noniid', 'round': 8, 'ticket_id': 413, 'cid': 'sha256:a57ea3b662f4a76c91aa033bf43faa768d7687443d30b8302b1d4e8aa3ec7363'}",mock
0xf86e02353f6f53825e955cf939e319b082eb41a8c9e556dd30519f2b3e055bfb,86000,1,TicketReserved,"{'model_id': 'model_mnist_784_noniid', 'round': 8, 'ticket_id': 414, 'owner': 'acct_14'}",mock
0x950414d01dd65b1f52c4ad159bcf5b4fdf03bd19a7894c624fb29704f41d0dc9,93000,1,UpdatePublished,"{'model_id': 'model_mnist_784_noniid', 'round': 8, 'ticket_id': 414, 'cid': 'sha256:1a520d0eca83aa7385aceb902268b1ae9b6c6d2d28b5f7583380606d84ec194f'}",mock
0x2422492c4261bf36490bef34cbcc459de6173e640db2272dce6e87a8464c8d5f,86000,1,TicketReserved,"{'model_id': 'model_mnist_784_noniid', 'round': 8, 'ticket_id': 415, 'owner': 'acct_15'}",mock
0xf1630f45802d7639e65b7e8eb6ff8f20525291fe40850594988638570db072b9,93000,1,UpdatePublished,"{'model_id': 'model_mnist_784_noniid', 'round': 8, 'ticket_id': 415, 'cid': 'sha256:9ff1170008118141652fdbc37ae07326d936c3c628d4eeff763810313ca09eb2'}",mock
0xef423857022d9d7237a1d530ac68c200e2c552279ebde1905528482ed6f1d1dd,86000,1,TicketReserved,"{'model_id': 'model_mnist_784_noniid', 'round': 8, 'ticket_id': 416, 'owner': 'acct_16'}",mock
0xd0c03a1a87945833e4345a1540c014a91d0bfc440b357ea31cd9d7249aa24e9f,93000,1,UpdatePublished,"{'model_id': 'model_mnist_784_noniid', 'round': 8, 'ticket_id': 416, 'cid': 'sha256:d16d73395f2d5d8d44695424321c02068b7252e51a8388abcdc5ce6fee66365f'}",mock
0x15ad093663dd7edf290d162ad3c3b91c6f28d2ede054653a8ed36a3d05c4f5f5,86000,1,TicketReserved,"{'model_id': 'model_mnist_784_noniid', 'round': 8, 'ticket_id': 417, 'owner': 'acct_17'}",mock
0x66aef037166f1fcc639c96ba32b3a6d5fc23239aa65ea4025bc8c537c19cea57,93000,1,UpdatePublished,"{'model_id': 'model_mnist_784_noniid', 'round': 8, 'ticket_id': 417, 'cid': 'sha256:75d72e3ecfe44b1fa0d9c62562679520d31f87b120c29784efc70430a5b2c6f2'}",mock
0xba83a7c804a35dbb22db97a1950787d4166705024a2f00224370e4524be49cc2,86000,1,TicketReserved,"{'model_id': 'model_mnist_784_noniid', 'round': 8, 'ticket_id': 418, 'owner': 'acct_18'}",mock
0xae40c4b3d6011b30bc01025a1db9e351d4661194a885c76b7e00d2b40d761e9c,93000,1,UpdatePublished,"{'model_id': 'model_mnist_784_noniid', 'round': 8, 'ticket_id': 418, 'cid': 'sha256:e3196983a740b70dce369c9d180682e01a71c2f44810978ea0240a3dae8194f8'}",mock
0x25895eecccd9d1c561154b520ac5309e0010c54bb33f517e8f8ad96b7a491d90,86000,1,TicketReserved,"{'model_id': 'model_mnist_784_noniid', 'round': 8, 'ticket_id': 419, 'owner': 'acct_19'}",mock
0x8cff0ac7e13664a5152203c21e3f7f439460fbe41755437fa2882a01d20c691d,93000,1,UpdatePublished,"{'model_id': 'model_mnist_784_noniid', 'round': 8, 'ticket_id': 419, 'cid': 'sha256:766cae32fda4b37679de4c6429cd621dd51d78547d8b2532cde822c41ccc7ffe'}",mock
0xc3668ce16354c36038a4f6cd92e06eec97aa85a9ee61f15246ebcc9e8380334f,86000,1,TicketReserved,"{'model_id': 'model_mnist_784_noniid', 'round': 8, 'ticket_id': 420, 'owner': 'acct_20'}",mock
0x023ea63148f924b6af28784445d1d37abe91409c4b7f780f7f063d934eee041d,93000,1,UpdatePublished,"{'model_id': 'model_mnist_784_noniid', 'round': 8, 'ticket_id': 420, 'cid': 'sha256:cfddc29f615ca58616e2d8ebe126fea8d5e9cb93a6b30c67d265f8d96e872c09'}",mock
0x3de4bf416cb5a577c57b988397bb2b514144202f0795d6fab837f697eed70f75,86000,1,TicketReserved,"{'model_id': 'model_mnist_784_noniid', 'round': 8, 'ticket_id': 421, 'owner': 'acct_21'}",mock
0xe1abb6f597ff1466c9f9f455407e400d250a486236254d69717f8a5457a8282f,93000,1,UpdatePublished,"{'model_id': 'model_mnist_784_noniid', 'round': 8, 'ticket_id': 421, 'cid': 'sha256:3f29acd8cd4224221a018888c669185c0647689c8bcd45cf0e15bb864d555b62'}",mock
0x8ed0dbedce3d4a862cb61b7b9351056c2ddaa3e0e17c64f0528fe3aac3016e45,86000,1,TicketReserved,"{'model_id': 'model_mnist_784_noniid', 'round': 8, 'ticket_id': 422, 'owner': 'acct_22'}",mock
0xc69ba2a65738a0c453749a9079c7471d8ab8cbf243a59e50d2780b6f2863c170,93000,1,UpdatePublished,"{'model_id': 'model_mnist_784_noniid', 'round': 8, 'ticket_id': 422, 'cid': 'sha256:1a9e0f60e2f5b07359bb64f179f755a6dcb540ce6070e1a4b420656adadda7f9'}",mock
0xce724dbbcc6596375b720b0eaaf50c4b450979f5229da2d4696917703cbc1891,86000,1,TicketReserved,"{'model_id': 'model_mnist_784_noniid', 'round': 8, 'ticket_id': 423, 'owner': 'acct_23'}",mock
0x7936d27d0bd4fc64ad612b08302c59bb6a7a0d4aa4856d260c6d15f2cb092d61,93000,1,UpdatePublished,"{'model_id': 'model_mnist_784_noniid', 'round': 8, 'ticket_id': 423, 'cid': 'sha256:ae2c363029df21e8e81ea796e2e52590ab70d1822a8aaf324cd50a8da1c840ce'}",mock
0xfb1bce3136eec23f13fe6a10d1305160e91240dc053061fe9be7712332675cff,86000,1,TicketReserved,"{'model_id': 'model_mnist_784_noniid', 'round': 8, 'ticket_id': 424, 'owner': 'acct_24'}",mock
0xccd9ace116a487c00b3b40ba96a03469e115a458120debbca2f6160ad109dd0b,93000,1,UpdatePublished,"{'model_id': 'model_mnist_784_noniid', 'round': 8, 'ticket_id': 424, 'cid': 'sha256:730aa283c98da6485602f0beb8fa18310ffc0d28676952c4e58c9d48c9a7dce9'}",mock
0x9542b63bd8c2d636d63372c133dc3eeebd809db65b2322ea71ca2b5a145df715,86000,1,TicketReserved,"{'model_id': 'model_mnist_784_noniid', 'round': 8, 'ticket_id': 425, 'owner': 'acct_25'}",mock
0x28b20fa5f6c80451f94443f379052f85f6ef7a19ec0f982baac68a6541ef08c9,93000,1,UpdatePublished,"{'model_id': 'model_mnist_784_noniid', 'round': 8, 'ticket_id': 425, 'cid': 'sha256:642d97d1fc4174be176661f5c6f3acd13345866ddb38b0a49e503da0373b0f27'}",mock
0xb9f7bb848d5ac4a5355acda6fa85e7a037dbd0d686f96f8366a9e597a6906143,86000,1,TicketReserved,"{'model_id': 'model_mnist_784_noniid', 'round': 8, 'ticket_id': 426, 'owner': 'acct_26'}",mock
0x87724054dc7b1b84a09fe6e2d9ce8dc25fdc73bab2892f6a2f3a234243f73c39,93000,1,UpdatePublished,"{'model_id': 'model_mnist_784_noniid', 'round': 8, 'ticket_id': 426, 'cid': 'sha256:993c7028e8814620ac628b40ea1cc2491abda56757e6eac00d110427f672c06b'}",mock
0x7738c01dcc4bdcd9f530aea01b3f9d4e054519d655f5e3b0039a17b022eef9ad,86000,1,TicketReserved,"{'model_id': 'model_mnist_784_noniid', 'round': 8, 'ticket_id': 427, 'owner': 'acct_27'}",mock
0x84bea2e222b0d70ad3aebe32466d9f4a01093582dc77fe992c0359d2459132cb,93000,1,UpdatePublished,"{'model_id': 'model_mnist_784_noniid', 'round': 8, 'ticket_id': 427, 'cid': 'sha256:8bd59b291b7eab4c0b8094710263c26edca253309307296cb80e00f583eef5e6'}",mock
0xaabc7f4437aabc121e5e9a2458dd2a068e5c6b90e9e78bda123b25591b9b2355,86000,1,TicketReserved,"{'model_id': 'model_mnist_784_noniid', 'round': 8, 'ticket_id': 428, 'owner': 'acct_28'}",mock
0x3235329315f631c5b28df5c6fea604d025b2f59a7a9a6ce7382f039843830ed5,93000,1,UpdatePublished,"{'model_id': 'model_mnist_784_noniid', 'round': 8, 'ticket_id': 428, 'cid': 'sha256:12e5e2eb494d9a0e30d07594deb5050914916a5d51993a44179794c150ce6d3d'}",mock
0x4abbf5c15fc1ae7327f3e0fc4342e75dd14cf745e0d2bd71f62798091c244acf,86000,1,TicketReserved,"{'model_id': 'model_mnist_784_noniid', 'round': 8, 'ticket_id': 429, 'owner': 'acct_29'}",mock
0x8fb3965db2523fd37984f0b937b454c52f52d8c770abf1ec424409a34983ed02,93000,1,UpdatePublished,"{'model_id': 'model_mnist_784_noniid', 'round': 8, 'ticket_id': 429, 'cid': 'sha256:ed44b8b5935693f4e99a6c90b80cd8f3c4231cefda1dc3842ddbf15ac0788035'}",mock
0x52b2760858e402abf7460736607b9b4affeefd36dfa1c3ce3ba017a89ebd3ea6,86000,1,TicketReserved,"{'model_id': 'model_mnist_784_noniid', 'round': 8, 'ticket_id': 430, 'owner': 'acct_30'}",mock
0x27692a4643eb536d692101507ca462e6de3cb92fcd56299da8d0f26a9b2ac306,93000,1,UpdatePublished,"{'model_id': 'model_mnist_784_noniid', 'round': 8, 'ticket_id': 430, 'cid': 'sha256:2613e89b99f16034d5d39548198f9a88d22ec96f7ce822017ed2cd88766767b8'}",mock
0x657405375435794f86fa471721688254ac4fe7b7370a56cd5afcdbd59174e757,86000,1,TicketReserved,"{'model_id': 'model_mnist_784_noniid', 'round': 8, 'ticket_id': 431, 'owner': 'acct_31'}",mock
0xf29e47d5b13f844b1fb50dbcbe38d875b7a726465ea000b47d212c24ea18fe74,93000,1,UpdatePublished,"{'model_id': 'model_mnist_784_noniid', 'round': 8, 'ticket_id': 431, 'cid': 'sha256:a9cb5e9bd0ad720b8ad4de5c4cd2d920113020cdca578e7471cfceb4f0b9329c'}",mock
0x0c9c5ad5032de2b85709a1dcf764f15945854860e17698c6b89267c5bd14c401,86000,1,TicketReserved,"{'model_id': 'model_mnist_784_noniid', 'round': 8, 'ticket_id': 432, 'owner': 'acct_32'}",mock
0x2b653d8105dfdc1af2595f88e339cd7a9bbc56aa808c4f0ee7f4c8130547a169,93000,1,UpdatePublished,"{'model_id': 'model_mnist_784_noniid', 'round': 8, 'ticket_id': 432, 'cid': 'sha256:c64b7bdc5995f86ce81207a7bdba1454afe053a3fd67468a8725deb8be46705f'}",mock
0xa998a722a29ac4cbd43a061046925130c31461fe0dfe0a811907209ccacdcfeb,86000,1,TicketReserved,"{'model_id': 'model_mnist_784_noniid', 'round': 8, 'ticket_id': 433, 'owner': 'acct_33'}",mock
0x647933fa9d0d3bceda447b07c12710debdac5765d6e70af6c4e66ea4d7a6bcf5,93000,1,UpdatePublished,"{'model_id': 'model_mnist_784_noniid', 'round': 8, 'ticket_id': 433, 'cid': 'sha256:a62dcb9e738b558a565ceb6dfcf8e146c6c7f98996e168179afc92bc10fa7bf6'}",mock
0x4147fda9adac32ddb9660e054f8c177c34a0509f321ad40faf4a942463b8ace6,86000,1,TicketReserved,"{'model_id': 'model_mnist_784_noniid', 'round': 8, 'ticket_id': 434, 'owner': 'acct_34'}",mock
0x45896ef2233c9da83c17f596e3b44c3bdc14dc4d2682ea6494c61157c72d3785,93000,1,UpdatePublished,"{'model_id': 'model_mnist_784_noniid', 'round': 8, 'ticket_id': 434, 'cid': 'sha256:280fea5cc93d25bde3fc7f16d1f6479b7b3cdf2d5c72b3b643656073ad34af63'}",mock
0xcf14a3fb63379c605596a3580f85a01691eb7b9ddb32a6a61b0bf35316dc4686,86000,1,TicketReserved,"{'model_id': 'model_mnist_784_noniid', 'round': 8, 'ticket_id': 435, 'owner': 'acct_35'}",mock
0xc27a916bd9631e232e804e0f2810318b610e1304d39ff01e7b9627f26cbb9beb,93000,1,UpdatePublished,"{'model_id': 'model_mnist_784_noniid', 'round': 8, 'ticket_id': 435, 'cid': 'sha256:d21b80a52cf6b3af47451e856230b1dbc5d82a28023d6b365e9809a954f01284'}",mock
0x8f7a2a4d381eda66eeeeb1929abd063389f460b0ce57de5a153351389f12cdf6,86000,1,TicketReserved,"{'model_id': 'model_mnist_784_noniid', 'round': 8, 'ticket_id': 436, 'owner': 'acct_36'}",mock
0xf5c296785a9745750f5c054143b9d3029b6a1b269f43bb5a6d338ee2c9a41e4a,93000,1,UpdatePublished,"{'model_id': 'model_mnist_784_noniid', 'round': 8, 'ticket_id': 436, 'cid': 'sha256:12734a551b7cb77b117891cca9e72b1725c8863ab5cea903da05a2952ecaf1eb'}",mock
0x15c7175af0f31e188dee7f00c5c0ca48ac9b5d9fe1b74773b862928f8d4f40f1,86000,1,TicketReserved,"{'model_id': 'model_mnist_784_noniid', 'round': 8, 'ticket_id': 437, 'owner': 'acct_37'}",mock
0x7315e61fcc8fb69b03b156354e7cd1f82a74228b361f2ad1290f0f39c13019ff,93000,1,UpdatePublished,"{'model_id': 'model_mnist_784_noniid', 'round': 8, 'ticket_id': 437, 'cid': 'sha256:9f0eb5e7cb3e90df57a751dd44d92b9e82eec45061be00f2f04184998ce5487d'}",mock
0xa702a68932b917ae3555a27b1945dec311edf958a8d2b840690289ce08114fc7,86000,1,TicketReserved,"{'model_id': 'model_mnist_784_noniid', 'round': 8, 'ticket_id': 438, 'owner': 'acct_38'}",mock
0x558ef2c25d5d738a65ade4857b7f17e5dd3841fde9fd4bf0e00cd6c92798c93a,93000,1,UpdatePublished,"{'model_id': 'model_mnist_784_noniid', 'round': 8, 'ticket_id': 438, 'cid': 'sha256:05e1a77ebf6fda2dfd4aafec93923ccb025edd87468669553d5002caa7174f0b'}",mock
0x9eeba726b1766cc62db9fc6583d6dd84ba0a82624b3727ae90d6f5b1a724f9b0,86000,1,TicketReserved,"{'model_id': 'model_mnist_784_noniid', 'round': 8, 'ticket_id': 439, 'owner': 'acct_39'}",mock
0xe37266ad12872a9eb200e1e8e11910dc35d60d83c697453c93dffda3d6cc2649,93000,1,UpdatePublished,"{'model_id': 'model_mnist_784_noniid', 'round': 8, 'ticket_id': 439, 'cid': 'sha256:d517cd5a6414dc22aea100387bd4929057d2b930ab03760cf0e9d6d5c32f01c0'}",mock
0x4726b285b6584683541773d29594ff18e389477b5ae05285ad781abdd7c9c549,86000,1,TicketReserved,"{'model_id': 'model_mnist_784_noniid', 'round': 8, 'ticket_id': 440, 'owner': 'acct_40'}",mock
0xa6f163ce7ef0f336f790e67da786a84e80773e228d7df5b78b98b629117ec1f1,93000,1,UpdatePublished,"{'model_id': 'model_mnist_784_noniid', 'round': 8, 'ticket_id': 440, 'cid': 'sha256:af3539dad29e70c5616e5d272977e216918dcd7e46a667e393466d493d9822a2'}",mock
0x897e4155c4981c98271259dbf158c98a750f6ff7dbe4f4efee3e7cd1ae71435a,86000,1,TicketReserved,"{'model_id': 'model_mnist_784_noniid', 'round': 8, 'ticket_id': 441, 'owner': 'acct_41'}",mock
0x53a828f59c99b9d9fde444feb48103b98c82dc96c7fbf1c7987621e4955be93b,93000,1,UpdatePublished,"{'model_id': 'model_mnist_784_noniid', 'round': 8, 'ticket_id': 441, 'cid': 'sha256:979a8b2f39449c32e814570761b67e772cec4640db1d888a393f224105f0d85c'}",mock
0x79257e393fe73cfcba697e92357e557b5ac51afd8057d6aaf2fc7c2d504f52a0,86000,1,TicketReserved,"{'model_id': 'model_mnist_784_noniid', 'round': 8, 'ticket_id': 442, 'owner': 'acct_42'}",mock
0x84a962f49ca502860823f7a49565f3c99a36821564e8ef4c126a4dee30c10208,93000,1,UpdatePublished,"{'model_id': 'model_mnist_784_noniid', 'round': 8, 'ticket_id': 442, 'cid': 'sha256:a223cfd80dd99dfbb260e5883a6025e0add17ff47d5a78e8879d0293863003e4'}",mock
0xabe8a67b038543434f49a86a344a87b4648e91d585ad2c814b1fa990763bbff6,86000,1,TicketReserved,"{'model_id': 'model_mnist_784_noniid', 'round': 8, 'ticket_id': 443, 'owner': 'acct_43'}",mock
0x0fa0b0deab3379decc3df6ae9eb52a3cf3c44724b88839f5067cd003649e3db5,93000,1,UpdatePublished,"{'model_id': 'model_mnist_784_noniid', 'round': 8, 'ticket_id': 443, 'cid': 'sha256:121a794a972ea079f51bf19dd0ede3fc2840b385d573de71d1968c2c65a5aaa6'}",mock
0x403d51af11838c4c4783e51dd3e94b6e92ef4648f18285427f3c8be7d4eee58c,86000,1,TicketReserved,"{'model_id': 'model_mnist_784_noniid', 'round': 8, 'ticket_id': 444, 'owner': 'acct_44'}",mock
0x9b80308a142230387482c68d18ae318db844ac1866197ffee1cc7ff730dcf488,93000,1,UpdatePublished,"{'model_id': 'model_mnist_784_noniid', 'round': 8, 'ticket_id': 444, 'cid': 'sha256:66b199c5e2ec80d312c5311a2a8d99577eb600e7eb459f1c9cda263fdeea9a97'}",mock
0x25d600a0d8912e977915511449a03e463b51cc902857ce273a5cddac52d19809,86000,1,TicketReserved,"{'model_id': 'model_mnist_784_noniid', 'round': 8, 'ticket_id': 445, 'owner': 'acct_45'}",mock
0xfced5fad560e0b0152635728fb025b7ed0437c5d1b78d564870722d39075f17e,93000,1,UpdatePublished,"{'model_id': 'model_mnist_784_noniid', 'round': 8, 'ticket_id': 445, 'cid': 'sha256:a62b18173bf035f6ac74c8f335958a2bc96bf6b2b07cbd3194f0893520aeb86f'}",mock
0x5721066cdf5422e155df1541bc3d70bcf0b799b228f2c5817a469ebf3f3a2916,86000,1,TicketReserved,"{'model_id': 'model_mnist_784_noniid', 'round': 8, 'ticket_id': 446, 'owner': 'acct_46'}",mock
0x9b03fd40134bd5d6dfa60351342237b72e4e9b21cceb12d292491b0b66144e51,93000,1,UpdatePublished,"{'model_id': 'model_mnist_784_noniid', 'round': 8, 'ticket_id': 446, 'cid': 'sha256:0d4f89e0d6b2b44b3349f6b16675b1b0bba2de1389eda6502f1579949c77d4d8'}",mock
0xe33b566d38cbf2044d28e1cba0cd9a24ef462b4a70cc435df951d5e9b9f43bc4,86000,1,TicketReserved,"{'model_id': 'model_mnist_784_noniid', 'round': 8, 'ticket_id': 447, 'owner': 'acct_47'}",mock
0xa1a6530b4ba7aac844c9505d8efdf0576cbf6a725c4a974a0682412a5d34c217,93000,1,UpdatePublished,"{'model_id': 'model_mnist_784_noniid', 'round': 8, 'ticket_id': 447, 'cid': 'sha256:0370ce1e7b0063555331d6eeb01366bdf1f199dca27b156e28cae070b4e1790b'}",mock
0xb2321fa658ca0ba5660b6528b8f6ce9dc1bd2aaf8306caae0259fb00e73c9cad,86000,1,TicketReserved,"{'model_id': 'model_mnist_784_noniid', 'round': 8, 'ticket_id': 448, 'owner': 'acct_48'}",mock
0xde8932575822c55c8c6a57d6a40b01264baf66b3a602a8f2c282d19c3835ed59,93000,1,UpdatePublished,"{'model_id': 'model_mnist_784_noniid', 'round': 8, 'ticket_id': 448, 'cid': 'sha256:18a10022d8f4d00c571591f67e97d4613c9b546d5beba555d9ba3ed1937ccead'}",mock
0x4373f902c5898bad14d3e4736e4a6ef2bacd90681cf62ecdd562a099b0fae818,86000,1,TicketReserved,"{'model_id': 'model_mnist_784_noniid', 'round': 8, 'ticket_id': 449, 'owner': 'acct_49'}",mock
0x24fe173d54730f62ca45416a088c02d80d8bd69341b8319d3bf2fa6f2574afe8,93000,1,UpdatePublished,"{'model_id': 'model_mnist_784_noniid', 'round': 8, 'ticket_id': 449, 'cid': 'sha256:e57305793604cf1f2c0503afc94a80a5d47601770a4399b2e0e0fa26e639c4cc'}",mock
0x1c64a6c171fd3e286ce3eb1011f313fea49b4a0c9c3076df7b86ae9e19cca392,86000,1,TicketReserved,"{'model_id': 'model_mnist_784_noniid', 'round': 8, 'ticket_id': 450, 'owner': 'acct_50'}",mock
0xdde339ca468899e500dfa952a6159b6da597a66dd2f58f921838369be16cdaf4,93000,1,UpdatePublished,"{'model_id': 'model_mnist_784_noniid', 'round': 8, 'ticket_id': 450, 'cid': 'sha256:587c332e73fe844c214e964b6fbd88b60a5dfc82b026e7e5cde24c480116506b'}",mock
0x4108b9ae8ff3853c5eacf5e0b2f70cbca4009aebb7ad116f30c49a93b20e85a5,1065000,1,RoundFinalized,"{'model_id': 'model_mnist_784_noniid', 'round': 8, 'included': 44, 'refunds': 50}",mock
0x21c797bded2c6102527134005402ffe6eb95c7ff133253b22c32710796f0977a,52000,1,RoundFunded,"{'model_id': 'model_mnist_784_noniid', 'amount_wei': 10000000000000000}",mock
0xf6f04d22653abbd91468aff3168444de4f4af83c2efaf6266c7b21cd9d1023dc,86000,1,TicketReserved,"{'model_id': 'model_mnist_784_noniid', 'round': 9, 'ticket_id': 451, 'owner': 'acct_1'}",mock
0x4dd81aa5a9d6c306ec4bc2799d1a07df0aa5f179dd97b2f31709ca64e93c9197,93000,1,UpdatePublished,"{'model_id': 'model_mnist_784_noniid', 'round': 9, 'ticket_id': 451, 'cid': 'sha256:16a708f2f91b68095f681c7f3204115fff54791e9a923a0e19e40c17f351f11e'}",mock
0x79159b5e3e9c360bad8484a5c8b2b5f25625c627e2ceebc7bdc35c34092b8e48,86000,1,TicketReserved,"{'model_id': 'model_mnist_784_noniid', 'round': 9, 'ticket_id': 452, 'owner': 'acct_2'}",mock
0x2f0523cf07524ecfa65bb706a5e04d8c332dfcee721762feb3d9933fdb2942ce,93000,1,UpdatePublished,"{'model_id': 'model_mnist_784_noniid', 'round': 9, 'ticket_id': 452, 'cid': 'sha256:0749cd8ead45a5a4c612e6e306e616c67b57adcd33b354506e30cb29d19c97a8'}",mock
0xeb21b987abc79a6a3e2c6c7dfc4c2e2cf77faaf634391a131a086786c40f229b,86000,1,TicketReserved,"{'model_id': 'model_mnist_784_noniid', 'round': 9, 'ticket_id': 453, 'owner': 'acct_3'}",mock
0x6fa6e915db039f1be59ce64f096bab540dc4cd4d97239792f03fd1d9e12b405e,93000,1,UpdatePublished,"{'model_id': 'model_mnist_784_noniid', 'round': 9, 'ticket_id': 453, 'cid': 'sha256:e2a9855201cba9c52cf902e612ae3c76673b6c6de32745dfe47ef901dccecf5f'}",mock
0x73e2be4c62d0d58bb908a3e7e7e111c8a8597c1235efc6beb1c125b27a4665bf,86000,1,TicketReserved,"{'model_id': 'model_mnist_784_noniid', 'round': 9, 'ticket_id': 454, 'owner': 'acct_4'}",mock
0x548894bbbf1b34b500771ef25ecfa0acdf074932df8aa25881b20b10f727c695,93000,1,UpdatePublished,"{'model_id': 'model_mnist_784_noniid', 'round': 9, 'ticket_id': 454, 'cid': 'sha256:5155576612e1b4dc68462fcdf10c3c34a00b0070cf1196a88e91f5191c1e89cd'}",mock
0xa434a38903c638d2699a5c40bab9318d757d9466f40d2c037759d06a8f4f5bc5,86000,1,TicketReserved,"{'model_id': 'model_mnist_784_noniid', 'round': 9, 'ticket_id': 455, 'owner': 'acct_5'}",mock
0x63a2c22df678171baa89c6980b66ff083c930bc8ca02353dc08ca64983f98e53,93000,1,UpdatePublished,"{'model_id': 'model_mnist_784_noniid', 'round': 9, 'ticket_id': 455, 'cid': 'sha256:aa32a9c0fb201c623a52f79b590826f56aa70e2a86b414f03ef2d63487beb085'}",mock
0x2096bd0dc5e0306353c58a320c14bfc8532e0e263cba8ca2d4c926dba3476715,86000,1,TicketReserved,"{'model_id': 'model_mnist_784_noniid', 'round': 9, 'ticket_id': 456, 'owner': 'acct_6'}",mock
0x13f6d679cd4a3ae8bb713d78f898d1257e6e5e0aace4b90134b73f31e69336f9,93000,1,UpdatePublished,"{'model_id': 'model_mnist_784_noniid', 'round': 9, 'ticket_id': 456, 'cid': 'sha256:35b52e61e0bfe15f11a5f9b4a818e06e17241dad04eedc25ee1e5871c55d185c'}",mock
0x6f9f0f5ba8c19486b822b69c8b19e050c36c0895e7e1a2b9b0b7565de05408f8,86000,1,TicketReserved,"{'model_id': 'model_mnist_784_noniid', 'round': 9, 'ticket_id': 457, 'owner': 'acct_7'}",mock
0x6dc26eb75f1680d57c121ae8dd02b26695ef76d22f928c8e40780960e61a9768,93000,1,UpdatePublished,"{'model_id': 'model_mnist_784_noniid', 'round': 9, 'ticket_id': 457, 'cid': 'sha256:0ec34d415e0fb0b28d27ce057b8cea13beeaf43eb542ff534a8a498257be12e2'}",mock
0xde8e39b137d4c7e299252f44be53d5d293b50de62ef3079ea1d0404307b6a261,86000,1,TicketReserved,"{'model_id': 'model_mnist_784_noniid', 'round': 9, 'ticket_id': 458, 'owner': 'acct_8'}",mock
0xb7c5114246ef5535e0e0024ea1cc2186dbe45056293be977c4014929d4da117d,93000,1,UpdatePublished,"{'model_id': 'model_mnist_784_noniid', 'round': 9, 'ticket_id': 458, 'cid': 'sha256:a930dad9d60c7034d5249d3ea6f8c3c17effa2a8cbc9f912b19ef1b6af0fbb28'}",mock
0x3a79de3f65ae4ce6b423c4f5252768a1690e772ecd20259afd1a13ccace39255,86000,1,TicketReserved,"{'model_id': 'model_mnist_784_noniid', 'round': 9, 'ticket_id': 459, 'owner': 'acct_9'}",mock
0xf322ee725d3d539ad91505f42cfb22d41cd7fb1e6f0b457df14cdc8ab6fda67e,93000,1,UpdatePublished,"{'model_id': 'model_mnist_784_noniid', 'round': 9, 'ticket_id': 459, 'cid': 'sha256:84064bf49d7922384020e9553962c4e116139a605a76d9f0c832628d127154fe'}",mock
0xb84fc8de3113677f1731415d5e3ad952ec13e8a9fdc11ecf774c9f660b2b6306,86000,1,TicketReserved,"{'model_id': 'model_mnist_784_noniid', 'round': 9, 'ticket_id': 460, 'owner': 'acct_10'}",mock
0x9fe0badb4ff84ebf4c731027de652f370528dea32d8384aea13b10dcb23d252c,93000,1,UpdatePublished,"{'model_id': 'model_mnist_784_noniid', 'round': 9, 'ticket_id': 460, 'cid': 'sha256:a4d337d132782d4fb3403f6c685f0e674e8403ae4d151a6b9455a17e1cb9b38b'}",mock
0x502a27aa0ca28f62b51b8905c2e0525c61bebb90abc391a25c61537400d308e3,86000,1,TicketReserved,"{'model_id': 'model_mnist_784_noniid', 'round': 9, 'ticket_id': 461, 'owner': 'acct_11'}",mock
0xb9aa044d918ce20afbc4701e028aeda7f97be1e613630cb29a559c23dff34425,93000,1,UpdatePublished,"{'model_id': 'model_mnist_784_noniid', 'round': 9, 'ticket_id': 461, 'cid': 'sha256:8cfad01b3befa77222c93f865e4f0bfc44bf8fd9df058a2d2afa4350443a1882'}",mock
0x7518858075fbba4058544d0fe103b598439c7d833bf7365318ff37cc34252a34,86000,1,TicketReserved,"{'model_id': 'model_mnist_784_noniid', 'round': 9, 'ticket_id': 462, 'owner': 'acct_12'}",mock
0x44231085ca21f097c35122504660da68c8d2a6e05feff8933ece2c4b72282b43,93000,1,UpdatePublished,"{'model_id': 'model_mnist_784_noniid', 'round': 9, 'ticket_id': 462, 'cid': 'sha256:36a9025e1de7f623bbb668e4606009ff9cabc9817b6504d6f0717be5a07535ca'}",mock
0x817ba30afc67f453cfc8c95f0b211717fab18d3a32e2e8629171804e61cd3726,86000,1,TicketReserved,"{'model_id': 'model_mnist_784_noniid', 'round': 9, 'ticket_id': 463, 'owner': 'acct_13'}",mock
0x7b4b6267a9cb736d9e013d5753da6fdabb4711831cb0b2a989c1662ff01ad62d,93000,1,UpdatePublished,"{'model_id': 'model_mnist_784_noniid', 'round': 9, 'ticket_id': 463, 'cid': 'sha256:96b66e3f353052b219a80b75c04af87c3e5b6dcec45d3fdd999b37db4c2f4ea6'}",mock
0x528b9c9492dd1cf1226dd439528c872e29b785930440b9192bbd1c0ad4a07b2e,86000,1,TicketReserved,"{'model_id': 'model_mnist_784_noniid', 'round': 9, 'ticket_id': 464, 'owner': 'acct_14'}",mock
0x655085c5dc1205b287a0cd3574b201f776efb4fda6bd52996f155978d7996a5d,93000,1,UpdatePublished,"{'model_id': 'model_mnist_784_noniid', 'round': 9, 'ticket_id': 464, 'cid': 'sha256:be9e57187711af2bd915e02fe02307dd6b0e29d3d89b2be6e0480117babef254'}",mock
0x5860ae9a9c7917d7842444dee5fa98c6ed366389adb68d4076cae318b175b9cc,86000,1,TicketReserved,"{'model_id': 'model_mnist_784_noniid', 'round': 9, 'ticket_id': 465, 'owner': 'acct_15'}",mock
0x7f0b36f9245d8b13a72a8a19023f43a65df07240c39de583b70f10246aaa86e8,93000,1,UpdatePublished,"{'model_id': 'model_mnist_784_noniid', 'round': 9, 'ticket_id': 465, 'cid': 'sha256:6eadd12c0cb1a65b3fc6ede7b1b160a56b3627c19c3c6b8d87b325119318a44c'}",mock
0xa4981a3d95d72eb5f18986511a6934e219dd1268c24199d7f45f5352100c2277,86000,1,TicketReserved,"{'model_id': 'model_mnist_784_noniid', 'round': 9, 'ticket_id': 466, 'owner': 'acct_16'}",mock
0x7ebec8449801260eafa7f1d9bf1f3ff4423fea10b946f80cc72f7b0411ac74a0,93000,1,UpdatePublished,"{'model_id': 'model_mnist_784_noniid', 'round': 9, 'ticket_id': 466, 'cid': 'sha256:827e86c35c9d9c88cdaf6cbf7875784fb29d421272f96f05fadef6be1dd43fe5'}",mock
0xbdb5a3a0210d3e19dce77bfece8669086c43f1fa4da1968d6867a61c011d9757,86000,1,TicketReserved,"{'model_id': 'model_mnist_784_noniid', 'round': 9, 'ticket_id': 467, 'owner': 'acct_17'}",mock
0x6206120e1a6ffe6b97802e49eb2d1df43367dc3255f6e756f01d8e98c1ac6940,93000,1,UpdatePublished,"{'model_id': 'model_mnist_784_noniid', 'round': 9, 'ticket_id': 467, 'cid': 'sha256:4a851037c9ae562d607573939b14ca778b06ba4a16164e1177bcf593deb7ec55'}",mock
0x5a78a55aaf83daccd279c945770eb6e02b5593cd5b00b7d4863ef6f9fe3a7db6,86000,1,TicketReserved,"{'model_id': 'model_mnist_784_noniid', 'round': 9, 'ticket_id': 468, 'owner': 'acct_18'}",mock
0xb153e1c3385a91e8e2ea2d393240d03d4926885b0863dd5ef7fbe88bdaf47283,93000,1,UpdatePublished,"{'model_id': 'model_mnist_784_noniid', 'round': 9, 'ticket_id': 468, 'cid': 'sha256:067513b7eff7511babc4d5439b744da819168876fa8be6fbfa8dbdedfdb0a8e7'}",mock
0xbb41d55d57678845daaa8d960540d724112e7e7b03a5760715ba754b2c96a01f,86000,1,TicketReserved,"{'model_id': 'model_mnist_784_noniid', 'round': 9, 'ticket_id': 469, 'owner': 'acct_19'}",mock
0xde3e1202c7df1742a808f89c4afc652d4aa5546060a5196b3d97f0db85e3c1c9,93000,1,UpdatePublished,"{'model_id': 'model_mnist_784_noniid', 'round': 9, 'ticket_id': 469, 'cid': 'sha256:6ee195f8dde3b0f15d490d22bff1de7afdb4427bf1c8b8b1aea4bd7965427696'}",mock
0xbe644d06d2f4619b06495f80b84e6d7e4a62b9e9cde5deadee463594d151403b,86000,1,TicketReserved,"{'model_id': 'model_mnist_784_noniid', 'round': 9, 'ticket_id': 470, 'owner': 'acct_20'}",mock
0x995b243d68cc0d5be686209356e0f9cb7b84073b32f764c8f308a8a155a6a87c,93000,1,UpdatePublished,"{'model_id': 'model_mnist_784_noniid', 'round': 9, 'ticket_id': 470, 'cid': 'sha256:b098cb7671d91b73096be5c6ab05e6e6f53b1c6c0fecae39384292ead7f5be8f'}",mock
0x2da490e261d1a312d5c3b8245ae5a8431ce4f82fc3709b29b718f802f9740305,86000,1,TicketReserved,"{'model_id': 'model_mnist_784_noniid', 'round': 9, 'ticket_id': 471, 'owner': 'acct_21'}",mock
0x0f00256d4f3ed8d50c9f7a551ac3cf44eea8d8aa7e8fb457cf848e0104f635da,93000,1,UpdatePublished,"{'model_id': 'model_mnist_784_noniid', 'round': 9, 'ticket_id': 471, 'cid': 'sha256:ac2efc06840c37053c7f65cf034fb9dfa90c12d6571d2463390b2f167a76b226'}",mock
0x69a1961027c5de0ffba8afda22f43d8ad1a329b9eeca2ac728f254e33bd08d60,86000,1,TicketReserved,"{'model_id': 'model_mnist_784_noniid', 'round': 9, 'ticket_id': 472, 'owner': 'acct_22'}",mock
0xd4be3fdced7087a7e0699cb29d3eebc4641d08c340261456618cd50a8ee55ff9,93000,1,UpdatePublished,"{'model_id': 'model_mnist_784_noniid', 'round': 9, 'ticket_id': 472, 'cid': 'sha256:4a98c17d7252966541f02ec3389d746c43f76ca0a2d48fe87812d5d0c67f0c0f'}",mock
0xc4226da6635f6c4b4516d4b52a8c556b260ab8d23a6800dd6d7cb3f52983545d,86000,1,TicketReserved,"{'model_id': 'model_mnist_784_noniid', 'round': 9, 'ticket_id': 473, 'owner': 'acct_23'}",mock
0x486529600cbac87035d77ab97f3defedb16fff2edcabc7fec66e5944b70795e7,93000,1,UpdatePublished,"{'model_id': 'model_mnist_784_noniid', 'round': 9, 'ticket_id': 473, 'cid': 'sha256:8c3fd84bc1f1fa459eaf4f66d8610ade7f7b4151e3180db0d05721ec4f31ca3f'}",mock
0x4024c84a695bbd09c779798e8db8b7014672ac2a61a0dd649442d70d0def3d01,86000,1,TicketReserved,"{'model_id': 'model_mnist_784_noniid', 'round': 9, 'ticket_id': 474, 'owner': 'acct_24'}",mock
0xba6ef055a1ffc4636d4efc56eb3d4570ca365d361a502cb21023c31e2cd56532,93000,1,UpdatePublished,"{'model_id': 'model_mnist_784_noniid', 'round': 9, 'ticket_id': 474, 'cid': 'sha256:2d9b30e18d9ffeb26565a0ea1a0d0612e962e71e4c17895726c00a3135e70051'}",mock
0x17e78862469ceb99f8c292e7e01cab8829ad86d7874d81b9eb7e5fc7172d2cbf,86000,1,TicketReserved,"{'model_id': 'model_mnist_784_noniid', 'round': 9, 'ticket_id': 475, 'owner': 'acct_25'}",mock
0xf9c12f173ee01b071e6b7acc85d35fc055ebd7ce630e1c6d84814e5e974da353,93000,1,UpdatePublished,"{'model_id': 'model_mnist_784_noniid', 'round': 9, 'ticket_id': 475, 'cid': 'sha256:bb4c03c43099d1390878b8687abaa1e97cf381fdadedabdd7cc8a966e4947d6e'}",mock
0x986396d75795f567f6edda39099ce2284fc856b0d84516179d84dc9933c76855,86000,1,TicketReserved,"{'model_id': 'model_mnist_784_noniid', 'round': 9, 'ticket_id': 476, 'owner': 'acct_26'}",mock
0x3decfdcc44a12f814b89e1e59a7648a3edd7813f6ac4b568f7f1fd10629ed676,93000,1,UpdatePublished,"{'model_id': 'model_mnist_784_noniid', 'round': 9, 'ticket_id': 476, 'cid': 'sha256:4c5f4f7f038afef21b07864211e8db6be519a552289fea629bb7d958534f0ee2'}",mock
0x30e2eb7c3e9db6709551ad95aa7e5c40aa0a063fd429b920d8f85063340f0c68,86000,1,TicketReserved,"{'model_id': 'model_mnist_784_noniid', 'round': 9, 'ticket_id': 477, 'owner': 'acct_27'}",mock
0xcd257eb12bcb964ecea9abfb6f53e7287bc30d6feb8d6df3966eab6422d6296e,93000,1,UpdatePublished,"{'model_id': 'model_mnist_784_noniid', 'round': 9, 'ticket_id': 477, 'cid': 'sha256:25249b3b1dac3bcc43052ebdade01dd30a097fcd519c7702340299a44e438023'}",mock
0xd5f0753abfc50dea01bb71c2ae0b01b3381a79928087eaedfadfe2bac666c7d0,86000,1,TicketReserved,"{'model_id': 'model_mnist_784_noniid', 'round': 9, 'ticket_id': 478, 'owner': 'acct_28'}",mock
0x5a5cb52241e2d15200e8de92c51340f4e9af92e3e708ca5ddc63836027f7177d,93000,1,UpdatePublished,"{'model_id': 'model_mnist_784_noniid', 'round': 9, 'ticket_id': 478, 'cid': 'sha256:55b2121b563e9ded2032e9b6b3950d3ec6f8b278592d0c1264bd1d5fa3dce701'}",mock
0x4ff70bbf106f23fec919e4ca55fc518674afc5a952365c5c1e163fa74dbf3302,86000,1,TicketReserved,"{'model_id': 'model_mnist_784_noniid', 'round': 9, 'ticket_id': 479, 'owner': 'acct_29'}",mock
0xf5c1e9bb87554c6484c645f6d5cb54da407cd44b3730091f2cb479cb2f3ab038,93000,1,UpdatePublished,"{'model_id': 'model_mnist_784_noniid', 'round': 9, 'ticket_id': 479, 'cid': 'sha256:0c4e573af1d002df8ea91fb8721ba1757423ddbab66d828cb94fe9fd61b7ee46'}",mock
0x5bd5b98d7bf261fe51fc2c65991accade6599114582427191e6917832013c8ee,86000,1,TicketReserved,"{'model_id': 'model_mnist_784_noniid', 'round': 9, 'ticket_id': 480, 'owner': 'acct_30'}",mock
0xf78baf3e6a99693ef881fa412b05f09d46065134aecc033d8bebda16ac1d954a,93000,1,UpdatePublished,"{'model_id': 'model_mnist_784_noniid', 'round': 9, 'ticket_id': 480, 'cid': 'sha256:bc047b487cad8ca2b6f866ce52210286586bed76c746f839acd6d6672f133f90'}",mock
0x30c67dc5d4dc9f2e43ecec2b223eaa47bde493096939f6004e5c040513975ce8,86000,1,TicketReserved,"{'model_id': 'model_mnist_784_noniid', 'round': 9, 'ticket_id': 481, 'owner': 'acct_31'}",mock
0x4f27db52d5186a1d3d9e6cc47595c6975f2102b709ab63485383e6d9522c919a,93000,1,UpdatePublished,"{'model_id': 'model_mnist_784_noniid', 'round': 9, 'ticket_id': 481, 'cid': 'sha256:c67bf29699b6a26ae3f17ab2914a43727667305dfbc6b993f69d1074349b88d1'}",mock
0x49c44163003f769e3eeba90065b33a7b384d91fdd2300d4fca8693b7256488a5,86000,1,TicketReserved,"{'model_id': 'model_mnist_784_noniid', 'round': 9, 'ticket_id': 482, 'owner': 'acct_32'}",mock
0x3cafa43606215dd0843226dedfad6c576efce477cee5cc556ee8404b4840194f,93000,1,UpdatePublished,"{'model_id': 'model_mnist_784_noniid', 'round': 9, 'ticket_id': 482, 'cid': 'sha256:a9b85f9b8b7767f6b91678ed59381a8ed8e320725ee72e39c8dd2a1981038bda'}",mock
0xb442bde686f430d5f75f3373a7524dd5f5889cc563bf5af0e9eeec6233516197,86000,1,TicketReserved,"{'model_id': 'model_mnist_784_noniid', 'round': 9, 'ticket_id': 483, 'owner': 'acct_33'}",mock
0x19b4960cc65c1e7fdac7ddf4df603a6139c3de57df0ce05719971135a594a32d,93000,1,UpdatePublished,"{'model_id': 'model_mnist_784_noniid', 'round': 9, 'ticket_id': 483, 'cid': 'sha256:2301d3500f5c65609839df43e247d5ae60eabdeec0ad1b1843401e6b65eb8c04'}",mock
0xf83cde7ca7227ab806487a9c876829b73983b7c743da73e3457a3eb3c59908dc,86000,1,TicketReserved,"{'model_id': 'model_mnist_784_noniid', 'round': 9, 'ticket_id': 484, 'owner': 'acct_34'}",mock
0xee9689397f5dd9d8e264c5e0faace4533b9bbc6313f6b00b45440cdadf01a3a6,93000,1,UpdatePublished,"{'model_id': 'model_mnist_784_noniid', 'round': 9, 'ticket_id': 484, 'cid': 'sha256:f4488961a8a4e34ac6ddf20f0e3b8b41055e9b049bd389bfdeaaed4c3a33f5ed'}",mock
0xa9dd0d2505924d3c87640d13a74a56c51c4b517235a3eb9ae8344cdecc1145b8,86000,1,TicketReserved,"{'model_id': 'model_mnist_784_noniid', 'round': 9, 'ticket_id': 485, 'owner': 'acct_35'}",mock
0xaaa6d3f739f72e48c03887d61fa3ce33fecff7af9fbff8b91cd7f50eeef87b93,93000,1,UpdatePublished,"{'model_id': 'model_mnist_784_noniid', 'round': 9, 'ticket_id': 485, 'cid': 'sha256:87a1db706e7799210e870bdb3cede91a9aacdf3cf63766e5067f0cad5f54724f'}",mock
0xe6c9fb879fa82592b38b6ca47a32c8e60e108eebce28a8e1c0aeef08e28f00bc,86000,1,TicketReserved,"{'model_id': 'model_mnist_784_noniid', 'round': 9, 'ticket_id': 486, 'owner': 'acct_36'}",mock
0xba4253bef8a84df0730b8ad009ee81e254cee467a2edaad7c3b90e4a8b4e1614,93000,1,UpdatePublished,"{'model_id': 'model_mnist_784_noniid', 'round': 9, 'ticket_id': 486, 'cid': 'sha256:9a202d62c854d0f8c6b4686b61d328a27cf2e04724b3bf91dfc2059b8c7aa79a'}",mock
0x4b4fc68d2c0bab3807947806fffd5f566afe8152d6baea809f7df1a0f1d46845,86000,1,TicketReserved,"{'model_id': 'model_mnist_784_noniid', 'round': 9, 'ticket_id': 487, 'owner': 'acct_37'}",mock
0xcd9fa69a3495f0839270e945ebc54adb31ef643d48bce7a6569a32931bbc4fe2,93000,1,UpdatePublished,"{'model_id': 'model_mnist_784_noniid', 'round': 9, 'ticket_id': 487, 'cid': 'sha256:292bdb2331f3028490c3e9a2586ef110820405dbdefca7a0277557a767cd7d76'}",mock
0x5d3dc00d0cf1813ddf2b1aa61f1efc354e23062fbfe9afec204bd263a3553aac,86000,1,TicketReserved,"{'model_id': 'model_mnist_784_noniid', 'round': 9, 'ticket_id': 488, 'owner': 'acct_38'}",mock
0xf9c6139409016b48ad9e20ae6ddfd9a5145454fe8621981f19680249cc4e0f2e,93000,1,UpdatePublished,"{'model_id': 'model_mnist_784_noniid', 'round': 9, 'ticket_id': 488, 'cid': 'sha256:7eec6e760480e68be90ac3bd65081b187deb971cbbf68e30ad446f7576f0e91e'}",mock
0xbd1be7948e230cf3828d3acdfd0d73534605859f7ba05ff172bef23029a3d4d2,86000,1,TicketReserved,"{'model_id': 'model_mnist_784_noniid', 'round': 9, 'ticket_id': 489, 'owner': 'acct_39'}",mock
0xcef1535cb63a5f0bb6f8795b207445163f38175fbc890d7fe7a1a88159dd7897,93000,1,UpdatePublished,"{'model_id': 'model_mnist_784_noniid', 'round': 9, 'ticket_id': 489, 'cid': 'sha256:5f5d26340e72a97d36e1be71ac6a27b6a7e6c326597687a1a9d56c7aafd9084c'}",mock
0xdcab879ca8d4ad8b9badc22ed8d3490ca1625d1b399cffeb51b2225e24b9863f,86000,1,TicketReserved,"{'model_id': 'model_mnist_784_noniid', 'round': 9, 'ticket_id': 490, 'owner': 'acct_40'}",mock
0x78dc29da57e3aeb7f67ee75630d46225df820070f47771444eed5ad84c4294e0,93000,1,UpdatePublished,"{'model_id': 'model_mnist_784_noniid', 'round': 9, 'ticket_id': 490, 'cid': 'sha256:643a8d87ef31766a8ee30d5fe935e037decc69e75b2d2540fc8dadb847c6b47e'}",mock
0x4831d25547ded7ce3ef53fcd4aea90156225f70fa54185d65ed3afcacb9e87a4,86000,1,TicketReserved,"{'model_id': 'model_mnist_784_noniid', 'round': 9, 'ticket_id': 491, 'owner': 'acct_41'}",mock
0xb218749276223b4b7653101624d48dd3ecd4d04da60af980c5ccc6be1d36526a,93000,1,UpdatePublished,"{'model_id': 'model_mnist_784_noniid', 'round': 9, 'ticket_id': 491, 'cid': 'sha256:be4afe6d1fcf0510653f1d81828d04e3e6a762fbd0a4ec2788ebbd27b88ce94b'}",mock
0xdc77ea68f14c833e79601f43b13ae063a96b5907e31855f0fbe16e3fa7eb27b1,86000,1,TicketReserved,"{'model_id': 'model_mnist_784_noniid', 'round': 9, 'ticket_id': 492, 'owner': 'acct_42'}",mock
0x3699fff253520aa66df677a7097fc30a36ac79033988fcdc5a52b5388efe886d,93000,1,UpdatePublished,"{'model_id': 'model_mnist_784_noniid', 'round': 9, 'ticket_id': 492, 'cid': 'sha256:3cff18c544623e935e405bed50fea18a624d1bed327cdfe92ae1ee4af59c4a94'}",mock
0xe6d4f571d006ae2737e8de33d8ba6e271be27d7f38686dd9957b94f27efa29d7,86000,1,TicketReserved,"{'model_id': 'model_mnist_784_noniid', 'round': 9, 'ticket_id': 493, 'owner': 'acct_43'}",mock
0xa2875475fd93343ddfbe11244b6dcb2f3219e44a7f326b876099f52285800c6e,93000,1,UpdatePublished,"{'model_id': 'model_mnist_784_noniid', 'round': 9, 'ticket_id': 493, 'cid': 'sha256:308cdf4be50d1a3ac43cbe72f89329a4aeac702680ecb9e35f5390e464b180fe'}",mock
0x84fb46ce987b59db5e14d7088421c281ebc492554bad7fc86ebd2b9ca2a5daa0,86000,1,TicketReserved,"{'model_id': 'model_mnist_784_noniid', 'round': 9, 'ticket_id': 494, 'owner': 'acct_44'}",mock
0xdf35a1d2e016ead1ebb3065701734709dc4f3a0c442dc11b6962cf61f2ceeca7,93000,1,UpdatePublished,"{'model_id': 'model_mnist_784_noniid', 'round': 9, 'ticket_id': 494, 'cid': 'sha256:e5d430e892c7ea2e344250b56fd7d0488a1438328871a6cef4f7583a0ab0d0c8'}",mock
0x9d1cb270f71ece72490e3c9b460a72429d8b4c8e65685a63d91179a909213039,86000,1,TicketReserved,"{'model_id': 'model_mnist_784_noniid', 'round': 9, 'ticket_id': 495, 'owner': 'acct_45'}",mock
0x4229b756578052aea2ee65b5c69de805e5beacd78574d8e3eaf284f0f7e5cf00,93000,1,UpdatePublished,"{'model_id': 'model_mnist_784_noniid', 'round': 9, 'ticket_id': 495, 'cid': 'sha256:f9b1db75f4bcd2d213ef0ae89baf658b4247bc92af35bc784928c3358939f903'}",mock
0xa93c902de0e4cbab8cfd9bf77dff6d10e663e21c1f86548b6b14b002daa7c03b,86000,1,TicketReserved,"{'model_id': 'model_mnist_784_noniid', 'round': 9, 'ticket_id': 496, 'owner': 'acct_46'}",mock
0xb9a1f18f0e174ed0da8ea62050e543fd422a6dcd9b7627d3a638a50ceef71edd,93000,1,UpdatePublished,"{'model_id': 'model_mnist_784_noniid', 'round': 9, 'ticket_id': 496, 'cid': 'sha256:31d12822fada3a6ab1c8375681a121e792f2dbf22433ae0dc30d7aa8787dcc7a'}",mock
0xe53d1a9912e8c2346b2bb71b9d9420b68b946fc8490c2ebf0bf462b6a466f330,86000,1,TicketReserved,"{'model_id': 'model_mnist_784_noniid', 'round': 9, 'ticket_id': 497, 'owner': 'acct_47'}",mock
0x518192b8bf3b7fac0051e7a49854f3915aa0d1ff558e38b64f0406efa52ca257,93000,1,UpdatePublished,"{'model_id': 'model_mnist_784_noniid', 'round': 9, 'ticket_id': 497, 'cid': 'sha256:f942f9d6351f2afc52355e1fcf7b2c01b694d74227f03c983a58d669378a2881'}",mock
0xf95e9a37939d874b417e574c75355f6bd792748f056d5b0ec509b2d6b5b251a4,86000,1,TicketReserved,"{'model_id': 'model_mnist_784_noniid', 'round': 9, 'ticket_id': 498, 'owner': 'acct_48'}",mock
0xed3b4167e853beb8907511724a0b14674340ae8ce53f5e6943a8b2b92ad042fe,93000,1,UpdatePublished,"{'model_id': 'model_mnist_784_noniid', 'round': 9, 'ticket_id': 498, 'cid': 'sha256:f6f866e5c854634dc68426c48ee0482a859610e83d112c0afb9b9bb4cd560544'}",mock
0x51a22f76bc900bcedf0a2753182dbeee17e0eb27cfe35de91ec4c496cfae59d7,86000,1,TicketReserved,"{'model_id': 'model_mnist_784_noniid', 'round': 9, 'ticket_id': 499, 'owner': 'acct_49'}",mock
0xb12cebb31a8d68416f4902bf77c7ad18218161e577d3bbde68388622831d1a1f,93000,1,UpdatePublished,"{'model_id': 'model_mnist_784_noniid', 'round': 9, 'ticket_id': 499, 'cid': 'sha256:a6bc20e6e21cbff8350dba1351d0ac85bd029bf56fc37b379dda7d275110d515'}",mock
0x6c3c9b048d15c273ef5287d86db1561b27c9cd890e3b7f697e4e320dbdb31183,86000,1,TicketReserved,"{'model_id': 'model_mnist_784_noniid', 'round': 9, 'ticket_id': 500, 'owner': 'acct_50'}",mock
0x664d622835962f961638f4d69aab9192431122a4292028e00f13df707408f841,93000,1,UpdatePublished,"{'model_id': 'model_mnist_784_noniid', 'round': 9, 'ticket_id': 500, 'cid': 'sha256:b7e8a5a78e25eeda5ebabd66509a0a17589962f81bce8fbe0155eb718bf2d6df'}",mock
0x1a2632dba0e64ba097a68214cf046b0cc73c42dcceb82715da8d36efeb2a1df1,985000,1,RoundFinalized,"{'model_id': 'model_mnist_784_noniid', 'round': 9, 'included': 36, 'refunds': 50}",mock
0x202c9f8463a9485d2d93c72308ecea5ea9158fdb33f5f01136b7451c1fa93243,52000,1,RoundFunded,"{'model_id': 'model_mnist_784_noniid', 'amount_wei': 10000000000000000}",mock
0x875f0c76dd50a933b676e2d6eadefe86f6cb7241ce56f95d60ad3a87865b0792,86000,1,TicketReserved,"{'model_id': 'model_mnist_784_noniid', 'round': 10, 'ticket_id': 501, 'owner': 'acct_1'}",mock
0x071efa54d1323e1195009c7788196f5c95caeb3a3caf807039c6ac5107dd67e3,93000,1,UpdatePublished,"{'model_id': 'model_mnist_784_noniid', 'round': 10, 'ticket_id': 501, 'cid': 'sha256:b216af68e5a5275e376fc94b208196a3bb2d9a33a9fe38e9eb9374eef6fc86aa'}",mock
0x473c8c96864b8d14d32bfcc76cd9104be5f50660c96986424a6b8c41b5a3bc68,86000,1,TicketReserved,"{'model_id': 'model_mnist_784_noniid', 'round': 10, 'ticket_id': 502, 'owner': 'acct_2'}",mock
0x66ceafbb264dd32773c308ce6327fc7eb07fcf1e30bbf9636ec794f61ef72ce4,93000,1,UpdatePublished,"{'model_id': 'model_mnist_784_noniid', 'round': 10, 'ticket_id': 502, 'cid': 'sha256:b21d7bd61155eddee6bfeb7e261e76e9b5b1953ed123e918966b53dfa0a65ffa'}",mock
0x8ff38419d0164c5e57cef0a683612e94c04d57391943baf2010d64afd9a620c9,86000,1,TicketReserved,"{'model_id': 'model_mnist_784_noniid', 'round': 10, 'ticket_id': 503, 'owner': 'acct_3'}",mock
0xd8d9ac0cb5d7354e0584b2bf731959d0785fc0258eb15d99f2cc48a5cacdbe1f,93000,1,UpdatePublished,"{'model_id': 'model_mnist_784_noniid', 'round': 10, 'ticket_id': 503, 'cid': 'sha256:0b7ef5198b85ca88bd949dd648e675cbed866e002a8d36ceafad951d78194844'}",mock
0x35ce2f3fc426e22664943efd95f19d0341d29749e1b9ab6d44a00a46c87d5bdf,86000,1,TicketReserved,"{'model_id': 'model_mnist_784_noniid', 'round': 10, 'ticket_id': 504, 'owner': 'acct_4'}",mock
0x0cbc83f79d3c1a3733664dd33919e212872b15acba3b15d7cbdd02bc5c3a9f12,93000,1,UpdatePublished,"{'model_id': 'model_mnist_784_noniid', 'round': 10, 'ticket_id': 504, 'cid': 'sha256:0755a21edec35fdf98171f1fc2e3462ad619a984093dbb3e0674cf011616e951'}",mock
0xfd9da98c10080881d89b430f2c2abb56d53d4703b271bb0ef77d1edcbb156621,86000,1,TicketReserved,"{'model_id': 'model_mnist_784_noniid', 'round': 10, 'ticket_id': 505, 'owner': 'acct_5'}",mock
0xc13cfe8aaf76e273711a7f23f4e568622e53425b73e4cf8e58eb24166819ba6c,93000,1,UpdatePublished,"{'model_id': 'model_mnist_784_noniid', 'round': 10, 'ticket_id': 505, 'cid': 'sha256:30b7bbb2111e5055b17e78a9686c0aa854ec97561686dede6b1a255048a7146b'}",mock
0xba76594f634c51c035e14c625a06fa79f73fb2950adf043ac8e5c291eb089e22,86000,1,TicketReserved,"{'model_id': 'model_mnist_784_noniid', 'round': 10, 'ticket_id': 506, 'owner': 'acct_6'}",mock
0x0705d66dec2353b5cc6c1a4c2ecc786d42a9c827705a7ee99ad386585630919b,93000,1,UpdatePublished,"{'model_id': 'model_mnist_784_noniid', 'round': 10, 'ticket_id': 506, 'cid': 'sha256:1595cf161a7cf0524d290a05587d8c466d683f3a7d1928d4213040e254c78c0a'}",mock
0x2e3f6a35346ade821a0fa0b6a0181c3bd87efdcdf8e576ecce081c1078fd923c,86000,1,TicketReserved,"{'model_id': 'model_mnist_784_noniid', 'round': 10, 'ticket_id': 507, 'owner': 'acct_7'}",mock
0x4bcac00c654ff7294fc973b13a86d0233afc29aa5250e738cb5cedc02c07084d,93000,1,UpdatePublished,"{'model_id': 'model_mnist_784_noniid', 'round': 10, 'ticket_id': 507, 'cid': 'sha256:cd8af955bd11b0e7359f5563dc2e46026ae2b34033d53b3c7bb2c1399fefa362'}",mock
0x27a70b648990df3ed81bffca1bd0b9c840c1f675a74fa8976395d743ddd827e0,86000,1,TicketReserved,"{'model_id': 'model_mnist_784_noniid', 'round': 10, 'ticket_id': 508, 'owner': 'acct_8'}",mock
0x18ff8f38bdd40e98a1ca8cd90219c72e7bf2888d01515b73c7c71e7a4c85d527,93000,1,UpdatePublished,"{'model_id': 'model_mnist_784_noniid', 'round': 10, 'ticket_id': 508, 'cid': 'sha256:e681bd7668dcc32957413a09b3ecc268167b4d0551a5d62351b04959d9b9ae7f'}",mock
0x4ed4456f975d9dd64dd8e15e0f1b53d59703e59b50656ddfe95d794fc09ab6a0,86000,1,TicketReserved,"{'model_id': 'model_mnist_784_noniid', 'round': 10, 'ticket_id': 509, 'owner': 'acct_9'}",mock
0xf19236e056f8c6fa4dde2328741d75a34e74304dbc32ff1899522588f82e3e8c,93000,1,UpdatePublished,"{'model_id': 'model_mnist_784_noniid', 'round': 10, 'ticket_id': 509, 'cid': 'sha256:b4694fc7c979fe7e84fe0f62ab30df0c5596eed413eb64adc06e19a1f0054fc1'}",mock
0x469739b4028968d77c20c90fbbab3b24bd924fc420e3459ee4873d06c8aac5fc,86000,1,TicketReserved,"{'model_id': 'model_mnist_784_noniid', 'round': 10, 'ticket_id': 510, 'owner': 'acct_10'}",mock
0x3b5d2447fb4058dc3147c570e06f96613e78a224ad84fe888435de318ac4845b,93000,1,UpdatePublished,"{'model_id': 'model_mnist_784_noniid', 'round': 10, 'ticket_id': 510, 'cid': 'sha256:ec8cb1b8f0f1f850068aa1c37123485ac066ffafadb2d3c829e11850ef7bdfdc'}",mock
0xc97b4a201e2a60d37cce3cbb886c41eb4615681c955feeae30892214d2ae9ab7,86000,1,TicketReserved,"{'model_id': 'model_mnist_784_noniid', 'round': 10, 'ticket_id': 511, 'owner': 'acct_11'}",mock
0x6af43f9fdfad855529812e78a1b0e768ac097c3348d62db179af0f2a22523ab3,93000,1,UpdatePublished,"{'model_id': 'model_mnist_784_noniid', 'round': 10, 'ticket_id': 511, 'cid': 'sha256:d6d1ba221364ca005b31252de9ea1916922324ab0bfafd5ef3bf8b772a19dba3'}",mock
0x32f68109ad6866a5f7eada10d2619da35db61b55418a4b4e7fe73033ea59ff6f,86000,1,TicketReserved,"{'model_id': 'model_mnist_784_noniid', 'round': 10, 'ticket_id': 512, 'owner': 'acct_12'}",mock
0x99a9e4dd8ed021398e589080a1197aea204243cb93bedf81b7296256120a5985,93000,1,UpdatePublished,"{'model_id': 'model_mnist_784_noniid', 'round': 10, 'ticket_id': 512, 'cid': 'sha256:fb1ad836e15cd0604ad1f10456522e4f8173324669f951bbbef345d139d6b1f6'}",mock
0x097d43385f1b29cb30e7c9713f44c019a190c449ef7823a9de17ebbc5a60eba1,86000,1,TicketReserved,"{'model_id': 'model_mnist_784_noniid', 'round': 10, 'ticket_id': 513, 'owner': 'acct_13'}",mock
0x951b04e5438b539a8e117c955161363137eb621718730d79bcc7d5a74e6404f8,93000,1,UpdatePublished,"{'model_id': 'model_mnist_784_noniid', 'round': 10, 'ticket_id': 513, 'cid': 'sha256:9e1e74026be8889bb3ccaa9f185dabad378023c7e271ffd423c3a402520bb41e'}",mock
0xba967c8f03525e5982ce90da9f3eaa007c8a0c2f1d3db95c376e4f64e4e822b4,86000,1,TicketReserved,"{'model_id': 'model_mnist_784_noniid', 'round': 10, 'ticket_id': 514, 'owner': 'acct_14'}",mock
0xbe0a329bfa544c7737c42522261e227ef62d3e1128d512c18b2ba82464108689,93000,1,UpdatePublished,"{'model_id': 'model_mnist_784_noniid', 'round': 10, 'ticket_id': 514, 'cid': 'sha256:7e68ce144b265714e767bafb93426463a726cdacb7509616f44d344b3ffee417'}",mock
0xc2cd6875603f91a154baacbaf5a7512e55e6edd8a1c80352bc0ae10f0f3aff44,86000,1,TicketReserved,"{'model_id': 'model_mnist_784_noniid', 'round': 10, 'ticket_id': 515, 'owner': 'acct_15'}",mock
0x3a421a32eb6155d48273811ca591f37cb29a21125b1061616c348bfa2d5205d3,93000,1,UpdatePublished,"{'model_id': 'model_mnist_784_noniid', 'round': 10, 'ticket_id': 515, 'cid': 'sha256:997c8a60bb6a580a2398faa9700db4ceda750e44b44fb289bdf1949e77cc04ba'}",mock
0xfb30a5ea3cc62b92b988410c97b2e70d7acbe20a3c2f5d8924d1d1a45950faee,86000,1,TicketReserved,"{'model_id': 'model_mnist_784_noniid', 'round': 10, 'ticket_id': 516, 'owner': 'acct_16'}",mock
0x425df70e33413eb12c2c05305311afc58de20c701ac07491eeac4ea5c3697cd8,93000,1,UpdatePublished,"{'model_id': 'model_mnist_784_noniid', 'round': 10, 'ticket_id': 516, 'cid': 'sha256:3d02c6b66d3fe620a8dd07482430c77344fbd823dffefcd7b9594e6458d76bc1'}",mock
0x877927d5cad941adeda3cce0dbc010efb93f89426dce8c0538f3def57d062851,86000,1,TicketReserved,"{'model_id': 'model_mnist_784_noniid', 'round': 10, 'ticket_id': 517, 'owner': 'acct_17'}",mock
0x4822705168da4dcb626f4c84dc3b5ec8be668f14f726abdc3b7020debfb65348,93000,1,UpdatePublished,"{'model_id': 'model_mnist_784_noniid', 'round': 10, 'ticket_id': 517, 'cid': 'sha256:093a47387b5721e4e793895917e41a80f4b5e0624281c3f1413c0a2e3d844fe3'}",mock
0x28c4aaa138c7caea4ecac5701e660965e3fef5dafbcea3b51791931b00912d2a,86000,1,TicketReserved,"{'model_id': 'model_mnist_784_noniid', 'round': 10, 'ticket_id': 518, 'owner': 'acct_18'}",mock
0xf68599b6d7ac24ca8c2be115c3c88e151da1387f04ebb7b95c1e126695d6731b,93000,1,UpdatePublished,"{'model_id': 'model_mnist_784_noniid', 'round': 10, 'ticket_id': 518, 'cid': 'sha256:ab835ed7e190429f0a2a213b261394719a60a355b6f00f92fa746f65ac3ef149'}",mock
0xac59652d87ca08b1db43c02b10d7548e38bfd19ca5bb5231e703863aadd1cfcb,86000,1,TicketReserved,"{'model_id': 'model_mnist_784_noniid', 'round': 10, 'ticket_id': 519, 'owner': 'acct_19'}",mock
0x3ade32e817fd54d3380b658f41be873d7f23ce002b1e6e04c4655116d9525735,93000,1,UpdatePublished,"{'model_id': 'model_mnist_784_noniid', 'round': 10, 'ticket_id': 519, 'cid': 'sha256:a163aa6e736ff689f0be4ea1bb7fac203e22511c2cd67a67090cf074d3f5a97f'}",mock
0x0c04f0bbe5ff898d5e86958d91963a57db5526356fbac08b8316dce34cc4aeca,86000,1,TicketReserved,"{'model_id': 'model_mnist_784_noniid', 'round': 10, 'ticket_id': 520, 'owner': 'acct_20'}",mock
0x05bc74c2081dc4eced9bd79de17075a5d8b5495d40d5ec8451534fec7dc0c082,93000,1,UpdatePublished,"{'model_id': 'model_mnist_784_noniid', 'round': 10, 'ticket_id': 520, 'cid': 'sha256:88d32a302d7ec5dde3b355243e4f897a8372904acfd7649080dbe1b0924e74e9'}",mock
0x4dd4b118722a433e5e763d334f5c7bad8a5ac2fa078ef5b8aa27ae25c85d62b8,86000,1,TicketReserved,"{'model_id': 'model_mnist_784_noniid', 'round': 10, 'ticket_id': 521, 'owner': 'acct_21'}",mock
0x0344093441ff9cc9dd250c881e9e91208118785bd81c0c2fb4cc769b674fc02c,93000,1,UpdatePublished,"{'model_id': 'model_mnist_784_noniid', 'round': 10, 'ticket_id': 521, 'cid': 'sha256:e6d399c25ad9550e503bf595c5f0b01f7c2ecb6fdda3b5b1adc1fb32e7a4762b'}",mock
0x40ffca26c3e3e3025120ac308d0dd54d632c270bde54125166bb0e46b709987b,86000,1,TicketReserved,"{'model_id': 'model_mnist_784_noniid', 'round': 10, 'ticket_id': 522, 'owner': 'acct_22'}",mock
0x4f25865b48ce1c34130b85072016eb58a440575ecf02e370ae15ef349124d85b,93000,1,UpdatePublished,"{'model_id': 'model_mnist_784_noniid', 'round': 10, 'ticket_id': 522, 'cid': 'sha256:478544a31b6f4fe8996b48ea24ba180f67c42a26a3a16281344fade12f8c87ad'}",mock
0xdd0ccb251a8341988f302ae59c1508a3d8692778e6892d1fd70169b10e47977f,86000,1,TicketReserved,"{'model_id': 'model_mnist_784_noniid', 'round': 10, 'ticket_id': 523, 'owner': 'acct_23'}",mock
0xe26bb43d29df10a000ba580031366f8d60bfc73aba1b0c2c4f06daf86d0ef997,93000,1,UpdatePublished,"{'model_id': 'model_mnist_784_noniid', 'round': 10, 'ticket_id': 523, 'cid': 'sha256:7ecd5291a2e265b4c0b9ca5844ce7bb3502abf5df4aeee94cff4f9098617ad40'}",mock
0x6415283768edb2a64404299948c6b9a6efb14a18ee709c8b89e11e25bc9a2ff8,86000,1,TicketReserved,"{'model_id': 'model_mnist_784_noniid', 'round': 10, 'ticket_id': 524, 'owner': 'acct_24'}",mock
0x443db1172cd49d22c2757785d351714c93b2ef894fc90be46b2e11fad5acfc1f,93000,1,UpdatePublished,"{'model_id': 'model_mnist_784_noniid', 'round': 10, 'ticket_id': 524, 'cid': 'sha256:c22141e44aa78e42c5645ab75e70a57694a809a4deddb08913d7612ad2fb585f'}",mock
0x005fed43aaeea03e606ba33703464db93938295fdc1ab7996c0ac19ce7b549eb,86000,1,TicketReserved,"{'model_id': 'model_mnist_784_noniid', 'round': 10, 'ticket_id': 525, 'owner': 'acct_25'}",mock
0x9a41c9417e036e8b2ce481ee7d504677ce18afba6ca162c0bef050b8d4bea58a,93000,1,UpdatePublished,"{'model_id': 'model_mnist_784_noniid', 'round': 10, 'ticket_id': 525, 'cid': 'sha256:346d51330a8c480d202c10af48d144a91fccb31275325d7cea996382b4a16cb3'}",mock
0xfa9b31d74dca4589b7ace2b94a28041a94de0e67667894cc10a5088540ce5017,86000,1,TicketReserved,"{'model_id': 'model_mnist_784_noniid', 'round': 10, 'ticket_id': 526, 'owner': 'acct_26'}",mock
0xd1961e4c74a5c3c98194230309cb70b4d42f3e3616c62835a9f8167b71edfc7d,93000,1,UpdatePublished,"{'model_id': 'model_mnist_784_noniid', 'round': 10, 'ticket_id': 526, 'cid': 'sha256:db7ac0405020016c73a79b165539ff0d8acb057c71f9412400c37e5468d1da9d'}",mock
0x812bf6df8b6953a8c10bb1d6ed0bdce0617ddd4f92e1799d3d16360ed36e2d40,86000,1,TicketReserved,"{'model_id': 'model_mnist_784_noniid', 'round': 10, 'ticket_id': 527, 'owner': 'acct_27'}",mock
0x8bad302966c0ff98343ed83d5b81598e7e98fb5a0bc65bdcaa69e3fc955a5d11,93000,1,UpdatePublished,"{'model_id': 'model_mnist_784_noniid', 'round': 10, 'ticket_id': 527, 'cid': 'sha256:740fd415ae3bbcbdc56a6863ea39f7ac512fc839e44f65532c87565cd427a334'}",mock
0x62dff9a6446aa5490011f4208e5406b561786790e7624a62e23f93aa21715367,86000,1,TicketReserved,"{'model_id': 'model_mnist_784_noniid', 'round': 10, 'ticket_id': 528, 'owner': 'acct_28'}",mock
0xa852a08233703f3fab123376207d06006467350ff99da92040fbf5fa5dd492ce,93000,1,UpdatePublished,"{'model_id': 'model_mnist_784_noniid', 'round': 10, 'ticket_id': 528, 'cid': 'sha256:8c2a4a27de7899202b73de119d2aeab16e950bfdcb02cb5e43483eafc40bc8f6'}",mock
0xdb87c42248f31187c65ce42aefe87abf0ea0d384c09186b6ffe2ed4435e6c935,86000,1,TicketReserved,"{'model_id': 'model_mnist_784_noniid', 'round': 10, 'ticket_id': 529, 'owner': 'acct_29'}",mock
0xc32de26d2f2f44261742b2d940bc38c459ae22785fdec0286a9fd92604f770b3,93000,1,UpdatePublished,"{'model_id': 'model_mnist_784_noniid', 'round': 10, 'ticket_id': 529, 'cid': 'sha256:c1c154505267dea533ec3ecd42563bcac068118ca44124556d47b5ed2d25c6a3'}",mock
0x1228260b0ee458e2cbcfb53a54465c447a6015a59e515adca82207423e0ba796,86000,1,TicketReserved,"{'model_id': 'model_mnist_784_noniid', 'round': 10, 'ticket_id': 530, 'owner': 'acct_30'}",mock
0x39fa10f44b55ab0268b9da573c2623dda4975420fbbe9974e97dc7391ea298f4,93000,1,UpdatePublished,"{'model_id': 'model_mnist_784_noniid', 'round': 10, 'ticket_id': 530, 'cid': 'sha256:94412beef3b7b2a8d36946779137382dacb97632cdf35aea371710d6c3dc5966'}",mock
0x98765f69d75e7f300541ebd4112668d5ed1326374f49301bd1e86771283c0888,86000,1,TicketReserved,"{'model_id': 'model_mnist_784_noniid', 'round': 10, 'ticket_id': 531, 'owner': 'acct_31'}",mock
0x81fd4c7c8a20b713aef632360d4ee867d912ba001f799192cbf07ffd1369b5c8,93000,1,UpdatePublished,"{'model_id': 'model_mnist_784_noniid', 'round': 10, 'ticket_id': 531, 'cid': 'sha256:2c070a73d000246dd888de579c2f2f8695629b08c1cc81668edc01d36feb6757'}",mock
0x3c7caed3cf789119474081a7c52cb933315ff7e950e741ec5cb64007344ad89e,86000,1,TicketReserved,"{'model_id': 'model_mnist_784_noniid', 'round': 10, 'ticket_id': 532, 'owner': 'acct_32'}",mock
0xa3994c878b0561a28fb63cfb5a67e6112dc3dccfce4c959131ebc80ed2c48e79,93000,1,UpdatePublished,"{'model_id': 'model_mnist_784_noniid', 'round': 10, 'ticket_id': 532, 'cid': 'sha256:11e578f244ff7da8de2493a81ded6fdefbc4f1baf07847086b8813451768df0b'}",mock
0xdcbb8cfc8eed30f543bdb4b76d09c2bbd9d77b0db01fcc476181158802343ff4,86000,1,TicketReserved,"{'model_id': 'model_mnist_784_noniid', 'round': 10, 'ticket_id': 533, 'owner': 'acct_33'}",mock
0x3c159b4fdeee689b2cd30783733a7f7fa876743ad5d37a3f71648752467a5e61,93000,1,UpdatePublished,"{'model_id': 'model_mnist_784_noniid', 'round': 10, 'ticket_id': 533, 'cid': 'sha256:dc964c33f02f29dcfa916c6fc188d4a77abc83c94b10f9aa88f162d298af3ef0'}",mock
0xa1bd15040b0cbafe220f3bc467120fcc464b64c50ccde89edf4e8983ea2621d8,86000,1,TicketReserved,"{'model_id': 'model_mnist_784_noniid', 'round': 10, 'ticket_id': 534, 'owner': 'acct_34'}",mock
0x8d93e1bf42a84a13e8cb2342fa0dae5532a16de296d25cfd5309662fafa413ac,93000,1,UpdatePublished,"{'model_id': 'model_mnist_784_noniid', 'round': 10, 'ticket_id': 534, 'cid': 'sha256:f07e9b63d7e70a64179d145e68749e424d4282a582585162664e41bc9bc93ff4'}",mock
0xb2149d51496ea065f30f4e41978a1e8d7f1ccf0ee45edab6aecc4a1510933003,86000,1,TicketReserved,"{'model_id': 'model_mnist_784_noniid', 'round': 10, 'ticket_id': 535, 'owner': 'acct_35'}",mock
0xa7461b972aaec1267ff02bfac7c20d8c97dfd2ff74aff145e1725f3f851ab511,93000,1,UpdatePublished,"{'model_id': 'model_mnist_784_noniid', 'round': 10, 'ticket_id': 535, 'cid': 'sha256:395c5dc5535ba0661e90742ba037c13a7553e3470ca2ca99508cc5dc5cfe4da1'}",mock
0xfa49a15bc56d75561778bce88288abe6f8b1d5934cd5e40a44ea53ceae5fcd43,86000,1,TicketReserved,"{'model_id': 'model_mnist_784_noniid', 'round': 10, 'ticket_id': 536, 'owner': 'acct_36'}",mock
0x450d18ced135935d0e4d6e240970e348bcfd79de2fb0afb41805b49ca24e0f25,93000,1,UpdatePublished,"{'model_id': 'model_mnist_784_noniid', 'round': 10, 'ticket_id': 536, 'cid': 'sha256:70a9a8fa314527ffba037ad923fdaab1dd7154487f4a9f977a0f7888f3c1fac3'}",mock
0xbff13246aaa929f921018cbe0e404a86ff4fefafbb8bc8183e4b30c8be279b4a,86000,1,TicketReserved,"{'model_id': 'model_mnist_784_noniid', 'round': 10, 'ticket_id': 537, 'owner': 'acct_37'}",mock
0x76a7f24298da2acc9c27d5b2286ba1db53d6e0447ca2772a17d83201986a43ff,93000,1,UpdatePublished,"{'model_id': 'model_mnist_784_noniid', 'round': 10, 'ticket_id': 537, 'cid': 'sha256:15b59c50434911b5128ab12f049c4b9c56192dd0302110050ab738a11ac87d53'}",mock
0x24695f00cbee9d0c61212d888250cb54fba96a5b3e4acddf088b88612679dbc8,86000,1,TicketReserved,"{'model_id': 'model_mnist_784_noniid', 'round': 10, 'ticket_id': 538, 'owner': 'acct_38'}",mock
0xd73d0e5fc9727afc27ebfaa8eb80e078f508b23905e852d98660a2523cda5042,93000,1,UpdatePublished,"{'model_id': 'model_mnist_784_noniid', 'round': 10, 'ticket_id': 538, 'cid': 'sha256:f4e36cac4db65c39ce1be41ec275a4412ed198dc41c1d36c016cc16fca842954'}",mock
0x316ecb578049321ae46abbe1385407c66bc32b243cfeef90648eab65bf754ca5,86000,1,TicketReserved,"{'model_id': 'model_mnist_784_noniid', 'round': 10, 'ticket_id': 539, 'owner': 'acct_39'}",mock
0x7d3327b9bd06875e02787d0de18fc830c2c1a1981764ec2572d0f9517281c17e,93000,1,UpdatePublished,"{'model_id': 'model_mnist_784_noniid', 'round': 10, 'ticket_id': 539, 'cid': 'sha256:2c79a3cc6da532a326a7095150f29bc34f46b0adc90a0c2039b2b291fa05c996'}",mock
0x5f86315195ae41c5f523473a712cd94ae549e9579e579e04ecf3e3bb50323620,86000,1,TicketReserved,"{'model_id': 'model_mnist_784_noniid', 'round': 10, 'ticket_id': 540, 'owner': 'acct_40'}",mock
0x475d18ac7281b036309d4504fc8b9b791c8dce94e9df24402d2134dd250111cb,93000,1,UpdatePublished,"{'model_id': 'model_mnist_784_noniid', 'round': 10, 'ticket_id': 540, 'cid': 'sha256:dd496a191ce3d676117515fea45c55244e1a67fd8051b243c2ece1e0cc16c9e2'}",mock
0xdfd3a96460610cdc4268a0be763af3f0ef65d1bf8162c2e061ee4e58fdc92ee9,86000,1,TicketReserved,"{'model_id': 'model_mnist_784_noniid', 'round': 10, 'ticket_id': 541, 'owner': 'acct_41'}",mock
0x9d5eb9ccf1b43148bc60aa01c724097f73eba63600929cd232bc45c052fc7593,93000,1,UpdatePublished,"{'model_id': 'model_mnist_784_noniid', 'round': 10, 'ticket_id': 541, 'cid': 'sha256:930449c156ed49deb806da02111b339745218e8ef211f1fcc20dd2b95b368e6e'}",mock
0x259e3014624113d86763d52447039418614fae92fec307f7dbc218ce3289739c,86000,1,TicketReserved,"{'model_id': 'model_mnist_784_noniid', 'round': 10, 'ticket_id': 542, 'owner': 'acct_42'}",mock
0xe52bba03badc6c87158d7027a9038c890f2fe44db15d4d792c29506f7b25a4c6,93000,1,UpdatePublished,"{'model_id': 'model_mnist_784_noniid', 'round': 10, 'ticket_id': 542, 'cid': 'sha256:465083ac9cbc1e0c5fc87545130b002ff1370398423812a601394094dbdc47b5'}",mock
0xc9833e75de473968a92c236dd63a2d58d28ef4335df6b9a17606afdea9301f93,86000,1,TicketReserved,"{'model_id': 'model_mnist_784_noniid', 'round': 10, 'ticket_id': 543, 'owner': 'acct_43'}",mock
0x35e0b03ceded30ec27bdf35d9846b2ecefc2edfdb0c728e69e25e286f36643f1,93000,1,UpdatePublished,"{'model_id': 'model_mnist_784_noniid', 'round': 10, 'ticket_id': 543, 'cid': 'sha256:eecb851a6ac56932335cb2021b9da10ee773e3022f8e811d5b59e9787dffb4e8'}",mock
0xd71c18cd9cc8cad2ba9a4fed633ed0e9f399baa9651345ed612f76c9ed425c20,86000,1,TicketReserved,"{'model_id': 'model_mnist_784_noniid', 'round': 10, 'ticket_id': 544, 'owner': 'acct_44'}",mock
0x6f4523209d31ff506473f353d0de2f1639f09d699c97d5252c9a224a98d6abec,93000,1,UpdatePublished,"{'model_id': 'model_mnist_784_noniid', 'round': 10, 'ticket_id': 544, 'cid': 'sha256:5776dbf5d21a4bba6d85c2f94daade6cbae297e21ac3e6c8e6429eed3c15649c'}",mock
0x283ee33d5eaacd27e06cab2b63bc1127f840cc1caa6043a38b595964f371297e,86000,1,TicketReserved,"{'model_id': 'model_mnist_784_noniid', 'round': 10, 'ticket_id': 545, 'owner': 'acct_45'}",mock
0xb143ad5a835fdb9cb1a4bff4d45c65ac5e84a8d4923f9b7a55523ac56f054fa4,93000,1,UpdatePublished,"{'model_id': 'model_mnist_784_noniid', 'round': 10, 'ticket_id': 545, 'cid': 'sha256:7359fa08c1ee1ca7feb565004cf7275911af9117258fb2a8a563e64a946b5442'}",mock
0x3e70149b9fc8b18504071b9288a2752e32adb7057e90aad6c84ceb92c375da16,86000,1,TicketReserved,"{'model_id': 'model_mnist_784_noniid', 'round': 10, 'ticket_id': 546, 'owner': 'acct_46'}",mock
0x3e603817fc9992af1cdf9b88af7420b700ddabef052161db06fab3507b4e02c3,93000,1,UpdatePublished,"{'model_id': 'model_mnist_784_noniid', 'round': 10, 'ticket_id': 546, 'cid': 'sha256:559c7509f97632941fafff61b1b0b6ef8450c13784a06ff90ed35904568ad795'}",mock
0x6aad107f8a7e398de9b7e7b1d98234d670d5aba68eaca20b10fa254f9bd81b11,86000,1,TicketReserved,"{'model_id': 'model_mnist_784_noniid', 'round': 10, 'ticket_id': 547, 'owner': 'acct_47'}",mock
0x7b474fdee0d62cd8fb04c7b65f56fcad43defa38567a7de1d3c93302aaf2b95b,93000,1,UpdatePublished,"{'model_id': 'model_mnist_784_noniid', 'round': 10, 'ticket_id': 547, 'cid': 'sha256:adad68d3af35ea73e5d62ea29f882f0ffdbc4acf688404e937bcd80c8e29db96'}",mock
0x92a603203e5abff3cb7a427c5122e25711920ad03ce903954b76822254f36896,86000,1,TicketReserved,"{'model_id': 'model_mnist_784_noniid', 'round': 10, 'ticket_id': 548, 'owner': 'acct_48'}",mock
0xf3895f7f97392a866263a1c8aaca01e00f2ef1583525d67b3676f795594f004d,93000,1,UpdatePublished,"{'model_id': 'model_mnist_784_noniid', 'round': 10, 'ticket_id': 548, 'cid': 'sha256:b08c5aab8a645fd5f4386d18cac3d7427909e08b9e6c7ec4d03297f76d601c79'}",mock
0xd7d4935048c96f7a7778b75c41188ec147f7801e1ca1df8e9c44b1c4f4215c96,86000,1,TicketReserved,"{'model_id': 'model_mnist_784_noniid', 'round': 10, 'ticket_id': 549, 'owner': 'acct_49'}",mock
0xed3935e32111f80957e799554104c616be54edbc4d9715e8011fe499f5d69193,93000,1,UpdatePublished,"{'model_id': 'model_mnist_784_noniid', 'round': 10, 'ticket_id': 549, 'cid': 'sha256:124bb989ebe5fe267fb94c571409ef6cbc8016f44a6330e77643d9f4772a995d'}",mock
0x848daebe089f6738a99d30a76619f98015e909be03ea763de950ece1dc0290a2,86000,1,TicketReserved,"{'model_id': 'model_mnist_784_noniid', 'round': 10, 'ticket_id': 550, 'owner': 'acct_50'}",mock
0x98e328a9cb28144774f6f9fe6eb03250667431009a6521b7408cb21a68d8803a,93000,1,UpdatePublished,"{'model_id': 'model_mnist_784_noniid', 'round': 10, 'ticket_id': 550, 'cid': 'sha256:b7ec4a20a054043db541a9fc6036ebebd18b912b777d273e3e21ba62768be3d3'}",mock
0xe85d051dfe10de1183522f369d25aed65ddc1fc5d88966fbdecf116404efb27b,1035000,1,RoundFinalized,"{'model_id': 'model_mnist_784_noniid', 'round': 10, 'included': 41, 'refunds': 50}",mock
0x536d8f5d4ff59526776a14afbd4e8d95244ae0d52c3d15b416b2f5635f17c48d,52000,1,RoundFunded,"{'model_id': 'model_mnist_784_noniid', 'amount_wei': 10000000000000000}",mock
0x002415f51041305e157c3cda22e7c80fe40d388014a2650089576447c3781b9d,86000,1,TicketReserved,"{'model_id': 'model_mnist_784_noniid', 'round': 11, 'ticket_id': 551, 'owner': 'acct_1'}",mock
0x3a021be9272e880a35a207e94ca15f490e8e2079714c7a5665600dea3ab2de90,93000,1,UpdatePublished,"{'model_id': 'model_mnist_784_noniid', 'round': 11, 'ticket_id': 551, 'cid': 'sha256:6c1d41073e5b0b371228a05bba5d3bcc2c582de8af68c78371bf5379342dd651'}",mock
0xd59d725438062d511be603a5f4a14af4e07333122d72ffdcecac14185eeb87bd,86000,1,TicketReserved,"{'model_id': 'model_mnist_784_noniid', 'round': 11, 'ticket_id': 552, 'owner': 'acct_2'}",mock
0x0adc8f157052ee554b3edd2f5021baa8d5f3c79de03e0e2933060047017eeb92,93000,1,UpdatePublished,"{'model_id': 'model_mnist_784_noniid', 'round': 11, 'ticket_id': 552, 'cid': 'sha256:528bebaa56b7009c8f0c4c0df3f741c472d2018346c9d7c9b7ed2bcf07a8c5b6'}",mock
0x2b41d42ed7e1491d43815b455f5d79b10984cd942bbc436329dc4cfbdfaa1d1e,86000,1,TicketReserved,"{'model_id': 'model_mnist_784_noniid', 'round': 11, 'ticket_id': 553, 'owner': 'acct_3'}",mock
0x8b8ff0911f76256b92a4f363e059ab9526070e2f757540e18410862787ec223a,93000,1,UpdatePublished,"{'model_id': 'model_mnist_784_noniid', 'round': 11, 'ticket_id': 553, 'cid': 'sha256:347a0d2792072afdd587e211f0b441f1925c2bc302fa240efb5902c01323bbfc'}",mock
0x2448857856bdbca0348073f5fb9c625ced7e2460ca54f84a37a81bac985c5823,86000,1,TicketReserved,"{'model_id': 'model_mnist_784_noniid', 'round': 11, 'ticket_id': 554, 'owner': 'acct_4'}",mock
0xbfec217400fe071c7a72277b292addba2f16f1f4a6fec8c05646e5e025dfc4a1,93000,1,UpdatePublished,"{'model_id': 'model_mnist_784_noniid', 'round': 11, 'ticket_id': 554, 'cid': 'sha256:796cf41a007866b1a773a33374771feb16f4f3c2a5c706056b1ebf5aa7987d5f'}",mock
0xd51779fa4e29f4266d1c39519e02e53253fe60b3e2ebb2a28ccab3495c0b0649,86000,1,TicketReserved,"{'model_id': 'model_mnist_784_noniid', 'round': 11, 'ticket_id': 555, 'owner': 'acct_5'}",mock
0x6ae0de99539de6c63d6438e49587b3f4d670f8ac53926b1212dfc4d73c584e99,93000,1,UpdatePublished,"{'model_id': 'model_mnist_784_noniid', 'round': 11, 'ticket_id': 555, 'cid': 'sha256:19ac23b7b17079c719d9c9ca7bc04de88218fa7d0f582d16b17ea11246626ec9'}",mock
0xf5078e52e05fb6026978e702a98d98a4bd0d1bfe749828ca96df51129f65dcec,86000,1,TicketReserved,"{'model_id': 'model_mnist_784_noniid', 'round': 11, 'ticket_id': 556, 'owner': 'acct_6'}",mock
0x98c7d0caa5b7d933e9748113886b05eeb9f9fafb0878b918607fef62f954509c,93000,1,UpdatePublished,"{'model_id': 'model_mnist_784_noniid', 'round': 11, 'ticket_id': 556, 'cid': 'sha256:79b327677f419b97f8c4b5dce51bb88178a088bf80011d4a0643bc0a7eae79f3'}",mock
0xbb30e187d30f3005cb1870ef8a75b080fa8cdf4f6b1fff9f39da98b8f5429933,86000,1,TicketReserved,"{'model_id': 'model_mnist_784_noniid', 'round': 11, 'ticket_id': 557, 'owner': 'acct_7'}",mock
0xe6d36c46450cb3fe1a3241b19c2154dffc2f77488bbdadda314589e1dead4cb0,93000,1,UpdatePublished,"{'model_id': 'model_mnist_784_noniid', 'round': 11, 'ticket_id': 557, 'cid': 'sha256:2f44690e2b3451d74c8399b2cc0ff37e6b17010a35631e5e682233a7570e586d'}",mock
0xf62ce0cd415d03f4c058431fd54f575e66ad56779118fab95627478736a7d031,86000,1,TicketReserved,"{'model_id': 'model_mnist_784_noniid', 'round': 11, 'ticket_id': 558, 'owner': 'acct_8'}",mock
0x0b7ef681a7f53715891ef5725a9c5f794c037cbab4107cbb86b2ae433f2c1d2f,93000,1,UpdatePublished,"{'model_id': 'model_mnist_784_noniid', 'round': 11, 'ticket_id': 558, 'cid': 'sha256:b4f1f6fddbc9ffc77d52b74654c4cd6e4ead4e0b17bd5e2f8ca0b6d8274e7e24'}",mock
0xec4a2922caa32420cb90aa3c9cdc71efd56d05abf595867240d96f0365f2bb51,86000,1,TicketReserved,"{'model_id': 'model_mnist_784_noniid', 'round': 11, 'ticket_id': 559, 'owner': 'acct_9'}",mock
0xb65a0fb3115cc32226f3269b9bfe95deacfa1d4025cc18a29b38c66e1e1e1b24,93000,1,UpdatePublished,"{'model_id': 'model_mnist_784_noniid', 'round': 11, 'ticket_id': 559, 'cid': 'sha256:bec6eea6a1c6493393fafcef4fc97fdd27b7d766b02c16e34532d87d2b77d372'}",mock
0x9a24f6d42b23be7f01192f0739048ebb189ca718b1aa4bf1cee955f690ec35b7,86000,1,TicketReserved,"{'model_id': 'model_mnist_784_noniid', 'round': 11, 'ticket_id': 560, 'owner': 'acct_10'}",mock
0xa42cca2d2b6de7da0e3d50e78829d9a36f4ea058fc130b0d54510cc360d8675f,93000,1,UpdatePublished,"{'model_id': 'model_mnist_784_noniid', 'round': 11, 'ticket_id': 560, 'cid': 'sha256:2761bbdde15ee78a28bab2e6bdc146c5a32f2b41cf1dbaa97b9cb23ec0edb200'}",mock
0x539ea12aa3ee27d195c1bdf60f79e1929d5eacca29eaab93d21f17fc5d63126a,86000,1,TicketReserved,"{'model_id': 'model_mnist_784_noniid', 'round': 11, 'ticket_id': 561, 'owner': 'acct_11'}",mock
0xec13d0632c94ca91574547b66737062873f6c0d8a231c6205917e153d4e7909a,93000,1,UpdatePublished,"{'model_id': 'model_mnist_784_noniid', 'round': 11, 'ticket_id': 561, 'cid': 'sha256:2646a50dd09538d148e4ee45b4adeddfe6ffe71408bdcaca5bdcb2ccd3d67883'}",mock
0xe299356fff3a8a2925a607afcbf25cb187ef7ae188eb1c84d9d4487f2148f93f,86000,1,TicketReserved,"{'model_id': 'model_mnist_784_noniid', 'round': 11, 'ticket_id': 562, 'owner': 'acct_12'}",mock
0x9529ffa9c4e97a44beef08ad9614962b36b815dda35fa1523260e0ed0c9b7761,93000,1,UpdatePublished,"{'model_id': 'model_mnist_784_noniid', 'round': 11, 'ticket_id': 562, 'cid': 'sha256:cbeb7d7e847713e5239317bde6b5b424ecf413c2bb23dda3bc48aee707dd799a'}",mock
0x6ae9612a3b6291aaa73fd3585d23290dc745b8f0cdb0e51239c24f2621d7a0c5,86000,1,TicketReserved,"{'model_id': 'model_mnist_784_noniid', 'round': 11, 'ticket_id': 563, 'owner': 'acct_13'}",mock
0x6c88aca3b4773d4832c2f88e10f6e8bc995c4a548e6f60e18f788817ccdf2cf8,93000,1,UpdatePublished,"{'model_id': 'model_mnist_784_noniid', 'round': 11, 'ticket_id': 563, 'cid': 'sha256:8e49d5430a33b1bd509ad7aa5047a9cef2acede102a527db293ccb84233ffdcd'}",mock
0xbaf6839e3262d2a5707667afbcfa05a04da5857c4d7fa903cb8293fec7ddf682,86000,1,TicketReserved,"{'model_id': 'model_mnist_784_noniid', 'round': 11, 'ticket_id': 564, 'owner': 'acct_14'}",mock
0x342a694cf926d78189f2bac97732af37b668fb43ab57d814d1ff6c6a3c2d8fac,93000,1,UpdatePublished,"{'model_id': 'model_mnist_784_noniid', 'round': 11, 'ticket_id': 564, 'cid': 'sha256:c4f0e15db15418638eb83d7a387f71fb0a0541ce76ff2fad4385700d4c88b512'}",mock
0xadb34e781abac1bb5c5d1e37fb5d9b6ccadeb543df53581394a3819dbd1201d6,86000,1,TicketReserved,"{'model_id': 'model_mnist_784_noniid', 'round': 11, 'ticket_id': 565, 'owner': 'acct_15'}",mock
0xf245823288806aca892c5d26de5774bc5d3f80f9b3b5d50005aecb154585987e,93000,1,UpdatePublished,"{'model_id': 'model_mnist_784_noniid', 'round': 11, 'ticket_id': 565, 'cid': 'sha256:2fa0d9dd3bb77307800c7a55dbc648ed93292031574d47bf1bc05342a1281b4c'}",mock
0x38a2725349c97fc2528e38b98c50e57bdba0c16680da23abe5ab01a59e2f2584,86000,1,TicketReserved,"{'model_id': 'model_mnist_784_noniid', 'round': 11, 'ticket_id': 566, 'owner': 'acct_16'}",mock
0xaf697b367ae49fa7e5263d848198b58885d54d17b77950ffd2ce978d4b4e9137,93000,1,UpdatePublished,"{'model_id': 'model_mnist_784_noniid', 'round': 11, 'ticket_id': 566, 'cid': 'sha256:e29a8be46008075b5148fd2057cdbc461fd480353e9fa7184bdf05118cec5a97'}",mock
0xececd2b28cb7482ae84b713b40de82245937788a53cd32efba59f110ba69dc58,86000,1,TicketReserved,"{'model_id': 'model_mnist_784_noniid', 'round': 11, 'ticket_id': 567, 'owner': 'acct_17'}",mock
0xbe59e9d75c987a4ebed7157fa2a0adb8fed5408b8c372dafea13e978312e1237,93000,1,UpdatePublished,"{'model_id': 'model_mnist_784_noniid', 'round': 11, 'ticket_id': 567, 'cid': 'sha256:1fa6b48e8e8a6464f17873a27fee7757d8273f3e2849ed5036e1fe7ecb2a3f04'}",mock
0xb6799a468b1a68489dbee2e9d339d0fa8ad18eee8e316ad10fff8bdb7fc69208,86000,1,TicketReserved,"{'model_id': 'model_mnist_784_noniid', 'round': 11, 'ticket_id': 568, 'owner': 'acct_18'}",mock
0xa4d11d943c55c3f3ff676142611b8d5f09b43bc479f98547ac314a864ac959c9,93000,1,UpdatePublished,"{'model_id': 'model_mnist_784_noniid', 'round': 11, 'ticket_id': 568, 'cid': 'sha256:986e881bf26b3a0a5da9eb90e985fe7d81700f7dcfccb5a68bffd688f2e88370'}",mock
0xe35bf58b581d836f04c9b95ec86c16f52ee4710bf792dc0535d63580306502b0,86000,1,TicketReserved,"{'model_id': 'model_mnist_784_noniid', 'round': 11, 'ticket_id': 569, 'owner': 'acct_19'}",mock
0x53a3064ff6c1ed00b39c4ed84f74b12b94fc1f69e052e793a6fab0753bde0678,93000,1,UpdatePublished,"{'model_id': 'model_mnist_784_noniid', 'round': 11, 'ticket_id': 569, 'cid': 'sha256:b63b6ab148a8b73e40fda11df35833fb75d9560b7e880236c34b2899be804430'}",mock
0x5b47c1e7d0c89e3484376f4448bc35c58aa01e89754784744c6f9bb28450e71f,86000,1,TicketReserved,"{'model_id': 'model_mnist_784_noniid', 'round': 11, 'ticket_id': 570, 'owner': 'acct_20'}",mock
0xa3e9e65b20a8f313eb52a13f61634e63061a6037e5501d332cd4dc1e5c44cef9,93000,1,UpdatePublished,"{'model_id': 'model_mnist_784_noniid', 'round': 11, 'ticket_id': 570, 'cid': 'sha256:9906c21f1233e07e66306e640b726cdd35e38c312d8c5d43f847cc4a83608d55'}",mock
0x9ac8e1d8db1205a7e7d9e68310ea05c382219c58c6f40229a8e1de5db717d065,86000,1,TicketReserved,"{'model_id': 'model_mnist_784_noniid', 'round': 11, 'ticket_id': 571, 'owner': 'acct_21'}",mock
0x08779e882349b2a8dd649e58cf3b17a6beb6b51fdb2b785ec4171d3034ceca79,93000,1,UpdatePublished,"{'model_id': 'model_mnist_784_noniid', 'round': 11, 'ticket_id': 571, 'cid': 'sha256:6f01044f04fe2b5232ec11dc0d69fd4ccb50ff20020eac2c4e561fe9371e6679'}",mock
0x34f309a4795811cc68a7693b0f6a6318677ae5c4bf5b85a7a4d43c7ebf48cf07,86000,1,TicketReserved,"{'model_id': 'model_mnist_784_noniid', 'round': 11, 'ticket_id': 572, 'owner': 'acct_22'}",mock
0x47c9a556a75ddaea849f0fd5b15c6eefa5cebb166ed00b09a0f4d41c5246535e,93000,1,UpdatePublished,"{'model_id': 'model_mnist_784_noniid', 'round': 11, 'ticket_id': 572, 'cid': 'sha256:586578760d44affac92ae9e610ce1b09c4742796f7f4bceca7cf3e55fae32b3c'}",mock
0x8f49dc11056213007b2d26cdba21a4168691de6877139a84a2caea915d312f72,86000,1,TicketReserved,"{'model_id': 'model_mnist_784_noniid', 'round': 11, 'ticket_id': 573, 'owner': 'acct_23'}",mock
0xa6926fa5c027031705a6a60c5e55adeadae315e2145ca485d6a75d907c82c768,93000,1,UpdatePublished,"{'model_id': 'model_mnist_784_noniid', 'round': 11, 'ticket_id': 573, 'cid': 'sha256:019fa61ea81f303aec399e53e4937dc3f0e417a2b954ace0c87526703a33cbcf'}",mock
0x738093fa9b54bd4b6b661a3cdf8b5d38e1dde71853a5d0e3b255e0ebd0e57e96,86000,1,TicketReserved,"{'model_id': 'model_mnist_784_noniid', 'round': 11, 'ticket_id': 574, 'owner': 'acct_24'}",mock
0xba70037b6dd31e4ca1cba74825b250e1487800f34793e66e82de2bc32ae105ad,93000,1,UpdatePublished,"{'model_id': 'model_mnist_784_noniid', 'round': 11, 'ticket_id': 574, 'cid': 'sha256:6398402bcd1ecd146179e513cdf183abed6562598f4d158f03121e6b9b965420'}",mock
0x9338b2e2b9573023b167200e6887886b1f1473f4d89c347c0d06ab10e4d082a7,86000,1,TicketReserved,"{'model_id': 'model_mnist_784_noniid', 'round': 11, 'ticket_id': 575, 'owner': 'acct_25'}",mock
0xd68bd454970e93d33077e60507d848fe539c83f3673228bfc3ed7e763e1170c4,93000,1,UpdatePublished,"{'model_id': 'model_mnist_784_noniid', 'round': 11, 'ticket_id': 575, 'cid': 'sha256:6384ca89c7330c919ef0b542fb27a0340e7a74d470624390c6f8217067e8b838'}",mock
0x55a57b28a16c50ec3f6e659bfbfdca7695a18e5965d349ca02d6c1e3257c782a,86000,1,TicketReserved,"{'model_id': 'model_mnist_784_noniid', 'round': 11, 'ticket_id': 576, 'owner': 'acct_26'}",mock
0x60efe417625de1e8d4431b54bc206477d228e2e3bfca6a34dc48a03298916e3c,93000,1,UpdatePublished,"{'model_id': 'model_mnist_784_noniid', 'round': 11, 'ticket_id': 576, 'cid': 'sha256:46910d02554fcb64adba66f32f0126c126b82f87fb077a26ba3335b142ec0cd0'}",mock
0x017d0bf210ad2165da13871f2409a6e7485d1fd967d720b9e10ee775265a15b9,86000,1,TicketReserved,"{'model_id': 'model_mnist_784_noniid', 'round': 11, 'ticket_id': 577, 'owner': 'acct_27'}",mock
0x97ffdcc7808a36ce8707d5bfa0cb4c609b5364816e30e2973f004f98af38f3b2,93000,1,UpdatePublished,"{'model_id': 'model_mnist_784_noniid', 'round': 11, 'ticket_id': 577, 'cid': 'sha256:090c6841e03fef101326126b29e4957d786063272ef485046aa7c2ba0bfef142'}",mock
0x97dbd24330112e2f9c3717241b48b3ba9dd9c4670a40cc64b418c63a631dc8f4,86000,1,TicketReserved,"{'model_id': 'model_mnist_784_noniid', 'round': 11, 'ticket_id': 578, 'owner': 'acct_28'}",mock
0xbf3f1df6823035c6af8e5ca471fbd3c48e41874f91b00abf7d7dbde42cebaefc,93000,1,UpdatePublished,"{'model_id': 'model_mnist_784_noniid', 'round': 11, 'ticket_id': 578, 'cid': 'sha256:c9d9af8cab0708644c8c9f9acbfacb18ca2ca2ddef297025c4561450a58721d1'}",mock
0xd252ec5e0bfad401f41a4b279062188bb1d58fa31e8b827ebc172383eb48de87,86000,1,TicketReserved,"{'model_id': 'model_mnist_784_noniid', 'round': 11, 'ticket_id': 579, 'owner': 'acct_29'}",mock
0xcdb3f8b0d4a9b46e4ad34b5c0bbe14ee52843239251426a5ad098f2dae249bed,93000,1,UpdatePublished,"{'model_id': 'model_mnist_784_noniid', 'round': 11, 'ticket_id': 579, 'cid': 'sha256:924e34a3f1e337a3a7a8674b5e0dd56cbb5cc0dd022188c956b45648d801d423'}",mock
0x511061fb450b6d0698e2a80f590ba2f990d976abeb3f34e4d83a019bddb2fdbb,86000,1,TicketReserved,"{'model_id': 'model_mnist_784_noniid', 'round': 11, 'ticket_id': 580, 'owner': 'acct_30'}",mock
0x59a2e7792284e3c66289253663d5dbe636de962bb304fdd80cb4e6d82b6e2697,93000,1,UpdatePublished,"{'model_id': 'model_mnist_784_noniid', 'round': 11, 'ticket_id': 580, 'cid': 'sha256:977be2235be2a5c60204339095c8e820984b09adbb9e1c555b8824b25b0a517f'}",mock
0xa19a5d5a73f7ef9c794f19cb265ec9e38eb2261a5bcecd1d93fd53c56430220b,86000,1,TicketReserved,"{'model_id': 'model_mnist_784_noniid', 'round': 11, 'ticket_id': 581, 'owner': 'acct_31'}",mock
0x12e5cf224c5bb73875d12499ba38cd665cb7c76b196238c4c597907c7a5aa978,93000,1,UpdatePublished,"{'model_id': 'model_mnist_784_noniid', 'round': 11, 'ticket_id': 581, 'cid': 'sha256:33f7d7fc2105eccacd77a62064383e6fa13df60aa4a6d5142844b0d9017b9edf'}",mock
0x46ef136284eaa1a2cd7a05f3a2db785ede7fc5bcf4fbee90f4f5029411f6cdb9,86000,1,TicketReserved,"{'model_id': 'model_mnist_784_noniid', 'round': 11, 'ticket_id': 582, 'owner': 'acct_32'}",mock
0x6dee467d3fa561146580915210a76d4563cad6e4491cc673da8d63ec6ed302c1,93000,1,UpdatePublished,"{'model_id': 'model_mnist_784_noniid', 'round': 11, 'ticket_id': 582, 'cid': 'sha256:7fa29aff7371e2c00f58c9fe81d905aeef1250a493e76593048cb79cac288f21'}",mock
0xce93ece226b4f78d1aa376355c6076b44915626054ffa2da396683e8c206c8b1,86000,1,TicketReserved,"{'model_id': 'model_mnist_784_noniid', 'round': 11, 'ticket_id': 583, 'owner': 'acct_33'}",mock
0x3971e7428682eef9885d8625584aaf87bad34e62cc7d3f84132d5a67a10f7569,93000,1,UpdatePublished,"{'model_id': 'model_mnist_784_noniid', 'round': 11, 'ticket_id': 583, 'cid': 'sha256:b59cb6f60338a152cb481740eadb7ab2e400b34c8b6c577c78f4b6acae3061bb'}",mock
0x0e8df95d5b1b705fd64bb6a73ff035526a87b5866d65c8e9337c3f9437a33dd8,86000,1,TicketReserved,"{'model_id': 'model_mnist_784_noniid', 'round': 11, 'ticket_id': 584, 'owner': 'acct_34'}",mock
0x9987200ec35149d2a653a95db0b6021f665be988f41da335632004523e127f13,93000,1,UpdatePublished,"{'model_id': 'model_mnist_784_noniid', 'round': 11, 'ticket_id': 584, 'cid': 'sha256:5f29bf2799890cb24670d6a4e6eeb0468f93fb47ab8685eae4feb5027226be7f'}",mock
0x8f083c5e8f7f8b0950f1ce4e48968b31ec4f908f5df5200030975582ef08d373,86000,1,TicketReserved,"{'model_id': 'model_mnist_784_noniid', 'round': 11, 'ticket_id': 585, 'owner': 'acct_35'}",mock
0xfcfc2a21ed851f1cc0d006bff70ed0eb08ec20abf1ecb9c1f461e9d0ad81bc67,93000,1,UpdatePublished,"{'model_id': 'model_mnist_784_noniid', 'round': 11, 'ticket_id': 585, 'cid': 'sha256:85cb839bea83ae081a5a29ecddec1a273ae07eea6a2cd7b5f4cb15894c25ba2c'}",mock
0x72030ee08606e4e2820e4f342c73dc9d60c87736b2d74d4267b22d0ebb9c1230,86000,1,TicketReserved,"{'model_id': 'model_mnist_784_noniid', 'round': 11, 'ticket_id': 586, 'owner': 'acct_36'}",mock
0x235a2235187adcb68e8bb795e1223173fcb2a6cc1f5d7a41ca1eb39f35afbbc4,93000,1,UpdatePublished,"{'model_id': 'model_mnist_784_noniid', 'round': 11, 'ticket_id': 586, 'cid': 'sha256:01c4c4473ccf80a8ec50c688e9b48fdc88493e1c6af9a91c09418357117df5a0'}",mock
0x679e00b6f755614c0898545532cbdf88d7c689a36346111057528b2f4c313a12,86000,1,TicketReserved,"{'model_id': 'model_mnist_784_noniid', 'round': 11, 'ticket_id': 587, 'owner': 'acct_37'}",mock
0xe55e43680616ae654895ddcf1a965538d50e4182e5d87f481b6b0a1bae26d8e3,93000,1,UpdatePublished,"{'model_id': 'model_mnist_784_noniid', 'round': 11, 'ticket_id': 587, 'cid': 'sha256:0d46cd04e12d91d8bc01c4d89efb3661682ee6b05e0406b4943ba0d0a7d61874'}",mock
0xf21a2b9289f3ffdc5eea63492301380a53f24f62b9db1a7613cca70d51ecb073,86000,1,TicketReserved,"{'model_id': 'model_mnist_784_noniid', 'round': 11, 'ticket_id': 588, 'owner': 'acct_38'}",mock
0x8b749aeb6ba5ad97ccd35549f322de538bc0ea405e4c9893ba964ee8a163179d,93000,1,UpdatePublished,"{'model_id': 'model_mnist_784_noniid', 'round': 11, 'ticket_id': 588, 'cid': 'sha256:0e12ecccc521c1dc2d7d2af0e15ea714a36a64790e058809f586a512d35cf8f1'}",mock
0x069a148978fbc50b6e9f0110fe6bbac385961cd4f8c49110e517896775cc2033,86000,1,TicketReserved,"{'model_id': 'model_mnist_784_noniid', 'round': 11, 'ticket_id': 589, 'owner': 'acct_39'}",mock
0x194fd4139e49b86fc60e97bb81e85541ef0f594afe0b10059f3dd0676a6e3564,93000,1,UpdatePublished,"{'model_id': 'model_mnist_784_noniid', 'round': 11, 'ticket_id': 589, 'cid': 'sha256:b894e678e80658d9f7a0c932dd4302764b06b7a9d8092fe312d024f34a054377'}",mock
0x9a972ad7e540b28a4a0c8c8a43d1d4772649084908014bb953949add3a062ffc,86000,1,TicketReserved,"{'model_id': 'model_mnist_784_noniid', 'round': 11, 'ticket_id': 590, 'owner': 'acct_40'}",mock
0xa933f38a2af2808cd0dab70589241b20358abcebd5f997dcdb5ba16de6285309,93000,1,UpdatePublished,"{'model_id': 'model_mnist_784_noniid', 'round': 11, 'ticket_id': 590, 'cid': 'sha256:4c80caadd80d1b0e3677943eda7d6a7fb634a550b2f1a84e2b33f5d5d71f4b28'}",mock
0xc5e9e5ce09142e882121fcf535a0962fc81a584527e18d19aed3b04f4b3b3412,86000,1,TicketReserved,"{'model_id': 'model_mnist_784_noniid', 'round': 11, 'ticket_id': 591, 'owner': 'acct_41'}",mock
0xbe4058514e3f33018a9de79f3e4fa7ef16dcd220615b95ad9ae2e4155488f0ea,93000,1,UpdatePublished,"{'model_id': 'model_mnist_784_noniid', 'round': 11, 'ticket_id': 591, 'cid': 'sha256:8a7a6c86d7c1e5b60ebc3c51cc5793a5fac8ed2f0c1f36889926962de104b31c'}",mock
0x6dbfe4b7ade8b22993557d87d22ce5827c1d486405a42ac5f7d3d297aaca39af,86000,1,TicketReserved,"{'model_id': 'model_mnist_784_noniid', 'round': 11, 'ticket_id': 592, 'owner': 'acct_42'}",mock
0x97f29e046e8022e3cf551bd6a5de231b86531b0a409fec30c66c5a654df70de1,93000,1,UpdatePublished,"{'model_id': 'model_mnist_784_noniid', 'round': 11, 'ticket_id': 592, 'cid': 'sha256:60c62c8a76386b7da938f2bbdb3ae0d49b40f67c5a48cfa036cef2326b78a247'}",mock
0x173303ada01a80fca697783fe5688df83f1115eb210b0ec74b1eeaeeb470c4ce,86000,1,TicketReserved,"{'model_id': 'model_mnist_784_noniid', 'round': 11, 'ticket_id': 593, 'owner': 'acct_43'}",mock
0x0b6ff5e7503ff00a2ce31573de97e0cbfb5f3e8706bfe9a912d26eb182f4699a,93000,1,UpdatePublished,"{'model_id': 'model_mnist_784_noniid', 'round': 11, 'ticket_id': 593, 'cid': 'sha256:343706b15ca7285ff9363e3ff3a519cfd5aca914966bb4de1734023660ad835c'}",mock
0x58f263127293722851fc3746492fe65d271ca20a964fce481a19a633c3f68c02,86000,1,TicketReserved,"{'model_id': 'model_mnist_784_noniid', 'round': 11, 'ticket_id': 594, 'owner': 'acct_44'}",mock
0x2be654fa1db288569d5503930b15e0d15a22f33231105637a2f878cd9e17bd3e,93000,1,UpdatePublished,"{'model_id': 'model_mnist_784_noniid', 'round': 11, 'ticket_id': 594, 'cid': 'sha256:4cfd0fa624d6386e851cdd6466343af267e83ceb4b1d42c75dda87e60d99e19f'}",mock
0x220798b60237a85ec27f120b7971f6bd886d8fe42a23a4a90845c0b3f270f3e1,86000,1,TicketReserved,"{'model_id': 'model_mnist_784_noniid', 'round': 11, 'ticket_id': 595, 'owner': 'acct_45'}",mock
0xc1b43d398ada9e2b023a6cfc2b100e2fde48057e9848c13bbe128291faee182c,93000,1,UpdatePublished,"{'model_id': 'model_mnist_784_noniid', 'round': 11, 'ticket_id': 595, 'cid': 'sha256:cf08f20dac4229479d6e4f01f92181673575b0627fb3cf4b0f82c1196e2a5e64'}",mock
0xedf9bc46af547e02b09dec14dbf5432427c38715b3cb9911818875606e0e8378,86000,1,TicketReserved,"{'model_id': 'model_mnist_784_noniid', 'round': 11, 'ticket_id': 596, 'owner': 'acct_46'}",mock
0x4f143d4cf490963af93a98fa6ea3ef65a3172db579ccaa0d92b94e1c3c48c1c3,93000,1,UpdatePublished,"{'model_id': 'model_mnist_784_noniid', 'round': 11, 'ticket_id': 596, 'cid': 'sha256:4a8e16cb49238e0a42e3036366772147412830688c171ad560dea98d9b1977cd'}",mock
0x967b6835d9c2a574f0715c599da75f79a78395b5ae826d26d36c9cf84b6eedea,86000,1,TicketReserved,"{'model_id': 'model_mnist_784_noniid', 'round': 11, 'ticket_id': 597, 'owner': 'acct_47'}",mock
0xcc84bca68cb23971ae7250c6052fcb26ff467709eb3d003dcb113c4f95be987f,93000,1,UpdatePublished,"{'model_id': 'model_mnist_784_noniid', 'round': 11, 'ticket_id': 597, 'cid': 'sha256:6d96f0bdef7b19484fc5e8983df81bd6ef9304df3a51f3eeb4524d7eb4f0ad0e'}",mock
0x20a2435c101884c3bd8d9279f141a13211f24a58a0194e1cf036df09c1066fbd,86000,1,TicketReserved,"{'model_id': 'model_mnist_784_noniid', 'round': 11, 'ticket_id': 598, 'owner': 'acct_48'}",mock
0x753527b2ce74a37764bcf12d1893208f575407eb2d97d93ef728d813561aa8c1,93000,1,UpdatePublished,"{'model_id': 'model_mnist_784_noniid', 'round': 11, 'ticket_id': 598, 'cid': 'sha256:ce644996539e40173c7c515f52a3399c4bb4577d8122e1762321d2825dcf18ed'}",mock
0xa24a7ab8be64d108bc7f709d7f5ffbd7fed75c64cd387a32ed496750be08c0b1,86000,1,TicketReserved,"{'model_id': 'model_mnist_784_noniid', 'round': 11, 'ticket_id': 599, 'owner': 'acct_49'}",mock
0x3ac7e91750adaf14ded4a62f4c84f7a5af5d983d862ad930751613fc9f08f70e,93000,1,UpdatePublished,"{'model_id': 'model_mnist_784_noniid', 'round': 11, 'ticket_id': 599, 'cid': 'sha256:b3ee7d164fad90529d693b0ea9c6efde649fa4fdf9aa6fad120210ed05e08004'}",mock
0x38e93639404e94ce67109570209c9d13a033d37f6f658193c1a578e108be5f1b,86000,1,TicketReserved,"{'model_id': 'model_mnist_784_noniid', 'round': 11, 'ticket_id': 600, 'owner': 'acct_50'}",mock
0xb595117ee8ca4502f934a1d6b185527d1b57c1e18af506d49b096c0012cb1322,93000,1,UpdatePublished,"{'model_id': 'model_mnist_784_noniid', 'round': 11, 'ticket_id': 600, 'cid': 'sha256:ce829e15f8728ffa6a2edf1bdb2127e45796da52bc2bd437fbf2886508f5ce68'}",mock
0x9e3d20505ed438b3d73dcda827c9227a318291f348f5c2bfbf50b7324dfab003,1025000,1,RoundFinalized,"{'model_id': 'model_mnist_784_noniid', 'round': 11, 'included': 40, 'refunds': 50}",mock
0x94f1fb600dfafc365e64d518b6f0a5c75c0269b926554ec3d9d208d4cf28fdf2,38000,1,Claimed,"{'model_id': 'model_mnist_784_noniid', 'account': 'acct_1', 'amount_wei': 14677204154815063}",mock
0x01e94cbd79d8d23839632914d4559fa5aa9270c2f3b30d35a5803606fd4b5781,38000,1,Claimed,"{'model_id': 'model_mnist_784_noniid', 'account': 'acct_2', 'amount_wei': 14698571676182585}",mock
0x57337c31f4c862161afb230aad0da046befef426e30848eb0c234102db1d4138,38000,1,Claimed,"{'model_id': 'model_mnist_784_noniid', 'account': 'acct_3', 'amount_wei': 14954981932592841}",mock
0xebba72dac55742acca9a6fb6e83b132c932230b5357ba9e9e69b9d3cb7835859,38000,1,Claimed,"{'model_id': 'model_mnist_784_noniid', 'account': 'acct_4', 'amount_wei': 14954981932592841}",mock
0x2777c3784dd7979baf192071c3a22f8e778f743e19c109fc2fb7f3cfadd90673,38000,1,Claimed,"{'model_id': 'model_mnist_784_noniid', 'account': 'acct_5', 'amount_wei': 14208251083763296}",mock
0x71e12c2e676fea341f5c7e94cbd8f54428ae33d0bd3791a68045a937c7dacbec,38000,1,Claimed,"{'model_id': 'model_mnist_784_noniid', 'account': 'acct_6', 'amount_wei': 13925077864133081}",mock
0xa21a00f6212b568a96742a0110da79c293f21894856f65bc74d59da7e3f166f9,38000,1,Claimed,"{'model_id': 'model_mnist_784_noniid', 'account': 'acct_7', 'amount_wei': 14428301405912314}",mock
0xb9fcc14903e37b37fb9328ed9e9b8bb3221bf3c5057bda4da5ba1d5960d59642,38000,1,Claimed,"{'model_id': 'model_mnist_784_noniid', 'account': 'acct_8', 'amount_wei': 14441824037855999}",mock
0xccc12340232b64cdf70169c0f7b7bf0651b5a2f5fc1b114af44e51dd0d7963a8,38000,1,Claimed,"{'model_id': 'model_mnist_784_noniid', 'account': 'acct_9', 'amount_wei': 14691824037855999}",mock
0xe297348c290ebf8144e73161e46fcf6fb9fe7f5448b25d0953d33af83d0ce6e6,38000,1,Claimed,"{'model_id': 'model_mnist_784_noniid', 'account': 'acct_10', 'amount_wei': 14737590628245015}",mock
0x24ddf60dfbbeb5341712b2586166afea474436e7bc955bc95c38793e61ec6a31,38000,1,Claimed,"{'model_id': 'model_mnist_784_noniid', 'account': 'acct_11', 'amount_wei': 14428301405912314}",mock
0x7cc5fc2940dfdfb7a506d073d393e65e61a280759fe4831849d993d17d2e84bc,38000,1,Claimed,"{'model_id': 'model_mnist_784_noniid', 'account': 'acct_12', 'amount_wei': 13656621189110146}",mock
0x921676cef3a08af436722f94a92ef7defd81a7b8e711574d40ed9932d31d6e33,38000,1,Claimed,"{'model_id': 'model_mnist_784_noniid', 'account': 'acct_13', 'amount_wei': 14954981932592841}",mock
0xeae2ba85013f414b9b45d3bfc2aa85d1de5de464fb58401a203e40a811fd1430,38000,1,Claimed,"{'model_id': 'model_mnist_784_noniid', 'account': 'acct_14', 'amount_wei': 14221298948909858}",mock
0xff7050d5bdf7c5a79737174b5de8ef3a5bfad8986ef51f37dfed6f4496a638fa,38000,1,Claimed,"{'model_id': 'model_mnist_784_noniid', 'account': 'acct_15', 'amount_wei': 14209603280237445}",mock
0x6a5fab723ae17de070f8ed6a4e7c9738a35928461e35f692977bf43b9b07448a,38000,1,Claimed,"{'model_id': 'model_mnist_784_noniid', 'account': 'acct_16', 'amount_wei': 14471298948909858}",mock
0xc142568694492b62714c20a881f45272e9c08134d047936a419a36e74bb19256,38000,1,Claimed,"{'model_id': 'model_mnist_784_noniid', 'account': 'acct_17', 'amount_wei': 14433301715790673}",mock
0xe6057cea07742d39333dad84fb0c5b473f9beb163b09d32cfd924ac97f1b8762,38000,1,Claimed,"{'model_id': 'model_mnist_784_noniid', 'account': 'acct_18', 'amount_wei': 14195743266377430}",mock
0x5c27e9e215895ecc8ad9f75bc26d521efe5773411b30e886b9feadcee9dc8ec9,38000,1,Claimed,"{'model_id': 'model_mnist_784_noniid', 'account': 'acct_19', 'amount_wei': 14420793898404807}",mock
0xaab538e2484afb3d21f92caf98e0f465572c8446de8ddaa97b1e6b1b4a7cc9d2,38000,1,Claimed,"{'model_id': 'model_mnist_784_noniid', 'account': 'acct_20', 'amount_wei': 14191511342421353}",mock
0x1231199e958bd4bfcbba082687a26327cba623c4b768a2b997d7422b75fa8ad5,38000,1,Claimed,"{'model_id': 'model_mnist_784_noniid', 'account': 'acct_21', 'amount_wei': 14954981932592841}",mock
0x5134cba5bcb80123c5e6c0998780b44c7ecb988eb422214b5cd1e1d80f8b1628,38000,1,Claimed,"{'model_id': 'model_mnist_784_noniid', 'account': 'acct_22', 'amount_wei': 14441824037855999}",mock
0xc729f1ca88d8541603364a7e677816abf692b66b91f7d9ade33454444ab25b84,38000,1,Claimed,"{'model_id': 'model_mnist_784_noniid', 'account': 'acct_23', 'amount_wei': 14221298948909858}",mock
0x2d5be1fc7368af1745b6e1c1033f8ce2c4ef0d7b2d85b5f12799b5e14399e816,38000,1,Claimed,"{'model_id': 'model_mnist_784_noniid', 'account': 'acct_24', 'amount_wei': 14677204154815063}",mock
0xcc7b953146b787c2723243fbfaa8a407d0a228ca6ada94592bb17c22307f280c,38000,1,Claimed,"{'model_id': 'model_mnist_784_noniid', 'account': 'acct_25', 'amount_wei': 14222111097623311}",mock
0x3e1022e4dba35fd195c1e14f3679a0fac981b698a51f41ca4539b6e147b3140b,38000,1,Claimed,"{'model_id': 'model_mnist_784_noniid', 'account': 'acct_26', 'amount_wei': 13936773532805494}",mock
0x197cef5bd816a154a52947cc07b3fe418c51232ba17dac21c2bdccde06c4c7a5,38000,1,Claimed,"{'model_id': 'model_mnist_784_noniid', 'account': 'acct_27', 'amount_wei': 14421553767585728}",mock
0xa94946421ed19f6ea8d7bd41b5733e5b3d0e35d859c6bcd10f4438e77caddd16,38000,1,Claimed,"{'model_id': 'model_mnist_784_noniid', 'account': 'acct_28', 'amount_wei': 14727709205320114}",mock
0xbc609f59b6a434ebb6a427a22011c117584a202e32ddcc716f133e8abd20a3d6,38000,1,Claimed,"{'model_id': 'model_mnist_784_noniid', 'account': 'acct_29', 'amount_wei': 14722423793057957}",mock
0x869a2a3fba1fc58ef773e5aa249b4cd2e0a0d9cfeaa8f92fe97b714145139535,38000,1,Claimed,"{'model_id': 'model_mnist_784_noniid', 'account': 'acct_30', 'amount_wei': 14444646015280179}",mock
0x81fb63e52e8b46f00040f49079aab8946d2db6070be2215af36026e874ed45d2,38000,1,Claimed,"{'model_id': 'model_mnist_784_noniid', 'account': 'acct_31', 'amount_wei': 13906621189110146}",mock
0x0358c9f40530cb2d15c2eedc25e1ca2ad25cdfdaccbe6bcbc084df0b8c89f2ff,38000,1,Claimed,"{'model_id': 'model_mnist_784_noniid', 'account': 'acct_32', 'amount_wei': 14954981932592841}",mock
0x92ddffebe8605053eaa4d183c4d02f08c7baa41f4dc4d77f5702477fe356c76f,38000,1,Claimed,"{'model_id': 'model_mnist_784_noniid', 'account': 'acct_33', 'amount_wei': 14238740809374974}",mock
0xef0f52b4fbb967bccbda822949556b505dbae4ce442f4a2e8da19349b028f1f4,38000,1,Claimed,"{'model_id': 'model_mnist_784_noniid', 'account': 'acct_34', 'amount_wei': 13939542580196966}",mock
0xea5468d95b169f1fd874e98c38f7efdcaef93dec70e46ae90a557653d2f7a73d,38000,1,Claimed,"{'model_id': 'model_mnist_784_noniid', 'account': 'acct_35', 'amount_wei': 14227254710932353}",mock
0xc529f95c17ee243078d6dc57a7353137169fceae61e7e428ad1df19eb517b068,38000,1,Claimed,"{'model_id': 'model_mnist_784_noniid', 'account': 'acct_36', 'amount_wei': 14441824037855999}",mock
0x7a7b1eedb4c8b44939475f27dd13ca2e280895393ff80f1625111d23f51c5ee2,38000,1,Claimed,"{'model_id': 'model_mnist_784_noniid', 'account': 'acct_37', 'amount_wei': 13991874593973289}",mock
0x21fdaf1335339fd56bd5838c7975a0a482e8757e69b1117635f9e7499c679657,38000,1,Claimed,"{'model_id': 'model_mnist_784_noniid', 'account': 'acct_38', 'amount_wei': 14684711662322570}",mock
0xf542cdc25a8808135bce2a467a7242891ecfb059c73ddac7d8b92c11b8d95d1e,38000,1,Claimed,"{'model_id': 'model_mnist_784_noniid', 'account': 'acct_39', 'amount_wei': 14691824037855999}",mock
0xa48d0c3279e4db306692630b462606d77150c17dedf487c10ec4f6204e77331a,38000,1,Claimed,"{'model_id': 'model_mnist_784_noniid', 'account': 'acct_40', 'amount_wei': 14704981932592841}",mock
0xfa74499a473a0308600cfa69eb572497e90a7acff9c283f421867294a4b616ab,38000,1,Claimed,"{'model_id': 'model_mnist_784_noniid', 'account': 'acct_41', 'amount_wei': 13923250900861809}",mock
0x2f9e3a27bf742277a222bf1797b3243a3eea2c9edaf36a09ff6a220eeedcf3fe,38000,1,Claimed,"{'model_id': 'model_mnist_784_noniid', 'account': 'acct_42', 'amount_wei': 14230166207777116}",mock
0x81f8756ac1ff626b7515e9850c6fb8d4fd41f39fe24029ae815237f7211d2237,38000,1,Claimed,"{'model_id': 'model_mnist_784_noniid', 'account': 'acct_43', 'amount_wei': 13894113371724280}",mock
0x133d945e16aaaec4fa1c2126823e021780e9496fc0d3b2e927284ff54121b6be,38000,1,Claimed,"{'model_id': 'model_mnist_784_noniid', 'account': 'acct_44', 'amount_wei': 14466013536647701}",mock
0xf7026486b5ed37452ca7f4b68b0b783ed73fb16fed87e2a2caab03e2d1fc1280,38000,1,Claimed,"{'model_id': 'model_mnist_784_noniid', 'account': 'acct_45', 'amount_wei': 14711079493568451}",mock
0x5db157ed6a489a2589a625771ce8d28b4ccb3013481a4695f30bc2a06a5a698a,38000,1,Claimed,"{'model_id': 'model_mnist_784_noniid', 'account': 'acct_46', 'amount_wei': 13501892033970506}",mock
0x307a79ceee9aa5f72e00997eb797dc773ffab3f6053f0c3c9c875437e250b7e4,38000,1,Claimed,"{'model_id': 'model_mnist_784_noniid', 'account': 'acct_47', 'amount_wei': 14478521354033567}",mock
0x19fe4c4118122405abf6a9ab8de95238a15cdfc01425c35e3a52bc879454be3c,38000,1,Claimed,"{'model_id': 'model_mnist_784_noniid', 'account': 'acct_48', 'amount_wei': 14414046260078221}",mock
0x1245c93e76289c46a9f4fcc8048415e5b7c4b25532ceb68a1dbff73f6aa4c76a,38000,1,Claimed,"{'model_id': 'model_mnist_784_noniid', 'account': 'acct_49', 'amount_wei': 14227396509885468}",mock
0x593f8a7c4ce50920df548302b6d72e2df95bf6584a3ce723f7ee160f01a84413,38000,1,Claimed,"{'model_id': 'model_mnist_784_noniid', 'account': 'acct_50', 'amount_wei': 14698571676182585}",mock
