tx,gas_used,status,event,data,backend
0x91b73c31c4e8dcd237639b66130d50c4ed4e9af9142fd3163a75a96e1e7fc17a,145000,1,ListingCreated,"{'model_id': 'model_mnist_784_noniid', 'init_cid': 'sha256:cb7d3ccc7dd70433374c8f12d7627b07efdac9b356eafb08f03b2296ce9b3a75'}",mock
0xbcc82c1a94a9eb737f316bda0d37a2f10f6524658549d97362c789af5bdd3944,52000,1,RoundFunded,"{'model_id': 'model_mnist_784_noniid', 'amount_wei': 10000000000000000}",mock
0x56de5d0aaffb782f2515a3f28de122d0f879f475684d7e1086d645c0ac382fe5,86000,1,TicketReserved,"{'model_id': 'model_mnist_784_noniid', 'round': 0, 'ticket_id': 1, 'owner': 'acct_1'}",mock
0x706f96e63412ef78bcf360bf24f383cb2cf6d6f98c20005d3d6d4a2541f2f661,93000,1,UpdatePublished,"{'model_id': 'model_mnist_784_noniid', 'round': 0, 'ticket_id': 1, 'cid': 'sha256:f1f6e39811f7a9838da33474a0b67049cd9f5a9bd549c7e91782a5e59a54f9b5'}",mock
0x98f417c27981aadb52337c5c01b04d67258b74be09756b7613c1f98e001de5bc,86000,1,TicketReserved,"{'model_id': 'model_mnist_784_noniid', 'round': 0, 'ticket_id': 2, 'owner': 'acct_2'}",mock
0xcf35c48cad0a1e7422b1aca99745620905ec42f4e62cf0ca6c91e9e74084ab7f,93000,1,UpdatePublished,"{'model_id': 'model_mnist_784_noniid', 'round': 0, 'ticket_id': 2, 'cid': 'sha256:e96c5b826287d5a664bf70dcb8aaae010619fa5a24673c02675f8583f348b31b'}",mock
0x16ad0475fa80b96c08a184c1a5e1081b2eeeeeff602eda1cfcb58b2846a68706,86000,1,TicketReserved,"{'model_id': 'model_mnist_784_noniid', 'round': 0, 'ticket_id': 3, 'owner': 'acct_3'}",mock
0xffebcd7984c5b480620cfcbedf2e3333fc8a9df81ca66af29186978aa09fed6b,93000,1,UpdatePublished,"{'model_id': 'model_mnist_784_noniid', 'round': 0, 'ticket_id': 3, 'cid': 'sha256:defd857d39135972f4ab7fa15bed551f6a08d4ae1e99957bf915a27a9a8af5c4'}",mock
0xb124742304b2ee9f1e057deb220a654d65bf1b1734a829ce56b6329edca7dee2,86000,1,TicketReserved,"{'model_id': 'model_mnist_784_noniid', 'round': 0, 'ticket_id': 4, 'owner': 'acct_4'}",mock
0x1be64fd1f7496a2b3194c4e96cf1f2376fda32a48ee2ac4386a216e1b42e1e22,93000,1,UpdatePublished,"{'model_id': 'model_mnist_784_noniid', 'round': 0, 'ticket_id': 4, 'cid': 'sha256:0e1291a6964687e236f251f387f988b6b843e8d7f7e8b3c09454321c62c45499'}",mock
0x867a272bac6c0cb69eb6995e816bf8044b030d706735039f08bf93cfa9235079,86000,1,TicketReserved,"{'model_id': 'model_mnist_784_noniid', 'round': 0, 'ticket_id': 5, 'owner': 'acct_5'}",mock
0x10422b60af829ad22a55d7850fbb55e97486e607ae9ed71bd9163a9d3fd9ef64,93000,1,UpdatePublished,"{'model_id': 'model_mnist_784_noniid', 'round': 0, 'ticket_id': 5, 'cid': 'sha256:231926aacc4b5f7483d53b4f26dd28209e1880d600b6f7da03322cb453c88681'}",mock
0xbaa83c9f322e5fb44f9353acc9597c73afacbac39af8217f9f10aa2a9eb2ac15,86000,1,TicketReserved,"{'model_id': 'model_mnist_784_noniid', 'round': 0, 'ticket_id': 6, 'owner': 'acct_6'}",mock
0x89e88a2ce7483577b3f616f2f170519f36439d6ca7be1109c94c395993d80c85,93000,1,UpdatePublished,"{'model_id': 'model_mnist_784_noniid', 'round': 0, 'ticket_id': 6, 'cid': 'sha256:4e2b639b4748bc9fd9d124959d418c6316023ac58199a728ea62962d24428d38'}",mock
0x9297619a5cda300ed034829bdc0829342a50955c2179064c13156a6628ba4928,86000,1,TicketReserved,"{'model_id': 'model_mnist_784_noniid', 'round': 0, 'ticket_id': 7, 'owner': 'acct_7'}",mock
0x9d29afba80310ed2d551ae45d8e9c242e394b48611b9d8ef53bdbfe84dcf4621,93000,1,UpdatePublished,"{'model_id': 'model_mnist_784_noniid', 'round': 0, 'ticket_id': 7, 'cid': 'sha256:63b4beb176e606cf2c0353713e720762aa69b29cec2b9f1abdb7366000b511d0'}",mock
0xe16252aaef42f14006135fcc8415a0fd2c49a688bd79b23b7c46b852aeabe31b,86000,1,TicketReserved,"{'model_id': 'model_mnist_784_noniid', 'round': 0, 'ticket_id': 8, 'owner': 'acct_8'}",mock
0x743e9177a03cc7e33f421cd2e2bce56f4ee728638a7455dda38f918e6a6b348c,93000,1,UpdatePublished,"{'model_id': 'model_mnist_784_noniid', 'round': 0, 'ticket_id': 8, 'cid': 'sha256:68dcd4329880966e8428b5a1cfc256dea77d8e94cc21460db7d4a8c8ab492dbf'}",mock
0x58496763de3fd1fc7196101d614e1919f4bb13713d8a00040274b8b634639126,86000,1,TicketReserved,"{'model_id': 'model_mnist_784_noniid', 'round': 0, 'ticket_id': 9, 'owner': 'acct_9'}",mock
0x37566d55b4813ae410a0d41bdb27afc649fdbff052744bfedcf8912ca8bbf34e,93000,1,UpdatePublished,"{'model_id': 'model_mnist_784_noniid', 'round': 0, 'ticket_id': 9, 'cid': 'sha256:c9be548f50fc374ae0647a629accdee5a9df583d3f00fe88a8f5607f49ea2d76'}",mock
0x55604b9dd8aed0da9a6a5cb4a8b85043b140a9a85f21804c5701054226f2c0be,86000,1,TicketReserved,"{'model_id': 'model_mnist_784_noniid', 'round': 0, 'ticket_id': 10, 'owner': 'acct_10'}",mock
0xdc02f732f4b5ba2df956fa58adda540865ce1530efb5720618d390d589ed585a,93000,1,UpdatePublished,"{'model_id': 'model_mnist_784_noniid', 'round': 0, 'ticket_id': 10, 'cid': 'sha256:1fac80f88b2f380f92ce857d415c1959839eba5b143df33d8e2a102eaf5c5f9e'}",mock
0x4298e397b5de4359f52a18e92ba392b4c2f2d161348a0d56e5b00cbd8544ac8d,86000,1,TicketReserved,"{'model_id': 'model_mnist_784_noniid', 'round': 0, 'ticket_id': 11, 'owner': 'acct_11'}",mock
0x0df8f91e6a1504ea602a319116fffacb1e81e28dea463ab0869d157bc7d03892,93000,1,UpdatePublished,"{'model_id': 'model_mnist_784_noniid', 'round': 0, 'ticket_id': 11, 'cid': 'sha256:076c75b37e2a97945480e11a11fe23c0023451f9dedc41864429373b4a7fa227'}",mock
0xd610f183ce7b57ed2fc6bd5713c108d3882bbceb982963b0ade812f5efca8624,86000,1,TicketReserved,"{'model_id': 'model_mnist_784_noniid', 'round': 0, 'ticket_id': 12, 'owner': 'acct_12'}",mock
0xe2b0e53b246410eb16ffce6bef711b3d3a1336de8558b64455e70a71c6293283,93000,1,UpdatePublished,"{'model_id': 'model_mnist_784_noniid', 'round': 0, 'ticket_id': 12, 'cid': 'sha256:58d1a16acf720b16990ebba7ea68b354ece4b74f2fbe60c440dce10ff3f0a58d'}",mock
0x08dbeabd3d59f480ebce0f46b8957daa985d1719a561338958e6107eaeec1383,86000,1,TicketReserved,"{'model_id': 'model_mnist_784_noniid', 'round': 0, 'ticket_id': 13, 'owner': 'acct_13'}",mock
0x547cdc5a34aa7cfa09c7d4ee67a9b07e772d90823aff29a6dda688ac74b65802,93000,1,UpdatePublished,"{'model_id': 'model_mnist_784_noniid', 'round': 0, 'ticket_id': 13, 'cid': 'sha256:4f986f9fa251ad33e898303a84063959c032c17cd49c0c706417f515ac852a1f'}",mock
0x19250601c2a6931f9d99f899a3c6f0eb260c7d5459e68c065c2a7ada8b1c6c6a,86000,1,TicketReserved,"{'model_id': 'model_mnist_784_noniid', 'round': 0, 'ticket_id': 14, 'owner': 'acct_14'}",mock
0xdedcce0c2e7838ef62409e42bc3f8f0dd292dd09bebb21f4e05b6f26e92e0694,93000,1,UpdatePublished,"{'model_id': 'model_mnist_784_noniid', 'round': 0, 'ticket_id': 14, 'cid': 'sha256:ffd3b56b47a3eb34079aa9a82afe83de7a5369e49748f19bd58f994ecb1fb00e'}",mock
0x5d13de7b792d93c950a8d76aed191336f8429c424bf7ac3aaa62011527dc4df2,86000,1,TicketReserved,"{'model_id': 'model_mnist_784_noniid', 'round': 0, 'ticket_id': 15, 'owner': 'acct_15'}",mock
0x0d51355277a65aae2ac03607e56a62cf970b35fd71c83e093a74c4f1ec1dac59,93000,1,UpdatePublished,"{'model_id': 'model_mnist_784_noniid', 'round': 0, 'ticket_id': 15, 'cid': 'sha256:ff37e9d0663b6a17951634cc4bff065a328ee8ef78bb743e52ff4079a5e3a35c'}",mock
0xc9de863883afdd3564d39ad72f165e14d9712214c27a3bc5635ff2894e672fbf,86000,1,TicketReserved,"{'model_id': 'model_mnist_784_noniid', 'round': 0, 'ticket_id': 16, 'owner': 'acct_16'}",mock
0x918c4a9a12ab7de0ddc5394df1ea8107c411d1a514c5e2ee851819a0f967da5c,93000,1,UpdatePublished,"{'model_id': 'model_mnist_784_noniid', 'round': 0, 'ticket_id': 16, 'cid': 'sha256:66e71f57cb84970b4637a426be0837fbe68f2c846c4ba9ae208b25e898777a9a'}",mock
0xa74fd0054fb3c56b39b7d6c54a1394a470d5c34b6249d1429bc2647bc94fd1cc,86000,1,TicketReserved,"{'model_id': 'model_mnist_784_noniid', 'round': 0, 'ticket_id': 17, 'owner': 'acct_17'}",mock
0x787fe12eba385baaeb24909930d029e1ef9f3379e080d3abadc2bada38a85702,93000,1,UpdatePublished,"{'model_id': 'model_mnist_784_noniid', 'round': 0, 'ticket_id': 17, 'cid': 'sha256:19841a86532977e4c0d3f777017be9ca9bab295a9b89b7072b0e10c2f3f28acf'}",mock
0x0924c61d1a8940f8c065cc322880778e73828712a937ba49e5d7852f38c75be9,86000,1,TicketReserved,"{'model_id': 'model_mnist_784_noniid', 'round': 0, 'ticket_id': 18, 'owner': 'acct_18'}",mock
0xf5f42d66a647c314d5babba3e9a58624e0f691f56c00e37205613d7f6c0a8761,93000,1,UpdatePublished,"{'model_id': 'model_mnist_784_noniid', 'round': 0, 'ticket_id': 18, 'cid': 'sha256:90e435342909341705ed14f8a817445c34cddb65f74457d534eed7f7bc4484cd'}",mock
0x2c54f930d3ac15a6b2117441b923eb90060304f2cd8c5f1db5f462ef16300acb,86000,1,TicketReserved,"{'model_id': 'model_mnist_784_noniid', 'round': 0, 'ticket_id': 19, 'owner': 'acct_19'}",mock
0x6cff528f7360d1aef8f6846faac415d930053824742a9c3a7097cf3f2b1962d3,93000,1,UpdatePublished,"{'model_id': 'model_mnist_784_noniid', 'round': 0, 'ticket_id': 19, 'cid': 'sha256:8c928d5db04f420d0e2c706ce0eb54d0df117293a849815ae3dd65a393ee62c1'}",mock
0x58527fcd130cc70e2cdca042deaa73a8b944ddb7794b5f9035a44d0506897544,86000,1,TicketReserved,"{'model_id': 'model_mnist_784_noniid', 'round': 0, 'ticket_id': 20, 'owner': 'acct_20'}",mock
0xca838384fb5b26ce9a358961d9cf21cd732e6c91ca19637c3a06b2e66883a319,93000,1,UpdatePublished,"{'model_id': 'model_mnist_784_noniid', 'round': 0, 'ticket_id': 20, 'cid': 'sha256:2e3c0fbb13d51a5e550a86125904e9ef1ca7f9d0c4356adc8af296edea201655'}",mock
0xadf22da06421dc3eed046f970cc90a1fb596168deec507148b8cebd60c791765,86000,1,TicketReserved,"{'model_id': 'model_mnist_784_noniid', 'round': 0, 'ticket_id': 21, 'owner': 'acct_21'}",mock
0xa9f7e4d1c4f846b478ce9e14ecb81312ea8156bb028983a0418c691d6277abeb,93000,1,UpdatePublished,"{'model_id': 'model_mnist_784_noniid', 'round': 0, 'ticket_id': 21, 'cid': 'sha256:37713e590b5e63661c78fc4ee9cd68c936f765652aecc6b2d74679eee1de6306'}",mock
0x8acfff3681ee93e7c5c2cc8aae181f37bbeb37f1f863ac852176ab2b7711dbfe,86000,1,TicketReserved,"{'model_id': 'model_mnist_784_noniid', 'round': 0, 'ticket_id': 22, 'owner': 'acct_22'}",mock
0xa742400a5f76a8da8c80edf2a50438af6ee33e7febcc27a59de25c62a16ad737,93000,1,UpdatePublished,"{'model_id': 'model_mnist_784_noniid', 'round': 0, 'ticket_id': 22, 'cid': 'sha256:7fe9fc309574aaa26346194c65c3dcebd0e88247d6e223a2d870afccb7abddcf'}",mock
0xe1ce51d1b9e7bfcc672301a3244b70f7da755d8e67596d12e5e08d987a7b3445,86000,1,TicketReserved,"{'model_id': 'model_mnist_784_noniid', 'round': 0, 'ticket_id': 23, 'owner': 'acct_23'}",mock
0xec1ffc65409d6d9cf657e40ba245e2df075d71feb66072af8ddd3bc0cc6e3396,93000,1,UpdatePublished,"{'model_id': 'model_mnist_784_noniid', 'round': 0, 'ticket_id': 23, 'cid': 'sha256:2a442c97d2f3ce0e4434765991bc0d19846713cb567ebf128ffe948127544f2b'}",mock
0xcac21b64df2e93b9458d8b27714560d191b42fbdd3215b802197e777b927813c,86000,1,TicketReserved,"{'model_id': 'model_mnist_784_noniid', 'round': 0, 'ticket_id': 24, 'owner': 'acct_24'}",mock
0x4b8f4ec14be9c4c62bd8475b466aff8b557194a04d19fee17a9c830b1c7ced79,93000,1,UpdatePublished,"{'model_id': 'model_mnist_784_noniid', 'round': 0, 'ticket_id': 24, 'cid': 'sha256:98c2142a310438171750074d956a195582a3cb3b5bfbfacd1769dea0c7778c91'}",mock
0x2aeb38b5fc5e49b75266caa6a6048e2d6eacc67edd3db7960fa7078701fbc152,86000,1,TicketReserved,"{'model_id': 'model_mnist_784_noniid', 'round': 0, 'ticket_id': 25, 'owner': 'acct_25'}",mock
0x9b1b838330869f30b330b8d7e423d16fee11c658856fa572fb1304593e701800,93000,1,UpdatePublished,"{'model_id': 'model_mnist_784_noniid', 'round': 0, 'ticket_id': 25, 'cid': 'sha256:c06b9ee14915df41de1c5c6c8e98adc24fe17d8d84e09950f924318026d3f229'}",mock
0x62c1581a694fa09333038d9ea3b0b1ef3e74d7c5058f2c428d750acde427fff7,86000,1,TicketReserved,"{'model_id': 'model_mnist_784_noniid', 'round': 0, 'ticket_id': 26, 'owner': 'acct_26'}",mock
0x6dba1293d32d21dbd19bc53546bc5c6ea839dd229449af78bf07e0f6c634594a,93000,1,UpdatePublished,"{'model_id': 'model_mnist_784_noniid', 'round': 0, 'ticket_id': 26, 'cid': 'sha256:4160531767e8d9c312ad08d0f8c23c0ff6b44ea12c9f5b4c5331450b31b2139e'}",mock
0xfeeedab3f52578c0a0f015632c4038842f28214580f5b39fec08ebeced7c2efa,86000,1,TicketReserved,"{'model_id': 'model_mnist_784_noniid', 'round': 0, 'ticket_id': 27, 'owner': 'acct_27'}",mock
0x4e7f45a0bf08e2ffc54eb860ded90f52ea0bbc1eb4da3381813ff974e4a26802,93000,1,UpdatePublished,"{'model_id': 'model_mnist_784_noniid', 'round': 0, 'ticket_id': 27, 'cid': 'sha256:5c574ec4488b48e506994fc2e6b4b43d9e99f79ff4533c0018f0a203c1cd01ff'}",mock
0xcbc60507315cd1296a60a632e1c6ac8582b94bfa0a2f61ce1f370f5ac04672e5,86000,1,TicketReserved,"{'model_id': 'model_mnist_784_noniid', 'round': 0, 'ticket_id': 28, 'owner': 'acct_28'}",mock
0xbf5ae477e8f7dc6459e88e322e10801cc64f30c9f7588c666b4e866a7c6c2aa3,93000,1,UpdatePublished,"{'model_id': 'model_mnist_784_noniid', 'round': 0, 'ticket_id': 28, 'cid': 'sha256:6edb9ac650ea8d5b0e4f24dadd7edbc89a0287eddca3faceb625509a2c219b81'}",mock
0x38ed7c4753f50f61538c61c6a01aa42c5ff04b9b12fae305593f701e4909e032,86000,1,TicketReserved,"{'model_id': 'model_mnist_784_noniid', 'round': 0, 'ticket_id': 29, 'owner': 'acct_29'}",mock
0x67c26da30c858808c2572320b54d08c72f494501204e11cef95568df9909a596,93000,1,UpdatePublished,"{'model_id': 'model_mnist_784_noniid', 'round': 0, 'ticket_id': 29, 'cid': 'sha256:79e31f32647c3116344feb1be7ac64a167ef52181399cf22e6109ee25796003d'}",mock
0xd1785e58c76de358ea6b36f67ff6f500e9ec060598f7f5ea2421c7f972f66807,86000,1,TicketReserved,"{'model_id': 'model_mnist_784_noniid', 'round': 0, 'ticket_id': 30, 'owner': 'acct_30'}",mock
0x956c40ffb2c79719e52c2b4179495c2cf7e0057d30be824c4b3d89c166112549,93000,1,UpdatePublished,"{'model_id': 'model_mnist_784_noniid', 'round': 0, 'ticket_id': 30, 'cid': 'sha256:dd6b860d5beb6e564ba8af8dce9e24da647808f5df72d30c9b4c779ea51e5d6b'}",mock
0xaa5d17e8538988a5ed6a7ecf5104851b01e280088269066663b68d8dc6d43dd3,86000,1,TicketReserved,"{'model_id': 'model_mnist_784_noniid', 'round': 0, 'ticket_id': 31, 'owner': 'acct_31'}",mock
0x88f696f744db7810fdf587ff80fab87f7df2d2303c5849cd99dd2de25ef9979f,93000,1,UpdatePublished,"{'model_id': 'model_mnist_784_noniid', 'round': 0, 'ticket_id': 31, 'cid': 'sha256:0168d88037c528dbcbbb1daf0b6f8eccfba6111f65ec2f9e8e6d2103f0aa925d'}",mock
0x80cdfc217329759921846c0a8364c21900e1c58d09b0945263682a5abec48aff,86000,1,TicketReserved,"{'model_id': 'model_mnist_784_noniid', 'round': 0, 'ticket_id': 32, 'owner': 'acct_32'}",mock
0xf7d53eedbaf72f557a6cb740ec739ab86fc5752e317dc76e92a6bc4895f98f51,93000,1,UpdatePublished,"{'model_id': 'model_mnist_784_noniid', 'round': 0, 'ticket_id': 32, 'cid': 'sha256:570fd38f4a4ca7a9d4361618bd4a71a1619f0062a3e8ae9e2c2e256e5df525a0'}",mock
0xe09fff2ee4df33727c3b7aa70238931ae3d9bfd03620e639ed6753c5a4f4709c,86000,1,TicketReserved,"{'model_id': 'model_mnist_784_noniid', 'round': 0, 'ticket_id': 33, 'owner': 'acct_33'}",mock
0xec0769627e4a50c75bfd21bc63c6b35d7a53fa928df1e028ee06dfe0d20c3301,93000,1,UpdatePublished,"{'model_id': 'model_mnist_784_noniid', 'round': 0, 'ticket_id': 33, 'cid': 'sha256:8beba18d9914f3e3435158fb25c7004a1e775c00584548bfc5246deda4519a15'}",mock
0xbf113b600ba237869aae560d327b0f2fb8cae854412c3d7c0387c76d4e550a2b,86000,1,TicketReserved,"{'model_id': 'model_mnist_784_noniid', 'round': 0, 'ticket_id': 34, 'owner': 'acct_34'}",mock
0x259df2eb5fe65ff08166f4776e2d9a9d1e0e59bc8d2349f86960330cdf0cb3b1,93000,1,UpdatePublished,"{'model_id': 'model_mnist_784_noniid', 'round': 0, 'ticket_id': 34, 'cid': 'sha256:8f36185cedf5c37160764d5eed95a918740f1b419fcd3e68d641eb54a3ea809f'}",mock
0x13df0a6317139d995ca8008e8920e28a8f4a050a6b457fcc7367c1750d935471,86000,1,TicketReserved,"{'model_id': 'model_mnist_784_noniid', 'round': 0, 'ticket_id': 35, 'owner': 'acct_35'}",mock
0xdee6a673b3ee0fd275a4432e67691ab39ed6969dd047a8a70ba92d28d4aad5fb,93000,1,UpdatePublished,"{'model_id': 'model_mnist_784_noniid', 'round': 0, 'ticket_id': 35, 'cid': 'sha256:65dd6e82714990c92c0305003ef6d306939497c8cb3c2b6b5549590df614d5bc'}",mock
0xdb56c0d96a6e279dd0861f7a21285303dff8e9c37407ead6050ed50f9825eab6,86000,1,TicketReserved,"{'model_id': 'model_mnist_784_noniid', 'round': 0, 'ticket_id': 36, 'owner': 'acct_36'}",mock
0x507aa500375a608ecc9804f60c87c75281844137c7703649db8e07456da8399b,93000,1,UpdatePublished,"{'model_id': 'model_mnist_784_noniid', 'round': 0, 'ticket_id': 36, 'cid': 'sha256:823019a13d33b09f8684b8bc9c0f5bff8ff76e5dba0ed2a15fa0c3db89df7af3'}",mock
0x01e4dd9b056c018a2ee75eb5afb88d073726b923e609142a6a005ea33d5608c4,86000,1,TicketReserved,"{'model_id': 'model_mnist_784_noniid', 'round': 0, 'ticket_id': 37, 'owner': 'acct_37'}",mock
0xd9c84dcdae2950291145fde93d2c1f84b963526ed39b787d1221c8e551a2a894,93000,1,UpdatePublished,"{'model_id': 'model_mnist_784_noniid', 'round': 0, 'ticket_id': 37, 'cid': 'sha256:1e6b2a8fef07bac26ac73b946c4223569ef5bf4c19861a318898040e797e756c'}",mock
0x2ac3381240414be3afb6db34f99663707d58f117ea4733dbd6f2b2ec134c5d92,86000,1,TicketReserved,"{'model_id': 'model_mnist_784_noniid', 'round': 0, 'ticket_id': 38, 'owner': 'acct_38'}",mock
0x415fe251252b72b694345eeafc166485885ae2b7e0dca148bebf191610391ece,93000,1,UpdatePublished,"{'model_id': 'model_mnist_784_noniid', 'round': 0, 'ticket_id': 38, 'cid': 'sha256:72c891f3399bdf13e7a970b157368decfe61e6895be491cb8aaa17c3c81144b6'}",mock
0xaa7542758486693d20c89ff2cbd0ad6adaf586a21a74ffd40837efe8ca5d45a6,86000,1,TicketReserved,"{'model_id': 'model_mnist_784_noniid', 'round': 0, 'ticket_id': 39, 'owner': 'acct_39'}",mock
0x76017739a06751236f5fd6f1363dd5539caa4912d8e3ea9a21111a11e686e002,93000,1,UpdatePublished,"{'model_id': 'model_mnist_784_noniid', 'round': 0, 'ticket_id': 39, 'cid': 'sha256:f7bc299a52146080a231672150109150a21004d7d44db9ed68630e146c546c86'}",mock
0x880a0545d1bc53526357f63271d23c751e5c58309f1657556b06de352f568de0,86000,1,TicketReserved,"{'model_id': 'model_mnist_784_noniid', 'round': 0, 'ticket_id': 40, 'owner': 'acct_40'}",mock
0x8f7346d05f39aee280ab0edae749ba028190c32cd64950fa54a6fd95ab61e8d9,93000,1,UpdatePublished,"{'model_id': 'model_mnist_784_noniid', 'round': 0, 'ticket_id': 40, 'cid': 'sha256:700c972ca8e9a4cce01a77a21484031b908c32392de967287d57a04dbe90123f'}",mock
0xcc2910efbf12eac1405cb167a1e8924acba165dfa60d902dc8a84fca058c9a60,86000,1,TicketReserved,"{'model_id': 'model_mnist_784_noniid', 'round': 0, 'ticket_id': 41, 'owner': 'acct_41'}",mock
0xb675fdb73a17bb8f12eeed01ef037b23d4cf9690b18a9c2e3e18ec61787c58e1,93000,1,UpdatePublished,"{'model_id': 'model_mnist_784_noniid', 'round': 0, 'ticket_id': 41, 'cid': 'sha256:c0b18aca500320f79c77f1fd52df38972b0a8f404271dc1f506b3a14caa2aed4'}",mock
0xff14853a374cdcea37ce43e3f81170f41734337e384914d9d57a04a8f9702c36,86000,1,TicketReserved,"{'model_id': 'model_mnist_784_noniid', 'round': 0, 'ticket_id': 42, 'owner': 'acct_42'}",mock
0x3e446d7272b2bc91468f6755862ab34ef4c3475183aac743b349c2bb57966892,93000,1,UpdatePublished,"{'model_id': 'model_mnist_784_noniid', 'round': 0, 'ticket_id': 42, 'cid': 'sha256:096630ce6b5a35fe4ec43c201d6b55ad7f4e43bf60f04f4afcdf3a25d02149c7'}",mock
0x9ea859dc07d20da2e29cd5dea545f8d84a483099e0667bd1d8be669cde8fc352,86000,1,TicketReserved,"{'model_id': 'model_mnist_784_noniid', 'round': 0, 'ticket_id': 43, 'owner': 'acct_43'}",mock
0x410cccb96334615c7e511c8f5ed468f475c1ffcaa8d1e94767a16c166e127ab6,93000,1,UpdatePublished,"{'model_id': 'model_mnist_784_noniid', 'round': 0, 'ticket_id': 43, 'cid': 'sha256:6ce0e982773cdf177a2b135db397852661abca46dbce997270568325d012d41b'}",mock
0x674e731dc78adaf01b8a58f8cda480c2d6696061599287cd1979a30c7d1ec071,86000,1,TicketReserved,"{'model_id': 'model_mnist_784_noniid', 'round': 0, 'ticket_id': 44, 'owner': 'acct_44'}",mock
0xc867f96b732f2c5fbdf64f98d2c21f5f03c881cf64e10f910194a5c602b483ff,93000,1,UpdatePublished,"{'model_id': 'model_mnist_784_noniid', 'round': 0, 'ticket_id': 44, 'cid': 'sha256:fe99563b606a526d499c8ec38821905f066c9b5171bcd76ac301da569ab72bca'}",mock
0xcba236cbd0e1445a38241478d5e4762dcb4bcfdc7a9ffa4de3066a4a80696854,86000,1,TicketReserved,"{'model_id': 'model_mnist_784_noniid', 'round': 0, 'ticket_id': 45, 'owner': 'acct_45'}",mock
0xeb606808783fc3760773a4773f5b94fa03b6a0ac6dbe4298cc9349e364dd00e8,93000,1,UpdatePublished,"{'model_id': 'model_mnist_784_noniid', 'round': 0, 'ticket_id': 45, 'cid': 'sha256:313c8a8f8f0710b630cfe0d51328280a9467369fdf4514f75aab3276640ccd76'}",mock
0x5050e427fdc7104090cd4d672a6f669b16e796c3f099f7360c230cb74d5165cc,86000,1,TicketReserved,"{'model_id': 'model_mnist_784_noniid', 'round': 0, 'ticket_id': 46, 'owner': 'acct_46'}",mock
0x950355ec01f8ef4e992e970bb1e1110c15433036f208aa3f1a7ec95f2769af06,93000,1,UpdatePublished,"{'model_id': 'model_mnist_784_noniid', 'round': 0, 'ticket_id': 46, 'cid': 'sha256:d55be733ec08767956b38569a2a1d868773b6ede194e19629b0913bfa4fc3bb7'}",mock
0x7f40204fd38c41e5a1ddad74825953c2bee49eede9475a12169c557708a85f35,86000,1,TicketReserved,"{'model_id': 'model_mnist_784_noniid', 'round': 0, 'ticket_id': 47, 'owner': 'acct_47'}",mock
0xf62870a7d9820a78c60f798b27a1c79922b82d05752e0b1b724d1ba81ffe0297,93000,1,UpdatePublished,"{'model_id': 'model_mnist_784_noniid', 'round': 0, 'ticket_id': 47, 'cid': 'sha256:31064b93370281aece3a8e9b1ae53a31cd0e1044baf7a73e6279fbc2422bb2fc'}",mock
0x2212c0d2d952b0feb7f8d9a248075fa265a41463b34140493148409e18e7b403,86000,1,TicketReserved,"{'model_id': 'model_mnist_784_noniid', 'round': 0, 'ticket_id': 48, 'owner': 'acct_48'}",mock
0xbe3d382a5647deb9037cb3136ea3a2d828d90c72078fa35ab2da2138ba18d5df,93000,1,UpdatePublished,"{'model_id': 'model_mnist_784_noniid', 'round': 0, 'ticket_id': 48, 'cid': 'sha256:2240b7a7a4a6f787f0f2bfe21332c134bb1599d99c39c9ee41a90c471ec8b094'}",mock
0xb12042b71ce2b540af4d135bfb20a92f4414a0ff9d81fcca7224cd59d2679252,86000,1,TicketReserved,"{'model_id': 'model_mnist_784_noniid', 'round': 0, 'ticket_id': 49, 'owner': 'acct_49'}",mock
0xa20d5e1e7fa6b26917b76952e89bda666fb68608740d9a6f1e99a3de46a0fef0,93000,1,UpdatePublished,"{'model_id': 'model_mnist_784_noniid', 'round': 0, 'ticket_id': 49, 'cid': 'sha256:a7d4e37bd396218ee536a5a9db1dbaf2a119f6eb1465895e8a7903af23f3ce45'}",mock
0x3e1116adcd604489d4b3c2a40cfaf8a29989fe693cec69e66af502ed1f632d37,86000,1,TicketReserved,"{'model_id': 'model_mnist_784_noniid', 'round': 0, 'ticket_id': 50, 'owner': 'acct_50'}",mock
0x6a12b5d6a738cba9d60a8f67d3381a47a52af963b1442d0ec206303d1e2214f9,93000,1,UpdatePublished,"{'model_id': 'model_mnist_784_noniid', 'round': 0, 'ticket_id': 50, 'cid': 'sha256:178a1b4394547c3ac1eb83d789067f995625ecef7521bd2fb574a24a2ecdf498'}",mock
0xee45428abe7d26c94375987568c140c7c4133b8b06a5196efafeec5561745269,1025000,1,RoundFinalized,"{'model_id': 'model_mnist_784_noniid', 'round': 0, 'included': 45, 'refunds': 45}",mock
0x71f665feda0d3d7cb720fe4d93348d1cdc22701e10016d37e7acd279334fa579,52000,1,RoundFunded,"{'model_id': 'model_mnist_784_noniid', 'amount_wei': 10000000000000000}",mock
0xe9f360bb96bb82d8e07d15b01ff2c0988a7851ffeed2f49099854a91dbaa118a,86000,1,TicketReserved,"{'model_id': 'model_mnist_784_noniid', 'round': 1, 'ticket_id': 51, 'owner': 'acct_1'}",mock
0xbd386b25c1889c70338ca7b935b4a7e107e1e07165e65b77469fb5a09aaecfeb,93000,1,UpdatePublished,"{'model_id': 'model_mnist_784_noniid', 'round': 1, 'ticket_id': 51, 'cid': 'sha256:f3bd1fae546639ecf324cabcafc814fb1d427090e2a04e336bae53862d1cf560'}",mock
0x11d9d8862a66de95c71548bf12b4563eabfe8b618e4fe6caaaa9067ad7444fe0,86000,1,TicketReserved,"{'model_id': 'model_mnist_784_noniid', 'round': 1, 'ticket_id': 52, 'owner': 'acct_2'}",mock
0x028507b4b16421a34bb57c97d911d49f72dd47c17d1a2d8d30384721cbb72c71,93000,1,UpdatePublished,"{'model_id': 'model_mnist_784_noniid', 'round': 1, 'ticket_id': 52, 'cid': 'sha256:89a9c84cd1bd8018fc4cc975f8de760a5e19dfea6bc0db72fa1a60e3194a8f72'}",mock
0xc8096c3545211682205ae445a310f45b528a03262dc2f4eafb57670e024ee44a,86000,1,TicketReserved,"{'model_id': 'model_mnist_784_noniid', 'round': 1, 'ticket_id': 53, 'owner': 'acct_3'}",mock
0xb917fe90a7d60e928e4452d66d423f8da38fd01d80d3bceb5421d23387f7e05d,93000,1,UpdatePublished,"{'model_id': 'model_mnist_784_noniid', 'round': 1, 'ticket_id': 53, 'cid': 'sha256:a0defa268a4df80c9f1b977aec686cfa812d52f22f15e74b7de16308c7d23743'}",mock
0xe6ea3d71d2394bcfb92000c1a23ca411fe32012f17321831464477e379cb90f3,86000,1,TicketReserved,"{'model_id': 'model_mnist_784_noniid', 'round': 1, 'ticket_id': 54, 'owner': 'acct_4'}",mock
0x72fcfcf3eee5ebaeab293b70bf919db55b994e35c6fe4daa8e9e6eef12080c2f,93000,1,UpdatePublished,"{'model_id': 'model_mnist_784_noniid', 'round': 1, 'ticket_id': 54, 'cid': 'sha256:277d236380b8be76aa5e37cd3fbc34e69f30bbd3a2320463acbb1b8065a85eb8'}",mock
0xf7d057095451716772256ac8e0daf65852efdc6e39ac49c105c42d32d9ed72ef,86000,1,TicketReserved,"{'model_id': 'model_mnist_784_noniid', 'round': 1, 'ticket_id': 55, 'owner': 'acct_5'}",mock
0xd5124bb1314c0f3a6baf80b76692a97a9cf413abf82128d5ff0859877f77a0ec,93000,1,UpdatePublished,"{'model_id': 'model_mnist_784_noniid', 'round': 1, 'ticket_id': 55, 'cid': 'sha256:509e6970c04323fdd80e1caf31a5328ed43a9d244300fef77b04205525e74034'}",mock
0x66c1919e693ad733bd04478d36aeee91d02b9aa762535b1b1215ea8c810de330,86000,1,TicketReserved,"{'model_id': 'model_mnist_784_noniid', 'round': 1, 'ticket_id': 56, 'owner': 'acct_6'}",mock
0x5004df3341b2e0b7510c6768246c3954026423815afbcf0608a5f02ca0a5bf1a,93000,1,UpdatePublished,"{'model_id': 'model_mnist_784_noniid', 'round': 1, 'ticket_id': 56, 'cid': 'sha256:1464a92a1907ab16dc3e7c80170b1ab1a483f857a21ea88ba841163fd79f5ff4'}",mock
0x2de7fa4aa3a7ac860d4eb4e02088a111b63b39adcdff23c89887f5dab20d092e,86000,1,TicketReserved,"{'model_id': 'model_mnist_784_noniid', 'round': 1, 'ticket_id': 57, 'owner': 'acct_7'}",mock
0xd8d8f59254b06747863c39dc070b292730ab843136e941b59c461674492e3400,93000,1,UpdatePublished,"{'model_id': 'model_mnist_784_noniid', 'round': 1, 'ticket_id': 57, 'cid': 'sha256:0db10194ef1a12fc664b3464cc78e67e3be1f4dffb708df91dbdbf79bdb94f52'}",mock
0x53a9efe66510937982e8e0815b84ba945e463843363f278b1438212d2b3fc5bc,86000,1,TicketReserved,"{'model_id': 'model_mnist_784_noniid', 'round': 1, 'ticket_id': 58, 'owner': 'acct_8'}",mock
0xc71440ac76e5c64352cb48a23fedd7d21add7528d32ef16fec39301e20955c9d,93000,1,UpdatePublished,"{'model_id': 'model_mnist_784_noniid', 'round': 1, 'ticket_id': 58, 'cid': 'sha256:fbfeb5b0b0158d2e2c033c236f7bf2410ea24fc109420064add8840edad0850e'}",mock
0xa7fc49b9e4a4cfaa2be035567bf95823216f1b957c99af6a06dcac3a86e4c37a,86000,1,TicketReserved,"{'model_id': 'model_mnist_784_noniid', 'round': 1, 'ticket_id': 59, 'owner': 'acct_9'}",mock
0x1c564a9a9760ee0ac2cadbad2b0b556f67144c19839f4d623158f5181f4fad49,93000,1,UpdatePublished,"{'model_id': 'model_mnist_784_noniid', 'round': 1, 'ticket_id': 59, 'cid': 'sha256:2f14ef614cf71cd0f82f2d33885f5091f376fd9a4b6f2557bee8791e2eda78ce'}",mock
0x1e59ce6428f1d6ca2b3059b080398d9cd4819b9eceb0d9b5eeef854afa128b05,86000,1,TicketReserved,"{'model_id': 'model_mnist_784_noniid', 'round': 1, 'ticket_id': 60, 'owner': 'acct_10'}",mock
0x16fac6226106a098882df6904a45f2d1df4004951f3b6590247490a2c5b70cc2,93000,1,UpdatePublished,"{'model_id': 'model_mnist_784_noniid', 'round': 1, 'ticket_id': 60, 'cid': 'sha256:05a38cd53be7a11ceb78844afc1b0ad9df1cd7f08bc8a03ffa331df1f60aa5fd'}",mock
0x9ddc49ef581cd310bfaa831e026413dce87fda6b4db68a0c3b4c6a9459241d95,86000,1,TicketReserved,"{'model_id': 'model_mnist_784_noniid', 'round': 1, 'ticket_id': 61, 'owner': 'acct_11'}",mock
0x0f1dc7b3e971130667d9ba8d25847f489702bc8fa7c732a89d76dfed3f941c89,93000,1,UpdatePublished,"{'model_id': 'model_mnist_784_noniid', 'round': 1, 'ticket_id': 61, 'cid': 'sha256:28808d557ff9b7acb71e026859cf34139161188c528e801fbb74920adf98964d'}",mock
0x32402d2fdb064c29c9d8a06e03277e62012470d64c72789007402a1731575c71,86000,1,TicketReserved,"{'model_id': 'model_mnist_784_noniid', 'round': 1, 'ticket_id': 62, 'owner': 'acct_12'}",mock
0x232a04f8567cfcf9f10facfb391d6f8b3b39caccbd3822c2cdd35293d8893b92,93000,1,UpdatePublished,"{'model_id': 'model_mnist_784_noniid', 'round': 1, 'ticket_id': 62, 'cid': 'sha256:f97da4d59e8f6ad5ee61709eef853cd50614286cec2041567b2f9c556f31de02'}",mock
0xb20bff4eb64f0437cbae9039dcfc12918f98e3904c8480c9e0f2f2ed08da94de,86000,1,TicketReserved,"{'model_id': 'model_mnist_784_noniid', 'round': 1, 'ticket_id': 63, 'owner': 'acct_13'}",mock
0x60796fe55c5d6170f2ecd678d69540b8c7ca3edceff51effcb4d5d0b58d34797,93000,1,UpdatePublished,"{'model_id': 'model_mnist_784_noniid', 'round': 1, 'ticket_id': 63, 'cid': 'sha256:f1e8376915a7f200a6bf07535e705de43efce854052ee230745dfb5255d367d0'}",mock
0x100e4cf85e7b52e036e6bafcdd304262bdef658822f55d23f8f35cc249c3bf27,86000,1,TicketReserved,"{'model_id': 'model_mnist_784_noniid', 'round': 1, 'ticket_id': 64, 'owner': 'acct_14'}",mock
0x943d26765cfb2b48abbc8bbe326f94ed98332fa55388e83cedb150ec34b88d54,93000,1,UpdatePublished,"{'model_id': 'model_mnist_784_noniid', 'round': 1, 'ticket_id': 64, 'cid': 'sha256:00124cfabbf1726edaa1952c3f36206fc89cb3be1dfe92ad7b2b93a4036b2a68'}",mock
0xef14ebe3384ec4ec693f8142c47dbb3cc8d8cbcca880cc39015ea18b0e410fae,86000,1,TicketReserved,"{'model_id': 'model_mnist_784_noniid', 'round': 1, 'ticket_id': 65, 'owner': 'acct_15'}",mock
0xc15ce2abaa448e1b996ad8a6c6e82f25342016f15a02c41b12911fbeb7033944,93000,1,UpdatePublished,"{'model_id': 'model_mnist_784_noniid', 'round': 1, 'ticket_id': 65, 'cid': 'sha256:7d38a2dcd73d2d256ae77f7b1fc21d8adf9e2cfa59d2c17dc50439daad81d648'}",mock
0xff0751f9c38f6e3a40ddb97c1e5e2d6bc7d037d62f3f2b9e60cad055535d5084,86000,1,TicketReserved,"{'model_id': 'model_mnist_784_noniid', 'round': 1, 'ticket_id': 66, 'owner': 'acct_16'}",mock
0x2d72d2b1f34957cd574d41244616f3b98c9ff72237b0d492ba78988e0f7642f4,93000,1,UpdatePublished,"{'model_id': 'model_mnist_784_noniid', 'round': 1, 'ticket_id': 66, 'cid': 'sha256:82a34e7981ef15204e980543da7486cb88e4a4ff51e6ce5be230f8a311c41fae'}",mock
0x725f50c4d57033ba9bd942591478bd7798dd8737341fb4c30a26858abc8a1180,86000,1,TicketReserved,"{'model_id': 'model_mnist_784_noniid', 'round': 1, 'ticket_id': 67, 'owner': 'acct_17'}",mock
0xf196bfb2fd75c28c1fedae982a7f9b3c5646492e23a09cb5ec7e91f57c3f3832,93000,1,UpdatePublished,"{'model_id': 'model_mnist_784_noniid', 'round': 1, 'ticket_id': 67, 'cid': 'sha256:2d3466ebf055407d0d2528ba726f2e025c4d1dd02b26adbdc7f471da89b51b51'}",mock
0xaf4794b233b398cd4c8cab5fd9ff8e19e39caa6d04e84ae565c823e292345f70,86000,1,TicketReserved,"{'model_id': 'model_mnist_784_noniid', 'round': 1, 'ticket_id': 68, 'owner': 'acct_18'}",mock
0x7a5c9beae20ef8bb352ebf4b05e38f929f28c5ea0910f80af78102eae0de73e8,93000,1,UpdatePublished,"{'model_id': 'model_mnist_784_noniid', 'round': 1, 'ticket_id': 68, 'cid': 'sha256:14819e6276160578907c064f67fc4d957ac2011e1148ebdbe70ce2c1f58ead34'}",mock
0x1cf4865b3cd8bcfc86ae26314a00e477c92638a13822a799d0f471ea51b1117d,86000,1,TicketReserved,"{'model_id': 'model_mnist_784_noniid', 'round': 1, 'ticket_id': 69, 'owner': 'acct_19'}",mock
0x1882e4e9d309579d2dd6ecd1251b5073c8a6a82b0e7a653289f8703683bd32a5,93000,1,UpdatePublished,"{'model_id': 'model_mnist_784_noniid', 'round': 1, 'ticket_id': 69, 'cid': 'sha256:a1b94a8b9c1669f96c22de3de6c4b0104cf1dc1f68f172f6557aa458f6278d8a'}",mock
0x98400e108caf904d012c66340532dbf5adde4fa7c9ee2ba8fd2c4b7baaa4cc86,86000,1,TicketReserved,"{'model_id': 'model_mnist_784_noniid', 'round': 1, 'ticket_id': 70, 'owner': 'acct_20'}",mock
0x90f86c6edcc9132bb6e2a36c3a9a040484cb94b16c4817124e4876f027908c2f,93000,1,UpdatePublished,"{'model_id': 'model_mnist_784_noniid', 'round': 1, 'ticket_id': 70, 'cid': 'sha256:f85ab58de984a02137548b1a5895ea39c76929ef006fd3081dfb386b65bec32a'}",mock
0x250e725725530c5ae7f85ef890f4bdbc11790da255a8d43598a6317f5fb65fb5,86000,1,TicketReserved,"{'model_id': 'model_mnist_784_noniid', 'round': 1, 'ticket_id': 71, 'owner': 'acct_21'}",mock
0x9c851f6816a3f6109124f851dd5857b2ce3ea643bb096f0a5d9c12a6a0d77f59,93000,1,UpdatePublished,"{'model_id': 'model_mnist_784_noniid', 'round': 1, 'ticket_id': 71, 'cid': 'sha256:7eb8af9cdb19bf01db7b4bfa7682704f0f4d1740abb0bed7b6846ad787c9c613'}",mock
0x95a8bbbf4b3a230c53a0acd23dbbcf8d910bdc32e97015d88815b03b97fbca8a,86000,1,TicketReserved,"{'model_id': 'model_mnist_784_noniid', 'round': 1, 'ticket_id': 72, 'owner': 'acct_22'}",mock
0x69661766d9b88661aeb3b30859bfdd6e2d97bf531d86cb204e5ea34ccdb7f863,93000,1,UpdatePublished,"{'model_id': 'model_mnist_784_noniid', 'round': 1, 'ticket_id': 72, 'cid': 'sha256:3c5ed633c6ecb4770385b586bd431fef71c77d7aa2d1abd7fb724eac26520ed4'}",mock
0x692be76086283cf4eb9ade8b3dbc8959ddb121d24d4fcedb3bf6167fdb483f00,86000,1,TicketReserved,"{'model_id': 'model_mnist_784_noniid', 'round': 1, 'ticket_id': 73, 'owner': 'acct_23'}",mock
0xf4f7c5f8bf7bfcc8da589727b512e980ebc16a7973dda2ed8d39e0b8748c0925,93000,1,UpdatePublished,"{'model_id': 'model_mnist_784_noniid', 'round': 1, 'ticket_id': 73, 'cid': 'sha256:d88ee8e6f010267e8eb9a14188422c8647b81d00ff4de9a3b0b3a7e85d4671f2'}",mock
0x244c9eb6cbdb6a9862195e6e9da67eb33bc660124753a9b9074f35bd7a144a77,86000,1,TicketReserved,"{'model_id': 'model_mnist_784_noniid', 'round': 1, 'ticket_id': 74, 'owner': 'acct_24'}",mock
0x3101d1cbcd8d2d9ae97a21f21600aa2de80d0ed854dbebb9283dadc424028bc3,93000,1,UpdatePublished,"{'model_id': 'model_mnist_784_noniid', 'round': 1, 'ticket_id': 74, 'cid': 'sha256:fb2f60cf6c843c744387683a0cfd48c1d6b4a535c00d489cff4fdf50a1bbcd4f'}",mock
0x651702d8ed769d989acf6498ff1cec66dcaefa6348310bc8f7bbdbf4238b898d,86000,1,TicketReserved,"{'model_id': 'model_mnist_784_noniid', 'round': 1, 'ticket_id': 75, 'owner': 'acct_25'}",mock
0x5bdfdd381dd60c5a16aa460aa6ab8e26c05689fba15116542bed4f58c132e1cf,93000,1,UpdatePublished,"{'model_id': 'model_mnist_784_noniid', 'round': 1, 'ticket_id': 75, 'cid': 'sha256:cb8cee47032623252db4e5949928d6f5f6e8e01627eb4205ea17b51dd0b7e139'}",mock
0x734c14811e1f8302fa6dc4bb8e211f2a14f8ea5237df7bf5a5a0da8fae17e86c,86000,1,TicketReserved,"{'model_id': 'model_mnist_784_noniid', 'round': 1, 'ticket_id': 76, 'owner': 'acct_26'}",mock
0x289b3f08a4ea127e0e2d2896bb7a90c767ac7019842a837ba6485046467387f7,93000,1,UpdatePublished,"{'model_id': 'model_mnist_784_noniid', 'round': 1, 'ticket_id': 76, 'cid': 'sha256:123737005127db19980d4d041733a8971ea3b27e48a1e6416fce0efbe155ba70'}",mock
0x6e7f0bf90e68ca166d43df04f15e6661f9e53e38ed377dffdfb70b0f688024bc,86000,1,TicketReserved,"{'model_id': 'model_mnist_784_noniid', 'round': 1, 'ticket_id': 77, 'owner': 'acct_27'}",mock
0x8ef498aa4c585780366de8e30956a463e9edf10d82f9adc2179a9c0518a4a694,93000,1,UpdatePublished,"{'model_id': 'model_mnist_784_noniid', 'round': 1, 'ticket_id': 77, 'cid': 'sha256:68ebd484bfd783e5d9b5df0aa1c512f7a64e68d7e132470ba1d62c51671f880e'}",mock
0xc83d22fc3e73958b07c7c534e7854ee4817a2672f2c8324652ece248ef2d6d53,86000,1,TicketReserved,"{'model_id': 'model_mnist_784_noniid', 'round': 1, 'ticket_id': 78, 'owner': 'acct_28'}",mock
0xce3b796a02c49496d99b5f9fe0a2563a4c09f5075e41601f52afb7158e9c01e2,93000,1,UpdatePublished,"{'model_id': 'model_mnist_784_noniid', 'round': 1, 'ticket_id': 78, 'cid': 'sha256:ac6152906a98f732fe2bbf8ac64ac97d08ef0968f2fd293edda6f7db458969b8'}",mock
0xac8eff649b3f61492967b87591ed26616b7caafdbec8b26f3c01c2ab0f4f25f7,86000,1,TicketReserved,"{'model_id': 'model_mnist_784_noniid', 'round': 1, 'ticket_id': 79, 'owner': 'acct_29'}",mock
0xf2882e25afa28d0e572d43f3d0770e07749ea48a9c931995725aaae193a1c340,93000,1,UpdatePublished,"{'model_id': 'model_mnist_784_noniid', 'round': 1, 'ticket_id': 79, 'cid': 'sha256:9f5dbbe1d60807219ca5068b6f20ca33921e1d8cb8d181b696737bf1f59a314a'}",mock
0x7c98478858802fd35da0a6ed592e6e12297a92635233c55e6707bf5c33063b7e,86000,1,TicketReserved,"{'model_id': 'model_mnist_784_noniid', 'round': 1, 'ticket_id': 80, 'owner': 'acct_30'}",mock
0x7d47565a05b40d4927ee0fd42c3162df658b0781c8b33d6cab8031da1133e4e1,93000,1,UpdatePublished,"{'model_id': 'model_mnist_784_noniid', 'round': 1, 'ticket_id': 80, 'cid': 'sha256:282103403735629b8c5211065e642f4d0d633a56b030aff1cc50ae38d0c6eddc'}",mock
0x361b033c744454e8f662c1022e6fb78862f7b703fcbe49776954f571a7228e63,86000,1,TicketReserved,"{'model_id': 'model_mnist_784_noniid', 'round': 1, 'ticket_id': 81, 'owner': 'acct_31'}",mock
0xf037e2da1dd296a6af7f7a587cb08a40034beeb41a0fc097e5f3086af5d3c69a,93000,1,UpdatePublished,"{'model_id': 'model_mnist_784_noniid', 'round': 1, 'ticket_id': 81, 'cid': 'sha256:244c594bdcb23a6f073fb8e3f62376e9212c7fcf9dcaef804c44f588eca3b52c'}",mock
0x2a34492a2df7691533370f5f794e4dbd0d81506930d466ca6278c67698704ba2,86000,1,TicketReserved,"{'model_id': 'model_mnist_784_noniid', 'round': 1, 'ticket_id': 82, 'owner': 'acct_32'}",mock
0xee1e6f5a1932f66d3f70e2abe28aba95150f02a2a6d761a089085c33b515987b,93000,1,UpdatePublished,"{'model_id': 'model_mnist_784_noniid', 'round': 1, 'ticket_id': 82, 'cid': 'sha256:9e6b505a8bac71d001354255ee0d3971ec95442e486c33f20580190bd203ea75'}",mock
0xf8abb91328cfb43f380483969b6624bf4c1ca9bbce54a507ddb3977dd9c260f4,86000,1,TicketReserved,"{'model_id': 'model_mnist_784_noniid', 'round': 1, 'ticket_id': 83, 'owner': 'acct_33'}",mock
0x179d63d29b2fc761a293da95a7edc7d9837480e5b4741cc630d4c6c3adf036c9,93000,1,UpdatePublished,"{'model_id': 'model_mnist_784_noniid', 'round': 1, 'ticket_id': 83, 'cid': 'sha256:7c9690e5e21515fd5713baa1b5c9cf2af40279019cfdc2bb4586e5e41b613e84'}",mock
0x77854a1028e1c007842c6320f796fe447d5bec511660f48e48658c2d2a9734ba,86000,1,TicketReserved,"{'model_id': 'model_mnist_784_noniid', 'round': 1, 'ticket_id': 84, 'owner': 'acct_34'}",mock
0x5a2cf66d841e2dc3fbc0f209693c22309ff1e6dff8a20e37d0a1a6185b23bbdd,93000,1,UpdatePublished,"{'model_id': 'model_mnist_784_noniid', 'round': 1, 'ticket_id': 84, 'cid': 'sha256:135717da9f1f779a4373fa1fefac1e0440aa9f6bb37a20db79a81f6b5ac84b65'}",mock
0x229d300ddc2aef5f61ef70ee50f8747d5ac15769766b336b1d6de4e268f8f41d,86000,1,TicketReserved,"{'model_id': 'model_mnist_784_noniid', 'round': 1, 'ticket_id': 85, 'owner': 'acct_35'}",mock
0x15a94603d86a1ad7f246add09c039b366a524508d6ebb6e82f4b6ca8dfe3d04f,93000,1,UpdatePublished,"{'model_id': 'model_mnist_784_noniid', 'round': 1, 'ticket_id': 85, 'cid': 'sha256:b09d8bf8eddb200ce581f528c027a95b7acbdc891fd5aa65ccdda4aba2c6205d'}",mock
0xe0dc2e6fe3581081bffed1da0eacc65f405cfc8964d24b933b159eb3208c88dd,86000,1,TicketReserved,"{'model_id': 'model_mnist_784_noniid', 'round': 1, 'ticket_id': 86, 'owner': 'acct_36'}",mock
0x88d02c170a01b3e9d63e05e875c5137845f4bdac2165c9eccc8e90e82189d9ea,93000,1,UpdatePublished,"{'model_id': 'model_mnist_784_noniid', 'round': 1, 'ticket_id': 86, 'cid': 'sha256:73ccf63670b3232fcc5eed0378aabddd9dc568cc7e4332732b95b0bec4993948'}",mock
0x2bcfd7566d1cddaf2f3bbe2ebba4f8f17c4df33fec0c25ad16a2224ea4b857ed,86000,1,TicketReserved,"{'model_id': 'model_mnist_784_noniid', 'round': 1, 'ticket_id': 87, 'owner': 'acct_37'}",mock
0x24b26196a0a389b7c6914bbf72f87a2208b0c0c0d50c8b4bb0e59fdd8b33eb81,93000,1,UpdatePublished,"{'model_id': 'model_mnist_784_noniid', 'round': 1, 'ticket_id': 87, 'cid': 'sha256:e9c8093a15644b232ac019e565618bc397193dd7e0342a11b29d60f4493ca8f5'}",mock
0xf5f53a85bfe6b7e427610b460233e7be60498a2a54ba2010ad231de31bf144ca,86000,1,TicketReserved,"{'model_id': 'model_mnist_784_noniid', 'round': 1, 'ticket_id': 88, 'owner': 'acct_38'}",mock
0xdaf8542c9955369792ae7d73c5d40c75bcc25ed6b2a0100f0e08d2452267bbed,93000,1,UpdatePublished,"{'model_id': 'model_mnist_784_noniid', 'round': 1, 'ticket_id': 88, 'cid': 'sha256:1ce77abeda373c55721e40e8a501ad568f8c6f5d3e273217f1466ebe52059905'}",mock
0x2c78d44b585c2d8cb7e2cd160b21bf585685ffcd8e166333d39be1a3f59eef3a,86000,1,TicketReserved,"{'model_id': 'model_mnist_784_noniid', 'round': 1, 'ticket_id': 89, 'owner': 'acct_39'}",mock
0xe04d9eaa1dcccacd16450c1c88a0dd923f30b778fb83414efad23da11fa49d90,93000,1,UpdatePublished,"{'model_id': 'model_mnist_784_noniid', 'round': 1, 'ticket_id': 89, 'cid': 'sha256:1d16f929946393639f5075f290d85e1bf64b5845842bd0ca43faf88249f66977'}",mock
0x422b8000d2f0dbb4c833db06230723650777d83b890ed6182d08aa3c6b4ffa92,86000,1,TicketReserved,"{'model_id': 'model_mnist_784_noniid', 'round': 1, 'ticket_id': 90, 'owner': 'acct_40'}",mock
0xb4a54cbd0e110f01122cc4c92db2e9bd45f3e1a97e888a4760304acae574bb84,93000,1,UpdatePublished,"{'model_id': 'model_mnist_784_noniid', 'round': 1, 'ticket_id': 90, 'cid': 'sha256:0250fdf107b68e5be0c84a75319a9de008b02797d15fbc87dc460572edbd8e06'}",mock
0x30bc77af512a193ea7d2f6dcf1ebc27689cbb3e57393290d1ad0a785068a2b15,86000,1,TicketReserved,"{'model_id': 'model_mnist_784_noniid', 'round': 1, 'ticket_id': 91, 'owner': 'acct_41'}",mock
0x4d092f9c3221e24b9690babf733b7317fe8a8cceefe69f954386f15d22849609,93000,1,UpdatePublished,"{'model_id': 'model_mnist_784_noniid', 'round': 1, 'ticket_id': 91, 'cid': 'sha256:f8d5c1b39b673be7e79f469e0f7115c787cbf4e8595cd8efe3789108a0bef77c'}",mock
0xe76026244b7e0994bb9ba9f51e6669fd6caa4e334434df940b0bcbd70c85c201,86000,1,TicketReserved,"{'model_id': 'model_mnist_784_noniid', 'round': 1, 'ticket_id': 92, 'owner': 'acct_42'}",mock
0xc038130eea9699767c73a0217c4615b2f9f88ad83995796753eb276efd43b782,93000,1,UpdatePublished,"{'model_id': 'model_mnist_784_noniid', 'round': 1, 'ticket_id': 92, 'cid': 'sha256:6e8b1af196928d7df8c58a30c052816e2a490e1211609961f0440916b4b43c84'}",mock
0xc92134fe66e2bbc6669b020811759e49082e8e67acdf7bcf64c327cefbe4ed81,86000,1,TicketReserved,"{'model_id': 'model_mnist_784_noniid', 'round': 1, 'ticket_id': 93, 'owner': 'acct_43'}",mock
0x809143767a20ad54d6b6391bd8ff70e45854c36221157bef0385c440e22950f7,93000,1,UpdatePublished,"{'model_id': 'model_mnist_784_noniid', 'round': 1, 'ticket_id': 93, 'cid': 'sha256:7575db8b8c79eb24eb6b6026a8384103e2081f0c009526acdeab5d2a747152c9'}",mock
0xb9a304f063ae89dce7dd4fd67082c16e466b6209ddf99fc8f57db0047138a508,86000,1,TicketReserved,"{'model_id': 'model_mnist_784_noniid', 'round': 1, 'ticket_id': 94, 'owner': 'acct_44'}",mock
0xb83795f5268cd7cd6442dacbdb8fc29b1cabf2b847076e2e9e5a57c6bc2a45f0,93000,1,UpdatePublished,"{'model_id': 'model_mnist_784_noniid', 'round': 1, 'ticket_id': 94, 'cid': 'sha256:55a26e7f5128239368e40d07d597764a90b0effb141046cadbebbf8bde55dfc8'}",mock
0xf0294249f3cefa8e0581fb837eecd3b77827a632ba5e5349b0c653c46ab43965,86000,1,TicketReserved,"{'model_id': 'model_mnist_784_noniid', 'round': 1, 'ticket_id': 95, 'owner': 'acct_45'}",mock
0x57ddedb6cfa9b8f7cd0654ee365d9028cd99f8ad30e7f28313abc9cd08b35161,93000,1,UpdatePublished,"{'model_id': 'model_mnist_784_noniid', 'round': 1, 'ticket_id': 95, 'cid': 'sha256:a52d94757cd420de166695216c6626d5aa4be2bc4259282308f2e9af0d120656'}",mock
0x436889d1477cbcfa367689431be117bf2b2b8365cec8d12cb623f1263aa8921b,86000,1,TicketReserved,"{'model_id': 'model_mnist_784_noniid', 'round': 1, 'ticket_id': 96, 'owner': 'acct_46'}",mock
0x961be1b850ae0307fee6643e154687a4312402f3c9d1bbc07e33dcdfd88732fb,93000,1,UpdatePublished,"{'model_id': 'model_mnist_784_noniid', 'round': 1, 'ticket_id': 96, 'cid': 'sha256:ce3583e95b55f0b61feae2f4da6c23c9616de233c166d1ea2c3199cfce42dc22'}",mock
0x7685068a5a3bdb901beef14a2a37fc0509def5396ff332e3fa124a65f4689b84,86000,1,TicketReserved,"{'model_id': 'model_mnist_784_noniid', 'round': 1, 'ticket_id': 97, 'owner': 'acct_47'}",mock
0x371b39632aa65b3341eabdaccb43bd607b6d2e6e95a62a078f018f2aaf7c3b5b,93000,1,UpdatePublished,"{'model_id': 'model_mnist_784_noniid', 'round': 1, 'ticket_id': 97, 'cid': 'sha256:e525e67f4713064b0126e596f9d88ea50700164fc09e124e7cbe123b25d50fc1'}",mock
0xf9668b61fb0c4eeb4ed4bb74c08895ada523a15ef37d84aa4d8f97f0d2766db9,86000,1,TicketReserved,"{'model_id': 'model_mnist_784_noniid', 'round': 1, 'ticket_id': 98, 'owner': 'acct_48'}",mock
0x9c21f5fde21fef43f7d13c27008ddfe08a8d7060b554cad7286427277e51e3fc,93000,1,UpdatePublished,"{'model_id': 'model_mnist_784_noniid', 'round': 1, 'ticket_id': 98, 'cid': 'sha256:d35f323e4ce6b29d8e8db548df307db811e30ea12f465fee00f77ebb67207f1e'}",mock
0xd39d755a5f639dcd55143bf8fad453a76936c9fc3e5642c1c845961d71a84a38,86000,1,TicketReserved,"{'model_id': 'model_mnist_784_noniid', 'round': 1, 'ticket_id': 99, 'owner': 'acct_49'}",mock
0xc279c42a5c88069b3513e942e9e52f3f6ea69fd03a3fdba3fa2c850787646983,93000,1,UpdatePublished,"{'model_id': 'model_mnist_784_noniid', 'round': 1, 'ticket_id': 99, 'cid': 'sha256:ba37c2cbdb8775e238d016ad9fbaedf7719054930ba52ae5141579bdeaa574d1'}",mock
0x8336c84979745cf9a3a50f9f3f744fd03cb62690f26ece25a095b232058d842a,86000,1,TicketReserved,"{'model_id': 'model_mnist_784_noniid', 'round': 1, 'ticket_id': 100, 'owner': 'acct_50'}",mock
0x4d293dd45b3210df8a5d69ac70e958da24ba247a31e22bb3415d517102658288,93000,1,UpdatePublished,"{'model_id': 'model_mnist_784_noniid', 'round': 1, 'ticket_id': 100, 'cid': 'sha256:902786336bcb6cce37bf20e509571dd2eb825c486003ab7aea5eaa1195046ca4'}",mock
0xaa7b4f529cc72f961586dbbf2f09a896fc22fe44b1fd8d3fc22ea5db5de9426f,985000,1,RoundFinalized,"{'model_id': 'model_mnist_784_noniid', 'round': 1, 'included': 43, 'refunds': 43}",mock
0xccec27948ecf60112e48c2580899cfc401411e2e782104b0531babc277aef74e,52000,1,RoundFunded,"{'model_id': 'model_mnist_784_noniid', 'amount_wei': 10000000000000000}",mock
0x78a6943ed2a973cf52c3bc7bdd398057d51b471e0cd521c1668400bc83d39867,86000,1,TicketReserved,"{'model_id': 'model_mnist_784_noniid', 'round': 2, 'ticket_id': 101, 'owner': 'acct_1'}",mock
0x25d4cb98de2f52d63fb361f75541151c60bf827b85193b92855f51538d06a3f9,93000,1,UpdatePublished,"{'model_id': 'model_mnist_784_noniid', 'round': 2, 'ticket_id': 101, 'cid': 'sha256:48b061bd9ad958d6d49993684f9cd15ed5ea0310e24db134e818a74d816e53e8'}",mock
0x2141564aa12bf6207614efca5b526938fed4353ee700c1b9dd0d4389595f08a5,86000,1,TicketReserved,"{'model_id': 'model_mnist_784_noniid', 'round': 2, 'ticket_id': 102, 'owner': 'acct_2'}",mock
0x6b847ee04d6f3cb8e8473051ed51f7a2cca3f6940487687f625468b5ccac779d,93000,1,UpdatePublished,"{'model_id': 'model_mnist_784_noniid', 'round': 2, 'ticket_id': 102, 'cid': 'sha256:cd68abb7de647ce41076fc9e6810be1851ca07b85dfbe415ee80f31b67074b8f'}",mock
0x84edbb1a55b34c4372a3f680a13a73fa12cd4db86b430d97fffb9e72ff554b76,86000,1,TicketReserved,"{'model_id': 'model_mnist_784_noniid', 'round': 2, 'ticket_id': 103, 'owner': 'acct_3'}",mock
0x3213fd9d0073ac419f739410cb32d48cc7d0f03c9d0c48bf78834f8c5ff5cf91,93000,1,UpdatePublished,"{'model_id': 'model_mnist_784_noniid', 'round': 2, 'ticket_id': 103, 'cid': 'sha256:b5ff5cde83fbadd39bf4c2a5db451a430a8b4984ec5a58e90947deea56ef7cdb'}",mock
0xd6c30133bfe8a680c89793e14e20610f75646de0e040049410e3506c6138875e,86000,1,TicketReserved,"{'model_id': 'model_mnist_784_noniid', 'round': 2, 'ticket_id': 104, 'owner': 'acct_4'}",mock
0x1abc877ae471a9e0ab8c16ecd337eb9db7efd1110863b312fcb04998098e84b1,93000,1,UpdatePublished,"{'model_id': 'model_mnist_784_noniid', 'round': 2, 'ticket_id': 104, 'cid': 'sha256:1361ff41d4531b35596b071dac56f0c06ed257ed02f21938fecc0b4fffced19b'}",mock
0x46b8065d063777460904bc77e20aaa64914b799cc69bf0282f004ffe86ebe69e,86000,1,TicketReserved,"{'model_id': 'model_mnist_784_noniid', 'round': 2, 'ticket_id': 105, 'owner': 'acct_5'}",mock
0xe42b7ac0004868a4aa1b6c4707c55c15813965d2adb5b95d9798202ea5451b80,93000,1,UpdatePublished,"{'model_id': 'model_mnist_784_noniid', 'round': 2, 'ticket_id': 105, 'cid': 'sha256:8bae8d1924b5ec2ac1ceb07065c9605623775ac8f80e911aab3b0b335ef4d931'}",mock
0x99d38fc48fea64180e27c2cbdf834fec287260b132c6c601490c7af12e7f2af0,86000,1,TicketReserved,"{'model_id': 'model_mnist_784_noniid', 'round': 2, 'ticket_id': 106, 'owner': 'acct_6'}",mock
0xb1f3940595d596800f061be6db220645da8b20f472c1ba6be142780f9ff57685,93000,1,UpdatePublished,"{'model_id': 'model_mnist_784_noniid', 'round': 2, 'ticket_id': 106, 'cid': 'sha256:c19b8f80f6d756a6ddfc8d18311710158b8f4233a11bdfe0241edd33d3f8924d'}",mock
0xafaef37dd987a44bf949a968b7ece858a513d4fb511c7f246d4b5cd4c66a74cb,86000,1,TicketReserved,"{'model_id': 'model_mnist_784_noniid', 'round': 2, 'ticket_id': 107, 'owner': 'acct_7'}",mock
0x15fd130e8f10f465ed27cde82d597188852771a9880d59570894803e7ecbe6dd,93000,1,UpdatePublished,"{'model_id': 'model_mnist_784_noniid', 'round': 2, 'ticket_id': 107, 'cid': 'sha256:ac4f984f187309f551bcc815cd6479f58848e1cf5b47a65a094c20d2f8262195'}",mock
0x965e8ef5766faf405c8b854d46ca5a125203249ac6fa958b962799051e459e74,86000,1,TicketReserved,"{'model_id': 'model_mnist_784_noniid', 'round': 2, 'ticket_id': 108, 'owner': 'acct_8'}",mock
0x3f9b790076c929154477da0b1ef834c5bb8d126a4495387e8aeb815ba16d56a4,93000,1,UpdatePublished,"{'model_id': 'model_mnist_784_noniid', 'round': 2, 'ticket_id': 108, 'cid': 'sha256:68d2056323a343157e1005559363610898e05f741e29f16f3960c5e66f6d87fb'}",mock
0x32d5cfe47776b2985b4620e70cb00107ba1078a3b45b807129189403030a93f3,86000,1,TicketReserved,"{'model_id': 'model_mnist_784_noniid', 'round': 2, 'ticket_id': 109, 'owner': 'acct_9'}",mock
0x28ab950c39c8e84ec0b0f0cf46e8560bb4c95eb034de6eae3648857504e8c967,93000,1,UpdatePublished,"{'model_id': 'model_mnist_784_noniid', 'round': 2, 'ticket_id': 109, 'cid': 'sha256:ea096a10534548ef4f636e0a3d5f4cff1f3480b28018c2d6b9864970f67fe091'}",mock
0xcaca70f4d044976f4209c07b7adf5f9887f1d6dbbd46fe5b2f4b2fdc094f6196,86000,1,TicketReserved,"{'model_id': 'model_mnist_784_noniid', 'round': 2, 'ticket_id': 110, 'owner': 'acct_10'}",mock
0x7da5688fab62a710f14e66208d1b2257d95c306d6ea8dc192b03e18c95589353,93000,1,UpdatePublished,"{'model_id': 'model_mnist_784_noniid', 'round': 2, 'ticket_id': 110, 'cid': 'sha256:9477169b0ef13a8d271c2202c3566ef0f0aa68458d400588c00a5238bb8bf2cc'}",mock
0x0bca25c553b00f210b158c652ff733d453174bcc7e253066b0bef4068e0f3c34,86000,1,TicketReserved,"{'model_id': 'model_mnist_784_noniid', 'round': 2, 'ticket_id': 111, 'owner': 'acct_11'}",mock
0x2ea4d942cd987ca8b3ffbe4637968d46e335bd6f195978bd2b3d4b4f3c0c09de,93000,1,UpdatePublished,"{'model_id': 'model_mnist_784_noniid', 'round': 2, 'ticket_id': 111, 'cid': 'sha256:4b512f8b7102d1707a427232f5d55f95051e10e8485edd8b12a50bf7ee0181be'}",mock
0xa968c802fca3ee3ee5a18fb89ae882b2def2b39ab667e34da027def4575e3964,86000,1,TicketReserved,"{'model_id': 'model_mnist_784_noniid', 'round': 2, 'ticket_id': 112, 'owner': 'acct_12'}",mock
0xc385010d8d37d6ba054d936d2ceede2593db7c5cd0e3448c4132bd64f524a802,93000,1,UpdatePublished,"{'model_id': 'model_mnist_784_noniid', 'round': 2, 'ticket_id': 112, 'cid': 'sha256:86a7599db0094097d94dc88bd26df8b812080c1440c33acc025500c004c34027'}",mock
0xc768d3086a7b3ca0c81fa4a0b0055e9b11c838c6c1fd530d1665e516ae601c84,86000,1,TicketReserved,"{'model_id': 'model_mnist_784_noniid', 'round': 2, 'ticket_id': 113, 'owner': 'acct_13'}",mock
0xabae5e6ddc3607aceb4adad792690673293c6c372ef5d02b6a341f601642d993,93000,1,UpdatePublished,"{'model_id': 'model_mnist_784_noniid', 'round': 2, 'ticket_id': 113, 'cid': 'sha256:4f8365349cc8ab339657cc7da88e4072e1a3cc417138873e60cbdfe88b219c84'}",mock
0x5237c45f144b4d1cbacb8e17c62635868ee76b54e2117573ac25406129166da1,86000,1,TicketReserved,"{'model_id': 'model_mnist_784_noniid', 'round': 2, 'ticket_id': 114, 'owner': 'acct_14'}",mock
0x8fdfb584549e384b4ae4421c5aeddc731f939383af5dc69d84d333c933797624,93000,1,UpdatePublished,"{'model_id': 'model_mnist_784_noniid', 'round': 2, 'ticket_id': 114, 'cid': 'sha256:07dbb469e392f0466c13a24f5f0ed8776b4a9cd60d2ff5776c7e84f4189d6673'}",mock
0xf90faa52eda7191bf37163e9660795e7e3cb3f05ee9afe37ae67c58e99e0c60a,86000,1,TicketReserved,"{'model_id': 'model_mnist_784_noniid', 'round': 2, 'ticket_id': 115, 'owner': 'acct_15'}",mock
0x171fa7ba18955f464c2f31d823c99ac3fb4604c1c9d6a59066509c9bd917ee13,93000,1,UpdatePublished,"{'model_id': 'model_mnist_784_noniid', 'round': 2, 'ticket_id': 115, 'cid': 'sha256:72a52abba3816c7a5ffba3e518e67dc14e82bf5b5ed84794635c219e8efdc6d2'}",mock
0x2f42cc58ead8fc7252707ee2f4a92c6525aacc8acb9ef6abb7563b637bbafcad,86000,1,TicketReserved,"{'model_id': 'model_mnist_784_noniid', 'round': 2, 'ticket_id': 116, 'owner': 'acct_16'}",mock
0x9e43d5bf3480a32ee693926ffe873857e42b8c365803ea6a371d65423af500c3,93000,1,UpdatePublished,"{'model_id': 'model_mnist_784_noniid', 'round': 2, 'ticket_id': 116, 'cid': 'sha256:eee01c0d2aa82cb717b1e5c163211bcced55666d2b72dfc7a3858b7e92f5aa3f'}",mock
0xa016c7f8ab9fc4c6b995f5f91e126ca236cb33e82ba68b5207dc36efeaeecef8,86000,1,TicketReserved,"{'model_id': 'model_mnist_784_noniid', 'round': 2, 'ticket_id': 117, 'owner': 'acct_17'}",mock
0x9a5e508a41b59a9461b7c394b9d55fda97815055bb19e701f2c434960c225973,93000,1,UpdatePublished,"{'model_id': 'model_mnist_784_noniid', 'round': 2, 'ticket_id': 117, 'cid': 'sha256:211ec15c9b2b30cf055e45022bf9e4ac096a132be87fb8a4dbca30d544ae65c6'}",mock
0xb616432d95f415b1b412a88e14de553b5ebb694ee94d6963d17884faaf4a8c7c,86000,1,TicketReserved,"{'model_id': 'model_mnist_784_noniid', 'round': 2, 'ticket_id': 118, 'owner': 'acct_18'}",mock
0x86e19f89fcb482977d5fd6dd3933db0768c29e0b6fb0f1d3d22cef1a3af878b0,93000,1,UpdatePublished,"{'model_id': 'model_mnist_784_noniid', 'round': 2, 'ticket_id': 118, 'cid': 'sha256:d61016b1a18271f42439edba6dbeb190ecff3354690aac04228e0fcfac232ee4'}",mock
0xe219ce7eb7ad068722222e2f7cd3e953ad5b95b04ae3d9f251ed65a28bdcde78,86000,1,TicketReserved,"{'model_id': 'model_mnist_784_noniid', 'round': 2, 'ticket_id': 119, 'owner': 'acct_19'}",mock
0x9b8c6d38be5b2e1d0bd853818367f196b2de81f53ee865865bda2cbe10cb05e3,93000,1,UpdatePublished,"{'model_id': 'model_mnist_784_noniid', 'round': 2, 'ticket_id': 119, 'cid': 'sha256:b7bde430f3e4062cb2bdf34c3b2bf195b6d64912131fa5a3d754e0814163a96e'}",mock
0x3850b34fde5db10d0c641e4cfc408db3e585ebf192c948841dd16e603420a52e,86000,1,TicketReserved,"{'model_id': 'model_mnist_784_noniid', 'round': 2, 'ticket_id': 120, 'owner': 'acct_20'}",mock
0xa9d986ac9e46b05314be04fdc3498dc95ed07cbde6a49c732931d4d10ce6d566,93000,1,UpdatePublished,"{'model_id': 'model_mnist_784_noniid', 'round': 2, 'ticket_id': 120, 'cid': 'sha256:0234d379702f81d4347e9dab159e750d8a33bbb52534be2c4ff43617f142fa6a'}",mock
0x9326c2c6df3b7056364d8fc99181239de76e337ec077cfcbc199d067b8850bb1,86000,1,TicketReserved,"{'model_id': 'model_mnist_784_noniid', 'round': 2, 'ticket_id': 121, 'owner': 'acct_21'}",mock
0xa71bb19d6a6181e0d31acb68102e748a7c56878f174c2992c647b88de7be4312,93000,1,UpdatePublished,"{'model_id': 'model_mnist_784_noniid', 'round': 2, 'ticket_id': 121, 'cid': 'sha256:1f3ca5d2f95460d5f82684d5a1e73c1426c0fb767bf1ebd390c100062637d427'}",mock
0x8588b3903ba1ce2b200d0fc5e6ab1d9b6ba24d6c19a199f9196cade0b4bef535,86000,1,TicketReserved,"{'model_id': 'model_mnist_784_noniid', 'round': 2, 'ticket_id': 122, 'owner': 'acct_22'}",mock
0xd32d147b7889f5dac33450d2053921e040dda3e875a6704754ebee332fdaf825,93000,1,UpdatePublished,"{'model_id': 'model_mnist_784_noniid', 'round': 2, 'ticket_id': 122, 'cid': 'sha256:57e9881735e9d191354a72759aaca77019bb0418f1862b5cd73a682b15ad7ab6'}",mock
0x8f2063364504350ebdc6d1e5aeb14b203b10e462b9939093e031d7ab04834e4f,86000,1,TicketReserved,"{'model_id': 'model_mnist_784_noniid', 'round': 2, 'ticket_id': 123, 'owner': 'acct_23'}",mock
0x8ebbde07281fa6f0f6ef5dd85f33e698d59280292817ccc839b9918c1c5649a1,93000,1,UpdatePublished,"{'model_id': 'model_mnist_784_noniid', 'round': 2, 'ticket_id': 123, 'cid': 'sha256:13142f13200de5a87a653d369b1e51b3cc747448143b54510d53929822e02003'}",mock
0xbeb6729baa1bbdb848d0e0da61f6ab951a240308ba05425f0d8cf542b0f31dda,86000,1,TicketReserved,"{'model_id': 'model_mnist_784_noniid', 'round': 2, 'ticket_id': 124, 'owner': 'acct_24'}",mock
0xed37844c01e4c89f35b1175d94851b717d16b225d929848f04b3f46e50063b45,93000,1,UpdatePublished,"{'model_id': 'model_mnist_784_noniid', 'round': 2, 'ticket_id': 124, 'cid': 'sha256:840d811afadb51cd23441fadc7e2d47d1420b101b246b1ca93861dc72e9010db'}",mock
0xc3471d57a7445071f8e710a15d0c6c17aae3ede7a5d1e959f9f0d8c6c453f4d1,86000,1,TicketReserved,"{'model_id': 'model_mnist_784_noniid', 'round': 2, 'ticket_id': 125, 'owner': 'acct_25'}",mock
0x9968243ccedba70593b91fce71a3e4f6e29ad4fd5ff8111cb654b2ada55ae56c,93000,1,UpdatePublished,"{'model_id': 'model_mnist_784_noniid', 'round': 2, 'ticket_id': 125, 'cid': 'sha256:95be41b32d8f4905fa8f6b9cd995d088fd2bee471216abe15cae2aeab085d5e7'}",mock
0xbdf144e8e41eb034955868f0cca3131d2f67c64dc05c75e16492ce19c2ff50cc,86000,1,TicketReserved,"{'model_id': 'model_mnist_784_noniid', 'round': 2, 'ticket_id': 126, 'owner': 'acct_26'}",mock
0x7663f21d4d580b740f1cbf9a8848f6b12c738e87f92e80c63b27f3dca54efb7c,93000,1,UpdatePublished,"{'model_id': 'model_mnist_784_noniid', 'round': 2, 'ticket_id': 126, 'cid': 'sha256:a38d89a55d669b3ea8842c0c03356fa6d39f9796600ce4341d128331a508fef3'}",mock
0xf7b9d0da5231444052736eb0f51003ac5b47089c379536d7c400ad710f5230c4,86000,1,TicketReserved,"{'model_id': 'model_mnist_784_noniid', 'round': 2, 'ticket_id': 127, 'owner': 'acct_27'}",mock
0x8f6fdee41ea7be2526f9c105d030c5c9ea68f52039645ab98194e52f528b3766,93000,1,UpdatePublished,"{'model_id': 'model_mnist_784_noniid', 'round': 2, 'ticket_id': 127, 'cid': 'sha256:d422cc3149a5d3a2aa3446c040e185b2de063b7b1f1481a6c5516030b5e3d188'}",mock
0x072915ad79702a7608f8c490422b5e6676f5acd16b13910fe125396626fa2549,86000,1,TicketReserved,"{'model_id': 'model_mnist_784_noniid', 'round': 2, 'ticket_id': 128, 'owner': 'acct_28'}",mock
0x52c3b3c9900b55aad04de5c7a84140792efbc0aa243312a0078c8dc8d1f32d6c,93000,1,UpdatePublished,"{'model_id': 'model_mnist_784_noniid', 'round': 2, 'ticket_id': 128, 'cid': 'sha256:5349a6a46ac908edcc41537bfd09c2c55b1772c3a9cd28be1fbe1796bddc964c'}",mock
0x8f37c659c9e7f41c46769b142042b507d26ab0f8b7e193fc1f9b7a687e088dd5,86000,1,TicketReserved,"{'model_id': 'model_mnist_784_noniid', 'round': 2, 'ticket_id': 129, 'owner': 'acct_29'}",mock
0xb02e580129606ae739013455d5b24b99c8386c3e43a72d3211687c0c45ed51d0,93000,1,UpdatePublished,"{'model_id': 'model_mnist_784_noniid', 'round': 2, 'ticket_id': 129, 'cid': 'sha256:98c8e532172a8985091df2a41ad54d75453b2cadeb7f2e1c12ae95476826a6ec'}",mock
0x9e97c23ca1e170c3a8c3ff86867ed7e2dafe742f7e9ef840b71284a46a29bfd7,86000,1,TicketReserved,"{'model_id': 'model_mnist_784_noniid', 'round': 2, 'ticket_id': 130, 'owner': 'acct_30'}",mock
0xae18bd1cd56bf794c26aa92700320e78286c537bd3b61c843b3bc2c5d17cc446,93000,1,UpdatePublished,"{'model_id': 'model_mnist_784_noniid', 'round': 2, 'ticket_id': 130, 'cid': 'sha256:4568aa57a55c5d7280dcf6950992c91e4b53408f0a4777fb3560b27f9938eaa7'}",mock
0xec8664c417b010c6038a71fe2639d51a627d95c4a5b92636435893b5aa11ebf4,86000,1,TicketReserved,"{'model_id': 'model_mnist_784_noniid', 'round': 2, 'ticket_id': 131, 'owner': 'acct_31'}",mock
0xb4e786a26f92eea64470cb3c9ce433d3ffd29ec539f13ab45a7955153dc4bf42,93000,1,UpdatePublished,"{'model_id': 'model_mnist_784_noniid', 'round': 2, 'ticket_id': 131, 'cid': 'sha256:6652e95d43cbc16ec5d322d94c1d5bde230acc6c082df45a91b147a5f387824c'}",mock
0xf909951a2426b8c988cae3f52f2f905e3b64979af115f1c587a62de6889ef575,86000,1,TicketReserved,"{'model_id': 'model_mnist_784_noniid', 'round': 2, 'ticket_id': 132, 'owner': 'acct_32'}",mock
0x07021d725cdbf3e758e44b2f7f8ef7be47be8b5145a48bb6ef430c9815b14a34,93000,1,UpdatePublished,"{'model_id': 'model_mnist_784_noniid', 'round': 2, 'ticket_id': 132, 'cid': 'sha256:11a366a99c6a70c5e008d2ffa7171dcbc5887391bde39269d4ade50093773865'}",mock
0xcb2a2e4a83cbc7ee3ddfc8cd317c4b109b424b50de0b60263dd7a9620f8fa465,86000,1,TicketReserved,"{'model_id': 'model_mnist_784_noniid', 'round': 2, 'ticket_id': 133, 'owner': 'acct_33'}",mock
0x827cc4c9171d7aa24f0ab39196c5701cc05fa086832c65d5bd0fb9e93de800ba,93000,1,UpdatePublished,"{'model_id': 'model_mnist_784_noniid', 'round': 2, 'ticket_id': 133, 'cid': 'sha256:dcfb5370402199ecbb258d3a50bfc6dc9854d1ab94804c458af6b040b6123364'}",mock
0x74135abe38975cd25edbd016240183599aab29c4d290dad43a53bef027af975a,86000,1,TicketReserved,"{'model_id': 'model_mnist_784_noniid', 'round': 2, 'ticket_id': 134, 'owner': 'acct_34'}",mock
0xab8d8be1ae288422ec6714ecf59a89bef018b6759293b90b6212675721463f25,93000,1,UpdatePublished,"{'model_id': 'model_mnist_784_noniid', 'round': 2, 'ticket_id': 134, 'cid': 'sha256:bcbc20bae0c28c5dc836726296a8e4c0e2e42cd8d7d861f502cf6767b3c06b55'}",mock
0x66c28a0c29afbf4eec17698f7f8ce4b5d550df86d8f0010919ec34cd6acae9ae,86000,1,TicketReserved,"{'model_id': 'model_mnist_784_noniid', 'round': 2, 'ticket_id': 135, 'owner': 'acct_35'}",mock
0xc957acc99491afbc8795cfb77ac0bc3264f381bab27319dc263f148926474753,93000,1,UpdatePublished,"{'model_id': 'model_mnist_784_noniid', 'round': 2, 'ticket_id': 135, 'cid': 'sha256:c9393cd2e8586b18a8b33a3a8c0141133af5b87653e1f46c3de86d1a77188d8c'}",mock
0xcc5742853494b4610e94ace1d104648875363e0e578ae0d8618b5ac7fa4aa5be,86000,1,TicketReserved,"{'model_id': 'model_mnist_784_noniid', 'round': 2, 'ticket_id': 136, 'owner': 'acct_36'}",mock
0xb0e1c5595aa41f84e9178370c1d2ee072b62b40a24063a28bb41cf02d557dc1c,93000,1,UpdatePublished,"{'model_id': 'model_mnist_784_noniid', 'round': 2, 'ticket_id': 136, 'cid': 'sha256:3f2ab21cb8c84bbdde21ab99c3cc6031ff58945126396cd0f312a3f39b47aa14'}",mock
0x84f0d2584768033f0b512dcd2bc5573b32ea085a6f17852c5268824d53c46d2b,86000,1,TicketReserved,"{'model_id': 'model_mnist_784_noniid', 'round': 2, 'ticket_id': 137, 'owner': 'acct_37'}",mock
0xd5784628c006fff0ce16c89c4906e67613fc702b0054848ab094a0a1518bfba1,93000,1,UpdatePublished,"{'model_id': 'model_mnist_784_noniid', 'round': 2, 'ticket_id': 137, 'cid': 'sha256:435d9633a1553e541be4cb817f4edb5526d58ac6bc17ffd79fe6ce4d45e0944b'}",mock
0x2c329204b2558e887a2eb37ca5b94c40f7b58551d2e2396afa8803c0789bc878,86000,1,TicketReserved,"{'model_id': 'model_mnist_784_noniid', 'round': 2, 'ticket_id': 138, 'owner': 'acct_38'}",mock
0xdd7ee80281198522a6dd761a98b5185d5b080832352f2e42091abffbcf99328b,93000,1,UpdatePublished,"{'model_id': 'model_mnist_784_noniid', 'round': 2, 'ticket_id': 138, 'cid': 'sha256:bfd475134beddc84e54e315583b8bfa32dc396ea45f9e747c84e1eb9c8500f03'}",mock
0xd1319538e19fc2ef1e510278467176029605f530966abedc44982671fc21c34e,86000,1,TicketReserved,"{'model_id': 'model_mnist_784_noniid', 'round': 2, 'ticket_id': 139, 'owner': 'acct_39'}",mock
0x6d8c09b3ff629154432cf72a85e2e50bd32a7d767db089dd8290799e7e1bc7bf,93000,1,UpdatePublished,"{'model_id': 'model_mnist_784_noniid', 'round': 2, 'ticket_id': 139, 'cid': 'sha256:bc31f38a3ee99e81f2fee888fe9e6213259e3c78415630585fe4d1a707c3d2cb'}",mock
0xe73d01d32009b1b612a14e65163449fef173c3e5c1fab2aa5eda186498a6d387,86000,1,TicketReserved,"{'model_id': 'model_mnist_784_noniid', 'round': 2, 'ticket_id': 140, 'owner': 'acct_40'}",mock
0x3aa1915ec3cf5b8898caa7a3de2e345867045ae05e918dbfe0eae0216749bea2,93000,1,UpdatePublished,"{'model_id': 'model_mnist_784_noniid', 'round': 2, 'ticket_id': 140, 'cid': 'sha256:d965396dfa03405840da7416b325210a5238c344f7f5dc3dd0122b32a6202a60'}",mock
0x98b19c15bd7783e48c76ddb7004c45377677df2ea6ff9e4183ba1290eb6b1d3a,86000,1,TicketReserved,"{'model_id': 'model_mnist_784_noniid', 'round': 2, 'ticket_id': 141, 'owner': 'acct_41'}",mock
0x31e6c1174809db6c209944a05798fabea7997c15f1f27f181ad651d77af9c5df,93000,1,UpdatePublished,"{'model_id': 'model_mnist_784_noniid', 'round': 2, 'ticket_id': 141, 'cid': 'sha256:fe0dbc0254fad206bf154ddeeb73423fddf637f7b6ca40758834dc855cc2e08d'}",mock
0x6e9b6b57b2f2c0f0cf0cb8bade5b30e98d32f4914b737602b54b0efde8314bee,86000,1,TicketReserved,"{'model_id': 'model_mnist_784_noniid', 'round': 2, 'ticket_id': 142, 'owner': 'acct_42'}",mock
0xa87cf51bf50ebb19c498d9b3afdb41d26b1103523725e4154986e86974a37f5d,93000,1,UpdatePublished,"{'model_id': 'model_mnist_784_noniid', 'round': 2, 'ticket_id': 142, 'cid': 'sha256:64b5d09db7530231d436e619e4b3b14db4f9bf7fb5fb59037b1556a9dc373af3'}",mock
0xe96b4292b16ae7a4c96b43a0b1a58bc28c7489d3d4a6ea5590fe1ce51c9fcd46,86000,1,TicketReserved,"{'model_id': 'model_mnist_784_noniid', 'round': 2, 'ticket_id': 143, 'owner': 'acct_43'}",mock
0x35b2b9c35bc702e6c30df63ee96a42729ded5e28b28e910ea945e34fda0ffd0a,93000,1,UpdatePublished,"{'model_id': 'model_mnist_784_noniid', 'round': 2, 'ticket_id': 143, 'cid': 'sha256:ffb0b85758de3345bedc2d836c673fecabd8f7462423b98ad8ff7a938ceaa329'}",mock
0x61f290fc0510dbc10130921ca05cb47d31b6210ec112e01ba4691eb29edbd34c,86000,1,TicketReserved,"{'model_id': 'model_mnist_784_noniid', 'round': 2, 'ticket_id': 144, 'owner': 'acct_44'}",mock
0xc4673a43828ba929023d2145a229531c0b368acc898ee915d7509add21483e07,93000,1,UpdatePublished,"{'model_id': 'model_mnist_784_noniid', 'round': 2, 'ticket_id': 144, 'cid': 'sha256:316edd6c7825f2f7060197d7a94813adcda60aa3ea1c9d75195728aec9ab1a6d'}",mock
0x2be406384e8a246b9e3f542ab185c799720666f102ff34f55b4def916babd209,86000,1,TicketReserved,"{'model_id': 'model_mnist_784_noniid', 'round': 2, 'ticket_id': 145, 'owner': 'acct_45'}",mock
0xd044e9295ab65b081bc31bbc5addde0962ef225bee0d709796b4dbcff4432f30,93000,1,UpdatePublished,"{'model_id': 'model_mnist_784_noniid', 'round': 2, 'ticket_id': 145, 'cid': 'sha256:24272e2967b83b73c0ff344eee8766b9c9670bec00d8e380c221dacb3891094b'}",mock
0x1d91cd076f1a2f44a29832aa5fe0ff50cd8bbdd51c81ba36257b2f02f39b59e4,86000,1,TicketReserved,"{'model_id': 'model_mnist_784_noniid', 'round': 2, 'ticket_id': 146, 'owner': 'acct_46'}",mock
0x143ce55b6017c1232878449e199e68075be165b5b13b909846d8cda65455616a,93000,1,UpdatePublished,"{'model_id': 'model_mnist_784_noniid', 'round': 2, 'ticket_id': 146, 'cid': 'sha256:a5b9625ece90baeb3b81ed30a2e322d019af5f2d7d23db41838ddb54dd54580e'}",mock
0xc137e77caec2be19caf0adf83dc2f98ec4412fa51fa4a81373c2a23dad76fe2d,86000,1,TicketReserved,"{'model_id': 'model_mnist_784_noniid', 'round': 2, 'ticket_id': 147, 'owner': 'acct_47'}",mock
0xbaf833378591d2717adf1c1f2bac5c8e3376bd4448a73350b423714a49de2e81,93000,1,UpdatePublished,"{'model_id': 'model_mnist_784_noniid', 'round': 2, 'ticket_id': 147, 'cid': 'sha256:37e51be6edbd541d114803452e1e557407c92bb13b32d47b20e073be91a676db'}",mock
0xe3dd536b4a038001723b85b4b35611f604d7cafeaf249de9b6bfab3949e2b298,86000,1,TicketReserved,"{'model_id': 'model_mnist_784_noniid', 'round': 2, 'ticket_id': 148, 'owner': 'acct_48'}",mock
0x2991a736274c8ad6accbd1a4cbd9b41f8a0d09291fdbeb6902466c05934f5d0a,93000,1,UpdatePublished,"{'model_id': 'model_mnist_784_noniid', 'round': 2, 'ticket_id': 148, 'cid': 'sha256:8beeced2ca3b3ce76dc634a5398367b416326e2028ebfc9584f5690b5b48c86f'}",mock
0x9d6cccba8cc68455b0bb1dc15fc9234ebc99fb0b8930a1f8c9210d85c90e59c7,86000,1,TicketReserved,"{'model_id': 'model_mnist_784_noniid', 'round': 2, 'ticket_id': 149, 'owner': 'acct_49'}",mock
0xce98aab725085e5f0d6382aa6fdc0fb03fe58dcbfc42310bb2d6c13e913b50e8,93000,1,UpdatePublished,"{'model_id': 'model_mnist_784_noniid', 'round': 2, 'ticket_id': 149, 'cid': 'sha256:8630f0612f15e6a1fbc4cb9c36b26d105eb2648c9365d4b27f705c64488df399'}",mock
0xe1cf16c5f8cdd806d9eb6669423133c6be60a5c4eeee0f014a94a44266f24562,86000,1,TicketReserved,"{'model_id': 'model_mnist_784_noniid', 'round': 2, 'ticket_id': 150, 'owner': 'acct_50'}",mock
0x75d5b60ad7669c9fd027782dffd1c752217b53876b2a9e10bee277cbc148abec,93000,1,UpdatePublished,"{'model_id': 'model_mnist_784_noniid', 'round': 2, 'ticket_id': 150, 'cid': 'sha256:085141e054f904da1c8b57561d59fc22c2718ff4e83fbfaec73204963751e29f'}",mock
0x612036083b049ad590602f85c2627498fc1edcdf0f0976a5329d3a1f0d5ec021,1005000,1,RoundFinalized,"{'model_id': 'model_mnist_784_noniid', 'round': 2, 'included': 44, 'refunds': 44}",mock
0x11fc22b024ca9a64b7f76a8704091c61cf2315ba1ffbd2634b2b282c182ba2a3,52000,1,RoundFunded,"{'model_id': 'model_mnist_784_noniid', 'amount_wei': 10000000000000000}",mock
0x4df54672b88db7b16bd07334ca0b622a87a3780120fd076e670f38529c42f1e9,86000,1,TicketReserved,"{'model_id': 'model_mnist_784_noniid', 'round': 3, 'ticket_id': 151, 'owner': 'acct_1'}",mock
0xc377a3fc757fa5475ac21cc4fdf9a3c78759419f1c498ec1ac109e6e15e32560,93000,1,UpdatePublished,"{'model_id': 'model_mnist_784_noniid', 'round': 3, 'ticket_id': 151, 'cid': 'sha256:5b6156ef9482721beb65f3aa4eb34d4043d737ca2761185acbe1a5821be3b0aa'}",mock
0x04148c2fb0d6b708c71a8ef440420f9877024be1a89454309906e801bb9ae817,86000,1,TicketReserved,"{'model_id': 'model_mnist_784_noniid', 'round': 3, 'ticket_id': 152, 'owner': 'acct_2'}",mock
0xacd7ff7da63b789cac713a3697702e6770507d6592f041bd2f840622d09e1964,93000,1,UpdatePublished,"{'model_id': 'model_mnist_784_noniid', 'round': 3, 'ticket_id': 152, 'cid': 'sha256:f786caca8522681be4d5d55f9d6c43396a1c270a0cd9e7e4b75217a0f7a88648'}",mock
0x77d75da3d94a136ffb0ab5dc86018149f90e5005781bbb00a88bc836599400cb,86000,1,TicketReserved,"{'model_id': 'model_mnist_784_noniid', 'round': 3, 'ticket_id': 153, 'owner': 'acct_3'}",mock
0x82f434b082e05def456a3a57de5f5edc191e67fda89c7f9c9d976fa5511db801,93000,1,UpdatePublished,"{'model_id': 'model_mnist_784_noniid', 'round': 3, 'ticket_id': 153, 'cid': 'sha256:a956755a71f11b4b17379defcb478c2327ef08e1fd1ebc1d2884b1a3bb828476'}",mock
0xe66049b1984b644ecc646f77d3f11fb862baeb19b4836b1add34825e0408eaf9,86000,1,TicketReserved,"{'model_id': 'model_mnist_784_noniid', 'round': 3, 'ticket_id': 154, 'owner': 'acct_4'}",mock
0x3f1901849765c7a83cacd7af42b617243a3c45886ced1c071658cf091b864a5c,93000,1,UpdatePublished,"{'model_id': 'model_mnist_784_noniid', 'round': 3, 'ticket_id': 154, 'cid': 'sha256:7e5a1e3bfe32ddbe0e4ec1e060940a980c176d7800839ed4603d8f6cc1ed582b'}",mock
0x84f8556a3f391065089c068006d314c68bf7b984cee3b5927cece1448b0d9968,86000,1,TicketReserved,"{'model_id': 'model_mnist_784_noniid', 'round': 3, 'ticket_id': 155, 'owner': 'acct_5'}",mock
0x02f5fdd84cb3c605046c7c80019adaa98ed21a0ccd9d5cde335a8f868914da73,93000,1,UpdatePublished,"{'model_id': 'model_mnist_784_noniid', 'round': 3, 'ticket_id': 155, 'cid': 'sha256:6931a878a61b26866ae3199054ac105759db52a91a4e101a416ae389ebe27c6c'}",mock
0xafeaefbc1ca2807629cc22cfb1a7fd8698d7da90485d2d34c4bff4e05d3f8d85,86000,1,TicketReserved,"{'model_id': 'model_mnist_784_noniid', 'round': 3, 'ticket_id': 156, 'owner': 'acct_6'}",mock
0x2d1c517c552d5170a26bb0ac7cfeb40a1ae80a17ffe3f7e3d44116b38b6472b5,93000,1,UpdatePublished,"{'model_id': 'model_mnist_784_noniid', 'round': 3, 'ticket_id': 156, 'cid': 'sha256:ea898d52557ae7732829ae23c388b640c0892191384f5bde914cf0439c8fc64f'}",mock
0x92cc417dcee8eb3a7c12646061688e854cca74a4020076a8f0ae5032a2130ef9,86000,1,TicketReserved,"{'model_id': 'model_mnist_784_noniid', 'round': 3, 'ticket_id': 157, 'owner': 'acct_7'}",mock
0x8c47eebea0aeae96ab77088f42438450ef7c40220a807b299c89e482933209c1,93000,1,UpdatePublished,"{'model_id': 'model_mnist_784_noniid', 'round': 3, 'ticket_id': 157, 'cid': 'sha256:54e9f22c7d29d89ba807040e23948745d21c2f2817d69ee61a39e52bb1ae4bf5'}",mock
0xdefe0489ff36da73f8314720e5e815973783ee6dbfd8b4dbf064d8445702b77d,86000,1,TicketReserved,"{'model_id': 'model_mnist_784_noniid', 'round': 3, 'ticket_id': 158, 'owner': 'acct_8'}",mock
0xf97848be16718e73c50a7f35c4bfb6f56ac16517974ab5633e33192eb75e508d,93000,1,UpdatePublished,"{'model_id': 'model_mnist_784_noniid', 'round': 3, 'ticket_id': 158, 'cid': 'sha256:dea853fab8cb93d73fe47369b0379892ec46c9526465ae4ddc143c30f1f402f9'}",mock
0xaa66692a2c7a9a4994177ca61e01196a412f8c2622db832934d1b39df82061d3,86000,1,TicketReserved,"{'model_id': 'model_mnist_784_noniid', 'round': 3, 'ticket_id': 159, 'owner': 'acct_9'}",mock
0xcbbba33f1b38027f15cbfd0be9bd22cedaf28e8372f45355a9e5a6b5baf3e9f7,93000,1,UpdatePublished,"{'model_id': 'model_mnist_784_noniid', 'round': 3, 'ticket_id': 159, 'cid': 'sha256:7690237569548efb2db75cf702eb5691e88a6fb326a21bd25bbea9d68c2eadb6'}",mock
0x63468b6576611a4654834a490d7df5bcd6006af2e1edafce085c9601a3f0e597,86000,1,TicketReserved,"{'model_id': 'model_mnist_784_noniid', 'round': 3, 'ticket_id': 160, 'owner': 'acct_10'}",mock
0x7472ca1a05a2308cd187f5ee7c57c27a12f312c9eae95e701a5727777f8f525d,93000,1,UpdatePublished,"{'model_id': 'model_mnist_784_noniid', 'round': 3, 'ticket_id': 160, 'cid': 'sha256:6c1f8736fb71edc3b0c4b6507a79c3ef25a3b8b55351205bb0275821b3404634'}",mock
0x29f08f1b8ca90f31b8de9c6af6cc94c75f70aa99fdced10459bbed238dbf62ad,86000,1,TicketReserved,"{'model_id': 'model_mnist_784_noniid', 'round': 3, 'ticket_id': 161, 'owner': 'acct_11'}",mock
0x5dc077b0db22f8a7e14197a6ef4f7c1529cb59945fc1dfb0255371ac37097663,93000,1,UpdatePublished,"{'model_id': 'model_mnist_784_noniid', 'round': 3, 'ticket_id': 161, 'cid': 'sha256:cfaf01d0ad06039605ffcb8ee3afd161afdad262ffbd948a89231000e4249004'}",mock
0xe3d62a1562ee9911355d740627e71b5b1237b695692247042d098777f7dae2d0,86000,1,TicketReserved,"{'model_id': 'model_mnist_784_noniid', 'round': 3, 'ticket_id': 162, 'owner': 'acct_12'}",mock
0xfc29ca7a8cdbc81f1a8b788a173dec5aa607a9aa8c67916bebcd95eb97dda7d1,93000,1,UpdatePublished,"{'model_id': 'model_mnist_784_noniid', 'round': 3, 'ticket_id': 162, 'cid': 'sha256:2c780904b58b363916747d5f98c217c686d38c9f77a855f14c230720308eeb77'}",mock
0x133dab58f31be98f6564a56bd641a1f65de7934d721f1af3d17a1b645a1aff1c,86000,1,TicketReserved,"{'model_id': 'model_mnist_784_noniid', 'round': 3, 'ticket_id': 163, 'owner': 'acct_13'}",mock
0x05c1b77380217796dd9974c2a2f96a668ab5eddd7eab357eff85733216059942,93000,1,UpdatePublished,"{'model_id': 'model_mnist_784_noniid', 'round': 3, 'ticket_id': 163, 'cid': 'sha256:293d1af163380d31bef930599393cc5a625986432a0abed69c754056f691cedd'}",mock
0xfdfa12cd78af86a5fea4d9f16c67fa09c3e923db2e62e58fe55c151237defd5b,86000,1,TicketReserved,"{'model_id': 'model_mnist_784_noniid', 'round': 3, 'ticket_id': 164, 'owner': 'acct_14'}",mock
0xef3c768235b2d2b0594ded7935fa7c1e3677c3f11e225a7cfdb73f5dc26b1a27,93000,1,UpdatePublished,"{'model_id': 'model_mnist_784_noniid', 'round': 3, 'ticket_id': 164, 'cid': 'sha256:dde46db4be61de94a4ca71160be68e32dd93993dc7a45bb6c018fa8bd5f14651'}",mock
0x57f0e54fa226c9845e9e64b3acc2c3273e5a9249ba82da12c8315903fbbb17b9,86000,1,TicketReserved,"{'model_id': 'model_mnist_784_noniid', 'round': 3, 'ticket_id': 165, 'owner': 'acct_15'}",mock
0xc72170b78bec02b3bffe6c27c6494867b3f5baadd595c5e5dea3b63bbd8ac550,93000,1,UpdatePublished,"{'model_id': 'model_mnist_784_noniid', 'round': 3, 'ticket_id': 165, 'cid': 'sha256:580cee008d8c86b822797eb076e9f658b1df077d26bc108640ab11614bbde97a'}",mock
0x459d038fb79591daa04f4c2f3cff211fa9ad8a917797980da9a696882de8eb29,86000,1,TicketReserved,"{'model_id': 'model_mnist_784_noniid', 'round': 3, 'ticket_id': 166, 'owner': 'acct_16'}",mock
0x7f858936e12b6e3e292328947fd186eced018a8f60b7d1057a44f92344a871db,93000,1,UpdatePublished,"{'model_id': 'model_mnist_784_noniid', 'round': 3, 'ticket_id': 166, 'cid': 'sha256:b6b32f82ffb445a078a4ea0881c3a1a9d40c7954f6869531d843051f794ecc74'}",mock
0xc11a0a29cbdfb71986d1f08fb8b49669ac82496ec12e94a96e600f3692935aeb,86000,1,TicketReserved,"{'model_id': 'model_mnist_784_noniid', 'round': 3, 'ticket_id': 167, 'owner': 'acct_17'}",mock
0xc90ba21d1bf31313cd76af7d4034a9e604d9d8011da4db1ddbf9818239576518,93000,1,UpdatePublished,"{'model_id': 'model_mnist_784_noniid', 'round': 3, 'ticket_id': 167, 'cid': 'sha256:0e671f087d33ad61e2c742ba4d3afbfc0c7e485c98fcea2e4b6ba1b858579f98'}",mock
0x64e9c447e25a1fb8b5641e4c1224266aa4c83931c3b56d347eee7d883bcc4187,86000,1,TicketReserved,"{'model_id': 'model_mnist_784_noniid', 'round': 3, 'ticket_id': 168, 'owner': 'acct_18'}",mock
0x5a2cf0dad250ac8759f5b9f49977f061855f8cd246ee96b209bba81d5a39509d,93000,1,UpdatePublished,"{'model_id': 'model_mnist_784_noniid', 'round': 3, 'ticket_id': 168, 'cid': 'sha256:4db682bd5f2fbabad03cd0183439e381a9fe5d750bb084c409ecc42247dbaf8f'}",mock
0x4c0d330aed59dbe7822db53e277bd760ca3145f668189b720d747af1658638b7,86000,1,TicketReserved,"{'model_id': 'model_mnist_784_noniid', 'round': 3, 'ticket_id': 169, 'owner': 'acct_19'}",mock
0xd52172dd5f767327abb91bea51332534f55261870fba10213c472b52b52eb9eb,93000,1,UpdatePublished,"{'model_id': 'model_mnist_784_noniid', 'round': 3, 'ticket_id': 169, 'cid': 'sha256:46f45fdee6436962135fb1784325d175afe47d3cb52a6dd449c4f09b3a04aaef'}",mock
0xa4641af0eb499537b68d9959fb39cc037ed75d3f59eee77bc14595f0394dd1ef,86000,1,TicketReserved,"{'model_id': 'model_mnist_784_noniid', 'round': 3, 'ticket_id': 170, 'owner': 'acct_20'}",mock
0x57fe0edc5196316e50ae94f64d3da536cce3f2727f21c9f05ab44f763f7c593f,93000,1,UpdatePublished,"{'model_id': 'model_mnist_784_noniid', 'round': 3, 'ticket_id': 170, 'cid': 'sha256:3e2c0d4548ac8d8aeacbc7a791054d0765681526e1d8b0870c2ab0cd73aa69c0'}",mock
0x8e72b1bf59095909aa90c263e92a9a2462e486c7a6fa492d1ff32353d59f4220,86000,1,TicketReserved,"{'model_id': 'model_mnist_784_noniid', 'round': 3, 'ticket_id': 171, 'owner': 'acct_21'}",mock
0xf27f7690b75d59477d04cb87b99efe092aaed55d98897d77bca77fbac3cb37eb,93000,1,UpdatePublished,"{'model_id': 'model_mnist_784_noniid', 'round': 3, 'ticket_id': 171, 'cid': 'sha256:4c1c010606b4fb381024e654d1c304f765c398d5cde5dad2ebe1c95a7935fa48'}",mock
0x82dad3300c25e2a4647306c622a882ac19dda975a11c68ced86e36d99e079f1b,86000,1,TicketReserved,"{'model_id': 'model_mnist_784_noniid', 'round': 3, 'ticket_id': 172, 'owner': 'acct_22'}",mock
0x2a09be07a496441eca2e552e7b4e95e076fe09753a7e67b8710f0e647ff53918,93000,1,UpdatePublished,"{'model_id': 'model_mnist_784_noniid', 'round': 3, 'ticket_id': 172, 'cid': 'sha256:0b059957beaa76b58031440e8bdc591cfd8c94cfa63021fda9e0f5a34d65f1ce'}",mock
0xdda08fd5a10d83d4b4408feced117ea4b5965f31f9275414229bd3d42d00e2e9,86000,1,TicketReserved,"{'model_id': 'model_mnist_784_noniid', 'round': 3, 'ticket_id': 173, 'owner': 'acct_23'}",mock
0x421935b9bae281d61d23bb2f8be84e1109458e3b213c1ec3694565f82a16bf97,93000,1,UpdatePublished,"{'model_id': 'model_mnist_784_noniid', 'round': 3, 'ticket_id': 173, 'cid': 'sha256:316ec1e2bf11aaca3851ac86dc7a0edcd6419815218ddff014afc536a9a99ebd'}",mock
0x1b05ab46969cf1327ed868ea608fd7284df6f4a60666ab9dc81e4f38b95a922a,86000,1,TicketReserved,"{'model_id': 'model_mnist_784_noniid', 'round': 3, 'ticket_id': 174, 'owner': 'acct_24'}",mock
0xbe8d5954d925a1b33cd6bfc5221e3d4e6f505429382ac715d4377b9927421c2c,93000,1,UpdatePublished,"{'model_id': 'model_mnist_784_noniid', 'round': 3, 'ticket_id': 174, 'cid': 'sha256:3f8d34c954afe42a3bea7472c1453dc42deb70a5f051eeda12ea4fdcd0d43585'}",mock
0xf30d79f55750171330ab57aebbaa3f115efdac98eb5586c038950085bb8fd526,86000,1,TicketReserved,"{'model_id': 'model_mnist_784_noniid', 'round': 3, 'ticket_id': 175, 'owner': 'acct_25'}",mock
0xd483c038f9a607f49cf41e187a4fee895e3740d653860dc85cecdc12ffe09023,93000,1,UpdatePublished,"{'model_id': 'model_mnist_784_noniid', 'round': 3, 'ticket_id': 175, 'cid': 'sha256:31ac704f254c16991ce76116284b3a27b3e98feb0cb447802e1aee18f4f4b108'}",mock
0xd6015f549a294fe9fa75ccd52e015d425c3710a726b8c57cc1f54b147d544895,86000,1,TicketReserved,"{'model_id': 'model_mnist_784_noniid', 'round': 3, 'ticket_id': 176, 'owner': 'acct_26'}",mock
0x2d1ba9672b68975d4b6de922cb129ac4ea96b97af5b296a65140c91f6af23381,93000,1,UpdatePublished,"{'model_id': 'model_mnist_784_noniid', 'round': 3, 'ticket_id': 176, 'cid': 'sha256:f6d16b2727796139552c8baee2903d8ebf297481ca223e19e1c48b6158cc7fa7'}",mock
0x317fc14d470c1e590ce1d4861f684f7c66298c390a511131c6898fcb3125ac5e,86000,1,TicketReserved,"{'model_id': 'model_mnist_784_noniid', 'round': 3, 'ticket_id': 177, 'owner': 'acct_27'}",mock
0x1dcead818383d66a03b2092e22a50309b8da15422722c9133cff746f8411b300,93000,1,UpdatePublished,"{'model_id': 'model_mnist_784_noniid', 'round': 3, 'ticket_id': 177, 'cid': 'sha256:18290aeb3c1cb6a64d95c3a3282477a9e93c792e6bf4cc807f163effe02625e3'}",mock
0x5e2238582a5ac96c6b37bb9418e4485e017a74d0ee2a72d70c5acf0d262c891c,86000,1,TicketReserved,"{'model_id': 'model_mnist_784_noniid', 'round': 3, 'ticket_id': 178, 'owner': 'acct_28'}",mock
0x4ef5c5438c5669398fdeea9d065908a2436fa0cfd78d703d7fbaa11f59144701,93000,1,UpdatePublished,"{'model_id': 'model_mnist_784_noniid', 'round': 3, 'ticket_id': 178, 'cid': 'sha256:c7cc570a50b540c3cf43e459842cef8336a258c76fc46792dafaaa4ce3d0a002'}",mock
0x7493559b46303576c1b538d406ccb2c9871ca8df4c24a577df84646c03910cd2,86000,1,TicketReserved,"{'model_id': 'model_mnist_784_noniid', 'round': 3, 'ticket_id': 179, 'owner': 'acct_29'}",mock
0xc2f8330b27021573b1aa35cff08af64010f0ba0419ece31ccfbec39746e1ed06,93000,1,UpdatePublished,"{'model_id': 'model_mnist_784_noniid', 'round': 3, 'ticket_id': 179, 'cid': 'sha256:7afd864094471bd188674e27ddd3f646972f345c339f59420d2ef2a7f1216de3'}",mock
0xe345751f0ccbfd007a8d8930bb1322f2f82e91d2eae9f1f6512904e3b4da942b,86000,1,TicketReserved,"{'model_id': 'model_mnist_784_noniid', 'round': 3, 'ticket_id': 180, 'owner': 'acct_30'}",mock
0x4b83aaa21da851ce6f5f002fbf294654501cc099f5714bee0b2abfb6fa9b223b,93000,1,UpdatePublished,"{'model_id': 'model_mnist_784_noniid', 'round': 3, 'ticket_id': 180, 'cid': 'sha256:f5f070b2aa8ffbdd20d95f84eb4cf4f653f89ceb687a017015dfdde99ef85e5e'}",mock
0x631324d290efadd8f54917c8b8397317c918741ee8a494e9a49190d8fc356fe2,86000,1,TicketReserved,"{'model_id': 'model_mnist_784_noniid', 'round': 3, 'ticket_id': 181, 'owner': 'acct_31'}",mock
0x0abfb56f64d8174ca74eb3796922bc431db76ca5711a5fc36b9e018d07c0ecd1,93000,1,UpdatePublished,"{'model_id': 'model_mnist_784_noniid', 'round': 3, 'ticket_id': 181, 'cid': 'sha256:b4d2f7ad99bc1e3731560666a3fef7781e46f42adae06fa507cac0680746cfd8'}",mock
0xcb6ecdb32d59304669d7f9c88d774295f2e17a1bc1a2003787be81cff7f2987b,86000,1,TicketReserved,"{'model_id': 'model_mnist_784_noniid', 'round': 3, 'ticket_id': 182, 'owner': 'acct_32'}",mock
0xbc2c5a9a88cf77423acab8906ab80ae8aef6e33b27dee354d0c530fe4ba80c9b,93000,1,UpdatePublished,"{'model_id': 'model_mnist_784_noniid', 'round': 3, 'ticket_id': 182, 'cid': 'sha256:4281588dc963e4943136e3f8a7c1ca72d289cfa2e14905d2035847c8aee0e5d2'}",mock
0xa30f50444ac1919cc33c566b0521ba3bd414bf958c99b1e7b41411c52108293b,86000,1,TicketReserved,"{'model_id': 'model_mnist_784_noniid', 'round': 3, 'ticket_id': 183, 'owner': 'acct_33'}",mock
0x24c67a73e2f0edab4489055a69423f663865e80ff0b762ed39b9dec57170df25,93000,1,UpdatePublished,"{'model_id': 'model_mnist_784_noniid', 'round': 3, 'ticket_id': 183, 'cid': 'sha256:04b523fd969f34c7979349bbb3db202355885689463f2ce0fd31b5c235f93ba2'}",mock
0xf20a704c3cbec275d127a517cc3788bdb3861483fde849b2c88b7f52ee8b2c66,86000,1,TicketReserved,"{'model_id': 'model_mnist_784_noniid', 'round': 3, 'ticket_id': 184, 'owner': 'acct_34'}",mock
0x33fb21bb6527a4e48c61283056f6fa3bc74d50aeedc8419b1a17ca42cb8fb163,93000,1,UpdatePublished,"{'model_id': 'model_mnist_784_noniid', 'round': 3, 'ticket_id': 184, 'cid': 'sha256:d929443e5e45b9e8513682b8f757c02b299989ae9c0163db59f5ce1a67e48590'}",mock
0x909a2cfbd7fd1bcc4c0ac46a082f8ac4fd2318c86b1e70f2ceb53166026e4577,86000,1,TicketReserved,"{'model_id': 'model_mnist_784_noniid', 'round': 3, 'ticket_id': 185, 'owner': 'acct_35'}",mock
0xce2ec8a289e8601d0c27e615050e1ced40040c5d6c4d2be1b696bb4c03882cc3,93000,1,UpdatePublished,"{'model_id': 'model_mnist_784_noniid', 'round': 3, 'ticket_id': 185, 'cid': 'sha256:886ecf65bc95c7ed7bf349bbf907def31e6f68dd23a0aab06d5dde130b1f1812'}",mock
0xb413be74b130138dbe7bb62139dc6e6968a276394a5723ab04d2a2dad9c18192,86000,1,TicketReserved,"{'model_id': 'model_mnist_784_noniid', 'round': 3, 'ticket_id': 186, 'owner': 'acct_36'}",mock
0x042303129b7ad60c7207aede58ab5057abb040956e395bc4a9dcc14788565c03,93000,1,UpdatePublished,"{'model_id': 'model_mnist_784_noniid', 'round': 3, 'ticket_id': 186, 'cid': 'sha256:6b31b0150ed2b990ef71958f519f965d63e1db5ec9bfb8b0019584dd83a29eb8'}",mock
0x62e4a65a9434f9ef21de49da31b89da1504d9f3d17cf657b91e3eeb68fcaad2c,86000,1,TicketReserved,"{'model_id': 'model_mnist_784_noniid', 'round': 3, 'ticket_id': 187, 'owner': 'acct_37'}",mock
0x5fcb39499217c741d0cbcc65e0fe79083aff5bc87dedc67aa638489df3c875ab,93000,1,UpdatePublished,"{'model_id': 'model_mnist_784_noniid', 'round': 3, 'ticket_id': 187, 'cid': 'sha256:e14e821f3a757234cc1fb826813daf402314fcc4d42ed8766b4a481b3ecc673c'}",mock
0x714c0622544943d75e7e1efdacd7628a90757406d62d64c3537ae668610e2862,86000,1,TicketReserved,"{'model_id': 'model_mnist_784_noniid', 'round': 3, 'ticket_id': 188, 'owner': 'acct_38'}",mock
0x286ec2b56e58677ca74def21768c6f573590482d35daae241fac03b2ca52bc8b,93000,1,UpdatePublished,"{'model_id': 'model_mnist_784_noniid', 'round': 3, 'ticket_id': 188, 'cid': 'sha256:aea38c0c65953797b6f7e6a19be265df0fb75efe59dc836465889cf1cd69d2bf'}",mock
0xeae6d84b2f94e8c6800e545a5719ba7076d6353710cefe7d7bf86971e7dde098,86000,1,TicketReserved,"{'model_id': 'model_mnist_784_noniid', 'round': 3, 'ticket_id': 189, 'owner': 'acct_39'}",mock
0xdc30c3f46b5b6b07bea46545a4e7677d94d6bd892124a37c2cd918f86966452b,93000,1,UpdatePublished,"{'model_id': 'model_mnist_784_noniid', 'round': 3, 'ticket_id': 189, 'cid': 'sha256:e955b8d26d3841d344c82b26de845b0ea080cc0026bc15417f46d13d4c74e6a0'}",mock
0xc827d90812800a3502638cd721c77252e9e3695133322fa191397ae11b8fca95,86000,1,TicketReserved,"{'model_id': 'model_mnist_784_noniid', 'round': 3, 'ticket_id': 190, 'owner': 'acct_40'}",mock
0x7711dae4c86d03382a4f5444e98ba185e52dd46f2c9ff4ed3b9e12bfc5433630,93000,1,UpdatePublished,"{'model_id': 'model_mnist_784_noniid', 'round': 3, 'ticket_id': 190, 'cid': 'sha256:3386ee4a0c6965a12045f81772d2e55b6f98e1274d8f31c09f464d4e17e4dcbe'}",mock
0x2db8228e0fae17471e669a9745a16b1a13b0441ebedce7022591c1f9af8b7bba,86000,1,TicketReserved,"{'model_id': 'model_mnist_784_noniid', 'round': 3, 'ticket_id': 191, 'owner': 'acct_41'}",mock
0xe3e4a5229d1943b25f8e33765009362713936f1eeaf21a692ef045ad5e023871,93000,1,UpdatePublished,"{'model_id': 'model_mnist_784_noniid', 'round': 3, 'ticket_id': 191, 'cid': 'sha256:99cd3ab32284fa04c5e49a195cc618c980a18aafd577fcf81a23b4a1587fc182'}",mock
0x75acdc1c6ac29be7ff671383439c47f486e213518dfad4a30804938e04a991f6,86000,1,TicketReserved,"{'model_id': 'model_mnist_784_noniid', 'round': 3, 'ticket_id': 192, 'owner': 'acct_42'}",mock
0x09ad79e889cd58d5d06a9b66577df2fa2fe233d97bea185d1a3e8e4b91fd635b,93000,1,UpdatePublished,"{'model_id': 'model_mnist_784_noniid', 'round': 3, 'ticket_id': 192, 'cid': 'sha256:ad11a397315bcee661fda46db4635caff2eeec1759e5c01be94177f94106a54d'}",mock
0x585cea3d9f3f4d95bee80bc54073f2eff6234526db46d87abe9ad86be1912388,86000,1,TicketReserved,"{'model_id': 'model_mnist_784_noniid', 'round': 3, 'ticket_id': 193, 'owner': 'acct_43'}",mock
0xe11d0557d74ae029a18076ebbe3c8e9f1ba6fddb93090e587e2bf0f06aaf5b3a,93000,1,UpdatePublished,"{'model_id': 'model_mnist_784_noniid', 'round': 3, 'ticket_id': 193, 'cid': 'sha256:156943906fcfb6fa7330a9bdcfa3ec768a4360f400fe55ef185be5b044dccdc6'}",mock
0xd93b092cca04e537a2f78018d793260f5e4597c598e3af81a7b66aa8bf4b00d5,86000,1,TicketReserved,"{'model_id': 'model_mnist_784_noniid', 'round': 3, 'ticket_id': 194, 'owner': 'acct_44'}",mock
0x82e38853dfff1c5b1ab3d2f74d2365a8f32a21675b817674c3437787ad5da7ab,93000,1,UpdatePublished,"{'model_id': 'model_mnist_784_noniid', 'round': 3, 'ticket_id': 194, 'cid': 'sha256:a24679cebebcb9faa601ec664555b69560441572518d69ef205e15dabd0ec491'}",mock
0x2d317067ef5a0e2eab557a197b082f99bd4b1e3b911968bf33606db8386ecf5c,86000,1,TicketReserved,"{'model_id': 'model_mnist_784_noniid', 'round': 3, 'ticket_id': 195, 'owner': 'acct_45'}",mock
0x52c1c2cca45deb197aade9420354c66d7380a863c3582441026599a693b56f44,93000,1,UpdatePublished,"{'model_id': 'model_mnist_784_noniid', 'round': 3, 'ticket_id': 195, 'cid': 'sha256:38a11d891eb5545e3c12fd26ea2c33503460c1506ae807cd37d0bae16e9b518d'}",mock
0xd2ebbad8d1fb57a865ede35cd813c08b142160bb32d72328fde49987722262c5,86000,1,TicketReserved,"{'model_id': 'model_mnist_784_noniid', 'round': 3, 'ticket_id': 196, 'owner': 'acct_46'}",mock
0xf1ce311eec492d7840459df9a9aa9b2786d21b7228b2e4f15c08fae83d7fc606,93000,1,UpdatePublished,"{'model_id': 'model_mnist_784_noniid', 'round': 3, 'ticket_id': 196, 'cid': 'sha256:7a8ebd7530f27d9b64cf0795ab73969f117df5b7c79a1932459b80742bc6c378'}",mock
0x1862e5c2f1629c783d033d414d8fa0cce5b43773439c832f5cccc41852b99eee,86000,1,TicketReserved,"{'model_id': 'model_mnist_784_noniid', 'round': 3, 'ticket_id': 197, 'owner': 'acct_47'}",mock
0x51036d2ec79608c5aa011b86998d2bf1665aa0eabb16a1f5fe526bb212cc8764,93000,1,UpdatePublished,"{'model_id': 'model_mnist_784_noniid', 'round': 3, 'ticket_id': 197, 'cid': 'sha256:d4259c87ac63fbb7bf303784663d8c866a15b35b4715bd9cc4aa3a37a399480b'}",mock
0x0dc95b03421d82e1c1e9df69cf85db5e41d351ac62354e1f6213173a3f1bafac,86000,1,TicketReserved,"{'model_id': 'model_mnist_784_noniid', 'round': 3, 'ticket_id': 198, 'owner': 'acct_48'}",mock
0x9d17ad9019be41f7df2f99e75d63ba169baebb84d689e4cea83133260ecbf342,93000,1,UpdatePublished,"{'model_id': 'model_mnist_784_noniid', 'round': 3, 'ticket_id': 198, 'cid': 'sha256:cd0f8d958ecbdf480818c504a4a66b65fbd3b03ad274ad8c16c0fd4bdadfa571'}",mock
0x710304e9d02e2469db53eab5bb51c9ebf8f70f1f7799dd56f72f9fbe3cbfc428,86000,1,TicketReserved,"{'model_id': 'model_mnist_784_noniid', 'round': 3, 'ticket_id': 199, 'owner': 'acct_49'}",mock
0x0f7856457f899da8135f03439e4c8b53d08ac96792c9abb820d6535a3822db12,93000,1,UpdatePublished,"{'model_id': 'model_mnist_784_noniid', 'round': 3, 'ticket_id': 199, 'cid': 'sha256:7a0dcb967b059b7e4274bd8a8196e05cb7686849c2f08530ee22ba9d20ba46c3'}",mock
0x8e2436e3cd87e82dffb733667bc674cdcb46f93cc65bad61efd2084955d18ba6,86000,1,TicketReserved,"{'model_id': 'model_mnist_784_noniid', 'round': 3, 'ticket_id': 200, 'owner': 'acct_50'}",mock
0xaf00f533a3ef77eddbdf91e6508eabac62f57cbca0efa9ffeb3551a3153d36db,93000,1,UpdatePublished,"{'model_id': 'model_mnist_784_noniid', 'round': 3, 'ticket_id': 200, 'cid': 'sha256:18c77e6fff27536deec5db1d26ba54e1b087e0571f0436f70b75631d02944d3a'}",mock
0xaf63c46ac6b4d94db4dda9d47812e5fc1649f22a70a9a6ea4e1ed1c871dc3b26,1085000,1,RoundFinalized,"{'model_id': 'model_mnist_784_noniid', 'round': 3, 'included': 48, 'refunds': 48}",mock
0x534fa8afa5610ab4146e67acfb1da1e87951a5d567dd1aea2dc5dad7263666b3,52000,1,RoundFunded,"{'model_id': 'model_mnist_784_noniid', 'amount_wei': 10000000000000000}",mock
0x129e522a3bc5a641d8ff747fc88d0ee6f7cab7a5f06384074d420ff18d82da9a,86000,1,TicketReserved,"{'model_id': 'model_mnist_784_noniid', 'round': 4, 'ticket_id': 201, 'owner': 'acct_1'}",mock
0x137f746167426bde8251fc871e2031834e30f35f114ec8d88a5e7b2cd2ef6a5c,93000,1,UpdatePublished,"{'model_id': 'model_mnist_784_noniid', 'round': 4, 'ticket_id': 201, 'cid': 'sha256:3d80f6afd3e0247a85ea5f6f6870039b7f5a9ab3c6b82bb391ae102844612e4c'}",mock
0xfd3335aa32440ead23d4e90fbb26efcb6dc1362a564cf3821548f00033bb7933,86000,1,TicketReserved,"{'model_id': 'model_mnist_784_noniid', 'round': 4, 'ticket_id': 202, 'owner': 'acct_2'}",mock
0x2361fa240029c2dd16544d6fd67c13fa6318f66ccb3c95ddc4f0c1b30bd06a89,93000,1,UpdatePublished,"{'model_id': 'model_mnist_784_noniid', 'round': 4, 'ticket_id': 202, 'cid': 'sha256:dbd7e06eeb852d78d4560dd907a0fc1e2fac29447044a4788978654c74f14b8e'}",mock
0xc20481b39c88fa992dd9e524becd155809074005173469964526360372fd6534,86000,1,TicketReserved,"{'model_id': 'model_mnist_784_noniid', 'round': 4, 'ticket_id': 203, 'owner': 'acct_3'}",mock
0xa76360319788e7323110107349271ad9b4dc6157dbc4c33f1413af8c637d2eb8,93000,1,UpdatePublished,"{'model_id': 'model_mnist_784_noniid', 'round': 4, 'ticket_id': 203, 'cid': 'sha256:012a2cf1d4e393ef8561311ec6469d762e914537e77f5b0979aebf660ad7ce7a'}",mock
0x4ab6c29be301e6da75c201fb6beb595c1507867aeb0cb05499f18e9b506db01e,86000,1,TicketReserved,"{'model_id': 'model_mnist_784_noniid', 'round': 4, 'ticket_id': 204, 'owner': 'acct_4'}",mock
0x5a0647ac0b8a683adf914a91fddf0a92ff8d653efd90d6b310695d3119f957e2,93000,1,UpdatePublished,"{'model_id': 'model_mnist_784_noniid', 'round': 4, 'ticket_id': 204, 'cid': 'sha256:684614866a097da25c65b56077c1e9ac29eb4047c94d83d61e80350d3d76af1c'}",mock
0xa2ebce57949f252faf419381b76f03e04873b659debb1a7a61d9e27466c19d49,86000,1,TicketReserved,"{'model_id': 'model_mnist_784_noniid', 'round': 4, 'ticket_id': 205, 'owner': 'acct_5'}",mock
0x60cd0e338f46d7b001f36bd5129fc73ec5b0217d0437384afcb5cc5ef5e795d4,93000,1,UpdatePublished,"{'model_id': 'model_mnist_784_noniid', 'round': 4, 'ticket_id': 205, 'cid': 'sha256:e13183fd5db1838f26f4c36789dc7379c097d5ce3628be7b498c122b32c67e37'}",mock
0x62132be0f0ba7da9341fc5f4ebf96fde58cb24bf6442bd8f58e32c62917a130c,86000,1,TicketReserved,"{'model_id': 'model_mnist_784_noniid', 'round': 4, 'ticket_id': 206, 'owner': 'acct_6'}",mock
0x52c81040e5f515a1f054c464972a4b57739c9bcbf37579165a74eb6d8d512baf,93000,1,UpdatePublished,"{'model_id': 'model_mnist_784_noniid', 'round': 4, 'ticket_id': 206, 'cid': 'sha256:3c96026af78d89eaf2b0582c6cffce41f5bb1d45389290ec96675d71e08cf2d1'}",mock
0xe7868ee2efb2e5b9bc0c27a1ae3c4973e47161afb0a114c3a07a681ab5e7deca,86000,1,TicketReserved,"{'model_id': 'model_mnist_784_noniid', 'round': 4, 'ticket_id': 207, 'owner': 'acct_7'}",mock
0x6d1f8d311a8c906f06063034a08405349e517eaa73bed06ba434980ca38030ee,93000,1,UpdatePublished,"{'model_id': 'model_mnist_784_noniid', 'round': 4, 'ticket_id': 207, 'cid': 'sha256:54fb362851db945fc0cabcaf0cc08745803460402dfa55c9b610ce8ecf60324a'}",mock
0x941e7c0baff99ceab30c2c6e07be286de9641544914218dce1847a298449bfd9,86000,1,TicketReserved,"{'model_id': 'model_mnist_784_noniid', 'round': 4, 'ticket_id': 208, 'owner': 'acct_8'}",mock
0x97942e1f67018020bd572498b19a528f860aa311c84436e7e50fb62975b2497e,93000,1,UpdatePublished,"{'model_id': 'model_mnist_784_noniid', 'round': 4, 'ticket_id': 208, 'cid': 'sha256:c70a5f5220152ac8f99c6ddb4d750de857bee18584070d1d962639f979cd5c00'}",mock
0x0494654cd44a6d19f49be014512bf2b64ae9719557a776a665ebe26e09014ec0,86000,1,TicketReserved,"{'model_id': 'model_mnist_784_noniid', 'round': 4, 'ticket_id': 209, 'owner': 'acct_9'}",mock
0x323d4a417216bfcef8fdc4ac273a1f3c19b95cb3cce63cc36c9d2add93d1fc27,93000,1,UpdatePublished,"{'model_id': 'model_mnist_784_noniid', 'round': 4, 'ticket_id': 209, 'cid': 'sha256:2a66180e5151ea2f18b8c6a002d4c6367633e4628016ff209b6714e9112779fc'}",mock
0x5ae16a2cf182c5f276ef2e6748c5a84fd93f8195cb021e932aca5c36c3c6dd6f,86000,1,TicketReserved,"{'model_id': 'model_mnist_784_noniid', 'round': 4, 'ticket_id': 210, 'owner': 'acct_10'}",mock
0xc6cd40006909909bc9042b1a646d9a991b0d5629351104e53c445806f90669ac,93000,1,UpdatePublished,"{'model_id': 'model_mnist_784_noniid', 'round': 4, 'ticket_id': 210, 'cid': 'sha256:a53cbbc33de720c74461739eb85bedf43b0587f5f901d209a4d9e732693674d5'}",mock
0xa794b573c8dcc9fc01a00e33e73bd0c3d8be0443ea291d71e651d85afc6a2e9a,86000,1,TicketReserved,"{'model_id': 'model_mnist_784_noniid', 'round': 4, 'ticket_id': 211, 'owner': 'acct_11'}",mock
0x2ee5684fa3b66c426b751f3e4ea97f2752eb2600194984293b5f6a90c4ed0c97,93000,1,UpdatePublished,"{'model_id': 'model_mnist_784_noniid', 'round': 4, 'ticket_id': 211, 'cid': 'sha256:45ac21c1abdcdf24fcb90f87a07035985a4b870eab8965f1f8c4a94a6c244622'}",mock
0x82e932da8f15acedad70adca9b8429798f2772a7a5571230469ae44b8a8097d9,86000,1,TicketReserved,"{'model_id': 'model_mnist_784_noniid', 'round': 4, 'ticket_id': 212, 'owner': 'acct_12'}",mock
0xabbe175a2e80f3ff06390c1c49a7fcb69e11075f273be7774ff2f071886f1206,93000,1,UpdatePublished,"{'model_id': 'model_mnist_784_noniid', 'round': 4, 'ticket_id': 212, 'cid': 'sha256:7472bae074cbeac33dbd8253df57865d55461e6d93c3a6f10905d915e68c56b1'}",mock
0x3bfacbeb7e2ced671bcc8c88815613bf77c66239cd3f484f3dbcb5eb36ade8c5,86000,1,TicketReserved,"{'model_id': 'model_mnist_784_noniid', 'round': 4, 'ticket_id': 213, 'owner': 'acct_13'}",mock
0x696c6236251b456a95c03acaac6682b6c3cd70d9e5848d81e2a0e4990b055f19,93000,1,UpdatePublished,"{'model_id': 'model_mnist_784_noniid', 'round': 4, 'ticket_id': 213, 'cid': 'sha256:909a3c99af3666ac565cf194582f1df3ea653f1c660eea9afecd0d9957ec2e39'}",mock
0x31cf59ed42d90e16c771c8200f4cdd727c0bb4f56aeaeb769e82504a3cfc1483,86000,1,TicketReserved,"{'model_id': 'model_mnist_784_noniid', 'round': 4, 'ticket_id': 214, 'owner': 'acct_14'}",mock
0x706cf17c4229337bd3e813cfa640dea3e7766f341a25332cd51b46278d9ac450,93000,1,UpdatePublished,"{'model_id': 'model_mnist_784_noniid', 'round': 4, 'ticket_id': 214, 'cid': 'sha256:635172aa69a579054d81148670b261ca052b29c3e162a3950f028bd421193d1f'}",mock
0x61f1d2ae324d5fd0a6463760ade21e8c55113753ed08fccfe5bab91c97ac3f91,86000,1,TicketReserved,"{'model_id': 'model_mnist_784_noniid', 'round': 4, 'ticket_id': 215, 'owner': 'acct_15'}",mock
0x112f3a9abcc60ddd96a8cc9f34a9fa8c2d39f08a895cd52cee8e40dce81f0ef5,93000,1,UpdatePublished,"{'model_id': 'model_mnist_784_noniid', 'round': 4, 'ticket_id': 215, 'cid': 'sha256:a9e5df8df885bf92056e28ae5a4d0a87a00083ab7b3d9641250bcb7a39fddff0'}",mock
0xaf8bc5341fdea00d9e3dcc125436dca4d6f5277152c98e6135d01e0a71e2e356,86000,1,TicketReserved,"{'model_id': 'model_mnist_784_noniid', 'round': 4, 'ticket_id': 216, 'owner': 'acct_16'}",mock
0x3624b21a4387d539f2c0fa1c6f575fdb72b4368c4a1ece1a38338dcaa421a63c,93000,1,UpdatePublished,"{'model_id': 'model_mnist_784_noniid', 'round': 4, 'ticket_id': 216, 'cid': 'sha256:41fb3e228ddf6d6cebe1316a391f994493ba5dd8de2f5c4b6b2b762534e028db'}",mock
0x7f703042f175b210369351084c0b7520468b1433b6240c8cad274ba6849e8330,86000,1,TicketReserved,"{'model_id': 'model_mnist_784_noniid', 'round': 4, 'ticket_id': 217, 'owner': 'acct_17'}",mock
0xd2e6fc44b7d63e80fc18735df6e7b21ec15b06dccb3ebf85a3e134b49d281024,93000,1,UpdatePublished,"{'model_id': 'model_mnist_784_noniid', 'round': 4, 'ticket_id': 217, 'cid': 'sha256:903664607d8947dbece64c7f6dc0235c70dfb9624cdc66ef2eb8069a0c980b0c'}",mock
0x07aece86cb4c70c147cc6754ed2f1b9348a90f2617760e71bf070d7e15aecef3,86000,1,TicketReserved,"{'model_id': 'model_mnist_784_noniid', 'round': 4, 'ticket_id': 218, 'owner': 'acct_18'}",mock
0x3c2fa3b9b4eafedbd4a30686c3ae32cad974c9a2351711d70b4b7ae8cea60142,93000,1,UpdatePublished,"{'model_id': 'model_mnist_784_noniid', 'round': 4, 'ticket_id': 218, 'cid': 'sha256:c73e73120852cf2c9a738a0bdb0ca4584a140e4c606c67b99604b3033543cf0c'}",mock
0xb52bb6bb7183a626ac7969dfb8a8e4832819ab0e94b0057791826d7d64452c0b,86000,1,TicketReserved,"{'model_id': 'model_mnist_784_noniid', 'round': 4, 'ticket_id': 219, 'owner': 'acct_19'}",mock
0x0c06678e3d128e7575c2a58aa3576eabef3f13cd07156578a7a2a88305e8ab9f,93000,1,UpdatePublished,"{'model_id': 'model_mnist_784_noniid', 'round': 4, 'ticket_id': 219, 'cid': 'sha256:cb290728ee9aaa8458b509ce25b69bc52fc65baf25f8d28ce8afd23b6ccbcf68'}",mock
0x422058c5592b470fc0b4613a5798bbb0137495a5073a62ac9d2dc78377e5ee55,86000,1,TicketReserved,"{'model_id': 'model_mnist_784_noniid', 'round': 4, 'ticket_id': 220, 'owner': 'acct_20'}",mock
0xeb1bac59a41491a71a17225e60846e2515ffaeabe937745b18f61749ce831b33,93000,1,UpdatePublished,"{'model_id': 'model_mnist_784_noniid', 'round': 4, 'ticket_id': 220, 'cid': 'sha256:3267900898e3a9f40adeb06a81d121b197c2fbcc4dd09306a936641638ffabd4'}",mock
0x8336bc8b517a1f6acae0de0ebdea662c1f5ccacea176d2196b7355f2e69a72d2,86000,1,TicketReserved,"{'model_id': 'model_mnist_784_noniid', 'round': 4, 'ticket_id': 221, 'owner': 'acct_21'}",mock
0xa72eae3894498b3488eb81ee9cc6cdb8b67e384d741d9acb090f3e14fd6cf11f,93000,1,UpdatePublished,"{'model_id': 'model_mnist_784_noniid', 'round': 4, 'ticket_id': 221, 'cid': 'sha256:a1bf1ab2832ad5592a7846ba83425297d8b1d32ba38be0860538272c978c067c'}",mock
0xa1516702ea80fbf68a772f730f3e91d3e9fcd7b81116bc0b762a6441cc06bdb5,86000,1,TicketReserved,"{'model_id': 'model_mnist_784_noniid', 'round': 4, 'ticket_id': 222, 'owner': 'acct_22'}",mock
0xf64e3d71d60db2c4929d361601a43124d736510479d90b597123cfccc35d09d5,93000,1,UpdatePublished,"{'model_id': 'model_mnist_784_noniid', 'round': 4, 'ticket_id': 222, 'cid': 'sha256:35e02b7c3d717ba755c67fdd0162a935b3ed1af68f981e6d19b3959c25cb738a'}",mock
0x220464d5803f553741576f69b333b385325ff7ef71b5589f902ac2ea076779ad,86000,1,TicketReserved,"{'model_id': 'model_mnist_784_noniid', 'round': 4, 'ticket_id': 223, 'owner': 'acct_23'}",mock
0x691392b9174fd69e810f17e88c463507d68175b887a2bf5b8c0388650c5577b9,93000,1,UpdatePublished,"{'model_id': 'model_mnist_784_noniid', 'round': 4, 'ticket_id': 223, 'cid': 'sha256:1a2745e51350636e7f942ec4a776b9b8343909b4e8f6437fc3200ca5f4be09dd'}",mock
0xcd994ec52ee2129e63276255dafacf2c2039fcd89a16f508e464fa672e30ecce,86000,1,TicketReserved,"{'model_id': 'model_mnist_784_noniid', 'round': 4, 'ticket_id': 224, 'owner': 'acct_24'}",mock
0xc40147a0f5caf98ee74ef143d16530ed9b140e218fc593af5726f1ed9b2d66a1,93000,1,UpdatePublished,"{'model_id': 'model_mnist_784_noniid', 'round': 4, 'ticket_id': 224, 'cid': 'sha256:955dc499d6842a1161ffa9250c603c9c1ed2a200b96e04e679a90035683fa4c3'}",mock
0xf4f5a813986c98a9c58975b47b6cf810d2d75fd2c747872edb2582aaf8568197,86000,1,TicketReserved,"{'model_id': 'model_mnist_784_noniid', 'round': 4, 'ticket_id': 225, 'owner': 'acct_25'}",mock
0x2e7c01cd1da87e67e5f9cfd4ac76eb9e05e9011e0d53f754f2f38410d8d0eeba,93000,1,UpdatePublished,"{'model_id': 'model_mnist_784_noniid', 'round': 4, 'ticket_id': 225, 'cid': 'sha256:09fa95a39be9881a7f453fa0c4affc2602cc9b26277a543bb2622986a0bf97d4'}",mock
0xebab9f8fc9a9b04f59f7722010ece1d90d0defb221904f2dccb7884ed9202fae,86000,1,TicketReserved,"{'model_id': 'model_mnist_784_noniid', 'round': 4, 'ticket_id': 226, 'owner': 'acct_26'}",mock
0x8dd88298f855927f6499763a23c6de90c6e1c345a7e77a3ac2091e144a810f4d,93000,1,UpdatePublished,"{'model_id': 'model_mnist_784_noniid', 'round': 4, 'ticket_id': 226, 'cid': 'sha256:7fda00d1cf41ed637995811fb36fb397eaa0fef38fd016a9b7743d2c20ebc2de'}",mock
0x1c78d2cc36cb79666b5d62ce4291bf638238df53435567f213f2621c96bf2910,86000,1,TicketReserved,"{'model_id': 'model_mnist_784_noniid', 'round': 4, 'ticket_id': 227, 'owner': 'acct_27'}",mock
0x8c7956a7b8d577cca9aa09e03d1b1810f7c2db5131259945af269ce897d5235b,93000,1,UpdatePublished,"{'model_id': 'model_mnist_784_noniid', 'round': 4, 'ticket_id': 227, 'cid': 'sha256:40ed2c702bd632cee8595664e55bb99469e4db8bdcc25643ae0f720bc5cb5d0a'}",mock
0xcc37a9604e7edcf3a7ee81eebf47706dbd8a1ebfe05d18ce4a2e55d17177a389,86000,1,TicketReserved,"{'model_id': 'model_mnist_784_noniid', 'round': 4, 'ticket_id': 228, 'owner': 'acct_28'}",mock
0x3cfa95ec18063d85bc449ca6e4c4a4a0051e28e4d9190ba122f26809655eba57,93000,1,UpdatePublished,"{'model_id': 'model_mnist_784_noniid', 'round': 4, 'ticket_id': 228, 'cid': 'sha256:054ebc65a1ea23d87099e4357a362a336d37d87f5f4ebf41a769f7dd79ce8e4e'}",mock
0xb2efaaac0dbd54f5b5ff19f44d78c858403f3f8e812f3fd398018ab7e58240e8,86000,1,TicketReserved,"{'model_id': 'model_mnist_784_noniid', 'round': 4, 'ticket_id': 229, 'owner': 'acct_29'}",mock
0x64ffdd58968268c154a29e53f76514e28465bba27f1b7706dc463f38f8273340,93000,1,UpdatePublished,"{'model_id': 'model_mnist_784_noniid', 'round': 4, 'ticket_id': 229, 'cid': 'sha256:7954d035cfcf99c120bb0dbf3d02674038cb7b55379ecb27174399457eaf6cd4'}",mock
0x344709ec6f4adefc77231fbdf10c8003dab76d77cdf1ed8f7b8e89dd518bfae6,86000,1,TicketReserved,"{'model_id': 'model_mnist_784_noniid', 'round': 4, 'ticket_id': 230, 'owner': 'acct_30'}",mock
0xac44137c773a425d649551a298ee17d24d2214ea61d0ff7a65675aa0a3711b75,93000,1,UpdatePublished,"{'model_id': 'model_mnist_784_noniid', 'round': 4, 'ticket_id': 230, 'cid': 'sha256:1af920a0e0342cd67de828b8de4ab1d74b7b4e0e0c7418ec60b7b62866a25357'}",mock
0x772a9504103a86477c35de45218d9f49b08e4ac735129d9284f68a43622bb12d,86000,1,TicketReserved,"{'model_id': 'model_mnist_784_noniid', 'round': 4, 'ticket_id': 231, 'owner': 'acct_31'}",mock
0x14a332a1db005585ed68ec75ec846eb38e0da227b1012a31a42279643bb4b77b,93000,1,UpdatePublished,"{'model_id': 'model_mnist_784_noniid', 'round': 4, 'ticket_id': 231, 'cid': 'sha256:3195866f22381076e23d5fe09618984e3874866665972fa69d5cad6af784a66c'}",mock
0xd3e0b6383006e1d002be25413a0e92653b47df5ed68113599b96c1061eacc5b1,86000,1,TicketReserved,"{'model_id': 'model_mnist_784_noniid', 'round': 4, 'ticket_id': 232, 'owner': 'acct_32'}",mock
0x5be75297045666583655f408ce7fde34864948d867f7c3ed539f67c8a6c2e3ce,93000,1,UpdatePublished,"{'model_id': 'model_mnist_784_noniid', 'round': 4, 'ticket_id': 232, 'cid': 'sha256:fa7643d16bdc9ee55e7a3aca935fb8f260999e468c591966c9bb7ad8fd7cfc1e'}",mock
0xfa3998bfec6d0492b5e1ad892b07935086bb41b1c56a8ec9fe362ba20d2d67c8,86000,1,TicketReserved,"{'model_id': 'model_mnist_784_noniid', 'round': 4, 'ticket_id': 233, 'owner': 'acct_33'}",mock
0xdc07e90d9ba65e3c52c7467b73852d27845a1d1f38523d145d5d1dd489aa03c7,93000,1,UpdatePublished,"{'model_id': 'model_mnist_784_noniid', 'round': 4, 'ticket_id': 233, 'cid': 'sha256:8b97f51394fbeae1d9ac5faeafa06c90327cb84516d5f44e72497eab9b0813c5'}",mock
0x6f1c94d115b72c0c0ad2c8b9d1e5ec540d4a59d7a35b49635be0f26d2fd7668f,86000,1,TicketReserved,"{'model_id': 'model_mnist_784_noniid', 'round': 4, 'ticket_id': 234, 'owner': 'acct_34'}",mock
0xf53891e571aa70f392e72bad515747bc573bc22496f9c59538416a540075bc0a,93000,1,UpdatePublished,"{'model_id': 'model_mnist_784_noniid', 'round': 4, 'ticket_id': 234, 'cid': 'sha256:2e00b71686fb6752c6bb1a4caf497fb1f341023918686916fa7c92cc25c375b9'}",mock
0xd4e6151933fc75ebae9c0c189c6a37fd566179f92e24fd1466277bb31f2fd6e7,86000,1,TicketReserved,"{'model_id': 'model_mnist_784_noniid', 'round': 4, 'ticket_id': 235, 'owner': 'acct_35'}",mock
0xcac9f831b96db8812e4fd05b6b416f7a374ad9e99167cfc9f1f78aeb97a00ecd,93000,1,UpdatePublished,"{'model_id': 'model_mnist_784_noniid', 'round': 4, 'ticket_id': 235, 'cid': 'sha256:05d3a125deb4f79e2b9147d3243b7bf977238132220a0304d3b586f837522355'}",mock
0xef01c63110e0c493c10ec9475e1c2aea92f7a2e34ec7e0db4e810698be25a29c,86000,1,TicketReserved,"{'model_id': 'model_mnist_784_noniid', 'round': 4, 'ticket_id': 236, 'owner': 'acct_36'}",mock
0x464911db8950f490cc1cf8d8a91b16e4d470cf3ff7f248a8d99afe03f54dd27f,93000,1,UpdatePublished,"{'model_id': 'model_mnist_784_noniid', 'round': 4, 'ticket_id': 236, 'cid': 'sha256:6441a8bd8c22aeeb04c19dd133f15dafbe31b49d0723122f21594d8cc4cf2a84'}",mock
0xe9f67c46ef6367fd825d79fb37616ff7755f8cf1a13dd1e487645cb899dc17cd,86000,1,TicketReserved,"{'model_id': 'model_mnist_784_noniid', 'round': 4, 'ticket_id': 237, 'owner': 'acct_37'}",mock
0x8d4964c7ad6b55456d4f92bed5dc3c510105c53dc17d3ae18bc3eb1b8d133ef8,93000,1,UpdatePublished,"{'model_id': 'model_mnist_784_noniid', 'round': 4, 'ticket_id': 237, 'cid': 'sha256:5ce57a08609b65ab7c6f9240beeac687bb17783718e64a945d95415caec66454'}",mock
0x139fea1579bb1a505012aab14412422e618ab551c2213773d1f78e895c13bcdf,86000,1,TicketReserved,"{'model_id': 'model_mnist_784_noniid', 'round': 4, 'ticket_id': 238, 'owner': 'acct_38'}",mock
0xd8a53bcce99905ae402141e7db69e511029346e6e98b4366fc1113ee36183097,93000,1,UpdatePublished,"{'model_id': 'model_mnist_784_noniid', 'round': 4, 'ticket_id': 238, 'cid': 'sha256:3ca226c136a161c777d2f8acfb376f4421d5cf0989e7a68a978b4c2c826208e6'}",mock
0x10b2bc348e632e963e00cfb9955a740fbb5fe9aeac5ecdbbf5ede8e54142ed0e,86000,1,TicketReserved,"{'model_id': 'model_mnist_784_noniid', 'round': 4, 'ticket_id': 239, 'owner': 'acct_39'}",mock
0x5e16294f60e14a06b68d40af10454b78fcf293670fe525fabafdf1b1774f4741,93000,1,UpdatePublished,"{'model_id': 'model_mnist_784_noniid', 'round': 4, 'ticket_id': 239, 'cid': 'sha256:e95489741feeaf1ea81ead4229a427483e0b83f66c30477a3950d75e069394b0'}",mock
0xf94c8b315049898c5b3fd88967b4ea4c390716fa5a41eaca52a848f96a9e8472,86000,1,TicketReserved,"{'model_id': 'model_mnist_784_noniid', 'round': 4, 'ticket_id': 240, 'owner': 'acct_40'}",mock
0xb9ba89d350fdc7e5c76ab9ccb4a424c5c6c16776068721e072ea1a220bc90c50,93000,1,UpdatePublished,"{'model_id': 'model_mnist_784_noniid', 'round': 4, 'ticket_id': 240, 'cid': 'sha256:69d82aaff166c19e6d36b9972b209dd7bb57a526bb62bd90be8abcfd99ab8529'}",mock
0x590c3f64be6c1c3d0845241946e7e349e50cc9a258394e5aed35335e8604a9b9,86000,1,TicketReserved,"{'model_id': 'model_mnist_784_noniid', 'round': 4, 'ticket_id': 241, 'owner': 'acct_41'}",mock
0x544380e3cdf0b12ad6a0030d96691516655dd119b5d637c9eef64b3b8d171040,93000,1,UpdatePublished,"{'model_id': 'model_mnist_784_noniid', 'round': 4, 'ticket_id': 241, 'cid': 'sha256:59f05fe4735eb1cc5c79f428e892bbe5b3629f07b52373bd797eb1c707dd8bd2'}",mock
0xb3f55713dd22b0cad445f55bd3dd8170b593e733d4b2a4803da8c15dbbf66908,86000,1,TicketReserved,"{'model_id': 'model_mnist_784_noniid', 'round': 4, 'ticket_id': 242, 'owner': 'acct_42'}",mock
0x22be3724d71079f533ac2d0dea1db0230d5a1f5c1917adc60a3189a7b44d04ea,93000,1,UpdatePublished,"{'model_id': 'model_mnist_784_noniid', 'round': 4, 'ticket_id': 242, 'cid': 'sha256:102d609611ed394b53cd48d205659002990e6c2f4cb2f72fe1d584c9a07ee416'}",mock
0x556b616778d72dabe8ac78e8014041b63995f103d7025252db5cf8365ddae9c5,86000,1,TicketReserved,"{'model_id': 'model_mnist_784_noniid', 'round': 4, 'ticket_id': 243, 'owner': 'acct_43'}",mock
0x498601799b44b0f466b84db1c3a1a2fd940a205b96afe316bc4997dba5646bd4,93000,1,UpdatePublished,"{'model_id': 'model_mnist_784_noniid', 'round': 4, 'ticket_id': 243, 'cid': 'sha256:83e232f2bbd4a74b368e320cd32b7b18a91a0225562b35ae65f597a160e28687'}",mock
0x8d56965f79f42b3ee469f3fc3266be6ab20c08a6fbc8d095667adb03a751e7a7,86000,1,TicketReserved,"{'model_id': 'model_mnist_784_noniid', 'round': 4, 'ticket_id': 244, 'owner': 'acct_44'}",mock
0x7426ea95115a9a0a688e24184e87e4356cc4c253229d1bb8fdf342563cf433b6,93000,1,UpdatePublished,"{'model_id': 'model_mnist_784_noniid', 'round': 4, 'ticket_id': 244, 'cid': 'sha256:d6cfbaf0d0b1800f1790b8646637e3a04f26bed4cca44b5b26790e743dff6989'}",mock
0x094000eb4f4bbbfa765d1cc441410fc9c4bb96fa0f9ab052bf31e3e97df577e8,86000,1,TicketReserved,"{'model_id': 'model_mnist_784_noniid', 'round': 4, 'ticket_id': 245, 'owner': 'acct_45'}",mock
0xbc4115a254afdcb6669debec77694c5cfb3b020671c26444c5d6ed2e8fa0a84d,93000,1,UpdatePublished,"{'model_id': 'model_mnist_784_noniid', 'round': 4, 'ticket_id': 245, 'cid': 'sha256:27ad8147924ba3887ae35a4f48e216fa838380f68f987cfcc54f2d999e2823cf'}",mock
0x748401eca7f61af43b619f092ab4f700a57337f94358c8a97d1d23f0896f0631,86000,1,TicketReserved,"{'model_id': 'model_mnist_784_noniid', 'round': 4, 'ticket_id': 246, 'owner': 'acct_46'}",mock
0xb85ef8b11ce95967b62a1bf330dd78fffe4c2a0dec9e59d0055a8d50f6d119c5,93000,1,UpdatePublished,"{'model_id': 'model_mnist_784_noniid', 'round': 4, 'ticket_id': 246, 'cid': 'sha256:dbaf283585c19687cc2364edadf92fbfd7d69ea8a0ccc60c416f564b97112948'}",mock
0x94c172aa106886a4d7bd98f181648a91811c338cfe7c0908c8de2ed06339e435,86000,1,TicketReserved,"{'model_id': 'model_mnist_784_noniid', 'round': 4, 'ticket_id': 247, 'owner': 'acct_47'}",mock
0x191b59305b013dde55b5b28de27bff7da508064294c524a42d237284eed55c04,93000,1,UpdatePublished,"{'model_id': 'model_mnist_784_noniid', 'round': 4, 'ticket_id': 247, 'cid': 'sha256:6a398dda5142bc41c6b0a2515dd846ebbf6993135709023992371125838c1b0f'}",mock
0x93a9235022054d48acaf19513371647b9ad191177f698efcfe427a8079cb960d,86000,1,TicketReserved,"{'model_id': 'model_mnist_784_noniid', 'round': 4, 'ticket_id': 248, 'owner': 'acct_48'}",mock
0xb83239f408cc7fa5a40dc8fd0c17acba2c41a3a143f86cff1c9804e57b0aee26,93000,1,UpdatePublished,"{'model_id': 'model_mnist_784_noniid', 'round': 4, 'ticket_id': 248, 'cid': 'sha256:c4e3e58037aedd6f395d9c8c3e15cc872bb6f3f81e2cb6fb3a1325d2654663d9'}",mock
0xba97cb3b69e123e4bfa451be5690a7a079ab2a092e5d6e6a4e2e5ccfeae11cbe,86000,1,TicketReserved,"{'model_id': 'model_mnist_784_noniid', 'round': 4, 'ticket_id': 249, 'owner': 'acct_49'}",mock
0x51bc79af8eea70297e41554268b801e0d2a8c7ce33ef62a9d03c4979d4ff2dac,93000,1,UpdatePublished,"{'model_id': 'model_mnist_784_noniid', 'round': 4, 'ticket_id': 249, 'cid': 'sha256:bc4abf48fedad7aadcb5913fc54f58c9d438590d13b1bdfa8d53bb322cb0885e'}",mock
0x0a42ad5c30ecf923b611cf9b01035244a365dbd90500631ffacc908eac83c452,86000,1,TicketReserved,"{'model_id': 'model_mnist_784_noniid', 'round': 4, 'ticket_id': 250, 'owner': 'acct_50'}",mock
0x994738fc539c70be36b640087cb42f44067b2ad5e2fa83ff3a59288a718ba803,93000,1,UpdatePublished,"{'model_id': 'model_mnist_784_noniid', 'round': 4, 'ticket_id': 250, 'cid': 'sha256:1348a73e92a87da535d4cda4bd63bf79c5297e76b731dc09a92dc2784021f0a3'}",mock
0x29536e7a52bea7d7aa1b998952a4329a90994fc597999708a051c60cf871b6b2,985000,1,RoundFinalized,"{'model_id': 'model_mnist_784_noniid', 'round': 4, 'included': 43, 'refunds': 43}",mock
0x6058baba6cea1a93719590739b7c1fd019c7b3ef08377697ebccc4d8b5d707bc,52000,1,RoundFunded,"{'model_id': 'model_mnist_784_noniid', 'amount_wei': 10000000000000000}",mock
0xc0050100527a3e2756d4d7f7fe04f94b0c0f4899d67eb2e2f2a0fb95c39f927a,86000,1,TicketReserved,"{'model_id': 'model_mnist_784_noniid', 'round': 5, 'ticket_id': 251, 'owner': 'acct_1'}",mock
0xef520a456328b79dbb6e4b8db5987c9dd51b53f2999ff35401778a8891b0a0f5,93000,1,UpdatePublished,"{'model_id': 'model_mnist_784_noniid', 'round': 5, 'ticket_id': 251, 'cid': 'sha256:988b7c0326ade13d0635be552dac1461ed87ec77119e5a5ff21a7f4ef5a9793f'}",mock
0x2a39471e69de12fa1799a8c0758288f9ac3ce05d13e8bc5c6aca4ca5e407ff53,86000,1,TicketReserved,"{'model_id': 'model_mnist_784_noniid', 'round': 5, 'ticket_id': 252, 'owner': 'acct_2'}",mock
0xf0d314c2f16cfa4f3fa3c220bb1aeacb82fa0a222553c86ffc79ba871abea803,93000,1,UpdatePublished,"{'model_id': 'model_mnist_784_noniid', 'round': 5, 'ticket_id': 252, 'cid': 'sha256:2eced21d61c481853d6fcbab3a11fee4afe366d7a45a6cfabc62e6616abe33b3'}",mock
0x0913ea11a8c326bd078c1a45601a2908b1d3c4615d1dd950d2f5cea2911df06b,86000,1,TicketReserved,"{'model_id': 'model_mnist_784_noniid', 'round': 5, 'ticket_id': 253, 'owner': 'acct_3'}",mock
0x54abb1356fe5b7d02d2f667026f5aa410c0f4f8c75347a18ac8ca1a406fe4d5d,93000,1,UpdatePublished,"{'model_id': 'model_mnist_784_noniid', 'round': 5, 'ticket_id': 253, 'cid': 'sha256:07f9bd289d82a825a0888b5de3b34c90149e6423e6757ad60d6ed5ebab6cefdf'}",mock
0x15285eb888b791578ecaa665ede32eeb3ce1c8dc1b7544c057658657d3a358cc,86000,1,TicketReserved,"{'model_id': 'model_mnist_784_noniid', 'round': 5, 'ticket_id': 254, 'owner': 'acct_4'}",mock
0x1a0bea644b7b5807d34fc09d2087b19a4262bec9c4edd191a71f8a543d5ad6f0,93000,1,UpdatePublished,"{'model_id': 'model_mnist_784_noniid', 'round': 5, 'ticket_id': 254, 'cid': 'sha256:25453c8d660dfb539fb1d752f344d6434b99de6f2f77a32ee065edc9227addba'}",mock
0xb6d3958c3971cff3faac4cfb4178ee8d9e8d1485fa13acdcbc3d7b5c3d58c3da,86000,1,TicketReserved,"{'model_id': 'model_mnist_784_noniid', 'round': 5, 'ticket_id': 255, 'owner': 'acct_5'}",mock
0x2aa2644b05ec610d0f1d39a08eb24c75349a707761f1a385c2c8055acdce014a,93000,1,UpdatePublished,"{'model_id': 'model_mnist_784_noniid', 'round': 5, 'ticket_id': 255, 'cid': 'sha256:2e10e4fbd2418088f2a8559430fbd536762d1e9e5ef6d53e588e456e0fdc2037'}",mock
0x271cdc0bb8d4062060dab12e5c09380939992f79a6e5b90c8ab5dc03e6752cd5,86000,1,TicketReserved,"{'model_id': 'model_mnist_784_noniid', 'round': 5, 'ticket_id': 256, 'owner': 'acct_6'}",mock
0x48a2e90bf4754fe130b8174e0e80cde2e888a692dfa9994a339597b4eb3f8c75,93000,1,UpdatePublished,"{'model_id': 'model_mnist_784_noniid', 'round': 5, 'ticket_id': 256, 'cid': 'sha256:ecdea396c805ce0dd999e11a0f6dff856702f31a6f0b06080dbff77abebf659d'}",mock
0x5725b4978050988ca6fbb734c1e3ab73c52169de0ab35b46597c660fb58d26c0,86000,1,TicketReserved,"{'model_id': 'model_mnist_784_noniid', 'round': 5, 'ticket_id': 257, 'owner': 'acct_7'}",mock
0xae08809acffa4a84e508b6e9974248fcfba4284abdb73fa539cc351d469c6dae,93000,1,UpdatePublished,"{'model_id': 'model_mnist_784_noniid', 'round': 5, 'ticket_id': 257, 'cid': 'sha256:4fc1f886387ab667da35153393c82cd58315eacaec792c03f9ecb99904723d3f'}",mock
0xd29254a71ab7da7f219fe2cfec8be840492536a6970dd6d534078e076cd8d79f,86000,1,TicketReserved,"{'model_id': 'model_mnist_784_noniid', 'round': 5, 'ticket_id': 258, 'owner': 'acct_8'}",mock
0x1236e976f97352c5dd40eff87841e24b3aee3b85b451da7a82e14b0088d02a9e,93000,1,UpdatePublished,"{'model_id': 'model_mnist_784_noniid', 'round': 5, 'ticket_id': 258, 'cid': 'sha256:dd399e4905edfcc91b6b1bb273bdc39f5952f86a034d24fee9c8e45582a0ebc7'}",mock
0x7fffa8f54aa81aa0289cbb4de7b446822d6774956e30927a426c9bb866ebcc2e,86000,1,TicketReserved,"{'model_id': 'model_mnist_784_noniid', 'round': 5, 'ticket_id': 259, 'owner': 'acct_9'}",mock
0x35086ee020a72488d7e09ba95c22503c45a145749f6b34e7783b7ae420017e3c,93000,1,UpdatePublished,"{'model_id': 'model_mnist_784_noniid', 'round': 5, 'ticket_id': 259, 'cid': 'sha256:bf02eebbfa7db1637d1ae56120c3232351856e9bebd066dbea99a444c0adcb41'}",mock
0xa7113a2014231a416c0b9e1c6c92a5c1fd6720a8a41bcce43b91aeda8f2c9fb1,86000,1,TicketReserved,"{'model_id': 'model_mnist_784_noniid', 'round': 5, 'ticket_id': 260, 'owner': 'acct_10'}",mock
0x941a997960d1df6a05b023ac526e92bc23adeadc77b0ab08ef9e6a31b4ec8d3d,93000,1,UpdatePublished,"{'model_id': 'model_mnist_784_noniid', 'round': 5, 'ticket_id': 260, 'cid': 'sha256:9c069efc823544340383834f921ce0603ac4ccf019759985b47195f692432ab4'}",mock
0xb482e55ea948b2347b8b49be36c17ae00fd7af4da7f5fee03ab360ec1433e397,86000,1,TicketReserved,"{'model_id': 'model_mnist_784_noniid', 'round': 5, 'ticket_id': 261, 'owner': 'acct_11'}",mock
0xf9f64e5a29f4da28f38a7f4ca4593464f69387c8c750f17703ddfe555bb8ed26,93000,1,UpdatePublished,"{'model_id': 'model_mnist_784_noniid', 'round': 5, 'ticket_id': 261, 'cid': 'sha256:d845a293feb77ee7640c899fd2d7fd514880a946dd176cc44eabf143a4e7a13a'}",mock
0xf47ce31ba19a7b444fdedc964d4fd14365e8c520d7eb0995ad0e8f9ce0ab1ecc,86000,1,TicketReserved,"{'model_id': 'model_mnist_784_noniid', 'round': 5, 'ticket_id': 262, 'owner': 'acct_12'}",mock
0x62198f8b2696be08350c8590ebc6153dc1b2c17dfd50b4e248c20587c04b22c3,93000,1,UpdatePublished,"{'model_id': 'model_mnist_784_noniid', 'round': 5, 'ticket_id': 262, 'cid': 'sha256:2751c1a46ca3947d0ac0491e403b5076d973a74b60f50bdefe57be4bb52388df'}",mock
0x8115d84c0fef8a73069447c110df5c112b15652cb5fad42907ab123a2af92072,86000,1,TicketReserved,"{'model_id': 'model_mnist_784_noniid', 'round': 5, 'ticket_id': 263, 'owner': 'acct_13'}",mock
0xd2f4da4e0dca20ac2bce85340794ff4e50f735ff01e6f386b15b5b61ef23e92e,93000,1,UpdatePublished,"{'model_id': 'model_mnist_784_noniid', 'round': 5, 'ticket_id': 263, 'cid': 'sha256:76fa3d04124164d5bb6b378e260474538f10b1cf98b4c92c8d2b0db4144869ea'}",mock
0x22f0fa806f5de28a94a38f87b1ee86504ee79fa348b99990df0713d9792c3bcb,86000,1,TicketReserved,"{'model_id': 'model_mnist_784_noniid', 'round': 5, 'ticket_id': 264, 'owner': 'acct_14'}",mock
0x04154f3d8ca410fd9822a05b592ad57c3b359ae777a2bc162c11fbdbc023caa2,93000,1,UpdatePublished,"{'model_id': 'model_mnist_784_noniid', 'round': 5, 'ticket_id': 264, 'cid': 'sha256:9d03a0359f0a2753e63b1cd24cea930370b068bf8191cd22c46f7d5c6f6f2dbc'}",mock
0x8992f11a57c8dff5b6b9bc99fa4cd5275cfbd2193b889406b8a6f21318aaad3d,86000,1,TicketReserved,"{'model_id': 'model_mnist_784_noniid', 'round': 5, 'ticket_id': 265, 'owner': 'acct_15'}",mock
0xfac5690ed965ab21c0a08805c0f6415c94bf05512f96d525b3c84db221d8e5bf,93000,1,UpdatePublished,"{'model_id': 'model_mnist_784_noniid', 'round': 5, 'ticket_id': 265, 'cid': 'sha256:02680ff7ccd9455c9650177e7549dea496db33eed3dd2a5f714972e33f447f7d'}",mock
0x5db52e1e97828e468b10a943ca4df9217cd99d7f64164fb4eee141c69014c979,86000,1,TicketReserved,"{'model_id': 'model_mnist_784_noniid', 'round': 5, 'ticket_id': 266, 'owner': 'acct_16'}",mock
0xe9b1bd0ec3bd5257ea5f7d0036b7c96a1d817019620d11590454afe380a49c32,93000,1,UpdatePublished,"{'model_id': 'model_mnist_784_noniid', 'round': 5, 'ticket_id': 266, 'cid': 'sha256:25fc746a63e4fb3671e9cafb7a3a195b7f6fca53243bf7c23788e40eed1d8d0e'}",mock
0x17cd7792c32046240e1efcf612842c8a9b6159eb64960f0e6be7643f09fab978,86000,1,TicketReserved,"{'model_id': 'model_mnist_784_noniid', 'round': 5, 'ticket_id': 267, 'owner': 'acct_17'}",mock
0x4ffdb96d0d130835dc99effee18e12bfa45759f7d1f8f9584a58cf6077071b51,93000,1,UpdatePublished,"{'model_id': 'model_mnist_784_noniid', 'round': 5, 'ticket_id': 267, 'cid': 'sha256:17bad00415ce54de72197a37159e66d7c34e0fe4a58019c7fa8efaf81d7a26de'}",mock
0xef3fc5eb5fdf92eece8095d35cbb60e058ccde55384617e297ef71c21d84d36b,86000,1,TicketReserved,"{'model_id': 'model_mnist_784_noniid', 'round': 5, 'ticket_id': 268, 'owner': 'acct_18'}",mock
0x545d5a4d8a2b1537ba7c5a5338a1a0933a09d870a86d6fd3d718bb8cec1dfd68,93000,1,UpdatePublished,"{'model_id': 'model_mnist_784_noniid', 'round': 5, 'ticket_id': 268, 'cid': 'sha256:3c46fac3cd240a47ce1eae9367356b49b7b588b0d5be69b746b3c3e69a82b348'}",mock
0xd5fa582d84d523bdb3afd204b93e6245dcca7df8ca442441aebbcecb0d6b9e58,86000,1,TicketReserved,"{'model_id': 'model_mnist_784_noniid', 'round': 5, 'ticket_id': 269, 'owner': 'acct_19'}",mock
0x9f40f6ae16abb2579df0128aa1f03c9b7e115082fee5d3e568287c525b05c34f,93000,1,UpdatePublished,"{'model_id': 'model_mnist_784_noniid', 'round': 5, 'ticket_id': 269, 'cid': 'sha256:8a7d4082c84afbb99961f701a41782510c395f0e2f15b034630d827702b093b7'}",mock
0x859142a42aafdad4fe5c45987572236365726b9dca19e3bc39daec096029aa1b,86000,1,TicketReserved,"{'model_id': 'model_mnist_784_noniid', 'round': 5, 'ticket_id': 270, 'owner': 'acct_20'}",mock
0x2247d225ac9056f5a63aaf0ffb0b47c34ad63aef125e34a60480203a0c4e44ac,93000,1,UpdatePublished,"{'model_id': 'model_mnist_784_noniid', 'round': 5, 'ticket_id': 270, 'cid': 'sha256:f547d290ab5ade2674b007070614855eed3032ac5e0069c5cce2f20a5d93faa5'}",mock
0x763697eb29755e94b779e258c0fc80c0d5ff8c1627771e501d1d775280df4b48,86000,1,TicketReserved,"{'model_id': 'model_mnist_784_noniid', 'round': 5, 'ticket_id': 271, 'owner': 'acct_21'}",mock
0x21ffaccf1a07afcb115ab0c6e190bc9569d6d7c78fea5248ba0ffd254d986233,93000,1,UpdatePublished,"{'model_id': 'model_mnist_784_noniid', 'round': 5, 'ticket_id': 271, 'cid': 'sha256:006acb0b6eba8865b5f37788811202a5324df0c22ee173e2b9c8fdb619777381'}",mock
0x4f0e288fcc2707488381185b4af87d780db46a97ab4dd2e28989a2d1953454fe,86000,1,TicketReserved,"{'model_id': 'model_mnist_784_noniid', 'round': 5, 'ticket_id': 272, 'owner': 'acct_22'}",mock
0x7065ebafce974136e34eb4f3f310ce638a348e134ea5595d8d7d38e601ea53f8,93000,1,UpdatePublished,"{'model_id': 'model_mnist_784_noniid', 'round': 5, 'ticket_id': 272, 'cid': 'sha256:9483611289df29a353d302d55c5e88b1850b45c9b83bb6ed940306b9f4b2f960'}",mock
0x2c7437fb891255d6ec3c14d48564db4d71789be9d201de7aef3d0b9f3a372140,86000,1,TicketReserved,"{'model_id': 'model_mnist_784_noniid', 'round': 5, 'ticket_id': 273, 'owner': 'acct_23'}",mock
0x8a02bbe2369a006fe06f2075673cca4a78b8c38ebeb8c945ed47ccfa5bcc5db0,93000,1,UpdatePublished,"{'model_id': 'model_mnist_784_noniid', 'round': 5, 'ticket_id': 273, 'cid': 'sha256:533aff69847b0ed3e5e217b48bc3a795a0bb5afaf81cfa0b0854043b91e1b41f'}",mock
0x05bfd4b2fd69ceafd4277e3ef682f624a523b19609c37d9056aa6a5aa95bdb46,86000,1,TicketReserved,"{'model_id': 'model_mnist_784_noniid', 'round': 5, 'ticket_id': 274, 'owner': 'acct_24'}",mock
0xc6038c4d7581be96f272842bbb8b0c23484ea8a74097b19c8f8b3df650be304b,93000,1,UpdatePublished,"{'model_id': 'model_mnist_784_noniid', 'round': 5, 'ticket_id': 274, 'cid': 'sha256:0df0eeb7fb8cc9c4b764e6ef54971e3b220cd07151e8f2e3ceca1daf7662faf3'}",mock
0xa1fec38e31ffcf2a7fa5cf36fe18cbd3b9f28c5f801aa5bc00073f859d337dc3,86000,1,TicketReserved,"{'model_id': 'model_mnist_784_noniid', 'round': 5, 'ticket_id': 275, 'owner': 'acct_25'}",mock
0xeed4761432e90641dd6bc54d83c794e000bf9e7ad6394d973cc7ed5280a6abd0,93000,1,UpdatePublished,"{'model_id': 'model_mnist_784_noniid', 'round': 5, 'ticket_id': 275, 'cid': 'sha256:70a5f7392722db846079c6ea4c106ef34f4ef1496096dbc18c47630505531a82'}",mock
0x69ddc95226f9f74747b2985ff3b5c364fcf15e4517c35d2b1e77ffe9201af4c4,86000,1,TicketReserved,"{'model_id': 'model_mnist_784_noniid', 'round': 5, 'ticket_id': 276, 'owner': 'acct_26'}",mock
0x087f9fdf2a3003831d5bd6001e12be2362d5c58768accee7d4acf5683cdcdf06,93000,1,UpdatePublished,"{'model_id': 'model_mnist_784_noniid', 'round': 5, 'ticket_id': 276, 'cid': 'sha256:88e0d71a2dd912d905aa53d3ba9abd6af8bd5dafbc1c6c07bf251bb7e2b07104'}",mock
0xc75b3b30d85a25ac603a0f527dfdadc59f1f7afc9b83e20234f2053d4bde98a0,86000,1,TicketReserved,"{'model_id': 'model_mnist_784_noniid', 'round': 5, 'ticket_id': 277, 'owner': 'acct_27'}",mock
0x7e2005fad6904890c50cf8d872858522f7b7b7e9a0ed84c0b73c985d1ac17830,93000,1,UpdatePublished,"{'model_id': 'model_mnist_784_noniid', 'round': 5, 'ticket_id': 277, 'cid': 'sha256:9e395b1fe8b14a555f5701dd1267182d7bc8db98c1cb893759d9e78c373a2bad'}",mock
0x849fb6cad27e3cfab9796dd04867745e0f3c53a74ebbb757fd35f4226379f3d2,86000,1,TicketReserved,"{'model_id': 'model_mnist_784_noniid', 'round': 5, 'ticket_id': 278, 'owner': 'acct_28'}",mock
0x7ab47c58a6903f25047ae5e88d42d0baa42a47949eff87ef7d209d127b84e3f4,93000,1,UpdatePublished,"{'model_id': 'model_mnist_784_noniid', 'round': 5, 'ticket_id': 278, 'cid': 'sha256:212b96f9479f702714409141016329cf305989a2b7b6572d372c8594aa4da4b4'}",mock
0xce7d61943349595eda8bbcad48cbbf4954f0c126de4b81657e7bb2f9ce04dcff,86000,1,TicketReserved,"{'model_id': 'model_mnist_784_noniid', 'round': 5, 'ticket_id': 279, 'owner': 'acct_29'}",mock
0x4a1f701fd73286a32821ddc3ab419b7c44c7e8c28d3a311d8e193404afcaaf16,93000,1,UpdatePublished,"{'model_id': 'model_mnist_784_noniid', 'round': 5, 'ticket_id': 279, 'cid': 'sha256:c34fcc764bd48ba18eac0830e6cc47361846367bdb27d396527bbb81a1ffee10'}",mock
0x714968945d7a5bb1eb8b50ee568bbcf80476d3d418af1bba9eb98df68d90ad2b,86000,1,TicketReserved,"{'model_id': 'model_mnist_784_noniid', 'round': 5, 'ticket_id': 280, 'owner': 'acct_30'}",mock
0x49cabbcae6a38f1c5f037662a76fb2fc7dba62489639fb4985087a4488008c02,93000,1,UpdatePublished,"{'model_id': 'model_mnist_784_noniid', 'round': 5, 'ticket_id': 280, 'cid': 'sha256:2c3144df79a5e3bb0d4d0d23ecaeba28620b075cfa804ea2eef4f96a3a583874'}",mock
0x9ac240f4508f821a12a9f5be702280a347ac314564851916734294fa52917f57,86000,1,TicketReserved,"{'model_id': 'model_mnist_784_noniid', 'round': 5, 'ticket_id': 281, 'owner': 'acct_31'}",mock
0xc0d7df5e769b096443b7a70597d217f35278c2287648363f28ca5b9d941169f0,93000,1,UpdatePublished,"{'model_id': 'model_mnist_784_noniid', 'round': 5, 'ticket_id': 281, 'cid': 'sha256:6851301659d7dc3f43825e5d2771aa1e934a879b3c46620d54c618ca37d7d07e'}",mock
0x9ef2bf68bbf47e84468f0dc5ec3a615e99a7e5868ab6f0b7c3bea4bf8f4e6004,86000,1,TicketReserved,"{'model_id': 'model_mnist_784_noniid', 'round': 5, 'ticket_id': 282, 'owner': 'acct_32'}",mock
0x0443fe39638848e692b7c0dc41c2ce2270b72725f145d5e6e9c423b77779f34b,93000,1,UpdatePublished,"{'model_id': 'model_mnist_784_noniid', 'round': 5, 'ticket_id': 282, 'cid': 'sha256:58569cd078b72eb06e52f3e5b5835916a7e6ecf77208ada601f8a618a1d6da38'}",mock
0x91337d6016dd69dbf28d3d57080f04946e421ff789acc2f1adf02a8ef5158366,86000,1,TicketReserved,"{'model_id': 'model_mnist_784_noniid', 'round': 5, 'ticket_id': 283, 'owner': 'acct_33'}",mock
0x1c6af3c90baee53f81ddda94390a2758cfdb16ace2bbe6bcc553d54f803a8fdd,93000,1,UpdatePublished,"{'model_id': 'model_mnist_784_noniid', 'round': 5, 'ticket_id': 283, 'cid': 'sha256:be6de019d19f218e5789da8a40f41a1e7cb1c285e69d0ce02256d5a97cdcf728'}",mock
0x01f5fa3d478192444392acee568b9b38f5b0b82086c72eb5f7902d32bc63db18,86000,1,TicketReserved,"{'model_id': 'model_mnist_784_noniid', 'round': 5, 'ticket_id': 284, 'owner': 'acct_34'}",mock
0x0cc84a07e60b6e8ef2d50eaa72c00a0c831e147644d1c552b3730044a2cd3bc8,93000,1,UpdatePublished,"{'model_id': 'model_mnist_784_noniid', 'round': 5, 'ticket_id': 284, 'cid': 'sha256:f9f6108222a7b59728c7792cdb3eb0683aae8c2df16c30926cd02892d3e394b0'}",mock
0x332f9ad76eb75a7405415da01a82d1f01647b912f51c88db6e2094584433d0dc,86000,1,TicketReserved,"{'model_id': 'model_mnist_784_noniid', 'round': 5, 'ticket_id': 285, 'owner': 'acct_35'}",mock
0x9abcf8c0d7e57d823a7565bdd35fce146aec5111e2cf513f9cc497564d89af79,93000,1,UpdatePublished,"{'model_id': 'model_mnist_784_noniid', 'round': 5, 'ticket_id': 285, 'cid': 'sha256:32ab4f994af62b4ad4a3fd1457c8ae5b9325e7d37697c609eb37d30dcd6865e3'}",mock
0xc5fa5bc960b0b9472eb485b6f4419d66a53ef79d73abeb0cdac5e163ff1e6456,86000,1,TicketReserved,"{'model_id': 'model_mnist_784_noniid', 'round': 5, 'ticket_id': 286, 'owner': 'acct_36'}",mock
0xfbf68df389451dd702c304811fe43bb902cfe6d87bb160ecb8db123f22c25c04,93000,1,UpdatePublished,"{'model_id': 'model_mnist_784_noniid', 'round': 5, 'ticket_id': 286, 'cid': 'sha256:e8d5f6a066f302432fc1aa4fefba47039fdf31e9853c51a4bfd1c40f8e15dc49'}",mock
0x2abc580f70cdb835066bd9bfc1e5ab51ad63e99dc963a123f38a4089d3cd7bb8,86000,1,TicketReserved,"{'model_id': 'model_mnist_784_noniid', 'round': 5, 'ticket_id': 287, 'owner': 'acct_37'}",mock
0xcf229b85b69e4db13427fa5e8c9e7f192764b0fa67273e3b0682fe23bce959da,93000,1,UpdatePublished,"{'model_id': 'model_mnist_784_noniid', 'round': 5, 'ticket_id': 287, 'cid': 'sha256:b90cc575a383024b3de0fdeefd504ee7df4563f127d95943d28ae61dee5db01e'}",mock
0x1c33ec83ed5282d6bc6245036da87be081b9437cfaf2583bf06f813aa06365f0,86000,1,TicketReserved,"{'model_id': 'model_mnist_784_noniid', 'round': 5, 'ticket_id': 288, 'owner': 'acct_38'}",mock
0x5289ff3a66f3fba9794109c4b4962c61fefbe6bf48d37c3c6e3efb022c427352,93000,1,UpdatePublished,"{'model_id': 'model_mnist_784_noniid', 'round': 5, 'ticket_id': 288, 'cid': 'sha256:f8ac134c56d68b40642ff5df931047951ccad662cf2d71af0f3a21862d0ab5d3'}",mock
0xe248d91b2a7cc0b6c23791c8932e0d457629d8f5c37a828e3a22509d35aefc4e,86000,1,TicketReserved,"{'model_id': 'model_mnist_784_noniid', 'round': 5, 'ticket_id': 289, 'owner': 'acct_39'}",mock
0x916937912ce2aaf81ea681d93bd46c7be6ca859f2d992dbccc4ff01b96d7f266,93000,1,UpdatePublished,"{'model_id': 'model_mnist_784_noniid', 'round': 5, 'ticket_id': 289, 'cid': 'sha256:d1aeb4b3f2bc4c5da83d0baf7802892d2200b110546882c807843d6872d35442'}",mock
0xd175a255e57caecf184a7904bf74c913ecaf32468f5981d027d3cd65b0ff1311,86000,1,TicketReserved,"{'model_id': 'model_mnist_784_noniid', 'round': 5, 'ticket_id': 290, 'owner': 'acct_40'}",mock
0x49f42ca0544448b48977d122eae60d4915e95ea8b18c17d19332916be072c3d3,93000,1,UpdatePublished,"{'model_id': 'model_mnist_784_noniid', 'round': 5, 'ticket_id': 290, 'cid': 'sha256:a18c7319b5c33c7e45612c650d85145f7318ac2ec0906579ce5ec0451e5c1f94'}",mock
0x74d9e215916db39fdb9db5a1eeb4093888300d1673932fd5501b09e4b4ab8c42,86000,1,TicketReserved,"{'model_id': 'model_mnist_784_noniid', 'round': 5, 'ticket_id': 291, 'owner': 'acct_41'}",mock
0x11ba850fbb2514a1afd13bf694caaa4112b35502afc27cea0eaee76626672170,93000,1,UpdatePublished,"{'model_id': 'model_mnist_784_noniid', 'round': 5, 'ticket_id': 291, 'cid': 'sha256:b6b00b9d90b80235ffa9d1faf47f0e955307ce100b2ab6174a14ec7883fdb9e8'}",mock
0x3327924b3361c55565e960764614d98dadbe646e345bb2a061629ebbe4f3da4d,86000,1,TicketReserved,"{'model_id': 'model_mnist_784_noniid', 'round': 5, 'ticket_id': 292, 'owner': 'acct_42'}",mock
0x44620b61e80d6eb8c55d8f8675ab44d63dba2ed02f24c7acb792719d840fbf4a,93000,1,UpdatePublished,"{'model_id': 'model_mnist_784_noniid', 'round': 5, 'ticket_id': 292, 'cid': 'sha256:9d8080d7f693857aa6a47d66534182044791fe44ec7acec1d6eefce31fa3cf95'}",mock
0x95a7b1724d854ab10252e5eb929874876267deeaf8e2b0d610f9109ec4b41c21,86000,1,TicketReserved,"{'model_id': 'model_mnist_784_noniid', 'round': 5, 'ticket_id': 293, 'owner': 'acct_43'}",mock
0x920d31bcc38d88ee8b9af1dc0b798ab9c1b3715bc0d7d9ea273c224123d588d3,93000,1,UpdatePublished,"{'model_id': 'model_mnist_784_noniid', 'round': 5, 'ticket_id': 293, 'cid': 'sha256:a9d922c01c4ec1c23478dae778e32fa10fa570fd357549c08b8ef7a44b8535d9'}",mock
0x49381b3b108997c7008196d9f870c0213886090653a550f25aedece872100f33,86000,1,TicketReserved,"{'model_id': 'model_mnist_784_noniid', 'round': 5, 'ticket_id': 294, 'owner': 'acct_44'}",mock
0x9cc1650254f36475fc80708501bc13c04944cf5aad6c14dd8b25498e6b97c349,93000,1,UpdatePublished,"{'model_id': 'model_mnist_784_noniid', 'round': 5, 'ticket_id': 294, 'cid': 'sha256:fb6aa7be1fb47ab6f60756f0954d786999e2f7a4a0661502b5c1a6d21d88a6c0'}",mock
0xc05c42b834483f7c515d3753c1dd6fe8721ee2adbc5cfb2b6c90fe19781d608a,86000,1,TicketReserved,"{'model_id': 'model_mnist_784_noniid', 'round': 5, 'ticket_id': 295, 'owner': 'acct_45'}",mock
0x75ee4d0b234a724c2679138c5a17a884e6571b6355e269a7bc043cc3062c0bd1,93000,1,UpdatePublished,"{'model_id': 'model_mnist_784_noniid', 'round': 5, 'ticket_id': 295, 'cid': 'sha256:ae041cec5835bb1feb6a7649cb1c5770309789caf9626c8b1d6667e5244656c2'}",mock
0x02afd293222f80039b4d051beda3a202927028b13fd31637524ed44613039b0e,86000,1,TicketReserved,"{'model_id': 'model_mnist_784_noniid', 'round': 5, 'ticket_id': 296, 'owner': 'acct_46'}",mock
0xfe270912629ca774006023776e872d1de5b25606f9d3ec352be004260add5bb3,93000,1,UpdatePublished,"{'model_id': 'model_mnist_784_noniid', 'round': 5, 'ticket_id': 296, 'cid': 'sha256:08329d5839f81d991bd605adbba53796aa4469033dbdaa4f2439e57636b953f2'}",mock
0xae2ca86406d145daf4da37a7a9aac26853272b05d5833b8047c11c54c3357ffe,86000,1,TicketReserved,"{'model_id': 'model_mnist_784_noniid', 'round': 5, 'ticket_id': 297, 'owner': 'acct_47'}",mock
0x937b887f62273c6b7c649f067d986df1bcf23361e50d6ac9dfe081d228058321,93000,1,UpdatePublished,"{'model_id': 'model_mnist_784_noniid', 'round': 5, 'ticket_id': 297, 'cid': 'sha256:4793ef4e09c1cadd1b42418018c5d00c88fd1cdf41c3e753b969cdb9290451b1'}",mock
0xeb1751660092da87611fc3306b4c4d254f147f90b5b2789d97fafdd076cdc8eb,86000,1,TicketReserved,"{'model_id': 'model_mnist_784_noniid', 'round': 5, 'ticket_id': 298, 'owner': 'acct_48'}",mock
0xccb91439a5f7ed4d12bf3730b99db0acce553c19d8cc38b4ccc562640d636a64,93000,1,UpdatePublished,"{'model_id': 'model_mnist_784_noniid', 'round': 5, 'ticket_id': 298, 'cid': 'sha256:5cd067859c29a861772fd8ec4097a7de9a7eb5656ac7d5ebe4ca142b7cc20db5'}",mock
0xe1963c84289255258613ba43feb1759ab90aa64e36d83d0225680a255b7337f1,86000,1,TicketReserved,"{'model_id': 'model_mnist_784_noniid', 'round': 5, 'ticket_id': 299, 'owner': 'acct_49'}",mock
0xda1571ace456a59b0fed7fb15b01671f96ec4db9e99c99bf8b6b72b53c43cfc5,93000,1,UpdatePublished,"{'model_id': 'model_mnist_784_noniid', 'round': 5, 'ticket_id': 299, 'cid': 'sha256:49d71817d6b43154449f4cb0dbe83b2b932e5b1bd346cd284a66904c6766715a'}",mock
0xf1bc69544c2e04cd6d56daf894857ce857f1da1d67355792c481ffb43b692bd4,86000,1,TicketReserved,"{'model_id': 'model_mnist_784_noniid', 'round': 5, 'ticket_id': 300, 'owner': 'acct_50'}",mock
0x6307800c52970178c6f59733bb02478912ad3355653fbbe462cb765602f387d0,93000,1,UpdatePublished,"{'model_id': 'model_mnist_784_noniid', 'round': 5, 'ticket_id': 300, 'cid': 'sha256:39ae6938ae0fd4a5a3a4e5f2b7c1a0a30dc91fe57eac08feb49bbc8b4d9c7f01'}",mock
0xf0f227b9c4d2358d8b0c22de43370f4b5de903598932a00b1922b9686823b8a1,1065000,1,RoundFinalized,"{'model_id': 'model_mnist_784_noniid', 'round': 5, 'included': 47, 'refunds': 47}",mock
0x6ce80780919732f1d60c4eb4d05c411205fe65592fac0f9cf32d3243da10ba72,52000,1,RoundFunded,"{'model_id': 'model_mnist_784_noniid', 'amount_wei': 10000000000000000}",mock
0x9aa2dfceb5b5e4a06c068e98aac61f34116ce7bf5bab01f957c2e538f2914144,86000,1,TicketReserved,"{'model_id': 'model_mnist_784_noniid', 'round': 6, 'ticket_id': 301, 'owner': 'acct_1'}",mock
0x4041179650c5f592385b1dd86420c7eccb1227f958c5351198449bbe31f12cb2,93000,1,UpdatePublished,"{'model_id': 'model_mnist_784_noniid', 'round': 6, 'ticket_id': 301, 'cid': 'sha256:334a5fc0670c9b5a7740d31a2f87e0b19af8bc25c71d029594efc1981269ec09'}",mock
0xc1d3f269365dd936aa891d171592caa624b3c5f955142746841f8b3f2b384190,86000,1,TicketReserved,"{'model_id': 'model_mnist_784_noniid', 'round': 6, 'ticket_id': 302, 'owner': 'acct_2'}",mock
0xac38be0c3d79ba23461626badbbdd16d9dd6d06dec66e1d0174f5e1da4837e91,93000,1,UpdatePublished,"{'model_id': 'model_mnist_784_noniid', 'round': 6, 'ticket_id': 302, 'cid': 'sha256:ce46aacdd0ad8fcd6ffa5274632d88ddd150e0f9fbbd551180ee575efc3b9b39'}",mock
0x8bbd0f6885d60ddab613c4bba7e73f62ef6590cf21f790ea83b0ea7395cdd479,86000,1,TicketReserved,"{'model_id': 'model_mnist_784_noniid', 'round': 6, 'ticket_id': 303, 'owner': 'acct_3'}",mock
0xb3d4558ec21bcad9244cf84b1b93cefa246b28cab590e6b61dcbaaea66a8ecab,93000,1,UpdatePublished,"{'model_id': 'model_mnist_784_noniid', 'round': 6, 'ticket_id': 303, 'cid': 'sha256:57f8c06be215a1665d203a051f5164ded16c8d3c556469f826a918448e5d9b68'}",mock
0x1076818401f91bb9adf6c72afbad166e84631d8e6e0a5f2962403c5460e8e7bb,86000,1,TicketReserved,"{'model_id': 'model_mnist_784_noniid', 'round': 6, 'ticket_id': 304, 'owner': 'acct_4'}",mock
0x43c51170005ad0c48e31618ecd4a936dd826a628124313847535543417b608e4,93000,1,UpdatePublished,"{'model_id': 'model_mnist_784_noniid', 'round': 6, 'ticket_id': 304, 'cid': 'sha256:6939bc72305f9f8f5e4127c2bf9f226fede2cadcabc4da3880c50d48ba8af08d'}",mock
0x4d96c5119dbb0e7c5d47c518433f8d413c6fda557eb19abffdff0857566399c6,86000,1,TicketReserved,"{'model_id': 'model_mnist_784_noniid', 'round': 6, 'ticket_id': 305, 'owner': 'acct_5'}",mock
0xc6acfbf566db1c1404f5d14bcf296f507d167e7d105ba812aa946169834b89a5,93000,1,UpdatePublished,"{'model_id': 'model_mnist_784_noniid', 'round': 6, 'ticket_id': 305, 'cid': 'sha256:8f2aec8534fbcbbd44260a6fe5d3b1d05ad6a9a7d8aa22e6fed26e370c2e3626'}",mock
0x2270481380ee10115c9eca77c01b5f9c12efca846bf9bc47793bd4a55c62c18b,86000,1,TicketReserved,"{'model_id': 'model_mnist_784_noniid', 'round': 6, 'ticket_id': 306, 'owner': 'acct_6'}",mock
0xf8ef37c11bc5abe6a14ea75b12f561c930d373411152bc1573ca30aadfa10d53,93000,1,UpdatePublished,"{'model_id': 'model_mnist_784_noniid', 'round': 6, 'ticket_id': 306, 'cid': 'sha256:d26c7a36af6506c7160d3f7e44fe372af015f492f5bd55843e723c72e605f670'}",mock
0x813ae1c2a50602eaf7e9e2f4b922fa02e29f13ba01b9c59ed35b29845c6d712b,86000,1,TicketReserved,"{'model_id': 'model_mnist_784_noniid', 'round': 6, 'ticket_id': 307, 'owner': 'acct_7'}",mock
0xf95c534de0eb447804f3597ecb19c3e25fd6c4fe7946775dfefc9ac416b6dac9,93000,1,UpdatePublished,"{'model_id': 'model_mnist_784_noniid', 'round': 6, 'ticket_id': 307, 'cid': 'sha256:9dca624c24b6e7bf10ecceb2667b53499fd5928a833f81420782e45f307fc979'}",mock
0xd83c55110afc7966f0e347c05cd00ca109cf4f998b41dcb7d1f38ba0ab9d91b9,86000,1,TicketReserved,"{'model_id': 'model_mnist_784_noniid', 'round': 6, 'ticket_id': 308, 'owner': 'acct_8'}",mock
0xb26c0bcd36c549513704700b1eedfaa69d9dd6e7c552ee76ff4be6c6bb123128,93000,1,UpdatePublished,"{'model_id': 'model_mnist_784_noniid', 'round': 6, 'ticket_id': 308, 'cid': 'sha256:bd2a04ae278b6a13ff768017f60485652ec60ae6a0d73ae38f4d7d9d393d298a'}",mock
0x8dd16eca8865181c952e3a77d42c710df0b24a6432ad33fd8d622cceb2384ae7,86000,1,TicketReserved,"{'model_id': 'model_mnist_784_noniid', 'round': 6, 'ticket_id': 309, 'owner': 'acct_9'}",mock
0xcd460b003fdb943ad99b88efa45a6091614e7e7af2cc7a697282cb35682e16f9,93000,1,UpdatePublished,"{'model_id': 'model_mnist_784_noniid', 'round': 6, 'ticket_id': 309, 'cid': 'sha256:bb52855fad773a669da4261e6ab6b6f83e99fccf39722fad71fb53bcbf6c2df0'}",mock
0x630ec9e342bc58a8b217423bdd3160570cd3a319adb35f95cec2178981c3c639,86000,1,TicketReserved,"{'model_id': 'model_mnist_784_noniid', 'round': 6, 'ticket_id': 310, 'owner': 'acct_10'}",mock
0xfc365da0e1ca051638c8a10caa88c7cd2421767ca9bacaf1a3d144a9e4be084e,93000,1,UpdatePublished,"{'model_id': 'model_mnist_784_noniid', 'round': 6, 'ticket_id': 310, 'cid': 'sha256:903abd94bc1eb94a70601bfde1960c907a6d3e000550a201587126ab2bdd511c'}",mock
0xa25361cdd9a2db2aa7a89722a8a19da59469e54cdf6be2c933d6db528d8f26b0,86000,1,TicketReserved,"{'model_id': 'model_mnist_784_noniid', 'round': 6, 'ticket_id': 311, 'owner': 'acct_11'}",mock
0x494fc8efbc07d8d2505229995c468f662971ffc98d57e3e7948460693d4ff114,93000,1,UpdatePublished,"{'model_id': 'model_mnist_784_noniid', 'round': 6, 'ticket_id': 311, 'cid': 'sha256:a11f11a67b2c05ec588e1ef6b2ca5dd4eae36ccb2893e6007a2bf1f9c8c5caf3'}",mock
0x0d8f692355356de7468d347b641d583048b018db3f7076a963bc8bf6588b2e32,86000,1,TicketReserved,"{'model_id': 'model_mnist_784_noniid', 'round': 6, 'ticket_id': 312, 'owner': 'acct_12'}",mock
0x4d0b371fedf8a7370cf02637c0036d9cf727b9a9ad89adc6ce577271c0bd1e34,93000,1,UpdatePublished,"{'model_id': 'model_mnist_784_noniid', 'round': 6, 'ticket_id': 312, 'cid': 'sha256:a3d869bdeb650070e9175d1858471a78795fdce45fb98b93557aa05c2176d18f'}",mock
0x57e16de061c225ca451359016ff7910cd6c92f16936448be3fbd859e4de721ed,86000,1,TicketReserved,"{'model_id': 'model_mnist_784_noniid', 'round': 6, 'ticket_id': 313, 'owner': 'acct_13'}",mock
0x1d8a216254df2bbad4b0d9fd9d1bad894241c3b88fa6f1ca71f076e7a0aa0591,93000,1,UpdatePublished,"{'model_id': 'model_mnist_784_noniid', 'round': 6, 'ticket_id': 313, 'cid': 'sha256:28c6ce656e6a33b5875db4af9d983cf2a0a0e79cdfd164f54e39f7276424a324'}",mock
0x9f6ffe7f532f8d76a301351e10ed09e1584b46e138bb936a41c56d4ad7507546,86000,1,TicketReserved,"{'model_id': 'model_mnist_784_noniid', 'round': 6, 'ticket_id': 314, 'owner': 'acct_14'}",mock
0x0fef741e3df3afa154c46e93bbce722fb4f9283f8527da7ee954c62b972d1543,93000,1,UpdatePublished,"{'model_id': 'model_mnist_784_noniid', 'round': 6, 'ticket_id': 314, 'cid': 'sha256:3ef66d107795c10c32a934168c64498fb27ed0865fdddb505f36af6f91da4343'}",mock
0xa878c9ffdfa285b6a63f4b85b75e0cd2df6b2f1fe5768f096a6c8768e31154e8,86000,1,TicketReserved,"{'model_id': 'model_mnist_784_noniid', 'round': 6, 'ticket_id': 315, 'owner': 'acct_15'}",mock
0xf6f79b7a4526591edbba9fcc58ecf1947336a6ee89801c4f750a9959388d56e0,93000,1,UpdatePublished,"{'model_id': 'model_mnist_784_noniid', 'round': 6, 'ticket_id': 315, 'cid': 'sha256:ec910b51411be4310760018070ae682e5172db9b2620eafcc2e6a89185bf05e1'}",mock
0x9bc56901e359fcb3f075be60d5ccf4af55f4f2411cde2f6e662e8be49cdc417b,86000,1,TicketReserved,"{'model_id': 'model_mnist_784_noniid', 'round': 6, 'ticket_id': 316, 'owner': 'acct_16'}",mock
0x967313905ef02fcae796337f1e391de4ae52dab344f7e40848804682f6c79e2e,93000,1,UpdatePublished,"{'model_id': 'model_mnist_784_noniid', 'round': 6, 'ticket_id': 316, 'cid': 'sha256:d94cbb45347a8274ad467889daf5d61a5b1bc2520d3559aa92412f1b9715d58b'}",mock
0xbffd97c8f6dc0fcc5fffbb6bafe9b997f040570825f8928fd1228c4503d0be9f,86000,1,TicketReserved,"{'model_id': 'model_mnist_784_noniid', 'round': 6, 'ticket_id': 317, 'owner': 'acct_17'}",mock
0xbb3abd184381bdc12cf6a2f6d3aec4d7c4706e2801b6eed0ed3fc3995539b2b1,93000,1,UpdatePublished,"{'model_id': 'model_mnist_784_noniid', 'round': 6, 'ticket_id': 317, 'cid': 'sha256:5f2952d7f4b5e406b50929656d32f7793cee985812d98085a4ee1bc221087477'}",mock
0x2147176867cf7264473f8a412f0e882a887b92150dd089932ab9cba06128f9fc,86000,1,TicketReserved,"{'model_id': 'model_mnist_784_noniid', 'round': 6, 'ticket_id': 318, 'owner': 'acct_18'}",mock
0xb71122a06e298d753b2b0d74311f8c6d3a1968a906b0e0eabfff55e94c321e56,93000,1,UpdatePublished,"{'model_id': 'model_mnist_784_noniid', 'round': 6, 'ticket_id': 318, 'cid': 'sha256:4bcc4832871ae2e0b5e37d22da729d8f2bd82ace528db20751fc8b96a1140bf5'}",mock
0xf20d73a97c0d2461b5c6aee2a986db652ef2faa8bb9708a8167e6cbe0ac4b12a,86000,1,TicketReserved,"{'model_id': 'model_mnist_784_noniid', 'round': 6, 'ticket_id': 319, 'owner': 'acct_19'}",mock
0x2e41812ea3d2df6e73cfeca7ae02d934d3c77e191ced11bbfadcc479c026a4dc,93000,1,UpdatePublished,"{'model_id': 'model_mnist_784_noniid', 'round': 6, 'ticket_id': 319, 'cid': 'sha256:d56b1221f5b586384f1125d45685b48db03bd15b84faee792f765e270f827755'}",mock
0xbfdb0bcd9630f1cdcca9086c071078953d34b4cc243ad4ca62b9457efeddb14a,86000,1,TicketReserved,"{'model_id': 'model_mnist_784_noniid', 'round': 6, 'ticket_id': 320, 'owner': 'acct_20'}",mock
0x0b9ca138c3e8971fe49a55fdb4ca251168691b71805009d2a55fc9c573bdea50,93000,1,UpdatePublished,"{'model_id': 'model_mnist_784_noniid', 'round': 6, 'ticket_id': 320, 'cid': 'sha256:1eacf9f0dfd0f97b92910f4d4dc25d58aeb513c9f4d685f6011b8b52643456d9'}",mock
0x5dce273ea156a58569ef043a1d1b4bdd3d27b452549a92d8ad37f23200478963,86000,1,TicketReserved,"{'model_id': 'model_mnist_784_noniid', 'round': 6, 'ticket_id': 321, 'owner': 'acct_21'}",mock
0x08854c85559cbbe55137179aa054ff07257961d7e1ada7b390864a1c1dba82d4,93000,1,UpdatePublished,"{'model_id': 'model_mnist_784_noniid', 'round': 6, 'ticket_id': 321, 'cid': 'sha256:cd95db2a8bae405e9f1bec42c0368571f7fa1841f6135a1b958601e61281552e'}",mock
0x624ea7f7647bc777c036ead7028b1ca3d9596e0de0892edb485d0291e74d8f81,86000,1,TicketReserved,"{'model_id': 'model_mnist_784_noniid', 'round': 6, 'ticket_id': 322, 'owner': 'acct_22'}",mock
0x4bd75d7e30af7d2d1e579cd8b4bfaabe7f4db1b4292d476af47a103183ea050b,93000,1,UpdatePublished,"{'model_id': 'model_mnist_784_noniid', 'round': 6, 'ticket_id': 322, 'cid': 'sha256:23eccce6def87b4f9412896fdb654cff9b593ce43bc350d864e62c0b39a411e3'}",mock
0x61e8e0489f485f178686f03698a84c1faf8986c08b7de519b4161482a5cdd226,86000,1,TicketReserved,"{'model_id': 'model_mnist_784_noniid', 'round': 6, 'ticket_id': 323, 'owner': 'acct_23'}",mock
0x296f7967be05f0678142b4dec73715f028450e417f7e7b7678da37231eea14f2,93000,1,UpdatePublished,"{'model_id': 'model_mnist_784_noniid', 'round': 6, 'ticket_id': 323, 'cid': 'sha256:2896648eb41c29a3189bbc439ae43790ce59e1e0f00511dbe63abc26ba5b2930'}",mock
0x8e9f5877a4f965b84a02b32562adad0592fb4131ab6414346fc68c98f468677f,86000,1,TicketReserved,"{'model_id': 'model_mnist_784_noniid', 'round': 6, 'ticket_id': 324, 'owner': 'acct_24'}",mock
0x7b101179e3439cc4e313a3c0f04dcd03c7d26f85db924438661523ce71acfebb,93000,1,UpdatePublished,"{'model_id': 'model_mnist_784_noniid', 'round': 6, 'ticket_id': 324, 'cid': 'sha256:0c4d493745cc705d2146896cf089856c5f1458f9905b7790587002a06c5dd884'}",mock
0xb3ed7e362ebca934621d4eec6826b58749c6ecef96c4c44ceb5cf3d8cb48235f,86000,1,TicketReserved,"{'model_id': 'model_mnist_784_noniid', 'round': 6, 'ticket_id': 325, 'owner': 'acct_25'}",mock
0x9f4b2179e72a86cee807d20924435c733317b19815cef79d52f4a2efb4af6f7e,93000,1,UpdatePublished,"{'model_id': 'model_mnist_784_noniid', 'round': 6, 'ticket_id': 325, 'cid': 'sha256:1b0bef0894e646577a31dec4a16f1e14ebc2f83a63845969e7d3b1c581a31776'}",mock
0x14e2d38c2b68f1a79e2e52d80e6ff659409d4ddf151aa7ba835c506e7e814364,86000,1,TicketReserved,"{'model_id': 'model_mnist_784_noniid', 'round': 6, 'ticket_id': 326, 'owner': 'acct_26'}",mock
0xc60840a17ab647d27e9f29d8c2824888b7e1ace59378e3cb2d0234b311d10a05,93000,1,UpdatePublished,"{'model_id': 'model_mnist_784_noniid', 'round': 6, 'ticket_id': 326, 'cid': 'sha256:3ab65f9dbfe3afbc79bde3ab79bd14f55441d3c917f9821e7404035253d87d20'}",mock
0x49f72a605cb38d3471184e2aa98ff651735bd806bf257c2eafab62fd4d26b208,86000,1,TicketReserved,"{'model_id': 'model_mnist_784_noniid', 'round': 6, 'ticket_id': 327, 'owner': 'acct_27'}",mock
0x1d14da111a407ca6f24c52a14a0b2423c0e37973d64a463bf25a939c6119d1f0,93000,1,UpdatePublished,"{'model_id': 'model_mnist_784_noniid', 'round': 6, 'ticket_id': 327, 'cid': 'sha256:1ca30b5f3b00b454105c68d8bf7006d72247814a37a1520c13b4d755e9b43197'}",mock
0x35b0de98990f921a3e54651a30e314b818fddf3c74cb06979d4fd8225b38db25,86000,1,TicketReserved,"{'model_id': 'model_mnist_784_noniid', 'round': 6, 'ticket_id': 328, 'owner': 'acct_28'}",mock
0x83021d72ea2424afa6189055256d1d0ea0ecce9cefdab0d8ad16ed3a1cbf4c1c,93000,1,UpdatePublished,"{'model_id': 'model_mnist_784_noniid', 'round': 6, 'ticket_id': 328, 'cid': 'sha256:1d239bcce81172a9bcc064bc95c6d7347b7757592798d860868bcd39e7b113e9'}",mock
0xed8007e4e343d272a302b19680f35cd59c3a58c9a9a7484630bffbe079f6bc81,86000,1,TicketReserved,"{'model_id': 'model_mnist_784_noniid', 'round': 6, 'ticket_id': 329, 'owner': 'acct_29'}",mock
0x6891a7801c610fb8877f8aa835da89b88ea7801e5534ed5acf20f20fd309fa7d,93000,1,UpdatePublished,"{'model_id': 'model_mnist_784_noniid', 'round': 6, 'ticket_id': 329, 'cid': 'sha256:0558bc7594dc9d1be002df0cbd977f7cb5ce585ac3985faa50f9b8d8e7f1960b'}",mock
0xca875f58f173f69535b87f997b90db9b96748aa605748c40bd14c3e364b37f13,86000,1,TicketReserved,"{'model_id': 'model_mnist_784_noniid', 'round': 6, 'ticket_id': 330, 'owner': 'acct_30'}",mock
0x4d51f6e983d3406becee26d0daed74bb9084e259468da9b0d9fd50e82ce0eb78,93000,1,UpdatePublished,"{'model_id': 'model_mnist_784_noniid', 'round': 6, 'ticket_id': 330, 'cid': 'sha256:f8084c928d85104ba0ec14150e94f1fb79a8d8ca685a15c885bd151de038a7f3'}",mock
0x53c1f30ebdf7537efac3e265b90bafc86e18be9653ee3cfc0d8cccb59fc32c30,86000,1,TicketReserved,"{'model_id': 'model_mnist_784_noniid', 'round': 6, 'ticket_id': 331, 'owner': 'acct_31'}",mock
0x86a45caf43f9989f8b3f90ca9f0261aa25bd952fe10d695c82a88c4f0f62fe0b,93000,1,UpdatePublished,"{'model_id': 'model_mnist_784_noniid', 'round': 6, 'ticket_id': 331, 'cid': 'sha256:96aeee586330824297cf6d4bfba5d39cc52d34fcea1c7a451261554622f282e3'}",mock
0x7f1d5a5d52841ddeb1c3074b77294f287ff6ac597a68febf1a7f755536dc6647,86000,1,TicketReserved,"{'model_id': 'model_mnist_784_noniid', 'round': 6, 'ticket_id': 332, 'owner': 'acct_32'}",mock
0x4f46f1e295d6792e267f3f5609fbc24a8a40e16c6b2ce91ed801b71f42e6acb6,93000,1,UpdatePublished,"{'model_id': 'model_mnist_784_noniid', 'round': 6, 'ticket_id': 332, 'cid': 'sha256:32c05b76be5e1a5d0f9618e81fe9a3e8439894e1b661d36c3ec4c34d0907901c'}",mock
0xe06ea805d48a90f9ab9e6b0c08705d8bd76c5322fd50692bebb0040a74c7a14c,86000,1,TicketReserved,"{'model_id': 'model_mnist_784_noniid', 'round': 6, 'ticket_id': 333, 'owner': 'acct_33'}",mock
0x1fc61bfe8bed3b514a68525f7e1f3ae4cd046c195fc582cb003fa7409b472000,93000,1,UpdatePublished,"{'model_id': 'model_mnist_784_noniid', 'round': 6, 'ticket_id': 333, 'cid': 'sha256:7451425821fbbfc7a7b655fe5ffb415f49188fb510c51574d4d8888dc093ef34'}",mock
0x83dc863f72d2904777f6125b4db72af3cee8e2ae0ef667eaac95342e14583b81,86000,1,TicketReserved,"{'model_id': 'model_mnist_784_noniid', 'round': 6, 'ticket_id': 334, 'owner': 'acct_34'}",mock
0x0e93fd90be87c1d10fe06cff03f7bf70c3977995395e4e0059a8b10818d49abd,93000,1,UpdatePublished,"{'model_id': 'model_mnist_784_noniid', 'round': 6, 'ticket_id': 334, 'cid': 'sha256:273f974a1365d2266c1f951c0186ce69ee8bc963630224f847cf3516987ad64f'}",mock
0xfb982b6fe9be877c930c154b59d926d53d3bc01ab3d30fe67105bbc95f19e0fd,86000,1,TicketReserved,"{'model_id': 'model_mnist_784_noniid', 'round': 6, 'ticket_id': 335, 'owner': 'acct_35'}",mock
0xf65b6f5206f05cae2dfba870944cdd781985a4a61c5d36f9ebf14b1359d12e1a,93000,1,UpdatePublished,"{'model_id': 'model_mnist_784_noniid', 'round': 6, 'ticket_id': 335, 'cid': 'sha256:69ae337dc6dec731cc02be77cc45442c2c4434c3c1a12f0deb81833d3514fb7d'}",mock
0xd979c1caaf7897e906b94a36f93b74c098a37fa0bb096dc4f87f6b82293a3ce9,86000,1,TicketReserved,"{'model_id': 'model_mnist_784_noniid', 'round': 6, 'ticket_id': 336, 'owner': 'acct_36'}",mock
0xaa1edc1c587c92939600764918d3c2f7dba716d6bade745feed0039424093891,93000,1,UpdatePublished,"{'model_id': 'model_mnist_784_noniid', 'round': 6, 'ticket_id': 336, 'cid': 'sha256:c885d7acb73795dae7fdf48005f745c46062237c0a25f2a48b1373b16308f6d3'}",mock
0xf30b5c260cf10032134a0a7ccf2dae5913404e15a0112c3643dcb4e3a9fc8668,86000,1,TicketReserved,"{'model_id': 'model_mnist_784_noniid', 'round': 6, 'ticket_id': 337, 'owner': 'acct_37'}",mock
0x20d4700fac45721b1254e2ff48688f515d9d6b8662189b0adf1ecb514fc35669,93000,1,UpdatePublished,"{'model_id': 'model_mnist_784_noniid', 'round': 6, 'ticket_id': 337, 'cid': 'sha256:9327e165bcbcb05768b02a5252846f0c01af14f08673fdb76fe2d55fd92620d0'}",mock
0xc6383400d857476b1ef686318675ca200b059f6bff75e5f8c31961507208e1a1,86000,1,TicketReserved,"{'model_id': 'model_mnist_784_noniid', 'round': 6, 'ticket_id': 338, 'owner': 'acct_38'}",mock
0x2a9b59ddcb1db355619f833bf9ba6e8ea342fa5326bbed6f83697c53f1fc55ee,93000,1,UpdatePublished,"{'model_id': 'model_mnist_784_noniid', 'round': 6, 'ticket_id': 338, 'cid': 'sha256:464b4081cd843bf2ee809579613e17793f6072141331d8cbd56a1dd92a14c6e7'}",mock
0x4a1a91b558a91778830c327ec76a0d07518cd918c93792f0dd01ca00073c30ab,86000,1,TicketReserved,"{'model_id': 'model_mnist_784_noniid', 'round': 6, 'ticket_id': 339, 'owner': 'acct_39'}",mock
0x688ea5837e2b6dca3fce23752d6781a2ac945ef4e4bcb83893f5aee16c04e7b2,93000,1,UpdatePublished,"{'model_id': 'model_mnist_784_noniid', 'round': 6, 'ticket_id': 339, 'cid': 'sha256:6bf6f89a9e41c0038ca6340ea8b6532b2beac65d0b9faf81f33bb80742eeebb6'}",mock
0x5c90aeac2506b6d8419e39aded52a801976dccd3d31f25a8ad5742f66d0f8f59,86000,1,TicketReserved,"{'model_id': 'model_mnist_784_noniid', 'round': 6, 'ticket_id': 340, 'owner': 'acct_40'}",mock
0x1e02b7db05fc4b69d4eba0e23b8cc8ad623642b5c944e26806de25b18518601e,93000,1,UpdatePublished,"{'model_id': 'model_mnist_784_noniid', 'round': 6, 'ticket_id': 340, 'cid': 'sha256:5ce9be8f086607e29c23348bc3993716fdd3eebe08b88500a354bb6f7c3e3da1'}",mock
0xf85b740f5764b5810f54dbeb7bd27a09aef4407dfa405c7f919ccffe9f273b9e,86000,1,TicketReserved,"{'model_id': 'model_mnist_784_noniid', 'round': 6, 'ticket_id': 341, 'owner': 'acct_41'}",mock
0x2ff116466e6da419f01ca81790e5c8d0d29e0177eb0b25d24de508848adae397,93000,1,UpdatePublished,"{'model_id': 'model_mnist_784_noniid', 'round': 6, 'ticket_id': 341, 'cid': 'sha256:ff315d6779c9b40f68093dd72c46755891be9e190842b0b18563219f00de4ace'}",mock
0xf1e6bf34e339f7481bc8841292265d6e8a78ed95224e5ac8872c8cf31a33dbce,86000,1,TicketReserved,"{'model_id': 'model_mnist_784_noniid', 'round': 6, 'ticket_id': 342, 'owner': 'acct_42'}",mock
0x0bad7c9b4e169c0fb2a099cd0d2236490646bb46ff91dc84cfdac9830344fa41,93000,1,UpdatePublished,"{'model_id': 'model_mnist_784_noniid', 'round': 6, 'ticket_id': 342, 'cid': 'sha256:a6317ade4eebf3619e49a362f43aa01a560e2d4457eb4b82475f09e48a53b9b0'}",mock
0x4bde6bc975ab8f7cd2719d320b556dbceb4389f18037ea6790ec5f5c71f72866,86000,1,TicketReserved,"{'model_id': 'model_mnist_784_noniid', 'round': 6, 'ticket_id': 343, 'owner': 'acct_43'}",mock
0x7890a4994b94eeab0e36bddc3939d6dc9a00239ea9cffa1b1e759ee2d0e16858,93000,1,UpdatePublished,"{'model_id': 'model_mnist_784_noniid', 'round': 6, 'ticket_id': 343, 'cid': 'sha256:8efabe345f9e72914a2cce6fb7926d1cac1cd1f8090a87b45c6cf66a6d089808'}",mock
0xb572bf5082f0a75b55b509321fe01f35efa2ba2af2336e8c717986e38ec998ee,86000,1,TicketReserved,"{'model_id': 'model_mnist_784_noniid', 'round': 6, 'ticket_id': 344, 'owner': 'acct_44'}",mock
0x29eab41c1ad4704bfef405d2a89c8ea9ad14cb81b3fc1ba02eb97a5fced938b8,93000,1,UpdatePublished,"{'model_id': 'model_mnist_784_noniid', 'round': 6, 'ticket_id': 344, 'cid': 'sha256:012e4ae6a2b37d1e7c480aedeb3dbda3766e9c0711694a5b2b08d7ffefe2d631'}",mock
0xd7ab18a47e112bb013a1658581296fda8a8839d598d50437fa41594841cd5fce,86000,1,TicketReserved,"{'model_id': 'model_mnist_784_noniid', 'round': 6, 'ticket_id': 345, 'owner': 'acct_45'}",mock
0x53bf834b989e1ee51b28e0cd625689cc2d6f0ec13cb6d6f36d076d8790cc784d,93000,1,UpdatePublished,"{'model_id': 'model_mnist_784_noniid', 'round': 6, 'ticket_id': 345, 'cid': 'sha256:baf975987e8e738cc142192603ba6eb9b945c7d56eb32c65f63837f7e9788fac'}",mock
0xcaab30b60e1c5f19bb09dab26cd30128389fff6c8294bb1ef0ec492a5f1b6bfe,86000,1,TicketReserved,"{'model_id': 'model_mnist_784_noniid', 'round': 6, 'ticket_id': 346, 'owner': 'acct_46'}",mock
0x9e581bf55e67d16ee744c87afb3b9116cd55f472c2676ba6ba55b1338a7edd6f,93000,1,UpdatePublished,"{'model_id': 'model_mnist_784_noniid', 'round': 6, 'ticket_id': 346, 'cid': 'sha256:d2b40ed0b0b03ad560607cbc82d27446552169cd9b37cd2982990508cd27fdc0'}",mock
0x15848e7c71c38e8695744bf2fea5dc8c39531f3f3b136788734fc5ff352e0300,86000,1,TicketReserved,"{'model_id': 'model_mnist_784_noniid', 'round': 6, 'ticket_id': 347, 'owner': 'acct_47'}",mock
0x0962b7cffb1e06bc26e4af13f64f93b2c4bd43dde0862189537e75ae65e63eaf,93000,1,UpdatePublished,"{'model_id': 'model_mnist_784_noniid', 'round': 6, 'ticket_id': 347, 'cid': 'sha256:8e9b3fa00fee2b4a5586c2fa2ba9ff675d130ccca1c9ea65d07265f9f77e4bfc'}",mock
0xbf30bfbaffca0023688aedf5d2e88462494bfee0d5a90ce773a22757517fc1bf,86000,1,TicketReserved,"{'model_id': 'model_mnist_784_noniid', 'round': 6, 'ticket_id': 348, 'owner': 'acct_48'}",mock
0x016f82e29aec654fd0d59aaf8c31e6b6376503279db9a40235139bbfc38591c1,93000,1,UpdatePublished,"{'model_id': 'model_mnist_784_noniid', 'round': 6, 'ticket_id': 348, 'cid': 'sha256:9f9b78e0ef954e96a7a007792bd6dcc477de72b9b9c013cf730c074f01191006'}",mock
0x51040372615fd902a68918a86507da39a12af786fcae3c74545b20c50891630e,86000,1,TicketReserved,"{'model_id': 'model_mnist_784_noniid', 'round': 6, 'ticket_id': 349, 'owner': 'acct_49'}",mock
0x447ad18d57ff5719cb4cad4074795ddf63620509aff50b996cb528f6a3786d93,93000,1,UpdatePublished,"{'model_id': 'model_mnist_784_noniid', 'round': 6, 'ticket_id': 349, 'cid': 'sha256:76fe77857ee1d7d976d5118312e8e98478b751446829acfe4bd5945fd94e702c'}",mock
0x20c2262f8de027a13f12e9fb40422bde30bc917c081bd25cd2452e352cc811a3,86000,1,TicketReserved,"{'model_id': 'model_mnist_784_noniid', 'round': 6, 'ticket_id': 350, 'owner': 'acct_50'}",mock
0x1b39352256a7c53e5d61d9e34838aa80a90584900d9f0157c02f1931f16e44ba,93000,1,UpdatePublished,"{'model_id': 'model_mnist_784_noniid', 'round': 6, 'ticket_id': 350, 'cid': 'sha256:ebe8acd5bafe9bfbb29ea0fc13fcf8e9ca35aedde5061b7fd57d53040262694c'}",mock
0x0b169ac2642fc279b208ead8d5a7e62ad7c61a1f8975ca06ae0b71a807fc6fa8,965000,1,RoundFinalized,"{'model_id': 'model_mnist_784_noniid', 'round': 6, 'included': 42, 'refunds': 42}",mock
0x2df27144a72c75d29788e44062ed9a98fa10486dcbe0327d698b60f9f89dea4d,52000,1,RoundFunded,"{'model_id': 'model_mnist_784_noniid', 'amount_wei': 10000000000000000}",mock
0x792f6035bef743a078c8ce698671e7e3b76bd2fd87c0b48b045c7c249c78a7bc,86000,1,TicketReserved,"{'model_id': 'model_mnist_784_noniid', 'round': 7, 'ticket_id': 351, 'owner': 'acct_1'}",mock
0xe85ec311ec23e7a056aea6f137b09beb9c42d78eb7e0e950d0e143c091f34731,93000,1,UpdatePublished,"{'model_id': 'model_mnist_784_noniid', 'round': 7, 'ticket_id': 351, 'cid': 'sha256:f34a35c3242ac17f87283802d83788946697371e02eadd5e3df95bf819d1e16d'}",mock
0x02370a68aa1de893f70fd9ae3d00e94cdc82dd56f6880a4725d0a2cce398f4e7,86000,1,TicketReserved,"{'model_id': 'model_mnist_784_noniid', 'round': 7, 'ticket_id': 352, 'owner': 'acct_2'}",mock
0xa5476eea0108f8699fcddf48d6aa0abe43a45ebfe15225c09cbdc5fab332913a,93000,1,UpdatePublished,"{'model_id': 'model_mnist_784_noniid', 'round': 7, 'ticket_id': 352, 'cid': 'sha256:f4354f1e242a511c96e821b288580fc64652ee0aea9d7d7b9f3049ea11606e35'}",mock
0xb11b19adbbc5935d669f7d2f6a1bf65f4c1684d9c692b92f38b851aa3d8a538e,86000,1,TicketReserved,"{'model_id': 'model_mnist_784_noniid', 'round': 7, 'ticket_id': 353, 'owner': 'acct_3'}",mock
0x5ce117d5f7c60b2cd8b8c6c09ca730ab58953e31de7db506558f692ad556eaa1,93000,1,UpdatePublished,"{'model_id': 'model_mnist_784_noniid', 'round': 7, 'ticket_id': 353, 'cid': 'sha256:2c5657a0d7c5ecb57798ba12d5ac8cdf3c52ca213d43c3232847a1e008389ae6'}",mock
0x00f336adc78aabf36298c52011ec34882eea841446195da0195942235cb043bb,86000,1,TicketReserved,"{'model_id': 'model_mnist_784_noniid', 'round': 7, 'ticket_id': 354, 'owner': 'acct_4'}",mock
0x57345a81d7fccd9d9147ee45af6d4d6f3dc915efe73918cca8034ca73dc8f394,93000,1,UpdatePublished,"{'model_id': 'model_mnist_784_noniid', 'round': 7, 'ticket_id': 354, 'cid': 'sha256:e1c5c126e9d85f5e60b17d404aec06b070c8cba798f4df452d09d5c01a155044'}",mock
0x314d86874d332065d3fa238dffd0b81f9e250606b34ee78c084b65bb7ca8c123,86000,1,TicketReserved,"{'model_id': 'model_mnist_784_noniid', 'round': 7, 'ticket_id': 355, 'owner': 'acct_5'}",mock
0x4c044b420891b64051a75917884c9093e169152113ea9c8cca1a42b9bb9a0e56,93000,1,UpdatePublished,"{'model_id': 'model_mnist_784_noniid', 'round': 7, 'ticket_id': 355, 'cid': 'sha256:5467784b2cc8f9f0c62930033376063d06399076ce8426e5be27720a5aeb75e4'}",mock
0x1007fb301b6f181d392bc03aa524e303bd1040b4a83ee67ad13cabe697210cf1,86000,1,TicketReserved,"{'model_id': 'model_mnist_784_noniid', 'round': 7, 'ticket_id': 356, 'owner': 'acct_6'}",mock
0x195a2d966665c909f2c1ca4f0af4e8c9a3a9dcb62905956d309c807a0fde0593,93000,1,UpdatePublished,"{'model_id': 'model_mnist_784_noniid', 'round': 7, 'ticket_id': 356, 'cid': 'sha256:0b76ba3322d6b2b2b36f6d33ef95e05d3bbe1852231118f1be88e400412837d1'}",mock
0x382a72281fad930b4a69116831fc90bbd722dbcb492e1c6c5db36a354d3b81a2,86000,1,TicketReserved,"{'model_id': 'model_mnist_784_noniid', 'round': 7, 'ticket_id': 357, 'owner': 'acct_7'}",mock
0xfd9d889a960616e640316e4575608effd7fe9b60da6ebd2eb51e69a579397410,93000,1,UpdatePublished,"{'model_id': 'model_mnist_784_noniid', 'round': 7, 'ticket_id': 357, 'cid': 'sha256:7912ca2ad9249f2e824eabd514e1601886ad5280f657869687d63e49723cbf80'}",mock
0x85127b46e7654f72e3b5373342d93f3291be11d171736f357744bbaee87e7ca7,86000,1,TicketReserved,"{'model_id': 'model_mnist_784_noniid', 'round': 7, 'ticket_id': 358, 'owner': 'acct_8'}",mock
0x32389449a6741f0ab977354e86c54c8f5f1574bd7d87d28dd5660d762d7b0d61,93000,1,UpdatePublished,"{'model_id': 'model_mnist_784_noniid', 'round': 7, 'ticket_id': 358, 'cid': 'sha256:31593ee9c5e13ff1c10babfca69dee9b4b94279cb347fe578707cda9c104b2ff'}",mock
0xca91c2df14802c12335f67010957f8d5f5ba2613e09af2e1cf837a1979545d59,86000,1,TicketReserved,"{'model_id': 'model_mnist_784_noniid', 'round': 7, 'ticket_id': 359, 'owner': 'acct_9'}",mock
0xbc1609e6592d49c7a90825b83217d88dbc9517245ee207809a937b8225cd4fce,93000,1,UpdatePublished,"{'model_id': 'model_mnist_784_noniid', 'round': 7, 'ticket_id': 359, 'cid': 'sha256:485846152112c9300f8edd8cc889c2925ed1fdb57aef51b320e9fc6904c2f801'}",mock
0x93e8d0adb2a565815e189c267b3ea706ef285048fac633b8e1f7714e494323c9,86000,1,TicketReserved,"{'model_id': 'model_mnist_784_noniid', 'round': 7, 'ticket_id': 360, 'owner': 'acct_10'}",mock
0x6ae290930595840717d67d2f4775bfb85dd9835e93d2844e21a857d3ca9e0319,93000,1,UpdatePublished,"{'model_id': 'model_mnist_784_noniid', 'round': 7, 'ticket_id': 360, 'cid': 'sha256:46e17083ff7fdf2adf8d02b5b7eb1f98aae7b4ad9a0b09cdf0f3ff8d6bb547bb'}",mock
0xa8a59bd5a4b454d43898cb315689b72deb547a2beb90afe4a736af33712bbd39,86000,1,TicketReserved,"{'model_id': 'model_mnist_784_noniid', 'round': 7, 'ticket_id': 361, 'owner': 'acct_11'}",mock
0x63f397453bf555b21cff608cd44533f616e3ea4c900e7e7fe314eae30934a942,93000,1,UpdatePublished,"{'model_id': 'model_mnist_784_noniid', 'round': 7, 'ticket_id': 361, 'cid': 'sha256:734823588b004b5033679a215ec92682355d9f08ae884276747f90b4eb3d2aa5'}",mock
0x0441de4e0821e1fb0dceee38c9a1b210aaa4f2bbb432d3e9ef74fff43af9c393,86000,1,TicketReserved,"{'model_id': 'model_mnist_784_noniid', 'round': 7, 'ticket_id': 362, 'owner': 'acct_12'}",mock
0x964a57e6f8a5820c8f9195b607bf74acf08d1961120c724829b2c291a2216e1f,93000,1,UpdatePublished,"{'model_id': 'model_mnist_784_noniid', 'round': 7, 'ticket_id': 362, 'cid': 'sha256:68da5f9687a24fab2c9612463a9abc811854a2d99b73415f8642e5384302849c'}",mock
0x4c3fbd563ce61493be4e8913c8aef5af2555d6aeaa49d995d2ca6716a7669d69,86000,1,TicketReserved,"{'model_id': 'model_mnist_784_noniid', 'round': 7, 'ticket_id': 363, 'owner': 'acct_13'}",mock
0x1d6992763d516cd9b94b807f71e3190bad65f42266150e2697dba0de87cf8776,93000,1,UpdatePublished,"{'model_id': 'model_mnist_784_noniid', 'round': 7, 'ticket_id': 363, 'cid': 'sha256:96e5870d4366439282f50003b4772382b8be76f923d44d26e47ced8075197e3c'}",mock
0x3f323cebd2878a5dee8152c65a868c752b03ace1115aa2522eb13700ddb2ad04,86000,1,TicketReserved,"{'model_id': 'model_mnist_784_noniid', 'round': 7, 'ticket_id': 364, 'owner': 'acct_14'}",mock
0x071a73ae7839f881f91c8466c4fa0a80cc6d9b1bace185a63b9b77fdb568670e,93000,1,UpdatePublished,"{'model_id': 'model_mnist_784_noniid', 'round': 7, 'ticket_id': 364, 'cid': 'sha256:9dea4a44de458052978dfee4b3d5ca690179c9bac2f7970c5536fed3535a68bc'}",mock
0x4d669972ef3c2be20de8ca9c93c5496a86db1618871ebb19a4a431e327cbc278,86000,1,TicketReserved,"{'model_id': 'model_mnist_784_noniid', 'round': 7, 'ticket_id': 365, 'owner': 'acct_15'}",mock
0x3052803e6b5e227b966d067a71adbc729f0cd73fc109463fb3b9870ed2400bdd,93000,1,UpdatePublished,"{'model_id': 'model_mnist_784_noniid', 'round': 7, 'ticket_id': 365, 'cid': 'sha256:83cc5e84cfe5a00f602c0fad807c8e4371d68c330112a5c5b44f09231489c3eb'}",mock
0x9e952c665d22998dc6317ae4101c6da26837a330b80fe95bf35970ffdd664832,86000,1,TicketReserved,"{'model_id': 'model_mnist_784_noniid', 'round': 7, 'ticket_id': 366, 'owner': 'acct_16'}",mock
0x68091413aa28990a6f3bef0d8edeeb6fa260a38f3a50a476fc38889209af3867,93000,1,UpdatePublished,"{'model_id': 'model_mnist_784_noniid', 'round': 7, 'ticket_id': 366, 'cid': 'sha256:7bdb4a0359a9fbd2691120f38849b2b78ac92d4632cf4cca9c5202a18894bd85'}",mock
0x48684180e48698d81796928e979ed601fd6614d5cb346c44451e347a821bddf5,86000,1,TicketReserved,"{'model_id': 'model_mnist_784_noniid', 'round': 7, 'ticket_id': 367, 'owner': 'acct_17'}",mock
0xd17eaca6393d4fe8eafbb3db1f06dad71e3d08b742182479fba4c58165cf4bd6,93000,1,UpdatePublished,"{'model_id': 'model_mnist_784_noniid', 'round': 7, 'ticket_id': 367, 'cid': 'sha256:baaf1984ded72ec7442a7babbfb2ace63967c6a2bb1192e0aec2cc4e65b8724c'}",mock
0xb0070ff3348bc82a698b82fb755aff4a92ed5aa62e45c6dc2b0fb767176a6e0d,86000,1,TicketReserved,"{'model_id': 'model_mnist_784_noniid', 'round': 7, 'ticket_id': 368, 'owner': 'acct_18'}",mock
0x3bdba48aa990de6a9faa4954feb0a91c1537b11e3372e77ac83b4c62666e833c,93000,1,UpdatePublished,"{'model_id': 'model_mnist_784_noniid', 'round': 7, 'ticket_id': 368, 'cid': 'sha256:5f3846a39c78c3aa09fdc66d1e57725554b2d26091f0116537817d3d3eb03b87'}",mock
0x7ad855d747d79c40ddffd401a7f1b76476fee9147a4f24b7d99d1f90305ebae9,86000,1,TicketReserved,"{'model_id': 'model_mnist_784_noniid', 'round': 7, 'ticket_id': 369, 'owner': 'acct_19'}",mock
0x7ee21e6b1176c4b1dad1a7462f04b445d295b51fca6ab8fa6b6781fe4dd311a1,93000,1,UpdatePublished,"{'model_id': 'model_mnist_784_noniid', 'round': 7, 'ticket_id': 369, 'cid': 'sha256:aa1c25023d4a2fb6540aad15cca6a3687f03c2c46028506c33630bcf152d6315'}",mock
0x9fe35e61eada148e52e9d32ab40f0095971f9b59248026cdebb787d573e2fb02,86000,1,TicketReserved,"{'model_id': 'model_mnist_784_noniid', 'round': 7, 'ticket_id': 370, 'owner': 'acct_20'}",mock
0x0c973cfed1f0aef396bf267c73217947c8eefb0cec8fe0c4c15621060423679d,93000,1,UpdatePublished,"{'model_id': 'model_mnist_784_noniid', 'round': 7, 'ticket_id': 370, 'cid': 'sha256:bbcad6149488b5a3b62e132abf9a2df1eb86a55a965785922634812f40f7d886'}",mock
0x58f3dfeec37713f8735446d393b7b39469000abe8a4805ab4deb233044c53daf,86000,1,TicketReserved,"{'model_id': 'model_mnist_784_noniid', 'round': 7, 'ticket_id': 371, 'owner': 'acct_21'}",mock
0xf974b88c3b7a4d30106e7a11e48d7ffd713c43c6496740b3aa31d91cdfd42026,93000,1,UpdatePublished,"{'model_id': 'model_mnist_784_noniid', 'round': 7, 'ticket_id': 371, 'cid': 'sha256:0b433b5f2e14520e906d7a85340825547cc45a8c05db8b6da47c68f2bb51cf4b'}",mock
0x555363aa53bb09565ce8aa309525a01759b42b3195bd3466805b78eecd64bed4,86000,1,TicketReserved,"{'model_id': 'model_mnist_784_noniid', 'round': 7, 'ticket_id': 372, 'owner': 'acct_22'}",mock
0x656f51b2b30c151f49ad3b5c0d2233caa0f2e7bb702e18f0668d0d290e946bea,93000,1,UpdatePublished,"{'model_id': 'model_mnist_784_noniid', 'round': 7, 'ticket_id': 372, 'cid': 'sha256:16f9b4795e565da8c1b1f343d30ff6dc9695c40461b06cac927a75bd6ce365a6'}",mock
0xffd49fe7d133a6d4bb4793721d59431a773725956bd6cb95fc8ffbd3c16a7b25,86000,1,TicketReserved,"{'model_id': 'model_mnist_784_noniid', 'round': 7, 'ticket_id': 373, 'owner': 'acct_23'}",mock
0xc73d3330b159100622bae92dedff732bd09fa2a565d7b424cdd8be19a8c375ca,93000,1,UpdatePublished,"{'model_id': 'model_mnist_784_noniid', 'round': 7, 'ticket_id': 373, 'cid': 'sha256:9dba423fd9292be935903ec5e4568ba53276955abb64180770b8c7a55e3d9ce9'}",mock
0xc560561a3eb5cf07c30379babf49d69ee2d117dee730e079c2fae51cff100449,86000,1,TicketReserved,"{'model_id': 'model_mnist_784_noniid', 'round': 7, 'ticket_id': 374, 'owner': 'acct_24'}",mock
0xd07d2d0c14686709ba17d0787964bf8da435485e11a6eb4b4900b0a882646f3b,93000,1,UpdatePublished,"{'model_id': 'model_mnist_784_noniid', 'round': 7, 'ticket_id': 374, 'cid': 'sha256:d3b00006ba974e5edb6fb2279397d09d1f8a9920c5d50ef8ddf536579f77f912'}",mock
0x2d3c2bbc821c666c42e56b24a6e2ce12f90007c9faf8ba329af816f545aaa18a,86000,1,TicketReserved,"{'model_id': 'model_mnist_784_noniid', 'round': 7, 'ticket_id': 375, 'owner': 'acct_25'}",mock
0x55ecee34a6fbe623ca9023ffca513c57b50a4459ebd0c8bb09e32b0fb4136060,93000,1,UpdatePublished,"{'model_id': 'model_mnist_784_noniid', 'round': 7, 'ticket_id': 375, 'cid': 'sha256:9bb82418726cdec50e237c06c27c672f665103c15d1fda546e23fc50cb3129a7'}",mock
0x52e8d4263e476a4a592c3339a57d359964511abf92d8668d8a9627bc9536fc9e,86000,1,TicketReserved,"{'model_id': 'model_mnist_784_noniid', 'round': 7, 'ticket_id': 376, 'owner': 'acct_26'}",mock
0x33f89ca9a5270b426dc48eefc74d4f19855b63ca5c7e57dfc218fd9983331a8a,93000,1,UpdatePublished,"{'model_id': 'model_mnist_784_noniid', 'round': 7, 'ticket_id': 376, 'cid': 'sha256:907fc37ffad10c98ec790fd7a5ab291a6b81ee2d24c519930396cf071b66e8ce'}",mock
0xa22cf4c2545ef3b93878b197ced67002ce2d43029a7551789e1a6dbd24b6cebe,86000,1,TicketReserved,"{'model_id': 'model_mnist_784_noniid', 'round': 7, 'ticket_id': 377, 'owner': 'acct_27'}",mock
0x55f789a2662036564ff1850ef5bbc8c5d55a06efdb7043587d34faf56ca36cff,93000,1,UpdatePublished,"{'model_id': 'model_mnist_784_noniid', 'round': 7, 'ticket_id': 377, 'cid': 'sha256:885838a6d1de0a548bb5bbdb0f868711008987dbb3b7e94257eaf16dea5311eb'}",mock
0x3e5205aefe5278db1b60422462f8fd4b8e760296ca349d1417b44f63bc1e41c8,86000,1,TicketReserved,"{'model_id': 'model_mnist_784_noniid', 'round': 7, 'ticket_id': 378, 'owner': 'acct_28'}",mock
0xca78abb74998625e65794fb8462bf76ebe199a17ada0663abc83b90c1824e3a7,93000,1,UpdatePublished,"{'model_id': 'model_mnist_784_noniid', 'round': 7, 'ticket_id': 378, 'cid': 'sha256:4a3aaaedd33552d7a1c2593eb967f861cb120881062e0567d98d5b7edc1c25f4'}",mock
0x67a80dec2d1ff74cfb739a7965a26b8899e768946a2f4ba415ea459a6e0d2e6f,86000,1,TicketReserved,"{'model_id': 'model_mnist_784_noniid', 'round': 7, 'ticket_id': 379, 'owner': 'acct_29'}",mock
0x15360af1a05e0b7168875a7fc9592e54f45b07d88d35d91f4a5b608705339711,93000,1,UpdatePublished,"{'model_id': 'model_mnist_784_noniid', 'round': 7, 'ticket_id': 379, 'cid': 'sha256:ac3e1de99f6431b9d4b19fdfa5f6e737a1ace0915043153164b85aedfdd0f6cb'}",mock
0xdda25a46969d66c72da3d23de5eb3e758b8a77b2fe0be25efdd2bdb3d5b1a75a,86000,1,TicketReserved,"{'model_id': 'model_mnist_784_noniid', 'round': 7, 'ticket_id': 380, 'owner': 'acct_30'}",mock
0xcff59af544c05abc6bf502a2825370ad85932c58d5dde73d762e7db7ffd3f4bb,93000,1,UpdatePublished,"{'model_id': 'model_mnist_784_noniid', 'round': 7, 'ticket_id': 380, 'cid': 'sha256:66af2b5616217fb5b32851db5596b062ac5d4bb6beca2bcba3013bf712baa170'}",mock
0xde17fe1c1ab70604d2aaf7f933cab91cb8cc739b5b69887e2a3f296d9efde2f9,86000,1,TicketReserved,"{'model_id': 'model_mnist_784_noniid', 'round': 7, 'ticket_id': 381, 'owner': 'acct_31'}",mock
0x314c3b785dded9ef54f3c5ee4558776bf1069263716bde765df46ca9ce25b6f5,93000,1,UpdatePublished,"{'model_id': 'model_mnist_784_noniid', 'round': 7, 'ticket_id': 381, 'cid': 'sha256:fb77720851d46272bc32a44054f66a2ed721ed37e7f0495f5fd759fc7d51f7b5'}",mock
0xc0c68775d83e63d969397616f9cfb7fa5b86e17b5432835ede3b70cbb94eb466,86000,1,TicketReserved,"{'model_id': 'model_mnist_784_noniid', 'round': 7, 'ticket_id': 382, 'owner': 'acct_32'}",mock
0x495a4191aa1396336e533018d7903bfc8b4b98486311e25dc600ef7518496b2c,93000,1,UpdatePublished,"{'model_id': 'model_mnist_784_noniid', 'round': 7, 'ticket_id': 382, 'cid': 'sha256:0f4c70d86a7ce45cc8af0dd8b66678cb381e598637203f409399334c0d821bc2'}",mock
0x6e57cccb44b79bbe8abf9ef8a7fdf4e86f20d4a57142f694ff76988e679c93a5,86000,1,TicketReserved,"{'model_id': 'model_mnist_784_noniid', 'round': 7, 'ticket_id': 383, 'owner': 'acct_33'}",mock
0x01cfc6dc8a04d1806e30442cba7ce56acaf202cfb6033bbddcfb091f7f456f8e,93000,1,UpdatePublished,"{'model_id': 'model_mnist_784_noniid', 'round': 7, 'ticket_id': 383, 'cid': 'sha256:37d09d5d9987d25a16e3fee6efb77e0553043b46c11e45747a5cdfd17b94fbe3'}",mock
0x0cb46067b36afc580b69c496ecb51b3c76616f663658674223417b55a736cf0f,86000,1,TicketReserved,"{'model_id': 'model_mnist_784_noniid', 'round': 7, 'ticket_id': 384, 'owner': 'acct_34'}",mock
0x383002c98b237d3cc540d9322fbbddc4e73614dfa7dc4ecddf2bf3eebcace30d,93000,1,UpdatePublished,"{'model_id': 'model_mnist_784_noniid', 'round': 7, 'ticket_id': 384, 'cid': 'sha256:599149c8eb144d1a511ae5a52404cc852ac38c0b3994274a8702dd4952f37c73'}",mock
0x3279bbf897d83892cb510c20223d8b9736145e0edd085d03817387609501cd70,86000,1,TicketReserved,"{'model_id': 'model_mnist_784_noniid', 'round': 7, 'ticket_id': 385, 'owner': 'acct_35'}",mock
0x482be498b3a6c13c7433bc7c0551f9b1e17c39135639ba9ee7571f4aaa73ae2e,93000,1,UpdatePublished,"{'model_id': 'model_mnist_784_noniid', 'round': 7, 'ticket_id': 385, 'cid': 'sha256:b819dc6756b1b5267fd892a7e26713af57ed09b0b961be7601a9d79f5ac9edcc'}",mock
0x4382452dab80d48009461d1708237397fdd43d5c433d394b2f67a20a3865850b,86000,1,TicketReserved,"{'model_id': 'model_mnist_784_noniid', 'round': 7, 'ticket_id': 386, 'owner': 'acct_36'}",mock
0xd41d5e8083d0ec0b14fa79c56c1fbd10488f3c9cc7d5413088c4a9b6fbe25598,93000,1,UpdatePublished,"{'model_id': 'model_mnist_784_noniid', 'round': 7, 'ticket_id': 386, 'cid': 'sha256:9e8be64f9feefd963755a040ab25c00a77c2679385430db3df1cbd7a216f82a1'}",mock
0x070307bb644d1ff20755ee098541bdc3ae8eb0bca62e8f93c0075ffe0b4c6438,86000,1,TicketReserved,"{'model_id': 'model_mnist_784_noniid', 'round': 7, 'ticket_id': 387, 'owner': 'acct_37'}",mock
0x024e02adcd92c1d2550a9c51fa5b114af2cd8b0b53a52529d989b2550b34a59b,93000,1,UpdatePublished,"{'model_id': 'model_mnist_784_noniid', 'round': 7, 'ticket_id': 387, 'cid': 'sha256:597801453e689b7acf32432a95bc15f3cf8fc179964fea4b412c02f151155800'}",mock
0xa1a4763b7225cb8d2df242546c8b0675786accf6c93e92e93ee9741b7e2148af,86000,1,TicketReserved,"{'model_id': 'model_mnist_784_noniid', 'round': 7, 'ticket_id': 388, 'owner': 'acct_38'}",mock
0xe2a1a4f5803e7b63453548ab463d61820e539c34f133ce61d94ba0983149a2dd,93000,1,UpdatePublished,"{'model_id': 'model_mnist_784_noniid', 'round': 7, 'ticket_id': 388, 'cid': 'sha256:00e967222b4162173af658aa50569e19a0186c70020247c946271745cc8cc721'}",mock
0xfc106f99f2a497633b5f81ba7ad622d77295eaec00cc0116a582b1b498ff14a5,86000,1,TicketReserved,"{'model_id': 'model_mnist_784_noniid', 'round': 7, 'ticket_id': 389, 'owner': 'acct_39'}",mock
0xd2959f60aa494b010704dee41c467c3614832980f31efa94f44f52703ef2e510,93000,1,UpdatePublished,"{'model_id': 'model_mnist_784_noniid', 'round': 7, 'ticket_id': 389, 'cid': 'sha256:296a8877793fd99556dff40e5083053c6f8feb2f8f5fc0c76e659cce546faee4'}",mock
0x813910a83957a6920216c7246b5d5ff8ff3cd556172a1d0d4a6e195904c93097,86000,1,TicketReserved,"{'model_id': 'model_mnist_784_noniid', 'round': 7, 'ticket_id': 390, 'owner': 'acct_40'}",mock
0x1dd6d33839445246750a27796746200752ac5bf53fed7e5cf1549b17bf28b51e,93000,1,UpdatePublished,"{'model_id': 'model_mnist_784_noniid', 'round': 7, 'ticket_id': 390, 'cid': 'sha256:88b5efe926666f79a5d5e57abfe8e107cfe8fa1c870960de22b7c6aba414db0d'}",mock
0xdffd41eca3d1640bfafd48fd83026fd124a2a0742844ffa7bd08a7bd9e3e394f,86000,1,TicketReserved,"{'model_id': 'model_mnist_784_noniid', 'round': 7, 'ticket_id': 391, 'owner': 'acct_41'}",mock
0xb78cd95f2baa80db2b35d21d8651e1b5071d98236d5207480d06c4f4c260efb0,93000,1,UpdatePublished,"{'model_id': 'model_mnist_784_noniid', 'round': 7, 'ticket_id': 391, 'cid': 'sha256:df05bb1a636133e8dc1408023d5cb6e8ab9b262ded67f7af07c398f10c8d55b1'}",mock
0x1813bc80016e4bd214a81fc61b03a557e97fc801f223eb557bdb8f1240ca2f09,86000,1,TicketReserved,"{'model_id': 'model_mnist_784_noniid', 'round': 7, 'ticket_id': 392, 'owner': 'acct_42'}",mock
0xc23dfe3d25f16b6e37b3d822ca9a5839a8cd7820611bf6ff8e1caf821ad6162b,93000,1,UpdatePublished,"{'model_id': 'model_mnist_784_noniid', 'round': 7, 'ticket_id': 392, 'cid': 'sha256:babae60eaafb42d9f0ca0a897141ad9d419474fb70d63362b18b38f1dd19d192'}",mock
0xf669f8fb963ef1d0b12878f5280711460c68e4190bd55e33c2e6b7736666e586,86000,1,TicketReserved,"{'model_id': 'model_mnist_784_noniid', 'round': 7, 'ticket_id': 393, 'owner': 'acct_43'}",mock
0x7fbade2f62e9c69703cb25bb9ef261604ed49e8bef0e031e1ed9508bc6c74009,93000,1,UpdatePublished,"{'model_id': 'model_mnist_784_noniid', 'round': 7, 'ticket_id': 393, 'cid': 'sha256:cfb4faaf6e76b9b9c0b51a4d5ecf3a4e26823c6d8a591e3d84cc8e9c49e91351'}",mock
0x5ea712a8bbdcc56a2c1dad62383367a8297897855b2f4b83400af21037e69341,86000,1,TicketReserved,"{'model_id': 'model_mnist_784_noniid', 'round': 7, 'ticket_id': 394, 'owner': 'acct_44'}",mock
0xf3553d514be1d9f991e57fa9f50b4589a0487a4441c9033af9eddaf4c527c4ec,93000,1,UpdatePublished,"{'model_id': 'model_mnist_784_noniid', 'round': 7, 'ticket_id': 394, 'cid': 'sha256:ba2affcced88dd9b080fabe2a025cc00075e6faecd7b04001293619b57c56222'}",mock
0xc6e262874b480e6c5161b7605b9b8269db8ae9e4a9dbba008237cdee58342734,86000,1,TicketReserved,"{'model_id': 'model_mnist_784_noniid', 'round': 7, 'ticket_id': 395, 'owner': 'acct_45'}",mock
0x067ffb61c69c5a88ac05478d210348dca6e84bbfdc4e9065d3bb892248726884,93000,1,UpdatePublished,"{'model_id': 'model_mnist_784_noniid', 'round': 7, 'ticket_id': 395, 'cid': 'sha256:941717b23e2d561e18ae9f92e49aed267cb5f5c2bc57fd585aaf42ee299b5ffa'}",mock
0xbae631e0a8ec3bf761bc16c07d0a409cc7c33dd2f27ec5fadc72fd9a5cbd77cc,86000,1,TicketReserved,"{'model_id': 'model_mnist_784_noniid', 'round': 7, 'ticket_id': 396, 'owner': 'acct_46'}",mock
0x0c3b4059561c91c583bc9b88bc009553d33d7745216f84f235deb48c58b267b7,93000,1,UpdatePublished,"{'model_id': 'model_mnist_784_noniid', 'round': 7, 'ticket_id': 396, 'cid': 'sha256:e97e01752cb233c0c21c598b431e80902d3af10152cfc2623cf72746dd32a600'}",mock
0x9d7ada6ef16410fff607b0252aa2d76e0edf9e301c9a099fc8e9daa544b1e048,86000,1,TicketReserved,"{'model_id': 'model_mnist_784_noniid', 'round': 7, 'ticket_id': 397, 'owner': 'acct_47'}",mock
0xeb447232bf3044ffce1b43305f17108917949802ad2c38d32ae800105435d4b6,93000,1,UpdatePublished,"{'model_id': 'model_mnist_784_noniid', 'round': 7, 'ticket_id': 397, 'cid': 'sha256:f48736aa10e196ebf82e44eca9e1d7ec25b967c7873b22866420af64bd83ef8f'}",mock
0xb1615513a53c4dd32325f952b891708d0692a2a8f2c89ba53f1172abf09be1b8,86000,1,TicketReserved,"{'model_id': 'model_mnist_784_noniid', 'round': 7, 'ticket_id': 398, 'owner': 'acct_48'}",mock
0x6888860cc66697e1fc6f5d1eefe9b52712179223501ec9efc7ad7985096b0849,93000,1,UpdatePublished,"{'model_id': 'model_mnist_784_noniid', 'round': 7, 'ticket_id': 398, 'cid': 'sha256:c703bf61a5087c68c165cb2eb6fc3eded9a96e702c5d73569cafe7632e57e3c2'}",mock
0xe807330be95b1e4132ab5f99f9c26f0142cdcc5cea106f86fc5ae848624375d5,86000,1,TicketReserved,"{'model_id': 'model_mnist_784_noniid', 'round': 7, 'ticket_id': 399, 'owner': 'acct_49'}",mock
0x5cd0c0510c925e0504110225a185affc12dc895956f2f57e93f4fb95d8d1ba1d,93000,1,UpdatePublished,"{'model_id': 'model_mnist_784_noniid', 'round': 7, 'ticket_id': 399, 'cid': 'sha256:6f4ff542db83d4f9e7a50dcb7ee3f7646a04dd15d411d63373ac0a4686063fea'}",mock
0x8685fdb24a42e704aca24489a6208dad018ae67b24e49cf2ff4b35830ee16357,86000,1,TicketReserved,"{'model_id': 'model_mnist_784_noniid', 'round': 7, 'ticket_id': 400, 'owner': 'acct_50'}",mock
0x01ac0ecfe695ff5290c4c337310ff9124f7c763070e6c83dfe2d18afae8c6afe,93000,1,UpdatePublished,"{'model_id': 'model_mnist_784_noniid', 'round': 7, 'ticket_id': 400, 'cid': 'sha256:ce1764138a453b59fcaa1234b24b51dc4d614b6820f9d0e92538dcb55d3a19af'}",mock
0x398999b8f0e4cbacca6d0deb1350b60fa730501ff94bbc356639b5ba3b699d81,1085000,1,RoundFinalized,"{'model_id': 'model_mnist_784_noniid', 'round': 7, 'included': 48, 'refunds': 48}",mock
0x17d2910d2a30c4f6a00015c757de976881c973059547f134ab74d762b0d5c841,52000,1,RoundFunded,"{'model_id': 'model_mnist_784_noniid', 'amount_wei': 10000000000000000}",mock
0xa03a066942be26d692cdba7d5c08c707472baf2022c67f6f6f4d4943ad780049,86000,1,TicketReserved,"{'model_id': 'model_mnist_784_noniid', 'round': 8, 'ticket_id': 401, 'owner': 'acct_1'}",mock
0x8d8923f0c2517601c30961306b2b0e4348b31c9448c9a4f89e0f9488a0938f53,93000,1,UpdatePublished,"{'model_id': 'model_mnist_784_noniid', 'round': 8, 'ticket_id': 401, 'cid': 'sha256:f84a5a9d3a7245cfb9e0cb9c2dde72ca25f4a418c9fb1dfc837637de674f675c'}",mock
0x04945ef3422ae6619da4863a2e37e6c0e411c8b91514e453d21378579573000d,86000,1,TicketReserved,"{'model_id': 'model_mnist_784_noniid', 'round': 8, 'ticket_id': 402, 'owner': 'acct_2'}",mock
0x3cf27f6b2c7d65c907e6d2e792112cc9fff35cb95ba178620e24ac9ace5f1ec5,93000,1,UpdatePublished,"{'model_id': 'model_mnist_784_noniid', 'round': 8, 'ticket_id': 402, 'cid': 'sha256:d1bc986529708af639ab73cc747e1a8397d349376c97b81bbb3480c93f2e0128'}",mock
0x9ed1ce9b5e72bbe9e70d5ed5486cf18519d777a421737ab78f1ba60eac52294f,86000,1,TicketReserved,"{'model_id': 'model_mnist_784_noniid', 'round': 8, 'ticket_id': 403, 'owner': 'acct_3'}",mock
0x035378d30be66233f25958556e6fee3f3f34cf483c0df317454bff576ac749be,93000,1,UpdatePublished,"{'model_id': 'model_mnist_784_noniid', 'round': 8, 'ticket_id': 403, 'cid': 'sha256:1ff0ee9588560aa16d92db699b1b20eb596d08ee3c80090c9902227d46b47479'}",mock
0x6ba20cf5889e2000c2aa9fe62481aee4bd1231ea57c712e6b70a8d516b166087,86000,1,TicketReserved,"{'model_id': 'model_mnist_784_noniid', 'round': 8, 'ticket_id': 404, 'owner': 'acct_4'}",mock
0xd28ee20e14f0d7496ee96010f6a7a25118665d1030ffb615d1d1f5fbaa3610ca,93000,1,UpdatePublished,"{'model_id': 'model_mnist_784_noniid', 'round': 8, 'ticket_id': 404, 'cid': 'sha256:86066b36b8a2d8c1cfbae4e75bf51069545391f6a80efba4951a38c9cb0f38ea'}",mock
0x6eed98ffe9abce2899d55a119d633103a0681978579a9b545bfbe7d976f1c719,86000,1,TicketReserved,"{'model_id': 'model_mnist_784_noniid', 'round': 8, 'ticket_id': 405, 'owner': 'acct_5'}",mock
0xe261d4e0dfd9cd8df54154b8d7cf1f7bc6bd4f10c02a952fbd8c6c3c95b8a8a0,93000,1,UpdatePublished,"{'model_id': 'model_mnist_784_noniid', 'round': 8, 'ticket_id': 405, 'cid': 'sha256:6ce395957d86dd914018dc0f0bc163dc7796db46f939b21319f7c5888413c358'}",mock
0x9f84a9d1644d3b4cce978f39bfee4f6de04cb394769d19aa35626fbe1396e1e3,86000,1,TicketReserved,"{'model_id': 'model_mnist_784_noniid', 'round': 8, 'ticket_id': 406, 'owner': 'acct_6'}",mock
0x2633307efc9de5ab5e9c3946b6965cf0194d0d87a25695c70005a34072165ab4,93000,1,UpdatePublished,"{'model_id': 'model_mnist_784_noniid', 'round': 8, 'ticket_id': 406, 'cid': 'sha256:209acdc52a74e9e5e888ca07da30f691128c31311591c1d85afac48a059cd9ba'}",mock
0x642033b403f7754ff6a970aa8717a05e5d56706905234507bea8f7461f3dcaad,86000,1,TicketReserved,"{'model_id': 'model_mnist_784_noniid', 'round': 8, 'ticket_id': 407, 'owner': 'acct_7'}",mock
0x7c4fef6e03ffd63c149c3d87c65f132bfc271a92208221e4e71ef1830924e689,93000,1,UpdatePublished,"{'model_id': 'model_mnist_784_noniid', 'round': 8, 'ticket_id': 407, 'cid': 'sha256:7effc43b2b62a2ef86818e96fd71bd8a59a24db6dff3f1d78e60b1be2b267928'}",mock
0x9648941e0463cf98023e15032293e97d3f0b8aab8d377dca374bdb6f893d8034,86000,1,TicketReserved,"{'model_id': 'model_mnist_784_noniid', 'round': 8, 'ticket_id': 408, 'owner': 'acct_8'}",mock
0xe9e741ba4e9a275d478875be63b18e96a849f6129f40d925750f276d40aa2ed3,93000,1,UpdatePublished,"{'model_id': 'model_mnist_784_noniid', 'round': 8, 'ticket_id': 408, 'cid': 'sha256:66c8103c9db641a292e82137040978f70f3d5cdc1b9e8d0b4e9cf89b92e7f8b5'}",mock
0x132b36de278b4e2c678167d4d423e71fa669cdedf3bf92baa7b45d90528508c2,86000,1,TicketReserved,"{'model_id': 'model_mnist_784_noniid', 'round': 8, 'ticket_id': 409, 'owner': 'acct_9'}",mock
0x4fb0b8cbcd0712ccf28bb25d7628aafe88b015ea7061b02610322320fd4ca18e,93000,1,UpdatePublished,"{'model_id': 'model_mnist_784_noniid', 'round': 8, 'ticket_id': 409, 'cid': 'sha256:58f5076b95467e98f8ded7fb3ea0d54f5b81522e3510c69ee13507841c4ed2b7'}",mock
0xa3be4850a70afd6284430066b1e9594d42ac2614161a6c51d852f681d48340fd,86000,1,TicketReserved,"{'model_id': 'model_mnist_784_noniid', 'round': 8, 'ticket_id': 410, 'owner': 'acct_10'}",mock
0xc9564bfb92f878802b7b49e99682b0e55a2d905477334aa65d4e7dceaea4fa79,93000,1,UpdatePublished,"{'model_id': 'model_mnist_784_noniid', 'round': 8, 'ticket_id': 410, 'cid': 'sha256:7ba27296713571d6faf38d9e467b180449e8179433476b566dbb14fcd1968ec1'}",mock
0xaa58e3d2804f9b2915cc5d81c839f1276c48f46570beba2c9be549a99bcc8829,86000,1,TicketReserved,"{'model_id': 'model_mnist_784_noniid', 'round': 8, 'ticket_id': 411, 'owner': 'acct_11'}",mock
0xba2afe1ab3d623f1ce3328286139db8deaa46b88b6092586a54c19f83eece766,93000,1,UpdatePublished,"{'model_id': 'model_mnist_784_noniid', 'round': 8, 'ticket_id': 411, 'cid': 'sha256:68f92a20b0b4a5bb3a3d26586d377f2b6d933d4dc2d7fc4337cda5ab89be2a51'}",mock
0xc5f49aeeb0650dd984e258e782dc65a8ad1d349203408ee6112e45b9bcd3e8b5,86000,1,TicketReserved,"{'model_id': 'model_mnist_784_noniid', 'round': 8, 'ticket_id': 412, 'owner': 'acct_12'}",mock
0x16f9e048900616b87515246e1e1632e03e6e1703e3aa10715749637d04848419,93000,1,UpdatePublished,"{'model_id': 'model_mnist_784_noniid', 'round': 8, 'ticket_id': 412, 'cid': 'sha256:21f88b07cd625e3daa58e9682497824258e2fbcb7d68984f0439375db2041b73'}",mock
0xc2867100ecaaaff1cba0e99d9f7b0fb0aaa6b0e49b923dbd4241c9d6fa39d882,86000,1,TicketReserved,"{'model_id': 'model_mnist_784_noniid', 'round': 8, 'ticket_id': 413, 'owner': 'acct_13'}",mock
0x11e71601b77cf84db292614af48bbf1fe93aaa9b51f5b5ab7eb59553e3cfbe99,93000,1,UpdatePublished,"{'model_id': 'model_mnist_784_noniid', 'round': 8, 'ticket_id': 413, 'cid': 'sha256:ce39c617ac849d47ea5356ed518276f3c021566e4dbd4e42149532c9ca36941e'}",mock
0xf86e02353f6f53825e955cf939e319b082eb41a8c9e556dd30519f2b3e055bfb,86000,1,TicketReserved,"{'model_id': 'model_mnist_784_noniid', 'round': 8, 'ticket_id': 414, 'owner': 'acct_14'}",mock
0xd3125bb1e88ae94f054312f033700e392f197aa0a6c539e6abd3dce85db07d45,93000,1,UpdatePublished,"{'model_id': 'model_mnist_784_noniid', 'round': 8, 'ticket_id': 414, 'cid': 'sha256:ae04c81fd3f3b50275008fb6e55375a6804d0eb45f71ebe73b9895956fb7f9c0'}",mock
0x2422492c4261bf36490bef34cbcc459de6173e640db2272dce6e87a8464c8d5f,86000,1,TicketReserved,"{'model_id': 'model_mnist_784_noniid', 'round': 8, 'ticket_id': 415, 'owner': 'acct_15'}",mock
0xe5f4ae679453dfc96cbd2ee91276c470c901339de3f49769132c853745e3724c,93000,1,UpdatePublished,"{'model_id': 'model_mnist_784_noniid', 'round': 8, 'ticket_id': 415, 'cid': 'sha256:a4cc8784a83e9eeda61ed101253a90372239dc9731c47444a116682fd086153b'}",mock
0xef423857022d9d7237a1d530ac68c200e2c552279ebde1905528482ed6f1d1dd,86000,1,TicketReserved,"{'model_id': 'model_mnist_784_noniid', 'round': 8, 'ticket_id': 416, 'owner': 'acct_16'}",mock
0x0e032f216fd65c380cbeadcaabc3d8249a4ad70d9ef8bf05aec1baa31660233c,93000,1,UpdatePublished,"{'model_id': 'model_mnist_784_noniid', 'round': 8, 'ticket_id': 416, 'cid': 'sha256:e5296fbeda6ef3278f2eaa5b3829f5e9b00794d5c0a3206d28cbfda1f6367799'}",mock
0x15ad093663dd7edf290d162ad3c3b91c6f28d2ede054653a8ed36a3d05c4f5f5,86000,1,TicketReserved,"{'model_id': 'model_mnist_784_noniid', 'round': 8, 'ticket_id': 417, 'owner': 'acct_17'}",mock
0x5bca7d3f618f70cf5e329095e0a8189872c499d5ff80972f96d9403d02166c94,93000,1,UpdatePublished,"{'model_id': 'model_mnist_784_noniid', 'round': 8, 'ticket_id': 417, 'cid': 'sha256:66734b7e0039ba0c4bb661f165c029445e03f2b091b8c9dba7f047950aef7e5e'}",mock
0xba83a7c804a35dbb22db97a1950787d4166705024a2f00224370e4524be49cc2,86000,1,TicketReserved,"{'model_id': 'model_mnist_784_noniid', 'round': 8, 'ticket_id': 418, 'owner': 'acct_18'}",mock
0xc80a2e35de30e11df4cfc3b2340b5cb1f6cf12f60c67c64e2cf3b2f7aebb49d5,93000,1,UpdatePublished,"{'model_id': 'model_mnist_784_noniid', 'round': 8, 'ticket_id': 418, 'cid': 'sha256:6156dbfb7a2c3b31148b11db2e013992a396b710b3c64c19f6915c20445b6d6d'}",mock
0x25895eecccd9d1c561154b520ac5309e0010c54bb33f517e8f8ad96b7a491d90,86000,1,TicketReserved,"{'model_id': 'model_mnist_784_noniid', 'round': 8, 'ticket_id': 419, 'owner': 'acct_19'}",mock
0x9103b896e5d78f470081439470aec8fb3740ac1fac66c8d4301b784669e16580,93000,1,UpdatePublished,"{'model_id': 'model_mnist_784_noniid', 'round': 8, 'ticket_id': 419, 'cid': 'sha256:953748a4b21ae5fb7dbec773da227aab083d9e3bc6db3fb6af81249f251913af'}",mock
0xc3668ce16354c36038a4f6cd92e06eec97aa85a9ee61f15246ebcc9e8380334f,86000,1,TicketReserved,"{'model_id': 'model_mnist_784_noniid', 'round': 8, 'ticket_id': 420, 'owner': 'acct_20'}",mock
0x6f931b070c06e6c5ddaf5e83c2ee5fb5ae1f63440fe2f5c909d0ac4adcdc252c,93000,1,UpdatePublished,"{'model_id': 'model_mnist_784_noniid', 'round': 8, 'ticket_id': 420, 'cid': 'sha256:f4b2fc93f51a5e2c9379b1c36c9c778d9e74a207d394d58a35eff4349e22768a'}",mock
0x3de4bf416cb5a577c57b988397bb2b514144202f0795d6fab837f697eed70f75,86000,1,TicketReserved,"{'model_id': 'model_mnist_784_noniid', 'round': 8, 'ticket_id': 421, 'owner': 'acct_21'}",mock
0xfff1fd03ae6ac811c8a7c28c1f3801b18a41927c251a647bbfb5a8b4c64e1d14,93000,1,UpdatePublished,"{'model_id': 'model_mnist_784_noniid', 'round': 8, 'ticket_id': 421, 'cid': 'sha256:2e9d9a6b75cf7e9b6deb49f36bb68c0efd062ff1af0f86efbaecaba22e4d8226'}",mock
0x8ed0dbedce3d4a862cb61b7b9351056c2ddaa3e0e17c64f0528fe3aac3016e45,86000,1,TicketReserved,"{'model_id': 'model_mnist_784_noniid', 'round': 8, 'ticket_id': 422, 'owner': 'acct_22'}",mock
0x4e997d180489b6f4c9add562cc5753908c7d1bd0e29518fa467590bd5db7220e,93000,1,UpdatePublished,"{'model_id': 'model_mnist_784_noniid', 'round': 8, 'ticket_id': 422, 'cid': 'sha256:ee2d178b25036f5b87ba3ce80984c12efd4f5e6c093fa739ad5dd18a2e63a5cc'}",mock
0xce724dbbcc6596375b720b0eaaf50c4b450979f5229da2d4696917703cbc1891,86000,1,TicketReserved,"{'model_id': 'model_mnist_784_noniid', 'round': 8, 'ticket_id': 423, 'owner': 'acct_23'}",mock
0x18d51114e57e6ffe33539701388b64efc28df046737073f7c2f37da2329a077f,93000,1,UpdatePublished,"{'model_id': 'model_mnist_784_noniid', 'round': 8, 'ticket_id': 423, 'cid': 'sha256:4a00271f29004bf8e62a41f5e3e876c7faf647876fa2188505b59f48f49b283b'}",mock
0xfb1bce3136eec23f13fe6a10d1305160e91240dc053061fe9be7712332675cff,86000,1,TicketReserved,"{'model_id': 'model_mnist_784_noniid', 'round': 8, 'ticket_id': 424, 'owner': 'acct_24'}",mock
0xf6ab6c54336d1f3e80a02d5585f96847db5773ec272de33570d543e64c2ca827,93000,1,UpdatePublished,"{'model_id': 'model_mnist_784_noniid', 'round': 8, 'ticket_id': 424, 'cid': 'sha256:34d3afa27c542a9ad168b50ead80906c3254fc28d30190856c9336be2b517091'}",mock
0x9542b63bd8c2d636d63372c133dc3eeebd809db65b2322ea71ca2b5a145df715,86000,1,TicketReserved,"{'model_id': 'model_mnist_784_noniid', 'round': 8, 'ticket_id': 425, 'owner': 'acct_25'}",mock
0x706614a5443f6a29696456dc110440081344fc5674f19b0fae535ea40f1bf4f4,93000,1,UpdatePublished,"{'model_id': 'model_mnist_784_noniid', 'round': 8, 'ticket_id': 425, 'cid': 'sha256:939ce2fcebd0e7cfc1cea34af846a34a72f3af139546e209a3a2074913d1a0ab'}",mock
0xb9f7bb848d5ac4a5355acda6fa85e7a037dbd0d686f96f8366a9e597a6906143,86000,1,TicketReserved,"{'model_id': 'model_mnist_784_noniid', 'round': 8, 'ticket_id': 426, 'owner': 'acct_26'}",mock
0xa3dcd04501740ea58dc0a2a26baea6b963c2692038553d1711b89ab9de72c9e5,93000,1,UpdatePublished,"{'model_id': 'model_mnist_784_noniid', 'round': 8, 'ticket_id': 426, 'cid': 'sha256:b91fb0ff30f2c2acd2cfea89c911c23d0ce7d35b730f567a245c129bcb360a37'}",mock
0x7738c01dcc4bdcd9f530aea01b3f9d4e054519d655f5e3b0039a17b022eef9ad,86000,1,TicketReserved,"{'model_id': 'model_mnist_784_noniid', 'round': 8, 'ticket_id': 427, 'owner': 'acct_27'}",mock
0x16c0c42237a0c5e6c8096e1fd125c3275af5a3529319a0c930fc92b129f868c9,93000,1,UpdatePublished,"{'model_id': 'model_mnist_784_noniid', 'round': 8, 'ticket_id': 427, 'cid': 'sha256:abc294dc9b7c434580414604ffca80bc610bcd81445b71356616b4c1f076e9e1'}",mock
0xaabc7f4437aabc121e5e9a2458dd2a068e5c6b90e9e78bda123b25591b9b2355,86000,1,TicketReserved,"{'model_id': 'model_mnist_784_noniid', 'round': 8, 'ticket_id': 428, 'owner': 'acct_28'}",mock
0xccf445a97d0ab58065825f8964644a1fb8b02c1a3afe71b02f3f4ee549dfbc8f,93000,1,UpdatePublished,"{'model_id': 'model_mnist_784_noniid', 'round': 8, 'ticket_id': 428, 'cid': 'sha256:63a7b36a583e9bce88f6501592d61ceddcddbe9038fe978673e6ce80c98be37e'}",mock
0x4abbf5c15fc1ae7327f3e0fc4342e75dd14cf745e0d2bd71f62798091c244acf,86000,1,TicketReserved,"{'model_id': 'model_mnist_784_noniid', 'round': 8, 'ticket_id': 429, 'owner': 'acct_29'}",mock
0x2f32946483a4ddaa30fb402f42caccb6ce62fc00def61c7bee74ada610e17f83,93000,1,UpdatePublished,"{'model_id': 'model_mnist_784_noniid', 'round': 8, 'ticket_id': 429, 'cid': 'sha256:076fefb020c879daf64cdd8291012ed8d47c5b3f50bfdcc2ed41ad13a5dcf41d'}",mock
0x52b2760858e402abf7460736607b9b4affeefd36dfa1c3ce3ba017a89ebd3ea6,86000,1,TicketReserved,"{'model_id': 'model_mnist_784_noniid', 'round': 8, 'ticket_id': 430, 'owner': 'acct_30'}",mock
0x251e6b4aa861e6cbab9da0bb6d7e33af16ebe4d8abd6cdd932b5a2f869f9ea62,93000,1,UpdatePublished,"{'model_id': 'model_mnist_784_noniid', 'round': 8, 'ticket_id': 430, 'cid': 'sha256:9ae13820a7d605223a7a95ecdddf5683d9850e4a237f3434ba470a37d68f7930'}",mock
0x657405375435794f86fa471721688254ac4fe7b7370a56cd5afcdbd59174e757,86000,1,TicketReserved,"{'model_id': 'model_mnist_784_noniid', 'round': 8, 'ticket_id': 431, 'owner': 'acct_31'}",mock
0x02d7a87df577c8e9fbfaa01e2851dcdd726f52c2d9f150613f303aa11e74a530,93000,1,UpdatePublished,"{'model_id': 'model_mnist_784_noniid', 'round': 8, 'ticket_id': 431, 'cid': 'sha256:a4d6960ce74a3cdc7465f2ab5e48aa6052dbbe23befd002a340b5ae7025a682a'}",mock
0x0c9c5ad5032de2b85709a1dcf764f15945854860e17698c6b89267c5bd14c401,86000,1,TicketReserved,"{'model_id': 'model_mnist_784_noniid', 'round': 8, 'ticket_id': 432, 'owner': 'acct_32'}",mock
0x338773b749fc6ae66120fdcd6e8e890dc7f438c5e4323f5b6ff0017ac9e7191b,93000,1,UpdatePublished,"{'model_id': 'model_mnist_784_noniid', 'round': 8, 'ticket_id': 432, 'cid': 'sha256:0502d7cbf6154eb26cb828fe970aa029ebab3d8d48aa51d43d2245cb17ad1659'}",mock
0xa998a722a29ac4cbd43a061046925130c31461fe0dfe0a811907209ccacdcfeb,86000,1,TicketReserved,"{'model_id': 'model_mnist_784_noniid', 'round': 8, 'ticket_id': 433, 'owner': 'acct_33'}",mock
0xf80ab95a5b63a39a7c5940fe68f60b006efca0e5dedd303934ed732bd5455106,93000,1,UpdatePublished,"{'model_id': 'model_mnist_784_noniid', 'round': 8, 'ticket_id': 433, 'cid': 'sha256:611a96fbf5d4519e6a752e8b3b2dae5bbbd5772088207a8d5afe8769476197af'}",mock
0x4147fda9adac32ddb9660e054f8c177c34a0509f321ad40faf4a942463b8ace6,86000,1,TicketReserved,"{'model_id': 'model_mnist_784_noniid', 'round': 8, 'ticket_id': 434, 'owner': 'acct_34'}",mock
0xf5acaeee47916908f37903ca0d6db764b114df8a06ea7170abf23099e97cd1e7,93000,1,UpdatePublished,"{'model_id': 'model_mnist_784_noniid', 'round': 8, 'ticket_id': 434, 'cid': 'sha256:f54986e56cc786c7b8bc075d158978847406da78c89c142c6880e07befa5ed43'}",mock
0xcf14a3fb63379c605596a3580f85a01691eb7b9ddb32a6a61b0bf35316dc4686,86000,1,TicketReserved,"{'model_id': 'model_mnist_784_noniid', 'round': 8, 'ticket_id': 435, 'owner': 'acct_35'}",mock
0x0c5d9e8ba68e0dd530de28425b431eb38a597791db9ffe76ae7e0a75d4e9db06,93000,1,UpdatePublished,"{'model_id': 'model_mnist_784_noniid', 'round': 8, 'ticket_id': 435, 'cid': 'sha256:76ad52c0e5da93c4b736a23978917059c85ddf9d6812e1ef7d54bd464cbc045d'}",mock
0x8f7a2a4d381eda66eeeeb1929abd063389f460b0ce57de5a153351389f12cdf6,86000,1,TicketReserved,"{'model_id': 'model_mnist_784_noniid', 'round': 8, 'ticket_id': 436, 'owner': 'acct_36'}",mock
0x3274334ec01116ee2e153d6422ce4824e5fb0b6b874fd397b282d7b0d0c6b8ff,93000,1,UpdatePublished,"{'model_id': 'model_mnist_784_noniid', 'round': 8, 'ticket_id': 436, 'cid': 'sha256:332bb14d3ed8855ee445bc74bf916c665e2040a51956ee27aed0bab3d78741dc'}",mock
0x15c7175af0f31e188dee7f00c5c0ca48ac9b5d9fe1b74773b862928f8d4f40f1,86000,1,TicketReserved,"{'model_id': 'model_mnist_784_noniid', 'round': 8, 'ticket_id': 437, 'owner': 'acct_37'}",mock
0xdc8410ea282e2de7cc92c831f24dee097e260ebe15abbba5a8c696de77be98a3,93000,1,UpdatePublished,"{'model_id': 'model_mnist_784_noniid', 'round': 8, 'ticket_id': 437, 'cid': 'sha256:e505438e68b855b10e4937a1dcb502e1cdc67ffa87fa3f34b3b8a19c1b0cfc08'}",mock
0xa702a68932b917ae3555a27b1945dec311edf958a8d2b840690289ce08114fc7,86000,1,TicketReserved,"{'model_id': 'model_mnist_784_noniid', 'round': 8, 'ticket_id': 438, 'owner': 'acct_38'}",mock
0x867ef37e1dd6322b61ee0fc8a0f9cd77f621dc3235cc7774d53c05cc27d0f91d,93000,1,UpdatePublished,"{'model_id': 'model_mnist_784_noniid', 'round': 8, 'ticket_id': 438, 'cid': 'sha256:d1fdaf05840f2707e0025f44eb4d3be320d3fe03dc3b276648fd52ed2c43df43'}",mock
0x9eeba726b1766cc62db9fc6583d6dd84ba0a82624b3727ae90d6f5b1a724f9b0,86000,1,TicketReserved,"{'model_id': 'model_mnist_784_noniid', 'round': 8, 'ticket_id': 439, 'owner': 'acct_39'}",mock
0x008763c1ee73206711b2dc22ca25fd4ea01b605cf8c8afe45c53e54c4b24bcb7,93000,1,UpdatePublished,"{'model_id': 'model_mnist_784_noniid', 'round': 8, 'ticket_id': 439, 'cid': 'sha256:eaf722fbd1eb4cc5a4dd4b95ba0b77f83b71c653f543c01e4c7aeba2ab79d073'}",mock
0x4726b285b6584683541773d29594ff18e389477b5ae05285ad781abdd7c9c549,86000,1,TicketReserved,"{'model_id': 'model_mnist_784_noniid', 'round': 8, 'ticket_id': 440, 'owner': 'acct_40'}",mock
0x7772a0ed761fa8a639e1cfe7759acdfee19e0d53111d00a2a00f7e744f815278,93000,1,UpdatePublished,"{'model_id': 'model_mnist_784_noniid', 'round': 8, 'ticket_id': 440, 'cid': 'sha256:1b02d16fc57f3b8487e40df296b36744579c517daba30ba69e7be20ed80b8b8d'}",mock
0x897e4155c4981c98271259dbf158c98a750f6ff7dbe4f4efee3e7cd1ae71435a,86000,1,TicketReserved,"{'model_id': 'model_mnist_784_noniid', 'round': 8, 'ticket_id': 441, 'owner': 'acct_41'}",mock
0x21105b7ed12dc5c384d13b50c0ba0e0e5fc64d82710e2ecfa433465c9f348596,93000,1,UpdatePublished,"{'model_id': 'model_mnist_784_noniid', 'round': 8, 'ticket_id': 441, 'cid': 'sha256:8cfa2d1b93f10f80d53759030b85405d78343339b02911ecc3f64b63682c490c'}",mock
0x79257e393fe73cfcba697e92357e557b5ac51afd8057d6aaf2fc7c2d504f52a0,86000,1,TicketReserved,"{'model_id': 'model_mnist_784_noniid', 'round': 8, 'ticket_id': 442, 'owner': 'acct_42'}",mock
0x8c2c286a10530440741bbb45f2d04b11aab30d31256e127056d53410d9964617,93000,1,UpdatePublished,"{'model_id': 'model_mnist_784_noniid', 'round': 8, 'ticket_id': 442, 'cid': 'sha256:9db13bb1b4fb1327fc05e3b5624889990e32e08a142d7874e267d7a1defc5f79'}",mock
0xabe8a67b038543434f49a86a344a87b4648e91d585ad2c814b1fa990763bbff6,86000,1,TicketReserved,"{'model_id': 'model_mnist_784_noniid', 'round': 8, 'ticket_id': 443, 'owner': 'acct_43'}",mock
0xcf61544e198177a1471401c16ffcc8ece4faf1f697d8e21207884168f3233983,93000,1,UpdatePublished,"{'model_id': 'model_mnist_784_noniid', 'round': 8, 'ticket_id': 443, 'cid': 'sha256:9fe164708c37725b580ba8fa633972082c8354020f1d82f99cd314364a460d73'}",mock
0x403d51af11838c4c4783e51dd3e94b6e92ef4648f18285427f3c8be7d4eee58c,86000,1,TicketReserved,"{'model_id': 'model_mnist_784_noniid', 'round': 8, 'ticket_id': 444, 'owner': 'acct_44'}",mock
0x8f55011b121437abe1313c602cfba7e12160daa2eabcf96cfce06b0f3d979983,93000,1,UpdatePublished,"{'model_id': 'model_mnist_784_noniid', 'round': 8, 'ticket_id': 444, 'cid': 'sha256:c9f013afd2f8f302dffedc1fd0e003cf561a1584a8d5d72b524ce3290c62b4b2'}",mock
0x25d600a0d8912e977915511449a03e463b51cc902857ce273a5cddac52d19809,86000,1,TicketReserved,"{'model_id': 'model_mnist_784_noniid', 'round': 8, 'ticket_id': 445, 'owner': 'acct_45'}",mock
0xe3dd27399812a0a35908ee8b03f651c2916c851248e3c600fb3c2adaa91130dd,93000,1,UpdatePublished,"{'model_id': 'model_mnist_784_noniid', 'round': 8, 'ticket_id': 445, 'cid': 'sha256:a00d43694e16cf6db0c87abedcd9b51e19c3341ba038b449515419ed4273866f'}",mock
0x5721066cdf5422e155df1541bc3d70bcf0b799b228f2c5817a469ebf3f3a2916,86000,1,TicketReserved,"{'model_id': 'model_mnist_784_noniid', 'round': 8, 'ticket_id': 446, 'owner': 'acct_46'}",mock
0xb06ea04c04704e5c672b35c7b73cfe564bb4fcb96a6db0c39ab63d92579955ee,93000,1,UpdatePublished,"{'model_id': 'model_mnist_784_noniid', 'round': 8, 'ticket_id': 446, 'cid': 'sha256:0e8b1f06cf8f2e33b1d748594e79c3aa26d5872670f67398e84798de899d2461'}",mock
0xe33b566d38cbf2044d28e1cba0cd9a24ef462b4a70cc435df951d5e9b9f43bc4,86000,1,TicketReserved,"{'model_id': 'model_mnist_784_noniid', 'round': 8, 'ticket_id': 447, 'owner': 'acct_47'}",mock
0xc4527a1784910dde2896909791de8c76f5c45cd8b0100c38128b8d2889711b2b,93000,1,UpdatePublished,"{'model_id': 'model_mnist_784_noniid', 'round': 8, 'ticket_id': 447, 'cid': 'sha256:c498b50ef8c45247b615fd3f0a8e8ec7f1a81388ccf31e7180a4acbbc6440bb0'}",mock
0xb2321fa658ca0ba5660b6528b8f6ce9dc1bd2aaf8306caae0259fb00e73c9cad,86000,1,TicketReserved,"{'model_id': 'model_mnist_784_noniid', 'round': 8, 'ticket_id': 448, 'owner': 'acct_48'}",mock
0x59196eeec9a0a77288d0762031db7038ba78386defb57b747d7733913b1311c0,93000,1,UpdatePublished,"{'model_id': 'model_mnist_784_noniid', 'round': 8, 'ticket_id': 448, 'cid': 'sha256:3e62df32803c8dd7052a00554847b146a30f0c4dd9a69e54ec3efc25f0040927'}",mock
0x4373f902c5898bad14d3e4736e4a6ef2bacd90681cf62ecdd562a099b0fae818,86000,1,TicketReserved,"{'model_id': 'model_mnist_784_noniid', 'round': 8, 'ticket_id': 449, 'owner': 'acct_49'}",mock
0xf832691711ee5e3e0add0e60d069c69090193e8148fcb52a1f9f8e19b31006f3,93000,1,UpdatePublished,"{'model_id': 'model_mnist_784_noniid', 'round': 8, 'ticket_id': 449, 'cid': 'sha256:e2df4f07c5f8c70a1eecff786089f6fb3363fc0e395f7fef537c547c929ab0de'}",mock
0x1c64a6c171fd3e286ce3eb1011f313fea49b4a0c9c3076df7b86ae9e19cca392,86000,1,TicketReserved,"{'model_id': 'model_mnist_784_noniid', 'round': 8, 'ticket_id': 450, 'owner': 'acct_50'}",mock
0x46027c7c7b53412321a043a63264d27614a6ba0b5328252bd348e0378f219acd,93000,1,UpdatePublished,"{'model_id': 'model_mnist_784_noniid', 'round': 8, 'ticket_id': 450, 'cid': 'sha256:6988c5b08bb6e232704d8af2413a31877e69244d44fe8e5e6994357d004819fa'}",mock
0x1abec3729d325aef0c338552baa032a9e15bdf1b67f6d3ee56b0f08f504525c7,1045000,1,RoundFinalized,"{'model_id': 'model_mnist_784_noniid', 'round': 8, 'included': 46, 'refunds': 46}",mock
0x21c797bded2c6102527134005402ffe6eb95c7ff133253b22c32710796f0977a,52000,1,RoundFunded,"{'model_id': 'model_mnist_784_noniid', 'amount_wei': 10000000000000000}",mock
0xf6f04d22653abbd91468aff3168444de4f4af83c2efaf6266c7b21cd9d1023dc,86000,1,TicketReserved,"{'model_id': 'model_mnist_784_noniid', 'round': 9, 'ticket_id': 451, 'owner': 'acct_1'}",mock
0xb48a80ff47b73ba4407890795dfb60b3f3e9255961b46fa4a340feb5d9d65b20,93000,1,UpdatePublished,"{'model_id': 'model_mnist_784_noniid', 'round': 9, 'ticket_id': 451, 'cid': 'sha256:4ebbc209d3e15112cf35461254b72a0ffb4a293582ce93021bd03798048126ea'}",mock
0x79159b5e3e9c360bad8484a5c8b2b5f25625c627e2ceebc7bdc35c34092b8e48,86000,1,TicketReserved,"{'model_id': 'model_mnist_784_noniid', 'round': 9, 'ticket_id': 452, 'owner': 'acct_2'}",mock
0x3bf4a12a55f05b3ae981495ae8b1d4314048398a63efc0c3a598ae776d125b29,93000,1,UpdatePublished,"{'model_id': 'model_mnist_784_noniid', 'round': 9, 'ticket_id': 452, 'cid': 'sha256:06b4d27e38dc204ffc69321d1e7411eaafa4c045a635dcf2ea48f343662dc103'}",mock
0xeb21b987abc79a6a3e2c6c7dfc4c2e2cf77faaf634391a131a086786c40f229b,86000,1,TicketReserved,"{'model_id': 'model_mnist_784_noniid', 'round': 9, 'ticket_id': 453, 'owner': 'acct_3'}",mock
0x51424b70cdfb993ece04a66b7d6bf833578bc4697fa05835def0aaaba88dc7dc,93000,1,UpdatePublished,"{'model_id': 'model_mnist_784_noniid', 'round': 9, 'ticket_id': 453, 'cid': 'sha256:23cb43ca9095be203f1fb5d4fc67507ae2b8a6908eb084124c359f57ca8e5fb7'}",mock
0x73e2be4c62d0d58bb908a3e7e7e111c8a8597c1235efc6beb1c125b27a4665bf,86000,1,TicketReserved,"{'model_id': 'model_mnist_784_noniid', 'round': 9, 'ticket_id': 454, 'owner': 'acct_4'}",mock
0x9fdca8ff5dede412f60824f4d25735c5a858cc594c07c4cfb3214352ef40dc4e,93000,1,UpdatePublished,"{'model_id': 'model_mnist_784_noniid', 'round': 9, 'ticket_id': 454, 'cid': 'sha256:eb93e2d0d1462aa3447fa983ee91a98e67079ff971f5ee87ec3176aee46cfadf'}",mock
0xa434a38903c638d2699a5c40bab9318d757d9466f40d2c037759d06a8f4f5bc5,86000,1,TicketReserved,"{'model_id': 'model_mnist_784_noniid', 'round': 9, 'ticket_id': 455, 'owner': 'acct_5'}",mock
0x32ac26f9a1d4a014e4c649f8139cb75d564e7eaaba04315f1360fc88a4acfddd,93000,1,UpdatePublished,"{'model_id': 'model_mnist_784_noniid', 'round': 9, 'ticket_id': 455, 'cid': 'sha256:d9d4cd5beb93913bffe4a66b20a9f0690768e192b29b64d227efb81ebff01c96'}",mock
0x2096bd0dc5e0306353c58a320c14bfc8532e0e263cba8ca2d4c926dba3476715,86000,1,TicketReserved,"{'model_id': 'model_mnist_784_noniid', 'round': 9, 'ticket_id': 456, 'owner': 'acct_6'}",mock
0x2e8d668daa5f04347a93dabe857054be10b1bbc8ac673c0ce711c250e914cded,93000,1,UpdatePublished,"{'model_id': 'model_mnist_784_noniid', 'round': 9, 'ticket_id': 456, 'cid': 'sha256:19f56ee0f9608e73e809d1f44a5811c27f522f47f9f3823bc2fb4236d187e369'}",mock
0x6f9f0f5ba8c19486b822b69c8b19e050c36c0895e7e1a2b9b0b7565de05408f8,86000,1,TicketReserved,"{'model_id': 'model_mnist_784_noniid', 'round': 9, 'ticket_id': 457, 'owner': 'acct_7'}",mock
0x59445e28d1ab8f2425ceb41088c694980275f19cbf7600ca01fd430ab88b4f4e,93000,1,UpdatePublished,"{'model_id': 'model_mnist_784_noniid', 'round': 9, 'ticket_id': 457, 'cid': 'sha256:9f802edc41e748a1434b7df13a6c19f64cdd0f0bb684b27c60974597f59a1058'}",mock
0xde8e39b137d4c7e299252f44be53d5d293b50de62ef3079ea1d0404307b6a261,86000,1,TicketReserved,"{'model_id': 'model_mnist_784_noniid', 'round': 9, 'ticket_id': 458, 'owner': 'acct_8'}",mock
0x2aac56455d40b3fe53b93481c70679de633ab78fa788472c512a7c28b8090e34,93000,1,UpdatePublished,"{'model_id': 'model_mnist_784_noniid', 'round': 9, 'ticket_id': 458, 'cid': 'sha256:178675e2b78fc7a74f2c6f3a57862524e28f1dbf5ab67b40c3df675397652041'}",mock
0x3a79de3f65ae4ce6b423c4f5252768a1690e772ecd20259afd1a13ccace39255,86000,1,TicketReserved,"{'model_id': 'model_mnist_784_noniid', 'round': 9, 'ticket_id': 459, 'owner': 'acct_9'}",mock
0xa2ef707726798edd7abf554d6984cd6a8e092c8f3b8845793ca797f6bd2c4671,93000,1,UpdatePublished,"{'model_id': 'model_mnist_784_noniid', 'round': 9, 'ticket_id': 459, 'cid': 'sha256:467aa46aa1e6fe447f5c7465dded0dc540852d0144eaa70542a74be7b1797c6a'}",mock
0xb84fc8de3113677f1731415d5e3ad952ec13e8a9fdc11ecf774c9f660b2b6306,86000,1,TicketReserved,"{'model_id': 'model_mnist_784_noniid', 'round': 9, 'ticket_id': 460, 'owner': 'acct_10'}",mock
0x1210acc956dfa3f9098d5781dfe050ca0061512a7514dbf1322de46576f393e6,93000,1,UpdatePublished,"{'model_id': 'model_mnist_784_noniid', 'round': 9, 'ticket_id': 460, 'cid': 'sha256:9c7c3a67b759ab7a27e8080bd14d8d2a9477646ef60b4f3f9e4a9c4c2cde8ee8'}",mock
0x502a27aa0ca28f62b51b8905c2e0525c61bebb90abc391a25c61537400d308e3,86000,1,TicketReserved,"{'model_id': 'model_mnist_784_noniid', 'round': 9, 'ticket_id': 461, 'owner': 'acct_11'}",mock
0x2fa15f9d50e8d933e0bb5eb93cdd7b4806fbb226cd1e55fe49fcbcd5f336fea3,93000,1,UpdatePublished,"{'model_id': 'model_mnist_784_noniid', 'round': 9, 'ticket_id': 461, 'cid': 'sha256:e7a16ca106a16d11409e1eca6698efd54b00a13ad118ac1e59b65c459f037098'}",mock
0x7518858075fbba4058544d0fe103b598439c7d833bf7365318ff37cc34252a34,86000,1,TicketReserved,"{'model_id': 'model_mnist_784_noniid', 'round': 9, 'ticket_id': 462, 'owner': 'acct_12'}",mock
0x0a65d160a9ffefe9d25de3855c6196072777c88425eb9a364ca77e794ca0e4cd,93000,1,UpdatePublished,"{'model_id': 'model_mnist_784_noniid', 'round': 9, 'ticket_id': 462, 'cid': 'sha256:7cd3f46f18023464361aa101688c8b2f64acf56abae50ead65c2fbaef67d16f5'}",mock
0x817ba30afc67f453cfc8c95f0b211717fab18d3a32e2e8629171804e61cd3726,86000,1,TicketReserved,"{'model_id': 'model_mnist_784_noniid', 'round': 9, 'ticket_id': 463, 'owner': 'acct_13'}",mock
0x5d90a5136a8b71a48515a0dba2e98a729ddadfe22e3867a715661e5a34f49178,93000,1,UpdatePublished,"{'model_id': 'model_mnist_784_noniid', 'round': 9, 'ticket_id': 463, 'cid': 'sha256:5748819c35e736883ec356d0d51d57d499dc09cc4e0cfcd254463a7c6cb4c0f5'}",mock
0x528b9c9492dd1cf1226dd439528c872e29b785930440b9192bbd1c0ad4a07b2e,86000,1,TicketReserved,"{'model_id': 'model_mnist_784_noniid', 'round': 9, 'ticket_id': 464, 'owner': 'acct_14'}",mock
0x006f15e208543e360da224328b60255761fb0deaeb426242385b4cc36d4be113,93000,1,UpdatePublished,"{'model_id': 'model_mnist_784_noniid', 'round': 9, 'ticket_id': 464, 'cid': 'sha256:a6116a24c96ea8513815b7e3af8e6907293db51d68c24cd5ef4415f0bc4eac5e'}",mock
0x5860ae9a9c7917d7842444dee5fa98c6ed366389adb68d4076cae318b175b9cc,86000,1,TicketReserved,"{'model_id': 'model_mnist_784_noniid', 'round': 9, 'ticket_id': 465, 'owner': 'acct_15'}",mock
0x1e4742cdfac8f84674ab26e2d0a9fa2319e78660ac9856cb5660ba62f5e09a9e,93000,1,UpdatePublished,"{'model_id': 'model_mnist_784_noniid', 'round': 9, 'ticket_id': 465, 'cid': 'sha256:eabd6e68bcf7be0843ef759b791a2d73eb8bbf177a070846b040736954a1ca98'}",mock
0xa4981a3d95d72eb5f18986511a6934e219dd1268c24199d7f45f5352100c2277,86000,1,TicketReserved,"{'model_id': 'model_mnist_784_noniid', 'round': 9, 'ticket_id': 466, 'owner': 'acct_16'}",mock
0x4c7da704d3770c7a6740baa6d9e275b1440c9a3b706d6cbde89eab0c847cfd74,93000,1,UpdatePublished,"{'model_id': 'model_mnist_784_noniid', 'round': 9, 'ticket_id': 466, 'cid': 'sha256:78d83de58319365764523dad64e5ceaaa18d35073f3948124dc27e72f1aaf3ce'}",mock
0xbdb5a3a0210d3e19dce77bfece8669086c43f1fa4da1968d6867a61c011d9757,86000,1,TicketReserved,"{'model_id': 'model_mnist_784_noniid', 'round': 9, 'ticket_id': 467, 'owner': 'acct_17'}",mock
0xb8c17cd483df91faefe09785d2caa8e707dc4a7436b2600eecd249a6473b34b4,93000,1,UpdatePublished,"{'model_id': 'model_mnist_784_noniid', 'round': 9, 'ticket_id': 467, 'cid': 'sha256:3e9347222eb7a728ac59a03269d31c218bb09717a54e9f07dac994d2a8d6cf48'}",mock
0x5a78a55aaf83daccd279c945770eb6e02b5593cd5b00b7d4863ef6f9fe3a7db6,86000,1,TicketReserved,"{'model_id': 'model_mnist_784_noniid', 'round': 9, 'ticket_id': 468, 'owner': 'acct_18'}",mock
0x0c8ba58f57d22a290b1f971d0faecda3dd62c3c8abd22cd5b93a2bf925bd7286,93000,1,UpdatePublished,"{'model_id': 'model_mnist_784_noniid', 'round': 9, 'ticket_id': 468, 'cid': 'sha256:99d97f752437c14405b930c45a9b3c43f68b33a6a9fb2f87696fcebbea5c32c8'}",mock
0xbb41d55d57678845daaa8d960540d724112e7e7b03a5760715ba754b2c96a01f,86000,1,TicketReserved,"{'model_id': 'model_mnist_784_noniid', 'round': 9, 'ticket_id': 469, 'owner': 'acct_19'}",mock
0xced7e95320ee10b542f797306e2316a20cf16c310f4faccad0ce5946b6a88afe,93000,1,UpdatePublished,"{'model_id': 'model_mnist_784_noniid', 'round': 9, 'ticket_id': 469, 'cid': 'sha256:d349dc663ed88cc2f809c8af8a771bb45681d860ef4017c6e84142a88714fd33'}",mock
0xbe644d06d2f4619b06495f80b84e6d7e4a62b9e9cde5deadee463594d151403b,86000,1,TicketReserved,"{'model_id': 'model_mnist_784_noniid', 'round': 9, 'ticket_id': 470, 'owner': 'acct_20'}",mock
0xb2a9f85451d54cf54690d90057e34db5166c840f5eb64af29ccaa31883cec8f1,93000,1,UpdatePublished,"{'model_id': 'model_mnist_784_noniid', 'round': 9, 'ticket_id': 470, 'cid': 'sha256:f5de3a336a7eef1c44371450c4c83fe48153694ff0426bce198a0f244695b64a'}",mock
0x2da490e261d1a312d5c3b8245ae5a8431ce4f82fc3709b29b718f802f9740305,86000,1,TicketReserved,"{'model_id': 'model_mnist_784_noniid', 'round': 9, 'ticket_id': 471, 'owner': 'acct_21'}",mock
0xc51d95b40be1bd02fce733f61e6d724267d1d22a9970d3a733948a41a3454747,93000,1,UpdatePublished,"{'model_id': 'model_mnist_784_noniid', 'round': 9, 'ticket_id': 471, 'cid': 'sha256:3aaf4ac5b2a472216980cee08a19de32c6c1aec60da7a905ba0142283e9ace28'}",mock
0x69a1961027c5de0ffba8afda22f43d8ad1a329b9eeca2ac728f254e33bd08d60,86000,1,TicketReserved,"{'model_id': 'model_mnist_784_noniid', 'round': 9, 'ticket_id': 472, 'owner': 'acct_22'}",mock
0x4b48c6d092c505284c5df7a6b8cca3e9d08e2140dcb875b8d135f65d785e631f,93000,1,UpdatePublished,"{'model_id': 'model_mnist_784_noniid', 'round': 9, 'ticket_id': 472, 'cid': 'sha256:b64dd0f0e4ac4901fa0db0f61e30e9867aaf252fdcc29b69232b75f15bfc17bc'}",mock
0xc4226da6635f6c4b4516d4b52a8c556b260ab8d23a6800dd6d7cb3f52983545d,86000,1,TicketReserved,"{'model_id': 'model_mnist_784_noniid', 'round': 9, 'ticket_id': 473, 'owner': 'acct_23'}",mock
0xae2998a48d0bc00106ef5ffe3d3e94f2f669481886875ff65e02171d37a5aa80,93000,1,UpdatePublished,"{'model_id': 'model_mnist_784_noniid', 'round': 9, 'ticket_id': 473, 'cid': 'sha256:a55b5780fc5f6a35cd34de8e2d97f7de4e3942054cb04239d6b48dd5fce3c8f6'}",mock
0x4024c84a695bbd09c779798e8db8b7014672ac2a61a0dd649442d70d0def3d01,86000,1,TicketReserved,"{'model_id': 'model_mnist_784_noniid', 'round': 9, 'ticket_id': 474, 'owner': 'acct_24'}",mock
0x856114c78ca185588922ff94f45e84e275dfd19dc17c5f6aa5765cff4334d806,93000,1,UpdatePublished,"{'model_id': 'model_mnist_784_noniid', 'round': 9, 'ticket_id': 474, 'cid': 'sha256:7d7d411c12d5fa6851e9751381b1cad8116c94d97a9a5f735e7f517c0725cff3'}",mock
0x17e78862469ceb99f8c292e7e01cab8829ad86d7874d81b9eb7e5fc7172d2cbf,86000,1,TicketReserved,"{'model_id': 'model_mnist_784_noniid', 'round': 9, 'ticket_id': 475, 'owner': 'acct_25'}",mock
0x2da8b71533c9aa1cd853d8d8401da353a6f149e0a204a828c63755d4f79d9cd0,93000,1,UpdatePublished,"{'model_id': 'model_mnist_784_noniid', 'round': 9, 'ticket_id': 475, 'cid': 'sha256:8681bab00c8959555d080f3e4a459b649cb45b1a1ca3a81b2c870a84f3c56f6b'}",mock
0x986396d75795f567f6edda39099ce2284fc856b0d84516179d84dc9933c76855,86000,1,TicketReserved,"{'model_id': 'model_mnist_784_noniid', 'round': 9, 'ticket_id': 476, 'owner': 'acct_26'}",mock
0x718a73641491c9c04acc8557965e775bdad64cbc63baad91de63f20a6a52633a,93000,1,UpdatePublished,"{'model_id': 'model_mnist_784_noniid', 'round': 9, 'ticket_id': 476, 'cid': 'sha256:a5cdef92018f27cd38505726007da84517e7b599cff0d03c8f71eaad576a705c'}",mock
0x30e2eb7c3e9db6709551ad95aa7e5c40aa0a063fd429b920d8f85063340f0c68,86000,1,TicketReserved,"{'model_id': 'model_mnist_784_noniid', 'round': 9, 'ticket_id': 477, 'owner': 'acct_27'}",mock
0x22fba5837ae91f5ff2c7f75a44200a0b093762ef446e813816b4054e6ca61e61,93000,1,UpdatePublished,"{'model_id': 'model_mnist_784_noniid', 'round': 9, 'ticket_id': 477, 'cid': 'sha256:6d7a3e46765cbe45f983901f1a251a8f8f16680c0ba66923bda0886b15a0bce9'}",mock
0xd5f0753abfc50dea01bb71c2ae0b01b3381a79928087eaedfadfe2bac666c7d0,86000,1,TicketReserved,"{'model_id': 'model_mnist_784_noniid', 'round': 9, 'ticket_id': 478, 'owner': 'acct_28'}",mock
0xf70c417b1298973d75742745dae7f2de56577293d6d730e891e7b447057a617a,93000,1,UpdatePublished,"{'model_id': 'model_mnist_784_noniid', 'round': 9, 'ticket_id': 478, 'cid': 'sha256:4b15c799e23e2da43bd8cacd85ca0d40d0695829acfea2614ad19dda64a689fb'}",mock
0x4ff70bbf106f23fec919e4ca55fc518674afc5a952365c5c1e163fa74dbf3302,86000,1,TicketReserved,"{'model_id': 'model_mnist_784_noniid', 'round': 9, 'ticket_id': 479, 'owner': 'acct_29'}",mock
0xf739b43075030309868db45a23e98bb6beefe70bf706a383d98fc6e722b9cfab,93000,1,UpdatePublished,"{'model_id': 'model_mnist_784_noniid', 'round': 9, 'ticket_id': 479, 'cid': 'sha256:3e65e2443760a56d29adf544ddcdfb8b02f41223a1051726f7c70475ba2b3040'}",mock
0x5bd5b98d7bf261fe51fc2c65991accade6599114582427191e6917832013c8ee,86000,1,TicketReserved,"{'model_id': 'model_mnist_784_noniid', 'round': 9, 'ticket_id': 480, 'owner': 'acct_30'}",mock
0xe5d820ce7fc1595588483717dc8a3e8123e86fdddc04183bc84c2f13f026bd80,93000,1,UpdatePublished,"{'model_id': 'model_mnist_784_noniid', 'round': 9, 'ticket_id': 480, 'cid': 'sha256:5307c713be0d8cd5b683f1cf419798de92b2e9fa1034504f7b76051455949759'}",mock
0x30c67dc5d4dc9f2e43ecec2b223eaa47bde493096939f6004e5c040513975ce8,86000,1,TicketReserved,"{'model_id': 'model_mnist_784_noniid', 'round': 9, 'ticket_id': 481, 'owner': 'acct_31'}",mock
0x1b0b7e1e0c4f56f28ffda4ee4f62b79eb4ff1f204cd22f74bf1c6e3abe3f9574,93000,1,UpdatePublished,"{'model_id': 'model_mnist_784_noniid', 'round': 9, 'ticket_id': 481, 'cid': 'sha256:af671695e907b5c0889b4c105c10407041d14435664e56680d88b621a4ee9f96'}",mock
0x49c44163003f769e3eeba90065b33a7b384d91fdd2300d4fca8693b7256488a5,86000,1,TicketReserved,"{'model_id': 'model_mnist_784_noniid', 'round': 9, 'ticket_id': 482, 'owner': 'acct_32'}",mock
0x4d0715aa3960a976bb7eb4b0dd698d2cdd870913e1a3d4b3a5650e25c8077ed1,93000,1,UpdatePublished,"{'model_id': 'model_mnist_784_noniid', 'round': 9, 'ticket_id': 482, 'cid': 'sha256:c9f58a17ab0156838e623967971bcd1cbb1d725486a6d69b2f81bc063bb73d28'}",mock
0xb442bde686f430d5f75f3373a7524dd5f5889cc563bf5af0e9eeec6233516197,86000,1,TicketReserved,"{'model_id': 'model_mnist_784_noniid', 'round': 9, 'ticket_id': 483, 'owner': 'acct_33'}",mock
0xcfe1823d3f485e7ffd6c9440e86d4faba8dd47c7748066357b4b922ed5eec506,93000,1,UpdatePublished,"{'model_id': 'model_mnist_784_noniid', 'round': 9, 'ticket_id': 483, 'cid': 'sha256:2cc19346944e4f59a568910f1c032ca4e5b6414a17800d9682427c9cfecff143'}",mock
0xf83cde7ca7227ab806487a9c876829b73983b7c743da73e3457a3eb3c59908dc,86000,1,TicketReserved,"{'model_id': 'model_mnist_784_noniid', 'round': 9, 'ticket_id': 484, 'owner': 'acct_34'}",mock
0xbaeb52a4fa2a4616cc4a7b82e9b24e2082d11a1454657e8e5fbe4e20b4a2e574,93000,1,UpdatePublished,"{'model_id': 'model_mnist_784_noniid', 'round': 9, 'ticket_id': 484, 'cid': 'sha256:fedca795d28875d877e7bbcdef7ca4f1295e2c4e56d161413c2427d3c21f522f'}",mock
0xa9dd0d2505924d3c87640d13a74a56c51c4b517235a3eb9ae8344cdecc1145b8,86000,1,TicketReserved,"{'model_id': 'model_mnist_784_noniid', 'round': 9, 'ticket_id': 485, 'owner': 'acct_35'}",mock
0x77bd3fd1bd6310f0c921134eef7efa22d89ff4617b69b193e1a4413a51b5f515,93000,1,UpdatePublished,"{'model_id': 'model_mnist_784_noniid', 'round': 9, 'ticket_id': 485, 'cid': 'sha256:db3b27df36896e045ee71358096305deb76e250911ae225cd39f6c0db8461fc2'}",mock
0xe6c9fb879fa82592b38b6ca47a32c8e60e108eebce28a8e1c0aeef08e28f00bc,86000,1,TicketReserved,"{'model_id': 'model_mnist_784_noniid', 'round': 9, 'ticket_id': 486, 'owner': 'acct_36'}",mock
0x4380c786b7d4312336b76c3fdd557c4063a6f135a53351a1e91050954e3018d4,93000,1,UpdatePublished,"{'model_id': 'model_mnist_784_noniid', 'round': 9, 'ticket_id': 486, 'cid': 'sha256:5ab034e239597290efeb012d645d861bec61507bf87bc136ad0d40e52b3e63e2'}",mock
0x4b4fc68d2c0bab3807947806fffd5f566afe8152d6baea809f7df1a0f1d46845,86000,1,TicketReserved,"{'model_id': 'model_mnist_784_noniid', 'round': 9, 'ticket_id': 487, 'owner': 'acct_37'}",mock
0x8429af571ef8ecfbd45fa981e0347d71a2f5dcf8b89b6722e2913637bfe446b7,93000,1,UpdatePublished,"{'model_id': 'model_mnist_784_noniid', 'round': 9, 'ticket_id': 487, 'cid': 'sha256:90630130d29fe0ef4f9e56a2bc812b83f8839426eaed7c166957a0707cfcd535'}",mock
0x5d3dc00d0cf1813ddf2b1aa61f1efc354e23062fbfe9afec204bd263a3553aac,86000,1,TicketReserved,"{'model_id': 'model_mnist_784_noniid', 'round': 9, 'ticket_id': 488, 'owner': 'acct_38'}",mock
0xe31418f56ddb6bd52ac57924556e018ca48d3d4f7026dd92b15d1eb1b637f002,93000,1,UpdatePublished,"{'model_id': 'model_mnist_784_noniid', 'round': 9, 'ticket_id': 488, 'cid': 'sha256:f52c2483a0c9ddf51a4c70cf26671d863e2d4bf08b1cb2a75b2fc4ffe8e6fe0a'}",mock
0xbd1be7948e230cf3828d3acdfd0d73534605859f7ba05ff172bef23029a3d4d2,86000,1,TicketReserved,"{'model_id': 'model_mnist_784_noniid', 'round': 9, 'ticket_id': 489, 'owner': 'acct_39'}",mock
0x8bc2a41b779099cc7acbca2fa9b27f8c6f0ddf36b2f801f6f835cea030de018d,93000,1,UpdatePublished,"{'model_id': 'model_mnist_784_noniid', 'round': 9, 'ticket_id': 489, 'cid': 'sha256:e9a249a61efac154de8bd64c2fb4b50c77084f561baf5b7951c268dcc79e7df9'}",mock
0xdcab879ca8d4ad8b9badc22ed8d3490ca1625d1b399cffeb51b2225e24b9863f,86000,1,TicketReserved,"{'model_id': 'model_mnist_784_noniid', 'round': 9, 'ticket_id': 490, 'owner': 'acct_40'}",mock
0x6f0527d0736bad7409b73ae1e7fac07b52821b8ca639e88350903df88184714d,93000,1,UpdatePublished,"{'model_id': 'model_mnist_784_noniid', 'round': 9, 'ticket_id': 490, 'cid': 'sha256:84a6cc4f47a70741b4ba477c2de55cbf894724e5e4f9a16c02e9b3b3ab084d37'}",mock
0x4831d25547ded7ce3ef53fcd4aea90156225f70fa54185d65ed3afcacb9e87a4,86000,1,TicketReserved,"{'model_id': 'model_mnist_784_noniid', 'round': 9, 'ticket_id': 491, 'owner': 'acct_41'}",mock
0x166e757b13b598d5dfb0b9e9a518129b402e4b3dbd263afa6494385cfe75ef5f,93000,1,UpdatePublished,"{'model_id': 'model_mnist_784_noniid', 'round': 9, 'ticket_id': 491, 'cid': 'sha256:2590083f7a7ce6462fcc4eccfb0c9dc2b01a643924b86783e2e425fb7292d6bf'}",mock
0xdc77ea68f14c833e79601f43b13ae063a96b5907e31855f0fbe16e3fa7eb27b1,86000,1,TicketReserved,"{'model_id': 'model_mnist_784_noniid', 'round': 9, 'ticket_id': 492, 'owner': 'acct_42'}",mock
0xa1be6c69e03dd746cb453f14ad7c6280e1928d62984a19463454fcf6f84d130e,93000,1,UpdatePublished,"{'model_id': 'model_mnist_784_noniid', 'round': 9, 'ticket_id': 492, 'cid': 'sha256:e4a5a0273acb9e9f48cf5b23aee7df042db52305199d193b20c7c4f5b7988f50'}",mock
0xe6d4f571d006ae2737e8de33d8ba6e271be27d7f38686dd9957b94f27efa29d7,86000,1,TicketReserved,"{'model_id': 'model_mnist_784_noniid', 'round': 9, 'ticket_id': 493, 'owner': 'acct_43'}",mock
0xa77c12e30bb8496deea581f59e076953844104f4abce01444d70953de2003954,93000,1,UpdatePublished,"{'model_id': 'model_mnist_784_noniid', 'round': 9, 'ticket_id': 493, 'cid': 'sha256:c7565c90664f21b31ac2ed9ef60e73ef13fc5657166adc830719aa9745d106b5'}",mock
0x84fb46ce987b59db5e14d7088421c281ebc492554bad7fc86ebd2b9ca2a5daa0,86000,1,TicketReserved,"{'model_id': 'model_mnist_784_noniid', 'round': 9, 'ticket_id': 494, 'owner': 'acct_44'}",mock
0x48e6e930444cbeb05dbf1a9ccadfe76b9b1dd015f2c5c796a0dec44278b23c89,93000,1,UpdatePublished,"{'model_id': 'model_mnist_784_noniid', 'round': 9, 'ticket_id': 494, 'cid': 'sha256:9f555febac659196eef75955b34f5ca606eff5ffa9e4a6b406b58824f04d8e37'}",mock
0x9d1cb270f71ece72490e3c9b460a72429d8b4c8e65685a63d91179a909213039,86000,1,TicketReserved,"{'model_id': 'model_mnist_784_noniid', 'round': 9, 'ticket_id': 495, 'owner': 'acct_45'}",mock
0x5952a5c806cca54202ed7902689ba283cc4e75c04f2ea7ebb30a27a5353ce526,93000,1,UpdatePublished,"{'model_id': 'model_mnist_784_noniid', 'round': 9, 'ticket_id': 495, 'cid': 'sha256:1f49f945462084c72ed3e07078e4f3026c75aa676894a0cc1b9471c940d496e6'}",mock
0xa93c902de0e4cbab8cfd9bf77dff6d10e663e21c1f86548b6b14b002daa7c03b,86000,1,TicketReserved,"{'model_id': 'model_mnist_784_noniid', 'round': 9, 'ticket_id': 496, 'owner': 'acct_46'}",mock
0x545114273eaa621a3148957d33a0c6979435f8ecbc73035c393d1dfbb67fa232,93000,1,UpdatePublished,"{'model_id': 'model_mnist_784_noniid', 'round': 9, 'ticket_id': 496, 'cid': 'sha256:d208e0a11071fe9df4b3276a64d922bec25e9945fafd5c1c7b9e61fd7333b5aa'}",mock
0xe53d1a9912e8c2346b2bb71b9d9420b68b946fc8490c2ebf0bf462b6a466f330,86000,1,TicketReserved,"{'model_id': 'model_mnist_784_noniid', 'round': 9, 'ticket_id': 497, 'owner': 'acct_47'}",mock
0x0f618a4c4c8a80be2b39e06412face267c3de7caf6cefb170ebacb01a9a06feb,93000,1,UpdatePublished,"{'model_id': 'model_mnist_784_noniid', 'round': 9, 'ticket_id': 497, 'cid': 'sha256:19ad9f06165fd24fdde8045b769a0ea9697ef370eb8ff8f28bee21007a7da91f'}",mock
0xf95e9a37939d874b417e574c75355f6bd792748f056d5b0ec509b2d6b5b251a4,86000,1,TicketReserved,"{'model_id': 'model_mnist_784_noniid', 'round': 9, 'ticket_id': 498, 'owner': 'acct_48'}",mock
0xdb570a8a4190c543cdde7f699c15300b589a59982c44cc45431bfdfb601ca36a,93000,1,UpdatePublished,"{'model_id': 'model_mnist_784_noniid', 'round': 9, 'ticket_id': 498, 'cid': 'sha256:cc8b17b2a9105fdc91e5c6c2d4028673487cc2b488c89fea08c95c99bc565e02'}",mock
0x51a22f76bc900bcedf0a2753182dbeee17e0eb27cfe35de91ec4c496cfae59d7,86000,1,TicketReserved,"{'model_id': 'model_mnist_784_noniid', 'round': 9, 'ticket_id': 499, 'owner': 'acct_49'}",mock
0x321b50abb567137c36d45b36a1da5d9cffffd35581927bafa63afa845c01d525,93000,1,UpdatePublished,"{'model_id': 'model_mnist_784_noniid', 'round': 9, 'ticket_id': 499, 'cid': 'sha256:561ce4434a2df297886de5a6c1a06fe0c18516f39b480ffca694d342a276d079'}",mock
0x6c3c9b048d15c273ef5287d86db1561b27c9cd890e3b7f697e4e320dbdb31183,86000,1,TicketReserved,"{'model_id': 'model_mnist_784_noniid', 'round': 9, 'ticket_id': 500, 'owner': 'acct_50'}",mock
0xe37f5ad08ba17fb761d20a138206d984c5b6aaaf096fc68a36c460caf3ab3808,93000,1,UpdatePublished,"{'model_id': 'model_mnist_784_noniid', 'round': 9, 'ticket_id': 500, 'cid': 'sha256:8c8f845fab5ac0411b6f51ebf56a6e27fa93f48a3839e4faf9784d8587bcf532'}",mock
0xf612bed7964851808bd6e948b04c1406420bfa6b916a735b8160ab24a8d7e9c4,1065000,1,RoundFinalized,"{'model_id': 'model_mnist_784_noniid', 'round': 9, 'included': 47, 'refunds': 47}",mock
0x202c9f8463a9485d2d93c72308ecea5ea9158fdb33f5f01136b7451c1fa93243,52000,1,RoundFunded,"{'model_id': 'model_mnist_784_noniid', 'amount_wei': 10000000000000000}",mock
0x875f0c76dd50a933b676e2d6eadefe86f6cb7241ce56f95d60ad3a87865b0792,86000,1,TicketReserved,"{'model_id': 'model_mnist_784_noniid', 'round': 10, 'ticket_id': 501, 'owner': 'acct_1'}",mock
0xdbac648592c0f50ab3c9c2346068cdaaa7d6cd5366248ff2e06888a0e2c53229,93000,1,UpdatePublished,"{'model_id': 'model_mnist_784_noniid', 'round': 10, 'ticket_id': 501, 'cid': 'sha256:51d630dad5295a445eee6e6046ace675ce93515a7cc12bb70b13daf7c63cbc10'}",mock
0x473c8c96864b8d14d32bfcc76cd9104be5f50660c96986424a6b8c41b5a3bc68,86000,1,TicketReserved,"{'model_id': 'model_mnist_784_noniid', 'round': 10, 'ticket_id': 502, 'owner': 'acct_2'}",mock
0x8d9a1e9633f59a0ec223c322d1ca4fef7a3da69e1a9d4758fd54165182393450,93000,1,UpdatePublished,"{'model_id': 'model_mnist_784_noniid', 'round': 10, 'ticket_id': 502, 'cid': 'sha256:aef96ffbc975eafead5a1ebfbea10dec04ff1e93b05096a8e6d344376c8c0a25'}",mock
0x8ff38419d0164c5e57cef0a683612e94c04d57391943baf2010d64afd9a620c9,86000,1,TicketReserved,"{'model_id': 'model_mnist_784_noniid', 'round': 10, 'ticket_id': 503, 'owner': 'acct_3'}",mock
0x9ce61619448bac46450e4c554c115c31b815e6dc1c5a705f0a047d1d0c0808c0,93000,1,UpdatePublished,"{'model_id': 'model_mnist_784_noniid', 'round': 10, 'ticket_id': 503, 'cid': 'sha256:942f27c76db6e11b92a0a26675a0372087583399750480ceb5e76dd6c48a6730'}",mock
0x35ce2f3fc426e22664943efd95f19d0341d29749e1b9ab6d44a00a46c87d5bdf,86000,1,TicketReserved,"{'model_id': 'model_mnist_784_noniid', 'round': 10, 'ticket_id': 504, 'owner': 'acct_4'}",mock
0x33dc29cb1cd3d47e1362829e46d022be47b1aca67f7a69a4a913b12f229661e4,93000,1,UpdatePublished,"{'model_id': 'model_mnist_784_noniid', 'round': 10, 'ticket_id': 504, 'cid': 'sha256:ee681369dbba973c4b67f17396cc6fdd26eee24c4ba7b20faade707f7f5cb5b2'}",mock
0xfd9da98c10080881d89b430f2c2abb56d53d4703b271bb0ef77d1edcbb156621,86000,1,TicketReserved,"{'model_id': 'model_mnist_784_noniid', 'round': 10, 'ticket_id': 505, 'owner': 'acct_5'}",mock
0x5d77c15d34ac4ae1f33a399f0c94fd0d62b36368d337a766049e301ce1727315,93000,1,UpdatePublished,"{'model_id': 'model_mnist_784_noniid', 'round': 10, 'ticket_id': 505, 'cid': 'sha256:e110f1ad831d59ba348a1b136d40f747645f6be4702b67618be7645f3e6a7cdb'}",mock
0xba76594f634c51c035e14c625a06fa79f73fb2950adf043ac8e5c291eb089e22,86000,1,TicketReserved,"{'model_id': 'model_mnist_784_noniid', 'round': 10, 'ticket_id': 506, 'owner': 'acct_6'}",mock
0x34e0868f152898dea65c0e357e42831e920bbcf016087bcc7a326e064a26aa88,93000,1,UpdatePublished,"{'model_id': 'model_mnist_784_noniid', 'round': 10, 'ticket_id': 506, 'cid': 'sha256:e2d8ea3f10f7e66b21ced061286a2a6d765ba5a932f9c5d55a0316ec39ebac7b'}",mock
0x2e3f6a35346ade821a0fa0b6a0181c3bd87efdcdf8e576ecce081c1078fd923c,86000,1,TicketReserved,"{'model_id': 'model_mnist_784_noniid', 'round': 10, 'ticket_id': 507, 'owner': 'acct_7'}",mock
0xd6f08dae2bec0e05faa54befdfd3b239e7d0cc3faba201267a015b36150afef6,93000,1,UpdatePublished,"{'model_id': 'model_mnist_784_noniid', 'round': 10, 'ticket_id': 507, 'cid': 'sha256:46faa77b450e9199bdf4198658597af463f8b4809b4dda1bb97bd31279d44d93'}",mock
0x27a70b648990df3ed81bffca1bd0b9c840c1f675a74fa8976395d743ddd827e0,86000,1,TicketReserved,"{'model_id': 'model_mnist_784_noniid', 'round': 10, 'ticket_id': 508, 'owner': 'acct_8'}",mock
0x3854230764fc295c7e338fa3522a860f34d69360b4ee1d0c15534ae209564311,93000,1,UpdatePublished,"{'model_id': 'model_mnist_784_noniid', 'round': 10, 'ticket_id': 508, 'cid': 'sha256:f06f9d5ffae480d6c86374ef323f316053962db3be75becff9e52d4513574366'}",mock
0x4ed4456f975d9dd64dd8e15e0f1b53d59703e59b50656ddfe95d794fc09ab6a0,86000,1,TicketReserved,"{'model_id': 'model_mnist_784_noniid', 'round': 10, 'ticket_id': 509, 'owner': 'acct_9'}",mock
0x1ee49a41a7ac26f283cf0a17b8a04a0f1030dff519ff7256cd76bda8c29cd391,93000,1,UpdatePublished,"{'model_id': 'model_mnist_784_noniid', 'round': 10, 'ticket_id': 509, 'cid': 'sha256:4a383a0aa4704c781c0503a0644c40d8231e998e4d49beb968c7841f83debf29'}",mock
0x469739b4028968d77c20c90fbbab3b24bd924fc420e3459ee4873d06c8aac5fc,86000,1,TicketReserved,"{'model_id': 'model_mnist_784_noniid', 'round': 10, 'ticket_id': 510, 'owner': 'acct_10'}",mock
0x64554001ac974eb191c930a2bdda29026100cbda5f5b4a001c298c0b641ee83c,93000,1,UpdatePublished,"{'model_id': 'model_mnist_784_noniid', 'round': 10, 'ticket_id': 510, 'cid': 'sha256:b32b0a6445030a3fbe0e756d04753d83b771c6b1c5f5db6d971ed31ef737bdfe'}",mock
0xc97b4a201e2a60d37cce3cbb886c41eb4615681c955feeae30892214d2ae9ab7,86000,1,TicketReserved,"{'model_id': 'model_mnist_784_noniid', 'round': 10, 'ticket_id': 511, 'owner': 'acct_11'}",mock
0xffda4e03e02885df21d69a2f4114c43249f1c94271e484bdc0ed14469ad72a58,93000,1,UpdatePublished,"{'model_id': 'model_mnist_784_noniid', 'round': 10, 'ticket_id': 511, 'cid': 'sha256:8e560f0b27d6a2cf2ad48a738ae7a175731df956dbeb5b3101b8cf1def80b863'}",mock
0x32f68109ad6866a5f7eada10d2619da35db61b55418a4b4e7fe73033ea59ff6f,86000,1,TicketReserved,"{'model_id': 'model_mnist_784_noniid', 'round': 10, 'ticket_id': 512, 'owner': 'acct_12'}",mock
0xeca7458ed436d7920563f24f4cc8254956d165d04166f5c8ace5bc67950da506,93000,1,UpdatePublished,"{'model_id': 'model_mnist_784_noniid', 'round': 10, 'ticket_id': 512, 'cid': 'sha256:a8917e0b6a11ef669a5ccc42a3e5bdd63fbc093fef1227746790c78f46a51997'}",mock
0x097d43385f1b29cb30e7c9713f44c019a190c449ef7823a9de17ebbc5a60eba1,86000,1,TicketReserved,"{'model_id': 'model_mnist_784_noniid', 'round': 10, 'ticket_id': 513, 'owner': 'acct_13'}",mock
0xa10f262f142acfc34001b0c71e9fc9194dfd7362b16a2f16454f8b5abea7e75d,93000,1,UpdatePublished,"{'model_id': 'model_mnist_784_noniid', 'round': 10, 'ticket_id': 513, 'cid': 'sha256:7935a0318d73f3d4f95bf5eb79577b36dcd5c96df6ac4d487f3e90f0cd260f6a'}",mock
0xba967c8f03525e5982ce90da9f3eaa007c8a0c2f1d3db95c376e4f64e4e822b4,86000,1,TicketReserved,"{'model_id': 'model_mnist_784_noniid', 'round': 10, 'ticket_id': 514, 'owner': 'acct_14'}",mock
0x6844dcf2f9a087192294a4f76cf3d1616f03b406e1cacd0f01c19fc3bf75d3ca,93000,1,UpdatePublished,"{'model_id': 'model_mnist_784_noniid', 'round': 10, 'ticket_id': 514, 'cid': 'sha256:951ae4ee3211c28374245dc09f8cfe9fbc6f92221d1c7fc37da66769e5cb9791'}",mock
0xc2cd6875603f91a154baacbaf5a7512e55e6edd8a1c80352bc0ae10f0f3aff44,86000,1,TicketReserved,"{'model_id': 'model_mnist_784_noniid', 'round': 10, 'ticket_id': 515, 'owner': 'acct_15'}",mock
0xc7fb965aff0b06fd014a74637b501d0cb0552772b458dd4127c9e370d55cb8c4,93000,1,UpdatePublished,"{'model_id': 'model_mnist_784_noniid', 'round': 10, 'ticket_id': 515, 'cid': 'sha256:a52ccdbb7a9ababd287caf472a663cf2e13e474fe905db59b9fb4e391f0e4ceb'}",mock
0xfb30a5ea3cc62b92b988410c97b2e70d7acbe20a3c2f5d8924d1d1a45950faee,86000,1,TicketReserved,"{'model_id': 'model_mnist_784_noniid', 'round': 10, 'ticket_id': 516, 'owner': 'acct_16'}",mock
0xbee5c0955e2b4b8882600eb5153db88d1b89635a6e0c840f5b30e0b73dc87d13,93000,1,UpdatePublished,"{'model_id': 'model_mnist_784_noniid', 'round': 10, 'ticket_id': 516, 'cid': 'sha256:9ec1c94f94c25fbfa896cef1298a5a206f655de1b14002f154cbf4fac01e3675'}",mock
0x877927d5cad941adeda3cce0dbc010efb93f89426dce8c0538f3def57d062851,86000,1,TicketReserved,"{'model_id': 'model_mnist_784_noniid', 'round': 10, 'ticket_id': 517, 'owner': 'acct_17'}",mock
0xcc095f45df6d4b49c01d7ee4bc22b19521e03e65e8a865be280775701c2f2451,93000,1,UpdatePublished,"{'model_id': 'model_mnist_784_noniid', 'round': 10, 'ticket_id': 517, 'cid': 'sha256:e6d8ded4872e87bca50d778b0f2ea78c9d917c7c65203ae3e01700552b9bc271'}",mock
0x28c4aaa138c7caea4ecac5701e660965e3fef5dafbcea3b51791931b00912d2a,86000,1,TicketReserved,"{'model_id': 'model_mnist_784_noniid', 'round': 10, 'ticket_id': 518, 'owner': 'acct_18'}",mock
0xbf28b6e2a9f3a1bf143bef7f4aeda2e40c1f97f2b3779f0513c4880e5ce4fccc,93000,1,UpdatePublished,"{'model_id': 'model_mnist_784_noniid', 'round': 10, 'ticket_id': 518, 'cid': 'sha256:64de563da05cd90fb576b2125f43c9f0a785ec80bd17b9ba252d9604011cfdf8'}",mock
0xac59652d87ca08b1db43c02b10d7548e38bfd19ca5bb5231e703863aadd1cfcb,86000,1,TicketReserved,"{'model_id': 'model_mnist_784_noniid', 'round': 10, 'ticket_id': 519, 'owner': 'acct_19'}",mock
0xef0e6a5e5ef54f2c63310c449b0599ac112eea3265d7bf490eefed2abf5a62ef,93000,1,UpdatePublished,"{'model_id': 'model_mnist_784_noniid', 'round': 10, 'ticket_id': 519, 'cid': 'sha256:95d2609f575f597dff115c5545c31baaad6836eb44a37714b808c9722e5ba6ba'}",mock
0x0c04f0bbe5ff898d5e86958d91963a57db5526356fbac08b8316dce34cc4aeca,86000,1,TicketReserved,"{'model_id': 'model_mnist_784_noniid', 'round': 10, 'ticket_id': 520, 'owner': 'acct_20'}",mock
0x6172d1ae6af4e3d1cb223ecebd394c0d07a7b10f47c037d6b840d67f44e043bf,93000,1,UpdatePublished,"{'model_id': 'model_mnist_784_noniid', 'round': 10, 'ticket_id': 520, 'cid': 'sha256:9f3a0ae880fe2d9b441b53c881b7f7b46a6609242ef81651f877e614a293c32d'}",mock
0x4dd4b118722a433e5e763d334f5c7bad8a5ac2fa078ef5b8aa27ae25c85d62b8,86000,1,TicketReserved,"{'model_id': 'model_mnist_784_noniid', 'round': 10, 'ticket_id': 521, 'owner': 'acct_21'}",mock
0x7a7b656d4767a7deb45971d51b45121b7a2c5cb93bf61cbfc6919540898801db,93000,1,UpdatePublished,"{'model_id': 'model_mnist_784_noniid', 'round': 10, 'ticket_id': 521, 'cid': 'sha256:8d91652a732b5e24cd3a52d43dcadd1b068968656065f8303786b75e757e180e'}",mock
0x40ffca26c3e3e3025120ac308d0dd54d632c270bde54125166bb0e46b709987b,86000,1,TicketReserved,"{'model_id': 'model_mnist_784_noniid', 'round': 10, 'ticket_id': 522, 'owner': 'acct_22'}",mock
0xace2bf60cc06d97ae023ad08a80057d14e75ef8ce7963525598b5e2802957faf,93000,1,UpdatePublished,"{'model_id': 'model_mnist_784_noniid', 'round': 10, 'ticket_id': 522, 'cid': 'sha256:2750db1edf41866e288311b49d52a3b729a9432a5a6e8d282be53e7d1af31013'}",mock
0xdd0ccb251a8341988f302ae59c1508a3d8692778e6892d1fd70169b10e47977f,86000,1,TicketReserved,"{'model_id': 'model_mnist_784_noniid', 'round': 10, 'ticket_id': 523, 'owner': 'acct_23'}",mock
0xbfd7105840444d196ce45fd47f7fa6978a2df69787df05fa7f63e9e579b8b0d7,93000,1,UpdatePublished,"{'model_id': 'model_mnist_784_noniid', 'round': 10, 'ticket_id': 523, 'cid': 'sha256:93052123c896983d57d65d2347a4cc40bbf140916b51c47efbaca5677475cf9d'}",mock
0x6415283768edb2a64404299948c6b9a6efb14a18ee709c8b89e11e25bc9a2ff8,86000,1,TicketReserved,"{'model_id': 'model_mnist_784_noniid', 'round': 10, 'ticket_id': 524, 'owner': 'acct_24'}",mock
0xb4f4d444b83838de0c9983941a13f2a62b2338eef8811d73b0fc28fa5459f3f6,93000,1,UpdatePublished,"{'model_id': 'model_mnist_784_noniid', 'round': 10, 'ticket_id': 524, 'cid': 'sha256:cb16d8637e768c625d6d558328073ee39fc8de80662fff16091b7157d73a4f3e'}",mock
0x005fed43aaeea03e606ba33703464db93938295fdc1ab7996c0ac19ce7b549eb,86000,1,TicketReserved,"{'model_id': 'model_mnist_784_noniid', 'round': 10, 'ticket_id': 525, 'owner': 'acct_25'}",mock
0x161ee22cfa7396f12719621a6e92aee15eaa890f46274c1e60336db924c18c53,93000,1,UpdatePublished,"{'model_id': 'model_mnist_784_noniid', 'round': 10, 'ticket_id': 525, 'cid': 'sha256:928293546ad3a78e7ab3a49d3fc57d84d18ed73c7aa840f97c264a452398e189'}",mock
0xfa9b31d74dca4589b7ace2b94a28041a94de0e67667894cc10a5088540ce5017,86000,1,TicketReserved,"{'model_id': 'model_mnist_784_noniid', 'round': 10, 'ticket_id': 526, 'owner': 'acct_26'}",mock
0x855e2c9da247bd9ac4f6f58a90ea679bd91a47bb9be1135d56a058a05818657b,93000,1,UpdatePublished,"{'model_id': 'model_mnist_784_noniid', 'round': 10, 'ticket_id': 526, 'cid': 'sha256:9cb8afa81f944c99f0a05f471f830b2a0f7e7452206eb16dcfab197dd3362e4a'}",mock
0x812bf6df8b6953a8c10bb1d6ed0bdce0617ddd4f92e1799d3d16360ed36e2d40,86000,1,TicketReserved,"{'model_id': 'model_mnist_784_noniid', 'round': 10, 'ticket_id': 527, 'owner': 'acct_27'}",mock
0x1b649ad4598628fe78e6aefe7a06a82fd1443dc364046d6c81e7756607299662,93000,1,UpdatePublished,"{'model_id': 'model_mnist_784_noniid', 'round': 10, 'ticket_id': 527, 'cid': 'sha256:2123f5369655c4ec161e0fe3b69f0cd0ec80d1b7c0bfe05a21eb12735af21680'}",mock
0x62dff9a6446aa5490011f4208e5406b561786790e7624a62e23f93aa21715367,86000,1,TicketReserved,"{'model_id': 'model_mnist_784_noniid', 'round': 10, 'ticket_id': 528, 'owner': 'acct_28'}",mock
0x0648ffe3cf1607b179411c52eb6debc88e421d61cefc990c0fb894e324ca54ec,93000,1,UpdatePublished,"{'model_id': 'model_mnist_784_noniid', 'round': 10, 'ticket_id': 528, 'cid': 'sha256:ad8ee7981f261bc519e7063b86c5233a7d1112bee1289a1f1215184cac929a80'}",mock
0xdb87c42248f31187c65ce42aefe87abf0ea0d384c09186b6ffe2ed4435e6c935,86000,1,TicketReserved,"{'model_id': 'model_mnist_784_noniid', 'round': 10, 'ticket_id': 529, 'owner': 'acct_29'}",mock
0xc33012ea6e4d9e3f5a243903b09f4cdc34052e08ee37ef6c8182ead999f1ae08,93000,1,UpdatePublished,"{'model_id': 'model_mnist_784_noniid', 'round': 10, 'ticket_id': 529, 'cid': 'sha256:a046e19abb314cc680f6803a931ff49822893c2bab323496142fa9ab89973f63'}",mock
0x1228260b0ee458e2cbcfb53a54465c447a6015a59e515adca82207423e0ba796,86000,1,TicketReserved,"{'model_id': 'model_mnist_784_noniid', 'round': 10, 'ticket_id': 530, 'owner': 'acct_30'}",mock
0x48d05840d0e0b9f9a423093ed797c4b22c1b0238ecbd2a4339fef991473b2403,93000,1,UpdatePublished,"{'model_id': 'model_mnist_784_noniid', 'round': 10, 'ticket_id': 530, 'cid': 'sha256:070204ce063bf2250bbb93a2b6c9dd0bccf8fd9f44b1e6cec1efefa4509f5855'}",mock
0x98765f69d75e7f300541ebd4112668d5ed1326374f49301bd1e86771283c0888,86000,1,TicketReserved,"{'model_id': 'model_mnist_784_noniid', 'round': 10, 'ticket_id': 531, 'owner': 'acct_31'}",mock
0x8c48bd552b6ddc6981424e71224b74785c8558dbad75fff2eaf8a4e1ee981d7c,93000,1,UpdatePublished,"{'model_id': 'model_mnist_784_noniid', 'round': 10, 'ticket_id': 531, 'cid': 'sha256:212630ede6ef1b6de86608db41f72f80e6ec4779279a3b59c9f972226e387a22'}",mock
0x3c7caed3cf789119474081a7c52cb933315ff7e950e741ec5cb64007344ad89e,86000,1,TicketReserved,"{'model_id': 'model_mnist_784_noniid', 'round': 10, 'ticket_id': 532, 'owner': 'acct_32'}",mock
0x547c8936c941bc0d1121f7a9618ea4d284cf062c860987d92598bd2b52b0677c,93000,1,UpdatePublished,"{'model_id': 'model_mnist_784_noniid', 'round': 10, 'ticket_id': 532, 'cid': 'sha256:ee502f3d5141cb14ea8adfbb9ab9f8c03af3507f3015ffb01b490a7981cbf8d9'}",mock
0xdcbb8cfc8eed30f543bdb4b76d09c2bbd9d77b0db01fcc476181158802343ff4,86000,1,TicketReserved,"{'model_id': 'model_mnist_784_noniid', 'round': 10, 'ticket_id': 533, 'owner': 'acct_33'}",mock
0xb2a0aef2e89c0abbe3faad5eb1581ec638997b82738a7b562a3e32e10948eb48,93000,1,UpdatePublished,"{'model_id': 'model_mnist_784_noniid', 'round': 10, 'ticket_id': 533, 'cid': 'sha256:93fd366a69481706fa9c1ca94c2926f7f0acdbea2c182482f16763a67273ffcf'}",mock
0xa1bd15040b0cbafe220f3bc467120fcc464b64c50ccde89edf4e8983ea2621d8,86000,1,TicketReserved,"{'model_id': 'model_mnist_784_noniid', 'round': 10, 'ticket_id': 534, 'owner': 'acct_34'}",mock
0xf6d84536f72900ad2852c9a67ea5b0c1672816e363dbfbf126813789631c0221,93000,1,UpdatePublished,"{'model_id': 'model_mnist_784_noniid', 'round': 10, 'ticket_id': 534, 'cid': 'sha256:60c0877c7626d76506fe430243dbeb3d9202664c27d4eb0ed51c9de9973842b6'}",mock
0xb2149d51496ea065f30f4e41978a1e8d7f1ccf0ee45edab6aecc4a1510933003,86000,1,TicketReserved,"{'model_id': 'model_mnist_784_noniid', 'round': 10, 'ticket_id': 535, 'owner': 'acct_35'}",mock
0x45e1b78e60f5ec3d4751fc9db04a63d9d995c270629ca55d79edf947a4d1cbd3,93000,1,UpdatePublished,"{'model_id': 'model_mnist_784_noniid', 'round': 10, 'ticket_id': 535, 'cid': 'sha256:2de4c3581bb8ff725dcf9b324f484de6a0c3bc7610fdc452ae51535da14edd74'}",mock
0xfa49a15bc56d75561778bce88288abe6f8b1d5934cd5e40a44ea53ceae5fcd43,86000,1,TicketReserved,"{'model_id': 'model_mnist_784_noniid', 'round': 10, 'ticket_id': 536, 'owner': 'acct_36'}",mock
0xf25ce3c187c66ed88c755d3ab6147aaf66f422732593c68482853b585c137da5,93000,1,UpdatePublished,"{'model_id': 'model_mnist_784_noniid', 'round': 10, 'ticket_id': 536, 'cid': 'sha256:69e72caf6e0123619689ec43b350a8ca7f7bc60b6883b52f0c7c61341dfcea93'}",mock
0xbff13246aaa929f921018cbe0e404a86ff4fefafbb8bc8183e4b30c8be279b4a,86000,1,TicketReserved,"{'model_id': 'model_mnist_784_noniid', 'round': 10, 'ticket_id': 537, 'owner': 'acct_37'}",mock
0xdebd1e8453cdf949c662e657295a3df257e1ec0f9d38795b34606836018ee6d1,93000,1,UpdatePublished,"{'model_id': 'model_mnist_784_noniid', 'round': 10, 'ticket_id': 537, 'cid': 'sha256:6db659eca4d8504831634749f05c7d93efd05702f687320318efbeb762e8d498'}",mock
0x24695f00cbee9d0c61212d888250cb54fba96a5b3e4acddf088b88612679dbc8,86000,1,TicketReserved,"{'model_id': 'model_mnist_784_noniid', 'round': 10, 'ticket_id': 538, 'owner': 'acct_38'}",mock
0xb9a2c2ad20ac685bea6d37a9c41d0e7a8d5b8324bd15538cceca3e59d8b6364b,93000,1,UpdatePublished,"{'model_id': 'model_mnist_784_noniid', 'round': 10, 'ticket_id': 538, 'cid': 'sha256:ab58ca0811c8d300589ccfe463371666053543c3de497da1c0637754a9d7a741'}",mock
0x316ecb578049321ae46abbe1385407c66bc32b243cfeef90648eab65bf754ca5,86000,1,TicketReserved,"{'model_id': 'model_mnist_784_noniid', 'round': 10, 'ticket_id': 539, 'owner': 'acct_39'}",mock
0xe09aa70d67135202b639e9e787ed5e02aafdeb72fe1aa1caf4b78ce8190b0bbc,93000,1,UpdatePublished,"{'model_id': 'model_mnist_784_noniid', 'round': 10, 'ticket_id': 539, 'cid': 'sha256:cf6959e279c339ce489b8aa4faec9c7c1f0f602d8014eb8e8cf729f312d13a97'}",mock
0x5f86315195ae41c5f523473a712cd94ae549e9579e579e04ecf3e3bb50323620,86000,1,TicketReserved,"{'model_id': 'model_mnist_784_noniid', 'round': 10, 'ticket_id': 540, 'owner': 'acct_40'}",mock
0x65cd9fc4d6a7ceeee6ee06b5a09f04964e1d53e9203b7306873ad48df92c3891,93000,1,UpdatePublished,"{'model_id': 'model_mnist_784_noniid', 'round': 10, 'ticket_id': 540, 'cid': 'sha256:d78a36753f469d84264ef2840b959c4693adafc82ffdf004fba4f804d963a0d4'}",mock
0xdfd3a96460610cdc4268a0be763af3f0ef65d1bf8162c2e061ee4e58fdc92ee9,86000,1,TicketReserved,"{'model_id': 'model_mnist_784_noniid', 'round': 10, 'ticket_id': 541, 'owner': 'acct_41'}",mock
0x7889b650dce5ec4c4492f913652ba53638f7533dcf3e7587f352fd12648ff47d,93000,1,UpdatePublished,"{'model_id': 'model_mnist_784_noniid', 'round': 10, 'ticket_id': 541, 'cid': 'sha256:e9555787405b0aba614376a840ed7e7b293e11a1f0c45f2ad7b7a8e5d7278eaf'}",mock
0x259e3014624113d86763d52447039418614fae92fec307f7dbc218ce3289739c,86000,1,TicketReserved,"{'model_id': 'model_mnist_784_noniid', 'round': 10, 'ticket_id': 542, 'owner': 'acct_42'}",mock
0x2203a8d9752c40f5e31ff9bcba3e02fd3fbc1f414038e2f98667b95cae75ec5d,93000,1,UpdatePublished,"{'model_id': 'model_mnist_784_noniid', 'round': 10, 'ticket_id': 542, 'cid': 'sha256:7456e43f7a8e6b230b082670bbedd9c483cefe5003633a55e256188526bcc1b1'}",mock
0xc9833e75de473968a92c236dd63a2d58d28ef4335df6b9a17606afdea9301f93,86000,1,TicketReserved,"{'model_id': 'model_mnist_784_noniid', 'round': 10, 'ticket_id': 543, 'owner': 'acct_43'}",mock
0xffa99487ce9cf2792523085d237f751db00954dfcde30236b539b2af1a186551,93000,1,UpdatePublished,"{'model_id': 'model_mnist_784_noniid', 'round': 10, 'ticket_id': 543, 'cid': 'sha256:2edaf0046d2a501504bf0ef72f6d6ff98b0dcaec56ac42a53176fd8ca0c6e9f7'}",mock
0xd71c18cd9cc8cad2ba9a4fed633ed0e9f399baa9651345ed612f76c9ed425c20,86000,1,TicketReserved,"{'model_id': 'model_mnist_784_noniid', 'round': 10, 'ticket_id': 544, 'owner': 'acct_44'}",mock
0x2480785cd412a67434b732b99b0b62b8cf4a8da3660ac3473eb206610ef812b5,93000,1,UpdatePublished,"{'model_id': 'model_mnist_784_noniid', 'round': 10, 'ticket_id': 544, 'cid': 'sha256:eed72ed0abe159bb33d1be862be48296cf7acc6a1bdd12e235a8122de00335a9'}",mock
0x283ee33d5eaacd27e06cab2b63bc1127f840cc1caa6043a38b595964f371297e,86000,1,TicketReserved,"{'model_id': 'model_mnist_784_noniid', 'round': 10, 'ticket_id': 545, 'owner': 'acct_45'}",mock
0x881a5c6a18b9c820ff08b3e79598e7068762fd5a6c1c332dcfce475e903f5c45,93000,1,UpdatePublished,"{'model_id': 'model_mnist_784_noniid', 'round': 10, 'ticket_id': 545, 'cid': 'sha256:b7857d86d43395422fa8d39c91f1327af62e4799ccee4438c6ebdd12b81ee4d9'}",mock
0x3e70149b9fc8b18504071b9288a2752e32adb7057e90aad6c84ceb92c375da16,86000,1,TicketReserved,"{'model_id': 'model_mnist_784_noniid', 'round': 10, 'ticket_id': 546, 'owner': 'acct_46'}",mock
0x2efc7a56590f9d540686324ae9a8045f2ca12a276757226c51717fc538cb88ff,93000,1,UpdatePublished,"{'model_id': 'model_mnist_784_noniid', 'round': 10, 'ticket_id': 546, 'cid': 'sha256:ae31f2a7f7bf526a875775a4a6976cc9e5859f384103f8ce6867a118d65b9c9c'}",mock
0x6aad107f8a7e398de9b7e7b1d98234d670d5aba68eaca20b10fa254f9bd81b11,86000,1,TicketReserved,"{'model_id': 'model_mnist_784_noniid', 'round': 10, 'ticket_id': 547, 'owner': 'acct_47'}",mock
0x853d5592dbdbfbd3ec9c36574ff1cac6969e64df0b2d634e99c0ead3ed88666b,93000,1,UpdatePublished,"{'model_id': 'model_mnist_784_noniid', 'round': 10, 'ticket_id': 547, 'cid': 'sha256:2deae22499c7ecee3a6adff9872aca26e57e2e7d25f79e3397cf72b2ccd5ca58'}",mock
0x92a603203e5abff3cb7a427c5122e25711920ad03ce903954b76822254f36896,86000,1,TicketReserved,"{'model_id': 'model_mnist_784_noniid', 'round': 10, 'ticket_id': 548, 'owner': 'acct_48'}",mock
0x37b848f8f0dfbdbb9291064e91243b77051684d6b6d3bab99205feb6eb04210a,93000,1,UpdatePublished,"{'model_id': 'model_mnist_784_noniid', 'round': 10, 'ticket_id': 548, 'cid': 'sha256:47f7ea10b5c4581fa69558fb64c62837aa3930f9c22c960b451ce5950dc232c3'}",mock
0xd7d4935048c96f7a7778b75c41188ec147f7801e1ca1df8e9c44b1c4f4215c96,86000,1,TicketReserved,"{'model_id': 'model_mnist_784_noniid', 'round': 10, 'ticket_id': 549, 'owner': 'acct_49'}",mock
0x9e06665f66ad6b9922906fde41fd54492ee31743d0b05e5f4fb1fd879c0b9c41,93000,1,UpdatePublished,"{'model_id': 'model_mnist_784_noniid', 'round': 10, 'ticket_id': 549, 'cid': 'sha256:3fa74e9a44dc17c79641930d0835c6c5ef2a42012301b64f4a0bdffaae7f8c5e'}",mock
0x848daebe089f6738a99d30a76619f98015e909be03ea763de950ece1dc0290a2,86000,1,TicketReserved,"{'model_id': 'model_mnist_784_noniid', 'round': 10, 'ticket_id': 550, 'owner': 'acct_50'}",mock
0x46606b840cdda211028c23e0148c77967b02397b48fc0c187b43493b0f572957,93000,1,UpdatePublished,"{'model_id': 'model_mnist_784_noniid', 'round': 10, 'ticket_id': 550, 'cid': 'sha256:e0d2849212ef85802c5c6e945c11fc36fbeffbb661c93b2ecadbf5023f33e205'}",mock
0x15add6bbbbe405d486588ec21a2c63cc72c6016842a09c8cf61fbba523ff361f,1045000,1,RoundFinalized,"{'model_id': 'model_mnist_784_noniid', 'round': 10, 'included': 46, 'refunds': 46}",mock
0x536d8f5d4ff59526776a14afbd4e8d95244ae0d52c3d15b416b2f5635f17c48d,52000,1,RoundFunded,"{'model_id': 'model_mnist_784_noniid', 'amount_wei': 10000000000000000}",mock
0x002415f51041305e157c3cda22e7c80fe40d388014a2650089576447c3781b9d,86000,1,TicketReserved,"{'model_id': 'model_mnist_784_noniid', 'round': 11, 'ticket_id': 551, 'owner': 'acct_1'}",mock
0x8c1953e41e1af172ee681965e96cbe7a40f066e7aa700f2194f3b84070cbcaba,93000,1,UpdatePublished,"{'model_id': 'model_mnist_784_noniid', 'round': 11, 'ticket_id': 551, 'cid': 'sha256:b010cda42448caa838516522ca2658cff804a0183a8ab936a042982118c25369'}",mock
0xd59d725438062d511be603a5f4a14af4e07333122d72ffdcecac14185eeb87bd,86000,1,TicketReserved,"{'model_id': 'model_mnist_784_noniid', 'round': 11, 'ticket_id': 552, 'owner': 'acct_2'}",mock
0x3a2a6af1327bf698c24b3295f61a3c16984b3b8dba9e3301bcba640be1525484,93000,1,UpdatePublished,"{'model_id': 'model_mnist_784_noniid', 'round': 11, 'ticket_id': 552, 'cid': 'sha256:6264d9fb6b6cc4a37c5fbe21549ce3536e483b646459097bf1a02aebac5798bd'}",mock
0x2b41d42ed7e1491d43815b455f5d79b10984cd942bbc436329dc4cfbdfaa1d1e,86000,1,TicketReserved,"{'model_id': 'model_mnist_784_noniid', 'round': 11, 'ticket_id': 553, 'owner': 'acct_3'}",mock
0x369ef9ad404f071189af6b8faff4dfdae24b3141507921250c6f720c22e12186,93000,1,UpdatePublished,"{'model_id': 'model_mnist_784_noniid', 'round': 11, 'ticket_id': 553, 'cid': 'sha256:df933825888631a743e7f2d85289af1cc2996d15b397f364e0a515a47072fe9d'}",mock
0x2448857856bdbca0348073f5fb9c625ced7e2460ca54f84a37a81bac985c5823,86000,1,TicketReserved,"{'model_id': 'model_mnist_784_noniid', 'round': 11, 'ticket_id': 554, 'owner': 'acct_4'}",mock
0xab290d03ac840623a79b918c7723aa3da5eccf8241dc15e9e271d48b6fa4599d,93000,1,UpdatePublished,"{'model_id': 'model_mnist_784_noniid', 'round': 11, 'ticket_id': 554, 'cid': 'sha256:284d300affbef4f941d13a490e95a76655bfdcfeac12a6d616ec1af8d4c63b37'}",mock
0xd51779fa4e29f4266d1c39519e02e53253fe60b3e2ebb2a28ccab3495c0b0649,86000,1,TicketReserved,"{'model_id': 'model_mnist_784_noniid', 'round': 11, 'ticket_id': 555, 'owner': 'acct_5'}",mock
0xe009bc4071b0afb89586764723e8cdc240025df620d90adeeb6fbcc7f6b02645,93000,1,UpdatePublished,"{'model_id': 'model_mnist_784_noniid', 'round': 11, 'ticket_id': 555, 'cid': 'sha256:e772164b43be8addaad0d1475d37c918827317514a42949b54a809c1cf47c8d2'}",mock
0xf5078e52e05fb6026978e702a98d98a4bd0d1bfe749828ca96df51129f65dcec,86000,1,TicketReserved,"{'model_id': 'model_mnist_784_noniid', 'round': 11, 'ticket_id': 556, 'owner': 'acct_6'}",mock
0x6185b34be4b005375a94d5bcb6540649ca56a69a979edfe8d3d668dda694de24,93000,1,UpdatePublished,"{'model_id': 'model_mnist_784_noniid', 'round': 11, 'ticket_id': 556, 'cid': 'sha256:5539e865733dbde34a83c1e361977a66b674581ea1943e16932618babb95d4d4'}",mock
0xbb30e187d30f3005cb1870ef8a75b080fa8cdf4f6b1fff9f39da98b8f5429933,86000,1,TicketReserved,"{'model_id': 'model_mnist_784_noniid', 'round': 11, 'ticket_id': 557, 'owner': 'acct_7'}",mock
0x7874dbc0667aa468fe0215e2df844ee9b3fdb6d62f03c989725feae61a47b845,93000,1,UpdatePublished,"{'model_id': 'model_mnist_784_noniid', 'round': 11, 'ticket_id': 557, 'cid': 'sha256:a580a561872f70c5ea74f8e542057e3443c7bb867c41c99d1a0717025039736d'}",mock
0xf62ce0cd415d03f4c058431fd54f575e66ad56779118fab95627478736a7d031,86000,1,TicketReserved,"{'model_id': 'model_mnist_784_noniid', 'round': 11, 'ticket_id': 558, 'owner': 'acct_8'}",mock
0x2855345084a868907dd30d934e410fbea6b0ef91af47a1679f6b8bf1da31e287,93000,1,UpdatePublished,"{'model_id': 'model_mnist_784_noniid', 'round': 11, 'ticket_id': 558, 'cid': 'sha256:126613987e0d84dde65b8957dbcc9892560073b6da341f80865b7824c546c792'}",mock
0xec4a2922caa32420cb90aa3c9cdc71efd56d05abf595867240d96f0365f2bb51,86000,1,TicketReserved,"{'model_id': 'model_mnist_784_noniid', 'round': 11, 'ticket_id': 559, 'owner': 'acct_9'}",mock
0x955c1e49968bd20363b4133a5baa8681d9de38f90d03c7e8c8b4ce42e6c6fda7,93000,1,UpdatePublished,"{'model_id': 'model_mnist_784_noniid', 'round': 11, 'ticket_id': 559, 'cid': 'sha256:08bbd8a42df170aecd4b3ada5059ae599014a0c3a7973ab43ff6cd91e579ca07'}",mock
0x9a24f6d42b23be7f01192f0739048ebb189ca718b1aa4bf1cee955f690ec35b7,86000,1,TicketReserved,"{'model_id': 'model_mnist_784_noniid', 'round': 11, 'ticket_id': 560, 'owner': 'acct_10'}",mock
0xbb45bd7aeae868a8ed7c836a63a2c7de613ec38c8c34839e20af4e3f8230a269,93000,1,UpdatePublished,"{'model_id': 'model_mnist_784_noniid', 'round': 11, 'ticket_id': 560, 'cid': 'sha256:e057408e5a520c3500b421cf1d61cbaf3df795a9bb16bbff9afba5455e9a6c0e'}",mock
0x539ea12aa3ee27d195c1bdf60f79e1929d5eacca29eaab93d21f17fc5d63126a,86000,1,TicketReserved,"{'model_id': 'model_mnist_784_noniid', 'round': 11, 'ticket_id': 561, 'owner': 'acct_11'}",mock
0x974e11322da32684715812273aa12b25dd50a9ca3d4d1904eb3fe7bfabf6f839,93000,1,UpdatePublished,"{'model_id': 'model_mnist_784_noniid', 'round': 11, 'ticket_id': 561, 'cid': 'sha256:6b9a3c451076c87c399167991ed8a6bd3a2ab0924755bd2ad6cfb8c4e7da3077'}",mock
0xe299356fff3a8a2925a607afcbf25cb187ef7ae188eb1c84d9d4487f2148f93f,86000,1,TicketReserved,"{'model_id': 'model_mnist_784_noniid', 'round': 11, 'ticket_id': 562, 'owner': 'acct_12'}",mock
0xb3c80a803e3cc78d1654f15ff98e12f46f3eca2e54fcf39c37a56b4a1bc2f796,93000,1,UpdatePublished,"{'model_id': 'model_mnist_784_noniid', 'round': 11, 'ticket_id': 562, 'cid': 'sha256:d7719976969af1c8948d5ca7fc7e98af7f536f7bc75b475aee60a2051fa1ee6f'}",mock
0x6ae9612a3b6291aaa73fd3585d23290dc745b8f0cdb0e51239c24f2621d7a0c5,86000,1,TicketReserved,"{'model_id': 'model_mnist_784_noniid', 'round': 11, 'ticket_id': 563, 'owner': 'acct_13'}",mock
0x8d4dacfdaa137000bb4477a6e5150b0371faa62c5fa9abca30be6d3e5688d14a,93000,1,UpdatePublished,"{'model_id': 'model_mnist_784_noniid', 'round': 11, 'ticket_id': 563, 'cid': 'sha256:2a61bfecce1064fa869bf276b8aa6160aaff551596a46c24e8bc4bc340331284'}",mock
0xbaf6839e3262d2a5707667afbcfa05a04da5857c4d7fa903cb8293fec7ddf682,86000,1,TicketReserved,"{'model_id': 'model_mnist_784_noniid', 'round': 11, 'ticket_id': 564, 'owner': 'acct_14'}",mock
0xedb7f1de8f3b37805397372ab77636b380d9340b2e390e89c69827914bd24243,93000,1,UpdatePublished,"{'model_id': 'model_mnist_784_noniid', 'round': 11, 'ticket_id': 564, 'cid': 'sha256:9ede765570ad92b7ed7cde612b5e77e7d4390d711dbc377e2716c9bae4a67274'}",mock
0xadb34e781abac1bb5c5d1e37fb5d9b6ccadeb543df53581394a3819dbd1201d6,86000,1,TicketReserved,"{'model_id': 'model_mnist_784_noniid', 'round': 11, 'ticket_id': 565, 'owner': 'acct_15'}",mock
0xb1bbb0d5cacefe3369d6299ae825c5af07bce7185826f238acf2c5f1e45047e6,93000,1,UpdatePublished,"{'model_id': 'model_mnist_784_noniid', 'round': 11, 'ticket_id': 565, 'cid': 'sha256:899d208ef1a3cb4a5ce4e4f7e78e92dd3ed6ee4cfd09d3cbbc0ca9cdc07c86e1'}",mock
0x38a2725349c97fc2528e38b98c50e57bdba0c16680da23abe5ab01a59e2f2584,86000,1,TicketReserved,"{'model_id': 'model_mnist_784_noniid', 'round': 11, 'ticket_id': 566, 'owner': 'acct_16'}",mock
0x2cb26c32c1916dfa5ec9c50888fa01a5674ae565404e78727489ac58624ca01c,93000,1,UpdatePublished,"{'model_id': 'model_mnist_784_noniid', 'round': 11, 'ticket_id': 566, 'cid': 'sha256:c25fc710ffc23ee924004f30178075f751ea0029772dc0db805e418e89b929b8'}",mock
0xececd2b28cb7482ae84b713b40de82245937788a53cd32efba59f110ba69dc58,86000,1,TicketReserved,"{'model_id': 'model_mnist_784_noniid', 'round': 11, 'ticket_id': 567, 'owner': 'acct_17'}",mock
0x3bae9a3334d995ca5485311b40ad8902a7eaa09197e9e35512aa8780b3ad8551,93000,1,UpdatePublished,"{'model_id': 'model_mnist_784_noniid', 'round': 11, 'ticket_id': 567, 'cid': 'sha256:2ec9de63caeb0c80414bea014d7b053b890adb2d61bfc59c58e70ef0b44b6b3b'}",mock
0xb6799a468b1a68489dbee2e9d339d0fa8ad18eee8e316ad10fff8bdb7fc69208,86000,1,TicketReserved,"{'model_id': 'model_mnist_784_noniid', 'round': 11, 'ticket_id': 568, 'owner': 'acct_18'}",mock
0x35c2f2086c578a0a1545de6db6a601e54f79328031403881a977bbe5ffc816af,93000,1,UpdatePublished,"{'model_id': 'model_mnist_784_noniid', 'round': 11, 'ticket_id': 568, 'cid': 'sha256:fe846f29e19f9fdec5388c1d89d78c9e26fda5b3530ee6c0a3d4fd69a08da60c'}",mock
0xe35bf58b581d836f04c9b95ec86c16f52ee4710bf792dc0535d63580306502b0,86000,1,TicketReserved,"{'model_id': 'model_mnist_784_noniid', 'round': 11, 'ticket_id': 569, 'owner': 'acct_19'}",mock
0xcd22d1f60ba893facd4afde4162d727d9ef0caa4a6e0d47a330163b9a99de77c,93000,1,UpdatePublished,"{'model_id': 'model_mnist_784_noniid', 'round': 11, 'ticket_id': 569, 'cid': 'sha256:a58c449faa5ae189326265c97f8297933acd6263f988b5bcbd2365d55100513d'}",mock
0x5b47c1e7d0c89e3484376f4448bc35c58aa01e89754784744c6f9bb28450e71f,86000,1,TicketReserved,"{'model_id': 'model_mnist_784_noniid', 'round': 11, 'ticket_id': 570, 'owner': 'acct_20'}",mock
0xf422665da0a4809638181888f7fc808e58da4e3c9088ae1b9c4793a3bad22150,93000,1,UpdatePublished,"{'model_id': 'model_mnist_784_noniid', 'round': 11, 'ticket_id': 570, 'cid': 'sha256:3776f664c9ccfa28005b90132997d87c9eef7db22eb5685b065a0bde24aeceb5'}",mock
0x9ac8e1d8db1205a7e7d9e68310ea05c382219c58c6f40229a8e1de5db717d065,86000,1,TicketReserved,"{'model_id': 'model_mnist_784_noniid', 'round': 11, 'ticket_id': 571, 'owner': 'acct_21'}",mock
0x42bc8e72739df2e64ca3242e5765ced662ad6957dcec3bbefd64f0a349df0061,93000,1,UpdatePublished,"{'model_id': 'model_mnist_784_noniid', 'round': 11, 'ticket_id': 571, 'cid': 'sha256:6c833f0a1afd3c9728425d82f30678fc85f8a31836c2772d662042d4159803df'}",mock
0x34f309a4795811cc68a7693b0f6a6318677ae5c4bf5b85a7a4d43c7ebf48cf07,86000,1,TicketReserved,"{'model_id': 'model_mnist_784_noniid', 'round': 11, 'ticket_id': 572, 'owner': 'acct_22'}",mock
0x9db05d7c699b8751aa6c25ec92c49789a56fe5d7ff35c8e4c07578de99e7bdbf,93000,1,UpdatePublished,"{'model_id': 'model_mnist_784_noniid', 'round': 11, 'ticket_id': 572, 'cid': 'sha256:9cf6f560aee4e8925da4c497399c803bb6ff6225248312c9bd59966be74def11'}",mock
0x8f49dc11056213007b2d26cdba21a4168691de6877139a84a2caea915d312f72,86000,1,TicketReserved,"{'model_id': 'model_mnist_784_noniid', 'round': 11, 'ticket_id': 573, 'owner': 'acct_23'}",mock
0x89244b6f773a7fc33600f5373d02d9aa202c328cfd4896c98ffaf45483d03b68,93000,1,UpdatePublished,"{'model_id': 'model_mnist_784_noniid', 'round': 11, 'ticket_id': 573, 'cid': 'sha256:ab25e6a8101c6da136c6f0a68d9f22cae7ee88a4977fb4cfef46e130a337d841'}",mock
0x738093fa9b54bd4b6b661a3cdf8b5d38e1dde71853a5d0e3b255e0ebd0e57e96,86000,1,TicketReserved,"{'model_id': 'model_mnist_784_noniid', 'round': 11, 'ticket_id': 574, 'owner': 'acct_24'}",mock
0xa26e19b87faed19ef0111fec1b79623f3017bf79f3f056d1d6c7c691f40c3778,93000,1,UpdatePublished,"{'model_id': 'model_mnist_784_noniid', 'round': 11, 'ticket_id': 574, 'cid': 'sha256:7aa1cde5948872b2ddd69ca28239d136af9d322d50d9544027268666ab79ac48'}",mock
0x9338b2e2b9573023b167200e6887886b1f1473f4d89c347c0d06ab10e4d082a7,86000,1,TicketReserved,"{'model_id': 'model_mnist_784_noniid', 'round': 11, 'ticket_id': 575, 'owner': 'acct_25'}",mock
0x7a4d2c5337e8b96475f793b64d2ecc6434c26c7ee76af4c49750a656e82a1ea4,93000,1,UpdatePublished,"{'model_id': 'model_mnist_784_noniid', 'round': 11, 'ticket_id': 575, 'cid': 'sha256:e15df3d0fcb569c1b5c158143597dbcb7a3361948fa533145b22fb6621bf22b3'}",mock
0x55a57b28a16c50ec3f6e659bfbfdca7695a18e5965d349ca02d6c1e3257c782a,86000,1,TicketReserved,"{'model_id': 'model_mnist_784_noniid', 'round': 11, 'ticket_id': 576, 'owner': 'acct_26'}",mock
0xfc744aeda64a9ddcd913f98b38125dc877355380b88f37ff545ce10a1735ff2e,93000,1,UpdatePublished,"{'model_id': 'model_mnist_784_noniid', 'round': 11, 'ticket_id': 576, 'cid': 'sha256:d2ae6e9c51310d0d9e216fe4fb894b02448d7127021f752c42ee7024029ce505'}",mock
0x017d0bf210ad2165da13871f2409a6e7485d1fd967d720b9e10ee775265a15b9,86000,1,TicketReserved,"{'model_id': 'model_mnist_784_noniid', 'round': 11, 'ticket_id': 577, 'owner': 'acct_27'}",mock
0xdecd17b6ced9ef70f4da69b5462b93791f6a508d7e68ea0855e9613493c0d72f,93000,1,UpdatePublished,"{'model_id': 'model_mnist_784_noniid', 'round': 11, 'ticket_id': 577, 'cid': 'sha256:1a01c529da43996cd23c038ca1373b513d2a04c617617a6b1415d72d4b6cef74'}",mock
0x97dbd24330112e2f9c3717241b48b3ba9dd9c4670a40cc64b418c63a631dc8f4,86000,1,TicketReserved,"{'model_id': 'model_mnist_784_noniid', 'round': 11, 'ticket_id': 578, 'owner': 'acct_28'}",mock
0x7b765d40cff19d572e79594445fe5fb224dab7952be29393ac59fe0605dd551c,93000,1,UpdatePublished,"{'model_id': 'model_mnist_784_noniid', 'round': 11, 'ticket_id': 578, 'cid': 'sha256:88b9781b7e60d3880f83a93e5d4f515345f5f9f1bdf4f1373f0e94ea97af608b'}",mock
0xd252ec5e0bfad401f41a4b279062188bb1d58fa31e8b827ebc172383eb48de87,86000,1,TicketReserved,"{'model_id': 'model_mnist_784_noniid', 'round': 11, 'ticket_id': 579, 'owner': 'acct_29'}",mock
0x23b95730cb1e51a4940087d19d08ce2de351bb203c2aa68e4ee66b72a2f0fb9e,93000,1,UpdatePublished,"{'model_id': 'model_mnist_784_noniid', 'round': 11, 'ticket_id': 579, 'cid': 'sha256:936fdc55fa2c47e595275e5ee221bc3c2d236fc8bcca4643970e325a557af872'}",mock
0x511061fb450b6d0698e2a80f590ba2f990d976abeb3f34e4d83a019bddb2fdbb,86000,1,TicketReserved,"{'model_id': 'model_mnist_784_noniid', 'round': 11, 'ticket_id': 580, 'owner': 'acct_30'}",mock
0x421bbb990c59e2093ea0156a0606fb1083adf787828113a66d0c035f3ec604fd,93000,1,UpdatePublished,"{'model_id': 'model_mnist_784_noniid', 'round': 11, 'ticket_id': 580, 'cid': 'sha256:497c6e6e8e16c767e261aad86c65ac1303a4dbd5ea90f1bcad46cb8d5d0be7b6'}",mock
0xa19a5d5a73f7ef9c794f19cb265ec9e38eb2261a5bcecd1d93fd53c56430220b,86000,1,TicketReserved,"{'model_id': 'model_mnist_784_noniid', 'round': 11, 'ticket_id': 581, 'owner': 'acct_31'}",mock
0xa726fa6892f3018b92e1a04b6f45d7d3f802335577ed66b9a280a743fc2b8330,93000,1,UpdatePublished,"{'model_id': 'model_mnist_784_noniid', 'round': 11, 'ticket_id': 581, 'cid': 'sha256:57764bd3e76e91cd76c505e504d6cb6b42ad8e93da7a2ea17a11f08dc02a98b3'}",mock
0x46ef136284eaa1a2cd7a05f3a2db785ede7fc5bcf4fbee90f4f5029411f6cdb9,86000,1,TicketReserved,"{'model_id': 'model_mnist_784_noniid', 'round': 11, 'ticket_id': 582, 'owner': 'acct_32'}",mock
0xf0d4d2f043aab8cbedf5f68fea880c2a9a2b543b4da7d42eeeebdb639e2b9c22,93000,1,UpdatePublished,"{'model_id': 'model_mnist_784_noniid', 'round': 11, 'ticket_id': 582, 'cid': 'sha256:208f0b3a145cd57f55f4219475e9ed4615826fe1e852586e6527d772419df12d'}",mock
0xce93ece226b4f78d1aa376355c6076b44915626054ffa2da396683e8c206c8b1,86000,1,TicketReserved,"{'model_id': 'model_mnist_784_noniid', 'round': 11, 'ticket_id': 583, 'owner': 'acct_33'}",mock
0xd16d64def9ac5384534a9593c843c1caf06c3332b1c93d41e3cc1ab16336d43b,93000,1,UpdatePublished,"{'model_id': 'model_mnist_784_noniid', 'round': 11, 'ticket_id': 583, 'cid': 'sha256:33f46101eb8a18c3c0fc48473bed4a9480ccb33ae39f5c7f84dd52706cd85a75'}",mock
0x0e8df95d5b1b705fd64bb6a73ff035526a87b5866d65c8e9337c3f9437a33dd8,86000,1,TicketReserved,"{'model_id': 'model_mnist_784_noniid', 'round': 11, 'ticket_id': 584, 'owner': 'acct_34'}",mock
0x01b33c2c2fd74d079a357b4b86da2e1ff2d8b162eb19818482f90adb5a055568,93000,1,UpdatePublished,"{'model_id': 'model_mnist_784_noniid', 'round': 11, 'ticket_id': 584, 'cid': 'sha256:d2be32860f064c54498b6a3fa35b6ff9458424b9909311992241335df758c952'}",mock
0x8f083c5e8f7f8b0950f1ce4e48968b31ec4f908f5df5200030975582ef08d373,86000,1,TicketReserved,"{'model_id': 'model_mnist_784_noniid', 'round': 11, 'ticket_id': 585, 'owner': 'acct_35'}",mock
0xa95230f7b7a5af57a617b3546277f049d3b1fbda0ef24b7d3f7f658394a033bc,93000,1,UpdatePublished,"{'model_id': 'model_mnist_784_noniid', 'round': 11, 'ticket_id': 585, 'cid': 'sha256:30701dfda76b66955b7f35645acdfa69b82027d9997b91c2ad8bc66cb1b5646b'}",mock
0x72030ee08606e4e2820e4f342c73dc9d60c87736b2d74d4267b22d0ebb9c1230,86000,1,TicketReserved,"{'model_id': 'model_mnist_784_noniid', 'round': 11, 'ticket_id': 586, 'owner': 'acct_36'}",mock
0x8f6a58534ba5ddfe9255ebe8d5f4d3acd39184ff5ab2202740bad53887980243,93000,1,UpdatePublished,"{'model_id': 'model_mnist_784_noniid', 'round': 11, 'ticket_id': 586, 'cid': 'sha256:92d5513cbe4d523fe1baa70eb082162c41a37cdf1044f1e1aa361f68f8426b75'}",mock
0x679e00b6f755614c0898545532cbdf88d7c689a36346111057528b2f4c313a12,86000,1,TicketReserved,"{'model_id': 'model_mnist_784_noniid', 'round': 11, 'ticket_id': 587, 'owner': 'acct_37'}",mock
0xbb30c1f3d3f67f718c45afe1734ddf6f33093a1fbadaaeb9158cec9e4102be64,93000,1,UpdatePublished,"{'model_id': 'model_mnist_784_noniid', 'round': 11, 'ticket_id': 587, 'cid': 'sha256:625ae9707c7d7e5af4090a29c026c7f8d4ca8bc13bbe1163e9dfb9c4c8b6eb32'}",mock
0xf21a2b9289f3ffdc5eea63492301380a53f24f62b9db1a7613cca70d51ecb073,86000,1,TicketReserved,"{'model_id': 'model_mnist_784_noniid', 'round': 11, 'ticket_id': 588, 'owner': 'acct_38'}",mock
0x5559ebc77e022d9b7ab273a15c98d1d9a687674e36aa6781f501bb03f4e4f29a,93000,1,UpdatePublished,"{'model_id': 'model_mnist_784_noniid', 'round': 11, 'ticket_id': 588, 'cid': 'sha256:bbbab8538f0e0772c05b8526d0c4f0b5f585124c073165f0e47ad5824909af06'}",mock
0x069a148978fbc50b6e9f0110fe6bbac385961cd4f8c49110e517896775cc2033,86000,1,TicketReserved,"{'model_id': 'model_mnist_784_noniid', 'round': 11, 'ticket_id': 589, 'owner': 'acct_39'}",mock
0xacccc68a3d6a39b8dee20bbe3ebec4183afe202511b647cd54626afa478da46f,93000,1,UpdatePublished,"{'model_id': 'model_mnist_784_noniid', 'round': 11, 'ticket_id': 589, 'cid': 'sha256:fa341931704cd339f2cb7114a8e985e44f14b68f3fe1c23648f83c5dd043b0cf'}",mock
0x9a972ad7e540b28a4a0c8c8a43d1d4772649084908014bb953949add3a062ffc,86000,1,TicketReserved,"{'model_id': 'model_mnist_784_noniid', 'round': 11, 'ticket_id': 590, 'owner': 'acct_40'}",mock
0x2e9a6e3ca9936b2c1a13e59ed94e773189e36d254c3b661d98011fc4c3b82d19,93000,1,UpdatePublished,"{'model_id': 'model_mnist_784_noniid', 'round': 11, 'ticket_id': 590, 'cid': 'sha256:c71f48bfa0f7c6985de59c56de6c92a9bc85d8a7ea8cf7f5e0d41680545effda'}",mock
0xc5e9e5ce09142e882121fcf535a0962fc81a584527e18d19aed3b04f4b3b3412,86000,1,TicketReserved,"{'model_id': 'model_mnist_784_noniid', 'round': 11, 'ticket_id': 591, 'owner': 'acct_41'}",mock
0x4e3eb303b2ee1a6df6f5395cf7cd4cd94c8f775bce047a6f409fed6f81f296b1,93000,1,UpdatePublished,"{'model_id': 'model_mnist_784_noniid', 'round': 11, 'ticket_id': 591, 'cid': 'sha256:40fa8bceaf67bfd2edac8bdf4e18b598f678ac92bf261b41f67c98400ef56930'}",mock
0x6dbfe4b7ade8b22993557d87d22ce5827c1d486405a42ac5f7d3d297aaca39af,86000,1,TicketReserved,"{'model_id': 'model_mnist_784_noniid', 'round': 11, 'ticket_id': 592, 'owner': 'acct_42'}",mock
0x3e7b0590260b0e9ccffbc28927d524d2e48b1651e03a47ff06a2d67f78fe9e85,93000,1,UpdatePublished,"{'model_id': 'model_mnist_784_noniid', 'round': 11, 'ticket_id': 592, 'cid': 'sha256:33c3477f26065d86ebf5c20c731ffc1435052a58869a0478924805e256dc953b'}",mock
0x173303ada01a80fca697783fe5688df83f1115eb210b0ec74b1eeaeeb470c4ce,86000,1,TicketReserved,"{'model_id': 'model_mnist_784_noniid', 'round': 11, 'ticket_id': 593, 'owner': 'acct_43'}",mock
0xd6ac4d1c98119d2a4056096df889328a842a92dadfe5d86d8ba61ee687b3892c,93000,1,UpdatePublished,"{'model_id': 'model_mnist_784_noniid', 'round': 11, 'ticket_id': 593, 'cid': 'sha256:54a8ebb5d28a44081cfc8e516721367f6a184ac7caa2f371aaa4a885f4e6b105'}",mock
0x58f263127293722851fc3746492fe65d271ca20a964fce481a19a633c3f68c02,86000,1,TicketReserved,"{'model_id': 'model_mnist_784_noniid', 'round': 11, 'ticket_id': 594, 'owner': 'acct_44'}",mock
0x44547dffa0fb421dc79e0d5e5566ff558d8b31ebda0527128806818f9bb02ece,93000,1,UpdatePublished,"{'model_id': 'model_mnist_784_noniid', 'round': 11, 'ticket_id': 594, 'cid': 'sha256:894343a0ec596921845fe3a798983f99014d5450e70bd72846f89fa9caa5e715'}",mock
0x220798b60237a85ec27f120b7971f6bd886d8fe42a23a4a90845c0b3f270f3e1,86000,1,TicketReserved,"{'model_id': 'model_mnist_784_noniid', 'round': 11, 'ticket_id': 595, 'owner': 'acct_45'}",mock
0xb1676751464f4e41a81cd550fc3118df2721bd8aef0defda86951f23b772f48b,93000,1,UpdatePublished,"{'model_id': 'model_mnist_784_noniid', 'round': 11, 'ticket_id': 595, 'cid': 'sha256:c5deec194ed1d8e177d89a65d92a098f5810c94d64a0aec6c9e6cfc9deed07bf'}",mock
0xedf9bc46af547e02b09dec14dbf5432427c38715b3cb9911818875606e0e8378,86000,1,TicketReserved,"{'model_id': 'model_mnist_784_noniid', 'round': 11, 'ticket_id': 596, 'owner': 'acct_46'}",mock
0x299ae2a1dc7c7504306ddea3f4a7334f03b243739139751e0c1912e179df90f2,93000,1,UpdatePublished,"{'model_id': 'model_mnist_784_noniid', 'round': 11, 'ticket_id': 596, 'cid': 'sha256:4a24733c0cbf4f6415db7d34a0ac8d5092dfd22a1b3a3324c44fd4cc78256e16'}",mock
0x967b6835d9c2a574f0715c599da75f79a78395b5ae826d26d36c9cf84b6eedea,86000,1,TicketReserved,"{'model_id': 'model_mnist_784_noniid', 'round': 11, 'ticket_id': 597, 'owner': 'acct_47'}",mock
0xb0762b171053f3ea74daa30bcf7a929e9c1a8b3a818df0cf3e9c5cc929c0dca3,93000,1,UpdatePublished,"{'model_id': 'model_mnist_784_noniid', 'round': 11, 'ticket_id': 597, 'cid': 'sha256:d5b87c289d6279ff3119e77eba9149ce170e7c396c5d15ef59b0415873f2c613'}",mock
0x20a2435c101884c3bd8d9279f141a13211f24a58a0194e1cf036df09c1066fbd,86000,1,TicketReserved,"{'model_id': 'model_mnist_784_noniid', 'round': 11, 'ticket_id': 598, 'owner': 'acct_48'}",mock
0xd02380ca15cd8b375ddbb848198c8b0ba863396ab53e69ad85c2b4d1add8e164,93000,1,UpdatePublished,"{'model_id': 'model_mnist_784_noniid', 'round': 11, 'ticket_id': 598, 'cid': 'sha256:e60fbeffc03f85b32d7c280d83c56594a35d1e816059698e1a54be759ac26cbd'}",mock
0xa24a7ab8be64d108bc7f709d7f5ffbd7fed75c64cd387a32ed496750be08c0b1,86000,1,TicketReserved,"{'model_id': 'model_mnist_784_noniid', 'round': 11, 'ticket_id': 599, 'owner': 'acct_49'}",mock
0x2b89b4818300685da777fcd55f1558ad0935fd9a7bf6cea91691035ce942bf05,93000,1,UpdatePublished,"{'model_id': 'model_mnist_784_noniid', 'round': 11, 'ticket_id': 599, 'cid': 'sha256:53819774bb5d83c64e2bd2c6e54d221dc203001878202efbd7767d871fabdee5'}",mock
0x38e93639404e94ce67109570209c9d13a033d37f6f658193c1a578e108be5f1b,86000,1,TicketReserved,"{'model_id': 'model_mnist_784_noniid', 'round': 11, 'ticket_id': 600, 'owner': 'acct_50'}",mock
0x4298f5d6abc8c0545e7d1e6103683127950fd685193c74c119b4572bfe96b5f1,93000,1,UpdatePublished,"{'model_id': 'model_mnist_784_noniid', 'round': 11, 'ticket_id': 600, 'cid': 'sha256:66fca1582d87a1a1533e8a37f26d62900c3527f95776c570f60b4255c1e6c8b1'}",mock
0x73b86ec7d404a44801c57a395ae81182c8fc332de7dd26a09bba8d5d2080f812,1045000,1,RoundFinalized,"{'model_id': 'model_mnist_784_noniid', 'round': 11, 'included': 46, 'refunds': 46}",mock
0x50aec52bb33630204a91fdfeed90a767caade2acc3c4e94b1c9986e8b3a3eb0f,38000,1,Claimed,"{'model_id': 'model_mnist_784_noniid', 'account': 'acct_1', 'amount_wei': 13434313003816908}",mock
0x8994e304387c65230c6ec85ac631fc5e2f64a7b6d2ad87201b0f3cc9ce28aa22,38000,1,Claimed,"{'model_id': 'model_mnist_784_noniid', 'account': 'acct_2', 'amount_wei': 13429687656915890}",mock
0xbaa89067702c9bb5fb6e98a2cc03139c639dafc187a287fa7f71d213e24e6920,38000,1,Claimed,"{'model_id': 'model_mnist_784_noniid', 'account': 'acct_3', 'amount_wei': 13408983723168478}",mock
0x347f85b9f0d78225be436940f27d5e34db86c88c5513d1a68a81928ce0aed3c7,38000,1,Claimed,"{'model_id': 'model_mnist_784_noniid', 'account': 'acct_4', 'amount_wei': 13414520821728832}",mock
0x8e1e207eaba3f4bad35a6497dab89508825f29ce1f2fdf4763ca25c564f0efb7,38000,1,Claimed,"{'model_id': 'model_mnist_784_noniid', 'account': 'acct_5', 'amount_wei': 13438745627930382}",mock
0xff9f836a63b4e0fbc58e9305bb972c198d1918310e1708f31fbcb194d9214563,38000,1,Claimed,"{'model_id': 'model_mnist_784_noniid', 'account': 'acct_6', 'amount_wei': 12186761500946256}",mock
0x5dc8b15773a0e4bb9a2b9d2e612e9a2b64b4cbc29da6301cb50aded4b99046b2,38000,1,Claimed,"{'model_id': 'model_mnist_784_noniid', 'account': 'acct_7', 'amount_wei': 12186761500946256}",mock
0xd0eeea3409d825f0e604446cc3969c01b26a7b4015c2af0a068b9a8d8d6ceeac,38000,1,Claimed,"{'model_id': 'model_mnist_784_noniid', 'account': 'acct_8', 'amount_wei': 13408983723168478}",mock
0xb5f094b6527db84745379f10bb54e75de56173c60f9705dfd68529a4e7a8b674,38000,1,Claimed,"{'model_id': 'model_mnist_784_noniid', 'account': 'acct_9', 'amount_wei': 14647078961263716}",mock
0x062e9f02cd8f5b33de2e16fea7900e3e05e35cf8d16f1cee7dcb52efa6b08c55,38000,1,Claimed,"{'model_id': 'model_mnist_784_noniid', 'account': 'acct_10', 'amount_wei': 14647078961263716}",mock
0xc221f38a0ca31c604826509ea5b08939f0cc784030734a14fd3bc42aad4ffd01,38000,1,Claimed,"{'model_id': 'model_mnist_784_noniid', 'account': 'acct_11', 'amount_wei': 12176425583633594}",mock
0xf2db6ccf3e6e94b1bd9c1787fea2569274c92554df80e0105064f8ea5f555731,38000,1,Claimed,"{'model_id': 'model_mnist_784_noniid', 'account': 'acct_12', 'amount_wei': 14647078961263716}",mock
0x01971d044cb26803be1a7a2041c2b1f15bd4b5a192fa556bcc551a21737c5b3b,38000,1,Claimed,"{'model_id': 'model_mnist_784_noniid', 'account': 'acct_13', 'amount_wei': 14647078961263716}",mock
0x9ecf0d86032a8ccf0c66d34910c7aa5eab1b9c00b9ff8712c6f16e561836e37f,38000,1,Claimed,"{'model_id': 'model_mnist_784_noniid', 'account': 'acct_14', 'amount_wei': 13419806233990988}",mock
0x325199665f2716b354914fa1fc564965f20e2080c715cdf4adcd181cf1224bf5,38000,1,Claimed,"{'model_id': 'model_mnist_784_noniid', 'account': 'acct_15', 'amount_wei': 13434313003816908}",mock
0x9e0c4c7f071f99cca1c48179fa4aa08839696df9ab442fb27663d9a213496477,38000,1,Claimed,"{'model_id': 'model_mnist_784_noniid', 'account': 'acct_16', 'amount_wei': 10979738213033181}",mock
0xcca4f81d3e5f1c5f1a78c0170e376a17cb20a4d3823eb1abb43fc308cc58d1fb,38000,1,Claimed,"{'model_id': 'model_mnist_784_noniid', 'account': 'acct_17', 'amount_wei': 12202414929643162}",mock
0xdbfca7dcd7be29a50b224224c81b5585a887e0aa739f3e1acb50cc30c99176ae,38000,1,Claimed,"{'model_id': 'model_mnist_784_noniid', 'account': 'acct_18', 'amount_wei': 14647078961263716}",mock
0xb58f1e24494c924032e84d10fd354aca296bce1bc9cffb916e06ad31f8996931,38000,1,Claimed,"{'model_id': 'model_mnist_784_noniid', 'account': 'acct_19', 'amount_wei': 13414520821728833}",mock
0x755486dd889352472df2f3355839ea628219366fea4c83bd06a94dc951f5251e,38000,1,Claimed,"{'model_id': 'model_mnist_784_noniid', 'account': 'acct_20', 'amount_wei': 12181710995895750}",mock
0xb49cdbf75d903d4104d6baf659b73a2dcedc608ea305dead000629ec5a82098d,38000,1,Claimed,"{'model_id': 'model_mnist_784_noniid', 'account': 'acct_21', 'amount_wei': 14647078961263716}",mock
0xdd6dfa0388daf5c5cc651af07ad5171206ef5d9a19181ae11d2f51ecacec12bb,38000,1,Claimed,"{'model_id': 'model_mnist_784_noniid', 'account': 'acct_22', 'amount_wei': 12207465434693668}",mock
0x9b18d949691f16f5e0754c38fb16b7fd19f540bb29c5e1dd367e6bfb74c84f7a,38000,1,Claimed,"{'model_id': 'model_mnist_784_noniid', 'account': 'acct_23', 'amount_wei': 12212296352568064}",mock
0xf26f1952907aefa0ddd8af0e88d6c7fe87929e34018dfb7f51b03aeb3db6bdfc,38000,1,Claimed,"{'model_id': 'model_mnist_784_noniid', 'account': 'acct_24', 'amount_wei': 14647078961263716}",mock
0xd3b06d081d5b207fe4a6490074ef2d2b930817f680d17794c32a3a031be2c564,38000,1,Claimed,"{'model_id': 'model_mnist_784_noniid', 'account': 'acct_25', 'amount_wei': 13434313003816908}",mock
0x48f45813f28c58db05e5578528e137d35a58cfdd2043a9e484cd1aefd619ab00,38000,1,Claimed,"{'model_id': 'model_mnist_784_noniid', 'account': 'acct_26', 'amount_wei': 10983965266173277}",mock
0xc4374af01a419560b03ebd572ec3a5b934a467f290208bb8314cf05040475767,38000,1,Claimed,"{'model_id': 'model_mnist_784_noniid', 'account': 'acct_27', 'amount_wei': 12181710995895750}",mock
0xce8ac76a8bcbbf3caf06fa938a8b47cb750ce714035bd4f181df1b366e62a7aa,38000,1,Claimed,"{'model_id': 'model_mnist_784_noniid', 'account': 'acct_28', 'amount_wei': 12187248094456105}",mock
0xf64bc57fd33eb18f6d7a32626f5e11b6613e911d4acdc77328b574947b72e3c4,38000,1,Claimed,"{'model_id': 'model_mnist_784_noniid', 'account': 'acct_29', 'amount_wei': 14647078961263716}",mock
0xcff8ce23bdfe80fa8676d52c5e4d90fceb91f08ccd18dc03dd0035a9504e8056,38000,1,Claimed,"{'model_id': 'model_mnist_784_noniid', 'account': 'acct_30', 'amount_wei': 14647078961263716}",mock
0x34f05585d9d30e8ab800cd41dfedb9321409b90f88e9cafa35b6ae860a635fec,38000,1,Claimed,"{'model_id': 'model_mnist_784_noniid', 'account': 'acct_31', 'amount_wei': 13429687656915890}",mock
0x0a385b30df8d10446cb58188a6ad6d9252f29bc9313a0f4a31e19e6509489d12,38000,1,Claimed,"{'model_id': 'model_mnist_784_noniid', 'account': 'acct_32', 'amount_wei': 14647078961263716}",mock
0x3474e7de0369028b87c673dd022f4b3ed6db58673b39766e808d2e0c466d188c,38000,1,Claimed,"{'model_id': 'model_mnist_784_noniid', 'account': 'acct_33', 'amount_wei': 13434313003816908}",mock
0xd5606ea2bcb6d386c12f441be6f565564828e1faa45b9dc7b32f00dfab2cfb54,38000,1,Claimed,"{'model_id': 'model_mnist_784_noniid', 'account': 'acct_34', 'amount_wei': 12201754864282024}",mock
0xaf8a69123eab97bc2d51f9c62e24c132b2eb22bd744953ba64eeb9950c4afdfb,38000,1,Claimed,"{'model_id': 'model_mnist_784_noniid', 'account': 'acct_35', 'amount_wei': 13438745627930383}",mock
0x3ad38aaa85826dba74433f02cc83137bb34d90c2146a6e549d3ce855b4150ea4,38000,1,Claimed,"{'model_id': 'model_mnist_784_noniid', 'account': 'acct_36', 'amount_wei': 13414520821728833}",mock
0x58d907a9ee962056a2685fb84bdfd8a2f175fb94d72685b7aab44ef9c0aab514,38000,1,Claimed,"{'model_id': 'model_mnist_784_noniid', 'account': 'acct_37', 'amount_wei': 13414520821728832}",mock
0xf6a259b4ebb39f870515946ab4de2d9a39dbd5ca84bbe0175e8afbf71ac9851a,38000,1,Claimed,"{'model_id': 'model_mnist_784_noniid', 'account': 'acct_38', 'amount_wei': 10974907295158785}",mock
0x485c4b7efa694cb297296c45c3c0a3e27926ab61fc20f4de55264a96cd2a5bf3,38000,1,Claimed,"{'model_id': 'model_mnist_784_noniid', 'account': 'acct_39', 'amount_wei': 13429687656915890}",mock
0x0097be81d096764bc54774f8ab4853ef48bba6a42a4ed4067a546f14c0bca206,38000,1,Claimed,"{'model_id': 'model_mnist_784_noniid', 'account': 'acct_40', 'amount_wei': 14647078961263716}",mock
0x20a9bb5c3090f8caacf1d17f10e856f7e2fe1b3230469e5c0772be91d2d216d9,38000,1,Claimed,"{'model_id': 'model_mnist_784_noniid', 'account': 'acct_41', 'amount_wei': 13408983723168478}",mock
0x69be2e58971f812046bbd03938343fb07e183289f3684388a6b4d7f9660a639c,38000,1,Claimed,"{'model_id': 'model_mnist_784_noniid', 'account': 'acct_42', 'amount_wei': 13419806233990988}",mock
0x8d8852c154e1ea5376b6d7a6427e8db430a21967d5cfa88ade53b210aed8812e,38000,1,Claimed,"{'model_id': 'model_mnist_784_noniid', 'account': 'acct_43', 'amount_wei': 12197129517381007}",mock
0xb74c6dfa93a1e0f6ae50dcb46a418563cd85588b67aeeec553db3e9b76d9ce83,38000,1,Claimed,"{'model_id': 'model_mnist_784_noniid', 'account': 'acct_44', 'amount_wei': 13414520821728832}",mock
0x5ff9a8a8f19c3af8569c992f79905e0a30a41f4afb87b0b89acd4557cb385963,38000,1,Claimed,"{'model_id': 'model_mnist_784_noniid', 'account': 'acct_45', 'amount_wei': 13414520821728832}",mock
0xfe8ec850431318fddf89b7a7a33684415b3023f05d19fa5b2dbd317254f0192d,38000,1,Claimed,"{'model_id': 'model_mnist_784_noniid', 'account': 'acct_46', 'amount_wei': 14647078961263716}",mock
0xa050551905d3512236e2de8626499eeec9758319f8b4ca19ba76d22d8807d1ad,38000,1,Claimed,"{'model_id': 'model_mnist_784_noniid', 'account': 'acct_47', 'amount_wei': 13434313003816908}",mock
0xec5137eb4b54a9b9946a0ffcdae39b97edef5f3a2b1002f9424125ef43f41e0d,38000,1,Claimed,"{'model_id': 'model_mnist_784_noniid', 'account': 'acct_48', 'amount_wei': 13414520821728832}",mock
0x63b17822a2e96f0d3ec89471b7b6a72ca166d855700b8b8452d27c8cfccd6f09,38000,1,Claimed,"{'model_id': 'model_mnist_784_noniid', 'account': 'acct_49', 'amount_wei': 13429687656915890}",mock
0x89030c6df9adae1b3c4bff82b7892ef07d2d111e834e64ea001fc998c908cba2,38000,1,Claimed,"{'model_id': 'model_mnist_784_noniid', 'account': 'acct_50', 'amount_wei': 13438745627930383}",mock
