tx,gas_used,status,event,data,backend
0x91b73c31c4e8dcd237639b66130d50c4ed4e9af9142fd3163a75a96e1e7fc17a,145000,1,ListingCreated,"{'model_id': 'model_mnist_784_noniid', 'init_cid': 'sha256:cb7d3ccc7dd70433374c8f12d7627b07efdac9b356eafb08f03b2296ce9b3a75'}",mock
0xbcc82c1a94a9eb737f316bda0d37a2f10f6524658549d97362c789af5bdd3944,52000,1,RoundFunded,"{'model_id': 'model_mnist_784_noniid', 'amount_wei': 10000000000000000}",mock
0x56de5d0aaffb782f2515a3f28de122d0f879f475684d7e1086d645c0ac382fe5,86000,1,TicketReserved,"{'model_id': 'model_mnist_784_noniid', 'round': 0, 'ticket_id': 1, 'owner': 'acct_1'}",mock
0x706f96e63412ef78bcf360bf24f383cb2cf6d6f98c20005d3d6d4a2541f2f661,93000,1,UpdatePublished,"{'model_id': 'model_mnist_784_noniid', 'round': 0, 'ticket_id': 1, 'cid': 'sha256:f1f6e39811f7a9838da33474a0b67049cd9f5a9bd549c7e91782a5e59a54f9b5'}",mock
0x98f417c27981aadb52337c5c01b04d67258b74be09756b7613c1f98e001de5bc,86000,1,TicketReserved,"{'model_id': 'model_mnist_784_noniid', 'round': 0, 'ticket_id': 2, 'owner': 'acct_2'}",mock
0xcf35c48cad0a1e7422b1aca99745620905ec42f4e62cf0ca6c91e9e74084ab7f,93000,1,UpdatePublished,"{'model_id': 'model_mnist_784_noniid', 'round': 0, 'ticket_id': 2, 'cid': 'sha256:e96c5b826287d5a664bf70dcb8aaae010619fa5a24673c02675f8583f348b31b'}",mock
0x16ad0475fa80b96c08a184c1a5e1081b2eeeeeff602eda1cfcb58b2846a68706,86000,1,TicketReserved,"{'model_id': 'model_mnist_784_noniid', 'round': 0, 'ticket_id': 3, 'owner': 'acct_3'}",mock
0xffebcd7984c5b480620cfcbedf2e3333fc8a9df81ca66af29186978aa09fed6b,93000,1,UpdatePublished,"{'model_id': 'model_mnist_784_noniid', 'round': 0, 'ticket_id': 3, 'cid': 'sha256:defd857d39135972f4ab7fa15bed551f6a08d4ae1e99957bf915a27a9a8af5c4'}",mock
0xb124742304b2ee9f1e057deb220a654d65bf1b1734a829ce56b6329edca7dee2,86000,1,TicketReserved,"{'model_id': 'model_mnist_784_noniid', 'round': 0, 'ticket_id': 4, 'owner': 'acct_4'}",mock
0x1be64fd1f7496a2b3194c4e96cf1f2376fda32a48ee2ac4386a216e1b42e1e22,93000,1,UpdatePublished,"{'model_id': 'model_mnist_784_noniid', 'round': 0, 'ticket_id': 4, 'cid': 'sha256:0e1291a6964687e236f251f387f988b6b843e8d7f7e8b3c09454321c62c45499'}",mock
0x867a272bac6c0cb69eb6995e816bf8044b030d706735039f08bf93cfa9235079,86000,1,TicketReserved,"{'model_id': 'model_mnist_784_noniid', 'round': 0, 'ticket_id': 5, 'owner': 'acct_5'}",mock
0x10422b60af829ad22a55d7850fbb55e97486e607ae9ed71bd9163a9d3fd9ef64,93000,1,UpdatePublished,"{'model_id': 'model_mnist_784_noniid', 'round': 0, 'ticket_id': 5, 'cid': 'sha256:231926aacc4b5f7483d53b4f26dd28209e1880d600b6f7da03322cb453c88681'}",mock
0xbaa83c9f322e5fb44f9353acc9597c73afacbac39af8217f9f10aa2a9eb2ac15,86000,1,TicketReserved,"{'model_id': 'model_mnist_784_noniid', 'round': 0, 'ticket_id': 6, 'owner': 'acct_6'}",mock
0x89e88a2ce7483577b3f616f2f170519f36439d6ca7be1109c94c395993d80c85,93000,1,UpdatePublished,"{'model_id': 'model_mnist_784_noniid', 'round': 0, 'ticket_id': 6, 'cid': 'sha256:4e2b639b4748bc9fd9d124959d418c6316023ac58199a728ea62962d24428d38'}",mock
0x9297619a5cda300ed034829bdc0829342a50955c2179064c13156a6628ba4928,86000,1,TicketReserved,"{'model_id': 'model_mnist_784_noniid', 'round': 0, 'ticket_id': 7, 'owner': 'acct_7'}",mock
0x9d29afba80310ed2d551ae45d8e9c242e394b48611b9d8ef53bdbfe84dcf4621,93000,1,UpdatePublished,"{'model_id': 'model_mnist_784_noniid', 'round': 0, 'ticket_id': 7, 'cid': 'sha256:63b4beb176e606cf2c0353713e720762aa69b29cec2b9f1abdb7366000b511d0'}",mock
0xe16252aaef42f14006135fcc8415a0fd2c49a688bd79b23b7c46b852aeabe31b,86000,1,TicketReserved,"{'model_id': 'model_mnist_784_noniid', 'round': 0, 'ticket_id': 8, 'owner': 'acct_8'}",mock
0x743e9177a03cc7e33f421cd2e2bce56f4ee728638a7455dda38f918e6a6b348c,93000,1,UpdatePublished,"{'model_id': 'model_mnist_784_noniid', 'round': 0, 'ticket_id': 8, 'cid': 'sha256:68dcd4329880966e8428b5a1cfc256dea77d8e94cc21460db7d4a8c8ab492dbf'}",mock
0x58496763de3fd1fc7196101d614e1919f4bb13713d8a00040274b8b634639126,86000,1,TicketReserved,"{'model_id': 'model_mnist_784_noniid', 'round': 0, 'ticket_id': 9, 'owner': 'acct_9'}",mock
0x37566d55b4813ae410a0d41bdb27afc649fdbff052744bfedcf8912ca8bbf34e,93000,1,UpdatePublished,"{'model_id': 'model_mnist_784_noniid', 'round': 0, 'ticket_id': 9, 'cid': 'sha256:c9be548f50fc374ae0647a629accdee5a9df583d3f00fe88a8f5607f49ea2d76'}",mock
0x55604b9dd8aed0da9a6a5cb4a8b85043b140a9a85f21804c5701054226f2c0be,86000,1,TicketReserved,"{'model_id': 'model_mnist_784_noniid', 'round': 0, 'ticket_id': 10, 'owner': 'acct_10'}",mock
0xdc02f732f4b5ba2df956fa58adda540865ce1530efb5720618d390d589ed585a,93000,1,UpdatePublished,"{'model_id': 'model_mnist_784_noniid', 'round': 0, 'ticket_id': 10, 'cid': 'sha256:1fac80f88b2f380f92ce857d415c1959839eba5b143df33d8e2a102eaf5c5f9e'}",mock
0x4298e397b5de4359f52a18e92ba392b4c2f2d161348a0d56e5b00cbd8544ac8d,86000,1,TicketReserved,"{'model_id': 'model_mnist_784_noniid', 'round': 0, 'ticket_id': 11, 'owner': 'acct_11'}",mock
0x0df8f91e6a1504ea602a319116fffacb1e81e28dea463ab0869d157bc7d03892,93000,1,UpdatePublished,"{'model_id': 'model_mnist_784_noniid', 'round': 0, 'ticket_id': 11, 'cid': 'sha256:076c75b37e2a97945480e11a11fe23c0023451f9dedc41864429373b4a7fa227'}",mock
0xd610f183ce7b57ed2fc6bd5713c108d3882bbceb982963b0ade812f5efca8624,86000,1,TicketReserved,"{'model_id': 'model_mnist_784_noniid', 'round': 0, 'ticket_id': 12, 'owner': 'acct_12'}",mock
0xe2b0e53b246410eb16ffce6bef711b3d3a1336de8558b64455e70a71c6293283,93000,1,UpdatePublished,"{'model_id': 'model_mnist_784_noniid', 'round': 0, 'ticket_id': 12, 'cid': 'sha256:58d1a16acf720b16990ebba7ea68b354ece4b74f2fbe60c440dce10ff3f0a58d'}",mock
0x08dbeabd3d59f480ebce0f46b8957daa985d1719a561338958e6107eaeec1383,86000,1,TicketReserved,"{'model_id': 'model_mnist_784_noniid', 'round': 0, 'ticket_id': 13, 'owner': 'acct_13'}",mock
0x547cdc5a34aa7cfa09c7d4ee67a9b07e772d90823aff29a6dda688ac74b65802,93000,1,UpdatePublished,"{'model_id': 'model_mnist_784_noniid', 'round': 0, 'ticket_id': 13, 'cid': 'sha256:4f986f9fa251ad33e898303a84063959c032c17cd49c0c706417f515ac852a1f'}",mock
0x19250601c2a6931f9d99f899a3c6f0eb260c7d5459e68c065c2a7ada8b1c6c6a,86000,1,TicketReserved,"{'model_id': 'model_mnist_784_noniid', 'round': 0, 'ticket_id': 14, 'owner': 'acct_14'}",mock
0xdedcce0c2e7838ef62409e42bc3f8f0dd292dd09bebb21f4e05b6f26e92e0694,93000,1,UpdatePublished,"{'model_id': 'model_mnist_784_noniid', 'round': 0, 'ticket_id': 14, 'cid': 'sha256:ffd3b56b47a3eb34079aa9a82afe83de7a5369e49748f19bd58f994ecb1fb00e'}",mock
0x5d13de7b792d93c950a8d76aed191336f8429c424bf7ac3aaa62011527dc4df2,86000,1,TicketReserved,"{'model_id': 'model_mnist_784_noniid', 'round': 0, 'ticket_id': 15, 'owner': 'acct_15'}",mock
0x0d51355277a65aae2ac03607e56a62cf970b35fd71c83e093a74c4f1ec1dac59,93000,1,UpdatePublished,"{'model_id': 'model_mnist_784_noniid', 'round': 0, 'ticket_id': 15, 'cid': 'sha256:ff37e9d0663b6a17951634cc4bff065a328ee8ef78bb743e52ff4079a5e3a35c'}",mock
0xc9de863883afdd3564d39ad72f165e14d9712214c27a3bc5635ff2894e672fbf,86000,1,TicketReserved,"{'model_id': 'model_mnist_784_noniid', 'round': 0, 'ticket_id': 16, 'owner': 'acct_16'}",mock
0x918c4a9a12ab7de0ddc5394df1ea8107c411d1a514c5e2ee851819a0f967da5c,93000,1,UpdatePublished,"{'model_id': 'model_mnist_784_noniid', 'round': 0, 'ticket_id': 16, 'cid': 'sha256:66e71f57cb84970b4637a426be0837fbe68f2c846c4ba9ae208b25e898777a9a'}",mock
0xa74fd0054fb3c56b39b7d6c54a1394a470d5c34b6249d1429bc2647bc94fd1cc,86000,1,TicketReserved,"{'model_id': 'model_mnist_784_noniid', 'round': 0, 'ticket_id': 17, 'owner': 'acct_17'}",mock
0x787fe12eba385baaeb24909930d029e1ef9f3379e080d3abadc2bada38a85702,93000,1,UpdatePublished,"{'model_id': 'model_mnist_784_noniid', 'round': 0, 'ticket_id': 17, 'cid': 'sha256:19841a86532977e4c0d3f777017be9ca9bab295a9b89b7072b0e10c2f3f28acf'}",mock
0x0924c61d1a8940f8c065cc322880778e73828712a937ba49e5d7852f38c75be9,86000,1,TicketReserved,"{'model_id': 'model_mnist_784_noniid', 'round': 0, 'ticket_id': 18, 'owner': 'acct_18'}",mock
0xf5f42d66a647c314d5babba3e9a58624e0f691f56c00e37205613d7f6c0a8761,93000,1,UpdatePublished,"{'model_id': 'model_mnist_784_noniid', 'round': 0, 'ticket_id': 18, 'cid': 'sha256:90e435342909341705ed14f8a817445c34cddb65f74457d534eed7f7bc4484cd'}",mock
0x2c54f930d3ac15a6b2117441b923eb90060304f2cd8c5f1db5f462ef16300acb,86000,1,TicketReserved,"{'model_id': 'model_mnist_784_noniid', 'round': 0, 'ticket_id': 19, 'owner': 'acct_19'}",mock
0x6cff528f7360d1aef8f6846faac415d930053824742a9c3a7097cf3f2b1962d3,93000,1,UpdatePublished,"{'model_id': 'model_mnist_784_noniid', 'round': 0, 'ticket_id': 19, 'cid': 'sha256:8c928d5db04f420d0e2c706ce0eb54d0df117293a849815ae3dd65a393ee62c1'}",mock
0x58527fcd130cc70e2cdca042deaa73a8b944ddb7794b5f9035a44d0506897544,86000,1,TicketReserved,"{'model_id': 'model_mnist_784_noniid', 'round': 0, 'ticket_id': 20, 'owner': 'acct_20'}",mock
0xca838384fb5b26ce9a358961d9cf21cd732e6c91ca19637c3a06b2e66883a319,93000,1,UpdatePublished,"{'model_id': 'model_mnist_784_noniid', 'round': 0, 'ticket_id': 20, 'cid': 'sha256:2e3c0fbb13d51a5e550a86125904e9ef1ca7f9d0c4356adc8af296edea201655'}",mock
0xadf22da06421dc3eed046f970cc90a1fb596168deec507148b8cebd60c791765,86000,1,TicketReserved,"{'model_id': 'model_mnist_784_noniid', 'round': 0, 'ticket_id': 21, 'owner': 'acct_21'}",mock
0xa9f7e4d1c4f846b478ce9e14ecb81312ea8156bb028983a0418c691d6277abeb,93000,1,UpdatePublished,"{'model_id': 'model_mnist_784_noniid', 'round': 0, 'ticket_id': 21, 'cid': 'sha256:37713e590b5e63661c78fc4ee9cd68c936f765652aecc6b2d74679eee1de6306'}",mock
0x8acfff3681ee93e7c5c2cc8aae181f37bbeb37f1f863ac852176ab2b7711dbfe,86000,1,TicketReserved,"{'model_id': 'model_mnist_784_noniid', 'round': 0, 'ticket_id': 22, 'owner': 'acct_22'}",mock
0xa742400a5f76a8da8c80edf2a50438af6ee33e7febcc27a59de25c62a16ad737,93000,1,UpdatePublished,"{'model_id': 'model_mnist_784_noniid', 'round': 0, 'ticket_id': 22, 'cid': 'sha256:7fe9fc309574aaa26346194c65c3dcebd0e88247d6e223a2d870afccb7abddcf'}",mock
0xe1ce51d1b9e7bfcc672301a3244b70f7da755d8e67596d12e5e08d987a7b3445,86000,1,TicketReserved,"{'model_id': 'model_mnist_784_noniid', 'round': 0, 'ticket_id': 23, 'owner': 'acct_23'}",mock
0xec1ffc65409d6d9cf657e40ba245e2df075d71feb66072af8ddd3bc0cc6e3396,93000,1,UpdatePublished,"{'model_id': 'model_mnist_784_noniid', 'round': 0, 'ticket_id': 23, 'cid': 'sha256:2a442c97d2f3ce0e4434765991bc0d19846713cb567ebf128ffe948127544f2b'}",mock
0xcac21b64df2e93b9458d8b27714560d191b42fbdd3215b802197e777b927813c,86000,1,TicketReserved,"{'model_id': 'model_mnist_784_noniid', 'round': 0, 'ticket_id': 24, 'owner': 'acct_24'}",mock
0x4b8f4ec14be9c4c62bd8475b466aff8b557194a04d19fee17a9c830b1c7ced79,93000,1,UpdatePublished,"{'model_id': 'model_mnist_784_noniid', 'round': 0, 'ticket_id': 24, 'cid': 'sha256:98c2142a310438171750074d956a195582a3cb3b5bfbfacd1769dea0c7778c91'}",mock
0x2aeb38b5fc5e49b75266caa6a6048e2d6eacc67edd3db7960fa7078701fbc152,86000,1,TicketReserved,"{'model_id': 'model_mnist_784_noniid', 'round': 0, 'ticket_id': 25, 'owner': 'acct_25'}",mock
0x9b1b838330869f30b330b8d7e423d16fee11c658856fa572fb1304593e701800,93000,1,UpdatePublished,"{'model_id': 'model_mnist_784_noniid', 'round': 0, 'ticket_id': 25, 'cid': 'sha256:c06b9ee14915df41de1c5c6c8e98adc24fe17d8d84e09950f924318026d3f229'}",mock
0x62c1581a694fa09333038d9ea3b0b1ef3e74d7c5058f2c428d750acde427fff7,86000,1,TicketReserved,"{'model_id': 'model_mnist_784_noniid', 'round': 0, 'ticket_id': 26, 'owner': 'acct_26'}",mock
0x6dba1293d32d21dbd19bc53546bc5c6ea839dd229449af78bf07e0f6c634594a,93000,1,UpdatePublished,"{'model_id': 'model_mnist_784_noniid', 'round': 0, 'ticket_id': 26, 'cid': 'sha256:4160531767e8d9c312ad08d0f8c23c0ff6b44ea12c9f5b4c5331450b31b2139e'}",mock
0xfeeedab3f52578c0a0f015632c4038842f28214580f5b39fec08ebeced7c2efa,86000,1,TicketReserved,"{'model_id': 'model_mnist_784_noniid', 'round': 0, 'ticket_id': 27, 'owner': 'acct_27'}",mock
0x4e7f45a0bf08e2ffc54eb860ded90f52ea0bbc1eb4da3381813ff974e4a26802,93000,1,UpdatePublished,"{'model_id': 'model_mnist_784_noniid', 'round': 0, 'ticket_id': 27, 'cid': 'sha256:5c574ec4488b48e506994fc2e6b4b43d9e99f79ff4533c0018f0a203c1cd01ff'}",mock
0xcbc60507315cd1296a60a632e1c6ac8582b94bfa0a2f61ce1f370f5ac04672e5,86000,1,TicketReserved,"{'model_id': 'model_mnist_784_noniid', 'round': 0, 'ticket_id': 28, 'owner': 'acct_28'}",mock
0xbf5ae477e8f7dc6459e88e322e10801cc64f30c9f7588c666b4e866a7c6c2aa3,93000,1,UpdatePublished,"{'model_id': 'model_mnist_784_noniid', 'round': 0, 'ticket_id': 28, 'cid': 'sha256:6edb9ac650ea8d5b0e4f24dadd7edbc89a0287eddca3faceb625509a2c219b81'}",mock
0x38ed7c4753f50f61538c61c6a01aa42c5ff04b9b12fae305593f701e4909e032,86000,1,TicketReserved,"{'model_id': 'model_mnist_784_noniid', 'round': 0, 'ticket_id': 29, 'owner': 'acct_29'}",mock
0x67c26da30c858808c2572320b54d08c72f494501204e11cef95568df9909a596,93000,1,UpdatePublished,"{'model_id': 'model_mnist_784_noniid', 'round': 0, 'ticket_id': 29, 'cid': 'sha256:79e31f32647c3116344feb1be7ac64a167ef52181399cf22e6109ee25796003d'}",mock
0xd1785e58c76de358ea6b36f67ff6f500e9ec060598f7f5ea2421c7f972f66807,86000,1,TicketReserved,"{'model_id': 'model_mnist_784_noniid', 'round': 0, 'ticket_id': 30, 'owner': 'acct_30'}",mock
0x956c40ffb2c79719e52c2b4179495c2cf7e0057d30be824c4b3d89c166112549,93000,1,UpdatePublished,"{'model_id': 'model_mnist_784_noniid', 'round': 0, 'ticket_id': 30, 'cid': 'sha256:dd6b860d5beb6e564ba8af8dce9e24da647808f5df72d30c9b4c779ea51e5d6b'}",mock
0xaa5d17e8538988a5ed6a7ecf5104851b01e280088269066663b68d8dc6d43dd3,86000,1,TicketReserved,"{'model_id': 'model_mnist_784_noniid', 'round': 0, 'ticket_id': 31, 'owner': 'acct_31'}",mock
0x88f696f744db7810fdf587ff80fab87f7df2d2303c5849cd99dd2de25ef9979f,93000,1,UpdatePublished,"{'model_id': 'model_mnist_784_noniid', 'round': 0, 'ticket_id': 31, 'cid': 'sha256:0168d88037c528dbcbbb1daf0b6f8eccfba6111f65ec2f9e8e6d2103f0aa925d'}",mock
0x80cdfc217329759921846c0a8364c21900e1c58d09b0945263682a5abec48aff,86000,1,TicketReserved,"{'model_id': 'model_mnist_784_noniid', 'round': 0, 'ticket_id': 32, 'owner': 'acct_32'}",mock
0xf7d53eedbaf72f557a6cb740ec739ab86fc5752e317dc76e92a6bc4895f98f51,93000,1,UpdatePublished,"{'model_id': 'model_mnist_784_noniid', 'round': 0, 'ticket_id': 32, 'cid': 'sha256:570fd38f4a4ca7a9d4361618bd4a71a1619f0062a3e8ae9e2c2e256e5df525a0'}",mock
0xe09fff2ee4df33727c3b7aa70238931ae3d9bfd03620e639ed6753c5a4f4709c,86000,1,TicketReserved,"{'model_id': 'model_mnist_784_noniid', 'round': 0, 'ticket_id': 33, 'owner': 'acct_33'}",mock
0xec0769627e4a50c75bfd21bc63c6b35d7a53fa928df1e028ee06dfe0d20c3301,93000,1,UpdatePublished,"{'model_id': 'model_mnist_784_noniid', 'round': 0, 'ticket_id': 33, 'cid': 'sha256:8beba18d9914f3e3435158fb25c7004a1e775c00584548bfc5246deda4519a15'}",mock
0xbf113b600ba237869aae560d327b0f2fb8cae854412c3d7c0387c76d4e550a2b,86000,1,TicketReserved,"{'model_id': 'model_mnist_784_noniid', 'round': 0, 'ticket_id': 34, 'owner': 'acct_34'}",mock
0x259df2eb5fe65ff08166f4776e2d9a9d1e0e59bc8d2349f86960330cdf0cb3b1,93000,1,UpdatePublished,"{'model_id': 'model_mnist_784_noniid', 'round': 0, 'ticket_id': 34, 'cid': 'sha256:8f36185cedf5c37160764d5eed95a918740f1b419fcd3e68d641eb54a3ea809f'}",mock
0x13df0a6317139d995ca8008e8920e28a8f4a050a6b457fcc7367c1750d935471,86000,1,TicketReserved,"{'model_id': 'model_mnist_784_noniid', 'round': 0, 'ticket_id': 35, 'owner': 'acct_35'}",mock
0xdee6a673b3ee0fd275a4432e67691ab39ed6969dd047a8a70ba92d28d4aad5fb,93000,1,UpdatePublished,"{'model_id': 'model_mnist_784_noniid', 'round': 0, 'ticket_id': 35, 'cid': 'sha256:65dd6e82714990c92c0305003ef6d306939497c8cb3c2b6b5549590df614d5bc'}",mock
0xdb56c0d96a6e279dd0861f7a21285303dff8e9c37407ead6050ed50f9825eab6,86000,1,TicketReserved,"{'model_id': 'model_mnist_784_noniid', 'round': 0, 'ticket_id': 36, 'owner': 'acct_36'}",mock
0x507aa500375a608ecc9804f60c87c75281844137c7703649db8e07456da8399b,93000,1,UpdatePublished,"{'model_id': 'model_mnist_784_noniid', 'round': 0, 'ticket_id': 36, 'cid': 'sha256:823019a13d33b09f8684b8bc9c0f5bff8ff76e5dba0ed2a15fa0c3db89df7af3'}",mock
0x01e4dd9b056c018a2ee75eb5afb88d073726b923e609142a6a005ea33d5608c4,86000,1,TicketReserved,"{'model_id': 'model_mnist_784_noniid', 'round': 0, 'ticket_id': 37, 'owner': 'acct_37'}",mock
0xd9c84dcdae2950291145fde93d2c1f84b963526ed39b787d1221c8e551a2a894,93000,1,UpdatePublished,"{'model_id': 'model_mnist_784_noniid', 'round': 0, 'ticket_id': 37, 'cid': 'sha256:1e6b2a8fef07bac26ac73b946c4223569ef5bf4c19861a318898040e797e756c'}",mock
0x2ac3381240414be3afb6db34f99663707d58f117ea4733dbd6f2b2ec134c5d92,86000,1,TicketReserved,"{'model_id': 'model_mnist_784_noniid', 'round': 0, 'ticket_id': 38, 'owner': 'acct_38'}",mock
0x415fe251252b72b694345eeafc166485885ae2b7e0dca148bebf191610391ece,93000,1,UpdatePublished,"{'model_id': 'model_mnist_784_noniid', 'round': 0, 'ticket_id': 38, 'cid': 'sha256:72c891f3399bdf13e7a970b157368decfe61e6895be491cb8aaa17c3c81144b6'}",mock
0xaa7542758486693d20c89ff2cbd0ad6adaf586a21a74ffd40837efe8ca5d45a6,86000,1,TicketReserved,"{'model_id': 'model_mnist_784_noniid', 'round': 0, 'ticket_id': 39, 'owner': 'acct_39'}",mock
0x76017739a06751236f5fd6f1363dd5539caa4912d8e3ea9a21111a11e686e002,93000,1,UpdatePublished,"{'model_id': 'model_mnist_784_noniid', 'round': 0, 'ticket_id': 39, 'cid': 'sha256:f7bc299a52146080a231672150109150a21004d7d44db9ed68630e146c546c86'}",mock
0x880a0545d1bc53526357f63271d23c751e5c58309f1657556b06de352f568de0,86000,1,TicketReserved,"{'model_id': 'model_mnist_784_noniid', 'round': 0, 'ticket_id': 40, 'owner': 'acct_40'}",mock
0x8f7346d05f39aee280ab0edae749ba028190c32cd64950fa54a6fd95ab61e8d9,93000,1,UpdatePublished,"{'model_id': 'model_mnist_784_noniid', 'round': 0, 'ticket_id': 40, 'cid': 'sha256:700c972ca8e9a4cce01a77a21484031b908c32392de967287d57a04dbe90123f'}",mock
0xcc2910efbf12eac1405cb167a1e8924acba165dfa60d902dc8a84fca058c9a60,86000,1,TicketReserved,"{'model_id': 'model_mnist_784_noniid', 'round': 0, 'ticket_id': 41, 'owner': 'acct_41'}",mock
0xb675fdb73a17bb8f12eeed01ef037b23d4cf9690b18a9c2e3e18ec61787c58e1,93000,1,UpdatePublished,"{'model_id': 'model_mnist_784_noniid', 'round': 0, 'ticket_id': 41, 'cid': 'sha256:c0b18aca500320f79c77f1fd52df38972b0a8f404271dc1f506b3a14caa2aed4'}",mock
0xff14853a374cdcea37ce43e3f81170f41734337e384914d9d57a04a8f9702c36,86000,1,TicketReserved,"{'model_id': 'model_mnist_784_noniid', 'round': 0, 'ticket_id': 42, 'owner': 'acct_42'}",mock
0x3e446d7272b2bc91468f6755862ab34ef4c3475183aac743b349c2bb57966892,93000,1,UpdatePublished,"{'model_id': 'model_mnist_784_noniid', 'round': 0, 'ticket_id': 42, 'cid': 'sha256:096630ce6b5a35fe4ec43c201d6b55ad7f4e43bf60f04f4afcdf3a25d02149c7'}",mock
0x9ea859dc07d20da2e29cd5dea545f8d84a483099e0667bd1d8be669cde8fc352,86000,1,TicketReserved,"{'model_id': 'model_mnist_784_noniid', 'round': 0, 'ticket_id': 43, 'owner': 'acct_43'}",mock
0x410cccb96334615c7e511c8f5ed468f475c1ffcaa8d1e94767a16c166e127ab6,93000,1,UpdatePublished,"{'model_id': 'model_mnist_784_noniid', 'round': 0, 'ticket_id': 43, 'cid': 'sha256:6ce0e982773cdf177a2b135db397852661abca46dbce997270568325d012d41b'}",mock
0x674e731dc78adaf01b8a58f8cda480c2d6696061599287cd1979a30c7d1ec071,86000,1,TicketReserved,"{'model_id': 'model_mnist_784_noniid', 'round': 0, 'ticket_id': 44, 'owner': 'acct_44'}",mock
0xc867f96b732f2c5fbdf64f98d2c21f5f03c881cf64e10f910194a5c602b483ff,93000,1,UpdatePublished,"{'model_id': 'model_mnist_784_noniid', 'round': 0, 'ticket_id': 44, 'cid': 'sha256:fe99563b606a526d499c8ec38821905f066c9b5171bcd76ac301da569ab72bca'}",mock
0xcba236cbd0e1445a38241478d5e4762dcb4bcfdc7a9ffa4de3066a4a80696854,86000,1,TicketReserved,"{'model_id': 'model_mnist_784_noniid', 'round': 0, 'ticket_id': 45, 'owner': 'acct_45'}",mock
0xeb606808783fc3760773a4773f5b94fa03b6a0ac6dbe4298cc9349e364dd00e8,93000,1,UpdatePublished,"{'model_id': 'model_mnist_784_noniid', 'round': 0, 'ticket_id': 45, 'cid': 'sha256:313c8a8f8f0710b630cfe0d51328280a9467369fdf4514f75aab3276640ccd76'}",mock
0x5050e427fdc7104090cd4d672a6f669b16e796c3f099f7360c230cb74d5165cc,86000,1,TicketReserved,"{'model_id': 'model_mnist_784_noniid', 'round': 0, 'ticket_id': 46, 'owner': 'acct_46'}",mock
0x950355ec01f8ef4e992e970bb1e1110c15433036f208aa3f1a7ec95f2769af06,93000,1,UpdatePublished,"{'model_id': 'model_mnist_784_noniid', 'round': 0, 'ticket_id': 46, 'cid': 'sha256:d55be733ec08767956b38569a2a1d868773b6ede194e19629b0913bfa4fc3bb7'}",mock
0x7f40204fd38c41e5a1ddad74825953c2bee49eede9475a12169c557708a85f35,86000,1,TicketReserved,"{'model_id': 'model_mnist_784_noniid', 'round': 0, 'ticket_id': 47, 'owner': 'acct_47'}",mock
0xf62870a7d9820a78c60f798b27a1c79922b82d05752e0b1b724d1ba81ffe0297,93000,1,UpdatePublished,"{'model_id': 'model_mnist_784_noniid', 'round': 0, 'ticket_id': 47, 'cid': 'sha256:31064b93370281aece3a8e9b1ae53a31cd0e1044baf7a73e6279fbc2422bb2fc'}",mock
0x2212c0d2d952b0feb7f8d9a248075fa265a41463b34140493148409e18e7b403,86000,1,TicketReserved,"{'model_id': 'model_mnist_784_noniid', 'round': 0, 'ticket_id': 48, 'owner': 'acct_48'}",mock
0xbe3d382a5647deb9037cb3136ea3a2d828d90c72078fa35ab2da2138ba18d5df,93000,1,UpdatePublished,"{'model_id': 'model_mnist_784_noniid', 'round': 0, 'ticket_id': 48, 'cid': 'sha256:2240b7a7a4a6f787f0f2bfe21332c134bb1599d99c39c9ee41a90c471ec8b094'}",mock
0xb12042b71ce2b540af4d135bfb20a92f4414a0ff9d81fcca7224cd59d2679252,86000,1,TicketReserved,"{'model_id': 'model_mnist_784_noniid', 'round': 0, 'ticket_id': 49, 'owner': 'acct_49'}",mock
0xa20d5e1e7fa6b26917b76952e89bda666fb68608740d9a6f1e99a3de46a0fef0,93000,1,UpdatePublished,"{'model_id': 'model_mnist_784_noniid', 'round': 0, 'ticket_id': 49, 'cid': 'sha256:a7d4e37bd396218ee536a5a9db1dbaf2a119f6eb1465895e8a7903af23f3ce45'}",mock
0x3e1116adcd604489d4b3c2a40cfaf8a29989fe693cec69e66af502ed1f632d37,86000,1,TicketReserved,"{'model_id': 'model_mnist_784_noniid', 'round': 0, 'ticket_id': 50, 'owner': 'acct_50'}",mock
0x6a12b5d6a738cba9d60a8f67d3381a47a52af963b1442d0ec206303d1e2214f9,93000,1,UpdatePublished,"{'model_id': 'model_mnist_784_noniid', 'round': 0, 'ticket_id': 50, 'cid': 'sha256:178a1b4394547c3ac1eb83d789067f995625ecef7521bd2fb574a24a2ecdf498'}",mock
0x8dbbfbcce64390e96adab54daebb4527b6eb6d26a8f739ab7798ef737b4aba87,685000,1,RoundFinalized,"{'model_id': 'model_mnist_784_noniid', 'round': 0, 'included': 28, 'refunds': 28}",mock
0x71f665feda0d3d7cb720fe4d93348d1cdc22701e10016d37e7acd279334fa579,52000,1,RoundFunded,"{'model_id': 'model_mnist_784_noniid', 'amount_wei': 10000000000000000}",mock
0xe9f360bb96bb82d8e07d15b01ff2c0988a7851ffeed2f49099854a91dbaa118a,86000,1,TicketReserved,"{'model_id': 'model_mnist_784_noniid', 'round': 1, 'ticket_id': 51, 'owner': 'acct_1'}",mock
0x7dc18ecb9d85abbc8753e6292705bd7fba4d908e46d950504d293c86cad750c0,93000,1,UpdatePublished,"{'model_id': 'model_mnist_784_noniid', 'round': 1, 'ticket_id': 51, 'cid': 'sha256:3d21d3ff60a72d70d2ae3b1868f4c607d543622b09b470dad4ec87dcf3a0cf47'}",mock
0x11d9d8862a66de95c71548bf12b4563eabfe8b618e4fe6caaaa9067ad7444fe0,86000,1,TicketReserved,"{'model_id': 'model_mnist_784_noniid', 'round': 1, 'ticket_id': 52, 'owner': 'acct_2'}",mock
0xee1566aac4b63f2975916c6531d11055c1bf940e645d3edb8d1ec1836a127094,93000,1,UpdatePublished,"{'model_id': 'model_mnist_784_noniid', 'round': 1, 'ticket_id': 52, 'cid': 'sha256:5db7df47b47e0de1c6cb11daa32c3532bd8a8e9f810a16057b2c65b23904f1bb'}",mock
0xc8096c3545211682205ae445a310f45b528a03262dc2f4eafb57670e024ee44a,86000,1,TicketReserved,"{'model_id': 'model_mnist_784_noniid', 'round': 1, 'ticket_id': 53, 'owner': 'acct_3'}",mock
0x35f0830b6868c9e0d13e1f625296b789229d040f487ba4167f757e0885213bf9,93000,1,UpdatePublished,"{'model_id': 'model_mnist_784_noniid', 'round': 1, 'ticket_id': 53, 'cid': 'sha256:7fac17f9011122f72f129976486891e00d493e59ffaf7fde1ae0fc2e155094f5'}",mock
0xe6ea3d71d2394bcfb92000c1a23ca411fe32012f17321831464477e379cb90f3,86000,1,TicketReserved,"{'model_id': 'model_mnist_784_noniid', 'round': 1, 'ticket_id': 54, 'owner': 'acct_4'}",mock
0xcf5e6d9cac18520f67b513720f8648eb044d381e6deb63da55823ab7dac21de1,93000,1,UpdatePublished,"{'model_id': 'model_mnist_784_noniid', 'round': 1, 'ticket_id': 54, 'cid': 'sha256:ff3aaf931bb1a221089b9d5a525af9e43ae69bb21e198c3cf1307180ad884ed8'}",mock
0xf7d057095451716772256ac8e0daf65852efdc6e39ac49c105c42d32d9ed72ef,86000,1,TicketReserved,"{'model_id': 'model_mnist_784_noniid', 'round': 1, 'ticket_id': 55, 'owner': 'acct_5'}",mock
0x5a570f98043f350373c1b2e0812595255373735730de3d6f9c6e271599c2e592,93000,1,UpdatePublished,"{'model_id': 'model_mnist_784_noniid', 'round': 1, 'ticket_id': 55, 'cid': 'sha256:1d05f6359c5cf22b634860acfd41708f0697d58d9371848e7cfc0be5b1d16eeb'}",mock
0x66c1919e693ad733bd04478d36aeee91d02b9aa762535b1b1215ea8c810de330,86000,1,TicketReserved,"{'model_id': 'model_mnist_784_noniid', 'round': 1, 'ticket_id': 56, 'owner': 'acct_6'}",mock
0x852200bd56fbdb968bde770b2c4306ecde14bb6f8a3a43d78181ceefb502c8c2,93000,1,UpdatePublished,"{'model_id': 'model_mnist_784_noniid', 'round': 1, 'ticket_id': 56, 'cid': 'sha256:32b6cc3e5c9d34284bc0c36db4e941832d555d1a177afb2ce1f396a7caa31970'}",mock
0x2de7fa4aa3a7ac860d4eb4e02088a111b63b39adcdff23c89887f5dab20d092e,86000,1,TicketReserved,"{'model_id': 'model_mnist_784_noniid', 'round': 1, 'ticket_id': 57, 'owner': 'acct_7'}",mock
0x7fbf7220aaeb1b8ddabe6fb53ef0081a83e2baad0e992869cdb40493daca8b1f,93000,1,UpdatePublished,"{'model_id': 'model_mnist_784_noniid', 'round': 1, 'ticket_id': 57, 'cid': 'sha256:9c467136ad831a80992c0427db00ee1fa594ed4f0a191b0ae1552dd6b538c077'}",mock
0x53a9efe66510937982e8e0815b84ba945e463843363f278b1438212d2b3fc5bc,86000,1,TicketReserved,"{'model_id': 'model_mnist_784_noniid', 'round': 1, 'ticket_id': 58, 'owner': 'acct_8'}",mock
0x324de7fc06779c1c58e5710c5774318cec61d8d4e86b200b706e43d1ec35c0e1,93000,1,UpdatePublished,"{'model_id': 'model_mnist_784_noniid', 'round': 1, 'ticket_id': 58, 'cid': 'sha256:ab47deb86da62f0b455958a314d32c8619580ea3db6bbaa259979a8a3c40878c'}",mock
0xa7fc49b9e4a4cfaa2be035567bf95823216f1b957c99af6a06dcac3a86e4c37a,86000,1,TicketReserved,"{'model_id': 'model_mnist_784_noniid', 'round': 1, 'ticket_id': 59, 'owner': 'acct_9'}",mock
0xd7dd0ad258c9416d8df22a38d0bc951d9644e6a1a4805923a88f2bde5f0e4069,93000,1,UpdatePublished,"{'model_id': 'model_mnist_784_noniid', 'round': 1, 'ticket_id': 59, 'cid': 'sha256:2bd2365c7e76fb470ceb130e8f0f3efcce510885451d2ef741d20a1bc1a2646d'}",mock
0x1e59ce6428f1d6ca2b3059b080398d9cd4819b9eceb0d9b5eeef854afa128b05,86000,1,TicketReserved,"{'model_id': 'model_mnist_784_noniid', 'round': 1, 'ticket_id': 60, 'owner': 'acct_10'}",mock
0xb3c0e9126d5d6b46789eb26e39b945c9ef8b3182edc697a1602a972bed0a5497,93000,1,UpdatePublished,"{'model_id': 'model_mnist_784_noniid', 'round': 1, 'ticket_id': 60, 'cid': 'sha256:4d72ec56dbc9ec2a9e7446c4fa6918bf629e1b0172a77a330b852299da97c8d7'}",mock
0x9ddc49ef581cd310bfaa831e026413dce87fda6b4db68a0c3b4c6a9459241d95,86000,1,TicketReserved,"{'model_id': 'model_mnist_784_noniid', 'round': 1, 'ticket_id': 61, 'owner': 'acct_11'}",mock
0xdcc6fb499b974d7845375e5f1c3c69bfc7733c5ce600718fc139a89f18e1c3ef,93000,1,UpdatePublished,"{'model_id': 'model_mnist_784_noniid', 'round': 1, 'ticket_id': 61, 'cid': 'sha256:90e463c1c3d81cffcf20c68294fababb8f17a0e31b6e64e4918c6d029a9ec04d'}",mock
0x32402d2fdb064c29c9d8a06e03277e62012470d64c72789007402a1731575c71,86000,1,TicketReserved,"{'model_id': 'model_mnist_784_noniid', 'round': 1, 'ticket_id': 62, 'owner': 'acct_12'}",mock
0xeb4d713d30300eebf987fc73b607efbac5a781618c78dbf203fc79cff98c5f64,93000,1,UpdatePublished,"{'model_id': 'model_mnist_784_noniid', 'round': 1, 'ticket_id': 62, 'cid': 'sha256:e9fc857c813060dd55471ec6c8a2c0ac843c379bfffe71d607da98f9ca509f32'}",mock
0xb20bff4eb64f0437cbae9039dcfc12918f98e3904c8480c9e0f2f2ed08da94de,86000,1,TicketReserved,"{'model_id': 'model_mnist_784_noniid', 'round': 1, 'ticket_id': 63, 'owner': 'acct_13'}",mock
0x2bf01e1496182d8ced5a24cfbb7def6da333315174ec60d10ccf2b136ef28d60,93000,1,UpdatePublished,"{'model_id': 'model_mnist_784_noniid', 'round': 1, 'ticket_id': 63, 'cid': 'sha256:6a7c4bf6ece9a9e04f583573f48a7f2f6ddbabb86f720567856a1d1ff8bb67fd'}",mock
0x100e4cf85e7b52e036e6bafcdd304262bdef658822f55d23f8f35cc249c3bf27,86000,1,TicketReserved,"{'model_id': 'model_mnist_784_noniid', 'round': 1, 'ticket_id': 64, 'owner': 'acct_14'}",mock
0xc2f586776298206ca78d51eadce64a9913ec52262656b563b1784e3f30e75398,93000,1,UpdatePublished,"{'model_id': 'model_mnist_784_noniid', 'round': 1, 'ticket_id': 64, 'cid': 'sha256:7cc0bed658eb095ff2898764a3fd5388b6c367b7c57cd033e7c3be9eae0afea3'}",mock
0xef14ebe3384ec4ec693f8142c47dbb3cc8d8cbcca880cc39015ea18b0e410fae,86000,1,TicketReserved,"{'model_id': 'model_mnist_784_noniid', 'round': 1, 'ticket_id': 65, 'owner': 'acct_15'}",mock
0x97ebe6d4ea126ff534314e012078f5cfbc17d4ffcc653a1cf6f79737ada8d487,93000,1,UpdatePublished,"{'model_id': 'model_mnist_784_noniid', 'round': 1, 'ticket_id': 65, 'cid': 'sha256:f0fa698f728b25e034c547afc8f6e8f5d3d880baf347b963f4e2e37369467d30'}",mock
0xff0751f9c38f6e3a40ddb97c1e5e2d6bc7d037d62f3f2b9e60cad055535d5084,86000,1,TicketReserved,"{'model_id': 'model_mnist_784_noniid', 'round': 1, 'ticket_id': 66, 'owner': 'acct_16'}",mock
0xdef1b0068bcf98c392fb6f1ccfea60baa48ba3389e101aa7784f23dd999fb92a,93000,1,UpdatePublished,"{'model_id': 'model_mnist_784_noniid', 'round': 1, 'ticket_id': 66, 'cid': 'sha256:df3d6d89a414eabaf7c13d0b76f71178ba7956602ece6c15fd21c6024734444c'}",mock
0x725f50c4d57033ba9bd942591478bd7798dd8737341fb4c30a26858abc8a1180,86000,1,TicketReserved,"{'model_id': 'model_mnist_784_noniid', 'round': 1, 'ticket_id': 67, 'owner': 'acct_17'}",mock
0x1a39fee6b31b1bec472815ac33237c608c5f85cdc7862ec6a495e57b64b96122,93000,1,UpdatePublished,"{'model_id': 'model_mnist_784_noniid', 'round': 1, 'ticket_id': 67, 'cid': 'sha256:6399146c7f8e82ee0b076ac3badabe2141380cfcbb51b10d787b6d3535a74b6f'}",mock
0xaf4794b233b398cd4c8cab5fd9ff8e19e39caa6d04e84ae565c823e292345f70,86000,1,TicketReserved,"{'model_id': 'model_mnist_784_noniid', 'round': 1, 'ticket_id': 68, 'owner': 'acct_18'}",mock
0xced8fda0d3f327f56697821092f99bdd934bee63f955c70ad6db7cab73dc4571,93000,1,UpdatePublished,"{'model_id': 'model_mnist_784_noniid', 'round': 1, 'ticket_id': 68, 'cid': 'sha256:0f33af479863cdfc5b23f17bf2b9f4afee358301aee50c881bbff0861ad06691'}",mock
0x1cf4865b3cd8bcfc86ae26314a00e477c92638a13822a799d0f471ea51b1117d,86000,1,TicketReserved,"{'model_id': 'model_mnist_784_noniid', 'round': 1, 'ticket_id': 69, 'owner': 'acct_19'}",mock
0xbbdb0439f2df2a350867cbbd3b0e903530f08c33bf00130c84cc9e374660b39b,93000,1,UpdatePublished,"{'model_id': 'model_mnist_784_noniid', 'round': 1, 'ticket_id': 69, 'cid': 'sha256:48a6bbdc1af42f95d214c0304cf433c2662fce11b2e5c62d23a3f0011149b349'}",mock
0x98400e108caf904d012c66340532dbf5adde4fa7c9ee2ba8fd2c4b7baaa4cc86,86000,1,TicketReserved,"{'model_id': 'model_mnist_784_noniid', 'round': 1, 'ticket_id': 70, 'owner': 'acct_20'}",mock
0xdea017c76bd1018efd2fdba587380be10a396fd0223b8488d7ad00cedecbe0ea,93000,1,UpdatePublished,"{'model_id': 'model_mnist_784_noniid', 'round': 1, 'ticket_id': 70, 'cid': 'sha256:25da4bff20d9fd24e244c45e2d86940b2257780557e6cd5bd879a2ddc9f657dd'}",mock
0x250e725725530c5ae7f85ef890f4bdbc11790da255a8d43598a6317f5fb65fb5,86000,1,TicketReserved,"{'model_id': 'model_mnist_784_noniid', 'round': 1, 'ticket_id': 71, 'owner': 'acct_21'}",mock
0xef062545b6307b8891dfbb1fc1940c403d90f8020686cb076b392cdcb2123d64,93000,1,UpdatePublished,"{'model_id': 'model_mnist_784_noniid', 'round': 1, 'ticket_id': 71, 'cid': 'sha256:322fae0ee629b897f28aaedba871f16c98659bad917d38ab181c5e88109ee395'}",mock
0x95a8bbbf4b3a230c53a0acd23dbbcf8d910bdc32e97015d88815b03b97fbca8a,86000,1,TicketReserved,"{'model_id': 'model_mnist_784_noniid', 'round': 1, 'ticket_id': 72, 'owner': 'acct_22'}",mock
0x82ff96e75b96bec9f8be431c12c76011136f891e98d7fb5f2a40c9ceca23dcb2,93000,1,UpdatePublished,"{'model_id': 'model_mnist_784_noniid', 'round': 1, 'ticket_id': 72, 'cid': 'sha256:f72c48dd7b925902d877a6d979bcbda637922a8257ce2c5e351cef34c80865e2'}",mock
0x692be76086283cf4eb9ade8b3dbc8959ddb121d24d4fcedb3bf6167fdb483f00,86000,1,TicketReserved,"{'model_id': 'model_mnist_784_noniid', 'round': 1, 'ticket_id': 73, 'owner': 'acct_23'}",mock
0xea87af9e0551c6012e4aee4e6e61dc1619359ff559fbc8680a48e97ed6cfa4c8,93000,1,UpdatePublished,"{'model_id': 'model_mnist_784_noniid', 'round': 1, 'ticket_id': 73, 'cid': 'sha256:28310bef3572d357e3448a119afafa8605cb57cc95c6493213b9db134a397c62'}",mock
0x244c9eb6cbdb6a9862195e6e9da67eb33bc660124753a9b9074f35bd7a144a77,86000,1,TicketReserved,"{'model_id': 'model_mnist_784_noniid', 'round': 1, 'ticket_id': 74, 'owner': 'acct_24'}",mock
0x40a2f86c78b650feeb33429ad75b860024fe62f5875743ccc394cdf19dc7e483,93000,1,UpdatePublished,"{'model_id': 'model_mnist_784_noniid', 'round': 1, 'ticket_id': 74, 'cid': 'sha256:bb93b1a1668231c8ddf887724d465618affb880de3461c202a359330dd06e0c8'}",mock
0x651702d8ed769d989acf6498ff1cec66dcaefa6348310bc8f7bbdbf4238b898d,86000,1,TicketReserved,"{'model_id': 'model_mnist_784_noniid', 'round': 1, 'ticket_id': 75, 'owner': 'acct_25'}",mock
0x04bd4e5b988afbd4a5184d9b9dcf948262dcd98ce07196f07517e7df2e887f4b,93000,1,UpdatePublished,"{'model_id': 'model_mnist_784_noniid', 'round': 1, 'ticket_id': 75, 'cid': 'sha256:499f066ae872f8dcda1cc8142744ec2d7b416960d44d66a9cd985f2f97a7eaae'}",mock
0x734c14811e1f8302fa6dc4bb8e211f2a14f8ea5237df7bf5a5a0da8fae17e86c,86000,1,TicketReserved,"{'model_id': 'model_mnist_784_noniid', 'round': 1, 'ticket_id': 76, 'owner': 'acct_26'}",mock
0x4322b8885bed8b17b59c0aaee548ccd560618d3a7125a4de29f7c47df25673ed,93000,1,UpdatePublished,"{'model_id': 'model_mnist_784_noniid', 'round': 1, 'ticket_id': 76, 'cid': 'sha256:b6302998435e65f0c70c0f702136a379b3060f21e84313da28125eac0b738537'}",mock
0x6e7f0bf90e68ca166d43df04f15e6661f9e53e38ed377dffdfb70b0f688024bc,86000,1,TicketReserved,"{'model_id': 'model_mnist_784_noniid', 'round': 1, 'ticket_id': 77, 'owner': 'acct_27'}",mock
0x731c75f2bd8d0fd010e822a0bbde71a1cc7f8b3581a120cf428aac7962662170,93000,1,UpdatePublished,"{'model_id': 'model_mnist_784_noniid', 'round': 1, 'ticket_id': 77, 'cid': 'sha256:f93cbc68cf68c646f26d4805fb5d9d41465d56571072eee21eb040517c027d2b'}",mock
0xc83d22fc3e73958b07c7c534e7854ee4817a2672f2c8324652ece248ef2d6d53,86000,1,TicketReserved,"{'model_id': 'model_mnist_784_noniid', 'round': 1, 'ticket_id': 78, 'owner': 'acct_28'}",mock
0xdddf54be7c738bb200bc0e386ebdcca42ac54bebbd3e1969ec478d33c6682365,93000,1,UpdatePublished,"{'model_id': 'model_mnist_784_noniid', 'round': 1, 'ticket_id': 78, 'cid': 'sha256:c642662e20b6a969c7f78f2604e02f5ae7d5c2de5a4dcb75fa4c3e3ffbda677c'}",mock
0xac8eff649b3f61492967b87591ed26616b7caafdbec8b26f3c01c2ab0f4f25f7,86000,1,TicketReserved,"{'model_id': 'model_mnist_784_noniid', 'round': 1, 'ticket_id': 79, 'owner': 'acct_29'}",mock
0xd35398c6576df80a6d440aaf185844cacd94843e720a44b643d2c62e3b09ce91,93000,1,UpdatePublished,"{'model_id': 'model_mnist_784_noniid', 'round': 1, 'ticket_id': 79, 'cid': 'sha256:a345d19730137c7e11673eb4131b06a20656b3f5f72ca388c8088e2b4ded2fdd'}",mock
0x7c98478858802fd35da0a6ed592e6e12297a92635233c55e6707bf5c33063b7e,86000,1,TicketReserved,"{'model_id': 'model_mnist_784_noniid', 'round': 1, 'ticket_id': 80, 'owner': 'acct_30'}",mock
0x5d77b77eeb840a6807ec0075cc8e4a55c08b604ca6597d486a668d20b126a726,93000,1,UpdatePublished,"{'model_id': 'model_mnist_784_noniid', 'round': 1, 'ticket_id': 80, 'cid': 'sha256:42ca83e27e36a2fd0ad6d958036675406009a3c5164b8efc433dd88fcc50fa23'}",mock
0x361b033c744454e8f662c1022e6fb78862f7b703fcbe49776954f571a7228e63,86000,1,TicketReserved,"{'model_id': 'model_mnist_784_noniid', 'round': 1, 'ticket_id': 81, 'owner': 'acct_31'}",mock
0xc418bd61c6e695e621f43165fbdbdc4fff1eebef8056a83d14698fe72199105a,93000,1,UpdatePublished,"{'model_id': 'model_mnist_784_noniid', 'round': 1, 'ticket_id': 81, 'cid': 'sha256:85f647d8897ea75bec266542aac84b2fad7dbb9a3f3ae82983fa6613852a4248'}",mock
0x2a34492a2df7691533370f5f794e4dbd0d81506930d466ca6278c67698704ba2,86000,1,TicketReserved,"{'model_id': 'model_mnist_784_noniid', 'round': 1, 'ticket_id': 82, 'owner': 'acct_32'}",mock
0xa15a109193e7e025f7fa2b9312b96cb0dc91dc95ee0f28afdf953343b428975f,93000,1,UpdatePublished,"{'model_id': 'model_mnist_784_noniid', 'round': 1, 'ticket_id': 82, 'cid': 'sha256:c01e8f9e9040da2a93c088c133d9e177e0f7c644fd087a303f31fed2336974e6'}",mock
0xf8abb91328cfb43f380483969b6624bf4c1ca9bbce54a507ddb3977dd9c260f4,86000,1,TicketReserved,"{'model_id': 'model_mnist_784_noniid', 'round': 1, 'ticket_id': 83, 'owner': 'acct_33'}",mock
0xb15d1486c7d7323ca7e70a6b6e3e201a38f483e2ef52e803fc31485f95758949,93000,1,UpdatePublished,"{'model_id': 'model_mnist_784_noniid', 'round': 1, 'ticket_id': 83, 'cid': 'sha256:b8a6ca6616a2f0080c34e3384ebc9fec05c2060cb3f2ff064269eb6851bfd5d9'}",mock
0x77854a1028e1c007842c6320f796fe447d5bec511660f48e48658c2d2a9734ba,86000,1,TicketReserved,"{'model_id': 'model_mnist_784_noniid', 'round': 1, 'ticket_id': 84, 'owner': 'acct_34'}",mock
0x40bd4b7ebb95d80d908389fb8d9ff819d18908946d0bc97aa79583d84e8c01ac,93000,1,UpdatePublished,"{'model_id': 'model_mnist_784_noniid', 'round': 1, 'ticket_id': 84, 'cid': 'sha256:d260c330ff43adb3ad8c42db2f577f9ccb6b7ac7dbdfd16ded3547329ccab109'}",mock
0x229d300ddc2aef5f61ef70ee50f8747d5ac15769766b336b1d6de4e268f8f41d,86000,1,TicketReserved,"{'model_id': 'model_mnist_784_noniid', 'round': 1, 'ticket_id': 85, 'owner': 'acct_35'}",mock
0x3b7327d2da4a29813f4e9a4702127cd5c67296ff0d89da23bf1e70bccc51baf8,93000,1,UpdatePublished,"{'model_id': 'model_mnist_784_noniid', 'round': 1, 'ticket_id': 85, 'cid': 'sha256:ee57bcea50b7d9ad07e8279c2a924faf695121e84614f0019d3689ea7e01fcb6'}",mock
0xe0dc2e6fe3581081bffed1da0eacc65f405cfc8964d24b933b159eb3208c88dd,86000,1,TicketReserved,"{'model_id': 'model_mnist_784_noniid', 'round': 1, 'ticket_id': 86, 'owner': 'acct_36'}",mock
0x4075857e062f976ec869f15aa80935b0887ab1e12d0a77af02e38769843e81d6,93000,1,UpdatePublished,"{'model_id': 'model_mnist_784_noniid', 'round': 1, 'ticket_id': 86, 'cid': 'sha256:ff2a773f31288c15bc784e5fb2cff0d5915f23406bd19fec7ec7a6d28061c5e8'}",mock
0x2bcfd7566d1cddaf2f3bbe2ebba4f8f17c4df33fec0c25ad16a2224ea4b857ed,86000,1,TicketReserved,"{'model_id': 'model_mnist_784_noniid', 'round': 1, 'ticket_id': 87, 'owner': 'acct_37'}",mock
0xae8c5d372da8b08079838463b44409ec68dcb75f479a66316f5096f2c6172713,93000,1,UpdatePublished,"{'model_id': 'model_mnist_784_noniid', 'round': 1, 'ticket_id': 87, 'cid': 'sha256:60140a25ad2b88c92f13163f43330068298de38d422f53bc7ecb67dea139110c'}",mock
0xf5f53a85bfe6b7e427610b460233e7be60498a2a54ba2010ad231de31bf144ca,86000,1,TicketReserved,"{'model_id': 'model_mnist_784_noniid', 'round': 1, 'ticket_id': 88, 'owner': 'acct_38'}",mock
0x9ce7eae0b1d5e12f1d88d89b93cfe633b89c4f70530f75b4efb7674fab59cef9,93000,1,UpdatePublished,"{'model_id': 'model_mnist_784_noniid', 'round': 1, 'ticket_id': 88, 'cid': 'sha256:e5fa42be3bb7d26f7a6bbf8917a6d4c154566b010d2550a8e587753983d3b32c'}",mock
0x2c78d44b585c2d8cb7e2cd160b21bf585685ffcd8e166333d39be1a3f59eef3a,86000,1,TicketReserved,"{'model_id': 'model_mnist_784_noniid', 'round': 1, 'ticket_id': 89, 'owner': 'acct_39'}",mock
0x20280cf99f9c6ccadfd9c817407c4283d3ce7aec3bb73d951fa75efa4fd036ff,93000,1,UpdatePublished,"{'model_id': 'model_mnist_784_noniid', 'round': 1, 'ticket_id': 89, 'cid': 'sha256:75870ea354edc48660bbc6094a035735a1d00420dee90f1f1be0158d132b3b29'}",mock
0x422b8000d2f0dbb4c833db06230723650777d83b890ed6182d08aa3c6b4ffa92,86000,1,TicketReserved,"{'model_id': 'model_mnist_784_noniid', 'round': 1, 'ticket_id': 90, 'owner': 'acct_40'}",mock
0x0dbbce0d0e94f6b564db2ea09b4c4efe6f4e3651ee2ef2673eafc83604982cf3,93000,1,UpdatePublished,"{'model_id': 'model_mnist_784_noniid', 'round': 1, 'ticket_id': 90, 'cid': 'sha256:427eceda15853fdefc8a7af81b08cea41c152700d3c48e36a843eb580b6b78f5'}",mock
0x30bc77af512a193ea7d2f6dcf1ebc27689cbb3e57393290d1ad0a785068a2b15,86000,1,TicketReserved,"{'model_id': 'model_mnist_784_noniid', 'round': 1, 'ticket_id': 91, 'owner': 'acct_41'}",mock
0x49bc277a2ccf5cfe15e8faab838741f9f98490038d1ed19db00aa85e29f7fd49,93000,1,UpdatePublished,"{'model_id': 'model_mnist_784_noniid', 'round': 1, 'ticket_id': 91, 'cid': 'sha256:9a47c664bc05411502169f7f31414305b5f01cd55194b0f7cfe73e22e5dfa31a'}",mock
0xe76026244b7e0994bb9ba9f51e6669fd6caa4e334434df940b0bcbd70c85c201,86000,1,TicketReserved,"{'model_id': 'model_mnist_784_noniid', 'round': 1, 'ticket_id': 92, 'owner': 'acct_42'}",mock
0xc628d9cc8aa1970a6010c1580c024f1a9dad290018e8262f1849d090288b3dca,93000,1,UpdatePublished,"{'model_id': 'model_mnist_784_noniid', 'round': 1, 'ticket_id': 92, 'cid': 'sha256:a64ec772bfacd5e97ce5c84ed53b17d5f93926bce29fcf6b743ff7e23a15fa2f'}",mock
0xc92134fe66e2bbc6669b020811759e49082e8e67acdf7bcf64c327cefbe4ed81,86000,1,TicketReserved,"{'model_id': 'model_mnist_784_noniid', 'round': 1, 'ticket_id': 93, 'owner': 'acct_43'}",mock
0x6921c946b7a2c94ea5e81687d1c6402c21c6ab86c4dcb34515db5909f26bd780,93000,1,UpdatePublished,"{'model_id': 'model_mnist_784_noniid', 'round': 1, 'ticket_id': 93, 'cid': 'sha256:8deb9d214bf97231db8142f78045fb8483087d7e4f18910dad29afd88a04ec72'}",mock
0xb9a304f063ae89dce7dd4fd67082c16e466b6209ddf99fc8f57db0047138a508,86000,1,TicketReserved,"{'model_id': 'model_mnist_784_noniid', 'round': 1, 'ticket_id': 94, 'owner': 'acct_44'}",mock
0x23df476fb2201a4afe48458ca40fcc8438f08f2eced57358596e1891fde5eba9,93000,1,UpdatePublished,"{'model_id': 'model_mnist_784_noniid', 'round': 1, 'ticket_id': 94, 'cid': 'sha256:8e275ceb614450cc5aca3036138281a3847a0acb2cc83aa0a6bbbca2992ec783'}",mock
0xf0294249f3cefa8e0581fb837eecd3b77827a632ba5e5349b0c653c46ab43965,86000,1,TicketReserved,"{'model_id': 'model_mnist_784_noniid', 'round': 1, 'ticket_id': 95, 'owner': 'acct_45'}",mock
0xc82a9003696d610cab16fcefa82c4e9a0d8d2f5a421d7483d7acaf20e25625f8,93000,1,UpdatePublished,"{'model_id': 'model_mnist_784_noniid', 'round': 1, 'ticket_id': 95, 'cid': 'sha256:9662df809427b757896a590ea4acd6e2167661f1dc796651e4e5ca392a453d8e'}",mock
0x436889d1477cbcfa367689431be117bf2b2b8365cec8d12cb623f1263aa8921b,86000,1,TicketReserved,"{'model_id': 'model_mnist_784_noniid', 'round': 1, 'ticket_id': 96, 'owner': 'acct_46'}",mock
0x9b489ba28a92df322a3bb10154ca38ae7430b99c25efc76cd96a76be0b767337,93000,1,UpdatePublished,"{'model_id': 'model_mnist_784_noniid', 'round': 1, 'ticket_id': 96, 'cid': 'sha256:2b79c8e99de02700875d4ffaf8db329306852dba2c94b8325c25be181d709c88'}",mock
0x7685068a5a3bdb901beef14a2a37fc0509def5396ff332e3fa124a65f4689b84,86000,1,TicketReserved,"{'model_id': 'model_mnist_784_noniid', 'round': 1, 'ticket_id': 97, 'owner': 'acct_47'}",mock
0x483d8d83be5f6ebac514cfc5e299c1b50153989fea3f020f6e12cf6876d00f5b,93000,1,UpdatePublished,"{'model_id': 'model_mnist_784_noniid', 'round': 1, 'ticket_id': 97, 'cid': 'sha256:4c2d772185e6320df616f48ea389c33126c5fd4685d17818ba0f74f32daacd8d'}",mock
0xf9668b61fb0c4eeb4ed4bb74c08895ada523a15ef37d84aa4d8f97f0d2766db9,86000,1,TicketReserved,"{'model_id': 'model_mnist_784_noniid', 'round': 1, 'ticket_id': 98, 'owner': 'acct_48'}",mock
0xc7933820ff9989be75a9b62b35d61f62ab8a251b1f7d891f1538789865d2c822,93000,1,UpdatePublished,"{'model_id': 'model_mnist_784_noniid', 'round': 1, 'ticket_id': 98, 'cid': 'sha256:4953c7e3c3d29c82cbaabd2cfadeaed3abd3d1e3060f15209fc44c9b0c9aa183'}",mock
0xd39d755a5f639dcd55143bf8fad453a76936c9fc3e5642c1c845961d71a84a38,86000,1,TicketReserved,"{'model_id': 'model_mnist_784_noniid', 'round': 1, 'ticket_id': 99, 'owner': 'acct_49'}",mock
0x1186069d8377a813e84178c542b6c6feddbd64d271b1aca2ee0ff4b9f8db7056,93000,1,UpdatePublished,"{'model_id': 'model_mnist_784_noniid', 'round': 1, 'ticket_id': 99, 'cid': 'sha256:0dc42370482e911f06c975bc649892446551548422c63b01690a90121b39bc79'}",mock
0x8336c84979745cf9a3a50f9f3f744fd03cb62690f26ece25a095b232058d842a,86000,1,TicketReserved,"{'model_id': 'model_mnist_784_noniid', 'round': 1, 'ticket_id': 100, 'owner': 'acct_50'}",mock
0x30fb8e0ff78aa6d6e65012bb15091f72f780bad28f5f2ec2033175704ef1cd9b,93000,1,UpdatePublished,"{'model_id': 'model_mnist_784_noniid', 'round': 1, 'ticket_id': 100, 'cid': 'sha256:7bb7e15e61652bfd9a76b9fc0024f028e1ed0a3a1b90003dca37112cc77dcde0'}",mock
0xdcd23b855277c102b306950dea8d832241b4692aaa1210efadf58df4eedb91aa,705000,1,RoundFinalized,"{'model_id': 'model_mnist_784_noniid', 'round': 1, 'included': 29, 'refunds': 29}",mock
0xccec27948ecf60112e48c2580899cfc401411e2e782104b0531babc277aef74e,52000,1,RoundFunded,"{'model_id': 'model_mnist_784_noniid', 'amount_wei': 10000000000000000}",mock
0x78a6943ed2a973cf52c3bc7bdd398057d51b471e0cd521c1668400bc83d39867,86000,1,TicketReserved,"{'model_id': 'model_mnist_784_noniid', 'round': 2, 'ticket_id': 101, 'owner': 'acct_1'}",mock
0xc4bba77079adb24bd15983db55f2a229f3b909647165624126e942cf473b0ace,93000,1,UpdatePublished,"{'model_id': 'model_mnist_784_noniid', 'round': 2, 'ticket_id': 101, 'cid': 'sha256:4b9113a6ea3c22676ee4d1496c6474fb82cd3f6e568516e38fa9c525915fcf03'}",mock
0x2141564aa12bf6207614efca5b526938fed4353ee700c1b9dd0d4389595f08a5,86000,1,TicketReserved,"{'model_id': 'model_mnist_784_noniid', 'round': 2, 'ticket_id': 102, 'owner': 'acct_2'}",mock
0xa84dac0684b88b6d2f33ecc4e90cadcc1fc915e7a4e59042e114fddb6644ec6f,93000,1,UpdatePublished,"{'model_id': 'model_mnist_784_noniid', 'round': 2, 'ticket_id': 102, 'cid': 'sha256:14aacd58b04423b5ac0c7d2da7616721a262168fd6b445e0033348b244699a17'}",mock
0x84edbb1a55b34c4372a3f680a13a73fa12cd4db86b430d97fffb9e72ff554b76,86000,1,TicketReserved,"{'model_id': 'model_mnist_784_noniid', 'round': 2, 'ticket_id': 103, 'owner': 'acct_3'}",mock
0x26a89fcdb604f3bf642d008597fe632e361e937566312db6b8622615add3b555,93000,1,UpdatePublished,"{'model_id': 'model_mnist_784_noniid', 'round': 2, 'ticket_id': 103, 'cid': 'sha256:8b7f24619dedfed3f92e4b63c6f0d8537450c913a805b26c1f1ddc7d942e0dc4'}",mock
0xd6c30133bfe8a680c89793e14e20610f75646de0e040049410e3506c6138875e,86000,1,TicketReserved,"{'model_id': 'model_mnist_784_noniid', 'round': 2, 'ticket_id': 104, 'owner': 'acct_4'}",mock
0x1a162e22f355cf618ffa9d34313d92030b2e19d2caf572a7ccca55e0eab7a9f7,93000,1,UpdatePublished,"{'model_id': 'model_mnist_784_noniid', 'round': 2, 'ticket_id': 104, 'cid': 'sha256:26b84f83464252b9da43cbe6a6510e37269e3da978d02ea01fdcf356dc0b02b5'}",mock
0x46b8065d063777460904bc77e20aaa64914b799cc69bf0282f004ffe86ebe69e,86000,1,TicketReserved,"{'model_id': 'model_mnist_784_noniid', 'round': 2, 'ticket_id': 105, 'owner': 'acct_5'}",mock
0xf0b90729b439d5b37a85d3380e1f40aa296944efa91b3d41a5f61714ee047afa,93000,1,UpdatePublished,"{'model_id': 'model_mnist_784_noniid', 'round': 2, 'ticket_id': 105, 'cid': 'sha256:34cf0fa88f7c3d6f2a12c1de22958954e3cf7a5b849b29f2851f21f51730dd56'}",mock
0x99d38fc48fea64180e27c2cbdf834fec287260b132c6c601490c7af12e7f2af0,86000,1,TicketReserved,"{'model_id': 'model_mnist_784_noniid', 'round': 2, 'ticket_id': 106, 'owner': 'acct_6'}",mock
0xaeb7780b897d099e9f1cedc6fbddbb6569c7a671e1843708879422eb9257742e,93000,1,UpdatePublished,"{'model_id': 'model_mnist_784_noniid', 'round': 2, 'ticket_id': 106, 'cid': 'sha256:e61ba7b8e202d0b39d5c06e7ffbf049daa13aef0d16ff1829d48e7121df951d2'}",mock
0xafaef37dd987a44bf949a968b7ece858a513d4fb511c7f246d4b5cd4c66a74cb,86000,1,TicketReserved,"{'model_id': 'model_mnist_784_noniid', 'round': 2, 'ticket_id': 107, 'owner': 'acct_7'}",mock
0xd3872c74e8de8d05fbd56109ea5f2637882789d87f882bb6fe8b3989146af32c,93000,1,UpdatePublished,"{'model_id': 'model_mnist_784_noniid', 'round': 2, 'ticket_id': 107, 'cid': 'sha256:1f671c83032c48cbaf0e906cc6027e92ecb0d7ea6d19fa12be08fcc65d3e4187'}",mock
0x965e8ef5766faf405c8b854d46ca5a125203249ac6fa958b962799051e459e74,86000,1,TicketReserved,"{'model_id': 'model_mnist_784_noniid', 'round': 2, 'ticket_id': 108, 'owner': 'acct_8'}",mock
0x2c835217315c8abd89e30cbf7a1f35584db3b305444acba1dc2ab61440883fe3,93000,1,UpdatePublished,"{'model_id': 'model_mnist_784_noniid', 'round': 2, 'ticket_id': 108, 'cid': 'sha256:06b0d6ea23b2635c181e0ef50196f5ffd73e5f7b5ae83cef7e2f6644150b7949'}",mock
0x32d5cfe47776b2985b4620e70cb00107ba1078a3b45b807129189403030a93f3,86000,1,TicketReserved,"{'model_id': 'model_mnist_784_noniid', 'round': 2, 'ticket_id': 109, 'owner': 'acct_9'}",mock
0x9a06a96776b27d127dfc5a3084f6daea9629c044e067ce32d88e50ea25beb704,93000,1,UpdatePublished,"{'model_id': 'model_mnist_784_noniid', 'round': 2, 'ticket_id': 109, 'cid': 'sha256:ca9ef3b1f4fa1a2637fb579435fb6b794335b8dad2672b9b5d6590206f0e5a94'}",mock
0xcaca70f4d044976f4209c07b7adf5f9887f1d6dbbd46fe5b2f4b2fdc094f6196,86000,1,TicketReserved,"{'model_id': 'model_mnist_784_noniid', 'round': 2, 'ticket_id': 110, 'owner': 'acct_10'}",mock
0x9a77929fde2342f4affb36e8c9da577c270305f462a0074b765f13b1906bcf60,93000,1,UpdatePublished,"{'model_id': 'model_mnist_784_noniid', 'round': 2, 'ticket_id': 110, 'cid': 'sha256:eb949be75ff11835e337bfed0fe67bea6b55b3aca6d1725f495a5ef198315ad6'}",mock
0x0bca25c553b00f210b158c652ff733d453174bcc7e253066b0bef4068e0f3c34,86000,1,TicketReserved,"{'model_id': 'model_mnist_784_noniid', 'round': 2, 'ticket_id': 111, 'owner': 'acct_11'}",mock
0x5f977628147649d69b11e1c0b6be8a7e8cf36015ab2871ad4e82b9615d479290,93000,1,UpdatePublished,"{'model_id': 'model_mnist_784_noniid', 'round': 2, 'ticket_id': 111, 'cid': 'sha256:445678a562c462d09066cdc09da3150a779029bc47b42cbf851cd632aba73fa4'}",mock
0xa968c802fca3ee3ee5a18fb89ae882b2def2b39ab667e34da027def4575e3964,86000,1,TicketReserved,"{'model_id': 'model_mnist_784_noniid', 'round': 2, 'ticket_id': 112, 'owner': 'acct_12'}",mock
0xd0d73b53b2a6706b088958ebcef0be9c6a7bf86010add2dfe7df8d042d9c0381,93000,1,UpdatePublished,"{'model_id': 'model_mnist_784_noniid', 'round': 2, 'ticket_id': 112, 'cid': 'sha256:34aaa8666ecd1794c65fae05bb1937557b24168dae96a247c2b20b85c8256c14'}",mock
0xc768d3086a7b3ca0c81fa4a0b0055e9b11c838c6c1fd530d1665e516ae601c84,86000,1,TicketReserved,"{'model_id': 'model_mnist_784_noniid', 'round': 2, 'ticket_id': 113, 'owner': 'acct_13'}",mock
0x99acb44c6a8f792afdfc411f6e9cf8938c5f16e63d46f9f34832acbaf8381f86,93000,1,UpdatePublished,"{'model_id': 'model_mnist_784_noniid', 'round': 2, 'ticket_id': 113, 'cid': 'sha256:d4c01ec9eb043b56a92d3f7b64202dd34d2a880f8357bf5e567e14d8f6f04f84'}",mock
0x5237c45f144b4d1cbacb8e17c62635868ee76b54e2117573ac25406129166da1,86000,1,TicketReserved,"{'model_id': 'model_mnist_784_noniid', 'round': 2, 'ticket_id': 114, 'owner': 'acct_14'}",mock
0x6992ee040960f5555edb557277cbaee8b9871c63be3c4f62ad58953c0f3496d8,93000,1,UpdatePublished,"{'model_id': 'model_mnist_784_noniid', 'round': 2, 'ticket_id': 114, 'cid': 'sha256:d34e60ef761d3348c594614fb0818374f133a3f7498804140dd2a22d846f5aee'}",mock
0xf90faa52eda7191bf37163e9660795e7e3cb3f05ee9afe37ae67c58e99e0c60a,86000,1,TicketReserved,"{'model_id': 'model_mnist_784_noniid', 'round': 2, 'ticket_id': 115, 'owner': 'acct_15'}",mock
0xe515176c566bd6150a1c47c49a294bf5305842e356b6c8db40f877faec6e3ddc,93000,1,UpdatePublished,"{'model_id': 'model_mnist_784_noniid', 'round': 2, 'ticket_id': 115, 'cid': 'sha256:e8550f7fe02f74160998f2c3f0b3d15c6d18b348b78c0c36f411efd9356a673a'}",mock
0x2f42cc58ead8fc7252707ee2f4a92c6525aacc8acb9ef6abb7563b637bbafcad,86000,1,TicketReserved,"{'model_id': 'model_mnist_784_noniid', 'round': 2, 'ticket_id': 116, 'owner': 'acct_16'}",mock
0xe39007106f070a0ef3931fc51c2f5d172f59cd1bf61493758099b71644d23b42,93000,1,UpdatePublished,"{'model_id': 'model_mnist_784_noniid', 'round': 2, 'ticket_id': 116, 'cid': 'sha256:c6c578975f49555d7796e248eff8e98b4bd6b0aa45eecac3f39785f630c48eac'}",mock
0xa016c7f8ab9fc4c6b995f5f91e126ca236cb33e82ba68b5207dc36efeaeecef8,86000,1,TicketReserved,"{'model_id': 'model_mnist_784_noniid', 'round': 2, 'ticket_id': 117, 'owner': 'acct_17'}",mock
0xc0b0bc4b0fbb0586a5e026f2bcdfe0a9d32f5ae030d95ed980b4b67ec123123d,93000,1,UpdatePublished,"{'model_id': 'model_mnist_784_noniid', 'round': 2, 'ticket_id': 117, 'cid': 'sha256:3ab738330dd4d729742afa09aea4999c70ac751c0286256dfd2747f0a3d99373'}",mock
0xb616432d95f415b1b412a88e14de553b5ebb694ee94d6963d17884faaf4a8c7c,86000,1,TicketReserved,"{'model_id': 'model_mnist_784_noniid', 'round': 2, 'ticket_id': 118, 'owner': 'acct_18'}",mock
0x80aa9f88d81954f123bce764ac3ee1a0f2325ab643d676d497885825b5dfa529,93000,1,UpdatePublished,"{'model_id': 'model_mnist_784_noniid', 'round': 2, 'ticket_id': 118, 'cid': 'sha256:5bdcf3aa8ae82565caca5dfc866003ced1b3e65c9ca5dced957b9a1dd7a3319c'}",mock
0xe219ce7eb7ad068722222e2f7cd3e953ad5b95b04ae3d9f251ed65a28bdcde78,86000,1,TicketReserved,"{'model_id': 'model_mnist_784_noniid', 'round': 2, 'ticket_id': 119, 'owner': 'acct_19'}",mock
0x3b9dbaa4ec5216301e5bb23848c25d648863966c3141d90038f0579b41b4c7f9,93000,1,UpdatePublished,"{'model_id': 'model_mnist_784_noniid', 'round': 2, 'ticket_id': 119, 'cid': 'sha256:1d15f95375727aba6a83b76cb738ebdd700db8823e074a8160e19f4d999fc984'}",mock
0x3850b34fde5db10d0c641e4cfc408db3e585ebf192c948841dd16e603420a52e,86000,1,TicketReserved,"{'model_id': 'model_mnist_784_noniid', 'round': 2, 'ticket_id': 120, 'owner': 'acct_20'}",mock
0xcd83fd23ab918ab6086562794c9484f93b8de7e0861bbaf5f62d12c1f70ef8b2,93000,1,UpdatePublished,"{'model_id': 'model_mnist_784_noniid', 'round': 2, 'ticket_id': 120, 'cid': 'sha256:9ba90095b631ade85df40b5c65db4a61beb07833bf39d5b0b961c5b21a018bfd'}",mock
0x9326c2c6df3b7056364d8fc99181239de76e337ec077cfcbc199d067b8850bb1,86000,1,TicketReserved,"{'model_id': 'model_mnist_784_noniid', 'round': 2, 'ticket_id': 121, 'owner': 'acct_21'}",mock
0x897498f655b6e7c664b640d2680cfc6a26c453a031dd5cdc9b4162dabf73b933,93000,1,UpdatePublished,"{'model_id': 'model_mnist_784_noniid', 'round': 2, 'ticket_id': 121, 'cid': 'sha256:29742d919cdf12fa55e4ae328f02da2606a70c4889f7a55008ea418d0113eb4a'}",mock
0x8588b3903ba1ce2b200d0fc5e6ab1d9b6ba24d6c19a199f9196cade0b4bef535,86000,1,TicketReserved,"{'model_id': 'model_mnist_784_noniid', 'round': 2, 'ticket_id': 122, 'owner': 'acct_22'}",mock
0xf41ebc3daf5dbc8da291120246641f1067dec628749573fb5118a8acead08593,93000,1,UpdatePublished,"{'model_id': 'model_mnist_784_noniid', 'round': 2, 'ticket_id': 122, 'cid': 'sha256:944e8293a81596fc919016a30172a1193c08ffadcbcbc20a4c6695eff4c9d3d2'}",mock
0x8f2063364504350ebdc6d1e5aeb14b203b10e462b9939093e031d7ab04834e4f,86000,1,TicketReserved,"{'model_id': 'model_mnist_784_noniid', 'round': 2, 'ticket_id': 123, 'owner': 'acct_23'}",mock
0xf32deeaa571399631cd813a0f2f4553067db9fca1529c3d96369bf66205870c9,93000,1,UpdatePublished,"{'model_id': 'model_mnist_784_noniid', 'round': 2, 'ticket_id': 123, 'cid': 'sha256:49108f829418be0a402242ab69b9a3b29dc012a633a26f67ff1f2e69d2bf7af9'}",mock
0xbeb6729baa1bbdb848d0e0da61f6ab951a240308ba05425f0d8cf542b0f31dda,86000,1,TicketReserved,"{'model_id': 'model_mnist_784_noniid', 'round': 2, 'ticket_id': 124, 'owner': 'acct_24'}",mock
0x071f1de846ef41ec13abfea55aab4f340710c96858406fcea646f94cb44a4e01,93000,1,UpdatePublished,"{'model_id': 'model_mnist_784_noniid', 'round': 2, 'ticket_id': 124, 'cid': 'sha256:2c0e3193b13835bbd1d34c8601bcc0aebb1ad3a1b18604a6942073e5dc45a155'}",mock
0xc3471d57a7445071f8e710a15d0c6c17aae3ede7a5d1e959f9f0d8c6c453f4d1,86000,1,TicketReserved,"{'model_id': 'model_mnist_784_noniid', 'round': 2, 'ticket_id': 125, 'owner': 'acct_25'}",mock
0x8e413ed6c5856c452199ebc2f12188cb2003267b5b8af739b28fd99dc68de78b,93000,1,UpdatePublished,"{'model_id': 'model_mnist_784_noniid', 'round': 2, 'ticket_id': 125, 'cid': 'sha256:7ee9dccb6b3fe8f8391fa29823c5dd50f963f9529da0063a406f8dff125c5ed2'}",mock
0xbdf144e8e41eb034955868f0cca3131d2f67c64dc05c75e16492ce19c2ff50cc,86000,1,TicketReserved,"{'model_id': 'model_mnist_784_noniid', 'round': 2, 'ticket_id': 126, 'owner': 'acct_26'}",mock
0x278bc7c5db9d4144842b83eddbf6dbb00381ac349e346883b76bf78c5343d500,93000,1,UpdatePublished,"{'model_id': 'model_mnist_784_noniid', 'round': 2, 'ticket_id': 126, 'cid': 'sha256:b378d93eeeeb67a47a9735db4342d7a1e35e5d3f0e7bdb5154f7159d489b5922'}",mock
0xf7b9d0da5231444052736eb0f51003ac5b47089c379536d7c400ad710f5230c4,86000,1,TicketReserved,"{'model_id': 'model_mnist_784_noniid', 'round': 2, 'ticket_id': 127, 'owner': 'acct_27'}",mock
0x2a5c15526988bac250d0b4dc0d1746ff98a4ae01b6a5ee52b0aa3b5fba9e7c5d,93000,1,UpdatePublished,"{'model_id': 'model_mnist_784_noniid', 'round': 2, 'ticket_id': 127, 'cid': 'sha256:6a6d86e5b751177146a416791495b6ba10fb3cc0c044e14bdc42b5e555c8693a'}",mock
0x072915ad79702a7608f8c490422b5e6676f5acd16b13910fe125396626fa2549,86000,1,TicketReserved,"{'model_id': 'model_mnist_784_noniid', 'round': 2, 'ticket_id': 128, 'owner': 'acct_28'}",mock
0x7b56f36333cf72434a7893d005ac3f5d157a71277994e14c69dd2196079ea8f0,93000,1,UpdatePublished,"{'model_id': 'model_mnist_784_noniid', 'round': 2, 'ticket_id': 128, 'cid': 'sha256:5224143be8f90c0744e802fda7df5fc6e595a198ec3573c463011f537ff6a0cd'}",mock
0x8f37c659c9e7f41c46769b142042b507d26ab0f8b7e193fc1f9b7a687e088dd5,86000,1,TicketReserved,"{'model_id': 'model_mnist_784_noniid', 'round': 2, 'ticket_id': 129, 'owner': 'acct_29'}",mock
0x524fffc49edda0f9f13d0625354cadddf8fdc6d27b90a7520b97a471e94c1be8,93000,1,UpdatePublished,"{'model_id': 'model_mnist_784_noniid', 'round': 2, 'ticket_id': 129, 'cid': 'sha256:9e0c556cf4274eb146aeb83c82c1df8da5183fa84c26e6bd7990883f7bcd9982'}",mock
0x9e97c23ca1e170c3a8c3ff86867ed7e2dafe742f7e9ef840b71284a46a29bfd7,86000,1,TicketReserved,"{'model_id': 'model_mnist_784_noniid', 'round': 2, 'ticket_id': 130, 'owner': 'acct_30'}",mock
0x0d5686fac634c6e2a11e898db5b15ca01d7eea93153f3d2c82f0b30f992afde3,93000,1,UpdatePublished,"{'model_id': 'model_mnist_784_noniid', 'round': 2, 'ticket_id': 130, 'cid': 'sha256:60d950192bda29d4fe010d2daa55ff05f0c04379adbe54f4e7244b1a87649dbf'}",mock
0xec8664c417b010c6038a71fe2639d51a627d95c4a5b92636435893b5aa11ebf4,86000,1,TicketReserved,"{'model_id': 'model_mnist_784_noniid', 'round': 2, 'ticket_id': 131, 'owner': 'acct_31'}",mock
0x6439a09e09a96e37a38a0c902c240611bb4eb8205735449cfb37c3ac783e9ce4,93000,1,UpdatePublished,"{'model_id': 'model_mnist_784_noniid', 'round': 2, 'ticket_id': 131, 'cid': 'sha256:485cf6588bbb84b0a636e90cf238891ec2f799c3e87e4d5bf5e03f11bd1d70a6'}",mock
0xf909951a2426b8c988cae3f52f2f905e3b64979af115f1c587a62de6889ef575,86000,1,TicketReserved,"{'model_id': 'model_mnist_784_noniid', 'round': 2, 'ticket_id': 132, 'owner': 'acct_32'}",mock
0x38afb1a6b2b5105ccab56fd9be68205f09ee7549de837ee57922e26972859e9b,93000,1,UpdatePublished,"{'model_id': 'model_mnist_784_noniid', 'round': 2, 'ticket_id': 132, 'cid': 'sha256:9186d35bf0ed00a415ce9786cdde8ba5eddc6d4c88b69b2265b73eebd35a9d30'}",mock
0xcb2a2e4a83cbc7ee3ddfc8cd317c4b109b424b50de0b60263dd7a9620f8fa465,86000,1,TicketReserved,"{'model_id': 'model_mnist_784_noniid', 'round': 2, 'ticket_id': 133, 'owner': 'acct_33'}",mock
0xa1d6354aaab193ce0e65e24ad4100dc449271982acc2a8bccbe32348cbcf7a88,93000,1,UpdatePublished,"{'model_id': 'model_mnist_784_noniid', 'round': 2, 'ticket_id': 133, 'cid': 'sha256:5f3a80f21d62fb50f6ce848192b1034a95a71ca059f19b15b46f13c6af43d123'}",mock
0x74135abe38975cd25edbd016240183599aab29c4d290dad43a53bef027af975a,86000,1,TicketReserved,"{'model_id': 'model_mnist_784_noniid', 'round': 2, 'ticket_id': 134, 'owner': 'acct_34'}",mock
0x0efd4926d367597c583d8c69d3a9ed7d298acfa6307a243921ba63e215eb3fd3,93000,1,UpdatePublished,"{'model_id': 'model_mnist_784_noniid', 'round': 2, 'ticket_id': 134, 'cid': 'sha256:ce103e8c610dae4e791c3d167e8eecfa262df9d34a416bcdf3c829aa68c93fd3'}",mock
0x66c28a0c29afbf4eec17698f7f8ce4b5d550df86d8f0010919ec34cd6acae9ae,86000,1,TicketReserved,"{'model_id': 'model_mnist_784_noniid', 'round': 2, 'ticket_id': 135, 'owner': 'acct_35'}",mock
0x36d496e4a0b75711e53fcb1109e5faedb86974dc981e6b12541d3ff40de67bda,93000,1,UpdatePublished,"{'model_id': 'model_mnist_784_noniid', 'round': 2, 'ticket_id': 135, 'cid': 'sha256:c6442679fba1e81eb343b6ea48f3c81ccd107af4fbfe3f083364a8723bdbe684'}",mock
0xcc5742853494b4610e94ace1d104648875363e0e578ae0d8618b5ac7fa4aa5be,86000,1,TicketReserved,"{'model_id': 'model_mnist_784_noniid', 'round': 2, 'ticket_id': 136, 'owner': 'acct_36'}",mock
0x9e7527d0676f3693df00bd60e3a1fdac08041992fd273a53b6560de056f8c0cc,93000,1,UpdatePublished,"{'model_id': 'model_mnist_784_noniid', 'round': 2, 'ticket_id': 136, 'cid': 'sha256:d43c917d58c5f3ac471ad8159cb77bcdb346dcf2589b04b44d693fc583b26a4e'}",mock
0x84f0d2584768033f0b512dcd2bc5573b32ea085a6f17852c5268824d53c46d2b,86000,1,TicketReserved,"{'model_id': 'model_mnist_784_noniid', 'round': 2, 'ticket_id': 137, 'owner': 'acct_37'}",mock
0xde135afed7041cd0a9763c6e8b9d0a97713b78e299f06436713070002f8c7d11,93000,1,UpdatePublished,"{'model_id': 'model_mnist_784_noniid', 'round': 2, 'ticket_id': 137, 'cid': 'sha256:979b414019e6d7b78ad7f040ece4c9b8961177e5ec49c7ca572c0c710f734559'}",mock
0x2c329204b2558e887a2eb37ca5b94c40f7b58551d2e2396afa8803c0789bc878,86000,1,TicketReserved,"{'model_id': 'model_mnist_784_noniid', 'round': 2, 'ticket_id': 138, 'owner': 'acct_38'}",mock
0x897a1c5de35fedfee242e072b817888fa127ef7968666d4cadf9f2e8d34b8f3d,93000,1,UpdatePublished,"{'model_id': 'model_mnist_784_noniid', 'round': 2, 'ticket_id': 138, 'cid': 'sha256:6acb06dcdddc56f4a723379836b7c0a79dd94971fac2e882b41225d5f9864a82'}",mock
0xd1319538e19fc2ef1e510278467176029605f530966abedc44982671fc21c34e,86000,1,TicketReserved,"{'model_id': 'model_mnist_784_noniid', 'round': 2, 'ticket_id': 139, 'owner': 'acct_39'}",mock
0xa7c7f6f48ba16310d9430ae4513bf3b66892769abfa0300110298390acb966ce,93000,1,UpdatePublished,"{'model_id': 'model_mnist_784_noniid', 'round': 2, 'ticket_id': 139, 'cid': 'sha256:c7ebbc0a1d241e8f31e37134f244999724ab610442e9487e13d5f4e4a6813b4d'}",mock
0xe73d01d32009b1b612a14e65163449fef173c3e5c1fab2aa5eda186498a6d387,86000,1,TicketReserved,"{'model_id': 'model_mnist_784_noniid', 'round': 2, 'ticket_id': 140, 'owner': 'acct_40'}",mock
0x3078bb1c01cd4a4622a2b97a99fcc753461c71232601cdba74ea180c244302a6,93000,1,UpdatePublished,"{'model_id': 'model_mnist_784_noniid', 'round': 2, 'ticket_id': 140, 'cid': 'sha256:b30f606bf9ded25ccb92edad672d1b1d2ed0996c4bb5bdb6d2e137fc719cad92'}",mock
0x98b19c15bd7783e48c76ddb7004c45377677df2ea6ff9e4183ba1290eb6b1d3a,86000,1,TicketReserved,"{'model_id': 'model_mnist_784_noniid', 'round': 2, 'ticket_id': 141, 'owner': 'acct_41'}",mock
0x59a1106992253891569761bb76c40d740c1eb1aee6d736add8578fc897c57460,93000,1,UpdatePublished,"{'model_id': 'model_mnist_784_noniid', 'round': 2, 'ticket_id': 141, 'cid': 'sha256:7c19ee51a8f7604487be5000fc85dd50d309ccb554f2d1b63e6b8466951f0112'}",mock
0x6e9b6b57b2f2c0f0cf0cb8bade5b30e98d32f4914b737602b54b0efde8314bee,86000,1,TicketReserved,"{'model_id': 'model_mnist_784_noniid', 'round': 2, 'ticket_id': 142, 'owner': 'acct_42'}",mock
0x9d453d60b900a39e92f29d409d8f688a59c326691566487c50a7f420bbfbccea,93000,1,UpdatePublished,"{'model_id': 'model_mnist_784_noniid', 'round': 2, 'ticket_id': 142, 'cid': 'sha256:cf8b2e3d8377651e0b3fe8a1eb8e6519c488a571d04c06e0812c91d8282c7913'}",mock
0xe96b4292b16ae7a4c96b43a0b1a58bc28c7489d3d4a6ea5590fe1ce51c9fcd46,86000,1,TicketReserved,"{'model_id': 'model_mnist_784_noniid', 'round': 2, 'ticket_id': 143, 'owner': 'acct_43'}",mock
0x546274d2f80bc03962a7cdd32d02e379a200d7d7e509bd9b87abe679d0cfe12a,93000,1,UpdatePublished,"{'model_id': 'model_mnist_784_noniid', 'round': 2, 'ticket_id': 143, 'cid': 'sha256:feb1746d896c26181e64bb814f02374fc5cc5c548fb46b653af014b92436dbc3'}",mock
0x61f290fc0510dbc10130921ca05cb47d31b6210ec112e01ba4691eb29edbd34c,86000,1,TicketReserved,"{'model_id': 'model_mnist_784_noniid', 'round': 2, 'ticket_id': 144, 'owner': 'acct_44'}",mock
0xa842acd8f5aa914814e930d88706ef0ef13b237aa039b23f78f35ab20dfea52b,93000,1,UpdatePublished,"{'model_id': 'model_mnist_784_noniid', 'round': 2, 'ticket_id': 144, 'cid': 'sha256:660ee80ac55de2edfa183dcf1e2c71fc309437bffbeff6b91c24e309f9d064bf'}",mock
0x2be406384e8a246b9e3f542ab185c799720666f102ff34f55b4def916babd209,86000,1,TicketReserved,"{'model_id': 'model_mnist_784_noniid', 'round': 2, 'ticket_id': 145, 'owner': 'acct_45'}",mock
0x7c5f056124ea1e006e7c857b7e5d0df168e0fe1dc40be3bb16cfd7d16774164d,93000,1,UpdatePublished,"{'model_id': 'model_mnist_784_noniid', 'round': 2, 'ticket_id': 145, 'cid': 'sha256:7b53475af11289f505769cbc49123adcdde975fe0d00d6dfb94d8f6caf727e15'}",mock
0x1d91cd076f1a2f44a29832aa5fe0ff50cd8bbdd51c81ba36257b2f02f39b59e4,86000,1,TicketReserved,"{'model_id': 'model_mnist_784_noniid', 'round': 2, 'ticket_id': 146, 'owner': 'acct_46'}",mock
0x3f1267d686f5d570497108bd4b38b9db0c7835408ada6c9d1b3346147959829b,93000,1,UpdatePublished,"{'model_id': 'model_mnist_784_noniid', 'round': 2, 'ticket_id': 146, 'cid': 'sha256:c2715f9e1f944e61ad357e3e10667a9760d937a3712bee47ab315e9c06fe7a5c'}",mock
0xc137e77caec2be19caf0adf83dc2f98ec4412fa51fa4a81373c2a23dad76fe2d,86000,1,TicketReserved,"{'model_id': 'model_mnist_784_noniid', 'round': 2, 'ticket_id': 147, 'owner': 'acct_47'}",mock
0xf76a5fbb9f544f60e88cf3f56ab0d659cc02daa8915635e5d89b3fce14b8538c,93000,1,UpdatePublished,"{'model_id': 'model_mnist_784_noniid', 'round': 2, 'ticket_id': 147, 'cid': 'sha256:dbcb280d48189d437048a8bc4939ec4c1474bc4f2b42c0d8038b99cbe7f72b47'}",mock
0xe3dd536b4a038001723b85b4b35611f604d7cafeaf249de9b6bfab3949e2b298,86000,1,TicketReserved,"{'model_id': 'model_mnist_784_noniid', 'round': 2, 'ticket_id': 148, 'owner': 'acct_48'}",mock
0x39caca2125929b290202011d1045520d016d3920187141ca8a7ae3057004e0bf,93000,1,UpdatePublished,"{'model_id': 'model_mnist_784_noniid', 'round': 2, 'ticket_id': 148, 'cid': 'sha256:cb34a77e68c5388f7d2545ac50946744fb03c23af4c130cfda2f807fd42d7275'}",mock
0x9d6cccba8cc68455b0bb1dc15fc9234ebc99fb0b8930a1f8c9210d85c90e59c7,86000,1,TicketReserved,"{'model_id': 'model_mnist_784_noniid', 'round': 2, 'ticket_id': 149, 'owner': 'acct_49'}",mock
0x21479d50bfa25e37c2c3cdf5be913ff9fe41cd3dbe4afe7575ce26234f09f920,93000,1,UpdatePublished,"{'model_id': 'model_mnist_784_noniid', 'round': 2, 'ticket_id': 149, 'cid': 'sha256:5218cf43e7917c6ff41f60301dcc5b721bb9efb508fd1145225c49ce84deb682'}",mock
0xe1cf16c5f8cdd806d9eb6669423133c6be60a5c4eeee0f014a94a44266f24562,86000,1,TicketReserved,"{'model_id': 'model_mnist_784_noniid', 'round': 2, 'ticket_id': 150, 'owner': 'acct_50'}",mock
0xf72fb37ad2885a48558afd20c758cadfdb7bf6b25099ab5483f08245e277997b,93000,1,UpdatePublished,"{'model_id': 'model_mnist_784_noniid', 'round': 2, 'ticket_id': 150, 'cid': 'sha256:e5a880715aa37a6753722e26cbe498c86b482578c559917be403dbfc59c5a0bf'}",mock
0x309ea219efea5427cbf6c543821d3d3c730ab4a31667d3b659610617275507a6,625000,1,RoundFinalized,"{'model_id': 'model_mnist_784_noniid', 'round': 2, 'included': 25, 'refunds': 25}",mock
0x11fc22b024ca9a64b7f76a8704091c61cf2315ba1ffbd2634b2b282c182ba2a3,52000,1,RoundFunded,"{'model_id': 'model_mnist_784_noniid', 'amount_wei': 10000000000000000}",mock
0x4df54672b88db7b16bd07334ca0b622a87a3780120fd076e670f38529c42f1e9,86000,1,TicketReserved,"{'model_id': 'model_mnist_784_noniid', 'round': 3, 'ticket_id': 151, 'owner': 'acct_1'}",mock
0xe6cfffc1b94d66073af3fcf7e261b370db5f90522dd611cd5763fa95d1e4557b,93000,1,UpdatePublished,"{'model_id': 'model_mnist_784_noniid', 'round': 3, 'ticket_id': 151, 'cid': 'sha256:80b9359874d48e706bf161669c5dd1fd69b969ad7aa0d4c10417f8b36b9be6bb'}",mock
0x04148c2fb0d6b708c71a8ef440420f9877024be1a89454309906e801bb9ae817,86000,1,TicketReserved,"{'model_id': 'model_mnist_784_noniid', 'round': 3, 'ticket_id': 152, 'owner': 'acct_2'}",mock
0x036bf0ec86c55de87ee7a9b7064327dd50a6ed2e8395ad04c0d6b2a2bca0ce6d,93000,1,UpdatePublished,"{'model_id': 'model_mnist_784_noniid', 'round': 3, 'ticket_id': 152, 'cid': 'sha256:00811518ae360294dc45e5bab86801154aa75d7a2ed24f2310fc51746ef69a46'}",mock
0x77d75da3d94a136ffb0ab5dc86018149f90e5005781bbb00a88bc836599400cb,86000,1,TicketReserved,"{'model_id': 'model_mnist_784_noniid', 'round': 3, 'ticket_id': 153, 'owner': 'acct_3'}",mock
0x3bd8c6a739d873733786bda23d386cee8e943deaf1b254fd30faf9986da8a923,93000,1,UpdatePublished,"{'model_id': 'model_mnist_784_noniid', 'round': 3, 'ticket_id': 153, 'cid': 'sha256:36e971d08420dfcbd480400f49b3265ffb4599ec8e5059765787054f7fd24723'}",mock
0xe66049b1984b644ecc646f77d3f11fb862baeb19b4836b1add34825e0408eaf9,86000,1,TicketReserved,"{'model_id': 'model_mnist_784_noniid', 'round': 3, 'ticket_id': 154, 'owner': 'acct_4'}",mock
0xb5d3762fde6225de3eaee791c7f9cb29bbfdc30eb14dd6b8e0c8240ae4e47fed,93000,1,UpdatePublished,"{'model_id': 'model_mnist_784_noniid', 'round': 3, 'ticket_id': 154, 'cid': 'sha256:8e9a1dd9eadb88903339fa8bbfb10cc192f133fe39404f4feb32c6ab305b4431'}",mock
0x84f8556a3f391065089c068006d314c68bf7b984cee3b5927cece1448b0d9968,86000,1,TicketReserved,"{'model_id': 'model_mnist_784_noniid', 'round': 3, 'ticket_id': 155, 'owner': 'acct_5'}",mock
0x77393cc69c9612ad06a52a2a8fae0f770832bf43c37b38b5c3a1e9fd1c84a74d,93000,1,UpdatePublished,"{'model_id': 'model_mnist_784_noniid', 'round': 3, 'ticket_id': 155, 'cid': 'sha256:ea9b9587069a88defbb027539f36939f5d898bcc6e5aec6084bf9cc21f8128df'}",mock
0xafeaefbc1ca2807629cc22cfb1a7fd8698d7da90485d2d34c4bff4e05d3f8d85,86000,1,TicketReserved,"{'model_id': 'model_mnist_784_noniid', 'round': 3, 'ticket_id': 156, 'owner': 'acct_6'}",mock
0xb55490b65300b49bfdc3bdaa1b7eb5bb76db07c5c46469a0021bbc1886d55626,93000,1,UpdatePublished,"{'model_id': 'model_mnist_784_noniid', 'round': 3, 'ticket_id': 156, 'cid': 'sha256:fd7e8f708c9a72efba214acbeb07381e24f5bec24011af0a1b7359ff5452609a'}",mock
0x92cc417dcee8eb3a7c12646061688e854cca74a4020076a8f0ae5032a2130ef9,86000,1,TicketReserved,"{'model_id': 'model_mnist_784_noniid', 'round': 3, 'ticket_id': 157, 'owner': 'acct_7'}",mock
0xd96c55ab0e8f4953d20c9d2c277430f4ccfc24cca19aac2654887821b736ceed,93000,1,UpdatePublished,"{'model_id': 'model_mnist_784_noniid', 'round': 3, 'ticket_id': 157, 'cid': 'sha256:d650df91189cf9c1a0ac28606265a73bc75cb7a3d51e9d8f1893e358a9b9f10d'}",mock
0xdefe0489ff36da73f8314720e5e815973783ee6dbfd8b4dbf064d8445702b77d,86000,1,TicketReserved,"{'model_id': 'model_mnist_784_noniid', 'round': 3, 'ticket_id': 158, 'owner': 'acct_8'}",mock
0x10be71c958c1b6e1213c8e3dc571f42ba693ed2312434848b7a6ad85ac65dbc5,93000,1,UpdatePublished,"{'model_id': 'model_mnist_784_noniid', 'round': 3, 'ticket_id': 158, 'cid': 'sha256:9cd1db42ac1f7cc1fc6d93aee0ef7443b984e62d079998a3ecc777a062fb4889'}",mock
0xaa66692a2c7a9a4994177ca61e01196a412f8c2622db832934d1b39df82061d3,86000,1,TicketReserved,"{'model_id': 'model_mnist_784_noniid', 'round': 3, 'ticket_id': 159, 'owner': 'acct_9'}",mock
0xd69fd1d050bfb06c4fe81e89e6218deccff96ae3508c884d9eca6e634a9c0580,93000,1,UpdatePublished,"{'model_id': 'model_mnist_784_noniid', 'round': 3, 'ticket_id': 159, 'cid': 'sha256:1c64cfa87ec5ecd27acd822baa50bbffce024d3a8c717117206dcfc9eda834aa'}",mock
0x63468b6576611a4654834a490d7df5bcd6006af2e1edafce085c9601a3f0e597,86000,1,TicketReserved,"{'model_id': 'model_mnist_784_noniid', 'round': 3, 'ticket_id': 160, 'owner': 'acct_10'}",mock
0x0ba0d2e57959dadbc8a1d9d90322e71b62a1b528e6ef0fdd0c65c7d1211df6ea,93000,1,UpdatePublished,"{'model_id': 'model_mnist_784_noniid', 'round': 3, 'ticket_id': 160, 'cid': 'sha256:0a4fe71d36ef01c1c6e2aab9845bd760562ec72108a30630ae88229fccc96c92'}",mock
0x29f08f1b8ca90f31b8de9c6af6cc94c75f70aa99fdced10459bbed238dbf62ad,86000,1,TicketReserved,"{'model_id': 'model_mnist_784_noniid', 'round': 3, 'ticket_id': 161, 'owner': 'acct_11'}",mock
0x26a8aa2e5550aff2579c96796f92434c68ece4695e5fedc38e90e8f5426b8eaf,93000,1,UpdatePublished,"{'model_id': 'model_mnist_784_noniid', 'round': 3, 'ticket_id': 161, 'cid': 'sha256:090dd7983ff880427410fdae6ffa7a18ed52b340c29f48db150770abe3e1720e'}",mock
0xe3d62a1562ee9911355d740627e71b5b1237b695692247042d098777f7dae2d0,86000,1,TicketReserved,"{'model_id': 'model_mnist_784_noniid', 'round': 3, 'ticket_id': 162, 'owner': 'acct_12'}",mock
0x8ab502ce10cd4b08147b1cd4344fc07dc205d8430821774367820cb5451f06f0,93000,1,UpdatePublished,"{'model_id': 'model_mnist_784_noniid', 'round': 3, 'ticket_id': 162, 'cid': 'sha256:f7450a9de9742178175a81cf2ad29dcea69faa2cb703cf11232a8321acfd50c9'}",mock
0x133dab58f31be98f6564a56bd641a1f65de7934d721f1af3d17a1b645a1aff1c,86000,1,TicketReserved,"{'model_id': 'model_mnist_784_noniid', 'round': 3, 'ticket_id': 163, 'owner': 'acct_13'}",mock
0xe90f107bff1cd13bdef51a0cb700514eebcf1262018be0d62d2e881f37fd22d2,93000,1,UpdatePublished,"{'model_id': 'model_mnist_784_noniid', 'round': 3, 'ticket_id': 163, 'cid': 'sha256:02d60e4c69db662faeb4d661c7b9ad59d24c77b760c8d0ff450d340b62905fc3'}",mock
0xfdfa12cd78af86a5fea4d9f16c67fa09c3e923db2e62e58fe55c151237defd5b,86000,1,TicketReserved,"{'model_id': 'model_mnist_784_noniid', 'round': 3, 'ticket_id': 164, 'owner': 'acct_14'}",mock
0xbd7250fc1193227797e98c7d5b6b7c2e907b3db5743aa4dcb337561e663cb9b2,93000,1,UpdatePublished,"{'model_id': 'model_mnist_784_noniid', 'round': 3, 'ticket_id': 164, 'cid': 'sha256:163adfe5a11862c7284fa91c0a8a59da230cee318ae70b7acf73a0a5de5b4961'}",mock
0x57f0e54fa226c9845e9e64b3acc2c3273e5a9249ba82da12c8315903fbbb17b9,86000,1,TicketReserved,"{'model_id': 'model_mnist_784_noniid', 'round': 3, 'ticket_id': 165, 'owner': 'acct_15'}",mock
0xfb7b2c4d2d16ab865527fea4b1af6559934a93e15a228e5280d7f43e3a217bb1,93000,1,UpdatePublished,"{'model_id': 'model_mnist_784_noniid', 'round': 3, 'ticket_id': 165, 'cid': 'sha256:ad5b45eb111676845239e8565a19081c1a631cee0ae0d251bff4371abca701cb'}",mock
0x459d038fb79591daa04f4c2f3cff211fa9ad8a917797980da9a696882de8eb29,86000,1,TicketReserved,"{'model_id': 'model_mnist_784_noniid', 'round': 3, 'ticket_id': 166, 'owner': 'acct_16'}",mock
0x41bf06ff6a697cbd0749931d1bed8c39ac7a8bf227d302d1cb1aad3f84617bd5,93000,1,UpdatePublished,"{'model_id': 'model_mnist_784_noniid', 'round': 3, 'ticket_id': 166, 'cid': 'sha256:0dadf781fc63e94a0d8eb7e43b7998c46fe993c0fb0faec1ebd771fd6cc7f676'}",mock
0xc11a0a29cbdfb71986d1f08fb8b49669ac82496ec12e94a96e600f3692935aeb,86000,1,TicketReserved,"{'model_id': 'model_mnist_784_noniid', 'round': 3, 'ticket_id': 167, 'owner': 'acct_17'}",mock
0xa00899b3ca157ef727e8a6fc8c4408bfdbc226d0e02a723f79dec28108d3ae93,93000,1,UpdatePublished,"{'model_id': 'model_mnist_784_noniid', 'round': 3, 'ticket_id': 167, 'cid': 'sha256:2c55f0a856bd9684e46e44b8281a8adcd5b49db997bedd0f107931a1cf3abd6d'}",mock
0x64e9c447e25a1fb8b5641e4c1224266aa4c83931c3b56d347eee7d883bcc4187,86000,1,TicketReserved,"{'model_id': 'model_mnist_784_noniid', 'round': 3, 'ticket_id': 168, 'owner': 'acct_18'}",mock
0x0eb26117c9721d6d816935141c5a63a52b4e4626e65696b21441c20aa631370f,93000,1,UpdatePublished,"{'model_id': 'model_mnist_784_noniid', 'round': 3, 'ticket_id': 168, 'cid': 'sha256:df0fdc10538a7aff1d61c3f2687a8bfd0012bdee8fc827a606b52ff704db5c42'}",mock
0x4c0d330aed59dbe7822db53e277bd760ca3145f668189b720d747af1658638b7,86000,1,TicketReserved,"{'model_id': 'model_mnist_784_noniid', 'round': 3, 'ticket_id': 169, 'owner': 'acct_19'}",mock
0x95257c11154a3a5e637ac407033fcb2affad89033a667056aecaffb554c49fe5,93000,1,UpdatePublished,"{'model_id': 'model_mnist_784_noniid', 'round': 3, 'ticket_id': 169, 'cid': 'sha256:e134638a78b3d09f22dbbb5d803d326e01b2ae756fb1d704cea8469b6a2ec5de'}",mock
0xa4641af0eb499537b68d9959fb39cc037ed75d3f59eee77bc14595f0394dd1ef,86000,1,TicketReserved,"{'model_id': 'model_mnist_784_noniid', 'round': 3, 'ticket_id': 170, 'owner': 'acct_20'}",mock
0x540a4e65b6810f6064b75413aa90fc698328090e879cd15051e570e5cea1b2c7,93000,1,UpdatePublished,"{'model_id': 'model_mnist_784_noniid', 'round': 3, 'ticket_id': 170, 'cid': 'sha256:1e97817390ff16b8e4ace78ff5d068e371da504b7d29232af97f5e3425f8c079'}",mock
0x8e72b1bf59095909aa90c263e92a9a2462e486c7a6fa492d1ff32353d59f4220,86000,1,TicketReserved,"{'model_id': 'model_mnist_784_noniid', 'round': 3, 'ticket_id': 171, 'owner': 'acct_21'}",mock
0xa904e35fdc3b828d2791bfa4a2b1333cb42d6bf611cc45c24488b9b6e077775a,93000,1,UpdatePublished,"{'model_id': 'model_mnist_784_noniid', 'round': 3, 'ticket_id': 171, 'cid': 'sha256:c092e4ab7b0266997981fca5dc7da340b141010967bd9ce74d5b61c774c8eeda'}",mock
0x82dad3300c25e2a4647306c622a882ac19dda975a11c68ced86e36d99e079f1b,86000,1,TicketReserved,"{'model_id': 'model_mnist_784_noniid', 'round': 3, 'ticket_id': 172, 'owner': 'acct_22'}",mock
0x56fd375ead6d57586cdbb9fc7ecb062306b8d4f0c22a98a37d5bc707cdef1271,93000,1,UpdatePublished,"{'model_id': 'model_mnist_784_noniid', 'round': 3, 'ticket_id': 172, 'cid': 'sha256:7b8cacec0c437b072786fdab1f6da67f24d65f44b2ebf6aada81c438f7c23c08'}",mock
0xdda08fd5a10d83d4b4408feced117ea4b5965f31f9275414229bd3d42d00e2e9,86000,1,TicketReserved,"{'model_id': 'model_mnist_784_noniid', 'round': 3, 'ticket_id': 173, 'owner': 'acct_23'}",mock
0xa032d259a7a5449fbf469c0d4c335b34c2dbdc66d36588633de8fd0a7284f3ac,93000,1,UpdatePublished,"{'model_id': 'model_mnist_784_noniid', 'round': 3, 'ticket_id': 173, 'cid': 'sha256:96a1cf2f137334b65435f440fe0b20db10cc980c662724e71c64cb8606fe9421'}",mock
0x1b05ab46969cf1327ed868ea608fd7284df6f4a60666ab9dc81e4f38b95a922a,86000,1,TicketReserved,"{'model_id': 'model_mnist_784_noniid', 'round': 3, 'ticket_id': 174, 'owner': 'acct_24'}",mock
0x0cca58b9f0f1ea4b9161397b25ebeb2cea92e0e5dbff56a78d8a6fa8b6206a6f,93000,1,UpdatePublished,"{'model_id': 'model_mnist_784_noniid', 'round': 3, 'ticket_id': 174, 'cid': 'sha256:dbacd0ed10c30debb483179ba449c81303ba9a7afedf26f21b3e186b2ff0e1c1'}",mock
0xf30d79f55750171330ab57aebbaa3f115efdac98eb5586c038950085bb8fd526,86000,1,TicketReserved,"{'model_id': 'model_mnist_784_noniid', 'round': 3, 'ticket_id': 175, 'owner': 'acct_25'}",mock
0xe81ab6c9b2e61dcbeedf2dfe3452524b26df9ce7b545a7e4c08580fbe41f93d0,93000,1,UpdatePublished,"{'model_id': 'model_mnist_784_noniid', 'round': 3, 'ticket_id': 175, 'cid': 'sha256:551718f2eb73455d9e28e0c32262320dd6a37d396694c15c1e3304cb8747eb02'}",mock
0xd6015f549a294fe9fa75ccd52e015d425c3710a726b8c57cc1f54b147d544895,86000,1,TicketReserved,"{'model_id': 'model_mnist_784_noniid', 'round': 3, 'ticket_id': 176, 'owner': 'acct_26'}",mock
0x12df5d5d8247ff19b60c3ae8964293c92106e407d76af954fc8a2b30f3018143,93000,1,UpdatePublished,"{'model_id': 'model_mnist_784_noniid', 'round': 3, 'ticket_id': 176, 'cid': 'sha256:bba16bf075ae7c3db3898a7f024d23fc91e8f040ad0c430d8596af4b924ae265'}",mock
0x317fc14d470c1e590ce1d4861f684f7c66298c390a511131c6898fcb3125ac5e,86000,1,TicketReserved,"{'model_id': 'model_mnist_784_noniid', 'round': 3, 'ticket_id': 177, 'owner': 'acct_27'}",mock
0x41a648a59a45c98131e948c42ef50bf4d360dc5fc62f8078c3882373dae48c92,93000,1,UpdatePublished,"{'model_id': 'model_mnist_784_noniid', 'round': 3, 'ticket_id': 177, 'cid': 'sha256:094cdf4274bcb51d213dc5c97608f73b883828606d00719a3dc01d6bc1d3d87b'}",mock
0x5e2238582a5ac96c6b37bb9418e4485e017a74d0ee2a72d70c5acf0d262c891c,86000,1,TicketReserved,"{'model_id': 'model_mnist_784_noniid', 'round': 3, 'ticket_id': 178, 'owner': 'acct_28'}",mock
0x0abaf7db09e80e5d6b61cc286a5d76b824ccbd5ed1504324b798e877a534247f,93000,1,UpdatePublished,"{'model_id': 'model_mnist_784_noniid', 'round': 3, 'ticket_id': 178, 'cid': 'sha256:0faf910c540f4d47f210489db1c5dd3a78f91c7add52ef1fa1915756c9403dff'}",mock
0x7493559b46303576c1b538d406ccb2c9871ca8df4c24a577df84646c03910cd2,86000,1,TicketReserved,"{'model_id': 'model_mnist_784_noniid', 'round': 3, 'ticket_id': 179, 'owner': 'acct_29'}",mock
0x340df4144ef25667e11d728401ace44c98106bd8f984ffaf986b46cc4d36ef28,93000,1,UpdatePublished,"{'model_id': 'model_mnist_784_noniid', 'round': 3, 'ticket_id': 179, 'cid': 'sha256:586f42489f0f3336981f08957b165b9b5828f9365093cf1f6f44ab8415210d00'}",mock
0xe345751f0ccbfd007a8d8930bb1322f2f82e91d2eae9f1f6512904e3b4da942b,86000,1,TicketReserved,"{'model_id': 'model_mnist_784_noniid', 'round': 3, 'ticket_id': 180, 'owner': 'acct_30'}",mock
0x8274bf2d70a06cbd846b252ce9e39962e2e1801413fe6d1169e87175255a84ec,93000,1,UpdatePublished,"{'model_id': 'model_mnist_784_noniid', 'round': 3, 'ticket_id': 180, 'cid': 'sha256:f252fd67afb2db6f4e0967defb3e2f13384710f61d13388aac98c2d79793e02a'}",mock
0x631324d290efadd8f54917c8b8397317c918741ee8a494e9a49190d8fc356fe2,86000,1,TicketReserved,"{'model_id': 'model_mnist_784_noniid', 'round': 3, 'ticket_id': 181, 'owner': 'acct_31'}",mock
0x78debba6a5a8c0bddbe3f4f5851a152ff118a0649e37673fab5461a22e219f38,93000,1,UpdatePublished,"{'model_id': 'model_mnist_784_noniid', 'round': 3, 'ticket_id': 181, 'cid': 'sha256:5c6d6e90d1787c8f2bfb1fcb3673b7dbb70d3670241eba195ba55b68227c2029'}",mock
0xcb6ecdb32d59304669d7f9c88d774295f2e17a1bc1a2003787be81cff7f2987b,86000,1,TicketReserved,"{'model_id': 'model_mnist_784_noniid', 'round': 3, 'ticket_id': 182, 'owner': 'acct_32'}",mock
0x7e90dad5c9873b02e7588d5a20af69fa8d12f75aaf5013c80515a4ebf4d35871,93000,1,UpdatePublished,"{'model_id': 'model_mnist_784_noniid', 'round': 3, 'ticket_id': 182, 'cid': 'sha256:6e5f241a3809c6cf518dd4df9affdfa5ea33e446a5238d0bdb768963ec3c63e5'}",mock
0xa30f50444ac1919cc33c566b0521ba3bd414bf958c99b1e7b41411c52108293b,86000,1,TicketReserved,"{'model_id': 'model_mnist_784_noniid', 'round': 3, 'ticket_id': 183, 'owner': 'acct_33'}",mock
0xdc988dd04273da228264ceafa585cf3ca334ce7506ae48f5200a5781dd9724cf,93000,1,UpdatePublished,"{'model_id': 'model_mnist_784_noniid', 'round': 3, 'ticket_id': 183, 'cid': 'sha256:8b036666a88b21b8d89e6fcf2b2a0b542e8ac3ef60896d6810201bab7887e1a4'}",mock
0xf20a704c3cbec275d127a517cc3788bdb3861483fde849b2c88b7f52ee8b2c66,86000,1,TicketReserved,"{'model_id': 'model_mnist_784_noniid', 'round': 3, 'ticket_id': 184, 'owner': 'acct_34'}",mock
0x25e01a65e0f69a560aa94b5f2936ec40b2514875e931b8f3c56b50b876964d59,93000,1,UpdatePublished,"{'model_id': 'model_mnist_784_noniid', 'round': 3, 'ticket_id': 184, 'cid': 'sha256:e7fa984db48e72404500b301bff74dad9472decc91cf79b2f648de7f596e1ac2'}",mock
0x909a2cfbd7fd1bcc4c0ac46a082f8ac4fd2318c86b1e70f2ceb53166026e4577,86000,1,TicketReserved,"{'model_id': 'model_mnist_784_noniid', 'round': 3, 'ticket_id': 185, 'owner': 'acct_35'}",mock
0x2b205b4aa0403e6d10be48772df112e0179460bc37ca71bd7502e1a6278c780d,93000,1,UpdatePublished,"{'model_id': 'model_mnist_784_noniid', 'round': 3, 'ticket_id': 185, 'cid': 'sha256:e9013524d147cc6d82f0ac640cfe61e197576b52213652cf40ba83dc2c9a0cf8'}",mock
0xb413be74b130138dbe7bb62139dc6e6968a276394a5723ab04d2a2dad9c18192,86000,1,TicketReserved,"{'model_id': 'model_mnist_784_noniid', 'round': 3, 'ticket_id': 186, 'owner': 'acct_36'}",mock
0x759ae9cc031d3d8d66544d5706f6c37e951c577efa87e5c344ec6f8c2a1ab45e,93000,1,UpdatePublished,"{'model_id': 'model_mnist_784_noniid', 'round': 3, 'ticket_id': 186, 'cid': 'sha256:6cd3469f901af708ebb7401e95cce7d8fde34b017c784068ea06827e9cf0a7c6'}",mock
0x62e4a65a9434f9ef21de49da31b89da1504d9f3d17cf657b91e3eeb68fcaad2c,86000,1,TicketReserved,"{'model_id': 'model_mnist_784_noniid', 'round': 3, 'ticket_id': 187, 'owner': 'acct_37'}",mock
0x701f7fcf78938d76ded4451afc2575062fddc2b0696908924ad20c961d2df2fa,93000,1,UpdatePublished,"{'model_id': 'model_mnist_784_noniid', 'round': 3, 'ticket_id': 187, 'cid': 'sha256:26d0dfec080c7dc29c120fc12e64469821f9353b5148f30507acb88e05d95db3'}",mock
0x714c0622544943d75e7e1efdacd7628a90757406d62d64c3537ae668610e2862,86000,1,TicketReserved,"{'model_id': 'model_mnist_784_noniid', 'round': 3, 'ticket_id': 188, 'owner': 'acct_38'}",mock
0xcc243e424db986e542b4cc1b830c01447ae52b56ccd389e3b33792652fbcfe55,93000,1,UpdatePublished,"{'model_id': 'model_mnist_784_noniid', 'round': 3, 'ticket_id': 188, 'cid': 'sha256:e2a3c1a1e1434f7fcc21aaac50f3225c137c9985bc5c9d4ae1c4e9574569e521'}",mock
0xeae6d84b2f94e8c6800e545a5719ba7076d6353710cefe7d7bf86971e7dde098,86000,1,TicketReserved,"{'model_id': 'model_mnist_784_noniid', 'round': 3, 'ticket_id': 189, 'owner': 'acct_39'}",mock
0x95d67519dbb5d37b09f4e29741bda17109054147591a6e4beb151ff20c056e9d,93000,1,UpdatePublished,"{'model_id': 'model_mnist_784_noniid', 'round': 3, 'ticket_id': 189, 'cid': 'sha256:28460569e3bb3accaf32dcdbb5fe3e911804d4dccd4e281318a3c034620453fc'}",mock
0xc827d90812800a3502638cd721c77252e9e3695133322fa191397ae11b8fca95,86000,1,TicketReserved,"{'model_id': 'model_mnist_784_noniid', 'round': 3, 'ticket_id': 190, 'owner': 'acct_40'}",mock
0x56df7e92525f58c71dd0666cee0f88678c9bbb4bde092011555fe2a349e8357e,93000,1,UpdatePublished,"{'model_id': 'model_mnist_784_noniid', 'round': 3, 'ticket_id': 190, 'cid': 'sha256:b47b02959fbee104b30c822bd7444ec16cab127ac1dc2c28b91bb997cc4be1c4'}",mock
0x2db8228e0fae17471e669a9745a16b1a13b0441ebedce7022591c1f9af8b7bba,86000,1,TicketReserved,"{'model_id': 'model_mnist_784_noniid', 'round': 3, 'ticket_id': 191, 'owner': 'acct_41'}",mock
0x3ae371b6fa493d0d9eb8fc89b35cb4bd8c8b0087a8cd3378ec28fee5e417d8a1,93000,1,UpdatePublished,"{'model_id': 'model_mnist_784_noniid', 'round': 3, 'ticket_id': 191, 'cid': 'sha256:c71e8cc057928ba02ffa43ed21b3f98931022e238a2ef63b0fada37460cf915c'}",mock
0x75acdc1c6ac29be7ff671383439c47f486e213518dfad4a30804938e04a991f6,86000,1,TicketReserved,"{'model_id': 'model_mnist_784_noniid', 'round': 3, 'ticket_id': 192, 'owner': 'acct_42'}",mock
0xeee67701543cd3c83f409aba8fb10be57a0d161751f76cef202b38a55fc6944f,93000,1,UpdatePublished,"{'model_id': 'model_mnist_784_noniid', 'round': 3, 'ticket_id': 192, 'cid': 'sha256:81cc6cb5a814c121bbd300f347d8a995adda9360b91f6db671b42db704182ca5'}",mock
0x585cea3d9f3f4d95bee80bc54073f2eff6234526db46d87abe9ad86be1912388,86000,1,TicketReserved,"{'model_id': 'model_mnist_784_noniid', 'round': 3, 'ticket_id': 193, 'owner': 'acct_43'}",mock
0xaf0dd03df847e74b6152fc4cfa773331222a0e35b3abf6c59e683ccae507a9c6,93000,1,UpdatePublished,"{'model_id': 'model_mnist_784_noniid', 'round': 3, 'ticket_id': 193, 'cid': 'sha256:8f33daf0e00c34f095406ad829c49995b2ae11c758bd3a2fb541b6cc62dece1a'}",mock
0xd93b092cca04e537a2f78018d793260f5e4597c598e3af81a7b66aa8bf4b00d5,86000,1,TicketReserved,"{'model_id': 'model_mnist_784_noniid', 'round': 3, 'ticket_id': 194, 'owner': 'acct_44'}",mock
0xef5568736d0a197dafbe7f626ee2791567ca29166a41bc444d8d798612254332,93000,1,UpdatePublished,"{'model_id': 'model_mnist_784_noniid', 'round': 3, 'ticket_id': 194, 'cid': 'sha256:6f0bfafa80c1df89e053a242f6fac496914bbfc2c560195270c672cdb0f93a35'}",mock
0x2d317067ef5a0e2eab557a197b082f99bd4b1e3b911968bf33606db8386ecf5c,86000,1,TicketReserved,"{'model_id': 'model_mnist_784_noniid', 'round': 3, 'ticket_id': 195, 'owner': 'acct_45'}",mock
0xe9833d8ff2fe89079e8220f9f5b4cb5e96e9ab8a901cb60159e51b1e726ba7cf,93000,1,UpdatePublished,"{'model_id': 'model_mnist_784_noniid', 'round': 3, 'ticket_id': 195, 'cid': 'sha256:62adf18d503de5af895bda0cc7878fe049714ae35ebf4156583b535e823745a9'}",mock
0xd2ebbad8d1fb57a865ede35cd813c08b142160bb32d72328fde49987722262c5,86000,1,TicketReserved,"{'model_id': 'model_mnist_784_noniid', 'round': 3, 'ticket_id': 196, 'owner': 'acct_46'}",mock
0xf76bd5086e5c07f5b36e050efbdb77a85ccdbf696977ba62d2460c3e2f73f3a4,93000,1,UpdatePublished,"{'model_id': 'model_mnist_784_noniid', 'round': 3, 'ticket_id': 196, 'cid': 'sha256:fd7f9ee016363d882f50224543d56e423855e9787387f6ba263f90e2a528e365'}",mock
0x1862e5c2f1629c783d033d414d8fa0cce5b43773439c832f5cccc41852b99eee,86000,1,TicketReserved,"{'model_id': 'model_mnist_784_noniid', 'round': 3, 'ticket_id': 197, 'owner': 'acct_47'}",mock
0x5bac6670e54ad91662a6da25e00bd35c9a02f01e858d196bd36b0d7a7059f83c,93000,1,UpdatePublished,"{'model_id': 'model_mnist_784_noniid', 'round': 3, 'ticket_id': 197, 'cid': 'sha256:3db105c4dcbe6d80400d7d1e61630608201043fb056bd5a3fbc4d98cb4b13ff3'}",mock
0x0dc95b03421d82e1c1e9df69cf85db5e41d351ac62354e1f6213173a3f1bafac,86000,1,TicketReserved,"{'model_id': 'model_mnist_784_noniid', 'round': 3, 'ticket_id': 198, 'owner': 'acct_48'}",mock
0x98a9b32eeac55595b2fcb415175955007989632fe47ab41cd7911de980896736,93000,1,UpdatePublished,"{'model_id': 'model_mnist_784_noniid', 'round': 3, 'ticket_id': 198, 'cid': 'sha256:02137f959bb55d4490c0850d64ed3045ac638739d8117c9f20bb982d2270e38b'}",mock
0x710304e9d02e2469db53eab5bb51c9ebf8f70f1f7799dd56f72f9fbe3cbfc428,86000,1,TicketReserved,"{'model_id': 'model_mnist_784_noniid', 'round': 3, 'ticket_id': 199, 'owner': 'acct_49'}",mock
0x97c44ed599d8dd625b8bacdc7ef03ab6d59beb673c6e6374c38bfc76fa15653d,93000,1,UpdatePublished,"{'model_id': 'model_mnist_784_noniid', 'round': 3, 'ticket_id': 199, 'cid': 'sha256:c2e5a34b7c86573833a0dd182bc63aa5739fbd1d5bcd112d6619847d25a110ba'}",mock
0x8e2436e3cd87e82dffb733667bc674cdcb46f93cc65bad61efd2084955d18ba6,86000,1,TicketReserved,"{'model_id': 'model_mnist_784_noniid', 'round': 3, 'ticket_id': 200, 'owner': 'acct_50'}",mock
0x38115ed5e2e3974532ab5b063b5253579ae6bc5b1434cb91eea742171ac23ce4,93000,1,UpdatePublished,"{'model_id': 'model_mnist_784_noniid', 'round': 3, 'ticket_id': 200, 'cid': 'sha256:187c485c707c8579aa97606ad3a064f2661dcee2d8be357430495e1ac713efcf'}",mock
0xb40582be369c51aba804eb737f33aaefa4278dbeb3f5a6805bb1fdcd0aa097ca,565000,1,RoundFinalized,"{'model_id': 'model_mnist_784_noniid', 'round': 3, 'included': 22, 'refunds': 22}",mock
0x534fa8afa5610ab4146e67acfb1da1e87951a5d567dd1aea2dc5dad7263666b3,52000,1,RoundFunded,"{'model_id': 'model_mnist_784_noniid', 'amount_wei': 10000000000000000}",mock
0x129e522a3bc5a641d8ff747fc88d0ee6f7cab7a5f06384074d420ff18d82da9a,86000,1,TicketReserved,"{'model_id': 'model_mnist_784_noniid', 'round': 4, 'ticket_id': 201, 'owner': 'acct_1'}",mock
0xa4d6be2c756646bce705aca738b06ada0b6477c6ca9623eccfc3538cec4d50ab,93000,1,UpdatePublished,"{'model_id': 'model_mnist_784_noniid', 'round': 4, 'ticket_id': 201, 'cid': 'sha256:3a2a93111a0514444ccfa54c6469670f5e3e183dde40f7c392d91aaee374b0bd'}",mock
0xfd3335aa32440ead23d4e90fbb26efcb6dc1362a564cf3821548f00033bb7933,86000,1,TicketReserved,"{'model_id': 'model_mnist_784_noniid', 'round': 4, 'ticket_id': 202, 'owner': 'acct_2'}",mock
0xce0f34b7fd3d2abd2b7b11929343213287476f5894b444b442a8192aab0d962e,93000,1,UpdatePublished,"{'model_id': 'model_mnist_784_noniid', 'round': 4, 'ticket_id': 202, 'cid': 'sha256:16b4d8e5cdaae7acba0f78573a48ddd08aba3638d9145ccd3e56f83124920762'}",mock
0xc20481b39c88fa992dd9e524becd155809074005173469964526360372fd6534,86000,1,TicketReserved,"{'model_id': 'model_mnist_784_noniid', 'round': 4, 'ticket_id': 203, 'owner': 'acct_3'}",mock
0x14ac805db6ba24bb47647792704e24badec0767fa3a2bad21ca8fef64bb4daa7,93000,1,UpdatePublished,"{'model_id': 'model_mnist_784_noniid', 'round': 4, 'ticket_id': 203, 'cid': 'sha256:612e4a98bd1b2e1478f2a23f88d2c5a4b200ed2cf9c4742369997853c82e8a29'}",mock
0x4ab6c29be301e6da75c201fb6beb595c1507867aeb0cb05499f18e9b506db01e,86000,1,TicketReserved,"{'model_id': 'model_mnist_784_noniid', 'round': 4, 'ticket_id': 204, 'owner': 'acct_4'}",mock
0xeb6b9afb55bd321c60163c9f7690a1115790442fde5f0d3031032241a9bbe35b,93000,1,UpdatePublished,"{'model_id': 'model_mnist_784_noniid', 'round': 4, 'ticket_id': 204, 'cid': 'sha256:03a577375a5d1b9088c6c93a1faeeb8bbd57a2bbc9bb3d806407c869066db872'}",mock
0xa2ebce57949f252faf419381b76f03e04873b659debb1a7a61d9e27466c19d49,86000,1,TicketReserved,"{'model_id': 'model_mnist_784_noniid', 'round': 4, 'ticket_id': 205, 'owner': 'acct_5'}",mock
0x8f4609d24db1926da12482ac70c251148fb4e89c7e6cb2b4a6db2c350e575ecc,93000,1,UpdatePublished,"{'model_id': 'model_mnist_784_noniid', 'round': 4, 'ticket_id': 205, 'cid': 'sha256:9ac04f8ab7dd52728381f9da0ede207001acb1500feeb0aa62dd4aa8c578ce62'}",mock
0x62132be0f0ba7da9341fc5f4ebf96fde58cb24bf6442bd8f58e32c62917a130c,86000,1,TicketReserved,"{'model_id': 'model_mnist_784_noniid', 'round': 4, 'ticket_id': 206, 'owner': 'acct_6'}",mock
0xe583107fe72af1024864d38bad6654980659fca4af2f63dfca94fa2a26ad097f,93000,1,UpdatePublished,"{'model_id': 'model_mnist_784_noniid', 'round': 4, 'ticket_id': 206, 'cid': 'sha256:7b1797790d0ee3a4fd4abf7f2ddd99914e222ae26607498fd8650d62bef9ebca'}",mock
0xe7868ee2efb2e5b9bc0c27a1ae3c4973e47161afb0a114c3a07a681ab5e7deca,86000,1,TicketReserved,"{'model_id': 'model_mnist_784_noniid', 'round': 4, 'ticket_id': 207, 'owner': 'acct_7'}",mock
0x61d0d5f7b3692e0742538d87265a85ccbcb802bbd11650bcdc9a83c31e1a966a,93000,1,UpdatePublished,"{'model_id': 'model_mnist_784_noniid', 'round': 4, 'ticket_id': 207, 'cid': 'sha256:dc0a4744d2c94b54371b321d69ca48cfff25c4b910512448149d4cc00c21735e'}",mock
0x941e7c0baff99ceab30c2c6e07be286de9641544914218dce1847a298449bfd9,86000,1,TicketReserved,"{'model_id': 'model_mnist_784_noniid', 'round': 4, 'ticket_id': 208, 'owner': 'acct_8'}",mock
0x4d639a73e79bff3fc3eb2ad0ef65a50234e0ba5f7c425d13e74511ebe9400ba5,93000,1,UpdatePublished,"{'model_id': 'model_mnist_784_noniid', 'round': 4, 'ticket_id': 208, 'cid': 'sha256:7f7ce11fa6620f033c6dc798fb1e3dd1dd28aca6465e191118fc6fd85f9c9881'}",mock
0x0494654cd44a6d19f49be014512bf2b64ae9719557a776a665ebe26e09014ec0,86000,1,TicketReserved,"{'model_id': 'model_mnist_784_noniid', 'round': 4, 'ticket_id': 209, 'owner': 'acct_9'}",mock
0x1ac71a06784993cc6f6f4cfea9c350d375ae9ba0fbf42d322717782c84c141cd,93000,1,UpdatePublished,"{'model_id': 'model_mnist_784_noniid', 'round': 4, 'ticket_id': 209, 'cid': 'sha256:6ed003e1ba0aef75907da397cae6e99c935401a7f395c0d3e5c4c4b447ced539'}",mock
0x5ae16a2cf182c5f276ef2e6748c5a84fd93f8195cb021e932aca5c36c3c6dd6f,86000,1,TicketReserved,"{'model_id': 'model_mnist_784_noniid', 'round': 4, 'ticket_id': 210, 'owner': 'acct_10'}",mock
0x25d333972ab87a81e231c5385db366c8d1c4bc7d96d15a3a192c4a5cf992f644,93000,1,UpdatePublished,"{'model_id': 'model_mnist_784_noniid', 'round': 4, 'ticket_id': 210, 'cid': 'sha256:b61f7ba130b986a69e3ab669e3445c6abbef15c904cde3a77c6e6cae19a38b21'}",mock
0xa794b573c8dcc9fc01a00e33e73bd0c3d8be0443ea291d71e651d85afc6a2e9a,86000,1,TicketReserved,"{'model_id': 'model_mnist_784_noniid', 'round': 4, 'ticket_id': 211, 'owner': 'acct_11'}",mock
0x688950472cc8eb3c36fe0b93370b3a13192a86c2502ddbdc86d83f0f3582be5a,93000,1,UpdatePublished,"{'model_id': 'model_mnist_784_noniid', 'round': 4, 'ticket_id': 211, 'cid': 'sha256:ccf04c4c4c8873211321d9fb6909dbef9b9851111a141baa1593f452d94f5c17'}",mock
0x82e932da8f15acedad70adca9b8429798f2772a7a5571230469ae44b8a8097d9,86000,1,TicketReserved,"{'model_id': 'model_mnist_784_noniid', 'round': 4, 'ticket_id': 212, 'owner': 'acct_12'}",mock
0xd20eed35c5589b029d66d127aadcb13f99a43d7a6b3c7dbc2db5fa48606b21ef,93000,1,UpdatePublished,"{'model_id': 'model_mnist_784_noniid', 'round': 4, 'ticket_id': 212, 'cid': 'sha256:073d3c44609673339001734ac41cfdea26bdf665d647d079422200d7b45afe59'}",mock
0x3bfacbeb7e2ced671bcc8c88815613bf77c66239cd3f484f3dbcb5eb36ade8c5,86000,1,TicketReserved,"{'model_id': 'model_mnist_784_noniid', 'round': 4, 'ticket_id': 213, 'owner': 'acct_13'}",mock
0xe75b67c26fbec07ac114025c5803896880f6aa6a98ef476a6b2aa6e51f3498cb,93000,1,UpdatePublished,"{'model_id': 'model_mnist_784_noniid', 'round': 4, 'ticket_id': 213, 'cid': 'sha256:2767ac502868fe1280f38042dc8770a4add1adecc402d547b95d1ebbaaf507c7'}",mock
0x31cf59ed42d90e16c771c8200f4cdd727c0bb4f56aeaeb769e82504a3cfc1483,86000,1,TicketReserved,"{'model_id': 'model_mnist_784_noniid', 'round': 4, 'ticket_id': 214, 'owner': 'acct_14'}",mock
0xd5c1298f32a588ed578ce9a0354e9aacb1730db0d63af798f3196ad289a25fac,93000,1,UpdatePublished,"{'model_id': 'model_mnist_784_noniid', 'round': 4, 'ticket_id': 214, 'cid': 'sha256:f3a59dd1f30280cc23a0c43ca922c7861a8effc54cad55920fea5310f1c44f68'}",mock
0x61f1d2ae324d5fd0a6463760ade21e8c55113753ed08fccfe5bab91c97ac3f91,86000,1,TicketReserved,"{'model_id': 'model_mnist_784_noniid', 'round': 4, 'ticket_id': 215, 'owner': 'acct_15'}",mock
0x53b2354cede34c52a77f52edc1939d8109aec3dd27a7424e1e0de2a88e6bf622,93000,1,UpdatePublished,"{'model_id': 'model_mnist_784_noniid', 'round': 4, 'ticket_id': 215, 'cid': 'sha256:b645b939aa3ebf3e4fc5381ed27d40eb724d41d5001fe20af7ac492b7a07d61a'}",mock
0xaf8bc5341fdea00d9e3dcc125436dca4d6f5277152c98e6135d01e0a71e2e356,86000,1,TicketReserved,"{'model_id': 'model_mnist_784_noniid', 'round': 4, 'ticket_id': 216, 'owner': 'acct_16'}",mock
0x06873744e5415ef65c96d4af9e5a30d5487d518128b9443ab621e53bcc6aff69,93000,1,UpdatePublished,"{'model_id': 'model_mnist_784_noniid', 'round': 4, 'ticket_id': 216, 'cid': 'sha256:4fe6b69c1dac70cfc51679abc0975809c04a01a0195c60d4ef8d8afe71712cb8'}",mock
0x7f703042f175b210369351084c0b7520468b1433b6240c8cad274ba6849e8330,86000,1,TicketReserved,"{'model_id': 'model_mnist_784_noniid', 'round': 4, 'ticket_id': 217, 'owner': 'acct_17'}",mock
0x33ce90d7eb220e3a4adff2af603e84cf8947223f5efdb9af56ec35da7f06c460,93000,1,UpdatePublished,"{'model_id': 'model_mnist_784_noniid', 'round': 4, 'ticket_id': 217, 'cid': 'sha256:5eb037a62c11bf6cbc5a2dc07cc726369b64183887cddfbe9c4807b0c99ca1b7'}",mock
0x07aece86cb4c70c147cc6754ed2f1b9348a90f2617760e71bf070d7e15aecef3,86000,1,TicketReserved,"{'model_id': 'model_mnist_784_noniid', 'round': 4, 'ticket_id': 218, 'owner': 'acct_18'}",mock
0x13a02bfc4d9ea99aec72168c07461252ab11f5de12bba70127ba78651340b06e,93000,1,UpdatePublished,"{'model_id': 'model_mnist_784_noniid', 'round': 4, 'ticket_id': 218, 'cid': 'sha256:fa3c5a164d733bce51301b50bb051a78a5e02ac4bc1603b317416517a1aa4be8'}",mock
0xb52bb6bb7183a626ac7969dfb8a8e4832819ab0e94b0057791826d7d64452c0b,86000,1,TicketReserved,"{'model_id': 'model_mnist_784_noniid', 'round': 4, 'ticket_id': 219, 'owner': 'acct_19'}",mock
0x7f0b35f64ab88d573d7ec80e7d999fe6caa678b3c392f2bc26452fd4348d0a5b,93000,1,UpdatePublished,"{'model_id': 'model_mnist_784_noniid', 'round': 4, 'ticket_id': 219, 'cid': 'sha256:aa391141e44013ff9eb99fe8f7727b4f1bf75e13e3e8bc7d99756a10365186f8'}",mock
0x422058c5592b470fc0b4613a5798bbb0137495a5073a62ac9d2dc78377e5ee55,86000,1,TicketReserved,"{'model_id': 'model_mnist_784_noniid', 'round': 4, 'ticket_id': 220, 'owner': 'acct_20'}",mock
0xa09b57d7a1c0161a401bc1259a374e90de89e2f4e996bd73f48f2a50d6cfc03b,93000,1,UpdatePublished,"{'model_id': 'model_mnist_784_noniid', 'round': 4, 'ticket_id': 220, 'cid': 'sha256:069b7dfa90816d5dc553db50b9ecc18a12b5fa7101b485586297c97cc9672766'}",mock
0x8336bc8b517a1f6acae0de0ebdea662c1f5ccacea176d2196b7355f2e69a72d2,86000,1,TicketReserved,"{'model_id': 'model_mnist_784_noniid', 'round': 4, 'ticket_id': 221, 'owner': 'acct_21'}",mock
0xb8344c3e53123a449d14a1ee5f654038b335be8c07f7f9c987bce694405377b7,93000,1,UpdatePublished,"{'model_id': 'model_mnist_784_noniid', 'round': 4, 'ticket_id': 221, 'cid': 'sha256:7f210e0c38776f56e26b8d3a12d8965741cbf6ff25cbe72ba016083a62560db1'}",mock
0xa1516702ea80fbf68a772f730f3e91d3e9fcd7b81116bc0b762a6441cc06bdb5,86000,1,TicketReserved,"{'model_id': 'model_mnist_784_noniid', 'round': 4, 'ticket_id': 222, 'owner': 'acct_22'}",mock
0xd533b649c3ce0f660a16f421208880edd917ab4bef45fdb42f341234a784b22e,93000,1,UpdatePublished,"{'model_id': 'model_mnist_784_noniid', 'round': 4, 'ticket_id': 222, 'cid': 'sha256:d148f3eb9fd5115ddf203de8ddb6146bc447a61e7ffd8cb786bccf5bb9749ae8'}",mock
0x220464d5803f553741576f69b333b385325ff7ef71b5589f902ac2ea076779ad,86000,1,TicketReserved,"{'model_id': 'model_mnist_784_noniid', 'round': 4, 'ticket_id': 223, 'owner': 'acct_23'}",mock
0x3a2684900b82cf712fb9247728a2b891370e57455e1e4b2b673a116f490ccd6f,93000,1,UpdatePublished,"{'model_id': 'model_mnist_784_noniid', 'round': 4, 'ticket_id': 223, 'cid': 'sha256:de88fc59f5430f3426c74000b053a8a161193253c3fdd8eff54cafcab3123d5c'}",mock
0xcd994ec52ee2129e63276255dafacf2c2039fcd89a16f508e464fa672e30ecce,86000,1,TicketReserved,"{'model_id': 'model_mnist_784_noniid', 'round': 4, 'ticket_id': 224, 'owner': 'acct_24'}",mock
0x031d26606731a3109a37dbeeaaa28e8862652ca3dfdf366de55e54331910b03b,93000,1,UpdatePublished,"{'model_id': 'model_mnist_784_noniid', 'round': 4, 'ticket_id': 224, 'cid': 'sha256:4429cbc653a2ca10b67fdbd7f6cd565f369d54281a369af504a59be1c3d57fc4'}",mock
0xf4f5a813986c98a9c58975b47b6cf810d2d75fd2c747872edb2582aaf8568197,86000,1,TicketReserved,"{'model_id': 'model_mnist_784_noniid', 'round': 4, 'ticket_id': 225, 'owner': 'acct_25'}",mock
0x2874fe6529147dd416d4b52a8c13ea3d53fd1599a72389a97340783736c4b818,93000,1,UpdatePublished,"{'model_id': 'model_mnist_784_noniid', 'round': 4, 'ticket_id': 225, 'cid': 'sha256:112cc25bed12f2ab0c184b8855d865c62992d0ccfa92f0a47b6d7ce6171a0fa1'}",mock
0xebab9f8fc9a9b04f59f7722010ece1d90d0defb221904f2dccb7884ed9202fae,86000,1,TicketReserved,"{'model_id': 'model_mnist_784_noniid', 'round': 4, 'ticket_id': 226, 'owner': 'acct_26'}",mock
0xc189c18abb914e115d7a90f17933b0d9a187cc912ccb49239f66cc888efdac8a,93000,1,UpdatePublished,"{'model_id': 'model_mnist_784_noniid', 'round': 4, 'ticket_id': 226, 'cid': 'sha256:29c0b2e2c40e0aba4a4248e916f4fea1be602e69dd30a77da7cc4af42ac966ee'}",mock
0x1c78d2cc36cb79666b5d62ce4291bf638238df53435567f213f2621c96bf2910,86000,1,TicketReserved,"{'model_id': 'model_mnist_784_noniid', 'round': 4, 'ticket_id': 227, 'owner': 'acct_27'}",mock
0xcc55063ffc7bca349fd57074c7e30528506e5f86723942236b64c1724a85d02c,93000,1,UpdatePublished,"{'model_id': 'model_mnist_784_noniid', 'round': 4, 'ticket_id': 227, 'cid': 'sha256:0a577ece09d9789896449645dbe98e34b56b6ba0b0fa0f741a08fa13070971bf'}",mock
0xcc37a9604e7edcf3a7ee81eebf47706dbd8a1ebfe05d18ce4a2e55d17177a389,86000,1,TicketReserved,"{'model_id': 'model_mnist_784_noniid', 'round': 4, 'ticket_id': 228, 'owner': 'acct_28'}",mock
0x0f74bce48335c68a59943f6fc22d30d387cabbcb76d6b507669778751c2183ba,93000,1,UpdatePublished,"{'model_id': 'model_mnist_784_noniid', 'round': 4, 'ticket_id': 228, 'cid': 'sha256:a3fe8e27dd7fc8652c4548c11d70929cf1c591038bc7deff7e283a51128f3908'}",mock
0xb2efaaac0dbd54f5b5ff19f44d78c858403f3f8e812f3fd398018ab7e58240e8,86000,1,TicketReserved,"{'model_id': 'model_mnist_784_noniid', 'round': 4, 'ticket_id': 229, 'owner': 'acct_29'}",mock
0xe4d2cc3367148b8274a95fccc2065d0e1232de0c8c6ccefdd108c14b572cf7bc,93000,1,UpdatePublished,"{'model_id': 'model_mnist_784_noniid', 'round': 4, 'ticket_id': 229, 'cid': 'sha256:e1d0ed5212adecaf49a3730276695f894868ca19668abef8928f6c3fed8c6782'}",mock
0x344709ec6f4adefc77231fbdf10c8003dab76d77cdf1ed8f7b8e89dd518bfae6,86000,1,TicketReserved,"{'model_id': 'model_mnist_784_noniid', 'round': 4, 'ticket_id': 230, 'owner': 'acct_30'}",mock
0x8d97680298f7d3b7f51d7a0e777b748590110060166fd1b5c701e36402023c97,93000,1,UpdatePublished,"{'model_id': 'model_mnist_784_noniid', 'round': 4, 'ticket_id': 230, 'cid': 'sha256:c0644a6f4c398c8534791f3eb8a8698eeb771f3c6f7df945d08585f871d779e1'}",mock
0x772a9504103a86477c35de45218d9f49b08e4ac735129d9284f68a43622bb12d,86000,1,TicketReserved,"{'model_id': 'model_mnist_784_noniid', 'round': 4, 'ticket_id': 231, 'owner': 'acct_31'}",mock
0x917a48077e5361616beb544ab03380dad6a5ecb9124e2f18d565888f74506696,93000,1,UpdatePublished,"{'model_id': 'model_mnist_784_noniid', 'round': 4, 'ticket_id': 231, 'cid': 'sha256:7984d0f600bacbccd5dec8f7c63168f1a775e5c503de4c0d14fa8b5a9eb703c3'}",mock
0xd3e0b6383006e1d002be25413a0e92653b47df5ed68113599b96c1061eacc5b1,86000,1,TicketReserved,"{'model_id': 'model_mnist_784_noniid', 'round': 4, 'ticket_id': 232, 'owner': 'acct_32'}",mock
0x41835af58f0a60d99d6f9fb7c69fe8cffad843a05029c11295dc99d3bef40f59,93000,1,UpdatePublished,"{'model_id': 'model_mnist_784_noniid', 'round': 4, 'ticket_id': 232, 'cid': 'sha256:9ac029f6598075bf81d70df56c6840248351d0bf970f9c34d4f4b469db536ecd'}",mock
0xfa3998bfec6d0492b5e1ad892b07935086bb41b1c56a8ec9fe362ba20d2d67c8,86000,1,TicketReserved,"{'model_id': 'model_mnist_784_noniid', 'round': 4, 'ticket_id': 233, 'owner': 'acct_33'}",mock
0x5e959fc6100bcd2136663d92c731ffe8d9a4034b09adae06fb9256ef06db2b4a,93000,1,UpdatePublished,"{'model_id': 'model_mnist_784_noniid', 'round': 4, 'ticket_id': 233, 'cid': 'sha256:8780346752549a88816a82648a503c1b31b06b8265ccb3c53891002deb75b3dd'}",mock
0x6f1c94d115b72c0c0ad2c8b9d1e5ec540d4a59d7a35b49635be0f26d2fd7668f,86000,1,TicketReserved,"{'model_id': 'model_mnist_784_noniid', 'round': 4, 'ticket_id': 234, 'owner': 'acct_34'}",mock
0x8f874df2736859b02d79abed513c67e0f24fb689a288205e7ddde1ad9cce1d1e,93000,1,UpdatePublished,"{'model_id': 'model_mnist_784_noniid', 'round': 4, 'ticket_id': 234, 'cid': 'sha256:758f6125485830902ccc9b19d260fa8d8baebcb9cb54f4233f40ef63a261a638'}",mock
0xd4e6151933fc75ebae9c0c189c6a37fd566179f92e24fd1466277bb31f2fd6e7,86000,1,TicketReserved,"{'model_id': 'model_mnist_784_noniid', 'round': 4, 'ticket_id': 235, 'owner': 'acct_35'}",mock
0xea0a7261f43d5a2574810413b54582b0bfa0b6b1af2b9bfcc3e51c5c2b4c2c80,93000,1,UpdatePublished,"{'model_id': 'model_mnist_784_noniid', 'round': 4, 'ticket_id': 235, 'cid': 'sha256:a106609e662995dddff3646dc0c4c64bcb65cf9e0ecaa7bb1f402766982c55bc'}",mock
0xef01c63110e0c493c10ec9475e1c2aea92f7a2e34ec7e0db4e810698be25a29c,86000,1,TicketReserved,"{'model_id': 'model_mnist_784_noniid', 'round': 4, 'ticket_id': 236, 'owner': 'acct_36'}",mock
0x95166c087f676fc39fb280690a51575d951466e1dc811a097f6cf653c0f3a777,93000,1,UpdatePublished,"{'model_id': 'model_mnist_784_noniid', 'round': 4, 'ticket_id': 236, 'cid': 'sha256:2d1f66fe69a48e1ba13631631a5badff7c42999e0ba427d180f86fa757794e7c'}",mock
0xe9f67c46ef6367fd825d79fb37616ff7755f8cf1a13dd1e487645cb899dc17cd,86000,1,TicketReserved,"{'model_id': 'model_mnist_784_noniid', 'round': 4, 'ticket_id': 237, 'owner': 'acct_37'}",mock
0x5d62b20899c1b94aee20ff89af3f8e9e9d4ab8a567998b55f15df0be1ce6374a,93000,1,UpdatePublished,"{'model_id': 'model_mnist_784_noniid', 'round': 4, 'ticket_id': 237, 'cid': 'sha256:bb688d7b681bae95d7021cc96468f4dd3a136e8a7ee5addf74766aee7630f463'}",mock
0x139fea1579bb1a505012aab14412422e618ab551c2213773d1f78e895c13bcdf,86000,1,TicketReserved,"{'model_id': 'model_mnist_784_noniid', 'round': 4, 'ticket_id': 238, 'owner': 'acct_38'}",mock
0x49c0c2d3dd231804f88ac66b7058c8aaa2e0c3d8e18b9d11623cb4d75345b368,93000,1,UpdatePublished,"{'model_id': 'model_mnist_784_noniid', 'round': 4, 'ticket_id': 238, 'cid': 'sha256:d30dd6fcfa1b435f5a6dd506454f940f37849dd1af83dd19c0018dad261d0744'}",mock
0x10b2bc348e632e963e00cfb9955a740fbb5fe9aeac5ecdbbf5ede8e54142ed0e,86000,1,TicketReserved,"{'model_id': 'model_mnist_784_noniid', 'round': 4, 'ticket_id': 239, 'owner': 'acct_39'}",mock
0x5dc8df1da228e3981daef3a07813104a0d62dbf77bdd934625af9dc246194aac,93000,1,UpdatePublished,"{'model_id': 'model_mnist_784_noniid', 'round': 4, 'ticket_id': 239, 'cid': 'sha256:f92a9482cc41fee332ce1d372d812529982a4aedb1abce94b1e69a82b2a66106'}",mock
0xf94c8b315049898c5b3fd88967b4ea4c390716fa5a41eaca52a848f96a9e8472,86000,1,TicketReserved,"{'model_id': 'model_mnist_784_noniid', 'round': 4, 'ticket_id': 240, 'owner': 'acct_40'}",mock
0x0a5e69d71a28aed9e537dbd1d94448067bd25c6a9472cd5c0ecee152a2c29c44,93000,1,UpdatePublished,"{'model_id': 'model_mnist_784_noniid', 'round': 4, 'ticket_id': 240, 'cid': 'sha256:e00b7ba2645a4192fabc8b4d879a14666be90fd2f3e7aa0e0d2beadfee03a480'}",mock
0x590c3f64be6c1c3d0845241946e7e349e50cc9a258394e5aed35335e8604a9b9,86000,1,TicketReserved,"{'model_id': 'model_mnist_784_noniid', 'round': 4, 'ticket_id': 241, 'owner': 'acct_41'}",mock
0xf608bf8a0b89d1c22ef30972321a8a08042c363318960b5ca6615c0f39653ef0,93000,1,UpdatePublished,"{'model_id': 'model_mnist_784_noniid', 'round': 4, 'ticket_id': 241, 'cid': 'sha256:3aa0303bbb85c138345fdc770c4258d0696d5b2989382dc8adfd7def3929cedd'}",mock
0xb3f55713dd22b0cad445f55bd3dd8170b593e733d4b2a4803da8c15dbbf66908,86000,1,TicketReserved,"{'model_id': 'model_mnist_784_noniid', 'round': 4, 'ticket_id': 242, 'owner': 'acct_42'}",mock
0x3a0aff4da7e837c9cdc12080f306cc80455522e15bd0e484c68a7c673c1f54df,93000,1,UpdatePublished,"{'model_id': 'model_mnist_784_noniid', 'round': 4, 'ticket_id': 242, 'cid': 'sha256:8dbe11e9c18551f640dd40066d2b7979af8e91044f1a53b57da6b21c2d123b7f'}",mock
0x556b616778d72dabe8ac78e8014041b63995f103d7025252db5cf8365ddae9c5,86000,1,TicketReserved,"{'model_id': 'model_mnist_784_noniid', 'round': 4, 'ticket_id': 243, 'owner': 'acct_43'}",mock
0x408e77461f88c2ff440389302b6eb62abe9c4bf072ce9cf27d7c462d35aaa826,93000,1,UpdatePublished,"{'model_id': 'model_mnist_784_noniid', 'round': 4, 'ticket_id': 243, 'cid': 'sha256:c71aaa122124b58eb71f1a7e28b5755c18aeddad0a68ae7f5c6ee68f6c96f37b'}",mock
0x8d56965f79f42b3ee469f3fc3266be6ab20c08a6fbc8d095667adb03a751e7a7,86000,1,TicketReserved,"{'model_id': 'model_mnist_784_noniid', 'round': 4, 'ticket_id': 244, 'owner': 'acct_44'}",mock
0x752948d4ddc0977d94a759ee0317af894baf4a56fc052cfa0f30b645ae579939,93000,1,UpdatePublished,"{'model_id': 'model_mnist_784_noniid', 'round': 4, 'ticket_id': 244, 'cid': 'sha256:6dcf3eed3dc142fe171cb273c044d0b1852c3aef62db389edc767b934e67a489'}",mock
0x094000eb4f4bbbfa765d1cc441410fc9c4bb96fa0f9ab052bf31e3e97df577e8,86000,1,TicketReserved,"{'model_id': 'model_mnist_784_noniid', 'round': 4, 'ticket_id': 245, 'owner': 'acct_45'}",mock
0x64970127c5e1e7da059e0fdd3f36dd8a95fd017787da33665541fb14fc2c6f18,93000,1,UpdatePublished,"{'model_id': 'model_mnist_784_noniid', 'round': 4, 'ticket_id': 245, 'cid': 'sha256:cd3fe919c8453b0a44bbc0c9998f40f2438f0834ac854903324234b9fc39e0ac'}",mock
0x748401eca7f61af43b619f092ab4f700a57337f94358c8a97d1d23f0896f0631,86000,1,TicketReserved,"{'model_id': 'model_mnist_784_noniid', 'round': 4, 'ticket_id': 246, 'owner': 'acct_46'}",mock
0xc91924fb55c73f911906d0d44bc835e69224619435f8f6b01d523d0c88ec72c8,93000,1,UpdatePublished,"{'model_id': 'model_mnist_784_noniid', 'round': 4, 'ticket_id': 246, 'cid': 'sha256:cdd8a0e6fd1aae3d9580e02474825ed8e4a0ce2fdf4c84cb0f5cdbb674aaa66a'}",mock
0x94c172aa106886a4d7bd98f181648a91811c338cfe7c0908c8de2ed06339e435,86000,1,TicketReserved,"{'model_id': 'model_mnist_784_noniid', 'round': 4, 'ticket_id': 247, 'owner': 'acct_47'}",mock
0x7020c52773c796f306fe505b2bf5f20769e49431df88c3a5bf7eafdc276edd87,93000,1,UpdatePublished,"{'model_id': 'model_mnist_784_noniid', 'round': 4, 'ticket_id': 247, 'cid': 'sha256:8ae450abf7c6965c493fb0136130094bdb86b4a3ce81d8855e0f0c115c278e92'}",mock
0x93a9235022054d48acaf19513371647b9ad191177f698efcfe427a8079cb960d,86000,1,TicketReserved,"{'model_id': 'model_mnist_784_noniid', 'round': 4, 'ticket_id': 248, 'owner': 'acct_48'}",mock
0x22d12bf5225c61d799b24515e0c6c478966f98063ffcc69d12366b05946bf1cc,93000,1,UpdatePublished,"{'model_id': 'model_mnist_784_noniid', 'round': 4, 'ticket_id': 248, 'cid': 'sha256:7ac832d489bc9bd6d2c5c689f14a658379d65db8ac0d4d02387a56f7cece59db'}",mock
0xba97cb3b69e123e4bfa451be5690a7a079ab2a092e5d6e6a4e2e5ccfeae11cbe,86000,1,TicketReserved,"{'model_id': 'model_mnist_784_noniid', 'round': 4, 'ticket_id': 249, 'owner': 'acct_49'}",mock
0x4d6695b06a9db99f8810baa95f16605ba092bb9a3585a8ba66d3f061b1ee0ca1,93000,1,UpdatePublished,"{'model_id': 'model_mnist_784_noniid', 'round': 4, 'ticket_id': 249, 'cid': 'sha256:b65ff18a98a9a3a0625f52e938f9b6de7805e9b4cb0b64ba065cdb72a7b25189'}",mock
0x0a42ad5c30ecf923b611cf9b01035244a365dbd90500631ffacc908eac83c452,86000,1,TicketReserved,"{'model_id': 'model_mnist_784_noniid', 'round': 4, 'ticket_id': 250, 'owner': 'acct_50'}",mock
0xb63985810f6a4dfb07a946b4a26e0116d43d06ba5138351a5f3022cc3d2764cc,93000,1,UpdatePublished,"{'model_id': 'model_mnist_784_noniid', 'round': 4, 'ticket_id': 250, 'cid': 'sha256:95a020f1fcaca5401fc8c623a373814011774755bdf2568adeda49deff6a15c0'}",mock
0x831bebfc74b819a5116ff4ce97ee810ba378d32f2f7c6b8edc9fc08913d2f946,665000,1,RoundFinalized,"{'model_id': 'model_mnist_784_noniid', 'round': 4, 'included': 27, 'refunds': 27}",mock
0x6058baba6cea1a93719590739b7c1fd019c7b3ef08377697ebccc4d8b5d707bc,52000,1,RoundFunded,"{'model_id': 'model_mnist_784_noniid', 'amount_wei': 10000000000000000}",mock
0xc0050100527a3e2756d4d7f7fe04f94b0c0f4899d67eb2e2f2a0fb95c39f927a,86000,1,TicketReserved,"{'model_id': 'model_mnist_784_noniid', 'round': 5, 'ticket_id': 251, 'owner': 'acct_1'}",mock
0x92f971ae9ec662c159253e7e5113fd0e8cffda30e2f27e40aaf76754d0bcca31,93000,1,UpdatePublished,"{'model_id': 'model_mnist_784_noniid', 'round': 5, 'ticket_id': 251, 'cid': 'sha256:37b9f4f56f48b155973a6531d5ca1c6dfee4a5ae1e04ba23f5803d8b3382724a'}",mock
0x2a39471e69de12fa1799a8c0758288f9ac3ce05d13e8bc5c6aca4ca5e407ff53,86000,1,TicketReserved,"{'model_id': 'model_mnist_784_noniid', 'round': 5, 'ticket_id': 252, 'owner': 'acct_2'}",mock
0x38f1f394de89b73131761b7611caa9cb89bd767c33fc5cb710d2fc1b2fe6d769,93000,1,UpdatePublished,"{'model_id': 'model_mnist_784_noniid', 'round': 5, 'ticket_id': 252, 'cid': 'sha256:2aa7bbcee6c5ceaa050c460c000231783f32e2968d96c6bf55302e09894f74d0'}",mock
0x0913ea11a8c326bd078c1a45601a2908b1d3c4615d1dd950d2f5cea2911df06b,86000,1,TicketReserved,"{'model_id': 'model_mnist_784_noniid', 'round': 5, 'ticket_id': 253, 'owner': 'acct_3'}",mock
0x4717a32b011fcf64b92a9a66e9ee435e51eb9c902a517806e1618aaf81acf475,93000,1,UpdatePublished,"{'model_id': 'model_mnist_784_noniid', 'round': 5, 'ticket_id': 253, 'cid': 'sha256:3c66a855129663d5372a3905542739000b2f0614aeb30e08e39e7dd92682831a'}",mock
0x15285eb888b791578ecaa665ede32eeb3ce1c8dc1b7544c057658657d3a358cc,86000,1,TicketReserved,"{'model_id': 'model_mnist_784_noniid', 'round': 5, 'ticket_id': 254, 'owner': 'acct_4'}",mock
0x6421d5a8b61a359ce88499c4dcd8b31ce882a4b58a5fce7365d9a90cd52b785c,93000,1,UpdatePublished,"{'model_id': 'model_mnist_784_noniid', 'round': 5, 'ticket_id': 254, 'cid': 'sha256:d8c5419d5e95e26405c72ab1180a95a9e411d89ad603bbf2eed39d8feb7412af'}",mock
0xb6d3958c3971cff3faac4cfb4178ee8d9e8d1485fa13acdcbc3d7b5c3d58c3da,86000,1,TicketReserved,"{'model_id': 'model_mnist_784_noniid', 'round': 5, 'ticket_id': 255, 'owner': 'acct_5'}",mock
0x8ff83f1fdba2b23c12e7260d2a81bdef8e7770f9506596a5234efa313a565870,93000,1,UpdatePublished,"{'model_id': 'model_mnist_784_noniid', 'round': 5, 'ticket_id': 255, 'cid': 'sha256:4065e6633ed93442fb571622b88204857a1a0feffe6fe79e0d711e3802956d3d'}",mock
0x271cdc0bb8d4062060dab12e5c09380939992f79a6e5b90c8ab5dc03e6752cd5,86000,1,TicketReserved,"{'model_id': 'model_mnist_784_noniid', 'round': 5, 'ticket_id': 256, 'owner': 'acct_6'}",mock
0x8218ba3d73f337cbf116b3649e6fb026d959c55ea3c047333e76be611d1dea46,93000,1,UpdatePublished,"{'model_id': 'model_mnist_784_noniid', 'round': 5, 'ticket_id': 256, 'cid': 'sha256:f9966499dba85e84118c349553580bf1a02fe3a0f4b87a72963f207c3bc77e7c'}",mock
0x5725b4978050988ca6fbb734c1e3ab73c52169de0ab35b46597c660fb58d26c0,86000,1,TicketReserved,"{'model_id': 'model_mnist_784_noniid', 'round': 5, 'ticket_id': 257, 'owner': 'acct_7'}",mock
0x72d76837605abba620d8d29ba4e737573526207d950aff1ab1f333074e576f14,93000,1,UpdatePublished,"{'model_id': 'model_mnist_784_noniid', 'round': 5, 'ticket_id': 257, 'cid': 'sha256:4ab05356c57544bb706402fb9f2b3e489f1bf12c0dd8e090f739e98acef84e02'}",mock
0xd29254a71ab7da7f219fe2cfec8be840492536a6970dd6d534078e076cd8d79f,86000,1,TicketReserved,"{'model_id': 'model_mnist_784_noniid', 'round': 5, 'ticket_id': 258, 'owner': 'acct_8'}",mock
0x3b4030ce25c0f3e99a7aae17e6b2ac8d55c43af44c311b4550c56415f822747e,93000,1,UpdatePublished,"{'model_id': 'model_mnist_784_noniid', 'round': 5, 'ticket_id': 258, 'cid': 'sha256:b0c6fdd9be60069e060cebc234e24b36ec25fd0977e50bc8248d30d4750ca186'}",mock
0x7fffa8f54aa81aa0289cbb4de7b446822d6774956e30927a426c9bb866ebcc2e,86000,1,TicketReserved,"{'model_id': 'model_mnist_784_noniid', 'round': 5, 'ticket_id': 259, 'owner': 'acct_9'}",mock
0x7c84b4706c64699393fa89e1b3516a5eaa9a68119ad677de5fc0fd642af99a11,93000,1,UpdatePublished,"{'model_id': 'model_mnist_784_noniid', 'round': 5, 'ticket_id': 259, 'cid': 'sha256:40468ddfc32eb3ecd5540e047de172e656a4fd9b42f471058790da00659abfa7'}",mock
0xa7113a2014231a416c0b9e1c6c92a5c1fd6720a8a41bcce43b91aeda8f2c9fb1,86000,1,TicketReserved,"{'model_id': 'model_mnist_784_noniid', 'round': 5, 'ticket_id': 260, 'owner': 'acct_10'}",mock
0xe61cfd98b456bd63536e2cf979748c77682e0aeffa9690d47f3a8902cb608292,93000,1,UpdatePublished,"{'model_id': 'model_mnist_784_noniid', 'round': 5, 'ticket_id': 260, 'cid': 'sha256:6a9ad684656b554ad7544b5884bff78a38c56f7f031d75ecfd4136a9d517f1de'}",mock
0xb482e55ea948b2347b8b49be36c17ae00fd7af4da7f5fee03ab360ec1433e397,86000,1,TicketReserved,"{'model_id': 'model_mnist_784_noniid', 'round': 5, 'ticket_id': 261, 'owner': 'acct_11'}",mock
0xd3d703aece48edd99cfcfe36ac20a63cd68ddf759720f71e61f1416cf94d2ee5,93000,1,UpdatePublished,"{'model_id': 'model_mnist_784_noniid', 'round': 5, 'ticket_id': 261, 'cid': 'sha256:bd21ac1b8aaeb08bbf93fe381587ab10154b69c337cdedff31a63c3482bdd37c'}",mock
0xf47ce31ba19a7b444fdedc964d4fd14365e8c520d7eb0995ad0e8f9ce0ab1ecc,86000,1,TicketReserved,"{'model_id': 'model_mnist_784_noniid', 'round': 5, 'ticket_id': 262, 'owner': 'acct_12'}",mock
0x0314f38c362ee9d420bb22f345df3442f7a5baafc097a0ff8e973d22e4d054ad,93000,1,UpdatePublished,"{'model_id': 'model_mnist_784_noniid', 'round': 5, 'ticket_id': 262, 'cid': 'sha256:3bc3edf0aefaff7d725c843fda5a74b4553225d848e92fd91d9aebec17bdf1bf'}",mock
0x8115d84c0fef8a73069447c110df5c112b15652cb5fad42907ab123a2af92072,86000,1,TicketReserved,"{'model_id': 'model_mnist_784_noniid', 'round': 5, 'ticket_id': 263, 'owner': 'acct_13'}",mock
0x7599a9d739bd5b480c17f60dff9343c6a03b9a83f6b01ab53d33dceec47c1648,93000,1,UpdatePublished,"{'model_id': 'model_mnist_784_noniid', 'round': 5, 'ticket_id': 263, 'cid': 'sha256:ef4efbf62c1073f33929e90c9016823bb8db10d4d72fbdc875428b66624712f4'}",mock
0x22f0fa806f5de28a94a38f87b1ee86504ee79fa348b99990df0713d9792c3bcb,86000,1,TicketReserved,"{'model_id': 'model_mnist_784_noniid', 'round': 5, 'ticket_id': 264, 'owner': 'acct_14'}",mock
0x6ba7a70e35a2c8fe1cda5415a75dd956bcc9e586daa3d02c95b666072da3a4d9,93000,1,UpdatePublished,"{'model_id': 'model_mnist_784_noniid', 'round': 5, 'ticket_id': 264, 'cid': 'sha256:204f7202c7b16cd83567812ddc0c0590f50976f2ef2f6dc95c9347d8cfd1ae5f'}",mock
0x8992f11a57c8dff5b6b9bc99fa4cd5275cfbd2193b889406b8a6f21318aaad3d,86000,1,TicketReserved,"{'model_id': 'model_mnist_784_noniid', 'round': 5, 'ticket_id': 265, 'owner': 'acct_15'}",mock
0x2ae715e214e2609dada7f3de636e4404483c69f78c9f04a1262451b150043bea,93000,1,UpdatePublished,"{'model_id': 'model_mnist_784_noniid', 'round': 5, 'ticket_id': 265, 'cid': 'sha256:6a493e3ea734c9d2f06d0457a63f86677e498a32b9beb393d9c72b0f3b706c42'}",mock
0x5db52e1e97828e468b10a943ca4df9217cd99d7f64164fb4eee141c69014c979,86000,1,TicketReserved,"{'model_id': 'model_mnist_784_noniid', 'round': 5, 'ticket_id': 266, 'owner': 'acct_16'}",mock
0xa69bcf1f4fa6602bc4d958a923a0e7b830cda4f7af8c9346b5429191884b4776,93000,1,UpdatePublished,"{'model_id': 'model_mnist_784_noniid', 'round': 5, 'ticket_id': 266, 'cid': 'sha256:7e9db28d3efc42a4d142f4bef5f1183acfe9ff7a111239dc4cf5f8b7d33e5a03'}",mock
0x17cd7792c32046240e1efcf612842c8a9b6159eb64960f0e6be7643f09fab978,86000,1,TicketReserved,"{'model_id': 'model_mnist_784_noniid', 'round': 5, 'ticket_id': 267, 'owner': 'acct_17'}",mock
0xdfd4650f34ec44c5f4804afe03cf9e2f1d2ed349129276dc14907f5c4e8906e5,93000,1,UpdatePublished,"{'model_id': 'model_mnist_784_noniid', 'round': 5, 'ticket_id': 267, 'cid': 'sha256:5c3cb3208899cce5953f354092e45fcd9e46b8f9b6becce33f8f0f53d03ce07e'}",mock
0xef3fc5eb5fdf92eece8095d35cbb60e058ccde55384617e297ef71c21d84d36b,86000,1,TicketReserved,"{'model_id': 'model_mnist_784_noniid', 'round': 5, 'ticket_id': 268, 'owner': 'acct_18'}",mock
0x3478985ad4eb2862034eab49ede327fcf00ef75242216b166291eaaf5ceced5e,93000,1,UpdatePublished,"{'model_id': 'model_mnist_784_noniid', 'round': 5, 'ticket_id': 268, 'cid': 'sha256:6a2547f2dc40b6c022e1ff0c01a2e17e5c352d6bcc909d982b653c404ef5b48c'}",mock
0xd5fa582d84d523bdb3afd204b93e6245dcca7df8ca442441aebbcecb0d6b9e58,86000,1,TicketReserved,"{'model_id': 'model_mnist_784_noniid', 'round': 5, 'ticket_id': 269, 'owner': 'acct_19'}",mock
0x61be8063946e1b5b0b93cd4ddd833d6139ea3d2bf557fb76b12c5bbefb94fc26,93000,1,UpdatePublished,"{'model_id': 'model_mnist_784_noniid', 'round': 5, 'ticket_id': 269, 'cid': 'sha256:883163fefcaab5bfb4cae772f504e19f2cb85e68851a9494389bdf2f6a5d0042'}",mock
0x859142a42aafdad4fe5c45987572236365726b9dca19e3bc39daec096029aa1b,86000,1,TicketReserved,"{'model_id': 'model_mnist_784_noniid', 'round': 5, 'ticket_id': 270, 'owner': 'acct_20'}",mock
0x0d3b555e727dcbacfab23f770b9cbea35403ce3ef95f9fe5aaef489274d872a4,93000,1,UpdatePublished,"{'model_id': 'model_mnist_784_noniid', 'round': 5, 'ticket_id': 270, 'cid': 'sha256:9471ce9f7ef762a2d134a3f8410b9f691ca4ced3d97b3b1850327e53f29d0e59'}",mock
0x763697eb29755e94b779e258c0fc80c0d5ff8c1627771e501d1d775280df4b48,86000,1,TicketReserved,"{'model_id': 'model_mnist_784_noniid', 'round': 5, 'ticket_id': 271, 'owner': 'acct_21'}",mock
0x674fc6bd0f6439ddbe213e1375540edc146637cdcf26f4e479a8fdfb588f304f,93000,1,UpdatePublished,"{'model_id': 'model_mnist_784_noniid', 'round': 5, 'ticket_id': 271, 'cid': 'sha256:e3c1f888381e482d8b740a36f70f026bbafc272d8b90ab09f2df0092e05c1b10'}",mock
0x4f0e288fcc2707488381185b4af87d780db46a97ab4dd2e28989a2d1953454fe,86000,1,TicketReserved,"{'model_id': 'model_mnist_784_noniid', 'round': 5, 'ticket_id': 272, 'owner': 'acct_22'}",mock
0xa5b87239b74deb7ccb0f082ad20b15fe8d91202efe342bbfa233f34ccf7646b0,93000,1,UpdatePublished,"{'model_id': 'model_mnist_784_noniid', 'round': 5, 'ticket_id': 272, 'cid': 'sha256:a1789efc8fdf09391711b62ed723f619ea516c42aa36727fd3a0a9a5bcfc9647'}",mock
0x2c7437fb891255d6ec3c14d48564db4d71789be9d201de7aef3d0b9f3a372140,86000,1,TicketReserved,"{'model_id': 'model_mnist_784_noniid', 'round': 5, 'ticket_id': 273, 'owner': 'acct_23'}",mock
0x53323d1350ea7cbbfb5e99aa5bfc2af137261090eaea65e701260c0520b4cb7c,93000,1,UpdatePublished,"{'model_id': 'model_mnist_784_noniid', 'round': 5, 'ticket_id': 273, 'cid': 'sha256:4c167949edaebc6641d7f92876566d85828edddc94e540891d94f1bd842c47d9'}",mock
0x05bfd4b2fd69ceafd4277e3ef682f624a523b19609c37d9056aa6a5aa95bdb46,86000,1,TicketReserved,"{'model_id': 'model_mnist_784_noniid', 'round': 5, 'ticket_id': 274, 'owner': 'acct_24'}",mock
0x448cdcf021178cbf0e7e5f893bc3bc9674ccaa7603c2b03827f8b5bd727c3b03,93000,1,UpdatePublished,"{'model_id': 'model_mnist_784_noniid', 'round': 5, 'ticket_id': 274, 'cid': 'sha256:fd6b4048b0b33a1f6f35e5ae2c8d0b63c09a9026c9a66d4aea102cbc9533fe09'}",mock
0xa1fec38e31ffcf2a7fa5cf36fe18cbd3b9f28c5f801aa5bc00073f859d337dc3,86000,1,TicketReserved,"{'model_id': 'model_mnist_784_noniid', 'round': 5, 'ticket_id': 275, 'owner': 'acct_25'}",mock
0x1172dff62f01b0af949a7d19e0ebbf874dac36b3f9329affbd455e28eb7b05be,93000,1,UpdatePublished,"{'model_id': 'model_mnist_784_noniid', 'round': 5, 'ticket_id': 275, 'cid': 'sha256:8848971d1b503e7e464abd06675bee68c7553c6c61588ceeec89c80cecc3df2e'}",mock
0x69ddc95226f9f74747b2985ff3b5c364fcf15e4517c35d2b1e77ffe9201af4c4,86000,1,TicketReserved,"{'model_id': 'model_mnist_784_noniid', 'round': 5, 'ticket_id': 276, 'owner': 'acct_26'}",mock
0x7b35b66ecc75cc3113755f42726200ebe53cde63bf03de4f14127275b71e73ee,93000,1,UpdatePublished,"{'model_id': 'model_mnist_784_noniid', 'round': 5, 'ticket_id': 276, 'cid': 'sha256:f3046c84956038cb2df69ac82107f424620b3489daa40ff754a61ab61694ac8f'}",mock
0xc75b3b30d85a25ac603a0f527dfdadc59f1f7afc9b83e20234f2053d4bde98a0,86000,1,TicketReserved,"{'model_id': 'model_mnist_784_noniid', 'round': 5, 'ticket_id': 277, 'owner': 'acct_27'}",mock
0xca4ffce03ea7f0fd3d6850f755d059b20fbd07898bc133a9ac538e7f0c55415b,93000,1,UpdatePublished,"{'model_id': 'model_mnist_784_noniid', 'round': 5, 'ticket_id': 277, 'cid': 'sha256:cafef0e2449d2ecdec7a70f26a21a017aa74d2f676dd8eebb93e57f4d1e758da'}",mock
0x849fb6cad27e3cfab9796dd04867745e0f3c53a74ebbb757fd35f4226379f3d2,86000,1,TicketReserved,"{'model_id': 'model_mnist_784_noniid', 'round': 5, 'ticket_id': 278, 'owner': 'acct_28'}",mock
0x71244965b6c81d2977d02de62a231bf0b10b47af248361b5cffaa23125282bf6,93000,1,UpdatePublished,"{'model_id': 'model_mnist_784_noniid', 'round': 5, 'ticket_id': 278, 'cid': 'sha256:41ca8904693a31ddd0074f9fe8f6b2e627f36bba7d79bfad916797ab70d4a46a'}",mock
0xce7d61943349595eda8bbcad48cbbf4954f0c126de4b81657e7bb2f9ce04dcff,86000,1,TicketReserved,"{'model_id': 'model_mnist_784_noniid', 'round': 5, 'ticket_id': 279, 'owner': 'acct_29'}",mock
0x507ac34c8c7283a43396ab03ad0202c677e3b22a08258f6ae5f5b000faa06e70,93000,1,UpdatePublished,"{'model_id': 'model_mnist_784_noniid', 'round': 5, 'ticket_id': 279, 'cid': 'sha256:8faa2b4a919e6833b7b4105724ca1f763051f4170eaccb4434ea001b87c1de0d'}",mock
0x714968945d7a5bb1eb8b50ee568bbcf80476d3d418af1bba9eb98df68d90ad2b,86000,1,TicketReserved,"{'model_id': 'model_mnist_784_noniid', 'round': 5, 'ticket_id': 280, 'owner': 'acct_30'}",mock
0xe879b7a7c3f72aaeaa6c207a5c5aa128a4d39e079d29e9e65f6d3933cf8cf493,93000,1,UpdatePublished,"{'model_id': 'model_mnist_784_noniid', 'round': 5, 'ticket_id': 280, 'cid': 'sha256:1968b8253f4b14153dba30e7b01627004c92ff1d5c4b6646ca8bd401b73401fc'}",mock
0x9ac240f4508f821a12a9f5be702280a347ac314564851916734294fa52917f57,86000,1,TicketReserved,"{'model_id': 'model_mnist_784_noniid', 'round': 5, 'ticket_id': 281, 'owner': 'acct_31'}",mock
0x995390ec58451616bd8bccfead0ff887086f8fe20a35dc3ebb07f0bd147aca63,93000,1,UpdatePublished,"{'model_id': 'model_mnist_784_noniid', 'round': 5, 'ticket_id': 281, 'cid': 'sha256:163b712ef1f1b4a1061f0ce3e5bc511ae3e60065a2a407058bf4322bc96033e4'}",mock
0x9ef2bf68bbf47e84468f0dc5ec3a615e99a7e5868ab6f0b7c3bea4bf8f4e6004,86000,1,TicketReserved,"{'model_id': 'model_mnist_784_noniid', 'round': 5, 'ticket_id': 282, 'owner': 'acct_32'}",mock
0x118bcaf836498a856635bbe71c776dbf82c2e81787d50fceb2966efc2852d4dd,93000,1,UpdatePublished,"{'model_id': 'model_mnist_784_noniid', 'round': 5, 'ticket_id': 282, 'cid': 'sha256:4c17bfeb3c4c186641987608054b1f5e356bfa2f47e535c54f0b7cd8db8ede55'}",mock
0x91337d6016dd69dbf28d3d57080f04946e421ff789acc2f1adf02a8ef5158366,86000,1,TicketReserved,"{'model_id': 'model_mnist_784_noniid', 'round': 5, 'ticket_id': 283, 'owner': 'acct_33'}",mock
0x3c1922f1efc27636bb8371d4ed68454b3d68c185cb1c38af2f18b285691c8658,93000,1,UpdatePublished,"{'model_id': 'model_mnist_784_noniid', 'round': 5, 'ticket_id': 283, 'cid': 'sha256:1ae216f6c398db036a3cd9c0fbcb1c69958cb35bee6323048adcea8b400a5eef'}",mock
0x01f5fa3d478192444392acee568b9b38f5b0b82086c72eb5f7902d32bc63db18,86000,1,TicketReserved,"{'model_id': 'model_mnist_784_noniid', 'round': 5, 'ticket_id': 284, 'owner': 'acct_34'}",mock
0xdb2ca7a1640ba8946ba4c1769d975deb68173bc4f5dd93434d2b445eba10ea5c,93000,1,UpdatePublished,"{'model_id': 'model_mnist_784_noniid', 'round': 5, 'ticket_id': 284, 'cid': 'sha256:0a3aa9db6fd3d11db3aa61e17701902bbabf3aff21c30bf3d7c9dcfc27f3cdf1'}",mock
0x332f9ad76eb75a7405415da01a82d1f01647b912f51c88db6e2094584433d0dc,86000,1,TicketReserved,"{'model_id': 'model_mnist_784_noniid', 'round': 5, 'ticket_id': 285, 'owner': 'acct_35'}",mock
0x3bb13bbed23dc10bb1d624c190b319b58071b28c5f9a0276cb0e8c8c29017ed7,93000,1,UpdatePublished,"{'model_id': 'model_mnist_784_noniid', 'round': 5, 'ticket_id': 285, 'cid': 'sha256:6901f73310ecea6ab210d54f07ee7a538c1fea57255f8de7a94a912a4bab51b3'}",mock
0xc5fa5bc960b0b9472eb485b6f4419d66a53ef79d73abeb0cdac5e163ff1e6456,86000,1,TicketReserved,"{'model_id': 'model_mnist_784_noniid', 'round': 5, 'ticket_id': 286, 'owner': 'acct_36'}",mock
0x70a1a5d34218d8d5bfab2c0ed7bdb429cc3287a51e306c6f5cde1c713a5c0183,93000,1,UpdatePublished,"{'model_id': 'model_mnist_784_noniid', 'round': 5, 'ticket_id': 286, 'cid': 'sha256:287e28377cefacc483cf87b14f60f03b17d56ee9de3aee9f225e0dd1c02a72db'}",mock
0x2abc580f70cdb835066bd9bfc1e5ab51ad63e99dc963a123f38a4089d3cd7bb8,86000,1,TicketReserved,"{'model_id': 'model_mnist_784_noniid', 'round': 5, 'ticket_id': 287, 'owner': 'acct_37'}",mock
0x59438e740ef6c8af1dd7d0d0871235371d072e9de26c137e4f0de789c582e51f,93000,1,UpdatePublished,"{'model_id': 'model_mnist_784_noniid', 'round': 5, 'ticket_id': 287, 'cid': 'sha256:09075ce7eb03d1befde5c3474526f21b6de528242de8451cee7be7b8ec186333'}",mock
0x1c33ec83ed5282d6bc6245036da87be081b9437cfaf2583bf06f813aa06365f0,86000,1,TicketReserved,"{'model_id': 'model_mnist_784_noniid', 'round': 5, 'ticket_id': 288, 'owner': 'acct_38'}",mock
0x1d5ad31c4307ee74cf0468c52130e6f488f66d7ae60d886d68662ea571e4ef20,93000,1,UpdatePublished,"{'model_id': 'model_mnist_784_noniid', 'round': 5, 'ticket_id': 288, 'cid': 'sha256:848b2fd656f4d4f6fe6e941b804b637a6519e132aad414647b2f475d4ed43cc9'}",mock
0xe248d91b2a7cc0b6c23791c8932e0d457629d8f5c37a828e3a22509d35aefc4e,86000,1,TicketReserved,"{'model_id': 'model_mnist_784_noniid', 'round': 5, 'ticket_id': 289, 'owner': 'acct_39'}",mock
0xb06576e66c47aac8dd6eb21bbf40f9b8dd43c7cf385c116cdc260046068a481a,93000,1,UpdatePublished,"{'model_id': 'model_mnist_784_noniid', 'round': 5, 'ticket_id': 289, 'cid': 'sha256:191eeeb9c50d94c98cd6429ef6e39f4b3856c2c2fc9060a3cb8b5bdfaa3e8060'}",mock
0xd175a255e57caecf184a7904bf74c913ecaf32468f5981d027d3cd65b0ff1311,86000,1,TicketReserved,"{'model_id': 'model_mnist_784_noniid', 'round': 5, 'ticket_id': 290, 'owner': 'acct_40'}",mock
0x92202fba3280da78092a8abe8bbd795db6041cabe5233fdfe3848dd4f0eed90e,93000,1,UpdatePublished,"{'model_id': 'model_mnist_784_noniid', 'round': 5, 'ticket_id': 290, 'cid': 'sha256:15589cbe0037ffb8c804c9c58564c95ba75c1f79bdcfdecc9aeb5ef66a719b5f'}",mock
0x74d9e215916db39fdb9db5a1eeb4093888300d1673932fd5501b09e4b4ab8c42,86000,1,TicketReserved,"{'model_id': 'model_mnist_784_noniid', 'round': 5, 'ticket_id': 291, 'owner': 'acct_41'}",mock
0xc059a9f2395c5206c6caaf69e6fbbb45ab6ff88f04e922137a64c6ca37984dbe,93000,1,UpdatePublished,"{'model_id': 'model_mnist_784_noniid', 'round': 5, 'ticket_id': 291, 'cid': 'sha256:65dfbe1db912732926d00af811e9c6634f1e6695f80c1a1585d443fdf6e8a0c1'}",mock
0x3327924b3361c55565e960764614d98dadbe646e345bb2a061629ebbe4f3da4d,86000,1,TicketReserved,"{'model_id': 'model_mnist_784_noniid', 'round': 5, 'ticket_id': 292, 'owner': 'acct_42'}",mock
0x43120bc23a32e4be3c564344b7417c31dbf77e483f09d984ea5d539833cc568f,93000,1,UpdatePublished,"{'model_id': 'model_mnist_784_noniid', 'round': 5, 'ticket_id': 292, 'cid': 'sha256:7fb0ce0972e49ca41dd58246faec68ce431e1e1c7910f1db0d2b205d949c2f8f'}",mock
0x95a7b1724d854ab10252e5eb929874876267deeaf8e2b0d610f9109ec4b41c21,86000,1,TicketReserved,"{'model_id': 'model_mnist_784_noniid', 'round': 5, 'ticket_id': 293, 'owner': 'acct_43'}",mock
0x47fceb78b966de680a33613398217eed4aaabafdafcfc61ed309384a2e408b9f,93000,1,UpdatePublished,"{'model_id': 'model_mnist_784_noniid', 'round': 5, 'ticket_id': 293, 'cid': 'sha256:03837e03c2869ca1a96cf7e3105b000d0cf7d9132bca50bf2496c1bb2f96cb75'}",mock
0x49381b3b108997c7008196d9f870c0213886090653a550f25aedece872100f33,86000,1,TicketReserved,"{'model_id': 'model_mnist_784_noniid', 'round': 5, 'ticket_id': 294, 'owner': 'acct_44'}",mock
0x2728b781ca9159f9a989051962896e9c52374daf616f0435e049add31282cb8c,93000,1,UpdatePublished,"{'model_id': 'model_mnist_784_noniid', 'round': 5, 'ticket_id': 294, 'cid': 'sha256:739283c3bf6740439a6067ce80507afddeb5774dfe30377f535be9be730e65c9'}",mock
0xc05c42b834483f7c515d3753c1dd6fe8721ee2adbc5cfb2b6c90fe19781d608a,86000,1,TicketReserved,"{'model_id': 'model_mnist_784_noniid', 'round': 5, 'ticket_id': 295, 'owner': 'acct_45'}",mock
0x068f45fe46cd8745f93979a4381d8a4a5c37a459a297113714224c939e0e6c1a,93000,1,UpdatePublished,"{'model_id': 'model_mnist_784_noniid', 'round': 5, 'ticket_id': 295, 'cid': 'sha256:5266cfc0f661ec4975ba1831cdbeb81f47e2fb4c6d2b2511d75a50fe18480dba'}",mock
0x02afd293222f80039b4d051beda3a202927028b13fd31637524ed44613039b0e,86000,1,TicketReserved,"{'model_id': 'model_mnist_784_noniid', 'round': 5, 'ticket_id': 296, 'owner': 'acct_46'}",mock
0x6034e0cd057186a6c99409b2c95db89b9153a98fea39391d195ff9e61115dea6,93000,1,UpdatePublished,"{'model_id': 'model_mnist_784_noniid', 'round': 5, 'ticket_id': 296, 'cid': 'sha256:6adea46d5fdc1d6fe3817d69d478f17588dfdff6e33acf03e081931795da3c6c'}",mock
0xae2ca86406d145daf4da37a7a9aac26853272b05d5833b8047c11c54c3357ffe,86000,1,TicketReserved,"{'model_id': 'model_mnist_784_noniid', 'round': 5, 'ticket_id': 297, 'owner': 'acct_47'}",mock
0xfbe5ebdba8f337a6641dc27991bfbe3265133cce54a29c9c3f570749c1bc3584,93000,1,UpdatePublished,"{'model_id': 'model_mnist_784_noniid', 'round': 5, 'ticket_id': 297, 'cid': 'sha256:0cff3310f70228f4985935c3c6a42037f0a26c5e69e9b0b2c504bf263837ae88'}",mock
0xeb1751660092da87611fc3306b4c4d254f147f90b5b2789d97fafdd076cdc8eb,86000,1,TicketReserved,"{'model_id': 'model_mnist_784_noniid', 'round': 5, 'ticket_id': 298, 'owner': 'acct_48'}",mock
0x57f799a5a653049b347f16189a2c220acb73cd91c4f1ff7f4198595075b06e9b,93000,1,UpdatePublished,"{'model_id': 'model_mnist_784_noniid', 'round': 5, 'ticket_id': 298, 'cid': 'sha256:d4db22218fcd18fd305d071f93e40dc7938a497ff81ea6d925989b5e76d50fb3'}",mock
0xe1963c84289255258613ba43feb1759ab90aa64e36d83d0225680a255b7337f1,86000,1,TicketReserved,"{'model_id': 'model_mnist_784_noniid', 'round': 5, 'ticket_id': 299, 'owner': 'acct_49'}",mock
0x6a45016213b130dcd0eb17051c3f7b271a48c5efed063616a61307f07337bca3,93000,1,UpdatePublished,"{'model_id': 'model_mnist_784_noniid', 'round': 5, 'ticket_id': 299, 'cid': 'sha256:004f3fcf191ee6d2565f6e271703b583fc41ad43336dd9ca77a7856162df3852'}",mock
0xf1bc69544c2e04cd6d56daf894857ce857f1da1d67355792c481ffb43b692bd4,86000,1,TicketReserved,"{'model_id': 'model_mnist_784_noniid', 'round': 5, 'ticket_id': 300, 'owner': 'acct_50'}",mock
0xceda33812615ea1905105353e573bc9a9865f03817e0156f00ef897fac13035e,93000,1,UpdatePublished,"{'model_id': 'model_mnist_784_noniid', 'round': 5, 'ticket_id': 300, 'cid': 'sha256:ff26d604a00f4c7af49a4e3fe1d349f77813d57bcd04a5abe7769d6024f60566'}",mock
0xa811ade51d28fb2f958e822091d4cf95d9876f53d71e208a18e2f6a3af01b0d3,605000,1,RoundFinalized,"{'model_id': 'model_mnist_784_noniid', 'round': 5, 'included': 24, 'refunds': 24}",mock
0x6ce80780919732f1d60c4eb4d05c411205fe65592fac0f9cf32d3243da10ba72,52000,1,RoundFunded,"{'model_id': 'model_mnist_784_noniid', 'amount_wei': 10000000000000000}",mock
0x9aa2dfceb5b5e4a06c068e98aac61f34116ce7bf5bab01f957c2e538f2914144,86000,1,TicketReserved,"{'model_id': 'model_mnist_784_noniid', 'round': 6, 'ticket_id': 301, 'owner': 'acct_1'}",mock
0xa7d862aa9561952e48ebd491dd458964507d6e13ee3069d475a1b4e369628a88,93000,1,UpdatePublished,"{'model_id': 'model_mnist_784_noniid', 'round': 6, 'ticket_id': 301, 'cid': 'sha256:e273d7c5dafca9b30f645c776d2721eab81416631002d62e7fdaea84fcf3b65d'}",mock
0xc1d3f269365dd936aa891d171592caa624b3c5f955142746841f8b3f2b384190,86000,1,TicketReserved,"{'model_id': 'model_mnist_784_noniid', 'round': 6, 'ticket_id': 302, 'owner': 'acct_2'}",mock
0x9be6f3f6cb4551419d668448ee2c59eea10bba9338946bcdc248af92845b4e88,93000,1,UpdatePublished,"{'model_id': 'model_mnist_784_noniid', 'round': 6, 'ticket_id': 302, 'cid': 'sha256:a2173646c53010ab3d17d6a3dedc5ce5a939913b7645f921139be8fa13dd5492'}",mock
0x8bbd0f6885d60ddab613c4bba7e73f62ef6590cf21f790ea83b0ea7395cdd479,86000,1,TicketReserved,"{'model_id': 'model_mnist_784_noniid', 'round': 6, 'ticket_id': 303, 'owner': 'acct_3'}",mock
0xea9d75e4e62420c7d60c9562f33e11004833bc2f2e5276e5f283a5fe0329ac38,93000,1,UpdatePublished,"{'model_id': 'model_mnist_784_noniid', 'round': 6, 'ticket_id': 303, 'cid': 'sha256:96a357ed7e8c57dcf58b0d8f803b9ee6645935bc363b07027cceafcc9decf241'}",mock
0x1076818401f91bb9adf6c72afbad166e84631d8e6e0a5f2962403c5460e8e7bb,86000,1,TicketReserved,"{'model_id': 'model_mnist_784_noniid', 'round': 6, 'ticket_id': 304, 'owner': 'acct_4'}",mock
0x0d2e058078fecd6b2dc60cbe89b61beac50a5acb397fb189ccf982119368b4fc,93000,1,UpdatePublished,"{'model_id': 'model_mnist_784_noniid', 'round': 6, 'ticket_id': 304, 'cid': 'sha256:730eb6e4736fedc0a61da0760ca7bf73c4f09cb0a42459777007b53bf4e9cd9d'}",mock
0x4d96c5119dbb0e7c5d47c518433f8d413c6fda557eb19abffdff0857566399c6,86000,1,TicketReserved,"{'model_id': 'model_mnist_784_noniid', 'round': 6, 'ticket_id': 305, 'owner': 'acct_5'}",mock
0x6441c2518feab63a65a832be13fbf80eb790b623ec4facfd9caec67627098e6a,93000,1,UpdatePublished,"{'model_id': 'model_mnist_784_noniid', 'round': 6, 'ticket_id': 305, 'cid': 'sha256:c96c2329dc5b90fcc93a89bdfd02cb3b78a3ff2e20aa364fb2d0369a74db8222'}",mock
0x2270481380ee10115c9eca77c01b5f9c12efca846bf9bc47793bd4a55c62c18b,86000,1,TicketReserved,"{'model_id': 'model_mnist_784_noniid', 'round': 6, 'ticket_id': 306, 'owner': 'acct_6'}",mock
0x4d40accbf8c85572529e3ee71c8bf59a2a0ba5216411fdb11393a3ad45b02b45,93000,1,UpdatePublished,"{'model_id': 'model_mnist_784_noniid', 'round': 6, 'ticket_id': 306, 'cid': 'sha256:1910905eb78c441f640140354b15f6ef44e5ef5bebc2c34f16cb13c4674d72aa'}",mock
0x813ae1c2a50602eaf7e9e2f4b922fa02e29f13ba01b9c59ed35b29845c6d712b,86000,1,TicketReserved,"{'model_id': 'model_mnist_784_noniid', 'round': 6, 'ticket_id': 307, 'owner': 'acct_7'}",mock
0x36fe13201c1346114f0163673c2291d5a69a859b7f7c8be3e3c4ff03d556c941,93000,1,UpdatePublished,"{'model_id': 'model_mnist_784_noniid', 'round': 6, 'ticket_id': 307, 'cid': 'sha256:e1ab226a6b40b5eb6ed995a38c12969718aa74948bbedde66c3a620cf1c2eb10'}",mock
0xd83c55110afc7966f0e347c05cd00ca109cf4f998b41dcb7d1f38ba0ab9d91b9,86000,1,TicketReserved,"{'model_id': 'model_mnist_784_noniid', 'round': 6, 'ticket_id': 308, 'owner': 'acct_8'}",mock
0x9d54b55734ba78b4e5e8adceb29b28a5e1de0341b9351b87a0b2c7a581dee008,93000,1,UpdatePublished,"{'model_id': 'model_mnist_784_noniid', 'round': 6, 'ticket_id': 308, 'cid': 'sha256:77b34fa43859916a4f75555cd2425c6570dfa03959da94c12969c4a86c8f2d14'}",mock
0x8dd16eca8865181c952e3a77d42c710df0b24a6432ad33fd8d622cceb2384ae7,86000,1,TicketReserved,"{'model_id': 'model_mnist_784_noniid', 'round': 6, 'ticket_id': 309, 'owner': 'acct_9'}",mock
0x0e3a7f6f0ba4718e57863663751138c33a48497eb72ffd3de14efc287441ab91,93000,1,UpdatePublished,"{'model_id': 'model_mnist_784_noniid', 'round': 6, 'ticket_id': 309, 'cid': 'sha256:8c577d629be3f8d665cad371928a8896c87cc1056627860579314892dc31ca94'}",mock
0x630ec9e342bc58a8b217423bdd3160570cd3a319adb35f95cec2178981c3c639,86000,1,TicketReserved,"{'model_id': 'model_mnist_784_noniid', 'round': 6, 'ticket_id': 310, 'owner': 'acct_10'}",mock
0x3046ee89a02d493a9358f00c73b9ff926774d2a3b6bd501b164d1e8e9bdb23b5,93000,1,UpdatePublished,"{'model_id': 'model_mnist_784_noniid', 'round': 6, 'ticket_id': 310, 'cid': 'sha256:03fd3a871c408824836783309101cdf60f9d70494e8ecff56d77d18d24e45271'}",mock
0xa25361cdd9a2db2aa7a89722a8a19da59469e54cdf6be2c933d6db528d8f26b0,86000,1,TicketReserved,"{'model_id': 'model_mnist_784_noniid', 'round': 6, 'ticket_id': 311, 'owner': 'acct_11'}",mock
0xff9e6aba8789a2881b08eb8e906afbefe0a7637f3ecc581bb8eb469fbfc5e478,93000,1,UpdatePublished,"{'model_id': 'model_mnist_784_noniid', 'round': 6, 'ticket_id': 311, 'cid': 'sha256:cb0e9d5c7c0e5c0de086cc1e8e78ecfa47cc316b3c5b1484131e1788ddde1756'}",mock
0x0d8f692355356de7468d347b641d583048b018db3f7076a963bc8bf6588b2e32,86000,1,TicketReserved,"{'model_id': 'model_mnist_784_noniid', 'round': 6, 'ticket_id': 312, 'owner': 'acct_12'}",mock
0xf2abcba3fe16458446d62f3bd9b8109767b683ddb480c993ede9cd68696f17af,93000,1,UpdatePublished,"{'model_id': 'model_mnist_784_noniid', 'round': 6, 'ticket_id': 312, 'cid': 'sha256:281e790295d04055a00159ac36b29b1d4d22c2e7de1ef0bcaf719dca65e44c8c'}",mock
0x57e16de061c225ca451359016ff7910cd6c92f16936448be3fbd859e4de721ed,86000,1,TicketReserved,"{'model_id': 'model_mnist_784_noniid', 'round': 6, 'ticket_id': 313, 'owner': 'acct_13'}",mock
0xcd587212cfde6b4b7fb1f79edeaa125ff2ab0448ebcfc52fbb7e9ab00af35451,93000,1,UpdatePublished,"{'model_id': 'model_mnist_784_noniid', 'round': 6, 'ticket_id': 313, 'cid': 'sha256:2fec3a41eddd6f44da52129f5d7647b057d1667a58982b0077ada761c20a183e'}",mock
0x9f6ffe7f532f8d76a301351e10ed09e1584b46e138bb936a41c56d4ad7507546,86000,1,TicketReserved,"{'model_id': 'model_mnist_784_noniid', 'round': 6, 'ticket_id': 314, 'owner': 'acct_14'}",mock
0xe96d7feba95e70c50db2e836803e4ac2800c095e6922c1dd7f3bea481463a2b4,93000,1,UpdatePublished,"{'model_id': 'model_mnist_784_noniid', 'round': 6, 'ticket_id': 314, 'cid': 'sha256:263712aafc6e486b58381269d4cad865db5445b98dc366307f48095ef55f73a8'}",mock
0xa878c9ffdfa285b6a63f4b85b75e0cd2df6b2f1fe5768f096a6c8768e31154e8,86000,1,TicketReserved,"{'model_id': 'model_mnist_784_noniid', 'round': 6, 'ticket_id': 315, 'owner': 'acct_15'}",mock
0xce8c2d396d7ec25c6bfe22f5649daa49954bad21ab57df51a3d7b59a7f31ba9f,93000,1,UpdatePublished,"{'model_id': 'model_mnist_784_noniid', 'round': 6, 'ticket_id': 315, 'cid': 'sha256:85cec7c1f6e5ec817940c38e35e585a748e8028900660430e9d2811814737100'}",mock
0x9bc56901e359fcb3f075be60d5ccf4af55f4f2411cde2f6e662e8be49cdc417b,86000,1,TicketReserved,"{'model_id': 'model_mnist_784_noniid', 'round': 6, 'ticket_id': 316, 'owner': 'acct_16'}",mock
0x3b9ba2995fac79a5e2667382b2fa19626969bfc941c4d525e4e17ffeed9eb105,93000,1,UpdatePublished,"{'model_id': 'model_mnist_784_noniid', 'round': 6, 'ticket_id': 316, 'cid': 'sha256:d3a3af906953ed53769f383ee853e248f7b286ae9aaf5a93076a77a3010f4472'}",mock
0xbffd97c8f6dc0fcc5fffbb6bafe9b997f040570825f8928fd1228c4503d0be9f,86000,1,TicketReserved,"{'model_id': 'model_mnist_784_noniid', 'round': 6, 'ticket_id': 317, 'owner': 'acct_17'}",mock
0x79abea8c2eb47032227464a87276368757244c9d3763790e8a99e8cd79adcd93,93000,1,UpdatePublished,"{'model_id': 'model_mnist_784_noniid', 'round': 6, 'ticket_id': 317, 'cid': 'sha256:0987ad38d32c10ef7941cf939b20f751eba7131d8539dea3bd04642ff1ea02d7'}",mock
0x2147176867cf7264473f8a412f0e882a887b92150dd089932ab9cba06128f9fc,86000,1,TicketReserved,"{'model_id': 'model_mnist_784_noniid', 'round': 6, 'ticket_id': 318, 'owner': 'acct_18'}",mock
0x2f329e67d0cf2589e342315789ab2da1adebaa0e9ffe71746a91be85b304f431,93000,1,UpdatePublished,"{'model_id': 'model_mnist_784_noniid', 'round': 6, 'ticket_id': 318, 'cid': 'sha256:d4b8b2f6c47044227579d51de0b840b842c2295fb1e8a11b26e06e6e2d7dcac2'}",mock
0xf20d73a97c0d2461b5c6aee2a986db652ef2faa8bb9708a8167e6cbe0ac4b12a,86000,1,TicketReserved,"{'model_id': 'model_mnist_784_noniid', 'round': 6, 'ticket_id': 319, 'owner': 'acct_19'}",mock
0xb010fba657739ec0f1008b1edd2da3c3a214396b6a7eeb8ca7f1d296516b6787,93000,1,UpdatePublished,"{'model_id': 'model_mnist_784_noniid', 'round': 6, 'ticket_id': 319, 'cid': 'sha256:1c20e797975c6c15ddf616b249dfd61012ef0c5350d6ffa95d45d9ca0be1cad7'}",mock
0xbfdb0bcd9630f1cdcca9086c071078953d34b4cc243ad4ca62b9457efeddb14a,86000,1,TicketReserved,"{'model_id': 'model_mnist_784_noniid', 'round': 6, 'ticket_id': 320, 'owner': 'acct_20'}",mock
0x62b71e94ac1e90616eda76debac65a931dc87a1a0c58164e8d6821810087c938,93000,1,UpdatePublished,"{'model_id': 'model_mnist_784_noniid', 'round': 6, 'ticket_id': 320, 'cid': 'sha256:fa696c68e5946c3ee37978a2b82574e6f15990ed9a3ed7acd387912926224da8'}",mock
0x5dce273ea156a58569ef043a1d1b4bdd3d27b452549a92d8ad37f23200478963,86000,1,TicketReserved,"{'model_id': 'model_mnist_784_noniid', 'round': 6, 'ticket_id': 321, 'owner': 'acct_21'}",mock
0xf876f33d27de6c2dfdd38ca6d30dcb3354900977ab284982c714a6f7294f9679,93000,1,UpdatePublished,"{'model_id': 'model_mnist_784_noniid', 'round': 6, 'ticket_id': 321, 'cid': 'sha256:9dd8113c1e7e0d053543a1b50f268131638d737d20a2d31f5fa0d98a65d29a72'}",mock
0x624ea7f7647bc777c036ead7028b1ca3d9596e0de0892edb485d0291e74d8f81,86000,1,TicketReserved,"{'model_id': 'model_mnist_784_noniid', 'round': 6, 'ticket_id': 322, 'owner': 'acct_22'}",mock
0xe89a0803fec06838691ac9b1b06bba1fdcae5148f587d58da7ac0fd3d694cdcc,93000,1,UpdatePublished,"{'model_id': 'model_mnist_784_noniid', 'round': 6, 'ticket_id': 322, 'cid': 'sha256:fb70a1e16400fc667c3ad83acd02a8c6c8400b58a792d6a0b3c5cc29ff794ec4'}",mock
0x61e8e0489f485f178686f03698a84c1faf8986c08b7de519b4161482a5cdd226,86000,1,TicketReserved,"{'model_id': 'model_mnist_784_noniid', 'round': 6, 'ticket_id': 323, 'owner': 'acct_23'}",mock
0xe4b7c962b5e79219a659cd626fed0d59d229a8b1b1ba866bb8e8064ed3d6bfa6,93000,1,UpdatePublished,"{'model_id': 'model_mnist_784_noniid', 'round': 6, 'ticket_id': 323, 'cid': 'sha256:2495842aed761a9307cd1b61bdecee60e077d75533044a13043c49386a08a1a4'}",mock
0x8e9f5877a4f965b84a02b32562adad0592fb4131ab6414346fc68c98f468677f,86000,1,TicketReserved,"{'model_id': 'model_mnist_784_noniid', 'round': 6, 'ticket_id': 324, 'owner': 'acct_24'}",mock
0x72e858291d93febef3845b1363fbdb5845211e8ca53ead30e65b604362f4d9b5,93000,1,UpdatePublished,"{'model_id': 'model_mnist_784_noniid', 'round': 6, 'ticket_id': 324, 'cid': 'sha256:a35bd3871c034bee6ab927b667604b934e7a8df80617e3dd87607c019679c12b'}",mock
0xb3ed7e362ebca934621d4eec6826b58749c6ecef96c4c44ceb5cf3d8cb48235f,86000,1,TicketReserved,"{'model_id': 'model_mnist_784_noniid', 'round': 6, 'ticket_id': 325, 'owner': 'acct_25'}",mock
0xb0949894d6fdb68d4514791cc513953641e3941c281112af05bc1a3d2e724b57,93000,1,UpdatePublished,"{'model_id': 'model_mnist_784_noniid', 'round': 6, 'ticket_id': 325, 'cid': 'sha256:3b443fc88e44c4b1fc18ef77b63ed736e3d25b225b4c18f57817f87359493921'}",mock
0x14e2d38c2b68f1a79e2e52d80e6ff659409d4ddf151aa7ba835c506e7e814364,86000,1,TicketReserved,"{'model_id': 'model_mnist_784_noniid', 'round': 6, 'ticket_id': 326, 'owner': 'acct_26'}",mock
0x52a734a2c65668b69a51088b8a4580dad57f5acc549fc985d1c2352985d4911f,93000,1,UpdatePublished,"{'model_id': 'model_mnist_784_noniid', 'round': 6, 'ticket_id': 326, 'cid': 'sha256:1c590033d41e4d513d99051ddd3403ac6a1aa9656261a3b49e0054edbe6b1fa6'}",mock
0x49f72a605cb38d3471184e2aa98ff651735bd806bf257c2eafab62fd4d26b208,86000,1,TicketReserved,"{'model_id': 'model_mnist_784_noniid', 'round': 6, 'ticket_id': 327, 'owner': 'acct_27'}",mock
0xe58e6f0b0c6c3a6896371aab000a85c98b13ebc9f688457a78954c957f16db46,93000,1,UpdatePublished,"{'model_id': 'model_mnist_784_noniid', 'round': 6, 'ticket_id': 327, 'cid': 'sha256:917ab3900e2540359ae4fc14027bea8cb01f3f7d897914e614e7f73b9e8a925e'}",mock
0x35b0de98990f921a3e54651a30e314b818fddf3c74cb06979d4fd8225b38db25,86000,1,TicketReserved,"{'model_id': 'model_mnist_784_noniid', 'round': 6, 'ticket_id': 328, 'owner': 'acct_28'}",mock
0xd99e574c8b3ad005862c86e438e1f4f1aed71dc6f40ec4b0f1c83c3614134e3d,93000,1,UpdatePublished,"{'model_id': 'model_mnist_784_noniid', 'round': 6, 'ticket_id': 328, 'cid': 'sha256:fb0ad3ffc62f1472709837eb3cc30b7b4457dd08393cff5f8b3a15d2a17f70f2'}",mock
0xed8007e4e343d272a302b19680f35cd59c3a58c9a9a7484630bffbe079f6bc81,86000,1,TicketReserved,"{'model_id': 'model_mnist_784_noniid', 'round': 6, 'ticket_id': 329, 'owner': 'acct_29'}",mock
0x4da4fc5c13cc3803cfb48ab424f9851697d650badfcfc9b0cfdf0fbdd8061468,93000,1,UpdatePublished,"{'model_id': 'model_mnist_784_noniid', 'round': 6, 'ticket_id': 329, 'cid': 'sha256:f6b4168a78f79ae53659ca8a9b5d29dd1c19af1b0f31cbfab6e14d7ba9a3dc41'}",mock
0xca875f58f173f69535b87f997b90db9b96748aa605748c40bd14c3e364b37f13,86000,1,TicketReserved,"{'model_id': 'model_mnist_784_noniid', 'round': 6, 'ticket_id': 330, 'owner': 'acct_30'}",mock
0xa1af6fbbd0fceec75b39d18f3ad26e5eb685f9dc84acd9124675a6cb6166630c,93000,1,UpdatePublished,"{'model_id': 'model_mnist_784_noniid', 'round': 6, 'ticket_id': 330, 'cid': 'sha256:4c587949fb4160d7cb26acc626abae98930627bcb256ef0773294f7c142aff0c'}",mock
0x53c1f30ebdf7537efac3e265b90bafc86e18be9653ee3cfc0d8cccb59fc32c30,86000,1,TicketReserved,"{'model_id': 'model_mnist_784_noniid', 'round': 6, 'ticket_id': 331, 'owner': 'acct_31'}",mock
0x53aa92133f65ae291f8a0b99637502280c0dda234f5c4b4527167b28b1a2e08e,93000,1,UpdatePublished,"{'model_id': 'model_mnist_784_noniid', 'round': 6, 'ticket_id': 331, 'cid': 'sha256:0770154efbc92e0fe6e6bc8d9ee739b6ad63cfe50e29832454b26530fa78d96c'}",mock
0x7f1d5a5d52841ddeb1c3074b77294f287ff6ac597a68febf1a7f755536dc6647,86000,1,TicketReserved,"{'model_id': 'model_mnist_784_noniid', 'round': 6, 'ticket_id': 332, 'owner': 'acct_32'}",mock
0x8a482f0260eac3e85084cc71726e18ff37fa7e20315c64fe15836dc3ace1987a,93000,1,UpdatePublished,"{'model_id': 'model_mnist_784_noniid', 'round': 6, 'ticket_id': 332, 'cid': 'sha256:671da9965aa92c2e0cf3cf4b69a280150ae3d74ae6409d54a92f463be7a9a251'}",mock
0xe06ea805d48a90f9ab9e6b0c08705d8bd76c5322fd50692bebb0040a74c7a14c,86000,1,TicketReserved,"{'model_id': 'model_mnist_784_noniid', 'round': 6, 'ticket_id': 333, 'owner': 'acct_33'}",mock
0xee48ea7ff7a40bfdf6145f7a4059def9bc542fea544473d936b8668d9445dd2c,93000,1,UpdatePublished,"{'model_id': 'model_mnist_784_noniid', 'round': 6, 'ticket_id': 333, 'cid': 'sha256:af89f8d55eb2cf9a8007f8880db28d65005c3a4f1fefc3fb101d4df4a3b65fb5'}",mock
0x83dc863f72d2904777f6125b4db72af3cee8e2ae0ef667eaac95342e14583b81,86000,1,TicketReserved,"{'model_id': 'model_mnist_784_noniid', 'round': 6, 'ticket_id': 334, 'owner': 'acct_34'}",mock
0xadd5ba0891cf0a5b68728c4ae48466686429882dec5d0c1cf9e8709eb7d7474b,93000,1,UpdatePublished,"{'model_id': 'model_mnist_784_noniid', 'round': 6, 'ticket_id': 334, 'cid': 'sha256:6d07324519d84d393994634563f785bb047ae76a43e26236db26dd0934cf1d24'}",mock
0xfb982b6fe9be877c930c154b59d926d53d3bc01ab3d30fe67105bbc95f19e0fd,86000,1,TicketReserved,"{'model_id': 'model_mnist_784_noniid', 'round': 6, 'ticket_id': 335, 'owner': 'acct_35'}",mock
0x81f9cdeca1b93095cdd058a5ca78a51eb553b091d9218835ae2acaf6d9660742,93000,1,UpdatePublished,"{'model_id': 'model_mnist_784_noniid', 'round': 6, 'ticket_id': 335, 'cid': 'sha256:d4bd0321f8c9cad0a01502ddc92e5f0df4b96fac2762aab8b78d1f48a99d22db'}",mock
0xd979c1caaf7897e906b94a36f93b74c098a37fa0bb096dc4f87f6b82293a3ce9,86000,1,TicketReserved,"{'model_id': 'model_mnist_784_noniid', 'round': 6, 'ticket_id': 336, 'owner': 'acct_36'}",mock
0x0956261c2f24fed5b94389d4b0b66a695b5a0477e8f05e0928aea3de4c21b2a2,93000,1,UpdatePublished,"{'model_id': 'model_mnist_784_noniid', 'round': 6, 'ticket_id': 336, 'cid': 'sha256:cba8e42e2a351d34d25437bca31f2eda5f3e3e3d88a54322389be060a5fa2451'}",mock
0xf30b5c260cf10032134a0a7ccf2dae5913404e15a0112c3643dcb4e3a9fc8668,86000,1,TicketReserved,"{'model_id': 'model_mnist_784_noniid', 'round': 6, 'ticket_id': 337, 'owner': 'acct_37'}",mock
0x40c6d5e59f5c5ea13ac503f1774a55584a8aa8cbadb415f8c48b24debd520db8,93000,1,UpdatePublished,"{'model_id': 'model_mnist_784_noniid', 'round': 6, 'ticket_id': 337, 'cid': 'sha256:c0f7c01c7fe7759f381833492da655dfb1806e900113a029c7aa8089c84d6976'}",mock
0xc6383400d857476b1ef686318675ca200b059f6bff75e5f8c31961507208e1a1,86000,1,TicketReserved,"{'model_id': 'model_mnist_784_noniid', 'round': 6, 'ticket_id': 338, 'owner': 'acct_38'}",mock
0x207d497bfe7ae8cee968b6de720c191cfaf701e00ed7ddf78aaa22bc9d464636,93000,1,UpdatePublished,"{'model_id': 'model_mnist_784_noniid', 'round': 6, 'ticket_id': 338, 'cid': 'sha256:7656c714cd2158ccb0496faa19ac0d6b48941622077adeb199aeaea20a969c07'}",mock
0x4a1a91b558a91778830c327ec76a0d07518cd918c93792f0dd01ca00073c30ab,86000,1,TicketReserved,"{'model_id': 'model_mnist_784_noniid', 'round': 6, 'ticket_id': 339, 'owner': 'acct_39'}",mock
0x84dadcef86e3f183f9fb38fe8086eb8dfefb423000ab948c35c18e1566fac88a,93000,1,UpdatePublished,"{'model_id': 'model_mnist_784_noniid', 'round': 6, 'ticket_id': 339, 'cid': 'sha256:cad2788980e0cea92d9a84f115386f20995cf55340b7231b85d2f7a6844bb470'}",mock
0x5c90aeac2506b6d8419e39aded52a801976dccd3d31f25a8ad5742f66d0f8f59,86000,1,TicketReserved,"{'model_id': 'model_mnist_784_noniid', 'round': 6, 'ticket_id': 340, 'owner': 'acct_40'}",mock
0x4a95fd3638aa5b94bba5e8efd8257f7b6274837ac72cb3ffd6c08602d203eb90,93000,1,UpdatePublished,"{'model_id': 'model_mnist_784_noniid', 'round': 6, 'ticket_id': 340, 'cid': 'sha256:2447af14e910f3bd8d06046fbc57619fcb9d9fd2c84abbaaa3fb6b6f495d2117'}",mock
0xf85b740f5764b5810f54dbeb7bd27a09aef4407dfa405c7f919ccffe9f273b9e,86000,1,TicketReserved,"{'model_id': 'model_mnist_784_noniid', 'round': 6, 'ticket_id': 341, 'owner': 'acct_41'}",mock
0x00dd93dd346397f84b33fc7796e9a9355a549ac7661e5c4b2ecccfde0b14c500,93000,1,UpdatePublished,"{'model_id': 'model_mnist_784_noniid', 'round': 6, 'ticket_id': 341, 'cid': 'sha256:b8011c656bb327fc6721fe589913210ce0e72b78b2d5268872b201eb00821705'}",mock
0xf1e6bf34e339f7481bc8841292265d6e8a78ed95224e5ac8872c8cf31a33dbce,86000,1,TicketReserved,"{'model_id': 'model_mnist_784_noniid', 'round': 6, 'ticket_id': 342, 'owner': 'acct_42'}",mock
0x854132ded91d6d3290f66ef118e051891492ef4be04a762cce2e09a3b1321736,93000,1,UpdatePublished,"{'model_id': 'model_mnist_784_noniid', 'round': 6, 'ticket_id': 342, 'cid': 'sha256:9d0308259607c889173040ef9371f3016ab8c8c93e7e4b88dac08b1eb46f0ff2'}",mock
0x4bde6bc975ab8f7cd2719d320b556dbceb4389f18037ea6790ec5f5c71f72866,86000,1,TicketReserved,"{'model_id': 'model_mnist_784_noniid', 'round': 6, 'ticket_id': 343, 'owner': 'acct_43'}",mock
0x7b13fe66ea89234499e2ef4b2eb79b49af2d24878b3603a3b75f7ac6d426b468,93000,1,UpdatePublished,"{'model_id': 'model_mnist_784_noniid', 'round': 6, 'ticket_id': 343, 'cid': 'sha256:9a43774a71732e0fc498ca91bd52c8a0458a3a2e16db03c643657de5818bd853'}",mock
0xb572bf5082f0a75b55b509321fe01f35efa2ba2af2336e8c717986e38ec998ee,86000,1,TicketReserved,"{'model_id': 'model_mnist_784_noniid', 'round': 6, 'ticket_id': 344, 'owner': 'acct_44'}",mock
0x66ec9371360dcb3f23dadde80c8760e9e284185a3628481ffc3801ac3ebef11c,93000,1,UpdatePublished,"{'model_id': 'model_mnist_784_noniid', 'round': 6, 'ticket_id': 344, 'cid': 'sha256:d75607cd9c6c3c48b1fcc8e26d381fe0c9d874f6f3e3d4d2b08577bcec49153a'}",mock
0xd7ab18a47e112bb013a1658581296fda8a8839d598d50437fa41594841cd5fce,86000,1,TicketReserved,"{'model_id': 'model_mnist_784_noniid', 'round': 6, 'ticket_id': 345, 'owner': 'acct_45'}",mock
0xe55382de0fc49920c195e1613ae1e53b1d6cfcaa7b9669be35061629daa83b5e,93000,1,UpdatePublished,"{'model_id': 'model_mnist_784_noniid', 'round': 6, 'ticket_id': 345, 'cid': 'sha256:a09e3b8214adf76fe2cda2b9148ccf4167deeb3790e0317041e4db8619eec822'}",mock
0xcaab30b60e1c5f19bb09dab26cd30128389fff6c8294bb1ef0ec492a5f1b6bfe,86000,1,TicketReserved,"{'model_id': 'model_mnist_784_noniid', 'round': 6, 'ticket_id': 346, 'owner': 'acct_46'}",mock
0xacd2591613be65154263d3626d6fde49449673b8a73408823fa0e3d64bd74e72,93000,1,UpdatePublished,"{'model_id': 'model_mnist_784_noniid', 'round': 6, 'ticket_id': 346, 'cid': 'sha256:9a764bf020db00fc1e19025bc0897d4358b734401e9560f98c173c7bfbf65145'}",mock
0x15848e7c71c38e8695744bf2fea5dc8c39531f3f3b136788734fc5ff352e0300,86000,1,TicketReserved,"{'model_id': 'model_mnist_784_noniid', 'round': 6, 'ticket_id': 347, 'owner': 'acct_47'}",mock
0xa6cbd0871e92b2446aed52e5c5a482aafafa5790a0fd521e3584d222e86bdafc,93000,1,UpdatePublished,"{'model_id': 'model_mnist_784_noniid', 'round': 6, 'ticket_id': 347, 'cid': 'sha256:2fad7dc35063e57f014906df8223bdbaf7ecc721f785b5faee5b7ebd264484ef'}",mock
0xbf30bfbaffca0023688aedf5d2e88462494bfee0d5a90ce773a22757517fc1bf,86000,1,TicketReserved,"{'model_id': 'model_mnist_784_noniid', 'round': 6, 'ticket_id': 348, 'owner': 'acct_48'}",mock
0x8d8f76ae817378da184810796d37cfdfcb1feca2fbe6e7c944ad24525595ae6f,93000,1,UpdatePublished,"{'model_id': 'model_mnist_784_noniid', 'round': 6, 'ticket_id': 348, 'cid': 'sha256:3ff275f29a3560c023972e305ad0aae7888063a04ab4a2493ea6566572a278de'}",mock
0x51040372615fd902a68918a86507da39a12af786fcae3c74545b20c50891630e,86000,1,TicketReserved,"{'model_id': 'model_mnist_784_noniid', 'round': 6, 'ticket_id': 349, 'owner': 'acct_49'}",mock
0x90e3d1045628a90b5fababaf9f7ae493b7f95b942abc7a1d5d9d056b8342df49,93000,1,UpdatePublished,"{'model_id': 'model_mnist_784_noniid', 'round': 6, 'ticket_id': 349, 'cid': 'sha256:82c52d6e5802974d6c155ee51fec53424acfee164bc6b5a0707925d3f353dcfd'}",mock
0x20c2262f8de027a13f12e9fb40422bde30bc917c081bd25cd2452e352cc811a3,86000,1,TicketReserved,"{'model_id': 'model_mnist_784_noniid', 'round': 6, 'ticket_id': 350, 'owner': 'acct_50'}",mock
0xd5a0ad27070f9c70604ba5c6f53db11aedee0ed26896c3e8fec49bf613901303,93000,1,UpdatePublished,"{'model_id': 'model_mnist_784_noniid', 'round': 6, 'ticket_id': 350, 'cid': 'sha256:a8e067372f1d684b42a34be88d506941c61e2c20534bec30848269e1930dacdf'}",mock
0x379c16036105e9fa07b0711020d6e95758fcbd3fae37b9805eecd09c87cb6942,645000,1,RoundFinalized,"{'model_id': 'model_mnist_784_noniid', 'round': 6, 'included': 26, 'refunds': 26}",mock
0x2df27144a72c75d29788e44062ed9a98fa10486dcbe0327d698b60f9f89dea4d,52000,1,RoundFunded,"{'model_id': 'model_mnist_784_noniid', 'amount_wei': 10000000000000000}",mock
0x792f6035bef743a078c8ce698671e7e3b76bd2fd87c0b48b045c7c249c78a7bc,86000,1,TicketReserved,"{'model_id': 'model_mnist_784_noniid', 'round': 7, 'ticket_id': 351, 'owner': 'acct_1'}",mock
0x73511830e08ff53df160861abb508dfc02c326bf2a8e145f6454acf091483b34,93000,1,UpdatePublished,"{'model_id': 'model_mnist_784_noniid', 'round': 7, 'ticket_id': 351, 'cid': 'sha256:8663bf9a70d36c01ec033009e72adfebeb47a7928685e6420682b79ec59b93db'}",mock
0x02370a68aa1de893f70fd9ae3d00e94cdc82dd56f6880a4725d0a2cce398f4e7,86000,1,TicketReserved,"{'model_id': 'model_mnist_784_noniid', 'round': 7, 'ticket_id': 352, 'owner': 'acct_2'}",mock
0x2f22b9085d7ddb7cd82b5202182563000e51c50bd14808fa93f5e9a16432d9e7,93000,1,UpdatePublished,"{'model_id': 'model_mnist_784_noniid', 'round': 7, 'ticket_id': 352, 'cid': 'sha256:605e70c92ca5e9c09b4d402b6d27d6d09ac793f51c331ba2f3eab5b342c4e2fd'}",mock
0xb11b19adbbc5935d669f7d2f6a1bf65f4c1684d9c692b92f38b851aa3d8a538e,86000,1,TicketReserved,"{'model_id': 'model_mnist_784_noniid', 'round': 7, 'ticket_id': 353, 'owner': 'acct_3'}",mock
0x7a9cd69187e630ec6dc52165353c8cf289cfa32b84937fcd67c8cc8aa2375c09,93000,1,UpdatePublished,"{'model_id': 'model_mnist_784_noniid', 'round': 7, 'ticket_id': 353, 'cid': 'sha256:ffdda154294c2e0224338252763ad6dbfce549411e329a684342b848a0246c81'}",mock
0x00f336adc78aabf36298c52011ec34882eea841446195da0195942235cb043bb,86000,1,TicketReserved,"{'model_id': 'model_mnist_784_noniid', 'round': 7, 'ticket_id': 354, 'owner': 'acct_4'}",mock
0x286b05f5a048ffccd32edd31a9feae55f32a4b6381616829d8ee068af4e769b7,93000,1,UpdatePublished,"{'model_id': 'model_mnist_784_noniid', 'round': 7, 'ticket_id': 354, 'cid': 'sha256:9674067ff83d01b9fac774175bca1195dd403866730fe2e8567e851da426668f'}",mock
0x314d86874d332065d3fa238dffd0b81f9e250606b34ee78c084b65bb7ca8c123,86000,1,TicketReserved,"{'model_id': 'model_mnist_784_noniid', 'round': 7, 'ticket_id': 355, 'owner': 'acct_5'}",mock
0x27922ff7073a3dd7a1efeb2964aa3f01f642819fba718deafc7e6363e45f21ed,93000,1,UpdatePublished,"{'model_id': 'model_mnist_784_noniid', 'round': 7, 'ticket_id': 355, 'cid': 'sha256:949ec017be11a109f3b8e6b6c3f3d0daa923e34ca87705043d84558bd6310279'}",mock
0x1007fb301b6f181d392bc03aa524e303bd1040b4a83ee67ad13cabe697210cf1,86000,1,TicketReserved,"{'model_id': 'model_mnist_784_noniid', 'round': 7, 'ticket_id': 356, 'owner': 'acct_6'}",mock
0x1f573fae6f8789771d1385d03c7e77514d072b11f28a50f2883b2c3c238c30e3,93000,1,UpdatePublished,"{'model_id': 'model_mnist_784_noniid', 'round': 7, 'ticket_id': 356, 'cid': 'sha256:6b664a41e0665bc48b0e63289dc25e487c48cd2110bef056f18b9acbf5987b56'}",mock
0x382a72281fad930b4a69116831fc90bbd722dbcb492e1c6c5db36a354d3b81a2,86000,1,TicketReserved,"{'model_id': 'model_mnist_784_noniid', 'round': 7, 'ticket_id': 357, 'owner': 'acct_7'}",mock
0x940272f5b321509f5338e23d93adbf8ac635b39b0fcc1847d1833042feb32ad8,93000,1,UpdatePublished,"{'model_id': 'model_mnist_784_noniid', 'round': 7, 'ticket_id': 357, 'cid': 'sha256:b228c216021b1b24aa74aeade4fcc12383996404578d449fd948c36e66944a94'}",mock
0x85127b46e7654f72e3b5373342d93f3291be11d171736f357744bbaee87e7ca7,86000,1,TicketReserved,"{'model_id': 'model_mnist_784_noniid', 'round': 7, 'ticket_id': 358, 'owner': 'acct_8'}",mock
0x68a555d19b44d14ff2f8b473d55d424cfb09b73b547f0ebab2b538d45e139c3e,93000,1,UpdatePublished,"{'model_id': 'model_mnist_784_noniid', 'round': 7, 'ticket_id': 358, 'cid': 'sha256:96525ba97c49d88bb845b326773c50527766d419775181ebacd9da15ef7e838e'}",mock
0xca91c2df14802c12335f67010957f8d5f5ba2613e09af2e1cf837a1979545d59,86000,1,TicketReserved,"{'model_id': 'model_mnist_784_noniid', 'round': 7, 'ticket_id': 359, 'owner': 'acct_9'}",mock
0x294b892d115c3c0994874c87dee6c9c5a9a644f4e10c00356157447fc68bfdde,93000,1,UpdatePublished,"{'model_id': 'model_mnist_784_noniid', 'round': 7, 'ticket_id': 359, 'cid': 'sha256:1a39c833fcaa51a5e587539af3bec951fe6c6fef6309efa43eb14463e617ece5'}",mock
0x93e8d0adb2a565815e189c267b3ea706ef285048fac633b8e1f7714e494323c9,86000,1,TicketReserved,"{'model_id': 'model_mnist_784_noniid', 'round': 7, 'ticket_id': 360, 'owner': 'acct_10'}",mock
0xae51d355617ce41629a7a9d405d940fb49017e65043cb8c0b88ba975bdbc9caf,93000,1,UpdatePublished,"{'model_id': 'model_mnist_784_noniid', 'round': 7, 'ticket_id': 360, 'cid': 'sha256:aa6fe7c079d31340dc80b802c0be1ed61ec9a4df85bebbb9ad82dbcfeba19e01'}",mock
0xa8a59bd5a4b454d43898cb315689b72deb547a2beb90afe4a736af33712bbd39,86000,1,TicketReserved,"{'model_id': 'model_mnist_784_noniid', 'round': 7, 'ticket_id': 361, 'owner': 'acct_11'}",mock
0xecc27b42e50bde9f21f11e2e5737cbcf81eaeb23492f50b909c7337bbb118360,93000,1,UpdatePublished,"{'model_id': 'model_mnist_784_noniid', 'round': 7, 'ticket_id': 361, 'cid': 'sha256:644528845008f11c87b7995b8cb381e0b7c0e52a15a0f717f8ae32094d2a6c68'}",mock
0x0441de4e0821e1fb0dceee38c9a1b210aaa4f2bbb432d3e9ef74fff43af9c393,86000,1,TicketReserved,"{'model_id': 'model_mnist_784_noniid', 'round': 7, 'ticket_id': 362, 'owner': 'acct_12'}",mock
0x106a4a8ef2bf6b3a45d0a292c6fcf4b652d6bb8134046ed132c184d9acc88e33,93000,1,UpdatePublished,"{'model_id': 'model_mnist_784_noniid', 'round': 7, 'ticket_id': 362, 'cid': 'sha256:40470f5851a12aaff087b2fbfb3397d0d618c688311e00d5ae641892a0b8f7bc'}",mock
0x4c3fbd563ce61493be4e8913c8aef5af2555d6aeaa49d995d2ca6716a7669d69,86000,1,TicketReserved,"{'model_id': 'model_mnist_784_noniid', 'round': 7, 'ticket_id': 363, 'owner': 'acct_13'}",mock
0xa5550a12e684e9e9560cf12bee12e263e3e486d7740eb9461770063f9493da3b,93000,1,UpdatePublished,"{'model_id': 'model_mnist_784_noniid', 'round': 7, 'ticket_id': 363, 'cid': 'sha256:340e11e78721f1113d55fab1867d73fd3e0c5c28a5ea90963b429a7db7020f64'}",mock
0x3f323cebd2878a5dee8152c65a868c752b03ace1115aa2522eb13700ddb2ad04,86000,1,TicketReserved,"{'model_id': 'model_mnist_784_noniid', 'round': 7, 'ticket_id': 364, 'owner': 'acct_14'}",mock
0x8affaadf47772c7faf717aa102e3459eea56121e51a21c890cb450cf255e3c4d,93000,1,UpdatePublished,"{'model_id': 'model_mnist_784_noniid', 'round': 7, 'ticket_id': 364, 'cid': 'sha256:4dd35140cebeb4c01280e6861b6d528845fb3f2c13901be6945ff2f195fc1fc6'}",mock
0x4d669972ef3c2be20de8ca9c93c5496a86db1618871ebb19a4a431e327cbc278,86000,1,TicketReserved,"{'model_id': 'model_mnist_784_noniid', 'round': 7, 'ticket_id': 365, 'owner': 'acct_15'}",mock
0x77324ccfff83b6a6c849f1e9ac13d5eede7e31eb98d773b49d0bb5a1e1e3d5f2,93000,1,UpdatePublished,"{'model_id': 'model_mnist_784_noniid', 'round': 7, 'ticket_id': 365, 'cid': 'sha256:f60e722c56e1158d1ec41c6c27b851e094f7b4a73eb14a6bf09b7498ca1c35d1'}",mock
0x9e952c665d22998dc6317ae4101c6da26837a330b80fe95bf35970ffdd664832,86000,1,TicketReserved,"{'model_id': 'model_mnist_784_noniid', 'round': 7, 'ticket_id': 366, 'owner': 'acct_16'}",mock
0xc7cfdfa1b2f540445771a906822b30969209f7b94f33e9b746a9fefe6bf72155,93000,1,UpdatePublished,"{'model_id': 'model_mnist_784_noniid', 'round': 7, 'ticket_id': 366, 'cid': 'sha256:f7e83eb614f1b4cbff9ba320824729739f84f0ac9c81af421ffdc1944e01a6ef'}",mock
0x48684180e48698d81796928e979ed601fd6614d5cb346c44451e347a821bddf5,86000,1,TicketReserved,"{'model_id': 'model_mnist_784_noniid', 'round': 7, 'ticket_id': 367, 'owner': 'acct_17'}",mock
0x45db5f0ef03941041d594373ff93e4554989f89228205905c489c4b55c60750e,93000,1,UpdatePublished,"{'model_id': 'model_mnist_784_noniid', 'round': 7, 'ticket_id': 367, 'cid': 'sha256:15ff36277ffd1fea5745f19650c8af9c60fe9abd444aeafffcdf1de87a439f67'}",mock
0xb0070ff3348bc82a698b82fb755aff4a92ed5aa62e45c6dc2b0fb767176a6e0d,86000,1,TicketReserved,"{'model_id': 'model_mnist_784_noniid', 'round': 7, 'ticket_id': 368, 'owner': 'acct_18'}",mock
0xb32957b438f57ee52c3b834286e650869fd07ee97ad4f0b74fe5c47f587ba39f,93000,1,UpdatePublished,"{'model_id': 'model_mnist_784_noniid', 'round': 7, 'ticket_id': 368, 'cid': 'sha256:091413939a731bd29fd7f4cfcecc7d65519fca1ed455cd5ddce170a1af2330a2'}",mock
0x7ad855d747d79c40ddffd401a7f1b76476fee9147a4f24b7d99d1f90305ebae9,86000,1,TicketReserved,"{'model_id': 'model_mnist_784_noniid', 'round': 7, 'ticket_id': 369, 'owner': 'acct_19'}",mock
0x314de34033a477a87337e2873716ea47b08543b5b025e7f67e8db159ab0342cc,93000,1,UpdatePublished,"{'model_id': 'model_mnist_784_noniid', 'round': 7, 'ticket_id': 369, 'cid': 'sha256:1975634fd0ee42222b03a0f3c8e7cdd2eae763494d28ffc7ae62d0830def7aa5'}",mock
0x9fe35e61eada148e52e9d32ab40f0095971f9b59248026cdebb787d573e2fb02,86000,1,TicketReserved,"{'model_id': 'model_mnist_784_noniid', 'round': 7, 'ticket_id': 370, 'owner': 'acct_20'}",mock
0x7a1bf8d77e0c123c59ec6dffe46fa5d8ce05e8a67b44339dfd8e809cab18a459,93000,1,UpdatePublished,"{'model_id': 'model_mnist_784_noniid', 'round': 7, 'ticket_id': 370, 'cid': 'sha256:107862152cb96d31a5408c8838420a3fa2f63ca1ebbbeccd48e27800f03019a7'}",mock
0x58f3dfeec37713f8735446d393b7b39469000abe8a4805ab4deb233044c53daf,86000,1,TicketReserved,"{'model_id': 'model_mnist_784_noniid', 'round': 7, 'ticket_id': 371, 'owner': 'acct_21'}",mock
0x8cce020d8df661cc0fb3a387d62405d0d1d38839018d78968cd9f4de43972bc7,93000,1,UpdatePublished,"{'model_id': 'model_mnist_784_noniid', 'round': 7, 'ticket_id': 371, 'cid': 'sha256:f7b02aa0827fad6f97ee4a4703099f9e8b68321881a795d4dbffbeb3326a39ca'}",mock
0x555363aa53bb09565ce8aa309525a01759b42b3195bd3466805b78eecd64bed4,86000,1,TicketReserved,"{'model_id': 'model_mnist_784_noniid', 'round': 7, 'ticket_id': 372, 'owner': 'acct_22'}",mock
0x739c6212de909410fe9c8d042c37b3f598ffc7ddc63b67f2927937978c5133b9,93000,1,UpdatePublished,"{'model_id': 'model_mnist_784_noniid', 'round': 7, 'ticket_id': 372, 'cid': 'sha256:fcd3e1357d12eefe355f8caabfb506937186e3aa256830bd3fb1f4c224967103'}",mock
0xffd49fe7d133a6d4bb4793721d59431a773725956bd6cb95fc8ffbd3c16a7b25,86000,1,TicketReserved,"{'model_id': 'model_mnist_784_noniid', 'round': 7, 'ticket_id': 373, 'owner': 'acct_23'}",mock
0xe2d370b5c56845e9ac66b516a991c8a00e9512c57fc1a1c119f442fb6a91105a,93000,1,UpdatePublished,"{'model_id': 'model_mnist_784_noniid', 'round': 7, 'ticket_id': 373, 'cid': 'sha256:8c3b0e135a7bf10ecf436c745b55b51c8e8d6b60522cee7abdeb49825ead674f'}",mock
0xc560561a3eb5cf07c30379babf49d69ee2d117dee730e079c2fae51cff100449,86000,1,TicketReserved,"{'model_id': 'model_mnist_784_noniid', 'round': 7, 'ticket_id': 374, 'owner': 'acct_24'}",mock
0xfcff792fbdb29bebc328a9f815d670ce8a2807a833ed2ea686f122d25cb8bc2d,93000,1,UpdatePublished,"{'model_id': 'model_mnist_784_noniid', 'round': 7, 'ticket_id': 374, 'cid': 'sha256:c648d7a5197c0dea95c17bc584b38b1a810e7d96cc49a4869730f566f5b73f66'}",mock
0x2d3c2bbc821c666c42e56b24a6e2ce12f90007c9faf8ba329af816f545aaa18a,86000,1,TicketReserved,"{'model_id': 'model_mnist_784_noniid', 'round': 7, 'ticket_id': 375, 'owner': 'acct_25'}",mock
0x8ff28119300d71cc7df7eecfe177ce257d9f91f66bf8690dfb3d869e4d5e5859,93000,1,UpdatePublished,"{'model_id': 'model_mnist_784_noniid', 'round': 7, 'ticket_id': 375, 'cid': 'sha256:fb680a70d7195390aea341c27a5be980ed0217ea97a83b4c31933635a3d0a642'}",mock
0x52e8d4263e476a4a592c3339a57d359964511abf92d8668d8a9627bc9536fc9e,86000,1,TicketReserved,"{'model_id': 'model_mnist_784_noniid', 'round': 7, 'ticket_id': 376, 'owner': 'acct_26'}",mock
0x179391bb2b372729290b9949f5df837589721e3e23dbd0b729124507ec804b91,93000,1,UpdatePublished,"{'model_id': 'model_mnist_784_noniid', 'round': 7, 'ticket_id': 376, 'cid': 'sha256:b07ad90f9551b58c36f3b7c7f8d9f9364e9b0b9a819dbe2bd39175be38205142'}",mock
0xa22cf4c2545ef3b93878b197ced67002ce2d43029a7551789e1a6dbd24b6cebe,86000,1,TicketReserved,"{'model_id': 'model_mnist_784_noniid', 'round': 7, 'ticket_id': 377, 'owner': 'acct_27'}",mock
0xc549d769bb9a7551ad019fa75db803e656c2015d45452763aef5ec01da45fc6e,93000,1,UpdatePublished,"{'model_id': 'model_mnist_784_noniid', 'round': 7, 'ticket_id': 377, 'cid': 'sha256:d3e9f3605f872b1dc414eb4876efc99775c41b71ed035d1decf18547adc17fb0'}",mock
0x3e5205aefe5278db1b60422462f8fd4b8e760296ca349d1417b44f63bc1e41c8,86000,1,TicketReserved,"{'model_id': 'model_mnist_784_noniid', 'round': 7, 'ticket_id': 378, 'owner': 'acct_28'}",mock
0xdd669b0f4868d0690cd096d9c9e6c6280f342696e56c33c0e8062c8399d15691,93000,1,UpdatePublished,"{'model_id': 'model_mnist_784_noniid', 'round': 7, 'ticket_id': 378, 'cid': 'sha256:d3daf7f08f731bc5fc86ff70dbfc3c8c7b98da19b933ec0ae5b8d7830071b2f2'}",mock
0x67a80dec2d1ff74cfb739a7965a26b8899e768946a2f4ba415ea459a6e0d2e6f,86000,1,TicketReserved,"{'model_id': 'model_mnist_784_noniid', 'round': 7, 'ticket_id': 379, 'owner': 'acct_29'}",mock
0x1bd544b695ee21150ab955462611e1d6a67abc500560782612e6851bb13bd308,93000,1,UpdatePublished,"{'model_id': 'model_mnist_784_noniid', 'round': 7, 'ticket_id': 379, 'cid': 'sha256:0d06153f8ef8e46b3c5bb03cb99eeac8b3b3c9e6ab54e6a1d060ec7fedc590e3'}",mock
0xdda25a46969d66c72da3d23de5eb3e758b8a77b2fe0be25efdd2bdb3d5b1a75a,86000,1,TicketReserved,"{'model_id': 'model_mnist_784_noniid', 'round': 7, 'ticket_id': 380, 'owner': 'acct_30'}",mock
0xe063125da89e3d30a355352d3aab65f6778a9eb7a155c40db9505627c0e43be8,93000,1,UpdatePublished,"{'model_id': 'model_mnist_784_noniid', 'round': 7, 'ticket_id': 380, 'cid': 'sha256:6b1283f81d1dac81b3a9b5155d9f9942e988670169bbd329dd4d92a0b7a27c58'}",mock
0xde17fe1c1ab70604d2aaf7f933cab91cb8cc739b5b69887e2a3f296d9efde2f9,86000,1,TicketReserved,"{'model_id': 'model_mnist_784_noniid', 'round': 7, 'ticket_id': 381, 'owner': 'acct_31'}",mock
0x20335edda8453ca7537ab9da828cf49f72abe28a71bfef9c9e540cf30d291a41,93000,1,UpdatePublished,"{'model_id': 'model_mnist_784_noniid', 'round': 7, 'ticket_id': 381, 'cid': 'sha256:6e63ba5e51fd482f656137afb7bf494d12213cb3a408a9d49346ef0c16f2605e'}",mock
0xc0c68775d83e63d969397616f9cfb7fa5b86e17b5432835ede3b70cbb94eb466,86000,1,TicketReserved,"{'model_id': 'model_mnist_784_noniid', 'round': 7, 'ticket_id': 382, 'owner': 'acct_32'}",mock
0xed21f71e0633e4a4ba52747075c6f9f7791c15c1b915dad9abb2dc455e68c2a7,93000,1,UpdatePublished,"{'model_id': 'model_mnist_784_noniid', 'round': 7, 'ticket_id': 382, 'cid': 'sha256:3f9b4e3b7571d7b90ab891b2868d1956bbbe3c65c72e78c8d09df49f205c8e40'}",mock
0x6e57cccb44b79bbe8abf9ef8a7fdf4e86f20d4a57142f694ff76988e679c93a5,86000,1,TicketReserved,"{'model_id': 'model_mnist_784_noniid', 'round': 7, 'ticket_id': 383, 'owner': 'acct_33'}",mock
0xa95cf96de910a917402fbc3d9fab1752ab250737bcb3681703d2afc1b297912e,93000,1,UpdatePublished,"{'model_id': 'model_mnist_784_noniid', 'round': 7, 'ticket_id': 383, 'cid': 'sha256:8956067ef26ca11195239e3087d0d5ccfe5c4a9afce0ff6c7f7e0ffe097103dc'}",mock
0x0cb46067b36afc580b69c496ecb51b3c76616f663658674223417b55a736cf0f,86000,1,TicketReserved,"{'model_id': 'model_mnist_784_noniid', 'round': 7, 'ticket_id': 384, 'owner': 'acct_34'}",mock
0xe027d6f40d4897caf7811b975e3dd94ee309841257646303b401fb073a18f706,93000,1,UpdatePublished,"{'model_id': 'model_mnist_784_noniid', 'round': 7, 'ticket_id': 384, 'cid': 'sha256:6d9b1b681e3dfdf6e95926594f4d9f699f7735527f36e4711b52efbca3cd4380'}",mock
0x3279bbf897d83892cb510c20223d8b9736145e0edd085d03817387609501cd70,86000,1,TicketReserved,"{'model_id': 'model_mnist_784_noniid', 'round': 7, 'ticket_id': 385, 'owner': 'acct_35'}",mock
0x7f4b731fd228bc3157229b6ad643d524a98d4c055adb1c8d5f58bc0bff437a54,93000,1,UpdatePublished,"{'model_id': 'model_mnist_784_noniid', 'round': 7, 'ticket_id': 385, 'cid': 'sha256:096e7b0d713d47562b119d8d4ef39f35160e888d8c0fc2e44117ce9d214d8134'}",mock
0x4382452dab80d48009461d1708237397fdd43d5c433d394b2f67a20a3865850b,86000,1,TicketReserved,"{'model_id': 'model_mnist_784_noniid', 'round': 7, 'ticket_id': 386, 'owner': 'acct_36'}",mock
0x0bb1ac2b605582fe623ec3fb88fcab8725cdae3f1a7a996cc9f470569463bf56,93000,1,UpdatePublished,"{'model_id': 'model_mnist_784_noniid', 'round': 7, 'ticket_id': 386, 'cid': 'sha256:4d021aaa1bea18df27cccd71898a209a5ca774aefdf75ae2e99a387c28aa8eac'}",mock
0x070307bb644d1ff20755ee098541bdc3ae8eb0bca62e8f93c0075ffe0b4c6438,86000,1,TicketReserved,"{'model_id': 'model_mnist_784_noniid', 'round': 7, 'ticket_id': 387, 'owner': 'acct_37'}",mock
0xf5efc57f16f30d9448074cd5d0eb9517360c6226da4255433ff93069973fb0c5,93000,1,UpdatePublished,"{'model_id': 'model_mnist_784_noniid', 'round': 7, 'ticket_id': 387, 'cid': 'sha256:45e08c885264553639c67cc592456751c26091a5b58a570b221f85c89289297b'}",mock
0xa1a4763b7225cb8d2df242546c8b0675786accf6c93e92e93ee9741b7e2148af,86000,1,TicketReserved,"{'model_id': 'model_mnist_784_noniid', 'round': 7, 'ticket_id': 388, 'owner': 'acct_38'}",mock
0x6918e1e8c942da54dafc5d02e8328a60da246b55c7b2791b3eb77902127ae548,93000,1,UpdatePublished,"{'model_id': 'model_mnist_784_noniid', 'round': 7, 'ticket_id': 388, 'cid': 'sha256:91a2c156e7eddba92ddcb67952a83cb128b9a61ac2c3ea0062942bfde55ad19d'}",mock
0xfc106f99f2a497633b5f81ba7ad622d77295eaec00cc0116a582b1b498ff14a5,86000,1,TicketReserved,"{'model_id': 'model_mnist_784_noniid', 'round': 7, 'ticket_id': 389, 'owner': 'acct_39'}",mock
0x17c5fb111b3116c220cb1ecc425a808918973c307ba3c362f0c7ce164d8fe5b6,93000,1,UpdatePublished,"{'model_id': 'model_mnist_784_noniid', 'round': 7, 'ticket_id': 389, 'cid': 'sha256:092f6fba1959e399589be7d559db35c12a756b0bd2773fafdcf4cd910c97437d'}",mock
0x813910a83957a6920216c7246b5d5ff8ff3cd556172a1d0d4a6e195904c93097,86000,1,TicketReserved,"{'model_id': 'model_mnist_784_noniid', 'round': 7, 'ticket_id': 390, 'owner': 'acct_40'}",mock
0x3bb6b58f6225f1833be4602553102c281eb22b1cf1aee78e0b2538f296e15297,93000,1,UpdatePublished,"{'model_id': 'model_mnist_784_noniid', 'round': 7, 'ticket_id': 390, 'cid': 'sha256:6c1b16d3d193a4187048aa246a562ccfefc0c1aa45964303e84d88e1054ef325'}",mock
0xdffd41eca3d1640bfafd48fd83026fd124a2a0742844ffa7bd08a7bd9e3e394f,86000,1,TicketReserved,"{'model_id': 'model_mnist_784_noniid', 'round': 7, 'ticket_id': 391, 'owner': 'acct_41'}",mock
0x56f28b819fda2a1c20cddcaccb2aa616bb50d14b94a4c018d871573a3a300cd4,93000,1,UpdatePublished,"{'model_id': 'model_mnist_784_noniid', 'round': 7, 'ticket_id': 391, 'cid': 'sha256:583fc2edfcb2a0f957c5000f1cbb894aa00c603861da6ebd0be59533f81af4ef'}",mock
0x1813bc80016e4bd214a81fc61b03a557e97fc801f223eb557bdb8f1240ca2f09,86000,1,TicketReserved,"{'model_id': 'model_mnist_784_noniid', 'round': 7, 'ticket_id': 392, 'owner': 'acct_42'}",mock
0x9b6452f77ca2e90b157a6dff5338c1eb32d32d357b2ee875cd54eb2202679633,93000,1,UpdatePublished,"{'model_id': 'model_mnist_784_noniid', 'round': 7, 'ticket_id': 392, 'cid': 'sha256:4fcd2fe29dba1c2d7b7fd0eb58ca4aa3f602784c187b0aa8b832e31c9465c674'}",mock
0xf669f8fb963ef1d0b12878f5280711460c68e4190bd55e33c2e6b7736666e586,86000,1,TicketReserved,"{'model_id': 'model_mnist_784_noniid', 'round': 7, 'ticket_id': 393, 'owner': 'acct_43'}",mock
0x5bba72d59eaec105a17cbe888571c7ba9eaa44f47fccf1b2b2589d7478930762,93000,1,UpdatePublished,"{'model_id': 'model_mnist_784_noniid', 'round': 7, 'ticket_id': 393, 'cid': 'sha256:71263f49ba190aa517c8ea31fd50213f68f204dcbb7f26c5e19ebddcae978dbd'}",mock
0x5ea712a8bbdcc56a2c1dad62383367a8297897855b2f4b83400af21037e69341,86000,1,TicketReserved,"{'model_id': 'model_mnist_784_noniid', 'round': 7, 'ticket_id': 394, 'owner': 'acct_44'}",mock
0xe53fc53314980a57a6626d7a4501e980a3b6b39a80d3a3321f1a2c4d578e1e5a,93000,1,UpdatePublished,"{'model_id': 'model_mnist_784_noniid', 'round': 7, 'ticket_id': 394, 'cid': 'sha256:50d5e681babd5fa4d2c0728595acee41219687491abc3cf6270d431511bf48ec'}",mock
0xc6e262874b480e6c5161b7605b9b8269db8ae9e4a9dbba008237cdee58342734,86000,1,TicketReserved,"{'model_id': 'model_mnist_784_noniid', 'round': 7, 'ticket_id': 395, 'owner': 'acct_45'}",mock
0x94c9ca05f31e6985792acfc08b316fb2ba77d5d08df4b30e2195fa2691359211,93000,1,UpdatePublished,"{'model_id': 'model_mnist_784_noniid', 'round': 7, 'ticket_id': 395, 'cid': 'sha256:51bcedac0c4fcad17e3e4e2fd0de6467d23940e768c15c9f71f2d378ae020a28'}",mock
0xbae631e0a8ec3bf761bc16c07d0a409cc7c33dd2f27ec5fadc72fd9a5cbd77cc,86000,1,TicketReserved,"{'model_id': 'model_mnist_784_noniid', 'round': 7, 'ticket_id': 396, 'owner': 'acct_46'}",mock
0xd012d011c5fc0704a12e8ddbef23f10904c2337ed8fa5649580e0eb451d3352e,93000,1,UpdatePublished,"{'model_id': 'model_mnist_784_noniid', 'round': 7, 'ticket_id': 396, 'cid': 'sha256:ee1a1d2295d8e5e2dc873e350a91efcaf453503fbc0ead8346420015c2ac5abf'}",mock
0x9d7ada6ef16410fff607b0252aa2d76e0edf9e301c9a099fc8e9daa544b1e048,86000,1,TicketReserved,"{'model_id': 'model_mnist_784_noniid', 'round': 7, 'ticket_id': 397, 'owner': 'acct_47'}",mock
0x8b23e9db5da738763f3791f0737e9286ed232691d02f2508f9b25ef7b6d83451,93000,1,UpdatePublished,"{'model_id': 'model_mnist_784_noniid', 'round': 7, 'ticket_id': 397, 'cid': 'sha256:f4605f4b7109b2f0121d6a65d4a75f93f69bba28d8937774ec1b3836552d0289'}",mock
0xb1615513a53c4dd32325f952b891708d0692a2a8f2c89ba53f1172abf09be1b8,86000,1,TicketReserved,"{'model_id': 'model_mnist_784_noniid', 'round': 7, 'ticket_id': 398, 'owner': 'acct_48'}",mock
0x6c758ab521a4427149bdaf298c838c6de0c14ce03f557821ead46769245cde61,93000,1,UpdatePublished,"{'model_id': 'model_mnist_784_noniid', 'round': 7, 'ticket_id': 398, 'cid': 'sha256:0b58067689894336fb1436dea907a4176c24ac705aec11de720d1a94e61e865c'}",mock
0xe807330be95b1e4132ab5f99f9c26f0142cdcc5cea106f86fc5ae848624375d5,86000,1,TicketReserved,"{'model_id': 'model_mnist_784_noniid', 'round': 7, 'ticket_id': 399, 'owner': 'acct_49'}",mock
0x9f6a41725559acd42917234cd9f1cf8b3de60d6d36e4b730a0039691017e3ed6,93000,1,UpdatePublished,"{'model_id': 'model_mnist_784_noniid', 'round': 7, 'ticket_id': 399, 'cid': 'sha256:e5562490fd9e01dd624c4a23d1a21828d17eccc57f87f0916e05dad488ecf900'}",mock
0x8685fdb24a42e704aca24489a6208dad018ae67b24e49cf2ff4b35830ee16357,86000,1,TicketReserved,"{'model_id': 'model_mnist_784_noniid', 'round': 7, 'ticket_id': 400, 'owner': 'acct_50'}",mock
0xebf18970351563537a346f47bfdc02f8f0d03b3956d8108b820b100a9216fedd,93000,1,UpdatePublished,"{'model_id': 'model_mnist_784_noniid', 'round': 7, 'ticket_id': 400, 'cid': 'sha256:27cd2e6aea89bda586abcd90ec5ac22748572cbb21639a85cc0700a8f1177ed7'}",mock
0x95ceb37692254b492f7328431bb30e106fbb55fcc75512902e869ad379b6a041,585000,1,RoundFinalized,"{'model_id': 'model_mnist_784_noniid', 'round': 7, 'included': 23, 'refunds': 23}",mock
0x17d2910d2a30c4f6a00015c757de976881c973059547f134ab74d762b0d5c841,52000,1,RoundFunded,"{'model_id': 'model_mnist_784_noniid', 'amount_wei': 10000000000000000}",mock
0xa03a066942be26d692cdba7d5c08c707472baf2022c67f6f6f4d4943ad780049,86000,1,TicketReserved,"{'model_id': 'model_mnist_784_noniid', 'round': 8, 'ticket_id': 401, 'owner': 'acct_1'}",mock
0xb0f16ac27a5064410af0a696d1e36662374e68d55afb1050ede9411e0d935e78,93000,1,UpdatePublished,"{'model_id': 'model_mnist_784_noniid', 'round': 8, 'ticket_id': 401, 'cid': 'sha256:27bd2cdb1ea0b4b0dfec945497a081b98b20b43d248912ee2069d77ec1618599'}",mock
0x04945ef3422ae6619da4863a2e37e6c0e411c8b91514e453d21378579573000d,86000,1,TicketReserved,"{'model_id': 'model_mnist_784_noniid', 'round': 8, 'ticket_id': 402, 'owner': 'acct_2'}",mock
0x04c9cc5ba0667267a9cb4f0432d6226397418d9aaffed242b7eed47f67ed8561,93000,1,UpdatePublished,"{'model_id': 'model_mnist_784_noniid', 'round': 8, 'ticket_id': 402, 'cid': 'sha256:a85494ffc57baf195fb30a2a06b38b3b336b297294db240d7d3ffeea1d178014'}",mock
0x9ed1ce9b5e72bbe9e70d5ed5486cf18519d777a421737ab78f1ba60eac52294f,86000,1,TicketReserved,"{'model_id': 'model_mnist_784_noniid', 'round': 8, 'ticket_id': 403, 'owner': 'acct_3'}",mock
0xad623ab6c80a8c19f1ea783cb7eb1eb8fcae03cc4bd3c13b1f6dc7952f15b84e,93000,1,UpdatePublished,"{'model_id': 'model_mnist_784_noniid', 'round': 8, 'ticket_id': 403, 'cid': 'sha256:46bd4ad2cfaeeec271dcda61e8e4fbff117abafec5ae473e693b13941ae476d7'}",mock
0x6ba20cf5889e2000c2aa9fe62481aee4bd1231ea57c712e6b70a8d516b166087,86000,1,TicketReserved,"{'model_id': 'model_mnist_784_noniid', 'round': 8, 'ticket_id': 404, 'owner': 'acct_4'}",mock
0xc9ddfd02e36c81403eb34c6bdabda0be20c730ad98da361d5351195a4fbb3ab3,93000,1,UpdatePublished,"{'model_id': 'model_mnist_784_noniid', 'round': 8, 'ticket_id': 404, 'cid': 'sha256:f9b6f058071f3f61a1c941b5c51c91bf0a820ecd1166c02a609273263a907234'}",mock
0x6eed98ffe9abce2899d55a119d633103a0681978579a9b545bfbe7d976f1c719,86000,1,TicketReserved,"{'model_id': 'model_mnist_784_noniid', 'round': 8, 'ticket_id': 405, 'owner': 'acct_5'}",mock
0x26f5d07082cc1947a06f291cd4eb56fe39a4f1fe01b98623d5faa3d19f846ef4,93000,1,UpdatePublished,"{'model_id': 'model_mnist_784_noniid', 'round': 8, 'ticket_id': 405, 'cid': 'sha256:924fb354d78771c9764d83cba765f7c757e31634a0a802b384a3b319f4c83136'}",mock
0x9f84a9d1644d3b4cce978f39bfee4f6de04cb394769d19aa35626fbe1396e1e3,86000,1,TicketReserved,"{'model_id': 'model_mnist_784_noniid', 'round': 8, 'ticket_id': 406, 'owner': 'acct_6'}",mock
0x0aae670c4c71ef3be670ed3650690be99e03c376e39f208a53c9a70f995562bd,93000,1,UpdatePublished,"{'model_id': 'model_mnist_784_noniid', 'round': 8, 'ticket_id': 406, 'cid': 'sha256:633f07e0bded77a301794306043657d5c0d733ccb21b435f901669824e64d7f9'}",mock
0x642033b403f7754ff6a970aa8717a05e5d56706905234507bea8f7461f3dcaad,86000,1,TicketReserved,"{'model_id': 'model_mnist_784_noniid', 'round': 8, 'ticket_id': 407, 'owner': 'acct_7'}",mock
0x19dc0d9113a13143c50f50b09a4b81ada4f946d0504e3ce13a2551d226ffeaf3,93000,1,UpdatePublished,"{'model_id': 'model_mnist_784_noniid', 'round': 8, 'ticket_id': 407, 'cid': 'sha256:c3d2a8cf319c4c1d92ada34195df769204045dc07e182db264fcca0a520a9900'}",mock
0x9648941e0463cf98023e15032293e97d3f0b8aab8d377dca374bdb6f893d8034,86000,1,TicketReserved,"{'model_id': 'model_mnist_784_noniid', 'round': 8, 'ticket_id': 408, 'owner': 'acct_8'}",mock
0x695cc49ee13f4e8dacfa8cfb0c25efa84c43b2dd7ed34a4c8a2f5291dfd5fe5a,93000,1,UpdatePublished,"{'model_id': 'model_mnist_784_noniid', 'round': 8, 'ticket_id': 408, 'cid': 'sha256:c0e2f94dcb8927d997b2bb16a5975c1974b2ac8c89fb0104ec47ef732811882a'}",mock
0x132b36de278b4e2c678167d4d423e71fa669cdedf3bf92baa7b45d90528508c2,86000,1,TicketReserved,"{'model_id': 'model_mnist_784_noniid', 'round': 8, 'ticket_id': 409, 'owner': 'acct_9'}",mock
0x010c7b417e5caaa0ee0a6404bf26cd6bd8bf72c70aa0f378651891bb0ec36961,93000,1,UpdatePublished,"{'model_id': 'model_mnist_784_noniid', 'round': 8, 'ticket_id': 409, 'cid': 'sha256:2735bd5891d9da381203eda0fb983ce0b53b30c2797a26fb4467bfc1c5169eea'}",mock
0xa3be4850a70afd6284430066b1e9594d42ac2614161a6c51d852f681d48340fd,86000,1,TicketReserved,"{'model_id': 'model_mnist_784_noniid', 'round': 8, 'ticket_id': 410, 'owner': 'acct_10'}",mock
0x5074216b48cb74c9f9017fc9d5288a4fe4f46e4beea872b0744fe7a117a2a359,93000,1,UpdatePublished,"{'model_id': 'model_mnist_784_noniid', 'round': 8, 'ticket_id': 410, 'cid': 'sha256:0b8889e3b595c276d44795bf5ff6575b29dc9612ebd8f513bc95e2b4751214bd'}",mock
0xaa58e3d2804f9b2915cc5d81c839f1276c48f46570beba2c9be549a99bcc8829,86000,1,TicketReserved,"{'model_id': 'model_mnist_784_noniid', 'round': 8, 'ticket_id': 411, 'owner': 'acct_11'}",mock
0x7be332b4d82118320e9a364b4d0d645ca46b43d28a81f5d8836d3850852c8b51,93000,1,UpdatePublished,"{'model_id': 'model_mnist_784_noniid', 'round': 8, 'ticket_id': 411, 'cid': 'sha256:91dbaaa17ac0029697100834f2c2e17cf657be8d0ff9dd99a3715cce00494bbd'}",mock
0xc5f49aeeb0650dd984e258e782dc65a8ad1d349203408ee6112e45b9bcd3e8b5,86000,1,TicketReserved,"{'model_id': 'model_mnist_784_noniid', 'round': 8, 'ticket_id': 412, 'owner': 'acct_12'}",mock
0x26970c6aecebc5ba89cfb045d038033188d9ada703a03ec1ca5f7e2b1792bb22,93000,1,UpdatePublished,"{'model_id': 'model_mnist_784_noniid', 'round': 8, 'ticket_id': 412, 'cid': 'sha256:e5d0099a6d6ebfd5685b2ad0b6b1eba41bf0f1bddc359ee1a8d77153e8b03b3b'}",mock
0xc2867100ecaaaff1cba0e99d9f7b0fb0aaa6b0e49b923dbd4241c9d6fa39d882,86000,1,TicketReserved,"{'model_id': 'model_mnist_784_noniid', 'round': 8, 'ticket_id': 413, 'owner': 'acct_13'}",mock
0x63217168219948532e22bd26bf3f5345f28bedf39f8ccfe503d9bade3f627ab3,93000,1,UpdatePublished,"{'model_id': 'model_mnist_784_noniid', 'round': 8, 'ticket_id': 413, 'cid': 'sha256:ce1c42c811fcc1d6c2e25d4acdf1669fa9ac049ac46b2d106a91c897e3d2b578'}",mock
0xf86e02353f6f53825e955cf939e319b082eb41a8c9e556dd30519f2b3e055bfb,86000,1,TicketReserved,"{'model_id': 'model_mnist_784_noniid', 'round': 8, 'ticket_id': 414, 'owner': 'acct_14'}",mock
0xe0bf435479910843478024c72c2681329304b98e487bac094612db758b8693dd,93000,1,UpdatePublished,"{'model_id': 'model_mnist_784_noniid', 'round': 8, 'ticket_id': 414, 'cid': 'sha256:aca20a6f1ff3f9e4ac40378b8d9594a4925889528a3a0d7331b76450b4a8e13f'}",mock
0x2422492c4261bf36490bef34cbcc459de6173e640db2272dce6e87a8464c8d5f,86000,1,TicketReserved,"{'model_id': 'model_mnist_784_noniid', 'round': 8, 'ticket_id': 415, 'owner': 'acct_15'}",mock
0x16be74b951f892f7d2e70b67c2756eb725727969db0498fc5a08c8b6ce1c7ba3,93000,1,UpdatePublished,"{'model_id': 'model_mnist_784_noniid', 'round': 8, 'ticket_id': 415, 'cid': 'sha256:b8b9fcfb269285e6ea8af56454ac70279abdf638a011c2eb9aa348e722039229'}",mock
0xef423857022d9d7237a1d530ac68c200e2c552279ebde1905528482ed6f1d1dd,86000,1,TicketReserved,"{'model_id': 'model_mnist_784_noniid', 'round': 8, 'ticket_id': 416, 'owner': 'acct_16'}",mock
0x124aeae4a1b984d5d7c20843eb658fa1f47365295ec22dabb04f8f22cbc0543d,93000,1,UpdatePublished,"{'model_id': 'model_mnist_784_noniid', 'round': 8, 'ticket_id': 416, 'cid': 'sha256:66932838f7678a65663aeeb4a784695301af46d631d2877766629e2851e6162b'}",mock
0x15ad093663dd7edf290d162ad3c3b91c6f28d2ede054653a8ed36a3d05c4f5f5,86000,1,TicketReserved,"{'model_id': 'model_mnist_784_noniid', 'round': 8, 'ticket_id': 417, 'owner': 'acct_17'}",mock
0x2445d02ce3444e462e15b00d2d667ac4ed6e80bd2ee3039978f4e542f64ebeed,93000,1,UpdatePublished,"{'model_id': 'model_mnist_784_noniid', 'round': 8, 'ticket_id': 417, 'cid': 'sha256:157e3598b6a0215aef36896916136451650c37f331613bda752d6702dbb9a5b6'}",mock
0xba83a7c804a35dbb22db97a1950787d4166705024a2f00224370e4524be49cc2,86000,1,TicketReserved,"{'model_id': 'model_mnist_784_noniid', 'round': 8, 'ticket_id': 418, 'owner': 'acct_18'}",mock
0x914379e2aaf4de8bd31e7dcc8d17065dbed83033e73d2d98a3674640f72e931c,93000,1,UpdatePublished,"{'model_id': 'model_mnist_784_noniid', 'round': 8, 'ticket_id': 418, 'cid': 'sha256:6a1c4d82950acf03453b9cc8e806af64347334092529b9697a7b255c04097b37'}",mock
0x25895eecccd9d1c561154b520ac5309e0010c54bb33f517e8f8ad96b7a491d90,86000,1,TicketReserved,"{'model_id': 'model_mnist_784_noniid', 'round': 8, 'ticket_id': 419, 'owner': 'acct_19'}",mock
0xf71b4f9695014474514fb4104c7ff1f28e82222932b06c10f8dbf7382efd4e43,93000,1,UpdatePublished,"{'model_id': 'model_mnist_784_noniid', 'round': 8, 'ticket_id': 419, 'cid': 'sha256:4c1b83908a4a87f5cd96c2266e8b379310713c05fdc88fc3f89612227a4bb4bf'}",mock
0xc3668ce16354c36038a4f6cd92e06eec97aa85a9ee61f15246ebcc9e8380334f,86000,1,TicketReserved,"{'model_id': 'model_mnist_784_noniid', 'round': 8, 'ticket_id': 420, 'owner': 'acct_20'}",mock
0x9720272e228cbcf9e0ee5f9282b5ee74d8284875c1ab003c1fcdba444a8831b5,93000,1,UpdatePublished,"{'model_id': 'model_mnist_784_noniid', 'round': 8, 'ticket_id': 420, 'cid': 'sha256:13e6ce983cc0468dce07b3b71260d96bfb973d09c73eb1782f081665a264671d'}",mock
0x3de4bf416cb5a577c57b988397bb2b514144202f0795d6fab837f697eed70f75,86000,1,TicketReserved,"{'model_id': 'model_mnist_784_noniid', 'round': 8, 'ticket_id': 421, 'owner': 'acct_21'}",mock
0x0eae467dbb0844cf5d01eba1537489bcc961dc04e1c636f39197ca97ffeeb7a6,93000,1,UpdatePublished,"{'model_id': 'model_mnist_784_noniid', 'round': 8, 'ticket_id': 421, 'cid': 'sha256:26a9daf93a387d76d9189f273249f0e6451e373544317fb9e435bb40c8b195b0'}",mock
0x8ed0dbedce3d4a862cb61b7b9351056c2ddaa3e0e17c64f0528fe3aac3016e45,86000,1,TicketReserved,"{'model_id': 'model_mnist_784_noniid', 'round': 8, 'ticket_id': 422, 'owner': 'acct_22'}",mock
0x1d07b06d89502b947c437903bd51b11aa5fa89cbf788264f6d643d17c551e9df,93000,1,UpdatePublished,"{'model_id': 'model_mnist_784_noniid', 'round': 8, 'ticket_id': 422, 'cid': 'sha256:e6dbc7ccef494feb8fd5eace1240caf0dbe32bf38a3de302483ad3141037dcff'}",mock
0xce724dbbcc6596375b720b0eaaf50c4b450979f5229da2d4696917703cbc1891,86000,1,TicketReserved,"{'model_id': 'model_mnist_784_noniid', 'round': 8, 'ticket_id': 423, 'owner': 'acct_23'}",mock
0xe8c5f3af4d4fcc6cd6e5df242d937495b70feb7814641401638e1bff4840a3c2,93000,1,UpdatePublished,"{'model_id': 'model_mnist_784_noniid', 'round': 8, 'ticket_id': 423, 'cid': 'sha256:44fed33a7876d2889653b3dd74d8aa269b64fc764c77f6a7e80626ad983deaa3'}",mock
0xfb1bce3136eec23f13fe6a10d1305160e91240dc053061fe9be7712332675cff,86000,1,TicketReserved,"{'model_id': 'model_mnist_784_noniid', 'round': 8, 'ticket_id': 424, 'owner': 'acct_24'}",mock
0xd6c40d5ec343329f409ccef27e8966372d27d5c1c5c8b490c48e8318f0e54efe,93000,1,UpdatePublished,"{'model_id': 'model_mnist_784_noniid', 'round': 8, 'ticket_id': 424, 'cid': 'sha256:559537ebe4d89723890945e83ce86f98af0788efa5d950e1dcab2992cd48203c'}",mock
0x9542b63bd8c2d636d63372c133dc3eeebd809db65b2322ea71ca2b5a145df715,86000,1,TicketReserved,"{'model_id': 'model_mnist_784_noniid', 'round': 8, 'ticket_id': 425, 'owner': 'acct_25'}",mock
0x1cf2302cc823dc6a225d9f11b09508819dac7b0ddfa51424a90fcb94eca658da,93000,1,UpdatePublished,"{'model_id': 'model_mnist_784_noniid', 'round': 8, 'ticket_id': 425, 'cid': 'sha256:2b759df300ba4975b9cd150342ea0a66a74341610e98c3e99423fe5dbd7fc388'}",mock
0xb9f7bb848d5ac4a5355acda6fa85e7a037dbd0d686f96f8366a9e597a6906143,86000,1,TicketReserved,"{'model_id': 'model_mnist_784_noniid', 'round': 8, 'ticket_id': 426, 'owner': 'acct_26'}",mock
0x2a77c3a1cbfa22b33ef8021d902c568d3b4df9aa35f6cc677e4195014b8b51b0,93000,1,UpdatePublished,"{'model_id': 'model_mnist_784_noniid', 'round': 8, 'ticket_id': 426, 'cid': 'sha256:9119087ed3bfb4d257081420a8de6ed7bb510ae0fa5a05db9815e764d69e4ce2'}",mock
0x7738c01dcc4bdcd9f530aea01b3f9d4e054519d655f5e3b0039a17b022eef9ad,86000,1,TicketReserved,"{'model_id': 'model_mnist_784_noniid', 'round': 8, 'ticket_id': 427, 'owner': 'acct_27'}",mock
0xc4c4fe2da4c7a92ff75b5b6c33e56f2f1a7a6adc24e26bc0d3a51dcf96a17dc6,93000,1,UpdatePublished,"{'model_id': 'model_mnist_784_noniid', 'round': 8, 'ticket_id': 427, 'cid': 'sha256:2e63520cb097fde7396aedd26a6baab548f61434835d403e5f02d6b7c7122dc2'}",mock
0xaabc7f4437aabc121e5e9a2458dd2a068e5c6b90e9e78bda123b25591b9b2355,86000,1,TicketReserved,"{'model_id': 'model_mnist_784_noniid', 'round': 8, 'ticket_id': 428, 'owner': 'acct_28'}",mock
0x2ce23e4b9a5240e56127eb63729a48db29e3812af69d449e8405226fbc677bf0,93000,1,UpdatePublished,"{'model_id': 'model_mnist_784_noniid', 'round': 8, 'ticket_id': 428, 'cid': 'sha256:9b5da5e0d7c9c5bcb527a2bd73f33ee1f553c18f7d39ab771578df307d19885d'}",mock
0x4abbf5c15fc1ae7327f3e0fc4342e75dd14cf745e0d2bd71f62798091c244acf,86000,1,TicketReserved,"{'model_id': 'model_mnist_784_noniid', 'round': 8, 'ticket_id': 429, 'owner': 'acct_29'}",mock
0xc5fac594c739975f82e996fcd7756c9c42ae1d42ffb274b46f66e825cd76577c,93000,1,UpdatePublished,"{'model_id': 'model_mnist_784_noniid', 'round': 8, 'ticket_id': 429, 'cid': 'sha256:484d31dc5317280e8e345c019747451351bd0b63fad02c10336ded5ef312dd14'}",mock
0x52b2760858e402abf7460736607b9b4affeefd36dfa1c3ce3ba017a89ebd3ea6,86000,1,TicketReserved,"{'model_id': 'model_mnist_784_noniid', 'round': 8, 'ticket_id': 430, 'owner': 'acct_30'}",mock
0x4e9189bd204b89cc9a89b70e577d498a0142bbe1b5a394feeb2602d12d3ab64d,93000,1,UpdatePublished,"{'model_id': 'model_mnist_784_noniid', 'round': 8, 'ticket_id': 430, 'cid': 'sha256:23ed54882e24d7ca9c883fd7e1538f24b9d261dbdd1f790b0a1791c988e9041c'}",mock
0x657405375435794f86fa471721688254ac4fe7b7370a56cd5afcdbd59174e757,86000,1,TicketReserved,"{'model_id': 'model_mnist_784_noniid', 'round': 8, 'ticket_id': 431, 'owner': 'acct_31'}",mock
0xe2ec72861d6ae5206bb4770977c3d1d32a82aff8efa98c22821907a22ba45d56,93000,1,UpdatePublished,"{'model_id': 'model_mnist_784_noniid', 'round': 8, 'ticket_id': 431, 'cid': 'sha256:744062f179335331a72250c400098c808f51b643cf73de7260f9b4eaf66aeb59'}",mock
0x0c9c5ad5032de2b85709a1dcf764f15945854860e17698c6b89267c5bd14c401,86000,1,TicketReserved,"{'model_id': 'model_mnist_784_noniid', 'round': 8, 'ticket_id': 432, 'owner': 'acct_32'}",mock
0xbca3e0b4430fc3f7b51e212245a3d81cbc48c985f381e3562118143bcbdfcf8e,93000,1,UpdatePublished,"{'model_id': 'model_mnist_784_noniid', 'round': 8, 'ticket_id': 432, 'cid': 'sha256:b70b48748a6667bf5ea07134c87a8a581c062c4633fe72d4a11fbd2b70c3138d'}",mock
0xa998a722a29ac4cbd43a061046925130c31461fe0dfe0a811907209ccacdcfeb,86000,1,TicketReserved,"{'model_id': 'model_mnist_784_noniid', 'round': 8, 'ticket_id': 433, 'owner': 'acct_33'}",mock
0xdf5edf4625fc88a9ec04c22b28d2eb435b3dc9d7f16a21979e6502e88fc1c68f,93000,1,UpdatePublished,"{'model_id': 'model_mnist_784_noniid', 'round': 8, 'ticket_id': 433, 'cid': 'sha256:cf5b8e896c2dad2ab22cb853b012b610f014b542e08b6b65bde343f4a658e091'}",mock
0x4147fda9adac32ddb9660e054f8c177c34a0509f321ad40faf4a942463b8ace6,86000,1,TicketReserved,"{'model_id': 'model_mnist_784_noniid', 'round': 8, 'ticket_id': 434, 'owner': 'acct_34'}",mock
0xaaac5befdd39d34ae0de375ef5ee3d4dbe976622289d265f44b7aa803fd1c4d0,93000,1,UpdatePublished,"{'model_id': 'model_mnist_784_noniid', 'round': 8, 'ticket_id': 434, 'cid': 'sha256:e6d6d22fc12aa66aff2b6dc3467b7ec54ea8f7d63580773c3645c757ba3937eb'}",mock
0xcf14a3fb63379c605596a3580f85a01691eb7b9ddb32a6a61b0bf35316dc4686,86000,1,TicketReserved,"{'model_id': 'model_mnist_784_noniid', 'round': 8, 'ticket_id': 435, 'owner': 'acct_35'}",mock
0x4c04c1ee3eea55a4d3b58508d1be3ef46f562fac188e0749848d5081991e9f9d,93000,1,UpdatePublished,"{'model_id': 'model_mnist_784_noniid', 'round': 8, 'ticket_id': 435, 'cid': 'sha256:6fa39b249e3a98f5b4a2162c835f043b84b9be3c5c28204f39552221bb7d600f'}",mock
0x8f7a2a4d381eda66eeeeb1929abd063389f460b0ce57de5a153351389f12cdf6,86000,1,TicketReserved,"{'model_id': 'model_mnist_784_noniid', 'round': 8, 'ticket_id': 436, 'owner': 'acct_36'}",mock
0x264e7f4e991e83f3d4aff4cbee1e93e51dea59dd307a9f2010a5df26da4ad5da,93000,1,UpdatePublished,"{'model_id': 'model_mnist_784_noniid', 'round': 8, 'ticket_id': 436, 'cid': 'sha256:291ac83084ea7ee8269baf68d36e9affc212d6ce02a2dde6b2c2a8c2e4290ca3'}",mock
0x15c7175af0f31e188dee7f00c5c0ca48ac9b5d9fe1b74773b862928f8d4f40f1,86000,1,TicketReserved,"{'model_id': 'model_mnist_784_noniid', 'round': 8, 'ticket_id': 437, 'owner': 'acct_37'}",mock
0x23b000a33325b133fdfc1113142abae5a585550068656dc50f95311aa26c1ec8,93000,1,UpdatePublished,"{'model_id': 'model_mnist_784_noniid', 'round': 8, 'ticket_id': 437, 'cid': 'sha256:81e2c9d0d1400cefa6cea3afc7ece3ec764ec26ba64f71a52dacce545653a42b'}",mock
0xa702a68932b917ae3555a27b1945dec311edf958a8d2b840690289ce08114fc7,86000,1,TicketReserved,"{'model_id': 'model_mnist_784_noniid', 'round': 8, 'ticket_id': 438, 'owner': 'acct_38'}",mock
0x68a10e3a60695103352f5e92046d8d7411b4fdf259492460e5d2517289654e49,93000,1,UpdatePublished,"{'model_id': 'model_mnist_784_noniid', 'round': 8, 'ticket_id': 438, 'cid': 'sha256:4a9070e2474daca2a45cbb885db2c592e647ae10b31fe41e5b1d611aa5edbf8a'}",mock
0x9eeba726b1766cc62db9fc6583d6dd84ba0a82624b3727ae90d6f5b1a724f9b0,86000,1,TicketReserved,"{'model_id': 'model_mnist_784_noniid', 'round': 8, 'ticket_id': 439, 'owner': 'acct_39'}",mock
0xf5a5bb5d6b819f28dcd7688f02c132d3504c2330fcc1b71814a9fae355f1f114,93000,1,UpdatePublished,"{'model_id': 'model_mnist_784_noniid', 'round': 8, 'ticket_id': 439, 'cid': 'sha256:f3e2c641a19fb43668d8bf7b60cbe9c2a4c38efd7dc7df20e9b73148b1248774'}",mock
0x4726b285b6584683541773d29594ff18e389477b5ae05285ad781abdd7c9c549,86000,1,TicketReserved,"{'model_id': 'model_mnist_784_noniid', 'round': 8, 'ticket_id': 440, 'owner': 'acct_40'}",mock
0xee942910690a2584b520d6f5fa1a000a7864f63a2595bef4b45016950733467b,93000,1,UpdatePublished,"{'model_id': 'model_mnist_784_noniid', 'round': 8, 'ticket_id': 440, 'cid': 'sha256:d285d7692af27bb646450f20faed96c9e2b19d39506ae5b3707233c44a2013e4'}",mock
0x897e4155c4981c98271259dbf158c98a750f6ff7dbe4f4efee3e7cd1ae71435a,86000,1,TicketReserved,"{'model_id': 'model_mnist_784_noniid', 'round': 8, 'ticket_id': 441, 'owner': 'acct_41'}",mock
0x091ecbeda0d7af4748624ee223b53b83e758e8c161f9d2af1698bbf23efb0806,93000,1,UpdatePublished,"{'model_id': 'model_mnist_784_noniid', 'round': 8, 'ticket_id': 441, 'cid': 'sha256:2138886ab9c84aa0f645d3d775db58419f22ac2412bb990d4989adf67091ce22'}",mock
0x79257e393fe73cfcba697e92357e557b5ac51afd8057d6aaf2fc7c2d504f52a0,86000,1,TicketReserved,"{'model_id': 'model_mnist_784_noniid', 'round': 8, 'ticket_id': 442, 'owner': 'acct_42'}",mock
0x8420dacf1475e6d624af428bc41c57720ab6cf6bf26f9f50e67d9b83be342ec4,93000,1,UpdatePublished,"{'model_id': 'model_mnist_784_noniid', 'round': 8, 'ticket_id': 442, 'cid': 'sha256:34fe90b91332cbe16045f003d6a94359eb9fd1590c838a063608490515367f6c'}",mock
0xabe8a67b038543434f49a86a344a87b4648e91d585ad2c814b1fa990763bbff6,86000,1,TicketReserved,"{'model_id': 'model_mnist_784_noniid', 'round': 8, 'ticket_id': 443, 'owner': 'acct_43'}",mock
0xba6b07590c8eee26fdf7b30834d579530fb216fa5f30bac7ba5f0e45346418e3,93000,1,UpdatePublished,"{'model_id': 'model_mnist_784_noniid', 'round': 8, 'ticket_id': 443, 'cid': 'sha256:90d328167086294f21e457abb9b6d0e58abdfe17b511ce39e7f4330162040404'}",mock
0x403d51af11838c4c4783e51dd3e94b6e92ef4648f18285427f3c8be7d4eee58c,86000,1,TicketReserved,"{'model_id': 'model_mnist_784_noniid', 'round': 8, 'ticket_id': 444, 'owner': 'acct_44'}",mock
0xea9df354343dce4eaeb4a826beb32edf68757fc7d27119113fd6c1fd7a8f1378,93000,1,UpdatePublished,"{'model_id': 'model_mnist_784_noniid', 'round': 8, 'ticket_id': 444, 'cid': 'sha256:3ab1a131eae2199c75a2420c3a3339ace9e135f219c4435402b12cc3a46a01fe'}",mock
0x25d600a0d8912e977915511449a03e463b51cc902857ce273a5cddac52d19809,86000,1,TicketReserved,"{'model_id': 'model_mnist_784_noniid', 'round': 8, 'ticket_id': 445, 'owner': 'acct_45'}",mock
0x292a34af14aae4781d68b3807084bb7b18aa23b7d16f114803f7a6baad0466b8,93000,1,UpdatePublished,"{'model_id': 'model_mnist_784_noniid', 'round': 8, 'ticket_id': 445, 'cid': 'sha256:a08bda59c975f14c128307038dfd259f551861b4080cf5a90ca6fb8576a2499f'}",mock
0x5721066cdf5422e155df1541bc3d70bcf0b799b228f2c5817a469ebf3f3a2916,86000,1,TicketReserved,"{'model_id': 'model_mnist_784_noniid', 'round': 8, 'ticket_id': 446, 'owner': 'acct_46'}",mock
0x6cdf5f9b0e25c50727fcc3f264b111bc11a2a425e2e84f0a4850bb2a592bed00,93000,1,UpdatePublished,"{'model_id': 'model_mnist_784_noniid', 'round': 8, 'ticket_id': 446, 'cid': 'sha256:e0e664f1d2459705b1f688e2176e5397438bf38cf1faa5dc2fe72ef5dcaca59a'}",mock
0xe33b566d38cbf2044d28e1cba0cd9a24ef462b4a70cc435df951d5e9b9f43bc4,86000,1,TicketReserved,"{'model_id': 'model_mnist_784_noniid', 'round': 8, 'ticket_id': 447, 'owner': 'acct_47'}",mock
0x19df1defd8455a55158db6a5a6a3cae16fc7a256ad7813db9e768e2b4027d5da,93000,1,UpdatePublished,"{'model_id': 'model_mnist_784_noniid', 'round': 8, 'ticket_id': 447, 'cid': 'sha256:7f4362403fcafe47e943aad3e8bb8b49533fef7abdc74fc7f06980a8db74de93'}",mock
0xb2321fa658ca0ba5660b6528b8f6ce9dc1bd2aaf8306caae0259fb00e73c9cad,86000,1,TicketReserved,"{'model_id': 'model_mnist_784_noniid', 'round': 8, 'ticket_id': 448, 'owner': 'acct_48'}",mock
0x69701fd0fdbd719d97a8d73bb2c66ac0fe183eeb1b5ebcf46e72b180c47595ae,93000,1,UpdatePublished,"{'model_id': 'model_mnist_784_noniid', 'round': 8, 'ticket_id': 448, 'cid': 'sha256:d75ad7c6c1104d07503f463d3999008e55d09331460c8455343a06576138ad62'}",mock
0x4373f902c5898bad14d3e4736e4a6ef2bacd90681cf62ecdd562a099b0fae818,86000,1,TicketReserved,"{'model_id': 'model_mnist_784_noniid', 'round': 8, 'ticket_id': 449, 'owner': 'acct_49'}",mock
0xf13e6645be0c952d5222494abff97ca85f4bc3a4b93eb743c4e82920a405988d,93000,1,UpdatePublished,"{'model_id': 'model_mnist_784_noniid', 'round': 8, 'ticket_id': 449, 'cid': 'sha256:c8872a45520b122c107750bb1ad7803190d30a17ec4f1156ef89f6e3d7a8a273'}",mock
0x1c64a6c171fd3e286ce3eb1011f313fea49b4a0c9c3076df7b86ae9e19cca392,86000,1,TicketReserved,"{'model_id': 'model_mnist_784_noniid', 'round': 8, 'ticket_id': 450, 'owner': 'acct_50'}",mock
0xcd766ad95d53fb677e9421ec691cacfc3bb487af3fcc93b084c84b6f2af83592,93000,1,UpdatePublished,"{'model_id': 'model_mnist_784_noniid', 'round': 8, 'ticket_id': 450, 'cid': 'sha256:8997dda419369d11c4a80f221c8b971567d241b0d8130c94859b409055b0ae2b'}",mock
0xf8ed788dd537bc1329fc32d7ef70fada72110003ac9fb279f2da753f6c289924,645000,1,RoundFinalized,"{'model_id': 'model_mnist_784_noniid', 'round': 8, 'included': 26, 'refunds': 26}",mock
0x21c797bded2c6102527134005402ffe6eb95c7ff133253b22c32710796f0977a,52000,1,RoundFunded,"{'model_id': 'model_mnist_784_noniid', 'amount_wei': 10000000000000000}",mock
0xf6f04d22653abbd91468aff3168444de4f4af83c2efaf6266c7b21cd9d1023dc,86000,1,TicketReserved,"{'model_id': 'model_mnist_784_noniid', 'round': 9, 'ticket_id': 451, 'owner': 'acct_1'}",mock
0xdc3651a54b51c0c489858e17dd6b3ad13e60d6f6eec428e7a50003b0c8bafa43,93000,1,UpdatePublished,"{'model_id': 'model_mnist_784_noniid', 'round': 9, 'ticket_id': 451, 'cid': 'sha256:da84824dd0aba54c1d69e32a44aa1534a1eaaac0559b9a70a7b3e6765abf129e'}",mock
0x79159b5e3e9c360bad8484a5c8b2b5f25625c627e2ceebc7bdc35c34092b8e48,86000,1,TicketReserved,"{'model_id': 'model_mnist_784_noniid', 'round': 9, 'ticket_id': 452, 'owner': 'acct_2'}",mock
0x458e66db90de96432ef2bde8a3956674e5cd587c36612912b4723ba4dd38c0cc,93000,1,UpdatePublished,"{'model_id': 'model_mnist_784_noniid', 'round': 9, 'ticket_id': 452, 'cid': 'sha256:051d81232cd63bb9d60c65faf346b4ea4b171a42302bd32d67e8147086bc561d'}",mock
0xeb21b987abc79a6a3e2c6c7dfc4c2e2cf77faaf634391a131a086786c40f229b,86000,1,TicketReserved,"{'model_id': 'model_mnist_784_noniid', 'round': 9, 'ticket_id': 453, 'owner': 'acct_3'}",mock
0xb430f3ea2f82e1bb05005a15cb6b1331a8f156c7a9845685868cf329bfc9fda7,93000,1,UpdatePublished,"{'model_id': 'model_mnist_784_noniid', 'round': 9, 'ticket_id': 453, 'cid': 'sha256:aa558615dd5b610b4a909d7848d3e0b5c47c64122cb40d75a7488f3375c34412'}",mock
0x73e2be4c62d0d58bb908a3e7e7e111c8a8597c1235efc6beb1c125b27a4665bf,86000,1,TicketReserved,"{'model_id': 'model_mnist_784_noniid', 'round': 9, 'ticket_id': 454, 'owner': 'acct_4'}",mock
0x6402e5d27760790c24f8a32ef59738a2b7dbe39a3bee39f77f40bc87f2e2d940,93000,1,UpdatePublished,"{'model_id': 'model_mnist_784_noniid', 'round': 9, 'ticket_id': 454, 'cid': 'sha256:30bbffcd08e675f04ffacc4c38fa5c24dced3b0a19d1d85501731b4a7e913ec9'}",mock
0xa434a38903c638d2699a5c40bab9318d757d9466f40d2c037759d06a8f4f5bc5,86000,1,TicketReserved,"{'model_id': 'model_mnist_784_noniid', 'round': 9, 'ticket_id': 455, 'owner': 'acct_5'}",mock
0xa139e2370719002dd257584e30cbbea615dbc6be8140682a82635667469888df,93000,1,UpdatePublished,"{'model_id': 'model_mnist_784_noniid', 'round': 9, 'ticket_id': 455, 'cid': 'sha256:57447f1307ee24b1a4f82a30db6a9ecda62f1a3c83b1de68ae0b3d0098f567d2'}",mock
0x2096bd0dc5e0306353c58a320c14bfc8532e0e263cba8ca2d4c926dba3476715,86000,1,TicketReserved,"{'model_id': 'model_mnist_784_noniid', 'round': 9, 'ticket_id': 456, 'owner': 'acct_6'}",mock
0xc37862f6b5f5896c4226dfc968b61414af1a13f8e6fcf1112d0d9feff13ae91f,93000,1,UpdatePublished,"{'model_id': 'model_mnist_784_noniid', 'round': 9, 'ticket_id': 456, 'cid': 'sha256:a22f723ea18b74a56561a68dbfcde219864784b3c344b2e5b1f313f753314e2e'}",mock
0x6f9f0f5ba8c19486b822b69c8b19e050c36c0895e7e1a2b9b0b7565de05408f8,86000,1,TicketReserved,"{'model_id': 'model_mnist_784_noniid', 'round': 9, 'ticket_id': 457, 'owner': 'acct_7'}",mock
0x082adb2ee34830d2473eb5e574452cc9771b083767f778365c98d33c81bf2b7c,93000,1,UpdatePublished,"{'model_id': 'model_mnist_784_noniid', 'round': 9, 'ticket_id': 457, 'cid': 'sha256:8bf933d2c8503109c7c56d2e0c63c7f4fa33d6fcf84adde070fb583190586d49'}",mock
0xde8e39b137d4c7e299252f44be53d5d293b50de62ef3079ea1d0404307b6a261,86000,1,TicketReserved,"{'model_id': 'model_mnist_784_noniid', 'round': 9, 'ticket_id': 458, 'owner': 'acct_8'}",mock
0xc6c25dc96ab7629fda1708fc42dd277d790d8d8220599ca846f9602ef0f278ab,93000,1,UpdatePublished,"{'model_id': 'model_mnist_784_noniid', 'round': 9, 'ticket_id': 458, 'cid': 'sha256:2b30e8229f96041ffddb68e6935b3147e7552727a014ec7db0f63460a0cc5540'}",mock
0x3a79de3f65ae4ce6b423c4f5252768a1690e772ecd20259afd1a13ccace39255,86000,1,TicketReserved,"{'model_id': 'model_mnist_784_noniid', 'round': 9, 'ticket_id': 459, 'owner': 'acct_9'}",mock
0x2071584a9543fc7b1ce8f7e1a78b5137e9176f30c48ae897d71eb04cc4e4b5d8,93000,1,UpdatePublished,"{'model_id': 'model_mnist_784_noniid', 'round': 9, 'ticket_id': 459, 'cid': 'sha256:fa0fb9086778cab352c11a79669c1157795db309f80f229a99d71613b5b9079d'}",mock
0xb84fc8de3113677f1731415d5e3ad952ec13e8a9fdc11ecf774c9f660b2b6306,86000,1,TicketReserved,"{'model_id': 'model_mnist_784_noniid', 'round': 9, 'ticket_id': 460, 'owner': 'acct_10'}",mock
0xbdfff221c41872ad02550ad5e9560a545233f0a1e510517e0ea074c41b1ca534,93000,1,UpdatePublished,"{'model_id': 'model_mnist_784_noniid', 'round': 9, 'ticket_id': 460, 'cid': 'sha256:f2cfc55a70f01549a158c2de8c298c029deb3fec53104f043bd1f1480dcfaf92'}",mock
0x502a27aa0ca28f62b51b8905c2e0525c61bebb90abc391a25c61537400d308e3,86000,1,TicketReserved,"{'model_id': 'model_mnist_784_noniid', 'round': 9, 'ticket_id': 461, 'owner': 'acct_11'}",mock
0xf9a24c6df710c9228069639134997a6d7a3b802dda044a75b734a0a43ddcf6ef,93000,1,UpdatePublished,"{'model_id': 'model_mnist_784_noniid', 'round': 9, 'ticket_id': 461, 'cid': 'sha256:ec6be1f4470ec6253c1f4a0e351fffd7a8caf4c09d35ecc10bb9accc3d74500f'}",mock
0x7518858075fbba4058544d0fe103b598439c7d833bf7365318ff37cc34252a34,86000,1,TicketReserved,"{'model_id': 'model_mnist_784_noniid', 'round': 9, 'ticket_id': 462, 'owner': 'acct_12'}",mock
0xa2cf4a21770b72d3de6577eb7216d1d7e7fff4d2bb7c92d9283a09b6e51296b5,93000,1,UpdatePublished,"{'model_id': 'model_mnist_784_noniid', 'round': 9, 'ticket_id': 462, 'cid': 'sha256:ce38af2e9e2142782f526d7306a00bad5cc73c0d8d77cb761f6c019f1a4fa322'}",mock
0x817ba30afc67f453cfc8c95f0b211717fab18d3a32e2e8629171804e61cd3726,86000,1,TicketReserved,"{'model_id': 'model_mnist_784_noniid', 'round': 9, 'ticket_id': 463, 'owner': 'acct_13'}",mock
0x10e298b96d5a18087d6167e5bd74d7f06b5a0ccd897abf5098b2efb39d3e58fe,93000,1,UpdatePublished,"{'model_id': 'model_mnist_784_noniid', 'round': 9, 'ticket_id': 463, 'cid': 'sha256:8dc335a8db491a512e0d66e644c466a03fab9e87f2a24e50690b9735f8eb7565'}",mock
0x528b9c9492dd1cf1226dd439528c872e29b785930440b9192bbd1c0ad4a07b2e,86000,1,TicketReserved,"{'model_id': 'model_mnist_784_noniid', 'round': 9, 'ticket_id': 464, 'owner': 'acct_14'}",mock
0x5a8000962b11abb59551d75c9934e7e45183ea0246690248f7162a4f5ec7e234,93000,1,UpdatePublished,"{'model_id': 'model_mnist_784_noniid', 'round': 9, 'ticket_id': 464, 'cid': 'sha256:b35b55c9ee4dc9aff37a1887dd090b67f8c4249fb8bc30f9f8b466bee9f813e6'}",mock
0x5860ae9a9c7917d7842444dee5fa98c6ed366389adb68d4076cae318b175b9cc,86000,1,TicketReserved,"{'model_id': 'model_mnist_784_noniid', 'round': 9, 'ticket_id': 465, 'owner': 'acct_15'}",mock
0x906c7b048f99bcdfddf6233e65f1a65ef48d7d418a0cf458b09ce4158dcf586d,93000,1,UpdatePublished,"{'model_id': 'model_mnist_784_noniid', 'round': 9, 'ticket_id': 465, 'cid': 'sha256:306b5a198343a2e1582eb31bcf98e396532cf35f678c0a4c65820653af0c2afb'}",mock
0xa4981a3d95d72eb5f18986511a6934e219dd1268c24199d7f45f5352100c2277,86000,1,TicketReserved,"{'model_id': 'model_mnist_784_noniid', 'round': 9, 'ticket_id': 466, 'owner': 'acct_16'}",mock
0x3fa9f0dd47391a4cf641a474d4793fba42ff7e35f42269a369c343b1d2821755,93000,1,UpdatePublished,"{'model_id': 'model_mnist_784_noniid', 'round': 9, 'ticket_id': 466, 'cid': 'sha256:65ac248d41f634116beab2aab7a64ba31df965dfa266429bf44f459dc864cd6a'}",mock
0xbdb5a3a0210d3e19dce77bfece8669086c43f1fa4da1968d6867a61c011d9757,86000,1,TicketReserved,"{'model_id': 'model_mnist_784_noniid', 'round': 9, 'ticket_id': 467, 'owner': 'acct_17'}",mock
0x4c51382aaf47753deffe767ef51982572ceb98e09b8978c2318113a1780904a7,93000,1,UpdatePublished,"{'model_id': 'model_mnist_784_noniid', 'round': 9, 'ticket_id': 467, 'cid': 'sha256:7eeaf5b80c6b8482edd0d04e963f39c410c77ba51eecb422d069e29891b6afe6'}",mock
0x5a78a55aaf83daccd279c945770eb6e02b5593cd5b00b7d4863ef6f9fe3a7db6,86000,1,TicketReserved,"{'model_id': 'model_mnist_784_noniid', 'round': 9, 'ticket_id': 468, 'owner': 'acct_18'}",mock
0xe5924d9b9fcee24afb115bc87affca9a9e898876c21f3dfd8927db428ee701a0,93000,1,UpdatePublished,"{'model_id': 'model_mnist_784_noniid', 'round': 9, 'ticket_id': 468, 'cid': 'sha256:3580510d518e9027d08d5f93730b6b3108d44ab2dfb52c7212b711dc537c06b9'}",mock
0xbb41d55d57678845daaa8d960540d724112e7e7b03a5760715ba754b2c96a01f,86000,1,TicketReserved,"{'model_id': 'model_mnist_784_noniid', 'round': 9, 'ticket_id': 469, 'owner': 'acct_19'}",mock
0x26e93e8c41dc9c4419e375fe57ddb3e00e6695f1744ba1243dfb2f92ffa234ab,93000,1,UpdatePublished,"{'model_id': 'model_mnist_784_noniid', 'round': 9, 'ticket_id': 469, 'cid': 'sha256:1c551190b5d4a13ac46544fd6cbe1cfb4eb95d176ad7a0b53cc4095c6764cf2f'}",mock
0xbe644d06d2f4619b06495f80b84e6d7e4a62b9e9cde5deadee463594d151403b,86000,1,TicketReserved,"{'model_id': 'model_mnist_784_noniid', 'round': 9, 'ticket_id': 470, 'owner': 'acct_20'}",mock
0x9e64860a0e37d558c629e2f60d0f2dd9527cfc4a1d21d1d1343de5159fae39a0,93000,1,UpdatePublished,"{'model_id': 'model_mnist_784_noniid', 'round': 9, 'ticket_id': 470, 'cid': 'sha256:efc2b68cd8742455ce4a594d5e93d2bd87f9a13a80adb36fdd9f79d1cbc47b93'}",mock
0x2da490e261d1a312d5c3b8245ae5a8431ce4f82fc3709b29b718f802f9740305,86000,1,TicketReserved,"{'model_id': 'model_mnist_784_noniid', 'round': 9, 'ticket_id': 471, 'owner': 'acct_21'}",mock
0xc6c51830237d7ada71bbd2288366dad3135f8757555b2fc702704adc95b675f5,93000,1,UpdatePublished,"{'model_id': 'model_mnist_784_noniid', 'round': 9, 'ticket_id': 471, 'cid': 'sha256:3d85f92970e1b882e9072cc2ce3ce04d59d29eeb5a9c104e02cc9e32ee0557d3'}",mock
0x69a1961027c5de0ffba8afda22f43d8ad1a329b9eeca2ac728f254e33bd08d60,86000,1,TicketReserved,"{'model_id': 'model_mnist_784_noniid', 'round': 9, 'ticket_id': 472, 'owner': 'acct_22'}",mock
0x0d72f26032ef62a55d8b3e3ffb6362fabe9476d815754560ec272c851c825871,93000,1,UpdatePublished,"{'model_id': 'model_mnist_784_noniid', 'round': 9, 'ticket_id': 472, 'cid': 'sha256:78108f3c4ed868df7596af8e0273b547f00ba9df688c578b8252dd38fd87c7e3'}",mock
0xc4226da6635f6c4b4516d4b52a8c556b260ab8d23a6800dd6d7cb3f52983545d,86000,1,TicketReserved,"{'model_id': 'model_mnist_784_noniid', 'round': 9, 'ticket_id': 473, 'owner': 'acct_23'}",mock
0xbc2147f68c5beb128d2cbbaad36411c12bed3e4ed45c3d6bbaf16fd9fe3b3ad2,93000,1,UpdatePublished,"{'model_id': 'model_mnist_784_noniid', 'round': 9, 'ticket_id': 473, 'cid': 'sha256:5357051f1638f95034987a9e690e7253ef5d81f3b5e9e4f9d66f59792ae14697'}",mock
0x4024c84a695bbd09c779798e8db8b7014672ac2a61a0dd649442d70d0def3d01,86000,1,TicketReserved,"{'model_id': 'model_mnist_784_noniid', 'round': 9, 'ticket_id': 474, 'owner': 'acct_24'}",mock
0xeeab658db014e20d4e58a569fa834740411d31eed00405bb8e3b1b2fc98e8695,93000,1,UpdatePublished,"{'model_id': 'model_mnist_784_noniid', 'round': 9, 'ticket_id': 474, 'cid': 'sha256:2bdf42b01fca2caadb71f41ee7238cbdc7875a91467082b08527d79a17ec83cb'}",mock
0x17e78862469ceb99f8c292e7e01cab8829ad86d7874d81b9eb7e5fc7172d2cbf,86000,1,TicketReserved,"{'model_id': 'model_mnist_784_noniid', 'round': 9, 'ticket_id': 475, 'owner': 'acct_25'}",mock
0x282206181e97d5f77f41a2f0eb260ffceedd3d57c5a5897908595ce2897a120c,93000,1,UpdatePublished,"{'model_id': 'model_mnist_784_noniid', 'round': 9, 'ticket_id': 475, 'cid': 'sha256:b51fa1c42acb3f5382ff40478aaaf1387cd6cd955b61af6f4e219029cd0e2965'}",mock
0x986396d75795f567f6edda39099ce2284fc856b0d84516179d84dc9933c76855,86000,1,TicketReserved,"{'model_id': 'model_mnist_784_noniid', 'round': 9, 'ticket_id': 476, 'owner': 'acct_26'}",mock
0xcb9f5001a7c34d89d10c83f74c0f60bf8e382ae0a1fd533f836f9078af938a06,93000,1,UpdatePublished,"{'model_id': 'model_mnist_784_noniid', 'round': 9, 'ticket_id': 476, 'cid': 'sha256:44bc8876766be8f06b7903813e158f751ed4d9aa10200f3b028f324daae16ff6'}",mock
0x30e2eb7c3e9db6709551ad95aa7e5c40aa0a063fd429b920d8f85063340f0c68,86000,1,TicketReserved,"{'model_id': 'model_mnist_784_noniid', 'round': 9, 'ticket_id': 477, 'owner': 'acct_27'}",mock
0x4c3f38891110e60135711e62723116e9b36bf787bdb6d02e4392b6241f8fb891,93000,1,UpdatePublished,"{'model_id': 'model_mnist_784_noniid', 'round': 9, 'ticket_id': 477, 'cid': 'sha256:8daee61ae953e82ae23fcaac56fcd31d1a52961ce1ceda448f1fa252bb4cadf9'}",mock
0xd5f0753abfc50dea01bb71c2ae0b01b3381a79928087eaedfadfe2bac666c7d0,86000,1,TicketReserved,"{'model_id': 'model_mnist_784_noniid', 'round': 9, 'ticket_id': 478, 'owner': 'acct_28'}",mock
0x683610e958d42e2f83dd2fdb4afa1b42b9fc443832fa6edb17e55642c2093c10,93000,1,UpdatePublished,"{'model_id': 'model_mnist_784_noniid', 'round': 9, 'ticket_id': 478, 'cid': 'sha256:85c5fded40732a5be68b8bad710bbce138141025b103aba780a3fe2ba000e819'}",mock
0x4ff70bbf106f23fec919e4ca55fc518674afc5a952365c5c1e163fa74dbf3302,86000,1,TicketReserved,"{'model_id': 'model_mnist_784_noniid', 'round': 9, 'ticket_id': 479, 'owner': 'acct_29'}",mock
0xbacec22b067ede8828e3547f3c8ce17176b1de3b43e600da2d5436b26eb62ef0,93000,1,UpdatePublished,"{'model_id': 'model_mnist_784_noniid', 'round': 9, 'ticket_id': 479, 'cid': 'sha256:2933d04e5d58bf1d8fc198b9950b56de20a21d1ab788ae267e0611a884bfaae1'}",mock
0x5bd5b98d7bf261fe51fc2c65991accade6599114582427191e6917832013c8ee,86000,1,TicketReserved,"{'model_id': 'model_mnist_784_noniid', 'round': 9, 'ticket_id': 480, 'owner': 'acct_30'}",mock
0x8e80d55b926992d99e02cdd2d9bed577208c9e879a50d13fac229d01afb10db3,93000,1,UpdatePublished,"{'model_id': 'model_mnist_784_noniid', 'round': 9, 'ticket_id': 480, 'cid': 'sha256:0149568ef39d70c33d6f0a3c70c4797ce3a064f4d0a99de45c972fb5c3d3b494'}",mock
0x30c67dc5d4dc9f2e43ecec2b223eaa47bde493096939f6004e5c040513975ce8,86000,1,TicketReserved,"{'model_id': 'model_mnist_784_noniid', 'round': 9, 'ticket_id': 481, 'owner': 'acct_31'}",mock
0x88bd54f6f4d58db4192ea88ab23ebd09a56dfe4f323e1b1d171eabc4c0ead7e2,93000,1,UpdatePublished,"{'model_id': 'model_mnist_784_noniid', 'round': 9, 'ticket_id': 481, 'cid': 'sha256:fb198eb9cdd85bab4aaab8677b5945b62fbd01b07fcaef6329b13653269dccbf'}",mock
0x49c44163003f769e3eeba90065b33a7b384d91fdd2300d4fca8693b7256488a5,86000,1,TicketReserved,"{'model_id': 'model_mnist_784_noniid', 'round': 9, 'ticket_id': 482, 'owner': 'acct_32'}",mock
0x9dd84ad6290f1ef734f92f5a0b6e95ad79038cd20676da4c759c3aa6ae325f6e,93000,1,UpdatePublished,"{'model_id': 'model_mnist_784_noniid', 'round': 9, 'ticket_id': 482, 'cid': 'sha256:c70ba3977a1c4e6a825e6a69e0eaba1e4919fcb2cd3d58d7a2a8447907f26411'}",mock
0xb442bde686f430d5f75f3373a7524dd5f5889cc563bf5af0e9eeec6233516197,86000,1,TicketReserved,"{'model_id': 'model_mnist_784_noniid', 'round': 9, 'ticket_id': 483, 'owner': 'acct_33'}",mock
0x415df1c678c3af93adf2aeb26c84b26d3d0446f8a1147bc9d39b48dfa0329e82,93000,1,UpdatePublished,"{'model_id': 'model_mnist_784_noniid', 'round': 9, 'ticket_id': 483, 'cid': 'sha256:c5f058cb495548b62ef3c8c826224ba2a78acceacab0c63eb7531e6dfed3d86c'}",mock
0xf83cde7ca7227ab806487a9c876829b73983b7c743da73e3457a3eb3c59908dc,86000,1,TicketReserved,"{'model_id': 'model_mnist_784_noniid', 'round': 9, 'ticket_id': 484, 'owner': 'acct_34'}",mock
0x8c6a4226a0fc4d6ce3017ce58fb3cd8bdcf31d8da187199b754bbe963e580bb8,93000,1,UpdatePublished,"{'model_id': 'model_mnist_784_noniid', 'round': 9, 'ticket_id': 484, 'cid': 'sha256:123c9c5e0a94c206ef31f60dd565b41433279dc33d0c88ec4d84d01ab3938bf1'}",mock
0xa9dd0d2505924d3c87640d13a74a56c51c4b517235a3eb9ae8344cdecc1145b8,86000,1,TicketReserved,"{'model_id': 'model_mnist_784_noniid', 'round': 9, 'ticket_id': 485, 'owner': 'acct_35'}",mock
0x4b9e61679eaee7fc2177457b525ee442c5c1fb51f5a9336e8c0fa27aefe80b00,93000,1,UpdatePublished,"{'model_id': 'model_mnist_784_noniid', 'round': 9, 'ticket_id': 485, 'cid': 'sha256:7547901947156dfedf0505809b6f2cedd7e4275539122e5832a1b473635eba2f'}",mock
0xe6c9fb879fa82592b38b6ca47a32c8e60e108eebce28a8e1c0aeef08e28f00bc,86000,1,TicketReserved,"{'model_id': 'model_mnist_784_noniid', 'round': 9, 'ticket_id': 486, 'owner': 'acct_36'}",mock
0xbf306007f53c4ebf460e235102f03af2e162976bdfd6f2c8597ffbd630a85201,93000,1,UpdatePublished,"{'model_id': 'model_mnist_784_noniid', 'round': 9, 'ticket_id': 486, 'cid': 'sha256:9d3d53967f294e99125522b78e7657bbe5752c35f59cd561b179f31e6503c666'}",mock
0x4b4fc68d2c0bab3807947806fffd5f566afe8152d6baea809f7df1a0f1d46845,86000,1,TicketReserved,"{'model_id': 'model_mnist_784_noniid', 'round': 9, 'ticket_id': 487, 'owner': 'acct_37'}",mock
0xc61fa8204621895bab1e870f3eaded6bfec00e79e62da6014779e620a8a94716,93000,1,UpdatePublished,"{'model_id': 'model_mnist_784_noniid', 'round': 9, 'ticket_id': 487, 'cid': 'sha256:6579f6f0b2fc85ba98cc4190e82cfc07c77e7aa8b7c43510e8f27e43a15237f3'}",mock
0x5d3dc00d0cf1813ddf2b1aa61f1efc354e23062fbfe9afec204bd263a3553aac,86000,1,TicketReserved,"{'model_id': 'model_mnist_784_noniid', 'round': 9, 'ticket_id': 488, 'owner': 'acct_38'}",mock
0x804e9e974ab58cd7276bf3006a80267b39378981e2b9e3f264017877af06e330,93000,1,UpdatePublished,"{'model_id': 'model_mnist_784_noniid', 'round': 9, 'ticket_id': 488, 'cid': 'sha256:985d4459b2b26faba04d1cba88cd8477544d8c6656a2261e41aeaed069f53070'}",mock
0xbd1be7948e230cf3828d3acdfd0d73534605859f7ba05ff172bef23029a3d4d2,86000,1,TicketReserved,"{'model_id': 'model_mnist_784_noniid', 'round': 9, 'ticket_id': 489, 'owner': 'acct_39'}",mock
0x68cf941d2f3d9e18b552b3c32dc35f2f2e3421f66f7f5449194687a76a860ec0,93000,1,UpdatePublished,"{'model_id': 'model_mnist_784_noniid', 'round': 9, 'ticket_id': 489, 'cid': 'sha256:f77f28fd70076e00de9a43bbbdba675ab34942b64a0be9658aac02eda54ff7bd'}",mock
0xdcab879ca8d4ad8b9badc22ed8d3490ca1625d1b399cffeb51b2225e24b9863f,86000,1,TicketReserved,"{'model_id': 'model_mnist_784_noniid', 'round': 9, 'ticket_id': 490, 'owner': 'acct_40'}",mock
0x539b04cd3a19accf8061cc2eaa2efc898d2f27444ccf5c7b0e927794d81b47cb,93000,1,UpdatePublished,"{'model_id': 'model_mnist_784_noniid', 'round': 9, 'ticket_id': 490, 'cid': 'sha256:5bbc1b549fa6a083292f31ffecec927209315538672b543f19230d1dbdb13055'}",mock
0x4831d25547ded7ce3ef53fcd4aea90156225f70fa54185d65ed3afcacb9e87a4,86000,1,TicketReserved,"{'model_id': 'model_mnist_784_noniid', 'round': 9, 'ticket_id': 491, 'owner': 'acct_41'}",mock
0x065b54ab26e3769f3f37a560ddc333ce871104a0c5050f3d910f539c38bffd6b,93000,1,UpdatePublished,"{'model_id': 'model_mnist_784_noniid', 'round': 9, 'ticket_id': 491, 'cid': 'sha256:b16bca266e2b893316ca09ec4931ce22ad610450bd1b6bb8a997cab70d0183c6'}",mock
0xdc77ea68f14c833e79601f43b13ae063a96b5907e31855f0fbe16e3fa7eb27b1,86000,1,TicketReserved,"{'model_id': 'model_mnist_784_noniid', 'round': 9, 'ticket_id': 492, 'owner': 'acct_42'}",mock
0x5cc6d71abd21861c5c5f6fab2d1d94cffe21b0c99f48a951dede76d035fdad9a,93000,1,UpdatePublished,"{'model_id': 'model_mnist_784_noniid', 'round': 9, 'ticket_id': 492, 'cid': 'sha256:0ea1a1e5cdf9cf2f12f5cd11c76706b1c970fbed6bdbf1f1db7350793036294b'}",mock
0xe6d4f571d006ae2737e8de33d8ba6e271be27d7f38686dd9957b94f27efa29d7,86000,1,TicketReserved,"{'model_id': 'model_mnist_784_noniid', 'round': 9, 'ticket_id': 493, 'owner': 'acct_43'}",mock
0xcc79042e5f603e3dce6531bdc8b4e06dd5470ac16b223bd5f81443af8da387cc,93000,1,UpdatePublished,"{'model_id': 'model_mnist_784_noniid', 'round': 9, 'ticket_id': 493, 'cid': 'sha256:2ebec7cb39449f28735c19930be8bd298f16606bd1850fde825802976c71f974'}",mock
0x84fb46ce987b59db5e14d7088421c281ebc492554bad7fc86ebd2b9ca2a5daa0,86000,1,TicketReserved,"{'model_id': 'model_mnist_784_noniid', 'round': 9, 'ticket_id': 494, 'owner': 'acct_44'}",mock
0x1e8493018ff302e5a750b108ac782db873b7929c26b1f8e69331389642b1b8cc,93000,1,UpdatePublished,"{'model_id': 'model_mnist_784_noniid', 'round': 9, 'ticket_id': 494, 'cid': 'sha256:1ea113c0e5f61cc3eeede38aedf0a16ce3dd329ced304ddda98b9d4bc3aee1ee'}",mock
0x9d1cb270f71ece72490e3c9b460a72429d8b4c8e65685a63d91179a909213039,86000,1,TicketReserved,"{'model_id': 'model_mnist_784_noniid', 'round': 9, 'ticket_id': 495, 'owner': 'acct_45'}",mock
0x49f6557d6e776fc48a826d465f91584160d73a1c5715d402c2a158e85e3455b6,93000,1,UpdatePublished,"{'model_id': 'model_mnist_784_noniid', 'round': 9, 'ticket_id': 495, 'cid': 'sha256:c9662c879e5c7a42da4388c58491fbb61c51d36e1c627db9399cd1c94c9c69ba'}",mock
0xa93c902de0e4cbab8cfd9bf77dff6d10e663e21c1f86548b6b14b002daa7c03b,86000,1,TicketReserved,"{'model_id': 'model_mnist_784_noniid', 'round': 9, 'ticket_id': 496, 'owner': 'acct_46'}",mock
0x886b64a0e947495a11d9593c67f742f14e43780c561686ed40add5e2c4831cbd,93000,1,UpdatePublished,"{'model_id': 'model_mnist_784_noniid', 'round': 9, 'ticket_id': 496, 'cid': 'sha256:a4a5442ac0d73d9bad8c1085a4dd8072ced188ca67e0b33e750babd31f4da28c'}",mock
0xe53d1a9912e8c2346b2bb71b9d9420b68b946fc8490c2ebf0bf462b6a466f330,86000,1,TicketReserved,"{'model_id': 'model_mnist_784_noniid', 'round': 9, 'ticket_id': 497, 'owner': 'acct_47'}",mock
0xbd80e2fb4d47b5af9ef3f4baf9dffe59313a6e7545031aa95ada73898a247057,93000,1,UpdatePublished,"{'model_id': 'model_mnist_784_noniid', 'round': 9, 'ticket_id': 497, 'cid': 'sha256:ffa4282f1e9624f41d81256b65963c1d329db16870b208cd3b1ce422968045ef'}",mock
0xf95e9a37939d874b417e574c75355f6bd792748f056d5b0ec509b2d6b5b251a4,86000,1,TicketReserved,"{'model_id': 'model_mnist_784_noniid', 'round': 9, 'ticket_id': 498, 'owner': 'acct_48'}",mock
0xd61314db3a7695fbbcec4271fecb948f08b6bb1244a3bb5e32421277f1d7a998,93000,1,UpdatePublished,"{'model_id': 'model_mnist_784_noniid', 'round': 9, 'ticket_id': 498, 'cid': 'sha256:5be15e416955c3bf6695ee76a016e3c83695bde7905c6591dc2a160d266b877f'}",mock
0x51a22f76bc900bcedf0a2753182dbeee17e0eb27cfe35de91ec4c496cfae59d7,86000,1,TicketReserved,"{'model_id': 'model_mnist_784_noniid', 'round': 9, 'ticket_id': 499, 'owner': 'acct_49'}",mock
0x08e9b229ae0a11c9a9d2ffe3c903be368b514bf9054df0374e13a6b7951a7b11,93000,1,UpdatePublished,"{'model_id': 'model_mnist_784_noniid', 'round': 9, 'ticket_id': 499, 'cid': 'sha256:9f293606a5c530a1a761a2ea46d23520430d40889596f985517867d790a5f906'}",mock
0x6c3c9b048d15c273ef5287d86db1561b27c9cd890e3b7f697e4e320dbdb31183,86000,1,TicketReserved,"{'model_id': 'model_mnist_784_noniid', 'round': 9, 'ticket_id': 500, 'owner': 'acct_50'}",mock
0xbdfb978486ee1ee213a699b935290998b2d910494defe727c6ca254934ec3518,93000,1,UpdatePublished,"{'model_id': 'model_mnist_784_noniid', 'round': 9, 'ticket_id': 500, 'cid': 'sha256:23c14857363d6a84e22854bba773d6eff9ac3f4e6930686cdc844540b81c9168'}",mock
0x38565af035fd2b03583ada81fe600b5290162fe228afa2dd4a9603c566ea51ae,625000,1,RoundFinalized,"{'model_id': 'model_mnist_784_noniid', 'round': 9, 'included': 25, 'refunds': 25}",mock
0x202c9f8463a9485d2d93c72308ecea5ea9158fdb33f5f01136b7451c1fa93243,52000,1,RoundFunded,"{'model_id': 'model_mnist_784_noniid', 'amount_wei': 10000000000000000}",mock
0x875f0c76dd50a933b676e2d6eadefe86f6cb7241ce56f95d60ad3a87865b0792,86000,1,TicketReserved,"{'model_id': 'model_mnist_784_noniid', 'round': 10, 'ticket_id': 501, 'owner': 'acct_1'}",mock
0x7e008a35e090119494bbc5337a9b11d58967b71c62bcaf47fb960ba41b24bee1,93000,1,UpdatePublished,"{'model_id': 'model_mnist_784_noniid', 'round': 10, 'ticket_id': 501, 'cid': 'sha256:0440f94db0253813b63ac7a230f8c084ece9b53c60e1ec9f997b8bc3fda4bb71'}",mock
0x473c8c96864b8d14d32bfcc76cd9104be5f50660c96986424a6b8c41b5a3bc68,86000,1,TicketReserved,"{'model_id': 'model_mnist_784_noniid', 'round': 10, 'ticket_id': 502, 'owner': 'acct_2'}",mock
0x0136946d7f069a81cedc2de98dfe2d760e7f3ffe2e691e2ea2d92f1cbf9630d8,93000,1,UpdatePublished,"{'model_id': 'model_mnist_784_noniid', 'round': 10, 'ticket_id': 502, 'cid': 'sha256:c3a737596147d11f0dd2ace871dfdb08b424b3281f4e744cb3f77f8e1c27ee19'}",mock
0x8ff38419d0164c5e57cef0a683612e94c04d57391943baf2010d64afd9a620c9,86000,1,TicketReserved,"{'model_id': 'model_mnist_784_noniid', 'round': 10, 'ticket_id': 503, 'owner': 'acct_3'}",mock
0xb3531b2cb3b4d6f4de9ca0031da6340540904d3e9d5fe57c86d28ac0daa4bf4f,93000,1,UpdatePublished,"{'model_id': 'model_mnist_784_noniid', 'round': 10, 'ticket_id': 503, 'cid': 'sha256:d6a092f55412dadb103a897d44c7ca02e02bda1843a21cb78f61307ce24a2d0e'}",mock
0x35ce2f3fc426e22664943efd95f19d0341d29749e1b9ab6d44a00a46c87d5bdf,86000,1,TicketReserved,"{'model_id': 'model_mnist_784_noniid', 'round': 10, 'ticket_id': 504, 'owner': 'acct_4'}",mock
0x0d0c8216416258b9664e345b0687b2e1364b24521751e62e6c0ad15ba2b49726,93000,1,UpdatePublished,"{'model_id': 'model_mnist_784_noniid', 'round': 10, 'ticket_id': 504, 'cid': 'sha256:c44c0ababa46f9c281eaa0e7b636c066847a521e1e3275f226f7662228624c22'}",mock
0xfd9da98c10080881d89b430f2c2abb56d53d4703b271bb0ef77d1edcbb156621,86000,1,TicketReserved,"{'model_id': 'model_mnist_784_noniid', 'round': 10, 'ticket_id': 505, 'owner': 'acct_5'}",mock
0xebdb6615e33b39fdfc6a9b0d110f9a9bfe0c8865ab7edda7a94a4a2c58f572bb,93000,1,UpdatePublished,"{'model_id': 'model_mnist_784_noniid', 'round': 10, 'ticket_id': 505, 'cid': 'sha256:f63983af6e386f4b81b5c4bf0e120628da883699d492df3dfe5f1ff49acde809'}",mock
0xba76594f634c51c035e14c625a06fa79f73fb2950adf043ac8e5c291eb089e22,86000,1,TicketReserved,"{'model_id': 'model_mnist_784_noniid', 'round': 10, 'ticket_id': 506, 'owner': 'acct_6'}",mock
0x56c79110e5fffb0d4c9c1e1fa812dde1166b3c81a449e3c9a205dc49237774e8,93000,1,UpdatePublished,"{'model_id': 'model_mnist_784_noniid', 'round': 10, 'ticket_id': 506, 'cid': 'sha256:7bd3feef6a908ca00e2d95bd8b71b38c0b48907a4b68fda76ccc9710f9aafb29'}",mock
0x2e3f6a35346ade821a0fa0b6a0181c3bd87efdcdf8e576ecce081c1078fd923c,86000,1,TicketReserved,"{'model_id': 'model_mnist_784_noniid', 'round': 10, 'ticket_id': 507, 'owner': 'acct_7'}",mock
0x8081ad6e3b9faaa1f7b306f41b2fe30e4d26420721ada47c8ef06c9ff4176a13,93000,1,UpdatePublished,"{'model_id': 'model_mnist_784_noniid', 'round': 10, 'ticket_id': 507, 'cid': 'sha256:7c149fcf1066307a19e3133443c074fa7efd36ef13ea25e28753a0e508654496'}",mock
0x27a70b648990df3ed81bffca1bd0b9c840c1f675a74fa8976395d743ddd827e0,86000,1,TicketReserved,"{'model_id': 'model_mnist_784_noniid', 'round': 10, 'ticket_id': 508, 'owner': 'acct_8'}",mock
0xad6a9533083a68db615be9c0f13a5a1200b9fb024f906ebc3ab37e8a0792e663,93000,1,UpdatePublished,"{'model_id': 'model_mnist_784_noniid', 'round': 10, 'ticket_id': 508, 'cid': 'sha256:1ee8dd62dc2d5c4ef2b47377b99d9255a9c281eeab1aa9c2a656b14fd0f897ba'}",mock
0x4ed4456f975d9dd64dd8e15e0f1b53d59703e59b50656ddfe95d794fc09ab6a0,86000,1,TicketReserved,"{'model_id': 'model_mnist_784_noniid', 'round': 10, 'ticket_id': 509, 'owner': 'acct_9'}",mock
0x713f9096436a6e054d3b84aff93bc4b1e3832786dafd59f3f47ebd3360fcca9c,93000,1,UpdatePublished,"{'model_id': 'model_mnist_784_noniid', 'round': 10, 'ticket_id': 509, 'cid': 'sha256:f356cc53494268b36031cfb1c73cff4f4492778f5fa50fb73dd8a312b16d6c69'}",mock
0x469739b4028968d77c20c90fbbab3b24bd924fc420e3459ee4873d06c8aac5fc,86000,1,TicketReserved,"{'model_id': 'model_mnist_784_noniid', 'round': 10, 'ticket_id': 510, 'owner': 'acct_10'}",mock
0xff65f6360c6526257f614102525e8ba7e375eec6f84f9cf7ffeb33fd5689d204,93000,1,UpdatePublished,"{'model_id': 'model_mnist_784_noniid', 'round': 10, 'ticket_id': 510, 'cid': 'sha256:ee80794d2a0500b4ec5e92fbacfbe4758a4433e2d79647f5cedc9ed2b57cdafd'}",mock
0xc97b4a201e2a60d37cce3cbb886c41eb4615681c955feeae30892214d2ae9ab7,86000,1,TicketReserved,"{'model_id': 'model_mnist_784_noniid', 'round': 10, 'ticket_id': 511, 'owner': 'acct_11'}",mock
0x068d31cc508289aa1d147ae198239edbf9aafd0109cf238f8f3e2c8d692c37ea,93000,1,UpdatePublished,"{'model_id': 'model_mnist_784_noniid', 'round': 10, 'ticket_id': 511, 'cid': 'sha256:4df1dcd85e344e8061b0fc9076a91b19947f56c5b2e6010cc805380f29de8fec'}",mock
0x32f68109ad6866a5f7eada10d2619da35db61b55418a4b4e7fe73033ea59ff6f,86000,1,TicketReserved,"{'model_id': 'model_mnist_784_noniid', 'round': 10, 'ticket_id': 512, 'owner': 'acct_12'}",mock
0xaa7ac6078eb14f6df430eea38a99906a576fb566dc1e911ef7e29f4584dd1af2,93000,1,UpdatePublished,"{'model_id': 'model_mnist_784_noniid', 'round': 10, 'ticket_id': 512, 'cid': 'sha256:a372eaa1ea7f6baee86fd0f7d3f21686feb603924101247eb64f6c14d9ab22a0'}",mock
0x097d43385f1b29cb30e7c9713f44c019a190c449ef7823a9de17ebbc5a60eba1,86000,1,TicketReserved,"{'model_id': 'model_mnist_784_noniid', 'round': 10, 'ticket_id': 513, 'owner': 'acct_13'}",mock
0x6ee2523dfa4d51095321685cedff297058514323bd2dc91ef46d02133cf2f5d5,93000,1,UpdatePublished,"{'model_id': 'model_mnist_784_noniid', 'round': 10, 'ticket_id': 513, 'cid': 'sha256:a3c66a3658db7ed0e066ef525a403d880bc7876f7dac26a101a0c31ce122a27a'}",mock
0xba967c8f03525e5982ce90da9f3eaa007c8a0c2f1d3db95c376e4f64e4e822b4,86000,1,TicketReserved,"{'model_id': 'model_mnist_784_noniid', 'round': 10, 'ticket_id': 514, 'owner': 'acct_14'}",mock
0xce238e543acbce92358e5eedd862771d448f90d7937635126807a8f7fa905c06,93000,1,UpdatePublished,"{'model_id': 'model_mnist_784_noniid', 'round': 10, 'ticket_id': 514, 'cid': 'sha256:d229a898cc10be4327385043b7fd86204f136215eb951c4350788e68dee49b51'}",mock
0xc2cd6875603f91a154baacbaf5a7512e55e6edd8a1c80352bc0ae10f0f3aff44,86000,1,TicketReserved,"{'model_id': 'model_mnist_784_noniid', 'round': 10, 'ticket_id': 515, 'owner': 'acct_15'}",mock
0x13fe747b029035729f07de85957974e36f16290c399d5aa212b2cee6271f2306,93000,1,UpdatePublished,"{'model_id': 'model_mnist_784_noniid', 'round': 10, 'ticket_id': 515, 'cid': 'sha256:1316db14b16e88fefeb1a028d269e10c6ca978825586cf3887d58e138a227ed9'}",mock
0xfb30a5ea3cc62b92b988410c97b2e70d7acbe20a3c2f5d8924d1d1a45950faee,86000,1,TicketReserved,"{'model_id': 'model_mnist_784_noniid', 'round': 10, 'ticket_id': 516, 'owner': 'acct_16'}",mock
0xddb846a5a1e4d4263cb58190100214da512eb53010c584338ef323508e8abcb0,93000,1,UpdatePublished,"{'model_id': 'model_mnist_784_noniid', 'round': 10, 'ticket_id': 516, 'cid': 'sha256:b2bc64d7f42b699a3fc0c8fb041b05d394da5708fa114a171391004040fa5f6e'}",mock
0x877927d5cad941adeda3cce0dbc010efb93f89426dce8c0538f3def57d062851,86000,1,TicketReserved,"{'model_id': 'model_mnist_784_noniid', 'round': 10, 'ticket_id': 517, 'owner': 'acct_17'}",mock
0x1dd618c70d1ecf22b03a4c0cf71866d103466bef92c63e938b40a174b4a9738a,93000,1,UpdatePublished,"{'model_id': 'model_mnist_784_noniid', 'round': 10, 'ticket_id': 517, 'cid': 'sha256:2229ce824da6b1fe8d82dfd0c40ae5bfbeb69a15c25e4e2689dad8601b87abb7'}",mock
0x28c4aaa138c7caea4ecac5701e660965e3fef5dafbcea3b51791931b00912d2a,86000,1,TicketReserved,"{'model_id': 'model_mnist_784_noniid', 'round': 10, 'ticket_id': 518, 'owner': 'acct_18'}",mock
0x8103a8d5c136092336acf80dac40b8a8cac6a2678c9fb41b22a08125398e6554,93000,1,UpdatePublished,"{'model_id': 'model_mnist_784_noniid', 'round': 10, 'ticket_id': 518, 'cid': 'sha256:5896d676acd73c0b1c972b5d171ddd994d76cfecaa2447c3f977f19e69207ec5'}",mock
0xac59652d87ca08b1db43c02b10d7548e38bfd19ca5bb5231e703863aadd1cfcb,86000,1,TicketReserved,"{'model_id': 'model_mnist_784_noniid', 'round': 10, 'ticket_id': 519, 'owner': 'acct_19'}",mock
0x927ce9d15d6a0a06797a8e5053719b573cb62dd18c0287c2cdcbd73ab92095af,93000,1,UpdatePublished,"{'model_id': 'model_mnist_784_noniid', 'round': 10, 'ticket_id': 519, 'cid': 'sha256:debebc327e2d73dbc8519e70ead88ba1c3acb6a2469e849dcdb7b0297f469d85'}",mock
0x0c04f0bbe5ff898d5e86958d91963a57db5526356fbac08b8316dce34cc4aeca,86000,1,TicketReserved,"{'model_id': 'model_mnist_784_noniid', 'round': 10, 'ticket_id': 520, 'owner': 'acct_20'}",mock
0xda0d0a488b8a5ea3877f0d656fc5e6473e49355d3241f497a50a151f06aaa925,93000,1,UpdatePublished,"{'model_id': 'model_mnist_784_noniid', 'round': 10, 'ticket_id': 520, 'cid': 'sha256:53fb8a1557f7bfcd3ffff3290e9fe81af9c6d200c88e993084a025315a8d25be'}",mock
0x4dd4b118722a433e5e763d334f5c7bad8a5ac2fa078ef5b8aa27ae25c85d62b8,86000,1,TicketReserved,"{'model_id': 'model_mnist_784_noniid', 'round': 10, 'ticket_id': 521, 'owner': 'acct_21'}",mock
0x2757d0f352d0a7d4133242f5eeb5b48d6726eac5b3db7c9d7e6300614b00bb28,93000,1,UpdatePublished,"{'model_id': 'model_mnist_784_noniid', 'round': 10, 'ticket_id': 521, 'cid': 'sha256:d6281aba282aea895e0a5d23e2933efeefdac95b365c149e6fca43c0614cdbc7'}",mock
0x40ffca26c3e3e3025120ac308d0dd54d632c270bde54125166bb0e46b709987b,86000,1,TicketReserved,"{'model_id': 'model_mnist_784_noniid', 'round': 10, 'ticket_id': 522, 'owner': 'acct_22'}",mock
0x01f83072dc895e00ffa875993d7ae0e00771ec2b844788e691b12e3963aa8d6f,93000,1,UpdatePublished,"{'model_id': 'model_mnist_784_noniid', 'round': 10, 'ticket_id': 522, 'cid': 'sha256:93a581a2733572ffb31cc0c4f6db7e5a5174e84bdfb2fcfce3968733723af45b'}",mock
0xdd0ccb251a8341988f302ae59c1508a3d8692778e6892d1fd70169b10e47977f,86000,1,TicketReserved,"{'model_id': 'model_mnist_784_noniid', 'round': 10, 'ticket_id': 523, 'owner': 'acct_23'}",mock
0xc42e92c0ae7acb7f14ca0d08defbe6712d3feb10a18cfec0a8a8c9d28f1cf8a4,93000,1,UpdatePublished,"{'model_id': 'model_mnist_784_noniid', 'round': 10, 'ticket_id': 523, 'cid': 'sha256:7d98d716c7e28a4c14cec3e99e3938bd7d071120f704389247a3a1d506594cad'}",mock
0x6415283768edb2a64404299948c6b9a6efb14a18ee709c8b89e11e25bc9a2ff8,86000,1,TicketReserved,"{'model_id': 'model_mnist_784_noniid', 'round': 10, 'ticket_id': 524, 'owner': 'acct_24'}",mock
0xe164c8ae434d915aa18d0747e9230cc73ce008fde1423168cf08920abe794c9c,93000,1,UpdatePublished,"{'model_id': 'model_mnist_784_noniid', 'round': 10, 'ticket_id': 524, 'cid': 'sha256:b517e7fd1284c84ba972b0948b3539fcb6dbc8a4ac51ca7d745092f0d28adedc'}",mock
0x005fed43aaeea03e606ba33703464db93938295fdc1ab7996c0ac19ce7b549eb,86000,1,TicketReserved,"{'model_id': 'model_mnist_784_noniid', 'round': 10, 'ticket_id': 525, 'owner': 'acct_25'}",mock
0xeb9e2bf4b79f9b467f68b2e38dd60f9965fbeeff5b9e43f17d5b0a017b4b8dde,93000,1,UpdatePublished,"{'model_id': 'model_mnist_784_noniid', 'round': 10, 'ticket_id': 525, 'cid': 'sha256:33eeb5695a3bb62298017bd9d02e8fb00930a74361c41ec52b3e3e7ef89fa495'}",mock
0xfa9b31d74dca4589b7ace2b94a28041a94de0e67667894cc10a5088540ce5017,86000,1,TicketReserved,"{'model_id': 'model_mnist_784_noniid', 'round': 10, 'ticket_id': 526, 'owner': 'acct_26'}",mock
0x92ced8f3629c6ccd6ca39ed757240fac791b5ab09ba07c4f9c004a458caaf2de,93000,1,UpdatePublished,"{'model_id': 'model_mnist_784_noniid', 'round': 10, 'ticket_id': 526, 'cid': 'sha256:0f892b2831573dd7fda8116a76d5401e03caeff7e60e45f92a006bd3f8d2c132'}",mock
0x812bf6df8b6953a8c10bb1d6ed0bdce0617ddd4f92e1799d3d16360ed36e2d40,86000,1,TicketReserved,"{'model_id': 'model_mnist_784_noniid', 'round': 10, 'ticket_id': 527, 'owner': 'acct_27'}",mock
0xcf64ce5fc16888f1a70995abda0f015a40b86a18716bfb1263f363cf1614c36a,93000,1,UpdatePublished,"{'model_id': 'model_mnist_784_noniid', 'round': 10, 'ticket_id': 527, 'cid': 'sha256:478fdaee6f020975ed17b51979d47bafa1be43afd1c205c0f2c0aeb635d4248c'}",mock
0x62dff9a6446aa5490011f4208e5406b561786790e7624a62e23f93aa21715367,86000,1,TicketReserved,"{'model_id': 'model_mnist_784_noniid', 'round': 10, 'ticket_id': 528, 'owner': 'acct_28'}",mock
0x7c48deb10cacd2ab1dfdae2a540262dcc9ce1b3d245c70e28347bfdb0483080c,93000,1,UpdatePublished,"{'model_id': 'model_mnist_784_noniid', 'round': 10, 'ticket_id': 528, 'cid': 'sha256:2d6c99e82c728e04a2e39dd3a88f9162cd0c6200e7d33940b1044f4125d0d960'}",mock
0xdb87c42248f31187c65ce42aefe87abf0ea0d384c09186b6ffe2ed4435e6c935,86000,1,TicketReserved,"{'model_id': 'model_mnist_784_noniid', 'round': 10, 'ticket_id': 529, 'owner': 'acct_29'}",mock
0xc25b9b3f6b1b33fb8516980866100dc9e2d142d08845d18c7fefb535205d49c2,93000,1,UpdatePublished,"{'model_id': 'model_mnist_784_noniid', 'round': 10, 'ticket_id': 529, 'cid': 'sha256:970da73e17b3fcd88065d0b366e136ef402d28db00d1943522a3a4a6ad40cfed'}",mock
0x1228260b0ee458e2cbcfb53a54465c447a6015a59e515adca82207423e0ba796,86000,1,TicketReserved,"{'model_id': 'model_mnist_784_noniid', 'round': 10, 'ticket_id': 530, 'owner': 'acct_30'}",mock
0x0e27f9b22992bcba1b1ee29421a565b757ffb29ab1f10ec1425d9a26794d85bd,93000,1,UpdatePublished,"{'model_id': 'model_mnist_784_noniid', 'round': 10, 'ticket_id': 530, 'cid': 'sha256:e6426b3ab72e305fc5cb5a1d01fdf1c0b390c1eebb7e7b1bf3aa869953d5528c'}",mock
0x98765f69d75e7f300541ebd4112668d5ed1326374f49301bd1e86771283c0888,86000,1,TicketReserved,"{'model_id': 'model_mnist_784_noniid', 'round': 10, 'ticket_id': 531, 'owner': 'acct_31'}",mock
0x3f27e15d41c6e9a5643f2ece989936a6258b8e6d5a952d8fcffbec9967431b81,93000,1,UpdatePublished,"{'model_id': 'model_mnist_784_noniid', 'round': 10, 'ticket_id': 531, 'cid': 'sha256:a3b557883dbac34e953e0a6ea3946941b5835d8d54fc4d32ae5865a3a407f433'}",mock
0x3c7caed3cf789119474081a7c52cb933315ff7e950e741ec5cb64007344ad89e,86000,1,TicketReserved,"{'model_id': 'model_mnist_784_noniid', 'round': 10, 'ticket_id': 532, 'owner': 'acct_32'}",mock
0x4f3292cf1b3aaede0181cc938d12d7adbd3941897fc6c6adab46759b35f5bf6a,93000,1,UpdatePublished,"{'model_id': 'model_mnist_784_noniid', 'round': 10, 'ticket_id': 532, 'cid': 'sha256:7d376a95d636f1ebcbb9e120b0bf20b9a52807a067e4cbd7c86678bde355e826'}",mock
0xdcbb8cfc8eed30f543bdb4b76d09c2bbd9d77b0db01fcc476181158802343ff4,86000,1,TicketReserved,"{'model_id': 'model_mnist_784_noniid', 'round': 10, 'ticket_id': 533, 'owner': 'acct_33'}",mock
0x50376f1b4bfaefe00ec5a76abc220ac6282448baeefe6adfa69c0a8419f1dd61,93000,1,UpdatePublished,"{'model_id': 'model_mnist_784_noniid', 'round': 10, 'ticket_id': 533, 'cid': 'sha256:a3746558f958f4aaa0fec95a40b2c974bad9a1740f4ac62bfce537ec705f207a'}",mock
0xa1bd15040b0cbafe220f3bc467120fcc464b64c50ccde89edf4e8983ea2621d8,86000,1,TicketReserved,"{'model_id': 'model_mnist_784_noniid', 'round': 10, 'ticket_id': 534, 'owner': 'acct_34'}",mock
0xf46b356fdc648ad6f882f22ad767314e4309229c416e76a8c1c4690b90485484,93000,1,UpdatePublished,"{'model_id': 'model_mnist_784_noniid', 'round': 10, 'ticket_id': 534, 'cid': 'sha256:19753ca6de9619311de2fc498a8e61807087d376cf26eb379b5f1e43c7f6da7a'}",mock
0xb2149d51496ea065f30f4e41978a1e8d7f1ccf0ee45edab6aecc4a1510933003,86000,1,TicketReserved,"{'model_id': 'model_mnist_784_noniid', 'round': 10, 'ticket_id': 535, 'owner': 'acct_35'}",mock
0x73e90b0fb42dd049eded1a4cedc6dacf8fcb06d5d61090ce91418efd908044ff,93000,1,UpdatePublished,"{'model_id': 'model_mnist_784_noniid', 'round': 10, 'ticket_id': 535, 'cid': 'sha256:83f5c0c72fc605c94ff475fc5c664e31f1b21ce942dd66b8686a6cad6fb88b9c'}",mock
0xfa49a15bc56d75561778bce88288abe6f8b1d5934cd5e40a44ea53ceae5fcd43,86000,1,TicketReserved,"{'model_id': 'model_mnist_784_noniid', 'round': 10, 'ticket_id': 536, 'owner': 'acct_36'}",mock
0x10b67d26df524efa327c9847d4ef7efc3ec1a731af3eee64da06b6a6808d8af4,93000,1,UpdatePublished,"{'model_id': 'model_mnist_784_noniid', 'round': 10, 'ticket_id': 536, 'cid': 'sha256:510557e0e96e45ff7999a55352fd20123681ded0d0a7670491eb86322435c328'}",mock
0xbff13246aaa929f921018cbe0e404a86ff4fefafbb8bc8183e4b30c8be279b4a,86000,1,TicketReserved,"{'model_id': 'model_mnist_784_noniid', 'round': 10, 'ticket_id': 537, 'owner': 'acct_37'}",mock
0x1bac5a396b63274359af89d35a8a6ceb5270d256bf32bfeaf27d8e3fcc009573,93000,1,UpdatePublished,"{'model_id': 'model_mnist_784_noniid', 'round': 10, 'ticket_id': 537, 'cid': 'sha256:777f1d7cd2e6e77690cf1db187945cb896554b88613bbebecde3d248c5f8183f'}",mock
0x24695f00cbee9d0c61212d888250cb54fba96a5b3e4acddf088b88612679dbc8,86000,1,TicketReserved,"{'model_id': 'model_mnist_784_noniid', 'round': 10, 'ticket_id': 538, 'owner': 'acct_38'}",mock
0x797ad43e1b43c0609e24aae13b95e8d1ff28a0b8d1043138a5e1fbd53d83c61b,93000,1,UpdatePublished,"{'model_id': 'model_mnist_784_noniid', 'round': 10, 'ticket_id': 538, 'cid': 'sha256:1ce6b70c07bc4c323d10c74b1b568d8d9e7763fb6409704b1ac64af23c5deee5'}",mock
0x316ecb578049321ae46abbe1385407c66bc32b243cfeef90648eab65bf754ca5,86000,1,TicketReserved,"{'model_id': 'model_mnist_784_noniid', 'round': 10, 'ticket_id': 539, 'owner': 'acct_39'}",mock
0xa9d0a87dd64919077d1a2c0b458bb81b6e5ed515b295393db96d5713a6c955c9,93000,1,UpdatePublished,"{'model_id': 'model_mnist_784_noniid', 'round': 10, 'ticket_id': 539, 'cid': 'sha256:f7e322c69aabad69656db0ba8bbe6b82b27c4b79d4166570cd86b9b68c5a1f3d'}",mock
0x5f86315195ae41c5f523473a712cd94ae549e9579e579e04ecf3e3bb50323620,86000,1,TicketReserved,"{'model_id': 'model_mnist_784_noniid', 'round': 10, 'ticket_id': 540, 'owner': 'acct_40'}",mock
0x137ea3687997829be1274e86409796188f3377ef98c74327d5e0cf5162e8b9f4,93000,1,UpdatePublished,"{'model_id': 'model_mnist_784_noniid', 'round': 10, 'ticket_id': 540, 'cid': 'sha256:9c6b06c9d9743c519a4c7cec29b42b01d2c80db6d1b9a59101ead2c973eb4276'}",mock
0xdfd3a96460610cdc4268a0be763af3f0ef65d1bf8162c2e061ee4e58fdc92ee9,86000,1,TicketReserved,"{'model_id': 'model_mnist_784_noniid', 'round': 10, 'ticket_id': 541, 'owner': 'acct_41'}",mock
0xe3920732572cdc8f529a15c598387fffdcf361aab65f63bee1ca581331528754,93000,1,UpdatePublished,"{'model_id': 'model_mnist_784_noniid', 'round': 10, 'ticket_id': 541, 'cid': 'sha256:0ae736fe7463c1e0e80b043d997bf336e0cf36cf3ee43ca9eab232006b17dd17'}",mock
0x259e3014624113d86763d52447039418614fae92fec307f7dbc218ce3289739c,86000,1,TicketReserved,"{'model_id': 'model_mnist_784_noniid', 'round': 10, 'ticket_id': 542, 'owner': 'acct_42'}",mock
0x47538ff5c77b95aed7be63901d67101f5ed88979efcf4281454bb646290681b9,93000,1,UpdatePublished,"{'model_id': 'model_mnist_784_noniid', 'round': 10, 'ticket_id': 542, 'cid': 'sha256:dad2ec545f7daead06671bf70b1864369076f3765f33c0a530ebcab9ede02362'}",mock
0xc9833e75de473968a92c236dd63a2d58d28ef4335df6b9a17606afdea9301f93,86000,1,TicketReserved,"{'model_id': 'model_mnist_784_noniid', 'round': 10, 'ticket_id': 543, 'owner': 'acct_43'}",mock
0x3b52cd2114c47bbe48007564c9f6b88cffc6789f9a776f2a84525a91fe7888cb,93000,1,UpdatePublished,"{'model_id': 'model_mnist_784_noniid', 'round': 10, 'ticket_id': 543, 'cid': 'sha256:a4ac652877c37ed8acd05af3dcadc5d6ee0eed1d886bfdb7c9b1b6cc7b0ee757'}",mock
0xd71c18cd9cc8cad2ba9a4fed633ed0e9f399baa9651345ed612f76c9ed425c20,86000,1,TicketReserved,"{'model_id': 'model_mnist_784_noniid', 'round': 10, 'ticket_id': 544, 'owner': 'acct_44'}",mock
0xd4dec91ff3c64373df1d458e8c8375a5682a80666a74bea44b60351cb15df778,93000,1,UpdatePublished,"{'model_id': 'model_mnist_784_noniid', 'round': 10, 'ticket_id': 544, 'cid': 'sha256:85e8290eada298f7723d15528f189b01cd4a13918ab23ad5e5cb73923e136d26'}",mock
0x283ee33d5eaacd27e06cab2b63bc1127f840cc1caa6043a38b595964f371297e,86000,1,TicketReserved,"{'model_id': 'model_mnist_784_noniid', 'round': 10, 'ticket_id': 545, 'owner': 'acct_45'}",mock
0xd717090f6f3469c77ba90b19ed6fff267421b3e1bc9aae09844eb5736afa8fdb,93000,1,UpdatePublished,"{'model_id': 'model_mnist_784_noniid', 'round': 10, 'ticket_id': 545, 'cid': 'sha256:ecf52708ee5202b86bf8e6c84e44c8ed6ab9203847f42e42e41afa0d39ea7814'}",mock
0x3e70149b9fc8b18504071b9288a2752e32adb7057e90aad6c84ceb92c375da16,86000,1,TicketReserved,"{'model_id': 'model_mnist_784_noniid', 'round': 10, 'ticket_id': 546, 'owner': 'acct_46'}",mock
0x35a407d0cb0c7e0a23d90de2923b8b583fe99397af9e687594ff87ed92c65a1b,93000,1,UpdatePublished,"{'model_id': 'model_mnist_784_noniid', 'round': 10, 'ticket_id': 546, 'cid': 'sha256:76c5dffd4efb488d37f0b6f9ca350151fb3baf2891196a4aec89bb666c9579d6'}",mock
0x6aad107f8a7e398de9b7e7b1d98234d670d5aba68eaca20b10fa254f9bd81b11,86000,1,TicketReserved,"{'model_id': 'model_mnist_784_noniid', 'round': 10, 'ticket_id': 547, 'owner': 'acct_47'}",mock
0xc575a4f10cfc43f18ef6c8667c43682277339631dee5c2d0fa56ebaf4535ce90,93000,1,UpdatePublished,"{'model_id': 'model_mnist_784_noniid', 'round': 10, 'ticket_id': 547, 'cid': 'sha256:91bbf6c87bdb48c24e2b58897f20f364ac6e6aef257e3d80cbc13e4b53926f7f'}",mock
0x92a603203e5abff3cb7a427c5122e25711920ad03ce903954b76822254f36896,86000,1,TicketReserved,"{'model_id': 'model_mnist_784_noniid', 'round': 10, 'ticket_id': 548, 'owner': 'acct_48'}",mock
0xdd886cfcb379b033e3c114e656ccb56a2aa07e9584598e148ad9d48e64e0a6e1,93000,1,UpdatePublished,"{'model_id': 'model_mnist_784_noniid', 'round': 10, 'ticket_id': 548, 'cid': 'sha256:e8f2825b7ac47b5157075bf78a5da54034e3ea2a1af656c76c9767443d50442b'}",mock
0xd7d4935048c96f7a7778b75c41188ec147f7801e1ca1df8e9c44b1c4f4215c96,86000,1,TicketReserved,"{'model_id': 'model_mnist_784_noniid', 'round': 10, 'ticket_id': 549, 'owner': 'acct_49'}",mock
0xe39a5c92b5e7836262e470a44cb8bbba53bd12fa17eec11cf7b32ac05b6bb1b6,93000,1,UpdatePublished,"{'model_id': 'model_mnist_784_noniid', 'round': 10, 'ticket_id': 549, 'cid': 'sha256:a39f73f5ffc81de63e53f9c1cee144a983efa3ab6b5db92b03c57fca73300ef4'}",mock
0x848daebe089f6738a99d30a76619f98015e909be03ea763de950ece1dc0290a2,86000,1,TicketReserved,"{'model_id': 'model_mnist_784_noniid', 'round': 10, 'ticket_id': 550, 'owner': 'acct_50'}",mock
0x0fe66e70914245b58bb8883d37b6b845cb53d09290c3d90c2e586d85b5e55905,93000,1,UpdatePublished,"{'model_id': 'model_mnist_784_noniid', 'round': 10, 'ticket_id': 550, 'cid': 'sha256:1f39030565671928c27acdc5c2e371b19f83526b95059c831e6dcb18bc1b60b8'}",mock
0xa0f71d8a852804806bbf92bdaca6de80cc42191609f0f758a87f802130fe7ce6,705000,1,RoundFinalized,"{'model_id': 'model_mnist_784_noniid', 'round': 10, 'included': 29, 'refunds': 29}",mock
0x536d8f5d4ff59526776a14afbd4e8d95244ae0d52c3d15b416b2f5635f17c48d,52000,1,RoundFunded,"{'model_id': 'model_mnist_784_noniid', 'amount_wei': 10000000000000000}",mock
0x002415f51041305e157c3cda22e7c80fe40d388014a2650089576447c3781b9d,86000,1,TicketReserved,"{'model_id': 'model_mnist_784_noniid', 'round': 11, 'ticket_id': 551, 'owner': 'acct_1'}",mock
0xce5140dd22172c37702822305fc83da171e02a6def8e74edb46e88e59b90680c,93000,1,UpdatePublished,"{'model_id': 'model_mnist_784_noniid', 'round': 11, 'ticket_id': 551, 'cid': 'sha256:1ddb9352e2ca1dfcc1d1c6fb049a2742e9fd0f615feb78d8ae2dd115bd8ba302'}",mock
0xd59d725438062d511be603a5f4a14af4e07333122d72ffdcecac14185eeb87bd,86000,1,TicketReserved,"{'model_id': 'model_mnist_784_noniid', 'round': 11, 'ticket_id': 552, 'owner': 'acct_2'}",mock
0xa0cfa0623ed85fcf73867e2af5b95de27d1f9c538bca91480f814021e7f84170,93000,1,UpdatePublished,"{'model_id': 'model_mnist_784_noniid', 'round': 11, 'ticket_id': 552, 'cid': 'sha256:5e0309991452cd268fb7af781685907d0da22e9ff6742f1221656c44ede75bd0'}",mock
0x2b41d42ed7e1491d43815b455f5d79b10984cd942bbc436329dc4cfbdfaa1d1e,86000,1,TicketReserved,"{'model_id': 'model_mnist_784_noniid', 'round': 11, 'ticket_id': 553, 'owner': 'acct_3'}",mock
0xf9845767b9ef2de3d4985aafc7b9116e7c833440ca25747b72c607bfed321d26,93000,1,UpdatePublished,"{'model_id': 'model_mnist_784_noniid', 'round': 11, 'ticket_id': 553, 'cid': 'sha256:7fa4247c50f89d767b089bb2521029a99b3a3c6c648bf3e427e568bd363df4f0'}",mock
0x2448857856bdbca0348073f5fb9c625ced7e2460ca54f84a37a81bac985c5823,86000,1,TicketReserved,"{'model_id': 'model_mnist_784_noniid', 'round': 11, 'ticket_id': 554, 'owner': 'acct_4'}",mock
0x4487e0fe8380aab25b4677c58469c461dc19baace5da552cd1e3c9c2e2141424,93000,1,UpdatePublished,"{'model_id': 'model_mnist_784_noniid', 'round': 11, 'ticket_id': 554, 'cid': 'sha256:6979fbb6782c8bd3619525cc08e94c70d1eed56625bb8266957474782a675ef0'}",mock
0xd51779fa4e29f4266d1c39519e02e53253fe60b3e2ebb2a28ccab3495c0b0649,86000,1,TicketReserved,"{'model_id': 'model_mnist_784_noniid', 'round': 11, 'ticket_id': 555, 'owner': 'acct_5'}",mock
0x9602611b4803c6685e70285b91d2832d952f078bf0668d431d77e06399f64bfb,93000,1,UpdatePublished,"{'model_id': 'model_mnist_784_noniid', 'round': 11, 'ticket_id': 555, 'cid': 'sha256:33abdf12f0a5df5ba534b5c16478d3bcf47dde1c93693aeda2c62eba28220a4e'}",mock
0xf5078e52e05fb6026978e702a98d98a4bd0d1bfe749828ca96df51129f65dcec,86000,1,TicketReserved,"{'model_id': 'model_mnist_784_noniid', 'round': 11, 'ticket_id': 556, 'owner': 'acct_6'}",mock
0xeb5dcaf3cd8150a072ceaa89844e54adb40e3da4f59ae63cd97a8fc61f2d3c96,93000,1,UpdatePublished,"{'model_id': 'model_mnist_784_noniid', 'round': 11, 'ticket_id': 556, 'cid': 'sha256:76b3d20f93a64ef7376b08dcc2f71f8803e1358270f0b6c39074198039d1689c'}",mock
0xbb30e187d30f3005cb1870ef8a75b080fa8cdf4f6b1fff9f39da98b8f5429933,86000,1,TicketReserved,"{'model_id': 'model_mnist_784_noniid', 'round': 11, 'ticket_id': 557, 'owner': 'acct_7'}",mock
0x06800b6aa330329b720e7191729f2050b36e5fec9fa57cddff26aa04fadc1303,93000,1,UpdatePublished,"{'model_id': 'model_mnist_784_noniid', 'round': 11, 'ticket_id': 557, 'cid': 'sha256:d7d12de1f78d6993825480852e11d3e013cae91c4c6759d0a6e81d7fc4e94518'}",mock
0xf62ce0cd415d03f4c058431fd54f575e66ad56779118fab95627478736a7d031,86000,1,TicketReserved,"{'model_id': 'model_mnist_784_noniid', 'round': 11, 'ticket_id': 558, 'owner': 'acct_8'}",mock
0x4edabc89f81b0a9884fb6a2533ca013f63bb7aef8f231f2156216611af673158,93000,1,UpdatePublished,"{'model_id': 'model_mnist_784_noniid', 'round': 11, 'ticket_id': 558, 'cid': 'sha256:c9b31204001ba158ff3394f0b58b9aa45ed74b6bfa8ce72369676e9a3f33f244'}",mock
0xec4a2922caa32420cb90aa3c9cdc71efd56d05abf595867240d96f0365f2bb51,86000,1,TicketReserved,"{'model_id': 'model_mnist_784_noniid', 'round': 11, 'ticket_id': 559, 'owner': 'acct_9'}",mock
0xc8eaad11fd0f72dc5c2336aea249d27ce13d54695fecd63fd6d4d714ce7ba5db,93000,1,UpdatePublished,"{'model_id': 'model_mnist_784_noniid', 'round': 11, 'ticket_id': 559, 'cid': 'sha256:9601ad8c4b80d8e4163a31cb6aa8a4323885a8de643789b767f2870b97b711ae'}",mock
0x9a24f6d42b23be7f01192f0739048ebb189ca718b1aa4bf1cee955f690ec35b7,86000,1,TicketReserved,"{'model_id': 'model_mnist_784_noniid', 'round': 11, 'ticket_id': 560, 'owner': 'acct_10'}",mock
0xe678e1b2dc47d195340b3e8d427d1be41cc6537da68ca65967ddfd5a01fa5f93,93000,1,UpdatePublished,"{'model_id': 'model_mnist_784_noniid', 'round': 11, 'ticket_id': 560, 'cid': 'sha256:3c44ed23bb424350760c5823578f3657f6217746e5e802d3b62ef79ab50c3e43'}",mock
0x539ea12aa3ee27d195c1bdf60f79e1929d5eacca29eaab93d21f17fc5d63126a,86000,1,TicketReserved,"{'model_id': 'model_mnist_784_noniid', 'round': 11, 'ticket_id': 561, 'owner': 'acct_11'}",mock
0x5edb4a7cd00532bccbe7b71ade20f48a4c2f74b717838a7d5b0237944c1b6755,93000,1,UpdatePublished,"{'model_id': 'model_mnist_784_noniid', 'round': 11, 'ticket_id': 561, 'cid': 'sha256:542e32e571b4f3bb5ec2b86cf079f8adb2c9b296618cd5cebf71e93d5df5c5e2'}",mock
0xe299356fff3a8a2925a607afcbf25cb187ef7ae188eb1c84d9d4487f2148f93f,86000,1,TicketReserved,"{'model_id': 'model_mnist_784_noniid', 'round': 11, 'ticket_id': 562, 'owner': 'acct_12'}",mock
0xf7d2e42479b0665fe2d95624868278f107e4e996afa2ff428c39d2004564be3c,93000,1,UpdatePublished,"{'model_id': 'model_mnist_784_noniid', 'round': 11, 'ticket_id': 562, 'cid': 'sha256:96da3489d73696951a106a0be1b2e7f5300c0b9675a2da9172209bc48bc1551b'}",mock
0x6ae9612a3b6291aaa73fd3585d23290dc745b8f0cdb0e51239c24f2621d7a0c5,86000,1,TicketReserved,"{'model_id': 'model_mnist_784_noniid', 'round': 11, 'ticket_id': 563, 'owner': 'acct_13'}",mock
0x8dc70fd07cf73243e2e16ff2ef4ba5f3df5b99a7ebff442893399613953c90a0,93000,1,UpdatePublished,"{'model_id': 'model_mnist_784_noniid', 'round': 11, 'ticket_id': 563, 'cid': 'sha256:2ef85dd6a393d00b31914e1c50e9a10a5a1d32a3dec71e8e91291141e1ae1eaa'}",mock
0xbaf6839e3262d2a5707667afbcfa05a04da5857c4d7fa903cb8293fec7ddf682,86000,1,TicketReserved,"{'model_id': 'model_mnist_784_noniid', 'round': 11, 'ticket_id': 564, 'owner': 'acct_14'}",mock
0xbfcf804af54ce26023840b75570904443dad7a44f900627a5fbdaf8d3e163c2c,93000,1,UpdatePublished,"{'model_id': 'model_mnist_784_noniid', 'round': 11, 'ticket_id': 564, 'cid': 'sha256:f7e2f1397bac9ecfdfe035f7ebea404b11a81431bf0433454f8b17d7f91bdc73'}",mock
0xadb34e781abac1bb5c5d1e37fb5d9b6ccadeb543df53581394a3819dbd1201d6,86000,1,TicketReserved,"{'model_id': 'model_mnist_784_noniid', 'round': 11, 'ticket_id': 565, 'owner': 'acct_15'}",mock
0xf35660fbde1e96f144eab79b41ee57d300edab6625e27f9190cb1a26a6025f4f,93000,1,UpdatePublished,"{'model_id': 'model_mnist_784_noniid', 'round': 11, 'ticket_id': 565, 'cid': 'sha256:dbde2ea2817b4090d8295977a974c45171048045c495e250f1042f1129235eb3'}",mock
0x38a2725349c97fc2528e38b98c50e57bdba0c16680da23abe5ab01a59e2f2584,86000,1,TicketReserved,"{'model_id': 'model_mnist_784_noniid', 'round': 11, 'ticket_id': 566, 'owner': 'acct_16'}",mock
0x430c8657d88d955415f9667c6f289082118cb0913173d88f54fdd5e3532b011f,93000,1,UpdatePublished,"{'model_id': 'model_mnist_784_noniid', 'round': 11, 'ticket_id': 566, 'cid': 'sha256:6040a6eaa38f871f69cd58c6d9446662cdf1da648403d8553453da88027259ea'}",mock
0xececd2b28cb7482ae84b713b40de82245937788a53cd32efba59f110ba69dc58,86000,1,TicketReserved,"{'model_id': 'model_mnist_784_noniid', 'round': 11, 'ticket_id': 567, 'owner': 'acct_17'}",mock
0x11af8610961d2c3ebd357f0859790049d9fae962d2cc9d7527f7ecc7b95ced89,93000,1,UpdatePublished,"{'model_id': 'model_mnist_784_noniid', 'round': 11, 'ticket_id': 567, 'cid': 'sha256:884e5649d2d10ee52e412da38190853aeb8eab8de6a09d017806d18420a6bf9b'}",mock
0xb6799a468b1a68489dbee2e9d339d0fa8ad18eee8e316ad10fff8bdb7fc69208,86000,1,TicketReserved,"{'model_id': 'model_mnist_784_noniid', 'round': 11, 'ticket_id': 568, 'owner': 'acct_18'}",mock
0x01d48e34291bce522a2787e38ab6a7a9107c4085fee22cfe491c2381c73e0ca5,93000,1,UpdatePublished,"{'model_id': 'model_mnist_784_noniid', 'round': 11, 'ticket_id': 568, 'cid': 'sha256:29de30b450613909844b7c2223548d1282f6a1340aab2eda5482c628ce7065c2'}",mock
0xe35bf58b581d836f04c9b95ec86c16f52ee4710bf792dc0535d63580306502b0,86000,1,TicketReserved,"{'model_id': 'model_mnist_784_noniid', 'round': 11, 'ticket_id': 569, 'owner': 'acct_19'}",mock
0xe9743405e62679677c7ce4eb224ec74a0c19cf3e5377210e5fdf3ded130af300,93000,1,UpdatePublished,"{'model_id': 'model_mnist_784_noniid', 'round': 11, 'ticket_id': 569, 'cid': 'sha256:0078c6465077be09498c060d4c66e23d648f1bd5b623fd3bc005c7991b6880c6'}",mock
0x5b47c1e7d0c89e3484376f4448bc35c58aa01e89754784744c6f9bb28450e71f,86000,1,TicketReserved,"{'model_id': 'model_mnist_784_noniid', 'round': 11, 'ticket_id': 570, 'owner': 'acct_20'}",mock
0x5a5326b60a9522840727f2f4b49e3a0bec54743faef0daaebd7e942604ce4048,93000,1,UpdatePublished,"{'model_id': 'model_mnist_784_noniid', 'round': 11, 'ticket_id': 570, 'cid': 'sha256:bbedf3f0bb5b4fc7d084068c7df209900d60213fc471cca52afeb8bfa8206fe2'}",mock
0x9ac8e1d8db1205a7e7d9e68310ea05c382219c58c6f40229a8e1de5db717d065,86000,1,TicketReserved,"{'model_id': 'model_mnist_784_noniid', 'round': 11, 'ticket_id': 571, 'owner': 'acct_21'}",mock
0x8211db5152805ef95e0986ea8fe7830a9c18a2f3cba0155ffe177902158dfd44,93000,1,UpdatePublished,"{'model_id': 'model_mnist_784_noniid', 'round': 11, 'ticket_id': 571, 'cid': 'sha256:c071cdd6f3fa6a42e12f875b39624ff11b79f37457710cee761373cac042effa'}",mock
0x34f309a4795811cc68a7693b0f6a6318677ae5c4bf5b85a7a4d43c7ebf48cf07,86000,1,TicketReserved,"{'model_id': 'model_mnist_784_noniid', 'round': 11, 'ticket_id': 572, 'owner': 'acct_22'}",mock
0x4ef1ff7782d8319b1e31e567770d7c70c3c069c7301ebe4cc21fd426698cc277,93000,1,UpdatePublished,"{'model_id': 'model_mnist_784_noniid', 'round': 11, 'ticket_id': 572, 'cid': 'sha256:1688cef856ed2ef3192132d35ef6fe59e23ce005cf1855d5350256f2978a4528'}",mock
0x8f49dc11056213007b2d26cdba21a4168691de6877139a84a2caea915d312f72,86000,1,TicketReserved,"{'model_id': 'model_mnist_784_noniid', 'round': 11, 'ticket_id': 573, 'owner': 'acct_23'}",mock
0xcad651ba70cd151741c402ccf58b3d4a41bcad8f4925fbf489ee8d64bbad39f1,93000,1,UpdatePublished,"{'model_id': 'model_mnist_784_noniid', 'round': 11, 'ticket_id': 573, 'cid': 'sha256:d4842af695339d4cbdcccf1277b97b569539a00263ba1e4ba1a30a618b8d54c1'}",mock
0x738093fa9b54bd4b6b661a3cdf8b5d38e1dde71853a5d0e3b255e0ebd0e57e96,86000,1,TicketReserved,"{'model_id': 'model_mnist_784_noniid', 'round': 11, 'ticket_id': 574, 'owner': 'acct_24'}",mock
0x9b29fd73e66c3ee17e8b41172284ed0f29d1aa57ffc2dcdff89d56b508e154f5,93000,1,UpdatePublished,"{'model_id': 'model_mnist_784_noniid', 'round': 11, 'ticket_id': 574, 'cid': 'sha256:1848ae7497e693a0be8f65b6c8fd0cc9fab378981430c96a7e5881d9a5f4b256'}",mock
0x9338b2e2b9573023b167200e6887886b1f1473f4d89c347c0d06ab10e4d082a7,86000,1,TicketReserved,"{'model_id': 'model_mnist_784_noniid', 'round': 11, 'ticket_id': 575, 'owner': 'acct_25'}",mock
0x443a556e4abdd7dd8e4e83d1f03cabde2a0b301420db80f04669e681c3d83a65,93000,1,UpdatePublished,"{'model_id': 'model_mnist_784_noniid', 'round': 11, 'ticket_id': 575, 'cid': 'sha256:4e726c4731e22b03d68193bac97aaa9332617e7a6cfd31b400573aefbe6583a9'}",mock
0x55a57b28a16c50ec3f6e659bfbfdca7695a18e5965d349ca02d6c1e3257c782a,86000,1,TicketReserved,"{'model_id': 'model_mnist_784_noniid', 'round': 11, 'ticket_id': 576, 'owner': 'acct_26'}",mock
0xc9936136bfc27f18420f3e234e558867b682d6f42d43ba728885273babb56b35,93000,1,UpdatePublished,"{'model_id': 'model_mnist_784_noniid', 'round': 11, 'ticket_id': 576, 'cid': 'sha256:aef882f7d419bf38bd10f199b00e2340c68c2be77f46e8fb9b179d78c1eab118'}",mock
0x017d0bf210ad2165da13871f2409a6e7485d1fd967d720b9e10ee775265a15b9,86000,1,TicketReserved,"{'model_id': 'model_mnist_784_noniid', 'round': 11, 'ticket_id': 577, 'owner': 'acct_27'}",mock
0x94c4b782be46ac367eb49c934fcf1046e5cf08b27b9e61897c6acf01b63311b2,93000,1,UpdatePublished,"{'model_id': 'model_mnist_784_noniid', 'round': 11, 'ticket_id': 577, 'cid': 'sha256:b4829ae17ff0964e637d4d7338bb98ced4d4c6250407ba2f98fadf7e3e331228'}",mock
0x97dbd24330112e2f9c3717241b48b3ba9dd9c4670a40cc64b418c63a631dc8f4,86000,1,TicketReserved,"{'model_id': 'model_mnist_784_noniid', 'round': 11, 'ticket_id': 578, 'owner': 'acct_28'}",mock
0xc9a9141fdcccee1030474dd1a1e1b2e90f7755fa7f12c28b759af5e26c1ecc4c,93000,1,UpdatePublished,"{'model_id': 'model_mnist_784_noniid', 'round': 11, 'ticket_id': 578, 'cid': 'sha256:3b79d8ddd079d52953598d79f2c2a1976d468723eac1c9dd28f8f49c40345ee6'}",mock
0xd252ec5e0bfad401f41a4b279062188bb1d58fa31e8b827ebc172383eb48de87,86000,1,TicketReserved,"{'model_id': 'model_mnist_784_noniid', 'round': 11, 'ticket_id': 579, 'owner': 'acct_29'}",mock
0x561a1a974a2bf31bba2b7012d91d97b24479f52b593db048a558ccb740d9c622,93000,1,UpdatePublished,"{'model_id': 'model_mnist_784_noniid', 'round': 11, 'ticket_id': 579, 'cid': 'sha256:a9699ddb81d2b90292c5807ce8f6bcc717268de7012a12a0dcc0e7d1e4298350'}",mock
0x511061fb450b6d0698e2a80f590ba2f990d976abeb3f34e4d83a019bddb2fdbb,86000,1,TicketReserved,"{'model_id': 'model_mnist_784_noniid', 'round': 11, 'ticket_id': 580, 'owner': 'acct_30'}",mock
0xa434a3bdfce99be1cb75fa2a2ad02b4fd7ba3b200e1234746dc5ac55952f4e68,93000,1,UpdatePublished,"{'model_id': 'model_mnist_784_noniid', 'round': 11, 'ticket_id': 580, 'cid': 'sha256:9c8d98a42555967564e60accbb57161882601bda9aa1c4cc04515ee4e0a6de0f'}",mock
0xa19a5d5a73f7ef9c794f19cb265ec9e38eb2261a5bcecd1d93fd53c56430220b,86000,1,TicketReserved,"{'model_id': 'model_mnist_784_noniid', 'round': 11, 'ticket_id': 581, 'owner': 'acct_31'}",mock
0x6d757abe9b612beb6d89ac0aacb3745da603b5f15f740fabecd024fd655eaefb,93000,1,UpdatePublished,"{'model_id': 'model_mnist_784_noniid', 'round': 11, 'ticket_id': 581, 'cid': 'sha256:ee1b6cc3649ae69a753f6477e92eea5f3b13cc70f32f669d144c4e101038ab08'}",mock
0x46ef136284eaa1a2cd7a05f3a2db785ede7fc5bcf4fbee90f4f5029411f6cdb9,86000,1,TicketReserved,"{'model_id': 'model_mnist_784_noniid', 'round': 11, 'ticket_id': 582, 'owner': 'acct_32'}",mock
0x24c82f2629aa81958db24ca4e38364dcb82d5616c78926152e6f54d7243bf830,93000,1,UpdatePublished,"{'model_id': 'model_mnist_784_noniid', 'round': 11, 'ticket_id': 582, 'cid': 'sha256:f2f321d94553b0519669233c7d99e8fe3844943ef56ba2bdcb0d7971e0bb727a'}",mock
0xce93ece226b4f78d1aa376355c6076b44915626054ffa2da396683e8c206c8b1,86000,1,TicketReserved,"{'model_id': 'model_mnist_784_noniid', 'round': 11, 'ticket_id': 583, 'owner': 'acct_33'}",mock
0x5132f7ca4d039fddb7c678ec6afe5a0b5d38868c75cb29e9ff88d64cc5ecbbd0,93000,1,UpdatePublished,"{'model_id': 'model_mnist_784_noniid', 'round': 11, 'ticket_id': 583, 'cid': 'sha256:949af0a3ae2fa6f24c2c5db32a7e553d9fa94941abb4d8074d4fd4d756f3eb0e'}",mock
0x0e8df95d5b1b705fd64bb6a73ff035526a87b5866d65c8e9337c3f9437a33dd8,86000,1,TicketReserved,"{'model_id': 'model_mnist_784_noniid', 'round': 11, 'ticket_id': 584, 'owner': 'acct_34'}",mock
0x9acee30357a625d0e6e5c9b9e804ba18f4821de722a8b011deb033aa093abf6e,93000,1,UpdatePublished,"{'model_id': 'model_mnist_784_noniid', 'round': 11, 'ticket_id': 584, 'cid': 'sha256:142c41a0fc0d07078a3cb39607b0858668f2378195a157b61ac95deb219370f6'}",mock
0x8f083c5e8f7f8b0950f1ce4e48968b31ec4f908f5df5200030975582ef08d373,86000,1,TicketReserved,"{'model_id': 'model_mnist_784_noniid', 'round': 11, 'ticket_id': 585, 'owner': 'acct_35'}",mock
0x86dc36606727fe383543be8739142349d1173a4a39638762b0443e7259d88f29,93000,1,UpdatePublished,"{'model_id': 'model_mnist_784_noniid', 'round': 11, 'ticket_id': 585, 'cid': 'sha256:2e5e4822d4fc9634c00aaf1d04500df17b44f283a4254346f0baa1c76548f0c8'}",mock
0x72030ee08606e4e2820e4f342c73dc9d60c87736b2d74d4267b22d0ebb9c1230,86000,1,TicketReserved,"{'model_id': 'model_mnist_784_noniid', 'round': 11, 'ticket_id': 586, 'owner': 'acct_36'}",mock
0x4524de1b1e4feb7d3090dea4b662eb63b3ec527a909223f1521adb0f3a6dd4c5,93000,1,UpdatePublished,"{'model_id': 'model_mnist_784_noniid', 'round': 11, 'ticket_id': 586, 'cid': 'sha256:aeaf7c7a69066a417c6aed2d30a57c483f09517d0e9e54a7b30241fd4b280aaa'}",mock
0x679e00b6f755614c0898545532cbdf88d7c689a36346111057528b2f4c313a12,86000,1,TicketReserved,"{'model_id': 'model_mnist_784_noniid', 'round': 11, 'ticket_id': 587, 'owner': 'acct_37'}",mock
0xdf3a648404cc71f0d17ac5520cf815b553e34fcc85d7b8574cb307a401993640,93000,1,UpdatePublished,"{'model_id': 'model_mnist_784_noniid', 'round': 11, 'ticket_id': 587, 'cid': 'sha256:cfe5401ef7fc5ba991a486c93050cbe19d4d5b7d4323fb6875fd05dc399a4f92'}",mock
0xf21a2b9289f3ffdc5eea63492301380a53f24f62b9db1a7613cca70d51ecb073,86000,1,TicketReserved,"{'model_id': 'model_mnist_784_noniid', 'round': 11, 'ticket_id': 588, 'owner': 'acct_38'}",mock
0xff998b61b05f2c7150cb6c9e5216662c28d2bcd2da5feb0323cae9f4f630e915,93000,1,UpdatePublished,"{'model_id': 'model_mnist_784_noniid', 'round': 11, 'ticket_id': 588, 'cid': 'sha256:97767e8504b9ef62d0dbafde5dfb2a8e58b5ed9abbbadbc3cbfcd520adb2c0ea'}",mock
0x069a148978fbc50b6e9f0110fe6bbac385961cd4f8c49110e517896775cc2033,86000,1,TicketReserved,"{'model_id': 'model_mnist_784_noniid', 'round': 11, 'ticket_id': 589, 'owner': 'acct_39'}",mock
0xffd54df7e26cb9ae9c434f6aa43d56fee2f7b445efd3fa940e72ce9d0af8c72b,93000,1,UpdatePublished,"{'model_id': 'model_mnist_784_noniid', 'round': 11, 'ticket_id': 589, 'cid': 'sha256:9493a063a3ad0c431a6c59d9be7d780d71861c604dc4609c01b346c3bca8930c'}",mock
0x9a972ad7e540b28a4a0c8c8a43d1d4772649084908014bb953949add3a062ffc,86000,1,TicketReserved,"{'model_id': 'model_mnist_784_noniid', 'round': 11, 'ticket_id': 590, 'owner': 'acct_40'}",mock
0xb6b19a0718f6e698f5b9a73f5a1e11cb6bd5c0f57270b5a6f5a3cf28251b8225,93000,1,UpdatePublished,"{'model_id': 'model_mnist_784_noniid', 'round': 11, 'ticket_id': 590, 'cid': 'sha256:0e37ecb2b23cfa772bbe7ca60a888aa1805c46e6b19edf4f6ac3596347a8108c'}",mock
0xc5e9e5ce09142e882121fcf535a0962fc81a584527e18d19aed3b04f4b3b3412,86000,1,TicketReserved,"{'model_id': 'model_mnist_784_noniid', 'round': 11, 'ticket_id': 591, 'owner': 'acct_41'}",mock
0x2d1a9b6843a499562544fecc85d08d076aae35a2171f4146b81ebccd90feab5a,93000,1,UpdatePublished,"{'model_id': 'model_mnist_784_noniid', 'round': 11, 'ticket_id': 591, 'cid': 'sha256:bae7a362b877ae49f0eeb41f75bf440292b7f2e67fce0d90c9b98362b8922a6f'}",mock
0x6dbfe4b7ade8b22993557d87d22ce5827c1d486405a42ac5f7d3d297aaca39af,86000,1,TicketReserved,"{'model_id': 'model_mnist_784_noniid', 'round': 11, 'ticket_id': 592, 'owner': 'acct_42'}",mock
0xbb7b13b13999ade50be7ebe0a9fc76b34dbbec5c1a1698c5ff249d4bc962ff1c,93000,1,UpdatePublished,"{'model_id': 'model_mnist_784_noniid', 'round': 11, 'ticket_id': 592, 'cid': 'sha256:792ebcda55bd46b8e0ff30b5c79f17719dfa1625e35e4c733e9bcf06539cf79a'}",mock
0x173303ada01a80fca697783fe5688df83f1115eb210b0ec74b1eeaeeb470c4ce,86000,1,TicketReserved,"{'model_id': 'model_mnist_784_noniid', 'round': 11, 'ticket_id': 593, 'owner': 'acct_43'}",mock
0xbb6a0dc75aa53db73b3eb996d8545e0709ec9a141f17f599db3fe64c2cca4638,93000,1,UpdatePublished,"{'model_id': 'model_mnist_784_noniid', 'round': 11, 'ticket_id': 593, 'cid': 'sha256:1890418fbc7f8e7482097036e0a4fcae6a91d722c64aba3350d38a48540d2394'}",mock
0x58f263127293722851fc3746492fe65d271ca20a964fce481a19a633c3f68c02,86000,1,TicketReserved,"{'model_id': 'model_mnist_784_noniid', 'round': 11, 'ticket_id': 594, 'owner': 'acct_44'}",mock
0x893fa781ac001569e62280fab4a604d5c89882e6609a3fb89cf0df53a78caa6a,93000,1,UpdatePublished,"{'model_id': 'model_mnist_784_noniid', 'round': 11, 'ticket_id': 594, 'cid': 'sha256:f6d54f9bf91bdc9eade72d0a454190c09386a7b676195ee5c347bdc41eb1d7ec'}",mock
0x220798b60237a85ec27f120b7971f6bd886d8fe42a23a4a90845c0b3f270f3e1,86000,1,TicketReserved,"{'model_id': 'model_mnist_784_noniid', 'round': 11, 'ticket_id': 595, 'owner': 'acct_45'}",mock
0x9b1572fbe95916daf4cdc686f9eb442ad8ee394ca373030624add41713b30a06,93000,1,UpdatePublished,"{'model_id': 'model_mnist_784_noniid', 'round': 11, 'ticket_id': 595, 'cid': 'sha256:d87be7c22d51ef969f64ee05f64eb30c2b9445bf2f183ebf5e40f54fd8d63a5b'}",mock
0xedf9bc46af547e02b09dec14dbf5432427c38715b3cb9911818875606e0e8378,86000,1,TicketReserved,"{'model_id': 'model_mnist_784_noniid', 'round': 11, 'ticket_id': 596, 'owner': 'acct_46'}",mock
0x5482b55a5214f7d30962ed39d35bf2abc27f22597438a59b0d71f1211be591ce,93000,1,UpdatePublished,"{'model_id': 'model_mnist_784_noniid', 'round': 11, 'ticket_id': 596, 'cid': 'sha256:066cf4f92789b65f24ee1b3282059445ef09cb4f269cd0628705688e69d78af6'}",mock
0x967b6835d9c2a574f0715c599da75f79a78395b5ae826d26d36c9cf84b6eedea,86000,1,TicketReserved,"{'model_id': 'model_mnist_784_noniid', 'round': 11, 'ticket_id': 597, 'owner': 'acct_47'}",mock
0x9fa68512bcc5dc01781aa6ab3c4fbedafaddc219e4ccf388439c49b6b3366c25,93000,1,UpdatePublished,"{'model_id': 'model_mnist_784_noniid', 'round': 11, 'ticket_id': 597, 'cid': 'sha256:b515c7e660685a660a7628bf85e7fcd08e37c50cd9c917c2a31fbfb9a23bd63b'}",mock
0x20a2435c101884c3bd8d9279f141a13211f24a58a0194e1cf036df09c1066fbd,86000,1,TicketReserved,"{'model_id': 'model_mnist_784_noniid', 'round': 11, 'ticket_id': 598, 'owner': 'acct_48'}",mock
0xef676b10fa6c0105422d9efa8d720df7b42224fa3c4991ead913ad88ec161e27,93000,1,UpdatePublished,"{'model_id': 'model_mnist_784_noniid', 'round': 11, 'ticket_id': 598, 'cid': 'sha256:c88694373be4fd95ed6fe4b87f4535293ea7206477bc8d4bbe32d18c0a64fac6'}",mock
0xa24a7ab8be64d108bc7f709d7f5ffbd7fed75c64cd387a32ed496750be08c0b1,86000,1,TicketReserved,"{'model_id': 'model_mnist_784_noniid', 'round': 11, 'ticket_id': 599, 'owner': 'acct_49'}",mock
0x16b4317a87d4631f63ced7be80971aa417a7f6e10273a89d1fc1706536f69aa5,93000,1,UpdatePublished,"{'model_id': 'model_mnist_784_noniid', 'round': 11, 'ticket_id': 599, 'cid': 'sha256:6eec7fe84afdbf6ee8e326701da28f7d4852c96e441cffd4e7163789435955ca'}",mock
0x38e93639404e94ce67109570209c9d13a033d37f6f658193c1a578e108be5f1b,86000,1,TicketReserved,"{'model_id': 'model_mnist_784_noniid', 'round': 11, 'ticket_id': 600, 'owner': 'acct_50'}",mock
0xe3ec7d79010152e942412d36a806d439e6f45016005a3f4b9c34c2270b7ca3da,93000,1,UpdatePublished,"{'model_id': 'model_mnist_784_noniid', 'round': 11, 'ticket_id': 600, 'cid': 'sha256:5aaf62801ecb4242f8a10427630acf5dd75b33a5e4d857b14ddb508f04440c12'}",mock
0x524a4bf99bc86e969d24a23e64d9ced1e9f508baa109ad1a4d91c965c4d34cf4,565000,1,RoundFinalized,"{'model_id': 'model_mnist_784_noniid', 'round': 11, 'included': 22, 'refunds': 22}",mock
0x0da2d7482a0b8978431762551db237d1e735ea644c7ce41cabb936ae26784bb4,38000,1,Claimed,"{'model_id': 'model_mnist_784_noniid', 'account': 'acct_1', 'amount_wei': 8354358795738105}",mock
0x6d170c24ff84a31cde239a8d3818b9c1177c094b5826ced903cbb937cee43743,38000,1,Claimed,"{'model_id': 'model_mnist_784_noniid', 'account': 'acct_2', 'amount_wei': 9722650487942841}",mock
0xb19e474370d9885970cfaef0398c81ba0ed578e844ebf5b86c21a0417eaa7b44,38000,1,Claimed,"{'model_id': 'model_mnist_784_noniid', 'account': 'acct_3', 'amount_wei': 8389141404433756}",mock
0x2d9f7851f57d8de25ca00c4ea13edfc36aea5d3ba8301dec40997f34c658698d,38000,1,Claimed,"{'model_id': 'model_mnist_784_noniid', 'account': 'acct_4', 'amount_wei': 6901343484102104}",mock
0xf7dc829e3a7ceee66bda575718ddfa8ff8b8a713623c3d0d2c1f96b45a8007c2,38000,1,Claimed,"{'model_id': 'model_mnist_784_noniid', 'account': 'acct_5', 'amount_wei': 11056329239087860}",mock
0xd0d7d8c22e9a209d1b2e4823c8416d80489ebbd64a753e3b144ae946614c2fc0,38000,1,Claimed,"{'model_id': 'model_mnist_784_noniid', 'account': 'acct_6', 'amount_wei': 9821192686485040}",mock
0x9c66fc6889bdf7c6ba4465c44f4d584028652c1b9229222be6fbcc5126f99b54,38000,1,Claimed,"{'model_id': 'model_mnist_784_noniid', 'account': 'acct_7', 'amount_wei': 11220565727237391}",mock
0x82410acaf90bc0e9c490b7d893fde90788df1b51b812386219e23aa559cec2a9,38000,1,Claimed,"{'model_id': 'model_mnist_784_noniid', 'account': 'acct_8', 'amount_wei': 8291738807031159}",mock
0x8d78d27c2541743244bd2be76a32f47f9578c7c51189b5d186247ac7256b4583,38000,1,Claimed,"{'model_id': 'model_mnist_784_noniid', 'account': 'acct_9', 'amount_wei': 8338974180353489}",mock
0xfa4cfd9df52b25b8b2021d04d7cb314149fc0196965b8413efdc16c6d27ed3cc,38000,1,Claimed,"{'model_id': 'model_mnist_784_noniid', 'account': 'acct_10', 'amount_wei': 9843686858979211}",mock
0x8e86ce1a1dc91110d5945656199e4df1b9bbb76279b4e21e6913f692b61596ac,38000,1,Claimed,"{'model_id': 'model_mnist_784_noniid', 'account': 'acct_11', 'amount_wei': 8355888938647559}",mock
0xc7e262328312f9cf15dcb69323b3ccd195dcb3e15418f66dae0da652e4317dd6,38000,1,Claimed,"{'model_id': 'model_mnist_784_noniid', 'account': 'acct_12', 'amount_wei': 11155640847020157}",mock
0xd5a8a48683a9e634c6737d517bf18ec1a8170eecf5ef3de1b1537af9972c242e,38000,1,Claimed,"{'model_id': 'model_mnist_784_noniid', 'account': 'acct_13', 'amount_wei': 8373182564561874}",mock
0xc4a38f29dd915b6076ca33733bb68c9737eb139704c65b0b37fc2c5fa99c4735,38000,1,Claimed,"{'model_id': 'model_mnist_784_noniid', 'account': 'acct_14', 'amount_wei': 4164225579517933}",mock
0x151d9316ec6d8466d039aba19d108b3532caacd38b0bd84000bf47da859d7efd,38000,1,Claimed,"{'model_id': 'model_mnist_784_noniid', 'account': 'acct_15', 'amount_wei': 11150662492041802}",mock
0x62229affb9c2c25d2953f72c3e84dd4688d94b1b9f20c7b85c603944510340db,38000,1,Claimed,"{'model_id': 'model_mnist_784_noniid', 'account': 'acct_16', 'amount_wei': 5609531209531209}",mock
0x632329eeefe0f87a7c61a33ac020dd793f3e50d61fba21c167eb0bb1b9f78173,38000,1,Claimed,"{'model_id': 'model_mnist_784_noniid', 'account': 'acct_17', 'amount_wei': 9775286931958596}",mock
0x9ce50a07e58b9b2cf6c8acfca6558ce54a33e24403f37f1f2ef6e96359131030,38000,1,Claimed,"{'model_id': 'model_mnist_784_noniid', 'account': 'acct_18', 'amount_wei': 15292393899065563}",mock
0x6331d23fad6a18245224e185496b4a73216a9d6af39ba7370076cac2e74dac5f,38000,1,Claimed,"{'model_id': 'model_mnist_784_noniid', 'account': 'acct_19', 'amount_wei': 11128168319547630}",mock
0x3d88c563faa4091942fba10e659cfafc882f4571e6d40688e803fb6702e32f63,38000,1,Claimed,"{'model_id': 'model_mnist_784_noniid', 'account': 'acct_20', 'amount_wei': 5536753052045405}",mock
0xe48d5234bf55a1ef7706627306b88fe12c734d173deb702c8b662532b117b114,38000,1,Claimed,"{'model_id': 'model_mnist_784_noniid', 'account': 'acct_21', 'amount_wei': 11142413333792645}",mock
0x6e90e2a18e64aeb4e0988389b82dd82980694aca7a5e671003f614e13b7043d6,38000,1,Claimed,"{'model_id': 'model_mnist_784_noniid', 'account': 'acct_22', 'amount_wei': 9790423455715810}",mock
0x23c8510f346f044b15ecab3c13d04f9a5ab1c82c627c35dbeefcb244a3295b7f,38000,1,Claimed,"{'model_id': 'model_mnist_784_noniid', 'account': 'acct_23', 'amount_wei': 8375913891206246}",mock
0xb1e97ed3b0c21056f663b2358ae3c970a6b422e5e4e61d54ab58ba47211e4395,38000,1,Claimed,"{'model_id': 'model_mnist_784_noniid', 'account': 'acct_24', 'amount_wei': 5417168399927020}",mock
0x447e46bfa1d82fe0175066435bca0f1fdcaf78f2352860ac30546110227ee648,38000,1,Claimed,"{'model_id': 'model_mnist_784_noniid', 'account': 'acct_25', 'amount_wei': 5474270557029178}",mock
0x46d3712e48b775a8a858a099f78fba2a60aa5a1629c53ff314fdd2023106263d,38000,1,Claimed,"{'model_id': 'model_mnist_784_noniid', 'account': 'acct_26', 'amount_wei': 5601282051282052}",mock
0x4ddf4efcb14027e3c3c29519e7497afbc33902585f4a805e8981b1cbb0f1bdfd,38000,1,Claimed,"{'model_id': 'model_mnist_784_noniid', 'account': 'acct_27', 'amount_wei': 9726259309017929}",mock
0x09719a1937c99ca28ba3fc5f02d972d7f538def7caca3f27303b23aec4070ee4,38000,1,Claimed,"{'model_id': 'model_mnist_784_noniid', 'account': 'acct_28', 'amount_wei': 7026197876197875}",mock
0x36d5bce9318cd321696d80bbc2411573ab1d3eccab1f175ed394def6bd30a872,38000,1,Claimed,"{'model_id': 'model_mnist_784_noniid', 'account': 'acct_29', 'amount_wei': 9616028798787419}",mock
0x340ede40af8d089d20b6d56f517888503b1742afd8152f2e828debce93029e8d,38000,1,Claimed,"{'model_id': 'model_mnist_784_noniid', 'account': 'acct_30', 'amount_wei': 8311501652880963}",mock
0xb8144c8fe76621737183fb5371162e316ff182ead2a3a33593c406577cac49e8,38000,1,Claimed,"{'model_id': 'model_mnist_784_noniid', 'account': 'acct_31', 'amount_wei': 6873622865002174}",mock
0x95ea7d0d9f4f9062bc605f7ce001e3bef8d8f50a027d3b9143fdc30ae7748446,38000,1,Claimed,"{'model_id': 'model_mnist_784_noniid', 'account': 'acct_32', 'amount_wei': 8268617675289339}",mock
0x00e56f9df91e0e9457634683a77b07acfea3ac6b14ffcd8801b3ececd261cdf1,38000,1,Claimed,"{'model_id': 'model_mnist_784_noniid', 'account': 'acct_33', 'amount_wei': 9769116451875072}",mock
0x3fb8b42a4aa8ef1be884ab61aee1b786b88e7e0831f4611602e12348808ef44c,38000,1,Claimed,"{'model_id': 'model_mnist_784_noniid', 'account': 'acct_34', 'amount_wei': 6905983821276174}",mock
0x041058ce54599613da50c65e38dfc0ce567cdd0be608359fcc5dafdf6570ad05,38000,1,Claimed,"{'model_id': 'model_mnist_784_noniid', 'account': 'acct_35', 'amount_wei': 5499813341192652}",mock
0xe722eb88ecbe037f2ca5c894f243657ede1dc2098324815a33bcdc635dc226de,38000,1,Claimed,"{'model_id': 'model_mnist_784_noniid', 'account': 'acct_36', 'amount_wei': 9872668796581839}",mock
0xcd5d199e077b4d43ed8923842b272004c68ca99f3bcac76f1c008cd297caf803,38000,1,Claimed,"{'model_id': 'model_mnist_784_noniid', 'account': 'acct_37', 'amount_wei': 9812343403722713}",mock
0xe605e0884aa9a970df9dd8e687a48946088a217266b93abb1e6a0dc4d1d4ce90,38000,1,Claimed,"{'model_id': 'model_mnist_784_noniid', 'account': 'acct_38', 'amount_wei': 5634155649448004}",mock
0x7a413c282a54b4ebcd520917c966688113550ecc3d1540c2b378d76d3399c1d2,38000,1,Claimed,"{'model_id': 'model_mnist_784_noniid', 'account': 'acct_39', 'amount_wei': 4236064659977703}",mock
0x97ac3a8bc8eb706225b33b5adfb58168218d9dc8191ffa4605263e4ce792d626,38000,1,Claimed,"{'model_id': 'model_mnist_784_noniid', 'account': 'acct_40', 'amount_wei': 8475738141030495}",mock
0x5fb3731af7dc5f49c253861ca52165b719920b04368915350acaae2a70845221,38000,1,Claimed,"{'model_id': 'model_mnist_784_noniid', 'account': 'acct_41', 'amount_wei': 11140504323262943}",mock
0x0294dba389b0923ffcb39b2768fbf518d8bb13a85b22ef04d463af4c20dbfbaf,38000,1,Claimed,"{'model_id': 'model_mnist_784_noniid', 'account': 'acct_42', 'amount_wei': 5604013377926421}",mock
0xc884318daca60cada0dda2c22078502e480ce99af8cff92dc2ea061df486ef27,38000,1,Claimed,"{'model_id': 'model_mnist_784_noniid', 'account': 'acct_43', 'amount_wei': 9746284261576616}",mock
0x75d70a92e9b84f137eeb7c2fbb35befb3b82d9ff0a51c1f8d7b030cafdbcd977,38000,1,Claimed,"{'model_id': 'model_mnist_784_noniid', 'account': 'acct_44', 'amount_wei': 9745482678241299}",mock
0x880494d0f37dafd01fb3c61887e2faeb7e58adfa7553654c1fe49fae8e23d540,38000,1,Claimed,"{'model_id': 'model_mnist_784_noniid', 'account': 'acct_45', 'amount_wei': 11231741397033751}",mock
0xad38b8dd7662b2a832c1dba8cb439d5507c917ce5c89b1c7eac6945151de98ed,38000,1,Claimed,"{'model_id': 'model_mnist_784_noniid', 'account': 'acct_46', 'amount_wei': 7035437700730054}",mock
0x1f5964611d6b8c95f95271eab572991fcc3e2c0870ca5a8ac0ddbe0d595019bb,38000,1,Claimed,"{'model_id': 'model_mnist_784_noniid', 'account': 'acct_47', 'amount_wei': 6890937223695845}",mock
0x3228c5689cd28e4ea550345e383a7e79a3ef53200aadf63f8088e8a521c08eb5,38000,1,Claimed,"{'model_id': 'model_mnist_784_noniid', 'account': 'acct_48', 'amount_wei': 6887867879247190}",mock
0xb8f5e0d8eccc2fa822f88e882ea6160b0692fb8f45b165210341a11d4e9502cb,38000,1,Claimed,"{'model_id': 'model_mnist_784_noniid', 'account': 'acct_49', 'amount_wei': 8313410663410663}",mock
0xf18a0e305f86381f9086162b54907d3652878411a98a4f842ce32ead037d972a,38000,1,Claimed,"{'model_id': 'model_mnist_784_noniid', 'account': 'acct_50', 'amount_wei': 11093020858313211}",mock
